Num_Acc;id_vehicule;num_veh;place;catu;grav;sexe;an_nais;trajet;secu1;secu2;secu3;locp;actp;etatp;id_usager;senc;catv;obs;obsm;choc;manv;motor;occutc;jour;mois;an;hrmn;lum;dep;com;agg;int;atm;col;adr;lat;long;catr;voie;v1;v2;circ;nbv;vosp;prof;pr;pr1;plan;lartpc;larrout;surf;infra;situ;vma;nom_departement;reg;nom_region
201900000057;138Â 306Â 427;A01;10.0;3;3.0;2.0;2010.0;5.0;0.0;;;2.0;3;1.0;;2.0;7.0;0.0;1.0;2.0;1.0;1.0;;27;11;2019;15:30;1.0;34;34032;2;1.0;1.0;6.0;VINGT DEUX AOUT 1944 (AV DU);43,3438200;3,2213400;4;VINGT DEUX AOUT 1944 (AV DU);0.0;;2.0;1;0.0;1.0;(1);(1);1.0;;;1.0;0.0;1.0;50.0;Hérault;76;Occitanie
201900000058;138Â 306Â 426;A01;1.0;1;2.0;2.0;2000.0;5.0;2.0;6.0;;; -1;;;2.0;30.0;0.0;2.0;4.0;15.0;1.0;;29;11;2019;18:45;5.0;33;33063;2;2.0;1.0;2.0;QUAI DE PALUDATE;44,8315000; -0,5585600;4;QUAI DE PALUDATE;0.0;;2.0;7;2.0;1.0;(1);(1);1.0;;;1.0;5.0;1.0;50.0;Gironde;75;Nouvelle-Aquitaine
201900000059;138Â 306Â 423;A01;1.0;1;1.0;1.0;1992.0;0.0;8.0;0.0;;; -1;;;2.0;7.0;0.0;2.0;1.0;1.0;1.0;;22;11;2019;18:45;5.0;33;33063;2;2.0;2.0;3.0;CRS JOURNU AUBER;44,8616500; -0,5730000;4;CRS JOURNU AUBER;0.0;;1.0;2;1.0;1.0;(1);(1);1.0;;;2.0;0.0;1.0;50.0;Gironde;75;Nouvelle-Aquitaine
201900000059;138Â 306Â 424;B01;1.0;1;2.0;2.0;1986.0;1.0;8.0;0.0;;; -1;;;0.0;1.0;0.0;2.0;1.0;1.0;5.0;;22;11;2019;18:45;5.0;33;33063;2;2.0;2.0;3.0;CRS JOURNU AUBER;44,8616500; -0,5730000;4;CRS JOURNU AUBER;0.0;;1.0;2;1.0;1.0;(1);(1);1.0;;;2.0;0.0;1.0;50.0;Gironde;75;Nouvelle-Aquitaine
201900000060;138Â 306Â 421;A01;1.0;1;2.0;2.0;1996.0;0.0;8.0;0.0;;; -1;;;2.0;1.0;0.0;2.0;4.0;1.0;5.0;;6;11;2019;19:15;5.0;33;33550;2;6.0;1.0;2.0;RTE DE LEOGNAN;44,7727200; -0,5766400;4;RTE DE LEOGNAN;0.0;;2.0;4;0.0;1.0;0;0;1.0;;;1.0;0.0;1.0;50.0;Gironde;75;Nouvelle-Aquitaine
201900000061;138Â 306Â 419;B01;1.0;1;3.0;1.0;1980.0;0.0;2.0;0.0;;; -1;;;2.0;2.0;0.0;2.0;1.0;1.0;1.0;;29;11;2019;07:30;2.0;33;33318;2;2.0;2.0;1.0;AVE DU PONT DE L'ORIENT;44,8119100; -0,6502100;4;AVE DU PONT DE L'ORIENT;0.0;;2.0;4;2.0;1.0;(1);(1);1.0;;;1.0;0.0;1.0;50.0;Gironde;75;Nouvelle-Aquitaine
201900000061;138Â 306Â 420;A01;1.0;1;1.0;1.0;1964.0;5.0;1.0;0.0;;; -1;;;1.0;7.0;0.0;2.0;1.0;15.0;1.0;;29;11;2019;07:30;2.0;33;33318;2;2.0;2.0;1.0;AVE DU PONT DE L'ORIENT;44,8119100; -0,6502100;4;AVE DU PONT DE L'ORIENT;0.0;;2.0;4;2.0;1.0;(1);(1);1.0;;;1.0;0.0;1.0;50.0;Gironde;75;Nouvelle-Aquitaine
201900000062;138Â 306Â 417;A01;1.0;1;1.0;2.0;1992.0;0.0;8.0;0.0;;; -1;;;2.0;7.0;0.0;2.0;0.0;16.0;1.0;;28;11;2019;08:45;1.0;33;33075;2;3.0;8.0;3.0;ALL DE BOUTAUT;44,8692900; -0,5762500;4;ALL DE BOUTAUT;0.0;;3.0;8;;1.0;(1);(1);1.0;;;2.0;0.0;8.0;50.0;Gironde;75;Nouvelle-Aquitaine
201900000062;138Â 306Â 418;B01;1.0;1;2.0;2.0;1966.0;1.0;8.0;0.0;;; -1;;;2.0;80.0;0.0;2.0;0.0;1.0;3.0;;28;11;2019;08:45;1.0;33;33075;2;3.0;8.0;3.0;ALL DE BOUTAUT;44,8692900; -0,5762500;4;ALL DE BOUTAUT;0.0;;3.0;8;;1.0;(1);(1);1.0;;;2.0;0.0;8.0;50.0;Gironde;75;Nouvelle-Aquitaine
201900000063;138Â 306Â 416;A01;1.0;1;2.0;2.0;1973.0;0.0;1.0;0.0;;; -1;;;0.0;7.0;4.0;0.0;9.0;26.0;1.0;;27;11;2019;15:10;1.0;33;33119;2;1.0;1.0;6.0;AVE CARNOT;44,8623900; -0,5300300;4;AVE CARNOT;0.0;;3.0;10;;2.0;(1);(1);3.0;;;2.0;0.0;1.0;70.0;Gironde;75;Nouvelle-Aquitaine
201900000064;138Â 306Â 415;A01;1.0;1;2.0;2.0;2001.0;0.0;8.0;0.0;;; -1;;;0.0;1.0;0.0;2.0;7.0;1.0;5.0;;27;11;2019;17:40;5.0;33;33318;2;6.0;2.0;3.0;AVE DE CANDAU;44,8079300; -0,6170400;4;AVE DE CANDAU;0.0;;2.0;2;0.0;1.0;(1);(1);1.0;;;2.0;0.0;1.0;50.0;Gironde;75;Nouvelle-Aquitaine
201900000065;138Â 306Â 412;A01;1.0;1;2.0;1.0;2002.0;0.0;8.0;0.0;;; -1;;;1.0;1.0;0.0;2.0;1.0;1.0;5.0;;27;11;2019;13:00;1.0;33;33522;2;4.0;2.0;3.0;BD DU PDT FRANKLIN ROOSEVELT;44,8202000; -0,5814500;4;BD DU PDT FRANKLIN ROOSEVELT;0.0;;3.0;6;0.0;1.0;0;0;1.0;;;2.0;0.0;1.0;50.0;Gironde;75;Nouvelle-Aquitaine
201900000065;138Â 306Â 413;B01;1.0;1;1.0;1.0;1948.0;5.0;8.0;0.0;;; -1;;;1.0;7.0;0.0;2.0;2.0;16.0;1.0;;27;11;2019;13:00;1.0;33;33522;2;4.0;2.0;3.0;BD DU PDT FRANKLIN ROOSEVELT;44,8202000; -0,5814500;4;BD DU PDT FRANKLIN ROOSEVELT;0.0;;3.0;6;0.0;1.0;0;0;1.0;;;2.0;0.0;1.0;50.0;Gironde;75;Nouvelle-Aquitaine
201900000065;138Â 306Â 413;B01;2.0;2;1.0;2.0;1961.0;0.0;8.0;0.0;;; -1;;;1.0;7.0;0.0;2.0;2.0;16.0;1.0;;27;11;2019;13:00;1.0;33;33522;2;4.0;2.0;3.0;BD DU PDT FRANKLIN ROOSEVELT;44,8202000; -0,5814500;4;BD DU PDT FRANKLIN ROOSEVELT;0.0;;3.0;6;0.0;1.0;0;0;1.0;;;2.0;0.0;1.0;50.0;Gironde;75;Nouvelle-Aquitaine
201900000066;138Â 306Â 410;A01;1.0;1;2.0;1.0;1968.0;9.0;2.0;8.0;;;0;;;1.0;32.0;0.0;2.0;8.0;1.0;1.0;;28;11;2019;20:05;4.0;31;31555;2;1.0;3.0;6.0;RTE DE LAUNAGUET;43,6619266;1,4393538;3;15;0.0;;2.0;2;0.0;1.0;0;0;1.0;;;2.0;0.0;1.0;50.0;Haute-Garonne;76;Occitanie
201900000066;138Â 306Â 411;B01;1.0;1;1.0;1.0;2000.0;9.0;1.0;8.0;;;0;;;2.0;7.0;0.0;2.0;1.0;1.0;1.0;;28;11;2019;20:05;4.0;31;31555;2;1.0;3.0;6.0;RTE DE LAUNAGUET;43,6619266;1,4393538;3;15;0.0;;2.0;2;0.0;1.0;0;0;1.0;;;2.0;0.0;1.0;50.0;Haute-Garonne;76;Occitanie
201900000067;138Â 306Â 409;A01;1.0;1;3.0;1.0;1992.0;0.0;1.0;8.0;;;0;;;3.0;7.0;15.0;0.0;9.0;19.0;1.0;;30;11;2019;00:30;5.0;30;30007;2;1.0;1.0;6.0;D'INDY (AVE VINCENT);44,1351800;4,0971200;4;D'INDY (AVE VINCENT);0.0;;2.0;2;0.0;1.0;0;0;1.0;;;1.0;0.0;1.0;50.0;Gard;76;Occitanie
201900000068;138Â 306Â 408;A01;1.0;1;2.0;1.0;1973.0;1.0;1.0;0.0;;;0;;;1.0;7.0;13.0;0.0;0.0;1.0;1.0;;29;11;2019;05:01;3.0;29;29232;1;1.0;3.0;7.0;RN 165;48,0274878; -4,0861684;2;165;0.0;;1.0;2;0.0;2.0;53;500;3.0;;;2.0;9.0;1.0;110.0;Finistère;53;Bretagne
201900000069;138Â 306Â 407;A01;10.0;3;2.0;2.0;1988.0;9.0;0.0;;;4.0;3;1.0;;1.0;7.0;0.0;1.0;1.0;1.0;1.0;;28;11;2019;18:50;5.0;29;29019;2;1.0;1.0;6.0;LOUPPE ALBERT (DE 1 A 69 ET 2 A 62);48,4036117; -4,4735797;4;LOUPPE ALBERT (DE 1 A 69 ET 2 A 62);0.0;;2.0;2;0.0;2.0;0;0;1.0;;;2.0;0.0;1.0;30.0;Finistère;53;Bretagne
201900000069;138Â 306Â 407;A01;1.0;1;1.0;1.0;1959.0;9.0;1.0;8.0;;;0;;;1.0;7.0;0.0;1.0;1.0;1.0;1.0;;28;11;2019;18:50;5.0;29;29019;2;1.0;1.0;6.0;LOUPPE ALBERT (DE 1 A 69 ET 2 A 62);48,4036117; -4,4735797;4;LOUPPE ALBERT (DE 1 A 69 ET 2 A 62);0.0;;2.0;2;0.0;2.0;0;0;1.0;;;2.0;0.0;1.0;30.0;Finistère;53;Bretagne
201900000070;138Â 306Â 405;A01;1.0;1;2.0;1.0;1998.0;4.0;2.0;6.0;;;0;;;3.0;30.0;0.0;2.0;5.0;2.0;1.0;;27;11;2019;20:11;5.0;29;29019;2;1.0;1.0;2.0;FOCH MARECHAL;48,3935100; -4,4879000;4;FOCH MARECHAL;0.0;;2.0;2;0.0;3.0;0;0;1.0;;;2.0;0.0;1.0;50.0;Finistère;53;Bretagne
201900000070;138Â 306Â 406;B01;1.0;1;1.0;1.0;1967.0;4.0;1.0;0.0;;;0;;;3.0;7.0;0.0;2.0;1.0;2.0;1.0;;27;11;2019;20:11;5.0;29;29019;2;1.0;1.0;2.0;FOCH MARECHAL;48,3935100; -4,4879000;4;FOCH MARECHAL;0.0;;2.0;2;0.0;3.0;0;0;1.0;;;2.0;0.0;1.0;50.0;Finistère;53;Bretagne
201900000071;138Â 306Â 404;A01;1.0;1;1.0;1.0;1999.0;5.0;2.0;0.0;;0.0;0;;;2.0;30.0;0.0;0.0;0.0;1.0;3.0;;26;11;2019;13:05;1.0;22;22278;2;6.0;1.0;7.0;GUEBRIANT;48,5035700; -2,7622600;4;GUEBRIANT;0.0;;;1;0.0;1.0;1;0;2.0;;;1.0;0.0;1.0;50.0;Côtes-d'Armor;53;Bretagne
201900000071;138Â 306Â 404;A01;2.0;2;2.0;2.0;1996.0;5.0;2.0;0.0;;0.0;0;;;2.0;30.0;0.0;0.0;0.0;1.0;3.0;;26;11;2019;13:05;1.0;22;22278;2;6.0;1.0;7.0;GUEBRIANT;48,5035700; -2,7622600;4;GUEBRIANT;0.0;;;1;0.0;1.0;1;0;2.0;;;1.0;0.0;1.0;50.0;Côtes-d'Armor;53;Bretagne
201900000072;138Â 306Â 402;B01;1.0;1;2.0;1.0;1980.0;1.0;1.0;0.0;;; -1;;;1.0;7.0;0.0;2.0;3.0;1.0;1.0;;28;11;2019;16:15;1.0;19;19031;2;2.0;2.0;1.0;MOULIN (BOULEVARD JEAN) COTE POMPIERS;45,1625700;1,5028600;4;MOULIN (BOULEVARD JEAN) COTE POMPIERS;0.0;;2.0;2;0.0;1.0;0;0;1.0;;;2.0;0.0;1.0;50.0;Corrèze;75;Nouvelle-Aquitaine
201900000072;138Â 306Â 403;A01;1.0;1;1.0;1.0;1989.0;4.0;1.0;0.0;;; -1;;;2.0;7.0;0.0;2.0;1.0;15.0;1.0;;28;11;2019;16:15;1.0;19;19031;2;2.0;2.0;1.0;MOULIN (BOULEVARD JEAN) COTE POMPIERS;45,1625700;1,5028600;4;MOULIN (BOULEVARD JEAN) COTE POMPIERS;0.0;;2.0;2;0.0;1.0;0;0;1.0;;;2.0;0.0;1.0;50.0;Corrèze;75;Nouvelle-Aquitaine
201900000073;138Â 306Â 401;A01;10.0;3;2.0;2.0;1997.0;2.0;0.0;;;3.0;3;1.0;;1.0;7.0;0.0;1.0;2.0;1.0;1.0;;28;11;2019;18:05;3.0;19;19031;2;1.0;2.0;6.0;ALVITRE (AVENUE ABBE);45,1537972;1,5101562;5;ALVITRE (AVENUE ABBE);0.0;;2.0;2;0.0;1.0;0;0;1.0;;;2.0;0.0;1.0;50.0;Corrèze;75;Nouvelle-Aquitaine
201900000073;138Â 306Â 401;A01;1.0;1;1.0;2.0;1972.0;0.0;1.0;0.0;;; -1;;;1.0;7.0;0.0;1.0;2.0;1.0;1.0;;28;11;2019;18:05;3.0;19;19031;2;1.0;2.0;6.0;ALVITRE (AVENUE ABBE);45,1537972;1,5101562;5;ALVITRE (AVENUE ABBE);0.0;;2.0;2;0.0;1.0;0;0;1.0;;;2.0;0.0;1.0;50.0;Corrèze;75;Nouvelle-Aquitaine
201900000074;138Â 306Â 399;C01;1.0;1;1.0;1.0;1972.0;1.0;1.0;0.0;;; -1;;;3.0;7.0;0.0;2.0;3.0;1.0;1.0;;29;11;2019;17:08;2.0;18;18279;2;1.0;1.0;6.0;ROUSSEAU (RUE GEORGES);47,2100000;2,0500000;4;ROUSSEAU (RUE GEORGES);0.0;;2.0;0;0.0;1.0;0;0;1.0;;;1.0;0.0;1.0;50.0;Cher;24;Centre-Val de Loire
201900000074;138Â 306Â 400;A01;1.0;1;2.0;1.0;1941.0;5.0;1.0;0.0;;; -1;;;3.0;7.0;1.0;2.0;2.0;1.0;1.0;;29;11;2019;17:08;2.0;18;18279;2;1.0;1.0;6.0;ROUSSEAU (RUE GEORGES);47,2100000;2,0500000;4;ROUSSEAU (RUE GEORGES);0.0;;2.0;0;0.0;1.0;0;0;1.0;;;1.0;0.0;1.0;50.0;Cher;24;Centre-Val de Loire
201900000075;138Â 306Â 397;A01;1.0;1;3.0;1.0;1954.0;5.0;1.0;0.0;;; -1;;;3.0;7.0;0.0;2.0;1.0;13.0;1.0;;29;11;2019;19:40;3.0;17;17028;1;1.0;1.0;1.0;DOUX   CHEMIN DU PUITS;46,1347200; -1,1466400;4;DOUX   CHEMIN DU PUITS;0.0;;;2;0.0;2.0;1;0;2.0;;;2.0;0.0;1.0;30.0;Charente-Maritime;75;Nouvelle-Aquitaine
201900000075;138Â 306Â 398;B01;1.0;1;2.0;2.0;1999.0;2.0;1.0;0.0;;; -1;;;3.0;7.0;0.0;2.0;1.0;1.0;1.0;;29;11;2019;19:40;3.0;17;17028;1;1.0;1.0;1.0;DOUX   CHEMIN DU PUITS;46,1347200; -1,1466400;4;DOUX   CHEMIN DU PUITS;0.0;;;2;0.0;2.0;1;0;2.0;;;2.0;0.0;1.0;30.0;Charente-Maritime;75;Nouvelle-Aquitaine
201900000076;138Â 306Â 395;A01;2.0;2;1.0;1.0;1960.0;3.0;1.0;0.0;;; -1;;;1.0;10.0;0.0;2.0;3.0;9.0;1.0;;29;11;2019;13:40;1.0;13;13117;2;6.0;1.0;3.0;MONNET (AVENUE JEAN);43,4205800;5,2887400;4;MONNET (AVENUE JEAN);0.0;;2.0;2;0.0;1.0;1234;0;1.0;;;1.0;0.0;1.0;50.0;Bouches-du-Rhône;93;Provence-Alpes-Côte d'Azur
201900000076;138Â 306Â 395;A01;1.0;1;1.0;2.0;1955.0;3.0;1.0;0.0;;; -1;;;1.0;10.0;0.0;2.0;3.0;9.0;1.0;;29;11;2019;13:40;1.0;13;13117;2;6.0;1.0;3.0;MONNET (AVENUE JEAN);43,4205800;5,2887400;4;MONNET (AVENUE JEAN);0.0;;2.0;2;0.0;1.0;1234;0;1.0;;;1.0;0.0;1.0;50.0;Bouches-du-Rhône;93;Provence-Alpes-Côte d'Azur
201900000076;138Â 306Â 396;B01;1.0;1;2.0;1.0;2002.0;1.0;2.0;6.0;;; -1;;;2.0;2.0;0.0;2.0;2.0;1.0;1.0;;29;11;2019;13:40;1.0;13;13117;2;6.0;1.0;3.0;MONNET (AVENUE JEAN);43,4205800;5,2887400;4;MONNET (AVENUE JEAN);0.0;;2.0;2;0.0;1.0;1234;0;1.0;;;1.0;0.0;1.0;50.0;Bouches-du-Rhône;93;Provence-Alpes-Côte d'Azur
201900000077;138Â 306Â 394;A01;1.0;1;3.0;1.0;1987.0;5.0;1.0;8.0;;;0;;;1.0;7.0;13.0;0.0;9.0;17.0;0.0;;24;11;2019;10:30;1.0;13;13108;1;1.0;2.0;7.0;RD 970 ROUTE D'AVIGNON;43,8204321;4,6865004;3; 970;0.0;;2.0;0;0.0;1.0;1;0;1.0;;;2.0;0.0;1.0;80.0;Bouches-du-Rhône;93;Provence-Alpes-Côte d'Azur
201900000078;138Â 306Â 392;B01;1.0;1;1.0;1.0;1979.0;0.0;1.0;0.0;;; -1;;;0.0;7.0;0.0;2.0;2.0;16.0;1.0;;29;11;2019;14:30;1.0;13;13210;2;1.0;1.0;3.0;SCHLOESING (BOULEVARD);43,2760000;5,4000000;4;SCHLOESING (BOULEVARD);0.0;;2.0;6;3.0;1.0;0;0;1.0;;;1.0;0.0;1.0;50.0;Bouches-du-Rhône;93;Provence-Alpes-Côte d'Azur
201900000078;138Â 306Â 393;A01;1.0;1;2.0;1.0;1996.0;1.0;2.0;6.0;;; -1;;;0.0;34.0;0.0;2.0;1.0;1.0;1.0;;29;11;2019;14:30;1.0;13;13210;2;1.0;1.0;3.0;SCHLOESING (BOULEVARD);43,2760000;5,4000000;4;SCHLOESING (BOULEVARD);0.0;;2.0;6;3.0;1.0;0;0;1.0;;;1.0;0.0;1.0;50.0;Bouches-du-Rhône;93;Provence-Alpes-Côte d'Azur
201900000079;138Â 306Â 390;A01;1.0;1;1.0;1.0;1964.0;5.0;1.0;0.0;;0.0;0;;;2.0;7.0;0.0;2.0;8.0;13.0;1.0;;29;11;2019;16:45;2.0;13;13207;2;3.0;1.0;3.0;Corniche John FitzgÃ©rald Kennedy;43,2883900;5,3531300;4;Corniche John FitzgÃ©rald Kennedy;0.0;;2.0;2;0.0;1.0;0;0;1.0;;;1.0;0.0;1.0;50.0;Bouches-du-Rhône;93;Provence-Alpes-Côte d'Azur
201900000079;138Â 306Â 391;B01;1.0;1;2.0;1.0;1977.0;5.0;2.0;6.0;;; -1;;;2.0;33.0;0.0;2.0;7.0;17.0;1.0;;29;11;2019;16:45;2.0;13;13207;2;3.0;1.0;3.0;Corniche John FitzgÃ©rald Kennedy;43,2883900;5,3531300;4;Corniche John FitzgÃ©rald Kennedy;0.0;;2.0;2;0.0;1.0;0;0;1.0;;;1.0;0.0;1.0;50.0;Bouches-du-Rhône;93;Provence-Alpes-Côte d'Azur
201900000080;138Â 306Â 389;A01;1.0;1;1.0;1.0;1944.0;0.0;1.0;0.0;;0.0;0;;;0.0;7.0;0.0;1.0;1.0;1.0;1.0;;29;11;2019;12:51;1.0;13;13208;2;1.0;1.0;6.0;LOUVAIN (BOULEVARD DE);43,2763000;5,3900000;6;LOUVAIN (BOULEVARD DE);0.0;;2.0;2;0.0;1.0;0;0;1.0;;;1.0;0.0;1.0;30.0;Bouches-du-Rhône;93;Provence-Alpes-Côte d'Azur
201900000080;138Â 306Â 389;A01;10.0;3;2.0;1.0;1952.0;0.0;8.0;0.0;;1.0;1;2.0;;0.0;7.0;0.0;1.0;1.0;1.0;1.0;;29;11;2019;12:51;1.0;13;13208;2;1.0;1.0;6.0;LOUVAIN (BOULEVARD DE);43,2763000;5,3900000;6;LOUVAIN (BOULEVARD DE);0.0;;2.0;2;0.0;1.0;0;0;1.0;;;1.0;0.0;1.0;30.0;Bouches-du-Rhône;93;Provence-Alpes-Côte d'Azur
201900000081;138Â 306Â 388;A01;1.0;1;2.0;1.0;1992.0;5.0;1.0;;;0.0;0;;;2.0;7.0;13.0;0.0;1.0;14.0;1.0;;22;9;2019;00:20;3.0;83;83077;1;1.0;2.0;6.0;RD202;43,2659030;5,9682950;3;202;;;2.0;2;0.0;1.0;6;280;2.0;;;2.0;0.0;3.0;80.0;Var;93;Provence-Alpes-Côte d'Azur
201900000081;138Â 306Â 388;A01;2.0;2;2.0;1.0;1987.0;5.0;1.0;;;0.0;0;;;2.0;7.0;13.0;0.0;1.0;14.0;1.0;;22;9;2019;00:20;3.0;83;83077;1;1.0;2.0;6.0;RD202;43,2659030;5,9682950;3;202;;;2.0;2;0.0;1.0;6;280;2.0;;;2.0;0.0;3.0;80.0;Var;93;Provence-Alpes-Côte d'Azur
201900000082;138Â 306Â 387;A01;1.0;1;4.0;1.0;1978.0;5.0;2.0;6.0;9.0;0.0;0;;;2.0;34.0;8.0;0.0;1.0;0.0;0.0;;22;9;2019;02:10;3.0;74;74145;1;1.0;1.0;6.0;Route de la FrontiÃ¨re;46,2154615;6,2770041;3;15;;;2.0;2;0.0;1.0;25;500;1.0;;;1.0;0.0;3.0;80.0;Haute-Savoie;84;Auvergne-Rhône-Alpes
201900000083;138Â 306Â 384;C01;1.0;1;1.0;1.0;1962.0;5.0;1.0;;;0.0;0;;;2.0;7.0;0.0;0.0;4.0;1.0;1.0;;21;9;2019;15:55;1.0;38;38072;1;1.0;1.0;4.0;CD519B;45,3173150;4,8101780;3;519;0.0;B;2.0;2;0.0;1.0;0;269;1.0;;;1.0;0.0;1.0;80.0;Isère;84;Auvergne-Rhône-Alpes
201900000083;138Â 306Â 385;B01;1.0;1;2.0;1.0;1974.0;4.0;1.0;;;0.0;0;;;2.0;7.0;0.0;2.0;4.0;1.0;1.0;;21;9;2019;15:55;1.0;38;38072;1;1.0;1.0;4.0;CD519B;45,3173150;4,8101780;3;519;0.0;B;2.0;2;0.0;1.0;0;269;1.0;;;1.0;0.0;1.0;80.0;Isère;84;Auvergne-Rhône-Alpes
201900000083;138Â 306Â 386;A01;1.0;1;1.0;1.0;1996.0;5.0;1.0;;;0.0;0;;;2.0;7.0;0.0;2.0;1.0;1.0;1.0;;21;9;2019;15:55;1.0;38;38072;1;1.0;1.0;4.0;CD519B;45,3173150;4,8101780;3;519;0.0;B;2.0;2;0.0;1.0;0;269;1.0;;;1.0;0.0;1.0;80.0;Isère;84;Auvergne-Rhône-Alpes
201900000084;138Â 306Â 382;B01;1.0;1;1.0;1.0;1978.0;4.0;1.0;;;0.0;0;;;3.0;10.0;0.0;2.0;3.0;1.0;1.0;;20;9;2019;08:00;1.0;81;81020;1;1.0;1.0;1.0;chemin de FÃ©nols - lieu dit fontaine neuve;43,8531210;2,0401520;4;;0.0;;2.0;2;0.0;1.0;(1);(1);1.0;;;1.0;0.0;1.0;80.0;Tarn;76;Occitanie
201900000084;138Â 306Â 383;A01;1.0;1;3.0;1.0;1992.0;1.0;2.0;6.0;9.0;0.0;0;;;0.0;33.0;0.0;2.0;1.0;21.0;1.0;;20;9;2019;08:00;1.0;81;81020;1;1.0;1.0;1.0;chemin de FÃ©nols - lieu dit fontaine neuve;43,8531210;2,0401520;4;;0.0;;2.0;2;0.0;1.0;(1);(1);1.0;;;1.0;0.0;1.0;80.0;Tarn;76;Occitanie
201900000085;138Â 306Â 380;B01;1.0;1;1.0;1.0;1946.0;5.0;1.0;;;0.0;0;;;1.0;7.0;0.0;2.0;2.0;2.0;1.0;;19;9;2019;12:35;1.0;33;33496;2;1.0;1.0;3.0;32 Avenue du PÃ©rigord;44,8322200; -0,4066900;3;936;0.0;;2.0;1;0.0;1.0;13;420;1.0;;;1.0;0.0;1.0;50.0;Gironde;75;Nouvelle-Aquitaine
201900000085;138Â 306Â 381;A01;1.0;1;3.0;1.0;2002.0;1.0;2.0;6.0;;0.0;0;;;1.0;2.0;0.0;2.0;3.0;2.0;1.0;;19;9;2019;12:35;1.0;33;33496;2;1.0;1.0;3.0;32 Avenue du PÃ©rigord;44,8322200; -0,4066900;3;936;0.0;;2.0;1;0.0;1.0;13;420;1.0;;;1.0;0.0;1.0;50.0;Gironde;75;Nouvelle-Aquitaine
201900000086;138Â 306Â 378;A01;1.0;1;3.0;2.0;1930.0;9.0;1.0;;;0.0;0;;;1.0;7.0;1.0;0.0;1.0;2.0;1.0;;20;9;2019;10:38;1.0;22;22223;1;1.0;1.0;2.0;Pont Ezer;48,5721018; -3,1627301;3;8;0.0;;2.0;2;0.0;2.0;19;500;3.0;;;1.0;0.0;1.0;50.0;Côtes-d'Armor;53;Bretagne
201900000086;138Â 306Â 379;B01;1.0;1;2.0;2.0;1964.0;3.0;1.0;;;0.0;0;;;1.0;7.0;0.0;0.0;4.0;23.0;1.0;;20;9;2019;10:38;1.0;22;22223;1;1.0;1.0;2.0;Pont Ezer;48,5721018; -3,1627301;3;8;0.0;;2.0;2;0.0;2.0;19;500;3.0;;;1.0;0.0;1.0;50.0;Côtes-d'Armor;53;Bretagne
201900000087;138Â 306Â 376;B01;1.0;1;1.0;1.0;1979.0;0.0;1.0;;;0.0;0;;;3.0;7.0;0.0;2.0;8.0;1.0;1.0;;1;9;2019;11:00;1.0;22;22070;2;2.0;1.0;3.0;rue cosquer;48,5633140; -3,1542850;4;;;;1.0;1;0.0;1.0;(1);(1);1.0;;;1.0;0.0;1.0;50.0;Côtes-d'Armor;53;Bretagne
201900000087;138Â 306Â 377;A01;1.0;1;3.0;1.0;1997.0;1.0;2.0;6.0;;0.0;0;;;3.0;2.0;0.0;2.0;1.0;1.0;1.0;;1;9;2019;11:00;1.0;22;22070;2;2.0;1.0;3.0;rue cosquer;48,5633140; -3,1542850;4;;;;1.0;1;0.0;1.0;(1);(1);1.0;;;1.0;0.0;1.0;50.0;Côtes-d'Armor;53;Bretagne
201900000088;138Â 306Â 375;A01;1.0;1;3.0;1.0;2002.0;0.0;2.0;6.0;;0.0;0;;;1.0;2.0;9.0;0.0;1.0;0.0;1.0;;21;9;2019;04:50;3.0;76;76287;1;1.0;1.0;7.0;d44;49,5611360;1,0296220;3;44;;;2.0;2;0.0;1.0;6;(1);3.0;;;1.0;0.0;3.0;80.0;Seine-Maritime;28;Normandie
201900000089;138Â 306Â 374;A01;2.0;2;2.0;1.0;1989.0;5.0;1.0;;;0.0;0;;;1.0;7.0;0.0;0.0;9.0;14.0;0.0;;21;9;2019;19:35;2.0;02;02242;1;1.0;1.0;7.0;D969;48,9681680;3,2586560;3;969;0.0;D;2.0;2;0.0;1.0;4;200;2.0;;;1.0;0.0;3.0;80.0;Aisne;32;Hauts-de-France
201900000089;138Â 306Â 374;A01;1.0;1;3.0;1.0;1967.0;5.0;1.0;;;0.0;0;;;1.0;7.0;0.0;0.0;9.0;14.0;0.0;;21;9;2019;19:35;2.0;02;02242;1;1.0;1.0;7.0;D969;48,9681680;3,2586560;3;969;0.0;D;2.0;2;0.0;1.0;4;200;2.0;;;1.0;0.0;3.0;80.0;Aisne;32;Hauts-de-France
201900000089;138Â 306Â 374;A01;7.0;2;2.0;2.0;1996.0;5.0;1.0;;;0.0;0;;;1.0;7.0;0.0;0.0;9.0;14.0;0.0;;21;9;2019;19:35;2.0;02;02242;1;1.0;1.0;7.0;D969;48,9681680;3,2586560;3;969;0.0;D;2.0;2;0.0;1.0;4;200;2.0;;;1.0;0.0;3.0;80.0;Aisne;32;Hauts-de-France
201900000089;138Â 306Â 374;A01;9.0;2;2.0;1.0;1995.0;5.0;1.0;;;0.0;0;;;1.0;7.0;0.0;0.0;9.0;14.0;0.0;;21;9;2019;19:35;2.0;02;02242;1;1.0;1.0;7.0;D969;48,9681680;3,2586560;3;969;0.0;D;2.0;2;0.0;1.0;4;200;2.0;;;1.0;0.0;3.0;80.0;Aisne;32;Hauts-de-France
201900000090;138Â 306Â 372;B01;1.0;1;3.0;2.0;1974.0;0.0;1.0;;;0.0;0;;;3.0;7.0;0.0;2.0;3.0;1.0;1.0;;22;9;2019;15:00;1.0;80;80386;1;1.0;3.0;1.0;D395;49,6905190;2,5592200;3;935;0.0;;2.0;2;0.0;1.0;15;500;1.0;;;2.0;0.0;1.0;80.0;Somme;32;Hauts-de-France