Num_Acc;id_vehicule;num_veh;place;catu;grav;sexe;an_nais;trajet;secu1;secu2;secu3;locp;actp;etatp;id_usager;senc;catv;obs;obsm;choc;manv;motor;occutc;jour;mois;an;hrmn;lum;dep;com;agg;int;atm;col;adr;lat;long;catr;voie;v1;v2;circ;nbv;vosp;prof;pr;pr1;plan;lartpc;larrout;surf;infra;situ;vma;nom_departement;reg;nom_region
201900000090;138Â 306Â 373;A01;2.0;2;1.0;2.0;1993.0;0.0;1.0;;;0.0;0;;;1.0;7.0;0.0;2.0;3.0;13.0;1.0;;22;9;2019;15:00;1.0;80;80386;1;1.0;3.0;1.0;D395;49,6905190;2,5592200;3;935;0.0;;2.0;2;0.0;1.0;15;500;1.0;;;2.0;0.0;1.0;80.0;Somme;32;Hauts-de-France
201900000090;138Â 306Â 373;A01;1.0;1;1.0;1.0;1987.0;0.0;1.0;;;0.0;0;;;1.0;7.0;0.0;2.0;3.0;13.0;1.0;;22;9;2019;15:00;1.0;80;80386;1;1.0;3.0;1.0;D395;49,6905190;2,5592200;3;935;0.0;;2.0;2;0.0;1.0;15;500;1.0;;;2.0;0.0;1.0;80.0;Somme;32;Hauts-de-France
201900000091;138Â 306Â 371;A01;2.0;2;2.0;1.0;1972.0;5.0;1.0;;;0.0;0;;;2.0;7.0;13.0;0.0;9.0;1.0;1.0;;21;9;2019;18:55;1.0;59;59630;1;1.0;1.0;7.0;CD62;50,4935260;3,0339290;3;62;;;2.0;2;0.0;1.0;(1);(1);3.0;;;1.0;0.0;3.0;80.0;Nord;32;Hauts-de-France
201900000091;138Â 306Â 371;A01;1.0;1;2.0;1.0;1989.0;5.0;1.0;;;0.0;0;;;2.0;7.0;13.0;0.0;9.0;1.0;1.0;;21;9;2019;18:55;1.0;59;59630;1;1.0;1.0;7.0;CD62;50,4935260;3,0339290;3;62;;;2.0;2;0.0;1.0;(1);(1);3.0;;;1.0;0.0;3.0;80.0;Nord;32;Hauts-de-France
201900000092;138Â 306Â 367;A01;1.0;1;1.0;2.0;1979.0;0.0;1.0;8.0;;;0;;;1.0;10.0;0.0;2.0;1.0;2.0;1.0;;21;9;2019;15:00;1.0;92;92004;1;1.0;1.0;4.0;RN315 W;48,9367118;2,2998118;2;315;0.0;;3.0;2;0.0;1.0;1;299;1.0;;;1.0;0.0;1.0;50.0;Hauts-de-Seine;11;Île-de-France
201900000092;138Â 306Â 368;B01;1.0;1;2.0;1.0;1986.0;0.0;1.0;8.0;;;0;;;1.0;7.0;0.0;2.0;1.0;2.0;1.0;;21;9;2019;15:00;1.0;92;92004;1;1.0;1.0;4.0;RN315 W;48,9367118;2,2998118;2;315;0.0;;3.0;2;0.0;1.0;1;299;1.0;;;1.0;0.0;1.0;50.0;Hauts-de-Seine;11;Île-de-France
201900000092;138Â 306Â 369;C01;1.0;1;1.0;1.0;1961.0;0.0;1.0;8.0;;;0;;;1.0;7.0;0.0;2.0;4.0;2.0;1.0;;21;9;2019;15:00;1.0;92;92004;1;1.0;1.0;4.0;RN315 W;48,9367118;2,2998118;2;315;0.0;;3.0;2;0.0;1.0;1;299;1.0;;;1.0;0.0;1.0;50.0;Hauts-de-Seine;11;Île-de-France
201900000092;138Â 306Â 370;D01;1.0;1;1.0;2.0;1990.0;1.0;1.0;8.0;;;0;;;1.0;7.0;0.0;2.0;1.0;2.0;1.0;;21;9;2019;15:00;1.0;92;92004;1;1.0;1.0;4.0;RN315 W;48,9367118;2,2998118;2;315;0.0;;3.0;2;0.0;1.0;1;299;1.0;;;1.0;0.0;1.0;50.0;Hauts-de-Seine;11;Île-de-France
201900000093;138Â 306Â 365;A01;1.0;1;2.0;1.0;1995.0;5.0;1.0;8.0;;; -1;;;1.0;7.0;0.0;2.0;1.0;2.0;1.0;;21;9;2019;13:20;1.0;78;78118;1;1.0;1.0;2.0;A13;48,9859110;1,6697390;1;13;0.0;;1.0;8;0.0;1.0;49;0;1.0;;;1.0;0.0;1.0;70.0;Yvelines;11;Île-de-France
201900000093;138Â 306Â 366;B01;1.0;1;2.0;1.0;1973.0;5.0;1.0;0.0;;; -1;;;1.0;7.0;0.0;2.0;4.0;2.0;1.0;;21;9;2019;13:20;1.0;78;78118;1;1.0;1.0;2.0;A13;48,9859110;1,6697390;1;13;0.0;;1.0;8;0.0;1.0;49;0;1.0;;;1.0;0.0;1.0;70.0;Yvelines;11;Île-de-France
201900000094;138Â 306Â 363;B01;1.0;1;2.0;2.0;1943.0;9.0;1.0;0.0;;; -1;;;1.0;7.0;0.0;2.0;4.0;2.0;1.0;;21;9;2019;00:55;4.0;78;78322;1;1.0;1.0;2.0;RN12 EXT;48,7820540;2,1623210;2;12;0.0;;1.0;3;0.0;2.0;18;600;1.0;;;1.0;0.0;1.0;90.0;Yvelines;11;Île-de-France
201900000094;138Â 306Â 364;A01;1.0;1;1.0;1.0;1980.0;4.0;8.0;4.0;;; -1;;;1.0;15.0;0.0;2.0;1.0;2.0;1.0;;21;9;2019;00:55;4.0;78;78322;1;1.0;1.0;2.0;RN12 EXT;48,7820540;2,1623210;2;12;0.0;;1.0;3;0.0;2.0;18;600;1.0;;;1.0;0.0;1.0;90.0;Yvelines;11;Île-de-France
201900000095;138Â 306Â 361;A01;1.0;1;2.0;1.0;1994.0;1.0;2.0;6.0;;;0;;;1.0;33.0;0.0;2.0;1.0;3.0;1.0;;20;9;2019;19:03;1.0;92;92036;1;1.0;1.0;2.0;A86;48,9341276;2,2789632;1;86;0.0;;1.0;2;0.0;1.0;7;300;1.0;;;1.0;0.0;1.0;90.0;Hauts-de-Seine;11;Île-de-France
201900000095;138Â 306Â 362;B01;1.0;1;1.0;1.0;1987.0;1.0;1.0;8.0;;;0;;;1.0;7.0;0.0;2.0;5.0;12.0;1.0;;20;9;2019;19:03;1.0;92;92036;1;1.0;1.0;2.0;A86;48,9341276;2,2789632;1;86;0.0;;1.0;2;0.0;1.0;7;300;1.0;;;1.0;0.0;1.0;90.0;Hauts-de-Seine;11;Île-de-France
201900000096;138Â 306Â 360;A01;1.0;1;2.0;2.0;1997.0;0.0;1.0;0.0;;; -1;;;2.0;7.0;4.0;0.0;1.0;1.0;1.0;;21;9;2019;16:42;1.0;93;93005;1;1.0;1.0;6.0;AUTOROUTE A1;48,9608400;2,4662100;1;1;0.0;;1.0;1;0.0;2.0;11;949;2.0;;;1.0;0.0;1.0;50.0;Seine-Saint-Denis;11;Île-de-France
201900000097;138Â 306Â 359;A01;1.0;1;2.0;2.0;1992.0;5.0;1.0;0.0;;;0;;;1.0;7.0;4.0;0.0;1.0;13.0;1.0;;21;9;2019;15:50;1.0;95;95252;1;1.0;1.0;6.0;AUTOROUTE A15;48,9884100;2,2042600;1;15;0.0;;3.0;8;0.0;1.0;13;199;1.0;;;1.0;0.0;1.0;110.0;Val-d'Oise;11;Île-de-France
201900000098;138Â 306Â 358;A01;1.0;1;2.0;2.0;1963.0;0.0;1.0;0.0;;; -1;;;1.0;7.0;0.0;2.0;4.0;2.0;1.0;;20;9;2019;20:32;5.0;93;93027;1;1.0;1.0;2.0;AUTOROUTE A86;48,9220200;2,3782900;1;86;0.0;;3.0;10;0.0;1.0;15;500;1.0;;;1.0;2.0;1.0;90.0;Seine-Saint-Denis;11;Île-de-France
201900000099;138Â 306Â 355;B01;1.0;1;2.0;1.0;1991.0;0.0;2.0;6.0;;; -1;;;2.0;33.0;0.0;2.0;1.0;1.0;1.0;;20;9;2019;20:30;3.0;93;93010;1;1.0;1.0;2.0;AUTOROUTE A3;48,9145500;2,4773300;1;3;0.0;;3.0;6;0.0;1.0;9;0;1.0;;;1.0;0.0;1.0;110.0;Seine-Saint-Denis;11;Île-de-France
201900000099;138Â 306Â 356;A01;1.0;1;1.0;1.0;1977.0;0.0;1.0;4.0;;; -1;;;2.0;7.0;0.0;2.0;5.0;12.0;1.0;;20;9;2019;20:30;3.0;93;93010;1;1.0;1.0;2.0;AUTOROUTE A3;48,9145500;2,4773300;1;3;0.0;;3.0;6;0.0;1.0;9;0;1.0;;;1.0;0.0;1.0;110.0;Seine-Saint-Denis;11;Île-de-France
201900000100;138Â 306Â 351;A01;1.0;1;1.0;2.0;1995.0;1.0;1.0;0.0;;;0;;;1.0;7.0;0.0;2.0;1.0;1.0;1.0;;20;9;2019;18:15;1.0;95;95527;1;1.0;1.0;5.0;AUTOROUTE A1;49,0208600;2,5341900;1;1;0.0;;3.0;9;0.0;1.0;20;399;1.0;;;1.0;1.0;1.0;90.0;Val-d'Oise;11;Île-de-France
201900000100;138Â 306Â 352;B01;1.0;1;1.0;1.0;1990.0;1.0;1.0;0.0;;; -1;;;1.0;7.0;0.0;2.0;4.0;2.0;1.0;;20;9;2019;18:15;1.0;95;95527;1;1.0;1.0;5.0;AUTOROUTE A1;49,0208600;2,5341900;1;1;0.0;;3.0;9;0.0;1.0;20;399;1.0;;;1.0;1.0;1.0;90.0;Val-d'Oise;11;Île-de-France
201900000100;138Â 306Â 352;B01;2.0;2;2.0;2.0;1996.0;1.0;1.0;0.0;;;0;;;1.0;7.0;0.0;2.0;4.0;2.0;1.0;;20;9;2019;18:15;1.0;95;95527;1;1.0;1.0;5.0;AUTOROUTE A1;49,0208600;2,5341900;1;1;0.0;;3.0;9;0.0;1.0;20;399;1.0;;;1.0;1.0;1.0;90.0;Val-d'Oise;11;Île-de-France
201900000100;138Â 306Â 353;C01;1.0;1;1.0;2.0;1959.0;1.0;1.0;0.0;;;0;;;1.0;7.0;0.0;2.0;3.0;1.0;1.0;;20;9;2019;18:15;1.0;95;95527;1;1.0;1.0;5.0;AUTOROUTE A1;49,0208600;2,5341900;1;1;0.0;;3.0;9;0.0;1.0;20;399;1.0;;;1.0;1.0;1.0;90.0;Val-d'Oise;11;Île-de-France
201900000100;138Â 306Â 354;D01;1.0;1;1.0;1.0;1972.0;5.0;1.0;0.0;;;0;;;1.0;7.0;0.0;2.0;4.0;2.0;1.0;;20;9;2019;18:15;1.0;95;95527;1;1.0;1.0;5.0;AUTOROUTE A1;49,0208600;2,5341900;1;1;0.0;;3.0;9;0.0;1.0;20;399;1.0;;;1.0;1.0;1.0;90.0;Val-d'Oise;11;Île-de-France
201900000101;138Â 306Â 349;B01;1.0;1;2.0;1.0;1985.0;5.0;1.0;0.0;;;0;;;1.0;7.0;0.0;2.0;6.0;26.0;1.0;;21;9;2019;13:10;1.0;94;94022;1;1.0;1.0;3.0;A86 INT;48,7762270;2,4322747;1;86;0.0;INT;3.0;3;0.0;1.0;41;799;1.0;;;1.0;0.0;1.0;90.0;Val-de-Marne;11;Île-de-France
201900000101;138Â 306Â 350;A01;1.0;1;1.0;1.0;1970.0;4.0;1.0;0.0;;;0;;;1.0;17.0;0.0;2.0;2.0;12.0;1.0;;21;9;2019;13:10;1.0;94;94022;1;1.0;1.0;3.0;A86 INT;48,7762270;2,4322747;1;86;0.0;INT;3.0;3;0.0;1.0;41;799;1.0;;;1.0;0.0;1.0;90.0;Val-de-Marne;11;Île-de-France
201900000102;138Â 306Â 347;B01;1.0;1;2.0;1.0;1966.0;0.0;2.0;0.0;;0.0;0;;;2.0;1.0;0.0;2.0;2.0;1.0;5.0;;19;9;2019;17:00;1.0;71;71040;2;3.0;1.0;1.0;JOSEPH LAMBERT (RUE);46,6965100;4,3911800;4;JOSEPH LAMBERT (RUE);0.0;;2.0;2;0.0;1.0;1;0;2.0;;;1.0;0.0;1.0;50.0;Saône-et-Loire;27;Bourgogne-Franche-Comté
201900000102;138Â 306Â 348;A01;1.0;1;1.0;1.0;1986.0;0.0;1.0;0.0;;0.0;0;;;2.0;7.0;0.0;2.0;1.0;15.0;1.0;;19;9;2019;17:00;1.0;71;71040;2;3.0;1.0;1.0;JOSEPH LAMBERT (RUE);46,6965100;4,3911800;4;JOSEPH LAMBERT (RUE);0.0;;2.0;2;0.0;1.0;1;0;2.0;;;1.0;0.0;1.0;50.0;Saône-et-Loire;27;Bourgogne-Franche-Comté
201900000103;138Â 306Â 344;A01;1.0;1;2.0;2.0;1997.0;0.0;1.0;0.0;;0.0;0;;;1.0;7.0;1.0;0.0;3.0;26.0;1.0;;18;9;2019;20:10;2.0;63;63113;2;1.0;1.0;5.0;MEUNIERS (RUE DES);45,7592252;3,1052583;4;MEUNIERS (RUE DES);0.0;;2.0;2;0.0;1.0;0;0;1.0;;;1.0;0.0;1.0;50.0;Puy-de-Dôme;84;Auvergne-Rhône-Alpes
201900000103;138Â 306Â 345;B01;1.0;1;1.0;1.0;1984.0;0.0;1.0;0.0;;0.0;0;;;0.0;7.0;0.0;2.0;8.0;26.0;1.0;;18;9;2019;20:10;2.0;63;63113;2;1.0;1.0;5.0;MEUNIERS (RUE DES);45,7592252;3,1052583;4;MEUNIERS (RUE DES);0.0;;2.0;2;0.0;1.0;0;0;1.0;;;1.0;0.0;1.0;50.0;Puy-de-Dôme;84;Auvergne-Rhône-Alpes
201900000103;138Â 306Â 346;C01;1.0;1;1.0;1.0;1999.0;0.0;1.0;0.0;;0.0;0;;;0.0;7.0;0.0;2.0;8.0;26.0;1.0;;18;9;2019;20:10;2.0;63;63113;2;1.0;1.0;5.0;MEUNIERS (RUE DES);45,7592252;3,1052583;4;MEUNIERS (RUE DES);0.0;;2.0;2;0.0;1.0;0;0;1.0;;;1.0;0.0;1.0;50.0;Puy-de-Dôme;84;Auvergne-Rhône-Alpes
201900000104;138Â 306Â 342;B01;1.0;1;1.0;1.0;1980.0;4.0;1.0;;;0.0;0;;;1.0;40.0;0.0;2.0;7.0;1.0;3.0;;18;9;2019;19:29;1.0;63;63113;2;1.0;1.0;3.0;FLAUBERT (BD GUSTAVE);45,7621566;3,1262004;7;2009;0.0;;2.0;4;0.0;1.0;(1);(1);1.0;;;1.0;9.0;1.0;50.0;Puy-de-Dôme;84;Auvergne-Rhône-Alpes
201900000104;138Â 306Â 343;A01;1.0;1;2.0;2.0;1996.0;0.0;1.0;0.0;;0.0;0;;;1.0;7.0;0.0;;8.0;15.0;1.0;;18;9;2019;19:29;1.0;63;63113;2;1.0;1.0;3.0;FLAUBERT (BD GUSTAVE);45,7621566;3,1262004;7;2009;0.0;;2.0;4;0.0;1.0;(1);(1);1.0;;;1.0;9.0;1.0;50.0;Puy-de-Dôme;84;Auvergne-Rhône-Alpes
201900000105;138Â 306Â 341;A01;10.0;3;2.0;1.0;1987.0;0.0;8.0;0.0;;3.0;3;1.0;;0.0;7.0;0.0;1.0;1.0;0.0;1.0;;18;9;2019;17:36;1.0;63;63032;2;1.0;1.0;6.0;PARC (AVENUE DU);45,7546661;3,0969044;4;PARC (AVENUE DU);0.0;;2.0;2;0.0;1.0;0;0;1.0;;;1.0;0.0;1.0;50.0;Puy-de-Dôme;84;Auvergne-Rhône-Alpes
201900000105;138Â 306Â 341;A01;1.0;1;1.0;2.0;1997.0;0.0;1.0;0.0;;; -1;;;0.0;7.0;0.0;1.0;1.0;0.0;1.0;;18;9;2019;17:36;1.0;63;63032;2;1.0;1.0;6.0;PARC (AVENUE DU);45,7546661;3,0969044;4;PARC (AVENUE DU);0.0;;2.0;2;0.0;1.0;0;0;1.0;;;1.0;0.0;1.0;50.0;Puy-de-Dôme;84;Auvergne-Rhône-Alpes
201900000106;138Â 306Â 340;A01;1.0;1;1.0;2.0;1974.0;0.0;1.0;0.0;;; -1;;;1.0;7.0;0.0;1.0;1.0;15.0;1.0;;18;9;2019;15:57;1.0;63;63113;2;2.0;1.0;6.0;Pasteur/DUCLAUX (BD);45,7735000;3,0745300;7;5;0.0;;2.0;2;0.0;1.0;(1);(1);1.0;;;1.0;0.0;1.0;50.0;Puy-de-Dôme;84;Auvergne-Rhône-Alpes
201900000106;138Â 306Â 340;A01;10.0;3;2.0;2.0;1957.0;0.0;8.0;0.0;;3.0;3;1.0;;1.0;7.0;0.0;1.0;1.0;15.0;1.0;;18;9;2019;15:57;1.0;63;63113;2;2.0;1.0;6.0;Pasteur/DUCLAUX (BD);45,7735000;3,0745300;7;5;0.0;;2.0;2;0.0;1.0;(1);(1);1.0;;;1.0;0.0;1.0;50.0;Puy-de-Dôme;84;Auvergne-Rhône-Alpes
201900000107;138Â 306Â 338;A01;1.0;1;2.0;1.0;1966.0;0.0;2.0;6.0;;0.0;0;;;1.0;33.0;0.0;2.0;2.0;1.0;1.0;;17;9;2019;16:28;1.0;63;63113;2;1.0;1.0;6.0;SOUS LES VIGNES (RUE);45,8037800;3,1086000;4;SOUS LES VIGNES (RUE);0.0;;2.0;2;0.0;1.0;(1);(1);1.0;;;1.0;0.0;1.0;50.0;Puy-de-Dôme;84;Auvergne-Rhône-Alpes
201900000107;138Â 306Â 339;B01;1.0;1;1.0;1.0;1998.0;0.0;1.0;0.0;;; -1;;;1.0;7.0;0.0;2.0;8.0;11.0;1.0;;17;9;2019;16:28;1.0;63;63113;2;1.0;1.0;6.0;SOUS LES VIGNES (RUE);45,8037800;3,1086000;4;SOUS LES VIGNES (RUE);0.0;;2.0;2;0.0;1.0;(1);(1);1.0;;;1.0;0.0;1.0;50.0;Puy-de-Dôme;84;Auvergne-Rhône-Alpes
201900000108;138Â 306Â 336;A01;1.0;1;1.0;2.0;1997.0;0.0;1.0;0.0;;0.0;0;;;1.0;7.0;0.0;2.0;0.0;10.0;1.0;;16;9;2019;21:10;2.0;63;63113;2;1.0;1.0;6.0;LAVOISIERS (BD);45,7852300;3,0782000;4;LAVOISIERS (BD);0.0;;2.0;2;0.0;1.0;(1);(1);1.0;;;1.0;0.0;1.0;50.0;Puy-de-Dôme;84;Auvergne-Rhône-Alpes
201900000108;138Â 306Â 337;B01;1.0;1;2.0;1.0;1986.0;0.0;2.0;6.0;;; -1;;;1.0;32.0;0.0;2.0;0.0;1.0;1.0;;16;9;2019;21:10;2.0;63;63113;2;1.0;1.0;6.0;LAVOISIERS (BD);45,7852300;3,0782000;4;LAVOISIERS (BD);0.0;;2.0;2;0.0;1.0;(1);(1);1.0;;;1.0;0.0;1.0;50.0;Puy-de-Dôme;84;Auvergne-Rhône-Alpes
201900000109;138Â 306Â 333;A01;1.0;1;1.0;1.0;1960.0;0.0;1.0;8.0;;0.0;0;;;1.0;10.0;0.0;1.0;3.0;1.0;1.0;;12;9;2019;14:40;1.0;62;62624;2;1.0;1.0;6.0;REPUBLIQUE (AVE DE LA );50,4120600;2,9945600;4;REPUBLIQUE (AVE DE LA );0.0;;3.0;3;1.0;1.0;0;0;1.0;;;1.0;0.0;1.0;50.0;Pas-de-Calais;32;Hauts-de-France
201900000109;138Â 306Â 333;A01;10.0;3;3.0;2.0;1949.0;5.0;8.0;0.0;;3.0;3;2.0;;1.0;10.0;0.0;1.0;3.0;1.0;1.0;;12;9;2019;14:40;1.0;62;62624;2;1.0;1.0;6.0;REPUBLIQUE (AVE DE LA );50,4120600;2,9945600;4;REPUBLIQUE (AVE DE LA );0.0;;3.0;3;1.0;1.0;0;0;1.0;;;1.0;0.0;1.0;50.0;Pas-de-Calais;32;Hauts-de-France
201900000110;138Â 306Â 331;A01;10.0;3;3.0;1.0;2002.0;4.0;8.0;0.0;;5.0;B;1.0;;2.0;7.0;0.0;2.0;3.0;1.0;1.0;;2;9;2019;10:30;1.0;62;62193;2;2.0;1.0;3.0;VALENCIENNES;50,9433900;1,8525200;4;VALENCIENNES;0.0;;1.0;1;0.0;1.0;1;0;1.0;;;1.0;5.0;2.0;50.0;Pas-de-Calais;32;Hauts-de-France
201900000110;138Â 306Â 331;A01;2.0;2;3.0;1.0;2002.0;9.0;1.0;0.0;0.0;0.0;0;;;2.0;7.0;0.0;2.0;3.0;1.0;1.0;;2;9;2019;10:30;1.0;62;62193;2;2.0;1.0;3.0;VALENCIENNES;50,9433900;1,8525200;4;VALENCIENNES;0.0;;1.0;1;0.0;1.0;1;0;1.0;;;1.0;5.0;2.0;50.0;Pas-de-Calais;32;Hauts-de-France
201900000110;138Â 306Â 331;A01;1.0;1;3.0;1.0;2002.0;0.0;1.0;0.0;0.0;0.0;0;;;2.0;7.0;0.0;2.0;3.0;1.0;1.0;;2;9;2019;10:30;1.0;62;62193;2;2.0;1.0;3.0;VALENCIENNES;50,9433900;1,8525200;4;VALENCIENNES;0.0;;1.0;1;0.0;1.0;1;0;1.0;;;1.0;5.0;2.0;50.0;Pas-de-Calais;32;Hauts-de-France
201900000110;138Â 306Â 332;B01;1.0;1;1.0;1.0;1940.0;5.0;1.0;8.0;;0.0;0;;;1.0;7.0;0.0;2.0;1.0;26.0;1.0;;2;9;2019;10:30;1.0;62;62193;2;2.0;1.0;3.0;VALENCIENNES;50,9433900;1,8525200;4;VALENCIENNES;0.0;;1.0;1;0.0;1.0;1;0;1.0;;;1.0;5.0;2.0;50.0;Pas-de-Calais;32;Hauts-de-France
201900000111;138Â 306Â 325;B01;1.0;1;2.0;2.0;1993.0;0.0;1.0;0.0;;;0;;;2.0;7.0;0.0;2.0;4.0;1.0;1.0;;20;9;2019;12:50;1.0;92;92020;2;1.0;1.0;2.0;VERDUN AVENUE DE AUTRES NÂ°;48,7993857;2,2812612;3;906;0.0;;2.0;2;0.0;2.0;0;0;1.0;;;1.0;0.0;1.0;50.0;Hauts-de-Seine;11;Île-de-France
201900000111;138Â 306Â 326;A01;1.0;1;1.0;1.0;1937.0;0.0;1.0;0.0;;;0;;;2.0;7.0;0.0;2.0;1.0;1.0;6.0;;20;9;2019;12:50;1.0;92;92020;2;1.0;1.0;2.0;VERDUN AVENUE DE AUTRES NÂ°;48,7993857;2,2812612;3;906;0.0;;2.0;2;0.0;2.0;0;0;1.0;;;1.0;0.0;1.0;50.0;Hauts-de-Seine;11;Île-de-France
201900000112;138Â 306Â 324;A01;10.0;3;2.0;2.0;1976.0;0.0;8.0;0.0;;1.0;3;1.0;;3.0;7.0;0.0;1.0;1.0;26.0;0.0;;25;7;2019;15:25;1.0;92;92004;2;1.0;1.0;6.0;NORMANDIE  ( RUE DE );48,9054150;2,2856850;4;NORMANDIE  ( RUE DE );0.0;;;2;0.0;1.0;0;0;1.0;;;1.0;0.0;1.0;50.0;Hauts-de-Seine;11;Île-de-France
201900000112;138Â 306Â 324;A01;1.0;1;1.0;1.0;1998.0;0.0;1.0;0.0;;;0;;;3.0;7.0;0.0;1.0;1.0;26.0;0.0;;25;7;2019;15:25;1.0;92;92004;2;1.0;1.0;6.0;NORMANDIE  ( RUE DE );48,9054150;2,2856850;4;NORMANDIE  ( RUE DE );0.0;;;2;0.0;1.0;0;0;1.0;;;1.0;0.0;1.0;50.0;Hauts-de-Seine;11;Île-de-France
201900000113;138Â 306Â 322;B01;1.0;1;1.0;2.0;1960.0;0.0;8.0;8.0;;; -1;;;3.0;7.0;0.0;2.0;0.0;0.0;1.0;;20;9;2019;20:05;5.0;974;97411;2;1.0;1.0;3.0;BOIS DE NEFLES (ROUTE DE); -20,9058900;55,4783700;4;BOIS DE NEFLES (ROUTE DE);0.0;;2.0;0;0.0;2.0;0;0;3.0;;;1.0;0.0;1.0;50.0;La Réunion;04;La Réunion
201900000113;138Â 306Â 323;A01;1.0;1;2.0;1.0;2002.0;0.0;8.0;0.0;;;0;;;3.0;1.0;0.0;2.0;8.0;14.0;5.0;;20;9;2019;20:05;5.0;974;97411;2;1.0;1.0;3.0;BOIS DE NEFLES (ROUTE DE); -20,9058900;55,4783700;4;BOIS DE NEFLES (ROUTE DE);0.0;;2.0;0;0.0;2.0;0;0;3.0;;;1.0;0.0;1.0;50.0;La Réunion;04;La Réunion
201900000113;138Â 306Â 323;A01;2.0;2;2.0;1.0;2002.0;0.0;8.0;0.0;;; -1;;;3.0;1.0;0.0;2.0;8.0;14.0;5.0;;20;9;2019;20:05;5.0;974;97411;2;1.0;1.0;3.0;BOIS DE NEFLES (ROUTE DE); -20,9058900;55,4783700;4;BOIS DE NEFLES (ROUTE DE);0.0;;2.0;0;0.0;2.0;0;0;3.0;;;1.0;0.0;1.0;50.0;La Réunion;04;La Réunion
201900000114;138Â 306Â 321;A01;1.0;1;1.0;1.0;1984.0;1.0;1.0;0.0;;0.0;0;;;3.0;7.0;0.0;1.0;2.0;26.0;2.0;;20;9;2019;06:20;2.0;974;97411;2;9.0;1.0;6.0;BONNIER (ALLEE); -20,8806000;55,4594700;6;BONNIER (ALLEE);0.0;;;1;0.0;2.0;0;0;2.0;;;1.0;1.0;1.0;30.0;La Réunion;04;La Réunion
201900000114;138Â 306Â 321;A01;10.0;3;3.0;1.0;1959.0;9.0;8.0;0.0;;0.0;0;1.0;;3.0;7.0;0.0;1.0;2.0;26.0;2.0;;20;9;2019;06:20;2.0;974;97411;2;9.0;1.0;6.0;BONNIER (ALLEE); -20,8806000;55,4594700;6;BONNIER (ALLEE);0.0;;;1;0.0;2.0;0;0;2.0;;;1.0;1.0;1.0;30.0;La Réunion;04;La Réunion
201900000115;138Â 306Â 319;B01;1.0;1;2.0;1.0;1973.0;1.0;2.0;6.0;;; -1;;;3.0;33.0;0.0;2.0;1.0;17.0;1.0;;18;9;2019;16:10;1.0;974;97411;2;2.0;1.0;3.0;HOARAU (RUE MARCEL); -20,9032800;55,4919600;4;HOARAU (RUE MARCEL);0.0;;;2;0.0;2.0;0;0;1.0;;;1.0;0.0;1.0;50.0;La Réunion;04;La Réunion
201900000115;138Â 306Â 320;A01;1.0;1;1.0;1.0;1955.0;0.0;1.0;0.0;;; -1;;;3.0;7.0;0.0;2.0;2.0;9.0;1.0;;18;9;2019;16:10;1.0;974;97411;2;2.0;1.0;3.0;HOARAU (RUE MARCEL); -20,9032800;55,4919600;4;HOARAU (RUE MARCEL);0.0;;;2;0.0;2.0;0;0;1.0;;;1.0;0.0;1.0;50.0;La Réunion;04;La Réunion
201900000116;138Â 306Â 318;A01;1.0;1;2.0;1.0;1991.0;0.0;1.0;0.0;;; -1;;;1.0;7.0;13.0;0.0;0.0;1.0;1.0;;20;9;2019;18:18;3.0;974;97409;1;1.0;1.0;6.0;DU CENTRE(CHEMIN); -20,9456800;55,6510900;4;DU CENTRE(CHEMIN);0.0;;2.0;1;0.0;1.0;0;0;1.0;;;1.0;0.0;1.0;50.0;La Réunion;04;La Réunion
201900000117;138Â 306Â 316;A01;1.0;1;1.0;2.0;1994.0;3.0;1.0;8.0;;;0;;;1.0;7.0;0.0;2.0;7.0;15.0;1.0;;19;9;2019;21:28;5.0;973;97302;2;1.0;1.0;3.0;BADUEL (ROUTE DE);4,9356720; -52,3131394;3;3;0.0;;2.0;2;0.0;1.0;2;0;1.0;;;1.0;0.0;1.0;50.0;Guyane;03;Guyane
201900000117;138Â 306Â 317;B01;1.0;1;2.0;1.0;1997.0;0.0;2.0;8.0;;;0;;;2.0;34.0;0.0;2.0;1.0;1.0;1.0;;19;9;2019;21:28;5.0;973;97302;2;1.0;1.0;3.0;BADUEL (ROUTE DE);4,9356720; -52,3131394;3;3;0.0;;2.0;2;0.0;1.0;2;0;1.0;;;1.0;0.0;1.0;50.0;Guyane;03;Guyane
201900000118;138Â 306Â 314;B01;1.0;1;1.0;1.0;1982.0;4.0;8.0;0.0;;;0;;;0.0;10.0;0.0;2.0;1.0;2.0;0.0;;19;9;2019;14:20;1.0;69;69276;2;1.0;1.0;2.0;ALFRED NOBEL                            ;45,6724200;4,8513300;4;ALFRED NOBEL                            ;0.0;;1.0;1;0.0;1.0;1;0;1.0;;;1.0;9.0;1.0;50.0;Rhône;84;Auvergne-Rhône-Alpes
201900000118;138Â 306Â 315;A01;1.0;1;2.0;2.0;1955.0;0.0;8.0;0.0;;; -1;;;0.0;7.0;0.0;2.0;4.0;2.0;1.0;;19;9;2019;14:20;1.0;69;69276;2;1.0;1.0;2.0;ALFRED NOBEL                            ;45,6724200;4,8513300;4;ALFRED NOBEL                            ;0.0;;1.0;1;0.0;1.0;1;0;1.0;;;1.0;9.0;1.0;50.0;Rhône;84;Auvergne-Rhône-Alpes