Num_Acc;id_vehicule;num_veh;place;catu;grav;sexe;an_nais;trajet;secu1;secu2;secu3;locp;actp;etatp;id_usager;senc;catv;obs;obsm;choc;manv;motor;occutc;jour;mois;an;hrmn;lum;dep;com;agg;int;atm;col;adr;lat;long;catr;voie;v1;v2;circ;nbv;vosp;prof;pr;pr1;plan;lartpc;larrout;surf;infra;situ;vma;nom_departement;reg;nom_region
201900000119;138Â 306Â 311;B01;1.0;1;1.0;1.0;1990.0;1.0;1.0;0.0;;; -1;;;0.0;7.0;0.0;9.0;2.0;1.0;1.0;;18;9;2019;12:40;1.0;69;69142;2;9.0;1.0;3.0;STEPHANE DECHANT                    (R );45,7297600;4,8153000;3;486;0.0;;;2;0.0;1.0;0;0;1.0;;;1.0;0.0;1.0;50.0;Rhône;84;Auvergne-Rhône-Alpes
201900000119;138Â 306Â 312;A01;2.0;2;3.0;1.0;2003.0;2.0;8.0;0.0;;0.0;0;;;3.0;60.0;0.0;2.0;3.0;19.0;5.0;;18;9;2019;12:40;1.0;69;69142;2;9.0;1.0;3.0;STEPHANE DECHANT                    (R );45,7297600;4,8153000;3;486;0.0;;;2;0.0;1.0;0;0;1.0;;;1.0;0.0;1.0;50.0;Rhône;84;Auvergne-Rhône-Alpes
201900000120;138Â 306Â 310;A01;10.0;3;2.0;1.0;2011.0;9.0;8.0;0.0;;2.0;3;1.0;;1.0;30.0;0.0;1.0;1.0;1.0;1.0;;20;9;2019;17:56;1.0;2A;2A004;2;1.0;1.0;6.0;AVENUE DU DOCTEUR NOEL FRANCHINI;41,9363527;8,7534785;2;22;0.0;;;2;0.0;1.0;(1);(1);1.0;;;1.0;0.0;1.0;50.0;Corse-du-Sud;94;Corse
201900000120;138Â 306Â 310;A01;1.0;1;1.0;1.0;1998.0;0.0;2.0;6.0;;; -1;;;1.0;30.0;0.0;1.0;1.0;1.0;1.0;;20;9;2019;17:56;1.0;2A;2A004;2;1.0;1.0;6.0;AVENUE DU DOCTEUR NOEL FRANCHINI;41,9363527;8,7534785;2;22;0.0;;;2;0.0;1.0;(1);(1);1.0;;;1.0;0.0;1.0;50.0;Corse-du-Sud;94;Corse
201900000121;138Â 306Â 307;A01;1.0;1;1.0;2.0;1994.0;5.0;1.0;4.0;;; -1;;;0.0;7.0;0.0;1.0;8.0;2.0;1.0;;20;9;2019;16:40;1.0;91;91432;2;1.0;1.0;6.0;GENERAL  LECLERC (RUE DU);48,7058000;2,3336000;4;GENERAL  LECLERC (RUE DU);0.0;;2.0;1;0.0;1.0;0;0;1.0;;;1.0;0.0;1.0;50.0;Essonne;11;Île-de-France
201900000121;138Â 306Â 307;A01;10.0;3;2.0;2.0;2013.0;2.0;8.0;0.0;;2.0;2;2.0;;0.0;7.0;0.0;1.0;8.0;2.0;1.0;;20;9;2019;16:40;1.0;91;91432;2;1.0;1.0;6.0;GENERAL  LECLERC (RUE DU);48,7058000;2,3336000;4;GENERAL  LECLERC (RUE DU);0.0;;2.0;1;0.0;1.0;0;0;1.0;;;1.0;0.0;1.0;50.0;Essonne;11;Île-de-France
201900000122;138Â 306Â 305;A01;1.0;1;4.0;1.0;1991.0;0.0;2.0;8.0;;0.0;0;;;1.0;34.0;0.0;2.0;1.0;1.0;1.0;;19;9;2019;20:00;2.0;91;91687;2;9.0;1.0;3.0;GENERAL DE GAULLE (AVENUE DU);48,6757000;2,3855300;2;7;0.0;;2.0;5;0.0;1.0;(1);(1);1.0;;;1.0;0.0;1.0;50.0;Essonne;11;Île-de-France
201900000122;138Â 306Â 306;B01;2.0;2;2.0;2.0;1999.0;0.0;1.0;0.0;;0.0;0;;;2.0;7.0;0.0;2.0;5.0;15.0;1.0;;19;9;2019;20:00;2.0;91;91687;2;9.0;1.0;3.0;GENERAL DE GAULLE (AVENUE DU);48,6757000;2,3855300;2;7;0.0;;2.0;5;0.0;1.0;(1);(1);1.0;;;1.0;0.0;1.0;50.0;Essonne;11;Île-de-France
201900000122;138Â 306Â 306;B01;1.0;1;1.0;1.0;1996.0;0.0;1.0;0.0;;0.0;0;;;2.0;7.0;0.0;2.0;5.0;15.0;1.0;;19;9;2019;20:00;2.0;91;91687;2;9.0;1.0;3.0;GENERAL DE GAULLE (AVENUE DU);48,6757000;2,3855300;2;7;0.0;;2.0;5;0.0;1.0;(1);(1);1.0;;;1.0;0.0;1.0;50.0;Essonne;11;Île-de-France
201900000123;138Â 306Â 303;A01;4.0;2;2.0;2.0;1999.0;5.0;1.0;8.0;;0.0;0;;;3.0;7.0;0.0;2.0;1.0;5.0;1.0;;19;9;2019;13:35;1.0;91;91521;1;1.0;1.0;1.0;RESISTANCE (RUE DE LA);48,6362500;2,4121600;4;RESISTANCE (RUE DE LA);0.0;;1.0;1;0.0;2.0;(1);(1);4.0;;;1.0;3.0;1.0;50.0;Essonne;11;Île-de-France
201900000123;138Â 306Â 303;A01;1.0;1;2.0;1.0;1968.0;0.0;1.0;8.0;;0.0;0;;;3.0;7.0;0.0;2.0;1.0;5.0;1.0;;19;9;2019;13:35;1.0;91;91521;1;1.0;1.0;1.0;RESISTANCE (RUE DE LA);48,6362500;2,4121600;4;RESISTANCE (RUE DE LA);0.0;;1.0;1;0.0;2.0;(1);(1);4.0;;;1.0;3.0;1.0;50.0;Essonne;11;Île-de-France
201900000123;138Â 306Â 303;A01;2.0;2;2.0;2.0;1974.0;5.0;1.0;8.0;;0.0;0;;;3.0;7.0;0.0;2.0;1.0;5.0;1.0;;19;9;2019;13:35;1.0;91;91521;1;1.0;1.0;1.0;RESISTANCE (RUE DE LA);48,6362500;2,4121600;4;RESISTANCE (RUE DE LA);0.0;;1.0;1;0.0;2.0;(1);(1);4.0;;;1.0;3.0;1.0;50.0;Essonne;11;Île-de-France
201900000123;138Â 306Â 304;B01;1.0;1;3.0;1.0;1974.0;0.0;1.0;8.0;;0.0;0;;;3.0;7.0;0.0;2.0;1.0;1.0;1.0;;19;9;2019;13:35;1.0;91;91521;1;1.0;1.0;1.0;RESISTANCE (RUE DE LA);48,6362500;2,4121600;4;RESISTANCE (RUE DE LA);0.0;;1.0;1;0.0;2.0;(1);(1);4.0;;;1.0;3.0;1.0;50.0;Essonne;11;Île-de-France
201900000124;138Â 306Â 297;A01;1.0;1;1.0;2.0;1985.0;2.0;1.0;;;0.0;0;;;2.0;7.0;0.0;1.0;3.0;16.0;1.0;;19;9;2019;17:03;1.0;87;87085;2;2.0;1.0;6.0;RANSON (RUE LOUIS CASIMIR);45,8271900;1,2396100;4;RANSON (RUE LOUIS CASIMIR);0.0;;2.0;2;0.0;1.0;0;0;1.0;;;1.0;5.0;1.0;50.0;Haute-Vienne;75;Nouvelle-Aquitaine
201900000124;138Â 306Â 297;A01;10.0;3;2.0;1.0;2016.0;2.0;0.0;;;4.0;3;2.0;;2.0;7.0;0.0;1.0;3.0;16.0;1.0;;19;9;2019;17:03;1.0;87;87085;2;2.0;1.0;6.0;RANSON (RUE LOUIS CASIMIR);45,8271900;1,2396100;4;RANSON (RUE LOUIS CASIMIR);0.0;;2.0;2;0.0;1.0;0;0;1.0;;;1.0;5.0;1.0;50.0;Haute-Vienne;75;Nouvelle-Aquitaine
201900000125;138Â 306Â 295;B01;1.0;1;3.0;1.0;1970.0;1.0;2.0;6.0;;0.0;0;;;2.0;31.0;0.0;2.0;1.0;1.0;1.0;;19;9;2019;09:02;1.0;87;87085;2;2.0;1.0;3.0;PONT NEUF;45,8260300;1,2680100;3;941;0.0;;4.0;4;0.0;1.0;35;505;1.0;;;1.0;5.0;1.0;50.0;Haute-Vienne;75;Nouvelle-Aquitaine
201900000125;138Â 306Â 296;A01;1.0;1;1.0;2.0;1996.0;3.0;1.0;;;0.0;0;;;2.0;7.0;0.0;2.0;2.0;15.0;1.0;;19;9;2019;09:02;1.0;87;87085;2;2.0;1.0;3.0;PONT NEUF;45,8260300;1,2680100;3;941;0.0;;4.0;4;0.0;1.0;35;505;1.0;;;1.0;5.0;1.0;50.0;Haute-Vienne;75;Nouvelle-Aquitaine
201900000126;138Â 306Â 293;B01;1.0;1;2.0;2.0;1978.0;5.0;1.0;;;0.0;0;;;1.0;7.0;0.0;2.0;1.0;1.0;1.0;;19;9;2019;17:25;1.0;87;87085;2;1.0;1.0;3.0;CASSEAUX (AVENUE DES) RD;45,8423300;1,2875500;3;29;0.0;;4.0;3;0.0;1.0;3;0;1.0;;;1.0;0.0;1.0;50.0;Haute-Vienne;75;Nouvelle-Aquitaine
201900000126;138Â 306Â 294;A01;1.0;1;1.0;2.0;2000.0;5.0;1.0;;;0.0;0;;;2.0;7.0;0.0;2.0;1.0;15.0;1.0;;19;9;2019;17:25;1.0;87;87085;2;1.0;1.0;3.0;CASSEAUX (AVENUE DES) RD;45,8423300;1,2875500;3;29;0.0;;4.0;3;0.0;1.0;3;0;1.0;;;1.0;0.0;1.0;50.0;Haute-Vienne;75;Nouvelle-Aquitaine
201900000127;138Â 306Â 291;A01;1.0;1;1.0;1.0;1991.0;5.0;1.0;;;0.0;0;;;2.0;7.0;0.0;2.0;1.0;15.0;1.0;;18;9;2019;16:35;1.0;87;87085;2;3.0;1.0;6.0;NAUGEAT (AVENUE DE;45,8200600;1,2406500;4;ROUSSEAU (RUE JEAN JACQUES);0.0;;2.0;2;0.0;1.0;0;0;1.0;;;1.0;0.0;1.0;50.0;Haute-Vienne;75;Nouvelle-Aquitaine
201900000127;138Â 306Â 292;B01;1.0;1;2.0;2.0;1959.0;4.0;1.0;;;0.0;0;;;2.0;7.0;0.0;2.0;2.0;1.0;1.0;;18;9;2019;16:35;1.0;87;87085;2;3.0;1.0;6.0;NAUGEAT (AVENUE DE;45,8200600;1,2406500;4;ROUSSEAU (RUE JEAN JACQUES);0.0;;2.0;2;0.0;1.0;0;0;1.0;;;1.0;0.0;1.0;50.0;Haute-Vienne;75;Nouvelle-Aquitaine
201900000128;138Â 306Â 289;B01;2.0;2;2.0;2.0;1995.0;5.0;1.0;0.0;;; -1;;;3.0;7.0;0.0;2.0;1.0;0.0;1.0;;21;9;2019;01:20;5.0;86;86194;2;1.0;1.0;2.0;CHASSEIGNE (BOULEVARD);46,5889900;0,3471700;4;CHASSEIGNE (BOULEVARD);0.0;;3.0;4;0.0;1.0;0;0;1.0;;;1.0;0.0;1.0;50.0;Vienne;75;Nouvelle-Aquitaine
201900000128;138Â 306Â 289;B01;1.0;1;2.0;1.0;1991.0;5.0;1.0;0.0;;; -1;;;3.0;7.0;0.0;2.0;1.0;0.0;1.0;;21;9;2019;01:20;5.0;86;86194;2;1.0;1.0;2.0;CHASSEIGNE (BOULEVARD);46,5889900;0,3471700;4;CHASSEIGNE (BOULEVARD);0.0;;3.0;4;0.0;1.0;0;0;1.0;;;1.0;0.0;1.0;50.0;Vienne;75;Nouvelle-Aquitaine
201900000128;138Â 306Â 290;A01;2.0;2;2.0;1.0;1971.0;5.0;1.0;0.0;;; -1;;;3.0;7.0;0.0;2.0;8.0;10.0;1.0;;21;9;2019;01:20;5.0;86;86194;2;1.0;1.0;2.0;CHASSEIGNE (BOULEVARD);46,5889900;0,3471700;4;CHASSEIGNE (BOULEVARD);0.0;;3.0;4;0.0;1.0;0;0;1.0;;;1.0;0.0;1.0;50.0;Vienne;75;Nouvelle-Aquitaine
201900000128;138Â 306Â 290;A01;1.0;1;3.0;1.0;1957.0;5.0;1.0;0.0;;; -1;;;3.0;7.0;0.0;2.0;8.0;10.0;1.0;;21;9;2019;01:20;5.0;86;86194;2;1.0;1.0;2.0;CHASSEIGNE (BOULEVARD);46,5889900;0,3471700;4;CHASSEIGNE (BOULEVARD);0.0;;3.0;4;0.0;1.0;0;0;1.0;;;1.0;0.0;1.0;50.0;Vienne;75;Nouvelle-Aquitaine
201900000129;138Â 306Â 285;C01;1.0;1;1.0;1.0;1990.0;1.0;1.0;0.0;;; -1;;;3.0;7.0;0.0;2.0;3.0;1.0;1.0;;20;9;2019;10:30;1.0;84;84007;2;1.0;1.0;5.0;C.De GAULLE (Rocade);43,9405732;4,7895643;4;C.De GAULLE (Rocade);0.0;;2.0;2;0.0;2.0;0;1;1.0;;;1.0;0.0;1.0;50.0;Vaucluse;93;Provence-Alpes-Côte d'Azur
201900000129;138Â 306Â 286;B01;1.0;1;2.0;2.0;1964.0;5.0;1.0;0.0;;; -1;;;3.0;7.0;0.0;2.0;3.0;1.0;1.0;;20;9;2019;10:30;1.0;84;84007;2;1.0;1.0;5.0;C.De GAULLE (Rocade);43,9405732;4,7895643;4;C.De GAULLE (Rocade);0.0;;2.0;2;0.0;2.0;0;1;1.0;;;1.0;0.0;1.0;50.0;Vaucluse;93;Provence-Alpes-Côte d'Azur
201900000129;138Â 306Â 287;A01;1.0;1;1.0;1.0;1994.0;4.0;1.0;0.0;;;0;;;3.0;15.0;0.0;2.0;2.0;12.0;1.0;;20;9;2019;10:30;1.0;84;84007;2;1.0;1.0;5.0;C.De GAULLE (Rocade);43,9405732;4,7895643;4;C.De GAULLE (Rocade);0.0;;2.0;2;0.0;2.0;0;1;1.0;;;1.0;0.0;1.0;50.0;Vaucluse;93;Provence-Alpes-Côte d'Azur
201900000130;138Â 306Â 283;A01;1.0;1;2.0;1.0;1964.0;4.0;8.0;0.0;;0.0;0;;;1.0;37.0;6.0;0.0;1.0;26.0;1.0;4.0;19;9;2019;09:45;1.0;83;83137;2;1.0;1.0;6.0;PERROUD (AVE CONSTANT);43,1300400;5,9529500;4;PERROUD (AVE CONSTANT);0.0;;3.0;2;0.0;2.0;0;0;1.0;;;1.0;0.0;1.0;50.0;Var;93;Provence-Alpes-Côte d'Azur
201900000130;138Â 306Â 283;A01;2.0;2;2.0;1.0;1965.0;4.0;8.0;0.0;;0.0;0;;;1.0;37.0;6.0;0.0;1.0;26.0;1.0;4.0;19;9;2019;09:45;1.0;83;83137;2;1.0;1.0;6.0;PERROUD (AVE CONSTANT);43,1300400;5,9529500;4;PERROUD (AVE CONSTANT);0.0;;3.0;2;0.0;2.0;0;0;1.0;;;1.0;0.0;1.0;50.0;Var;93;Provence-Alpes-Côte d'Azur
201900000130;138Â 306Â 283;A01;4.0;2;2.0;1.0;1949.0;5.0;8.0;0.0;;0.0;0;;;1.0;37.0;6.0;0.0;1.0;26.0;1.0;4.0;19;9;2019;09:45;1.0;83;83137;2;1.0;1.0;6.0;PERROUD (AVE CONSTANT);43,1300400;5,9529500;4;PERROUD (AVE CONSTANT);0.0;;3.0;2;0.0;2.0;0;0;1.0;;;1.0;0.0;1.0;50.0;Var;93;Provence-Alpes-Côte d'Azur
201900000130;138Â 306Â 283;A01;7.0;2;1.0;2.0;1996.0;5.0;8.0;0.0;;0.0;0;;;1.0;37.0;6.0;0.0;1.0;26.0;1.0;4.0;19;9;2019;09:45;1.0;83;83137;2;1.0;1.0;6.0;PERROUD (AVE CONSTANT);43,1300400;5,9529500;4;PERROUD (AVE CONSTANT);0.0;;3.0;2;0.0;2.0;0;0;1.0;;;1.0;0.0;1.0;50.0;Var;93;Provence-Alpes-Côte d'Azur
201900000131;138Â 306Â 282;A01;1.0;1;1.0;1.0;1970.0;4.0;1.0;8.0;;0.0;0;;;2.0;15.0;0.0;1.0;3.0;1.0;1.0;;20;9;2019;16:30;1.0;83;83118;2;9.0;1.0;6.0;RUE WALDECK-ROUSSEAU;43,4232900;6,7690000;4;;0.0;;1.0;2;0.0;1.0;0;0;1.0;;;1.0;0.0;1.0;50.0;Var;93;Provence-Alpes-Côte d'Azur
201900000131;138Â 306Â 282;A01;10.0;3;4.0;2.0;1930.0;0.0;8.0;0.0;;3.0;3;1.0;;2.0;15.0;0.0;1.0;3.0;1.0;1.0;;20;9;2019;16:30;1.0;83;83118;2;9.0;1.0;6.0;RUE WALDECK-ROUSSEAU;43,4232900;6,7690000;4;;0.0;;1.0;2;0.0;1.0;0;0;1.0;;;1.0;0.0;1.0;50.0;Var;93;Provence-Alpes-Côte d'Azur
201900000132;138Â 306Â 273;A01;1.0;1;1.0;1.0;1966.0;5.0;1.0;0.0;;; -1;;;2.0;7.0;0.0;2.0;2.0;15.0;1.0;;19;9;2019;22:05;4.0;78;78361;2;2.0;1.0;5.0;Boulevard MarÃ©chal Juin;48,9911300;1,7079400;3;113;0.0;;2.0;1;0.0;1.0;58;130;1.0;;;1.0;0.0;1.0;50.0;Yvelines;11;Île-de-France
201900000132;138Â 306Â 274;B01;1.0;1;3.0;1.0;2000.0;5.0;2.0;6.0;;; -1;;;1.0;33.0;0.0;2.0;1.0;1.0;1.0;;19;9;2019;22:05;4.0;78;78361;2;2.0;1.0;5.0;Boulevard MarÃ©chal Juin;48,9911300;1,7079400;3;113;0.0;;2.0;1;0.0;1.0;58;130;1.0;;;1.0;0.0;1.0;50.0;Yvelines;11;Île-de-France
201900000132;138Â 306Â 275;C01;1.0;1;1.0;2.0;1969.0;5.0;1.0;0.0;;; -1;;;1.0;7.0;0.0;2.0;1.0;23.0;1.0;;19;9;2019;22:05;4.0;78;78361;2;2.0;1.0;5.0;Boulevard MarÃ©chal Juin;48,9911300;1,7079400;3;113;0.0;;2.0;1;0.0;1.0;58;130;1.0;;;1.0;0.0;1.0;50.0;Yvelines;11;Île-de-France
201900000133;138Â 306Â 269;A01;10.0;3;2.0;1.0;1969.0;5.0;8.0;0.0;;3.0;3;1.0;;3.0;38.0;0.0;1.0;2.0;16.0;1.0;1.0;19;9;2019;12:10;1.0;77;77379;2;1.0;1.0;6.0;JEAN JAURES (AVENUE);48,5559200;3,3029200;9;JEAN JAURES (AVENUE);0.0;;1.0;1;3.0;1.0;0;0;3.0;;;1.0;9.0;3.0;30.0;Seine-et-Marne;11;Île-de-France
201900000133;138Â 306Â 269;A01;1.0;1;1.0;1.0;1965.0;4.0;1.0;0.0;;; -1;;;3.0;38.0;0.0;1.0;2.0;16.0;1.0;1.0;19;9;2019;12:10;1.0;77;77379;2;1.0;1.0;6.0;JEAN JAURES (AVENUE);48,5559200;3,3029200;9;JEAN JAURES (AVENUE);0.0;;1.0;1;3.0;1.0;0;0;3.0;;;1.0;9.0;3.0;30.0;Seine-et-Marne;11;Île-de-France
201900000134;138Â 306Â 268;A01;1.0;1;4.0;1.0;1988.0;5.0;1.0;0.0;;;0;;;1.0;7.0;2.0;0.0;7.0;1.0;1.0;;20;9;2019;20:55;3.0;77;77132;1;3.0;1.0;6.0;D934 X D344;48,8810200;2,7803300;3;934;0.0;;2.0;2;0.0;1.0;16;748;1.0;;;1.0;5.0;3.0;80.0;Seine-et-Marne;11;Île-de-France
201900000135;138Â 306Â 262;A01;2.0;2;1.0;1.0;1998.0;0.0;1.0;8.0;;0.0;0;;;1.0;7.0;0.0;1.0;2.0;1.0;1.0;;20;9;2019;10:10;1.0;76;76217;2;9.0;1.0;6.0;DE GAULLE (BOUVEVARD GENERAL);49,9234800;1,0756000;3;925;0.0;;1.0;2;0.0;1.0;97;950;1.0;;;1.0;0.0;1.0;50.0;Seine-Maritime;28;Normandie
201900000135;138Â 306Â 262;A01;1.0;1;1.0;1.0;1997.0;0.0;1.0;8.0;;0.0;0;;;1.0;7.0;0.0;1.0;2.0;1.0;1.0;;20;9;2019;10:10;1.0;76;76217;2;9.0;1.0;6.0;DE GAULLE (BOUVEVARD GENERAL);49,9234800;1,0756000;3;925;0.0;;1.0;2;0.0;1.0;97;950;1.0;;;1.0;0.0;1.0;50.0;Seine-Maritime;28;Normandie
201900000135;138Â 306Â 262;A01;10.0;3;3.0;1.0;1931.0;5.0;8.0;0.0;;4.0;3;1.0;;1.0;7.0;0.0;1.0;2.0;1.0;1.0;;20;9;2019;10:10;1.0;76;76217;2;9.0;1.0;6.0;DE GAULLE (BOUVEVARD GENERAL);49,9234800;1,0756000;3;925;0.0;;1.0;2;0.0;1.0;97;950;1.0;;;1.0;0.0;1.0;50.0;Seine-Maritime;28;Normandie
201900000136;138Â 306Â 261;A01;1.0;1;1.0;1.0;1976.0;0.0;1.0;8.0;;0.0;0;;;3.0;7.0;0.0;1.0;2.0;15.0;6.0;;19;9;2019;09:00;1.0;76;76217;2;2.0;1.0;6.0;LIBERATION (AVENUE DE LA);49,9246000;1,1093300;4;LIBERATION (AVENUE DE LA);0.0;;2.0;2;0.0;1.0;0;0;1.0;;;1.0;5.0;1.0;50.0;Seine-Maritime;28;Normandie
201900000136;138Â 306Â 261;A01;10.0;3;2.0;2.0;1954.0;0.0;8.0;0.0;;4.0;3;1.0;;3.0;7.0;0.0;1.0;2.0;15.0;6.0;;19;9;2019;09:00;1.0;76;76217;2;2.0;1.0;6.0;LIBERATION (AVENUE DE LA);49,9246000;1,1093300;4;LIBERATION (AVENUE DE LA);0.0;;2.0;2;0.0;1.0;0;0;1.0;;;1.0;5.0;1.0;50.0;Seine-Maritime;28;Normandie
201900000137;138Â 306Â 260;A01;1.0;1;1.0;2.0;1991.0;4.0;1.0;0.0;;;0;;;3.0;7.0;0.0;1.0;2.0;1.0;1.0;;20;9;2019;09:50;1.0;74;74010;2;6.0;1.0;6.0;RHONE (AVENUE DU);45,9005000;6,1155400;4;RHONE (AVENUE DU);0.0;;3.0;4;2.0;2.0;0;0;3.0;;;1.0;5.0;1.0;50.0;Haute-Savoie;84;Auvergne-Rhône-Alpes
201900000137;138Â 306Â 260;A01;10.0;3;4.0;1.0;1926.0;3.0;8.0;0.0;;1.0;3;1.0;;3.0;7.0;0.0;1.0;2.0;1.0;1.0;;20;9;2019;09:50;1.0;74;74010;2;6.0;1.0;6.0;RHONE (AVENUE DU);45,9005000;6,1155400;4;RHONE (AVENUE DU);0.0;;3.0;4;2.0;2.0;0;0;3.0;;;1.0;5.0;1.0;50.0;Haute-Savoie;84;Auvergne-Rhône-Alpes
201900000138;138Â 306Â 256;B01;1.0;1;2.0;1.0;1964.0;1.0;2.0;0.0;;0.0;0;;;2.0;2.0;0.0;2.0;1.0;1.0;1.0;;19;9;2019;16:30;1.0;72;72181;2;3.0;1.0;3.0;ARNAGE (RUE D') NÂ° IMP 11 ET plus;47,9901500;0,1969100;7;BARBUSSE HENRI (RUE);0.0;;2.0;2;0.0;1.0;0;0;1.0;;;1.0;0.0;1.0;50.0;Sarthe;52;Pays de la Loire
201900000138;138Â 306Â 257;A01;1.0;1;1.0;2.0;1958.0;0.0;1.0;0.0;;0.0;0;;;2.0;7.0;0.0;2.0;3.0;16.0;1.0;;19;9;2019;16:30;1.0;72;72181;2;3.0;1.0;3.0;ARNAGE (RUE D') NÂ° IMP 11 ET plus;47,9901500;0,1969100;7;BARBUSSE HENRI (RUE);0.0;;2.0;2;0.0;1.0;0;0;1.0;;;1.0;0.0;1.0;50.0;Sarthe;52;Pays de la Loire
201900000139;138Â 306Â 252;A01;1.0;1;1.0;1.0;1975.0;0.0;1.0;0.0;;; -1;;;1.0;7.0;0.0;2.0;1.0;17.0;0.0;;20;9;2019;16:32;1.0;69;69290;2;1.0;1.0;5.0;HEYRIEUX (D')                       (RO);45,6834500;4,9523600;4;HEYRIEUX (D')                       (RO);0.0;;2.0;2;0.0;1.0;0;0;1.0;;;1.0;0.0;1.0;50.0;Rhône;84;Auvergne-Rhône-Alpes
201900000139;138Â 306Â 253;B01;1.0;1;1.0;1.0;2000.0;0.0;1.0;0.0;;; -1;;;2.0;7.0;0.0;2.0;6.0;1.0;0.0;;20;9;2019;16:32;1.0;69;69290;2;1.0;1.0;5.0;HEYRIEUX (D')                       (RO);45,6834500;4,9523600;4;HEYRIEUX (D')                       (RO);0.0;;2.0;2;0.0;1.0;0;0;1.0;;;1.0;0.0;1.0;50.0;Rhône;84;Auvergne-Rhône-Alpes
201900000139;138Â 306Â 254;C01;1.0;1;2.0;1.0;1954.0;0.0;1.0;0.0;;; -1;;;2.0;7.0;0.0;2.0;3.0;0.0;0.0;;20;9;2019;16:32;1.0;69;69290;2;1.0;1.0;5.0;HEYRIEUX (D')                       (RO);45,6834500;4,9523600;4;HEYRIEUX (D')                       (RO);0.0;;2.0;2;0.0;1.0;0;0;1.0;;;1.0;0.0;1.0;50.0;Rhône;84;Auvergne-Rhône-Alpes
201900000139;138Â 306Â 255;D01;4.0;2;2.0;1.0;2006.0;0.0;1.0;0.0;;; -1;;;2.0;7.0;0.0;2.0;1.0;1.0;0.0;;20;9;2019;16:32;1.0;69;69290;2;1.0;1.0;5.0;HEYRIEUX (D')                       (RO);45,6834500;4,9523600;4;HEYRIEUX (D')                       (RO);0.0;;2.0;2;0.0;1.0;0;0;1.0;;;1.0;0.0;1.0;50.0;Rhône;84;Auvergne-Rhône-Alpes
201900000139;138Â 306Â 255;D01;1.0;1;2.0;1.0;1981.0;0.0;1.0;0.0;;; -1;;;2.0;7.0;0.0;2.0;1.0;1.0;0.0;;20;9;2019;16:32;1.0;69;69290;2;1.0;1.0;5.0;HEYRIEUX (D')                       (RO);45,6834500;4,9523600;4;HEYRIEUX (D')                       (RO);0.0;;2.0;2;0.0;1.0;0;0;1.0;;;1.0;0.0;1.0;50.0;Rhône;84;Auvergne-Rhône-Alpes
201900000139;138Â 306Â 255;D01;3.0;2;2.0;1.0;2005.0;0.0;1.0;0.0;;; -1;;;2.0;7.0;0.0;2.0;1.0;1.0;0.0;;20;9;2019;16:32;1.0;69;69290;2;1.0;1.0;5.0;HEYRIEUX (D')                       (RO);45,6834500;4,9523600;4;HEYRIEUX (D')                       (RO);0.0;;2.0;2;0.0;1.0;0;0;1.0;;;1.0;0.0;1.0;50.0;Rhône;84;Auvergne-Rhône-Alpes
201900000140;138Â 306Â 251;A01;1.0;1;3.0;1.0;2002.0;0.0;8.0;0.0;;0.0;0;;;3.0;0.0;0.0;0.0;0.0;26.0;0.0;;18;9;2019;18:10;1.0;69;69029;2;9.0;1.0;6.0;LAURENT BONNEVAY          (SQ);45,7303200;4,8998000;9;LAURENT BONNEVAY          (SQ);0.0;;2.0;1;0.0;1.0;0;0;1.0;;;1.0;0.0;1.0;50.0;Rhône;84;Auvergne-Rhône-Alpes
201900000141;138Â 306Â 248;C01;1.0;1;1.0;2.0;1995.0;0.0;8.0;0.0;;; -1;;;2.0;7.0;0.0;2.0;4.0;1.0;1.0;;13;9;2019;20:45;5.0;69;69275;2;1.0;1.0;4.0;JEAN JAURES                         (AV);45,7688200;4,9435200;3;317;0.0;;2.0;2;0.0;1.0;2;700;1.0;;;1.0;0.0;1.0;50.0;Rhône;84;Auvergne-Rhône-Alpes
201900000141;138Â 306Â 249;B01;1.0;1;2.0;2.0;1994.0;0.0;8.0;0.0;;; -1;;;2.0;7.0;0.0;2.0;4.0;1.0;1.0;;13;9;2019;20:45;5.0;69;69275;2;1.0;1.0;4.0;JEAN JAURES                         (AV);45,7688200;4,9435200;3;317;0.0;;2.0;2;0.0;1.0;2;700;1.0;;;1.0;0.0;1.0;50.0;Rhône;84;Auvergne-Rhône-Alpes
201900000141;138Â 306Â 250;A01;1.0;1;1.0;1.0;1974.0;3.0;8.0;0.0;;; -1;;;2.0;7.0;0.0;2.0;1.0;1.0;1.0;;13;9;2019;20:45;5.0;69;69275;2;1.0;1.0;4.0;JEAN JAURES                         (AV);45,7688200;4,9435200;3;317;0.0;;2.0;2;0.0;1.0;2;700;1.0;;;1.0;0.0;1.0;50.0;Rhône;84;Auvergne-Rhône-Alpes
201900000142;138Â 306Â 245;A01;1.0;1;2.0;1.0;1985.0;0.0;1.0;8.0;;;0;;;1.0;7.0;0.0;2.0;1.0;13.0;1.0;;19;9;2019;18:40;1.0;67;67482;2;1.0;1.0;5.0;RHIN (AVENUE DU);48,5730500;7,7998100;4;RHIN (AVENUE DU);0.0;;2.0;2;0.0;1.0;0;0;1.0;;;1.0;2.0;1.0;50.0;Bas-Rhin;44;Grand Est