Num_Acc;id_vehicule;num_veh;place;catu;grav;sexe;an_nais;trajet;secu1;secu2;secu3;locp;actp;etatp;id_usager;senc;catv;obs;obsm;choc;manv;motor;occutc;jour;mois;an;hrmn;lum;dep;com;agg;int;atm;col;adr;lat;long;catr;voie;v1;v2;circ;nbv;vosp;prof;pr;pr1;plan;lartpc;larrout;surf;infra;situ;vma;nom_departement;reg;nom_region
201900000142;138Â 306Â 246;B01;1.0;1;2.0;1.0;1991.0;0.0;1.0;0.0;;;0;;;2.0;7.0;0.0;2.0;8.0;1.0;1.0;;19;9;2019;18:40;1.0;67;67482;2;1.0;1.0;5.0;RHIN (AVENUE DU);48,5730500;7,7998100;4;RHIN (AVENUE DU);0.0;;2.0;2;0.0;1.0;0;0;1.0;;;1.0;2.0;1.0;50.0;Bas-Rhin;44;Grand Est
201900000142;138Â 306Â 246;B01;2.0;2;2.0;2.0;2002.0;0.0;1.0;8.0;;;0;;;2.0;7.0;0.0;2.0;8.0;1.0;1.0;;19;9;2019;18:40;1.0;67;67482;2;1.0;1.0;5.0;RHIN (AVENUE DU);48,5730500;7,7998100;4;RHIN (AVENUE DU);0.0;;2.0;2;0.0;1.0;0;0;1.0;;;1.0;2.0;1.0;50.0;Bas-Rhin;44;Grand Est
201900000142;138Â 306Â 247;C01;1.0;1;1.0;1.0;1963.0;1.0;1.0;8.0;;;0;;;2.0;7.0;0.0;2.0;1.0;1.0;1.0;;19;9;2019;18:40;1.0;67;67482;2;1.0;1.0;5.0;RHIN (AVENUE DU);48,5730500;7,7998100;4;RHIN (AVENUE DU);0.0;;2.0;2;0.0;1.0;0;0;1.0;;;1.0;2.0;1.0;50.0;Bas-Rhin;44;Grand Est
201900000143;138Â 306Â 243;A01;1.0;1;1.0;1.0;1965.0;0.0;1.0;8.0;;;0;;;1.0;7.0;0.0;2.0;1.0;1.0;1.0;;19;9;2019;17:45;2.0;67;67482;2;1.0;1.0;1.0;KLEBSAU (RUE DE LA);48,5450000;7,7746300;4;KLEBSAU (RUE DE LA);0.0;;2.0;2;1.0;1.0;0;0;2.0;;;1.0;0.0;1.0;50.0;Bas-Rhin;44;Grand Est
201900000143;138Â 306Â 244;B01;1.0;1;2.0;2.0;2005.0;0.0;8.0;0.0;;;0;;;2.0;1.0;0.0;2.0;1.0;5.0;5.0;;19;9;2019;17:45;2.0;67;67482;2;1.0;1.0;1.0;KLEBSAU (RUE DE LA);48,5450000;7,7746300;4;KLEBSAU (RUE DE LA);0.0;;2.0;2;1.0;1.0;0;0;2.0;;;1.0;0.0;1.0;50.0;Bas-Rhin;44;Grand Est
201900000144;138Â 306Â 242;A01;10.0;3;2.0;2.0;1971.0;5.0;8.0;0.0;;3.0;3;1.0;;1.0;7.0;0.0;1.0;1.0;15.0;1.0;;19;9;2019;06:50;2.0;67;67043;2;1.0;1.0;6.0;BISCHWILLER (ROUTE DE);48,6141640;7,7522330;4;BISCHWILLER (ROUTE DE);0.0;;2.0;3;0.0;1.0;0;0;1.0;;;1.0;0.0;1.0;50.0;Bas-Rhin;44;Grand Est
201900000144;138Â 306Â 242;A01;1.0;1;1.0;1.0;1993.0;4.0;1.0;8.0;;0.0;0;;;1.0;7.0;0.0;1.0;1.0;15.0;1.0;;19;9;2019;06:50;2.0;67;67043;2;1.0;1.0;6.0;BISCHWILLER (ROUTE DE);48,6141640;7,7522330;4;BISCHWILLER (ROUTE DE);0.0;;2.0;3;0.0;1.0;0;0;1.0;;;1.0;0.0;1.0;50.0;Bas-Rhin;44;Grand Est
201900000145;138Â 306Â 241;A01;10.0;3;3.0;2.0;1959.0;9.0;8.0;0.0;;5.0;4;1.0;;2.0;1.0;0.0;0.0;1.0;26.0;5.0;;19;9;2019;14:08;1.0;67;67462;2;1.0;1.0;6.0;PRESIDENT POINCARE (RUE DU);48,2569480;7,4552090;4;PRESIDENT POINCARE (RUE DU);0.0;;2.0;2;1.0;1.0;1;0;1.0;;;1.0;0.0;1.0;50.0;Bas-Rhin;44;Grand Est
201900000145;138Â 306Â 241;A01;1.0;1;1.0;1.0;1961.0;5.0;8.0;0.0;;; -1;;;2.0;1.0;0.0;0.0;1.0;26.0;5.0;;19;9;2019;14:08;1.0;67;67462;2;1.0;1.0;6.0;PRESIDENT POINCARE (RUE DU);48,2569480;7,4552090;4;PRESIDENT POINCARE (RUE DU);0.0;;2.0;2;1.0;1.0;1;0;1.0;;;1.0;0.0;1.0;50.0;Bas-Rhin;44;Grand Est
201900000146;138Â 306Â 240;A01;1.0;1;1.0;2.0;1991.0;5.0;1.0;8.0;;; -1;;;1.0;7.0;0.0;1.0;1.0;1.0;1.0;;20;9;2019;10:20;1.0;66;66136;2;1.0;1.0;6.0;FLANDRES/DUNKERQUE (CARREFOUR);42,6861800;2,9074500;4;FLANDRES/DUNKERQUE (CARREFOUR);0.0;;3.0;1;0.0;1.0;0;0;1.0;;;1.0;0.0;1.0;50.0;Pyrénées-Orientales;76;Occitanie
201900000146;138Â 306Â 240;A01;10.0;3;2.0;2.0;1975.0;5.0;8.0;0.0;;3.0;3;1.0;;1.0;7.0;0.0;1.0;1.0;1.0;1.0;;20;9;2019;10:20;1.0;66;66136;2;1.0;1.0;6.0;FLANDRES/DUNKERQUE (CARREFOUR);42,6861800;2,9074500;4;FLANDRES/DUNKERQUE (CARREFOUR);0.0;;3.0;1;0.0;1.0;0;0;1.0;;;1.0;0.0;1.0;50.0;Pyrénées-Orientales;76;Occitanie
201900000147;138Â 306Â 239;A01;1.0;1;2.0;2.0;1942.0;0.0;1.0;0.0;;0.0;0;;;2.0;7.0;6.0;0.0;1.0;15.0;1.0;;20;9;2019;19:40;1.0;64;64335;2;1.0;1.0;7.0;PLAISANCE DE;43,3341800; -0,4258100;4;PLAISANCE DE;0.0;;2.0;2;0.0;1.0;0;0;1.0;;;1.0;0.0;1.0;30.0;Pyrénées-Atlantiques;75;Nouvelle-Aquitaine
201900000148;138Â 306Â 237;A01;1.0;1;3.0;1.0;1968.0;9.0;2.0;8.0;;0.0;0;;;2.0;33.0;0.0;2.0;7.0;15.0;1.0;;20;9;2019;18:25;1.0;64;64129;2;9.0;1.0;3.0;BAYONNE DE;43,3008300; -0,3938800;4;BAYONNE DE;0.0;;2.0;3;3.0;1.0;0;0;1.0;;;1.0;0.0;1.0;50.0;Pyrénées-Atlantiques;75;Nouvelle-Aquitaine
201900000148;138Â 306Â 238;B01;1.0;1;1.0;1.0;1986.0;9.0;1.0;8.0;;0.0;0;;;1.0;7.0;0.0;2.0;3.0;19.0;1.0;;20;9;2019;18:25;1.0;64;64129;2;9.0;1.0;3.0;BAYONNE DE;43,3008300; -0,3938800;4;BAYONNE DE;0.0;;2.0;3;3.0;1.0;0;0;1.0;;;1.0;0.0;1.0;50.0;Pyrénées-Atlantiques;75;Nouvelle-Aquitaine
201900000149;138Â 306Â 235;B01;1.0;1;2.0;1.0;1962.0;0.0;1.0;;;0.0;0;;;2.0;7.0;0.0;2.0;1.0;1.0;1.0;;15;2;2019;08:20;1.0;83;83012;1;1.0;1.0;1.0;RD560;43,5390580;5,9853860;3;560;0.0;D;2.0;2;0.0;1.0;35;460;3.0;;;1.0;0.0;1.0;80.0;Var;93;Provence-Alpes-Côte d'Azur
201900000149;138Â 306Â 236;A01;1.0;1;2.0;2.0;1992.0;0.0;1.0;;;0.0;0;;;1.0;7.0;0.0;2.0;1.0;13.0;1.0;;15;2;2019;08:20;1.0;83;83012;1;1.0;1.0;1.0;RD560;43,5390580;5,9853860;3;560;0.0;D;2.0;2;0.0;1.0;35;460;3.0;;;1.0;0.0;1.0;80.0;Var;93;Provence-Alpes-Côte d'Azur
201900000150;138Â 306Â 233;A01;1.0;1;3.0;2.0;1999.0;0.0;2.0;6.0;;0.0;0;;;2.0;33.0;0.0;2.0;1.0;0.0;1.0;;14;2;2019;11:45;1.0;09;09324;1;1.0;1.0;2.0;D12;43,0674280;1,6396180;3;12;0.0;;2.0;2;0.0;1.0;19;205;1.0;;;1.0;0.0;1.0;70.0;Ariège;76;Occitanie
201900000150;138Â 306Â 234;B01;1.0;1;1.0;1.0;1999.0;1.0;1.0;;;0.0;0;;;2.0;7.0;0.0;2.0;5.0;2.0;1.0;;14;2;2019;11:45;1.0;09;09324;1;1.0;1.0;2.0;D12;43,0674280;1,6396180;3;12;0.0;;2.0;2;0.0;1.0;19;205;1.0;;;1.0;0.0;1.0;70.0;Ariège;76;Occitanie
201900000151;138Â 306Â 231;B01;1.0;1;2.0;1.0;1987.0;5.0;2.0;9.0;;0.0;0;;;0.0;1.0;0.0;2.0;1.0;1.0;5.0;;17;2;2019;07:45;1.0;60;60471;2;6.0;1.0;3.0;AVENUE JEAN JAURÃS;49,5782422;2,9943981;3;932;0.0;;1.0;1;0.0;1.0;27;950;2.0;;;1.0;0.0;1.0;50.0;Oise;32;Hauts-de-France
201900000151;138Â 306Â 232;A01;1.0;1;1.0;1.0;1955.0;5.0;1.0;;;0.0;0;;;0.0;7.0;0.0;2.0;8.0;9.0;1.0;;17;2;2019;07:45;1.0;60;60471;2;6.0;1.0;3.0;AVENUE JEAN JAURÃS;49,5782422;2,9943981;3;932;0.0;;1.0;1;0.0;1.0;27;950;2.0;;;1.0;0.0;1.0;50.0;Oise;32;Hauts-de-France
201900000152;138Â 306Â 229;A01;1.0;1;1.0;2.0;1940.0;5.0;8.0;;;0.0;0;;;2.0;7.0;0.0;2.0;2.0;19.0;1.0;;14;2;2019;15:15;1.0;45;45145;1;2.0;1.0;3.0;Intersection RD 33 et Lieu dit LE BOIS DU SELLIER;48,1070370;2,8369740;3;33;;;2.0;2;0.0;1.0;3;545;1.0;;;1.0;5.0;1.0;70.0;Loiret;24;Centre-Val de Loire
201900000152;138Â 306Â 230;B01;2.0;2;3.0;2.0;2003.0;5.0;2.0;6.0;;0.0;0;;;2.0;2.0;0.0;0.0;6.0;1.0;1.0;;14;2;2019;15:15;1.0;45;45145;1;2.0;1.0;3.0;Intersection RD 33 et Lieu dit LE BOIS DU SELLIER;48,1070370;2,8369740;3;33;;;2.0;2;0.0;1.0;3;545;1.0;;;1.0;5.0;1.0;70.0;Loiret;24;Centre-Val de Loire
201900000152;138Â 306Â 230;B01;1.0;1;2.0;1.0;2002.0;5.0;2.0;6.0;;0.0;0;;;2.0;2.0;0.0;0.0;6.0;1.0;1.0;;14;2;2019;15:15;1.0;45;45145;1;2.0;1.0;3.0;Intersection RD 33 et Lieu dit LE BOIS DU SELLIER;48,1070370;2,8369740;3;33;;;2.0;2;0.0;1.0;3;545;1.0;;;1.0;5.0;1.0;70.0;Loiret;24;Centre-Val de Loire
201900000153;138Â 306Â 228;A01;1.0;1;2.0;1.0;2000.0;4.0;8.0;;;0.0;0;;;2.0;14.0;16.0;0.0;3.0;1.0;1.0;;18;2;2019;10:25;1.0;64;64178;1;1.0;1.0;7.0;CD 936;43,3336428; -0,7786804;3;936;;;2.0;2;0.0;1.0;61;700;1.0;;;1.0;0.0;1.0;80.0;Pyrénées-Atlantiques;75;Nouvelle-Aquitaine
201900000154;138Â 306Â 227;A01;1.0;1;4.0;1.0;1943.0;5.0;0.0;;;0.0;0;;;1.0;7.0;2.0;0.0;1.0;13.0;0.0;;15;2;2019;19:30;5.0;64;64160;2;1.0;1.0;6.0;17 Avenue Edmond Rostand;43,3621955; -1,4035654;3;410;;;2.0;2;0.0;1.0;2;185;1.0;;;1.0;0.0;4.0;50.0;Pyrénées-Atlantiques;75;Nouvelle-Aquitaine
201900000155;138Â 306Â 225;A01;1.0;1;1.0;1.0;1939.0;5.0;1.0;;;0.0;0;;;2.0;7.0;0.0;1.0;2.0;1.0;1.0;;16;2;2019;14:45;1.0;73;73265;2;3.0;7.0;6.0;D211 Rte FROMAGERIE;45,7477384;5,9838736;3;211;0.0;;2.0;2;0.0;1.0;18;535;1.0;;;1.0;0.0;1.0;30.0;Savoie;84;Auvergne-Rhône-Alpes
201900000155;138Â 306Â 225;A01;10.0;3;4.0;1.0;1933.0;9.0;0.0;;;1.0;3;1.0;;2.0;7.0;0.0;1.0;2.0;1.0;1.0;;16;2;2019;14:45;1.0;73;73265;2;3.0;7.0;6.0;D211 Rte FROMAGERIE;45,7477384;5,9838736;3;211;0.0;;2.0;2;0.0;1.0;18;535;1.0;;;1.0;0.0;1.0;30.0;Savoie;84;Auvergne-Rhône-Alpes
201900000156;138Â 306Â 223;B01;1.0;1;2.0;2.0;1982.0;3.0;1.0;;;0.0;0;;;2.0;7.0;0.0;2.0;3.0;1.0;1.0;;15;1;2019;14:15;1.0;43;43185;1;1.0;1.0;1.0;D651;45,4028850;3,3075440;3;651;;;2.0;2;0.0;3.0;2;500;2.0;;65.0;1.0;0.0;1.0;80.0;Haute-Loire;84;Auvergne-Rhône-Alpes
201900000156;138Â 306Â 224;A01;1.0;1;3.0;1.0;1969.0;3.0;2.0;6.0;9.0;0.0;0;;;1.0;33.0;0.0;2.0;1.0;17.0;1.0;;15;1;2019;14:15;1.0;43;43185;1;1.0;1.0;1.0;D651;45,4028850;3,3075440;3;651;;;2.0;2;0.0;3.0;2;500;2.0;;65.0;1.0;0.0;1.0;80.0;Haute-Loire;84;Auvergne-Rhône-Alpes
201900000157;138Â 306Â 222;A01;1.0;1;1.0;1.0;1934.0;5.0;8.0;;;0.0;0;;;2.0;7.0;0.0;1.0;2.0;1.0;2.0;;15;2;2019;16:00;1.0;10;10323;2;1.0;1.0;6.0;41 rue Magenta;48,5234470;3,7263510;9;;;;2.0;2;0.0;1.0;(1);(1);1.0;;;1.0;8.0;1.0;50.0;Aube;44;Grand Est
201900000157;138Â 306Â 222;A01;10.0;3;3.0;1.0;1982.0;4.0;4.0;;;2.0;9;1.0;;2.0;7.0;0.0;1.0;2.0;1.0;2.0;;15;2;2019;16:00;1.0;10;10323;2;1.0;1.0;6.0;41 rue Magenta;48,5234470;3,7263510;9;;;;2.0;2;0.0;1.0;(1);(1);1.0;;;1.0;8.0;1.0;50.0;Aube;44;Grand Est
201900000158;138Â 306Â 221;A01;1.0;1;3.0;1.0;1995.0;5.0;1.0;;;0.0;0;;;2.0;7.0;13.0;0.0;3.0;13.0;1.0;;17;2;2019;01:00;3.0;10;10382;1;1.0;1.0;6.0;RD 439;48,4055410;3,4283820;3;439;;;2.0;2;0.0;1.0;4;50;1.0;;;1.0;0.0;3.0;80.0;Aube;44;Grand Est
201900000159;138Â 306Â 220;A01;1.0;1;1.0;2.0;1967.0;3.0;1.0;;;0.0;0;;;0.0;7.0;0.0;1.0;4.0;4.0;1.0;;16;2;2019;12:20;1.0;10;10064;2;9.0;1.0;6.0;rue d'arcis sur aube;48,4009790;4,5176450;6;960;0.0;;;2;0.0;1.0;19;900;1.0;;;1.0;9.0;8.0;20.0;Aube;44;Grand Est
201900000159;138Â 306Â 220;A01;10.0;3;3.0;2.0;1965.0;3.0;0.0;;;8.0;9;1.0;;0.0;7.0;0.0;1.0;4.0;4.0;1.0;;16;2;2019;12:20;1.0;10;10064;2;9.0;1.0;6.0;rue d'arcis sur aube;48,4009790;4,5176450;6;960;0.0;;;2;0.0;1.0;19;900;1.0;;;1.0;9.0;8.0;20.0;Aube;44;Grand Est
201900000160;138Â 306Â 219;A01;1.0;1;3.0;1.0;1992.0;5.0;8.0;;;0.0;0;;;1.0;7.0;6.0;0.0;8.0;1.0;1.0;;16;2;2019;03:10;3.0;10;10176;2;1.0;9.0;6.0;rue du turot;48,2527680;4,6578560;3;46;0.0;;2.0;2;0.0;1.0;(1);(1);1.0;;;7.0;0.0;1.0;;Aube;44;Grand Est
201900000161;138Â 306Â 217;B01;1.0;1;2.0;1.0;1998.0;1.0;2.0;6.0;;0.0;0;;;2.0;2.0;0.0;2.0;1.0;21.0;1.0;;15;2;2019;20:30;3.0;36;36173;1;4.0;1.0;3.0;RD27 PR 20+500;46,6954897;1,2004268;3;27;0.0; -;2.0;2;0.0;1.0;20;500;1.0;;;1.0;9.0;1.0;80.0;Indre;24;Centre-Val de Loire
201900000161;138Â 306Â 218;A01;1.0;1;1.0;1.0;1966.0;1.0;1.0;;;0.0;0;;;1.0;7.0;0.0;2.0;7.0;15.0;1.0;;15;2;2019;20:30;3.0;36;36173;1;4.0;1.0;3.0;RD27 PR 20+500;46,6954897;1,2004268;3;27;0.0; -;2.0;2;0.0;1.0;20;500;1.0;;;1.0;9.0;1.0;80.0;Indre;24;Centre-Val de Loire
201900000162;138Â 306Â 215;A01;1.0;1;3.0;1.0;1984.0;5.0;1.0;;;0.0;0;;;1.0;7.0;0.0;2.0;3.0;13.0;1.0;;15;2;2019;16:50;1.0;16;16134;1;1.0;1.0;3.0;LD St LÃ©onard;45,8720702;0,6831036;2;141;;;2.0;2;0.0;2.0;12;455;1.0;0.0;7.0;1.0;0.0;1.0;80.0;Charente;75;Nouvelle-Aquitaine
201900000162;138Â 306Â 216;B01;1.0;1;3.0;2.0;1967.0;2.0;1.0;;;0.0;0;;;2.0;7.0;0.0;2.0;3.0;1.0;1.0;;15;2;2019;16:50;1.0;16;16134;1;1.0;1.0;3.0;LD St LÃ©onard;45,8720702;0,6831036;2;141;;;2.0;2;0.0;2.0;12;455;1.0;0.0;7.0;1.0;0.0;1.0;80.0;Charente;75;Nouvelle-Aquitaine
201900000163;138Â 306Â 214;A01;1.0;1;3.0;1.0;1965.0;5.0;2.0;;;0.0;0;;;1.0;33.0;0.0;0.0;0.0;1.0;1.0;;16;2;2019;19:00;5.0;16;16223;2;1.0;1.0;7.0;avenue charles de gaulle;45,6637500;0,4967750;3;699;;;4.0;2;0.0;2.0;10;560;1.0;0.0;5.8;1.0;0.0;1.0;50.0;Charente;75;Nouvelle-Aquitaine
201900000164;138Â 306Â 212;B01;1.0;1;2.0;2.0;1974.0;0.0;8.0;;;0.0;0;;;0.0;7.0;0.0;2.0;3.0;1.0;1.0;;16;2;2019;18:00;1.0;07;07128;1;1.0;1.0;1.0;route de satillieu;45,1249510;4,5441020;3;578;0.0;A;2.0;2;0.0;1.0;20;600;2.0;;;1.0;0.0;1.0;80.0;Ardèche;84;Auvergne-Rhône-Alpes
201900000164;138Â 306Â 213;A01;1.0;1;1.0;1.0;1979.0;4.0;8.0;;;0.0;0;;;0.0;7.0;0.0;2.0;3.0;5.0;1.0;;16;2;2019;18:00;1.0;07;07128;1;1.0;1.0;1.0;route de satillieu;45,1249510;4,5441020;3;578;0.0;A;2.0;2;0.0;1.0;20;600;2.0;;;1.0;0.0;1.0;80.0;Ardèche;84;Auvergne-Rhône-Alpes
201900000165;138Â 306Â 211;A01;1.0;1;2.0;1.0;1988.0;5.0;2.0;;;0.0;0;;;1.0;33.0;0.0;0.0;0.0;1.0;1.0;;16;2;2019;16:20;1.0;07;07215;1;1.0;1.0;7.0;DÃ©partementale 120 - lieu-dit LA CHAPELLE;44,8833710;4,5094410;3;120;0.0;D;2.0;2;0.0;1.0;37;800;2.0;;;1.0;0.0;1.0;80.0;Ardèche;84;Auvergne-Rhône-Alpes
201900000166;138Â 306Â 209;A01;1.0;1;4.0;1.0;1979.0;0.0;0.0;;;0.0;0;;;3.0;21.0;0.0;0.0;9.0;16.0;1.0;;16;2;2019;13:35;1.0;07;07347;1;1.0;1.0;7.0;le chambon;45,1940010;4,5374290;4;;0.0;;2.0;2;0.0;2.0;(1);(1);2.0;;;1.0;0.0;8.0;80.0;Ardèche;84;Auvergne-Rhône-Alpes
201900000166;138Â 306Â 209;A01;6.0;2;3.0;1.0;2007.0;0.0;0.0;;;0.0;0;;;3.0;21.0;0.0;0.0;9.0;16.0;1.0;;16;2;2019;13:35;1.0;07;07347;1;1.0;1.0;7.0;le chambon;45,1940010;4,5374290;4;;0.0;;2.0;2;0.0;2.0;(1);(1);2.0;;;1.0;0.0;8.0;80.0;Ardèche;84;Auvergne-Rhône-Alpes
201900000167;138Â 306Â 208;A01;1.0;1;2.0;1.0;1999.0;5.0;1.0;;;0.0;0;;;3.0;7.0;13.0;0.0;1.0;1.0;6.0;;15;2;2019;19:20;3.0;07;07337;1;1.0;1.0;6.0;D270;45,2071080;4,7593330;3;270;0.0;;2.0;2;0.0;1.0;9;950;2.0;;;1.0;2.0;3.0;80.0;Ardèche;84;Auvergne-Rhône-Alpes
201900000167;138Â 306Â 208;A01;2.0;2;1.0;2.0;2003.0;5.0;1.0;;;0.0;0;;;3.0;7.0;13.0;0.0;1.0;1.0;6.0;;15;2;2019;19:20;3.0;07;07337;1;1.0;1.0;6.0;D270;45,2071080;4,7593330;3;270;0.0;;2.0;2;0.0;1.0;9;950;2.0;;;1.0;2.0;3.0;80.0;Ardèche;84;Auvergne-Rhône-Alpes
201900000167;138Â 306Â 208;A01;3.0;2;3.0;2.0;1999.0;5.0;1.0;;;0.0;0;;;3.0;7.0;13.0;0.0;1.0;1.0;6.0;;15;2;2019;19:20;3.0;07;07337;1;1.0;1.0;6.0;D270;45,2071080;4,7593330;3;270;0.0;;2.0;2;0.0;1.0;9;950;2.0;;;1.0;2.0;3.0;80.0;Ardèche;84;Auvergne-Rhône-Alpes
201900000168;138Â 306Â 206;A01;1.0;1;2.0;1.0;2000.0;2.0;2.0;;;0.0;0;;;3.0;31.0;0.0;2.0;1.0;9.0;1.0;;15;2;2019;12:00;1.0;07;07319;2;2.0;1.0;1.0;Rue Vincent Touchet;44,5460550;4,6839250;4;;;;2.0;2;0.0;1.0;(1);(1);1.0;;;1.0;0.0;1.0;50.0;Ardèche;84;Auvergne-Rhône-Alpes
201900000168;138Â 306Â 206;A01;2.0;2;2.0;2.0;2008.0;2.0;2.0;;;0.0;0;;;3.0;31.0;0.0;2.0;1.0;9.0;1.0;;15;2;2019;12:00;1.0;07;07319;2;2.0;1.0;1.0;Rue Vincent Touchet;44,5460550;4,6839250;4;;;;2.0;2;0.0;1.0;(1);(1);1.0;;;1.0;0.0;1.0;50.0;Ardèche;84;Auvergne-Rhône-Alpes
201900000168;138Â 306Â 207;B01;1.0;1;2.0;2.0;1969.0;1.0;1.0;;;0.0;0;;;3.0;7.0;0.0;2.0;3.0;2.0;1.0;;15;2;2019;12:00;1.0;07;07319;2;2.0;1.0;1.0;Rue Vincent Touchet;44,5460550;4,6839250;4;;;;2.0;2;0.0;1.0;(1);(1);1.0;;;1.0;0.0;1.0;50.0;Ardèche;84;Auvergne-Rhône-Alpes
201900000169;138Â 306Â 204;B01;1.0;1;3.0;2.0;1952.0;5.0;8.0;;;0.0;0;;;2.0;7.0;0.0;2.0;1.0;1.0;1.0;;14;2;2019;16:20;1.0;21;21408;1;2.0;1.0;3.0;RD903;47,4002820;5,0405890;3;903;;;2.0;2;0.0;1.0;4;200;1.0;;;1.0;0.0;1.0;80.0;Côte-d'Or;27;Bourgogne-Franche-Comté
201900000169;138Â 306Â 205;A01;1.0;1;2.0;1.0;1924.0;5.0;8.0;;;0.0;0;;;3.0;7.0;0.0;0.0;2.0;19.0;1.0;;14;2;2019;16:20;1.0;21;21408;1;2.0;1.0;3.0;RD903;47,4002820;5,0405890;3;903;;;2.0;2;0.0;1.0;4;200;1.0;;;1.0;0.0;1.0;80.0;Côte-d'Or;27;Bourgogne-Franche-Comté
201900000169;138Â 306Â 205;A01;2.0;2;1.0;2.0;1941.0;5.0;8.0;;;0.0;0;;;3.0;7.0;0.0;0.0;2.0;19.0;1.0;;14;2;2019;16:20;1.0;21;21408;1;2.0;1.0;3.0;RD903;47,4002820;5,0405890;3;903;;;2.0;2;0.0;1.0;4;200;1.0;;;1.0;0.0;1.0;80.0;Côte-d'Or;27;Bourgogne-Franche-Comté
201900000170;138Â 306Â 203;A01;1.0;1;3.0;1.0;1986.0;0.0;2.0;;;0.0;0;;;1.0;2.0;12.0;0.0;7.0;1.0;1.0;;16;2;2019;19:30;3.0;21;21501;1;1.0;1.0;6.0;D16;47,2583010;4,5444024;3;16;0.0;;2.0;2;0.0;1.0;24;600;1.0;;;1.0;2.0;4.0;80.0;Côte-d'Or;27;Bourgogne-Franche-Comté
201900000171;138Â 306Â 201;B01;1.0;1;1.0;1.0;1966.0;4.0;1.0;;;0.0;0;;;1.0;15.0;0.0;2.0;7.0;15.0;1.0;;12;2;2019;15:49;1.0;40;40288;1;1.0;7.0;3.0;CD 932 PK 22+400;44,0104680; -0,3525720;3;932;;;2.0;2;0.0;1.0;22;400;1.0;;;1.0;0.0;1.0;80.0;Landes;75;Nouvelle-Aquitaine
201900000171;138Â 306Â 202;A01;1.0;1;3.0;1.0;1993.0;5.0;2.0;6.0;;0.0;0;;;2.0;33.0;0.0;2.0;1.0;1.0;1.0;;12;2;2019;15:49;1.0;40;40288;1;1.0;7.0;3.0;CD 932 PK 22+400;44,0104680; -0,3525720;3;932;;;2.0;2;0.0;1.0;22;400;1.0;;;1.0;0.0;1.0;80.0;Landes;75;Nouvelle-Aquitaine
201900000172;138Â 306Â 199;A01;2.0;2;1.0;1.0;1986.0;9.0;8.0;;;0.0;0;;;1.0;7.0;0.0;2.0;3.0;5.0;1.0;;16;2;2019;07:00;5.0;24;24551;1;1.0;1.0;1.0;Les Marimonts;45,4278520;0,9309860;2;21;;;2.0;2;0.0;1.0;21;(1);1.0;;;1.0;0.0;1.0;70.0;Dordogne;75;Nouvelle-Aquitaine
201900000172;138Â 306Â 199;A01;1.0;1;3.0;1.0;1993.0;5.0;1.0;;;0.0;0;;;1.0;7.0;0.0;2.0;3.0;5.0;1.0;;16;2;2019;07:00;5.0;24;24551;1;1.0;1.0;1.0;Les Marimonts;45,4278520;0,9309860;2;21;;;2.0;2;0.0;1.0;21;(1);1.0;;;1.0;0.0;1.0;70.0;Dordogne;75;Nouvelle-Aquitaine
201900000172;138Â 306Â 200;B01;1.0;1;1.0;1.0;1985.0;5.0;1.0;5.0;;0.0;0;;;2.0;7.0;0.0;2.0;3.0;1.0;1.0;;16;2;2019;07:00;5.0;24;24551;1;1.0;1.0;1.0;Les Marimonts;45,4278520;0,9309860;2;21;;;2.0;2;0.0;1.0;21;(1);1.0;;;1.0;0.0;1.0;70.0;Dordogne;75;Nouvelle-Aquitaine
201900000172;138Â 306Â 200;B01;2.0;2;1.0;1.0;1987.0;9.0;1.0;5.0;;0.0;0;;;2.0;7.0;0.0;2.0;3.0;1.0;1.0;;16;2;2019;07:00;5.0;24;24551;1;1.0;1.0;1.0;Les Marimonts;45,4278520;0,9309860;2;21;;;2.0;2;0.0;1.0;21;(1);1.0;;;1.0;0.0;1.0;70.0;Dordogne;75;Nouvelle-Aquitaine
201900000173;138Â 306Â 197;B01;2.0;2;3.0;2.0;1998.0;5.0;1.0;;;0.0;0;;;1.0;7.0;0.0;2.0;4.0;9.0;1.0;;16;2;2019;15:25;1.0;04;04145;1;3.0;1.0;2.0;RD4085 / RD951;44,1489530;5,9590890;3;4085;0.0;;2.0;2;0.0;1.0;13;0;2.0;;;1.0;5.0;1.0;80.0;Alpes-de-Haute-Provence;93;Provence-Alpes-Côte d'Azur
201900000173;138Â 306Â 197;B01;1.0;1;2.0;1.0;1996.0;5.0;1.0;;;0.0;0;;;1.0;7.0;0.0;2.0;4.0;9.0;1.0;;16;2;2019;15:25;1.0;04;04145;1;3.0;1.0;2.0;RD4085 / RD951;44,1489530;5,9590890;3;4085;0.0;;2.0;2;0.0;1.0;13;0;2.0;;;1.0;5.0;1.0;80.0;Alpes-de-Haute-Provence;93;Provence-Alpes-Côte d'Azur
201900000173;138Â 306Â 198;A01;1.0;1;1.0;1.0;1991.0;5.0;1.0;;;0.0;0;;;1.0;7.0;0.0;2.0;1.0;17.0;1.0;;16;2;2019;15:25;1.0;04;04145;1;3.0;1.0;2.0;RD4085 / RD951;44,1489530;5,9590890;3;4085;0.0;;2.0;2;0.0;1.0;13;0;2.0;;;1.0;5.0;1.0;80.0;Alpes-de-Haute-Provence;93;Provence-Alpes-Côte d'Azur