Num_Acc;id_vehicule;num_veh;place;catu;grav;sexe;an_nais;trajet;secu1;secu2;secu3;locp;actp;etatp;id_usager;senc;catv;obs;obsm;choc;manv;motor;occutc;jour;mois;an;hrmn;lum;dep;com;agg;int;atm;col;adr;lat;long;catr;voie;v1;v2;circ;nbv;vosp;prof;pr;pr1;plan;lartpc;larrout;surf;infra;situ;vma;nom_departement;reg;nom_region
201900000174;138Â 306Â 196;A01;1.0;1;1.0;2.0;1964.0;5.0;1.0;;;0.0;0;;;3.0;7.0;0.0;1.0;6.0;4.0;1.0;;15;2;2019;14:30;1.0;04;04049;2;1.0;1.0;6.0;Imp Jean Mermoz;44,0719840;5,9902220;4;Imp Jean Mermoz;0.0;;2.0;2;0.0;1.0;0;0;1.0;;;1.0;0.0;1.0;50.0;Alpes-de-Haute-Provence;93;Provence-Alpes-Côte d'Azur
201900000174;138Â 306Â 196;A01;10.0;3;3.0;2.0;1939.0;5.0;0.0;;;1.0;3;2.0;;3.0;7.0;0.0;1.0;6.0;4.0;1.0;;15;2;2019;14:30;1.0;04;04049;2;1.0;1.0;6.0;Imp Jean Mermoz;44,0719840;5,9902220;4;Imp Jean Mermoz;0.0;;2.0;2;0.0;1.0;0;0;1.0;;;1.0;0.0;1.0;50.0;Alpes-de-Haute-Provence;93;Provence-Alpes-Côte d'Azur
201900000175;138Â 306Â 195;A01;1.0;1;3.0;1.0;1972.0;5.0;0.0;;;0.0;0;;;1.0;7.0;0.0;0.0;9.0;1.0;1.0;;15;2;2019;23:50;3.0;04;04230;1;1.0;1.0;7.0;RD 8;43,8665326;6,0104603;3;8;0.0;;2.0;2;0.0;1.0;32;300;2.0;;;1.0;0.0;3.0;80.0;Alpes-de-Haute-Provence;93;Provence-Alpes-Côte d'Azur
201900000176;138Â 306Â 193;A01;1.0;1;2.0;1.0;1996.0;5.0;1.0;;;0.0;0;;;1.0;7.0;0.0;2.0;1.0;2.0;0.0;;15;2;2019;19:55;3.0;85;85090;1;1.0;1.0;2.0;ZI de la Blauderie;46,8161800; -0,8690000;3;752;0.0;;2.0;3;0.0;1.0;19;635;1.0;;;1.0;0.0;1.0;80.0;Vendée;52;Pays de la Loire
201900000176;138Â 306Â 194;B01;9.0;2;4.0;2.0;1936.0;5.0;1.0;;;0.0;0;;;1.0;7.0;0.0;0.0;4.0;2.0;0.0;;15;2;2019;19:55;3.0;85;85090;1;1.0;1.0;2.0;ZI de la Blauderie;46,8161800; -0,8690000;3;752;0.0;;2.0;3;0.0;1.0;19;635;1.0;;;1.0;0.0;1.0;80.0;Vendée;52;Pays de la Loire
201900000176;138Â 306Â 194;B01;2.0;2;3.0;2.0;1971.0;5.0;1.0;;;0.0;0;;;1.0;7.0;0.0;0.0;4.0;2.0;0.0;;15;2;2019;19:55;3.0;85;85090;1;1.0;1.0;2.0;ZI de la Blauderie;46,8161800; -0,8690000;3;752;0.0;;2.0;3;0.0;1.0;19;635;1.0;;;1.0;0.0;1.0;80.0;Vendée;52;Pays de la Loire
201900000176;138Â 306Â 194;B01;7.0;2;2.0;1.0;1999.0;5.0;1.0;;;0.0;0;;;1.0;7.0;0.0;0.0;4.0;2.0;0.0;;15;2;2019;19:55;3.0;85;85090;1;1.0;1.0;2.0;ZI de la Blauderie;46,8161800; -0,8690000;3;752;0.0;;2.0;3;0.0;1.0;19;635;1.0;;;1.0;0.0;1.0;80.0;Vendée;52;Pays de la Loire
201900000176;138Â 306Â 194;B01;1.0;1;2.0;1.0;1973.0;5.0;1.0;;;0.0;0;;;1.0;7.0;0.0;0.0;4.0;2.0;0.0;;15;2;2019;19:55;3.0;85;85090;1;1.0;1.0;2.0;ZI de la Blauderie;46,8161800; -0,8690000;3;752;0.0;;2.0;3;0.0;1.0;19;635;1.0;;;1.0;0.0;1.0;80.0;Vendée;52;Pays de la Loire
201900000177;138Â 306Â 190;A01;1.0;1;3.0;1.0;2002.0;5.0;2.0;6.0;;0.0;0;;;3.0;2.0;13.0;0.0;8.0;14.0;1.0;;15;2;2019;15:45;1.0;85;85008;1;1.0;1.0;7.0;Rue des Chardonnerets;46,6302000; -1,4424200;4;Rue des Chardonnerets;;;2.0;2;0.0;1.0;0;0;1.0;;;1.0;0.0;3.0;80.0;Vendée;52;Pays de la Loire
201900000178;138Â 306Â 188;B01;1.0;1;4.0;2.0;1971.0;5.0;1.0;;;0.0;0;;;1.0;7.0;0.0;2.0;2.0;1.0;1.0;;16;2;2019;18:00;2.0;27;27055;1;2.0;7.0;3.0;intersection D 175 et D 61;49,1149060;1,0750410;3;61;0.0;;2.0;2;0.0;1.0;33;200;1.0;;;1.0;0.0;1.0;80.0;Eure;28;Normandie
201900000178;138Â 306Â 189;A01;7.0;2;1.0;1.0;2003.0;5.0;1.0;;;0.0;0;;;1.0;7.0;0.0;2.0;3.0;1.0;1.0;;16;2;2019;18:00;2.0;27;27055;1;2.0;7.0;3.0;intersection D 175 et D 61;49,1149060;1,0750410;3;61;0.0;;2.0;2;0.0;1.0;33;200;1.0;;;1.0;0.0;1.0;80.0;Eure;28;Normandie
201900000178;138Â 306Â 189;A01;9.0;2;1.0;1.0;2010.0;5.0;3.0;;;0.0;0;;;1.0;7.0;0.0;2.0;3.0;1.0;1.0;;16;2;2019;18:00;2.0;27;27055;1;2.0;7.0;3.0;intersection D 175 et D 61;49,1149060;1,0750410;3;61;0.0;;2.0;2;0.0;1.0;33;200;1.0;;;1.0;0.0;1.0;80.0;Eure;28;Normandie
201900000178;138Â 306Â 189;A01;8.0;2;1.0;1.0;2006.0;5.0;1.0;;;0.0;0;;;1.0;7.0;0.0;2.0;3.0;1.0;1.0;;16;2;2019;18:00;2.0;27;27055;1;2.0;7.0;3.0;intersection D 175 et D 61;49,1149060;1,0750410;3;61;0.0;;2.0;2;0.0;1.0;33;200;1.0;;;1.0;0.0;1.0;80.0;Eure;28;Normandie
201900000178;138Â 306Â 189;A01;2.0;2;1.0;2.0;1976.0;5.0;1.0;;;0.0;0;;;1.0;7.0;0.0;2.0;3.0;1.0;1.0;;16;2;2019;18:00;2.0;27;27055;1;2.0;7.0;3.0;intersection D 175 et D 61;49,1149060;1,0750410;3;61;0.0;;2.0;2;0.0;1.0;33;200;1.0;;;1.0;0.0;1.0;80.0;Eure;28;Normandie
201900000178;138Â 306Â 189;A01;1.0;1;2.0;1.0;1971.0;5.0;1.0;;;0.0;0;;;1.0;7.0;0.0;2.0;3.0;1.0;1.0;;16;2;2019;18:00;2.0;27;27055;1;2.0;7.0;3.0;intersection D 175 et D 61;49,1149060;1,0750410;3;61;0.0;;2.0;2;0.0;1.0;33;200;1.0;;;1.0;0.0;1.0;80.0;Eure;28;Normandie
201900000179;138Â 306Â 187;A01;1.0;1;3.0;1.0;1966.0;5.0;2.0;6.0;;0.0;0;;;2.0;31.0;3.0;0.0;0.0;1.0;1.0;;17;2;2019;16:10;1.0;28;28335;1;1.0;1.0;7.0;D920;48,4801550;1,0946140;3;920;0.0;;2.0;2;0.0;1.0;12;700;2.0;;;1.0;0.0;3.0;70.0;Eure-et-Loir;24;Centre-Val de Loire
201900000180;138Â 306Â 185;B01;9.0;2;1.0;1.0;2014.0;5.0;1.0;;;0.0;0;;;2.0;7.0;0.0;0.0;5.0;2.0;1.0;;16;2;2019;19:20;3.0;28;28014;1;1.0;1.0;2.0;lieu dit le printemps;48,6497800;1,2914890;3;928;;;2.0;2;0.0;3.0;35;670;1.0;;;1.0;0.0;1.0;70.0;Eure-et-Loir;24;Centre-Val de Loire
201900000180;138Â 306Â 185;B01;7.0;2;1.0;1.0;2018.0;5.0;1.0;;;0.0;0;;;2.0;7.0;0.0;0.0;5.0;2.0;1.0;;16;2;2019;19:20;3.0;28;28014;1;1.0;1.0;2.0;lieu dit le printemps;48,6497800;1,2914890;3;928;;;2.0;2;0.0;3.0;35;670;1.0;;;1.0;0.0;1.0;70.0;Eure-et-Loir;24;Centre-Val de Loire
201900000180;138Â 306Â 185;B01;2.0;2;1.0;1.0;1991.0;5.0;1.0;;;0.0;0;;;2.0;7.0;0.0;0.0;5.0;2.0;1.0;;16;2;2019;19:20;3.0;28;28014;1;1.0;1.0;2.0;lieu dit le printemps;48,6497800;1,2914890;3;928;;;2.0;2;0.0;3.0;35;670;1.0;;;1.0;0.0;1.0;70.0;Eure-et-Loir;24;Centre-Val de Loire
201900000180;138Â 306Â 185;B01;1.0;1;1.0;2.0;1992.0;5.0;1.0;;;0.0;0;;;2.0;7.0;0.0;0.0;5.0;2.0;1.0;;16;2;2019;19:20;3.0;28;28014;1;1.0;1.0;2.0;lieu dit le printemps;48,6497800;1,2914890;3;928;;;2.0;2;0.0;3.0;35;670;1.0;;;1.0;0.0;1.0;70.0;Eure-et-Loir;24;Centre-Val de Loire
201900000180;138Â 306Â 186;A01;1.0;1;4.0;1.0;1997.0;0.0;2.0;;;0.0;0;;;2.0;33.0;0.0;2.0;1.0;2.0;1.0;;16;2;2019;19:20;3.0;28;28014;1;1.0;1.0;2.0;lieu dit le printemps;48,6497800;1,2914890;3;928;;;2.0;2;0.0;3.0;35;670;1.0;;;1.0;0.0;1.0;70.0;Eure-et-Loir;24;Centre-Val de Loire
201900000181;138Â 306Â 182;C01;1.0;1;3.0;1.0;1953.0;5.0;2.0;;;0.0;0;;;2.0;1.0;0.0;2.0;0.0;1.0;5.0;;16;2;2019;15:30;1.0;28;28287;1;1.0;1.0;5.0;D.153.4 PK: 08+550;48,1574460;1,6877360;3;153.4;;;2.0;2;0.0;1.0;9;450;1.0;;;1.0;0.0;1.0;80.0;Eure-et-Loir;24;Centre-Val de Loire
201900000181;138Â 306Â 183;B01;1.0;1;1.0;1.0;1993.0;5.0;2.0;;;0.0;0;;;2.0;1.0;0.0;2.0;0.0;1.0;5.0;;16;2;2019;15:30;1.0;28;28287;1;1.0;1.0;5.0;D.153.4 PK: 08+550;48,1574460;1,6877360;3;153.4;;;2.0;2;0.0;1.0;9;450;1.0;;;1.0;0.0;1.0;80.0;Eure-et-Loir;24;Centre-Val de Loire
201900000181;138Â 306Â 184;A01;1.0;1;1.0;2.0;2002.0;5.0;1.0;;;0.0;0;;;2.0;3.0;0.0;2.0;7.0;17.0;1.0;;16;2;2019;15:30;1.0;28;28287;1;1.0;1.0;5.0;D.153.4 PK: 08+550;48,1574460;1,6877360;3;153.4;;;2.0;2;0.0;1.0;9;450;1.0;;;1.0;0.0;1.0;80.0;Eure-et-Loir;24;Centre-Val de Loire
201900000182;138Â 306Â 180;B01;1.0;1;4.0;1.0;1943.0;5.0;0.0;;;0.0;0;;;1.0;1.0;0.0;0.0;4.0;2.0;5.0;;18;2;2019;11:45;1.0;28;28137;1;1.0;1.0;2.0;D32;48,5515960;1,7361330;3;32;0.0;;2.0;1;0.0;4.0;20;63;1.0;;;1.0;0.0;1.0;80.0;Eure-et-Loir;24;Centre-Val de Loire
201900000182;138Â 306Â 181;A01;1.0;1;1.0;1.0;1995.0;0.0;1.0;;;0.0;0;;;1.0;7.0;0.0;2.0;1.0;17.0;1.0;;18;2;2019;11:45;1.0;28;28137;1;1.0;1.0;2.0;D32;48,5515960;1,7361330;3;32;0.0;;2.0;1;0.0;4.0;20;63;1.0;;;1.0;0.0;1.0;80.0;Eure-et-Loir;24;Centre-Val de Loire
201900000183;138Â 306Â 178;B01;1.0;1;3.0;1.0;1966.0;0.0;2.0;6.0;;0.0;0;;;1.0;33.0;0.0;2.0;3.0;1.0;1.0;;16;2;2019;18:19;1.0;17;17236;2;3.0;1.0;3.0;avenue des comtes duchatel;45,3735940; -0,5665920;3;730;;D;2.0;2;0.0;2.0;(1);(1);3.0;;;1.0;0.0;1.0;50.0;Charente-Maritime;75;Nouvelle-Aquitaine
201900000183;138Â 306Â 179;A01;1.0;1;1.0;2.0;1965.0;9.0;1.0;;;0.0;0;;;1.0;7.0;0.0;2.0;6.0;0.0;1.0;;16;2;2019;18:19;1.0;17;17236;2;3.0;1.0;3.0;avenue des comtes duchatel;45,3735940; -0,5665920;3;730;;D;2.0;2;0.0;2.0;(1);(1);3.0;;;1.0;0.0;1.0;50.0;Charente-Maritime;75;Nouvelle-Aquitaine
201900000184;138Â 306Â 176;A01;1.0;1;1.0;1.0;1965.0;0.0;1.0;;;0.0;0;;;1.0;7.0;0.0;2.0;2.0;1.0;1.0;;15;2;2019;20:50;5.0;17;17106;2;2.0;1.0;3.0;intersection RD 731 + RD 128;45,5676690; -0,3099060;3;731;0.0;;2.0;2;0.0;1.0;28;100;1.0;;;1.0;0.0;1.0;70.0;Charente-Maritime;75;Nouvelle-Aquitaine
201900000184;138Â 306Â 177;B01;1.0;1;3.0;1.0;2004.0;5.0;2.0;;;0.0;0;;;1.0;2.0;0.0;2.0;3.0;19.0;1.0;;15;2;2019;20:50;5.0;17;17106;2;2.0;1.0;3.0;intersection RD 731 + RD 128;45,5676690; -0,3099060;3;731;0.0;;2.0;2;0.0;1.0;28;100;1.0;;;1.0;0.0;1.0;70.0;Charente-Maritime;75;Nouvelle-Aquitaine
201900000185;138Â 306Â 175;A01;4.0;2;1.0;1.0;1986.0;5.0;8.0;;;0.0;0;;;2.0;7.0;0.0;0.0;9.0;1.0;1.0;;16;2;2019;06:45;2.0;17;17349;1;1.0;1.0;7.0;D115;46,2637120; -0,8812270;3;115;;;2.0;2;0.0;1.0;0;500;2.0;;;1.0;0.0;3.0;80.0;Charente-Maritime;75;Nouvelle-Aquitaine
201900000185;138Â 306Â 175;A01;5.0;2;1.0;1.0;1997.0;5.0;8.0;;;0.0;0;;;2.0;7.0;0.0;0.0;9.0;1.0;1.0;;16;2;2019;06:45;2.0;17;17349;1;1.0;1.0;7.0;D115;46,2637120; -0,8812270;3;115;;;2.0;2;0.0;1.0;0;500;2.0;;;1.0;0.0;3.0;80.0;Charente-Maritime;75;Nouvelle-Aquitaine
201900000185;138Â 306Â 175;A01;2.0;2;3.0;1.0;1986.0;5.0;8.0;;;0.0;0;;;2.0;7.0;0.0;0.0;9.0;1.0;1.0;;16;2;2019;06:45;2.0;17;17349;1;1.0;1.0;7.0;D115;46,2637120; -0,8812270;3;115;;;2.0;2;0.0;1.0;0;500;2.0;;;1.0;0.0;3.0;80.0;Charente-Maritime;75;Nouvelle-Aquitaine
201900000185;138Â 306Â 175;A01;1.0;1;3.0;2.0;1992.0;5.0;8.0;;;0.0;0;;;2.0;7.0;0.0;0.0;9.0;1.0;1.0;;16;2;2019;06:45;2.0;17;17349;1;1.0;1.0;7.0;D115;46,2637120; -0,8812270;3;115;;;2.0;2;0.0;1.0;0;500;2.0;;;1.0;0.0;3.0;80.0;Charente-Maritime;75;Nouvelle-Aquitaine
201900000185;138Â 306Â 175;A01;3.0;2;2.0;2.0;1993.0;5.0;8.0;;;0.0;0;;;2.0;7.0;0.0;0.0;9.0;1.0;1.0;;16;2;2019;06:45;2.0;17;17349;1;1.0;1.0;7.0;D115;46,2637120; -0,8812270;3;115;;;2.0;2;0.0;1.0;0;500;2.0;;;1.0;0.0;3.0;80.0;Charente-Maritime;75;Nouvelle-Aquitaine
201900000186;138Â 306Â 173;B01;1.0;1;1.0;2.0;1993.0;1.0;1.0;;;0.0;0;;;2.0;7.0;0.0;2.0;3.0;1.0;1.0;;15;2;2019;17:50;1.0;52;52058;2;1.0;1.0;3.0;rue James BEAUS;48,1998780;5,1421880;4;;;;2.0;2;0.0;1.0;(1);(1);1.0;;;1.0;0.0;1.0;50.0;Haute-Marne;44;Grand Est
201900000186;138Â 306Â 174;A01;1.0;1;2.0;1.0;2002.0;5.0;2.0;6.0;;0.0;0;;;3.0;2.0;0.0;0.0;8.0;19.0;1.0;;15;2;2019;17:50;1.0;52;52058;2;1.0;1.0;3.0;rue James BEAUS;48,1998780;5,1421880;4;;;;2.0;2;0.0;1.0;(1);(1);1.0;;;1.0;0.0;1.0;50.0;Haute-Marne;44;Grand Est
201900000187;138Â 306Â 171;B01;1.0;1;3.0;1.0;2004.0;5.0;2.0;;;0.0;0;;;2.0;2.0;0.0;2.0;3.0;1.0;1.0;;15;2;2019;14:15;1.0;68;68321;1;1.0;7.0;1.0;RD19;47,8264172;7,2504650;3;19;0.0;D;2.0;2;0.0;1.0;16;950;3.0;;;1.0;0.0;1.0;70.0;Haut-Rhin;44;Grand Est
201900000187;138Â 306Â 172;A01;1.0;1;1.0;1.0;1953.0;5.0;1.0;;;0.0;0;;;1.0;7.0;3.0;0.0;3.0;21.0;1.0;;15;2;2019;14:15;1.0;68;68321;1;1.0;7.0;1.0;RD19;47,8264172;7,2504650;3;19;0.0;D;2.0;2;0.0;1.0;16;950;3.0;;;1.0;0.0;1.0;70.0;Haut-Rhin;44;Grand Est
201900000188;138Â 306Â 169;B01;1.0;1;2.0;1.0;1957.0;5.0;0.0;;;0.0;0;;;2.0;1.0;0.0;2.0;3.0;1.0;5.0;;14;2;2019;15:15;1.0;68;68375;1;1.0;1.0;3.0;RD2 intersection rue d'ensisheim;47,8164620;7,2676050;3;2;;;2.0;2;0.0;2.0;7;100;1.0;;;1.0;0.0;1.0;80.0;Haut-Rhin;44;Grand Est
201900000188;138Â 306Â 170;A01;1.0;1;1.0;2.0;1934.0;5.0;1.0;;;0.0;0;;;1.0;7.0;0.0;9.0;1.0;15.0;1.0;;14;2;2019;15:15;1.0;68;68375;1;1.0;1.0;3.0;RD2 intersection rue d'ensisheim;47,8164620;7,2676050;3;2;;;2.0;2;0.0;2.0;7;100;1.0;;;1.0;0.0;1.0;80.0;Haut-Rhin;44;Grand Est
201900000189;138Â 306Â 167;A01;1.0;1;1.0;1.0;1970.0;3.0;1.0;;;0.0;0;;;0.0;7.0;0.0;2.0;3.0;1.0;1.0;;15;2;2019;17:55;2.0;78;78356;2;2.0;1.0;3.0;CHEMIN DE LA CHAPELLE;48,7173500;2,0783630;4;;;;2.0;2;0.0;1.0;1;0;1.0;;;1.0;0.0;1.0;50.0;Yvelines;11;Île-de-France
201900000189;138Â 306Â 168;B01;1.0;1;2.0;1.0;2001.0;5.0;2.0;;;0.0;0;;;0.0;2.0;0.0;2.0;1.0;1.0;1.0;;15;2;2019;17:55;2.0;78;78356;2;2.0;1.0;3.0;CHEMIN DE LA CHAPELLE;48,7173500;2,0783630;4;;;;2.0;2;0.0;1.0;1;0;1.0;;;1.0;0.0;1.0;50.0;Yvelines;11;Île-de-France
201900000190;138Â 306Â 165;B01;1.0;1;3.0;1.0;1983.0;0.0;1.0;;;0.0;0;;;2.0;7.0;0.0;2.0;1.0;17.0;1.0;;15;2;2019;16:05;1.0;973;97307;1;1.0;1.0;1.0;Route Nationale 1 PK 8+500;4,8992890; -52,3617710;2;1;0.0;;2.0;2;0.0;1.0;8;500;1.0;;;1.0;0.0;1.0;70.0;Guyane;03;Guyane
201900000190;138Â 306Â 166;A01;1.0;1;3.0;2.0;1963.0;0.0;1.0;;;0.0;0;;;1.0;7.0;0.0;2.0;3.0;1.0;1.0;;15;2;2019;16:05;1.0;973;97307;1;1.0;1.0;1.0;Route Nationale 1 PK 8+500;4,8992890; -52,3617710;2;1;0.0;;2.0;2;0.0;1.0;8;500;1.0;;;1.0;0.0;1.0;70.0;Guyane;03;Guyane
201900000191;138Â 306Â 163;B01;1.0;1;2.0;2.0;1955.0;0.0;1.0;;;0.0;0;;;2.0;7.0;0.0;2.0;1.0;0.0;2.0;;15;2;2019;18:00;2.0;80;80160;1;1.0;7.0;6.0;a29 - pk 198+000;49,8514810;2,3406420;1;29;;;1.0;2;0.0;2.0;198;(1);1.0;;;1.0;0.0;2.0;110.0;Somme;32;Hauts-de-France
201900000191;138Â 306Â 163;B01;2.0;2;1.0;1.0;1943.0;0.0;1.0;;;0.0;0;;;2.0;7.0;0.0;2.0;1.0;0.0;2.0;;15;2;2019;18:00;2.0;80;80160;1;1.0;7.0;6.0;a29 - pk 198+000;49,8514810;2,3406420;1;29;;;1.0;2;0.0;2.0;198;(1);1.0;;;1.0;0.0;2.0;110.0;Somme;32;Hauts-de-France
201900000191;138Â 306Â 163;B01;2.0;2;1.0;1.0;1943.0;0.0;1.0;;;0.0;0;;;2.0;7.0;0.0;2.0;1.0;0.0;2.0;;15;2;2019;18:00;2.0;80;80160;1;1.0;7.0;6.0;a29 - pk 198+000;49,8514810;2,3406420;1;29;;;1.0;2;0.0;2.0;198;(1);1.0;;;1.0;0.0;2.0;110.0;Somme;32;Hauts-de-France
201900000191;138Â 306Â 164;A01;1.0;1;1.0;2.0;1991.0;0.0;1.0;;;0.0;0;;;2.0;7.0;0.0;0.0;0.0;2.0;0.0;;15;2;2019;18:00;2.0;80;80160;1;1.0;7.0;6.0;a29 - pk 198+000;49,8514810;2,3406420;1;29;;;1.0;2;0.0;2.0;198;(1);1.0;;;1.0;0.0;2.0;110.0;Somme;32;Hauts-de-France
201900000191;138Â 306Â 164;A01;9.0;2;1.0;1.0;2016.0;9.0;3.0;;;0.0;0;;;2.0;7.0;0.0;0.0;0.0;2.0;0.0;;15;2;2019;18:00;2.0;80;80160;1;1.0;7.0;6.0;a29 - pk 198+000;49,8514810;2,3406420;1;29;;;1.0;2;0.0;2.0;198;(1);1.0;;;1.0;0.0;2.0;110.0;Somme;32;Hauts-de-France
201900000192;138Â 306Â 161;B01;1.0;1;2.0;1.0;1994.0;5.0;0.0;;;0.0;0;;;1.0;1.0;0.0;0.0;0.0;1.0;5.0;;17;2;2019;19:10;2.0;76;76660;1;1.0;1.0;3.0;N 1029;49,4425301;0,2726543;2;1029;;;3.0;4;1.0;2.0;3;200;1.0;;;1.0;2.0;5.0;70.0;Seine-Maritime;28;Normandie
201900000192;138Â 306Â 162;A01;1.0;1;1.0;1.0;1959.0;5.0;2.0;6.0;;0.0;0;;;1.0;33.0;0.0;0.0;0.0;0.0;1.0;;17;2;2019;19:10;2.0;76;76660;1;1.0;1.0;3.0;N 1029;49,4425301;0,2726543;2;1029;;;3.0;4;1.0;2.0;3;200;1.0;;;1.0;2.0;5.0;70.0;Seine-Maritime;28;Normandie
201900000192;138Â 306Â 162;A01;2.0;2;3.0;2.0;1962.0;5.0;2.0;6.0;;0.0;0;;;1.0;33.0;0.0;0.0;0.0;0.0;1.0;;17;2;2019;19:10;2.0;76;76660;1;1.0;1.0;3.0;N 1029;49,4425301;0,2726543;2;1029;;;3.0;4;1.0;2.0;3;200;1.0;;;1.0;2.0;5.0;70.0;Seine-Maritime;28;Normandie
201900000193;138Â 306Â 159;B01;1.0;1;4.0;1.0;1931.0;5.0;0.0;;;0.0;0;;;2.0;7.0;0.0;0.0;4.0;23.0;6.0;;18;2;2019;17:35;1.0;60;60030;1;1.0;1.0;2.0;autoroute A16;49,3304480;2,0980350;1;16;;;1.0;4;3.0;3.0;59;850;1.0;;;1.0;0.0;1.0;130.0;Oise;32;Hauts-de-France
201900000193;138Â 306Â 160;A01;1.0;1;1.0;1.0;1976.0;4.0;1.0;;;0.0;0;;;2.0;7.0;1.0;0.0;1.0;2.0;6.0;;18;2;2019;17:35;1.0;60;60030;1;1.0;1.0;2.0;autoroute A16;49,3304480;2,0980350;1;16;;;1.0;4;3.0;3.0;59;850;1.0;;;1.0;0.0;1.0;130.0;Oise;32;Hauts-de-France
201900000194;138Â 306Â 158;A01;1.0;1;3.0;1.0;1977.0;4.0;1.0;;;0.0;0;;;2.0;13.0;3.0;0.0;3.0;1.0;1.0;;15;2;2019;11:50;1.0;67;67194;1;1.0;1.0;6.0;Autoroute A35 PK 231.900;48,7418570;7,9073540;1;35;;;1.0;4;0.0;1.0;231;900;1.0;;;1.0;0.0;1.0;130.0;Bas-Rhin;44;Grand Est
201900000195;138Â 306Â 156;B01;1.0;1;3.0;1.0;1995.0;4.0;1.0;;;0.0;0;;;1.0;15.0;0.0;2.0;1.0;2.0;1.0;;15;2;2019;11:45;1.0;67;67106;1;1.0;1.0;2.0;A35 PK231.600;48,7704440;7,9365640;1;35;0.0;;1.0;4;0.0;1.0;231;600;1.0;;;1.0;0.0;1.0;90.0;Bas-Rhin;44;Grand Est
201900000195;138Â 306Â 157;A01;1.0;1;1.0;1.0;1985.0;4.0;1.0;;;0.0;0;;;1.0;15.0;0.0;0.0;4.0;1.0;1.0;;15;2;2019;11:45;1.0;67;67106;1;1.0;1.0;2.0;A35 PK231.600;48,7704440;7,9365640;1;35;0.0;;1.0;4;0.0;1.0;231;600;1.0;;;1.0;0.0;1.0;90.0;Bas-Rhin;44;Grand Est
201900000196;138Â 306Â 154;A01;1.0;1;1.0;1.0;1996.0;5.0;1.0;;;0.0;0;;;2.0;7.0;0.0;2.0;2.0;15.0;1.0;;12;2;2019;21:00;5.0;67;67471;2;5.0;1.0;3.0;route de Brumath;48,6352050;7,7277000;3;263;0.0;D;2.0;3;0.0;1.0;4;840;1.0;;;1.0;5.0;1.0;50.0;Bas-Rhin;44;Grand Est
201900000196;138Â 306Â 155;B01;1.0;1;3.0;1.0;1990.0;1.0;0.0;;;0.0;0;;;1.0;2.0;0.0;2.0;1.0;1.0;1.0;;12;2;2019;21:00;5.0;67;67471;2;5.0;1.0;3.0;route de Brumath;48,6352050;7,7277000;3;263;0.0;D;2.0;3;0.0;1.0;4;840;1.0;;;1.0;5.0;1.0;50.0;Bas-Rhin;44;Grand Est
201900000197;138Â 306Â 153;A01;10.0;3;2.0;2.0;2010.0;2.0;0.0;;;5.0;5;2.0;;3.0;7.0;0.0;1.0;6.0;1.0;0.0;;15;2;2019;16:35;1.0;42;42279;2;1.0;1.0;6.0;rue jacques prÃ©vert;45,4970700;4,2381500;4;;;;1.0;1;0.0;1.0;(1);(1);1.0;;;1.0;9.0;1.0;50.0;Loire;84;Auvergne-Rhône-Alpes
201900000197;138Â 306Â 153;A01;1.0;1;1.0;2.0;1990.0;4.0;1.0;;;0.0;0;;;3.0;7.0;0.0;1.0;6.0;1.0;0.0;;15;2;2019;16:35;1.0;42;42279;2;1.0;1.0;6.0;rue jacques prÃ©vert;45,4970700;4,2381500;4;;;;1.0;1;0.0;1.0;(1);(1);1.0;;;1.0;9.0;1.0;50.0;Loire;84;Auvergne-Rhône-Alpes
201900000198;138Â 306Â 152;A01;1.0;1;2.0;1.0;1997.0;5.0;1.0;;;0.0;0;;;3.0;7.0;13.0;0.0;9.0;15.0;1.0;;16;2;2019;23:25;3.0;82;82018;1;1.0;1.0;7.0;chemin saulou;44,1099560;1,5160330;4;chemin saulou;0.0;;2.0;2;0.0;1.0;(1);(1);2.0;;;1.0;0.0;3.0;80.0;Tarn-et-Garonne;76;Occitanie
201900000199;138Â 306Â 148;A01;2.0;2;2.0;2.0;1994.0;5.0;1.0;;;0.0;0;;;1.0;7.0;0.0;2.0;2.0;2.0;1.0;;17;2;2019;12:25;1.0;33;33527;1;1.0;1.0;4.0;A660 - PK016.850;44,6127700; -1,0365700;1;660;;;3.0;4;0.0;1.0;16;850;1.0;;;1.0;0.0;1.0;;Gironde;75;Nouvelle-Aquitaine
201900000199;138Â 306Â 148;A01;1.0;1;1.0;1.0;1995.0;5.0;1.0;;;0.0;0;;;1.0;7.0;0.0;2.0;2.0;2.0;1.0;;17;2;2019;12:25;1.0;33;33527;1;1.0;1.0;4.0;A660 - PK016.850;44,6127700; -1,0365700;1;660;;;3.0;4;0.0;1.0;16;850;1.0;;;1.0;0.0;1.0;;Gironde;75;Nouvelle-Aquitaine