Num_Acc;id_vehicule;num_veh;place;catu;grav;sexe;an_nais;trajet;secu1;secu2;secu3;locp;actp;etatp;id_usager;senc;catv;obs;obsm;choc;manv;motor;occutc;jour;mois;an;hrmn;lum;dep;com;agg;int;atm;col;adr;lat;long;catr;voie;v1;v2;circ;nbv;vosp;prof;pr;pr1;plan;lartpc;larrout;surf;infra;situ;vma;nom_departement;reg;nom_region
201900000199;138Â 306Â 149;B01;2.0;2;1.0;1.0;1992.0;5.0;1.0;;;0.0;0;;;1.0;7.0;0.0;2.0;6.0;2.0;1.0;;17;2;2019;12:25;1.0;33;33527;1;1.0;1.0;4.0;A660 - PK016.850;44,6127700; -1,0365700;1;660;;;3.0;4;0.0;1.0;16;850;1.0;;;1.0;0.0;1.0;;Gironde;75;Nouvelle-Aquitaine
201900000199;138Â 306Â 149;B01;1.0;1;2.0;2.0;1986.0;5.0;1.0;;;0.0;0;;;1.0;7.0;0.0;2.0;6.0;2.0;1.0;;17;2;2019;12:25;1.0;33;33527;1;1.0;1.0;4.0;A660 - PK016.850;44,6127700; -1,0365700;1;660;;;3.0;4;0.0;1.0;16;850;1.0;;;1.0;0.0;1.0;;Gironde;75;Nouvelle-Aquitaine
201900000199;138Â 306Â 149;B01;9.0;2;1.0;1.0;2017.0;5.0;3.0;;;0.0;0;;;1.0;7.0;0.0;2.0;6.0;2.0;1.0;;17;2;2019;12:25;1.0;33;33527;1;1.0;1.0;4.0;A660 - PK016.850;44,6127700; -1,0365700;1;660;;;3.0;4;0.0;1.0;16;850;1.0;;;1.0;0.0;1.0;;Gironde;75;Nouvelle-Aquitaine
201900000199;138Â 306Â 150;C01;1.0;1;1.0;1.0;1949.0;5.0;1.0;;;0.0;0;;;1.0;7.0;0.0;2.0;8.0;2.0;1.0;;17;2;2019;12:25;1.0;33;33527;1;1.0;1.0;4.0;A660 - PK016.850;44,6127700; -1,0365700;1;660;;;3.0;4;0.0;1.0;16;850;1.0;;;1.0;0.0;1.0;;Gironde;75;Nouvelle-Aquitaine
201900000199;138Â 306Â 150;C01;2.0;2;1.0;2.0;1977.0;5.0;1.0;;;0.0;0;;;1.0;7.0;0.0;2.0;8.0;2.0;1.0;;17;2;2019;12:25;1.0;33;33527;1;1.0;1.0;4.0;A660 - PK016.850;44,6127700; -1,0365700;1;660;;;3.0;4;0.0;1.0;16;850;1.0;;;1.0;0.0;1.0;;Gironde;75;Nouvelle-Aquitaine
201900000199;138Â 306Â 150;C01;9.0;2;1.0;2.0;2011.0;5.0;1.0;;;0.0;0;;;1.0;7.0;0.0;2.0;8.0;2.0;1.0;;17;2;2019;12:25;1.0;33;33527;1;1.0;1.0;4.0;A660 - PK016.850;44,6127700; -1,0365700;1;660;;;3.0;4;0.0;1.0;16;850;1.0;;;1.0;0.0;1.0;;Gironde;75;Nouvelle-Aquitaine
201900000199;138Â 306Â 150;C01;7.0;2;1.0;1.0;2008.0;5.0;1.0;;;0.0;0;;;1.0;7.0;0.0;2.0;8.0;2.0;1.0;;17;2;2019;12:25;1.0;33;33527;1;1.0;1.0;4.0;A660 - PK016.850;44,6127700; -1,0365700;1;660;;;3.0;4;0.0;1.0;16;850;1.0;;;1.0;0.0;1.0;;Gironde;75;Nouvelle-Aquitaine
201900000199;138Â 306Â 150;C01;8.0;2;1.0;1.0;2012.0;5.0;1.0;;;0.0;0;;;1.0;7.0;0.0;2.0;8.0;2.0;1.0;;17;2;2019;12:25;1.0;33;33527;1;1.0;1.0;4.0;A660 - PK016.850;44,6127700; -1,0365700;1;660;;;3.0;4;0.0;1.0;16;850;1.0;;;1.0;0.0;1.0;;Gironde;75;Nouvelle-Aquitaine
201900000199;138Â 306Â 151;D01;2.0;2;2.0;2.0;1977.0;5.0;1.0;;;0.0;0;;;1.0;7.0;0.0;2.0;5.0;2.0;1.0;;17;2;2019;12:25;1.0;33;33527;1;1.0;1.0;4.0;A660 - PK016.850;44,6127700; -1,0365700;1;660;;;3.0;4;0.0;1.0;16;850;1.0;;;1.0;0.0;1.0;;Gironde;75;Nouvelle-Aquitaine
201900000199;138Â 306Â 151;D01;9.0;2;1.0;1.0;2014.0;5.0;3.0;;;0.0;0;;;1.0;7.0;0.0;2.0;5.0;2.0;1.0;;17;2;2019;12:25;1.0;33;33527;1;1.0;1.0;4.0;A660 - PK016.850;44,6127700; -1,0365700;1;660;;;3.0;4;0.0;1.0;16;850;1.0;;;1.0;0.0;1.0;;Gironde;75;Nouvelle-Aquitaine
201900000199;138Â 306Â 151;D01;1.0;1;1.0;1.0;1975.0;5.0;1.0;;;0.0;0;;;1.0;7.0;0.0;2.0;5.0;2.0;1.0;;17;2;2019;12:25;1.0;33;33527;1;1.0;1.0;4.0;A660 - PK016.850;44,6127700; -1,0365700;1;660;;;3.0;4;0.0;1.0;16;850;1.0;;;1.0;0.0;1.0;;Gironde;75;Nouvelle-Aquitaine
201900000200;138Â 306Â 145;A01;1.0;1;2.0;2.0;1999.0;5.0;1.0;;;0.0;0;;;1.0;7.0;3.0;0.0;0.0;0.0;1.0;;9;2;2019;06:30;3.0;33;33284;1;1.0;1.0;5.0;A63;44,6614620; -0,8241050;1;63;;;3.0;4;0.0;1.0;21;150;1.0;;;1.0;0.0;1.0;130.0;Gironde;75;Nouvelle-Aquitaine
201900000200;138Â 306Â 146;B01;2.0;2;2.0;1.0;1964.0;4.0;8.0;;;0.0;0;;;1.0;17.0;0.0;2.0;3.0;23.0;1.0;;9;2;2019;06:30;3.0;33;33284;1;1.0;1.0;5.0;A63;44,6614620; -0,8241050;1;63;;;3.0;4;0.0;1.0;21;150;1.0;;;1.0;0.0;1.0;130.0;Gironde;75;Nouvelle-Aquitaine
201900000200;138Â 306Â 147;C01;1.0;1;1.0;1.0;1939.0;5.0;1.0;;;0.0;0;;;1.0;7.0;0.0;2.0;2.0;2.0;1.0;;9;2;2019;06:30;3.0;33;33284;1;1.0;1.0;5.0;A63;44,6614620; -0,8241050;1;63;;;3.0;4;0.0;1.0;21;150;1.0;;;1.0;0.0;1.0;130.0;Gironde;75;Nouvelle-Aquitaine
201900000201;138Â 306Â 144;A01;4.0;2;1.0;1.0;2005.0;5.0;1.0;;;0.0;0;;;2.0;7.0;7.0;0.0;1.0;1.0;1.0;;17;2;2019;15:00;1.0;51;51121;1;1.0;7.0;7.0;A4;49,1389003;3,6194788;1;4;0.0;A;3.0;4;0.0;3.0;102;800;1.0;;;1.0;0.0;3.0;130.0;Marne;44;Grand Est
201900000201;138Â 306Â 144;A01;1.0;1;1.0;1.0;1969.0;5.0;1.0;;;0.0;0;;;2.0;7.0;7.0;0.0;1.0;1.0;1.0;;17;2;2019;15:00;1.0;51;51121;1;1.0;7.0;7.0;A4;49,1389003;3,6194788;1;4;0.0;A;3.0;4;0.0;3.0;102;800;1.0;;;1.0;0.0;3.0;130.0;Marne;44;Grand Est
201900000201;138Â 306Â 144;A01;2.0;2;2.0;1.0;1976.0;5.0;1.0;;;0.0;0;;;2.0;7.0;7.0;0.0;1.0;1.0;1.0;;17;2;2019;15:00;1.0;51;51121;1;1.0;7.0;7.0;A4;49,1389003;3,6194788;1;4;0.0;A;3.0;4;0.0;3.0;102;800;1.0;;;1.0;0.0;3.0;130.0;Marne;44;Grand Est
201900000201;138Â 306Â 144;A01;7.0;2;2.0;2.0;1937.0;5.0;1.0;;;0.0;0;;;2.0;7.0;7.0;0.0;1.0;1.0;1.0;;17;2;2019;15:00;1.0;51;51121;1;1.0;7.0;7.0;A4;49,1389003;3,6194788;1;4;0.0;A;3.0;4;0.0;3.0;102;800;1.0;;;1.0;0.0;3.0;130.0;Marne;44;Grand Est
201900000201;138Â 306Â 144;A01;3.0;2;3.0;2.0;1967.0;5.0;1.0;;;0.0;0;;;2.0;7.0;7.0;0.0;1.0;1.0;1.0;;17;2;2019;15:00;1.0;51;51121;1;1.0;7.0;7.0;A4;49,1389003;3,6194788;1;4;0.0;A;3.0;4;0.0;3.0;102;800;1.0;;;1.0;0.0;3.0;130.0;Marne;44;Grand Est
201900000201;138Â 306Â 144;A01;9.0;2;3.0;2.0;1973.0;5.0;1.0;;;0.0;0;;;2.0;7.0;7.0;0.0;1.0;1.0;1.0;;17;2;2019;15:00;1.0;51;51121;1;1.0;7.0;7.0;A4;49,1389003;3,6194788;1;4;0.0;A;3.0;4;0.0;3.0;102;800;1.0;;;1.0;0.0;3.0;130.0;Marne;44;Grand Est
201900000202;138Â 306Â 143;A01;2.0;2;2.0;1.0;1994.0;0.0;2.0;;;0.0;0;;;2.0;2.0;0.0;2.0;6.0;1.0;1.0;;17;2;2019;18:50;3.0;976;97603;1;1.0;1.0;7.0;musical plage; -12,9146316;45,1918927;2;3;0.0;N;2.0;2;0.0;1.0;(1);(1);1.0;;;1.0;0.0;1.0;70.0;Mayotte;06;Mayotte
201900000202;138Â 306Â 143;A01;1.0;1;3.0;1.0;1987.0;0.0;2.0;;;0.0;0;;;2.0;2.0;0.0;2.0;6.0;1.0;1.0;;17;2;2019;18:50;3.0;976;97603;1;1.0;1.0;7.0;musical plage; -12,9146316;45,1918927;2;3;0.0;N;2.0;2;0.0;1.0;(1);(1);1.0;;;1.0;0.0;1.0;70.0;Mayotte;06;Mayotte
201900000203;138Â 306Â 141;A01;1.0;1;4.0;1.0;1989.0;4.0;1.0;;;0.0;0;;;2.0;10.0;0.0;2.0;1.0;13.0;1.0;;15;2;2019;09:35;1.0;49;49050;1;1.0;1.0;1.0;d 761;47,3422490; -0,4353370;3;761;;;2.0;2;0.0;1.0;1;230;1.0;;;1.0;0.0;1.0;80.0;Maine-et-Loire;52;Pays de la Loire
201900000203;138Â 306Â 142;B01;1.0;1;1.0;1.0;1991.0;4.0;1.0;;;0.0;0;;;1.0;17.0;0.0;2.0;1.0;1.0;1.0;;15;2;2019;09:35;1.0;49;49050;1;1.0;1.0;1.0;d 761;47,3422490; -0,4353370;3;761;;;2.0;2;0.0;1.0;1;230;1.0;;;1.0;0.0;1.0;80.0;Maine-et-Loire;52;Pays de la Loire
201900000204;138Â 306Â 140;A01;1.0;1;2.0;1.0;1994.0;5.0;2.0;;;0.0;0;;;2.0;33.0;3.0;0.0;7.0;1.0;1.0;;13;2;2019;14:55;1.0;64;64102;1;9.0;1.0;6.0;A 63 - bretelle de Bayonne Mousseroles;43,4773690; -1,4511130;1;63;0.0;;1.0;1;0.0;2.0;174;0;2.0;;;1.0;3.0;2.0;30.0;Pyrénées-Atlantiques;75;Nouvelle-Aquitaine
201900000205;138Â 306Â 138;B01;1.0;1;1.0;1.0;1946.0;5.0;1.0;;;0.0;0;;;2.0;7.0;0.0;2.0;3.0;1.0;1.0;;16;2;2019;13:50;1.0;13;13114;1;1.0;1.0;1.0;D65;43,5267530;5,2898370;3;65;;;2.0;2;0.0;1.0;11;800;1.0;;;1.0;2.0;1.0;70.0;Bouches-du-Rhône;93;Provence-Alpes-Côte d'Azur
201900000205;138Â 306Â 139;A01;1.0;1;3.0;1.0;1959.0;5.0;2.0;6.0;;0.0;0;;;1.0;33.0;0.0;2.0;3.0;13.0;1.0;;16;2;2019;13:50;1.0;13;13114;1;1.0;1.0;1.0;D65;43,5267530;5,2898370;3;65;;;2.0;2;0.0;1.0;11;800;1.0;;;1.0;2.0;1.0;70.0;Bouches-du-Rhône;93;Provence-Alpes-Côte d'Azur
201900000206;138Â 306Â 137;A01;1.0;1;3.0;1.0;1962.0;0.0;1.0;;;0.0;0;;;1.0;7.0;3.0;0.0;1.0;0.0;0.0;;15;2;2019;04:15;3.0;11;11441;1;1.0;1.0;6.0;A9, PK 185+200;43,2092300;3,0876330;1;9;;A;2.0;3;0.0;1.0;185;200;1.0;;;1.0;0.0;2.0;130.0;Aude;76;Occitanie
201900000207;138Â 306Â 136;A01;1.0;1;2.0;1.0;1982.0;9.0;1.0;;;0.0;0;;;1.0;7.0;3.0;0.0;1.0;14.0;1.0;;15;2;2019;11:15;1.0;17;17196;1;9.0;1.0;7.0;A10;45,5789640; -0,5992500;1;10;0.0;;3.0;2;0.0;1.0;460;200;1.0;;;1.0;0.0;3.0;130.0;Charente-Maritime;75;Nouvelle-Aquitaine
201900000208;138Â 306Â 135;B01;10.0;3;4.0;1.0;1963.0;0.0;0.0;;;9.0;B;1.0;;1.0;10.0;0.0;1.0;1.0;1.0;1.0;;18;2;2019;07:20;1.0;84;84087;1;1.0;7.0;6.0;bretelle de sortie d'Orange Sud en N/S;44,1100480;4,8406270;1;7;0.0;A;1.0;1;0.0;1.0;172;200;3.0;;;1.0;3.0;1.0;50.0;Vaucluse;93;Provence-Alpes-Côte d'Azur
201900000208;138Â 306Â 135;B01;1.0;1;1.0;1.0;1961.0;4.0;1.0;;;; -1;;;1.0;10.0;0.0;1.0;1.0;1.0;1.0;;18;2;2019;07:20;1.0;84;84087;1;1.0;7.0;6.0;bretelle de sortie d'Orange Sud en N/S;44,1100480;4,8406270;1;7;0.0;A;1.0;1;0.0;1.0;172;200;3.0;;;1.0;3.0;1.0;50.0;Vaucluse;93;Provence-Alpes-Côte d'Azur
201900000209;138Â 306Â 133;B01;1.0;1;2.0;1.0;1978.0;4.0;1.0;;;0.0;0;;;2.0;17.0;0.0;0.0;5.0;12.0;1.0;;18;2;2019;08:15;1.0;13;13037;1;1.0;1.0;2.0;autoroute A8 PK 001+120 sud nord;43,5521200;5,2457270;1;8;0.0;A;3.0;3;0.0;1.0;1;120;3.0;;;1.0;3.0;1.0;90.0;Bouches-du-Rhône;93;Provence-Alpes-Côte d'Azur
201900000209;138Â 306Â 134;A01;1.0;1;4.0;1.0;1960.0;4.0;1.0;;;0.0;0;;;2.0;13.0;0.0;2.0;3.0;2.0;1.0;;18;2;2019;08:15;1.0;13;13037;1;1.0;1.0;2.0;autoroute A8 PK 001+120 sud nord;43,5521200;5,2457270;1;8;0.0;A;3.0;3;0.0;1.0;1;120;3.0;;;1.0;3.0;1.0;90.0;Bouches-du-Rhône;93;Provence-Alpes-Côte d'Azur
201900000210;138Â 306Â 132;A01;1.0;1;2.0;1.0;1972.0;9.0;0.0;;;0.0;0;;;3.0;7.0;15.0;0.0;9.0;1.0;1.0;;18;2;2019;08:45;1.0;987;98731;2;1.0;1.0;6.0;TAIOHAE; -8,8665270; -140,1404790;2;420;;;2.0;2;0.0;2.0;(1);(1);2.0;;;1.0;0.0;8.0;50.0;;;
201900000211;138Â 306Â 130;B01;3.0;2;3.0;2.0;2011.0;0.0;1.0;;;0.0;0;;;2.0;7.0;0.0;2.0;1.0;1.0;1.0;;16;2;2019;09:00;1.0;988;98821;1;1.0;3.0;1.0;RT.1, sens SUD-NORD, PK 44+500; -22,0585100;166,2507900;2;1;;;2.0;2;0.0;1.0;44;500;1.0;;;2.0;0.0;1.0;90.0;;;
201900000211;138Â 306Â 130;B01;1.0;1;3.0;2.0;1985.0;0.0;1.0;;;0.0;0;;;2.0;7.0;0.0;2.0;1.0;1.0;1.0;;16;2;2019;09:00;1.0;988;98821;1;1.0;3.0;1.0;RT.1, sens SUD-NORD, PK 44+500; -22,0585100;166,2507900;2;1;;;2.0;2;0.0;1.0;44;500;1.0;;;2.0;0.0;1.0;90.0;;;
201900000211;138Â 306Â 130;B01;2.0;2;4.0;2.0;1961.0;0.0;1.0;;;0.0;0;;;2.0;7.0;0.0;2.0;1.0;1.0;1.0;;16;2;2019;09:00;1.0;988;98821;1;1.0;3.0;1.0;RT.1, sens SUD-NORD, PK 44+500; -22,0585100;166,2507900;2;1;;;2.0;2;0.0;1.0;44;500;1.0;;;2.0;0.0;1.0;90.0;;;
201900000211;138Â 306Â 131;A01;1.0;1;3.0;1.0;1999.0;5.0;1.0;;;0.0;0;;;1.0;10.0;0.0;2.0;7.0;13.0;1.0;;16;2;2019;09:00;1.0;988;98821;1;1.0;3.0;1.0;RT.1, sens SUD-NORD, PK 44+500; -22,0585100;166,2507900;2;1;;;2.0;2;0.0;1.0;44;500;1.0;;;2.0;0.0;1.0;90.0;;;
201900000211;138Â 306Â 131;A01;4.0;2;3.0;1.0;1998.0;5.0;1.0;;;0.0;0;;;1.0;10.0;0.0;2.0;7.0;13.0;1.0;;16;2;2019;09:00;1.0;988;98821;1;1.0;3.0;1.0;RT.1, sens SUD-NORD, PK 44+500; -22,0585100;166,2507900;2;1;;;2.0;2;0.0;1.0;44;500;1.0;;;2.0;0.0;1.0;90.0;;;
201900000211;138Â 306Â 131;A01;3.0;2;3.0;1.0;2000.0;5.0;1.0;;;0.0;0;;;1.0;10.0;0.0;2.0;7.0;13.0;1.0;;16;2;2019;09:00;1.0;988;98821;1;1.0;3.0;1.0;RT.1, sens SUD-NORD, PK 44+500; -22,0585100;166,2507900;2;1;;;2.0;2;0.0;1.0;44;500;1.0;;;2.0;0.0;1.0;90.0;;;
201900000211;138Â 306Â 131;A01;2.0;2;3.0;1.0;1993.0;5.0;1.0;;;0.0;0;;;1.0;10.0;0.0;2.0;7.0;13.0;1.0;;16;2;2019;09:00;1.0;988;98821;1;1.0;3.0;1.0;RT.1, sens SUD-NORD, PK 44+500; -22,0585100;166,2507900;2;1;;;2.0;2;0.0;1.0;44;500;1.0;;;2.0;0.0;1.0;90.0;;;
201900000212;138Â 306Â 129;A01;10.0;3;3.0;1.0;1993.0;4.0;0.0;;;6.0;9;1.0;;3.0;37.0;1.0;1.0;1.0;0.0;1.0;0.0;18;2;2019;14:00;1.0;974;97414;2;1.0;1.0;6.0;rue SÃ©hÃ©dic Sery; -21,2693100;55,4418280;6;;0.0;;2.0;2;0.0;2.0;(1);(1);1.0;;;1.0;0.0;3.0;50.0;La Réunion;04;La Réunion
201900000213;138Â 306Â 127;A01;1.0;1;1.0;1.0;1990.0;5.0;8.0;;;0.0;0;;;2.0;7.0;0.0;1.0;2.0;1.0;1.0;;15;2;2019;21:30;3.0;973;97306;1;1.0;1.0;6.0;cd 9 pk 31;5,6521168; -53,8116360;3;9;0.0;;2.0;2;0.0;1.0;29;620;1.0;;;1.0;2.0;1.0;;Guyane;03;Guyane
201900000213;138Â 306Â 127;A01;10.0;3;3.0;1.0;1996.0;9.0;0.0;;;6.0;B;2.0;;2.0;7.0;0.0;1.0;2.0;1.0;1.0;;15;2;2019;21:30;3.0;973;97306;1;1.0;1.0;6.0;cd 9 pk 31;5,6521168; -53,8116360;3;9;0.0;;2.0;2;0.0;1.0;29;620;1.0;;;1.0;2.0;1.0;;Guyane;03;Guyane
201900000214;138Â 306Â 124;A01;9.0;2;3.0;2.0;2016.0;5.0;3.0;;;0.0;0;;;1.0;10.0;1.0;2.0;1.0;2.0;1.0;;13;2;2019;12:05;1.0;972;97224;1;1.0;1.0;5.0;Route nationale 4, riviÃ¨re monsieur;14,6565200; -61,0507360;2;4;;;2.0;2;0.0;4.0;7;0;2.0;;;1.0;0.0;1.0;70.0;Martinique;02;Martinique
201900000214;138Â 306Â 124;A01;2.0;2;3.0;2.0;2012.0;5.0;1.0;;;0.0;0;;;1.0;10.0;1.0;2.0;1.0;2.0;1.0;;13;2;2019;12:05;1.0;972;97224;1;1.0;1.0;5.0;Route nationale 4, riviÃ¨re monsieur;14,6565200; -61,0507360;2;4;;;2.0;2;0.0;4.0;7;0;2.0;;;1.0;0.0;1.0;70.0;Martinique;02;Martinique
201900000214;138Â 306Â 124;A01;1.0;1;2.0;2.0;1991.0;5.0;1.0;;;0.0;0;;;1.0;10.0;1.0;2.0;1.0;2.0;1.0;;13;2;2019;12:05;1.0;972;97224;1;1.0;1.0;5.0;Route nationale 4, riviÃ¨re monsieur;14,6565200; -61,0507360;2;4;;;2.0;2;0.0;4.0;7;0;2.0;;;1.0;0.0;1.0;70.0;Martinique;02;Martinique
201900000214;138Â 306Â 125;C01;1.0;1;1.0;1.0;1945.0;4.0;8.0;;;0.0;0;;;2.0;13.0;0.0;0.0;4.0;24.0;1.0;;13;2;2019;12:05;1.0;972;97224;1;1.0;1.0;5.0;Route nationale 4, riviÃ¨re monsieur;14,6565200; -61,0507360;2;4;;;2.0;2;0.0;4.0;7;0;2.0;;;1.0;0.0;1.0;70.0;Martinique;02;Martinique
201900000214;138Â 306Â 126;B01;1.0;1;2.0;1.0;1984.0;5.0;1.0;;;0.0;0;;;1.0;7.0;0.0;0.0;4.0;2.0;1.0;;13;2;2019;12:05;1.0;972;97224;1;1.0;1.0;5.0;Route nationale 4, riviÃ¨re monsieur;14,6565200; -61,0507360;2;4;;;2.0;2;0.0;4.0;7;0;2.0;;;1.0;0.0;1.0;70.0;Martinique;02;Martinique
201900000215;138Â 306Â 119;E01;1.0;1;2.0;2.0;1993.0;1.0;1.0;;;0.0;0;;;1.0;7.0;13.0;0.0;8.0;2.0;1.0;;18;2;2019;16:30;1.0;13;13025;1;1.0;1.0;5.0;D7N;43,4887420;5,5694760;3;7;;R;2.0;2;0.0;1.0;72;500;1.0;;;1.0;0.0;1.0;80.0;Bouches-du-Rhône;93;Provence-Alpes-Côte d'Azur
201900000215;138Â 306Â 120;D01;1.0;1;2.0;2.0;1974.0;1.0;1.0;;;0.0;0;;;1.0;7.0;0.0;2.0;1.0;2.0;1.0;;18;2;2019;16:30;1.0;13;13025;1;1.0;1.0;5.0;D7N;43,4887420;5,5694760;3;7;;R;2.0;2;0.0;1.0;72;500;1.0;;;1.0;0.0;1.0;80.0;Bouches-du-Rhône;93;Provence-Alpes-Côte d'Azur
201900000215;138Â 306Â 121;C01;2.0;2;2.0;2.0;1961.0;5.0;2.0;6.0;;0.0;0;;;1.0;31.0;0.0;2.0;8.0;1.0;1.0;;18;2;2019;16:30;1.0;13;13025;1;1.0;1.0;5.0;D7N;43,4887420;5,5694760;3;7;;R;2.0;2;0.0;1.0;72;500;1.0;;;1.0;0.0;1.0;80.0;Bouches-du-Rhône;93;Provence-Alpes-Côte d'Azur
201900000215;138Â 306Â 121;C01;1.0;1;1.0;1.0;1960.0;5.0;2.0;6.0;;0.0;0;;;1.0;31.0;0.0;2.0;8.0;1.0;1.0;;18;2;2019;16:30;1.0;13;13025;1;1.0;1.0;5.0;D7N;43,4887420;5,5694760;3;7;;R;2.0;2;0.0;1.0;72;500;1.0;;;1.0;0.0;1.0;80.0;Bouches-du-Rhône;93;Provence-Alpes-Côte d'Azur
201900000215;138Â 306Â 122;B01;1.0;1;1.0;1.0;1938.0;4.0;1.0;;;0.0;0;;;1.0;7.0;0.0;2.0;1.0;1.0;1.0;;18;2;2019;16:30;1.0;13;13025;1;1.0;1.0;5.0;D7N;43,4887420;5,5694760;3;7;;R;2.0;2;0.0;1.0;72;500;1.0;;;1.0;0.0;1.0;80.0;Bouches-du-Rhône;93;Provence-Alpes-Côte d'Azur
201900000215;138Â 306Â 123;A01;1.0;1;3.0;2.0;1934.0;5.0;1.0;;;0.0;0;;;2.0;7.0;0.0;2.0;1.0;5.0;1.0;;18;2;2019;16:30;1.0;13;13025;1;1.0;1.0;5.0;D7N;43,4887420;5,5694760;3;7;;R;2.0;2;0.0;1.0;72;500;1.0;;;1.0;0.0;1.0;80.0;Bouches-du-Rhône;93;Provence-Alpes-Côte d'Azur
201900000216;138Â 306Â 118;A01;1.0;1;3.0;1.0;2002.0;5.0;2.0;6.0;;0.0;0;;;2.0;2.0;0.0;0.0;3.0;1.0;1.0;;14;2;2019;11:30;1.0;29;29230;1;1.0;1.0;7.0;D123;47,9765080; -3,5777190;3;123;;;2.0;2;0.0;1.0;0;800;1.0;;;1.0;0.0;1.0;80.0;Finistère;53;Bretagne
201900000217;138Â 306Â 116;B01;1.0;1;1.0;1.0;1975.0;0.0;8.0;;;0.0;0;;;2.0;7.0;0.0;2.0;8.0;0.0;1.0;;16;2;2019;18:20;3.0;37;37072;1;1.0;1.0;3.0;D751;47,1839352;0,2343308;3;751;0.0;D;2.0;2;0.0;1.0;76;(1);1.0;;;1.0;0.0;1.0;80.0;Indre-et-Loire;24;Centre-Val de Loire
201900000217;138Â 306Â 117;A01;1.0;1;3.0;2.0;1944.0;0.0;8.0;;;0.0;0;;;1.0;7.0;0.0;2.0;8.0;13.0;1.0;;16;2;2019;18:20;3.0;37;37072;1;1.0;1.0;3.0;D751;47,1839352;0,2343308;3;751;0.0;D;2.0;2;0.0;1.0;76;(1);1.0;;;1.0;0.0;1.0;80.0;Indre-et-Loire;24;Centre-Val de Loire
201900000218;138Â 306Â 113;B01;1.0;1;3.0;1.0;1952.0;5.0;2.0;;;0.0;0;;;1.0;1.0;0.0;2.0;7.0;15.0;5.0;;16;2;2019;17:10;1.0;77;77430;2;6.0;1.0;3.0;D9E1 X RUE DE LA MARNE;49,0716100;2,8051200;3;9E1;;E;2.0;2;0.0;1.0;4;118;1.0;;;1.0;5.0;1.0;50.0;Seine-et-Marne;11;Île-de-France
201900000218;138Â 306Â 114;A01;1.0;1;1.0;1.0;1967.0;0.0;1.0;;;0.0;0;;;1.0;7.0;0.0;9.0;1.0;26.0;0.0;;16;2;2019;17:10;1.0;77;77430;2;6.0;1.0;3.0;D9E1 X RUE DE LA MARNE;49,0716100;2,8051200;3;9E1;;E;2.0;2;0.0;1.0;4;118;1.0;;;1.0;5.0;1.0;50.0;Seine-et-Marne;11;Île-de-France
201900000219;138Â 306Â 112;A01;10.0;3;2.0;1.0;1971.0;0.0;0.0;;;2.0;3;1.0;;2.0;7.0;0.0;1.0;2.0;0.0;0.0;;15;2;2019;09:07;1.0;77;77183;2;2.0;1.0;6.0;D603 X RUE DE LA BARRE;48,9478340;3,1267020;3;603;0.0;;2.0;2;0.0;1.0;40;360;3.0;;;1.0;5.0;1.0;50.0;Seine-et-Marne;11;Île-de-France
201900000219;138Â 306Â 112;A01;1.0;1;1.0;1.0;1956.0;0.0;1.0;;;0.0;0;;;2.0;7.0;0.0;1.0;2.0;0.0;0.0;;15;2;2019;09:07;1.0;77;77183;2;2.0;1.0;6.0;D603 X RUE DE LA BARRE;48,9478340;3,1267020;3;603;0.0;;2.0;2;0.0;1.0;40;360;3.0;;;1.0;5.0;1.0;50.0;Seine-et-Marne;11;Île-de-France
201900000219;138Â 306Â 112;A01;2.0;2;1.0;1.0;2000.0;;1.0;0.0;0.0;; -1;;;2.0;7.0;0.0;1.0;2.0;0.0;0.0;;15;2;2019;09:07;1.0;77;77183;2;2.0;1.0;6.0;D603 X RUE DE LA BARRE;48,9478340;3,1267020;3;603;0.0;;2.0;2;0.0;1.0;40;360;3.0;;;1.0;5.0;1.0;50.0;Seine-et-Marne;11;Île-de-France
201900000220;138Â 306Â 110;A01;1.0;1;1.0;1.0;1973.0;2.0;1.0;;;0.0;0;;;1.0;7.0;0.0;2.0;1.0;26.0;1.0;;15;2;2019;16:40;1.0;77;77317;2;4.0;7.0;1.0;RUE D'ANDREZEL/rue des GUIGNEVEAUX;48,6092150;2,8869400;4;;;;2.0;2;0.0;1.0;(1);(1);1.0;;;1.0;0.0;1.0;50.0;Seine-et-Marne;11;Île-de-France
201900000220;138Â 306Â 111;B01;1.0;1;3.0;1.0;2007.0;2.0;0.0;;;0.0;0;;;1.0;1.0;0.0;2.0;1.0;24.0;5.0;;15;2;2019;16:40;1.0;77;77317;2;4.0;7.0;1.0;RUE D'ANDREZEL/rue des GUIGNEVEAUX;48,6092150;2,8869400;4;;;;2.0;2;0.0;1.0;(1);(1);1.0;;;1.0;0.0;1.0;50.0;Seine-et-Marne;11;Île-de-France
201900000221;138Â 306Â 108;A01;2.0;2;1.0;1.0;2004.0;5.0;2.0;;;0.0;0;;;1.0;2.0;0.0;2.0;1.0;1.0;1.0;;16;2;2019;17:45;2.0;78;78537;2;2.0;1.0;3.0;Rue des Garennes;48,5670930;1,9339690;4;;0.0;;2.0;2;0.0;1.0;(1);(1);1.0;;;1.0;0.0;1.0;50.0;Yvelines;11;Île-de-France