Num_Acc;id_vehicule;num_veh;place;catu;grav;sexe;an_nais;trajet;secu1;secu2;secu3;locp;actp;etatp;id_usager;senc;catv;obs;obsm;choc;manv;motor;occutc;jour;mois;an;hrmn;lum;dep;com;agg;int;atm;col;adr;lat;long;catr;voie;v1;v2;circ;nbv;vosp;prof;pr;pr1;plan;lartpc;larrout;surf;infra;situ;vma;nom_departement;reg;nom_region
201900000221;138Â 306Â 108;A01;1.0;1;2.0;1.0;2004.0;5.0;2.0;6.0;;0.0;0;;;1.0;2.0;0.0;2.0;1.0;1.0;1.0;;16;2;2019;17:45;2.0;78;78537;2;2.0;1.0;3.0;Rue des Garennes;48,5670930;1,9339690;4;;0.0;;2.0;2;0.0;1.0;(1);(1);1.0;;;1.0;0.0;1.0;50.0;Yvelines;11;Île-de-France
201900000221;138Â 306Â 109;B01;1.0;1;1.0;1.0;1949.0;5.0;1.0;;;0.0;0;;;2.0;7.0;0.0;2.0;8.0;1.0;1.0;;16;2;2019;17:45;2.0;78;78537;2;2.0;1.0;3.0;Rue des Garennes;48,5670930;1,9339690;4;;0.0;;2.0;2;0.0;1.0;(1);(1);1.0;;;1.0;0.0;1.0;50.0;Yvelines;11;Île-de-France
201900000222;138Â 306Â 106;B01;1.0;1;1.0;1.0;1981.0;4.0;1.0;;;0.0;0;;;3.0;15.0;0.0;2.0;1.0;1.0;1.0;;13;2;2019;13:50;1.0;78;78615;2;1.0;1.0;1.0;route des nourrices;48,8368600;1,9355120;4;;0.0;;2.0;2;0.0;4.0;(1);(1);3.0;;;1.0;0.0;1.0;30.0;Yvelines;11;Île-de-France
201900000222;138Â 306Â 107;A01;1.0;1;1.0;1.0;1999.0;5.0;1.0;;;0.0;0;;;3.0;7.0;0.0;2.0;1.0;13.0;1.0;;13;2;2019;13:50;1.0;78;78615;2;1.0;1.0;1.0;route des nourrices;48,8368600;1,9355120;4;;0.0;;2.0;2;0.0;4.0;(1);(1);3.0;;;1.0;0.0;1.0;30.0;Yvelines;11;Île-de-France
201900000222;138Â 306Â 107;A01;7.0;2;1.0;1.0;2001.0;5.0;1.0;;;0.0;0;;;3.0;7.0;0.0;2.0;1.0;13.0;1.0;;13;2;2019;13:50;1.0;78;78615;2;1.0;1.0;1.0;route des nourrices;48,8368600;1,9355120;4;;0.0;;2.0;2;0.0;4.0;(1);(1);3.0;;;1.0;0.0;1.0;30.0;Yvelines;11;Île-de-France
201900000222;138Â 306Â 107;A01;2.0;2;1.0;1.0;2001.0;5.0;1.0;;;0.0;0;;;3.0;7.0;0.0;2.0;1.0;13.0;1.0;;13;2;2019;13:50;1.0;78;78615;2;1.0;1.0;1.0;route des nourrices;48,8368600;1,9355120;4;;0.0;;2.0;2;0.0;4.0;(1);(1);3.0;;;1.0;0.0;1.0;30.0;Yvelines;11;Île-de-France
201900000222;138Â 306Â 107;A01;8.0;2;1.0;1.0;2002.0;5.0;1.0;;;0.0;0;;;3.0;7.0;0.0;2.0;1.0;13.0;1.0;;13;2;2019;13:50;1.0;78;78615;2;1.0;1.0;1.0;route des nourrices;48,8368600;1,9355120;4;;0.0;;2.0;2;0.0;4.0;(1);(1);3.0;;;1.0;0.0;1.0;30.0;Yvelines;11;Île-de-France
201900000222;138Â 306Â 107;A01;9.0;2;3.0;1.0;2004.0;5.0;1.0;;;0.0;0;;;3.0;7.0;0.0;2.0;1.0;13.0;1.0;;13;2;2019;13:50;1.0;78;78615;2;1.0;1.0;1.0;route des nourrices;48,8368600;1,9355120;4;;0.0;;2.0;2;0.0;4.0;(1);(1);3.0;;;1.0;0.0;1.0;30.0;Yvelines;11;Île-de-France
201900000223;138Â 306Â 104;A01;1.0;1;3.0;1.0;1997.0;5.0;2.0;;;0.0;0;;;2.0;33.0;0.0;2.0;1.0;1.0;1.0;;16;2;2019;15:35;1.0;78;78548;2;1.0;7.0;3.0;21 route de dampierre;48,7034740;2,0175700;3;58;;;2.0;2;0.0;1.0;1;740;1.0;;;1.0;9.0;1.0;50.0;Yvelines;11;Île-de-France
201900000223;138Â 306Â 105;B01;1.0;1;1.0;1.0;1981.0;5.0;1.0;;;0.0;0;;;1.0;7.0;0.0;2.0;5.0;16.0;1.0;;16;2;2019;15:35;1.0;78;78548;2;1.0;7.0;3.0;21 route de dampierre;48,7034740;2,0175700;3;58;;;2.0;2;0.0;1.0;1;740;1.0;;;1.0;9.0;1.0;50.0;Yvelines;11;Île-de-France
201900000224;138Â 306Â 102;B01;1.0;1;2.0;1.0;1990.0;5.0;2.0;6.0;;0.0;0;;;1.0;34.0;0.0;9.0;1.0;17.0;1.0;;16;2;2019;14:43;1.0;78;78548;1;1.0;1.0;3.0;D91;48,7150440;2,0019880;3;91;0.0;D;2.0;2;0.0;1.0;15;210;1.0;;;1.0;0.0;1.0;80.0;Yvelines;11;Île-de-France
201900000224;138Â 306Â 102;B01;2.0;2;2.0;2.0;1994.0;5.0;2.0;6.0;;0.0;0;;;1.0;34.0;0.0;9.0;1.0;17.0;1.0;;16;2;2019;14:43;1.0;78;78548;1;1.0;1.0;3.0;D91;48,7150440;2,0019880;3;91;0.0;D;2.0;2;0.0;1.0;15;210;1.0;;;1.0;0.0;1.0;80.0;Yvelines;11;Île-de-France
201900000224;138Â 306Â 103;A01;1.0;1;3.0;1.0;1964.0;5.0;2.0;;;0.0;0;;;1.0;1.0;0.0;2.0;8.0;10.0;5.0;;16;2;2019;14:43;1.0;78;78548;1;1.0;1.0;3.0;D91;48,7150440;2,0019880;3;91;0.0;D;2.0;2;0.0;1.0;15;210;1.0;;;1.0;0.0;1.0;80.0;Yvelines;11;Île-de-France
201900000225;138Â 306Â 100;B01;1.0;1;4.0;2.0;1970.0;1.0;1.0;5.0;;0.0;0;;;2.0;7.0;0.0;2.0;1.0;1.0;1.0;;16;2;2019;19:50;3.0;78;78503;1;1.0;1.0;1.0;D915;49,0542090;1,5272070;3;915;;;2.0;2;0.0;1.0;75;900;1.0;;;1.0;0.0;1.0;80.0;Yvelines;11;Île-de-France
201900000225;138Â 306Â 101;A01;1.0;1;3.0;1.0;1972.0;5.0;1.0;5.0;;0.0;0;;;1.0;7.0;0.0;2.0;1.0;17.0;1.0;;16;2;2019;19:50;3.0;78;78503;1;1.0;1.0;1.0;D915;49,0542090;1,5272070;3;915;;;2.0;2;0.0;1.0;75;900;1.0;;;1.0;0.0;1.0;80.0;Yvelines;11;Île-de-France
201900000225;138Â 306Â 101;A01;2.0;2;2.0;2.0;1969.0;9.0;1.0;5.0;;0.0;0;;;1.0;7.0;0.0;2.0;1.0;17.0;1.0;;16;2;2019;19:50;3.0;78;78503;1;1.0;1.0;1.0;D915;49,0542090;1,5272070;3;915;;;2.0;2;0.0;1.0;75;900;1.0;;;1.0;0.0;1.0;80.0;Yvelines;11;Île-de-France
201900000226;138Â 306Â 098;A01;1.0;1;1.0;1.0;1929.0;5.0;1.0;;;0.0;0;;;2.0;7.0;0.0;2.0;2.0;15.0;1.0;;16;2;2019;14:00;1.0;2B;2B148;1;3.0;1.0;3.0;RT205;42,5395040;9,4427790;2;20;;;2.0;2;0.0;1.0;(1);(1);1.0;;;1.0;0.0;1.0;70.0;Haute-Corse;94;Corse
201900000226;138Â 306Â 098;A01;2.0;2;1.0;2.0;1945.0;5.0;1.0;;;0.0;0;;;2.0;7.0;0.0;2.0;2.0;15.0;1.0;;16;2;2019;14:00;1.0;2B;2B148;1;3.0;1.0;3.0;RT205;42,5395040;9,4427790;2;20;;;2.0;2;0.0;1.0;(1);(1);1.0;;;1.0;0.0;1.0;70.0;Haute-Corse;94;Corse
201900000226;138Â 306Â 099;B01;1.0;1;3.0;1.0;1989.0;5.0;2.0;;;0.0;0;;;1.0;33.0;0.0;2.0;1.0;1.0;1.0;;16;2;2019;14:00;1.0;2B;2B148;1;3.0;1.0;3.0;RT205;42,5395040;9,4427790;2;20;;;2.0;2;0.0;1.0;(1);(1);1.0;;;1.0;0.0;1.0;70.0;Haute-Corse;94;Corse
201900000227;138Â 306Â 097;A01;1.0;1;1.0;1.0;2000.0;5.0;1.0;;;0.0;0;;;0.0;7.0;0.0;1.0;7.0;1.0;1.0;;12;2;2019;16:50;2.0;30;30258;2;1.0;1.0;6.0;avenue Pierre Curie;43,6811570;4,4351080;3;38;;;2.0;2;0.0;3.0;(1);(1);1.0;;;1.0;0.0;1.0;70.0;Gard;76;Occitanie
201900000227;138Â 306Â 097;A01;10.0;3;2.0;1.0;1936.0;5.0;0.0;;;2.0;3;1.0;;0.0;7.0;0.0;1.0;7.0;1.0;1.0;;12;2;2019;16:50;2.0;30;30258;2;1.0;1.0;6.0;avenue Pierre Curie;43,6811570;4,4351080;3;38;;;2.0;2;0.0;3.0;(1);(1);1.0;;;1.0;0.0;1.0;70.0;Gard;76;Occitanie
201900000228;138Â 306Â 096;A01;1.0;1;3.0;1.0;1957.0;5.0;2.0;;;0.0;0;;;0.0;33.0;2.0;0.0;2.0;0.0;1.0;;17;2;2019;15:00;1.0;34;34302;1;1.0;1.0;6.0;chemin communal;43,3023890;2,6553140;4;0;0.0;;;2;0.0;1.0;(1);(1);1.0;;;9.0;0.0;3.0;80.0;Hérault;76;Occitanie
201900000229;138Â 306Â 095;A01;1.0;1;3.0;1.0;1966.0;0.0;2.0;;;0.0;0;;;1.0;33.0;0.0;0.0;0.0;1.0;1.0;;15;2;2019;00:40;3.0;34;34081;1;1.0;1.0;7.0;D162e2;43,3107980;3,1520720;3;162;0.0;E;2.0;2;0.0;1.0;1;625;1.0;;;1.0;0.0;3.0;80.0;Hérault;76;Occitanie
201900000230;138Â 306Â 092;B01;1.0;1;2.0;1.0;2002.0;5.0;2.0;6.0;;0.0;0;;;1.0;2.0;0.0;2.0;3.0;1.0;1.0;;30;5;2019;16:05;1.0;17;17145;1;4.0;1.0;3.0;8 Rue des Peupliers;45,5963280; -0,4333400;3;146;;;2.0;2;0.0;1.0;40;40;2.0;;;1.0;5.0;1.0;80.0;Charente-Maritime;75;Nouvelle-Aquitaine
201900000230;138Â 306Â 093;A01;1.0;1;1.0;1.0;2000.0;9.0;8.0;;;0.0;0;;;2.0;7.0;0.0;2.0;2.0;15.0;1.0;;30;5;2019;16:05;1.0;17;17145;1;4.0;1.0;3.0;8 Rue des Peupliers;45,5963280; -0,4333400;3;146;;;2.0;2;0.0;1.0;40;40;2.0;;;1.0;5.0;1.0;80.0;Charente-Maritime;75;Nouvelle-Aquitaine
201900000231;138Â 306Â 090;A01;1.0;1;1.0;1.0;1998.0;5.0;1.0;;;0.0;0;;;3.0;7.0;0.0;2.0;2.0;15.0;1.0;;23;5;2019;19:47;2.0;17;17155;2;2.0;1.0;3.0;Rue du Golfe de Barbareu;45,7216930; -1,1042010;4;rue du golfe Barbareu;;;2.0;2;0.0;1.0;(1);(1);1.0;;;1.0;5.0;1.0;50.0;Charente-Maritime;75;Nouvelle-Aquitaine
201900000231;138Â 306Â 091;B01;1.0;1;2.0;2.0;1997.0;5.0;1.0;;;0.0;0;;;3.0;7.0;0.0;2.0;8.0;1.0;1.0;;23;5;2019;19:47;2.0;17;17155;2;2.0;1.0;3.0;Rue du Golfe de Barbareu;45,7216930; -1,1042010;4;rue du golfe Barbareu;;;2.0;2;0.0;1.0;(1);(1);1.0;;;1.0;5.0;1.0;50.0;Charente-Maritime;75;Nouvelle-Aquitaine
201900000231;138Â 306Â 091;B01;7.0;2;3.0;1.0;1996.0;5.0;1.0;;;0.0;0;;;3.0;7.0;0.0;2.0;8.0;1.0;1.0;;23;5;2019;19:47;2.0;17;17155;2;2.0;1.0;3.0;Rue du Golfe de Barbareu;45,7216930; -1,1042010;4;rue du golfe Barbareu;;;2.0;2;0.0;1.0;(1);(1);1.0;;;1.0;5.0;1.0;50.0;Charente-Maritime;75;Nouvelle-Aquitaine
201900000231;138Â 306Â 091;B01;9.0;2;1.0;2.0;1998.0;5.0;1.0;;;0.0;0;;;3.0;7.0;0.0;2.0;8.0;1.0;1.0;;23;5;2019;19:47;2.0;17;17155;2;2.0;1.0;3.0;Rue du Golfe de Barbareu;45,7216930; -1,1042010;4;rue du golfe Barbareu;;;2.0;2;0.0;1.0;(1);(1);1.0;;;1.0;5.0;1.0;50.0;Charente-Maritime;75;Nouvelle-Aquitaine
201900000232;138Â 306Â 088;A01;1.0;1;1.0;2.0;1989.0;2.0;1.0;;;0.0;0;;;2.0;7.0;0.0;9.0;2.0;1.0;1.0;;10;5;2019;17:30;1.0;17;17219;2;3.0;1.0;3.0;Rue Alsace Lorraine;45,8264120; -1,1087060;4;Rue Alsace Lorraine;0.0;;1.0;1;0.0;1.0;(1);(1);1.0;;;1.0;5.0;1.0;50.0;Charente-Maritime;75;Nouvelle-Aquitaine
201900000232;138Â 306Â 089;B01;1.0;1;3.0;1.0;1980.0;3.0;0.0;;;0.0;0;;;2.0;1.0;0.0;2.0;1.0;16.0;5.0;;10;5;2019;17:30;1.0;17;17219;2;3.0;1.0;3.0;Rue Alsace Lorraine;45,8264120; -1,1087060;4;Rue Alsace Lorraine;0.0;;1.0;1;0.0;1.0;(1);(1);1.0;;;1.0;5.0;1.0;50.0;Charente-Maritime;75;Nouvelle-Aquitaine
201900000233;138Â 306Â 087;A01;1.0;1;3.0;1.0;1999.0;5.0;2.0;6.0;;0.0;0;;;1.0;33.0;14.0;0.0;1.0;26.0;1.0;;19;4;2019;18:45;1.0;17;17038;1;1.0;1.0;6.0;station AVIA;45,1723850; -0,3346120;6;10;;N;;;0.0;1.0;19;0;4.0;;;1.0;9.0;8.0;50.0;Charente-Maritime;75;Nouvelle-Aquitaine
201900000234;138Â 306Â 083;A01;1.0;1;3.0;2.0;1990.0;5.0;1.0;;;0.0;0;;;2.0;7.0;0.0;2.0;3.0;11.0;1.0;;29;5;2019;15:55;1.0;16;16019;1;1.0;1.0;1.0;Ld Le Grand Talon;45,6805200;0,0653390;2;141;0.0;;2.0;2;0.0;2.0;74;280;2.0;0.0;7.0;1.0;9.0;1.0;70.0;Charente;75;Nouvelle-Aquitaine
201900000234;138Â 306Â 084;B01;2.0;2;3.0;2.0;2009.0;5.0;1.0;;;0.0;0;;;1.0;7.0;0.0;2.0;3.0;1.0;1.0;;29;5;2019;15:55;1.0;16;16019;1;1.0;1.0;1.0;Ld Le Grand Talon;45,6805200;0,0653390;2;141;0.0;;2.0;2;0.0;2.0;74;280;2.0;0.0;7.0;1.0;9.0;1.0;70.0;Charente;75;Nouvelle-Aquitaine
201900000234;138Â 306Â 084;B01;4.0;2;3.0;2.0;1972.0;5.0;1.0;;;0.0;0;;;1.0;7.0;0.0;2.0;3.0;1.0;1.0;;29;5;2019;15:55;1.0;16;16019;1;1.0;1.0;1.0;Ld Le Grand Talon;45,6805200;0,0653390;2;141;0.0;;2.0;2;0.0;2.0;74;280;2.0;0.0;7.0;1.0;9.0;1.0;70.0;Charente;75;Nouvelle-Aquitaine
201900000234;138Â 306Â 084;B01;3.0;2;3.0;1.0;2012.0;5.0;3.0;;;0.0;0;;;1.0;7.0;0.0;2.0;3.0;1.0;1.0;;29;5;2019;15:55;1.0;16;16019;1;1.0;1.0;1.0;Ld Le Grand Talon;45,6805200;0,0653390;2;141;0.0;;2.0;2;0.0;2.0;74;280;2.0;0.0;7.0;1.0;9.0;1.0;70.0;Charente;75;Nouvelle-Aquitaine
201900000234;138Â 306Â 084;B01;1.0;1;3.0;1.0;1972.0;5.0;1.0;;;0.0;0;;;1.0;7.0;0.0;2.0;3.0;1.0;1.0;;29;5;2019;15:55;1.0;16;16019;1;1.0;1.0;1.0;Ld Le Grand Talon;45,6805200;0,0653390;2;141;0.0;;2.0;2;0.0;2.0;74;280;2.0;0.0;7.0;1.0;9.0;1.0;70.0;Charente;75;Nouvelle-Aquitaine
201900000235;138Â 306Â 081;B01;1.0;1;3.0;1.0;2004.0;5.0;2.0;6.0;;0.0;0;;;2.0;2.0;0.0;2.0;1.0;1.0;1.0;;23;5;2019;18:30;1.0;16;16415;2;1.0;1.0;2.0;;45,7203200;0,1203850;3;117;;;2.0;2;0.0;1.0;0;80;1.0;0.0;4.8;1.0;0.0;1.0;50.0;Charente;75;Nouvelle-Aquitaine
201900000235;138Â 306Â 082;A01;1.0;1;1.0;1.0;1965.0;1.0;1.0;;;0.0;0;;;2.0;10.0;0.0;2.0;4.0;1.0;1.0;;23;5;2019;18:30;1.0;16;16415;2;1.0;1.0;2.0;;45,7203200;0,1203850;3;117;;;2.0;2;0.0;1.0;0;80;1.0;0.0;4.8;1.0;0.0;1.0;50.0;Charente;75;Nouvelle-Aquitaine
201900000236;138Â 306Â 078;C01;1.0;1;1.0;1.0;1945.0;5.0;8.0;;;0.0;0;;;2.0;7.0;0.0;0.0;8.0;1.0;1.0;;26;5;2019;18:00;1.0;86;86054;1;1.0;1.0;5.0;D1;46,2153740;0,3231530;3;1;0.0;;2.0;2;0.0;1.0;87;900;1.0;;;1.0;0.0;1.0;80.0;Vienne;75;Nouvelle-Aquitaine
201900000236;138Â 306Â 079;B01;1.0;1;1.0;2.0;1949.0;5.0;8.0;;;0.0;0;;;1.0;7.0;0.0;2.0;3.0;1.0;1.0;;26;5;2019;18:00;1.0;86;86054;1;1.0;1.0;5.0;D1;46,2153740;0,3231530;3;1;0.0;;2.0;2;0.0;1.0;87;900;1.0;;;1.0;0.0;1.0;80.0;Vienne;75;Nouvelle-Aquitaine
201900000236;138Â 306Â 080;A01;1.0;1;3.0;1.0;1974.0;5.0;2.0;;;0.0;0;;;2.0;33.0;0.0;2.0;1.0;17.0;1.0;;26;5;2019;18:00;1.0;86;86054;1;1.0;1.0;5.0;D1;46,2153740;0,3231530;3;1;0.0;;2.0;2;0.0;1.0;87;900;1.0;;;1.0;0.0;1.0;80.0;Vienne;75;Nouvelle-Aquitaine
201900000237;138Â 306Â 077;A01;1.0;1;3.0;1.0;1998.0;5.0;2.0;6.0;9.0;0.0;0;;;1.0;33.0;17.0;0.0;1.0;15.0;1.0;;3;5;2019;20:00;1.0;86;86019;1;1.0;1.0;6.0;D82;46,7075760;0,4678000;3;82;0.0;;2.0;2;0.0;2.0;9;(1);2.0;;;1.0;0.0;3.0;80.0;Vienne;75;Nouvelle-Aquitaine
201900000238;138Â 306Â 076;A01;1.0;1;2.0;1.0;1999.0;5.0;1.0;;;0.0;0;;;3.0;7.0;0.0;9.0;1.0;1.0;0.0;;25;5;2019;02:45;5.0;64;64422;2;1.0;2.0;7.0;Avenue Charles et Henri Moureu;43,1910599; -0,6153299;4;AVENUE CHARLES MOUREU;0.0;;2.0;2;0.0;1.0;(1);(1);1.0;;;2.0;0.0;1.0;50.0;Pyrénées-Atlantiques;75;Nouvelle-Aquitaine
201900000239;138Â 306Â 074;B01;1.0;1;3.0;1.0;2003.0;5.0;2.0;;;0.0;0;;;0.0;2.0;0.0;2.0;1.0;18.0;1.0;;10;5;2019;17:00;1.0;64;64422;2;1.0;1.0;2.0;4 Rue Van Gogh;43,1929090; -0,6189020;4;;;;2.0;2;0.0;1.0;(1);(1);1.0;;;1.0;0.0;1.0;50.0;Pyrénées-Atlantiques;75;Nouvelle-Aquitaine
201900000239;138Â 306Â 075;A01;1.0;1;1.0;1.0;1997.0;5.0;1.0;;;0.0;0;;;0.0;7.0;0.0;2.0;5.0;1.0;1.0;;10;5;2019;17:00;1.0;64;64422;2;1.0;1.0;2.0;4 Rue Van Gogh;43,1929090; -0,6189020;4;;;;2.0;2;0.0;1.0;(1);(1);1.0;;;1.0;0.0;1.0;50.0;Pyrénées-Atlantiques;75;Nouvelle-Aquitaine
201900000240;138Â 306Â 072;B01;1.0;1;3.0;1.0;1985.0;5.0;0.0;;;0.0;0;;;1.0;1.0;0.0;0.0;7.0;15.0;5.0;;8;5;2019;10:00;1.0;64;64496;1;6.0;2.0;3.0;Giratoire Atturi Ondo;43,4800542; -1,4416990;1;64;0.0;;3.0;2;0.0;1.0;0;0;1.0;;;2.0;3.0;1.0;70.0;Pyrénées-Atlantiques;75;Nouvelle-Aquitaine
201900000240;138Â 306Â 073;A01;1.0;1;1.0;2.0;1976.0;5.0;1.0;;;0.0;0;;;1.0;7.0;0.0;2.0;3.0;9.0;1.0;;8;5;2019;10:00;1.0;64;64496;1;6.0;2.0;3.0;Giratoire Atturi Ondo;43,4800542; -1,4416990;1;64;0.0;;3.0;2;0.0;1.0;0;0;1.0;;;2.0;3.0;1.0;70.0;Pyrénées-Atlantiques;75;Nouvelle-Aquitaine
201900000241;138Â 306Â 068;A01;1.0;1;1.0;1.0;1990.0;4.0;1.0;;;0.0;0;;;1.0;15.0;0.0;2.0;3.0;15.0;1.0;;29;5;2019;12:00;1.0;33;33248;1;2.0;1.0;3.0;D1215/Route du Pey de Minson;45,0607900; -0,7947700;3;1215;;;2.0;2;0.0;1.0;32;600;1.0;;;1.0;0.0;1.0;80.0;Gironde;75;Nouvelle-Aquitaine
201900000241;138Â 306Â 069;B01;1.0;1;3.0;1.0;1967.0;1.0;1.0;;;0.0;0;;;2.0;7.0;16.0;2.0;3.0;1.0;1.0;;29;5;2019;12:00;1.0;33;33248;1;2.0;1.0;3.0;D1215/Route du Pey de Minson;45,0607900; -0,7947700;3;1215;;;2.0;2;0.0;1.0;32;600;1.0;;;1.0;0.0;1.0;80.0;Gironde;75;Nouvelle-Aquitaine
201900000242;138Â 306Â 066;B01;1.0;1;1.0;2.0;1973.0;0.0;8.0;;;0.0;0;;;1.0;7.0;0.0;2.0;1.0;15.0;1.0;;19;4;2019;12:20;1.0;33;33417;2;1.0;1.0;3.0;RD6E3 64 route de bordeaux;44,9626400; -0,8776210;3;6E3;3.0;E;2.0;2;0.0;1.0;1;0;1.0;;;1.0;9.0;1.0;50.0;Gironde;75;Nouvelle-Aquitaine
201900000242;138Â 306Â 067;A01;1.0;1;3.0;1.0;1960.0;5.0;2.0;6.0;;0.0;0;;;2.0;33.0;0.0;2.0;3.0;1.0;1.0;;19;4;2019;12:20;1.0;33;33417;2;1.0;1.0;3.0;RD6E3 64 route de bordeaux;44,9626400; -0,8776210;3;6E3;3.0;E;2.0;2;0.0;1.0;1;0;1.0;;;1.0;9.0;1.0;50.0;Gironde;75;Nouvelle-Aquitaine
201900000243;138Â 306Â 063;C01;1.0;1;1.0;2.0;1982.0;5.0;1.0;;;0.0;0;;;1.0;7.0;0.0;0.0;0.0;1.0;1.0;;5;5;2019;12:05;1.0;33;33357;1;1.0;1.0;5.0;RD 222;44,5301490; -0,2574340;3;222;;;2.0;2;0.0;1.0;2;872;1.0;;;1.0;0.0;1.0;80.0;Gironde;75;Nouvelle-Aquitaine
201900000243;138Â 306Â 064;B01;1.0;1;2.0;1.0;1990.0;5.0;1.0;;;0.0;0;;;2.0;7.0;0.0;2.0;1.0;21.0;1.0;;5;5;2019;12:05;1.0;33;33357;1;1.0;1.0;5.0;RD 222;44,5301490; -0,2574340;3;222;;;2.0;2;0.0;1.0;2;872;1.0;;;1.0;0.0;1.0;80.0;Gironde;75;Nouvelle-Aquitaine
201900000243;138Â 306Â 064;B01;2.0;2;3.0;2.0;1993.0;5.0;1.0;;;0.0;0;;;2.0;7.0;0.0;2.0;1.0;21.0;1.0;;5;5;2019;12:05;1.0;33;33357;1;1.0;1.0;5.0;RD 222;44,5301490; -0,2574340;3;222;;;2.0;2;0.0;1.0;2;872;1.0;;;1.0;0.0;1.0;80.0;Gironde;75;Nouvelle-Aquitaine
201900000243;138Â 306Â 065;A01;2.0;2;3.0;2.0;1996.0;5.0;1.0;;;0.0;0;;;1.0;7.0;0.0;2.0;1.0;17.0;1.0;;5;5;2019;12:05;1.0;33;33357;1;1.0;1.0;5.0;RD 222;44,5301490; -0,2574340;3;222;;;2.0;2;0.0;1.0;2;872;1.0;;;1.0;0.0;1.0;80.0;Gironde;75;Nouvelle-Aquitaine
201900000243;138Â 306Â 065;A01;1.0;1;4.0;1.0;1990.0;5.0;0.0;;;0.0;0;;;1.0;7.0;0.0;2.0;1.0;17.0;1.0;;5;5;2019;12:05;1.0;33;33357;1;1.0;1.0;5.0;RD 222;44,5301490; -0,2574340;3;222;;;2.0;2;0.0;1.0;2;872;1.0;;;1.0;0.0;1.0;80.0;Gironde;75;Nouvelle-Aquitaine
201900000244;138Â 306Â 061;B01;2.0;2;1.0;1.0;2016.0;5.0;3.0;;;0.0; -1;;;2.0;7.0;0.0;2.0;1.0;1.0;1.0;;17;5;2019;21:00;2.0;33;33114;1;1.0;2.0;1.0;Baudet;45,0880920; -0,3839500;3;18;;;2.0;2;0.0;1.0;32;536;3.0;;;2.0;0.0;1.0;50.0;Gironde;75;Nouvelle-Aquitaine
201900000244;138Â 306Â 061;B01;1.0;1;2.0;2.0;1986.0;5.0;1.0;;;0.0;0;;;2.0;7.0;0.0;2.0;1.0;1.0;1.0;;17;5;2019;21:00;2.0;33;33114;1;1.0;2.0;1.0;Baudet;45,0880920; -0,3839500;3;18;;;2.0;2;0.0;1.0;32;536;3.0;;;2.0;0.0;1.0;50.0;Gironde;75;Nouvelle-Aquitaine
201900000244;138Â 306Â 062;A01;1.0;1;1.0;1.0;1994.0;5.0;1.0;;;0.0;0;;;1.0;7.0;0.0;2.0;1.0;13.0;1.0;;17;5;2019;21:00;2.0;33;33114;1;1.0;2.0;1.0;Baudet;45,0880920; -0,3839500;3;18;;;2.0;2;0.0;1.0;32;536;3.0;;;2.0;0.0;1.0;50.0;Gironde;75;Nouvelle-Aquitaine
201900000245;138Â 306Â 059;A01;1.0;1;1.0;1.0;1949.0;5.0;1.0;;;0.0;0;;;3.0;7.0;0.0;2.0;3.0;9.0;1.0;;17;5;2019;14:30;1.0;33;33238;2;3.0;1.0;3.0;Avenue de Mont de Marsan;44,7205000; -0,6037100;3;651;;;2.0;2;0.0;2.0;8;200;4.0;;;1.0;0.0;1.0;50.0;Gironde;75;Nouvelle-Aquitaine
201900000245;138Â 306Â 060;B01;1.0;1;3.0;1.0;2001.0;5.0;2.0;;;0.0;0;;;2.0;1.0;0.0;2.0;1.0;1.0;5.0;;17;5;2019;14:30;1.0;33;33238;2;3.0;1.0;3.0;Avenue de Mont de Marsan;44,7205000; -0,6037100;3;651;;;2.0;2;0.0;2.0;8;200;4.0;;;1.0;0.0;1.0;50.0;Gironde;75;Nouvelle-Aquitaine
201900000246;138Â 306Â 054;A01;3.0;2;1.0;1.0;2015.0;5.0;3.0;;;; -1;;;2.0;7.0;0.0;2.0;3.0;15.0;0.0;;28;4;2019;17:30;1.0;33;33293;1;3.0;1.0;1.0;RD115E6 / Avenue de la Chapelle;44,8780800; -0,4513700;3;115E6;0.0;E;2.0;2;0.0;1.0;3;35;3.0;;;1.0;0.0;1.0;50.0;Gironde;75;Nouvelle-Aquitaine
201900000246;138Â 306Â 054;A01;1.0;1;2.0;2.0;1988.0;5.0;1.0;;;0.0;0;;;2.0;7.0;0.0;2.0;3.0;15.0;0.0;;28;4;2019;17:30;1.0;33;33293;1;3.0;1.0;1.0;RD115E6 / Avenue de la Chapelle;44,8780800; -0,4513700;3;115E6;0.0;E;2.0;2;0.0;1.0;3;35;3.0;;;1.0;0.0;1.0;50.0;Gironde;75;Nouvelle-Aquitaine
201900000246;138Â 306Â 055;B01;1.0;1;3.0;1.0;1970.0;5.0;2.0;;;0.0;0;;;1.0;33.0;0.0;2.0;1.0;1.0;0.0;;28;4;2019;17:30;1.0;33;33293;1;3.0;1.0;1.0;RD115E6 / Avenue de la Chapelle;44,8780800; -0,4513700;3;115E6;0.0;E;2.0;2;0.0;1.0;3;35;3.0;;;1.0;0.0;1.0;50.0;Gironde;75;Nouvelle-Aquitaine