Num_Acc;id_vehicule;num_veh;place;catu;grav;sexe;an_nais;trajet;secu1;secu2;secu3;locp;actp;etatp;id_usager;senc;catv;obs;obsm;choc;manv;motor;occutc;jour;mois;an;hrmn;lum;dep;com;agg;int;atm;col;adr;lat;long;catr;voie;v1;v2;circ;nbv;vosp;prof;pr;pr1;plan;lartpc;larrout;surf;infra;situ;vma;nom_departement;reg;nom_region
201900000247;138Â 306Â 052;A01;1.0;1;1.0;1.0;1972.0;5.0;1.0;;;0.0;0;;;2.0;7.0;0.0;2.0;2.0;13.0;1.0;;12;5;2019;22:00;3.0;33;33433;1;6.0;1.0;1.0;Route d'Ambares;44,9209300; -0,4517400;3;242;0.0;;2.0;2;0.0;1.0;2;202;1.0;;;1.0;9.0;1.0;80.0;Gironde;75;Nouvelle-Aquitaine
201900000247;138Â 306Â 053;B01;1.0;1;2.0;1.0;1978.0;5.0;1.0;;;0.0;0;;;1.0;7.0;0.0;2.0;3.0;1.0;1.0;;12;5;2019;22:00;3.0;33;33433;1;6.0;1.0;1.0;Route d'Ambares;44,9209300; -0,4517400;3;242;0.0;;2.0;2;0.0;1.0;2;202;1.0;;;1.0;9.0;1.0;80.0;Gironde;75;Nouvelle-Aquitaine
201900000247;138Â 306Â 053;B01;2.0;2;2.0;1.0;2004.0;5.0;1.0;;;0.0;0;;;1.0;7.0;0.0;2.0;3.0;1.0;1.0;;12;5;2019;22:00;3.0;33;33433;1;6.0;1.0;1.0;Route d'Ambares;44,9209300; -0,4517400;3;242;0.0;;2.0;2;0.0;1.0;2;202;1.0;;;1.0;9.0;1.0;80.0;Gironde;75;Nouvelle-Aquitaine
201900000247;138Â 306Â 053;B01;4.0;2;1.0;1.0;2001.0;5.0;1.0;0.0;0.0;; -1;;;1.0;7.0;0.0;2.0;3.0;1.0;1.0;;12;5;2019;22:00;3.0;33;33433;1;6.0;1.0;1.0;Route d'Ambares;44,9209300; -0,4517400;3;242;0.0;;2.0;2;0.0;1.0;2;202;1.0;;;1.0;9.0;1.0;80.0;Gironde;75;Nouvelle-Aquitaine
201900000247;138Â 306Â 053;B01;3.0;2;1.0;2.0;2004.0;5.0;1.0;0.0;0.0;; -1;;;1.0;7.0;0.0;2.0;3.0;1.0;1.0;;12;5;2019;22:00;3.0;33;33433;1;6.0;1.0;1.0;Route d'Ambares;44,9209300; -0,4517400;3;242;0.0;;2.0;2;0.0;1.0;2;202;1.0;;;1.0;9.0;1.0;80.0;Gironde;75;Nouvelle-Aquitaine
201900000248;138Â 306Â 051;A01;1.0;1;1.0;1.0;1959.0;1.0;1.0;;;0.0;0;;;3.0;7.0;0.0;1.0;3.0;1.0;1.0;;26;4;2019;07:10;2.0;33;33433;2;1.0;2.0;6.0;9 Chemin des Sablons;44,9000130; -0,4323760;4;9;;;2.0;2;0.0;1.0;(1);(1);1.0;;;2.0;0.0;1.0;50.0;Gironde;75;Nouvelle-Aquitaine
201900000248;138Â 306Â 051;A01;10.0;3;3.0;1.0;1965.0;4.0;4.0;;;1.0;3;2.0;;3.0;7.0;0.0;1.0;3.0;1.0;1.0;;26;4;2019;07:10;2.0;33;33433;2;1.0;2.0;6.0;9 Chemin des Sablons;44,9000130; -0,4323760;4;9;;;2.0;2;0.0;1.0;(1);(1);1.0;;;2.0;0.0;1.0;50.0;Gironde;75;Nouvelle-Aquitaine
201900000249;138Â 306Â 050;A01;1.0;1;1.0;2.0;1986.0;5.0;1.0;;;0.0;0;;;1.0;7.0;6.0;0.0;1.0;14.0;1.0;;28;4;2019;01:40;5.0;33;33551;2;1.0;1.0;6.0;1 Castaing;45,0819440; -0,6330030;3;250;0.0;;2.0;2;0.0;1.0;0;312;2.0;;;1.0;0.0;1.0;50.0;Gironde;75;Nouvelle-Aquitaine
201900000249;138Â 306Â 050;A01;9.0;2;3.0;1.0;2016.0;5.0;3.0;;;0.0;0;;;1.0;7.0;6.0;0.0;1.0;14.0;1.0;;28;4;2019;01:40;5.0;33;33551;2;1.0;1.0;6.0;1 Castaing;45,0819440; -0,6330030;3;250;0.0;;2.0;2;0.0;1.0;0;312;2.0;;;1.0;0.0;1.0;50.0;Gironde;75;Nouvelle-Aquitaine
201900000250;138Â 306Â 049;A01;1.0;1;2.0;1.0;1988.0;5.0;1.0;;;0.0;0;;;1.0;7.0;2.0;0.0;2.0;1.0;1.0;;1;5;2019;16:45;1.0;33;33376;1;1.0;1.0;6.0;Route de Castelnau (ex RD212 PR12+380);44,9351220; -0,7665340;4;Route de Castelnau;0.0;;2.0;2;0.0;1.0;(1);(1);1.0;;;1.0;0.0;3.0;80.0;Gironde;75;Nouvelle-Aquitaine
201900000250;138Â 306Â 049;A01;2.0;2;3.0;1.0;1989.0;5.0;1.0;;;0.0;0;;;1.0;7.0;2.0;0.0;2.0;1.0;1.0;;1;5;2019;16:45;1.0;33;33376;1;1.0;1.0;6.0;Route de Castelnau (ex RD212 PR12+380);44,9351220; -0,7665340;4;Route de Castelnau;0.0;;2.0;2;0.0;1.0;(1);(1);1.0;;;1.0;0.0;3.0;80.0;Gironde;75;Nouvelle-Aquitaine
201900000251;138Â 306Â 048;A01;2.0;2;1.0;1.0;2002.0;5.0;2.0;;;0.0;0;;;3.0;2.0;8.0;1.0;2.0;21.0;1.0;;11;5;2019;02:10;5.0;33;33042;2;2.0;1.0;6.0;AllÃ©e de la Briqueterie / AllÃ©e des chevreuils sens Est - Ouest;44,4967700; -0,7795700;4;AllÃ©e de la Briqueterie;;;2.0;2;0.0;1.0;(1);(1);1.0;;;2.0;0.0;4.0;50.0;Gironde;75;Nouvelle-Aquitaine
201900000251;138Â 306Â 048;A01;10.0;3;1.0;2.0;2002.0;5.0;0.0;;;1.0;3;1.0;;3.0;2.0;8.0;1.0;2.0;21.0;1.0;;11;5;2019;02:10;5.0;33;33042;2;2.0;1.0;6.0;AllÃ©e de la Briqueterie / AllÃ©e des chevreuils sens Est - Ouest;44,4967700; -0,7795700;4;AllÃ©e de la Briqueterie;;;2.0;2;0.0;1.0;(1);(1);1.0;;;2.0;0.0;4.0;50.0;Gironde;75;Nouvelle-Aquitaine
201900000251;138Â 306Â 048;A01;1.0;1;4.0;1.0;2002.0;5.0;2.0;;;0.0;0;;;3.0;2.0;8.0;1.0;2.0;21.0;1.0;;11;5;2019;02:10;5.0;33;33042;2;2.0;1.0;6.0;AllÃ©e de la Briqueterie / AllÃ©e des chevreuils sens Est - Ouest;44,4967700; -0,7795700;4;AllÃ©e de la Briqueterie;;;2.0;2;0.0;1.0;(1);(1);1.0;;;2.0;0.0;4.0;50.0;Gironde;75;Nouvelle-Aquitaine
201900000252;138Â 306Â 046;A01;1.0;1;3.0;1.0;2000.0;5.0;1.0;;;0.0;0;;;1.0;7.0;0.0;2.0;3.0;13.0;1.0;;19;5;2019;01:30;3.0;85;85071;1;1.0;5.0;1.0;route dÃ©partementale 32;46,7457800; -1,8702900;3;32;0.0;;2.0;2;0.0;1.0;32;0;1.0;;;1.0;0.0;1.0;80.0;Vendée;52;Pays de la Loire
201900000252;138Â 306Â 046;A01;2.0;2;3.0;1.0;2000.0;5.0;1.0;;;0.0;0;;;1.0;7.0;0.0;2.0;3.0;13.0;1.0;;19;5;2019;01:30;3.0;85;85071;1;1.0;5.0;1.0;route dÃ©partementale 32;46,7457800; -1,8702900;3;32;0.0;;2.0;2;0.0;1.0;32;0;1.0;;;1.0;0.0;1.0;80.0;Vendée;52;Pays de la Loire
201900000252;138Â 306Â 047;B01;2.0;2;3.0;1.0;2007.0;5.0;1.0;;;0.0;0;;;2.0;7.0;0.0;2.0;3.0;21.0;1.0;;19;5;2019;01:30;3.0;85;85071;1;1.0;5.0;1.0;route dÃ©partementale 32;46,7457800; -1,8702900;3;32;0.0;;2.0;2;0.0;1.0;32;0;1.0;;;1.0;0.0;1.0;80.0;Vendée;52;Pays de la Loire
201900000252;138Â 306Â 047;B01;1.0;1;3.0;2.0;1973.0;5.0;1.0;;;0.0;0;;;2.0;7.0;0.0;2.0;3.0;21.0;1.0;;19;5;2019;01:30;3.0;85;85071;1;1.0;5.0;1.0;route dÃ©partementale 32;46,7457800; -1,8702900;3;32;0.0;;2.0;2;0.0;1.0;32;0;1.0;;;1.0;0.0;1.0;80.0;Vendée;52;Pays de la Loire
201900000253;138Â 306Â 044;A01;1.0;1;3.0;1.0;2000.0;0.0;2.0;6.0;;0.0;0;;;1.0;2.0;0.0;2.0;1.0;13.0;1.0;;19;5;2019;16:05;1.0;85;85198;2;1.0;1.0;3.0;17 Rue des Mauges;46,9926500; -1,0434600;3;53;0.0;;2.0;2;0.0;1.0;18;305;3.0;;;1.0;0.0;1.0;50.0;Vendée;52;Pays de la Loire
201900000253;138Â 306Â 045;B01;1.0;1;1.0;1.0;1992.0;0.0;1.0;;;0.0;0;;;2.0;7.0;0.0;2.0;6.0;1.0;1.0;;19;5;2019;16:05;1.0;85;85198;2;1.0;1.0;3.0;17 Rue des Mauges;46,9926500; -1,0434600;3;53;0.0;;2.0;2;0.0;1.0;18;305;3.0;;;1.0;0.0;1.0;50.0;Vendée;52;Pays de la Loire
201900000254;138Â 306Â 042;A01;1.0;1;2.0;1.0;1967.0;5.0;0.0;;;0.0;0;;;2.0;1.0;0.0;2.0;8.0;1.0;5.0;;4;5;2019;11:20;1.0;72;72154;2;1.0;1.0;6.0;22 Rue de Verdun;47,6975360; -0,0894790;3;323;0.0; -;2.0;2;0.0;1.0;(1);(1);1.0;;;1.0;0.0;1.0;50.0;Sarthe;52;Pays de la Loire
201900000254;138Â 306Â 043;B01;1.0;1;1.0;1.0;1968.0;5.0;1.0;;;0.0;0;;;1.0;7.0;0.0;2.0;0.0;1.0;1.0;;4;5;2019;11:20;1.0;72;72154;2;1.0;1.0;6.0;22 Rue de Verdun;47,6975360; -0,0894790;3;323;0.0; -;2.0;2;0.0;1.0;(1);(1);1.0;;;1.0;0.0;1.0;50.0;Sarthe;52;Pays de la Loire
201900000255;138Â 306Â 041;A01;1.0;1;3.0;1.0;1938.0;1.0;1.0;;;0.0;0;;;2.0;7.0;3.0;0.0;3.0;17.0;1.0;;14;5;2019;21:50;2.0;49;49332;1;1.0;1.0;6.0;RN 249;47,0760730; -0,9475730;2;249;0.0;N;3.0;4;0.0;2.0;20;600;2.0;;;1.0;0.0;3.0;110.0;Maine-et-Loire;52;Pays de la Loire
201900000256;138Â 306Â 039;B01;1.0;1;1.0;1.0;1995.0;5.0;1.0;;;0.0;0;;;1.0;7.0;0.0;2.0;3.0;1.0;1.0;;11;5;2019;11:15;1.0;49;49301;1;1.0;1.0;3.0;Route Nationale 249 - LA RENAUDIERE;47,1184410; -1,0749310;2;249;0.0;;3.0;4;3.0;1.0;11;100;1.0;;;1.0;0.0;1.0;110.0;Maine-et-Loire;52;Pays de la Loire
201900000256;138Â 306Â 040;A01;1.0;1;3.0;1.0;1963.0;5.0;2.0;6.0;;0.0;0;;;1.0;33.0;0.0;2.0;7.0;14.0;1.0;;11;5;2019;11:15;1.0;49;49301;1;1.0;1.0;3.0;Route Nationale 249 - LA RENAUDIERE;47,1184410; -1,0749310;2;249;0.0;;3.0;4;3.0;1.0;11;100;1.0;;;1.0;0.0;1.0;110.0;Maine-et-Loire;52;Pays de la Loire
201900000257;138Â 306Â 037;B01;1.0;1;1.0;2.0;1958.0;5.0;1.0;;;0.0;0;;;3.0;7.0;0.0;2.0;3.0;1.0;1.0;;26;5;2019;08:00;1.0;49;49023;2;1.0;2.0;1.0;Rue des MÃ©sanges (GestÃ©);47,1841860; -1,1068360;4;;;;1.0;1;0.0;1.0;(1);(1);2.0;;;1.0;0.0;1.0;30.0;Maine-et-Loire;52;Pays de la Loire
201900000257;138Â 306Â 038;A01;1.0;1;2.0;1.0;1957.0;5.0;2.0;;;0.0;0;;;3.0;1.0;0.0;0.0;1.0;5.0;5.0;;26;5;2019;08:00;1.0;49;49023;2;1.0;2.0;1.0;Rue des MÃ©sanges (GestÃ©);47,1841860; -1,1068360;4;;;;1.0;1;0.0;1.0;(1);(1);2.0;;;1.0;0.0;1.0;30.0;Maine-et-Loire;52;Pays de la Loire
201900000258;138Â 306Â 036;A01;1.0;1;3.0;1.0;1997.0;5.0;1.0;;;0.0;0;;;3.0;7.0;6.0;0.0;1.0;1.0;1.0;;19;5;2019;01:15;3.0;49;49138;2;3.0;1.0;6.0;Rue du Clos de la Lampe (Brion);47,4418660; -0,1582080;4;;;;2.0;2;0.0;1.0;(1);(1);1.0;;;1.0;0.0;1.0;50.0;Maine-et-Loire;52;Pays de la Loire
201900000259;138Â 306Â 035;A01;1.0;1;2.0;1.0;2000.0;5.0;2.0;6.0;9.0;0.0;0;;;2.0;33.0;13.0;0.0;1.0;1.0;1.0;;12;4;2019;18:30;1.0;49;49271;1;1.0;1.0;7.0;Le Rossay;47,5397900; -0,7278510;3;104;0.0;D;2.0;2;0.0;1.0;5;900;2.0;;;1.0;0.0;3.0;80.0;Maine-et-Loire;52;Pays de la Loire
201900000260;138Â 306Â 034;A01;2.0;2;1.0;1.0;2000.0;5.0;1.0;5.0;;0.0;0;;;3.0;7.0;7.0;0.0;7.0;1.0;1.0;;28;4;2019;04:10;4.0;44;44026;2;1.0;1.0;6.0;1 Avenue du Professeur Jean Rouxel;47,2986420; -1,5012530;4;;0.0;;2.0;2;0.0;1.0;(1);(1);2.0;;;1.0;0.0;3.0;30.0;Loire-Atlantique;52;Pays de la Loire
201900000260;138Â 306Â 034;A01;9.0;2;3.0;1.0;2001.0;5.0;1.0;;;0.0;0;;;3.0;7.0;7.0;0.0;7.0;1.0;1.0;;28;4;2019;04:10;4.0;44;44026;2;1.0;1.0;6.0;1 Avenue du Professeur Jean Rouxel;47,2986420; -1,5012530;4;;0.0;;2.0;2;0.0;1.0;(1);(1);2.0;;;1.0;0.0;3.0;30.0;Loire-Atlantique;52;Pays de la Loire
201900000260;138Â 306Â 034;A01;1.0;1;1.0;1.0;2000.0;5.0;1.0;;;0.0;0;;;3.0;7.0;7.0;0.0;7.0;1.0;1.0;;28;4;2019;04:10;4.0;44;44026;2;1.0;1.0;6.0;1 Avenue du Professeur Jean Rouxel;47,2986420; -1,5012530;4;;0.0;;2.0;2;0.0;1.0;(1);(1);2.0;;;1.0;0.0;3.0;30.0;Loire-Atlantique;52;Pays de la Loire
201900000260;138Â 306Â 034;A01;7.0;2;1.0;1.0;2000.0;5.0;1.0;;;0.0;0;;;3.0;7.0;7.0;0.0;7.0;1.0;1.0;;28;4;2019;04:10;4.0;44;44026;2;1.0;1.0;6.0;1 Avenue du Professeur Jean Rouxel;47,2986420; -1,5012530;4;;0.0;;2.0;2;0.0;1.0;(1);(1);2.0;;;1.0;0.0;3.0;30.0;Loire-Atlantique;52;Pays de la Loire
201900000261;138Â 306Â 032;A01;1.0;1;1.0;1.0;1957.0;1.0;1.0;;;0.0;0;;;3.0;7.0;0.0;2.0;2.0;19.0;1.0;;26;2;2019;07:30;2.0;44;44026;1;2.0;1.0;3.0;Chemin de Gralan;47,3135920; -1,4376250;7;209;0.0;;2.0;2;0.0;1.0;(1);(1);1.0;;;1.0;5.0;1.0;80.0;Loire-Atlantique;52;Pays de la Loire
201900000261;138Â 306Â 033;B01;1.0;1;2.0;2.0;1981.0;9.0;2.0;6.0;;0.0;0;;;3.0;30.0;0.0;2.0;1.0;1.0;1.0;;26;2;2019;07:30;2.0;44;44026;1;2.0;1.0;3.0;Chemin de Gralan;47,3135920; -1,4376250;7;209;0.0;;2.0;2;0.0;1.0;(1);(1);1.0;;;1.0;5.0;1.0;80.0;Loire-Atlantique;52;Pays de la Loire
201900000262;138Â 306Â 031;A01;3.0;2;3.0;2.0;1999.0;5.0;0.0;;;0.0;0;;;2.0;7.0;15.0;0.0;9.0;14.0;1.0;;18;5;2019;18:10;1.0;61;61279;1;1.0;1.0;6.0;Le Poteau;48,4180860;0,0069520;3;1;;;2.0;2;0.0;3.0;14;100;2.0;;;1.0;5.0;3.0;70.0;Orne;28;Normandie
201900000262;138Â 306Â 031;A01;1.0;1;3.0;1.0;2000.0;5.0;1.0;;;0.0;0;;;2.0;7.0;15.0;0.0;9.0;14.0;1.0;;18;5;2019;18:10;1.0;61;61279;1;1.0;1.0;6.0;Le Poteau;48,4180860;0,0069520;3;1;;;2.0;2;0.0;3.0;14;100;2.0;;;1.0;5.0;3.0;70.0;Orne;28;Normandie
201900000262;138Â 306Â 031;A01;5.0;2;2.0;2.0;1999.0;5.0;0.0;;;0.0;0;;;2.0;7.0;15.0;0.0;9.0;14.0;1.0;;18;5;2019;18:10;1.0;61;61279;1;1.0;1.0;6.0;Le Poteau;48,4180860;0,0069520;3;1;;;2.0;2;0.0;3.0;14;100;2.0;;;1.0;5.0;3.0;70.0;Orne;28;Normandie
201900000262;138Â 306Â 031;A01;4.0;2;2.0;1.0;1998.0;5.0;1.0;;;0.0;0;;;2.0;7.0;15.0;0.0;9.0;14.0;1.0;;18;5;2019;18:10;1.0;61;61279;1;1.0;1.0;6.0;Le Poteau;48,4180860;0,0069520;3;1;;;2.0;2;0.0;3.0;14;100;2.0;;;1.0;5.0;3.0;70.0;Orne;28;Normandie
201900000262;138Â 306Â 031;A01;2.0;2;2.0;2.0;2001.0;5.0;1.0;;;0.0;0;;;2.0;7.0;15.0;0.0;9.0;14.0;1.0;;18;5;2019;18:10;1.0;61;61279;1;1.0;1.0;6.0;Le Poteau;48,4180860;0,0069520;3;1;;;2.0;2;0.0;3.0;14;100;2.0;;;1.0;5.0;3.0;70.0;Orne;28;Normandie
201900000263;138Â 306Â 030;A01;1.0;1;2.0;1.0;1976.0;5.0;5.0;6.0;2.0;0.0;0;;;1.0;33.0;16.0;0.0;7.0;1.0;0.0;;4;5;2019;09:30;1.0;61;61209;1;1.0;3.0;7.0;RD51;48,5643800; -0,2257120;3;51;;;2.0;2;0.0;1.0;1;0;1.0;;;2.0;0.0;1.0;80.0;Orne;28;Normandie
201900000264;138Â 306Â 029;A01;1.0;1;4.0;1.0;1998.0;0.0;0.0;;;0.0;0;;;2.0;7.0;13.0;0.0;2.0;13.0;1.0;;24;5;2019;20:26;1.0;50;50535;1;1.0;1.0;7.0;Les TribonniÃ¨res (Sainte-Pience);48,7565640; -1,3139210;3;39;0.0;;2.0;2;0.0;1.0;3;740;2.0;;;1.0;0.0;3.0;80.0;Manche;28;Normandie
201900000265;138Â 306Â 027;A01;1.0;1;1.0;1.0;1990.0;1.0;1.0;;;0.0;0;;;1.0;7.0;0.0;2.0;3.0;13.0;1.0;;15;5;2019;21:30;2.0;14;14762;2;1.0;1.0;1.0;Rue des Clairs Logis (Vire, Vire-Normandie);48,8447840; -0,8771440;9;;0.0;;2.0;2;0.0;1.0;0;0;1.0;;;1.0;0.0;1.0;50.0;Calvados;28;Normandie
201900000265;138Â 306Â 028;B01;1.0;1;3.0;1.0;1989.0;1.0;2.0;6.0;;0.0;0;;;2.0;33.0;0.0;2.0;1.0;1.0;1.0;;15;5;2019;21:30;2.0;14;14762;2;1.0;1.0;1.0;Rue des Clairs Logis (Vire, Vire-Normandie);48,8447840; -0,8771440;9;;0.0;;2.0;2;0.0;1.0;0;0;1.0;;;1.0;0.0;1.0;50.0;Calvados;28;Normandie
201900000266;138Â 306Â 025;A01;1.0;1;2.0;2.0;1984.0;4.0;1.0;;;0.0;0;;;1.0;7.0;0.0;2.0;3.0;13.0;1.0;;9;5;2019;09:10;1.0;14;14346;1;3.0;8.0;1.0;Sainte-Bazille;49,1980920; -0,6514060;3;187;;;2.0;2;0.0;2.0;70;0;1.0;;;2.0;0.0;1.0;80.0;Calvados;28;Normandie
201900000266;138Â 306Â 026;B01;1.0;1;1.0;1.0;1967.0;4.0;1.0;;;0.0;0;;;1.0;14.0;0.0;2.0;3.0;1.0;1.0;;9;5;2019;09:10;1.0;14;14346;1;3.0;8.0;1.0;Sainte-Bazille;49,1980920; -0,6514060;3;187;;;2.0;2;0.0;2.0;70;0;1.0;;;2.0;0.0;1.0;80.0;Calvados;28;Normandie
201900000267;138Â 306Â 024;A01;1.0;1;2.0;1.0;1966.0;9.0;2.0;6.0;;0.0;0;;;2.0;2.0;0.0;0.0;2.0;1.0;1.0;;7;5;2019;19:50;1.0;14;14728;1;6.0;1.0;7.0;d613;49,2900430; -0,7577370;3;613;;;2.0;2;0.0;1.0;(1);(1);1.0;;;1.0;0.0;1.0;80.0;Calvados;28;Normandie
201900000268;138Â 306Â 023;A01;10.0;3;3.0;2.0;1937.0;5.0;0.0;;;2.0;3;2.0;;2.0;7.0;0.0;1.0;1.0;1.0;1.0;;17;5;2019;11:30;1.0;14;14530;1;1.0;1.0;6.0;D 514, PK 13;49,2400820; -0,2661190;3;514;;;2.0;2;0.0;1.0;13;0;1.0;;;1.0;0.0;1.0;70.0;Calvados;28;Normandie
201900000268;138Â 306Â 023;A01;1.0;1;1.0;2.0;1931.0;5.0;1.0;;;0.0;0;;;2.0;7.0;0.0;1.0;1.0;1.0;1.0;;17;5;2019;11:30;1.0;14;14530;1;1.0;1.0;6.0;D 514, PK 13;49,2400820; -0,2661190;3;514;;;2.0;2;0.0;1.0;13;0;1.0;;;1.0;0.0;1.0;70.0;Calvados;28;Normandie
201900000268;138Â 306Â 023;A01;10.0;3;3.0;1.0;1947.0;5.0;0.0;;;2.0;3;2.0;;2.0;7.0;0.0;1.0;1.0;1.0;1.0;;17;5;2019;11:30;1.0;14;14530;1;1.0;1.0;6.0;D 514, PK 13;49,2400820; -0,2661190;3;514;;;2.0;2;0.0;1.0;13;0;1.0;;;1.0;0.0;1.0;70.0;Calvados;28;Normandie
201900000269;138Â 306Â 022;A01;1.0;1;3.0;1.0;1981.0;5.0;1.0;;;0.0;0;;;2.0;7.0;3.0;0.0;2.0;14.0;1.0;;26;5;2019;20:15;1.0;14;14025;1;1.0;1.0;6.0;RN158;48,9193770; -0,2057370;2;158;;;3.0;4;0.0;1.0;12;500;1.0;;;1.0;0.0;2.0;110.0;Calvados;28;Normandie
201900000270;138Â 306Â 020;A01;1.0;1;3.0;1.0;2003.0;1.0;2.0;6.0;9.0;0.0;0;;;1.0;2.0;0.0;2.0;1.0;1.0;1.0;;16;5;2019;13:50;1.0;56;56263;2;1.0;1.0;2.0;30 Rue de Vannes;47,7035850; -2,9521870;3;17;;;2.0;2;0.0;1.0;4;973;1.0;;;1.0;0.0;1.0;50.0;Morbihan;53;Bretagne
201900000270;138Â 306Â 021;B01;1.0;1;1.0;1.0;1975.0;1.0;1.0;;;0.0;0;;;1.0;7.0;0.0;0.0;4.0;1.0;1.0;;16;5;2019;13:50;1.0;56;56263;2;1.0;1.0;2.0;30 Rue de Vannes;47,7035850; -2,9521870;3;17;;;2.0;2;0.0;1.0;4;973;1.0;;;1.0;0.0;1.0;50.0;Morbihan;53;Bretagne
201900000271;138Â 306Â 018;A01;1.0;1;1.0;2.0;1960.0;1.0;1.0;;;0.0;0;;;2.0;7.0;0.0;2.0;3.0;9.0;1.0;;22;5;2019;06:40;2.0;29;29161;2;6.0;1.0;3.0;Route de Fouesnant;47,9067830; -4,0452100;3;45;0.0;;2.0;2;0.0;1.0;3;800;1.0;;;1.0;0.0;1.0;50.0;Finistère;53;Bretagne
201900000271;138Â 306Â 019;B01;1.0;1;3.0;2.0;1965.0;1.0;2.0;6.0;;0.0;0;;;2.0;33.0;0.0;2.0;1.0;1.0;1.0;;22;5;2019;06:40;2.0;29;29161;2;6.0;1.0;3.0;Route de Fouesnant;47,9067830; -4,0452100;3;45;0.0;;2.0;2;0.0;1.0;3;800;1.0;;;1.0;0.0;1.0;50.0;Finistère;53;Bretagne
201900000272;138Â 306Â 017;A01;1.0;1;4.0;2.0;1933.0;0.0;8.0;;;0.0;0;;;1.0;7.0;17.0;0.0;1.0;1.0;1.0;;14;5;2019;18:25;1.0;29;29272;1;1.0;7.0;7.0;RN165 PK 44+500 Sens de circulation LORIENT-QUIMPER;47,9620662; -3,9636451;2;165;0.0;;3.0;4;0.0;1.0;44;500;1.0;;;1.0;0.0;3.0;110.0;Finistère;53;Bretagne
201900000273;138Â 306Â 015;B01;1.0;1;1.0;1.0;1949.0;5.0;1.0;;;0.0;0;;;2.0;7.0;0.0;2.0;3.0;1.0;1.0;;12;5;2019;19:45;1.0;29;29046;1;1.0;1.0;1.0;CD 765;48,0751740; -4,3371860;3;765;;;2.0;2;0.0;1.0;77;280;3.0;;;1.0;0.0;1.0;80.0;Finistère;53;Bretagne
201900000273;138Â 306Â 016;A01;1.0;1;3.0;1.0;1990.0;5.0;2.0;6.0;;0.0;0;;;1.0;33.0;0.0;2.0;1.0;13.0;1.0;;12;5;2019;19:45;1.0;29;29046;1;1.0;1.0;1.0;CD 765;48,0751740; -4,3371860;3;765;;;2.0;2;0.0;1.0;77;280;3.0;;;1.0;0.0;1.0;80.0;Finistère;53;Bretagne
201900000274;138Â 306Â 014;A01;1.0;1;3.0;1.0;1988.0;5.0;2.0;;;0.0;0;;;2.0;2.0;0.0;0.0;0.0;1.0;1.0;;17;5;2019;23:00;3.0;22;22198;1;1.0;1.0;7.0;D6;48,7709350; -3,5283800;3;6;;;2.0;2;0.0;1.0;43;900;1.0;;;1.0;0.0;3.0;80.0;Côtes-d'Armor;53;Bretagne
201900000275;138Â 306Â 013;A01;10.0;3;2.0;2.0;2013.0;5.0;0.0;;;9.0;2;2.0;;1.0;7.0;0.0;1.0;3.0;13.0;1.0;;12;5;2019;17:00;1.0;22;22198;1;1.0;1.0;6.0;rue de l'ile gande;48,7946640; -3,5617875;3;21;0.0;;2.0;2;0.0;1.0;25;500;1.0;;;1.0;0.0;1.0;50.0;Côtes-d'Armor;53;Bretagne
201900000275;138Â 306Â 013;A01;1.0;1;1.0;1.0;1985.0;5.0;1.0;;;0.0;0;;;1.0;7.0;0.0;1.0;3.0;13.0;1.0;;12;5;2019;17:00;1.0;22;22198;1;1.0;1.0;6.0;rue de l'ile gande;48,7946640; -3,5617875;3;21;0.0;;2.0;2;0.0;1.0;25;500;1.0;;;1.0;0.0;1.0;50.0;Côtes-d'Armor;53;Bretagne
201900000276;138Â 306Â 011;A01;1.0;1;3.0;1.0;1997.0;5.0;2.0;9.0;;0.0;0;;;2.0;31.0;16.0;2.0;1.0;13.0;1.0;;11;5;2019;16:00;1.0;22;22225;1;9.0;1.0;1.0;lieu dit moulin de kerraufret;48,4992361; -3,1167870;3;767;0.0;;2.0;2;0.0;1.0;18;130;4.0;;;1.0;0.0;1.0;80.0;Côtes-d'Armor;53;Bretagne
201900000276;138Â 306Â 012;B01;2.0;2;1.0;2.0;1939.0;0.0;1.0;;;0.0;0;;;1.0;7.0;16.0;2.0;3.0;1.0;1.0;;11;5;2019;16:00;1.0;22;22225;1;9.0;1.0;1.0;lieu dit moulin de kerraufret;48,4992361; -3,1167870;3;767;0.0;;2.0;2;0.0;1.0;18;130;4.0;;;1.0;0.0;1.0;80.0;Côtes-d'Armor;53;Bretagne
201900000276;138Â 306Â 012;B01;1.0;1;1.0;1.0;1936.0;0.0;1.0;;;0.0;0;;;1.0;7.0;16.0;2.0;3.0;1.0;1.0;;11;5;2019;16:00;1.0;22;22225;1;9.0;1.0;1.0;lieu dit moulin de kerraufret;48,4992361; -3,1167870;3;767;0.0;;2.0;2;0.0;1.0;18;130;4.0;;;1.0;0.0;1.0;80.0;Côtes-d'Armor;53;Bretagne