Num_Acc;id_vehicule;num_veh;place;catu;grav;sexe;an_nais;trajet;secu1;secu2;secu3;locp;actp;etatp;id_usager;senc;catv;obs;obsm;choc;manv;motor;occutc;jour;mois;an;hrmn;lum;dep;com;agg;int;atm;col;adr;lat;long;catr;voie;v1;v2;circ;nbv;vosp;prof;pr;pr1;plan;lartpc;larrout;surf;infra;situ;vma;nom_departement;reg;nom_region
201900000277;138Â 306Â 009;A01;1.0;1;1.0;2.0;1984.0;0.0;1.0;;;0.0;0;;;3.0;7.0;0.0;2.0;2.0;19.0;1.0;;24;4;2019;07:50;1.0;22;22339;1;2.0;2.0;3.0;LA BONNELAIS;48,5033200; -2,0516160;4;;;;2.0;2;0.0;1.0;(1);(1);1.0;;;2.0;0.0;1.0;80.0;Côtes-d'Armor;53;Bretagne
201900000277;138Â 306Â 010;B01;1.0;1;3.0;1.0;1965.0;1.0;1.0;;;0.0;0;;;3.0;3.0;0.0;2.0;6.0;1.0;1.0;;24;4;2019;07:50;1.0;22;22339;1;2.0;2.0;3.0;LA BONNELAIS;48,5033200; -2,0516160;4;;;;2.0;2;0.0;1.0;(1);(1);1.0;;;2.0;0.0;1.0;80.0;Côtes-d'Armor;53;Bretagne
201900000278;138Â 306Â 007;B01;1.0;1;2.0;1.0;1964.0;5.0;2.0;6.0;;0.0;0;;;3.0;33.0;0.0;2.0;7.0;17.0;1.0;;3;5;2019;14:45;1.0;22;22259;2;3.0;1.0;3.0;Rue des Alouettes;48,4451730; -2,0776980;4;;0.0;;2.0;2;0.0;1.0;(1);(1);1.0;;;1.0;0.0;1.0;50.0;Côtes-d'Armor;53;Bretagne
201900000278;138Â 306Â 008;A01;1.0;1;1.0;1.0;1983.0;5.0;1.0;;;0.0;0;;;3.0;7.0;0.0;2.0;3.0;15.0;1.0;;3;5;2019;14:45;1.0;22;22259;2;3.0;1.0;3.0;Rue des Alouettes;48,4451730; -2,0776980;4;;0.0;;2.0;2;0.0;1.0;(1);(1);1.0;;;1.0;0.0;1.0;50.0;Côtes-d'Armor;53;Bretagne
201900000279;138Â 306Â 006;A01;9.0;2;3.0;1.0;1999.0;5.0;0.0;;;0.0;0;;;3.0;7.0;3.0;0.0;2.0;13.0;1.0;;25;5;2019;04:10;3.0;22;22144;1;1.0;1.0;7.0;La Fontenelle;48,5073180; -2,8330030;4;;;A;2.0;2;0.0;2.0;(1);(1);1.0;;;1.0;0.0;3.0;80.0;Côtes-d'Armor;53;Bretagne
201900000279;138Â 306Â 006;A01;2.0;2;1.0;1.0;1998.0;5.0;1.0;;;0.0;0;;;3.0;7.0;3.0;0.0;2.0;13.0;1.0;;25;5;2019;04:10;3.0;22;22144;1;1.0;1.0;7.0;La Fontenelle;48,5073180; -2,8330030;4;;;A;2.0;2;0.0;2.0;(1);(1);1.0;;;1.0;0.0;3.0;80.0;Côtes-d'Armor;53;Bretagne
201900000279;138Â 306Â 006;A01;1.0;1;1.0;1.0;1999.0;5.0;1.0;;;0.0;0;;;3.0;7.0;3.0;0.0;2.0;13.0;1.0;;25;5;2019;04:10;3.0;22;22144;1;1.0;1.0;7.0;La Fontenelle;48,5073180; -2,8330030;4;;;A;2.0;2;0.0;2.0;(1);(1);1.0;;;1.0;0.0;3.0;80.0;Côtes-d'Armor;53;Bretagne
201900000280;138Â 306Â 004;B01;1.0;1;2.0;1.0;2002.0;0.0;2.0;;;0.0;0;;;3.0;2.0;0.0;2.0;1.0;17.0;1.0;;18;5;2019;16:55;1.0;22;22262;2;1.0;1.0;3.0;rue du chemin des sentes;48,4079519; -2,9089308;4;1;0.0;A;2.0;2;0.0;1.0;0;0;1.0;;;1.0;0.0;1.0;50.0;Côtes-d'Armor;53;Bretagne
201900000280;138Â 306Â 005;A01;1.0;1;1.0;2.0;1979.0;5.0;1.0;;;0.0;0;;;3.0;7.0;0.0;2.0;3.0;15.0;1.0;;18;5;2019;16:55;1.0;22;22262;2;1.0;1.0;3.0;rue du chemin des sentes;48,4079519; -2,9089308;4;1;0.0;A;2.0;2;0.0;1.0;0;0;1.0;;;1.0;0.0;1.0;50.0;Côtes-d'Armor;53;Bretagne
201900000281;138Â 306Â 003;A01;1.0;1;1.0;1.0;1998.0;5.0;8.0;;;0.0;0;;;1.0;7.0;13.0;0.0;1.0;14.0;1.0;;4;5;2019;19:30;1.0;22;22081;1;1.0;1.0;7.0;Rue des Ponts Neufs;48,5019260; -2,6155890;3;46;;;2.0;2;0.0;1.0;19;1750;2.0;;;1.0;0.0;3.0;80.0;Côtes-d'Armor;53;Bretagne
201900000281;138Â 306Â 003;A01;7.0;2;3.0;2.0;2000.0;5.0;8.0;;;0.0;0;;;1.0;7.0;13.0;0.0;1.0;14.0;1.0;;4;5;2019;19:30;1.0;22;22081;1;1.0;1.0;7.0;Rue des Ponts Neufs;48,5019260; -2,6155890;3;46;;;2.0;2;0.0;1.0;19;1750;2.0;;;1.0;0.0;3.0;80.0;Côtes-d'Armor;53;Bretagne
201900000281;138Â 306Â 003;A01;2.0;2;1.0;1.0;1985.0;5.0;8.0;;;0.0;0;;;1.0;7.0;13.0;0.0;1.0;14.0;1.0;;4;5;2019;19:30;1.0;22;22081;1;1.0;1.0;7.0;Rue des Ponts Neufs;48,5019260; -2,6155890;3;46;;;2.0;2;0.0;1.0;19;1750;2.0;;;1.0;0.0;3.0;80.0;Côtes-d'Armor;53;Bretagne
201900000282;138Â 306Â 002;A01;10.0;3;3.0;1.0;1995.0;5.0;0.0;;;1.0;1;2.0;;2.0;0.0;0.0;1.0;2.0;0.0;0.0;;19;5;2019;02:55;3.0;22;22162;2;1.0;1.0;6.0;Rue de Beauport;48,7668190; -3,0192520;3;786;;;2.0;2;0.0;1.0;(1);(1);2.0;;;1.0;0.0;1.0;50.0;Côtes-d'Armor;53;Bretagne
201900000283;138Â 306Â 000;A01;1.0;1;3.0;1.0;1933.0;5.0;8.0;;;0.0;0;;;1.0;7.0;0.0;2.0;1.0;13.0;0.0;;13;4;2019;20:15;2.0;22;22093;1;1.0;1.0;1.0;LA MARE JAUNE;48,4338264; -2,5101157;3;14;0.0;;2.0;2;0.0;1.0;16;1000;1.0;;;1.0;0.0;1.0;80.0;Côtes-d'Armor;53;Bretagne
201900000283;138Â 306Â 001;B01;7.0;2;3.0;2.0;1965.0;5.0;8.0;;;0.0;0;;;2.0;7.0;0.0;2.0;1.0;1.0;0.0;;13;4;2019;20:15;2.0;22;22093;1;1.0;1.0;1.0;LA MARE JAUNE;48,4338264; -2,5101157;3;14;0.0;;2.0;2;0.0;1.0;16;1000;1.0;;;1.0;0.0;1.0;80.0;Côtes-d'Armor;53;Bretagne
201900000283;138Â 306Â 001;B01;2.0;2;3.0;2.0;1965.0;5.0;8.0;;;0.0;0;;;2.0;7.0;0.0;2.0;1.0;1.0;0.0;;13;4;2019;20:15;2.0;22;22093;1;1.0;1.0;1.0;LA MARE JAUNE;48,4338264; -2,5101157;3;14;0.0;;2.0;2;0.0;1.0;16;1000;1.0;;;1.0;0.0;1.0;80.0;Côtes-d'Armor;53;Bretagne
201900000283;138Â 306Â 001;B01;9.0;2;3.0;2.0;1985.0;5.0;8.0;;;0.0;0;;;2.0;7.0;0.0;2.0;1.0;1.0;0.0;;13;4;2019;20:15;2.0;22;22093;1;1.0;1.0;1.0;LA MARE JAUNE;48,4338264; -2,5101157;3;14;0.0;;2.0;2;0.0;1.0;16;1000;1.0;;;1.0;0.0;1.0;80.0;Côtes-d'Armor;53;Bretagne
201900000283;138Â 306Â 001;B01;1.0;1;3.0;1.0;1981.0;5.0;8.0;;;0.0;0;;;2.0;7.0;0.0;2.0;1.0;1.0;0.0;;13;4;2019;20:15;2.0;22;22093;1;1.0;1.0;1.0;LA MARE JAUNE;48,4338264; -2,5101157;3;14;0.0;;2.0;2;0.0;1.0;16;1000;1.0;;;1.0;0.0;1.0;80.0;Côtes-d'Armor;53;Bretagne
201900000284;138Â 305Â 998;A01;1.0;1;1.0;1.0;1993.0;5.0;1.0;;;0.0;0;;;3.0;7.0;0.0;2.0;3.0;13.0;1.0;;11;5;2019;10:40;1.0;35;35228;1;1.0;1.0;1.0;la vallÃ©e rondeau;48,5993880; -2,0422930;4;14;0.0;;2.0;2;0.0;1.0;0;0;2.0;;;1.0;0.0;1.0;80.0;Ille-et-Vilaine;53;Bretagne
201900000284;138Â 305Â 999;B01;1.0;1;2.0;1.0;1951.0;5.0;1.0;;;0.0;0;;;3.0;7.0;0.0;2.0;3.0;1.0;1.0;;11;5;2019;10:40;1.0;35;35228;1;1.0;1.0;1.0;la vallÃ©e rondeau;48,5993880; -2,0422930;4;14;0.0;;2.0;2;0.0;1.0;0;0;2.0;;;1.0;0.0;1.0;80.0;Ille-et-Vilaine;53;Bretagne
201900000285;138Â 305Â 997;A01;1.0;1;4.0;1.0;1940.0;9.0;1.0;;;0.0;0;;;3.0;7.0;0.0;0.0;3.0;1.0;1.0;;20;5;2019;16:33;1.0;35;35139;1;1.0;1.0;7.0;les cours;48,0015050; -1,7158740;4;;0.0;;2.0;2;0.0;1.0;(1);(1);1.0;;;1.0;0.0;3.0;80.0;Ille-et-Vilaine;53;Bretagne
201900000286;138Â 305Â 996;A01;1.0;1;3.0;1.0;1956.0;5.0;1.0;;;0.0;0;;;3.0;7.0;15.0;0.0;1.0;1.0;1.0;;4;5;2019;23:00;3.0;35;35139;1;3.0;1.0;6.0;La Croix Chemin;47,9804050; -1,7393150;3;39;0.0;;2.0;2;0.0;3.0;8;200;3.0;;;1.0;0.0;3.0;80.0;Ille-et-Vilaine;53;Bretagne
201900000287;138Â 305Â 995;A01;1.0;1;3.0;1.0;1998.0;1.0;1.0;5.0;;0.0;0;;;2.0;7.0;1.0;0.0;3.0;13.0;1.0;;24;5;2019;19:20;1.0;35;35236;2;6.0;1.0;6.0;Rond Point Rue de la Vieille Ville;47,6733400; -2,0804340;3;873;0.0;;2.0;2;0.0;1.0;7;700;1.0;;;1.0;5.0;4.0;70.0;Ille-et-Vilaine;53;Bretagne
201900000288;138Â 305Â 993;A01;1.0;1;3.0;1.0;2001.0;2.0;1.0;5.0;;0.0;0;;;2.0;7.0;13.0;0.0;2.0;21.0;1.0;;14;5;2019;16:00;1.0;35;35257;1;1.0;1.0;6.0;route dÃ©partementale 113;48,3712820; -1,3148010;3;113;0.0;;2.0;2;0.0;1.0;13;950;1.0;;;9.0;8.0;3.0;50.0;Ille-et-Vilaine;53;Bretagne
201900000289;138Â 305Â 992;A01;1.0;1;3.0;1.0;2002.0;5.0;2.0;6.0;;0.0;0;;;1.0;2.0;6.0;0.0;7.0;1.0;1.0;;3;5;2019;14:30;1.0;35;35309;2;1.0;1.0;6.0;D794;48,3708850; -1,5715930;3;794;0.0;;2.0;2;0.0;2.0;40;500;1.0;;;1.0;0.0;3.0;50.0;Ille-et-Vilaine;53;Bretagne
201900000290;138Â 305Â 990;A01;1.0;1;3.0;1.0;1995.0;4.0;2.0;6.0;;0.0;0;;;2.0;32.0;0.0;2.0;1.0;2.0;1.0;;6;5;2019;08:15;1.0;35;35240;1;1.0;7.0;2.0;RN 24 sens Lorient Rennes PK 5.750;48,0946210; -1,7633770;2;24;;;3.0;4;0.0;1.0;5;750;1.0;;;1.0;0.0;1.0;110.0;Ille-et-Vilaine;53;Bretagne
201900000290;138Â 305Â 991;B01;1.0;1;1.0;2.0;1971.0;4.0;8.0;;;0.0;0;;;2.0;7.0;0.0;2.0;4.0;23.0;1.0;;6;5;2019;08:15;1.0;35;35240;1;1.0;7.0;2.0;RN 24 sens Lorient Rennes PK 5.750;48,0946210; -1,7633770;2;24;;;3.0;4;0.0;1.0;5;750;1.0;;;1.0;0.0;1.0;110.0;Ille-et-Vilaine;53;Bretagne
201900000291;138Â 305Â 989;A01;1.0;1;2.0;1.0;1986.0;0.0;8.0;;;0.0;0;;;0.0;7.0;13.0;0.0;1.0;1.0;1.0;;29;5;2019;18:00;1.0;27;27365;1;1.0;1.0;6.0;D77;49,2994190;1,1928990;3;77;0.0;D;2.0;2;0.0;1.0;(1);(1);1.0;;;1.0;9.0;3.0;70.0;Eure;28;Normandie
201900000291;138Â 305Â 989;A01;2.0;2;3.0;1.0;1986.0;0.0;8.0;;;0.0;0;;;0.0;7.0;13.0;0.0;1.0;1.0;1.0;;29;5;2019;18:00;1.0;27;27365;1;1.0;1.0;6.0;D77;49,2994190;1,1928990;3;77;0.0;D;2.0;2;0.0;1.0;(1);(1);1.0;;;1.0;9.0;3.0;70.0;Eure;28;Normandie
201900000292;138Â 305Â 987;A01;1.0;1;1.0;1.0;1947.0;5.0;1.0;;;0.0;0;;;2.0;7.0;0.0;2.0;6.0;15.0;1.0;;22;5;2019;19:00;1.0;27;27188;1;3.0;1.0;3.0;RD 321 - Intersection de ZA Val Richard;49,3049040;1,1209520;3;321;0.0;;3.0;4;0.0;2.0;5;400;1.0;;;1.0;5.0;1.0;50.0;Eure;28;Normandie
201900000292;138Â 305Â 988;B01;1.0;1;3.0;1.0;1992.0;1.0;2.0;6.0;;0.0;0;;;1.0;33.0;0.0;2.0;1.0;1.0;1.0;;22;5;2019;19:00;1.0;27;27188;1;3.0;1.0;3.0;RD 321 - Intersection de ZA Val Richard;49,3049040;1,1209520;3;321;0.0;;3.0;4;0.0;2.0;5;400;1.0;;;1.0;5.0;1.0;50.0;Eure;28;Normandie
201900000293;138Â 305Â 982;B01;1.0;1;3.0;1.0;2007.0;9.0;0.0;;;0.0;0;;;1.0;1.0;0.0;2.0;1.0;5.0;5.0;;29;5;2019;12:50;1.0;27;27335;2;4.0;8.0;1.0;Rue des PrÃ©s;49,1346320;1,1887900;3;71;0.0;;2.0;2;0.0;2.0;30;900;3.0;;;1.0;0.0;5.0;50.0;Eure;28;Normandie
201900000293;138Â 305Â 983;A01;1.0;1;1.0;1.0;1987.0;3.0;1.0;;;0.0;0;;;2.0;7.0;0.0;9.0;1.0;1.0;6.0;;29;5;2019;12:50;1.0;27;27335;2;4.0;8.0;1.0;Rue des PrÃ©s;49,1346320;1,1887900;3;71;0.0;;2.0;2;0.0;2.0;30;900;3.0;;;1.0;0.0;5.0;50.0;Eure;28;Normandie
201900000294;138Â 305Â 978;B01;1.0;1;1.0;1.0;1966.0;5.0;1.0;;;0.0;0;;;3.0;10.0;0.0;0.0;6.0;16.0;0.0;;31;5;2019;10:50;1.0;27;27016;1;3.0;1.0;2.0;Mantelle;49,2327000;1,4329000;3;1;0.0;;2.0;2;0.0;1.0;(1);(1);1.0;;;1.0;0.0;1.0;80.0;Eure;28;Normandie
201900000294;138Â 305Â 979;A01;1.0;1;2.0;1.0;1990.0;5.0;2.0;;;0.0;0;;;3.0;33.0;0.0;2.0;2.0;13.0;0.0;;31;5;2019;10:50;1.0;27;27016;1;3.0;1.0;2.0;Mantelle;49,2327000;1,4329000;3;1;0.0;;2.0;2;0.0;1.0;(1);(1);1.0;;;1.0;0.0;1.0;80.0;Eure;28;Normandie
201900000295;138Â 305Â 976;A01;1.0;1;2.0;1.0;1984.0;1.0;1.0;;;0.0;0;;;2.0;7.0;0.0;2.0;3.0;13.0;0.0;;6;5;2019;16:40;1.0;27;27647;1;1.0;1.0;1.0;rd 135 -route des andelys - tosny;49,2285790;1,3593040;3;135;;;2.0;2;0.0;1.0;10;600;1.0;;;1.0;0.0;3.0;80.0;Eure;28;Normandie
201900000295;138Â 305Â 977;B01;1.0;1;3.0;2.0;1973.0;3.0;1.0;;;0.0;0;;;1.0;7.0;7.0;2.0;3.0;1.0;0.0;;6;5;2019;16:40;1.0;27;27647;1;1.0;1.0;1.0;rd 135 -route des andelys - tosny;49,2285790;1,3593040;3;135;;;2.0;2;0.0;1.0;10;600;1.0;;;1.0;0.0;3.0;80.0;Eure;28;Normandie
201900000296;138Â 305Â 973;A01;1.0;1;2.0;1.0;1976.0;5.0;2.0;6.0;;0.0;0;;;2.0;33.0;8.0;0.0;2.0;1.0;0.0;;24;5;2019;15:30;1.0;27;27358;1;1.0;1.0;6.0;route dÃ©partementale 57 27120 JOUY SUR EURE;49,0375380;1,2957680;3;57;;;2.0;2;0.0;2.0;12;(1);2.0;;;1.0;0.0;3.0;80.0;Eure;28;Normandie
201900000297;138Â 305Â 971;A01;1.0;1;3.0;2.0;1932.0;9.0;1.0;;;0.0;0;;;2.0;7.0;0.0;2.0;8.0;19.0;1.0;;27;5;2019;16:40;1.0;27;27447;1;3.0;1.0;3.0;RD830;48,9618150;0,9595680;3;830;;;2.0;2;0.0;1.0;15;300;2.0;;;1.0;5.0;1.0;80.0;Eure;28;Normandie
201900000297;138Â 305Â 972;B01;2.0;2;2.0;1.0;2000.0;4.0;1.0;;;0.0;0;;;1.0;7.0;0.0;2.0;1.0;1.0;1.0;;27;5;2019;16:40;1.0;27;27447;1;3.0;1.0;3.0;RD830;48,9618150;0,9595680;3;830;;;2.0;2;0.0;1.0;15;300;2.0;;;1.0;5.0;1.0;80.0;Eure;28;Normandie
201900000297;138Â 305Â 972;B01;1.0;1;2.0;1.0;1993.0;4.0;1.0;;;0.0;0;;;1.0;7.0;0.0;2.0;1.0;1.0;1.0;;27;5;2019;16:40;1.0;27;27447;1;3.0;1.0;3.0;RD830;48,9618150;0,9595680;3;830;;;2.0;2;0.0;1.0;15;300;2.0;;;1.0;5.0;1.0;80.0;Eure;28;Normandie
201900000298;138Â 305Â 970;A01;1.0;1;3.0;2.0;1953.0;5.0;1.0;;;0.0;0;;;1.0;7.0;13.0;0.0;3.0;19.0;1.0;;28;5;2019;16:00;1.0;76;76454;1;1.0;1.0;6.0;route nationale;49,7537672;1,5513468;3;929;;;2.0;2;0.0;1.0;51;500;3.0;;;1.0;9.0;8.0;80.0;Seine-Maritime;28;Normandie
201900000299;138Â 305Â 968;B01;9.0;2;2.0;2.0;1968.0;0.0;0.0;;;0.0;0;;;1.0;7.0;0.0;0.0;4.0;1.0;6.0;;19;5;2019;23:50;3.0;60;60446;1;1.0;2.0;2.0;Route nationa 2;49,1268960;2,7901480;2;2;;;2.0;4;0.0;1.0;7;500;1.0;;;2.0;0.0;1.0;110.0;Oise;32;Hauts-de-France
201900000299;138Â 305Â 968;B01;1.0;1;2.0;1.0;1995.0;0.0;0.0;;;0.0;0;;;1.0;7.0;0.0;0.0;4.0;1.0;6.0;;19;5;2019;23:50;3.0;60;60446;1;1.0;2.0;2.0;Route nationa 2;49,1268960;2,7901480;2;2;;;2.0;4;0.0;1.0;7;500;1.0;;;2.0;0.0;1.0;110.0;Oise;32;Hauts-de-France
201900000299;138Â 305Â 968;B01;2.0;2;2.0;2.0;1995.0;0.0;0.0;;;0.0;0;;;1.0;7.0;0.0;0.0;4.0;1.0;6.0;;19;5;2019;23:50;3.0;60;60446;1;1.0;2.0;2.0;Route nationa 2;49,1268960;2,7901480;2;2;;;2.0;4;0.0;1.0;7;500;1.0;;;2.0;0.0;1.0;110.0;Oise;32;Hauts-de-France
201900000299;138Â 305Â 968;B01;7.0;2;2.0;1.0;1990.0;0.0;0.0;;;0.0;0;;;1.0;7.0;0.0;0.0;4.0;1.0;6.0;;19;5;2019;23:50;3.0;60;60446;1;1.0;2.0;2.0;Route nationa 2;49,1268960;2,7901480;2;2;;;2.0;4;0.0;1.0;7;500;1.0;;;2.0;0.0;1.0;110.0;Oise;32;Hauts-de-France
201900000299;138Â 305Â 969;A01;1.0;1;2.0;1.0;1981.0;4.0;1.0;;;0.0;0;;;1.0;10.0;0.0;0.0;1.0;2.0;1.0;;19;5;2019;23:50;3.0;60;60446;1;1.0;2.0;2.0;Route nationa 2;49,1268960;2,7901480;2;2;;;2.0;4;0.0;1.0;7;500;1.0;;;2.0;0.0;1.0;110.0;Oise;32;Hauts-de-France
201900000300;138Â 305Â 967;A01;1.0;1;2.0;1.0;1959.0;5.0;1.0;;;0.0;0;;;1.0;7.0;13.0;0.0;3.0;0.0;1.0;;30;5;2019;18:45;1.0;60;60402;1;1.0;1.0;7.0;D98;49,3767010;2,7375966;3;98;;;2.0;2;0.0;1.0;24;600;2.0;;;1.0;0.0;8.0;80.0;Oise;32;Hauts-de-France
201900000301;138Â 305Â 965;B01;1.0;1;1.0;1.0;1971.0;0.0;1.0;;;0.0;0;;;0.0;7.0;0.0;2.0;5.0;19.0;1.0;;14;5;2019;17:24;1.0;60;60134;1;3.0;1.0;3.0;D137 route de Noailles Ã  Maimbeville;49,3200850;2,4275630;3;137;;;2.0;2;0.0;2.0;18;0;1.0;;;1.0;0.0;1.0;70.0;Oise;32;Hauts-de-France
201900000301;138Â 305Â 966;A01;1.0;1;3.0;1.0;1969.0;0.0;2.0;6.0;;0.0;0;;;0.0;32.0;0.0;2.0;1.0;1.0;1.0;;14;5;2019;17:24;1.0;60;60134;1;3.0;1.0;3.0;D137 route de Noailles Ã  Maimbeville;49,3200850;2,4275630;3;137;;;2.0;2;0.0;2.0;18;0;1.0;;;1.0;0.0;1.0;70.0;Oise;32;Hauts-de-France
201900000302;138Â 305Â 963;A01;1.0;1;1.0;1.0;1961.0;1.0;1.0;;;0.0;0;;;0.0;7.0;0.0;0.0;3.0;0.0;1.0;;5;5;2019;06:58;2.0;60;60342;2;1.0;1.0;1.0;rue de la rÃ©pubique;49,2936540;2,4437350;3;916;0.0;A;2.0;2;0.0;1.0;2;400;1.0;;;2.0;0.0;1.0;50.0;Oise;32;Hauts-de-France
201900000302;138Â 305Â 964;B01;1.0;1;3.0;1.0;1982.0;5.0;2.0;;;0.0;0;;;0.0;2.0;0.0;2.0;3.0;13.0;1.0;;5;5;2019;06:58;2.0;60;60342;2;1.0;1.0;1.0;rue de la rÃ©pubique;49,2936540;2,4437350;3;916;0.0;A;2.0;2;0.0;1.0;2;400;1.0;;;2.0;0.0;1.0;50.0;Oise;32;Hauts-de-France
201900000303;138Â 305Â 961;B01;1.0;1;1.0;1.0;1977.0;4.0;1.0;;;0.0;0;;;2.0;15.0;0.0;0.0;4.0;2.0;1.0;;6;5;2019;17:00;1.0;60;60103;1;1.0;1.0;2.0;route nationale 31;49,4150770;2,2318706;2;31;;;3.0;4;0.0;1.0;37;900;1.0;;;1.0;0.0;1.0;110.0;Oise;32;Hauts-de-France
201900000303;138Â 305Â 962;A01;1.0;1;3.0;1.0;1983.0;9.0;1.0;;;0.0;0;;;2.0;10.0;0.0;2.0;1.0;2.0;1.0;;6;5;2019;17:00;1.0;60;60103;1;1.0;1.0;2.0;route nationale 31;49,4150770;2,2318706;2;31;;;3.0;4;0.0;1.0;37;900;1.0;;;1.0;0.0;1.0;110.0;Oise;32;Hauts-de-France
201900000304;138Â 305Â 960;A01;1.0;1;2.0;1.0;1978.0;0.0;1.0;;;0.0;0;;;3.0;7.0;2.0;0.0;1.0;0.0;1.0;;29;5;2019;18:45;1.0;62;62014;1;1.0;1.0;6.0;rd 943;50,6613620;2,3945530;3;943;;;3.0;2;0.0;1.0;(1);(1);2.0;;;1.0;0.0;3.0;70.0;Pas-de-Calais;32;Hauts-de-France
201900000305;138Â 305Â 958;B01;1.0;1;2.0;1.0;1998.0;5.0;6.0;2.0;;0.0;0;;;2.0;1.0;0.0;0.0;4.0;1.0;5.0;;12;5;2019;11:44;1.0;62;62170;2;1.0;1.0;2.0;52 Route de la Colline;50,4218350;2,6607360;3;75;0.0;D;2.0;2;0.0;4.0;27;28;1.0;;;1.0;0.0;1.0;50.0;Pas-de-Calais;32;Hauts-de-France
201900000305;138Â 305Â 959;A01;2.0;2;3.0;2.0;1955.0;5.0;2.0;6.0;;0.0;0;;;2.0;33.0;8.0;2.0;1.0;1.0;1.0;;12;5;2019;11:44;1.0;62;62170;2;1.0;1.0;2.0;52 Route de la Colline;50,4218350;2,6607360;3;75;0.0;D;2.0;2;0.0;4.0;27;28;1.0;;;1.0;0.0;1.0;50.0;Pas-de-Calais;32;Hauts-de-France
201900000305;138Â 305Â 959;A01;1.0;1;3.0;1.0;1950.0;5.0;2.0;6.0;;0.0;0;;;2.0;33.0;8.0;2.0;1.0;1.0;1.0;;12;5;2019;11:44;1.0;62;62170;2;1.0;1.0;2.0;52 Route de la Colline;50,4218350;2,6607360;3;75;0.0;D;2.0;2;0.0;4.0;27;28;1.0;;;1.0;0.0;1.0;50.0;Pas-de-Calais;32;Hauts-de-France
201900000306;138Â 305Â 957;A01;2.0;2;2.0;1.0;2001.0;0.0;8.0;8.0;;;0;;;1.0;30.0;11.0;0.0;9.0;13.0;1.0;;14;8;2019;01:15;5.0;67;67482;2;1.0;1.0;6.0;SCHIRMECK (ROUTE DE);48,5681000;7,7094950;4;SCHIRMECK (ROUTE DE);0.0;;2.0;3;1.0;1.0;0;0;1.0;;;1.0;0.0;1.0;50.0;Bas-Rhin;44;Grand Est
201900000306;138Â 305Â 957;A01;1.0;1;2.0;1.0;2002.0;0.0;8.0;8.0;;;0;;;1.0;30.0;11.0;0.0;9.0;13.0;1.0;;14;8;2019;01:15;5.0;67;67482;2;1.0;1.0;6.0;SCHIRMECK (ROUTE DE);48,5681000;7,7094950;4;SCHIRMECK (ROUTE DE);0.0;;2.0;3;1.0;1.0;0;0;1.0;;;1.0;0.0;1.0;50.0;Bas-Rhin;44;Grand Est
201900000307;138Â 305Â 955;B01;1.0;1;2.0;1.0;1982.0;0.0;8.0;0.0;;;0;;;2.0;1.0;0.0;2.0;1.0;0.0;5.0;;13;8;2019;19:05;1.0;67;67482;2;3.0;1.0;3.0;DOCTEUR NETTER (RUE DU);48,5867200;7,7060000;4;DOCTEUR NETTER (RUE DU);0.0;;2.0;2;0.0;1.0;0;0;1.0;;;1.0;0.0;1.0;50.0;Bas-Rhin;44;Grand Est
201900000307;138Â 305Â 956;A01;1.0;1;1.0;2.0;1978.0;1.0;1.0;8.0;;;0;;;1.0;7.0;0.0;2.0;2.0;0.0;1.0;;13;8;2019;19:05;1.0;67;67482;2;3.0;1.0;3.0;DOCTEUR NETTER (RUE DU);48,5867200;7,7060000;4;DOCTEUR NETTER (RUE DU);0.0;;2.0;2;0.0;1.0;0;0;1.0;;;1.0;0.0;1.0;50.0;Bas-Rhin;44;Grand Est
201900000308;138Â 305Â 953;B01;2.0;2;3.0;1.0;2001.0;0.0;2.0;8.0;;;0;;;2.0;30.0;0.0;2.0;3.0;0.0;1.0;;13;8;2019;13:45;1.0;67;67218;2;3.0;1.0;3.0;BURKEL (ROUTE);48,5302900;7,7197800;4;BURKEL (ROUTE);0.0;;2.0;2;0.0;1.0;0;0;1.0;;;1.0;9.0;1.0;30.0;Bas-Rhin;44;Grand Est
201900000308;138Â 305Â 953;B01;1.0;1;3.0;1.0;2002.0;0.0;2.0;8.0;;;0;;;2.0;30.0;0.0;2.0;3.0;0.0;1.0;;13;8;2019;13:45;1.0;67;67218;2;3.0;1.0;3.0;BURKEL (ROUTE);48,5302900;7,7197800;4;BURKEL (ROUTE);0.0;;2.0;2;0.0;1.0;0;0;1.0;;;1.0;9.0;1.0;30.0;Bas-Rhin;44;Grand Est
201900000308;138Â 305Â 954;A01;1.0;1;3.0;1.0;2000.0;3.0;2.0;8.0;;;0;;;1.0;30.0;0.0;2.0;2.0;0.0;1.0;;13;8;2019;13:45;1.0;67;67218;2;3.0;1.0;3.0;BURKEL (ROUTE);48,5302900;7,7197800;4;BURKEL (ROUTE);0.0;;2.0;2;0.0;1.0;0;0;1.0;;;1.0;9.0;1.0;30.0;Bas-Rhin;44;Grand Est
201900000309;138Â 305Â 951;B01;1.0;1;1.0;2.0;1972.0;1.0;1.0;8.0;;;0;;;2.0;7.0;0.0;2.0;5.0;1.0;1.0;;13;8;2019;04:55;2.0;67;67482;2;3.0;1.0;1.0;JEAN JAURES (AVENUE);48,5669600;7,7733200;4;JEAN JAURES (AVENUE);0.0;;3.0;6;3.0;1.0;0;0;2.0;;;1.0;4.0;1.0;50.0;Bas-Rhin;44;Grand Est