Num_Acc;id_vehicule;num_veh;place;catu;grav;sexe;an_nais;trajet;secu1;secu2;secu3;locp;actp;etatp;id_usager;senc;catv;obs;obsm;choc;manv;motor;occutc;jour;mois;an;hrmn;lum;dep;com;agg;int;atm;col;adr;lat;long;catr;voie;v1;v2;circ;nbv;vosp;prof;pr;pr1;plan;lartpc;larrout;surf;infra;situ;vma;nom_departement;reg;nom_region
201900000309;138Â 305Â 952;A01;1.0;1;2.0;1.0;1998.0;0.0;2.0;8.0;;;0;;;1.0;30.0;0.0;2.0;2.0;16.0;1.0;;13;8;2019;04:55;2.0;67;67482;2;3.0;1.0;1.0;JEAN JAURES (AVENUE);48,5669600;7,7733200;4;JEAN JAURES (AVENUE);0.0;;3.0;6;3.0;1.0;0;0;2.0;;;1.0;4.0;1.0;50.0;Bas-Rhin;44;Grand Est
201900000310;138Â 305Â 950;A01;1.0;1;3.0;1.0;1958.0;1.0;8.0;0.0;;;0;;;1.0;1.0;0.0;0.0;7.0;1.0;5.0;;12;8;2019;08:00;1.0;67;67482;2;1.0;1.0;7.0;GOUJON (RUE DU);48,5993420;7,7860490;4;GOUJON (RUE DU);0.0;;2.0;2;0.0;1.0;0;0;1.0;;;1.0;0.0;1.0;50.0;Bas-Rhin;44;Grand Est
201900000311;138Â 305Â 949;A01;1.0;1;4.0;1.0;1971.0;0.0;2.0;8.0;;; -1;;;3.0;33.0;0.0;0.0;0.0;1.0;1.0;;14;8;2019;19:35;1.0;67;67180;1;1.0;1.0;6.0;RHIN (ROUTE DU);48,8150000;7,8172600;3;29;0.0;;2.0;2;0.0;1.0;2;500;1.0;;;1.0;0.0;1.0;80.0;Bas-Rhin;44;Grand Est
201900000312;138Â 305Â 947;B01;1.0;1;2.0;1.0;1976.0;5.0;2.0;8.0;;0.0;0;;;1.0;2.0;0.0;2.0;2.0;1.0;1.0;;15;8;2019;14:40;1.0;66;66136;2;1.0;1.0;6.0;DESNOYE (BOULEVARD DR. JOSEPH);42,7106800;2,8847600;4;DESNOYE (BOULEVARD DR. JOSEPH);0.0;;1.0;1;0.0;1.0;0;0;2.0;;;1.0;0.0;1.0;50.0;Pyrénées-Orientales;76;Occitanie
201900000312;138Â 305Â 948;A01;1.0;1;1.0;1.0;1974.0;5.0;1.0;8.0;;0.0;0;;;1.0;7.0;0.0;2.0;3.0;9.0;1.0;;15;8;2019;14:40;1.0;66;66136;2;1.0;1.0;6.0;DESNOYE (BOULEVARD DR. JOSEPH);42,7106800;2,8847600;4;DESNOYE (BOULEVARD DR. JOSEPH);0.0;;1.0;1;0.0;1.0;0;0;2.0;;;1.0;0.0;1.0;50.0;Pyrénées-Orientales;76;Occitanie
201900000313;138Â 305Â 946;A01;1.0;1;1.0;1.0;1988.0;0.0;1.0;0.0;;0.0;0;;;1.0;7.0;4.0;0.0;9.0;26.0;1.0;;11;8;2019;04:00;3.0;66;66136;1;1.0;1.0;7.0;PRADES (AVENUE DE ) ST CHARLES;42,6975000;2,8684000;3;900;0.0;A;3.0;0;0.0;1.0;4;100;1.0;;;1.0;0.0;1.0;110.0;Pyrénées-Orientales;76;Occitanie
201900000313;138Â 305Â 946;A01;2.0;2;3.0;1.0;2000.0;0.0;1.0;0.0;;0.0;0;;;1.0;7.0;4.0;0.0;9.0;26.0;1.0;;11;8;2019;04:00;3.0;66;66136;1;1.0;1.0;7.0;PRADES (AVENUE DE ) ST CHARLES;42,6975000;2,8684000;3;900;0.0;A;3.0;0;0.0;1.0;4;100;1.0;;;1.0;0.0;1.0;110.0;Pyrénées-Orientales;76;Occitanie
201900000314;138Â 305Â 944;A01;1.0;1;1.0;2.0;1941.0;0.0;1.0;0.0;;0.0;0;;;1.0;7.0;0.0;2.0;8.0;9.0;1.0;;17;8;2019;10:48;1.0;64;64483;2;1.0;1.0;3.0;LARRAMENDY PIERRE (AVENUE);43,3840400; -1,6531900;4;LARRAMENDY PIERRE (AVENUE);0.0;;2.0;2;0.0;1.0;0;0;3.0;;;1.0;0.0;1.0;50.0;Pyrénées-Atlantiques;75;Nouvelle-Aquitaine
201900000314;138Â 305Â 945;B01;1.0;1;2.0;2.0;1987.0;0.0;2.0;0.0;;0.0;0;;;1.0;30.0;0.0;2.0;7.0;1.0;1.0;;17;8;2019;10:48;1.0;64;64483;2;1.0;1.0;3.0;LARRAMENDY PIERRE (AVENUE);43,3840400; -1,6531900;4;LARRAMENDY PIERRE (AVENUE);0.0;;2.0;2;0.0;1.0;0;0;3.0;;;1.0;0.0;1.0;50.0;Pyrénées-Atlantiques;75;Nouvelle-Aquitaine
201900000315;138Â 305Â 942;A01;1.0;1;1.0;1.0;1961.0;0.0;1.0;0.0;;0.0;0;;;1.0;10.0;0.0;2.0;3.0;15.0;0.0;;16;8;2019;14:25;1.0;64;64483;2;3.0;1.0;3.0;THIERS ADOLPHE (BOULEVARD);43,3907997; -1,6592267;4;THIERS ADOLPHE (BOULEVARD);0.0;;2.0;2;0.0;1.0;0;0;1.0;;;1.0;0.0;1.0;50.0;Pyrénées-Atlantiques;75;Nouvelle-Aquitaine
201900000315;138Â 305Â 943;B01;2.0;2;2.0;2.0;1962.0;0.0;2.0;0.0;;0.0;0;;;0.0;32.0;0.0;2.0;1.0;1.0;0.0;;16;8;2019;14:25;1.0;64;64483;2;3.0;1.0;3.0;THIERS ADOLPHE (BOULEVARD);43,3907997; -1,6592267;4;THIERS ADOLPHE (BOULEVARD);0.0;;2.0;2;0.0;1.0;0;0;1.0;;;1.0;0.0;1.0;50.0;Pyrénées-Atlantiques;75;Nouvelle-Aquitaine
201900000315;138Â 305Â 943;B01;1.0;1;2.0;1.0;1961.0;0.0;2.0;0.0;;0.0;0;;;0.0;32.0;0.0;2.0;1.0;1.0;0.0;;16;8;2019;14:25;1.0;64;64483;2;3.0;1.0;3.0;THIERS ADOLPHE (BOULEVARD);43,3907997; -1,6592267;4;THIERS ADOLPHE (BOULEVARD);0.0;;2.0;2;0.0;1.0;0;0;1.0;;;1.0;0.0;1.0;50.0;Pyrénées-Atlantiques;75;Nouvelle-Aquitaine
201900000316;138Â 305Â 940;B01;1.0;1;1.0;1.0;1979.0;0.0;1.0;0.0;;0.0;0;;;2.0;7.0;0.0;2.0;4.0;2.0;1.0;;15;8;2019;18:42;1.0;64;64483;1;1.0;1.0;2.0;ASCAIN (ROUTE D');43,3807980; -1,6411400;3;918;0.0;;2.0;2;0.0;1.0;0;0;1.0;;;1.0;0.0;3.0;50.0;Pyrénées-Atlantiques;75;Nouvelle-Aquitaine
201900000316;138Â 305Â 941;A01;1.0;1;2.0;2.0;1992.0;0.0;2.0;0.0;;;0;;;2.0;30.0;0.0;2.0;1.0;2.0;1.0;;15;8;2019;18:42;1.0;64;64483;1;1.0;1.0;2.0;ASCAIN (ROUTE D');43,3807980; -1,6411400;3;918;0.0;;2.0;2;0.0;1.0;0;0;1.0;;;1.0;0.0;3.0;50.0;Pyrénées-Atlantiques;75;Nouvelle-Aquitaine
201900000317;138Â 305Â 938;B01;1.0;1;1.0;2.0;1955.0;0.0;1.0;0.0;;0.0;0;;;1.0;7.0;0.0;2.0;1.0;1.0;1.0;;14;8;2019;09:10;1.0;64;64189;2;1.0;1.0;1.0;POULOU JEAN  (AVENUE);43,3805920; -1,6556530;4;POULOU JEAN  (AVENUE);0.0;;2.0;2;0.0;1.0;0;0;1.0;;;1.0;0.0;1.0;50.0;Pyrénées-Atlantiques;75;Nouvelle-Aquitaine
201900000317;138Â 305Â 939;A01;1.0;1;2.0;1.0;1943.0;0.0;1.0;0.0;;0.0;0;;;2.0;7.0;0.0;2.0;1.0;13.0;1.0;;14;8;2019;09:10;1.0;64;64189;2;1.0;1.0;1.0;POULOU JEAN  (AVENUE);43,3805920; -1,6556530;4;POULOU JEAN  (AVENUE);0.0;;2.0;2;0.0;1.0;0;0;1.0;;;1.0;0.0;1.0;50.0;Pyrénées-Atlantiques;75;Nouvelle-Aquitaine
201900000318;138Â 305Â 936;A01;1.0;1;2.0;2.0;2002.0;0.0;2.0;0.0;;0.0;0;;;1.0;30.0;0.0;2.0;1.0;2.0;1.0;;13;8;2019;19:30;1.0;64;64260;2;1.0;1.0;2.0;LECLERC (BOULEVARD DU GENERAL);43,3649700; -1,7698000;4;LECLERC (BOULEVARD DU GENERAL);0.0;;2.0;2;0.0;1.0;11;500;2.0;;;1.0;0.0;1.0;30.0;Pyrénées-Atlantiques;75;Nouvelle-Aquitaine
201900000318;138Â 305Â 937;B01;1.0;1;1.0;1.0;1947.0;0.0;1.0;0.0;;0.0;0;;;1.0;7.0;0.0;2.0;4.0;2.0;1.0;;13;8;2019;19:30;1.0;64;64260;2;1.0;1.0;2.0;LECLERC (BOULEVARD DU GENERAL);43,3649700; -1,7698000;4;LECLERC (BOULEVARD DU GENERAL);0.0;;2.0;2;0.0;1.0;11;500;2.0;;;1.0;0.0;1.0;30.0;Pyrénées-Atlantiques;75;Nouvelle-Aquitaine
201900000319;138Â 305Â 934;A01;1.0;1;1.0;1.0;1999.0;5.0;8.0;0.0;;0.0;0;;;2.0;7.0;0.0;2.0;1.0;15.0;1.0;;17;8;2019;23:13;5.0;64;64445;2;2.0;1.0;1.0;LILAS DES;43,3049000; -0,3522600;4;LILAS DES;0.0;;2.0;2;0.0;1.0;18;(1);1.0;;;1.0;0.0;1.0;50.0;Pyrénées-Atlantiques;75;Nouvelle-Aquitaine
201900000319;138Â 305Â 935;B01;1.0;1;3.0;1.0;1998.0;5.0;2.0;6.0;;0.0;0;;;1.0;30.0;0.0;2.0;1.0;1.0;1.0;;17;8;2019;23:13;5.0;64;64445;2;2.0;1.0;1.0;LILAS DES;43,3049000; -0,3522600;4;LILAS DES;0.0;;2.0;2;0.0;1.0;18;(1);1.0;;;1.0;0.0;1.0;50.0;Pyrénées-Atlantiques;75;Nouvelle-Aquitaine
201900000320;138Â 305Â 933;A01;1.0;1;1.0;1.0;2004.0;5.0;8.0;0.0;;0.0;0;;;2.0;1.0;0.0;1.0;1.0;1.0;5.0;;16;8;2019;20:00;1.0;64;64445;2;1.0;1.0;6.0;JEAN DE LA FONTAINE;43,2965300; -0,3730700;4;JEAN DE LA FONTAINE;0.0;;2.0;1;0.0;2.0;0;0;3.0;;;1.0;0.0;1.0;15.0;Pyrénées-Atlantiques;75;Nouvelle-Aquitaine
201900000320;138Â 305Â 933;A01;10.0;3;2.0;2.0;1995.0;5.0;8.0;0.0;;1.0;1;3.0;;2.0;1.0;0.0;1.0;1.0;1.0;5.0;;16;8;2019;20:00;1.0;64;64445;2;1.0;1.0;6.0;JEAN DE LA FONTAINE;43,2965300; -0,3730700;4;JEAN DE LA FONTAINE;0.0;;2.0;1;0.0;2.0;0;0;3.0;;;1.0;0.0;1.0;15.0;Pyrénées-Atlantiques;75;Nouvelle-Aquitaine
201900000321;138Â 305Â 932;A01;1.0;1;3.0;2.0;2004.0;5.0;2.0;6.0;;0.0;0;;;1.0;30.0;0.0;0.0;8.0;1.0;1.0;;12;8;2019;15:02;1.0;64;64445;2;1.0;2.0;7.0;VALERY MEUNIER;43,2963800; -0,3677400;4;VALERY MEUNIER;0.0;;1.0;2;0.0;1.0;0;0;1.0;;;2.0;0.0;1.0;30.0;Pyrénées-Atlantiques;75;Nouvelle-Aquitaine
201900000322;138Â 305Â 931;A01;1.0;1;2.0;2.0;2002.0;5.0;2.0;6.0;;0.0;0;;;1.0;30.0;0.0;0.0;1.0;1.0;1.0;;14;8;2019;23:15;5.0;64;64122;2;1.0;2.0;7.0;PRINGLE (RUE);43,4789100; -1,5527700;4;PRINGLE (RUE);0.0;;;0;0.0;1.0;0;0;1.0;;;2.0;0.0;1.0;50.0;Pyrénées-Atlantiques;75;Nouvelle-Aquitaine
201900000323;138Â 305Â 930;A01;1.0;1;3.0;1.0;1967.0;5.0;0.0;6.0;;; -1;;;1.0;33.0;12.0;0.0;2.0;14.0;1.0;;14;8;2019;16:05;1.0;63;63124;2;1.0;1.0;6.0;COSTES (RUE DIEUDONNE);45,7454700;3,1673400;4;COSTES (RUE DIEUDONNE);0.0;;2.0;2;0.0;1.0;(1);(1);1.0;;;1.0;0.0;1.0;50.0;Puy-de-Dôme;84;Auvergne-Rhône-Alpes
201900000324;138Â 305Â 929;A01;1.0;1;1.0;1.0;1939.0;5.0;1.0;0.0;;; -1;;;1.0;7.0;0.0;1.0;1.0;1.0;1.0;;15;8;2019;17:10;1.0;62;62826;2;1.0;1.0;6.0;LEON GARET (RUE);50,5224200;1,5835500;7;LEON GARET (RUE);0.0;;1.0;1;0.0;1.0;0;0;1.0;;;1.0;0.0;1.0;50.0;Pas-de-Calais;32;Hauts-de-France
201900000324;138Â 305Â 929;A01;10.0;3;4.0;1.0;1946.0;5.0;8.0;0.0;;3.0;3;1.0;;1.0;7.0;0.0;1.0;1.0;1.0;1.0;;15;8;2019;17:10;1.0;62;62826;2;1.0;1.0;6.0;LEON GARET (RUE);50,5224200;1,5835500;7;LEON GARET (RUE);0.0;;1.0;1;0.0;1.0;0;0;1.0;;;1.0;0.0;1.0;50.0;Pas-de-Calais;32;Hauts-de-France
201900000325;138Â 305Â 928;A01;10.0;3;3.0;1.0;1960.0;3.0;8.0;0.0;;5.0;1;1.0;;3.0;7.0;0.0;1.0;2.0;9.0;1.0;;12;8;2019;18:00;1.0;62;62765;2;9.0;1.0;6.0;HAUT PONT (QUAI DU....);50,7567900;2,2600800;4;HAUT PONT (QUAI DU....);0.0;;2.0;2;0.0;1.0;0;0;2.0;;;1.0;1.0;1.0;50.0;Pas-de-Calais;32;Hauts-de-France
201900000325;138Â 305Â 928;A01;1.0;1;1.0;1.0;1981.0;1.0;1.0;0.0;;0.0;0;;;3.0;7.0;0.0;1.0;2.0;9.0;1.0;;12;8;2019;18:00;1.0;62;62765;2;9.0;1.0;6.0;HAUT PONT (QUAI DU....);50,7567900;2,2600800;4;HAUT PONT (QUAI DU....);0.0;;2.0;2;0.0;1.0;0;0;2.0;;;1.0;1.0;1.0;50.0;Pas-de-Calais;32;Hauts-de-France
201900000326;138Â 305Â 925;A01;1.0;1;3.0;1.0;1997.0;1.0;2.0;0.0;;;0;;;2.0;2.0;12.0;0.0;1.0;1.0;1.0;;14;8;2019;14:00;1.0;62;62330;2;1.0;3.0;7.0;GRANDE RUE ( LA );50,5342600;2,7445700;3;166;0.0;;2.0;2;0.0;1.0;0;0;2.0;;;2.0;0.0;1.0;50.0;Pas-de-Calais;32;Hauts-de-France
201900000327;138Â 305Â 924;B01;1.0;1;2.0;1.0;1994.0;1.0;8.0;0.0;;0.0;0;;;3.0;50.0;0.0;2.0;0.0;0.0;3.0;;14;8;2019;17:00;1.0;60;60463;2;6.0;1.0;3.0;SAINT-EXUPERY (RUE DE)_SUD;49,2683000;2,4596800;4;SAINT-EXUPERY (RUE DE)_SUD;0.0;;2.0;2;0.0;1.0;(1);(1);1.0;;;1.0;9.0;1.0;50.0;Oise;32;Hauts-de-France
201900000328;138Â 305Â 921;B01;1.0;1;2.0;2.0;1984.0;9.0;8.0;0.0;;;0;;;3.0;7.0;0.0;2.0;8.0;16.0;1.0;;15;8;2019;22:10;5.0;60;60175;2;1.0;1.0;3.0;JUILLET (RUE JULES);49,2644000;2,4725000;7;JUILLET (RUE JULES);0.0;;1.0;1;0.0;1.0;0;0;1.0;;;1.0;0.0;1.0;50.0;Oise;32;Hauts-de-France
201900000329;138Â 305Â 919;B01;1.0;1;3.0;1.0;2006.0;5.0;8.0;0.0;;;0;;;3.0;1.0;0.0;2.0;7.0;19.0;5.0;;16;8;2019;22:40;4.0;60;60159;1;6.0;1.0;3.0;25E- R.G.A. (AV. DU);49,3889400;2,8827100;4;25Ã¨me RGA;0.0;;1.0;2;0.0;1.0;0;1;2.0;;;1.0;5.0;1.0;50.0;Oise;32;Hauts-de-France
201900000330;138Â 305Â 917;B01;1.0;1;2.0;1.0;1962.0;0.0;1.0;0.0;;;0;;;1.0;7.0;0.0;2.0;8.0;0.0;1.0;;16;8;2019;10:00;1.0;60;60057;2;2.0;1.0;3.0;ROUEN (ROUTE DE);49,4340800;2,0519000;2;31;0.0;;;0;0.0;1.0;7;0;1.0;;;1.0;0.0;1.0;50.0;Oise;32;Hauts-de-France
201900000330;138Â 305Â 918;A01;1.0;1;1.0;2.0;1962.0;0.0;1.0;0.0;;;0;;;1.0;7.0;0.0;2.0;1.0;1.0;1.0;;16;8;2019;10:00;1.0;60;60057;2;2.0;1.0;3.0;ROUEN (ROUTE DE);49,4340800;2,0519000;2;31;0.0;;;0;0.0;1.0;7;0;1.0;;;1.0;0.0;1.0;50.0;Oise;32;Hauts-de-France
201900000331;138Â 305Â 915;B01;1.0;1;1.0;2.0;1999.0;5.0;1.0;0.0;;;0;;;3.0;7.0;0.0;2.0;2.0;15.0;1.0;;13;8;2019;18:45;1.0;59;59512;2;3.0;1.0;3.0;NATIONS UNIES (AVENUE DES);50,6946700;3,1716200;4;NATIONS UNIES (AVENUE DES);0.0;;2.0;2;0.0;1.0;0;0;1.0;;;1.0;0.0;1.0;50.0;Nord;32;Hauts-de-France
201900000331;138Â 305Â 916;A01;1.0;1;2.0;1.0;2001.0;5.0;2.0;0.0;;;0;;;3.0;30.0;0.0;2.0;1.0;1.0;1.0;;13;8;2019;18:45;1.0;59;59512;2;3.0;1.0;3.0;NATIONS UNIES (AVENUE DES);50,6946700;3,1716200;4;NATIONS UNIES (AVENUE DES);0.0;;2.0;2;0.0;1.0;0;0;1.0;;;1.0;0.0;1.0;50.0;Nord;32;Hauts-de-France
201900000332;138Â 305Â 913;A01;1.0;1;2.0;1.0;1987.0;5.0;8.0;0.0;;; -1;;;1.0;7.0;9.0;0.0;1.0;0.0;1.0;;13;8;2019;01:15;5.0;59;59286;2;1.0;1.0;7.0;MOURET COUR/RUE SADI CARNOT FACE CIAT;50,6114500;2,9884700;7;941;0.0;;2.0;2;2.0;1.0;0;0;1.0;;;1.0;9.0;1.0;50.0;Nord;32;Hauts-de-France
201900000333;138Â 305Â 911;A01;1.0;1;2.0;1.0;1997.0;1.0;2.0;6.0;;; -1;;;3.0;33.0;0.0;2.0;2.0;17.0;1.0;;5;8;2019;16:20;1.0;59;59410;2;2.0;1.0;3.0;ACACIAS AVENUE DES;50,6421600;3,1023900;4;ACACIAS AVENUE DES;0.0;;3.0;2;1.0;1.0;0;0;1.0;;;1.0;5.0;1.0;50.0;Nord;32;Hauts-de-France
201900000333;138Â 305Â 912;B01;1.0;1;1.0;2.0;1986.0;0.0;1.0;0.0;;; -1;;;3.0;7.0;0.0;2.0;3.0;15.0;1.0;;5;8;2019;16:20;1.0;59;59410;2;2.0;1.0;3.0;ACACIAS AVENUE DES;50,6421600;3,1023900;4;ACACIAS AVENUE DES;0.0;;3.0;2;1.0;1.0;0;0;1.0;;;1.0;5.0;1.0;50.0;Nord;32;Hauts-de-France
201900000334;138Â 305Â 907;B01;1.0;1;2.0;1.0;1972.0;9.0;8.0;0.0;;;0;;;3.0;50.0;0.0;2.0;1.0;1.0;3.0;;26;7;2019;18:00;1.0;59;59350;2;3.0;1.0;3.0;DUCORNET RUE;50,6113100;3,0440200;9;DUCORNET RUE;0.0;;;0;0.0;1.0;0;0;1.0;;;1.0;0.0;1.0;30.0;Nord;32;Hauts-de-France
201900000334;138Â 305Â 908;A01;1.0;1;1.0;1.0;1985.0;5.0;1.0;0.0;;;0;;;3.0;7.0;0.0;6.0;2.0;16.0;0.0;;26;7;2019;18:00;1.0;59;59350;2;3.0;1.0;3.0;DUCORNET RUE;50,6113100;3,0440200;9;DUCORNET RUE;0.0;;;0;0.0;1.0;0;0;1.0;;;1.0;0.0;1.0;30.0;Nord;32;Hauts-de-France
201900000335;138Â 305Â 904;A01;10.0;3;3.0;2.0;1929.0;0.0;0.0;0.0;;1.0;3;1.0;;3.0;1.0;0.0;1.0;1.0;15.0;5.0;;27;7;2019;18:00;1.0;58;58194;2;3.0;1.0;6.0;ARDILLIERS;46,9919700;3,1613000;4;ARDILLIERS;0.0;;1.0;1;0.0;1.0;0;0;1.0;;;1.0;0.0;1.0;30.0;Nièvre;27;Bourgogne-Franche-Comté
201900000335;138Â 305Â 904;A01;1.0;1;1.0;1.0;1999.0;5.0;8.0;0.0;;; -1;;;3.0;1.0;0.0;1.0;1.0;15.0;5.0;;27;7;2019;18:00;1.0;58;58194;2;3.0;1.0;6.0;ARDILLIERS;46,9919700;3,1613000;4;ARDILLIERS;0.0;;1.0;1;0.0;1.0;0;0;1.0;;;1.0;0.0;1.0;30.0;Nièvre;27;Bourgogne-Franche-Comté
201900000336;138Â 305Â 901;B01;1.0;1;1.0;2.0;1995.0;5.0;1.0;8.0;;0.0;0;;;2.0;7.0;0.0;2.0;6.0;23.0;1.0;;16;8;2019;22:35;5.0;56;56260;2;1.0;3.0;4.0;VERDUN (AV DE);47,6648400; -2,7372200;4;VERDUN (Avenue de);0.0;;2.0;2;0.0;1.0;0;0;1.0;;;2.0;0.0;1.0;50.0;Morbihan;53;Bretagne
201900000336;138Â 305Â 902;C01;1.0;1;1.0;1.0;2000.0;0.0;8.0;0.0;;0.0;0;;;2.0;7.0;0.0;2.0;4.0;23.0;1.0;;16;8;2019;22:35;5.0;56;56260;2;1.0;3.0;4.0;VERDUN (AV DE);47,6648400; -2,7372200;4;VERDUN (Avenue de);0.0;;2.0;2;0.0;1.0;0;0;1.0;;;2.0;0.0;1.0;50.0;Morbihan;53;Bretagne
201900000336;138Â 305Â 903;A01;1.0;1;3.0;1.0;1979.0;0.0;8.0;0.0;;0.0;0;;;2.0;7.0;0.0;2.0;1.0;21.0;1.0;;16;8;2019;22:35;5.0;56;56260;2;1.0;3.0;4.0;VERDUN (AV DE);47,6648400; -2,7372200;4;VERDUN (Avenue de);0.0;;2.0;2;0.0;1.0;0;0;1.0;;;2.0;0.0;1.0;50.0;Morbihan;53;Bretagne
201900000337;138Â 305Â 898;A01;1.0;1;3.0;1.0;1994.0;4.0;2.0;8.0;;0.0;0;;;2.0;1.0;0.0;0.0;7.0;16.0;5.0;;14;8;2019;18:10;1.0;56;56121;2;6.0;2.0;7.0;BLUM ( BD LEON );47,7458700; -3,3804500;4;BLUM ( BD LEON );0.0;;2.0;1;1.0;1.0;(1);(1);3.0;;;2.0;5.0;1.0;30.0;Morbihan;53;Bretagne
201900000338;138Â 305Â 896;A01;1.0;1;1.0;1.0;1954.0;5.0;1.0;8.0;;0.0;0;;;2.0;7.0;0.0;2.0;8.0;15.0;1.0;;13;8;2019;17:10;1.0;56;56162;1;3.0;1.0;3.0;KERPAPE (ROUTE DE);47,7229600; -3,4096000;3;185;0.0;;2.0;2;0.0;1.0;3;790;2.0;;;1.0;0.0;1.0;80.0;Morbihan;53;Bretagne
201900000338;138Â 305Â 897;B01;1.0;1;2.0;1.0;1993.0;5.0;2.0;8.0;;0.0;0;;;2.0;33.0;0.0;2.0;1.0;1.0;1.0;;13;8;2019;17:10;1.0;56;56162;1;3.0;1.0;3.0;KERPAPE (ROUTE DE);47,7229600; -3,4096000;3;185;0.0;;2.0;2;0.0;1.0;3;790;2.0;;;1.0;0.0;1.0;80.0;Morbihan;53;Bretagne
201900000339;138Â 305Â 895;A01;1.0;1;2.0;2.0;1961.0;5.0;1.0;8.0;;0.0;0;;;3.0;7.0;1.0;0.0;1.0;1.0;1.0;;10;8;2019;20:30;1.0;56;56162;2;7.0;1.0;6.0;Place Gustave le Floch;47,7019400; -3,4319800;6;FLOCH (PLACE GUSTAVE LE);0.0;;;;0.0;1.0;0;0;1.0;;;1.0;0.0;1.0;30.0;Morbihan;53;Bretagne
201900000340;138Â 305Â 893;B01;1.0;1;2.0;1.0;1987.0;5.0;2.0;8.0;;0.0;0;;;2.0;30.0;0.0;2.0;7.0;1.0;1.0;;10;8;2019;20:15;1.0;56;56107;2;6.0;1.0;3.0;LE PORT (ROGER BOULEVARD);47,7168600; -3,3731700;4;LE PORT (ROGER BOULEVARD);0.0;;1.0;1;0.0;1.0;(1);(1);2.0;;;1.0;5.0;1.0;30.0;Morbihan;53;Bretagne
201900000341;138Â 305Â 891;A01;1.0;1;2.0;1.0;2003.0;5.0;2.0;8.0;;0.0;0;;;2.0;30.0;0.0;2.0;1.0;1.0;1.0;;9;8;2019;17:30;1.0;56;56083;1;1.0;1.0;2.0;VANNES ( ROUTE DE );47,7989500; -3,2559800;3;765;0.0;;2.0;2;0.0;1.0;89;565;1.0;;;1.0;0.0;1.0;70.0;Morbihan;53;Bretagne
201900000341;138Â 305Â 892;B01;1.0;1;1.0;2.0;1978.0;0.0;1.0;8.0;;0.0;0;;;2.0;7.0;0.0;2.0;5.0;23.0;1.0;;9;8;2019;17:30;1.0;56;56083;1;1.0;1.0;2.0;VANNES ( ROUTE DE );47,7989500; -3,2559800;3;765;0.0;;2.0;2;0.0;1.0;89;565;1.0;;;1.0;0.0;1.0;70.0;Morbihan;53;Bretagne
201900000342;138Â 305Â 890;A01;1.0;1;2.0;2.0;1939.0;9.0;1.0;0.0;;;0;;;1.0;7.0;6.0;0.0;1.0;1.0;1.0;;16;8;2019;17:55;1.0;54;54184;2;1.0;1.0;6.0;FOCH (AVENUE);48,7051700;6,2240200;4;FOCH (AVENUE);0.0;;3.0;3;0.0;1.0;0;0;1.0;;;1.0;0.0;1.0;50.0;Meurthe-et-Moselle;44;Grand Est
201900000343;138Â 305Â 888;A01;1.0;1;2.0;2.0;1950.0;9.0;1.0;0.0;;;0;;;1.0;7.0;0.0;2.0;2.0;0.0;1.0;;16;8;2019;13:45;1.0;54;54265;2;1.0;1.0;3.0;RD 570;48,6405380;6,1823010;4;RD 570;0.0;;3.0;2;0.0;1.0;0;0;1.0;;;1.0;9.0;1.0;30.0;Meurthe-et-Moselle;44;Grand Est
201900000343;138Â 305Â 889;B01;1.0;1;1.0;2.0;1991.0;9.0;1.0;0.0;;;0;;;1.0;7.0;0.0;2.0;3.0;0.0;1.0;;16;8;2019;13:45;1.0;54;54265;2;1.0;1.0;3.0;RD 570;48,6405380;6,1823010;4;RD 570;0.0;;3.0;2;0.0;1.0;0;0;1.0;;;1.0;9.0;1.0;30.0;Meurthe-et-Moselle;44;Grand Est
201900000344;138Â 305Â 885;B01;1.0;1;2.0;1.0;1973.0;9.0;1.0;0.0;;;0;;;1.0;7.0;0.0;2.0;4.0;2.0;1.0;;16;8;2019;11:00;1.0;54;54547;2;1.0;1.0;2.0;BARTHOU (BD LOUIS);48,6708530;6,1869380;4;BARTHOU (BD LOUIS);0.0;;;3;0.0;1.0;0;0;1.0;;;1.0;0.0;1.0;50.0;Meurthe-et-Moselle;44;Grand Est
201900000344;138Â 305Â 885;B01;2.0;2;2.0;1.0;2006.0;9.0;1.0;0.0;;;0;;;1.0;7.0;0.0;2.0;4.0;2.0;1.0;;16;8;2019;11:00;1.0;54;54547;2;1.0;1.0;2.0;BARTHOU (BD LOUIS);48,6708530;6,1869380;4;BARTHOU (BD LOUIS);0.0;;;3;0.0;1.0;0;0;1.0;;;1.0;0.0;1.0;50.0;Meurthe-et-Moselle;44;Grand Est
201900000344;138Â 305Â 886;A01;1.0;1;1.0;1.0;1972.0;0.0;1.0;0.0;;;0;;;1.0;7.0;0.0;2.0;1.0;2.0;1.0;;16;8;2019;11:00;1.0;54;54547;2;1.0;1.0;2.0;BARTHOU (BD LOUIS);48,6708530;6,1869380;4;BARTHOU (BD LOUIS);0.0;;;3;0.0;1.0;0;0;1.0;;;1.0;0.0;1.0;50.0;Meurthe-et-Moselle;44;Grand Est
201900000345;138Â 305Â 883;B01;1.0;1;2.0;2.0;1965.0;9.0;8.0;8.0;;;0;;;3.0;1.0;0.0;2.0;8.0;1.0;5.0;;16;8;2019;15:55;1.0;51;51454;2;1.0;1.0;3.0;RUE DU RUISSELET;49,2439100;4,0353200;4;RUE DU RUISSELET;0.0;;2.0;0;0.0;1.0;0;0;1.0;;;1.0;5.0;1.0;50.0;Marne;44;Grand Est