Num_Acc;id_vehicule;num_veh;place;catu;grav;sexe;an_nais;trajet;secu1;secu2;secu3;locp;actp;etatp;id_usager;senc;catv;obs;obsm;choc;manv;motor;occutc;jour;mois;an;hrmn;lum;dep;com;agg;int;atm;col;adr;lat;long;catr;voie;v1;v2;circ;nbv;vosp;prof;pr;pr1;plan;lartpc;larrout;surf;infra;situ;vma;nom_departement;reg;nom_region
201900000346;138Â 305Â 880;A01;1.0;1;2.0;1.0;1992.0;0.0;2.0;8.0;;;0;;;0.0;31.0;0.0;2.0;8.0;18.0;1.0;;15;8;2019;18:50;1.0;51;51454;2;6.0;1.0;3.0;BOULEVARD FRANCHET D'ESPEREY;49,2416400;4,0173100;4;BOULEVARD FRANCHET D'ESPEREY;0.0;;1.0;1;0.0;1.0;0;0;3.0;;;1.0;9.0;1.0;50.0;Marne;44;Grand Est
201900000346;138Â 305Â 881;B01;1.0;1;1.0;2.0;1984.0;0.0;1.0;8.0;;;0;;;0.0;10.0;0.0;2.0;7.0;16.0;1.0;;15;8;2019;18:50;1.0;51;51454;2;6.0;1.0;3.0;BOULEVARD FRANCHET D'ESPEREY;49,2416400;4,0173100;4;BOULEVARD FRANCHET D'ESPEREY;0.0;;1.0;1;0.0;1.0;0;0;3.0;;;1.0;9.0;1.0;50.0;Marne;44;Grand Est
201900000346;138Â 305Â 881;B01;2.0;2;1.0;1.0;1981.0;0.0;1.0;8.0;;;0;;;0.0;10.0;0.0;2.0;7.0;16.0;1.0;;15;8;2019;18:50;1.0;51;51454;2;6.0;1.0;3.0;BOULEVARD FRANCHET D'ESPEREY;49,2416400;4,0173100;4;BOULEVARD FRANCHET D'ESPEREY;0.0;;1.0;1;0.0;1.0;0;0;3.0;;;1.0;9.0;1.0;50.0;Marne;44;Grand Est
201900000347;138Â 305Â 875;C01;1.0;1;1.0;1.0;1980.0;4.0;1.0;8.0;;0.0;0;;;0.0;7.0;0.0;2.0;3.0;1.0;1.0;;12;8;2019;15:05;1.0;50;50203;2;3.0;1.0;4.0;ROUGES TERRES (LES);49,6123000; -1,6010300;2;2013;0.0;;3.0;4;0.0;2.0;(1);(1);1.0;;;1.0;5.0;1.0;50.0;Manche;28;Normandie
201900000347;138Â 305Â 876;B01;3.0;2;2.0;2.0;2009.0;5.0;1.0;8.0;;0.0;0;;;0.0;7.0;0.0;2.0;7.0;1.0;1.0;;12;8;2019;15:05;1.0;50;50203;2;3.0;1.0;4.0;ROUGES TERRES (LES);49,6123000; -1,6010300;2;2013;0.0;;3.0;4;0.0;2.0;(1);(1);1.0;;;1.0;5.0;1.0;50.0;Manche;28;Normandie
201900000347;138Â 305Â 876;B01;2.0;2;2.0;1.0;2004.0;5.0;1.0;8.0;;0.0;0;;;0.0;7.0;0.0;2.0;7.0;1.0;1.0;;12;8;2019;15:05;1.0;50;50203;2;3.0;1.0;4.0;ROUGES TERRES (LES);49,6123000; -1,6010300;2;2013;0.0;;3.0;4;0.0;2.0;(1);(1);1.0;;;1.0;5.0;1.0;50.0;Manche;28;Normandie
201900000347;138Â 305Â 876;B01;1.0;1;1.0;2.0;2000.0;5.0;1.0;8.0;;0.0;0;;;0.0;7.0;0.0;2.0;7.0;1.0;1.0;;12;8;2019;15:05;1.0;50;50203;2;3.0;1.0;4.0;ROUGES TERRES (LES);49,6123000; -1,6010300;2;2013;0.0;;3.0;4;0.0;2.0;(1);(1);1.0;;;1.0;5.0;1.0;50.0;Manche;28;Normandie
201900000347;138Â 305Â 877;A01;1.0;1;1.0;1.0;1978.0;4.0;1.0;8.0;;0.0;0;;;1.0;7.0;0.0;2.0;1.0;1.0;1.0;;12;8;2019;15:05;1.0;50;50203;2;3.0;1.0;4.0;ROUGES TERRES (LES);49,6123000; -1,6010300;2;2013;0.0;;3.0;4;0.0;2.0;(1);(1);1.0;;;1.0;5.0;1.0;50.0;Manche;28;Normandie
201900000348;138Â 305Â 873;A01;1.0;1;2.0;1.0;1984.0;5.0;1.0;8.0;;0.0;0;;;2.0;7.0;0.0;2.0;1.0;13.0;1.0;;11;8;2019;21:15;1.0;50;50416;2;1.0;1.0;1.0;HAGUE (BOULEVARD DE LA);49,6657200; -1,6878800;3;45;0.0;;2.0;2;0.0;1.0;0;0;1.0;;;1.0;0.0;1.0;50.0;Manche;28;Normandie
201900000348;138Â 305Â 874;B01;1.0;1;1.0;1.0;1958.0;5.0;1.0;8.0;;0.0;0;;;1.0;7.0;0.0;2.0;2.0;1.0;1.0;;11;8;2019;21:15;1.0;50;50416;2;1.0;1.0;1.0;HAGUE (BOULEVARD DE LA);49,6657200; -1,6878800;3;45;0.0;;2.0;2;0.0;1.0;0;0;1.0;;;1.0;0.0;1.0;50.0;Manche;28;Normandie
201900000349;138Â 305Â 872;A01;1.0;1;1.0;2.0;1998.0;0.0;1.0;8.0;;; -1;;;1.0;7.0;0.0;1.0;3.0;1.0;0.0;;14;8;2019;16:15;1.0;49;49007;2;1.0;1.0;6.0;PASTEUR AVENUE;47,4739100; -0,5375400;4;PASTEUR AVENUE;0.0;;2.0;2;0.0;1.0;0;0;1.0;;;1.0;0.0;1.0;50.0;Maine-et-Loire;52;Pays de la Loire
201900000349;138Â 305Â 872;A01;10.0;3;2.0;2.0;1942.0;9.0;8.0;0.0;;4.0;3;1.0;;1.0;7.0;0.0;1.0;3.0;1.0;0.0;;14;8;2019;16:15;1.0;49;49007;2;1.0;1.0;6.0;PASTEUR AVENUE;47,4739100; -0,5375400;4;PASTEUR AVENUE;0.0;;2.0;2;0.0;1.0;0;0;1.0;;;1.0;0.0;1.0;50.0;Maine-et-Loire;52;Pays de la Loire
201900000350;138Â 305Â 870;B01;1.0;1;2.0;2.0;2000.0;9.0;2.0;8.0;;;0;;;3.0;1.0;0.0;2.0;1.0;26.0;5.0;;13;8;2019;15:45;1.0;49;49007;2;1.0;1.0;3.0;ARNAULD ( HENRI) BOULEVARD;47,4730700; -0,5622400;4;ARNAULD ( HENRI) BOULEVARD;0.0;;;1;0.0;1.0;0;0;1.0;;;1.0;0.0;1.0;30.0;Maine-et-Loire;52;Pays de la Loire
201900000350;138Â 305Â 871;A01;1.0;1;1.0;1.0;1982.0;9.0;1.0;0.0;;;0;;;3.0;7.0;0.0;6.0;1.0;26.0;1.0;;13;8;2019;15:45;1.0;49;49007;2;1.0;1.0;3.0;ARNAULD ( HENRI) BOULEVARD;47,4730700; -0,5622400;4;ARNAULD ( HENRI) BOULEVARD;0.0;;;1;0.0;1.0;0;0;1.0;;;1.0;0.0;1.0;30.0;Maine-et-Loire;52;Pays de la Loire
201900000351;138Â 305Â 868;B01;1.0;1;2.0;2.0;1959.0;9.0;1.0;8.0;;; -1;;;3.0;7.0;0.0;2.0;3.0;26.0;1.0;;13;8;2019;18:48;1.0;49;49007;2;1.0;1.0;3.0;LEFORT;47,4784100; -0,5447400;4;LEFORT;0.0;;;1;0.0;1.0;0;0;1.0;;;1.0;0.0;1.0;30.0;Maine-et-Loire;52;Pays de la Loire
201900000351;138Â 305Â 869;A01;1.0;1;1.0;1.0;1998.0;0.0;1.0;8.0;;; -1;;;3.0;7.0;0.0;2.0;1.0;26.0;1.0;;13;8;2019;18:48;1.0;49;49007;2;1.0;1.0;3.0;LEFORT;47,4784100; -0,5447400;4;LEFORT;0.0;;;1;0.0;1.0;0;0;1.0;;;1.0;0.0;1.0;30.0;Maine-et-Loire;52;Pays de la Loire
201900000352;138Â 305Â 866;A01;1.0;1;2.0;1.0;1994.0;0.0;2.0;8.0;;; -1;;;1.0;33.0;0.0;2.0;8.0;5.0;0.0;;12;8;2019;08:02;1.0;49;49007;2;2.0;1.0;3.0;ALLONNEAU(AUGUSTE) BOULEVARD;47,4810700; -0,5272200;4;ALLONNEAU(AUGUSTE) BOULEVARD;0.0;;1.0;1;0.0;1.0;0;0;1.0;;;1.0;8.0;1.0;50.0;Maine-et-Loire;52;Pays de la Loire
201900000352;138Â 305Â 867;B01;1.0;1;1.0;1.0;1953.0;0.0;1.0;8.0;;; -1;;;2.0;7.0;0.0;2.0;2.0;1.0;0.0;;12;8;2019;08:02;1.0;49;49007;2;2.0;1.0;3.0;ALLONNEAU(AUGUSTE) BOULEVARD;47,4810700; -0,5272200;4;ALLONNEAU(AUGUSTE) BOULEVARD;0.0;;1.0;1;0.0;1.0;0;0;1.0;;;1.0;8.0;1.0;50.0;Maine-et-Loire;52;Pays de la Loire
201900000353;138Â 305Â 864;A01;1.0;1;1.0;2.0;1964.0;0.0;1.0;8.0;;; -1;;;3.0;7.0;0.0;2.0;3.0;26.0;1.0;;9;8;2019;13:15;1.0;49;49007;2;1.0;2.0;3.0;LEKEU;47,4710800; -0,5193500;4;LEKEU;0.0;;;1;0.0;1.0;0;0;1.0;;;2.0;0.0;1.0;30.0;Maine-et-Loire;52;Pays de la Loire
201900000353;138Â 305Â 865;B01;1.0;1;2.0;1.0;1986.0;0.0;2.0;8.0;;; -1;;;3.0;33.0;0.0;2.0;1.0;26.0;1.0;;9;8;2019;13:15;1.0;49;49007;2;1.0;2.0;3.0;LEKEU;47,4710800; -0,5193500;4;LEKEU;0.0;;;1;0.0;1.0;0;0;1.0;;;2.0;0.0;1.0;30.0;Maine-et-Loire;52;Pays de la Loire
201900000354;138Â 305Â 862;A01;1.0;1;2.0;2.0;2008.0;5.0;8.0;0.0;;;0;;;3.0;1.0;0.0;2.0;7.0;19.0;5.0;;14;8;2019;15:20;1.0;47;47001;2;1.0;1.0;6.0;530 BLUM (AV. LEON);44,2113612;0,6466734;3;656;0.0;;2.0;2;0.0;1.0;43;950;1.0;;;1.0;0.0;1.0;50.0;Lot-et-Garonne;75;Nouvelle-Aquitaine
201900000354;138Â 305Â 863;B01;1.0;1;1.0;1.0;2000.0;5.0;1.0;0.0;;;0;;;1.0;7.0;0.0;2.0;1.0;1.0;1.0;;14;8;2019;15:20;1.0;47;47001;2;1.0;1.0;6.0;530 BLUM (AV. LEON);44,2113612;0,6466734;3;656;0.0;;2.0;2;0.0;1.0;43;950;1.0;;;1.0;0.0;1.0;50.0;Lot-et-Garonne;75;Nouvelle-Aquitaine
201900000355;138Â 305Â 861;A01;1.0;1;2.0;1.0;1997.0;5.0;8.0;0.0;;0.0;0;;;2.0;2.0;12.0;0.0;1.0;0.0;1.0;;16;8;2019;22:23;5.0;45;45004;2;9.0;1.0;7.0;RUE DE L' EUROPE;47,9739000;2,7332000;4;RUE DE L' EUROPE;0.0;;2.0;2;0.0;1.0;1;0;3.0;;;1.0;0.0;1.0;50.0;Loiret;24;Centre-Val de Loire
201900000356;138Â 305Â 860;A01;1.0;1;2.0;2.0;1950.0;0.0;1.0;8.0;;0.0;0;;;1.0;7.0;13.0;0.0;1.0;13.0;1.0;;17;8;2019;20:10;1.0;45;45004;1;1.0;2.0;6.0;ECHANGEUR D2060-D2007;47,9843600;2,7423300;3;900720;0.0;;1.0;1;0.0;2.0;2;90;3.0;;;2.0;3.0;1.0;30.0;Loiret;24;Centre-Val de Loire
201900000357;138Â 305Â 859;A01;10.0;3;2.0;1.0;1935.0;5.0;8.0;0.0;;3.0;3;1.0;;1.0;30.0;0.0;1.0;1.0;1.0;1.0;;17;8;2019;16:25;1.0;44;44184;2;1.0;2.0;6.0;FRATERNITÃ (BOULEVARD DE LA);47,2827900; -2,2189300;4;;0.0;;2.0;2;0.0;2.0;0;0;1.0;;;2.0;0.0;1.0;50.0;Loire-Atlantique;52;Pays de la Loire
201900000357;138Â 305Â 859;A01;1.0;1;1.0;1.0;1971.0;5.0;2.0;0.0;;0.0;0;;;1.0;30.0;0.0;1.0;1.0;1.0;1.0;;17;8;2019;16:25;1.0;44;44184;2;1.0;2.0;6.0;FRATERNITÃ (BOULEVARD DE LA);47,2827900; -2,2189300;4;;0.0;;2.0;2;0.0;2.0;0;0;1.0;;;2.0;0.0;1.0;50.0;Loire-Atlantique;52;Pays de la Loire
201900000358;138Â 305Â 858;A01;4.0;2;1.0;1.0;1987.0;0.0;1.0;8.0;;0.0;0;;;3.0;7.0;13.0;0.0;1.0;26.0;1.0;;17;8;2019;22:39;3.0;44;44162;1;1.0;2.0;7.0;RUE DE LA SYONNIERE;47,2418988; -1,6489478;4;;0.0;;2.0;2;0.0;2.0;1;0;3.0;;;2.0;0.0;1.0;50.0;Loire-Atlantique;52;Pays de la Loire
201900000358;138Â 305Â 858;A01;5.0;2;2.0;1.0;1985.0;0.0;1.0;0.0;;0.0;0;;;3.0;7.0;13.0;0.0;1.0;26.0;1.0;;17;8;2019;22:39;3.0;44;44162;1;1.0;2.0;7.0;RUE DE LA SYONNIERE;47,2418988; -1,6489478;4;;0.0;;2.0;2;0.0;2.0;1;0;3.0;;;2.0;0.0;1.0;50.0;Loire-Atlantique;52;Pays de la Loire
201900000358;138Â 305Â 858;A01;1.0;1;1.0;2.0;1973.0;0.0;1.0;8.0;;0.0;0;;;3.0;7.0;13.0;0.0;1.0;26.0;1.0;;17;8;2019;22:39;3.0;44;44162;1;1.0;2.0;7.0;RUE DE LA SYONNIERE;47,2418988; -1,6489478;4;;0.0;;2.0;2;0.0;2.0;1;0;3.0;;;2.0;0.0;1.0;50.0;Loire-Atlantique;52;Pays de la Loire
201900000358;138Â 305Â 858;A01;3.0;2;1.0;1.0;1997.0;0.0;1.0;8.0;;0.0;0;;;3.0;7.0;13.0;0.0;1.0;26.0;1.0;;17;8;2019;22:39;3.0;44;44162;1;1.0;2.0;7.0;RUE DE LA SYONNIERE;47,2418988; -1,6489478;4;;0.0;;2.0;2;0.0;2.0;1;0;3.0;;;2.0;0.0;1.0;50.0;Loire-Atlantique;52;Pays de la Loire
201900000359;138Â 305Â 857;A01;1.0;1;2.0;1.0;1994.0;0.0;1.0;0.0;;0.0;0;;;1.0;7.0;9.0;0.0;0.0;0.0;1.0;;15;8;2019;01:30;5.0;44;44109;2;1.0;1.0;7.0;JOSEPH ( RTE DE ST );47,2719700; -1,5162100;4;;0.0;;2.0;0;0.0;1.0;1;0;1.0;;;1.0;0.0;1.0;50.0;Loire-Atlantique;52;Pays de la Loire
201900000360;138Â 305Â 855;A01;1.0;1;1.0;1.0;2003.0;5.0;8.0;0.0;;0.0;0;;;2.0;1.0;0.0;2.0;1.0;16.0;5.0;;15;8;2019;12:25;1.0;44;44132;2;6.0;1.0;3.0;BD REPUBLIQUE/AVENUE DE GAULLE;47,2596070; -2,3390750;4;;0.0;;1.0;2;0.0;1.0;0;0;2.0;;;1.0;0.0;1.0;50.0;Loire-Atlantique;52;Pays de la Loire
201900000360;138Â 305Â 856;B01;1.0;1;2.0;2.0;1955.0;5.0;8.0;0.0;;0.0;0;;;1.0;1.0;0.0;2.0;1.0;9.0;5.0;;15;8;2019;12:25;1.0;44;44132;2;6.0;1.0;3.0;BD REPUBLIQUE/AVENUE DE GAULLE;47,2596070; -2,3390750;4;;0.0;;1.0;2;0.0;1.0;0;0;2.0;;;1.0;0.0;1.0;50.0;Loire-Atlantique;52;Pays de la Loire
201900000361;138Â 305Â 851;A01;1.0;1;1.0;2.0;1991.0;0.0;1.0;0.0;;0.0; -1;;;0.0;7.0;0.0;0.0;4.0;1.0;1.0;;16;8;2019;18:25;1.0;41;41269;2;1.0;1.0;2.0;ROCHAMBEAU (RUE DU MARECHAL DE);47,7943600;1,0557000;3;917;0.0;;;2;0.0;1.0;43;110;1.0;;;1.0;0.0;1.0;30.0;Loir-et-Cher;24;Centre-Val de Loire
201900000361;138Â 305Â 852;B01;1.0;1;3.0;1.0;1959.0;5.0;2.0;6.0;;0.0; -1;;;0.0;33.0;0.0;2.0;1.0;9.0;1.0;;16;8;2019;18:25;1.0;41;41269;2;1.0;1.0;2.0;ROCHAMBEAU (RUE DU MARECHAL DE);47,7943600;1,0557000;3;917;0.0;;;2;0.0;1.0;43;110;1.0;;;1.0;0.0;1.0;30.0;Loir-et-Cher;24;Centre-Val de Loire
201900000362;138Â 305Â 849;B01;1.0;1;1.0;1.0;1992.0;4.0;1.0;0.0;;; -1;;;2.0;14.0;0.0;2.0;8.0;1.0;1.0;;12;8;2019;10:50;1.0;38;38544;2;1.0;8.0;3.0;ANATOLE FRANCE(QUAI);45,5296000;4,8768000;4;ANATOLE FRANCE(QUAI);0.0;;2.0;2;0.0;1.0;0;0;3.0;;;1.0;0.0;1.0;50.0;Isère;84;Auvergne-Rhône-Alpes
201900000362;138Â 305Â 850;A01;2.0;2;2.0;2.0;1958.0;9.0;1.0;0.0;;0.0;0;;;1.0;7.0;0.0;2.0;3.0;1.0;1.0;;12;8;2019;10:50;1.0;38;38544;2;1.0;8.0;3.0;ANATOLE FRANCE(QUAI);45,5296000;4,8768000;4;ANATOLE FRANCE(QUAI);0.0;;2.0;2;0.0;1.0;0;0;3.0;;;1.0;0.0;1.0;50.0;Isère;84;Auvergne-Rhône-Alpes
201900000362;138Â 305Â 850;A01;1.0;1;2.0;2.0;2002.0;9.0;1.0;0.0;;; -1;;;1.0;7.0;0.0;2.0;3.0;1.0;1.0;;12;8;2019;10:50;1.0;38;38544;2;1.0;8.0;3.0;ANATOLE FRANCE(QUAI);45,5296000;4,8768000;4;ANATOLE FRANCE(QUAI);0.0;;2.0;2;0.0;1.0;0;0;3.0;;;1.0;0.0;1.0;50.0;Isère;84;Auvergne-Rhône-Alpes
201900000363;138Â 305Â 848;A01;1.0;1;2.0;1.0;1986.0;9.0;1.0;8.0;;;0;;;1.0;7.0;4.0;0.0;2.0;14.0;1.0;;15;8;2019;03:50;3.0;37;37195;2;1.0;1.0;6.0;RD 88;47,3912600;0,6533000;3;88;0.0;;3.0;4;0.0;1.0;15;399;1.0;;;2.0;0.0;1.0;90.0;Indre-et-Loire;24;Centre-Val de Loire
201900000364;138Â 305Â 847;A01;1.0;1;2.0;1.0;1956.0;0.0;2.0;6.0;;;0;;;3.0;33.0;0.0;0.0;8.0;26.0;1.0;;17;8;2019;17:10;1.0;37;37261;2;9.0;2.0;7.0;GANCE (BOULEVARD ABEL);47,4204275;0,7165852;9;GANCE (BOULEVARD ABEL);0.0;;1.0;2;0.0;1.0;0;0;3.0;;;2.0;0.0;1.0;70.0;Indre-et-Loire;24;Centre-Val de Loire
201900000365;138Â 305Â 846;A01;10.0;3;3.0;2.0;2001.0;5.0;8.0;0.0;;4.0;3;1.0;;1.0;33.0;0.0;1.0;1.0;21.0;1.0;;16;8;2019;13:00;1.0;37;37261;2;2.0;1.0;6.0;JAURES (PLACE JEAN);47,3902900;0,6887000;4;JAURES (PLACE JEAN);0.0;;3.0;3;0.0;1.0;0;0;1.0;;;1.0;0.0;1.0;50.0;Indre-et-Loire;24;Centre-Val de Loire
201900000365;138Â 305Â 846;A01;1.0;1;2.0;1.0;1970.0;1.0;2.0;8.0;;;0;;;1.0;33.0;0.0;1.0;1.0;21.0;1.0;;16;8;2019;13:00;1.0;37;37261;2;2.0;1.0;6.0;JAURES (PLACE JEAN);47,3902900;0,6887000;4;JAURES (PLACE JEAN);0.0;;3.0;3;0.0;1.0;0;0;1.0;;;1.0;0.0;1.0;50.0;Indre-et-Loire;24;Centre-Val de Loire
201900000366;138Â 305Â 845;A01;1.0;1;2.0;1.0;1991.0;0.0;2.0;0.0;;;0;;;3.0;33.0;14.0;0.0;8.0;1.0;1.0;;13;8;2019;18:30;1.0;37;37122;1;1.0;1.0;6.0;RD 37;47,3530000;0,6460000;3;37;0.0;;3.0;4;0.0;1.0;10;600;1.0;;;1.0;0.0;1.0;90.0;Indre-et-Loire;24;Centre-Val de Loire
201900000367;138Â 305Â 843;B01;1.0;1;2.0;1.0;1986.0;0.0;2.0;6.0;;;0;;;1.0;2.0;0.0;2.0;1.0;1.0;1.0;;12;8;2019;16:55;1.0;37;37261;2;2.0;1.0;2.0;MAGINOT (AV. ANDRE);47,4173611;0,6909276;7;MAGINOT (AV. ANDRE);0.0;;2.0;2;0.0;1.0;0;0;1.0;;;1.0;0.0;1.0;50.0;Indre-et-Loire;24;Centre-Val de Loire
201900000367;138Â 305Â 844;A01;1.0;1;1.0;1.0;1991.0;4.0;1.0;0.0;;;0;;;3.0;10.0;0.0;2.0;6.0;26.0;1.0;;12;8;2019;16:55;1.0;37;37261;2;2.0;1.0;2.0;MAGINOT (AV. ANDRE);47,4173611;0,6909276;7;MAGINOT (AV. ANDRE);0.0;;2.0;2;0.0;1.0;0;0;1.0;;;1.0;0.0;1.0;50.0;Indre-et-Loire;24;Centre-Val de Loire
201900000368;138Â 305Â 841;B01;1.0;1;2.0;2.0;1985.0;0.0;8.0;0.0;;;0;;;3.0;1.0;0.0;0.0;0.0;0.0;0.0;;17;8;2019;23:00;5.0;35;35238;2;2.0;3.0;1.0;CHATEAUBRIAND (QUAI);48,1102097; -1,6741705;4;CHATEAUBRIAND (QUAI);0.0;;3.0;2;1.0;2.0;0;0;1.0;;;2.0;5.0;1.0;50.0;Ille-et-Vilaine;53;Bretagne
201900000368;138Â 305Â 842;A01;1.0;1;1.0;1.0;1971.0;0.0;1.0;0.0;;;0;;;0.0;7.0;0.0;0.0;0.0;15.0;1.0;;17;8;2019;23:00;5.0;35;35238;2;2.0;3.0;1.0;CHATEAUBRIAND (QUAI);48,1102097; -1,6741705;4;CHATEAUBRIAND (QUAI);0.0;;3.0;2;1.0;2.0;0;0;1.0;;;2.0;5.0;1.0;50.0;Ille-et-Vilaine;53;Bretagne
201900000369;138Â 305Â 839;A01;1.0;1;2.0;1.0;1997.0;1.0;1.0;0.0;;;0;;;2.0;7.0;0.0;2.0;3.0;9.0;1.0;;17;8;2019;20:25;2.0;35;35278;1;4.0;2.0;3.0;RD 137;48,1547800; -1,7021700;3;137;0.0;;3.0;4;0.0;2.0;53;360;3.0;;;2.0;3.0;1.0;90.0;Ille-et-Vilaine;53;Bretagne
201900000369;138Â 305Â 840;B01;2.0;2;2.0;1.0;1971.0;0.0;1.0;0.0;;;0;;;1.0;7.0;3.0;2.0;2.0;1.0;1.0;;17;8;2019;20:25;2.0;35;35278;1;4.0;2.0;3.0;RD 137;48,1547800; -1,7021700;3;137;0.0;;3.0;4;0.0;2.0;53;360;3.0;;;2.0;3.0;1.0;90.0;Ille-et-Vilaine;53;Bretagne
201900000369;138Â 305Â 840;B01;3.0;2;2.0;1.0;1966.0;1.0;1.0;0.0;;;0;;;1.0;7.0;3.0;2.0;2.0;1.0;1.0;;17;8;2019;20:25;2.0;35;35278;1;4.0;2.0;3.0;RD 137;48,1547800; -1,7021700;3;137;0.0;;3.0;4;0.0;2.0;53;360;3.0;;;2.0;3.0;1.0;90.0;Ille-et-Vilaine;53;Bretagne
201900000369;138Â 305Â 840;B01;1.0;1;2.0;2.0;1973.0;0.0;1.0;0.0;;; -1;;;1.0;7.0;3.0;2.0;2.0;1.0;1.0;;17;8;2019;20:25;2.0;35;35278;1;4.0;2.0;3.0;RD 137;48,1547800; -1,7021700;3;137;0.0;;3.0;4;0.0;2.0;53;360;3.0;;;2.0;3.0;1.0;90.0;Ille-et-Vilaine;53;Bretagne
201900000370;138Â 305Â 838;A01;1.0;1;2.0;2.0;1985.0;1.0;1.0;0.0;;;0;;;2.0;7.0;3.0;0.0;3.0;9.0;1.0;;17;8;2019;08:25;1.0;35;35238;1;9.0;3.0;6.0;ROCADE 13-14;48,1382830; -1,7010880;2;136;0.0;;3.0;4;0.0;1.0;18;86;2.0;;;2.0;3.0;1.0;90.0;Ille-et-Vilaine;53;Bretagne
201900000371;138Â 305Â 836;B01;1.0;1;2.0;2.0;2000.0;5.0;8.0;0.0;;;0;;;3.0;1.0;0.0;2.0;1.0;19.0;5.0;;16;8;2019;18:15;1.0;35;35238;2;1.0;1.0;3.0;GASCOGNE (SQUARE DE);48,1219650; -1,7137060;4;GASCOGNE (SQUARE DE);0.0;;;1;0.0;1.0;0;0;1.0;;;1.0;0.0;1.0;30.0;Ille-et-Vilaine;53;Bretagne
201900000371;138Â 305Â 837;A01;1.0;1;1.0;2.0;1983.0;4.0;1.0;8.0;;; -1;;;3.0;10.0;0.0;6.0;7.0;1.0;1.0;;16;8;2019;18:15;1.0;35;35238;2;1.0;1.0;3.0;GASCOGNE (SQUARE DE);48,1219650; -1,7137060;4;GASCOGNE (SQUARE DE);0.0;;;1;0.0;1.0;0;0;1.0;;;1.0;0.0;1.0;30.0;Ille-et-Vilaine;53;Bretagne
201900000372;138Â 305Â 834;A01;2.0;2;2.0;1.0;1994.0;9.0;2.0;0.0;;;0;;;3.0;33.0;0.0;2.0;7.0;17.0;1.0;;15;8;2019;17:55;1.0;35;35238;2;3.0;1.0;3.0;MITTERAND (MAIL FRANCOIS);48,1090230; -1,6908970;4;MITTERAND (MAIL FRANCOIS);0.0;;2.0;2;1.0;1.0;0;0;1.0;;;1.0;0.0;1.0;30.0;Ille-et-Vilaine;53;Bretagne
201900000372;138Â 305Â 834;A01;1.0;1;2.0;2.0;1988.0;5.0;2.0;0.0;;;0;;;3.0;33.0;0.0;2.0;7.0;17.0;1.0;;15;8;2019;17:55;1.0;35;35238;2;3.0;1.0;3.0;MITTERAND (MAIL FRANCOIS);48,1090230; -1,6908970;4;MITTERAND (MAIL FRANCOIS);0.0;;2.0;2;1.0;1.0;0;0;1.0;;;1.0;0.0;1.0;30.0;Ille-et-Vilaine;53;Bretagne
201900000372;138Â 305Â 835;B01;2.0;2;1.0;2.0;1999.0;5.0;1.0;0.0;;; -1;;;3.0;7.0;0.0;2.0;3.0;15.0;1.0;;15;8;2019;17:55;1.0;35;35238;2;3.0;1.0;3.0;MITTERAND (MAIL FRANCOIS);48,1090230; -1,6908970;4;MITTERAND (MAIL FRANCOIS);0.0;;2.0;2;1.0;1.0;0;0;1.0;;;1.0;0.0;1.0;30.0;Ille-et-Vilaine;53;Bretagne
201900000372;138Â 305Â 835;B01;1.0;1;1.0;1.0;1998.0;5.0;1.0;0.0;;; -1;;;3.0;7.0;0.0;2.0;3.0;15.0;1.0;;15;8;2019;17:55;1.0;35;35238;2;3.0;1.0;3.0;MITTERAND (MAIL FRANCOIS);48,1090230; -1,6908970;4;MITTERAND (MAIL FRANCOIS);0.0;;2.0;2;1.0;1.0;0;0;1.0;;;1.0;0.0;1.0;30.0;Ille-et-Vilaine;53;Bretagne
201900000373;138Â 305Â 833;A01;2.0;2;2.0;1.0;1994.0;5.0;1.0;0.0;;;0;;;1.0;7.0;0.0;0.0;9.0;1.0;1.0;;14;8;2019;20:15;1.0;35;35051;2;1.0;1.0;7.0;ALLIES (BOULEVARD DES);48,1053400; -1,6154500;3;386;0.0;;2.0;4;0.0;1.0;3;650;2.0;;;2.0;0.0;1.0;50.0;Ille-et-Vilaine;53;Bretagne
201900000373;138Â 305Â 833;A01;1.0;1;2.0;1.0;1992.0;5.0;1.0;0.0;;;0;;;1.0;7.0;0.0;0.0;9.0;1.0;1.0;;14;8;2019;20:15;1.0;35;35051;2;1.0;1.0;7.0;ALLIES (BOULEVARD DES);48,1053400; -1,6154500;3;386;0.0;;2.0;4;0.0;1.0;3;650;2.0;;;2.0;0.0;1.0;50.0;Ille-et-Vilaine;53;Bretagne
201900000374;138Â 305Â 832;A01;10.0;3;2.0;2.0;1994.0;0.0;8.0;0.0;;4.0;3;1.0;;3.0;1.0;0.0;1.0;1.0;26.0;5.0;;13;8;2019;08:45;1.0;35;35238;2;1.0;1.0;6.0;DUGUAY TROUIN (QUAI);48,1101900; -1,6842200;4;DUGUAY TROUIN (QUAI);0.0;;1.0;1;1.0;1.0;0;0;1.0;;;1.0;0.0;1.0;50.0;Ille-et-Vilaine;53;Bretagne
201900000374;138Â 305Â 832;A01;1.0;1;1.0;1.0;1997.0;1.0;2.0;0.0;;;0;;;3.0;1.0;0.0;1.0;1.0;26.0;5.0;;13;8;2019;08:45;1.0;35;35238;2;1.0;1.0;6.0;DUGUAY TROUIN (QUAI);48,1101900; -1,6842200;4;DUGUAY TROUIN (QUAI);0.0;;1.0;1;1.0;1.0;0;0;1.0;;;1.0;0.0;1.0;50.0;Ille-et-Vilaine;53;Bretagne