Num_Acc;id_vehicule;num_veh;place;catu;grav;sexe;an_nais;trajet;secu1;secu2;secu3;locp;actp;etatp;id_usager;senc;catv;obs;obsm;choc;manv;motor;occutc;jour;mois;an;hrmn;lum;dep;com;agg;int;atm;col;adr;lat;long;catr;voie;v1;v2;circ;nbv;vosp;prof;pr;pr1;plan;lartpc;larrout;surf;infra;situ;vma;nom_departement;reg;nom_region
201900000375;138Â 305Â 831;A01;1.0;1;1.0;2.0;1962.0;4.0;1.0;0.0;;; -1;;;3.0;7.0;0.0;1.0;1.0;20.0;1.0;;12;8;2019;10:50;1.0;35;35051;2;3.0;3.0;6.0;VILAINE (COURS DE LA);48,1157825; -1,6066993;4;VILAINE (COURS DE LA);0.0;;2.0;2;0.0;1.0;0;0;1.0;;;2.0;0.0;1.0;30.0;Ille-et-Vilaine;53;Bretagne
201900000375;138Â 305Â 831;A01;10.0;3;2.0;1.0;2006.0;5.0;8.0;0.0;;2.0;3;1.0;;3.0;7.0;0.0;1.0;1.0;20.0;1.0;;12;8;2019;10:50;1.0;35;35051;2;3.0;3.0;6.0;VILAINE (COURS DE LA);48,1157825; -1,6066993;4;VILAINE (COURS DE LA);0.0;;2.0;2;0.0;1.0;0;0;1.0;;;2.0;0.0;1.0;30.0;Ille-et-Vilaine;53;Bretagne
201900000376;138Â 305Â 829;A01;1.0;1;4.0;1.0;1948.0;0.0;2.0;8.0;;0.0;0;;;1.0;32.0;0.0;2.0;3.0;15.0;1.0;;16;8;2019;08:25;1.0;34;34301;1;3.0;1.0;3.0;RD2 Route de Balaruc;43,4154400;3,7036800;3;2;0.0;;2.0;4;1.0;1.0;40;850;1.0;;;1.0;5.0;1.0;50.0;Hérault;76;Occitanie
201900000376;138Â 305Â 830;B01;1.0;1;1.0;1.0;1954.0;5.0;1.0;0.0;;0.0;0;;;1.0;10.0;0.0;2.0;7.0;2.0;1.0;;16;8;2019;08:25;1.0;34;34301;1;3.0;1.0;3.0;RD2 Route de Balaruc;43,4154400;3,7036800;3;2;0.0;;2.0;4;1.0;1.0;40;850;1.0;;;1.0;5.0;1.0;50.0;Hérault;76;Occitanie
201900000377;138Â 305Â 827;B01;1.0;1;2.0;1.0;1980.0;4.0;1.0;8.0;;0.0;0;;;1.0;7.0;0.0;2.0;3.0;1.0;1.0;;16;8;2019;11:50;1.0;34;34172;2;2.0;1.0;3.0;BARCELONE (RUE DE);43,6035905;3,8881164;4;STRASBOURG (BOULEVARD DE);0.0;;1.0;2;3.0;1.0;0;0;1.0;;;1.0;9.0;1.0;50.0;Hérault;76;Occitanie
201900000377;138Â 305Â 827;B01;2.0;2;2.0;1.0;1978.0;4.0;1.0;8.0;;0.0;0;;;1.0;7.0;0.0;2.0;3.0;1.0;1.0;;16;8;2019;11:50;1.0;34;34172;2;2.0;1.0;3.0;BARCELONE (RUE DE);43,6035905;3,8881164;4;STRASBOURG (BOULEVARD DE);0.0;;1.0;2;3.0;1.0;0;0;1.0;;;1.0;9.0;1.0;50.0;Hérault;76;Occitanie
201900000377;138Â 305Â 827;B01;3.0;2;2.0;1.0;1959.0;4.0;1.0;8.0;;0.0;0;;;1.0;7.0;0.0;2.0;3.0;1.0;1.0;;16;8;2019;11:50;1.0;34;34172;2;2.0;1.0;3.0;BARCELONE (RUE DE);43,6035905;3,8881164;4;STRASBOURG (BOULEVARD DE);0.0;;1.0;2;3.0;1.0;0;0;1.0;;;1.0;9.0;1.0;50.0;Hérault;76;Occitanie
201900000377;138Â 305Â 828;A01;1.0;1;1.0;2.0;1954.0;1.0;1.0;8.0;;; -1;;;2.0;7.0;0.0;2.0;2.0;1.0;1.0;;16;8;2019;11:50;1.0;34;34172;2;2.0;1.0;3.0;BARCELONE (RUE DE);43,6035905;3,8881164;4;STRASBOURG (BOULEVARD DE);0.0;;1.0;2;3.0;1.0;0;0;1.0;;;1.0;9.0;1.0;50.0;Hérault;76;Occitanie
201900000378;138Â 305Â 826;A01;10.0;3;2.0;1.0;1965.0;5.0;8.0;0.0;;5.0;2;1.0;;3.0;10.0;0.0;2.0;4.0;26.0;1.0;;15;8;2019;19:45;1.0;34;34172;2;1.0;1.0;6.0;TOURNOI DES SIX NATIONS ( RUE DU );43,5869374;3,8527251;4;TOURNOI DES SIX NATIONS ( RUE DU );0.0;;;;3.0;1.0;(1);(1);1.0;;;1.0;0.0;1.0;50.0;Hérault;76;Occitanie
201900000378;138Â 305Â 826;A01;1.0;1;1.0;1.0;1998.0;3.0;1.0;8.0;;0.0;0;;;3.0;10.0;0.0;2.0;4.0;26.0;1.0;;15;8;2019;19:45;1.0;34;34172;2;1.0;1.0;6.0;TOURNOI DES SIX NATIONS ( RUE DU );43,5869374;3,8527251;4;TOURNOI DES SIX NATIONS ( RUE DU );0.0;;;;3.0;1.0;(1);(1);1.0;;;1.0;0.0;1.0;50.0;Hérault;76;Occitanie
201900000379;138Â 305Â 824;A01;2.0;2;2.0;2.0;1988.0;0.0;1.0;0.0;;0.0;0;;;3.0;10.0;0.0;2.0;2.0;15.0;1.0;;14;8;2019;19:45;1.0;34;34172;2;2.0;1.0;3.0;MAS ARGELLIERS (AVENUE DU);43,5833300;3,8873800;4;MAS ARGELLIERS (AVENUE DU);0.0;;2.0;4;0.0;1.0;(1);(1);1.0;;;1.0;0.0;1.0;50.0;Hérault;76;Occitanie
201900000379;138Â 305Â 824;A01;3.0;2;2.0;2.0;2003.0;0.0;1.0;0.0;;0.0;0;;;3.0;10.0;0.0;2.0;2.0;15.0;1.0;;14;8;2019;19:45;1.0;34;34172;2;2.0;1.0;3.0;MAS ARGELLIERS (AVENUE DU);43,5833300;3,8873800;4;MAS ARGELLIERS (AVENUE DU);0.0;;2.0;4;0.0;1.0;(1);(1);1.0;;;1.0;0.0;1.0;50.0;Hérault;76;Occitanie
201900000379;138Â 305Â 824;A01;1.0;1;1.0;1.0;1986.0;5.0;1.0;8.0;;0.0;0;;;3.0;10.0;0.0;2.0;2.0;15.0;1.0;;14;8;2019;19:45;1.0;34;34172;2;2.0;1.0;3.0;MAS ARGELLIERS (AVENUE DU);43,5833300;3,8873800;4;MAS ARGELLIERS (AVENUE DU);0.0;;2.0;4;0.0;1.0;(1);(1);1.0;;;1.0;0.0;1.0;50.0;Hérault;76;Occitanie
201900000379;138Â 305Â 824;A01;4.0;2;2.0;2.0;1964.0;0.0;1.0;8.0;;0.0;0;;;3.0;10.0;0.0;2.0;2.0;15.0;1.0;;14;8;2019;19:45;1.0;34;34172;2;2.0;1.0;3.0;MAS ARGELLIERS (AVENUE DU);43,5833300;3,8873800;4;MAS ARGELLIERS (AVENUE DU);0.0;;2.0;4;0.0;1.0;(1);(1);1.0;;;1.0;0.0;1.0;50.0;Hérault;76;Occitanie
201900000379;138Â 305Â 824;A01;8.0;2;2.0;2.0;2001.0;0.0;1.0;0.0;;0.0;0;;;3.0;10.0;0.0;2.0;2.0;15.0;1.0;;14;8;2019;19:45;1.0;34;34172;2;2.0;1.0;3.0;MAS ARGELLIERS (AVENUE DU);43,5833300;3,8873800;4;MAS ARGELLIERS (AVENUE DU);0.0;;2.0;4;0.0;1.0;(1);(1);1.0;;;1.0;0.0;1.0;50.0;Hérault;76;Occitanie
201900000379;138Â 305Â 825;B01;2.0;2;2.0;2.0;1996.0;5.0;1.0;8.0;;0.0;0;;;3.0;10.0;0.0;2.0;3.0;1.0;1.0;;14;8;2019;19:45;1.0;34;34172;2;2.0;1.0;3.0;MAS ARGELLIERS (AVENUE DU);43,5833300;3,8873800;4;MAS ARGELLIERS (AVENUE DU);0.0;;2.0;4;0.0;1.0;(1);(1);1.0;;;1.0;0.0;1.0;50.0;Hérault;76;Occitanie
201900000379;138Â 305Â 825;B01;1.0;1;1.0;1.0;1989.0;5.0;1.0;8.0;;0.0;0;;;3.0;10.0;0.0;2.0;3.0;1.0;1.0;;14;8;2019;19:45;1.0;34;34172;2;2.0;1.0;3.0;MAS ARGELLIERS (AVENUE DU);43,5833300;3,8873800;4;MAS ARGELLIERS (AVENUE DU);0.0;;2.0;4;0.0;1.0;(1);(1);1.0;;;1.0;0.0;1.0;50.0;Hérault;76;Occitanie
201900000380;138Â 305Â 823;A01;10.0;3;2.0;1.0;1999.0;5.0;8.0;0.0;;2.0;3;1.0;;3.0;10.0;0.0;2.0;2.0;1.0;1.0;;14;8;2019;17:40;1.0;34;34172;2;1.0;1.0;6.0;CROIX VERTE (RUE DE LA);43,6452497;3,8412180;4;CROIX VERTE (RUE DE LA);0.0;;1.0;;0.0;1.0;(1);(1);1.0;;;1.0;0.0;1.0;50.0;Hérault;76;Occitanie
201900000380;138Â 305Â 823;A01;1.0;1;1.0;2.0;1986.0;5.0;1.0;8.0;;0.0;0;;;3.0;10.0;0.0;2.0;2.0;1.0;1.0;;14;8;2019;17:40;1.0;34;34172;2;1.0;1.0;6.0;CROIX VERTE (RUE DE LA);43,6452497;3,8412180;4;CROIX VERTE (RUE DE LA);0.0;;1.0;;0.0;1.0;(1);(1);1.0;;;1.0;0.0;1.0;50.0;Hérault;76;Occitanie
201900000381;138Â 305Â 821;B01;1.0;1;1.0;1.0;1972.0;5.0;1.0;0.0;;0.0;0;;;1.0;7.0;0.0;2.0;2.0;1.0;1.0;;13;8;2019;17:45;1.0;34;34172;2;2.0;1.0;3.0;GRASSET (AVENUE DU PROFESSEUR);43,6215950;3,8685201;4;GRASSET (AVENUE DU PROFESSEUR);0.0;;1.0;1;3.0;1.0;(1);(1);1.0;;;1.0;5.0;1.0;50.0;Hérault;76;Occitanie
201900000381;138Â 305Â 822;A01;2.0;2;2.0;1.0;1990.0;4.0;1.0;0.0;;0.0;0;;;1.0;10.0;0.0;2.0;3.0;1.0;1.0;;13;8;2019;17:45;1.0;34;34172;2;2.0;1.0;3.0;GRASSET (AVENUE DU PROFESSEUR);43,6215950;3,8685201;4;GRASSET (AVENUE DU PROFESSEUR);0.0;;1.0;1;3.0;1.0;(1);(1);1.0;;;1.0;5.0;1.0;50.0;Hérault;76;Occitanie
201900000381;138Â 305Â 822;A01;1.0;1;1.0;1.0;2000.0;4.0;1.0;0.0;;0.0;0;;;1.0;10.0;0.0;2.0;3.0;1.0;1.0;;13;8;2019;17:45;1.0;34;34172;2;2.0;1.0;3.0;GRASSET (AVENUE DU PROFESSEUR);43,6215950;3,8685201;4;GRASSET (AVENUE DU PROFESSEUR);0.0;;1.0;1;3.0;1.0;(1);(1);1.0;;;1.0;5.0;1.0;50.0;Hérault;76;Occitanie
201900000382;138Â 305Â 819;B01;1.0;1;2.0;1.0;1988.0;5.0;8.0;0.0;;; -1;;;3.0;1.0;0.0;2.0;8.0;1.0;5.0;;14;6;2019;07:11;1.0;93;93055;2;1.0;1.0;3.0;LOUIS NADOT;48,8958000;2,4098900;4;RUE LOUIS NADOT;0.0;;2.0;2;2.0;2.0;0;0;2.0;;;1.0;0.0;1.0;50.0;Seine-Saint-Denis;11;Île-de-France
201900000382;138Â 305Â 820;A01;1.0;1;1.0;2.0;1989.0;1.0;1.0;0.0;;; -1;;;3.0;7.0;0.0;2.0;2.0;16.0;1.0;;14;6;2019;07:11;1.0;93;93055;2;1.0;1.0;3.0;LOUIS NADOT;48,8958000;2,4098900;4;RUE LOUIS NADOT;0.0;;2.0;2;2.0;2.0;0;0;2.0;;;1.0;0.0;1.0;50.0;Seine-Saint-Denis;11;Île-de-France
201900000383;138Â 305Â 818;A01;1.0;1;1.0;1.0;1995.0;1.0;1.0;0.0;;; -1;;;2.0;7.0;0.0;1.0;6.0;20.0;1.0;;12;6;2019;11:20;1.0;93;93055;2;1.0;1.0;6.0;JEAN LOLIVE (AVENUE)(137/FIN ET 134/FIN);48,8932340;2,4130980;3;933;0.0;;2.0;6;0.0;1.0;0;1;1.0;;;1.0;9.0;1.0;10.0;Seine-Saint-Denis;11;Île-de-France
201900000383;138Â 305Â 818;A01;10.0;3;2.0;1.0;1973.0;5.0;8.0;0.0;;6.0;3;1.0;;2.0;7.0;0.0;1.0;6.0;20.0;1.0;;12;6;2019;11:20;1.0;93;93055;2;1.0;1.0;6.0;JEAN LOLIVE (AVENUE)(137/FIN ET 134/FIN);48,8932340;2,4130980;3;933;0.0;;2.0;6;0.0;1.0;0;1;1.0;;;1.0;9.0;1.0;10.0;Seine-Saint-Denis;11;Île-de-France
201900000384;138Â 305Â 817;A01;10.0;3;2.0;1.0;2004.0;0.0;0.0;0.0;;5.0;5;1.0;;1.0;7.0;0.0;1.0;1.0;26.0;0.0;;13;6;2019;17:20;1.0;93;93053;2;1.0;2.0;6.0;BREMENT (RUE DE) 109 A 235 - 110 A ...;48,8866300;2,4716400;3;116;0.0;;1.0;2;0.0;1.0;0;0;1.0;;;2.0;0.0;1.0;50.0;Seine-Saint-Denis;11;Île-de-France
201900000384;138Â 305Â 817;A01;1.0;1;1.0;2.0;1977.0;0.0;1.0;8.0;;0.0;0;;;1.0;7.0;0.0;1.0;1.0;26.0;0.0;;13;6;2019;17:20;1.0;93;93053;2;1.0;2.0;6.0;BREMENT (RUE DE) 109 A 235 - 110 A ...;48,8866300;2,4716400;3;116;0.0;;1.0;2;0.0;1.0;0;0;1.0;;;2.0;0.0;1.0;50.0;Seine-Saint-Denis;11;Île-de-France
201900000385;138Â 305Â 816;A01;1.0;1;2.0;1.0;1998.0;1.0;1.0;0.0;;; -1;;;2.0;10.0;14.0;2.0;1.0;5.0;1.0;;13;6;2019;13:45;1.0;93;93053;2;1.0;1.0;4.0;BOBIGNY (AVENUE DE);48,8937300;2,4500700;4; AVENUE DE BOBIGNY;0.0;;2.0;2;0.0;1.0;0;0;1.0;;;1.0;8.0;1.0;50.0;Seine-Saint-Denis;11;Île-de-France
201900000386;138Â 305Â 813;A01;2.0;1;1.0;1.0;1982.0;5.0;1.0;8.0;;; -1;;;1.0;99.0;1.0;0.0;6.0;4.0;1.0;;9;6;2019;05:05;2.0;93;93053;2;1.0;1.0;6.0;SAINT JUST (RUE);48,8948680;2,4521510;4;SAINT JUST (RUE);0.0;;2.0;2;0.0;1.0;0;0;1.0;;;1.0;0.0;1.0;30.0;Seine-Saint-Denis;11;Île-de-France
201900000386;138Â 305Â 813;A01;10.0;3;3.0;2.0;1996.0;5.0;8.0;0.0;;5.0;9;2.0;;1.0;99.0;1.0;0.0;6.0;4.0;1.0;;9;6;2019;05:05;2.0;93;93053;2;1.0;1.0;6.0;SAINT JUST (RUE);48,8948680;2,4521510;4;SAINT JUST (RUE);0.0;;2.0;2;0.0;1.0;0;0;1.0;;;1.0;0.0;1.0;30.0;Seine-Saint-Denis;11;Île-de-France
201900000387;138Â 305Â 812;A01;5.0;2;2.0;1.0;1987.0;5.0;1.0;8.0;;; -1;;;0.0;0.0;0.0;0.0;0.0;0.0;0.0;;2;6;2019;02:56;5.0;93;93053;1;3.0;1.0;7.0;PARIS (RUE DE);48,9000000;2,4600000;3;933;0.0;;1.0;2;0.0;1.0;0;0;1.0;;;1.0;5.0;1.0;50.0;Seine-Saint-Denis;11;Île-de-France
201900000388;138Â 305Â 811;A01;10.0;3;2.0;1.0;2009.0;5.0;8.0;0.0;;2.0;5;1.0;;1.0;7.0;0.0;1.0;1.0;1.0;0.0;;19;6;2019;20:10;1.0;93;93051;2;1.0;1.0;6.0;GABRIEL PERI (AVENUE);48,8295913;2,5674669;4;GABRIEL PERI (AVENUE);0.0;;2.0;2;0.0;1.0;0;0;1.0;;;1.0;0.0;1.0;50.0;Seine-Saint-Denis;11;Île-de-France
201900000388;138Â 305Â 811;A01;1.0;1;1.0;1.0;1994.0;1.0;1.0;0.0;;; -1;;;1.0;7.0;0.0;1.0;1.0;1.0;0.0;;19;6;2019;20:10;1.0;93;93051;2;1.0;1.0;6.0;GABRIEL PERI (AVENUE);48,8295913;2,5674669;4;GABRIEL PERI (AVENUE);0.0;;2.0;2;0.0;1.0;0;0;1.0;;;1.0;0.0;1.0;50.0;Seine-Saint-Denis;11;Île-de-France
201900000389;138Â 305Â 809;B01;1.0;1;2.0;1.0;1980.0;1.0;2.0;8.0;;; -1;;;0.0;32.0;0.0;2.0;9.0;1.0;0.0;;12;6;2019;10:30;1.0;93;93051;2;3.0;1.0;3.0;RU DE NESLE (BOULEVARD);48,8425000;2,5804400;3;970;0.0;;2.0;3;0.0;1.0;1;0;1.0;;;1.0;8.0;1.0;50.0;Seine-Saint-Denis;11;Île-de-France
201900000389;138Â 305Â 810;A01;1.0;1;1.0;2.0;1988.0;3.0;1.0;8.0;;; -1;;;0.0;7.0;0.0;2.0;8.0;16.0;1.0;;12;6;2019;10:30;1.0;93;93051;2;3.0;1.0;3.0;RU DE NESLE (BOULEVARD);48,8425000;2,5804400;3;970;0.0;;2.0;3;0.0;1.0;1;0;1.0;;;1.0;8.0;1.0;50.0;Seine-Saint-Denis;11;Île-de-France
201900000390;138Â 305Â 808;D01;1.0;1;2.0;1.0;1990.0;1.0;2.0;6.0;;0.0;0;;;1.0;32.0;0.0;2.0;8.0;1.0;;;7;6;2019;19:15;1.0;93;93051;2;2.0;3.0;3.0;NEUILLY (ROUTE);48,8515000;2,5340000;3;970;0.0;;2.0;2;0.0;2.0;0;0;1.0;;;2.0;0.0;3.0;50.0;Seine-Saint-Denis;11;Île-de-France
201900000391;138Â 305Â 806;A01;1.0;1;2.0;2.0;1977.0;5.0;1.0;0.0;;; -1;;;3.0;7.0;1.0;0.0;0.0;0.0;0.0;;7;6;2019;05:00;2.0;93;93051;2;1.0;1.0;6.0;UNIVERSITE;48,8368950;2,5545770;4;UNIVERSITE;0.0;;2.0;2;0.0;1.0;0;0;1.0;;;1.0;0.0;3.0;50.0;Seine-Saint-Denis;11;Île-de-France
201900000392;138Â 305Â 804;B01;1.0;1;2.0;1.0;1981.0;1.0;2.0;0.0;;; -1;;;0.0;2.0;0.0;2.0;1.0;19.0;0.0;;3;6;2019;13:30;1.0;93;93033;2;2.0;1.0;3.0;BRAS SAINT ARNOULT;48,8596440;2,5707800;4;BRAS SAINT ARNOULT;0.0;;2.0;0;0.0;1.0;0;0;1.0;;;1.0;0.0;1.0;50.0;Seine-Saint-Denis;11;Île-de-France
201900000392;138Â 305Â 805;A01;1.0;1;1.0;1.0;2000.0;2.0;1.0;0.0;;; -1;;;3.0;3.0;0.0;2.0;2.0;1.0;0.0;;3;6;2019;13:30;1.0;93;93033;2;2.0;1.0;3.0;BRAS SAINT ARNOULT;48,8596440;2,5707800;4;BRAS SAINT ARNOULT;0.0;;2.0;0;0.0;1.0;0;0;1.0;;;1.0;0.0;1.0;50.0;Seine-Saint-Denis;11;Île-de-France
201900000392;138Â 305Â 805;A01;2.0;2;1.0;1.0;2000.0;2.0;1.0;0.0;;; -1;;;3.0;3.0;0.0;2.0;2.0;1.0;0.0;;3;6;2019;13:30;1.0;93;93033;2;2.0;1.0;3.0;BRAS SAINT ARNOULT;48,8596440;2,5707800;4;BRAS SAINT ARNOULT;0.0;;2.0;0;0.0;1.0;0;0;1.0;;;1.0;0.0;1.0;50.0;Seine-Saint-Denis;11;Île-de-France
201900000393;138Â 305Â 803;B01;1.0;1;2.0;1.0;1994.0;5.0;2.0;0.0;;; -1;;;2.0;30.0;0.0;2.0;2.0;1.0;1.0;;7;6;2019;04:25;5.0;93;93049;2;2.0;1.0;3.0;PARMENTIER (RUE);48,8570100;2,5014900;4;COMMANDANT RAYNAL (RUE);0.0;;1.0;1;0.0;1.0;1;0;1.0;;;1.0;0.0;1.0;50.0;Seine-Saint-Denis;11;Île-de-France
201900000394;138Â 305Â 800;A01;1.0;1;1.0;1.0;1992.0;4.0;8.0;0.0;;; -1;;;1.0;7.0;0.0;0.0;0.0;0.0;0.0;;13;6;2019;14:30;1.0;93;93048;2;1.0;1.0;3.0;PARIS (RUE DE);48,8578882;2,4351291;3;902;0.0;;;2;0.0;1.0;0;1;1.0;;;1.0;0.0;1.0;50.0;Seine-Saint-Denis;11;Île-de-France
201900000394;138Â 305Â 801;B01;1.0;1;2.0;2.0;1965.0;1.0;8.0;0.0;;; -1;;;1.0;1.0;1.0;0.0;1.0;2.0;0.0;;13;6;2019;14:30;1.0;93;93048;2;1.0;1.0;3.0;PARIS (RUE DE);48,8578882;2,4351291;3;902;0.0;;;2;0.0;1.0;0;1;1.0;;;1.0;0.0;1.0;50.0;Seine-Saint-Denis;11;Île-de-France
201900000395;138Â 305Â 799;A01;10.0;3;2.0;2.0;1961.0;3.0;8.0;0.0;;2.0;3;1.0;;1.0;32.0;0.0;1.0;3.0;21.0;0.0;;13;6;2019;14:00;1.0;93;93048;2;1.0;1.0;6.0;PARIS (RUE DE);48,8578700;2,4342200;3;902;0.0;;2.0;2;0.0;1.0;0;1;1.0;;;1.0;0.0;1.0;50.0;Seine-Saint-Denis;11;Île-de-France
201900000396;138Â 305Â 798;A01;1.0;1;2.0;1.0;1989.0;0.0;2.0;6.0;;; -1;;;2.0;34.0;0.0;2.0;4.0;1.0;1.0;;12;6;2019;20:20;2.0;93;93048;2;3.0;2.0;2.0;VERT BOIS (RUE DU);48,8724400;2,4365290;4;VERT BOIS (RUE DU);0.0;;2.0;2;0.0;2.0;0;1;1.0;;;1.0;0.0;1.0;50.0;Seine-Saint-Denis;11;Île-de-France
201900000397;138Â 305Â 796;A01;10.0;3;2.0;1.0;1946.0;5.0;8.0;0.0;;3.0;3;1.0;;1.0;10.0;0.0;1.0;3.0;15.0;0.0;;12;6;2019;16:25;1.0;93;93048;2;2.0;3.0;6.0;ROSNY (RUE DE);48,8606600;2,4436400;3;37;0.0;;2.0;2;0.0;1.0;0;1;1.0;;;2.0;0.0;1.0;50.0;Seine-Saint-Denis;11;Île-de-France
201900000397;138Â 305Â 796;A01;1.0;1;1.0;1.0;1937.0;0.0;1.0;8.0;;; -1;;;1.0;10.0;0.0;1.0;3.0;15.0;0.0;;12;6;2019;16:25;1.0;93;93048;2;2.0;3.0;6.0;ROSNY (RUE DE);48,8606600;2,4436400;3;37;0.0;;2.0;2;0.0;1.0;0;1;1.0;;;2.0;0.0;1.0;50.0;Seine-Saint-Denis;11;Île-de-France
201900000398;138Â 305Â 794;A01;1.0;1;2.0;1.0;1975.0;0.0;1.0;0.0;;;0;;;2.0;7.0;0.0;2.0;8.0;15.0;3.0;;12;6;2019;14:45;1.0;93;93048;2;9.0;3.0;3.0;BAUNE (RUE DE LA);48,8618400;2,4369600;4;BAUNE (RUE DE LA);0.0;;2.0;2;0.0;2.0;1;0;1.0;;;2.0;0.0;1.0;50.0;Seine-Saint-Denis;11;Île-de-France
201900000398;138Â 305Â 795;B01;1.0;1;2.0;2.0;1972.0;0.0;1.0;0.0;;; -1;;;1.0;7.0;0.0;2.0;7.0;1.0;3.0;;12;6;2019;14:45;1.0;93;93048;2;9.0;3.0;3.0;BAUNE (RUE DE LA);48,8618400;2,4369600;4;BAUNE (RUE DE LA);0.0;;2.0;2;0.0;2.0;1;0;1.0;;;2.0;0.0;1.0;50.0;Seine-Saint-Denis;11;Île-de-France
201900000399;138Â 305Â 792;B01;1.0;1;1.0;1.0;1985.0;5.0;1.0;5.0;;; -1;;;1.0;7.0;0.0;2.0;1.0;1.0;1.0;;10;6;2019;18:00;1.0;93;93048;2;2.0;1.0;3.0;MARCEAU (RUE);48,8507100;2,4263500;4;MARCEAU (RUE);0.0;;2.0;2;0.0;1.0;0;0;1.0;;;1.0;0.0;;50.0;Seine-Saint-Denis;11;Île-de-France
201900000399;138Â 305Â 793;A01;1.0;1;2.0;1.0;2001.0;5.0;1.0;5.0;;; -1;;;1.0;7.0;11.0;2.0;2.0;1.0;1.0;;10;6;2019;18:00;1.0;93;93048;2;2.0;1.0;3.0;MARCEAU (RUE);48,8507100;2,4263500;4;MARCEAU (RUE);0.0;;2.0;2;0.0;1.0;0;0;1.0;;;1.0;0.0;;50.0;Seine-Saint-Denis;11;Île-de-France
201900000399;138Â 305Â 793;A01;2.0;2;1.0;1.0;1979.0;0.0;1.0;0.0;;; -1;;;1.0;7.0;11.0;2.0;2.0;1.0;1.0;;10;6;2019;18:00;1.0;93;93048;2;2.0;1.0;3.0;MARCEAU (RUE);48,8507100;2,4263500;4;MARCEAU (RUE);0.0;;2.0;2;0.0;1.0;0;0;1.0;;;1.0;0.0;;50.0;Seine-Saint-Denis;11;Île-de-France
201900000399;138Â 305Â 793;A01;4.0;2;2.0;1.0;2019.0;5.0;1.0;0.0;;; -1;;;1.0;7.0;11.0;2.0;2.0;1.0;1.0;;10;6;2019;18:00;1.0;93;93048;2;2.0;1.0;3.0;MARCEAU (RUE);48,8507100;2,4263500;4;MARCEAU (RUE);0.0;;2.0;2;0.0;1.0;0;0;1.0;;;1.0;0.0;;50.0;Seine-Saint-Denis;11;Île-de-France
201900000400;138Â 305Â 790;A01;1.0;1;2.0;1.0;1998.0;;8.0;0.0;;0.0;0;;;1.0;7.0;0.0;2.0;1.0;19.0;1.0;;5;6;2019;19:15;1.0;93;93048;2;1.0;1.0;1.0;JAURES (AV. JEAN) 1 A 123;48,8635650;2,4675840;4;THEOPHILE SUEUR 35 (BOULEVARD);0.0;;2.0;2;0.0;1.0;0;0;1.0;;;2.0;6.0;1.0;50.0;Seine-Saint-Denis;11;Île-de-France
201900000400;138Â 305Â 791;B01;1.0;1;2.0;2.0;1971.0;0.0;1.0;0.0;;; -1;;;1.0;7.0;9.0;1.0;1.0;2.0;1.0;;5;6;2019;19:15;1.0;93;93048;2;1.0;1.0;1.0;JAURES (AV. JEAN) 1 A 123;48,8635650;2,4675840;4;THEOPHILE SUEUR 35 (BOULEVARD);0.0;;2.0;2;0.0;1.0;0;0;1.0;;;2.0;6.0;1.0;50.0;Seine-Saint-Denis;11;Île-de-France
201900000400;138Â 305Â 791;B01;2.0;2;2.0;2.0;2001.0;9.0;1.0;5.0;;; -1;;;1.0;7.0;9.0;1.0;1.0;2.0;1.0;;5;6;2019;19:15;1.0;93;93048;2;1.0;1.0;1.0;JAURES (AV. JEAN) 1 A 123;48,8635650;2,4675840;4;THEOPHILE SUEUR 35 (BOULEVARD);0.0;;2.0;2;0.0;1.0;0;0;1.0;;;2.0;6.0;1.0;50.0;Seine-Saint-Denis;11;Île-de-France
201900000401;138Â 305Â 788;A01;1.0;1;1.0;1.0;1955.0;0.0;1.0;0.0;;; -1;;;3.0;10.0;0.0;2.0;3.0;9.0;0.0;;19;6;2019;10:31;1.0;93;93046;2;6.0;1.0;3.0;COLONEL FABIEN AVENUE DU;48,9152500;2,5130000;4;COLONEL FABIEN AVENUE DU;0.0;;2.0;2;0.0;1.0;100;0;1.0;;;1.0;0.0;1.0;50.0;Seine-Saint-Denis;11;Île-de-France
201900000401;138Â 305Â 789;B01;1.0;1;2.0;1.0;1989.0;0.0;2.0;0.0;;; -1;;;3.0;32.0;0.0;2.0;2.0;1.0;0.0;;19;6;2019;10:31;1.0;93;93046;2;6.0;1.0;3.0;COLONEL FABIEN AVENUE DU;48,9152500;2,5130000;4;COLONEL FABIEN AVENUE DU;0.0;;2.0;2;0.0;1.0;100;0;1.0;;;1.0;0.0;1.0;50.0;Seine-Saint-Denis;11;Île-de-France
201900000402;138Â 305Â 786;B01;1.0;1;2.0;1.0;2003.0;4.0;8.0;0.0;;; -1;;;1.0;1.0;0.0;2.0;5.0;16.0;0.0;;19;6;2019;09:37;1.0;93;93046;2;3.0;1.0;3.0;EUGENE MASSE RUE;48,9263000;2,5452700;4;EUGENE MASSE RUE;0.0;;2.0;2;0.0;1.0;0;0;4.0;;;1.0;0.0;1.0;50.0;Seine-Saint-Denis;11;Île-de-France