Num_Acc;id_vehicule;num_veh;place;catu;grav;sexe;an_nais;trajet;secu1;secu2;secu3;locp;actp;etatp;id_usager;senc;catv;obs;obsm;choc;manv;motor;occutc;jour;mois;an;hrmn;lum;dep;com;agg;int;atm;col;adr;lat;long;catr;voie;v1;v2;circ;nbv;vosp;prof;pr;pr1;plan;lartpc;larrout;surf;infra;situ;vma;nom_departement;reg;nom_region
201900000402;138Â 305Â 787;A01;1.0;1;1.0;1.0;1967.0;0.0;8.0;0.0;;; -1;;;2.0;10.0;0.0;1.0;1.0;1.0;0.0;;19;6;2019;09:37;1.0;93;93046;2;3.0;1.0;3.0;EUGENE MASSE RUE;48,9263000;2,5452700;4;EUGENE MASSE RUE;0.0;;2.0;2;0.0;1.0;0;0;4.0;;;1.0;0.0;1.0;50.0;Seine-Saint-Denis;11;Île-de-France
201900000403;138Â 305Â 784;A01;1.0;1;1.0;1.0;1962.0;0.0;1.0;0.0;;; -1;;;2.0;7.0;0.0;2.0;7.0;1.0;1.0;;18;6;2019;19:20;1.0;93;93015;2;2.0;1.0;3.0;PASTEUR AVENUE;48,9106900;2,5839000;4;PASTEUR AVENUE;0.0;;2.0;2;0.0;1.0;1;0;1.0;;;1.0;0.0;1.0;50.0;Seine-Saint-Denis;11;Île-de-France
201900000403;138Â 305Â 785;B01;1.0;1;2.0;1.0;1984.0;4.0;1.0;0.0;;; -1;;;2.0;37.0;0.0;2.0;3.0;1.0;1.0;1.0;18;6;2019;19:20;1.0;93;93015;2;2.0;1.0;3.0;PASTEUR AVENUE;48,9106900;2,5839000;4;PASTEUR AVENUE;0.0;;2.0;2;0.0;1.0;1;0;1.0;;;1.0;0.0;1.0;50.0;Seine-Saint-Denis;11;Île-de-France
201900000404;138Â 305Â 783;A01;1.0;1;2.0;2.0;1996.0;0.0;1.0;5.0;;; -1;;;1.0;7.0;4.0;0.0;9.0;0.0;0.0;;14;6;2019;04:00;3.0;93;93074;1;1.0;1.0;7.0;Route Nationale 3;48,9334300;2,5931100;3;933;0.0;;3.0;2;0.0;1.0;21;700;1.0;;;1.0;0.0;1.0;110.0;Seine-Saint-Denis;11;Île-de-France
201900000405;138Â 305Â 781;B01;1.0;1;2.0;1.0;1983.0;4.0;1.0;0.0;;; -1;;;0.0;7.0;12.0;2.0;7.0;1.0;1.0;;14;6;2019;00:15;5.0;93;93046;2;2.0;1.0;3.0;EMILE GERARD AVENUE;48,9187000;2,5204100;4;EMILE GERARD AVENUE;0.0;;2.0;0;0.0;1.0;1;0;1.0;;;1.0;5.0;2.0;50.0;Seine-Saint-Denis;11;Île-de-France
201900000405;138Â 305Â 781;B01;2.0;2;2.0;1.0;1983.0;4.0;1.0;0.0;;; -1;;;0.0;7.0;12.0;2.0;7.0;1.0;1.0;;14;6;2019;00:15;5.0;93;93046;2;2.0;1.0;3.0;EMILE GERARD AVENUE;48,9187000;2,5204100;4;EMILE GERARD AVENUE;0.0;;2.0;0;0.0;1.0;1;0;1.0;;;1.0;5.0;2.0;50.0;Seine-Saint-Denis;11;Île-de-France
201900000405;138Â 305Â 781;B01;3.0;2;2.0;1.0;1986.0;4.0;1.0;0.0;;; -1;;;0.0;7.0;12.0;2.0;7.0;1.0;1.0;;14;6;2019;00:15;5.0;93;93046;2;2.0;1.0;3.0;EMILE GERARD AVENUE;48,9187000;2,5204100;4;EMILE GERARD AVENUE;0.0;;2.0;0;0.0;1.0;1;0;1.0;;;1.0;5.0;2.0;50.0;Seine-Saint-Denis;11;Île-de-France
201900000405;138Â 305Â 782;A01;1.0;1;2.0;1.0;1998.0;5.0;8.0;0.0;;; -1;;;0.0;7.0;12.0;2.0;1.0;1.0;1.0;;14;6;2019;00:15;5.0;93;93046;2;2.0;1.0;3.0;EMILE GERARD AVENUE;48,9187000;2,5204100;4;EMILE GERARD AVENUE;0.0;;2.0;0;0.0;1.0;1;0;1.0;;;1.0;5.0;2.0;50.0;Seine-Saint-Denis;11;Île-de-France
201900000406;138Â 305Â 778;A01;10.0;3;3.0;1.0;1958.0;9.0;8.0;0.0;;9.0;B;1.0;;1.0;7.0;0.0;2.0;1.0;1.0;1.0;;7;6;2019;20:50;2.0;93;93015;2;9.0;6.0;2.0;PALOMBIERE ALLEE DE LA;48,9172600;2,5637000;4;PALOMBIERE ALLEE DE LA;0.0;;2.0;1;0.0;1.0;0;0;1.0;;;1.0;0.0;1.0;30.0;Seine-Saint-Denis;11;Île-de-France
201900000406;138Â 305Â 778;A01;1.0;1;2.0;1.0;1975.0;9.0;1.0;0.0;;; -1;;;1.0;7.0;0.0;2.0;1.0;1.0;1.0;;7;6;2019;20:50;2.0;93;93015;2;9.0;6.0;2.0;PALOMBIERE ALLEE DE LA;48,9172600;2,5637000;4;PALOMBIERE ALLEE DE LA;0.0;;2.0;1;0.0;1.0;0;0;1.0;;;1.0;0.0;1.0;30.0;Seine-Saint-Denis;11;Île-de-France
201900000406;138Â 305Â 779;B01;2.0;2;3.0;2.0;1987.0;5.0;1.0;0.0;;; -1;;;1.0;7.0;1.0;0.0;3.0;1.0;1.0;;7;6;2019;20:50;2.0;93;93015;2;9.0;6.0;2.0;PALOMBIERE ALLEE DE LA;48,9172600;2,5637000;4;PALOMBIERE ALLEE DE LA;0.0;;2.0;1;0.0;1.0;0;0;1.0;;;1.0;0.0;1.0;30.0;Seine-Saint-Denis;11;Île-de-France
201900000406;138Â 305Â 779;B01;1.0;1;3.0;1.0;1985.0;5.0;1.0;0.0;;; -1;;;1.0;7.0;1.0;0.0;3.0;1.0;1.0;;7;6;2019;20:50;2.0;93;93015;2;9.0;6.0;2.0;PALOMBIERE ALLEE DE LA;48,9172600;2,5637000;4;PALOMBIERE ALLEE DE LA;0.0;;2.0;1;0.0;1.0;0;0;1.0;;;1.0;0.0;1.0;30.0;Seine-Saint-Denis;11;Île-de-France
201900000407;138Â 305Â 776;A01;1.0;1;1.0;1.0;1994.0;0.0;8.0;0.0;;; -1;;;2.0;7.0;0.0;2.0;1.0;1.0;1.0;;5;6;2019;17:40;1.0;93;93074;2;2.0;2.0;3.0;LIMOUSIN RUE DU;48,9383500;2,5948600;4;LIMOUSIN RUE DU;0.0;;2.0;2;0.0;1.0;1;0;1.0;;;2.0;0.0;1.0;50.0;Seine-Saint-Denis;11;Île-de-France
201900000407;138Â 305Â 777;B01;1.0;1;2.0;1.0;1987.0;1.0;2.0;0.0;;; -1;;;1.0;33.0;0.0;2.0;7.0;1.0;1.0;;5;6;2019;17:40;1.0;93;93074;2;2.0;2.0;3.0;LIMOUSIN RUE DU;48,9383500;2,5948600;4;LIMOUSIN RUE DU;0.0;;2.0;2;0.0;1.0;1;0;1.0;;;2.0;0.0;1.0;50.0;Seine-Saint-Denis;11;Île-de-France
201900000408;138Â 305Â 775;A01;10.0;3;2.0;2.0;1968.0;9.0;8.0;0.0;;3.0;9;1.0;;2.0;7.0;0.0;1.0;1.0;1.0;0.0;;17;6;2019;08:55;1.0;93;93045;2;1.0;1.0;6.0;LANGEVIN PAUL RUE;48,8837150;2,4233490;4;LANGEVIN PAUL RUE;0.0;;2.0;2;0.0;2.0;0;0;2.0;;;1.0;0.0;2.0;50.0;Seine-Saint-Denis;11;Île-de-France
201900000409;138Â 305Â 774;A01;1.0;1;1.0;2.0;1931.0;9.0;1.0;0.0;;0.0;0;;;2.0;7.0;0.0;1.0;1.0;1.0;0.0;;11;6;2019;20:15;1.0;93;93045;2;1.0;2.0;6.0;PARIS RUE DE;48,8795811;2,4157047;3;117;0.0;;2.0;2;0.0;1.0;0;0;1.0;;;2.0;0.0;1.0;50.0;Seine-Saint-Denis;11;Île-de-France
201900000409;138Â 305Â 774;A01;10.0;3;2.0;1.0;2000.0;9.0;8.0;0.0;;2.0;3;1.0;;2.0;7.0;0.0;1.0;1.0;1.0;0.0;;11;6;2019;20:15;1.0;93;93045;2;1.0;2.0;6.0;PARIS RUE DE;48,8795811;2,4157047;3;117;0.0;;2.0;2;0.0;1.0;0;0;1.0;;;2.0;0.0;1.0;50.0;Seine-Saint-Denis;11;Île-de-France
201900000410;138Â 305Â 773;A01;1.0;1;1.0;1.0;2003.0;0.0;2.0;8.0;;; -1;;;1.0;32.0;0.0;1.0;3.0;21.0;0.0;;9;6;2019;17:55;1.0;93;93045;2;1.0;1.0;6.0;PARIS RUE DE;48,8791225;2,4136448;3;117;0.0;;2.0;2;0.0;1.0;1;0;1.0;;;1.0;0.0;1.0;50.0;Seine-Saint-Denis;11;Île-de-France
201900000410;138Â 305Â 773;A01;10.0;3;2.0;2.0;2008.0;0.0;8.0;0.0;;9.0;3;1.0;;1.0;32.0;0.0;1.0;3.0;21.0;0.0;;9;6;2019;17:55;1.0;93;93045;2;1.0;1.0;6.0;PARIS RUE DE;48,8791225;2,4136448;3;117;0.0;;2.0;2;0.0;1.0;1;0;1.0;;;1.0;0.0;1.0;50.0;Seine-Saint-Denis;11;Île-de-France
201900000411;138Â 305Â 770;C01;1.0;1;1.0;1.0;1995.0;5.0;1.0;0.0;;; -1;;;1.0;7.0;0.0;2.0;4.0;2.0;0.0;;15;6;2019;22:35;5.0;93;93032;2;1.0;1.0;4.0;JEAN JAURES (AVENUE);48,8828600;2,5264400;3;902;0.0;;2.0;2;0.0;1.0;1;0;1.0;;;1.0;0.0;1.0;50.0;Seine-Saint-Denis;11;Île-de-France
201900000411;138Â 305Â 771;B01;1.0;1;2.0;1.0;1992.0;9.0;1.0;0.0;;; -1;;;1.0;7.0;0.0;2.0;4.0;2.0;0.0;;15;6;2019;22:35;5.0;93;93032;2;1.0;1.0;4.0;JEAN JAURES (AVENUE);48,8828600;2,5264400;3;902;0.0;;2.0;2;0.0;1.0;1;0;1.0;;;1.0;0.0;1.0;50.0;Seine-Saint-Denis;11;Île-de-France
201900000411;138Â 305Â 772;A01;1.0;1;1.0;2.0;1997.0;9.0;1.0;0.0;;; -1;;;1.0;7.0;0.0;2.0;1.0;2.0;0.0;;15;6;2019;22:35;5.0;93;93032;2;1.0;1.0;4.0;JEAN JAURES (AVENUE);48,8828600;2,5264400;3;902;0.0;;2.0;2;0.0;1.0;1;0;1.0;;;1.0;0.0;1.0;50.0;Seine-Saint-Denis;11;Île-de-France
201900000412;138Â 305Â 768;B01;1.0;1;2.0;1.0;1976.0;3.0;2.0;0.0;;; -1;;;1.0;2.0;0.0;2.0;7.0;15.0;1.0;;8;6;2019;13:50;1.0;93;93032;2;5.0;1.0;3.0;PARMENTIER   (RUE);48,8828200;2,5348900;3;970;0.0;;2.0;2;0.0;1.0;1;0;1.0;;;1.0;0.0;1.0;50.0;Seine-Saint-Denis;11;Île-de-France
201900000412;138Â 305Â 769;A01;1.0;1;1.0;2.0;1965.0;0.0;1.0;0.0;;; -1;;;1.0;7.0;0.0;2.0;8.0;15.0;1.0;;8;6;2019;13:50;1.0;93;93032;2;5.0;1.0;3.0;PARMENTIER   (RUE);48,8828200;2,5348900;3;970;0.0;;2.0;2;0.0;1.0;1;0;1.0;;;1.0;0.0;1.0;50.0;Seine-Saint-Denis;11;Île-de-France
201900000413;138Â 305Â 765;C01;1.0;1;2.0;1.0;1955.0;4.0;8.0;0.0;;; -1;;;1.0;10.0;0.0;6.0;1.0;1.0;6.0;;7;6;2019;08:45;1.0;93;93032;2;3.0;1.0;6.0;MONTGUICHET  (CHEMIN DE);48,8811700;2,5478700;4;MONTGUICHET  (CHEMIN DE);0.0;;2.0;0;0.0;2.0;1;0;1.0;;;1.0;0.0;1.0;50.0;Seine-Saint-Denis;11;Île-de-France
201900000413;138Â 305Â 766;B01;1.0;1;2.0;1.0;1996.0;0.0;2.0;8.0;;; -1;;;2.0;33.0;0.0;2.0;1.0;1.0;6.0;;7;6;2019;08:45;1.0;93;93032;2;3.0;1.0;6.0;MONTGUICHET  (CHEMIN DE);48,8811700;2,5478700;4;MONTGUICHET  (CHEMIN DE);0.0;;2.0;0;0.0;2.0;1;0;1.0;;;1.0;0.0;1.0;50.0;Seine-Saint-Denis;11;Île-de-France
201900000413;138Â 305Â 767;A01;1.0;1;1.0;1.0;1967.0;0.0;8.0;0.0;;; -1;;;3.0;7.0;0.0;2.0;3.0;16.0;6.0;;7;6;2019;08:45;1.0;93;93032;2;3.0;1.0;6.0;MONTGUICHET  (CHEMIN DE);48,8811700;2,5478700;4;MONTGUICHET  (CHEMIN DE);0.0;;2.0;0;0.0;2.0;1;0;1.0;;;1.0;0.0;1.0;50.0;Seine-Saint-Denis;11;Île-de-France
201900000414;138Â 305Â 763;B01;1.0;1;1.0;2.0;1996.0;0.0;1.0;0.0;;; -1;;;1.0;7.0;0.0;2.0;5.0;16.0;1.0;;4;6;2019;17:10;1.0;93;93032;2;1.0;1.0;3.0;JULES GUESDES  (RUE, DU 2 AU 96 ET DE 1;48,8808300;2,5426400;3;902;0.0;;1.0;1;1.0;1.0;1;0;1.0;;;1.0;0.0;1.0;50.0;Seine-Saint-Denis;11;Île-de-France
201900000414;138Â 305Â 764;A01;1.0;1;2.0;1.0;1984.0;0.0;2.0;8.0;;; -1;;;1.0;34.0;0.0;2.0;1.0;18.0;1.0;;4;6;2019;17:10;1.0;93;93032;2;1.0;1.0;3.0;JULES GUESDES  (RUE, DU 2 AU 96 ET DE 1;48,8808300;2,5426400;3;902;0.0;;1.0;1;1.0;1.0;1;0;1.0;;;1.0;0.0;1.0;50.0;Seine-Saint-Denis;11;Île-de-France
201900000415;138Â 305Â 762;A01;1.0;1;2.0;1.0;1970.0;9.0;1.0;0.0;;; -1;;;2.0;7.0;1.0;0.0;2.0;14.0;1.0;;24;5;2019;19:44;1.0;93;93032;2;1.0;1.0;6.0;ARISTIDE BRIAND (RUE);48,8771000;2,5317600;3;970;0.0;;2.0;2;0.0;1.0;0;0;1.0;;;1.0;0.0;1.0;50.0;Seine-Saint-Denis;11;Île-de-France
201900000416;138Â 305Â 761;A01;10.0;3;2.0;2.0;2011.0;0.0;0.0;;;1.0;3;2.0;;3.0;7.0;0.0;1.0;2.0;1.0;0.0;;14;6;2019;17:10;1.0;93;93031;2;1.0;1.0;6.0;MARNE (AVENUE DE LA);48,9535890;2,3272340;4;MARNE (AVENUE DE LA);0.0;;2.0;2;0.0;1.0;0;0;1.0;;;1.0;0.0;1.0;50.0;Seine-Saint-Denis;11;Île-de-France
201900000417;138Â 305Â 759;B01;1.0;1;2.0;1.0;1979.0;0.0;8.0;0.0;;; -1;;;1.0;34.0;0.0;2.0;1.0;1.0;0.0;;13;6;2019;12:55;1.0;93;93079;2;2.0;1.0;3.0;SAINT LEU (ROUTE);48,9545500;2,3344900;3;928;0.0;;2.0;2;1.0;1.0;0;0;1.0;;;1.0;0.0;1.0;50.0;Seine-Saint-Denis;11;Île-de-France
201900000417;138Â 305Â 760;A01;1.0;1;1.0;2.0;1986.0;0.0;8.0;0.0;;; -1;;;1.0;7.0;0.0;2.0;3.0;15.0;0.0;;13;6;2019;12:55;1.0;93;93079;2;2.0;1.0;3.0;SAINT LEU (ROUTE);48,9545500;2,3344900;3;928;0.0;;2.0;2;1.0;1.0;0;0;1.0;;;1.0;0.0;1.0;50.0;Seine-Saint-Denis;11;Île-de-France
201900000418;138Â 305Â 757;A01;1.0;1;1.0;1.0;1989.0;1.0;8.0;0.0;;; -1;;;1.0;7.0;0.0;2.0;2.0;15.0;0.0;;11;6;2019;13:00;1.0;93;93031;2;2.0;1.0;1.0;REPUBLIQUE (AVENUE);48,9470000;2,3427500;3;921;0.0;;2.0;8;0.0;1.0;0;0;1.0;;;1.0;5.0;1.0;50.0;Seine-Saint-Denis;11;Île-de-France
201900000418;138Â 305Â 758;B01;1.0;1;2.0;1.0;1977.0;0.0;8.0;0.0;;; -1;;;1.0;7.0;0.0;2.0;1.0;1.0;0.0;;11;6;2019;13:00;1.0;93;93031;2;2.0;1.0;1.0;REPUBLIQUE (AVENUE);48,9470000;2,3427500;3;921;0.0;;2.0;8;0.0;1.0;0;0;1.0;;;1.0;5.0;1.0;50.0;Seine-Saint-Denis;11;Île-de-France
201900000419;138Â 305Â 756;Z01;10.0;3;2.0;1.0;2008.0;0.0;8.0;8.0;;1.0;3;2.0;;1.0;30.0;0.0;1.0;1.0;26.0;0.0;;10;6;2019;19:15;1.0;93;93031;2;1.0;1.0;6.0;FELIX MERLIN;48,9552400;2,2928900;4;FELIX MERLIN;0.0;;2.0;2;0.0;1.0;0;0;1.0;;;1.0;0.0;1.0;50.0;Seine-Saint-Denis;11;Île-de-France
201900000420;138Â 305Â 754;B01;1.0;1;2.0;1.0;1988.0;4.0;2.0;8.0;;; -1;;;1.0;30.0;0.0;2.0;1.0;1.0;1.0;;9;6;2019;16:59;1.0;93;93031;2;2.0;1.0;3.0;JARROW (AVENUE DE);48,9523200;2,3319000;4;JARROW (AVENUE DE);0.0;;2.0;2;0.0;1.0;0;0;1.0;;;1.0;5.0;1.0;50.0;Seine-Saint-Denis;11;Île-de-France
201900000420;138Â 305Â 755;A01;1.0;1;1.0;2.0;1999.0;0.0;1.0;8.0;;; -1;;;1.0;7.0;0.0;2.0;3.0;15.0;1.0;;9;6;2019;16:59;1.0;93;93031;2;2.0;1.0;3.0;JARROW (AVENUE DE);48,9523200;2,3319000;4;JARROW (AVENUE DE);0.0;;2.0;2;0.0;1.0;0;0;1.0;;;1.0;5.0;1.0;50.0;Seine-Saint-Denis;11;Île-de-France
201900000421;138Â 305Â 753;B01;10.0;3;2.0;2.0;1954.0;3.0;8.0;0.0;;9.0;2;1.0;;0.0;10.0;1.0;1.0;3.0;18.0;1.0;;7;6;2019;11:42;1.0;93;93079;2;1.0;2.0;6.0;DIVISION LECLERC (AV);48,9494000;2,3422400;3;24;0.0;;2.0;0;0.0;1.0;0;0;1.0;;;2.0;9.0;8.0;30.0;Seine-Saint-Denis;11;Île-de-France
201900000422;138Â 305Â 751;A01;1.0;1;1.0;1.0;1971.0;1.0;1.0;0.0;;; -1;;;1.0;10.0;0.0;2.0;2.0;16.0;1.0;;4;6;2019;07:55;1.0;93;93031;2;3.0;1.0;3.0;SAINT LEU (ROUTE DE) 1 Ã  157;48,9503400;2,3405300;3;928;0.0;;2.0;2;1.0;1.0;1;0;1.0;;;1.0;0.0;1.0;50.0;Seine-Saint-Denis;11;Île-de-France
201900000422;138Â 305Â 752;B01;1.0;1;2.0;1.0;1975.0;1.0;2.0;0.0;;; -1;;;1.0;30.0;0.0;2.0;0.0;0.0;1.0;;4;6;2019;07:55;1.0;93;93031;2;3.0;1.0;3.0;SAINT LEU (ROUTE DE) 1 Ã  157;48,9503400;2,3405300;3;928;0.0;;2.0;2;1.0;1.0;1;0;1.0;;;1.0;0.0;1.0;50.0;Seine-Saint-Denis;11;Île-de-France
201900000423;138Â 305Â 749;B01;1.0;1;3.0;1.0;1949.0;0.0;1.0;0.0;;; -1;;;2.0;3.0;0.0;2.0;3.0;13.0;1.0;;18;6;2019;11:20;1.0;93;93029;2;1.0;1.0;1.0;REPUBLIQUE (DE LA) NÂ° 1-161;48,9224740;2,4405160;4;REPUBLIQUE (DE LA) NÂ° 1-161;0.0;;2.0;2;0.0;1.0;0;0;1.0;;;1.0;0.0;1.0;50.0;Seine-Saint-Denis;11;Île-de-France
201900000423;138Â 305Â 750;A01;1.0;1;2.0;2.0;1937.0;5.0;1.0;0.0;;; -1;;;1.0;7.0;1.0;0.0;3.0;13.0;1.0;;18;6;2019;11:20;1.0;93;93029;2;1.0;1.0;1.0;REPUBLIQUE (DE LA) NÂ° 1-161;48,9224740;2,4405160;4;REPUBLIQUE (DE LA) NÂ° 1-161;0.0;;2.0;2;0.0;1.0;0;0;1.0;;;1.0;0.0;1.0;50.0;Seine-Saint-Denis;11;Île-de-France
201900000424;138Â 305Â 745;A01;1.0;1;1.0;1.0;1971.0;1.0;1.0;8.0;;; -1;;;1.0;7.0;14.0;0.0;1.0;9.0;1.0;;4;6;2019;17:55;1.0;93;93029;2;1.0;8.0;4.0;JEAN JAURES (AVENUE) NÂ°;48,9140600;2,4616600;3;30;0.0;;2.0;2;0.0;1.0;0;0;1.0;;;2.0;0.0;1.0;50.0;Seine-Saint-Denis;11;Île-de-France
201900000424;138Â 305Â 746;B01;1.0;1;1.0;2.0;1968.0;5.0;1.0;8.0;;; -1;;;1.0;7.0;14.0;0.0;4.0;23.0;1.0;;4;6;2019;17:55;1.0;93;93029;2;1.0;8.0;4.0;JEAN JAURES (AVENUE) NÂ°;48,9140600;2,4616600;3;30;0.0;;2.0;2;0.0;1.0;0;0;1.0;;;2.0;0.0;1.0;50.0;Seine-Saint-Denis;11;Île-de-France
201900000424;138Â 305Â 747;C01;1.0;1;1.0;1.0;1969.0;5.0;1.0;8.0;;; -1;;;1.0;7.0;0.0;1.0;4.0;23.0;1.0;;4;6;2019;17:55;1.0;93;93029;2;1.0;8.0;4.0;JEAN JAURES (AVENUE) NÂ°;48,9140600;2,4616600;3;30;0.0;;2.0;2;0.0;1.0;0;0;1.0;;;2.0;0.0;1.0;50.0;Seine-Saint-Denis;11;Île-de-France
201900000424;138Â 305Â 747;C01;4.0;2;2.0;2.0;1974.0;5.0;1.0;8.0;;; -1;;;1.0;7.0;0.0;1.0;4.0;23.0;1.0;;4;6;2019;17:55;1.0;93;93029;2;1.0;8.0;4.0;JEAN JAURES (AVENUE) NÂ°;48,9140600;2,4616600;3;30;0.0;;2.0;2;0.0;1.0;0;0;1.0;;;2.0;0.0;1.0;50.0;Seine-Saint-Denis;11;Île-de-France
201900000425;138Â 305Â 744;A01;1.0;1;1.0;2.0;1974.0;5.0;1.0;0.0;;; -1;;;2.0;7.0;0.0;1.0;1.0;1.0;1.0;;4;6;2019;18:22;1.0;93;93029;2;1.0;3.0;6.0;ANATOLE FRANCE;48,9309800;2,4552800;4;ANATOLE FRANCE;0.0;;2.0;2;0.0;1.0;0;0;3.0;;;2.0;0.0;1.0;50.0;Seine-Saint-Denis;11;Île-de-France
201900000425;138Â 305Â 744;A01;10.0;3;2.0;2.0;1970.0;3.0;8.0;0.0;;2.0;3;1.0;;2.0;7.0;0.0;1.0;1.0;1.0;1.0;;4;6;2019;18:22;1.0;93;93029;2;1.0;3.0;6.0;ANATOLE FRANCE;48,9309800;2,4552800;4;ANATOLE FRANCE;0.0;;2.0;2;0.0;1.0;0;0;3.0;;;2.0;0.0;1.0;50.0;Seine-Saint-Denis;11;Île-de-France
201900000426;138Â 305Â 742;A01;1.0;1;1.0;1.0;1988.0;0.0;1.0;0.0;;; -1;;;1.0;7.0;0.0;2.0;1.0;19.0;1.0;;4;6;2019;09:40;1.0;93;93029;2;3.0;2.0;3.0;MARAT;48,9197300;2,4333300;4;LOUISE MICHEL NÂ° 70-FIN;0.0;;1.0;1;0.0;1.0;0;0;1.0;;;2.0;0.0;1.0;50.0;Seine-Saint-Denis;11;Île-de-France
201900000426;138Â 305Â 743;B01;1.0;1;2.0;1.0;1966.0;0.0;1.0;0.0;;; -1;;;2.0;7.0;0.0;2.0;2.0;2.0;1.0;;4;6;2019;09:40;1.0;93;93029;2;3.0;2.0;3.0;MARAT;48,9197300;2,4333300;4;LOUISE MICHEL NÂ° 70-FIN;0.0;;1.0;1;0.0;1.0;0;0;1.0;;;2.0;0.0;1.0;50.0;Seine-Saint-Denis;11;Île-de-France
201900000427;138Â 305Â 739;A01;1.0;1;1.0;1.0;1999.0;0.0;8.0;0.0;;; -1;;;2.0;7.0;0.0;2.0;2.0;1.0;1.0;;31;5;2019;15:30;1.0;93;93029;2;2.0;1.0;5.0;MARTYRS DE CHATEAUBRIANT (AV. DES);48,9168600;2,4702300;4;MARTYRS DE CHATEAUBRIANT (AV. DES);0.0;;2.0;1;0.0;1.0;0;0;1.0;;;1.0;0.0;1.0;50.0;Seine-Saint-Denis;11;Île-de-France
201900000427;138Â 305Â 740;C01;1.0;1;1.0;1.0;1973.0;0.0;1.0;0.0;;; -1;;;1.0;20.0;0.0;2.0;3.0;1.0;1.0;;31;5;2019;15:30;1.0;93;93029;2;2.0;1.0;5.0;MARTYRS DE CHATEAUBRIANT (AV. DES);48,9168600;2,4702300;4;MARTYRS DE CHATEAUBRIANT (AV. DES);0.0;;2.0;1;0.0;1.0;0;0;1.0;;;1.0;0.0;1.0;50.0;Seine-Saint-Denis;11;Île-de-France
201900000427;138Â 305Â 741;B01;1.0;1;2.0;1.0;1983.0;1.0;2.0;6.0;;; -1;;;2.0;33.0;0.0;2.0;1.0;16.0;1.0;;31;5;2019;15:30;1.0;93;93029;2;2.0;1.0;5.0;MARTYRS DE CHATEAUBRIANT (AV. DES);48,9168600;2,4702300;4;MARTYRS DE CHATEAUBRIANT (AV. DES);0.0;;2.0;1;0.0;1.0;0;0;1.0;;;1.0;0.0;1.0;50.0;Seine-Saint-Denis;11;Île-de-France
201900000428;138Â 305Â 738;A01;10.0;3;2.0;2.0;2006.0;0.0;8.0;0.0;;1.0;3;1.0;;1.0;7.0;1.0;1.0;2.0;17.0;1.0;;1;6;2019;14:20;1.0;93;93029;2;1.0;1.0;6.0;ROGER SALENGRO NÂ° 94 - FIN;48,9136700;2,4362400;4;ROGER SALENGRO NÂ° 94 - FIN;0.0;;2.0;2;0.0;1.0;0;0;1.0;;;1.0;0.0;1.0;50.0;Seine-Saint-Denis;11;Île-de-France
201900000428;138Â 305Â 738;A01;1.0;1;1.0;1.0;1985.0;5.0;1.0;8.0;;0.0;0;;;1.0;7.0;1.0;1.0;2.0;17.0;1.0;;1;6;2019;14:20;1.0;93;93029;2;1.0;1.0;6.0;ROGER SALENGRO NÂ° 94 - FIN;48,9136700;2,4362400;4;ROGER SALENGRO NÂ° 94 - FIN;0.0;;2.0;2;0.0;1.0;0;0;1.0;;;1.0;0.0;1.0;50.0;Seine-Saint-Denis;11;Île-de-France
201900000429;138Â 305Â 736;A01;1.0;1;1.0;1.0;1973.0;4.0;1.0;0.0;;; -1;;;2.0;7.0;0.0;0.0;8.0;16.0;1.0;;17;6;2019;15:20;1.0;93;93013;2;2.0;1.0;6.0;LECLERC (AVENU DE LA DIVISION);48,9376300;2,4283800;3;932;0.0;;3.0;4;0.0;1.0;0;0;1.0;;;1.0;0.0;1.0;50.0;Seine-Saint-Denis;11;Île-de-France
201900000429;138Â 305Â 737;B01;1.0;1;2.0;1.0;1965.0;0.0;2.0;0.0;;; -1;;;2.0;42.0;0.0;0.0;7.0;3.0;1.0;;17;6;2019;15:20;1.0;93;93013;2;2.0;1.0;6.0;LECLERC (AVENU DE LA DIVISION);48,9376300;2,4283800;3;932;0.0;;3.0;4;0.0;1.0;0;0;1.0;;;1.0;0.0;1.0;50.0;Seine-Saint-Denis;11;Île-de-France
201900000430;138Â 305Â 734;A01;1.0;1;1.0;2.0;1999.0;5.0;1.0;0.0;;; -1;;;1.0;7.0;1.0;0.0;2.0;17.0;1.0;;15;6;2019;22:40;5.0;93;93013;2;9.0;1.0;1.0;VAILLANT (RUE EDOUARD);48,9369200;2,4315000;4;VAILLANT (RUE EDOUARD);0.0;;2.0;2;1.0;1.0;0;0;1.0;;;1.0;9.0;1.0;50.0;Seine-Saint-Denis;11;Île-de-France
201900000430;138Â 305Â 735;B01;1.0;1;2.0;1.0;1991.0;5.0;2.0;6.0;;; -1;;;2.0;33.0;0.0;2.0;1.0;21.0;1.0;;15;6;2019;22:40;5.0;93;93013;2;9.0;1.0;1.0;VAILLANT (RUE EDOUARD);48,9369200;2,4315000;4;VAILLANT (RUE EDOUARD);0.0;;2.0;2;1.0;1.0;0;0;1.0;;;1.0;9.0;1.0;50.0;Seine-Saint-Denis;11;Île-de-France
201900000431;138Â 305Â 733;A01;10.0;3;2.0;1.0;2012.0;0.0;8.0;0.0;;4.0;3;2.0;;2.0;10.0;6.0;2.0;1.0;26.0;0.0;;15;6;2019;16:45;1.0;93;93027;2;1.0;1.0;6.0;CONVENTION (RUE DE LA);48,9275900;2,3920100;3;986;0.0;;3.0;4;0.0;1.0;0;1;1.0;;;1.0;0.0;1.0;50.0;Seine-Saint-Denis;11;Île-de-France