Num_Acc;id_vehicule;num_veh;place;catu;grav;sexe;an_nais;trajet;secu1;secu2;secu3;locp;actp;etatp;id_usager;senc;catv;obs;obsm;choc;manv;motor;occutc;jour;mois;an;hrmn;lum;dep;com;agg;int;atm;col;adr;lat;long;catr;voie;v1;v2;circ;nbv;vosp;prof;pr;pr1;plan;lartpc;larrout;surf;infra;situ;vma;nom_departement;reg;nom_region
201900000431;138Â 305Â 733;A01;1.0;1;1.0;1.0;1971.0;0.0;1.0;0.0;;0.0;0;;;2.0;10.0;6.0;2.0;1.0;26.0;0.0;;15;6;2019;16:45;1.0;93;93027;2;1.0;1.0;6.0;CONVENTION (RUE DE LA);48,9275900;2,3920100;3;986;0.0;;3.0;4;0.0;1.0;0;1;1.0;;;1.0;0.0;1.0;50.0;Seine-Saint-Denis;11;Île-de-France
201900000432;138Â 305Â 732;A01;2.0;2;2.0;1.0;2001.0;0.0;1.0;0.0;;; -1;;;3.0;10.0;4.0;0.0;9.0;12.0;0.0;;13;6;2019;20:30;1.0;93;93030;2;1.0;1.0;6.0;HUIT-MAI-1945 (AVENUE DU);48,9486900;2,4382200;3;917;0.0;;3.0;5;0.0;1.0;0;0;2.0;;;1.0;0.0;1.0;50.0;Seine-Saint-Denis;11;Île-de-France
201900000432;138Â 305Â 732;A01;1.0;1;1.0;2.0;1998.0;5.0;1.0;0.0;;; -1;;;3.0;10.0;4.0;0.0;9.0;12.0;0.0;;13;6;2019;20:30;1.0;93;93030;2;1.0;1.0;6.0;HUIT-MAI-1945 (AVENUE DU);48,9486900;2,4382200;3;917;0.0;;3.0;5;0.0;1.0;0;0;2.0;;;1.0;0.0;1.0;50.0;Seine-Saint-Denis;11;Île-de-France
201900000433;138Â 305Â 731;A01;10.0;3;2.0;1.0;2009.0;5.0;8.0;0.0;;2.0;3;1.0;;3.0;7.0;0.0;1.0;1.0;17.0;1.0;;12;6;2019;17:30;1.0;93;93027;2;1.0;2.0;6.0;HUGO (AVENUE VICTOR);48,9253886;2,3911141;4;HUGO (AVENUE VICTOR);0.0;;2.0;2;0.0;1.0;0;0;1.0;;;2.0;0.0;1.0;50.0;Seine-Saint-Denis;11;Île-de-France
201900000433;138Â 305Â 731;A01;1.0;1;1.0;1.0;1970.0;5.0;1.0;0.0;;0.0;0;;;3.0;7.0;0.0;1.0;1.0;17.0;1.0;;12;6;2019;17:30;1.0;93;93027;2;1.0;2.0;6.0;HUGO (AVENUE VICTOR);48,9253886;2,3911141;4;HUGO (AVENUE VICTOR);0.0;;2.0;2;0.0;1.0;0;0;1.0;;;2.0;0.0;1.0;50.0;Seine-Saint-Denis;11;Île-de-France
201900000434;138Â 305Â 730;A01;10.0;3;2.0;2.0;2007.0;9.0;8.0;0.0;;2.0;3;1.0;;2.0;7.0;0.0;0.0;1.0;1.0;1.0;;12;6;2019;10:51;1.0;93;93027;2;1.0;1.0;6.0;FERRY (RUE JULES);48,9266000;2,3926390;4;FERRY (RUE JULES);0.0;;2.0;2;0.0;1.0;0;0;1.0;;;1.0;0.0;1.0;50.0;Seine-Saint-Denis;11;Île-de-France
201900000434;138Â 305Â 730;A01;1.0;1;1.0;1.0;1977.0;4.0;1.0;0.0;;0.0;0;;;2.0;7.0;0.0;0.0;1.0;1.0;1.0;;12;6;2019;10:51;1.0;93;93027;2;1.0;1.0;6.0;FERRY (RUE JULES);48,9266000;2,3926390;4;FERRY (RUE JULES);0.0;;2.0;2;0.0;1.0;0;0;1.0;;;1.0;0.0;1.0;50.0;Seine-Saint-Denis;11;Île-de-France
201900000435;138Â 305Â 728;A01;2.0;2;1.0;2.0;1995.0;5.0;1.0;0.0;;; -1;;;1.0;7.0;0.0;2.0;1.0;15.0;1.0;;8;6;2019;15:00;1.0;93;93027;2;2.0;1.0;3.0;VAILLANT-COUTURIER (AVENUE PAUL);48,9181000;2,4078100;3;932;0.0;;2.0;4;0.0;1.0;0;0;1.0;;;1.0;0.0;1.0;50.0;Seine-Saint-Denis;11;Île-de-France
201900000435;138Â 305Â 728;A01;1.0;1;1.0;1.0;1975.0;5.0;1.0;0.0;;; -1;;;1.0;7.0;0.0;2.0;1.0;15.0;1.0;;8;6;2019;15:00;1.0;93;93027;2;2.0;1.0;3.0;VAILLANT-COUTURIER (AVENUE PAUL);48,9181000;2,4078100;3;932;0.0;;2.0;4;0.0;1.0;0;0;1.0;;;1.0;0.0;1.0;50.0;Seine-Saint-Denis;11;Île-de-France
201900000435;138Â 305Â 729;B01;2.0;2;3.0;2.0;1991.0;0.0;2.0;0.0;;; -1;;;2.0;34.0;0.0;2.0;1.0;2.0;1.0;;8;6;2019;15:00;1.0;93;93027;2;2.0;1.0;3.0;VAILLANT-COUTURIER (AVENUE PAUL);48,9181000;2,4078100;3;932;0.0;;2.0;4;0.0;1.0;0;0;1.0;;;1.0;0.0;1.0;50.0;Seine-Saint-Denis;11;Île-de-France
201900000435;138Â 305Â 729;B01;1.0;1;3.0;1.0;1990.0;5.0;2.0;0.0;;; -1;;;2.0;34.0;0.0;2.0;1.0;2.0;1.0;;8;6;2019;15:00;1.0;93;93027;2;2.0;1.0;3.0;VAILLANT-COUTURIER (AVENUE PAUL);48,9181000;2,4078100;3;932;0.0;;2.0;4;0.0;1.0;0;0;1.0;;;1.0;0.0;1.0;50.0;Seine-Saint-Denis;11;Île-de-France
201900000436;138Â 305Â 726;A01;1.0;1;1.0;1.0;1993.0;0.0;1.0;0.0;;; -1;;;2.0;3.0;0.0;2.0;3.0;1.0;1.0;;7;6;2019;14:00;1.0;93;93027;2;3.0;1.0;3.0;BERRI (RUE DU);48,9194800;2,4048500;7;BERRI (RUE DU);0.0;;2.0;1;0.0;1.0;0;0;1.0;;;1.0;0.0;1.0;50.0;Seine-Saint-Denis;11;Île-de-France
201900000436;138Â 305Â 727;B01;1.0;1;2.0;1.0;1995.0;4.0;1.0;0.0;;; -1;;;2.0;10.0;0.0;2.0;2.0;15.0;1.0;;7;6;2019;14:00;1.0;93;93027;2;3.0;1.0;3.0;BERRI (RUE DU);48,9194800;2,4048500;7;BERRI (RUE DU);0.0;;2.0;1;0.0;1.0;0;0;1.0;;;1.0;0.0;1.0;50.0;Seine-Saint-Denis;11;Île-de-France
201900000437;138Â 305Â 724;A01;1.0;1;1.0;1.0;1964.0;0.0;1.0;0.0;;; -1;;;0.0;99.0;0.0;2.0;2.0;15.0;1.0;;15;6;2019;18:30;1.0;93;93047;2;3.0;1.0;3.0;JEAN JAURES (AVENUE);48,8978300;2,5608500;3;117;0.0;;2.0;2;2.0;1.0;12;0;1.0;;;1.0;0.0;1.0;50.0;Seine-Saint-Denis;11;Île-de-France
201900000437;138Â 305Â 725;B01;1.0;1;2.0;1.0;1989.0;0.0;2.0;0.0;;; -1;;;2.0;2.0;0.0;2.0;1.0;0.0;1.0;;15;6;2019;18:30;1.0;93;93047;2;3.0;1.0;3.0;JEAN JAURES (AVENUE);48,8978300;2,5608500;3;117;0.0;;2.0;2;2.0;1.0;12;0;1.0;;;1.0;0.0;1.0;50.0;Seine-Saint-Denis;11;Île-de-France
201900000438;138Â 305Â 723;B01;1.0;1;2.0;1.0;2001.0;0.0;2.0;8.0;;; -1;;;2.0;2.0;0.0;2.0;1.0;18.0;1.0;;13;6;2019;21:50;1.0;93;93047;2;1.0;1.0;3.0;EUROPE (BOULEVARD DE L');48,8952910;2,5706620;4;EUROPE (BOULEVARD DE L');0.0;;2.0;2;0.0;2.0;0;0;1.0;;;1.0;0.0;1.0;30.0;Seine-Saint-Denis;11;Île-de-France
201900000439;138Â 305Â 720;B01;1.0;1;2.0;1.0;2001.0;1.0;2.0;8.0;;; -1;;;1.0;32.0;0.0;2.0;1.0;1.0;0.0;;10;6;2019;20:40;1.0;93;93047;2;3.0;1.0;1.0;COUBRON  (VIEUX CHEMIN DE);48,9051000;2,5767000;4;COUBRON  (VIEUX CHEMIN DE);0.0;;2.0;2;0.0;2.0;0;0;1.0;;;1.0;0.0;1.0;30.0;Seine-Saint-Denis;11;Île-de-France
201900000439;138Â 305Â 721;A01;1.0;1;1.0;2.0;1996.0;5.0;1.0;8.0;;; -1;;;1.0;3.0;0.0;2.0;1.0;26.0;0.0;;10;6;2019;20:40;1.0;93;93047;2;3.0;1.0;1.0;COUBRON  (VIEUX CHEMIN DE);48,9051000;2,5767000;4;COUBRON  (VIEUX CHEMIN DE);0.0;;2.0;2;0.0;2.0;0;0;1.0;;;1.0;0.0;1.0;30.0;Seine-Saint-Denis;11;Île-de-France
201900000440;138Â 305Â 718;A01;1.0;1;1.0;1.0;1978.0;0.0;1.0;0.0;;; -1;;;3.0;7.0;1.0;0.0;2.0;24.0;1.0;;7;6;2019;15:10;1.0;93;93047;2;1.0;1.0;1.0;VAUQUELIN   (AVENUE);48,9076230;2,5852800;4;VAUQUELIN   (AVENUE);0.0;;2.0;2;0.0;1.0;0;0;1.0;;;1.0;0.0;1.0;50.0;Seine-Saint-Denis;11;Île-de-France
201900000440;138Â 305Â 719;B01;1.0;1;3.0;1.0;1945.0;5.0;8.0;0.0;;; -1;;;1.0;7.0;2.0;0.0;2.0;2.0;1.0;;7;6;2019;15:10;1.0;93;93047;2;1.0;1.0;1.0;VAUQUELIN   (AVENUE);48,9076230;2,5852800;4;VAUQUELIN   (AVENUE);0.0;;2.0;2;0.0;1.0;0;0;1.0;;;1.0;0.0;1.0;50.0;Seine-Saint-Denis;11;Île-de-France
201900000441;138Â 305Â 717;A01;1.0;1;1.0;1.0;1969.0;0.0;8.0;0.0;;0.0;0;;;3.0;0.0;0.0;1.0;6.0;1.0;0.0;;2;6;2019;23:05;5.0;93;93047;2;1.0;1.0;6.0;CALMETTE (RUE DU DR);48,9020000;2,5789500;4;CALMETTE (RUE DU DR);0.0;;;0;0.0;1.0;0;0;1.0;;;1.0;9.0;1.0;10.0;Seine-Saint-Denis;11;Île-de-France
201900000441;138Â 305Â 717;A01;10.0;3;2.0;2.0;1972.0;9.0;8.0;0.0;;9.0;1;1.0;;3.0;0.0;0.0;1.0;6.0;1.0;0.0;;2;6;2019;23:05;5.0;93;93047;2;1.0;1.0;6.0;CALMETTE (RUE DU DR);48,9020000;2,5789500;4;CALMETTE (RUE DU DR);0.0;;;0;0.0;1.0;0;0;1.0;;;1.0;9.0;1.0;10.0;Seine-Saint-Denis;11;Île-de-France
201900000442;138Â 305Â 715;B01;1.0;1;2.0;1.0;1997.0;1.0;1.0;0.0;;0.0;0;;;3.0;10.0;9.0;2.0;1.0;19.0;0.0;;1;6;2019;19:20;1.0;93;93047;2;2.0;1.0;3.0;GENERAL DE GAULLE (RUE DU);48,8993870;2,5595230;4;GENERAL DE GAULLE (RUE DU);0.0;;2.0;2;0.0;1.0;0;0;1.0;;;1.0;0.0;1.0;50.0;Seine-Saint-Denis;11;Île-de-France
201900000442;138Â 305Â 716;A01;1.0;1;2.0;2.0;1978.0;5.0;1.0;0.0;;; -1;;;3.0;10.0;0.0;2.0;2.0;1.0;0.0;;1;6;2019;19:20;1.0;93;93047;2;2.0;1.0;3.0;GENERAL DE GAULLE (RUE DU);48,8993870;2,5595230;4;GENERAL DE GAULLE (RUE DU);0.0;;2.0;2;0.0;1.0;0;0;1.0;;;1.0;0.0;1.0;50.0;Seine-Saint-Denis;11;Île-de-France
201900000442;138Â 305Â 716;A01;2.0;2;2.0;2.0;1952.0;5.0;1.0;0.0;;; -1;;;3.0;10.0;0.0;2.0;2.0;1.0;0.0;;1;6;2019;19:20;1.0;93;93047;2;2.0;1.0;3.0;GENERAL DE GAULLE (RUE DU);48,8993870;2,5595230;4;GENERAL DE GAULLE (RUE DU);0.0;;2.0;2;0.0;1.0;0;0;1.0;;;1.0;0.0;1.0;50.0;Seine-Saint-Denis;11;Île-de-France
201900000442;138Â 305Â 716;A01;4.0;2;2.0;2.0;2015.0;5.0;1.0;0.0;;; -1;;;3.0;10.0;0.0;2.0;2.0;1.0;0.0;;1;6;2019;19:20;1.0;93;93047;2;2.0;1.0;3.0;GENERAL DE GAULLE (RUE DU);48,8993870;2,5595230;4;GENERAL DE GAULLE (RUE DU);0.0;;2.0;2;0.0;1.0;0;0;1.0;;;1.0;0.0;1.0;50.0;Seine-Saint-Denis;11;Île-de-France
201900000443;138Â 305Â 713;A01;1.0;1;1.0;1.0;1968.0;1.0;1.0;0.0;;; -1;;;1.0;7.0;0.0;2.0;5.0;2.0;1.0;;18;6;2019;19:15;1.0;93;93057;2;1.0;1.0;3.0;CASANOVA (AL. DANIELLE) 1 A 98;48,9078200;2,4945900;3;117;0.0;;2.0;2;0.0;1.0;0;0;3.0;;;1.0;0.0;1.0;50.0;Seine-Saint-Denis;11;Île-de-France
201900000443;138Â 305Â 713;A01;2.0;2;1.0;1.0;1977.0;9.0;1.0;0.0;;; -1;;;1.0;7.0;0.0;2.0;5.0;2.0;1.0;;18;6;2019;19:15;1.0;93;93057;2;1.0;1.0;3.0;CASANOVA (AL. DANIELLE) 1 A 98;48,9078200;2,4945900;3;117;0.0;;2.0;2;0.0;1.0;0;0;3.0;;;1.0;0.0;1.0;50.0;Seine-Saint-Denis;11;Île-de-France
201900000443;138Â 305Â 714;B01;2.0;1;2.0;1.0;1961.0;9.0;2.0;0.0;;; -1;;;1.0;1.0;0.0;2.0;8.0;2.0;5.0;;18;6;2019;19:15;1.0;93;93057;2;1.0;1.0;3.0;CASANOVA (AL. DANIELLE) 1 A 98;48,9078200;2,4945900;3;117;0.0;;2.0;2;0.0;1.0;0;0;3.0;;;1.0;0.0;1.0;50.0;Seine-Saint-Denis;11;Île-de-France
201900000444;138Â 305Â 711;A01;1.0;1;1.0;1.0;1984.0;9.0;1.0;0.0;;; -1;;;3.0;7.0;0.0;2.0;7.0;9.0;0.0;;18;6;2019;19:30;1.0;93;93057;2;9.0;1.0;3.0;JAURES (AV. JEAN) 1 A 123;48,9056100;2,5012400;3;117;0.0;;2.0;2;0.0;1.0;0;0;1.0;;;1.0;0.0;1.0;50.0;Seine-Saint-Denis;11;Île-de-France
201900000444;138Â 305Â 712;B01;1.0;1;2.0;1.0;1996.0;9.0;2.0;6.0;;; -1;;;3.0;32.0;0.0;2.0;3.0;1.0;0.0;;18;6;2019;19:30;1.0;93;93057;2;9.0;1.0;3.0;JAURES (AV. JEAN) 1 A 123;48,9056100;2,5012400;3;117;0.0;;2.0;2;0.0;1.0;0;0;1.0;;;1.0;0.0;1.0;50.0;Seine-Saint-Denis;11;Île-de-France
201900000445;138Â 305Â 710;A01;10.0;3;2.0;1.0;2010.0;5.0;8.0;0.0;;1.0;3;1.0;;0.0;7.0;0.0;1.0;1.0;1.0;1.0;;15;6;2019;15:50;1.0;93;93010;2;1.0;1.0;6.0;RENONCULES (AL. DES);48,9032200;2,4860200;4;RENONCULES (AL. DES);0.0;;2.0;2;0.0;1.0;0;0;1.0;;;1.0;0.0;1.0;30.0;Seine-Saint-Denis;11;Île-de-France
201900000446;138Â 305Â 708;B01;1.0;1;1.0;1.0;1976.0;1.0;1.0;8.0;;0.0;0;;;1.0;10.0;0.0;2.0;4.0;0.0;0.0;;14;6;2019;10:15;1.0;93;93010;2;1.0;1.0;1.0;QUATORZE-JUILLET (AV. DU);48,9096982;2,4910051;3;78;0.0;;4.0;2;0.0;1.0;0;0;1.0;;;1.0;0.0;1.0;30.0;Seine-Saint-Denis;11;Île-de-France
201900000446;138Â 305Â 709;A01;1.0;1;2.0;2.0;1972.0;9.0;1.0;8.0;;0.0;0;;;1.0;7.0;0.0;2.0;1.0;26.0;0.0;;14;6;2019;10:15;1.0;93;93010;2;1.0;1.0;1.0;QUATORZE-JUILLET (AV. DU);48,9096982;2,4910051;3;78;0.0;;4.0;2;0.0;1.0;0;0;1.0;;;1.0;0.0;1.0;30.0;Seine-Saint-Denis;11;Île-de-France
201900000447;138Â 305Â 706;A01;1.0;1;1.0;1.0;1975.0;0.0;1.0;8.0;;; -1;;;0.0;7.0;0.0;2.0;2.0;15.0;6.0;;12;6;2019;18:30;1.0;93;93057;2;9.0;2.0;3.0;BARBUSSE ( AL. HENRI);48,9033820;2,5096620;7;BARBUSSE ( AL. HENRI);0.0;;1.0;2;0.0;1.0;0;0;1.0;;;2.0;0.0;1.0;30.0;Seine-Saint-Denis;11;Île-de-France
201900000447;138Â 305Â 707;B01;1.0;1;3.0;2.0;1999.0;0.0;1.0;0.0;;; -1;;;0.0;7.0;0.0;2.0;6.0;26.0;0.0;;12;6;2019;18:30;1.0;93;93057;2;9.0;2.0;3.0;BARBUSSE ( AL. HENRI);48,9033820;2,5096620;7;BARBUSSE ( AL. HENRI);0.0;;1.0;2;0.0;1.0;0;0;1.0;;;2.0;0.0;1.0;30.0;Seine-Saint-Denis;11;Île-de-France
201900000448;138Â 305Â 704;B01;2.0;2;3.0;1.0;1976.0;0.0;8.0;0.0;;; -1;;;1.0;7.0;0.0;2.0;6.0;24.0;1.0;;9;6;2019;06:30;2.0;93;93057;2;1.0;1.0;3.0;BRIAND ( AV. ARISTIDE) 238 A 308;48,9110000;2,5186000;3;933;0.0;;3.0;4;0.0;1.0;0;1;1.0;;;1.0;0.0;4.0;50.0;Seine-Saint-Denis;11;Île-de-France
201900000448;138Â 305Â 704;B01;1.0;1;3.0;1.0;1990.0;5.0;8.0;0.0;;; -1;;;1.0;7.0;0.0;2.0;6.0;24.0;1.0;;9;6;2019;06:30;2.0;93;93057;2;1.0;1.0;3.0;BRIAND ( AV. ARISTIDE) 238 A 308;48,9110000;2,5186000;3;933;0.0;;3.0;4;0.0;1.0;0;1;1.0;;;1.0;0.0;4.0;50.0;Seine-Saint-Denis;11;Île-de-France
201900000448;138Â 305Â 705;A01;1.0;1;3.0;2.0;1990.0;5.0;1.0;0.0;;; -1;;;1.0;7.0;1.0;0.0;2.0;1.0;1.0;;9;6;2019;06:30;2.0;93;93057;2;1.0;1.0;3.0;BRIAND ( AV. ARISTIDE) 238 A 308;48,9110000;2,5186000;3;933;0.0;;3.0;4;0.0;1.0;0;1;1.0;;;1.0;0.0;4.0;50.0;Seine-Saint-Denis;11;Île-de-France
201900000449;138Â 305Â 702;A01;1.0;1;2.0;2.0;1994.0;0.0;8.0;5.0;;; -1;;;2.0;7.0;1.0;0.0;1.0;1.0;0.0;;6;6;2019;21:30;2.0;93;93010;2;1.0;1.0;1.0;GALLIENI (AV.) DE 111 A 175;48,9066700;2,4854200;3;933;0.0;;1.0;3;0.0;1.0;0;0;1.0;;;1.0;0.0;1.0;50.0;Seine-Saint-Denis;11;Île-de-France
201900000450;138Â 305Â 700;B01;1.0;1;3.0;1.0;1999.0;9.0;8.0;0.0;;; -1;;;2.0;3.0;0.0;2.0;8.0;1.0;6.0;;6;6;2019;03:56;5.0;93;93010;2;3.0;1.0;3.0;GALLIENI (AV.) DE 111 A 175;48,9060600;2,4803600;3;933;0.0;;;6;0.0;1.0;0;0;1.0;;;2.0;2.0;1.0;50.0;Seine-Saint-Denis;11;Île-de-France
201900000450;138Â 305Â 700;B01;3.0;2;3.0;1.0;2002.0;9.0;8.0;0.0;;; -1;;;2.0;3.0;0.0;2.0;8.0;1.0;6.0;;6;6;2019;03:56;5.0;93;93010;2;3.0;1.0;3.0;GALLIENI (AV.) DE 111 A 175;48,9060600;2,4803600;3;933;0.0;;;6;0.0;1.0;0;0;1.0;;;2.0;2.0;1.0;50.0;Seine-Saint-Denis;11;Île-de-France
201900000450;138Â 305Â 700;B01;4.0;2;3.0;1.0;1999.0;9.0;8.0;0.0;;; -1;;;2.0;3.0;0.0;2.0;8.0;1.0;6.0;;6;6;2019;03:56;5.0;93;93010;2;3.0;1.0;3.0;GALLIENI (AV.) DE 111 A 175;48,9060600;2,4803600;3;933;0.0;;;6;0.0;1.0;0;0;1.0;;;2.0;2.0;1.0;50.0;Seine-Saint-Denis;11;Île-de-France
201900000450;138Â 305Â 700;B01;2.0;2;3.0;1.0;1999.0;9.0;8.0;0.0;;; -1;;;2.0;3.0;0.0;2.0;8.0;1.0;6.0;;6;6;2019;03:56;5.0;93;93010;2;3.0;1.0;3.0;GALLIENI (AV.) DE 111 A 175;48,9060600;2,4803600;3;933;0.0;;;6;0.0;1.0;0;0;1.0;;;2.0;2.0;1.0;50.0;Seine-Saint-Denis;11;Île-de-France
201900000450;138Â 305Â 700;B01;5.0;2;3.0;2.0;2001.0;9.0;8.0;0.0;;; -1;;;2.0;3.0;0.0;2.0;8.0;1.0;6.0;;6;6;2019;03:56;5.0;93;93010;2;3.0;1.0;3.0;GALLIENI (AV.) DE 111 A 175;48,9060600;2,4803600;3;933;0.0;;;6;0.0;1.0;0;0;1.0;;;2.0;2.0;1.0;50.0;Seine-Saint-Denis;11;Île-de-France
201900000450;138Â 305Â 701;A01;3.0;2;1.0;1.0;2000.0;9.0;1.0;8.0;;; -1;;;1.0;3.0;0.0;2.0;1.0;15.0;6.0;;6;6;2019;03:56;5.0;93;93010;2;3.0;1.0;3.0;GALLIENI (AV.) DE 111 A 175;48,9060600;2,4803600;3;933;0.0;;;6;0.0;1.0;0;0;1.0;;;2.0;2.0;1.0;50.0;Seine-Saint-Denis;11;Île-de-France
201900000450;138Â 305Â 701;A01;1.0;1;1.0;1.0;2000.0;9.0;1.0;8.0;;; -1;;;1.0;3.0;0.0;2.0;1.0;15.0;6.0;;6;6;2019;03:56;5.0;93;93010;2;3.0;1.0;3.0;GALLIENI (AV.) DE 111 A 175;48,9060600;2,4803600;3;933;0.0;;;6;0.0;1.0;0;0;1.0;;;2.0;2.0;1.0;50.0;Seine-Saint-Denis;11;Île-de-France
201900000450;138Â 305Â 701;A01;2.0;2;1.0;1.0;2000.0;9.0;1.0;8.0;;; -1;;;1.0;3.0;0.0;2.0;1.0;15.0;6.0;;6;6;2019;03:56;5.0;93;93010;2;3.0;1.0;3.0;GALLIENI (AV.) DE 111 A 175;48,9060600;2,4803600;3;933;0.0;;;6;0.0;1.0;0;0;1.0;;;2.0;2.0;1.0;50.0;Seine-Saint-Denis;11;Île-de-France
201900000451;138Â 305Â 698;A01;1.0;1;2.0;1.0;1996.0;4.0;1.0;0.0;;; -1;;;2.0;7.0;0.0;2.0;6.0;1.0;1.0;;3;6;2019;10:40;1.0;93;93010;2;1.0;2.0;3.0;GALLIENI (AV.) DE 177 A 211;48,9075000;2,4907900;3;933;0.0;;1.0;3;0.0;1.0;0;0;1.0;;;2.0;0.0;1.0;50.0;Seine-Saint-Denis;11;Île-de-France
201900000451;138Â 305Â 698;A01;2.0;2;2.0;1.0;1993.0;4.0;1.0;0.0;;; -1;;;2.0;7.0;0.0;2.0;6.0;1.0;1.0;;3;6;2019;10:40;1.0;93;93010;2;1.0;2.0;3.0;GALLIENI (AV.) DE 177 A 211;48,9075000;2,4907900;3;933;0.0;;1.0;3;0.0;1.0;0;0;1.0;;;2.0;0.0;1.0;50.0;Seine-Saint-Denis;11;Île-de-France
201900000451;138Â 305Â 699;B01;1.0;1;1.0;1.0;1966.0;9.0;1.0;0.0;;; -1;;;2.0;7.0;0.0;2.0;2.0;12.0;1.0;;3;6;2019;10:40;1.0;93;93010;2;1.0;2.0;3.0;GALLIENI (AV.) DE 177 A 211;48,9075000;2,4907900;3;933;0.0;;1.0;3;0.0;1.0;0;0;1.0;;;2.0;0.0;1.0;50.0;Seine-Saint-Denis;11;Île-de-France
201900000452;138Â 305Â 696;B01;2.0;2;2.0;1.0;2002.0;5.0;8.0;0.0;;; -1;;;0.0;31.0;0.0;0.0;0.0;0.0;0.0;;2;6;2019;19:20;1.0;93;93010;2;1.0;1.0;1.0;BUISSON (AV. SUZANNE);48,9138210;2,4810090;4;BUISSON (AV. SUZANNE);0.0;;;2;0.0;1.0;0;0;1.0;;;1.0;0.0;1.0;30.0;Seine-Saint-Denis;11;Île-de-France
201900000452;138Â 305Â 697;A01;1.0;1;1.0;2.0;2000.0;5.0;1.0;0.0;;; -1;;;1.0;7.0;1.0;0.0;2.0;5.0;1.0;;2;6;2019;19:20;1.0;93;93010;2;1.0;1.0;1.0;BUISSON (AV. SUZANNE);48,9138210;2,4810090;4;BUISSON (AV. SUZANNE);0.0;;;2;0.0;1.0;0;0;1.0;;;1.0;0.0;1.0;30.0;Seine-Saint-Denis;11;Île-de-France
201900000453;138Â 305Â 695;A01;3.0;2;2.0;1.0;2011.0;5.0;8.0;0.0;;; -1;;;2.0;7.0;15.0;2.0;1.0;1.0;1.0;;16;6;2019;06:15;1.0;93;93008;2;1.0;1.0;6.0;VAILLANT COUTURIER (AVENUE PAUL);48,9096800;2,4477900;3;986;0.0;;2.0;4;0.0;1.0;0;1;1.0;;;1.0;0.0;4.0;50.0;Seine-Saint-Denis;11;Île-de-France
201900000453;138Â 305Â 695;A01;2.0;2;2.0;1.0;1989.0;5.0;8.0;5.0;;; -1;;;2.0;7.0;15.0;2.0;1.0;1.0;1.0;;16;6;2019;06:15;1.0;93;93008;2;1.0;1.0;6.0;VAILLANT COUTURIER (AVENUE PAUL);48,9096800;2,4477900;3;986;0.0;;2.0;4;0.0;1.0;0;1;1.0;;;1.0;0.0;4.0;50.0;Seine-Saint-Denis;11;Île-de-France
201900000453;138Â 305Â 695;A01;1.0;1;1.0;1.0;1977.0;5.0;8.0;5.0;;; -1;;;2.0;7.0;15.0;2.0;1.0;1.0;1.0;;16;6;2019;06:15;1.0;93;93008;2;1.0;1.0;6.0;VAILLANT COUTURIER (AVENUE PAUL);48,9096800;2,4477900;3;986;0.0;;2.0;4;0.0;1.0;0;1;1.0;;;1.0;0.0;4.0;50.0;Seine-Saint-Denis;11;Île-de-France
201900000453;138Â 305Â 695;A01;5.0;2;3.0;1.0;2000.0;5.0;8.0;0.0;;; -1;;;2.0;7.0;15.0;2.0;1.0;1.0;1.0;;16;6;2019;06:15;1.0;93;93008;2;1.0;1.0;6.0;VAILLANT COUTURIER (AVENUE PAUL);48,9096800;2,4477900;3;986;0.0;;2.0;4;0.0;1.0;0;1;1.0;;;1.0;0.0;4.0;50.0;Seine-Saint-Denis;11;Île-de-France
201900000454;138Â 305Â 693;A01;1.0;1;1.0;2.0;1996.0;0.0;1.0;0.0;;; -1;;;2.0;7.0;0.0;2.0;6.0;24.0;0.0;;15;6;2019;19:50;1.0;93;93008;2;6.0;1.0;2.0;PARIS (RUE DE);48,8955500;2,4257500;3;933;0.0;;;4;0.0;1.0;0;0;1.0;;;1.0;4.0;1.0;50.0;Seine-Saint-Denis;11;Île-de-France
201900000454;138Â 305Â 694;B01;1.0;1;2.0;1.0;1976.0;0.0;2.0;0.0;;; -1;;;2.0;32.0;0.0;2.0;1.0;1.0;1.0;;15;6;2019;19:50;1.0;93;93008;2;6.0;1.0;2.0;PARIS (RUE DE);48,8955500;2,4257500;3;933;0.0;;;4;0.0;1.0;0;0;1.0;;;1.0;4.0;1.0;50.0;Seine-Saint-Denis;11;Île-de-France
201900000455;138Â 305Â 691;B01;4.0;2;2.0;1.0;2010.0;5.0;1.0;0.0;;;0;;;0.0;7.0;0.0;2.0;1.0;1.0;0.0;;15;6;2019;22:07;5.0;93;93007;2;9.0;1.0;1.0;8 MAI 45 (AVENUE DU 1 AU 182);48,9505600;2,4402000;3;932;0.0;;3.0;4;3.0;1.0;2;578;1.0;;;1.0;0.0;1.0;50.0;Seine-Saint-Denis;11;Île-de-France
201900000455;138Â 305Â 691;B01;1.0;1;1.0;1.0;1958.0;5.0;1.0;0.0;;;0;;;0.0;7.0;0.0;2.0;1.0;1.0;0.0;;15;6;2019;22:07;5.0;93;93007;2;9.0;1.0;1.0;8 MAI 45 (AVENUE DU 1 AU 182);48,9505600;2,4402000;3;932;0.0;;3.0;4;3.0;1.0;2;578;1.0;;;1.0;0.0;1.0;50.0;Seine-Saint-Denis;11;Île-de-France