Num_Acc;id_vehicule;num_veh;place;catu;grav;sexe;an_nais;trajet;secu1;secu2;secu3;locp;actp;etatp;id_usager;senc;catv;obs;obsm;choc;manv;motor;occutc;jour;mois;an;hrmn;lum;dep;com;agg;int;atm;col;adr;lat;long;catr;voie;v1;v2;circ;nbv;vosp;prof;pr;pr1;plan;lartpc;larrout;surf;infra;situ;vma;nom_departement;reg;nom_region
201900000455;138Â 305Â 692;A01;1.0;1;1.0;1.0;1997.0;0.0;1.0;0.0;;; -1;;;0.0;7.0;0.0;2.0;8.0;16.0;0.0;;15;6;2019;22:07;5.0;93;93007;2;9.0;1.0;1.0;8 MAI 45 (AVENUE DU 1 AU 182);48,9505600;2,4402000;3;932;0.0;;3.0;4;3.0;1.0;2;578;1.0;;;1.0;0.0;1.0;50.0;Seine-Saint-Denis;11;Île-de-France
201900000456;138Â 305Â 689;A01;1.0;1;1.0;1.0;1992.0;5.0;1.0;0.0;;; -1;;;2.0;7.0;0.0;2.0;1.0;1.0;0.0;;15;6;2019;11:50;1.0;93;93007;2;3.0;1.0;3.0;DIDEROT;48,9450600;2,4353300;3;932;0.0;;2.0;6;2.0;1.0;0;0;1.0;;;1.0;0.0;1.0;10.0;Seine-Saint-Denis;11;Île-de-France
201900000456;138Â 305Â 690;B01;1.0;1;2.0;1.0;1984.0;1.0;2.0;8.0;;; -1;;;1.0;2.0;0.0;2.0;2.0;9.0;0.0;;15;6;2019;11:50;1.0;93;93007;2;3.0;1.0;3.0;DIDEROT;48,9450600;2,4353300;3;932;0.0;;2.0;6;2.0;1.0;0;0;1.0;;;1.0;0.0;1.0;10.0;Seine-Saint-Denis;11;Île-de-France
201900000457;138Â 305Â 687;A01;1.0;1;1.0;1.0;1986.0;4.0;1.0;0.0;;; -1;;;3.0;37.0;0.0;2.0;2.0;1.0;0.0;1.0;14;6;2019;15:20;1.0;93;93007;2;3.0;1.0;3.0;PLISSON (AVENUE);48,9429200;2,4403600;3;41;0.0;;2.0;2;0.0;1.0;8;147;1.0;;;1.0;0.0;1.0;50.0;Seine-Saint-Denis;11;Île-de-France
201900000457;138Â 305Â 688;B01;1.0;1;2.0;2.0;1982.0;4.0;1.0;0.0;;; -1;;;3.0;7.0;0.0;2.0;1.0;9.0;1.0;;14;6;2019;15:20;1.0;93;93007;2;3.0;1.0;3.0;PLISSON (AVENUE);48,9429200;2,4403600;3;41;0.0;;2.0;2;0.0;1.0;8;147;1.0;;;1.0;0.0;1.0;50.0;Seine-Saint-Denis;11;Île-de-France
201900000458;138Â 305Â 685;B01;1.0;1;2.0;2.0;1958.0;0.0;8.0;0.0;;; -1;;;1.0;7.0;0.0;2.0;4.0;23.0;0.0;;11;6;2019;16:05;1.0;93;93007;2;1.0;2.0;2.0;DE LA REPUBLIQUE (AVENUE);48,9350000;2,4750000;9;DE LA REPUBLIQUE (AVENUE);0.0;;2.0;3;0.0;1.0;1;258;1.0;;;2.0;0.0;1.0;50.0;Seine-Saint-Denis;11;Île-de-France
201900000458;138Â 305Â 686;A01;1.0;1;1.0;1.0;1994.0;4.0;8.0;0.0;;; -1;;;1.0;10.0;0.0;2.0;1.0;2.0;0.0;;11;6;2019;16:05;1.0;93;93007;2;1.0;2.0;2.0;DE LA REPUBLIQUE (AVENUE);48,9350000;2,4750000;9;DE LA REPUBLIQUE (AVENUE);0.0;;2.0;3;0.0;1.0;1;258;1.0;;;2.0;0.0;1.0;50.0;Seine-Saint-Denis;11;Île-de-France
201900000459;138Â 305Â 683;B01;1.0;1;2.0;2.0;1992.0;0.0;1.0;0.0;;; -1;;;3.0;7.0;0.0;2.0;3.0;0.0;1.0;;5;6;2019;22:40;5.0;93;93007;2;1.0;3.0;1.0;"""REPUBLIQUE (AVENUE DE LA """"COTE PAIRS""""";48,9352100;2,4697900;9;"""REPUBLIQUE (AVENUE DE LA """"COTE PAIRS""""";0.0;;2.0;2;0.0;1.0;0;0;1.0;;;2.0;0.0;1.0;50.0;Seine-Saint-Denis;11;Île-de-France
201900000459;138Â 305Â 684;A01;1.0;1;1.0;1.0;1981.0;0.0;8.0;0.0;;; -1;;;3.0;7.0;0.0;0.0;3.0;0.0;1.0;;5;6;2019;22:40;5.0;93;93007;2;1.0;3.0;1.0;"""REPUBLIQUE (AVENUE DE LA """"COTE PAIRS""""";48,9352100;2,4697900;9;"""REPUBLIQUE (AVENUE DE LA """"COTE PAIRS""""";0.0;;2.0;2;0.0;1.0;0;0;1.0;;;2.0;0.0;1.0;50.0;Seine-Saint-Denis;11;Île-de-France
201900000460;138Â 305Â 682;A01;10.0;3;2.0;2.0;1955.0;0.0;8.0;0.0;;4.0;3;1.0;;2.0;7.0;0.0;1.0;3.0;26.0;1.0;;1;6;2019;11:00;1.0;93;93007;2;6.0;7.0;6.0;"""DESCARTES (AVENUE """"DU 43AU 180"""")Z2""";48,9500500;2,4661500;3;932;0.0;;3.0;4;0.0;1.0;1;123;1.0;;;1.0;0.0;1.0;50.0;Seine-Saint-Denis;11;Île-de-France
201900000460;138Â 305Â 682;A01;1.0;1;1.0;2.0;1965.0;1.0;1.0;0.0;;; -1;;;2.0;7.0;0.0;1.0;3.0;26.0;1.0;;1;6;2019;11:00;1.0;93;93007;2;6.0;7.0;6.0;"""DESCARTES (AVENUE """"DU 43AU 180"""")Z2""";48,9500500;2,4661500;3;932;0.0;;3.0;4;0.0;1.0;1;123;1.0;;;1.0;0.0;1.0;50.0;Seine-Saint-Denis;11;Île-de-France
201900000461;138Â 305Â 680;A01;1.0;1;1.0;1.0;1991.0;0.0;1.0;8.0;;; -1;;;3.0;10.0;0.0;2.0;1.0;2.0;1.0;;19;6;2019;15:00;1.0;93;93005;2;1.0;1.0;2.0;EUROPE (CARREFOUR DE L');48,9512000;2,4854200;3;932;0.0;;1.0;3;0.0;1.0;0;0;3.0;;;1.0;9.0;1.0;50.0;Seine-Saint-Denis;11;Île-de-France
201900000461;138Â 305Â 680;A01;2.0;2;1.0;1.0;1988.0;0.0;1.0;8.0;;; -1;;;3.0;10.0;0.0;2.0;1.0;2.0;1.0;;19;6;2019;15:00;1.0;93;93005;2;1.0;1.0;2.0;EUROPE (CARREFOUR DE L');48,9512000;2,4854200;3;932;0.0;;1.0;3;0.0;1.0;0;0;3.0;;;1.0;9.0;1.0;50.0;Seine-Saint-Denis;11;Île-de-France
201900000461;138Â 305Â 681;B01;1.0;1;2.0;2.0;1991.0;0.0;1.0;8.0;;; -1;;;1.0;10.0;0.0;2.0;4.0;23.0;1.0;;19;6;2019;15:00;1.0;93;93005;2;1.0;1.0;2.0;EUROPE (CARREFOUR DE L');48,9512000;2,4854200;3;932;0.0;;1.0;3;0.0;1.0;0;0;3.0;;;1.0;9.0;1.0;50.0;Seine-Saint-Denis;11;Île-de-France
201900000462;138Â 305Â 679;A01;10.0;3;2.0;1.0;2012.0;2.0;8.0;0.0;;3.0;3;2.0;;3.0;7.0;0.0;1.0;3.0;15.0;2.0;;18;6;2019;08:20;1.0;93;93005;2;3.0;7.0;6.0;QUATORZE JUILLET (AVENUE DU);48,9293160;2,4968460;4;QUATORZE JUILLET (AVENUE DU);0.0;;2.0;2;0.0;1.0;1;0;1.0;;;1.0;0.0;2.0;50.0;Seine-Saint-Denis;11;Île-de-France
201900000462;138Â 305Â 679;A01;1.0;1;1.0;2.0;1970.0;0.0;8.0;0.0;;; -1;;;3.0;7.0;0.0;1.0;3.0;15.0;2.0;;18;6;2019;08:20;1.0;93;93005;2;3.0;7.0;6.0;QUATORZE JUILLET (AVENUE DU);48,9293160;2,4968460;4;QUATORZE JUILLET (AVENUE DU);0.0;;2.0;2;0.0;1.0;1;0;1.0;;;1.0;0.0;2.0;50.0;Seine-Saint-Denis;11;Île-de-France
201900000462;138Â 305Â 679;A01;10.0;3;2.0;2.0;1981.0;2.0;8.0;0.0;;3.0;3;2.0;;3.0;7.0;0.0;1.0;3.0;15.0;2.0;;18;6;2019;08:20;1.0;93;93005;2;3.0;7.0;6.0;QUATORZE JUILLET (AVENUE DU);48,9293160;2,4968460;4;QUATORZE JUILLET (AVENUE DU);0.0;;2.0;2;0.0;1.0;1;0;1.0;;;1.0;0.0;2.0;50.0;Seine-Saint-Denis;11;Île-de-France
201900000463;138Â 305Â 676;A01;1.0;1;1.0;1.0;1979.0;9.0;1.0;0.0;;; -1;;;0.0;7.0;0.0;2.0;4.0;1.0;1.0;;17;6;2019;17:30;1.0;93;93005;2;1.0;1.0;4.0;RAOUL DUFY (AVENUE);48,9606800;2,5012700;3;401;0.0;;1.0;1;0.0;1.0;0;0;1.0;;;1.0;0.0;1.0;50.0;Seine-Saint-Denis;11;Île-de-France
201900000463;138Â 305Â 677;B01;1.0;1;2.0;2.0;1974.0;0.0;1.0;0.0;;; -1;;;0.0;7.0;0.0;2.0;4.0;1.0;1.0;;17;6;2019;17:30;1.0;93;93005;2;1.0;1.0;4.0;RAOUL DUFY (AVENUE);48,9606800;2,5012700;3;401;0.0;;1.0;1;0.0;1.0;0;0;1.0;;;1.0;0.0;1.0;50.0;Seine-Saint-Denis;11;Île-de-France
201900000463;138Â 305Â 678;C01;1.0;1;1.0;1.0;1966.0;0.0;1.0;0.0;;; -1;;;0.0;7.0;0.0;2.0;1.0;1.0;2.0;;17;6;2019;17:30;1.0;93;93005;2;1.0;1.0;4.0;RAOUL DUFY (AVENUE);48,9606800;2,5012700;3;401;0.0;;1.0;1;0.0;1.0;0;0;1.0;;;1.0;0.0;1.0;50.0;Seine-Saint-Denis;11;Île-de-France
201900000464;138Â 305Â 674;B01;1.0;1;2.0;1.0;1992.0;0.0;1.0;0.0;;0.0;0;;;3.0;7.0;0.0;0.0;3.0;26.0;0.0;;17;6;2019;13:20;1.0;93;93005;2;1.0;7.0;6.0;PREFET CHALEIL (CD44) (RUE DU);48,9389975;2,5074082;3;44;0.0;;;0;0.0;1.0;0;0;1.0;;;1.0;0.0;1.0;50.0;Seine-Saint-Denis;11;Île-de-France
201900000464;138Â 305Â 675;A01;1.0;1;1.0;2.0;1990.0;4.0;1.0;4.0;;; -1;;;3.0;37.0;0.0;1.0;5.0;14.0;0.0;1.0;17;6;2019;13:20;1.0;93;93005;2;1.0;7.0;6.0;PREFET CHALEIL (CD44) (RUE DU);48,9389975;2,5074082;3;44;0.0;;;0;0.0;1.0;0;0;1.0;;;1.0;0.0;1.0;50.0;Seine-Saint-Denis;11;Île-de-France
201900000465;138Â 305Â 673;A01;10.0;3;3.0;1.0;1989.0;0.0;0.0;0.0;;2.0;3;1.0;;3.0;7.0;0.0;1.0;2.0;1.0;0.0;;24;10;2019;17:30;2.0;13;13117;2;6.0;1.0;6.0;RHIN DANUBE ( AVENUE );43,4221450;5,2698040;4;RHIN DANUBE ( AVENUE );0.0;;1.0;0;0.0;2.0;1;233;3.0;;;1.0;5.0;1.0;50.0;Bouches-du-Rhône;93;Provence-Alpes-Côte d'Azur
201900000465;138Â 305Â 673;A01;1.0;1;1.0;2.0;1979.0;9.0;1.0;8.0;;; -1;;;3.0;7.0;0.0;1.0;2.0;1.0;0.0;;24;10;2019;17:30;2.0;13;13117;2;6.0;1.0;6.0;RHIN DANUBE ( AVENUE );43,4221450;5,2698040;4;RHIN DANUBE ( AVENUE );0.0;;1.0;0;0.0;2.0;1;233;3.0;;;1.0;5.0;1.0;50.0;Bouches-du-Rhône;93;Provence-Alpes-Côte d'Azur
201900000466;138Â 305Â 672;A01;10.0;3;2.0;2.0;1928.0;5.0;8.0;0.0;;4.0;3;1.0;;1.0;7.0;0.0;1.0;4.0;4.0;1.0;;24;10;2019;18:30;2.0;13;13208;2;1.0;1.0;6.0;RAYMOND TEISSERE (RUE);43,2750900;5,3963800;4;RAYMOND TEISSERE (RUE);0.0;;2.0;2;0.0;1.0;0;0;1.0;;;1.0;0.0;1.0;50.0;Bouches-du-Rhône;93;Provence-Alpes-Côte d'Azur
201900000466;138Â 305Â 672;A01;1.0;1;1.0;2.0;1996.0;5.0;1.0;0.0;;;0;;;1.0;7.0;0.0;1.0;4.0;4.0;1.0;;24;10;2019;18:30;2.0;13;13208;2;1.0;1.0;6.0;RAYMOND TEISSERE (RUE);43,2750900;5,3963800;4;RAYMOND TEISSERE (RUE);0.0;;2.0;2;0.0;1.0;0;0;1.0;;;1.0;0.0;1.0;50.0;Bouches-du-Rhône;93;Provence-Alpes-Côte d'Azur
201900000467;138Â 305Â 670;A01;10.0;3;3.0;2.0;1998.0;0.0;0.0;0.0;;5.0;9;1.0;;0.0;7.0;3.0;1.0;1.0;26.0;0.0;;24;10;2019;20:30;5.0;13;13215;2;9.0;1.0;6.0;LITTORAL (CHEMIN DU);43,3402705;5,3480190;9;LITTORAL (CHEMIN DU);0.0;;;0;0.0;1.0;0;0;1.0;;;1.0;9.0;6.0;50.0;Bouches-du-Rhône;93;Provence-Alpes-Côte d'Azur
201900000467;138Â 305Â 670;A01;1.0;1;1.0;2.0;1960.0;5.0;1.0;0.0;;; -1;;;0.0;7.0;3.0;1.0;1.0;26.0;0.0;;24;10;2019;20:30;5.0;13;13215;2;9.0;1.0;6.0;LITTORAL (CHEMIN DU);43,3402705;5,3480190;9;LITTORAL (CHEMIN DU);0.0;;;0;0.0;1.0;0;0;1.0;;;1.0;9.0;6.0;50.0;Bouches-du-Rhône;93;Provence-Alpes-Côte d'Azur
201900000468;138Â 305Â 668;B01;1.0;1;2.0;2.0;1972.0;0.0;2.0;0.0;;; -1;;;1.0;1.0;0.0;2.0;1.0;1.0;5.0;;24;10;2019;17:10;1.0;13;13002;2;3.0;1.0;3.0;SALVATORE ALLENDE (BOULEVARD);43,3526400;5,4820900;4;SALVATORE ALLENDE (BOULEVARD);0.0;;2.0;2;0.0;1.0;0;0;1.0;;;1.0;0.0;1.0;50.0;Bouches-du-Rhône;93;Provence-Alpes-Côte d'Azur
201900000468;138Â 305Â 669;A01;1.0;1;1.0;1.0;1971.0;0.0;1.0;0.0;;; -1;;;2.0;7.0;0.0;2.0;7.0;15.0;1.0;;24;10;2019;17:10;1.0;13;13002;2;3.0;1.0;3.0;SALVATORE ALLENDE (BOULEVARD);43,3526400;5,4820900;4;SALVATORE ALLENDE (BOULEVARD);0.0;;2.0;2;0.0;1.0;0;0;1.0;;;1.0;0.0;1.0;50.0;Bouches-du-Rhône;93;Provence-Alpes-Côte d'Azur
201900000469;138Â 305Â 666;B01;2.0;2;2.0;2.0;1973.0;0.0;1.0;0.0;;; -1;;;2.0;7.0;0.0;2.0;4.0;2.0;0.0;;24;10;2019;18:05;1.0;13;13209;2;1.0;1.0;2.0;MICHELET (BOULEVARD);43,2584700;5,3992800;4;MICHELET (BOULEVARD);0.0;;2.0;6;3.0;1.0;0;0;1.0;;;1.0;0.0;1.0;50.0;Bouches-du-Rhône;93;Provence-Alpes-Côte d'Azur
201900000469;138Â 305Â 666;B01;1.0;1;1.0;2.0;1947.0;5.0;1.0;0.0;;; -1;;;2.0;7.0;0.0;2.0;4.0;2.0;0.0;;24;10;2019;18:05;1.0;13;13209;2;1.0;1.0;2.0;MICHELET (BOULEVARD);43,2584700;5,3992800;4;MICHELET (BOULEVARD);0.0;;2.0;6;3.0;1.0;0;0;1.0;;;1.0;0.0;1.0;50.0;Bouches-du-Rhône;93;Provence-Alpes-Côte d'Azur
201900000469;138Â 305Â 667;A01;1.0;1;1.0;2.0;1992.0;5.0;1.0;0.0;;; -1;;;2.0;7.0;0.0;2.0;1.0;2.0;0.0;;24;10;2019;18:05;1.0;13;13209;2;1.0;1.0;2.0;MICHELET (BOULEVARD);43,2584700;5,3992800;4;MICHELET (BOULEVARD);0.0;;2.0;6;3.0;1.0;0;0;1.0;;;1.0;0.0;1.0;50.0;Bouches-du-Rhône;93;Provence-Alpes-Côte d'Azur
201900000470;138Â 305Â 665;A01;1.0;1;4.0;1.0;1960.0;0.0;2.0;7.0;;0.0;0;;;2.0;33.0;0.0;0.0;3.0;0.0;0.0;;23;10;2019;21:00;5.0;13;13002;2;1.0;3.0;6.0;SALVATORE ALLENDE (BOULEVARD);43,3533860;5,4840460;3;908;0.0;;2.0;2;0.0;1.0;0;0;2.0;;;3.0;9.0;2.0;50.0;Bouches-du-Rhône;93;Provence-Alpes-Côte d'Azur
201900000471;138Â 305Â 664;Z01;10.0;3;3.0;1.0;1970.0;9.0;8.0;0.0;;1.0;3;1.0;;3.0;7.0;0.0;1.0;0.0;0.0;0.0;;12;10;2019;20:10;3.0;13;13004;1;1.0;1.0;6.0;RTE N113 MARSEILLE A BORBEAUX;43,6726320;4,6219070;2;113;0.0;;3.0;2;0.0;1.0;73;0;1.0;;;1.0;0.0;1.0;110.0;Bouches-du-Rhône;93;Provence-Alpes-Côte d'Azur
201900000472;138Â 305Â 662;B01;1.0;1;2.0;1.0;2001.0;5.0;2.0;6.0;;0.0;0;;;2.0;2.0;0.0;2.0;1.0;3.0;1.0;;24;10;2019;16:45;1.0;03;03185;2;3.0;1.0;1.0;avenue de la RÃ©publique;46,3457381;2,5976328;3;943;0.0;;2.0;2;0.0;1.0;0;630;1.0;;;1.0;0.0;1.0;50.0;Allier;84;Auvergne-Rhône-Alpes
201900000472;138Â 305Â 663;A01;1.0;1;1.0;2.0;1978.0;4.0;1.0;8.0;;0.0;0;;;1.0;7.0;0.0;2.0;2.0;15.0;1.0;;24;10;2019;16:45;1.0;03;03185;2;3.0;1.0;1.0;avenue de la RÃ©publique;46,3457381;2,5976328;3;943;0.0;;2.0;2;0.0;1.0;0;630;1.0;;;1.0;0.0;1.0;50.0;Allier;84;Auvergne-Rhône-Alpes
201900000473;138Â 305Â 660;A01;1.0;1;1.0;2.0;1983.0;5.0;1.0;0.0;;0.0;0;;;2.0;7.0;0.0;2.0;5.0;12.0;1.0;;24;10;2019;20:50;5.0;75;75117;2;4.0;1.0;3.0;BD PERIPHEDIQUE EXTERIEUR;48,8830744;2,2837066;4;BD PERIPHERIQUE EXTERIEUR;0.0;;1.0;4;0.0;2.0;16;700;1.0;;;1.0;0.0;1.0;70.0;Paris;11;Île-de-France
201900000473;138Â 305Â 661;B01;1.0;1;2.0;1.0;1975.0;1.0;2.0;6.0;;0.0;0;;;2.0;33.0;0.0;2.0;3.0;18.0;1.0;;24;10;2019;20:50;5.0;75;75117;2;4.0;1.0;3.0;BD PERIPHEDIQUE EXTERIEUR;48,8830744;2,2837066;4;BD PERIPHERIQUE EXTERIEUR;0.0;;1.0;4;0.0;2.0;16;700;1.0;;;1.0;0.0;1.0;70.0;Paris;11;Île-de-France
201900000474;138Â 305Â 658;B01;2.0;2;2.0;2.0;1988.0;4.0;1.0;0.0;;0.0;0;;;1.0;7.0;12.0;2.0;0.0;14.0;1.0;;23;10;2019;04:50;5.0;75;75120;2;2.0;1.0;3.0;COURS DE VINCENNES;48,8470484;2,4110571;4;COURS DE VINCENNES;0.0;;;2;0.0;1.0;109;0;1.0;;;1.0;0.0;1.0;50.0;Paris;11;Île-de-France
201900000474;138Â 305Â 658;B01;4.0;2;1.0;1.0;1991.0;0.0;1.0;0.0;;0.0;0;;;1.0;7.0;12.0;2.0;0.0;14.0;1.0;;23;10;2019;04:50;5.0;75;75120;2;2.0;1.0;3.0;COURS DE VINCENNES;48,8470484;2,4110571;4;COURS DE VINCENNES;0.0;;;2;0.0;1.0;109;0;1.0;;;1.0;0.0;1.0;50.0;Paris;11;Île-de-France
201900000474;138Â 305Â 658;B01;1.0;1;2.0;1.0;1987.0;4.0;1.0;0.0;;0.0;0;;;1.0;7.0;12.0;2.0;0.0;14.0;1.0;;23;10;2019;04:50;5.0;75;75120;2;2.0;1.0;3.0;COURS DE VINCENNES;48,8470484;2,4110571;4;COURS DE VINCENNES;0.0;;;2;0.0;1.0;109;0;1.0;;;1.0;0.0;1.0;50.0;Paris;11;Île-de-France
201900000474;138Â 305Â 659;A01;2.0;2;1.0;1.0;1996.0;5.0;2.0;6.0;;0.0;0;;;1.0;33.0;0.0;2.0;3.0;1.0;1.0;;23;10;2019;04:50;5.0;75;75120;2;2.0;1.0;3.0;COURS DE VINCENNES;48,8470484;2,4110571;4;COURS DE VINCENNES;0.0;;;2;0.0;1.0;109;0;1.0;;;1.0;0.0;1.0;50.0;Paris;11;Île-de-France
201900000474;138Â 305Â 659;A01;1.0;1;2.0;1.0;1996.0;5.0;2.0;6.0;;0.0;0;;;1.0;33.0;0.0;2.0;3.0;1.0;1.0;;23;10;2019;04:50;5.0;75;75120;2;2.0;1.0;3.0;COURS DE VINCENNES;48,8470484;2,4110571;4;COURS DE VINCENNES;0.0;;;2;0.0;1.0;109;0;1.0;;;1.0;0.0;1.0;50.0;Paris;11;Île-de-France
201900000475;138Â 305Â 656;A01;1.0;1;2.0;1.0;1988.0;1.0;2.0;6.0;;0.0;0;;;2.0;33.0;0.0;2.0;6.0;1.0;1.0;;23;10;2019;15:25;1.0;75;75120;2;2.0;1.0;6.0;RUE DE GUEBRIANT;48,8729280;2,4086480;4;RUE DE GUEBRIANT;0.0;;2.0;2;0.0;1.0;0;0;1.0;;;1.0;0.0;1.0;50.0;Paris;11;Île-de-France
201900000476;138Â 305Â 655;Z01;10.0;3;2.0;2.0;1968.0;5.0;0.0;;;2.0;3;1.0;;1.0;33.0;0.0;1.0;1.0;1.0;1.0;;23;10;2019;12:30;1.0;75;75111;2;2.0;1.0;6.0;BOULEVARD DE CHARONNE;48,8565645;2,3944381;4;BOULEVARD DE CHARONNE;0.0;;2.0;4;0.0;1.0;0;0;1.0;;;1.0;0.0;1.0;50.0;Paris;11;Île-de-France
201900000477;138Â 305Â 653;B01;1.0;1;2.0;1.0;1974.0;1.0;2.0;6.0;;0.0;0;;;1.0;32.0;0.0;2.0;4.0;23.0;1.0;;24;10;2019;08:35;1.0;75;75119;2;1.0;1.0;2.0;ROUTE DES PETITS PONTS;48,8919220;2,3983400;4;ROUTE DES PETITS PONTS;0.0;;2.0;2;0.0;1.0;0;0;1.0;;;8.0;0.0;1.0;50.0;Paris;11;Île-de-France
201900000477;138Â 305Â 654;A01;1.0;1;1.0;1.0;1977.0;1.0;1.0;0.0;;0.0;0;;;1.0;7.0;0.0;2.0;1.0;2.0;1.0;;24;10;2019;08:35;1.0;75;75119;2;1.0;1.0;2.0;ROUTE DES PETITS PONTS;48,8919220;2,3983400;4;ROUTE DES PETITS PONTS;0.0;;2.0;2;0.0;1.0;0;0;1.0;;;8.0;0.0;1.0;50.0;Paris;11;Île-de-France
201900000478;138Â 305Â 651;A01;1.0;1;1.0;1.0;1969.0;4.0;1.0;0.0;;0.0;0;;;2.0;14.0;0.0;2.0;3.0;1.0;1.0;;24;10;2019;08:30;1.0;75;75118;2;1.0;1.0;3.0;RUE MARX DORMOY;48,8881149;2,3598786;4;RUE MARX DORMOY;0.0;;2.0;4;0.0;1.0;0;0;1.0;;;1.0;0.0;1.0;50.0;Paris;11;Île-de-France
201900000478;138Â 305Â 652;B01;1.0;1;2.0;2.0;1989.0;1.0;2.0;8.0;;0.0;0;;;2.0;1.0;0.0;2.0;7.0;12.0;5.0;;24;10;2019;08:30;1.0;75;75118;2;1.0;1.0;3.0;RUE MARX DORMOY;48,8881149;2,3598786;4;RUE MARX DORMOY;0.0;;2.0;4;0.0;1.0;0;0;1.0;;;1.0;0.0;1.0;50.0;Paris;11;Île-de-France
201900000479;138Â 305Â 649;B01;1.0;1;1.0;2.0;1961.0;1.0;1.0;0.0;;0.0;0;;;2.0;7.0;0.0;2.0;3.0;10.0;2.0;;24;10;2019;18:05;1.0;75;75117;2;3.0;1.0;3.0;BOULEVARD DU BOIS LE PRETRE;48,8989026;2,3223972;4;BOULEVARD DU BOIS LE PRETRE;0.0;;1.0;2;0.0;1.0;0;0;1.0;;;1.0;0.0;1.0;50.0;Paris;11;Île-de-France
201900000479;138Â 305Â 650;A01;1.0;1;2.0;1.0;1998.0;2.0;2.0;6.0;;0.0;0;;;2.0;32.0;0.0;2.0;1.0;17.0;1.0;;24;10;2019;18:05;1.0;75;75117;2;3.0;1.0;3.0;BOULEVARD DU BOIS LE PRETRE;48,8989026;2,3223972;4;BOULEVARD DU BOIS LE PRETRE;0.0;;1.0;2;0.0;1.0;0;0;1.0;;;1.0;0.0;1.0;50.0;Paris;11;Île-de-France
201900000480;138Â 305Â 648;A01;1.0;1;1.0;1.0;1996.0;5.0;8.0;2.0;;0.0;0;;;1.0;1.0;0.0;1.0;1.0;1.0;5.0;;24;10;2019;19:55;5.0;75;75115;2;2.0;1.0;6.0;RUE OLIVIER DE SERRES;48,8361386;2,2972210;4;RUE OLIVIER DE SERRES;0.0;;1.0;1;0.0;2.0;0;0;1.0;;;1.0;0.0;1.0;50.0;Paris;11;Île-de-France
201900000480;138Â 305Â 648;A01;10.0;3;2.0;1.0;1967.0;5.0;0.0;;;4.0;3;1.0;;1.0;1.0;0.0;1.0;1.0;1.0;5.0;;24;10;2019;19:55;5.0;75;75115;2;2.0;1.0;6.0;RUE OLIVIER DE SERRES;48,8361386;2,2972210;4;RUE OLIVIER DE SERRES;0.0;;1.0;1;0.0;2.0;0;0;1.0;;;1.0;0.0;1.0;50.0;Paris;11;Île-de-France
201900000481;138Â 305Â 646;A01;1.0;1;2.0;2.0;1987.0;5.0;2.0;6.0;;0.0;0;;;2.0;31.0;1.0;2.0;1.0;17.0;1.0;;24;10;2019;16:00;1.0;75;75115;2;3.0;1.0;3.0;RUE DE VAUGIRARD;48,8362714;2,2943778;4;RUE DE VAUGIRARD;0.0;;1.0;2;0.0;1.0;0;0;1.0;;;1.0;0.0;1.0;50.0;Paris;11;Île-de-France
201900000481;138Â 305Â 647;B01;1.0;1;1.0;1.0;1972.0;5.0;1.0;0.0;;0.0;0;;;2.0;10.0;0.0;2.0;0.0;23.0;1.0;;24;10;2019;16:00;1.0;75;75115;2;3.0;1.0;3.0;RUE DE VAUGIRARD;48,8362714;2,2943778;4;RUE DE VAUGIRARD;0.0;;1.0;2;0.0;1.0;0;0;1.0;;;1.0;0.0;1.0;50.0;Paris;11;Île-de-France
201900000482;138Â 305Â 644;A01;1.0;1;1.0;1.0;1993.0;4.0;1.0;0.0;;0.0;0;;;2.0;7.0;0.0;2.0;5.0;16.0;1.0;;24;10;2019;16:35;1.0;75;75113;2;1.0;1.0;3.0;AVENUE D ITALIE;48,8225998;2,3584040;4;AVENUE D ITALIE;0.0;;2.0;4;0.0;1.0;0;0;1.0;;;1.0;0.0;1.0;50.0;Paris;11;Île-de-France
201900000482;138Â 305Â 645;B01;1.0;1;2.0;2.0;1999.0;0.0;2.0;6.0;;0.0;0;;;2.0;30.0;0.0;2.0;3.0;18.0;1.0;;24;10;2019;16:35;1.0;75;75113;2;1.0;1.0;3.0;AVENUE D ITALIE;48,8225998;2,3584040;4;AVENUE D ITALIE;0.0;;2.0;4;0.0;1.0;0;0;1.0;;;1.0;0.0;1.0;50.0;Paris;11;Île-de-France
201900000482;138Â 305Â 645;B01;2.0;2;2.0;2.0;1997.0;0.0;2.0;6.0;;0.0;0;;;2.0;30.0;0.0;2.0;3.0;18.0;1.0;;24;10;2019;16:35;1.0;75;75113;2;1.0;1.0;3.0;AVENUE D ITALIE;48,8225998;2,3584040;4;AVENUE D ITALIE;0.0;;2.0;4;0.0;1.0;0;0;1.0;;;1.0;0.0;1.0;50.0;Paris;11;Île-de-France