Num_Acc;id_vehicule;num_veh;place;catu;grav;sexe;an_nais;trajet;secu1;secu2;secu3;locp;actp;etatp;id_usager;senc;catv;obs;obsm;choc;manv;motor;occutc;jour;mois;an;hrmn;lum;dep;com;agg;int;atm;col;adr;lat;long;catr;voie;v1;v2;circ;nbv;vosp;prof;pr;pr1;plan;lartpc;larrout;surf;infra;situ;vma;nom_departement;reg;nom_region
201900000483;138Â 305Â 642;A01;1.0;1;2.0;2.0;1999.0;2.0;8.0;2.0;;0.0;0;;;1.0;1.0;0.0;2.0;6.0;9.0;5.0;;24;10;2019;20:10;5.0;75;75108;2;7.0;1.0;6.0;PLACE SAINT AUGUSTIN;48,8756728;2,3195863;4;PLACE SAINT AUGUSTIN;0.0;;2.0;4;0.0;1.0;0;0;1.0;;;1.0;0.0;1.0;50.0;Paris;11;Île-de-France
201900000484;138Â 305Â 640;A01;1.0;1;2.0;1.0;1981.0;0.0;1.0;8.0;;0.0;0;;;1.0;7.0;0.0;2.0;1.0;1.0;1.0;;23;10;2019;07:30;2.0;75;75104;2;2.0;1.0;3.0;RUE MORNAY;48,8495100;2,3656300;4;RUE MORNAY;0.0;;2.0;2;0.0;1.0;0;0;1.0;;;1.0;5.0;1.0;50.0;Paris;11;Île-de-France
201900000484;138Â 305Â 641;B01;4.0;2;2.0;1.0;1988.0;0.0;1.0;8.0;;0.0;0;;;1.0;7.0;0.0;2.0;8.0;1.0;1.0;;23;10;2019;07:30;2.0;75;75104;2;2.0;1.0;3.0;RUE MORNAY;48,8495100;2,3656300;4;RUE MORNAY;0.0;;2.0;2;0.0;1.0;0;0;1.0;;;1.0;5.0;1.0;50.0;Paris;11;Île-de-France
201900000484;138Â 305Â 641;B01;3.0;2;2.0;2.0;1990.0;0.0;1.0;8.0;;0.0;0;;;1.0;7.0;0.0;2.0;8.0;1.0;1.0;;23;10;2019;07:30;2.0;75;75104;2;2.0;1.0;3.0;RUE MORNAY;48,8495100;2,3656300;4;RUE MORNAY;0.0;;2.0;2;0.0;1.0;0;0;1.0;;;1.0;5.0;1.0;50.0;Paris;11;Île-de-France
201900000484;138Â 305Â 641;B01;1.0;1;1.0;1.0;1977.0;4.0;1.0;8.0;;0.0;0;;;1.0;7.0;0.0;2.0;8.0;1.0;1.0;;23;10;2019;07:30;2.0;75;75104;2;2.0;1.0;3.0;RUE MORNAY;48,8495100;2,3656300;4;RUE MORNAY;0.0;;2.0;2;0.0;1.0;0;0;1.0;;;1.0;5.0;1.0;50.0;Paris;11;Île-de-France
201900000485;138Â 305Â 639;A01;10.0;3;2.0;2.0;2011.0;9.0;0.0;;;3.0;3;2.0;;2.0;33.0;0.0;1.0;1.0;7.0;1.0;;24;10;2019;19:15;5.0;75;75104;2;3.0;8.0;6.0;BOULEVARD BEAUMARCHAIS;48,8548110;2,3687331;4;BOULEVARD BEAUMARCHAIS;0.0;;2.0;5;3.0;1.0;0;0;1.0;;;1.0;;6.0;50.0;Paris;11;Île-de-France
201900000485;138Â 305Â 639;A01;1.0;1;1.0;1.0;1983.0;0.0;2.0;6.0;;0.0;0;;;2.0;33.0;0.0;1.0;1.0;7.0;1.0;;24;10;2019;19:15;5.0;75;75104;2;3.0;8.0;6.0;BOULEVARD BEAUMARCHAIS;48,8548110;2,3687331;4;BOULEVARD BEAUMARCHAIS;0.0;;2.0;5;3.0;1.0;0;0;1.0;;;1.0;;6.0;50.0;Paris;11;Île-de-France
201900000486;138Â 305Â 637;A01;1.0;1;1.0;2.0;1979.0;1.0;1.0;0.0;;; -1;;;1.0;7.0;0.0;2.0;2.0;15.0;1.0;;24;10;2019;07:30;2.0;94;94078;2;3.0;1.0;1.0;CHOISY (AV DE);48,7355784;2,4467332;2;6;0.0;;2.0;4;0.0;1.0;0;0;1.0;;;1.0;5.0;1.0;50.0;Val-de-Marne;11;Île-de-France
201900000486;138Â 305Â 638;B01;1.0;1;2.0;1.0;1989.0;1.0;2.0;6.0;;; -1;;;2.0;33.0;0.0;2.0;1.0;1.0;1.0;;24;10;2019;07:30;2.0;94;94078;2;3.0;1.0;1.0;CHOISY (AV DE);48,7355784;2,4467332;2;6;0.0;;2.0;4;0.0;1.0;0;0;1.0;;;1.0;5.0;1.0;50.0;Val-de-Marne;11;Île-de-France
201900000487;138Â 305Â 636;A01;1.0;1;2.0;1.0;1998.0;5.0;1.0;0.0;;;0;;;2.0;7.0;16.0;0.0;1.0;16.0;1.0;;24;10;2019;02:50;5.0;94;94019;2;3.0;1.0;6.0;LIBERATION (RTE DE LA);48,8033900;2,5378300;3;4;0.0;;2.0;4;0.0;1.0;0;0;1.0;;;1.0;0.0;1.0;50.0;Val-de-Marne;11;Île-de-France
201900000487;138Â 305Â 636;A01;3.0;2;2.0;1.0;1998.0;0.0;1.0;0.0;;; -1;;;2.0;7.0;16.0;0.0;1.0;16.0;1.0;;24;10;2019;02:50;5.0;94;94019;2;3.0;1.0;6.0;LIBERATION (RTE DE LA);48,8033900;2,5378300;3;4;0.0;;2.0;4;0.0;1.0;0;0;1.0;;;1.0;0.0;1.0;50.0;Val-de-Marne;11;Île-de-France
201900000487;138Â 305Â 636;A01;2.0;2;2.0;1.0;2000.0;0.0;1.0;0.0;;; -1;;;2.0;7.0;16.0;0.0;1.0;16.0;1.0;;24;10;2019;02:50;5.0;94;94019;2;3.0;1.0;6.0;LIBERATION (RTE DE LA);48,8033900;2,5378300;3;4;0.0;;2.0;4;0.0;1.0;0;0;1.0;;;1.0;0.0;1.0;50.0;Val-de-Marne;11;Île-de-France
201900000488;138Â 305Â 633;A01;2.0;2;1.0;1.0;1984.0;0.0;1.0;0.0;;;0;;;3.0;3.0;0.0;2.0;6.0;26.0;1.0;;24;10;2019;13:15;1.0;93;93073;2;1.0;1.0;4.0;CHAPIT RE ( RUE DU);49,0029480;2,5368790;4;CHAPIT RE ( RUE DU);0.0;;3.0;4;0.0;1.0;49;7;1.0;;;1.0;0.0;1.0;50.0;Seine-Saint-Denis;11;Île-de-France
201900000488;138Â 305Â 633;A01;1.0;1;1.0;1.0;1988.0;0.0;1.0;0.0;;;0;;;3.0;3.0;0.0;2.0;6.0;26.0;1.0;;24;10;2019;13:15;1.0;93;93073;2;1.0;1.0;4.0;CHAPIT RE ( RUE DU);49,0029480;2,5368790;4;CHAPIT RE ( RUE DU);0.0;;3.0;4;0.0;1.0;49;7;1.0;;;1.0;0.0;1.0;50.0;Seine-Saint-Denis;11;Île-de-France
201900000488;138Â 305Â 634;B01;1.0;1;1.0;1.0;1976.0;4.0;1.0;0.0;;; -1;;;3.0;3.0;0.0;2.0;2.0;21.0;1.0;;24;10;2019;13:15;1.0;93;93073;2;1.0;1.0;4.0;CHAPIT RE ( RUE DU);49,0029480;2,5368790;4;CHAPIT RE ( RUE DU);0.0;;3.0;4;0.0;1.0;49;7;1.0;;;1.0;0.0;1.0;50.0;Seine-Saint-Denis;11;Île-de-France
201900000488;138Â 305Â 634;B01;2.0;2;1.0;2.0;2016.0;0.0;1.0;0.0;;; -1;;;3.0;3.0;0.0;2.0;2.0;21.0;1.0;;24;10;2019;13:15;1.0;93;93073;2;1.0;1.0;4.0;CHAPIT RE ( RUE DU);49,0029480;2,5368790;4;CHAPIT RE ( RUE DU);0.0;;3.0;4;0.0;1.0;49;7;1.0;;;1.0;0.0;1.0;50.0;Seine-Saint-Denis;11;Île-de-France
201900000488;138Â 305Â 634;B01;3.0;2;1.0;2.0;1966.0;0.0;1.0;0.0;;; -1;;;3.0;3.0;0.0;2.0;2.0;21.0;1.0;;24;10;2019;13:15;1.0;93;93073;2;1.0;1.0;4.0;CHAPIT RE ( RUE DU);49,0029480;2,5368790;4;CHAPIT RE ( RUE DU);0.0;;3.0;4;0.0;1.0;49;7;1.0;;;1.0;0.0;1.0;50.0;Seine-Saint-Denis;11;Île-de-France
201900000488;138Â 305Â 634;B01;4.0;2;2.0;2.0;1987.0;0.0;1.0;0.0;;; -1;;;3.0;3.0;0.0;2.0;2.0;21.0;1.0;;24;10;2019;13:15;1.0;93;93073;2;1.0;1.0;4.0;CHAPIT RE ( RUE DU);49,0029480;2,5368790;4;CHAPIT RE ( RUE DU);0.0;;3.0;4;0.0;1.0;49;7;1.0;;;1.0;0.0;1.0;50.0;Seine-Saint-Denis;11;Île-de-France
201900000488;138Â 305Â 635;C01;1.0;1;2.0;1.0;1968.0;0.0;1.0;0.0;;; -1;;;3.0;3.0;0.0;2.0;1.0;2.0;2.0;;24;10;2019;13:15;1.0;93;93073;2;1.0;1.0;4.0;CHAPIT RE ( RUE DU);49,0029480;2,5368790;4;CHAPIT RE ( RUE DU);0.0;;3.0;4;0.0;1.0;49;7;1.0;;;1.0;0.0;1.0;50.0;Seine-Saint-Denis;11;Île-de-France
201900000489;138Â 305Â 631;A01;1.0;1;1.0;1.0;1980.0;0.0;2.0;6.0;;; -1;;;2.0;33.0;0.0;1.0;2.0;2.0;0.0;;24;10;2019;13:00;1.0;93;93070;2;1.0;1.0;3.0;MICHELET(AV):NÂ°1AU 103;48,9077400;2,3442140;3;14;0.0;;2.0;2;0.0;1.0;0;0;1.0;;;1.0;0.0;1.0;50.0;Seine-Saint-Denis;11;Île-de-France
201900000489;138Â 305Â 632;B01;1.0;1;2.0;1.0;1999.0;0.0;8.0;8.0;;; -1;;;2.0;1.0;0.0;2.0;3.0;9.0;5.0;;24;10;2019;13:00;1.0;93;93070;2;1.0;1.0;3.0;MICHELET(AV):NÂ°1AU 103;48,9077400;2,3442140;3;14;0.0;;2.0;2;0.0;1.0;0;0;1.0;;;1.0;0.0;1.0;50.0;Seine-Saint-Denis;11;Île-de-France
201900000490;138Â 305Â 629;B01;1.0;1;3.0;1.0;1966.0;1.0;1.0;0.0;;; -1;;;2.0;7.0;0.0;2.0;4.0;23.0;1.0;;23;10;2019;17:46;1.0;93;93070;2;9.0;2.0;2.0;MICHELET(AV):NÂ°1AU 103;48,9117700;2,3441200;4;MICHELET(AV):NÂ°1AU 103;0.0;;3.0;1;0.0;1.0;0;0;1.0;;;2.0;0.0;1.0;50.0;Seine-Saint-Denis;11;Île-de-France
201900000490;138Â 305Â 630;A01;1.0;1;1.0;1.0;1990.0;0.0;1.0;0.0;;; -1;;;2.0;7.0;0.0;2.0;1.0;1.0;1.0;;23;10;2019;17:46;1.0;93;93070;2;9.0;2.0;2.0;MICHELET(AV):NÂ°1AU 103;48,9117700;2,3441200;4;MICHELET(AV):NÂ°1AU 103;0.0;;3.0;1;0.0;1.0;0;0;1.0;;;2.0;0.0;1.0;50.0;Seine-Saint-Denis;11;Île-de-France
201900000491;138Â 305Â 628;A01;6.0;2;1.0;1.0;1998.0;3.0;8.0;0.0;;0.0;0;;;3.0;50.0;0.0;1.0;1.0;15.0;3.0;;21;10;2019;18:25;1.0;93;93066;2;9.0;1.0;6.0;RIMET JULES;48,9232900;2,3624800;9;RIMET JULES;0.0;;2.0;1;3.0;1.0;0;1;1.0;;;1.0;6.0;1.0;5.0;Seine-Saint-Denis;11;Île-de-France
201900000491;138Â 305Â 628;A01;10.0;3;2.0;2.0;1970.0;0.0;8.0;0.0;;5.0;1;1.0;;3.0;50.0;0.0;1.0;1.0;15.0;3.0;;21;10;2019;18:25;1.0;93;93066;2;9.0;1.0;6.0;RIMET JULES;48,9232900;2,3624800;9;RIMET JULES;0.0;;2.0;1;3.0;1.0;0;1;1.0;;;1.0;6.0;1.0;5.0;Seine-Saint-Denis;11;Île-de-France
201900000491;138Â 305Â 628;A01;1.0;1;1.0;1.0;1998.0;3.0;8.0;0.0;;0.0;0;;;3.0;50.0;0.0;1.0;1.0;15.0;3.0;;21;10;2019;18:25;1.0;93;93066;2;9.0;1.0;6.0;RIMET JULES;48,9232900;2,3624800;9;RIMET JULES;0.0;;2.0;1;3.0;1.0;0;1;1.0;;;1.0;6.0;1.0;5.0;Seine-Saint-Denis;11;Île-de-France
201900000492;138Â 305Â 627;A01;10.0;3;2.0;1.0;2000.0;9.0;8.0;0.0;;3.0;3;1.0;;1.0;7.0;0.0;1.0;7.0;1.0;1.0;;24;10;2019;12:15;1.0;93;93077;2;1.0;1.0;6.0;NEUILLY (RUE DE);48,8743000;2,5286600;4;NEUILLY (RUE DE);0.0;;2.0;2;0.0;1.0;102;0;1.0;;;1.0;0.0;1.0;50.0;Seine-Saint-Denis;11;Île-de-France
201900000492;138Â 305Â 627;A01;1.0;1;1.0;2.0;1994.0;0.0;1.0;8.0;;; -1;;;1.0;7.0;0.0;1.0;7.0;1.0;1.0;;24;10;2019;12:15;1.0;93;93077;2;1.0;1.0;6.0;NEUILLY (RUE DE);48,8743000;2,5286600;4;NEUILLY (RUE DE);0.0;;2.0;2;0.0;1.0;102;0;1.0;;;1.0;0.0;1.0;50.0;Seine-Saint-Denis;11;Île-de-France
201900000493;138Â 305Â 626;A01;10.0;3;2.0;1.0;2013.0;5.0;8.0;0.0;;3.0;3;2.0;;2.0;7.0;0.0;1.0;2.0;1.0;1.0;;24;10;2019;19:05;5.0;93;93051;2;1.0;2.0;6.0;DOCTEUR SUREAU;48,8436200;2,5509700;4;DOCTEUR SUREAU;0.0;;2.0;2;0.0;1.0;0;0;1.0;;;2.0;0.0;1.0;50.0;Seine-Saint-Denis;11;Île-de-France
201900000493;138Â 305Â 626;A01;1.0;1;1.0;2.0;1997.0;0.0;1.0;8.0;;; -1;;;2.0;7.0;0.0;1.0;2.0;1.0;1.0;;24;10;2019;19:05;5.0;93;93051;2;1.0;2.0;6.0;DOCTEUR SUREAU;48,8436200;2,5509700;4;DOCTEUR SUREAU;0.0;;2.0;2;0.0;1.0;0;0;1.0;;;2.0;0.0;1.0;50.0;Seine-Saint-Denis;11;Île-de-France
201900000494;138Â 305Â 624;B01;1.0;1;2.0;2.0;1970.0;0.0;1.0;0.0;;; -1;;;3.0;7.0;0.0;2.0;1.0;1.0;1.0;;24;10;2019;17:00;1.0;93;93063;2;1.0;1.0;1.0;REPUBLIQUE RUE DE LA;48,8792000;2,4338000;4;REPUBLIQUE RUE DE LA;0.0;;2.0;2;0.0;1.0;0;0;1.0;;;1.0;0.0;1.0;30.0;Seine-Saint-Denis;11;Île-de-France
201900000494;138Â 305Â 625;A01;1.0;1;2.0;2.0;1993.0;0.0;1.0;0.0;;; -1;;;3.0;7.0;0.0;2.0;1.0;26.0;1.0;;24;10;2019;17:00;1.0;93;93063;2;1.0;1.0;1.0;REPUBLIQUE RUE DE LA;48,8792000;2,4338000;4;REPUBLIQUE RUE DE LA;0.0;;2.0;2;0.0;1.0;0;0;1.0;;;1.0;0.0;1.0;30.0;Seine-Saint-Denis;11;Île-de-France
201900000494;138Â 305Â 625;A01;4.0;2;2.0;1.0;2018.0;0.0;1.0;0.0;;; -1;;;3.0;7.0;0.0;2.0;1.0;26.0;1.0;;24;10;2019;17:00;1.0;93;93063;2;1.0;1.0;1.0;REPUBLIQUE RUE DE LA;48,8792000;2,4338000;4;REPUBLIQUE RUE DE LA;0.0;;2.0;2;0.0;1.0;0;0;1.0;;;1.0;0.0;1.0;30.0;Seine-Saint-Denis;11;Île-de-France
201900000495;138Â 305Â 622;A01;2.0;2;2.0;1.0;2000.0;0.0;1.0;0.0;;; -1;;;0.0;7.0;14.0;0.0;1.0;26.0;0.0;;24;10;2019;22:15;5.0;93;93027;2;1.0;1.0;1.0;CACHIN (AVENUE MARCEL);48,9282800;2,3966200;3;114;0.0;;2.0;2;0.0;2.0;0;0;1.0;;;1.0;0.0;1.0;50.0;Seine-Saint-Denis;11;Île-de-France
201900000495;138Â 305Â 622;A01;3.0;2;2.0;1.0;2001.0;0.0;1.0;0.0;;; -1;;;0.0;7.0;14.0;0.0;1.0;26.0;0.0;;24;10;2019;22:15;5.0;93;93027;2;1.0;1.0;1.0;CACHIN (AVENUE MARCEL);48,9282800;2,3966200;3;114;0.0;;2.0;2;0.0;2.0;0;0;1.0;;;1.0;0.0;1.0;50.0;Seine-Saint-Denis;11;Île-de-France
201900000495;138Â 305Â 622;A01;1.0;1;2.0;1.0;2001.0;5.0;8.0;0.0;;; -1;;;0.0;7.0;14.0;0.0;1.0;26.0;0.0;;24;10;2019;22:15;5.0;93;93027;2;1.0;1.0;1.0;CACHIN (AVENUE MARCEL);48,9282800;2,3966200;3;114;0.0;;2.0;2;0.0;2.0;0;0;1.0;;;1.0;0.0;1.0;50.0;Seine-Saint-Denis;11;Île-de-France
201900000495;138Â 305Â 623;B01;1.0;1;1.0;1.0;1988.0;0.0;1.0;0.0;;; -1;;;0.0;10.0;0.0;0.0;0.0;0.0;0.0;;24;10;2019;22:15;5.0;93;93027;2;1.0;1.0;1.0;CACHIN (AVENUE MARCEL);48,9282800;2,3966200;3;114;0.0;;2.0;2;0.0;2.0;0;0;1.0;;;1.0;0.0;1.0;50.0;Seine-Saint-Denis;11;Île-de-France
201900000496;138Â 305Â 621;A01;10.0;3;2.0;2.0;1940.0;5.0;8.0;0.0;;9.0;B;1.0;;3.0;7.0;0.0;1.0;4.0;0.0;1.0;;24;10;2019;17:10;1.0;93;93010;2;1.0;1.0;6.0;GALLIENI (AV.) CONFORAMA 53;48,9060500;2,4764080;3;933;0.0;;1.0;1;0.0;1.0;1;0;1.0;;;1.0;0.0;1.0;20.0;Seine-Saint-Denis;11;Île-de-France
201900000496;138Â 305Â 621;A01;1.0;1;1.0;1.0;1993.0;5.0;1.0;0.0;;; -1;;;3.0;7.0;0.0;1.0;4.0;0.0;1.0;;24;10;2019;17:10;1.0;93;93010;2;1.0;1.0;6.0;GALLIENI (AV.) CONFORAMA 53;48,9060500;2,4764080;3;933;0.0;;1.0;1;0.0;1.0;1;0;1.0;;;1.0;0.0;1.0;20.0;Seine-Saint-Denis;11;Île-de-France
201900000497;138Â 305Â 619;A01;1.0;1;2.0;1.0;1998.0;2.0;2.0;6.0;;;0;;;3.0;33.0;0.0;2.0;2.0;17.0;1.0;;23;10;2019;17:09;1.0;92;92072;2;1.0;2.0;3.0;VILLE D'AVRAY (RUE DE );48,8258145;2,2055540;3;407;0.0;;2.0;2;0.0;2.0;0;0;1.0;;;2.0;0.0;1.0;50.0;Hauts-de-Seine;11;Île-de-France
201900000497;138Â 305Â 620;B01;1.0;1;2.0;2.0;1985.0;0.0;8.0;0.0;;;0;;;3.0;80.0;0.0;2.0;8.0;15.0;3.0;;23;10;2019;17:09;1.0;92;92072;2;1.0;2.0;3.0;VILLE D'AVRAY (RUE DE );48,8258145;2,2055540;3;407;0.0;;2.0;2;0.0;2.0;0;0;1.0;;;2.0;0.0;1.0;50.0;Hauts-de-Seine;11;Île-de-France
201900000498;138Â 305Â 617;A01;1.0;1;1.0;1.0;1972.0;4.0;8.0;0.0;;;0;;;2.0;7.0;0.0;2.0;8.0;22.0;1.0;;24;10;2019;18:25;1.0;92;92064;2;1.0;1.0;6.0;DAILLY;48,8451000;2,2176000;3;907;0.0;;3.0;3;0.0;2.0;0;0;1.0;;;1.0;9.0;1.0;50.0;Hauts-de-Seine;11;Île-de-France
201900000498;138Â 305Â 618;B01;2.0;1;2.0;2.0;1993.0;1.0;8.0;0.0;;;0;;;2.0;1.0;1.0;0.0;1.0;2.0;5.0;;24;10;2019;18:25;1.0;92;92064;2;1.0;1.0;6.0;DAILLY;48,8451000;2,2176000;3;907;0.0;;3.0;3;0.0;2.0;0;0;1.0;;;1.0;9.0;1.0;50.0;Hauts-de-Seine;11;Île-de-France
201900000499;138Â 305Â 616;A01;1.0;1;1.0;1.0;1983.0;5.0;8.0;0.0;;;0;;;2.0;10.0;0.0;1.0;1.0;9.0;0.0;;24;10;2019;09:30;1.0;92;92076;2;1.0;1.0;6.0;CAZES;48,8388800;2,1643300;4;CAZES;0.0;;2.0;2;0.0;1.0;0;0;1.0;;;1.0;5.0;1.0;50.0;Hauts-de-Seine;11;Île-de-France
201900000499;138Â 305Â 616;A01;10.0;3;2.0;1.0;1978.0;0.0;8.0;0.0;;3.0;3;1.0;;2.0;10.0;0.0;1.0;1.0;9.0;0.0;;24;10;2019;09:30;1.0;92;92076;2;1.0;1.0;6.0;CAZES;48,8388800;2,1643300;4;CAZES;0.0;;2.0;2;0.0;1.0;0;0;1.0;;;1.0;5.0;1.0;50.0;Hauts-de-Seine;11;Île-de-France
201900000500;138Â 305Â 614;A01;10.0;3;2.0;2.0;1980.0;0.0;0.0;0.0;0.0;3.0;3;1.0;;2.0;7.0;0.0;1.0;8.0;19.0;1.0;;24;10;2019;19:25;5.0;92;92051;2;3.0;1.0;3.0;CHATEAU (RUE DU);48,8868600;2,2632700;4;CHATEAU (RUE DU);0.0;;2.0;3;0.0;1.0;0;0;1.0;;;1.0;0.0;1.0;50.0;Hauts-de-Seine;11;Île-de-France
201900000500;138Â 305Â 614;A01;1.0;1;1.0;1.0;1933.0;9.0;1.0;5.0;;;0;;;2.0;7.0;0.0;1.0;8.0;19.0;1.0;;24;10;2019;19:25;5.0;92;92051;2;3.0;1.0;3.0;CHATEAU (RUE DU);48,8868600;2,2632700;4;CHATEAU (RUE DU);0.0;;2.0;3;0.0;1.0;0;0;1.0;;;1.0;0.0;1.0;50.0;Hauts-de-Seine;11;Île-de-France
201900000501;138Â 305Â 610;C01;1.0;1;2.0;1.0;1987.0;0.0;1.0;0.0;;;0;;;1.0;7.0;0.0;2.0;1.0;1.0;1.0;;24;10;2019;20:00;5.0;92;92050;2;3.0;1.0;5.0;PICASSO PABLO AVENUE;48,8903000;2,2187200;4;PICASSO PABLO AVENUE;0.0;;2.0;2;0.0;1.0;0;0;3.0;;;1.0;0.0;1.0;50.0;Hauts-de-Seine;11;Île-de-France
201900000501;138Â 305Â 610;C01;2.0;2;2.0;2.0;1986.0;0.0;1.0;0.0;;;0;;;1.0;7.0;0.0;2.0;1.0;1.0;1.0;;24;10;2019;20:00;5.0;92;92050;2;3.0;1.0;5.0;PICASSO PABLO AVENUE;48,8903000;2,2187200;4;PICASSO PABLO AVENUE;0.0;;2.0;2;0.0;1.0;0;0;3.0;;;1.0;0.0;1.0;50.0;Hauts-de-Seine;11;Île-de-France
201900000501;138Â 305Â 611;A01;1.0;1;1.0;2.0;1979.0;1.0;1.0;0.0;;;0;;;1.0;7.0;0.0;2.0;3.0;26.0;1.0;;24;10;2019;20:00;5.0;92;92050;2;3.0;1.0;5.0;PICASSO PABLO AVENUE;48,8903000;2,2187200;4;PICASSO PABLO AVENUE;0.0;;2.0;2;0.0;1.0;0;0;3.0;;;1.0;0.0;1.0;50.0;Hauts-de-Seine;11;Île-de-France
201900000501;138Â 305Â 612;D01;1.0;1;1.0;1.0;1996.0;0.0;1.0;0.0;;;0;;;3.0;7.0;0.0;2.0;6.0;16.0;1.0;;24;10;2019;20:00;5.0;92;92050;2;3.0;1.0;5.0;PICASSO PABLO AVENUE;48,8903000;2,2187200;4;PICASSO PABLO AVENUE;0.0;;2.0;2;0.0;1.0;0;0;3.0;;;1.0;0.0;1.0;50.0;Hauts-de-Seine;11;Île-de-France
201900000501;138Â 305Â 612;D01;2.0;2;1.0;1.0;1991.0;0.0;1.0;0.0;;;0;;;3.0;7.0;0.0;2.0;6.0;16.0;1.0;;24;10;2019;20:00;5.0;92;92050;2;3.0;1.0;5.0;PICASSO PABLO AVENUE;48,8903000;2,2187200;4;PICASSO PABLO AVENUE;0.0;;2.0;2;0.0;1.0;0;0;3.0;;;1.0;0.0;1.0;50.0;Hauts-de-Seine;11;Île-de-France
201900000501;138Â 305Â 613;B01;1.0;1;1.0;1.0;1974.0;9.0;2.0;0.0;;;0;;;1.0;33.0;0.0;2.0;5.0;15.0;1.0;;24;10;2019;20:00;5.0;92;92050;2;3.0;1.0;5.0;PICASSO PABLO AVENUE;48,8903000;2,2187200;4;PICASSO PABLO AVENUE;0.0;;2.0;2;0.0;1.0;0;0;3.0;;;1.0;0.0;1.0;50.0;Hauts-de-Seine;11;Île-de-France
201900000502;138Â 305Â 608;B01;1.0;1;1.0;2.0;1971.0;1.0;1.0;0.0;;;0;;;1.0;7.0;0.0;2.0;5.0;0.0;1.0;;23;10;2019;19:20;5.0;92;92049;2;1.0;8.0;3.0;BRIAND AVENUE ARISTIDE AUTRES NÂ°;48,8147990;2,3256940;3;920;0.0;;2.0;8;0.0;1.0;0;1;1.0;;;2.0;0.0;1.0;50.0;Hauts-de-Seine;11;Île-de-France
201900000502;138Â 305Â 609;A01;2.0;1;2.0;1.0;1990.0;3.0;2.0;6.0;;;0;;;1.0;32.0;0.0;2.0;1.0;18.0;1.0;;23;10;2019;19:20;5.0;92;92049;2;1.0;8.0;3.0;BRIAND AVENUE ARISTIDE AUTRES NÂ°;48,8147990;2,3256940;3;920;0.0;;2.0;8;0.0;1.0;0;1;1.0;;;2.0;0.0;1.0;50.0;Hauts-de-Seine;11;Île-de-France
201900000503;138Â 305Â 607;A01;1.0;1;2.0;1.0;1962.0;4.0;2.0;6.0;;;0;;;2.0;33.0;0.0;0.0;0.0;1.0;0.0;;23;10;2019;15:00;1.0;92;92049;2;1.0;2.0;7.0;BROSSOLETTE AVENUE PIERRE;48,8118895;2,3006251;3;906;0.0;;2.0;4;3.0;4.0;0;0;1.0;;;2.0;0.0;1.0;50.0;Hauts-de-Seine;11;Île-de-France
201900000504;138Â 305Â 605;A01;1.0;1;1.0;1.0;1969.0;0.0;1.0;0.0;;;0;;;1.0;7.0;0.0;9.0;3.0;1.0;1.0;;7;7;2019;04:10;1.0;92;92044;2;4.0;1.0;6.0;TREZEL(RUE) 1A13 ET 2A10;48,8943606;2,2956479;4;BELGRAND (RUE);0.0;;1.0;1;0.0;1.0;0;0;1.0;;;1.0;0.0;1.0;50.0;Hauts-de-Seine;11;Île-de-France
201900000504;138Â 305Â 606;B01;1.0;1;2.0;1.0;1978.0;0.0;8.0;0.0;;;0;;;1.0;60.0;0.0;2.0;1.0;1.0;5.0;;7;7;2019;04:10;1.0;92;92044;2;4.0;1.0;6.0;TREZEL(RUE) 1A13 ET 2A10;48,8943606;2,2956479;4;BELGRAND (RUE);0.0;;1.0;1;0.0;1.0;0;0;1.0;;;1.0;0.0;1.0;50.0;Hauts-de-Seine;11;Île-de-France
201900000505;138Â 305Â 604;A01;1.0;1;2.0;1.0;1997.0;5.0;9.0;0.0;0.0;;0;;;1.0;99.0;8.0;1.0;2.0;13.0;1.0;;24;10;2019;15:20;1.0;92;92036;2;3.0;1.0;6.0;LAURENT CELY (AVENUE) (145/329);48,9244719;2,3044535;3;17;0.0;;3.0;;0.0;1.0;0;0;1.0;;;1.0;0.0;1.0;50.0;Hauts-de-Seine;11;Île-de-France
201900000506;138Â 305Â 602;A01;1.0;1;2.0;2.0;1994.0;3.0;1.0;8.0;;;0;;;1.0;7.0;0.0;2.0;3.0;9.0;1.0;;21;10;2019;15:10;1.0;92;92036;2;6.0;1.0;3.0;PRINCIPALE DU PORT (ROUTE) (1/17);48,9397300;2,2867900;4;PRINCIPALE DU PORT (ROUTE) (1/17);0.0;;3.0;4;0.0;1.0;0;0;1.0;;;1.0;0.0;1.0;50.0;Hauts-de-Seine;11;Île-de-France
201900000506;138Â 305Â 603;B01;1.0;1;2.0;2.0;1993.0;9.0;1.0;8.0;;;0;;;1.0;7.0;0.0;2.0;1.0;1.0;1.0;;21;10;2019;15:10;1.0;92;92036;2;6.0;1.0;3.0;PRINCIPALE DU PORT (ROUTE) (1/17);48,9397300;2,2867900;4;PRINCIPALE DU PORT (ROUTE) (1/17);0.0;;3.0;4;0.0;1.0;0;0;1.0;;;1.0;0.0;1.0;50.0;Hauts-de-Seine;11;Île-de-France
201900000507;138Â 305Â 600;B01;1.0;1;2.0;2.0;1991.0;1.0;8.0;0.0;;;0;;;3.0;60.0;0.0;2.0;1.0;1.0;5.0;;24;10;2019;16:00;1.0;92;92026;2;9.0;1.0;1.0;MISSION MARCHAND (COTE PAIR);48,9013100;2,2399400;5;MISSION MARCHAND (COTE PAIR);0.0;;2.0;1;0.0;2.0;0;0;2.0;;;1.0;6.0;1.0;50.0;Hauts-de-Seine;11;Île-de-France