Num_Acc;id_vehicule;num_veh;place;catu;grav;sexe;an_nais;trajet;secu1;secu2;secu3;locp;actp;etatp;id_usager;senc;catv;obs;obsm;choc;manv;motor;occutc;jour;mois;an;hrmn;lum;dep;com;agg;int;atm;col;adr;lat;long;catr;voie;v1;v2;circ;nbv;vosp;prof;pr;pr1;plan;lartpc;larrout;surf;infra;situ;vma;nom_departement;reg;nom_region
201900000507;138Â 305Â 601;A01;1.0;1;1.0;2.0;1977.0;1.0;8.0;8.0;;;0;;;3.0;7.0;6.0;2.0;3.0;26.0;0.0;;24;10;2019;16:00;1.0;92;92026;2;9.0;1.0;1.0;MISSION MARCHAND (COTE PAIR);48,9013100;2,2399400;5;MISSION MARCHAND (COTE PAIR);0.0;;2.0;1;0.0;2.0;0;0;2.0;;;1.0;6.0;1.0;50.0;Hauts-de-Seine;11;Île-de-France
201900000508;138Â 305Â 599;A01;10.0;3;2.0;2.0;2014.0;5.0;8.0;0.0;;3.0;3;2.0;;1.0;7.0;0.0;1.0;2.0;1.0;1.0;;24;10;2019;19:00;2.0;92;92012;2;1.0;1.0;6.0;VIEUX PONT DE SEVRES (RUE DU) 100/170 -;48,8313400;2,2418400;4;VIEUX PONT DE SEVRES (RUE DU) 100/170 -;0.0;;1.0;1;0.0;1.0;0;0;1.0;;;1.0;0.0;1.0;30.0;Hauts-de-Seine;11;Île-de-France
201900000508;138Â 305Â 599;A01;1.0;1;1.0;2.0;1988.0;5.0;1.0;0.0;;0.0;0;;;1.0;7.0;0.0;1.0;2.0;1.0;1.0;;24;10;2019;19:00;2.0;92;92012;2;1.0;1.0;6.0;VIEUX PONT DE SEVRES (RUE DU) 100/170 -;48,8313400;2,2418400;4;VIEUX PONT DE SEVRES (RUE DU) 100/170 -;0.0;;1.0;1;0.0;1.0;0;0;1.0;;;1.0;0.0;1.0;30.0;Hauts-de-Seine;11;Île-de-France
201900000509;138Â 305Â 597;B01;1.0;1;1.0;1.0;1981.0;4.0;1.0;;;0.0;0;;;2.0;17.0;0.0;2.0;8.0;1.0;1.0;;25;10;2019;13:30;1.0;54;54364;1;1.0;1.0;3.0;D331;48,6005020;6,1163960;3;331;;;2.0;2;0.0;1.0;5;0;1.0;;;1.0;0.0;1.0;80.0;Meurthe-et-Moselle;44;Grand Est
201900000509;138Â 305Â 598;A01;1.0;1;2.0;1.0;1999.0;1.0;1.0;;;0.0;0;;;1.0;7.0;0.0;2.0;3.0;13.0;1.0;;25;10;2019;13:30;1.0;54;54364;1;1.0;1.0;3.0;D331;48,6005020;6,1163960;3;331;;;2.0;2;0.0;1.0;5;0;1.0;;;1.0;0.0;1.0;80.0;Meurthe-et-Moselle;44;Grand Est
201900000509;138Â 305Â 598;A01;2.0;2;2.0;2.0;1996.0;1.0;1.0;;;0.0;0;;;1.0;7.0;0.0;2.0;3.0;13.0;1.0;;25;10;2019;13:30;1.0;54;54364;1;1.0;1.0;3.0;D331;48,6005020;6,1163960;3;331;;;2.0;2;0.0;1.0;5;0;1.0;;;1.0;0.0;1.0;80.0;Meurthe-et-Moselle;44;Grand Est
201900000510;138Â 305Â 595;B01;1.0;1;1.0;1.0;1965.0;0.0;1.0;;;0.0;0;;;1.0;7.0;0.0;2.0;3.0;1.0;1.0;;24;10;2019;06:15;3.0;01;01333;1;1.0;1.0;3.0;D4;45,9260800;4,9658630;3;4;0.0;;2.0;1;0.0;1.0;(1);(1);1.0;;;2.0;0.0;1.0;80.0;Ain;84;Auvergne-Rhône-Alpes
201900000510;138Â 305Â 596;A01;1.0;1;2.0;1.0;1977.0;1.0;2.0;;;0.0;0;;;2.0;32.0;0.0;2.0;1.0;1.0;1.0;;24;10;2019;06:15;3.0;01;01333;1;1.0;1.0;3.0;D4;45,9260800;4,9658630;3;4;0.0;;2.0;1;0.0;1.0;(1);(1);1.0;;;2.0;0.0;1.0;80.0;Ain;84;Auvergne-Rhône-Alpes
201900000511;138Â 305Â 592;C01;1.0;1;1.0;1.0;1959.0;1.0;1.0;;;0.0;0;;;1.0;7.0;0.0;2.0;4.0;2.0;1.0;;18;10;2019;18:36;3.0;68;68020;1;4.0;3.0;4.0;D39;47,8173310;7,5333460;3;39;0.0;D;2.0;2;0.0;1.0;15;300;1.0;;;2.0;0.0;1.0;80.0;Haut-Rhin;44;Grand Est
201900000511;138Â 305Â 593;B01;1.0;1;1.0;2.0;1974.0;1.0;1.0;;;0.0;0;;;1.0;7.0;0.0;2.0;4.0;2.0;1.0;;18;10;2019;18:36;3.0;68;68020;1;4.0;3.0;4.0;D39;47,8173310;7,5333460;3;39;0.0;D;2.0;2;0.0;1.0;15;300;1.0;;;2.0;0.0;1.0;80.0;Haut-Rhin;44;Grand Est
201900000511;138Â 305Â 594;A01;1.0;1;2.0;1.0;1996.0;1.0;1.0;;;0.0;0;;;1.0;7.0;0.0;2.0;1.0;2.0;1.0;;18;10;2019;18:36;3.0;68;68020;1;4.0;3.0;4.0;D39;47,8173310;7,5333460;3;39;0.0;D;2.0;2;0.0;1.0;15;300;1.0;;;2.0;0.0;1.0;80.0;Haut-Rhin;44;Grand Est
201900000512;138Â 305Â 589;A01;2.0;2;1.0;2.0;1946.0;9.0;1.0;5.0;;0.0;0;;;2.0;7.0;0.0;2.0;1.0;2.0;1.0;;25;10;2019;09:50;1.0;22;22389;1;1.0;2.0;4.0;Yffiniac;48,4820030; -2,6853060;2;12;0.0;;3.0;4;0.0;1.0;50;975;1.0;;;2.0;0.0;1.0;110.0;Côtes-d'Armor;53;Bretagne
201900000512;138Â 305Â 589;A01;1.0;1;1.0;1.0;1943.0;5.0;1.0;5.0;;0.0;0;;;2.0;7.0;0.0;2.0;1.0;2.0;1.0;;25;10;2019;09:50;1.0;22;22389;1;1.0;2.0;4.0;Yffiniac;48,4820030; -2,6853060;2;12;0.0;;3.0;4;0.0;1.0;50;975;1.0;;;2.0;0.0;1.0;110.0;Côtes-d'Armor;53;Bretagne
201900000512;138Â 305Â 590;B01;1.0;1;1.0;1.0;1962.0;5.0;1.0;;;0.0;0;;;2.0;7.0;0.0;2.0;4.0;1.0;1.0;;25;10;2019;09:50;1.0;22;22389;1;1.0;2.0;4.0;Yffiniac;48,4820030; -2,6853060;2;12;0.0;;3.0;4;0.0;1.0;50;975;1.0;;;2.0;0.0;1.0;110.0;Côtes-d'Armor;53;Bretagne
201900000512;138Â 305Â 590;B01;2.0;2;1.0;2.0;1963.0;0.0;1.0;;;0.0;0;;;2.0;7.0;0.0;2.0;4.0;1.0;1.0;;25;10;2019;09:50;1.0;22;22389;1;1.0;2.0;4.0;Yffiniac;48,4820030; -2,6853060;2;12;0.0;;3.0;4;0.0;1.0;50;975;1.0;;;2.0;0.0;1.0;110.0;Côtes-d'Armor;53;Bretagne
201900000512;138Â 305Â 591;C01;1.0;1;2.0;2.0;1988.0;0.0;1.0;;;0.0;0;;;2.0;7.0;0.0;2.0;6.0;1.0;1.0;;25;10;2019;09:50;1.0;22;22389;1;1.0;2.0;4.0;Yffiniac;48,4820030; -2,6853060;2;12;0.0;;3.0;4;0.0;1.0;50;975;1.0;;;2.0;0.0;1.0;110.0;Côtes-d'Armor;53;Bretagne
201900000513;138Â 305Â 585;A01;1.0;1;3.0;1.0;1987.0;5.0;1.0;;;0.0;0;;;1.0;7.0;2.0;0.0;9.0;1.0;1.0;;25;10;2019;16:40;1.0;50;50363;1;1.0;1.0;6.0;La Longue Rue -mesnil Opac;49,0208950; -1,1162420;3;77;0.0;;2.0;2;0.0;1.0;(1);(1);1.0;;;1.0;0.0;3.0;80.0;Manche;28;Normandie
201900000513;138Â 305Â 585;A01;2.0;2;2.0;1.0;1983.0;5.0;1.0;;;0.0;0;;;1.0;7.0;2.0;0.0;9.0;1.0;1.0;;25;10;2019;16:40;1.0;50;50363;1;1.0;1.0;6.0;La Longue Rue -mesnil Opac;49,0208950; -1,1162420;3;77;0.0;;2.0;2;0.0;1.0;(1);(1);1.0;;;1.0;0.0;3.0;80.0;Manche;28;Normandie
201900000514;138Â 305Â 583;A01;1.0;1;1.0;1.0;1968.0;4.0;8.0;;;0.0;0;;;1.0;99.0;0.0;0.0;6.0;26.0;1.0;;24;10;2019;19:10;4.0;30;30047;1;1.0;1.0;3.0;D135;43,8052760;4,4087150;3;135;0.0;D;2.0;2;0.0;1.0;15;600;1.0;;;1.0;0.0;1.0;80.0;Gard;76;Occitanie
201900000514;138Â 305Â 584;B01;1.0;1;2.0;1.0;1967.0;0.0;8.0;;;0.0;0;;;2.0;33.0;0.0;0.0;0.0;1.0;6.0;;24;10;2019;19:10;4.0;30;30047;1;1.0;1.0;3.0;D135;43,8052760;4,4087150;3;135;0.0;D;2.0;2;0.0;1.0;15;600;1.0;;;1.0;0.0;1.0;80.0;Gard;76;Occitanie
201900000515;138Â 305Â 581;A01;1.0;1;3.0;1.0;1935.0;5.0;8.0;;;0.0;0;;;3.0;3.0;0.0;0.0;8.0;1.0;1.0;;24;10;2019;15:40;1.0;57;57330;2;2.0;1.0;3.0;31 Rue de la Source;49,0163000;6,9552910;4;;0.0;;2.0;2;0.0;2.0;(1);(1);1.0;;;1.0;0.0;1.0;50.0;Moselle;44;Grand Est
201900000515;138Â 305Â 582;B01;1.0;1;1.0;2.0;1953.0;5.0;1.0;;;0.0;0;;;3.0;7.0;0.0;2.0;1.0;1.0;1.0;;24;10;2019;15:40;1.0;57;57330;2;2.0;1.0;3.0;31 Rue de la Source;49,0163000;6,9552910;4;;0.0;;2.0;2;0.0;2.0;(1);(1);1.0;;;1.0;0.0;1.0;50.0;Moselle;44;Grand Est
201900000516;138Â 305Â 579;A01;1.0;1;2.0;2.0;1973.0;1.0;1.0;5.0;;0.0;0;;;2.0;7.0;0.0;2.0;3.0;0.0;1.0;;25;10;2019;05:00;3.0;51;51588;1;1.0;1.0;1.0;RD 3;49,0716456;4,8202181;3;3;0.0;;2.0;2;0.0;1.0;98;0;1.0;;;1.0;0.0;1.0;70.0;Marne;44;Grand Est
201900000516;138Â 305Â 580;B01;1.0;1;1.0;1.0;1978.0;0.0;1.0;4.0;;0.0;0;;;1.0;7.0;0.0;2.0;3.0;1.0;0.0;;25;10;2019;05:00;3.0;51;51588;1;1.0;1.0;1.0;RD 3;49,0716456;4,8202181;3;3;0.0;;2.0;2;0.0;1.0;98;0;1.0;;;1.0;0.0;1.0;70.0;Marne;44;Grand Est
201900000517;138Â 305Â 577;B01;1.0;1;2.0;1.0;1966.0;5.0;2.0;;;0.0;0;;;2.0;33.0;0.0;2.0;1.0;1.0;1.0;;24;10;2019;18:40;1.0;56;56193;1;4.0;1.0;1.0;4 Rue Pierre-marie JaffrÃ©;47,7237062; -3,3220381;3;111;;;2.0;2;0.0;1.0;1;300;1.0;;;2.0;0.0;1.0;50.0;Morbihan;53;Bretagne
201900000517;138Â 305Â 578;A01;1.0;1;1.0;1.0;1945.0;5.0;1.0;;;0.0;0;;;1.0;7.0;0.0;2.0;3.0;15.0;1.0;;24;10;2019;18:40;1.0;56;56193;1;4.0;1.0;1.0;4 Rue Pierre-marie JaffrÃ©;47,7237062; -3,3220381;3;111;;;2.0;2;0.0;1.0;1;300;1.0;;;2.0;0.0;1.0;50.0;Morbihan;53;Bretagne
201900000518;138Â 305Â 575;A01;1.0;1;3.0;1.0;1961.0;4.0;1.0;;;0.0;0;;;1.0;7.0;0.0;2.0;2.0;0.0;0.0;;24;10;2019;11:40;1.0;76;76318;1;2.0;1.0;3.0;905 Route de Grandcamp;49,5560600;0,6001730;3;30;0.0;D;2.0;2;0.0;1.0;5;301;1.0;;;1.0;0.0;1.0;80.0;Seine-Maritime;28;Normandie
201900000518;138Â 305Â 576;B01;1.0;1;2.0;1.0;1961.0;4.0;1.0;;;0.0;0;;;1.0;7.0;0.0;2.0;3.0;0.0;0.0;;24;10;2019;11:40;1.0;76;76318;1;2.0;1.0;3.0;905 Route de Grandcamp;49,5560600;0,6001730;3;30;0.0;D;2.0;2;0.0;1.0;5;301;1.0;;;1.0;0.0;1.0;80.0;Seine-Maritime;28;Normandie
201900000519;138Â 305Â 574;A01;1.0;1;3.0;1.0;1959.0;5.0;1.0;;;0.0;0;;;1.0;7.0;7.0;0.0;8.0;13.0;1.0;;24;10;2019;21:35;3.0;32;32148;1;1.0;2.0;6.0;N124;43,6142470;0,9388830;2;124;;;2.0;2;0.0;2.0;25;300;1.0;;;2.0;0.0;3.0;80.0;Gers;76;Occitanie
201900000520;138Â 305Â 572;A01;1.0;1;2.0;1.0;2002.0;5.0;2.0;6.0;;0.0;0;;;3.0;2.0;0.0;2.0;2.0;1.0;1.0;;5;3;2019;17:40;1.0;11;11085;2;1.0;1.0;1.0;impasse du chateau d eau;43,1618460;2,3496110;4;;;;2.0;2;0.0;2.0;(1);(1);1.0;;;1.0;0.0;1.0;50.0;Aude;76;Occitanie
201900000520;138Â 305Â 573;B01;1.0;1;1.0;1.0;1990.0;5.0;1.0;;;0.0;0;;;3.0;7.0;0.0;2.0;2.0;5.0;1.0;;5;3;2019;17:40;1.0;11;11085;2;1.0;1.0;1.0;impasse du chateau d eau;43,1618460;2,3496110;4;;;;2.0;2;0.0;2.0;(1);(1);1.0;;;1.0;0.0;1.0;50.0;Aude;76;Occitanie
201900000521;138Â 305Â 570;A01;1.0;1;1.0;1.0;1995.0;5.0;1.0;;;0.0;0;;;2.0;7.0;0.0;2.0;1.0;1.0;1.0;;22;10;2019;12:40;1.0;71;71014;2;3.0;8.0;1.0;Rue de Planoise;46,9403110;4,3150250;3;120;0.0;;2.0;2;0.0;3.0;(1);(1);1.0;;;2.0;0.0;1.0;50.0;Saône-et-Loire;27;Bourgogne-Franche-Comté
201900000521;138Â 305Â 571;B01;1.0;1;2.0;2.0;1995.0;5.0;1.0;;;0.0;0;;;2.0;7.0;0.0;2.0;3.0;1.0;1.0;;22;10;2019;12:40;1.0;71;71014;2;3.0;8.0;1.0;Rue de Planoise;46,9403110;4,3150250;3;120;0.0;;2.0;2;0.0;3.0;(1);(1);1.0;;;2.0;0.0;1.0;50.0;Saône-et-Loire;27;Bourgogne-Franche-Comté
201900000522;138Â 305Â 569;A01;10.0;3;3.0;2.0;1953.0;3.0;0.0;;;2.0;3;1.0;;2.0;7.0;0.0;1.0;2.0;1.0;1.0;;25;10;2019;08:00;5.0;61;61494;2;2.0;2.0;6.0;Rue Louis Guene;48,8431700;0,0335490;3;916;;;2.0;2;0.0;1.0;19;100;1.0;;;2.0;0.0;1.0;50.0;Orne;28;Normandie
201900000522;138Â 305Â 569;A01;1.0;1;1.0;2.0;1993.0;5.0;1.0;;;0.0;0;;;2.0;7.0;0.0;1.0;2.0;1.0;1.0;;25;10;2019;08:00;5.0;61;61494;2;2.0;2.0;6.0;Rue Louis Guene;48,8431700;0,0335490;3;916;;;2.0;2;0.0;1.0;19;100;1.0;;;2.0;0.0;1.0;50.0;Orne;28;Normandie
201900000523;138Â 305Â 567;A01;9.0;2;2.0;1.0;2019.0;9.0;3.0;;;0.0;0;;;3.0;7.0;0.0;2.0;1.0;2.0;0.0;;25;10;2019;08:33;2.0;47;47021;2;1.0;5.0;1.0;53 Route des Martinets;44,1624850;0,2861600;4;;;;2.0;2;0.0;1.0;(1);(1);2.0;;;1.0;0.0;1.0;70.0;Lot-et-Garonne;75;Nouvelle-Aquitaine
201900000523;138Â 305Â 567;A01;1.0;1;2.0;2.0;1983.0;9.0;1.0;;;0.0;0;;;3.0;7.0;0.0;2.0;1.0;2.0;0.0;;25;10;2019;08:33;2.0;47;47021;2;1.0;5.0;1.0;53 Route des Martinets;44,1624850;0,2861600;4;;;;2.0;2;0.0;1.0;(1);(1);2.0;;;1.0;0.0;1.0;70.0;Lot-et-Garonne;75;Nouvelle-Aquitaine
201900000523;138Â 305Â 568;B01;1.0;1;2.0;2.0;1967.0;1.0;1.0;;;0.0;0;;;3.0;7.0;0.0;2.0;1.0;1.0;1.0;;25;10;2019;08:33;2.0;47;47021;2;1.0;5.0;1.0;53 Route des Martinets;44,1624850;0,2861600;4;;;;2.0;2;0.0;1.0;(1);(1);2.0;;;1.0;0.0;1.0;70.0;Lot-et-Garonne;75;Nouvelle-Aquitaine
201900000524;138Â 305Â 565;B01;9.0;2;1.0;2.0;2014.0;5.0;1.0;;;0.0;0;;;2.0;7.0;0.0;2.0;3.0;1.0;1.0;;25;10;2019;14:25;1.0;39;39326;1;1.0;1.0;1.0;;46,5929180;5,6759960;3;678;;;2.0;2;0.0;1.0;27;60;3.0;;;1.0;0.0;1.0;80.0;Jura;27;Bourgogne-Franche-Comté
201900000524;138Â 305Â 565;B01;1.0;1;1.0;1.0;1980.0;5.0;1.0;;;0.0;0;;;2.0;7.0;0.0;2.0;3.0;1.0;1.0;;25;10;2019;14:25;1.0;39;39326;1;1.0;1.0;1.0;;46,5929180;5,6759960;3;678;;;2.0;2;0.0;1.0;27;60;3.0;;;1.0;0.0;1.0;80.0;Jura;27;Bourgogne-Franche-Comté
201900000524;138Â 305Â 565;B01;7.0;2;1.0;2.0;2010.0;5.0;1.0;;;0.0;0;;;2.0;7.0;0.0;2.0;3.0;1.0;1.0;;25;10;2019;14:25;1.0;39;39326;1;1.0;1.0;1.0;;46,5929180;5,6759960;3;678;;;2.0;2;0.0;1.0;27;60;3.0;;;1.0;0.0;1.0;80.0;Jura;27;Bourgogne-Franche-Comté
201900000524;138Â 305Â 565;B01;2.0;2;1.0;2.0;2007.0;5.0;1.0;;;0.0;0;;;2.0;7.0;0.0;2.0;3.0;1.0;1.0;;25;10;2019;14:25;1.0;39;39326;1;1.0;1.0;1.0;;46,5929180;5,6759960;3;678;;;2.0;2;0.0;1.0;27;60;3.0;;;1.0;0.0;1.0;80.0;Jura;27;Bourgogne-Franche-Comté
201900000524;138Â 305Â 566;A01;1.0;1;4.0;1.0;1990.0;5.0;2.0;;;0.0;0;;;1.0;33.0;0.0;2.0;1.0;17.0;1.0;;25;10;2019;14:25;1.0;39;39326;1;1.0;1.0;1.0;;46,5929180;5,6759960;3;678;;;2.0;2;0.0;1.0;27;60;3.0;;;1.0;0.0;1.0;80.0;Jura;27;Bourgogne-Franche-Comté
201900000525;138Â 305Â 563;B01;1.0;1;1.0;1.0;1970.0;1.0;8.0;;;0.0;0;;;2.0;7.0;0.0;2.0;1.0;1.0;1.0;;24;10;2019;17:30;1.0;38;38463;2;3.0;1.0;3.0;Le Village;45,1745540;5,3328370;3;518;0.0;D;2.0;2;0.0;1.0;73;100;1.0;;;1.0;0.0;1.0;30.0;Isère;84;Auvergne-Rhône-Alpes
201900000525;138Â 305Â 564;A01;1.0;1;2.0;2.0;1993.0;4.0;8.0;;;0.0;0;;;1.0;7.0;0.0;2.0;2.0;15.0;1.0;;24;10;2019;17:30;1.0;38;38463;2;3.0;1.0;3.0;Le Village;45,1745540;5,3328370;3;518;0.0;D;2.0;2;0.0;1.0;73;100;1.0;;;1.0;0.0;1.0;30.0;Isère;84;Auvergne-Rhône-Alpes
201900000525;138Â 305Â 564;A01;2.0;2;2.0;1.0;2006.0;2.0;8.0;;;0.0;0;;;1.0;7.0;0.0;2.0;2.0;15.0;1.0;;24;10;2019;17:30;1.0;38;38463;2;3.0;1.0;3.0;Le Village;45,1745540;5,3328370;3;518;0.0;D;2.0;2;0.0;1.0;73;100;1.0;;;1.0;0.0;1.0;30.0;Isère;84;Auvergne-Rhône-Alpes
201900000526;138Â 305Â 561;B01;1.0;1;3.0;1.0;1982.0;5.0;0.0;;;0.0;0;;;0.0;80.0;0.0;2.0;1.0;5.0;3.0;;11;10;2019;16:40;1.0;38;38039;2;1.0;1.0;1.0;685 Chemin du Vivier;45,2630800;5,8645680;4;;;;2.0;2;0.0;2.0;(1);(1);4.0;;;1.0;0.0;1.0;50.0;Isère;84;Auvergne-Rhône-Alpes
201900000526;138Â 305Â 562;A01;1.0;1;1.0;1.0;1984.0;0.0;1.0;;;0.0;0;;;0.0;7.0;0.0;9.0;3.0;1.0;1.0;;11;10;2019;16:40;1.0;38;38039;2;1.0;1.0;1.0;685 Chemin du Vivier;45,2630800;5,8645680;4;;;;2.0;2;0.0;2.0;(1);(1);4.0;;;1.0;0.0;1.0;50.0;Isère;84;Auvergne-Rhône-Alpes
201900000527;138Â 305Â 560;A01;1.0;1;2.0;1.0;2000.0;5.0;2.0;;;0.0;0;;;1.0;33.0;13.0;0.0;0.0;1.0;1.0;;25;10;2019;09:00;1.0;03;03108;1;1.0;1.0;7.0;;46,1847756;2,9451283;3;998;0.0;;2.0;2;0.0;2.0;20;289;3.0;;;2.0;0.0;3.0;80.0;Allier;84;Auvergne-Rhône-Alpes
201900000528;138Â 305Â 558;B01;1.0;1;3.0;1.0;1959.0;5.0;0.0;;;0.0;0;;;3.0;1.0;0.0;2.0;1.0;1.0;5.0;;24;10;2019;14:40;1.0;03;03082;2;2.0;1.0;3.0;rue Aujame;46,2949333;2,7353721;4;;0.0;;2.0;2;0.0;1.0;(1);(1);1.0;;;1.0;0.0;1.0;50.0;Allier;84;Auvergne-Rhône-Alpes
201900000528;138Â 305Â 559;A01;1.0;1;1.0;2.0;1971.0;1.0;1.0;;;0.0;0;;;3.0;7.0;0.0;2.0;2.0;1.0;1.0;;24;10;2019;14:40;1.0;03;03082;2;2.0;1.0;3.0;rue Aujame;46,2949333;2,7353721;4;;0.0;;2.0;2;0.0;1.0;(1);(1);1.0;;;1.0;0.0;1.0;50.0;Allier;84;Auvergne-Rhône-Alpes
201900000529;138Â 305Â 555;A01;1.0;1;3.0;2.0;1956.0;5.0;1.0;;;0.0;0;;;2.0;7.0;13.0;0.0;3.0;1.0;1.0;;24;10;2019;10:50;1.0;15;15253;1;1.0;1.0;6.0;D9;45,2147650;2,8750550;3;9;0.0;D;2.0;2;0.0;1.0;31;530;3.0;;;1.0;0.0;3.0;80.0;Cantal;84;Auvergne-Rhône-Alpes
201900000530;138Â 305Â 553;B01;1.0;1;3.0;1.0;2005.0;5.0;2.0;;;0.0;0;;;3.0;1.0;13.0;0.0;4.0;15.0;5.0;;25;10;2019;11:50;1.0;01;01093;1;3.0;1.0;1.0;1 Lotissement Domaine Berthaud;46,1073500;4,9627720;3;2;0.0;;2.0;2;0.0;1.0;(1);(1);1.0;;;1.0;0.0;1.0;80.0;Ain;84;Auvergne-Rhône-Alpes
201900000530;138Â 305Â 554;A01;2.0;2;1.0;2.0;1948.0;5.0;1.0;;;0.0;0;;;3.0;7.0;0.0;2.0;2.0;21.0;1.0;;25;10;2019;11:50;1.0;01;01093;1;3.0;1.0;1.0;1 Lotissement Domaine Berthaud;46,1073500;4,9627720;3;2;0.0;;2.0;2;0.0;1.0;(1);(1);1.0;;;1.0;0.0;1.0;80.0;Ain;84;Auvergne-Rhône-Alpes
201900000530;138Â 305Â 554;A01;1.0;1;1.0;2.0;1939.0;5.0;1.0;;;0.0;0;;;3.0;7.0;0.0;2.0;2.0;21.0;1.0;;25;10;2019;11:50;1.0;01;01093;1;3.0;1.0;1.0;1 Lotissement Domaine Berthaud;46,1073500;4,9627720;3;2;0.0;;2.0;2;0.0;1.0;(1);(1);1.0;;;1.0;0.0;1.0;80.0;Ain;84;Auvergne-Rhône-Alpes
201900000531;138Â 305Â 552;A01;1.0;1;3.0;1.0;1987.0;5.0;2.0;;;0.0;0;;;1.0;33.0;0.0;0.0;0.0;1.0;1.0;;24;10;2019;21:50;3.0;58;58273;1;1.0;1.0;7.0;rd 981 pr6+600;46,9631690;3,2363190;3;981;;;2.0;2;0.0;3.0;6;600;1.0;;;1.0;0.0;1.0;80.0;Nièvre;27;Bourgogne-Franche-Comté
201900000532;138Â 305Â 551;A01;10.0;3;2.0;1.0;1936.0;5.0;0.0;;;3.0;3;1.0;;3.0;7.0;0.0;1.0;1.0;1.0;1.0;;25;10;2019;09:25;1.0;58;58095;2;1.0;7.0;6.0;2 Place du Champ de Foire;46,8302060;3,4620860;3;978;;A;2.0;2;0.0;1.0;(1);(1);1.0;;;1.0;9.0;1.0;50.0;Nièvre;27;Bourgogne-Franche-Comté
201900000532;138Â 305Â 551;A01;1.0;1;1.0;1.0;1989.0;3.0;1.0;;;0.0;0;;;3.0;7.0;0.0;1.0;1.0;1.0;1.0;;25;10;2019;09:25;1.0;58;58095;2;1.0;7.0;6.0;2 Place du Champ de Foire;46,8302060;3,4620860;3;978;;A;2.0;2;0.0;1.0;(1);(1);1.0;;;1.0;9.0;1.0;50.0;Nièvre;27;Bourgogne-Franche-Comté
201900000533;138Â 305Â 550;A01;1.0;1;1.0;1.0;1973.0;3.0;8.0;;;0.0;0;;;3.0;3.0;0.0;1.0;1.0;15.0;1.0;;24;10;2019;14:15;1.0;66;66124;2;4.0;1.0;6.0;1 Avenue d'Espagne;42,5042230;2,0390290;3;10;0.0;F;1.0;1;0.0;1.0;0;0;1.0;;;1.0;0.0;1.0;30.0;Pyrénées-Orientales;76;Occitanie
201900000533;138Â 305Â 550;A01;10.0;3;2.0;2.0;1929.0;5.0;0.0;;;2.0;3;2.0;;3.0;3.0;0.0;1.0;1.0;15.0;1.0;;24;10;2019;14:15;1.0;66;66124;2;4.0;1.0;6.0;1 Avenue d'Espagne;42,5042230;2,0390290;3;10;0.0;F;1.0;1;0.0;1.0;0;0;1.0;;;1.0;0.0;1.0;30.0;Pyrénées-Orientales;76;Occitanie
201900000533;138Â 305Â 550;A01;10.0;3;1.0;1.0;1929.0;5.0;0.0;;;2.0;3;2.0;;3.0;3.0;0.0;1.0;1.0;15.0;1.0;;24;10;2019;14:15;1.0;66;66124;2;4.0;1.0;6.0;1 Avenue d'Espagne;42,5042230;2,0390290;3;10;0.0;F;1.0;1;0.0;1.0;0;0;1.0;;;1.0;0.0;1.0;30.0;Pyrénées-Orientales;76;Occitanie
201900000534;138Â 305Â 549;A01;1.0;1;3.0;1.0;1958.0;5.0;2.0;;;0.0;0;;;2.0;2.0;0.0;0.0;7.0;16.0;1.0;;22;10;2019;13:28;1.0;50;50376;2;3.0;1.0;7.0;la maladrie;49,0249890; -1,4196000;3;27;;;2.0;2;0.0;1.0;(1);(1);1.0;;;1.0;0.0;1.0;50.0;Manche;28;Normandie
201900000535;138Â 305Â 548;A01;1.0;1;4.0;1.0;1993.0;5.0;2.0;;;0.0;0;;;1.0;33.0;13.0;0.0;1.0;2.0;1.0;;25;10;2019;17:30;1.0;50;50297;1;1.0;1.0;6.0;La Germainerie;49,1840470; -1,0972350;3;88;;;2.0;2;0.0;2.0;(1);(1);3.0;;;1.0;2.0;8.0;80.0;Manche;28;Normandie
201900000536;138Â 305Â 546;A01;1.0;1;2.0;1.0;1970.0;0.0;2.0;6.0;9.0;0.0;0;;;1.0;34.0;0.0;6.0;1.0;1.0;1.0;;24;10;2019;19:23;3.0;60;60238;1;1.0;1.0;6.0;D1017;49,2489070;2,5866000;3;1017;0.0;;2.0;2;0.0;1.0;16;300;1.0;;;1.0;0.0;1.0;80.0;Oise;32;Hauts-de-France
201900000537;138Â 305Â 544;B01;9.0;2;1.0;2.0;2019.0;9.0;1.0;3.0;9.0;0.0;0;;;1.0;7.0;0.0;2.0;1.0;1.0;1.0;;21;10;2019;11:20;1.0;18;18118;1;1.0;8.0;2.0;Rue des Mares;47,0555840;2,9838790;3;920;0.0;;2.0;2;0.0;1.0;39;115;1.0;;;2.0;1.0;1.0;80.0;Cher;24;Centre-Val de Loire
201900000537;138Â 305Â 544;B01;1.0;1;2.0;1.0;1989.0;9.0;1.0;9.0;;0.0;0;;;1.0;7.0;0.0;2.0;1.0;1.0;1.0;;21;10;2019;11:20;1.0;18;18118;1;1.0;8.0;2.0;Rue des Mares;47,0555840;2,9838790;3;920;0.0;;2.0;2;0.0;1.0;39;115;1.0;;;2.0;1.0;1.0;80.0;Cher;24;Centre-Val de Loire