Num_Acc;id_vehicule;num_veh;place;catu;grav;sexe;an_nais;trajet;secu1;secu2;secu3;locp;actp;etatp;id_usager;senc;catv;obs;obsm;choc;manv;motor;occutc;jour;mois;an;hrmn;lum;dep;com;agg;int;atm;col;adr;lat;long;catr;voie;v1;v2;circ;nbv;vosp;prof;pr;pr1;plan;lartpc;larrout;surf;infra;situ;vma;nom_departement;reg;nom_region
201900000537;138Â 305Â 545;A01;1.0;1;1.0;1.0;1978.0;4.0;1.0;;;0.0;0;;;1.0;13.0;6.0;0.0;3.0;1.0;1.0;;21;10;2019;11:20;1.0;18;18118;1;1.0;8.0;2.0;Rue des Mares;47,0555840;2,9838790;3;920;0.0;;2.0;2;0.0;1.0;39;115;1.0;;;2.0;1.0;1.0;80.0;Cher;24;Centre-Val de Loire
201900000538;138Â 305Â 543;A01;1.0;1;2.0;1.0;1949.0;5.0;2.0;;;0.0;0;;;1.0;1.0;0.0;0.0;0.0;1.0;5.0;;25;10;2019;17:25;1.0;04;04004;1;1.0;1.0;7.0;RD 111;43,7778290;6,0276900;3;111;0.0;;2.0;2;0.0;2.0;1;300;3.0;;;1.0;0.0;1.0;80.0;Alpes-de-Haute-Provence;93;Provence-Alpes-Côte d'Azur
201900000539;138Â 305Â 541;B01;1.0;1;2.0;2.0;1943.0;5.0;1.0;;;0.0;0;;;2.0;7.0;0.0;0.0;4.0;1.0;2.0;;25;10;2019;17:00;1.0;04;04116;1;1.0;1.0;2.0;RD 4;44,0417260;6,0051590;3;4;;;2.0;2;0.0;1.0;57;100;1.0;;;1.0;0.0;1.0;80.0;Alpes-de-Haute-Provence;93;Provence-Alpes-Côte d'Azur
201900000539;138Â 305Â 541;B01;9.0;2;3.0;1.0;2001.0;5.0;1.0;;;0.0;0;;;2.0;7.0;0.0;0.0;4.0;1.0;2.0;;25;10;2019;17:00;1.0;04;04116;1;1.0;1.0;2.0;RD 4;44,0417260;6,0051590;3;4;;;2.0;2;0.0;1.0;57;100;1.0;;;1.0;0.0;1.0;80.0;Alpes-de-Haute-Provence;93;Provence-Alpes-Côte d'Azur
201900000539;138Â 305Â 541;B01;2.0;2;3.0;1.0;1936.0;5.0;1.0;;;0.0;0;;;2.0;7.0;0.0;0.0;4.0;1.0;2.0;;25;10;2019;17:00;1.0;04;04116;1;1.0;1.0;2.0;RD 4;44,0417260;6,0051590;3;4;;;2.0;2;0.0;1.0;57;100;1.0;;;1.0;0.0;1.0;80.0;Alpes-de-Haute-Provence;93;Provence-Alpes-Côte d'Azur
201900000539;138Â 305Â 542;A01;1.0;1;1.0;1.0;1999.0;4.0;1.0;;;0.0;0;;;2.0;7.0;0.0;2.0;1.0;1.0;1.0;;25;10;2019;17:00;1.0;04;04116;1;1.0;1.0;2.0;RD 4;44,0417260;6,0051590;3;4;;;2.0;2;0.0;1.0;57;100;1.0;;;1.0;0.0;1.0;80.0;Alpes-de-Haute-Provence;93;Provence-Alpes-Côte d'Azur
201900000540;138Â 305Â 540;A01;1.0;1;3.0;2.0;1991.0;5.0;1.0;;;0.0;0;;;1.0;7.0;2.0;0.0;1.0;1.0;6.0;;20;10;2019;08:00;2.0;27;27091;2;1.0;1.0;6.0;9 CitÃ© du Beau Soleil;49,3599280;0,8514530;3;675;;;2.0;2;0.0;1.0;6;600;2.0;;;1.0;0.0;3.0;50.0;Eure;28;Normandie
201900000541;138Â 305Â 539;B01;1.0;1;1.0;2.0;1970.0;9.0;1.0;;;0.0;0;;;1.0;7.0;0.0;1.0;2.0;1.0;1.0;;25;10;2019;07:50;2.0;23;23093;1;1.0;1.0;6.0;D997;46,2123970;2,2386630;3;997;0.0;;2.0;2;0.0;1.0;28;131;1.0;;;1.0;0.0;1.0;80.0;Creuse;75;Nouvelle-Aquitaine
201900000541;138Â 305Â 539;B01;2.0;2;1.0;2.0;2000.0;9.0;1.0;;;0.0;0;;;1.0;7.0;0.0;1.0;2.0;1.0;1.0;;25;10;2019;07:50;2.0;23;23093;1;1.0;1.0;6.0;D997;46,2123970;2,2386630;3;997;0.0;;2.0;2;0.0;1.0;28;131;1.0;;;1.0;0.0;1.0;80.0;Creuse;75;Nouvelle-Aquitaine
201900000541;138Â 305Â 539;B01;10.0;3;4.0;2.0;1961.0;1.0;0.0;;;1.0;3;1.0;;1.0;7.0;0.0;1.0;2.0;1.0;1.0;;25;10;2019;07:50;2.0;23;23093;1;1.0;1.0;6.0;D997;46,2123970;2,2386630;3;997;0.0;;2.0;2;0.0;1.0;28;131;1.0;;;1.0;0.0;1.0;80.0;Creuse;75;Nouvelle-Aquitaine
201900000542;138Â 305Â 538;A01;8.0;2;1.0;1.0;1985.0;5.0;0.0;;;0.0;0;;;1.0;99.0;16.0;0.0;3.0;1.0;6.0;;25;10;2019;10:35;1.0;37;37218;1;1.0;8.0;7.0;DÃ©partementale 41 PK/ PR:12+500;46,9781637;1,0305948;3;41;;;2.0;2;0.0;3.0;12;500;1.0;;;2.0;0.0;3.0;80.0;Indre-et-Loire;24;Centre-Val de Loire
201900000542;138Â 305Â 538;A01;1.0;1;1.0;1.0;1978.0;5.0;0.0;;;0.0;0;;;1.0;99.0;16.0;0.0;3.0;1.0;6.0;;25;10;2019;10:35;1.0;37;37218;1;1.0;8.0;7.0;DÃ©partementale 41 PK/ PR:12+500;46,9781637;1,0305948;3;41;;;2.0;2;0.0;3.0;12;500;1.0;;;2.0;0.0;3.0;80.0;Indre-et-Loire;24;Centre-Val de Loire
201900000542;138Â 305Â 538;A01;2.0;2;3.0;2.0;2012.0;5.0;0.0;;;0.0;0;;;1.0;99.0;16.0;0.0;3.0;1.0;6.0;;25;10;2019;10:35;1.0;37;37218;1;1.0;8.0;7.0;DÃ©partementale 41 PK/ PR:12+500;46,9781637;1,0305948;3;41;;;2.0;2;0.0;3.0;12;500;1.0;;;2.0;0.0;3.0;80.0;Indre-et-Loire;24;Centre-Val de Loire
201900000542;138Â 305Â 538;A01;7.0;2;1.0;1.0;2015.0;5.0;0.0;;;0.0;0;;;1.0;99.0;16.0;0.0;3.0;1.0;6.0;;25;10;2019;10:35;1.0;37;37218;1;1.0;8.0;7.0;DÃ©partementale 41 PK/ PR:12+500;46,9781637;1,0305948;3;41;;;2.0;2;0.0;3.0;12;500;1.0;;;2.0;0.0;3.0;80.0;Indre-et-Loire;24;Centre-Val de Loire
201900000543;138Â 305Â 534;B01;1.0;1;3.0;1.0;2002.0;1.0;2.0;;;0.0;0;;;3.0;31.0;0.0;2.0;1.0;1.0;1.0;;25;10;2019;07:30;3.0;24;24035;1;1.0;5.0;3.0;D53;44,7573980;0,9800920;4;5;0.0;;2.0;2;0.0;1.0;(1);(1);1.0;;;2.0;0.0;1.0;80.0;Dordogne;75;Nouvelle-Aquitaine
201900000543;138Â 305Â 535;A01;1.0;1;2.0;1.0;1975.0;9.0;1.0;;;0.0;0;;;3.0;7.0;0.0;2.0;3.0;15.0;1.0;;25;10;2019;07:30;3.0;24;24035;1;1.0;5.0;3.0;D53;44,7573980;0,9800920;4;5;0.0;;2.0;2;0.0;1.0;(1);(1);1.0;;;2.0;0.0;1.0;80.0;Dordogne;75;Nouvelle-Aquitaine
201900000544;138Â 305Â 532;B01;1.0;1;2.0;1.0;1996.0;5.0;2.0;;;0.0;0;;;2.0;34.0;0.0;2.0;1.0;2.0;1.0;;24;10;2019;16:00;1.0;30;30036;1;1.0;1.0;2.0;Route Nationale 113;43,7804619;4,2930618;2;113;;;2.0;2;0.0;1.0;35;500;1.0;;;1.0;0.0;1.0;70.0;Gard;76;Occitanie
201900000544;138Â 305Â 532;B01;2.0;2;2.0;1.0;1993.0;5.0;2.0;;;0.0;0;;;2.0;34.0;0.0;2.0;1.0;2.0;1.0;;24;10;2019;16:00;1.0;30;30036;1;1.0;1.0;2.0;Route Nationale 113;43,7804619;4,2930618;2;113;;;2.0;2;0.0;1.0;35;500;1.0;;;1.0;0.0;1.0;70.0;Gard;76;Occitanie
201900000544;138Â 305Â 533;A01;1.0;1;1.0;1.0;1959.0;5.0;1.0;;;0.0;0;;;2.0;7.0;0.0;0.0;4.0;15.0;1.0;;24;10;2019;16:00;1.0;30;30036;1;1.0;1.0;2.0;Route Nationale 113;43,7804619;4,2930618;2;113;;;2.0;2;0.0;1.0;35;500;1.0;;;1.0;0.0;1.0;70.0;Gard;76;Occitanie
201900000545;138Â 305Â 531;A01;10.0;3;2.0;2.0;1998.0;0.0;0.0;;;2.0;4;1.0;;0.0;7.0;0.0;1.0;3.0;19.0;1.0;;24;10;2019;14:15;1.0;35;35206;2;1.0;1.0;6.0;17 Rue Paul ValÃ©ry;48,0342650; -1,6633870;3;82;;;2.0;2;0.0;1.0;52;100;1.0;;;1.0;9.0;1.0;30.0;Ille-et-Vilaine;53;Bretagne
201900000545;138Â 305Â 531;A01;1.0;1;1.0;2.0;1988.0;5.0;1.0;;;0.0;0;;;0.0;7.0;0.0;1.0;3.0;19.0;1.0;;24;10;2019;14:15;1.0;35;35206;2;1.0;1.0;6.0;17 Rue Paul ValÃ©ry;48,0342650; -1,6633870;3;82;;;2.0;2;0.0;1.0;52;100;1.0;;;1.0;9.0;1.0;30.0;Ille-et-Vilaine;53;Bretagne
201900000546;138Â 305Â 529;B01;1.0;1;2.0;1.0;1993.0;5.0;2.0;6.0;;0.0;0;;;0.0;33.0;0.0;2.0;1.0;1.0;1.0;;28;11;2019;19:28;5.0;13;13211;2;1.0;1.0;1.0;PARETTE (PLACE DE LA);43,2949490;5,4233860;4;PARETTE (PLACE DE LA);0.0;;2.0;2;0.0;2.0;0;0;1.0;;;1.0;0.0;1.0;50.0;Bouches-du-Rhône;93;Provence-Alpes-Côte d'Azur
201900000546;138Â 305Â 530;A01;1.0;1;1.0;1.0;1978.0;5.0;1.0;0.0;;0.0;0;;;0.0;7.0;0.0;2.0;2.0;5.0;1.0;;28;11;2019;19:28;5.0;13;13211;2;1.0;1.0;1.0;PARETTE (PLACE DE LA);43,2949490;5,4233860;4;PARETTE (PLACE DE LA);0.0;;2.0;2;0.0;2.0;0;0;1.0;;;1.0;0.0;1.0;50.0;Bouches-du-Rhône;93;Provence-Alpes-Côte d'Azur
201900000547;138Â 305Â 528;A01;1.0;1;1.0;2.0;1927.0;0.0;1.0;0.0;;0.0;0;;;1.0;7.0;0.0;1.0;1.0;0.0;1.0;;28;11;2019;09:20;1.0;13;13209;2;1.0;1.0;6.0;JOSEPH AIGUIER (CHEMIN);43,2551800;5,4066300;4;JOSEPH AIGUIER (CHEMIN);0.0;;3.0;2;0.0;2.0;0;0;1.0;;;1.0;0.0;1.0;50.0;Bouches-du-Rhône;93;Provence-Alpes-Côte d'Azur
201900000547;138Â 305Â 528;A01;10.0;3;2.0;2.0;1950.0;0.0;8.0;;;3.0;3;1.0;;1.0;7.0;0.0;1.0;1.0;0.0;1.0;;28;11;2019;09:20;1.0;13;13209;2;1.0;1.0;6.0;JOSEPH AIGUIER (CHEMIN);43,2551800;5,4066300;4;JOSEPH AIGUIER (CHEMIN);0.0;;3.0;2;0.0;2.0;0;0;1.0;;;1.0;0.0;1.0;50.0;Bouches-du-Rhône;93;Provence-Alpes-Côte d'Azur
201900000548;138Â 305Â 525;A01;1.0;1;2.0;1.0;1985.0;1.0;2.0;6.0;;; -1;;;2.0;32.0;0.0;2.0;1.0;17.0;1.0;;29;11;2019;07:20;2.0;13;13005;1;3.0;1.0;3.0;PALUDS (AVENUE DES);43,2894390;5,5980710;4;PALUDS (AVENUE DES);0.0;;2.0;2;0.0;1.0;0;0;1.0;;;1.0;0.0;1.0;50.0;Bouches-du-Rhône;93;Provence-Alpes-Côte d'Azur
201900000548;138Â 305Â 526;B01;1.0;1;1.0;1.0;1966.0;4.0;1.0;8.0;;; -1;;;2.0;7.0;0.0;2.0;8.0;15.0;1.0;;29;11;2019;07:20;2.0;13;13005;1;3.0;1.0;3.0;PALUDS (AVENUE DES);43,2894390;5,5980710;4;PALUDS (AVENUE DES);0.0;;2.0;2;0.0;1.0;0;0;1.0;;;1.0;0.0;1.0;50.0;Bouches-du-Rhône;93;Provence-Alpes-Côte d'Azur
201900000549;138Â 305Â 524;A01;10.0;3;2.0;1.0;1931.0;0.0;8.0;0.0;;3.0;3;1.0;;3.0;7.0;0.0;1.0;3.0;15.0;1.0;;28;11;2019;11:05;1.0;11;11262;2;1.0;1.0;6.0;FERROUL (BOULEVARD DU DOCTEUR);43,1803500;3,0044200;4;FERROUL (BOULEVARD DU DOCTEUR);0.0;;2.0;2;0.0;1.0;0;0;1.0;;;1.0;0.0;1.0;50.0;Aude;76;Occitanie
201900000549;138Â 305Â 524;A01;1.0;1;1.0;1.0;1969.0;4.0;8.0;8.0;;; -1;;;3.0;7.0;0.0;1.0;3.0;15.0;1.0;;28;11;2019;11:05;1.0;11;11262;2;1.0;1.0;6.0;FERROUL (BOULEVARD DU DOCTEUR);43,1803500;3,0044200;4;FERROUL (BOULEVARD DU DOCTEUR);0.0;;2.0;2;0.0;1.0;0;0;1.0;;;1.0;0.0;1.0;50.0;Aude;76;Occitanie
201900000550;138Â 305Â 521;C01;1.0;1;1.0;1.0;2000.0;0.0;1.0;0.0;;; -1;;;3.0;7.0;0.0;2.0;4.0;2.0;0.0;;29;11;2019;16:15;1.0;10;10325;1;1.0;8.0;4.0;ROCADE OUEST (RD 610);48,2610174;4,0945591;3;610;0.0;;2.0;2;0.0;1.0;6;800;1.0;;;1.0;0.0;1.0;90.0;Aube;44;Grand Est
201900000550;138Â 305Â 522;B01;1.0;1;1.0;1.0;1987.0;0.0;1.0;0.0;;;0;;;3.0;7.0;0.0;2.0;4.0;2.0;1.0;;29;11;2019;16:15;1.0;10;10325;1;1.0;8.0;4.0;ROCADE OUEST (RD 610);48,2610174;4,0945591;3;610;0.0;;2.0;2;0.0;1.0;6;800;1.0;;;1.0;0.0;1.0;90.0;Aube;44;Grand Est
201900000550;138Â 305Â 522;B01;3.0;2;1.0;2.0;1990.0;0.0;1.0;0.0;;; -1;;;3.0;7.0;0.0;2.0;4.0;2.0;1.0;;29;11;2019;16:15;1.0;10;10325;1;1.0;8.0;4.0;ROCADE OUEST (RD 610);48,2610174;4,0945591;3;610;0.0;;2.0;2;0.0;1.0;6;800;1.0;;;1.0;0.0;1.0;90.0;Aube;44;Grand Est
201900000550;138Â 305Â 522;B01;2.0;2;2.0;2.0;1972.0;0.0;1.0;0.0;;; -1;;;3.0;7.0;0.0;2.0;4.0;2.0;1.0;;29;11;2019;16:15;1.0;10;10325;1;1.0;8.0;4.0;ROCADE OUEST (RD 610);48,2610174;4,0945591;3;610;0.0;;2.0;2;0.0;1.0;6;800;1.0;;;1.0;0.0;1.0;90.0;Aube;44;Grand Est
201900000550;138Â 305Â 523;A01;1.0;1;1.0;2.0;1992.0;0.0;1.0;0.0;;; -1;;;3.0;10.0;0.0;2.0;1.0;1.0;1.0;;29;11;2019;16:15;1.0;10;10325;1;1.0;8.0;4.0;ROCADE OUEST (RD 610);48,2610174;4,0945591;3;610;0.0;;2.0;2;0.0;1.0;6;800;1.0;;;1.0;0.0;1.0;90.0;Aube;44;Grand Est
201900000551;138Â 305Â 520;A01;1.0;1;2.0;2.0;1972.0;0.0;1.0;0.0;;; -1;;;1.0;7.0;4.0;0.0;5.0;1.0;1.0;;29;11;2019;21:50;4.0;07;07316;1;1.0;2.0;6.0;LONES (PONT DES);44,9171900;4,8632700;3;96;0.0;;3.0;4;0.0;1.0;0;400;1.0;;;2.0;0.0;1.0;90.0;Ardèche;84;Auvergne-Rhône-Alpes
201900000552;138Â 305Â 519;Z01;10.0;3;3.0;2.0;2002.0;0.0;8.0;0.0;;4.0;3;1.0;;2.0;7.0;0.0;1.0;2.0;18.0;1.0;;30;11;2019;00:05;5.0;06;06088;2;3.0;1.0;6.0;ANGLAIS (DU NÂ° 45 AU NÂ° 112);43,6937880;7,2565650;7;(6098)    ANGLAIS (DU NÂ° 45 AU NÂ° 112);0.0;;1.0;3;0.0;1.0;0;0;1.0;;;1.0;0.0;1.0;50.0;Alpes-Maritimes;93;Provence-Alpes-Côte d'Azur
201900000552;138Â 305Â 519;Z01;1.0;1;1.0;2.0;1996.0;5.0;8.0;0.0;;0.0;0;;;2.0;7.0;0.0;1.0;2.0;18.0;1.0;;30;11;2019;00:05;5.0;06;06088;2;3.0;1.0;6.0;ANGLAIS (DU NÂ° 45 AU NÂ° 112);43,6937880;7,2565650;7;(6098)    ANGLAIS (DU NÂ° 45 AU NÂ° 112);0.0;;1.0;3;0.0;1.0;0;0;1.0;;;1.0;0.0;1.0;50.0;Alpes-Maritimes;93;Provence-Alpes-Côte d'Azur
201900000553;138Â 305Â 517;B01;1.0;1;2.0;1.0;1959.0;5.0;1.0;0.0;;0.0;0;;;2.0;7.0;0.0;2.0;4.0;0.0;0.0;;29;11;2019;12:00;1.0;06;06088;2;1.0;1.0;2.0;CIMIEZ (BD) A PARTIR DU 16-17;43,7151970;7,2718620;4;CIMIEZ (BD) A PARTIR DU 16-17;0.0;;2.0;4;0.0;2.0;0;0;1.0;;;1.0;0.0;1.0;50.0;Alpes-Maritimes;93;Provence-Alpes-Côte d'Azur
201900000553;138Â 305Â 517;B01;2.0;2;1.0;1.0;1932.0;5.0;1.0;0.0;;0.0;0;;;2.0;7.0;0.0;2.0;4.0;0.0;0.0;;29;11;2019;12:00;1.0;06;06088;2;1.0;1.0;2.0;CIMIEZ (BD) A PARTIR DU 16-17;43,7151970;7,2718620;4;CIMIEZ (BD) A PARTIR DU 16-17;0.0;;2.0;4;0.0;2.0;0;0;1.0;;;1.0;0.0;1.0;50.0;Alpes-Maritimes;93;Provence-Alpes-Côte d'Azur
201900000553;138Â 305Â 518;A01;4.0;2;2.0;2.0;1999.0;2.0;8.0;0.0;;0.0;0;;;2.0;7.0;0.0;2.0;1.0;26.0;0.0;;29;11;2019;12:00;1.0;06;06088;2;1.0;1.0;2.0;CIMIEZ (BD) A PARTIR DU 16-17;43,7151970;7,2718620;4;CIMIEZ (BD) A PARTIR DU 16-17;0.0;;2.0;4;0.0;2.0;0;0;1.0;;;1.0;0.0;1.0;50.0;Alpes-Maritimes;93;Provence-Alpes-Côte d'Azur
201900000553;138Â 305Â 518;A01;5.0;2;1.0;2.0;1998.0;2.0;8.0;0.0;;0.0;0;;;2.0;7.0;0.0;2.0;1.0;26.0;0.0;;29;11;2019;12:00;1.0;06;06088;2;1.0;1.0;2.0;CIMIEZ (BD) A PARTIR DU 16-17;43,7151970;7,2718620;4;CIMIEZ (BD) A PARTIR DU 16-17;0.0;;2.0;4;0.0;2.0;0;0;1.0;;;1.0;0.0;1.0;50.0;Alpes-Maritimes;93;Provence-Alpes-Côte d'Azur
201900000553;138Â 305Â 518;A01;5.0;2;3.0;2.0;1999.0;2.0;8.0;0.0;;0.0;0;;;2.0;7.0;0.0;2.0;1.0;26.0;0.0;;29;11;2019;12:00;1.0;06;06088;2;1.0;1.0;2.0;CIMIEZ (BD) A PARTIR DU 16-17;43,7151970;7,2718620;4;CIMIEZ (BD) A PARTIR DU 16-17;0.0;;2.0;4;0.0;2.0;0;0;1.0;;;1.0;0.0;1.0;50.0;Alpes-Maritimes;93;Provence-Alpes-Côte d'Azur
201900000553;138Â 305Â 518;A01;2.0;2;1.0;1.0;1998.0;2.0;1.0;0.0;;0.0;0;;;2.0;7.0;0.0;2.0;1.0;26.0;0.0;;29;11;2019;12:00;1.0;06;06088;2;1.0;1.0;2.0;CIMIEZ (BD) A PARTIR DU 16-17;43,7151970;7,2718620;4;CIMIEZ (BD) A PARTIR DU 16-17;0.0;;2.0;4;0.0;2.0;0;0;1.0;;;1.0;0.0;1.0;50.0;Alpes-Maritimes;93;Provence-Alpes-Côte d'Azur
201900000553;138Â 305Â 518;A01;1.0;1;1.0;1.0;1998.0;0.0;1.0;0.0;;0.0;0;;;2.0;7.0;0.0;2.0;1.0;26.0;0.0;;29;11;2019;12:00;1.0;06;06088;2;1.0;1.0;2.0;CIMIEZ (BD) A PARTIR DU 16-17;43,7151970;7,2718620;4;CIMIEZ (BD) A PARTIR DU 16-17;0.0;;2.0;4;0.0;2.0;0;0;1.0;;;1.0;0.0;1.0;50.0;Alpes-Maritimes;93;Provence-Alpes-Côte d'Azur
201900000553;138Â 305Â 518;A01;3.0;2;2.0;2.0;1997.0;2.0;8.0;0.0;;0.0;0;;;2.0;7.0;0.0;2.0;1.0;26.0;0.0;;29;11;2019;12:00;1.0;06;06088;2;1.0;1.0;2.0;CIMIEZ (BD) A PARTIR DU 16-17;43,7151970;7,2718620;4;CIMIEZ (BD) A PARTIR DU 16-17;0.0;;2.0;4;0.0;2.0;0;0;1.0;;;1.0;0.0;1.0;50.0;Alpes-Maritimes;93;Provence-Alpes-Côte d'Azur
201900000554;138Â 305Â 516;A01;2.0;2;2.0;1.0;1993.0;5.0;1.0;0.0;;;0;;;1.0;7.0;15.0;0.0;1.0;1.0;1.0;;29;11;2019;01:25;5.0;05;05061;1;6.0;1.0;7.0;plaine de lachaup;44,5095876;6,0455006;2;85;0.0;;2.0;2;0.0;1.0;44;468;1.0;;;1.0;0.0;1.0;50.0;Hautes-Alpes;93;Provence-Alpes-Côte d'Azur
201900000554;138Â 305Â 516;A01;1.0;1;2.0;2.0;1994.0;5.0;1.0;0.0;;;0;;;1.0;7.0;15.0;0.0;1.0;1.0;1.0;;29;11;2019;01:25;5.0;05;05061;1;6.0;1.0;7.0;plaine de lachaup;44,5095876;6,0455006;2;85;0.0;;2.0;2;0.0;1.0;44;468;1.0;;;1.0;0.0;1.0;50.0;Hautes-Alpes;93;Provence-Alpes-Côte d'Azur
201900000555;138Â 305Â 514;A01;2.0;2;1.0;2.0;2002.0;9.0;1.0;8.0;;;0;;;1.0;7.0;0.0;1.0;3.0;21.0;1.0;;29;11;2019;19:40;5.0;03;03190;2;1.0;1.0;6.0;route de Clermont;46,5562249;3,3211499;3;2009;0.0;;2.0;2;0.0;1.0;1;484;1.0;;;1.0;0.0;1.0;50.0;Allier;84;Auvergne-Rhône-Alpes
201900000555;138Â 305Â 514;A01;10.0;3;3.0;2.0;2002.0;9.0;8.0;8.0;;2.0;3;2.0;;1.0;7.0;0.0;1.0;3.0;21.0;1.0;;29;11;2019;19:40;5.0;03;03190;2;1.0;1.0;6.0;route de Clermont;46,5562249;3,3211499;3;2009;0.0;;2.0;2;0.0;1.0;1;484;1.0;;;1.0;0.0;1.0;50.0;Allier;84;Auvergne-Rhône-Alpes
201900000555;138Â 305Â 514;A01;10.0;3;1.0;1.0;1976.0;9.0;0.0;;;0.0;0;;;1.0;7.0;0.0;1.0;3.0;21.0;1.0;;29;11;2019;19:40;5.0;03;03190;2;1.0;1.0;6.0;route de Clermont;46,5562249;3,3211499;3;2009;0.0;;2.0;2;0.0;1.0;1;484;1.0;;;1.0;0.0;1.0;50.0;Allier;84;Auvergne-Rhône-Alpes
201900000556;138Â 305Â 512;A01;1.0;1;1.0;1.0;1981.0;0.0;1.0;0.0;;0.0;0;;;2.0;7.0;0.0;2.0;2.0;12.0;1.0;;29;11;2019;17:00;1.0;75;75112;2;1.0;1.0;3.0;BD PERIPHERIQUE EXTERIEUR;48,8377373;2,4129528;4;BD PERIPHERIQUE EXTERIEUR;0.0;;1.0;4;0.0;1.0;33;100;1.0;;;1.0;0.0;1.0;70.0;Paris;11;Île-de-France
201900000556;138Â 305Â 513;B01;1.0;1;2.0;1.0;1970.0;5.0;2.0;6.0;;0.0;0;;;2.0;32.0;0.0;2.0;8.0;3.0;1.0;;29;11;2019;17:00;1.0;75;75112;2;1.0;1.0;3.0;BD PERIPHERIQUE EXTERIEUR;48,8377373;2,4129528;4;BD PERIPHERIQUE EXTERIEUR;0.0;;1.0;4;0.0;1.0;33;100;1.0;;;1.0;0.0;1.0;70.0;Paris;11;Île-de-France
201900000557;138Â 305Â 509;C01;1.0;1;1.0;1.0;1962.0;4.0;1.0;0.0;;0.0;0;;;2.0;14.0;0.0;2.0;5.0;1.0;6.0;;28;11;2019;09:20;1.0;75;75112;2;1.0;1.0;4.0;RUE DE DIJON;48,8356010;2,3859110;4;RUE DE DIJON;0.0;;2.0;4;0.0;1.0;5;0;1.0;;;1.0;0.0;1.0;30.0;Paris;11;Île-de-France
201900000557;138Â 305Â 510;B01;1.0;1;1.0;1.0;1981.0;4.0;1.0;0.0;;0.0;0;;;2.0;37.0;0.0;2.0;6.0;23.0;1.0;1.0;28;11;2019;09:20;1.0;75;75112;2;1.0;1.0;4.0;RUE DE DIJON;48,8356010;2,3859110;4;RUE DE DIJON;0.0;;2.0;4;0.0;1.0;5;0;1.0;;;1.0;0.0;1.0;30.0;Paris;11;Île-de-France
201900000557;138Â 305Â 511;A01;2.0;2;3.0;2.0;1981.0;1.0;2.0;6.0;;0.0;0;;;2.0;33.0;0.0;2.0;1.0;17.0;1.0;;28;11;2019;09:20;1.0;75;75112;2;1.0;1.0;4.0;RUE DE DIJON;48,8356010;2,3859110;4;RUE DE DIJON;0.0;;2.0;4;0.0;1.0;5;0;1.0;;;1.0;0.0;1.0;30.0;Paris;11;Île-de-France
201900000557;138Â 305Â 511;A01;1.0;1;2.0;1.0;1979.0;1.0;2.0;6.0;;0.0;0;;;2.0;33.0;0.0;2.0;1.0;17.0;1.0;;28;11;2019;09:20;1.0;75;75112;2;1.0;1.0;4.0;RUE DE DIJON;48,8356010;2,3859110;4;RUE DE DIJON;0.0;;2.0;4;0.0;1.0;5;0;1.0;;;1.0;0.0;1.0;30.0;Paris;11;Île-de-France
201900000558;138Â 305Â 508;A01;10.0;3;2.0;1.0;1987.0;5.0;0.0;;;4.0;3;1.0;;2.0;1.0;0.0;1.0;8.0;1.0;5.0;;29;11;2019;19:26;5.0;75;75105;2;2.0;1.0;6.0;BOULEVARD SAINT MARCEL;48,8384763;2,3570239;4;BOULEVARD SAINT MARCEL;0.0;;2.0;4;;1.0;0;0;1.0;;;1.0;0.0;1.0;30.0;Paris;11;Île-de-France
201900000558;138Â 305Â 508;A01;1.0;1;1.0;1.0;1978.0;1.0;8.0;2.0;;0.0;0;;;2.0;1.0;0.0;1.0;8.0;1.0;5.0;;29;11;2019;19:26;5.0;75;75105;2;2.0;1.0;6.0;BOULEVARD SAINT MARCEL;48,8384763;2,3570239;4;BOULEVARD SAINT MARCEL;0.0;;2.0;4;;1.0;0;0;1.0;;;1.0;0.0;1.0;30.0;Paris;11;Île-de-France
201900000559;138Â 305Â 506;B01;1.0;1;1.0;1.0;1986.0;5.0;1.0;0.0;;0.0;0;;;1.0;7.0;0.0;2.0;2.0;12.0;1.0;;27;11;2019;13:20;1.0;75;75106;2;4.0;2.0;3.0;BOULEVARD SAINT MICHEL;48,8412519;2,3374696;4;BOULEVARD SAINT MICHEL;0.0;;2.0;3;0.0;1.0;0;0;1.0;;;2.0;0.0;1.0;50.0;Paris;11;Île-de-France
201900000559;138Â 305Â 507;A01;1.0;1;2.0;2.0;1994.0;5.0;2.0;6.0;;0.0;0;;;1.0;30.0;0.0;2.0;8.0;18.0;1.0;;27;11;2019;13:20;1.0;75;75106;2;4.0;2.0;3.0;BOULEVARD SAINT MICHEL;48,8412519;2,3374696;4;BOULEVARD SAINT MICHEL;0.0;;2.0;3;0.0;1.0;0;0;1.0;;;2.0;0.0;1.0;50.0;Paris;11;Île-de-France
201900000560;138Â 305Â 504;B01;1.0;1;1.0;1.0;1984.0;1.0;1.0;0.0;;0.0;0;;;1.0;7.0;0.0;2.0;8.0;13.0;1.0;;29;11;2019;14:50;1.0;75;75117;2;1.0;1.0;3.0;AVENUE DE VILLIERS;48,8852650;2,2947960;4;AVENUE DE VILLIERS;0.0;;2.0;2;0.0;1.0;126;0;1.0;;;1.0;0.0;1.0;50.0;Paris;11;Île-de-France