Num_Acc;id_vehicule;num_veh;place;catu;grav;sexe;an_nais;trajet;secu1;secu2;secu3;locp;actp;etatp;id_usager;senc;catv;obs;obsm;choc;manv;motor;occutc;jour;mois;an;hrmn;lum;dep;com;agg;int;atm;col;adr;lat;long;catr;voie;v1;v2;circ;nbv;vosp;prof;pr;pr1;plan;lartpc;larrout;surf;infra;situ;vma;nom_departement;reg;nom_region
201900000560;138Â 305Â 505;A01;1.0;1;2.0;1.0;1984.0;0.0;2.0;6.0;;0.0;0;;;1.0;33.0;0.0;2.0;2.0;17.0;1.0;;29;11;2019;14:50;1.0;75;75117;2;1.0;1.0;3.0;AVENUE DE VILLIERS;48,8852650;2,2947960;4;AVENUE DE VILLIERS;0.0;;2.0;2;0.0;1.0;126;0;1.0;;;1.0;0.0;1.0;50.0;Paris;11;Île-de-France
201900000561;138Â 305Â 502;B01;1.0;1;1.0;1.0;1960.0;4.0;1.0;0.0;;0.0;0;;;1.0;7.0;0.0;2.0;7.0;22.0;1.0;;28;11;2019;10:35;1.0;75;75117;2;1.0;1.0;3.0;BOULEVARD DE COURCELLES;48,8799080;2,3066330;4;BOULEVARD DE COURCELLES;0.0;;2.0;3;0.0;1.0;70;0;1.0;;;1.0;0.0;1.0;30.0;Paris;11;Île-de-France
201900000561;138Â 305Â 502;B01;3.0;2;1.0;1.0;1946.0;5.0;1.0;0.0;;0.0;0;;;1.0;7.0;0.0;2.0;7.0;22.0;1.0;;28;11;2019;10:35;1.0;75;75117;2;1.0;1.0;3.0;BOULEVARD DE COURCELLES;48,8799080;2,3066330;4;BOULEVARD DE COURCELLES;0.0;;2.0;3;0.0;1.0;70;0;1.0;;;1.0;0.0;1.0;30.0;Paris;11;Île-de-France
201900000561;138Â 305Â 503;A01;1.0;1;2.0;1.0;2000.0;4.0;2.0;6.0;;0.0;0;;;1.0;30.0;0.0;2.0;3.0;18.0;1.0;;28;11;2019;10:35;1.0;75;75117;2;1.0;1.0;3.0;BOULEVARD DE COURCELLES;48,8799080;2,3066330;4;BOULEVARD DE COURCELLES;0.0;;2.0;3;0.0;1.0;70;0;1.0;;;1.0;0.0;1.0;30.0;Paris;11;Île-de-France
201900000562;138Â 305Â 501;A01;10.0;3;2.0;1.0;1961.0;4.0;0.0;;;2.0;3;1.0;;2.0;31.0;0.0;1.0;2.0;17.0;1.0;;28;11;2019;16:25;1.0;75;75108;2;4.0;8.0;6.0;AVENUE MARCEAU;48,8660756;2,2996588;4;AVENUE MARCEAU;0.0;;2.0;4;0.0;1.0;0;0;1.0;;;1.0;0.0;1.0;50.0;Paris;11;Île-de-France
201900000562;138Â 305Â 501;A01;1.0;1;1.0;1.0;1974.0;1.0;2.0;6.0;;0.0;0;;;2.0;31.0;0.0;1.0;2.0;17.0;1.0;;28;11;2019;16:25;1.0;75;75108;2;4.0;8.0;6.0;AVENUE MARCEAU;48,8660756;2,2996588;4;AVENUE MARCEAU;0.0;;2.0;4;0.0;1.0;0;0;1.0;;;1.0;0.0;1.0;50.0;Paris;11;Île-de-France
201900000563;138Â 305Â 500;A01;1.0;1;2.0;1.0;1954.0;5.0;2.0;6.0;;0.0;0;;;1.0;31.0;0.0;2.0;0.0;18.0;1.0;;29;11;2019;19:30;5.0;75;75112;2;1.0;8.0;6.0;BOULEVARD DIDEROT;48,8466734;2,3809492;4;BOULEVARD DIDEROT;0.0;;2.0;3;3.0;1.0;66;0;1.0;;;2.0;;6.0;50.0;Paris;11;Île-de-France
201900000564;138Â 305Â 497;B01;1.0;1;2.0;1.0;1972.0;1.0;2.0;6.0;;0.0;0;;;1.0;32.0;0.0;2.0;2.0;1.0;1.0;;29;11;2019;08:00;1.0;75;75112;2;1.0;2.0;3.0;AVENUE LEDRU ROLLIN;48,8488190;2,3728750;4;AVENUE LEDRU ROLLIN;0.0;;2.0;2;0.0;1.0;62;0;1.0;;;2.0;0.0;1.0;50.0;Paris;11;Île-de-France
201900000564;138Â 305Â 498;A01;1.0;1;1.0;1.0;1980.0;0.0;1.0;0.0;;0.0;0;;;1.0;7.0;0.0;2.0;3.0;22.0;1.0;;29;11;2019;08:00;1.0;75;75112;2;1.0;2.0;3.0;AVENUE LEDRU ROLLIN;48,8488190;2,3728750;4;AVENUE LEDRU ROLLIN;0.0;;2.0;2;0.0;1.0;62;0;1.0;;;2.0;0.0;1.0;50.0;Paris;11;Île-de-France
201900000565;138Â 305Â 496;A01;10.0;3;2.0;2.0;2003.0;2.0;0.0;;;2.0;3;1.0;;2.0;43.0;0.0;1.0;1.0;20.0;1.0;;29;11;2019;09:00;1.0;75;75111;2;1.0;8.0;6.0;RUE DE CRUSSOL;48,8640800;2,3677150;4;RUE DE CRUSSOL;0.0;;2.0;2;0.0;1.0;10;0;1.0;;;2.0;0.0;1.0;30.0;Paris;11;Île-de-France
201900000565;138Â 305Â 496;A01;1.0;1;1.0;1.0;1987.0;1.0;2.0;6.0;;0.0;0;;;2.0;43.0;0.0;1.0;1.0;20.0;1.0;;29;11;2019;09:00;1.0;75;75111;2;1.0;8.0;6.0;RUE DE CRUSSOL;48,8640800;2,3677150;4;RUE DE CRUSSOL;0.0;;2.0;2;0.0;1.0;10;0;1.0;;;2.0;0.0;1.0;30.0;Paris;11;Île-de-France
201900000566;138Â 305Â 495;A01;1.0;1;2.0;1.0;1994.0;1.0;2.0;6.0;;0.0;0;;;1.0;33.0;0.0;2.0;8.0;1.0;1.0;;29;11;2019;19:05;5.0;75;75108;2;2.0;1.0;6.0;COURS LA REINE;48,8646810;2,3136570;4;COURS LA REINE;0.0;;3.0;2;0.0;1.0;0;0;1.0;;;1.0;0.0;1.0;50.0;Paris;11;Île-de-France
201900000567;138Â 305Â 493;A01;2.0;2;2.0;2.0;1948.0;0.0;2.0;6.0;;0.0;0;;;2.0;32.0;0.0;0.0;8.0;1.0;1.0;;29;11;2019;12:00;1.0;75;75108;2;1.0;1.0;7.0;RUE DE COURCELLES;48,8732719;2,3112966;4;RUE DE COURCELLES;0.0;;2.0;2;0.0;1.0;4;0;1.0;;;2.0;0.0;1.0;30.0;Paris;11;Île-de-France
201900000567;138Â 305Â 493;A01;1.0;1;2.0;1.0;1949.0;0.0;2.0;6.0;;0.0;0;;;2.0;32.0;0.0;0.0;8.0;1.0;1.0;;29;11;2019;12:00;1.0;75;75108;2;1.0;1.0;7.0;RUE DE COURCELLES;48,8732719;2,3112966;4;RUE DE COURCELLES;0.0;;2.0;2;0.0;1.0;4;0;1.0;;;2.0;0.0;1.0;30.0;Paris;11;Île-de-France
201900000568;138Â 305Â 491;B01;1.0;1;2.0;1.0;1992.0;1.0;2.0;6.0;;0.0;0;;;2.0;33.0;0.0;2.0;4.0;23.0;1.0;;29;11;2019;09:30;1.0;75;75108;2;3.0;2.0;2.0;AVENUE MARCEAU;48,8685250;2,2989190;4;AVENUE MARCEAU;0.0;;2.0;4;;2.0;0;0;1.0;;;2.0;0.0;1.0;50.0;Paris;11;Île-de-France
201900000568;138Â 305Â 492;A01;1.0;1;1.0;1.0;1997.0;0.0;1.0;0.0;;0.0;0;;;2.0;7.0;0.0;2.0;1.0;2.0;1.0;;29;11;2019;09:30;1.0;75;75108;2;3.0;2.0;2.0;AVENUE MARCEAU;48,8685250;2,2989190;4;AVENUE MARCEAU;0.0;;2.0;4;;2.0;0;0;1.0;;;2.0;0.0;1.0;50.0;Paris;11;Île-de-France
201900000569;138Â 305Â 489;B01;10.0;3;2.0;1.0;1991.0;5.0;0.0;;;2.0;3;1.0;;1.0;30.0;0.0;2.0;0.0;9.0;1.0;;29;11;2019;13:45;1.0;75;75102;2;3.0;2.0;6.0;RUE SAINT DENIS;48,8667094;2,3512489;4;RUE SAINT DENIS;0.0;;1.0;1;;1.0;0;0;1.0;;;2.0;0.0;1.0;50.0;Paris;11;Île-de-France
201900000569;138Â 305Â 489;B01;1.0;1;1.0;1.0;1997.0;0.0;2.0;6.0;;0.0;0;;;1.0;30.0;0.0;2.0;0.0;9.0;1.0;;29;11;2019;13:45;1.0;75;75102;2;3.0;2.0;6.0;RUE SAINT DENIS;48,8667094;2,3512489;4;RUE SAINT DENIS;0.0;;1.0;1;;1.0;0;0;1.0;;;2.0;0.0;1.0;50.0;Paris;11;Île-de-France
201900000570;138Â 305Â 487;A01;1.0;1;1.0;1.0;1986.0;0.0;1.0;0.0;;0.0;0;;;1.0;7.0;0.0;2.0;3.0;15.0;1.0;;28;11;2019;23:20;5.0;75;75101;2;2.0;2.0;3.0;PLACE DU CARROUSEL;48,8601150;2,3333390;4;PLACE DU CARROUSEL;0.0;;2.0;4;0.0;1.0;0;0;1.0;;;2.0;5.0;1.0;50.0;Paris;11;Île-de-France
201900000570;138Â 305Â 488;B01;1.0;1;2.0;2.0;1959.0;0.0;2.0;6.0;;0.0;0;;;1.0;32.0;0.0;2.0;7.0;1.0;1.0;;28;11;2019;23:20;5.0;75;75101;2;2.0;2.0;3.0;PLACE DU CARROUSEL;48,8601150;2,3333390;4;PLACE DU CARROUSEL;0.0;;2.0;4;0.0;1.0;0;0;1.0;;;2.0;5.0;1.0;50.0;Paris;11;Île-de-France
201900000571;138Â 305Â 483;B01;1.0;1;1.0;1.0;1972.0;5.0;1.0;0.0;;;0;;;2.0;7.0;0.0;2.0;8.0;1.0;0.0;;28;11;2019;00:05;5.0;94;94068;2;1.0;2.0;1.0;BAC (AV DU);48,7938900;2,5133600;3;123;0.0;;2.0;3;0.0;2.0;0;0;1.0;;;1.0;0.0;1.0;50.0;Val-de-Marne;11;Île-de-France
201900000571;138Â 305Â 484;A01;1.0;1;2.0;2.0;1987.0;5.0;1.0;0.0;;;0;;;1.0;7.0;0.0;2.0;3.0;1.0;1.0;;28;11;2019;00:05;5.0;94;94068;2;1.0;2.0;1.0;BAC (AV DU);48,7938900;2,5133600;3;123;0.0;;2.0;3;0.0;2.0;0;0;1.0;;;1.0;0.0;1.0;50.0;Val-de-Marne;11;Île-de-France
201900000572;138Â 305Â 482;A01;10.0;3;3.0;1.0;1983.0;0.0;8.0;0.0;;2.0;3;1.0;;1.0;7.0;0.0;1.0;1.0;15.0;1.0;;29;11;2019;21:00;5.0;94;94042;2;1.0;1.0;6.0;JEAN MERMOZ (R);48,8197800;2,4646900;3;4;0.0;;1.0;1;0.0;2.0;0;0;1.0;;;1.0;2.0;1.0;30.0;Val-de-Marne;11;Île-de-France
201900000572;138Â 305Â 482;A01;1.0;1;1.0;1.0;1998.0;0.0;8.0;0.0;;0.0;0;;;1.0;7.0;0.0;1.0;1.0;15.0;1.0;;29;11;2019;21:00;5.0;94;94042;2;1.0;1.0;6.0;JEAN MERMOZ (R);48,8197800;2,4646900;3;4;0.0;;1.0;1;0.0;2.0;0;0;1.0;;;1.0;2.0;1.0;30.0;Val-de-Marne;11;Île-de-France
201900000573;138Â 305Â 480;A01;1.0;1;1.0;1.0;1971.0;0.0;1.0;0.0;;;0;;;1.0;7.0;0.0;2.0;8.0;15.0;0.0;;28;11;2019;13:20;1.0;94;94046;2;2.0;8.0;3.0;JEAN JAURES (R);48,7956276;2,4338253;3;6;0.0;;3.0;2;0.0;1.0;0;0;1.0;;;1.0;0.0;1.0;50.0;Val-de-Marne;11;Île-de-France
201900000573;138Â 305Â 481;B01;5.0;2;2.0;2.0;1982.0;9.0;8.0;0.0;;;0;;;2.0;37.0;0.0;2.0;2.0;15.0;0.0;2.0;28;11;2019;13:20;1.0;94;94046;2;2.0;8.0;3.0;JEAN JAURES (R);48,7956276;2,4338253;3;6;0.0;;3.0;2;0.0;1.0;0;0;1.0;;;1.0;0.0;1.0;50.0;Val-de-Marne;11;Île-de-France
201900000573;138Â 305Â 481;B01;1.0;1;1.0;1.0;1985.0;1.0;1.0;0.0;;;0;;;2.0;37.0;0.0;2.0;2.0;15.0;0.0;2.0;28;11;2019;13:20;1.0;94;94046;2;2.0;8.0;3.0;JEAN JAURES (R);48,7956276;2,4338253;3;6;0.0;;3.0;2;0.0;1.0;0;0;1.0;;;1.0;0.0;1.0;50.0;Val-de-Marne;11;Île-de-France
201900000574;138Â 305Â 478;B01;1.0;1;2.0;2.0;1994.0;9.0;2.0;8.0;;; -1;;;1.0;50.0;0.0;2.0;8.0;0.0;3.0;;29;11;2019;18:20;5.0;94;94076;2;1.0;1.0;3.0;MAXIME GORKI (R);48,7905700;2,3694400;3;7;0.0;;2.0;4;1.0;1.0;0;0;1.0;;;1.0;8.0;4.0;50.0;Val-de-Marne;11;Île-de-France
201900000574;138Â 305Â 479;A01;1.0;1;1.0;1.0;1984.0;5.0;1.0;8.0;;; -1;;;1.0;7.0;0.0;9.0;1.0;26.0;1.0;;29;11;2019;18:20;5.0;94;94076;2;1.0;1.0;3.0;MAXIME GORKI (R);48,7905700;2,3694400;3;7;0.0;;2.0;4;1.0;1.0;0;0;1.0;;;1.0;8.0;4.0;50.0;Val-de-Marne;11;Île-de-France
201900000575;138Â 305Â 476;B01;1.0;1;2.0;1.0;1999.0;1.0;1.0;0.0;;;0;;;3.0;7.0;0.0;2.0;8.0;1.0;1.0;;28;11;2019;12:50;1.0;94;94065;2;2.0;1.0;3.0;STRASBOURG (RUE DE);48,7587300;2,3581400;5;STRASBOURG (RUE DE);0.0;;1.0;1;0.0;1.0;0;0;1.0;;;2.0;0.0;8.0;30.0;Val-de-Marne;11;Île-de-France
201900000575;138Â 305Â 477;A01;1.0;1;1.0;1.0;1995.0;1.0;1.0;0.0;;;0;;;3.0;10.0;0.0;2.0;1.0;5.0;1.0;;28;11;2019;12:50;1.0;94;94065;2;2.0;1.0;3.0;STRASBOURG (RUE DE);48,7587300;2,3581400;5;STRASBOURG (RUE DE);0.0;;1.0;1;0.0;1.0;0;0;1.0;;;2.0;0.0;8.0;30.0;Val-de-Marne;11;Île-de-France
201900000576;138Â 305Â 474;B01;1.0;1;2.0;1.0;1955.0;1.0;2.0;8.0;;; -1;;;3.0;32.0;0.0;2.0;7.0;1.0;1.0;;29;11;2019;10:40;1.0;94;94028;2;6.0;2.0;3.0;POMPADOUR(CARREFOUR);48,7746000;2,4391200;3;86;0.0;;3.0;2;0.0;1.0;0;0;1.0;;;2.0;0.0;1.0;50.0;Val-de-Marne;11;Île-de-France
201900000576;138Â 305Â 475;A01;1.0;1;1.0;1.0;1962.0;0.0;1.0;8.0;;; -1;;;3.0;7.0;0.0;2.0;1.0;9.0;1.0;;29;11;2019;10:40;1.0;94;94028;2;6.0;2.0;3.0;POMPADOUR(CARREFOUR);48,7746000;2,4391200;3;86;0.0;;3.0;2;0.0;1.0;0;0;1.0;;;2.0;0.0;1.0;50.0;Val-de-Marne;11;Île-de-France
201900000577;138Â 305Â 473;A01;1.0;1;1.0;1.0;1991.0;2.0;1.0;0.0;;; -1;;;2.0;7.0;0.0;1.0;1.0;15.0;1.0;;29;11;2019;07:55;5.0;94;94028;2;3.0;2.0;6.0;FALKIRK(RUE);48,7711600;2,4611900;4;FALKIRK(RUE);0.0;;2.0;2;0.0;1.0;1;0;1.0;;;2.0;0.0;2.0;50.0;Val-de-Marne;11;Île-de-France
201900000577;138Â 305Â 473;A01;10.0;3;2.0;2.0;2004.0;2.0;8.0;0.0;;4.0;3;1.0;;2.0;7.0;0.0;1.0;1.0;15.0;1.0;;29;11;2019;07:55;5.0;94;94028;2;3.0;2.0;6.0;FALKIRK(RUE);48,7711600;2,4611900;4;FALKIRK(RUE);0.0;;2.0;2;0.0;1.0;1;0;1.0;;;2.0;0.0;2.0;50.0;Val-de-Marne;11;Île-de-France
201900000578;138Â 305Â 471;A01;1.0;1;1.0;1.0;1996.0;0.0;8.0;0.0;;; -1;;;1.0;7.0;0.0;2.0;1.0;1.0;1.0;;28;11;2019;21:15;5.0;94;94011;2;9.0;1.0;3.0;BOISSY.(AVENUE DE);48,7639700;2,4931100;3;19;0.0;;2.0;4;0.0;1.0;0;0;1.0;;;1.0;2.0;1.0;50.0;Val-de-Marne;11;Île-de-France
201900000578;138Â 305Â 472;B01;1.0;1;2.0;1.0;2001.0;0.0;8.0;0.0;;; -1;;;1.0;7.0;0.0;1.0;7.0;15.0;1.0;;28;11;2019;21:15;5.0;94;94011;2;9.0;1.0;3.0;BOISSY.(AVENUE DE);48,7639700;2,4931100;3;19;0.0;;2.0;4;0.0;1.0;0;0;1.0;;;1.0;2.0;1.0;50.0;Val-de-Marne;11;Île-de-France
201900000579;138Â 305Â 469;B01;1.0;1;2.0;1.0;1996.0;5.0;2.0;6.0;;; -1;;;1.0;34.0;0.0;2.0;1.0;3.0;1.0;;29;11;2019;20:15;4.0;94;94022;2;1.0;1.0;3.0;VICTOR HUGO (AV);48,7669000;2,4148100;3;86;0.0;;1.0;4;0.0;1.0;0;1;1.0;;;1.0;0.0;1.0;50.0;Val-de-Marne;11;Île-de-France
201900000579;138Â 305Â 470;A01;1.0;1;1.0;1.0;2001.0;5.0;1.0;8.0;;; -1;;;1.0;7.0;0.0;2.0;3.0;11.0;1.0;;29;11;2019;20:15;4.0;94;94022;2;1.0;1.0;3.0;VICTOR HUGO (AV);48,7669000;2,4148100;3;86;0.0;;1.0;4;0.0;1.0;0;1;1.0;;;1.0;0.0;1.0;50.0;Val-de-Marne;11;Île-de-France
201900000580;138Â 305Â 467;B01;1.0;1;2.0;1.0;1962.0;1.0;2.0;0.0;;; -1;;;2.0;1.0;0.0;2.0;1.0;0.0;0.0;;29;11;2019;16:30;4.0;94;94054;2;3.0;1.0;3.0;MARECHAL FOCH (R DU);48,7445200;2,3971800;3;264;0.0;;2.0;4;0.0;1.0;0;1;1.0;;;1.0;0.0;1.0;50.0;Val-de-Marne;11;Île-de-France
201900000580;138Â 305Â 468;A01;1.0;1;2.0;1.0;1971.0;1.0;1.0;0.0;;; -1;;;1.0;7.0;0.0;2.0;7.0;15.0;1.0;;29;11;2019;16:30;4.0;94;94054;2;3.0;1.0;3.0;MARECHAL FOCH (R DU);48,7445200;2,3971800;3;264;0.0;;2.0;4;0.0;1.0;0;1;1.0;;;1.0;0.0;1.0;50.0;Val-de-Marne;11;Île-de-France
201900000581;138Â 305Â 466;A01;1.0;1;1.0;1.0;1994.0;4.0;1.0;8.0;;; -1;;;2.0;37.0;0.0;1.0;3.0;2.0;6.0;2.0;29;11;2019;09:00;1.0;94;94022;2;9.0;2.0;6.0;VICTOR HUGO (AV);48,7688400;2,4208500;3;86;0.0;;2.0;2;3.0;1.0;0;1;1.0;;;2.0;0.0;1.0;30.0;Val-de-Marne;11;Île-de-France
201900000581;138Â 305Â 466;A01;10.0;3;2.0;1.0;2007.0;0.0;0.0;;;2.0;3;1.0;;2.0;37.0;0.0;1.0;3.0;2.0;6.0;2.0;29;11;2019;09:00;1.0;94;94022;2;9.0;2.0;6.0;VICTOR HUGO (AV);48,7688400;2,4208500;3;86;0.0;;2.0;2;3.0;1.0;0;1;1.0;;;2.0;0.0;1.0;30.0;Val-de-Marne;11;Île-de-France
201900000581;138Â 305Â 466;A01;2.0;2;1.0;1.0;1968.0;1.0;8.0;0.0;;; -1;;;2.0;37.0;0.0;1.0;3.0;2.0;6.0;2.0;29;11;2019;09:00;1.0;94;94022;2;9.0;2.0;6.0;VICTOR HUGO (AV);48,7688400;2,4208500;3;86;0.0;;2.0;2;3.0;1.0;0;1;1.0;;;2.0;0.0;1.0;30.0;Val-de-Marne;11;Île-de-France
201900000582;138Â 305Â 461;A01;1.0;1;2.0;1.0;1959.0;;0.0;;;; -1;;;1.0;32.0;0.0;2.0;1.0;26.0;0.0;;29;11;2019;14:50;1.0;93;93048;2;1.0;2.0;3.0;IRENEE LECOQ (RUE);48,8723810;2,4489890;4;IRENEE LECOQ (RUE);0.0;;1.0;1;0.0;2.0;0;0;1.0;;;2.0;9.0;1.0;50.0;Seine-Saint-Denis;11;Île-de-France
201900000582;138Â 305Â 462;C01;1.0;1;1.0;1.0;1984.0;;0.0;;;; -1;;;1.0;7.0;;;;1.0;;;29;11;2019;14:50;1.0;93;93048;2;1.0;2.0;3.0;IRENEE LECOQ (RUE);48,8723810;2,4489890;4;IRENEE LECOQ (RUE);0.0;;1.0;1;0.0;2.0;0;0;1.0;;;2.0;9.0;1.0;50.0;Seine-Saint-Denis;11;Île-de-France
201900000583;138Â 305Â 460;A01;1.0;1;1.0;1.0;1991.0;4.0;8.0;0.0;;; -1;;;1.0;14.0;0.0;1.0;7.0;1.0;6.0;;28;11;2019;10:20;1.0;93;93005;2;1.0;8.0;6.0;SAVIGNY (AVENUE DE);48,9505290;2,5110020;4;SAVIGNY (AVENUE DE);0.0;;2.0;2;0.0;1.0;0;0;1.0;;;1.0;0.0;1.0;50.0;Seine-Saint-Denis;11;Île-de-France
201900000583;138Â 305Â 460;A01;10.0;3;3.0;2.0;1989.0;0.0;8.0;0.0;;9.0;1;1.0;;1.0;14.0;0.0;1.0;7.0;1.0;6.0;;28;11;2019;10:20;1.0;93;93005;2;1.0;8.0;6.0;SAVIGNY (AVENUE DE);48,9505290;2,5110020;4;SAVIGNY (AVENUE DE);0.0;;2.0;2;0.0;1.0;0;0;1.0;;;1.0;0.0;1.0;50.0;Seine-Saint-Denis;11;Île-de-France
201900000584;138Â 305Â 459;A01;10.0;3;3.0;1.0;1983.0;0.0;0.0;;;0.0;1;2.0;;3.0;37.0;0.0;1.0;1.0;26.0;0.0;1.0;11;3;2019;23:45;5.0;92;92078;2;9.0;1.0;6.0;GALLIENI (BD) (1 A 79 ET 22 A 102);48,9271200;2,3299600;3;9;0.0;;2.0;2;0.0;1.0;0;0;1.0;;;1.0;9.0;1.0;50.0;Hauts-de-Seine;11;Île-de-France
201900000584;138Â 305Â 459;A01;1.0;1;1.0;1.0;1969.0;4.0;1.0;8.0;;; -1;;;3.0;37.0;0.0;1.0;1.0;26.0;0.0;1.0;11;3;2019;23:45;5.0;92;92078;2;9.0;1.0;6.0;GALLIENI (BD) (1 A 79 ET 22 A 102);48,9271200;2,3299600;3;9;0.0;;2.0;2;0.0;1.0;0;0;1.0;;;1.0;9.0;1.0;50.0;Hauts-de-Seine;11;Île-de-France
201900000585;138Â 305Â 458;A01;10.0;3;2.0;2.0;2014.0;9.0;0.0;;;8.0;1;1.0;;3.0;30.0;0.0;1.0;1.0;25.0;0.0;;11;4;2019;18:10;1.0;92;92078;2;9.0;1.0;6.0;ROGER MARTIN DU GARD (SQUARE);48,9365000;2,3269700;4;ROGER MARTIN DU GARD (SQUARE);0.0;;;8;0.0;1.0;0;0;1.0;;;1.0;0.0;1.0;50.0;Hauts-de-Seine;11;Île-de-France
201900000586;138Â 305Â 457;A01;10.0;3;2.0;2.0;1932.0;9.0;8.0;0.0;;2.0;3;1.0;;3.0;13.0;0.0;1.0;4.0;4.0;6.0;;27;11;2019;12:00;1.0;92;92078;2;9.0;1.0;6.0;CHEMIN VERT (ALLEE);48,9369600;2,3329700;9;CHEMIN VERT (ALLEE);0.0;;;0;0.0;1.0;0;0;1.0;;;1.0;0.0;1.0;30.0;Hauts-de-Seine;11;Île-de-France
201900000586;138Â 305Â 457;A01;1.0;1;1.0;1.0;1959.0;9.0;1.0;8.0;;; -1;;;3.0;13.0;0.0;1.0;4.0;4.0;6.0;;27;11;2019;12:00;1.0;92;92078;2;9.0;1.0;6.0;CHEMIN VERT (ALLEE);48,9369600;2,3329700;9;CHEMIN VERT (ALLEE);0.0;;;0;0.0;1.0;0;0;1.0;;;1.0;0.0;1.0;30.0;Hauts-de-Seine;11;Île-de-France
201900000587;138Â 305Â 455;B01;1.0;1;2.0;1.0;1988.0;5.0;8.0;0.0;;;0;;;2.0;1.0;0.0;2.0;1.0;1.0;6.0;;29;11;2019;20:50;5.0;92;92073;2;1.0;8.0;3.0;BAS ROGERS (RUE DES);48,8798700;2,2333300;3;104;0.0;;2.0;2;0.0;2.0;0;0;1.0;;;1.0;0.0;1.0;50.0;Hauts-de-Seine;11;Île-de-France
201900000587;138Â 305Â 456;A01;1.0;1;1.0;1.0;1996.0;4.0;2.0;8.0;;;0;;;1.0;30.0;0.0;2.0;6.0;15.0;1.0;;29;11;2019;20:50;5.0;92;92073;2;1.0;8.0;3.0;BAS ROGERS (RUE DES);48,8798700;2,2333300;3;104;0.0;;2.0;2;0.0;2.0;0;0;1.0;;;1.0;0.0;1.0;50.0;Hauts-de-Seine;11;Île-de-France
201900000588;138Â 305Â 454;A01;1.0;1;1.0;2.0;1944.0;5.0;1.0;8.0;;;0;;;2.0;7.0;0.0;1.0;3.0;1.0;1.0;;28;11;2019;17:40;5.0;92;92063;2;3.0;1.0;6.0;FLOQUET (RUE CHARLES) NORD;48,8719900;2,1768800;3;180;0.0;;3.0;2;0.0;2.0;0;0;1.0;;;1.0;0.0;1.0;50.0;Hauts-de-Seine;11;Île-de-France
201900000588;138Â 305Â 454;A01;10.0;3;3.0;2.0;1973.0;1.0;0.0;;;3.0;3;1.0;;2.0;7.0;0.0;1.0;3.0;1.0;1.0;;28;11;2019;17:40;5.0;92;92063;2;3.0;1.0;6.0;FLOQUET (RUE CHARLES) NORD;48,8719900;2,1768800;3;180;0.0;;3.0;2;0.0;2.0;0;0;1.0;;;1.0;0.0;1.0;50.0;Hauts-de-Seine;11;Île-de-France
201900000589;138Â 305Â 453;A01;10.0;3;2.0;2.0;1943.0;;0.0;;;2.0;0;1.0;;0.0;2.0;0.0;1.0;0.0;0.0;;;29;11;2019;10:50;1.0;92;92051;2;1.0;2.0;6.0;CHARTRES (RUE DE );48,8819071;2,2777212;9;CHARTRES (RUE DE );0.0;;3.0;0;0.0;1.0;0;0;1.0;;;2.0;6.0;1.0;50.0;Hauts-de-Seine;11;Île-de-France
201900000590;138Â 305Â 452;Z01;10.0;3;2.0;1.0;2016.0;9.0;8.0;0.0;;3.0;3;2.0;;1.0;2.0;0.0;1.0;8.0;13.0;1.0;;28;11;2019;18:15;5.0;92;92050;2;1.0;1.0;6.0;GAMBETTA RUE;48,8882190;2,1993270;4;GAMBETTA RUE;0.0;;2.0;2;0.0;2.0;0;0;1.0;;;1.0;0.0;8.0;50.0;Hauts-de-Seine;11;Île-de-France
201900000591;138Â 305Â 451;Z01;10.0;3;2.0;1.0;1958.0;5.0;0.0;;;5.0;2;1.0;;3.0;30.0;0.0;1.0;1.0;25.0;1.0;;28;11;2019;18:15;5.0;92;92050;2;1.0;1.0;6.0;FRACHON BENOIT AVENUE;48,8946010;2,1909580;3;986;0.0;;2.0;1;3.0;2.0;1000;0;1.0;;;1.0;6.0;6.0;50.0;Hauts-de-Seine;11;Île-de-France
201900000591;138Â 305Â 451;Z01;1.0;1;1.0;1.0;2000.0;0.0;8.0;0.0;;0.0;0;;;3.0;30.0;0.0;1.0;1.0;25.0;1.0;;28;11;2019;18:15;5.0;92;92050;2;1.0;1.0;6.0;FRACHON BENOIT AVENUE;48,8946010;2,1909580;3;986;0.0;;2.0;1;3.0;2.0;1000;0;1.0;;;1.0;6.0;6.0;50.0;Hauts-de-Seine;11;Île-de-France
201900000592;138Â 305Â 449;A01;1.0;1;1.0;1.0;1966.0;4.0;1.0;0.0;;;0;;;1.0;7.0;0.0;2.0;3.0;9.0;0.0;;29;11;2019;16:00;1.0;92;92049;2;1.0;1.0;3.0;GAMBETTA AVENUE LEON NÂ° PAIRS;48,8136000;2,3236700;7;GAMBETTA AVENUE LEON NÂ° PAIRS;0.0;;2.0;2;0.0;1.0;0;0;1.0;;;1.0;0.0;1.0;50.0;Hauts-de-Seine;11;Île-de-France
201900000592;138Â 305Â 450;B01;1.0;1;2.0;1.0;2000.0;1.0;2.0;0.0;;;0;;;1.0;30.0;0.0;2.0;1.0;1.0;0.0;;29;11;2019;16:00;1.0;92;92049;2;1.0;1.0;3.0;GAMBETTA AVENUE LEON NÂ° PAIRS;48,8136000;2,3236700;7;GAMBETTA AVENUE LEON NÂ° PAIRS;0.0;;2.0;2;0.0;1.0;0;0;1.0;;;1.0;0.0;1.0;50.0;Hauts-de-Seine;11;Île-de-France