Num_Acc;id_vehicule;num_veh;place;catu;grav;sexe;an_nais;trajet;secu1;secu2;secu3;locp;actp;etatp;id_usager;senc;catv;obs;obsm;choc;manv;motor;occutc;jour;mois;an;hrmn;lum;dep;com;agg;int;atm;col;adr;lat;long;catr;voie;v1;v2;circ;nbv;vosp;prof;pr;pr1;plan;lartpc;larrout;surf;infra;situ;vma;nom_departement;reg;nom_region
201900000593;138Â 305Â 448;A01;1.0;1;3.0;1.0;1987.0;0.0;2.0;8.0;;;0;;;2.0;34.0;0.0;1.0;1.0;1.0;1.0;;27;11;2019;23:45;3.0;92;92004;2;1.0;1.0;6.0;AULAGNIER ( QUAI );48,9156630;2,3156618;3;7;0.0;;2.0;5;0.0;1.0;0;0;1.0;;;1.0;0.0;1.0;50.0;Hauts-de-Seine;11;Île-de-France
201900000593;138Â 305Â 448;A01;10.0;3;4.0;1.0;1975.0;0.0;0.0;;;0.0;3;1.0;;2.0;34.0;0.0;1.0;1.0;1.0;1.0;;27;11;2019;23:45;3.0;92;92004;2;1.0;1.0;6.0;AULAGNIER ( QUAI );48,9156630;2,3156618;3;7;0.0;;2.0;5;0.0;1.0;0;0;1.0;;;1.0;0.0;1.0;50.0;Hauts-de-Seine;11;Île-de-France
201900000594;138Â 305Â 446;A01;1.0;1;1.0;1.0;1935.0;3.0;1.0;;;0.0;0;;;3.0;7.0;0.0;1.0;1.0;1.0;1.0;;29;11;2019;15:30;1.0;80;80016;2;1.0;1.0;6.0;Rue des Otages;50,0013850;2,6524060;9;;;;1.0;1;0.0;1.0;(1);(1);1.0;;;1.0;0.0;1.0;50.0;Somme;32;Hauts-de-France
201900000594;138Â 305Â 446;A01;10.0;3;2.0;2.0;1939.0;3.0;0.0;;;3.0;3;2.0;;3.0;7.0;0.0;1.0;1.0;1.0;1.0;;29;11;2019;15:30;1.0;80;80016;2;1.0;1.0;6.0;Rue des Otages;50,0013850;2,6524060;9;;;;1.0;1;0.0;1.0;(1);(1);1.0;;;1.0;0.0;1.0;50.0;Somme;32;Hauts-de-France
201900000595;138Â 305Â 445;A01;10.0;3;4.0;2.0;1955.0;5.0;0.0;;;1.0;3;1.0;;1.0;10.0;0.0;1.0;2.0;1.0;1.0;;29;11;2019;17:55;3.0;37;37063;1;1.0;1.0;6.0;3 Rue du Pr Guillaume Louis;47,5862660;0,8979140;3;910;;;2.0;2;0.0;1.0;5;800;1.0;;;1.0;0.0;1.0;70.0;Indre-et-Loire;24;Centre-Val de Loire
201900000595;138Â 305Â 445;A01;1.0;1;1.0;1.0;1993.0;1.0;1.0;;;0.0;0;;;1.0;10.0;0.0;1.0;2.0;1.0;1.0;;29;11;2019;17:55;3.0;37;37063;1;1.0;1.0;6.0;3 Rue du Pr Guillaume Louis;47,5862660;0,8979140;3;910;;;2.0;2;0.0;1.0;5;800;1.0;;;1.0;0.0;1.0;70.0;Indre-et-Loire;24;Centre-Val de Loire
201900000596;138Â 305Â 443;A01;1.0;1;3.0;1.0;1976.0;0.0;1.0;;;0.0;0;;;0.0;7.0;0.0;2.0;3.0;13.0;1.0;;26;11;2019;17:20;1.0;47;47057;1;1.0;1.0;1.0;22 Avenue Saint-gregoire;44,6512390;0,5873570;3;254;0.0;D;2.0;2;0.0;2.0;19;700;2.0;;;1.0;0.0;1.0;50.0;Lot-et-Garonne;75;Nouvelle-Aquitaine
201900000596;138Â 305Â 444;B01;1.0;1;1.0;1.0;1986.0;4.0;0.0;;;0.0;0;;;3.0;21.0;0.0;2.0;3.0;0.0;1.0;;26;11;2019;17:20;1.0;47;47057;1;1.0;1.0;1.0;22 Avenue Saint-gregoire;44,6512390;0,5873570;3;254;0.0;D;2.0;2;0.0;2.0;19;700;2.0;;;1.0;0.0;1.0;50.0;Lot-et-Garonne;75;Nouvelle-Aquitaine
201900000597;138Â 305Â 442;A01;1.0;1;2.0;2.0;1986.0;5.0;8.0;;;0.0;0;;;0.0;7.0;6.0;0.0;1.0;1.0;1.0;;29;11;2019;21:44;5.0;62;62768;2;1.0;8.0;6.0;D137;50,3623650;1,8655290;3;137;0.0;;2.0;2;0.0;1.0;(1);(1);1.0;;;2.0;0.0;4.0;50.0;Pas-de-Calais;32;Hauts-de-France
201900000598;138Â 305Â 441;A01;1.0;1;3.0;1.0;1999.0;5.0;1.0;;;0.0;0;;;3.0;7.0;0.0;0.0;0.0;1.0;1.0;;29;11;2019;03:30;3.0;22;22368;1;1.0;8.0;7.0;D766;48,5631860; -2,0548220;3;766;;D;2.0;2;0.0;1.0;20;800;1.0;;;2.0;0.0;1.0;80.0;Côtes-d'Armor;53;Bretagne
201900000599;138Â 305Â 439;B01;1.0;1;2.0;1.0;2001.0;5.0;1.0;5.0;;0.0;0;;;3.0;7.0;1.0;0.0;1.0;1.0;1.0;;29;11;2019;23:45;5.0;95;95116;1;1.0;1.0;1.0;Chemin du Jacloret;49,1503190;2,3424970;4;;;;2.0;2;1.0;1.0;(1);(1);1.0;;;1.0;0.0;1.0;30.0;Val-d'Oise;11;Île-de-France
201900000599;138Â 305Â 439;B01;7.0;2;1.0;1.0;1998.0;5.0;1.0;;;0.0;0;;;3.0;7.0;1.0;0.0;1.0;1.0;1.0;;29;11;2019;23:45;5.0;95;95116;1;1.0;1.0;1.0;Chemin du Jacloret;49,1503190;2,3424970;4;;;;2.0;2;1.0;1.0;(1);(1);1.0;;;1.0;0.0;1.0;30.0;Val-d'Oise;11;Île-de-France
201900000599;138Â 305Â 440;A01;10.0;3;2.0;1.0;2000.0;9.0;0.0;;;1.0;9;3.0;;3.0;7.0;0.0;1.0;1.0;23.0;1.0;;29;11;2019;23:45;5.0;95;95116;1;1.0;1.0;1.0;Chemin du Jacloret;49,1503190;2,3424970;4;;;;2.0;2;1.0;1.0;(1);(1);1.0;;;1.0;0.0;1.0;30.0;Val-d'Oise;11;Île-de-France
201900000599;138Â 305Â 440;A01;10.0;3;2.0;1.0;2001.0;9.0;0.0;;;1.0;9;3.0;;3.0;7.0;0.0;1.0;1.0;23.0;1.0;;29;11;2019;23:45;5.0;95;95116;1;1.0;1.0;1.0;Chemin du Jacloret;49,1503190;2,3424970;4;;;;2.0;2;1.0;1.0;(1);(1);1.0;;;1.0;0.0;1.0;30.0;Val-d'Oise;11;Île-de-France
201900000599;138Â 305Â 440;A01;10.0;3;3.0;1.0;2000.0;9.0;0.0;;;1.0;9;3.0;;3.0;7.0;0.0;1.0;1.0;23.0;1.0;;29;11;2019;23:45;5.0;95;95116;1;1.0;1.0;1.0;Chemin du Jacloret;49,1503190;2,3424970;4;;;;2.0;2;1.0;1.0;(1);(1);1.0;;;1.0;0.0;1.0;30.0;Val-d'Oise;11;Île-de-France
201900000599;138Â 305Â 440;A01;10.0;3;2.0;1.0;1994.0;9.0;0.0;;;1.0;9;3.0;;3.0;7.0;0.0;1.0;1.0;23.0;1.0;;29;11;2019;23:45;5.0;95;95116;1;1.0;1.0;1.0;Chemin du Jacloret;49,1503190;2,3424970;4;;;;2.0;2;1.0;1.0;(1);(1);1.0;;;1.0;0.0;1.0;30.0;Val-d'Oise;11;Île-de-France
201900000599;138Â 305Â 440;A01;10.0;3;2.0;1.0;1999.0;9.0;0.0;;;1.0;9;3.0;;3.0;7.0;0.0;1.0;1.0;23.0;1.0;;29;11;2019;23:45;5.0;95;95116;1;1.0;1.0;1.0;Chemin du Jacloret;49,1503190;2,3424970;4;;;;2.0;2;1.0;1.0;(1);(1);1.0;;;1.0;0.0;1.0;30.0;Val-d'Oise;11;Île-de-France
201900000599;138Â 305Â 440;A01;10.0;3;3.0;1.0;2000.0;9.0;0.0;;;1.0;9;3.0;;3.0;7.0;0.0;1.0;1.0;23.0;1.0;;29;11;2019;23:45;5.0;95;95116;1;1.0;1.0;1.0;Chemin du Jacloret;49,1503190;2,3424970;4;;;;2.0;2;1.0;1.0;(1);(1);1.0;;;1.0;0.0;1.0;30.0;Val-d'Oise;11;Île-de-France
201900000600;138Â 305Â 438;A01;9.0;2;2.0;2.0;1934.0;5.0;1.0;;;0.0;0;;;1.0;7.0;13.0;0.0;1.0;1.0;1.0;;29;11;2019;12:00;1.0;01;01109;1;1.0;3.0;7.0;D884;46,1436930;5,9114600;3;884;;;3.0;4;0.0;4.0;0;24;3.0;;;3.0;9.0;3.0;110.0;Ain;84;Auvergne-Rhône-Alpes
201900000600;138Â 305Â 438;A01;2.0;2;3.0;2.0;1943.0;5.0;1.0;;;0.0;0;;;1.0;7.0;13.0;0.0;1.0;1.0;1.0;;29;11;2019;12:00;1.0;01;01109;1;1.0;3.0;7.0;D884;46,1436930;5,9114600;3;884;;;3.0;4;0.0;4.0;0;24;3.0;;;3.0;9.0;3.0;110.0;Ain;84;Auvergne-Rhône-Alpes
201900000600;138Â 305Â 438;A01;1.0;1;3.0;2.0;1947.0;5.0;1.0;;;0.0;0;;;1.0;7.0;13.0;0.0;1.0;1.0;1.0;;29;11;2019;12:00;1.0;01;01109;1;1.0;3.0;7.0;D884;46,1436930;5,9114600;3;884;;;3.0;4;0.0;4.0;0;24;3.0;;;3.0;9.0;3.0;110.0;Ain;84;Auvergne-Rhône-Alpes
201900000601;138Â 305Â 436;A01;9.0;2;1.0;1.0;2017.0;2.0;3.0;;;0.0;0;;;2.0;7.0;15.0;2.0;1.0;1.0;1.0;;29;11;2019;17:05;1.0;40;40295;1;2.0;1.0;3.0;Chemin Castelnau;44,3776100; -0,7997530;3;834;0.0;;2.0;2;0.0;1.0;3;230;1.0;;;1.0;5.0;1.0;80.0;Landes;75;Nouvelle-Aquitaine
201900000601;138Â 305Â 436;A01;1.0;1;1.0;2.0;1985.0;2.0;1.0;;;0.0;0;;;2.0;7.0;15.0;2.0;1.0;1.0;1.0;;29;11;2019;17:05;1.0;40;40295;1;2.0;1.0;3.0;Chemin Castelnau;44,3776100; -0,7997530;3;834;0.0;;2.0;2;0.0;1.0;3;230;1.0;;;1.0;5.0;1.0;80.0;Landes;75;Nouvelle-Aquitaine
201900000601;138Â 305Â 437;B01;2.0;2;4.0;2.0;1994.0;5.0;8.0;;;0.0;0;;;3.0;7.0;15.0;2.0;7.0;19.0;1.0;;29;11;2019;17:05;1.0;40;40295;1;2.0;1.0;3.0;Chemin Castelnau;44,3776100; -0,7997530;3;834;0.0;;2.0;2;0.0;1.0;3;230;1.0;;;1.0;5.0;1.0;80.0;Landes;75;Nouvelle-Aquitaine
201900000601;138Â 305Â 437;B01;1.0;1;3.0;2.0;1992.0;5.0;8.0;;;0.0;0;;;3.0;7.0;15.0;2.0;7.0;19.0;1.0;;29;11;2019;17:05;1.0;40;40295;1;2.0;1.0;3.0;Chemin Castelnau;44,3776100; -0,7997530;3;834;0.0;;2.0;2;0.0;1.0;3;230;1.0;;;1.0;5.0;1.0;80.0;Landes;75;Nouvelle-Aquitaine
201900000602;138Â 305Â 435;A01;1.0;1;3.0;2.0;1970.0;1.0;1.0;;;0.0;0;;;2.0;7.0;13.0;0.0;0.0;1.0;1.0;;29;11;2019;12:05;1.0;51;51507;1;1.0;2.0;7.0;RD 982E2;49,0822722;4,8830996;3;982E2;;;2.0;2;0.0;1.0;(1);(1);1.0;;;8.0;0.0;3.0;80.0;Marne;44;Grand Est
201900000603;138Â 305Â 433;A01;2.0;2;1.0;1.0;2009.0;5.0;8.0;;;0.0;0;;;2.0;7.0;0.0;2.0;3.0;1.0;0.0;;30;11;2019;17:10;2.0;51;51660;2;9.0;1.0;1.0;AVENUE DU VAL DES BOIS;49,3481234;4,2125039;3;20;;;2.0;2;0.0;1.0;13;890;1.0;;;1.0;5.0;1.0;50.0;Marne;44;Grand Est
201900000603;138Â 305Â 433;A01;1.0;1;1.0;1.0;1978.0;5.0;9.0;;;0.0;0;;;2.0;7.0;0.0;2.0;3.0;1.0;0.0;;30;11;2019;17:10;2.0;51;51660;2;9.0;1.0;1.0;AVENUE DU VAL DES BOIS;49,3481234;4,2125039;3;20;;;2.0;2;0.0;1.0;13;890;1.0;;;1.0;5.0;1.0;50.0;Marne;44;Grand Est
201900000603;138Â 305Â 434;B01;1.0;1;4.0;1.0;1940.0;9.0;8.0;;;0.0;0;;;2.0;1.0;0.0;2.0;7.0;19.0;5.0;;30;11;2019;17:10;2.0;51;51660;2;9.0;1.0;1.0;AVENUE DU VAL DES BOIS;49,3481234;4,2125039;3;20;;;2.0;2;0.0;1.0;13;890;1.0;;;1.0;5.0;1.0;50.0;Marne;44;Grand Est
201900000604;138Â 305Â 432;A01;10.0;3;2.0;2.0;2003.0;2.0;0.0;;;3.0;3;1.0;;3.0;7.0;0.0;1.0;3.0;1.0;1.0;;29;11;2019;16:15;1.0;56;56036;2;1.0;1.0;6.0;Rue Pierre Landais;47,7849660; -3,3374270;9;;;;2.0;2;0.0;1.0;(1);(1);1.0;;;1.0;6.0;1.0;50.0;Morbihan;53;Bretagne
201900000604;138Â 305Â 432;A01;1.0;1;1.0;1.0;1944.0;5.0;1.0;;;0.0;0;;;3.0;7.0;0.0;1.0;3.0;1.0;1.0;;29;11;2019;16:15;1.0;56;56036;2;1.0;1.0;6.0;Rue Pierre Landais;47,7849660; -3,3374270;9;;;;2.0;2;0.0;1.0;(1);(1);1.0;;;1.0;6.0;1.0;50.0;Morbihan;53;Bretagne
201900000605;138Â 305Â 431;A01;1.0;1;3.0;1.0;1971.0;0.0;1.0;;;0.0;0;;;3.0;7.0;8.0;0.0;1.0;1.0;0.0;;8;11;2019;20:30;3.0;74;74006;1;1.0;2.0;6.0;Route de sous le Mont;45,9970220;6,1135420;4;;0.0;;2.0;2;0.0;1.0;(1);(1);1.0;;;2.0;0.0;3.0;;Haute-Savoie;84;Auvergne-Rhône-Alpes
201900000606;138Â 305Â 429;B01;1.0;1;3.0;1.0;1967.0;5.0;2.0;6.0;9.0;0.0;0;;;2.0;33.0;0.0;0.0;4.0;1.0;1.0;;29;11;2019;15:35;1.0;2B;2B050;1;6.0;1.0;2.0;La Vigna;42,5559170;8,7925820;2;30;0.0;;;1;0.0;1.0;4;800;2.0;;;1.0;0.0;1.0;70.0;Haute-Corse;94;Corse
201900000606;138Â 305Â 430;A01;1.0;1;1.0;1.0;1937.0;9.0;1.0;;;0.0;0;;;2.0;7.0;0.0;2.0;3.0;2.0;1.0;;29;11;2019;15:35;1.0;2B;2B050;1;6.0;1.0;2.0;La Vigna;42,5559170;8,7925820;2;30;0.0;;;1;0.0;1.0;4;800;2.0;;;1.0;0.0;1.0;70.0;Haute-Corse;94;Corse
201900000607;138Â 305Â 427;B01;1.0;1;2.0;1.0;1964.0;5.0;1.0;;;0.0;0;;;2.0;7.0;0.0;2.0;3.0;1.0;1.0;;30;11;2019;16:20;1.0;2B;2B286;2;1.0;1.0;3.0;T10;42,4822850;9,4807150;2;10;;;2.0;2;0.0;1.0;141;8;1.0;;;1.0;0.0;1.0;50.0;Haute-Corse;94;Corse
201900000607;138Â 305Â 428;A01;1.0;1;1.0;1.0;1967.0;5.0;8.0;;;0.0;0;;;1.0;7.0;0.0;2.0;2.0;21.0;1.0;;30;11;2019;16:20;1.0;2B;2B286;2;1.0;1.0;3.0;T10;42,4822850;9,4807150;2;10;;;2.0;2;0.0;1.0;141;8;1.0;;;1.0;0.0;1.0;50.0;Haute-Corse;94;Corse
201900000607;138Â 305Â 428;A01;9.0;2;1.0;1.0;2009.0;5.0;1.0;;;0.0;0;;;1.0;7.0;0.0;2.0;2.0;21.0;1.0;;30;11;2019;16:20;1.0;2B;2B286;2;1.0;1.0;3.0;T10;42,4822850;9,4807150;2;10;;;2.0;2;0.0;1.0;141;8;1.0;;;1.0;0.0;1.0;50.0;Haute-Corse;94;Corse
201900000607;138Â 305Â 428;A01;8.0;2;1.0;2.0;2005.0;5.0;1.0;;;0.0;0;;;1.0;7.0;0.0;2.0;2.0;21.0;1.0;;30;11;2019;16:20;1.0;2B;2B286;2;1.0;1.0;3.0;T10;42,4822850;9,4807150;2;10;;;2.0;2;0.0;1.0;141;8;1.0;;;1.0;0.0;1.0;50.0;Haute-Corse;94;Corse
201900000607;138Â 305Â 428;A01;7.0;2;1.0;1.0;2004.0;5.0;1.0;;;0.0;0;;;1.0;7.0;0.0;2.0;2.0;21.0;1.0;;30;11;2019;16:20;1.0;2B;2B286;2;1.0;1.0;3.0;T10;42,4822850;9,4807150;2;10;;;2.0;2;0.0;1.0;141;8;1.0;;;1.0;0.0;1.0;50.0;Haute-Corse;94;Corse
201900000608;138Â 305Â 425;B01;1.0;1;2.0;1.0;1973.0;1.0;1.0;;;0.0;0;;;2.0;10.0;0.0;2.0;1.0;1.0;1.0;;30;11;2019;02:00;3.0;80;80082;1;1.0;5.0;1.0;D1001;49,9767660;2,1445490;3;1001;;;2.0;2;0.0;2.0;40;945;1.0;;;1.0;0.0;1.0;80.0;Somme;32;Hauts-de-France
201900000608;138Â 305Â 426;A01;1.0;1;3.0;1.0;1969.0;1.0;1.0;;;0.0;0;;;1.0;10.0;0.0;2.0;1.0;5.0;1.0;;30;11;2019;02:00;3.0;80;80082;1;1.0;5.0;1.0;D1001;49,9767660;2,1445490;3;1001;;;2.0;2;0.0;2.0;40;945;1.0;;;1.0;0.0;1.0;80.0;Somme;32;Hauts-de-France
201900000609;138Â 305Â 424;A01;1.0;1;1.0;2.0;1969.0;2.0;1.0;;;0.0;0;;;3.0;7.0;0.0;1.0;1.0;15.0;1.0;;25;11;2019;07:50;1.0;63;63178;2;2.0;1.0;6.0;Boulevard de BarriÃ¨re;45,5387431;3,2439519;4;Rue Ernest Hauterive;;;2.0;2;0.0;1.0;(1);(1);1.0;;;1.0;0.0;1.0;50.0;Puy-de-Dôme;84;Auvergne-Rhône-Alpes
201900000609;138Â 305Â 424;A01;10.0;3;2.0;1.0;1984.0;5.0;0.0;;;3.0;3;2.0;;3.0;7.0;0.0;1.0;1.0;15.0;1.0;;25;11;2019;07:50;1.0;63;63178;2;2.0;1.0;6.0;Boulevard de BarriÃ¨re;45,5387431;3,2439519;4;Rue Ernest Hauterive;;;2.0;2;0.0;1.0;(1);(1);1.0;;;1.0;0.0;1.0;50.0;Puy-de-Dôme;84;Auvergne-Rhône-Alpes
201900000610;138Â 305Â 423;A01;1.0;1;3.0;1.0;1981.0;5.0;0.0;;;0.0;0;;;2.0;2.0;1.0;0.0;1.0;1.0;6.0;;29;11;2019;22:30;5.0;61;61168;2;1.0;1.0;6.0;Rue d'Hautvie;48,5919590; -0,3568470;4;rue d'Hautevie;0.0;;1.0;1;0.0;1.0;0;0;1.0;;;1.0;9.0;1.0;20.0;Orne;28;Normandie
201900000611;138Â 305Â 422;A01;10.0;3;3.0;1.0;2000.0;5.0;0.0;;;1.0;3;1.0;;0.0;10.0;0.0;1.0;1.0;1.0;1.0;;30;11;2019;03:30;3.0;49;49222;1;1.0;1.0;6.0;D160;47,3333450; -0,5892290;3;160;0.0;D;2.0;2;0.0;1.0;16;450;1.0;;;1.0;0.0;1.0;80.0;Maine-et-Loire;52;Pays de la Loire
201900000611;138Â 305Â 422;A01;1.0;1;1.0;1.0;1993.0;1.0;1.0;;;0.0;0;;;0.0;10.0;0.0;1.0;1.0;1.0;1.0;;30;11;2019;03:30;3.0;49;49222;1;1.0;1.0;6.0;D160;47,3333450; -0,5892290;3;160;0.0;D;2.0;2;0.0;1.0;16;450;1.0;;;1.0;0.0;1.0;80.0;Maine-et-Loire;52;Pays de la Loire
201900000612;138Â 305Â 421;A01;1.0;1;3.0;1.0;1983.0;5.0;2.0;6.0;9.0;0.0;0;;;3.0;33.0;2.0;0.0;1.0;0.0;1.0;;30;11;2019;10:30;1.0;42;42060;1;1.0;1.0;6.0;Lieu Dit Apagneux;45,4957170;4,0987310;4;;0.0;;;2;0.0;2.0;(1);(1);1.0;;;6.0;0.0;8.0;;Loire;84;Auvergne-Rhône-Alpes
201900000613;138Â 305Â 419;A01;1.0;1;1.0;1.0;1967.0;4.0;1.0;;;0.0;0;;;1.0;7.0;0.0;2.0;2.0;15.0;1.0;;29;11;2019;15:35;1.0;47;47147;1;3.0;7.0;1.0;Au Trespountets;44,6360760;0,2417190;3;211;0.0;;2.0;2;0.0;2.0;4;200;3.0;;;1.0;0.0;1.0;80.0;Lot-et-Garonne;75;Nouvelle-Aquitaine
201900000613;138Â 305Â 420;B01;1.0;1;4.0;1.0;1948.0;5.0;2.0;;;0.0;0;;;2.0;1.0;0.0;2.0;1.0;1.0;5.0;;29;11;2019;15:35;1.0;47;47147;1;3.0;7.0;1.0;Au Trespountets;44,6360760;0,2417190;3;211;0.0;;2.0;2;0.0;2.0;4;200;3.0;;;1.0;0.0;1.0;80.0;Lot-et-Garonne;75;Nouvelle-Aquitaine
201900000614;138Â 305Â 417;A01;1.0;1;3.0;1.0;1985.0;1.0;1.0;;;0.0;0;;;1.0;7.0;0.0;2.0;3.0;1.0;0.0;;30;11;2019;14:00;1.0;34;34214;1;1.0;1.0;1.0;D15;43,4660430;3,2737190;3;15;;;2.0;2;0.0;1.0;13;250;1.0;;;1.0;0.0;1.0;;Hérault;76;Occitanie
201900000614;138Â 305Â 418;B01;1.0;1;4.0;1.0;1937.0;5.0;1.0;;;0.0;0;;;2.0;7.0;0.0;2.0;3.0;1.0;0.0;;30;11;2019;14:00;1.0;34;34214;1;1.0;1.0;1.0;D15;43,4660430;3,2737190;3;15;;;2.0;2;0.0;1.0;13;250;1.0;;;1.0;0.0;1.0;;Hérault;76;Occitanie
201900000614;138Â 305Â 418;B01;2.0;2;3.0;2.0;1938.0;5.0;1.0;;;0.0;0;;;2.0;7.0;0.0;2.0;3.0;1.0;0.0;;30;11;2019;14:00;1.0;34;34214;1;1.0;1.0;1.0;D15;43,4660430;3,2737190;3;15;;;2.0;2;0.0;1.0;13;250;1.0;;;1.0;0.0;1.0;;Hérault;76;Occitanie
201900000615;138Â 305Â 416;A01;2.0;2;1.0;2.0;1947.0;5.0;8.0;;;0.0;0;;;2.0;7.0;0.0;1.0;1.0;1.0;1.0;;29;11;2019;13:20;1.0;68;68374;2;1.0;1.0;6.0;1 Rue du Logelbach;48,0736660;7,2909890;4;;;;2.0;2;0.0;1.0;(1);(1);1.0;;;1.0;0.0;1.0;30.0;Haut-Rhin;44;Grand Est
201900000615;138Â 305Â 416;A01;1.0;1;1.0;1.0;1945.0;5.0;8.0;;;0.0;0;;;2.0;7.0;0.0;1.0;1.0;1.0;1.0;;29;11;2019;13:20;1.0;68;68374;2;1.0;1.0;6.0;1 Rue du Logelbach;48,0736660;7,2909890;4;;;;2.0;2;0.0;1.0;(1);(1);1.0;;;1.0;0.0;1.0;30.0;Haut-Rhin;44;Grand Est
201900000615;138Â 305Â 416;A01;10.0;3;3.0;1.0;2012.0;2.0;0.0;;;3.0;3;1.0;;2.0;7.0;0.0;1.0;1.0;1.0;1.0;;29;11;2019;13:20;1.0;68;68374;2;1.0;1.0;6.0;1 Rue du Logelbach;48,0736660;7,2909890;4;;;;2.0;2;0.0;1.0;(1);(1);1.0;;;1.0;0.0;1.0;30.0;Haut-Rhin;44;Grand Est
201900000616;138Â 305Â 414;A01;1.0;1;3.0;2.0;1995.0;5.0;1.0;;;0.0;0;;;1.0;7.0;0.0;2.0;3.0;1.0;1.0;;29;11;2019;19:30;3.0;44;44013;1;1.0;1.0;1.0;D773;47,3971840; -2,0970150;3;773;;;2.0;2;0.0;1.0;25;500;1.0;;;1.0;0.0;1.0;80.0;Loire-Atlantique;52;Pays de la Loire
201900000616;138Â 305Â 415;B01;1.0;1;2.0;2.0;1997.0;5.0;1.0;;;0.0;0;;;2.0;7.0;0.0;2.0;3.0;1.0;1.0;;29;11;2019;19:30;3.0;44;44013;1;1.0;1.0;1.0;D773;47,3971840; -2,0970150;3;773;;;2.0;2;0.0;1.0;25;500;1.0;;;1.0;0.0;1.0;80.0;Loire-Atlantique;52;Pays de la Loire
201900000617;138Â 305Â 412;A01;1.0;1;3.0;1.0;1987.0;1.0;2.0;6.0;;0.0;0;;;3.0;33.0;0.0;2.0;1.0;5.0;1.0;;29;11;2019;16:45;2.0;44;44125;2;6.0;1.0;3.0;Route de Saint-sÃ©bastien;47,3666063; -2,5222546;4;;;;;1;0.0;2.0;(1);(1);1.0;;;1.0;0.0;1.0;50.0;Loire-Atlantique;52;Pays de la Loire
201900000617;138Â 305Â 413;B01;1.0;1;1.0;1.0;1967.0;1.0;1.0;;;0.0;0;;;3.0;7.0;0.0;2.0;3.0;15.0;1.0;;29;11;2019;16:45;2.0;44;44125;2;6.0;1.0;3.0;Route de Saint-sÃ©bastien;47,3666063; -2,5222546;4;;;;;1;0.0;2.0;(1);(1);1.0;;;1.0;0.0;1.0;50.0;Loire-Atlantique;52;Pays de la Loire
201900000618;138Â 305Â 411;A01;10.0;3;3.0;2.0;2008.0;2.0;0.0;;;1.0;3;1.0;;1.0;7.0;0.0;1.0;1.0;17.0;1.0;;29;11;2019;17:21;2.0;29;29302;1;1.0;9.0;6.0;1770 Lieu-dit Pennarun;48,2700610; -4,0961940;4;26;0.0;C;2.0;2;0.0;1.0;0;0;1.0;;;2.0;0.0;1.0;80.0;Finistère;53;Bretagne
201900000618;138Â 305Â 411;A01;1.0;1;1.0;1.0;1958.0;4.0;8.0;;;0.0;0;;;1.0;7.0;0.0;1.0;1.0;17.0;1.0;;29;11;2019;17:21;2.0;29;29302;1;1.0;9.0;6.0;1770 Lieu-dit Pennarun;48,2700610; -4,0961940;4;26;0.0;C;2.0;2;0.0;1.0;0;0;1.0;;;2.0;0.0;1.0;80.0;Finistère;53;Bretagne
201900000619;138Â 305Â 410;A01;1.0;1;2.0;2.0;1971.0;0.0;8.0;;;0.0;0;;;2.0;7.0;13.0;0.0;9.0;2.0;1.0;;30;11;2019;06:15;3.0;26;26001;1;1.0;1.0;6.0;RD93;44,6963150;5,3946420;3;93;0.0;;2.0;1;0.0;1.0;61;500;1.0;;;2.0;0.0;1.0;80.0;Drôme;84;Auvergne-Rhône-Alpes
201900000620;138Â 305Â 409;A01;7.0;2;2.0;1.0;2000.0;5.0;1.0;;;0.0;0;;;0.0;7.0;2.0;0.0;3.0;0.0;1.0;;30;11;2019;04:45;5.0;72;72046;2;9.0;1.0;6.0;rue des ormeaux;47,9968300;0,5024290;4;;;;2.0;2;0.0;2.0;(1);(1);3.0;;;1.0;0.0;1.0;;Sarthe;52;Pays de la Loire
201900000620;138Â 305Â 409;A01;1.0;1;2.0;1.0;2001.0;5.0;1.0;;;0.0;0;;;0.0;7.0;2.0;0.0;3.0;0.0;1.0;;30;11;2019;04:45;5.0;72;72046;2;9.0;1.0;6.0;rue des ormeaux;47,9968300;0,5024290;4;;;;2.0;2;0.0;2.0;(1);(1);3.0;;;1.0;0.0;1.0;;Sarthe;52;Pays de la Loire
201900000620;138Â 305Â 409;A01;2.0;2;1.0;1.0;2000.0;5.0;1.0;;;0.0;0;;;0.0;7.0;2.0;0.0;3.0;0.0;1.0;;30;11;2019;04:45;5.0;72;72046;2;9.0;1.0;6.0;rue des ormeaux;47,9968300;0,5024290;4;;;;2.0;2;0.0;2.0;(1);(1);3.0;;;1.0;0.0;1.0;;Sarthe;52;Pays de la Loire
201900000621;138Â 305Â 408;A01;1.0;1;2.0;2.0;1995.0;4.0;1.0;;;0.0;0;;;3.0;10.0;2.0;0.0;2.0;1.0;1.0;;30;11;2019;13:20;1.0;60;60067;1;1.0;1.0;7.0;Chemin du SÃ©maphore;49,2905190;2,8174580;9;;0.0;;1.0;1;0.0;1.0;(1);(1);1.0;;;6.0;0.0;6.0;30.0;Oise;32;Hauts-de-France