Num_Acc;id_vehicule;num_veh;place;catu;grav;sexe;an_nais;trajet;secu1;secu2;secu3;locp;actp;etatp;id_usager;senc;catv;obs;obsm;choc;manv;motor;occutc;jour;mois;an;hrmn;lum;dep;com;agg;int;atm;col;adr;lat;long;catr;voie;v1;v2;circ;nbv;vosp;prof;pr;pr1;plan;lartpc;larrout;surf;infra;situ;vma;nom_departement;reg;nom_region
201900000622;138Â 305Â 407;A01;1.0;1;2.0;1.0;1986.0;0.0;8.0;;;0.0;0;;;0.0;10.0;12.0;0.0;0.0;1.0;1.0;;29;11;2019;23:30;3.0;60;60009;1;6.0;1.0;7.0;D1001;49,4053558;2,1199451;3;1001;;;3.0;4;0.0;1.0;31;300;1.0;;;1.0;0.0;3.0;90.0;Oise;32;Hauts-de-France
201900000623;138Â 305Â 406;A01;1.0;1;2.0;1.0;1970.0;5.0;1.0;5.0;;0.0;0;;;2.0;7.0;15.0;0.0;1.0;0.0;1.0;;30;11;2019;01:45;3.0;64;64527;2;6.0;1.0;7.0;d918;43,3406992; -1,4726714;3;918;0.0;D;2.0;2;0.0;1.0;21;100;1.0;;;2.0;9.0;1.0;50.0;Pyrénées-Atlantiques;75;Nouvelle-Aquitaine
201900000624;138Â 305Â 405;A01;1.0;1;2.0;1.0;1964.0;1.0;2.0;6.0;4.0;0.0;0;;;2.0;30.0;0.0;0.0;9.0;1.0;1.0;;29;11;2019;17:35;3.0;73;73059;1;1.0;2.0;7.0;D991  Route de Paris;45,7594224;5,8706055;3;991;0.0;;2.0;2;0.0;1.0;20;950;4.0;;;2.0;0.0;1.0;70.0;Savoie;84;Auvergne-Rhône-Alpes
201900000625;138Â 305Â 404;A01;1.0;1;3.0;1.0;1994.0;5.0;0.0;;;0.0;0;;;1.0;7.0;0.0;0.0;9.0;1.0;1.0;;30;11;2019;06:10;3.0;16;16421;1;1.0;1.0;7.0;Lieu Dit la Petite Fenetre;45,6775090;0,4581110;3;6;0.0;;2.0;2;0.0;2.0;11;15;1.0;0.0;5.8;1.0;0.0;1.0;80.0;Charente;75;Nouvelle-Aquitaine
201900000626;138Â 305Â 402;B01;1.0;1;3.0;1.0;2003.0;5.0;2.0;;;0.0;0;;;2.0;2.0;0.0;2.0;7.0;19.0;1.0;;29;11;2019;20:45;3.0;85;85107;1;1.0;1.0;3.0;LA TUILERIE;46,9642500; -1,2729900;3;23;0.0;;2.0;2;0.0;1.0;83;800;1.0;;;1.0;0.0;1.0;;Vendée;52;Pays de la Loire
201900000626;138Â 305Â 403;A01;1.0;1;1.0;1.0;1993.0;1.0;1.0;;;0.0;0;;;2.0;7.0;0.0;2.0;3.0;1.0;1.0;;29;11;2019;20:45;3.0;85;85107;1;1.0;1.0;3.0;LA TUILERIE;46,9642500; -1,2729900;3;23;0.0;;2.0;2;0.0;1.0;83;800;1.0;;;1.0;0.0;1.0;;Vendée;52;Pays de la Loire
201900000627;138Â 305Â 401;A01;1.0;1;1.0;1.0;1928.0;3.0;1.0;;;0.0;0;;;1.0;7.0;5.0;0.0;2.0;1.0;1.0;;29;11;2019;16:10;1.0;48;48063;1;1.0;2.0;6.0;D987;44,7766720;3,3478690;3;987;;;2.0;2;0.0;1.0;37;630;4.0;;;2.0;2.0;1.0;70.0;Lozère;76;Occitanie
201900000627;138Â 305Â 401;A01;2.0;2;3.0;2.0;1937.0;3.0;1.0;;;0.0;0;;;1.0;7.0;5.0;0.0;2.0;1.0;1.0;;29;11;2019;16:10;1.0;48;48063;1;1.0;2.0;6.0;D987;44,7766720;3,3478690;3;987;;;2.0;2;0.0;1.0;37;630;4.0;;;2.0;2.0;1.0;70.0;Lozère;76;Occitanie
201900000628;138Â 305Â 399;B01;1.0;1;1.0;2.0;1975.0;1.0;1.0;;;0.0;0;;;2.0;7.0;0.0;0.0;7.0;15.0;1.0;;29;11;2019;19:40;5.0;973;97307;2;2.0;1.0;3.0;RN2;4,8860210; -52,3353450;2;2;;;2.0;2;0.0;1.0;0;550;1.0;;;2.0;9.0;1.0;50.0;Guyane;03;Guyane
201900000628;138Â 305Â 400;A01;1.0;1;3.0;1.0;1948.0;9.0;2.0;;;0.0;0;;;1.0;2.0;0.0;2.0;1.0;1.0;1.0;;29;11;2019;19:40;5.0;973;97307;2;2.0;1.0;3.0;RN2;4,8860210; -52,3353450;2;2;;;2.0;2;0.0;1.0;0;550;1.0;;;2.0;9.0;1.0;50.0;Guyane;03;Guyane
201900000629;138Â 305Â 396;C01;2.0;2;1.0;2.0;1977.0;5.0;1.0;;;0.0;0;;;1.0;7.0;0.0;2.0;8.0;0.0;1.0;;29;11;2019;23:35;3.0;80;80160;1;1.0;1.0;5.0;A29;49,8529430;2,3549160;1;29;;A;3.0;4;0.0;2.0;197;500;1.0;;;1.0;0.0;8.0;110.0;Somme;32;Hauts-de-France
201900000629;138Â 305Â 396;C01;1.0;1;1.0;2.0;1979.0;5.0;1.0;;;0.0;0;;;1.0;7.0;0.0;2.0;8.0;0.0;1.0;;29;11;2019;23:35;3.0;80;80160;1;1.0;1.0;5.0;A29;49,8529430;2,3549160;1;29;;A;3.0;4;0.0;2.0;197;500;1.0;;;1.0;0.0;8.0;110.0;Somme;32;Hauts-de-France
201900000629;138Â 305Â 397;B01;1.0;1;2.0;1.0;1943.0;5.0;0.0;;;0.0;0;;;2.0;7.0;0.0;2.0;3.0;0.0;1.0;;29;11;2019;23:35;3.0;80;80160;1;1.0;1.0;5.0;A29;49,8529430;2,3549160;1;29;;A;3.0;4;0.0;2.0;197;500;1.0;;;1.0;0.0;8.0;110.0;Somme;32;Hauts-de-France
201900000629;138Â 305Â 398;A01;1.0;1;2.0;1.0;1980.0;5.0;8.0;;;0.0;0;;;1.0;7.0;4.0;2.0;0.0;0.0;1.0;;29;11;2019;23:35;3.0;80;80160;1;1.0;1.0;5.0;A29;49,8529430;2,3549160;1;29;;A;3.0;4;0.0;2.0;197;500;1.0;;;1.0;0.0;8.0;110.0;Somme;32;Hauts-de-France
201900000629;138Â 305Â 398;A01;2.0;2;2.0;1.0;2004.0;5.0;1.0;;;0.0;0;;;1.0;7.0;4.0;2.0;0.0;0.0;1.0;;29;11;2019;23:35;3.0;80;80160;1;1.0;1.0;5.0;A29;49,8529430;2,3549160;1;29;;A;3.0;4;0.0;2.0;197;500;1.0;;;1.0;0.0;8.0;110.0;Somme;32;Hauts-de-France
201900000630;138Â 305Â 392;A01;1.0;1;1.0;1.0;1995.0;1.0;1.0;;;0.0;0;;;1.0;10.0;0.0;2.0;2.0;13.0;1.0;;30;11;2019;07:50;2.0;76;76660;1;1.0;1.0;4.0;A131;49,4860630;0,3184330;1;131;0.0;A;1.0;2;0.0;1.0;28;800;1.0;;;1.0;0.0;1.0;130.0;Seine-Maritime;28;Normandie
201900000630;138Â 305Â 393;B01;1.0;1;1.0;1.0;1971.0;4.0;1.0;;;0.0;0;;;1.0;17.0;0.0;2.0;6.0;1.0;6.0;;30;11;2019;07:50;2.0;76;76660;1;1.0;1.0;4.0;A131;49,4860630;0,3184330;1;131;0.0;A;1.0;2;0.0;1.0;28;800;1.0;;;1.0;0.0;1.0;130.0;Seine-Maritime;28;Normandie
201900000630;138Â 305Â 394;C01;1.0;1;1.0;1.0;1952.0;9.0;1.0;;;0.0;0;;;1.0;7.0;0.0;2.0;1.0;1.0;1.0;;30;11;2019;07:50;2.0;76;76660;1;1.0;1.0;4.0;A131;49,4860630;0,3184330;1;131;0.0;A;1.0;2;0.0;1.0;28;800;1.0;;;1.0;0.0;1.0;130.0;Seine-Maritime;28;Normandie
201900000630;138Â 305Â 395;D01;1.0;1;3.0;1.0;1997.0;9.0;1.0;;;0.0;0;;;1.0;7.0;0.0;2.0;1.0;1.0;1.0;;30;11;2019;07:50;2.0;76;76660;1;1.0;1.0;4.0;A131;49,4860630;0,3184330;1;131;0.0;A;1.0;2;0.0;1.0;28;800;1.0;;;1.0;0.0;1.0;130.0;Seine-Maritime;28;Normandie
201900000631;138Â 305Â 390;B01;2.0;2;2.0;1.0;1956.0;4.0;1.0;;;0.0;0;;;1.0;7.0;13.0;2.0;6.0;1.0;1.0;;26;11;2019;17:33;3.0;28;28092;1;1.0;1.0;3.0;A10;48,3558410;1,8756740;1;10;;;3.0;3;0.0;1.0;46;300;1.0;;;2.0;0.0;1.0;130.0;Eure-et-Loir;24;Centre-Val de Loire
201900000631;138Â 305Â 390;B01;1.0;1;2.0;2.0;1965.0;4.0;1.0;;;0.0;0;;;1.0;7.0;13.0;2.0;6.0;1.0;1.0;;26;11;2019;17:33;3.0;28;28092;1;1.0;1.0;3.0;A10;48,3558410;1,8756740;1;10;;;3.0;3;0.0;1.0;46;300;1.0;;;2.0;0.0;1.0;130.0;Eure-et-Loir;24;Centre-Val de Loire
201900000631;138Â 305Â 391;A01;1.0;1;1.0;1.0;1948.0;0.0;1.0;;;0.0;0;;;1.0;7.0;13.0;2.0;7.0;14.0;1.0;;26;11;2019;17:33;3.0;28;28092;1;1.0;1.0;3.0;A10;48,3558410;1,8756740;1;10;;;3.0;3;0.0;1.0;46;300;1.0;;;2.0;0.0;1.0;130.0;Eure-et-Loir;24;Centre-Val de Loire
201900000632;138Â 305Â 389;A01;2.0;2;4.0;1.0;1979.0;5.0;0.0;;;0.0;0;;;3.0;7.0;13.0;0.0;0.0;1.0;1.0;;30;11;2019;05:50;1.0;986;98613;1;1.0;1.0;7.0;Vailala;45,8934410; -0,1475900;2;1;;;2.0;2;0.0;1.0;(1);(1);2.0;;;1.0;0.0;3.0;70.0;;;
201900000632;138Â 305Â 389;A01;1.0;1;1.0;1.0;1969.0;5.0;0.0;;;0.0;0;;;3.0;7.0;13.0;0.0;0.0;1.0;1.0;;30;11;2019;05:50;1.0;986;98613;1;1.0;1.0;7.0;Vailala;45,8934410; -0,1475900;2;1;;;2.0;2;0.0;1.0;(1);(1);2.0;;;1.0;0.0;3.0;70.0;;;
201900000633;138Â 305Â 387;B01;1.0;1;1.0;1.0;1956.0;5.0;1.0;;;0.0;0;;;1.0;7.0;0.0;9.0;4.0;2.0;1.0;;29;11;2019;19:45;3.0;971;97107;1;1.0;1.0;2.0;1368 Boulevard de Bananier;15,9967510; -61,6070940;2;1;0.0;;2.0;2;0.0;2.0;17;500;1.0;;;1.0;0.0;1.0;70.0;Guadeloupe;01;Guadeloupe
201900000633;138Â 305Â 388;A01;1.0;1;2.0;1.0;1996.0;5.0;0.0;;;0.0;0;;;1.0;2.0;0.0;2.0;4.0;2.0;1.0;;29;11;2019;19:45;3.0;971;97107;1;1.0;1.0;2.0;1368 Boulevard de Bananier;15,9967510; -61,6070940;2;1;0.0;;2.0;2;0.0;2.0;17;500;1.0;;;1.0;0.0;1.0;70.0;Guadeloupe;01;Guadeloupe
201900000634;138Â 305Â 385;A01;1.0;1;1.0;1.0;1989.0;5.0;1.0;;;0.0;0;;;1.0;7.0;0.0;0.0;1.0;2.0;1.0;;29;11;2019;20:45;4.0;33;33199;2;1.0;1.0;2.0;161 avenue MarÃ©chal de lattre de tassigny;44,6365100; -1,0956600;3;650;;;2.0;2;0.0;1.0;12;455;1.0;;;1.0;0.0;1.0;50.0;Gironde;75;Nouvelle-Aquitaine
201900000634;138Â 305Â 386;B01;1.0;1;3.0;1.0;1943.0;5.0;0.0;;;0.0;0;;;1.0;1.0;0.0;0.0;4.0;2.0;6.0;;29;11;2019;20:45;4.0;33;33199;2;1.0;1.0;2.0;161 avenue MarÃ©chal de lattre de tassigny;44,6365100; -1,0956600;3;650;;;2.0;2;0.0;1.0;12;455;1.0;;;1.0;0.0;1.0;50.0;Gironde;75;Nouvelle-Aquitaine
201900000635;138Â 305Â 384;A01;10.0;3;2.0;2.0;1931.0;5.0;0.0;;;3.0;3;2.0;;1.0;7.0;0.0;1.0;2.0;1.0;1.0;;30;11;2019;16:20;1.0;45;45315;2;1.0;1.0;6.0;3 Place Maurice de Sully;47,7657979;2,3755932;3;948;;;1.0;1;0.0;1.0;34;42;1.0;;;1.0;0.0;1.0;50.0;Loiret;24;Centre-Val de Loire
201900000635;138Â 305Â 384;A01;1.0;1;1.0;1.0;1967.0;3.0;8.0;;;0.0;0;;;1.0;7.0;0.0;1.0;2.0;1.0;1.0;;30;11;2019;16:20;1.0;45;45315;2;1.0;1.0;6.0;3 Place Maurice de Sully;47,7657979;2,3755932;3;948;;;1.0;1;0.0;1.0;34;42;1.0;;;1.0;0.0;1.0;50.0;Loiret;24;Centre-Val de Loire
201900000635;138Â 305Â 384;A01;10.0;3;3.0;2.0;1940.0;5.0;0.0;;;3.0;3;2.0;;1.0;7.0;0.0;1.0;2.0;1.0;1.0;;30;11;2019;16:20;1.0;45;45315;2;1.0;1.0;6.0;3 Place Maurice de Sully;47,7657979;2,3755932;3;948;;;1.0;1;0.0;1.0;34;42;1.0;;;1.0;0.0;1.0;50.0;Loiret;24;Centre-Val de Loire
201900000636;138Â 305Â 383;A01;10.0;3;3.0;2.0;1977.0;0.0;0.0;;;1.0;1;1.0;;1.0;13.0;0.0;1.0;2.0;21.0;1.0;;30;11;2019;09:30;1.0;78;78415;2;1.0;1.0;6.0;Route de Mareil;48,8857420;1,8602630;4;;;;2.0;2;0.0;2.0;(1);(1);2.0;;;1.0;0.0;1.0;30.0;Yvelines;11;Île-de-France
201900000636;138Â 305Â 383;A01;1.0;1;1.0;1.0;1989.0;0.0;1.0;;;0.0;0;;;1.0;13.0;0.0;1.0;2.0;21.0;1.0;;30;11;2019;09:30;1.0;78;78415;2;1.0;1.0;6.0;Route de Mareil;48,8857420;1,8602630;4;;;;2.0;2;0.0;2.0;(1);(1);2.0;;;1.0;0.0;1.0;30.0;Yvelines;11;Île-de-France
201900000637;138Â 305Â 382;A01;1.0;1;4.0;1.0;1996.0;5.0;2.0;6.0;9.0;0.0;0;;;1.0;33.0;13.0;0.0;8.0;0.0;1.0;;30;11;2019;05:20;3.0;78;78231;1;1.0;1.0;7.0;RD 928;48,9519030;1,6517300;3;928;0.0;D;2.0;2;0.0;1.0;6;650;1.0;;;1.0;0.0;3.0;80.0;Yvelines;11;Île-de-France
201900000638;138Â 305Â 380;B01;1.0;1;3.0;1.0;1985.0;0.0;2.0;6.0;;0.0;0;;;2.0;33.0;0.0;2.0;1.0;1.0;1.0;;30;11;2019;01:15;3.0;83;83068;1;1.0;1.0;1.0;1251 Route de Saint Tropez;43,2673040;6,5557800;3;61;0.0;;2.0;2;0.0;1.0;1;300;4.0;;;1.0;0.0;1.0;70.0;Var;93;Provence-Alpes-Côte d'Azur
201900000638;138Â 305Â 381;A01;1.0;1;1.0;1.0;1963.0;5.0;1.0;;;0.0;0;;;1.0;7.0;0.0;2.0;1.0;13.0;1.0;;30;11;2019;01:15;3.0;83;83068;1;1.0;1.0;1.0;1251 Route de Saint Tropez;43,2673040;6,5557800;3;61;0.0;;2.0;2;0.0;1.0;1;300;4.0;;;1.0;0.0;1.0;70.0;Var;93;Provence-Alpes-Côte d'Azur
201900000639;138Â 305Â 378;B01;1.0;1;3.0;1.0;2005.0;5.0;2.0;6.0;;0.0;0;;;3.0;2.0;0.0;2.0;1.0;13.0;1.0;;30;11;2019;10:40;1.0;06;06048;2;1.0;1.0;1.0;Chemin du Baudaric;43,8156770;7,3157250;4;;0.0;;2.0;2;0.0;2.0;(1);(1);3.0;;;1.0;0.0;1.0;50.0;Alpes-Maritimes;93;Provence-Alpes-Côte d'Azur
201900000639;138Â 305Â 379;A01;1.0;1;1.0;2.0;1962.0;0.0;1.0;;;0.0;0;;;3.0;7.0;0.0;2.0;3.0;0.0;0.0;;30;11;2019;10:40;1.0;06;06048;2;1.0;1.0;1.0;Chemin du Baudaric;43,8156770;7,3157250;4;;0.0;;2.0;2;0.0;2.0;(1);(1);3.0;;;1.0;0.0;1.0;50.0;Alpes-Maritimes;93;Provence-Alpes-Côte d'Azur
201900000640;138Â 305Â 375;C01;1.0;1;1.0;1.0;1979.0;0.0;1.0;;;0.0;0;;;2.0;7.0;0.0;2.0;1.0;1.0;0.0;;29;11;2019;17:55;3.0;89;89105;1;1.0;3.0;4.0;D606;47,8997490;3,5209340;3;606;;;2.0;3;0.0;1.0;73;40;1.0;;;2.0;9.0;1.0;90.0;Yonne;27;Bourgogne-Franche-Comté
201900000640;138Â 305Â 376;B01;9.0;2;2.0;2.0;2001.0;0.0;1.0;;;0.0;0;;;2.0;7.0;0.0;2.0;1.0;1.0;0.0;;29;11;2019;17:55;3.0;89;89105;1;1.0;3.0;4.0;D606;47,8997490;3,5209340;3;606;;;2.0;3;0.0;1.0;73;40;1.0;;;2.0;9.0;1.0;90.0;Yonne;27;Bourgogne-Franche-Comté
201900000640;138Â 305Â 376;B01;1.0;1;2.0;1.0;1975.0;0.0;1.0;;;0.0;0;;;2.0;7.0;0.0;2.0;1.0;1.0;0.0;;29;11;2019;17:55;3.0;89;89105;1;1.0;3.0;4.0;D606;47,8997490;3,5209340;3;606;;;2.0;3;0.0;1.0;73;40;1.0;;;2.0;9.0;1.0;90.0;Yonne;27;Bourgogne-Franche-Comté
201900000640;138Â 305Â 376;B01;2.0;2;2.0;2.0;1966.0;0.0;1.0;;;0.0;0;;;2.0;7.0;0.0;2.0;1.0;1.0;0.0;;29;11;2019;17:55;3.0;89;89105;1;1.0;3.0;4.0;D606;47,8997490;3,5209340;3;606;;;2.0;3;0.0;1.0;73;40;1.0;;;2.0;9.0;1.0;90.0;Yonne;27;Bourgogne-Franche-Comté
201900000640;138Â 305Â 377;A01;1.0;1;1.0;1.0;1979.0;4.0;1.0;;;0.0;0;;;1.0;15.0;0.0;0.0;6.0;10.0;0.0;;29;11;2019;17:55;3.0;89;89105;1;1.0;3.0;4.0;D606;47,8997490;3,5209340;3;606;;;2.0;3;0.0;1.0;73;40;1.0;;;2.0;9.0;1.0;90.0;Yonne;27;Bourgogne-Franche-Comté
201900000641;138Â 305Â 373;B01;1.0;1;2.0;2.0;1956.0;5.0;0.0;;;0.0;0;;;0.0;1.0;0.0;2.0;7.0;1.0;5.0;;27;11;2019;11:51;1.0;67;67205;2;6.0;1.0;3.0;rue de l'hippodromme;48,6906490;7,7846270;4;;;;2.0;2;0.0;1.0;(1);(1);1.0;;;1.0;5.0;1.0;50.0;Bas-Rhin;44;Grand Est
201900000641;138Â 305Â 374;A01;1.0;1;1.0;2.0;1959.0;1.0;1.0;;;0.0;0;;;0.0;7.0;0.0;2.0;1.0;1.0;1.0;;27;11;2019;11:51;1.0;67;67205;2;6.0;1.0;3.0;rue de l'hippodromme;48,6906490;7,7846270;4;;;;2.0;2;0.0;1.0;(1);(1);1.0;;;1.0;5.0;1.0;50.0;Bas-Rhin;44;Grand Est
201900000642;138Â 305Â 372;A01;1.0;1;3.0;1.0;1998.0;2.0;1.0;;;0.0;0;;;1.0;7.0;2.0;0.0;2.0;1.0;1.0;;29;11;2019;16:05;1.0;73;73248;1;1.0;2.0;6.0;D906  Rue de la LibÃ©ration;45,2843830;6,3503010;3;906;;;2.0;2;0.0;2.0;1;620;1.0;;;2.0;0.0;3.0;80.0;Savoie;84;Auvergne-Rhône-Alpes
201900000643;138Â 305Â 368;A01;1.0;1;1.0;2.0;1982.0;0.0;1.0;;;0.0;0;;;2.0;7.0;0.0;2.0;7.0;15.0;1.0;;29;11;2019;15:25;1.0;56;56023;1;1.0;7.0;1.0;Kerhuiltan RD768;47,7278790; -3,0123360;3;768;;;2.0;2;0.0;1.0;33;950;1.0;;;1.0;0.0;1.0;80.0;Morbihan;53;Bretagne
201900000643;138Â 305Â 368;A01;2.0;2;1.0;1.0;1982.0;0.0;1.0;;;0.0;0;;;2.0;7.0;0.0;2.0;7.0;15.0;1.0;;29;11;2019;15:25;1.0;56;56023;1;1.0;7.0;1.0;Kerhuiltan RD768;47,7278790; -3,0123360;3;768;;;2.0;2;0.0;1.0;33;950;1.0;;;1.0;0.0;1.0;80.0;Morbihan;53;Bretagne
201900000643;138Â 305Â 369;B01;2.0;2;3.0;2.0;1966.0;5.0;1.0;;;0.0;0;;;1.0;7.0;0.0;2.0;1.0;1.0;1.0;;29;11;2019;15:25;1.0;56;56023;1;1.0;7.0;1.0;Kerhuiltan RD768;47,7278790; -3,0123360;3;768;;;2.0;2;0.0;1.0;33;950;1.0;;;1.0;0.0;1.0;80.0;Morbihan;53;Bretagne
201900000643;138Â 305Â 369;B01;1.0;1;1.0;1.0;2001.0;0.0;1.0;;;0.0;0;;;1.0;7.0;0.0;2.0;1.0;1.0;1.0;;29;11;2019;15:25;1.0;56;56023;1;1.0;7.0;1.0;Kerhuiltan RD768;47,7278790; -3,0123360;3;768;;;2.0;2;0.0;1.0;33;950;1.0;;;1.0;0.0;1.0;80.0;Morbihan;53;Bretagne
201900000644;138Â 305Â 365;A01;1.0;1;1.0;1.0;1991.0;5.0;1.0;;;0.0;0;;;3.0;7.0;0.0;2.0;2.0;1.0;1.0;;30;11;2019;03:00;3.0;76;76495;2;1.0;1.0;5.0;Avenue Jean Jouvenet;49,5741200;0,9459580;3;67;0.0;;2.0;2;0.0;1.0;(1);(1);1.0;;;1.0;0.0;1.0;50.0;Seine-Maritime;28;Normandie
201900000644;138Â 305Â 366;B01;1.0;1;3.0;1.0;2003.0;9.0;8.0;;;0.0;0;;;0.0;31.0;0.0;2.0;0.0;0.0;1.0;;30;11;2019;03:00;3.0;76;76495;2;1.0;1.0;5.0;Avenue Jean Jouvenet;49,5741200;0,9459580;3;67;0.0;;2.0;2;0.0;1.0;(1);(1);1.0;;;1.0;0.0;1.0;50.0;Seine-Maritime;28;Normandie
201900000644;138Â 305Â 367;C01;1.0;1;2.0;1.0;2000.0;9.0;8.0;;;0.0;0;;;3.0;33.0;0.0;2.0;0.0;0.0;1.0;;30;11;2019;03:00;3.0;76;76495;2;1.0;1.0;5.0;Avenue Jean Jouvenet;49,5741200;0,9459580;3;67;0.0;;2.0;2;0.0;1.0;(1);(1);1.0;;;1.0;0.0;1.0;50.0;Seine-Maritime;28;Normandie
201900000645;138Â 305Â 362;A01;1.0;1;1.0;1.0;1967.0;5.0;8.0;;;0.0;0;;;0.0;7.0;0.0;1.0;6.0;20.0;0.0;;30;11;2019;09:30;1.0;80;80685;2;1.0;1.0;6.0;25 Rue Saint Pierre;49,6986840;2,7909960;4;;;;1.0;1;0.0;1.0;(1);(1);1.0;;;1.0;0.0;1.0;50.0;Somme;32;Hauts-de-France
201900000645;138Â 305Â 362;A01;10.0;3;4.0;1.0;1934.0;0.0;0.0;;;2.0;3;1.0;;0.0;7.0;0.0;1.0;6.0;20.0;0.0;;30;11;2019;09:30;1.0;80;80685;2;1.0;1.0;6.0;25 Rue Saint Pierre;49,6986840;2,7909960;4;;;;1.0;1;0.0;1.0;(1);(1);1.0;;;1.0;0.0;1.0;50.0;Somme;32;Hauts-de-France
201900000646;138Â 305Â 361;A01;1.0;1;3.0;1.0;1984.0;0.0;1.0;;;0.0;0;;;0.0;7.0;2.0;0.0;1.0;0.0;6.0;;29;11;2019;01:15;3.0;59;59482;2;1.0;1.0;6.0;Rue de Warneton;50,7164180;2,9933580;7;108;0.0;;3.0;2;0.0;1.0;10;700;1.0;;;2.0;4.0;3.0;50.0;Nord;32;Hauts-de-France
201900000647;138Â 305Â 359;A01;1.0;1;2.0;1.0;1990.0;5.0;1.0;;;0.0;0;;;3.0;7.0;0.0;2.0;3.0;5.0;1.0;;30;11;2019;15:55;1.0;59;59106;1;1.0;1.0;1.0;Rue Felix Dehau;50,5773974;3,1917099;7;955;;;3.0;2;0.0;1.0;(1);(1);1.0;;;1.0;0.0;1.0;70.0;Nord;32;Hauts-de-France
201900000647;138Â 305Â 360;B01;1.0;1;2.0;1.0;1997.0;5.0;1.0;;;0.0;0;;;3.0;7.0;0.0;2.0;3.0;1.0;1.0;;30;11;2019;15:55;1.0;59;59106;1;1.0;1.0;1.0;Rue Felix Dehau;50,5773974;3,1917099;7;955;;;3.0;2;0.0;1.0;(1);(1);1.0;;;1.0;0.0;1.0;70.0;Nord;32;Hauts-de-France
201900000648;138Â 305Â 357;A01;1.0;1;2.0;1.0;1973.0;5.0;2.0;0.0;;; -1;;;2.0;31.0;0.0;2.0;7.0;1.0;1.0;;29;11;2019;18:45;3.0;13;13211;1;1.0;1.0;3.0;A50-Sens Aubagne vers Marseille;43,2911914;5,4503362;1;50;0.0;;;3;0.0;1.0;5;0;1.0;;;1.0;0.0;1.0;90.0;Bouches-du-Rhône;93;Provence-Alpes-Côte d'Azur
201900000648;138Â 305Â 358;B01;1.0;1;1.0;1.0;1997.0;5.0;1.0;0.0;;; -1;;;2.0;7.0;0.0;2.0;8.0;13.0;1.0;;29;11;2019;18:45;3.0;13;13211;1;1.0;1.0;3.0;A50-Sens Aubagne vers Marseille;43,2911914;5,4503362;1;50;0.0;;;3;0.0;1.0;5;0;1.0;;;1.0;0.0;1.0;90.0;Bouches-du-Rhône;93;Provence-Alpes-Côte d'Azur
201900000649;138Â 305Â 355;B01;1.0;1;1.0;1.0;1963.0;4.0;1.0;0.0;;;0;;;2.0;14.0;0.0;0.0;0.0;0.0;1.0;;26;11;2019;17:10;5.0;13;13211;1;1.0;1.0;2.0;Sens Aubagne vers Marseille;43,2905430;5,4485760;1;50;0.0;;3.0;3;0.0;1.0;7;0;1.0;;;1.0;0.0;1.0;90.0;Bouches-du-Rhône;93;Provence-Alpes-Côte d'Azur
201900000649;138Â 305Â 356;A01;1.0;1;1.0;1.0;1973.0;0.0;1.0;0.0;;;0;;;2.0;7.0;0.0;0.0;0.0;0.0;1.0;;26;11;2019;17:10;5.0;13;13211;1;1.0;1.0;2.0;Sens Aubagne vers Marseille;43,2905430;5,4485760;1;50;0.0;;3.0;3;0.0;1.0;7;0;1.0;;;1.0;0.0;1.0;90.0;Bouches-du-Rhône;93;Provence-Alpes-Côte d'Azur
201900000649;138Â 305Â 356;A01;2.0;2;2.0;2.0;1971.0;0.0;1.0;0.0;;;0;;;2.0;7.0;0.0;0.0;0.0;0.0;1.0;;26;11;2019;17:10;5.0;13;13211;1;1.0;1.0;2.0;Sens Aubagne vers Marseille;43,2905430;5,4485760;1;50;0.0;;3.0;3;0.0;1.0;7;0;1.0;;;1.0;0.0;1.0;90.0;Bouches-du-Rhône;93;Provence-Alpes-Côte d'Azur
201900000650;138Â 305Â 350;B01;1.0;1;2.0;2.0;1941.0;0.0;1.0;8.0;;; -1;;;2.0;7.0;0.0;2.0;8.0;1.0;1.0;;29;11;2019;16:20;1.0;33;33550;1;1.0;1.0;3.0;ROCADE A 630;44,7821700; -0,5839800;1;630;0.0;;3.0;6;0.0;1.0;29;129;1.0;;;1.0;0.0;1.0;90.0;Gironde;75;Nouvelle-Aquitaine
201900000650;138Â 305Â 351;A01;1.0;1;1.0;1.0;1976.0;4.0;1.0;8.0;;; -1;;;2.0;14.0;0.0;2.0;1.0;12.0;1.0;;29;11;2019;16:20;1.0;33;33550;1;1.0;1.0;3.0;ROCADE A 630;44,7821700; -0,5839800;1;630;0.0;;3.0;6;0.0;1.0;29;129;1.0;;;1.0;0.0;1.0;90.0;Gironde;75;Nouvelle-Aquitaine
201900000651;138Â 305Â 349;A01;2.0;2;1.0;2.0;1997.0;0.0;1.0;8.0;;;0;;;1.0;7.0;3.0;0.0;1.0;0.0;1.0;;29;11;2019;01:35;5.0;33;33550;1;1.0;1.0;6.0;ROCADE A 630;44,7833600; -0,5881400;1;630;0.0;;3.0;6;0.0;1.0;28;350;1.0;;;1.0;0.0;1.0;90.0;Gironde;75;Nouvelle-Aquitaine