Num_Acc;id_vehicule;num_veh;place;catu;grav;sexe;an_nais;trajet;secu1;secu2;secu3;locp;actp;etatp;id_usager;senc;catv;obs;obsm;choc;manv;motor;occutc;jour;mois;an;hrmn;lum;dep;com;agg;int;atm;col;adr;lat;long;catr;voie;v1;v2;circ;nbv;vosp;prof;pr;pr1;plan;lartpc;larrout;surf;infra;situ;vma;nom_departement;reg;nom_region
201900000651;138Â 305Â 349;A01;4.0;2;1.0;1.0;1998.0;0.0;1.0;8.0;;;0;;;1.0;7.0;3.0;0.0;1.0;0.0;1.0;;29;11;2019;01:35;5.0;33;33550;1;1.0;1.0;6.0;ROCADE A 630;44,7833600; -0,5881400;1;630;0.0;;3.0;6;0.0;1.0;28;350;1.0;;;1.0;0.0;1.0;90.0;Gironde;75;Nouvelle-Aquitaine
201900000651;138Â 305Â 349;A01;1.0;1;2.0;2.0;1996.0;0.0;1.0;8.0;;;0;;;1.0;7.0;3.0;0.0;1.0;0.0;1.0;;29;11;2019;01:35;5.0;33;33550;1;1.0;1.0;6.0;ROCADE A 630;44,7833600; -0,5881400;1;630;0.0;;3.0;6;0.0;1.0;28;350;1.0;;;1.0;0.0;1.0;90.0;Gironde;75;Nouvelle-Aquitaine
201900000652;138Â 305Â 345;D01;1.0;1;1.0;1.0;1971.0;0.0;1.0;0.0;;;0;;;1.0;7.0;0.0;2.0;4.0;2.0;1.0;;25;11;2019;08:25;1.0;59;59183;1;1.0;1.0;4.0;AUTOROUTE A16;51,0125000;2,3584000;1;16;0.0;;3.0;2;0.0;1.0;122;150;1.0;;;2.0;0.0;1.0;90.0;Nord;32;Hauts-de-France
201900000652;138Â 305Â 346;C01;1.0;1;1.0;2.0;1968.0;0.0;1.0;0.0;;;0;;;2.0;7.0;0.0;2.0;1.0;2.0;1.0;;25;11;2019;08:25;1.0;59;59183;1;1.0;1.0;4.0;AUTOROUTE A16;51,0125000;2,3584000;1;16;0.0;;3.0;2;0.0;1.0;122;150;1.0;;;2.0;0.0;1.0;90.0;Nord;32;Hauts-de-France
201900000652;138Â 305Â 347;B01;3.0;2;2.0;1.0;2007.0;0.0;1.0;0.0;;; -1;;;1.0;7.0;0.0;2.0;4.0;2.0;1.0;;25;11;2019;08:25;1.0;59;59183;1;1.0;1.0;4.0;AUTOROUTE A16;51,0125000;2,3584000;1;16;0.0;;3.0;2;0.0;1.0;122;150;1.0;;;2.0;0.0;1.0;90.0;Nord;32;Hauts-de-France
201900000652;138Â 305Â 347;B01;2.0;2;2.0;1.0;2009.0;0.0;1.0;0.0;;; -1;;;1.0;7.0;0.0;2.0;4.0;2.0;1.0;;25;11;2019;08:25;1.0;59;59183;1;1.0;1.0;4.0;AUTOROUTE A16;51,0125000;2,3584000;1;16;0.0;;3.0;2;0.0;1.0;122;150;1.0;;;2.0;0.0;1.0;90.0;Nord;32;Hauts-de-France
201900000652;138Â 305Â 347;B01;1.0;1;2.0;1.0;1974.0;0.0;1.0;0.0;;; -1;;;1.0;7.0;0.0;2.0;4.0;2.0;1.0;;25;11;2019;08:25;1.0;59;59183;1;1.0;1.0;4.0;AUTOROUTE A16;51,0125000;2,3584000;1;16;0.0;;3.0;2;0.0;1.0;122;150;1.0;;;2.0;0.0;1.0;90.0;Nord;32;Hauts-de-France
201900000652;138Â 305Â 348;A01;1.0;1;1.0;1.0;1988.0;0.0;1.0;0.0;;; -1;;;2.0;10.0;0.0;2.0;1.0;2.0;1.0;;25;11;2019;08:25;1.0;59;59183;1;1.0;1.0;4.0;AUTOROUTE A16;51,0125000;2,3584000;1;16;0.0;;3.0;2;0.0;1.0;122;150;1.0;;;2.0;0.0;1.0;90.0;Nord;32;Hauts-de-France
201900000653;138Â 305Â 342;A01;1.0;1;1.0;1.0;2000.0;0.0;1.0;0.0;;; -1;;;2.0;7.0;0.0;2.0;1.0;2.0;1.0;;26;11;2019;07:50;2.0;59;59350;1;1.0;1.0;4.0;AUTOROUTE A25;50,6168610;3,0446220;1;25;0.0;;3.0;8;0.0;1.0;3;99;1.0;;;2.0;0.0;1.0;90.0;Nord;32;Hauts-de-France
201900000653;138Â 305Â 343;B01;1.0;1;3.0;1.0;1983.0;0.0;2.0;6.0;;; -1;;;2.0;33.0;0.0;2.0;4.0;2.0;1.0;;26;11;2019;07:50;2.0;59;59350;1;1.0;1.0;4.0;AUTOROUTE A25;50,6168610;3,0446220;1;25;0.0;;3.0;8;0.0;1.0;3;99;1.0;;;2.0;0.0;1.0;90.0;Nord;32;Hauts-de-France
201900000653;138Â 305Â 344;C01;1.0;1;1.0;1.0;1983.0;0.0;1.0;0.0;;; -1;;;2.0;7.0;0.0;2.0;4.0;2.0;1.0;;26;11;2019;07:50;2.0;59;59350;1;1.0;1.0;4.0;AUTOROUTE A25;50,6168610;3,0446220;1;25;0.0;;3.0;8;0.0;1.0;3;99;1.0;;;2.0;0.0;1.0;90.0;Nord;32;Hauts-de-France
201900000654;138Â 305Â 339;C01;1.0;1;1.0;1.0;1975.0;0.0;1.0;0.0;;0.0;0;;;2.0;3.0;0.0;2.0;7.0;2.0;1.0;;29;11;2019;07:30;1.0;91;91471;1;1.0;2.0;4.0;RD 188 CHEVREUSE;48,6920000;2,1808000;3;188;0.0;;2.0;2;0.0;1.0;9;500;3.0;;;2.0;0.0;1.0;80.0;Essonne;11;Île-de-France
201900000654;138Â 305Â 340;B01;2.0;2;2.0;1.0;1964.0;0.0;1.0;0.0;;0.0;0;;;2.0;3.0;0.0;2.0;1.0;2.0;1.0;;29;11;2019;07:30;1.0;91;91471;1;1.0;2.0;4.0;RD 188 CHEVREUSE;48,6920000;2,1808000;3;188;0.0;;2.0;2;0.0;1.0;9;500;3.0;;;2.0;0.0;1.0;80.0;Essonne;11;Île-de-France
201900000654;138Â 305Â 340;B01;1.0;1;2.0;1.0;1964.0;0.0;1.0;0.0;;0.0;0;;;2.0;3.0;0.0;2.0;1.0;2.0;1.0;;29;11;2019;07:30;1.0;91;91471;1;1.0;2.0;4.0;RD 188 CHEVREUSE;48,6920000;2,1808000;3;188;0.0;;2.0;2;0.0;1.0;9;500;3.0;;;2.0;0.0;1.0;80.0;Essonne;11;Île-de-France
201900000654;138Â 305Â 341;A01;1.0;1;3.0;1.0;2001.0;0.0;1.0;0.0;;0.0;0;;;1.0;3.0;0.0;2.0;1.0;2.0;1.0;;29;11;2019;07:30;1.0;91;91471;1;1.0;2.0;4.0;RD 188 CHEVREUSE;48,6920000;2,1808000;3;188;0.0;;2.0;2;0.0;1.0;9;500;3.0;;;2.0;0.0;1.0;80.0;Essonne;11;Île-de-France
201900000655;138Â 305Â 337;A01;1.0;1;1.0;1.0;1981.0;1.0;1.0;0.0;;0.0;0;;;2.0;7.0;0.0;2.0;8.0;13.0;1.0;;29;11;2019;07:55;2.0;91;91689;1;1.0;1.0;3.0;AUTOROUTE A6;48,7224000;2,3120000;1;6;0.0;;;6;0.0;1.0;11;199;1.0;;;1.0;0.0;1.0;110.0;Essonne;11;Île-de-France
201900000655;138Â 305Â 338;B01;1.0;1;2.0;1.0;1997.0;1.0;2.0;6.0;;0.0;0;;;2.0;32.0;0.0;2.0;7.0;1.0;1.0;;29;11;2019;07:55;2.0;91;91689;1;1.0;1.0;3.0;AUTOROUTE A6;48,7224000;2,3120000;1;6;0.0;;;6;0.0;1.0;11;199;1.0;;;1.0;0.0;1.0;110.0;Essonne;11;Île-de-France
201900000656;138Â 305Â 335;B01;1.0;1;1.0;2.0;1989.0;0.0;1.0;0.0;;;0;;;1.0;7.0;0.0;2.0;4.0;2.0;1.0;;29;11;2019;17:20;3.0;92;92050;1;1.0;1.0;2.0;A86;48,9097596;2,2153353;1;86;0.0;;1.0;3;0.0;1.0;1;299;1.0;;;1.0;0.0;1.0;90.0;Hauts-de-Seine;11;Île-de-France
201900000656;138Â 305Â 336;A01;1.0;1;2.0;1.0;1991.0;0.0;2.0;0.0;;;0;;;1.0;33.0;0.0;2.0;1.0;2.0;1.0;;29;11;2019;17:20;3.0;92;92050;1;1.0;1.0;2.0;A86;48,9097596;2,2153353;1;86;0.0;;1.0;3;0.0;1.0;1;299;1.0;;;1.0;0.0;1.0;90.0;Hauts-de-Seine;11;Île-de-France
201900000657;138Â 305Â 334;A01;1.0;1;3.0;1.0;1987.0;1.0;2.0;6.0;;;0;;;2.0;32.0;0.0;0.0;2.0;2.0;1.0;;29;11;2019;10:20;1.0;92;92062;1;1.0;2.0;7.0;RN1013;48,8903724;2,2398538;2;1013;0.0;;1.0;1;0.0;1.0;0;300;3.0;;;2.0;1.0;1.0;70.0;Hauts-de-Seine;11;Île-de-France
201900000658;138Â 305Â 332;A01;1.0;1;2.0;1.0;1974.0;0.0;2.0;6.0;;;0;;;2.0;33.0;0.0;2.0;1.0;3.0;1.0;;29;11;2019;17:20;3.0;94;94046;1;1.0;1.0;2.0;A86 EXT;48,7985000;2,4444200;1;86;0.0;EXT;3.0;4;0.0;1.0;37;200;1.0;;;1.0;0.0;1.0;90.0;Val-de-Marne;11;Île-de-France
201900000658;138Â 305Â 333;B01;1.0;1;1.0;1.0;1992.0;0.0;1.0;0.0;;;0;;;2.0;7.0;0.0;2.0;6.0;11.0;1.0;;29;11;2019;17:20;3.0;94;94046;1;1.0;1.0;2.0;A86 EXT;48,7985000;2,4444200;1;86;0.0;EXT;3.0;4;0.0;1.0;37;200;1.0;;;1.0;0.0;1.0;90.0;Val-de-Marne;11;Île-de-France
201900000659;138Â 305Â 330;A01;1.0;1;1.0;1.0;1989.0;4.0;1.0;0.0;;0.0;0;;;1.0;10.0;0.0;2.0;1.0;2.0;1.0;;27;11;2019;15:40;1.0;75;75112;1;1.0;2.0;2.0;A4;48,8183908;2,4568786;1;4;0.0;A;3.0;4;0.0;1.0;5;199;1.0;;;2.0;0.0;1.0;90.0;Paris;11;Île-de-France
201900000659;138Â 305Â 331;B01;1.0;1;2.0;2.0;1976.0;1.0;1.0;0.0;;0.0;0;;;1.0;7.0;0.0;2.0;4.0;2.0;1.0;;27;11;2019;15:40;1.0;75;75112;1;1.0;2.0;2.0;A4;48,8183908;2,4568786;1;4;0.0;A;3.0;4;0.0;1.0;5;199;1.0;;;2.0;0.0;1.0;90.0;Paris;11;Île-de-France
201900000660;138Â 305Â 326;B01;1.0;1;1.0;1.0;2001.0;5.0;1.0;0.0;;;0;;;1.0;7.0;9.0;0.0;8.0;0.0;1.0;;27;11;2019;02:15;3.0;95;95488;1;1.0;3.0;6.0;AUTOROUTE A15;49,0282000;2,1283900;1;15;0.0;;3.0;6;0.0;1.0;20;399;1.0;;;3.0;0.0;1.0;90.0;Val-d'Oise;11;Île-de-France
201900000660;138Â 305Â 327;A01;1.0;1;2.0;1.0;1965.0;5.0;1.0;0.0;;;0;;;1.0;7.0;4.0;0.0;1.0;26.0;1.0;;27;11;2019;02:15;3.0;95;95488;1;1.0;3.0;6.0;AUTOROUTE A15;49,0282000;2,1283900;1;15;0.0;;3.0;6;0.0;1.0;20;399;1.0;;;3.0;0.0;1.0;90.0;Val-d'Oise;11;Île-de-France
201900000661;138Â 305Â 324;B01;1.0;1;2.0;2.0;1994.0;0.0;1.0;8.0;;; -1;;;2.0;7.0;0.0;2.0;4.0;23.0;1.0;;27;11;2019;01:20;3.0;93;93010;1;1.0;3.0;2.0;AUTOROUTE A3;48,9047900;2,4716900;1;3;0.0;;3.0;6;0.0;1.0;7;900;1.0;;;2.0;2.0;1.0;90.0;Seine-Saint-Denis;11;Île-de-France
201900000661;138Â 305Â 325;A01;1.0;1;1.0;2.0;1993.0;0.0;1.0;0.0;;; -1;;;2.0;7.0;1.0;0.0;1.0;2.0;1.0;;27;11;2019;01:20;3.0;93;93010;1;1.0;3.0;2.0;AUTOROUTE A3;48,9047900;2,4716900;1;3;0.0;;3.0;6;0.0;1.0;7;900;1.0;;;2.0;2.0;1.0;90.0;Seine-Saint-Denis;11;Île-de-France
201900000662;138Â 305Â 321;C01;1.0;1;1.0;2.0;1951.0;0.0;1.0;0.0;;; -1;;;2.0;7.0;0.0;2.0;6.0;1.0;1.0;;26;11;2019;09:20;1.0;93;93006;1;1.0;1.0;5.0;AUTOROUTE A3;48,8669000;2,4253200;1;3;0.0;;3.0;8;0.0;1.0;1;0;1.0;;;1.0;0.0;1.0;70.0;Seine-Saint-Denis;11;Île-de-France
201900000662;138Â 305Â 322;B01;1.0;1;1.0;2.0;1977.0;0.0;1.0;0.0;;; -1;;;2.0;7.0;0.0;2.0;7.0;1.0;1.0;;26;11;2019;09:20;1.0;93;93006;1;1.0;1.0;5.0;AUTOROUTE A3;48,8669000;2,4253200;1;3;0.0;;3.0;8;0.0;1.0;1;0;1.0;;;1.0;0.0;1.0;70.0;Seine-Saint-Denis;11;Île-de-France
201900000662;138Â 305Â 323;A01;1.0;1;2.0;1.0;1972.0;0.0;2.0;6.0;;; -1;;;2.0;32.0;0.0;2.0;3.0;3.0;1.0;;26;11;2019;09:20;1.0;93;93006;1;1.0;1.0;5.0;AUTOROUTE A3;48,8669000;2,4253200;1;3;0.0;;3.0;8;0.0;1.0;1;0;1.0;;;1.0;0.0;1.0;70.0;Seine-Saint-Denis;11;Île-de-France
201900000663;138Â 305Â 320;A01;1.0;1;2.0;1.0;1995.0;1.0;1.0;0.0;;;0;;;2.0;7.0;2.0;0.0;9.0;14.0;1.0;;26;11;2019;08:40;1.0;95;95061;1;1.0;1.0;6.0;RN 104;49,0680700;2,2543700;2;104;0.0;;3.0;4;0.0;1.0;1;200;2.0;;;2.0;0.0;1.0;110.0;Val-d'Oise;11;Île-de-France
201900000664;138Â 305Â 318;B01;1.0;1;4.0;1.0;1991.0;0.0;2.0;8.0;;0.0;0;;;1.0;80.0;0.0;2.0;8.0;1.0;2.0;;26;11;2019;13:50;1.0;75;75116;2;2.0;8.0;3.0;AVENUE FOCH;48,8731676;2,2844497;4;AVENUE FOCH;0.0;;3.0;7;1.0;1.0;0;0;1.0;;;2.0;0.0;5.0;50.0;Paris;11;Île-de-France
201900000664;138Â 305Â 319;A01;1.0;1;1.0;1.0;1980.0;4.0;1.0;0.0;;0.0;0;;;1.0;14.0;0.0;2.0;2.0;16.0;1.0;;26;11;2019;13:50;1.0;75;75116;2;2.0;8.0;3.0;AVENUE FOCH;48,8731676;2,2844497;4;AVENUE FOCH;0.0;;3.0;7;1.0;1.0;0;0;1.0;;;2.0;0.0;5.0;50.0;Paris;11;Île-de-France
201900000665;138Â 305Â 316;A01;1.0;1;1.0;1.0;1989.0;4.0;1.0;0.0;;0.0;0;;;1.0;37.0;0.0;2.0;2.0;17.0;2.0;1.0;28;11;2019;21:25;5.0;75;75106;2;4.0;1.0;3.0;BOULEVARD SAINT MICHEL;48,8483750;2,3414690;4;BOULEVARD SAINT MICHEL;0.0;;1.0;5;;1.0;0;0;1.0;;;1.0;0.0;1.0;50.0;Paris;11;Île-de-France
201900000665;138Â 305Â 317;B01;1.0;1;2.0;1.0;1997.0;4.0;8.0;2.0;;0.0;0;;;1.0;80.0;0.0;2.0;8.0;13.0;2.0;;28;11;2019;21:25;5.0;75;75106;2;4.0;1.0;3.0;BOULEVARD SAINT MICHEL;48,8483750;2,3414690;4;BOULEVARD SAINT MICHEL;0.0;;1.0;5;;1.0;0;0;1.0;;;1.0;0.0;1.0;50.0;Paris;11;Île-de-France
201900000666;138Â 305Â 315;A01;10.0;3;2.0;1.0;1955.0;0.0;0.0;;;2.0;3;1.0;;2.0;7.0;0.0;1.0;3.0;1.0;1.0;;27;11;2019;21:00;5.0;75;75119;2;4.0;1.0;6.0;BOULEVARD D INDOCHINE;48,8840994;2,3968389;4;BOULEVARD D INDOCHINE;0.0;;2.0;4;0.0;2.0;0;0;1.0;;;1.0;0.0;1.0;50.0;Paris;11;Île-de-France
201900000666;138Â 305Â 315;A01;1.0;1;1.0;2.0;1997.0;0.0;1.0;0.0;;0.0;0;;;2.0;7.0;0.0;1.0;3.0;1.0;1.0;;27;11;2019;21:00;5.0;75;75119;2;4.0;1.0;6.0;BOULEVARD D INDOCHINE;48,8840994;2,3968389;4;BOULEVARD D INDOCHINE;0.0;;2.0;4;0.0;2.0;0;0;1.0;;;1.0;0.0;1.0;50.0;Paris;11;Île-de-France
201900000667;138Â 305Â 314;A01;10.0;3;2.0;2.0;1977.0;1.0;0.0;;;2.0;3;1.0;;1.0;30.0;0.0;1.0;1.0;1.0;3.0;;28;11;2019;12:15;1.0;75;75119;2;1.0;1.0;6.0;RUE COMPANS;48,8758010;2,3949710;4;RUE COMPANS;0.0;;2.0;2;0.0;1.0;8;0;1.0;;;1.0;0.0;1.0;30.0;Paris;11;Île-de-France
201900000667;138Â 305Â 314;A01;1.0;1;2.0;1.0;1999.0;1.0;2.0;6.0;;0.0;0;;;1.0;30.0;0.0;1.0;1.0;1.0;3.0;;28;11;2019;12:15;1.0;75;75119;2;1.0;1.0;6.0;RUE COMPANS;48,8758010;2,3949710;4;RUE COMPANS;0.0;;2.0;2;0.0;1.0;8;0;1.0;;;1.0;0.0;1.0;30.0;Paris;11;Île-de-France
201900000668;138Â 305Â 313;A01;10.0;3;2.0;2.0;1933.0;0.0;0.0;;;4.0;3;1.0;;1.0;7.0;0.0;1.0;4.0;4.0;1.0;;27;11;2019;12:30;1.0;75;75116;2;2.0;1.0;6.0;RUE JEAN DE LA FONTAINE;48,8496840;2,2685590;4;RUE JEAN DE LA FONTAINE;0.0;;1.0;1;0.0;1.0;0;0;1.0;;;2.0;0.0;1.0;50.0;Paris;11;Île-de-France
201900000668;138Â 305Â 313;A01;1.0;1;1.0;2.0;1993.0;0.0;1.0;0.0;;0.0;0;;;1.0;7.0;0.0;1.0;4.0;4.0;1.0;;27;11;2019;12:30;1.0;75;75116;2;2.0;1.0;6.0;RUE JEAN DE LA FONTAINE;48,8496840;2,2685590;4;RUE JEAN DE LA FONTAINE;0.0;;1.0;1;0.0;1.0;0;0;1.0;;;2.0;0.0;1.0;50.0;Paris;11;Île-de-France
201900000669;138Â 305Â 311;A01;1.0;1;1.0;1.0;1973.0;1.0;1.0;0.0;;0.0;0;;;2.0;10.0;0.0;2.0;3.0;15.0;1.0;;27;11;2019;06:20;5.0;75;75116;2;2.0;1.0;3.0;ALLEE DE LONGCHAMP;48,8637090;2,2401166;4;ALLEE DE LONGCHAMP;0.0;;2.0;4;0.0;1.0;0;0;1.0;;;2.0;0.0;1.0;50.0;Paris;11;Île-de-France
201900000669;138Â 305Â 312;B01;1.0;1;2.0;1.0;1996.0;1.0;8.0;2.0;;0.0;0;;;1.0;1.0;0.0;2.0;8.0;1.0;5.0;;27;11;2019;06:20;5.0;75;75116;2;2.0;1.0;3.0;ALLEE DE LONGCHAMP;48,8637090;2,2401166;4;ALLEE DE LONGCHAMP;0.0;;2.0;4;0.0;1.0;0;0;1.0;;;2.0;0.0;1.0;50.0;Paris;11;Île-de-France
201900000670;138Â 305Â 309;A01;1.0;1;1.0;1.0;1956.0;4.0;1.0;0.0;;0.0;0;;;1.0;7.0;0.0;2.0;6.0;22.0;1.0;;28;11;2019;18:30;5.0;75;75115;2;3.0;1.0;3.0;RUE DE L ARRIVEE;48,8441850;2,3228920;4;RUE DE L ARRIVEE;0.0;;3.0;3;;1.0;0;0;1.0;;;1.0;0.0;1.0;50.0;Paris;11;Île-de-France
201900000670;138Â 305Â 309;A01;4.0;2;1.0;1.0;1972.0;0.0;1.0;0.0;;0.0;0;;;1.0;7.0;0.0;2.0;6.0;22.0;1.0;;28;11;2019;18:30;5.0;75;75115;2;3.0;1.0;3.0;RUE DE L ARRIVEE;48,8441850;2,3228920;4;RUE DE L ARRIVEE;0.0;;3.0;3;;1.0;0;0;1.0;;;1.0;0.0;1.0;50.0;Paris;11;Île-de-France
201900000670;138Â 305Â 310;B01;1.0;1;2.0;2.0;1987.0;0.0;2.0;8.0;;0.0;0;;;1.0;1.0;0.0;2.0;1.0;17.0;5.0;;28;11;2019;18:30;5.0;75;75115;2;3.0;1.0;3.0;RUE DE L ARRIVEE;48,8441850;2,3228920;4;RUE DE L ARRIVEE;0.0;;3.0;3;;1.0;0;0;1.0;;;1.0;0.0;1.0;50.0;Paris;11;Île-de-France
201900000671;138Â 305Â 308;A01;10.0;3;2.0;2.0;2006.0;2.0;0.0;;;4.0;3;1.0;;2.0;7.0;0.0;1.0;1.0;1.0;1.0;;28;11;2019;16:15;1.0;75;75111;2;1.0;1.0;6.0;AVENUE DE LA REPUBLIQUE;48,8633720;2,3845210;4;AVENUE DE LA REPUBLIQUE;0.0;;2.0;2;0.0;1.0;101;0;1.0;;;1.0;0.0;1.0;30.0;Paris;11;Île-de-France
201900000671;138Â 305Â 308;A01;1.0;1;1.0;1.0;1987.0;5.0;1.0;0.0;;0.0;0;;;2.0;7.0;0.0;1.0;1.0;1.0;1.0;;28;11;2019;16:15;1.0;75;75111;2;1.0;1.0;6.0;AVENUE DE LA REPUBLIQUE;48,8633720;2,3845210;4;AVENUE DE LA REPUBLIQUE;0.0;;2.0;2;0.0;1.0;101;0;1.0;;;1.0;0.0;1.0;30.0;Paris;11;Île-de-France
201900000672;138Â 305Â 307;A01;1.0;1;1.0;1.0;1994.0;5.0;1.0;0.0;;0.0;0;;;2.0;7.0;0.0;1.0;2.0;15.0;1.0;;28;11;2019;17:25;5.0;75;75108;2;5.0;1.0;6.0;BOULEVARD MALESHERBES;48,8747200;2,3199500;4;BOULEVARD MALESHERBES;0.0;;2.0;6;;1.0;0;0;1.0;;;1.0;0.0;1.0;50.0;Paris;11;Île-de-France
201900000672;138Â 305Â 307;A01;10.0;3;2.0;2.0;1974.0;1.0;0.0;;;4.0;3;1.0;;2.0;7.0;0.0;1.0;2.0;15.0;1.0;;28;11;2019;17:25;5.0;75;75108;2;5.0;1.0;6.0;BOULEVARD MALESHERBES;48,8747200;2,3199500;4;BOULEVARD MALESHERBES;0.0;;2.0;6;;1.0;0;0;1.0;;;1.0;0.0;1.0;50.0;Paris;11;Île-de-France
201900000673;138Â 305Â 305;B01;1.0;1;2.0;1.0;1980.0;4.0;2.0;6.0;;0.0;0;;;1.0;32.0;0.0;2.0;2.0;15.0;1.0;;28;11;2019;19:30;5.0;75;75102;2;7.0;1.0;3.0;PLACE DE L OPERA;48,8706940;2,3325240;4;PLACE DE L OPERA;0.0;;1.0;2;0.0;1.0;0;0;1.0;;;1.0;0.0;1.0;50.0;Paris;11;Île-de-France
201900000673;138Â 305Â 306;A01;1.0;1;1.0;2.0;1968.0;4.0;1.0;0.0;;0.0;0;;;1.0;7.0;0.0;2.0;4.0;14.0;1.0;;28;11;2019;19:30;5.0;75;75102;2;7.0;1.0;3.0;PLACE DE L OPERA;48,8706940;2,3325240;4;PLACE DE L OPERA;0.0;;1.0;2;0.0;1.0;0;0;1.0;;;1.0;0.0;1.0;50.0;Paris;11;Île-de-France
201900000674;138Â 305Â 304;A01;1.0;1;2.0;2.0;1997.0;4.0;2.0;8.0;;0.0;0;;;2.0;50.0;0.0;0.0;0.0;1.0;3.0;;27;11;2019;20:00;4.0;75;75102;2;3.0;8.0;7.0;BOULEVARD MONTMARTRE;48,8716980;2,3415950;4;BOULEVARD MONTMARTRE;0.0;;2.0;2;1.0;1.0;15;0;1.0;;;2.0;0.0;5.0;50.0;Paris;11;Île-de-France
201900000675;138Â 305Â 302;A01;1.0;1;2.0;1.0;1981.0;5.0;2.0;6.0;;0.0;0;;;2.0;31.0;0.0;2.0;0.0;1.0;1.0;;28;11;2019;20:10;5.0;75;75103;2;2.0;1.0;6.0;RUE SAINT MARTIN;48,8679190;2,3550240;4;RUE SAINT MARTIN;0.0;;1.0;3;;1.0;327;0;1.0;;;1.0;0.0;1.0;30.0;Paris;11;Île-de-France
201900000676;138Â 305Â 300;A01;1.0;1;2.0;2.0;1988.0;2.0;1.0;0.0;;0.0;0;;;1.0;7.0;1.0;2.0;3.0;20.0;1.0;;28;11;2019;17:20;5.0;75;75117;2;1.0;1.0;6.0;RUE JACQUES IBERT;48,8891050;2,2909020;7;RUE JACQUES IBERT;0.0;;1.0;2;0.0;1.0;9;0;1.0;;;1.0;0.0;1.0;30.0;Paris;11;Île-de-France
201900000677;138Â 305Â 298;B01;1.0;1;2.0;1.0;1968.0;0.0;8.0;0.0;;; -1;;;1.0;7.0;0.0;2.0;2.0;16.0;1.0;;27;11;2019;09:13;1.0;94;94068;2;3.0;8.0;3.0;CORNEILLES (BD DES);48,7845800;2,4921300;3;283;0.0;;1.0;2;0.0;1.0;0;0;1.0;;;2.0;0.0;1.0;50.0;Val-de-Marne;11;Île-de-France
201900000677;138Â 305Â 299;A01;1.0;1;1.0;1.0;1998.0;4.0;8.0;0.0;;; -1;;;1.0;10.0;0.0;2.0;1.0;2.0;1.0;;27;11;2019;09:13;1.0;94;94068;2;3.0;8.0;3.0;CORNEILLES (BD DES);48,7845800;2,4921300;3;283;0.0;;1.0;2;0.0;1.0;0;0;1.0;;;2.0;0.0;1.0;50.0;Val-de-Marne;11;Île-de-France
201900000678;138Â 305Â 297;A01;1.0;1;2.0;1.0;1971.0;0.0;8.0;0.0;;; -1;;;2.0;1.0;0.0;0.0;1.0;1.0;5.0;;28;11;2019;11:05;1.0;94;94003;2;2.0;1.0;7.0;GABRIEL PERI (AV);48,7993000;2,3436000;3;126;0.0;B;1.0;3;0.0;2.0;0;0;3.0;;;2.0;0.0;1.0;50.0;Val-de-Marne;11;Île-de-France
201900000679;138Â 305Â 295;B01;1.0;1;2.0;1.0;2002.0;3.0;2.0;8.0;;0.0;0;;;0.0;30.0;0.0;2.0;8.0;26.0;1.0;;27;11;2019;13:30;1.0;94;94055;2;1.0;2.0;3.0;PROVINS (RTE DE);48,7932600;2,5556400;3;4;0.0;;1.0;2;0.0;1.0;0;0;1.0;;;2.0;9.0;1.0;30.0;Val-de-Marne;11;Île-de-France
201900000680;138Â 305Â 292;A01;10.0;3;2.0;2.0;1980.0;1.0;8.0;0.0;;2.0;1;1.0;;2.0;37.0;0.0;1.0;7.0;20.0;1.0;1.0;28;11;2019;09:10;1.0;94;94017;2;1.0;1.0;6.0;DIDEROT (R);48,8147100;2,4817700;4;DIDEROT (R);0.0;;1.0;1;0.0;1.0;0;0;1.0;;;1.0;9.0;1.0;30.0;Val-de-Marne;11;Île-de-France
201900000680;138Â 305Â 292;A01;1.0;1;1.0;2.0;1990.0;9.0;1.0;0.0;;; -1;;;2.0;37.0;0.0;1.0;7.0;20.0;1.0;1.0;28;11;2019;09:10;1.0;94;94017;2;1.0;1.0;6.0;DIDEROT (R);48,8147100;2,4817700;4;DIDEROT (R);0.0;;1.0;1;0.0;1.0;0;0;1.0;;;1.0;9.0;1.0;30.0;Val-de-Marne;11;Île-de-France
201900000681;138Â 305Â 290;B01;1.0;1;1.0;1.0;1979.0;4.0;1.0;4.0;;; -1;;;0.0;7.0;0.0;2.0;4.0;1.0;1.0;;27;11;2019;12:00;1.0;93;93070;2;1.0;2.0;2.0;SEINE (QUAI DE);48,9154900;2,3219300;4;SEINE (QUAI DE);0.0;;2.0;3;0.0;1.0;0;0;1.0;;;2.0;0.0;1.0;50.0;Seine-Saint-Denis;11;Île-de-France
201900000681;138Â 305Â 291;A01;1.0;1;2.0;1.0;1961.0;4.0;1.0;4.0;;; -1;;;0.0;10.0;0.0;2.0;1.0;1.0;0.0;;27;11;2019;12:00;1.0;93;93070;2;1.0;2.0;2.0;SEINE (QUAI DE);48,9154900;2,3219300;4;SEINE (QUAI DE);0.0;;2.0;3;0.0;1.0;0;0;1.0;;;2.0;0.0;1.0;50.0;Seine-Saint-Denis;11;Île-de-France
201900000682;138Â 305Â 288;A01;1.0;1;2.0;1.0;1965.0;5.0;1.0;0.0;;; -1;;;2.0;7.0;0.0;2.0;6.0;2.0;1.0;;27;11;2019;22:00;5.0;93;93066;2;1.0;1.0;2.0;ORNANO (BOULEVARD);48,9183500;2,3444300;3;14;0.0;;2.0;4;0.0;1.0;0;0;1.0;;;1.0;0.0;1.0;50.0;Seine-Saint-Denis;11;Île-de-France