Num_Acc;id_vehicule;num_veh;place;catu;grav;sexe;an_nais;trajet;secu1;secu2;secu3;locp;actp;etatp;id_usager;senc;catv;obs;obsm;choc;manv;motor;occutc;jour;mois;an;hrmn;lum;dep;com;agg;int;atm;col;adr;lat;long;catr;voie;v1;v2;circ;nbv;vosp;prof;pr;pr1;plan;lartpc;larrout;surf;infra;situ;vma;nom_departement;reg;nom_region
201900000682;138Â 305Â 288;A01;2.0;2;1.0;1.0;2001.0;5.0;1.0;0.0;;; -1;;;2.0;7.0;0.0;2.0;6.0;2.0;1.0;;27;11;2019;22:00;5.0;93;93066;2;1.0;1.0;2.0;ORNANO (BOULEVARD);48,9183500;2,3444300;3;14;0.0;;2.0;4;0.0;1.0;0;0;1.0;;;1.0;0.0;1.0;50.0;Seine-Saint-Denis;11;Île-de-France
201900000682;138Â 305Â 289;B01;1.0;1;1.0;1.0;1983.0;5.0;1.0;0.0;;; -1;;;2.0;7.0;0.0;2.0;2.0;2.0;1.0;;27;11;2019;22:00;5.0;93;93066;2;1.0;1.0;2.0;ORNANO (BOULEVARD);48,9183500;2,3444300;3;14;0.0;;2.0;4;0.0;1.0;0;0;1.0;;;1.0;0.0;1.0;50.0;Seine-Saint-Denis;11;Île-de-France
201900000683;138Â 305Â 285;B01;1.0;1;2.0;2.0;1989.0;1.0;1.0;0.0;;; -1;;;2.0;7.0;0.0;2.0;1.0;1.0;1.0;;28;11;2019;08:25;1.0;93;93046;2;1.0;1.0;1.0;GRAFFAN RUE;48,9242200;2,5426000;4;GRAFFAN RUE;0.0;;1.0;1;0.0;1.0;0;0;1.0;;;1.0;0.0;1.0;50.0;Seine-Saint-Denis;11;Île-de-France
201900000683;138Â 305Â 286;A01;1.0;1;1.0;1.0;1961.0;1.0;1.0;0.0;;; -1;;;1.0;7.0;0.0;2.0;2.0;5.0;1.0;;28;11;2019;08:25;1.0;93;93046;2;1.0;1.0;1.0;GRAFFAN RUE;48,9242200;2,5426000;4;GRAFFAN RUE;0.0;;1.0;1;0.0;1.0;0;0;1.0;;;1.0;0.0;1.0;50.0;Seine-Saint-Denis;11;Île-de-France
201900000684;138Â 305Â 283;Y01;1.0;1;1.0;1.0;1959.0;4.0;2.0;0.0;;; -1;;;3.0;1.0;0.0;2.0;7.0;1.0;0.0;;28;11;2019;08:30;1.0;93;93045;2;2.0;2.0;3.0;JUIN AVENUE DU MARECHAL;48,8783400;2,4225100;3;20;0.0;;2.0;2;0.0;1.0;1;0;1.0;;;1.0;0.0;1.0;50.0;Seine-Saint-Denis;11;Île-de-France
201900000684;138Â 305Â 284;A01;1.0;1;2.0;1.0;1992.0;1.0;8.0;0.0;;;0;;;1.0;7.0;0.0;2.0;2.0;1.0;1.0;;28;11;2019;08:30;1.0;93;93045;2;2.0;2.0;3.0;JUIN AVENUE DU MARECHAL;48,8783400;2,4225100;3;20;0.0;;2.0;2;0.0;1.0;1;0;1.0;;;1.0;0.0;1.0;50.0;Seine-Saint-Denis;11;Île-de-France
201900000685;138Â 305Â 281;A01;1.0;1;1.0;1.0;1975.0;0.0;0.0;;;0.0;0;;;1.0;3.0;0.0;1.0;3.0;15.0;6.0;;28;11;2019;08:50;1.0;93;93027;2;3.0;8.0;6.0;CREVECOEUR (RUE DE);48,9193700;2,3840900;4;CREVECOEUR (RUE DE);0.0;;2.0;2;0.0;1.0;0;0;1.0;;;1.0;0.0;1.0;50.0;Seine-Saint-Denis;11;Île-de-France
201900000685;138Â 305Â 281;A01;10.0;3;2.0;2.0;1994.0;9.0;0.0;;;9.0;B;1.0;;1.0;3.0;0.0;1.0;3.0;15.0;6.0;;28;11;2019;08:50;1.0;93;93027;2;3.0;8.0;6.0;CREVECOEUR (RUE DE);48,9193700;2,3840900;4;CREVECOEUR (RUE DE);0.0;;2.0;2;0.0;1.0;0;0;1.0;;;1.0;0.0;1.0;50.0;Seine-Saint-Denis;11;Île-de-France
201900000686;138Â 305Â 280;A01;1.0;1;2.0;1.0;1956.0;0.0;1.0;0.0;;; -1;;;3.0;7.0;4.0;0.0;3.0;11.0;1.0;;28;11;2019;02:35;5.0;93;93005;1;9.0;1.0;6.0;GEORGES BRAQUE (BOULEVARD);48,9594730;2,4761840;3;970;0.0;;1.0;2;0.0;1.0;0;1;1.0;;;1.0;0.0;1.0;50.0;Seine-Saint-Denis;11;Île-de-France
201900000687;138Â 305Â 279;A01;1.0;1;1.0;1.0;1987.0;4.0;1.0;8.0;;;0;;;3.0;10.0;0.0;1.0;1.0;19.0;1.0;;28;11;2019;07:19;5.0;92;92062;2;2.0;1.0;6.0;CHANTE COQ (RUE);48,8827900;2,2391400;4;CHANTE COQ (RUE);0.0;;1.0;1;0.0;1.0;0;0;1.0;;;2.0;0.0;1.0;30.0;Hauts-de-Seine;11;Île-de-France
201900000687;138Â 305Â 279;A01;10.0;3;3.0;2.0;1938.0;9.0;8.0;0.0;;4.0;3;1.0;;3.0;10.0;0.0;1.0;1.0;19.0;1.0;;28;11;2019;07:19;5.0;92;92062;2;2.0;1.0;6.0;CHANTE COQ (RUE);48,8827900;2,2391400;4;CHANTE COQ (RUE);0.0;;1.0;1;0.0;1.0;0;0;1.0;;;2.0;0.0;1.0;30.0;Hauts-de-Seine;11;Île-de-France
201900000688;138Â 305Â 277;B01;1.0;1;1.0;1.0;1992.0;0.0;1.0;0.0;;; -1;;;3.0;7.0;0.0;2.0;3.0;9.0;1.0;;28;11;2019;09:00;1.0;92;92025;2;1.0;1.0;3.0;HENRI BARBUSSE (AV);48,9163400;2,2527420;3;106;0.0;;1.0;2;0.0;1.0;0;0;1.0;;;1.0;0.0;1.0;50.0;Hauts-de-Seine;11;Île-de-France
201900000688;138Â 305Â 278;A01;1.0;1;2.0;1.0;1983.0;0.0;2.0;6.0;;; -1;;;3.0;33.0;0.0;2.0;1.0;17.0;1.0;;28;11;2019;09:00;1.0;92;92025;2;1.0;1.0;3.0;HENRI BARBUSSE (AV);48,9163400;2,2527420;3;106;0.0;;1.0;2;0.0;1.0;0;0;1.0;;;1.0;0.0;1.0;50.0;Hauts-de-Seine;11;Île-de-France
201900000688;138Â 305Â 278;A01;2.0;2;2.0;2.0;1984.0;0.0;2.0;6.0;;; -1;;;3.0;33.0;0.0;2.0;1.0;17.0;1.0;;28;11;2019;09:00;1.0;92;92025;2;1.0;1.0;3.0;HENRI BARBUSSE (AV);48,9163400;2,2527420;3;106;0.0;;1.0;2;0.0;1.0;0;0;1.0;;;1.0;0.0;1.0;50.0;Hauts-de-Seine;11;Île-de-France
201900000689;138Â 305Â 276;A01;1.0;1;2.0;1.0;1968.0;1.0;2.0;6.0;;;0;;;3.0;30.0;15.0;0.0;1.0;21.0;1.0;;28;11;2019;13:25;1.0;92;92012;2;1.0;8.0;7.0;POINT DU JOUR (QUAI DU);48,8277900;2,2530900;3;1;0.0;;2.0;2;0.0;1.0;0;0;1.0;;;1.0;0.0;1.0;50.0;Hauts-de-Seine;11;Île-de-France
201900000690;138Â 305Â 274;B01;2.0;1;2.0;2.0;1947.0;0.0;8.0;0.0;;;0;;;1.0;1.0;0.0;2.0;7.0;15.0;5.0;;28;11;2019;11:25;1.0;92;92012;2;2.0;1.0;3.0;GENERAL LECLERC (AVENUE DU) 35/FIN - 60/;48,8309329;2,2346122;3;910;0.0;;1.0;7;0.0;1.0;0;0;1.0;;;1.0;0.0;1.0;50.0;Hauts-de-Seine;11;Île-de-France
201900000690;138Â 305Â 275;A01;1.0;1;1.0;2.0;1992.0;0.0;1.0;0.0;;;0;;;1.0;7.0;0.0;2.0;3.0;15.0;0.0;;28;11;2019;11:25;1.0;92;92012;2;2.0;1.0;3.0;GENERAL LECLERC (AVENUE DU) 35/FIN - 60/;48,8309329;2,2346122;3;910;0.0;;1.0;7;0.0;1.0;0;0;1.0;;;1.0;0.0;1.0;50.0;Hauts-de-Seine;11;Île-de-France
201900000691;138Â 305Â 272;A01;1.0;1;2.0;1.0;1991.0;3.0;2.0;8.0;;;0;;;2.0;32.0;0.0;2.0;1.0;0.0;1.0;;27;11;2019;16:35;1.0;92;92014;2;2.0;2.0;3.0;GALOIS (AVENUE);48,7768112;2,3165238;3;60;0.0;;2.0;2;0.0;2.0;0;0;1.0;;;2.0;0.0;1.0;50.0;Hauts-de-Seine;11;Île-de-France
201900000691;138Â 305Â 273;B01;1.0;1;1.0;1.0;1999.0;0.0;1.0;0.0;;;0;;;2.0;7.0;0.0;2.0;3.0;15.0;1.0;;27;11;2019;16:35;1.0;92;92014;2;2.0;2.0;3.0;GALOIS (AVENUE);48,7768112;2,3165238;3;60;0.0;;2.0;2;0.0;2.0;0;0;1.0;;;2.0;0.0;1.0;50.0;Hauts-de-Seine;11;Île-de-France
201900000692;138Â 305Â 270;B01;1.0;1;1.0;1.0;1979.0;4.0;1.0;;;0.0;0;;;1.0;17.0;0.0;0.0;4.0;2.0;1.0;;28;11;2019;16:45;4.0;25;25611;1;1.0;3.0;2.0;N57 - PR 18+1180 La VÃ¨ze;47,2127950;6,0603060;2;57;;;3.0;4;0.0;1.0;18;1180;2.0;;;2.0;0.0;1.0;90.0;Doubs;27;Bourgogne-Franche-Comté
201900000692;138Â 305Â 271;A01;1.0;1;3.0;1.0;1992.0;0.0;0.0;;;0.0;0;;;1.0;7.0;0.0;2.0;1.0;2.0;1.0;;28;11;2019;16:45;4.0;25;25611;1;1.0;3.0;2.0;N57 - PR 18+1180 La VÃ¨ze;47,2127950;6,0603060;2;57;;;3.0;4;0.0;1.0;18;1180;2.0;;;2.0;0.0;1.0;90.0;Doubs;27;Bourgogne-Franche-Comté
201900000693;138Â 305Â 267;A01;1.0;1;4.0;2.0;1970.0;1.0;5.0;;;0.0;0;;;2.0;7.0;2.0;0.0;3.0;13.0;1.0;;29;11;2019;09:00;1.0;31;31439;1;1.0;1.0;6.0;D54;43,5372510;1,6061970;3;54;0.0;D;2.0;2;0.0;1.0;9;700;1.0;;;2.0;0.0;3.0;80.0;Haute-Garonne;76;Occitanie
201900000694;138Â 305Â 265;B01;2.0;2;3.0;2.0;1955.0;5.0;1.0;;;0.0;0;;;2.0;7.0;0.0;2.0;1.0;1.0;1.0;;28;11;2019;22:35;3.0;23;23001;2;1.0;2.0;1.0;Route de Limoges;46,0808530;2,0440790;4;13;0.0;D;2.0;2;0.0;1.0;(1);(1);1.0;;;2.0;0.0;1.0;50.0;Creuse;75;Nouvelle-Aquitaine
201900000694;138Â 305Â 265;B01;1.0;1;1.0;1.0;1958.0;5.0;1.0;;;0.0;0;;;2.0;7.0;0.0;2.0;1.0;1.0;1.0;;28;11;2019;22:35;3.0;23;23001;2;1.0;2.0;1.0;Route de Limoges;46,0808530;2,0440790;4;13;0.0;D;2.0;2;0.0;1.0;(1);(1);1.0;;;2.0;0.0;1.0;50.0;Creuse;75;Nouvelle-Aquitaine
201900000694;138Â 305Â 266;A01;1.0;1;1.0;1.0;1992.0;5.0;8.0;;;0.0;0;;;1.0;7.0;0.0;2.0;1.0;13.0;1.0;;28;11;2019;22:35;3.0;23;23001;2;1.0;2.0;1.0;Route de Limoges;46,0808530;2,0440790;4;13;0.0;D;2.0;2;0.0;1.0;(1);(1);1.0;;;2.0;0.0;1.0;50.0;Creuse;75;Nouvelle-Aquitaine
201900000695;138Â 305Â 263;A01;1.0;1;3.0;1.0;1996.0;0.0;1.0;;;0.0;0;;;2.0;10.0;0.0;2.0;3.0;1.0;1.0;;25;11;2019;17:50;2.0;86;86256;1;1.0;2.0;1.0;RD 89 4+700;46,5349840;0,4640880;3;89;;;2.0;2;0.0;1.0;4;700;3.0;;;2.0;0.0;1.0;80.0;Vienne;75;Nouvelle-Aquitaine
201900000695;138Â 305Â 264;B01;1.0;1;1.0;1.0;1972.0;4.0;1.0;;;0.0;0;;;1.0;10.0;0.0;2.0;3.0;1.0;1.0;;25;11;2019;17:50;2.0;86;86256;1;1.0;2.0;1.0;RD 89 4+700;46,5349840;0,4640880;3;89;;;2.0;2;0.0;1.0;4;700;3.0;;;2.0;0.0;1.0;80.0;Vienne;75;Nouvelle-Aquitaine
201900000696;138Â 305Â 262;A01;1.0;1;3.0;1.0;1967.0;1.0;1.0;;;0.0;0;;;1.0;7.0;4.0;0.0;3.0;13.0;1.0;;26;11;2019;08:05;1.0;71;71170;1;1.0;8.0;6.0;A6;46,9037840;4,8218480;1;6;;;1.0;5;0.0;1.0;319;900;1.0;;;2.0;0.0;1.0;130.0;Saône-et-Loire;27;Bourgogne-Franche-Comté
201900000697;138Â 305Â 260;B01;2.0;2;2.0;2.0;1982.0;5.0;1.0;;;0.0;0;;;2.0;7.0;0.0;2.0;3.0;1.0;1.0;;28;11;2019;19:35;3.0;41;41252;1;1.0;2.0;3.0;A10, PK 138.900;47,6946620;1,4375820;1;10;;A;3.0;3;0.0;1.0;138;900;1.0;;;2.0;0.0;1.0;130.0;Loir-et-Cher;24;Centre-Val de Loire
201900000697;138Â 305Â 260;B01;1.0;1;1.0;1.0;1983.0;5.0;1.0;;;0.0;0;;;2.0;7.0;0.0;2.0;3.0;1.0;1.0;;28;11;2019;19:35;3.0;41;41252;1;1.0;2.0;3.0;A10, PK 138.900;47,6946620;1,4375820;1;10;;A;3.0;3;0.0;1.0;138;900;1.0;;;2.0;0.0;1.0;130.0;Loir-et-Cher;24;Centre-Val de Loire
201900000697;138Â 305Â 261;A01;1.0;1;1.0;1.0;1997.0;1.0;1.0;;;0.0;0;;;2.0;7.0;0.0;2.0;1.0;26.0;1.0;;28;11;2019;19:35;3.0;41;41252;1;1.0;2.0;3.0;A10, PK 138.900;47,6946620;1,4375820;1;10;;A;3.0;3;0.0;1.0;138;900;1.0;;;2.0;0.0;1.0;130.0;Loir-et-Cher;24;Centre-Val de Loire
201900000698;138Â 305Â 259;A01;2.0;2;1.0;1.0;2001.0;5.0;8.0;;;0.0;0;;;3.0;7.0;10.0;0.0;1.0;0.0;1.0;;29;11;2019;01:40;4.0;60;60656;2;3.0;2.0;7.0;D20;49,0899000;3,0564060;3;20;;;2.0;2;0.0;1.0;9;910;3.0;;;2.0;2.0;8.0;;Oise;32;Hauts-de-France
201900000698;138Â 305Â 259;A01;1.0;1;4.0;1.0;2001.0;5.0;1.0;;;0.0;0;;;3.0;7.0;10.0;0.0;1.0;0.0;1.0;;29;11;2019;01:40;4.0;60;60656;2;3.0;2.0;7.0;D20;49,0899000;3,0564060;3;20;;;2.0;2;0.0;1.0;9;910;3.0;;;2.0;2.0;8.0;;Oise;32;Hauts-de-France
201900000698;138Â 305Â 259;A01;9.0;2;1.0;1.0;2001.0;5.0;8.0;;;0.0;0;;;3.0;7.0;10.0;0.0;1.0;0.0;1.0;;29;11;2019;01:40;4.0;60;60656;2;3.0;2.0;7.0;D20;49,0899000;3,0564060;3;20;;;2.0;2;0.0;1.0;9;910;3.0;;;2.0;2.0;8.0;;Oise;32;Hauts-de-France
201900000698;138Â 305Â 259;A01;7.0;2;1.0;1.0;2001.0;5.0;8.0;;;0.0;0;;;3.0;7.0;10.0;0.0;1.0;0.0;1.0;;29;11;2019;01:40;4.0;60;60656;2;3.0;2.0;7.0;D20;49,0899000;3,0564060;3;20;;;2.0;2;0.0;1.0;9;910;3.0;;;2.0;2.0;8.0;;Oise;32;Hauts-de-France
201900000698;138Â 305Â 259;A01;8.0;2;1.0;1.0;2001.0;5.0;8.0;;;0.0;0;;;3.0;7.0;10.0;0.0;1.0;0.0;1.0;;29;11;2019;01:40;4.0;60;60656;2;3.0;2.0;7.0;D20;49,0899000;3,0564060;3;20;;;2.0;2;0.0;1.0;9;910;3.0;;;2.0;2.0;8.0;;Oise;32;Hauts-de-France
201900000699;138Â 305Â 257;A01;1.0;1;2.0;1.0;1961.0;3.0;2.0;;;0.0;0;;;1.0;33.0;0.0;2.0;2.0;2.0;1.0;;29;11;2019;14:15;1.0;83;83019;1;2.0;1.0;2.0;RD 98;43,1556860;6,3127660;3;98;;;2.0;2;0.0;2.0;28;450;2.0;;;1.0;0.0;1.0;80.0;Var;93;Provence-Alpes-Côte d'Azur
201900000699;138Â 305Â 258;B01;1.0;1;1.0;1.0;1980.0;5.0;1.0;;;0.0;0;;;1.0;13.0;0.0;0.0;6.0;11.0;1.0;;29;11;2019;14:15;1.0;83;83019;1;2.0;1.0;2.0;RD 98;43,1556860;6,3127660;3;98;;;2.0;2;0.0;2.0;28;450;2.0;;;1.0;0.0;1.0;80.0;Var;93;Provence-Alpes-Côte d'Azur
201900000700;138Â 305Â 256;A01;1.0;1;4.0;1.0;1993.0;1.0;1.0;;;0.0;0;;;2.0;7.0;2.0;0.0;1.0;1.0;1.0;;29;11;2019;06:30;3.0;62;62060;1;1.0;2.0;6.0;D938;50,2234340;2,0978790;3;938;0.0;;2.0;2;0.0;1.0;12;(1);1.0;;;2.0;0.0;3.0;80.0;Pas-de-Calais;32;Hauts-de-France
201900000701;138Â 305Â 254;B01;1.0;1;1.0;2.0;1988.0;1.0;1.0;;;0.0;0;;;1.0;7.0;0.0;9.0;4.0;2.0;1.0;;28;8;2019;19:35;1.0;51;51612;2;1.0;1.0;2.0;44 AVENUE DE BAMMENTAL;48,9069063;4,0173334;3;37;;;2.0;2;0.0;1.0;(1);(1);1.0;;;1.0;9.0;1.0;50.0;Marne;44;Grand Est
201900000701;138Â 305Â 255;A01;1.0;1;3.0;1.0;1975.0;5.0;2.0;;;0.0;0;;;1.0;1.0;0.0;2.0;1.0;2.0;5.0;;28;8;2019;19:35;1.0;51;51612;2;1.0;1.0;2.0;44 AVENUE DE BAMMENTAL;48,9069063;4,0173334;3;37;;;2.0;2;0.0;1.0;(1);(1);1.0;;;1.0;9.0;1.0;50.0;Marne;44;Grand Est
201900000702;138Â 305Â 253;A01;1.0;1;1.0;1.0;1986.0;1.0;1.0;;;0.0;0;;;2.0;7.0;0.0;1.0;1.0;1.0;0.0;;28;11;2019;18:12;5.0;74;74173;2;1.0;3.0;6.0;1463 Route Nationale;45,8585810;6,6177630;3;1212;;;2.0;2;0.0;1.0;12;438;1.0;;;2.0;0.0;1.0;50.0;Haute-Savoie;84;Auvergne-Rhône-Alpes
201900000702;138Â 305Â 253;A01;10.0;3;2.0;2.0;1941.0;5.0;0.0;;;4.0;3;1.0;;2.0;7.0;0.0;1.0;1.0;1.0;0.0;;28;11;2019;18:12;5.0;74;74173;2;1.0;3.0;6.0;1463 Route Nationale;45,8585810;6,6177630;3;1212;;;2.0;2;0.0;1.0;12;438;1.0;;;2.0;0.0;1.0;50.0;Haute-Savoie;84;Auvergne-Rhône-Alpes
201900000703;138Â 305Â 251;B01;1.0;1;1.0;2.0;1965.0;5.0;1.0;;;0.0;0;;;2.0;7.0;0.0;2.0;2.0;1.0;1.0;;29;11;2019;07:45;1.0;11;11397;2;3.0;1.0;3.0;Avenue des Capucins;43,2061940;2,4306450;3;6113;;;2.0;2;0.0;2.0;48;900;1.0;;;1.0;0.0;1.0;50.0;Aude;76;Occitanie
201900000703;138Â 305Â 252;A01;1.0;1;3.0;1.0;1972.0;0.0;1.0;;;0.0;0;;;1.0;7.0;0.0;2.0;1.0;15.0;1.0;;29;11;2019;07:45;1.0;11;11397;2;3.0;1.0;3.0;Avenue des Capucins;43,2061940;2,4306450;3;6113;;;2.0;2;0.0;2.0;48;900;1.0;;;1.0;0.0;1.0;50.0;Aude;76;Occitanie
201900000704;138Â 305Â 250;A01;1.0;1;2.0;2.0;1956.0;5.0;1.0;;;0.0;0;;;3.0;7.0;8.0;0.0;3.0;16.0;1.0;;28;11;2019;17:00;2.0;71;71310;2;2.0;1.0;3.0;32 Route du Pont Jeanne Rose;46,7581570;4,4805020;3;290;0.0;;2.0;2;0.0;1.0;(1);(1);1.0;;;1.0;5.0;1.0;50.0;Saône-et-Loire;27;Bourgogne-Franche-Comté
201900000704;138Â 305Â 250;A01;2.0;2;2.0;2.0;1949.0;5.0;1.0;;;0.0;0;;;3.0;7.0;8.0;0.0;3.0;16.0;1.0;;28;11;2019;17:00;2.0;71;71310;2;2.0;1.0;3.0;32 Route du Pont Jeanne Rose;46,7581570;4,4805020;3;290;0.0;;2.0;2;0.0;1.0;(1);(1);1.0;;;1.0;5.0;1.0;50.0;Saône-et-Loire;27;Bourgogne-Franche-Comté
201900000705;138Â 305Â 248;B01;1.0;1;3.0;2.0;1995.0;1.0;0.0;;;0.0;0;;;1.0;80.0;0.0;2.0;6.0;1.0;3.0;;28;11;2019;19:30;3.0;61;61426;1;1.0;8.0;2.0;Route de Mamers;48,3757500;0,5376660;3;955;;;2.0;2;0.0;3.0;20;110;1.0;;;2.0;0.0;1.0;80.0;Orne;28;Normandie
201900000706;138Â 305Â 245;B01;1.0;1;2.0;2.0;1987.0;1.0;1.0;;;0.0;0;;;2.0;7.0;0.0;2.0;3.0;0.0;1.0;;29;11;2019;07:00;3.0;12;12142;1;1.0;3.0;1.0;D994;44,4004970;2,3604840;3;994;0.0;;2.0;2;0.0;1.0;40;365;4.0;;;2.0;0.0;1.0;80.0;Aveyron;76;Occitanie
201900000706;138Â 305Â 246;A01;1.0;1;3.0;1.0;1984.0;1.0;1.0;;;0.0;0;;;1.0;7.0;0.0;2.0;3.0;13.0;1.0;;29;11;2019;07:00;3.0;12;12142;1;1.0;3.0;1.0;D994;44,4004970;2,3604840;3;994;0.0;;2.0;2;0.0;1.0;40;365;4.0;;;2.0;0.0;1.0;80.0;Aveyron;76;Occitanie
201900000707;138Â 305Â 244;A01;1.0;1;3.0;1.0;1961.0;1.0;1.0;;;0.0;0;;;2.0;7.0;13.0;0.0;3.0;0.0;1.0;;23;11;2019;03:15;3.0;47;47167;1;1.0;2.0;7.0;D656;44,0707940;0,2745090;3;656;0.0;D;2.0;2;0.0;1.0;84;0;1.0;;;2.0;0.0;3.0;80.0;Lot-et-Garonne;75;Nouvelle-Aquitaine
201900000708;138Â 305Â 242;A01;1.0;1;2.0;1.0;1949.0;5.0;2.0;;;0.0;0;;;1.0;1.0;0.0;2.0;7.0;12.0;5.0;;22;10;2019;17:15;1.0;29;29075;1;1.0;1.0;3.0;18 Rue Henri Becquerel;48,4323110; -4,4413739;2;265;0.0;;1.0;1;0.0;1.0;5;800;1.0;;;1.0;3.0;1.0;50.0;Finistère;53;Bretagne
201900000708;138Â 305Â 243;B01;1.0;1;1.0;1.0;1956.0;5.0;2.0;;;0.0;0;;;1.0;33.0;15.0;2.0;8.0;1.0;1.0;;22;10;2019;17:15;1.0;29;29075;1;1.0;1.0;3.0;18 Rue Henri Becquerel;48,4323110; -4,4413739;2;265;0.0;;1.0;1;0.0;1.0;5;800;1.0;;;1.0;3.0;1.0;50.0;Finistère;53;Bretagne
201900000709;138Â 305Â 241;A01;1.0;1;3.0;2.0;1992.0;1.0;1.0;;;0.0;0;;;2.0;7.0;0.0;0.0;3.0;0.0;1.0;;28;11;2019;18:38;5.0;31;31331;2;1.0;3.0;7.0;D38;43,5216990;1,7006920;3;38;0.0;D;2.0;2;0.0;2.0;17;755;1.0;;;2.0;0.0;3.0;50.0;Haute-Garonne;76;Occitanie
201900000710;138Â 305Â 240;A01;1.0;1;1.0;1.0;1994.0;1.0;1.0;;;0.0;0;;;2.0;7.0;0.0;1.0;1.0;1.0;0.0;;21;11;2019;07:30;2.0;01;01363;2;1.0;1.0;6.0;221 Grande Rue;46,0291480;5,3895640;3;36;;;2.0;2;0.0;1.0;3;285;1.0;;;1.0;0.0;1.0;30.0;Ain;84;Auvergne-Rhône-Alpes
201900000710;138Â 305Â 240;A01;10.0;3;2.0;1.0;1949.0;5.0;0.0;;;3.0;3;1.0;;2.0;7.0;0.0;1.0;1.0;1.0;0.0;;21;11;2019;07:30;2.0;01;01363;2;1.0;1.0;6.0;221 Grande Rue;46,0291480;5,3895640;3;36;;;2.0;2;0.0;1.0;3;285;1.0;;;1.0;0.0;1.0;30.0;Ain;84;Auvergne-Rhône-Alpes
201900000711;138Â 305Â 239;A01;1.0;1;3.0;1.0;1955.0;0.0;2.0;;;0.0;0;;;2.0;2.0;0.0;0.0;0.0;26.0;1.0;;28;11;2019;08:35;1.0;54;54449;2;1.0;2.0;7.0;Rue Yves de Ravinel;48,5623670;6,4698590;3;914;;;2.0;2;0.0;1.0;24;800;1.0;;;2.0;6.0;1.0;50.0;Meurthe-et-Moselle;44;Grand Est
201900000712;138Â 305Â 238;A01;10.0;3;4.0;1.0;1933.0;5.0;0.0;;;1.0;3;1.0;;3.0;7.0;0.0;1.0;4.0;4.0;3.0;;29;11;2019;18:25;5.0;50;50359;2;1.0;1.0;6.0;Rue des Fontaines;48,6488210; -0,9416510;4;;;;2.0;2;0.0;4.0;(1);(1);3.0;;;1.0;0.0;1.0;50.0;Manche;28;Normandie
201900000712;138Â 305Â 238;A01;1.0;1;1.0;2.0;1960.0;5.0;1.0;;;0.0;0;;;3.0;7.0;0.0;1.0;4.0;4.0;3.0;;29;11;2019;18:25;5.0;50;50359;2;1.0;1.0;6.0;Rue des Fontaines;48,6488210; -0,9416510;4;;;;2.0;2;0.0;4.0;(1);(1);3.0;;;1.0;0.0;1.0;50.0;Manche;28;Normandie
201900000713;138Â 305Â 237;A01;2.0;2;3.0;1.0;2000.0;4.0;1.0;;;0.0;0;;;1.0;10.0;8.0;0.0;2.0;1.0;1.0;;29;11;2019;13:35;1.0;50;50029;1;1.0;1.0;7.0;La Prise Passais de Haut;48,6410980; -0,7956950;3;36;;;2.0;2;0.0;1.0;8;846;1.0;;;1.0;0.0;3.0;80.0;Manche;28;Normandie
201900000713;138Â 305Â 237;A01;1.0;1;1.0;1.0;1975.0;4.0;1.0;;;0.0;0;;;1.0;10.0;8.0;0.0;2.0;1.0;1.0;;29;11;2019;13:35;1.0;50;50029;1;1.0;1.0;7.0;La Prise Passais de Haut;48,6410980; -0,7956950;3;36;;;2.0;2;0.0;1.0;8;846;1.0;;;1.0;0.0;3.0;80.0;Manche;28;Normandie
201900000714;138Â 305Â 236;A01;1.0;1;3.0;1.0;2002.0;0.0;2.0;6.0;9.0;0.0;0;;;3.0;31.0;12.0;0.0;7.0;1.0;1.0;;29;11;2019;15:30;1.0;60;60471;2;1.0;1.0;7.0;Avenue Fernand GrÃ©goire;49,5865278;3,0132068;4;;;;3.0;2;0.0;1.0;(1);(1);3.0;;;1.0;0.0;4.0;50.0;Oise;32;Hauts-de-France
201900000715;138Â 305Â 235;A01;1.0;1;3.0;1.0;1984.0;5.0;1.0;;;0.0;0;;;2.0;7.0;13.0;6.0;1.0;1.0;1.0;;29;11;2019;02:40;3.0;60;60030;1;1.0;2.0;7.0;;49,3666642;2,1065001;3;927;0.0;;2.0;2;0.0;1.0;22;100;3.0;;;2.0;0.0;3.0;80.0;Oise;32;Hauts-de-France
201900000716;138Â 305Â 233;B01;1.0;1;2.0;1.0;1981.0;0.0;1.0;;;0.0;0;;;1.0;7.0;0.0;2.0;1.0;1.0;1.0;;25;11;2019;18:30;3.0;28;28267;1;9.0;2.0;1.0;D16.1;48,7719170;1,3707570;3;16.1;0.0;;3.0;2;0.0;1.0;87;0;1.0;;;2.0;0.0;1.0;80.0;Eure-et-Loir;24;Centre-Val de Loire
201900000716;138Â 305Â 234;A01;1.0;1;2.0;1.0;1975.0;0.0;1.0;;;0.0;0;;;2.0;7.0;0.0;2.0;1.0;15.0;1.0;;25;11;2019;18:30;3.0;28;28267;1;9.0;2.0;1.0;D16.1;48,7719170;1,3707570;3;16.1;0.0;;3.0;2;0.0;1.0;87;0;1.0;;;2.0;0.0;1.0;80.0;Eure-et-Loir;24;Centre-Val de Loire