Num_Acc;id_vehicule;num_veh;place;catu;grav;sexe;an_nais;trajet;secu1;secu2;secu3;locp;actp;etatp;id_usager;senc;catv;obs;obsm;choc;manv;motor;occutc;jour;mois;an;hrmn;lum;dep;com;agg;int;atm;col;adr;lat;long;catr;voie;v1;v2;circ;nbv;vosp;prof;pr;pr1;plan;lartpc;larrout;surf;infra;situ;vma;nom_departement;reg;nom_region
201900000717;138Â 305Â 231;B01;1.0;1;3.0;1.0;2006.0;5.0;0.0;;;0.0;0;;;1.0;1.0;0.0;2.0;1.0;15.0;5.0;;28;11;2019;17:50;3.0;88;88307;1;1.0;2.0;3.0;D460a;48,0244930;5,8090520;3;460;0.0;A;2.0;2;0.0;1.0;5;0;2.0;;;2.0;0.0;1.0;80.0;Vosges;44;Grand Est
201900000717;138Â 305Â 232;A01;1.0;1;1.0;1.0;1935.0;5.0;8.0;;;0.0;0;;;1.0;7.0;0.0;9.0;2.0;17.0;1.0;;28;11;2019;17:50;3.0;88;88307;1;1.0;2.0;3.0;D460a;48,0244930;5,8090520;3;460;0.0;A;2.0;2;0.0;1.0;5;0;2.0;;;2.0;0.0;1.0;80.0;Vosges;44;Grand Est
201900000718;138Â 305Â 230;A01;1.0;1;3.0;2.0;2001.0;5.0;2.0;;;0.0;0;;;2.0;2.0;0.0;0.0;2.0;1.0;1.0;;28;11;2019;16:15;1.0;987;98738;2;1.0;1.0;7.0;PK 13 - RT1; -17,6244740; -149,6127060;2;1;;;2.0;2;0.0;1.0;13;0;1.0;;;1.0;0.0;4.0;50.0;;;
201900000719;138Â 305Â 228;A01;1.0;1;1.0;1.0;1981.0;1.0;1.0;;;0.0;0;;;2.0;7.0;0.0;2.0;1.0;12.0;1.0;;29;11;2019;07:40;2.0;01;01089;1;1.0;1.0;2.0;A 42, PK 41+400, sens GENEVE/LYON;45,9760590;5,3100580;1;42;;;3.0;5;0.0;1.0;(1);(1);1.0;;;2.0;0.0;1.0;130.0;Ain;84;Auvergne-Rhône-Alpes
201900000719;138Â 305Â 229;B01;1.0;1;3.0;1.0;1961.0;1.0;1.0;;;0.0;0;;;2.0;7.0;5.0;0.0;4.0;1.0;1.0;;29;11;2019;07:40;2.0;01;01089;1;1.0;1.0;2.0;A 42, PK 41+400, sens GENEVE/LYON;45,9760590;5,3100580;1;42;;;3.0;5;0.0;1.0;(1);(1);1.0;;;2.0;0.0;1.0;130.0;Ain;84;Auvergne-Rhône-Alpes
201900000720;138Â 305Â 226;A01;1.0;1;1.0;2.0;1979.0;0.0;1.0;;;0.0;0;;;2.0;7.0;0.0;0.0;8.0;10.0;1.0;;28;11;2019;16:00;1.0;66;66195;1;1.0;1.0;3.0;D916 a;42,6871440;2,8108280;3;916;0.0;A;2.0;2;0.0;1.0;6;400;1.0;;;1.0;0.0;1.0;90.0;Pyrénées-Orientales;76;Occitanie
201900000720;138Â 305Â 227;B01;1.0;1;3.0;1.0;1963.0;1.0;2.0;;;0.0;0;;;2.0;33.0;0.0;0.0;7.0;17.0;1.0;;28;11;2019;16:00;1.0;66;66195;1;1.0;1.0;3.0;D916 a;42,6871440;2,8108280;3;916;0.0;A;2.0;2;0.0;1.0;6;400;1.0;;;1.0;0.0;1.0;90.0;Pyrénées-Orientales;76;Occitanie
201900000721;138Â 305Â 221;D01;1.0;1;1.0;1.0;1985.0;1.0;1.0;;;0.0;0;;;2.0;7.0;0.0;0.0;0.0;1.0;1.0;;25;11;2019;16:40;2.0;68;68042;1;1.0;1.0;4.0;3 Chemin du Hellhof;47,6070060;7,5275840;1;35;0.0;A;3.0;4;0.0;1.0;123;500;1.0;;;1.0;0.0;1.0;110.0;Haut-Rhin;44;Grand Est
201900000721;138Â 305Â 222;C01;1.0;1;2.0;1.0;1999.0;1.0;1.0;;;0.0;0;;;2.0;7.0;0.0;2.0;1.0;1.0;1.0;;25;11;2019;16:40;2.0;68;68042;1;1.0;1.0;4.0;3 Chemin du Hellhof;47,6070060;7,5275840;1;35;0.0;A;3.0;4;0.0;1.0;123;500;1.0;;;1.0;0.0;1.0;110.0;Haut-Rhin;44;Grand Est
201900000721;138Â 305Â 223;B01;1.0;1;1.0;1.0;1974.0;1.0;1.0;;;0.0;0;;;2.0;7.0;0.0;2.0;4.0;1.0;1.0;;25;11;2019;16:40;2.0;68;68042;1;1.0;1.0;4.0;3 Chemin du Hellhof;47,6070060;7,5275840;1;35;0.0;A;3.0;4;0.0;1.0;123;500;1.0;;;1.0;0.0;1.0;110.0;Haut-Rhin;44;Grand Est
201900000721;138Â 305Â 224;A01;1.0;1;2.0;1.0;1965.0;5.0;1.0;;;0.0;0;;;2.0;7.0;0.0;2.0;1.0;1.0;1.0;;25;11;2019;16:40;2.0;68;68042;1;1.0;1.0;4.0;3 Chemin du Hellhof;47,6070060;7,5275840;1;35;0.0;A;3.0;4;0.0;1.0;123;500;1.0;;;1.0;0.0;1.0;110.0;Haut-Rhin;44;Grand Est
201900000722;138Â 305Â 219;B01;1.0;1;3.0;1.0;1963.0;1.0;2.0;6.0;;0.0;0;;;2.0;33.0;0.0;0.0;4.0;15.0;0.0;;21;11;2019;08:55;1.0;69;69027;1;2.0;1.0;2.0;D386;45,6598400;4,7518580;3;386;;;2.0;1;0.0;1.0;10;(1);1.0;;;1.0;5.0;1.0;70.0;Rhône;84;Auvergne-Rhône-Alpes
201900000722;138Â 305Â 220;A01;1.0;1;1.0;1.0;1965.0;4.0;1.0;;;0.0;0;;;2.0;10.0;0.0;2.0;1.0;2.0;0.0;;21;11;2019;08:55;1.0;69;69027;1;2.0;1.0;2.0;D386;45,6598400;4,7518580;3;386;;;2.0;1;0.0;1.0;10;(1);1.0;;;1.0;5.0;1.0;70.0;Rhône;84;Auvergne-Rhône-Alpes
201900000723;138Â 305Â 217;B01;1.0;1;1.0;1.0;2001.0;5.0;1.0;;;0.0;0;;;2.0;10.0;0.0;0.0;2.0;0.0;1.0;;29;11;2019;00:25;3.0;988;98825;1;1.0;1.0;2.0;R.T.1; -21,2403930;164,9094890;2;1;;;2.0;2;0.0;2.0;(1);(1);1.0;;;1.0;0.0;1.0;90.0;;;
201900000723;138Â 305Â 218;A01;1.0;1;1.0;1.0;1994.0;5.0;1.0;;;0.0;0;;;2.0;7.0;0.0;2.0;4.0;1.0;1.0;;29;11;2019;00:25;3.0;988;98825;1;1.0;1.0;2.0;R.T.1; -21,2403930;164,9094890;2;1;;;2.0;2;0.0;2.0;(1);(1);1.0;;;1.0;0.0;1.0;90.0;;;
201900000723;138Â 305Â 218;A01;4.0;2;3.0;1.0;1978.0;5.0;0.0;;;0.0;0;;;2.0;7.0;0.0;2.0;4.0;1.0;1.0;;29;11;2019;00:25;3.0;988;98825;1;1.0;1.0;2.0;R.T.1; -21,2403930;164,9094890;2;1;;;2.0;2;0.0;2.0;(1);(1);1.0;;;1.0;0.0;1.0;90.0;;;
201900000723;138Â 305Â 218;A01;2.0;2;1.0;1.0;1972.0;5.0;0.0;;;0.0;0;;;2.0;7.0;0.0;2.0;4.0;1.0;1.0;;29;11;2019;00:25;3.0;988;98825;1;1.0;1.0;2.0;R.T.1; -21,2403930;164,9094890;2;1;;;2.0;2;0.0;2.0;(1);(1);1.0;;;1.0;0.0;1.0;90.0;;;
201900000724;138Â 305Â 216;A01;10.0;3;3.0;1.0;1981.0;5.0;0.0;;;9.0;B;1.0;;1.0;0.0;0.0;1.0;0.0;0.0;0.0;;28;11;2019;20:35;3.0;973;97311;1;1.0;1.0;6.0;Avenue Jean Galmot;5,5311820; -53,9491260;3;9;;;2.0;2;0.0;1.0;6;100;1.0;;;1.0;0.0;1.0;80.0;Guyane;03;Guyane
201900000725;138Â 305Â 214;A01;1.0;1;1.0;1.0;1974.0;3.0;1.0;;;0.0;0;;;2.0;7.0;0.0;9.0;1.0;15.0;1.0;;28;11;2019;18:15;3.0;971;97129;1;3.0;1.0;3.0;Plessis Nogent;16,3532490; -61,7344780;2;2;0.0;;;2;0.0;4.0;(1);(1);1.0;;;1.0;0.0;1.0;70.0;Guadeloupe;01;Guadeloupe
201900000725;138Â 305Â 215;B01;1.0;1;3.0;1.0;1997.0;0.0;2.0;;;0.0;0;;;1.0;2.0;0.0;2.0;8.0;15.0;1.0;;28;11;2019;18:15;3.0;971;97129;1;3.0;1.0;3.0;Plessis Nogent;16,3532490; -61,7344780;2;2;0.0;;;2;0.0;4.0;(1);(1);1.0;;;1.0;0.0;1.0;70.0;Guadeloupe;01;Guadeloupe
201900000725;138Â 305Â 215;B01;2.0;2;2.0;1.0;1995.0;0.0;0.0;;;0.0;0;;;1.0;2.0;0.0;2.0;8.0;15.0;1.0;;28;11;2019;18:15;3.0;971;97129;1;3.0;1.0;3.0;Plessis Nogent;16,3532490; -61,7344780;2;2;0.0;;;2;0.0;4.0;(1);(1);1.0;;;1.0;0.0;1.0;70.0;Guadeloupe;01;Guadeloupe
201900000726;138Â 305Â 212;A01;1.0;1;3.0;2.0;1945.0;1.0;8.0;;;0.0;0;;;2.0;7.0;0.0;2.0;7.0;1.0;1.0;;29;11;2019;13:00;1.0;37;37007;1;2.0;1.0;3.0;Intersection D517 - La Belle Croix;47,0778380;0,2891210;3;517;;;2.0;2;0.0;1.0;0;700;1.0;;;1.0;0.0;1.0;80.0;Indre-et-Loire;24;Centre-Val de Loire
201900000726;138Â 305Â 213;B01;1.0;1;3.0;1.0;1984.0;5.0;8.0;;;0.0;0;;;1.0;7.0;0.0;2.0;1.0;1.0;1.0;;29;11;2019;13:00;1.0;37;37007;1;2.0;1.0;3.0;Intersection D517 - La Belle Croix;47,0778380;0,2891210;3;517;;;2.0;2;0.0;1.0;0;700;1.0;;;1.0;0.0;1.0;80.0;Indre-et-Loire;24;Centre-Val de Loire
201900000727;138Â 305Â 211;A01;1.0;1;2.0;1.0;1955.0;5.0;1.0;;;0.0;0;;;1.0;10.0;2.0;0.0;7.0;1.0;0.0;;25;11;2019;20:30;3.0;77;77264;1;1.0;1.0;6.0;D402 - Route de Coulommiers;48,7057400;2,9291800;3;402;0.0;;2.0;2;0.0;1.0;34;300;1.0;;;1.0;0.0;3.0;80.0;Seine-et-Marne;11;Île-de-France
201900000728;138Â 305Â 209;B01;1.0;1;3.0;2.0;1990.0;5.0;1.0;;;0.0;0;;;2.0;7.0;0.0;0.0;3.0;15.0;1.0;;29;11;2019;15:25;1.0;84;84138;2;3.0;1.0;3.0;DÃ©partementale 10;44,3919170;4,9885510;3;10;0.0;;2.0;2;0.0;4.0;1;(1);1.0;;;1.0;5.0;5.0;50.0;Vaucluse;93;Provence-Alpes-Côte d'Azur
201900000728;138Â 305Â 210;A01;1.0;1;1.0;1.0;1997.0;5.0;1.0;;;0.0;0;;;1.0;7.0;0.0;2.0;1.0;1.0;1.0;;29;11;2019;15:25;1.0;84;84138;2;3.0;1.0;3.0;DÃ©partementale 10;44,3919170;4,9885510;3;10;0.0;;2.0;2;0.0;4.0;1;(1);1.0;;;1.0;5.0;5.0;50.0;Vaucluse;93;Provence-Alpes-Côte d'Azur
201900000729;138Â 305Â 208;A01;1.0;1;1.0;2.0;1983.0;5.0;1.0;;;0.0;0;;;3.0;7.0;0.0;1.0;1.0;20.0;1.0;;27;11;2019;13:55;1.0;51;51250;2;7.0;2.0;7.0;PLACE DE L'EGLISE;49,3073580;3,6839530;6;PLACE DE L'EGLISE;;;;;0.0;1.0;(1);(1);1.0;;;2.0;0.0;8.0;30.0;Marne;44;Grand Est
201900000729;138Â 305Â 208;A01;10.0;3;2.0;2.0;2014.0;5.0;0.0;;;5.0;3;2.0;;3.0;7.0;0.0;1.0;1.0;20.0;1.0;;27;11;2019;13:55;1.0;51;51250;2;7.0;2.0;7.0;PLACE DE L'EGLISE;49,3073580;3,6839530;6;PLACE DE L'EGLISE;;;;;0.0;1.0;(1);(1);1.0;;;2.0;0.0;8.0;30.0;Marne;44;Grand Est
201900000729;138Â 305Â 208;A01;10.0;3;2.0;2.0;1983.0;5.0;0.0;;;5.0;3;2.0;;3.0;7.0;0.0;1.0;1.0;20.0;1.0;;27;11;2019;13:55;1.0;51;51250;2;7.0;2.0;7.0;PLACE DE L'EGLISE;49,3073580;3,6839530;6;PLACE DE L'EGLISE;;;;;0.0;1.0;(1);(1);1.0;;;2.0;0.0;8.0;30.0;Marne;44;Grand Est
201900000730;138Â 305Â 206;B01;1.0;1;2.0;2.0;1966.0;0.0;1.0;;;0.0;0;;;2.0;7.0;0.0;0.0;8.0;1.0;1.0;;28;11;2019;14:00;1.0;68;68287;1;1.0;1.0;3.0;D18 BIS;47,9546450;7,3342930;3;18;2.0;;2.0;2;0.0;1.0;10;700;1.0;;;1.0;0.0;1.0;80.0;Haut-Rhin;44;Grand Est
201900000730;138Â 305Â 207;A01;1.0;1;2.0;2.0;1984.0;5.0;1.0;;;0.0;0;;;1.0;7.0;0.0;2.0;3.0;21.0;1.0;;28;11;2019;14:00;1.0;68;68287;1;1.0;1.0;3.0;D18 BIS;47,9546450;7,3342930;3;18;2.0;;2.0;2;0.0;1.0;10;700;1.0;;;1.0;0.0;1.0;80.0;Haut-Rhin;44;Grand Est
201900000731;138Â 305Â 205;A01;1.0;1;1.0;2.0;1960.0;3.0;1.0;;;0.0;0;;;0.0;7.0;0.0;1.0;1.0;1.0;1.0;;28;11;2019;07:10;2.0;67;67300;2;1.0;2.0;6.0;42 Rue de Saverne;48,5454870;7,4914260;3;30;0.0;D;2.0;2;0.0;2.0;3;(1);1.0;;;2.0;0.0;1.0;50.0;Bas-Rhin;44;Grand Est
201900000731;138Â 305Â 205;A01;10.0;3;3.0;1.0;1955.0;3.0;0.0;;;2.0;3;1.0;;0.0;7.0;0.0;1.0;1.0;1.0;1.0;;28;11;2019;07:10;2.0;67;67300;2;1.0;2.0;6.0;42 Rue de Saverne;48,5454870;7,4914260;3;30;0.0;D;2.0;2;0.0;2.0;3;(1);1.0;;;2.0;0.0;1.0;50.0;Bas-Rhin;44;Grand Est
201900000732;138Â 305Â 203;A01;1.0;1;1.0;1.0;1989.0;0.0;1.0;;;0.0;0;;;3.0;7.0;0.0;0.0;7.0;15.0;1.0;;29;11;2019;18:30;5.0;38;38158;2;3.0;2.0;3.0;Avenue Teisseire;45,1612200;5,7550260;3;269;;A;2.0;2;0.0;2.0;(1);(1);1.0;;;2.0;0.0;1.0;50.0;Isère;84;Auvergne-Rhône-Alpes
201900000732;138Â 305Â 204;B01;1.0;1;2.0;1.0;1975.0;0.0;2.0;;;0.0;0;;;3.0;2.0;0.0;2.0;2.0;1.0;1.0;;29;11;2019;18:30;5.0;38;38158;2;3.0;2.0;3.0;Avenue Teisseire;45,1612200;5,7550260;3;269;;A;2.0;2;0.0;2.0;(1);(1);1.0;;;2.0;0.0;1.0;50.0;Isère;84;Auvergne-Rhône-Alpes
201900000733;138Â 305Â 201;A01;1.0;1;1.0;1.0;1967.0;4.0;8.0;8.0;;0.0;0;;;3.0;37.0;0.0;6.0;3.0;1.0;1.0;1.0;1;9;2019;15:32;1.0;63;63019;2;1.0;1.0;3.0;SOLEIL LEVANT (RUE DU);45,7959039;3,1651663;4;SOLEIL LEVANT (RUE DU);0.0;;2.0;2;0.0;1.0;(1);(1);1.0;;;1.0;0.0;1.0;50.0;Puy-de-Dôme;84;Auvergne-Rhône-Alpes
201900000733;138Â 305Â 202;B01;1.0;1;3.0;1.0;2004.0;5.0;8.0;0.0;;; -1;;;3.0;1.0;0.0;2.0;1.0;19.0;5.0;;1;9;2019;15:32;1.0;63;63019;2;1.0;1.0;3.0;SOLEIL LEVANT (RUE DU);45,7959039;3,1651663;4;SOLEIL LEVANT (RUE DU);0.0;;2.0;2;0.0;1.0;(1);(1);1.0;;;1.0;0.0;1.0;50.0;Puy-de-Dôme;84;Auvergne-Rhône-Alpes
201900000734;138Â 305Â 195;A01;1.0;1;1.0;1.0;1962.0;5.0;8.0;0.0;;;0;;;3.0;7.0;1.0;0.0;1.0;1.0;1.0;;20;9;2019;17:50;1.0;59;59599;2;1.0;1.0;6.0;EGALITE (BOULEVARD DE L');50,7390000;3,1690500;4;EGALITE (BOULEVARD DE L');0.0;;3.0;2;0.0;1.0;0;0;1.0;;;1.0;0.0;1.0;50.0;Nord;32;Hauts-de-France
201900000734;138Â 305Â 195;A01;10.0;3;2.0;2.0;1962.0;5.0;8.0;0.0;;4.0;3;1.0;;3.0;7.0;1.0;0.0;1.0;1.0;1.0;;20;9;2019;17:50;1.0;59;59599;2;1.0;1.0;6.0;EGALITE (BOULEVARD DE L');50,7390000;3,1690500;4;EGALITE (BOULEVARD DE L');0.0;;3.0;2;0.0;1.0;0;0;1.0;;;1.0;0.0;1.0;50.0;Nord;32;Hauts-de-France
201900000735;138Â 305Â 193;B01;1.0;1;2.0;1.0;1974.0;0.0;8.0;0.0;;; -1;;;3.0;1.0;0.0;0.0;0.0;0.0;5.0;;20;9;2019;22:40;5.0;59;59512;2;6.0;1.0;1.0;AVELGHEM (RUE D');50,6946874;3,1949066;4;;0.0;;;1;1.0;1.0;0;0;1.0;;;1.0;0.0;1.0;50.0;Nord;32;Hauts-de-France
201900000735;138Â 305Â 194;A01;1.0;1;2.0;1.0;1996.0;0.0;1.0;0.0;;; -1;;;3.0;7.0;0.0;2.0;1.0;1.0;1.0;;20;9;2019;22:40;5.0;59;59512;2;6.0;1.0;1.0;AVELGHEM (RUE D');50,6946874;3,1949066;4;;0.0;;;1;1.0;1.0;0;0;1.0;;;1.0;0.0;1.0;50.0;Nord;32;Hauts-de-France
201900000736;138Â 305Â 190;B01;1.0;1;2.0;2.0;1987.0;4.0;1.0;8.0;;; -1;;;3.0;7.0;0.0;2.0;3.0;1.0;1.0;;16;9;2019;07:20;1.0;59;59193;1;1.0;1.0;3.0;Bas chemin, rue du;50,5915100;3,0115600;4;Bas chemin, rue du;0.0;;2.0;2;0.0;1.0;0;9;1.0;;;1.0;0.0;1.0;50.0;Nord;32;Hauts-de-France
201900000737;138Â 305Â 189;A01;1.0;1;1.0;1.0;1940.0;5.0;8.0;0.0;;;0;;;3.0;7.0;0.0;1.0;3.0;1.0;1.0;;19;9;2019;11:37;1.0;59;59009;2;2.0;1.0;6.0;OUEST BOULEVARD DE L;50,6398651;3,1226237;7;48;0.0;;2.0;3;2.0;1.0;0;0;1.0;;;1.0;0.0;1.0;50.0;Nord;32;Hauts-de-France
201900000737;138Â 305Â 189;A01;10.0;3;4.0;2.0;1964.0;5.0;8.0;0.0;;3.0;3;1.0;;3.0;7.0;0.0;1.0;3.0;1.0;1.0;;19;9;2019;11:37;1.0;59;59009;2;2.0;1.0;6.0;OUEST BOULEVARD DE L;50,6398651;3,1226237;7;48;0.0;;2.0;3;2.0;1.0;0;0;1.0;;;1.0;0.0;1.0;50.0;Nord;32;Hauts-de-France
201900000738;138Â 305Â 188;A01;1.0;1;1.0;1.0;1938.0;5.0;1.0;0.0;;; -1;;;1.0;7.0;0.0;1.0;1.0;1.0;1.0;;20;9;2019;15:00;1.0;57;57672;2;1.0;1.0;6.0;GENERAL DE CASTELNAU (RUE DU);49,3527100;6,1608000;4;GENERAL DE CASTELNAU (RUE DU);0.0;;2.0;2;0.0;1.0;0;0;1.0;;;1.0;0.0;1.0;50.0;Moselle;44;Grand Est
201900000738;138Â 305Â 188;A01;10.0;3;3.0;2.0;1954.0;5.0;8.0;0.0;;3.0;3;1.0;;1.0;7.0;0.0;1.0;1.0;1.0;1.0;;20;9;2019;15:00;1.0;57;57672;2;1.0;1.0;6.0;GENERAL DE CASTELNAU (RUE DU);49,3527100;6,1608000;4;GENERAL DE CASTELNAU (RUE DU);0.0;;2.0;2;0.0;1.0;0;0;1.0;;;1.0;0.0;1.0;50.0;Moselle;44;Grand Est
201900000739;138Â 305Â 186;A01;1.0;1;2.0;1.0;2005.0;5.0;2.0;0.0;;; -1;;;1.0;31.0;1.0;0.0;1.0;13.0;2.0;;18;9;2019;14:55;1.0;57;57672;2;1.0;1.0;3.0;MEILBOURG (RUE DE);49,3950000;6,1992000;4;MEILBOURG (RUE DE);0.0;;2.0;2;0.0;1.0;0;0;1.0;;;1.0;0.0;1.0;50.0;Moselle;44;Grand Est
201900000739;138Â 305Â 187;C01;1.0;1;2.0;1.0;1973.0;5.0;2.0;6.0;;; -1;;;1.0;36.0;0.0;2.0;4.0;1.0;1.0;;18;9;2019;14:55;1.0;57;57672;2;1.0;1.0;3.0;MEILBOURG (RUE DE);49,3950000;6,1992000;4;MEILBOURG (RUE DE);0.0;;2.0;2;0.0;1.0;0;0;1.0;;;1.0;0.0;1.0;50.0;Moselle;44;Grand Est
201900000740;138Â 305Â 184;A01;1.0;1;1.0;2.0;1987.0;5.0;1.0;8.0;;;0;;;1.0;7.0;0.0;2.0;2.0;19.0;1.0;;19;9;2019;17:15;1.0;56;56121;2;2.0;1.0;3.0;Rue Louis Guiguen;47,7557400; -3,3548100;4;Rue de Melun;0.0;;2.0;2;2.0;1.0;(1);(1);1.0;;;1.0;0.0;1.0;30.0;Morbihan;53;Bretagne
201900000740;138Â 305Â 185;B01;1.0;1;2.0;1.0;1963.0;0.0;2.0;0.0;;;0;;;2.0;1.0;0.0;2.0;8.0;1.0;5.0;;19;9;2019;17:15;1.0;56;56121;2;2.0;1.0;3.0;Rue Louis Guiguen;47,7557400; -3,3548100;4;Rue de Melun;0.0;;2.0;2;2.0;1.0;(1);(1);1.0;;;1.0;0.0;1.0;30.0;Morbihan;53;Bretagne
201900000741;138Â 305Â 182;A01;1.0;1;1.0;1.0;1987.0;0.0;1.0;0.0;;;0;;;1.0;7.0;0.0;2.0;0.0;1.0;1.0;;20;9;2019;18:40;2.0;54;54395;2;6.0;1.0;3.0;BROT (Rond-Point Marcel);48,6767000;6,2054000;4;BROT (Rond-Point Marcel);0.0;;1.0;1;0.0;1.0;0;0;1.0;;;1.0;0.0;1.0;30.0;Meurthe-et-Moselle;44;Grand Est
201900000741;138Â 305Â 183;B01;1.0;1;2.0;1.0;1966.0;0.0;2.0;0.0;;;0;;;1.0;33.0;0.0;2.0;0.0;0.0;1.0;;20;9;2019;18:40;2.0;54;54395;2;6.0;1.0;3.0;BROT (Rond-Point Marcel);48,6767000;6,2054000;4;BROT (Rond-Point Marcel);0.0;;1.0;1;0.0;1.0;0;0;1.0;;;1.0;0.0;1.0;30.0;Meurthe-et-Moselle;44;Grand Est
201900000742;138Â 305Â 181;Z01;10.0;3;2.0;1.0;2012.0;0.0;8.0;0.0;;3.0;3;2.0;;1.0;7.0;0.0;1.0;0.0;0.0;1.0;;20;9;2019;16:50;1.0;54;54547;2;1.0;1.0;7.0;HOLLANDE (RUE DE);48,6626220;6,1815450;4;HOLLANDE (RUE DE);0.0;;1.0;2;0.0;1.0;0;0;1.0;;;1.0;0.0;1.0;50.0;Meurthe-et-Moselle;44;Grand Est
201900000742;138Â 305Â 181;Z01;10.0;3;1.0;1.0;1985.0;5.0;0.0;;;2.0;3;2.0;;1.0;7.0;0.0;1.0;0.0;0.0;1.0;;20;9;2019;16:50;1.0;54;54547;2;1.0;1.0;7.0;HOLLANDE (RUE DE);48,6626220;6,1815450;4;HOLLANDE (RUE DE);0.0;;1.0;2;0.0;1.0;0;0;1.0;;;1.0;0.0;1.0;50.0;Meurthe-et-Moselle;44;Grand Est
201900000743;138Â 305Â 180;A01;1.0;1;2.0;2.0;1932.0;5.0;1.0;8.0;;0.0;0;;;2.0;7.0;13.0;0.0;3.0;13.0;1.0;;19;9;2019;15:30;1.0;50;50203;1;1.0;1.0;6.0;VENTE (ROUTE DE LA);49,5977400; -1,5898000;3;122;0.0;;2.0;2;0.0;2.0;0;0;4.0;;;1.0;0.0;1.0;50.0;Manche;28;Normandie
201900000744;138Â 305Â 178;A01;2.0;2;2.0;1.0;2003.0;2.0;2.0;8.0;;0.0;0;;;0.0;2.0;0.0;2.0;1.0;1.0;1.0;;17;9;2019;10:20;1.0;50;50129;2;3.0;1.0;3.0;BREMERHAVEN (AVENUE DE);49,6310100; -1,6065100;4;BREMERHAVEN (AVENUE DE);0.0;;2.0;2;0.0;1.0;0;0;1.0;;;1.0;5.0;1.0;50.0;Manche;28;Normandie
201900000744;138Â 305Â 178;A01;1.0;1;2.0;1.0;2003.0;2.0;2.0;8.0;;0.0;0;;;0.0;2.0;0.0;2.0;1.0;1.0;1.0;;17;9;2019;10:20;1.0;50;50129;2;3.0;1.0;3.0;BREMERHAVEN (AVENUE DE);49,6310100; -1,6065100;4;BREMERHAVEN (AVENUE DE);0.0;;2.0;2;0.0;1.0;0;0;1.0;;;1.0;5.0;1.0;50.0;Manche;28;Normandie
201900000744;138Â 305Â 179;B01;1.0;1;1.0;2.0;1957.0;5.0;1.0;8.0;;0.0;0;;;0.0;7.0;0.0;2.0;5.0;15.0;1.0;;17;9;2019;10:20;1.0;50;50129;2;3.0;1.0;3.0;BREMERHAVEN (AVENUE DE);49,6310100; -1,6065100;4;BREMERHAVEN (AVENUE DE);0.0;;2.0;2;0.0;1.0;0;0;1.0;;;1.0;5.0;1.0;50.0;Manche;28;Normandie
201900000745;138Â 305Â 173;A01;1.0;1;1.0;1.0;1993.0;0.0;1.0;8.0;;;0;;;2.0;7.0;0.0;2.0;1.0;1.0;1.0;;19;9;2019;18:25;1.0;49;49007;1;1.0;1.0;4.0;ATLANTIQUE  AVENUE DE L';47,4693400; -0,5978000;3;323;0.0;;3.0;4;0.0;1.0;39;750;1.0;;;1.0;0.0;1.0;90.0;Maine-et-Loire;52;Pays de la Loire
201900000745;138Â 305Â 174;B01;1.0;1;2.0;2.0;1997.0;0.0;1.0;0.0;;;0;;;2.0;7.0;0.0;2.0;4.0;1.0;1.0;;19;9;2019;18:25;1.0;49;49007;1;1.0;1.0;4.0;ATLANTIQUE  AVENUE DE L';47,4693400; -0,5978000;3;323;0.0;;3.0;4;0.0;1.0;39;750;1.0;;;1.0;0.0;1.0;90.0;Maine-et-Loire;52;Pays de la Loire
201900000745;138Â 305Â 175;C01;2.0;2;2.0;2.0;2001.0;0.0;1.0;0.0;;;0;;;2.0;7.0;0.0;2.0;4.0;1.0;1.0;;19;9;2019;18:25;1.0;49;49007;1;1.0;1.0;4.0;ATLANTIQUE  AVENUE DE L';47,4693400; -0,5978000;3;323;0.0;;3.0;4;0.0;1.0;39;750;1.0;;;1.0;0.0;1.0;90.0;Maine-et-Loire;52;Pays de la Loire
201900000745;138Â 305Â 175;C01;1.0;1;1.0;1.0;1998.0;0.0;1.0;0.0;;;0;;;2.0;7.0;0.0;2.0;4.0;1.0;1.0;;19;9;2019;18:25;1.0;49;49007;1;1.0;1.0;4.0;ATLANTIQUE  AVENUE DE L';47,4693400; -0,5978000;3;323;0.0;;3.0;4;0.0;1.0;39;750;1.0;;;1.0;0.0;1.0;90.0;Maine-et-Loire;52;Pays de la Loire
201900000745;138Â 305Â 176;D01;1.0;1;1.0;2.0;1984.0;0.0;1.0;0.0;;;0;;;2.0;7.0;0.0;2.0;4.0;1.0;1.0;;19;9;2019;18:25;1.0;49;49007;1;1.0;1.0;4.0;ATLANTIQUE  AVENUE DE L';47,4693400; -0,5978000;3;323;0.0;;3.0;4;0.0;1.0;39;750;1.0;;;1.0;0.0;1.0;90.0;Maine-et-Loire;52;Pays de la Loire
201900000745;138Â 305Â 177;E01;2.0;2;2.0;2.0;1995.0;0.0;1.0;0.0;;;0;;;2.0;7.0;0.0;2.0;4.0;1.0;1.0;;19;9;2019;18:25;1.0;49;49007;1;1.0;1.0;4.0;ATLANTIQUE  AVENUE DE L';47,4693400; -0,5978000;3;323;0.0;;3.0;4;0.0;1.0;39;750;1.0;;;1.0;0.0;1.0;90.0;Maine-et-Loire;52;Pays de la Loire
201900000745;138Â 305Â 177;E01;1.0;1;1.0;2.0;1997.0;0.0;1.0;0.0;;;0;;;2.0;7.0;0.0;2.0;4.0;1.0;1.0;;19;9;2019;18:25;1.0;49;49007;1;1.0;1.0;4.0;ATLANTIQUE  AVENUE DE L';47,4693400; -0,5978000;3;323;0.0;;3.0;4;0.0;1.0;39;750;1.0;;;1.0;0.0;1.0;90.0;Maine-et-Loire;52;Pays de la Loire