Num_Acc;id_vehicule;num_veh;place;catu;grav;sexe;an_nais;trajet;secu1;secu2;secu3;locp;actp;etatp;id_usager;senc;catv;obs;obsm;choc;manv;motor;occutc;jour;mois;an;hrmn;lum;dep;com;agg;int;atm;col;adr;lat;long;catr;voie;v1;v2;circ;nbv;vosp;prof;pr;pr1;plan;lartpc;larrout;surf;infra;situ;vma;nom_departement;reg;nom_region
201900000746;138Â 305Â 171;A01;1.0;1;1.0;2.0;1945.0;0.0;1.0;8.0;;;0;;;1.0;7.0;0.0;2.0;2.0;1.0;0.0;;19;9;2019;11:20;1.0;49;49353;1;2.0;1.0;3.0;MARAICHERE CHEMIN;47,4454900; -0,4894600;4;MARAICHERE CHEMIN;0.0;;2.0;4;0.0;1.0;0;0;1.0;;;1.0;0.0;1.0;50.0;Maine-et-Loire;52;Pays de la Loire
201900000746;138Â 305Â 172;B01;1.0;1;3.0;1.0;1964.0;0.0;2.0;8.0;;;0;;;1.0;2.0;0.0;2.0;1.0;1.0;0.0;;19;9;2019;11:20;1.0;49;49353;1;2.0;1.0;3.0;MARAICHERE CHEMIN;47,4454900; -0,4894600;4;MARAICHERE CHEMIN;0.0;;2.0;4;0.0;1.0;0;0;1.0;;;1.0;0.0;1.0;50.0;Maine-et-Loire;52;Pays de la Loire
201900000747;138Â 305Â 169;A01;1.0;1;3.0;1.0;1999.0;0.0;2.0;0.0;;0.0;0;;;1.0;30.0;0.0;2.0;1.0;1.0;1.0;;20;9;2019;14:03;1.0;45;45285;2;1.0;1.0;1.0;RUE DES DIAMANTS;47,9215300;1,8769100;4;RUE DES DIAMANTS;0.0;;1.0;1;0.0;1.0;(1);(1);2.0;;;1.0;0.0;1.0;30.0;Loiret;24;Centre-Val de Loire
201900000748;138Â 305Â 168;A01;10.0;3;2.0;2.0;2000.0;2.0;8.0;0.0;;3.0;3;1.0;;2.0;7.0;0.0;1.0;1.0;16.0;1.0;;20;9;2019;07:40;1.0;45;45234;2;6.0;1.0;6.0;AV DES DROITS DE L'HOMME;47,9184534;1,9244942;4; AV DES DROITS DE L'HOMME;0.0;;1.0;2;0.0;1.0;(1);(1);1.0;;;1.0;0.0;1.0;50.0;Loiret;24;Centre-Val de Loire
201900000748;138Â 305Â 168;A01;1.0;1;1.0;1.0;1992.0;1.0;8.0;0.0;;0.0;0;;;2.0;7.0;0.0;1.0;1.0;16.0;1.0;;20;9;2019;07:40;1.0;45;45234;2;6.0;1.0;6.0;AV DES DROITS DE L'HOMME;47,9184534;1,9244942;4; AV DES DROITS DE L'HOMME;0.0;;1.0;2;0.0;1.0;(1);(1);1.0;;;1.0;0.0;1.0;50.0;Loiret;24;Centre-Val de Loire
201900000749;138Â 305Â 166;B01;1.0;1;3.0;1.0;1964.0;5.0;2.0;0.0;;;0;;;0.0;31.0;0.0;2.0;0.0;0.0;1.0;;20;9;2019;13:10;1.0;44;44109;2;2.0;1.0;3.0;RUE JEAN LOUIS DE GIRODET/ AVENUE CEZANNE;47,2258800; -1,5854700;4;;0.0;;2.0;0;0.0;1.0;1;0;1.0;;;1.0;0.0;1.0;50.0;Loire-Atlantique;52;Pays de la Loire
201900000749;138Â 305Â 167;A01;1.0;1;1.0;2.0;2001.0;2.0;1.0;0.0;;;0;;;0.0;7.0;0.0;2.0;1.0;26.0;1.0;;20;9;2019;13:10;1.0;44;44109;2;2.0;1.0;3.0;RUE JEAN LOUIS DE GIRODET/ AVENUE CEZANNE;47,2258800; -1,5854700;4;;0.0;;2.0;0;0.0;1.0;1;0;1.0;;;1.0;0.0;1.0;50.0;Loire-Atlantique;52;Pays de la Loire
201900000750;138Â 305Â 164;A01;1.0;1;1.0;1.0;1963.0;1.0;1.0;8.0;;0.0; -1;;;1.0;7.0;0.0;2.0;1.0;1.0;1.0;;18;9;2019;18:50;1.0;41;41018;2;1.0;1.0;3.0;D 766;47,5827000;1,2976000;3;766;0.0;;2.0;2;0.0;1.0;2;788;1.0;;;1.0;5.0;1.0;50.0;Loir-et-Cher;24;Centre-Val de Loire
201900000750;138Â 305Â 165;B01;1.0;1;2.0;1.0;1988.0;1.0;8.0;0.0;;; -1;;;1.0;1.0;0.0;2.0;1.0;19.0;5.0;;18;9;2019;18:50;1.0;41;41018;2;1.0;1.0;3.0;D 766;47,5827000;1,2976000;3;766;0.0;;2.0;2;0.0;1.0;2;788;1.0;;;1.0;5.0;1.0;50.0;Loir-et-Cher;24;Centre-Val de Loire
201900000751;138Â 305Â 163;A01;10.0;3;2.0;2.0;2006.0;2.0;8.0;0.0;;1.0;3;1.0;;3.0;7.0;0.0;1.0;1.0;26.0;1.0;;20;9;2019;16:50;1.0;38;38151;2;1.0;1.0;6.0;AVENUE DE GRUGLIASCO;45,1497500;5,7188400;3;269;0.0;Z;2.0;1;0.0;1.0;1;490;1.0;;;1.0;0.0;1.0;30.0;Isère;84;Auvergne-Rhône-Alpes
201900000751;138Â 305Â 163;A01;1.0;1;1.0;1.0;1948.0;0.0;1.0;0.0;;; -1;;;3.0;7.0;0.0;1.0;1.0;26.0;1.0;;20;9;2019;16:50;1.0;38;38151;2;1.0;1.0;6.0;AVENUE DE GRUGLIASCO;45,1497500;5,7188400;3;269;0.0;Z;2.0;1;0.0;1.0;1;490;1.0;;;1.0;0.0;1.0;30.0;Isère;84;Auvergne-Rhône-Alpes
201900000752;138Â 305Â 161;B01;1.0;1;2.0;1.0;1956.0;5.0;2.0;6.0;;; -1;;;1.0;33.0;0.0;6.0;1.0;1.0;1.0;;20;9;2019;13:24;1.0;38;38185;1;1.0;1.0;6.0;AUTOROUTE A 480;45,2116424;5,6850037;1;480;0.0;;1.0;2;0.0;1.0;1;0;1.0;;;1.0;3.0;1.0;70.0;Isère;84;Auvergne-Rhône-Alpes
201900000752;138Â 305Â 162;A01;1.0;1;1.0;1.0;1998.0;4.0;1.0;0.0;;; -1;;;1.0;10.0;0.0;0.0;0.0;17.0;1.0;;20;9;2019;13:24;1.0;38;38185;1;1.0;1.0;6.0;AUTOROUTE A 480;45,2116424;5,6850037;1;480;0.0;;1.0;2;0.0;1.0;1;0;1.0;;;1.0;3.0;1.0;70.0;Isère;84;Auvergne-Rhône-Alpes
201900000753;138Â 305Â 160;A01;10.0;3;3.0;1.0;1995.0;0.0;8.0;0.0;;2.0;3;1.0;;3.0;7.0;0.0;1.0;1.0;1.0;1.0;;20;9;2019;12:20;1.0;38;38185;2;1.0;1.0;6.0;PLACE DOCTEUR GIRARD;45,1970000;5,7369100;7;PLACE DOCTEUR GIRARD;0.0;;1.0;2;0.0;1.0;0;0;2.0;;;1.0;0.0;1.0;30.0;Isère;84;Auvergne-Rhône-Alpes
201900000753;138Â 305Â 160;A01;1.0;1;1.0;1.0;1995.0;0.0;1.0;0.0;;; -1;;;3.0;7.0;0.0;1.0;1.0;1.0;1.0;;20;9;2019;12:20;1.0;38;38185;2;1.0;1.0;6.0;PLACE DOCTEUR GIRARD;45,1970000;5,7369100;7;PLACE DOCTEUR GIRARD;0.0;;1.0;2;0.0;1.0;0;0;2.0;;;1.0;0.0;1.0;30.0;Isère;84;Auvergne-Rhône-Alpes
201900000754;138Â 305Â 158;A01;1.0;1;1.0;2.0;1968.0;3.0;1.0;8.0;;;0;;;2.0;7.0;0.0;2.0;1.0;1.0;1.0;;20;9;2019;11:45;1.0;37;37261;2;1.0;1.0;2.0;CHATEAUNEUF (RUE);47,3933850;0,6831078;4;CHATEAUNEUF (RUE);0.0;;1.0;1;0.0;1.0;0;0;1.0;;;1.0;0.0;2.0;30.0;Indre-et-Loire;24;Centre-Val de Loire
201900000754;138Â 305Â 159;B01;1.0;1;2.0;1.0;1946.0;3.0;1.0;0.0;;;0;;;1.0;7.0;0.0;2.0;4.0;1.0;0.0;;20;9;2019;11:45;1.0;37;37261;2;1.0;1.0;2.0;CHATEAUNEUF (RUE);47,3933850;0,6831078;4;CHATEAUNEUF (RUE);0.0;;1.0;1;0.0;1.0;0;0;1.0;;;1.0;0.0;2.0;30.0;Indre-et-Loire;24;Centre-Val de Loire
201900000755;138Â 305Â 156;B01;2.0;2;2.0;2.0;2003.0;5.0;1.0;8.0;;;0;;;1.0;7.0;0.0;2.0;6.0;1.0;0.0;;20;9;2019;23:40;3.0;35;35238;1;1.0;1.0;2.0;RN136;48,1144020; -1,7189010;2;136;0.0;;3.0;4;0.0;2.0;15;0;1.0;;;1.0;3.0;1.0;90.0;Ille-et-Vilaine;53;Bretagne
201900000755;138Â 305Â 156;B01;1.0;1;2.0;2.0;1970.0;5.0;1.0;8.0;;;0;;;1.0;7.0;0.0;2.0;6.0;1.0;0.0;;20;9;2019;23:40;3.0;35;35238;1;1.0;1.0;2.0;RN136;48,1144020; -1,7189010;2;136;0.0;;3.0;4;0.0;2.0;15;0;1.0;;;1.0;3.0;1.0;90.0;Ille-et-Vilaine;53;Bretagne
201900000756;138Â 305Â 155;A01;10.0;3;2.0;1.0;1972.0;5.0;8.0;0.0;;4.0;3;1.0;;3.0;2.0;0.0;1.0;1.0;9.0;1.0;;20;9;2019;17:20;1.0;35;35238;2;1.0;7.0;6.0;ISLY (RUE D');48,1050900; -1,6774900;4;ISLY (RUE D');0.0;;2.0;2;0.0;1.0;0;0;1.0;;;1.0;0.0;1.0;50.0;Ille-et-Vilaine;53;Bretagne
201900000757;138Â 305Â 153;A01;1.0;1;1.0;2.0;1970.0;1.0;1.0;0.0;;; -1;;;3.0;7.0;0.0;2.0;1.0;9.0;1.0;;20;9;2019;09:04;1.0;35;35238;2;1.0;1.0;3.0;PARIS (RUE DE);48,1127080; -1,6643330;4;PARIS (RUE DE);0.0;;1.0;1;0.0;1.0;0;0;2.0;;;1.0;0.0;1.0;50.0;Ille-et-Vilaine;53;Bretagne
201900000757;138Â 305Â 154;B01;1.0;1;3.0;1.0;1994.0;1.0;2.0;6.0;;; -1;;;3.0;31.0;0.0;2.0;7.0;1.0;1.0;;20;9;2019;09:04;1.0;35;35238;2;1.0;1.0;3.0;PARIS (RUE DE);48,1127080; -1,6643330;4;PARIS (RUE DE);0.0;;1.0;1;0.0;1.0;0;0;2.0;;;1.0;0.0;1.0;50.0;Ille-et-Vilaine;53;Bretagne
201900000758;138Â 305Â 151;B01;2.0;2;1.0;2.0;1993.0;9.0;1.0;0.0;;;0;;;1.0;7.0;0.0;2.0;7.0;16.0;1.0;;19;9;2019;20:55;5.0;35;35238;2;3.0;1.0;3.0;VOLCLAIR (BD LOUIS);48,0883990; -1,6651830;4;VOLCLAIR (BD LOUIS);0.0;;2.0;4;1.0;1.0;0;0;1.0;;;1.0;0.0;1.0;50.0;Ille-et-Vilaine;53;Bretagne
201900000758;138Â 305Â 151;B01;1.0;1;1.0;1.0;1970.0;9.0;1.0;0.0;;; -1;;;1.0;7.0;0.0;2.0;7.0;16.0;1.0;;19;9;2019;20:55;5.0;35;35238;2;3.0;1.0;3.0;VOLCLAIR (BD LOUIS);48,0883990; -1,6651830;4;VOLCLAIR (BD LOUIS);0.0;;2.0;4;1.0;1.0;0;0;1.0;;;1.0;0.0;1.0;50.0;Ille-et-Vilaine;53;Bretagne
201900000758;138Â 305Â 152;A01;1.0;1;3.0;1.0;1996.0;4.0;2.0;0.0;;; -1;;;3.0;30.0;15.0;2.0;1.0;26.0;1.0;;19;9;2019;20:55;5.0;35;35238;2;3.0;1.0;3.0;VOLCLAIR (BD LOUIS);48,0883990; -1,6651830;4;VOLCLAIR (BD LOUIS);0.0;;2.0;4;1.0;1.0;0;0;1.0;;;1.0;0.0;1.0;50.0;Ille-et-Vilaine;53;Bretagne
201900000759;138Â 305Â 150;A01;10.0;3;2.0;1.0;1956.0;9.0;8.0;0.0;;2.0;3;1.0;;1.0;7.0;0.0;1.0;1.0;9.0;1.0;;19;9;2019;15:29;1.0;35;35238;2;1.0;1.0;6.0;SAINT-MALO (RUE DE);48,1180100; -1,6806700;4;SAINT-MALO (RUE DE);0.0;;;2;0.0;1.0;0;0;1.0;;;1.0;9.0;1.0;50.0;Ille-et-Vilaine;53;Bretagne
201900000759;138Â 305Â 150;A01;1.0;1;1.0;1.0;1956.0;9.0;1.0;0.0;;; -1;;;1.0;7.0;0.0;1.0;1.0;9.0;1.0;;19;9;2019;15:29;1.0;35;35238;2;1.0;1.0;6.0;SAINT-MALO (RUE DE);48,1180100; -1,6806700;4;SAINT-MALO (RUE DE);0.0;;;2;0.0;1.0;0;0;1.0;;;1.0;9.0;1.0;50.0;Ille-et-Vilaine;53;Bretagne
201900000760;138Â 305Â 148;B01;1.0;1;1.0;2.0;1978.0;9.0;1.0;8.0;;0.0;0;;;2.0;7.0;0.0;2.0;3.0;1.0;1.0;;20;9;2019;15:00;1.0;34;34172;2;1.0;1.0;3.0;VALLOIS (RUE PROFESSEUR LEON);43,6144100;3,8838000;4;VALLOIS (RUE PROFESSEUR LEON);0.0;;1.0;2;0.0;1.0;(1);(1);1.0;;;1.0;0.0;1.0;50.0;Hérault;76;Occitanie
201900000760;138Â 305Â 149;A01;10.0;3;2.0;2.0;1998.0;5.0;8.0;0.0;;9.0;B;1.0;;2.0;60.0;0.0;2.0;7.0;19.0;5.0;;20;9;2019;15:00;1.0;34;34172;2;1.0;1.0;3.0;VALLOIS (RUE PROFESSEUR LEON);43,6144100;3,8838000;4;VALLOIS (RUE PROFESSEUR LEON);0.0;;1.0;2;0.0;1.0;(1);(1);1.0;;;1.0;0.0;1.0;50.0;Hérault;76;Occitanie
201900000761;138Â 305Â 147;A01;1.0;1;3.0;1.0;1998.0;0.0;2.0;6.0;;0.0;0;;;1.0;33.0;0.0;1.0;1.0;1.0;1.0;;20;9;2019;02:20;5.0;34;34172;2;2.0;1.0;6.0;FLAHAULT (AVENUE CHARLES;43,6237700;3,8621700;4;FLAHAULT (AVENUE CHARLES;0.0;;2.0;4;0.0;1.0;(1);(1);1.0;;;1.0;0.0;1.0;50.0;Hérault;76;Occitanie
201900000761;138Â 305Â 147;A01;10.0;3;2.0;1.0;1998.0;0.0;8.0;0.0;;9.0;B;1.0;;1.0;33.0;0.0;1.0;1.0;1.0;1.0;;20;9;2019;02:20;5.0;34;34172;2;2.0;1.0;6.0;FLAHAULT (AVENUE CHARLES;43,6237700;3,8621700;4;FLAHAULT (AVENUE CHARLES;0.0;;2.0;4;0.0;1.0;(1);(1);1.0;;;1.0;0.0;1.0;50.0;Hérault;76;Occitanie
201900000762;138Â 305Â 145;B01;1.0;1;3.0;1.0;1984.0;1.0;2.0;8.0;;0.0;0;;;2.0;34.0;0.0;2.0;7.0;0.0;1.0;;18;9;2019;10:40;1.0;34;34032;2;1.0;1.0;3.0;VERDUN (BD DE);43,3363800;3,2218300;4;VERDUN (BD DE);0.0;;2.0;3;0.0;2.0;(1);(1);1.0;;;1.0;0.0;1.0;50.0;Hérault;76;Occitanie
201900000762;138Â 305Â 146;A01;1.0;1;1.0;1.0;1949.0;5.0;1.0;8.0;;0.0;0;;;2.0;7.0;0.0;2.0;2.0;9.0;1.0;;18;9;2019;10:40;1.0;34;34032;2;1.0;1.0;3.0;VERDUN (BD DE);43,3363800;3,2218300;4;VERDUN (BD DE);0.0;;2.0;3;0.0;2.0;(1);(1);1.0;;;1.0;0.0;1.0;50.0;Hérault;76;Occitanie
201900000763;138Â 305Â 143;A01;1.0;1;2.0;1.0;1950.0;5.0;8.0;0.0;;; -1;;;1.0;7.0;0.0;2.0;2.0;15.0;1.0;;20;9;2019;12:18;1.0;33;33065;2;2.0;1.0;3.0;QUAI DE LA SOUYS;44,8149100; -0,5275800;4;QUAI DE LA SOUYS;0.0;;2.0;5;0.0;1.0;0;0;1.0;;;1.0;0.0;1.0;50.0;Gironde;75;Nouvelle-Aquitaine
201900000763;138Â 305Â 143;A01;2.0;2;2.0;2.0;1949.0;0.0;8.0;0.0;;; -1;;;1.0;7.0;0.0;2.0;2.0;15.0;1.0;;20;9;2019;12:18;1.0;33;33065;2;2.0;1.0;3.0;QUAI DE LA SOUYS;44,8149100; -0,5275800;4;QUAI DE LA SOUYS;0.0;;2.0;5;0.0;1.0;0;0;1.0;;;1.0;0.0;1.0;50.0;Gironde;75;Nouvelle-Aquitaine
201900000763;138Â 305Â 143;A01;3.0;2;2.0;2.0;1950.0;0.0;8.0;0.0;;; -1;;;1.0;7.0;0.0;2.0;2.0;15.0;1.0;;20;9;2019;12:18;1.0;33;33065;2;2.0;1.0;3.0;QUAI DE LA SOUYS;44,8149100; -0,5275800;4;QUAI DE LA SOUYS;0.0;;2.0;5;0.0;1.0;0;0;1.0;;;1.0;0.0;1.0;50.0;Gironde;75;Nouvelle-Aquitaine
201900000763;138Â 305Â 144;B01;1.0;1;4.0;1.0;1972.0;0.0;8.0;0.0;;; -1;;;2.0;33.0;0.0;2.0;1.0;1.0;1.0;;20;9;2019;12:18;1.0;33;33065;2;2.0;1.0;3.0;QUAI DE LA SOUYS;44,8149100; -0,5275800;4;QUAI DE LA SOUYS;0.0;;2.0;5;0.0;1.0;0;0;1.0;;;1.0;0.0;1.0;50.0;Gironde;75;Nouvelle-Aquitaine
201900000764;138Â 305Â 141;A01;1.0;1;2.0;2.0;1969.0;0.0;8.0;0.0;;; -1;;;1.0;1.0;0.0;2.0;8.0;1.0;5.0;;20;9;2019;14:20;1.0;33;33550;2;1.0;1.0;3.0;CHEM DE LEYSOTTE;44,7993100; -0,5769100;4;CHEM DE LEYSOTTE;0.0;;2.0;2;0.0;1.0;0;0;1.0;;;1.0;0.0;1.0;50.0;Gironde;75;Nouvelle-Aquitaine
201900000765;138Â 305Â 140;A01;1.0;1;2.0;1.0;1998.0;0.0;8.0;0.0;;; -1;;;1.0;1.0;1.0;0.0;1.0;1.0;5.0;;20;9;2019;12:15;1.0;33;33063;2;1.0;1.0;6.0;79 COURS DE QUEBEC;44,8821200; -0,5699800;4;COURS DE QUEBEC;0.0;;3.0;4;2.0;1.0;0;0;1.0;;;1.0;0.0;1.0;50.0;Gironde;75;Nouvelle-Aquitaine
201900000766;138Â 305Â 138;A01;1.0;1;2.0;1.0;2003.0;0.0;2.0;0.0;;; -1;;;0.0;2.0;0.0;2.0;1.0;1.0;1.0;;20;9;2019;08:50;1.0;33;33167;2;6.0;1.0;3.0;AVE DU PDT FRANCOIS MITTERRAND;44,8430300; -0,5112700;4;AVE DU PDT FRANCOIS MITTERRAND;0.0;;2.0;2;0.0;3.0;0;0;1.0;;;1.0;0.0;1.0;50.0;Gironde;75;Nouvelle-Aquitaine
201900000766;138Â 305Â 139;B01;1.0;1;1.0;2.0;1981.0;2.0;1.0;0.0;;; -1;;;0.0;7.0;0.0;2.0;6.0;1.0;1.0;;20;9;2019;08:50;1.0;33;33167;2;6.0;1.0;3.0;AVE DU PDT FRANCOIS MITTERRAND;44,8430300; -0,5112700;4;AVE DU PDT FRANCOIS MITTERRAND;0.0;;2.0;2;0.0;3.0;0;0;1.0;;;1.0;0.0;1.0;50.0;Gironde;75;Nouvelle-Aquitaine
201900000767;138Â 305Â 137;A01;1.0;1;2.0;1.0;2001.0;0.0;8.0;0.0;;; -1;;;2.0;30.0;0.0;0.0;0.0;0.0;1.0;;20;9;2019;00:40;5.0;33;33075;2;3.0;1.0;7.0;AQUITAINE (AVE D);44,8744200; -0,6007900;4;AQUITAINE (AVE D);0.0;;3.0;5;0.0;1.0;0;0;1.0;;;1.0;0.0;1.0;50.0;Gironde;75;Nouvelle-Aquitaine
201900000768;138Â 305Â 135;A01;1.0;1;2.0;1.0;2004.0;0.0;8.0;0.0;;; -1;;;1.0;30.0;0.0;0.0;1.0;1.0;0.0;;19;9;2019;16:05;1.0;33;33200;2;3.0;1.0;3.0;RUE DU MEDOC;44,8866600; -0,6745500;4;RUE DU MEDOC;0.0;;2.0;0;0.0;1.0;0;0;1.0;;;1.0;0.0;1.0;30.0;Gironde;75;Nouvelle-Aquitaine
201900000768;138Â 305Â 136;B01;1.0;1;1.0;1.0;2004.0;0.0;8.0;0.0;;; -1;;;1.0;32.0;0.0;2.0;3.0;1.0;1.0;;19;9;2019;16:05;1.0;33;33200;2;3.0;1.0;3.0;RUE DU MEDOC;44,8866600; -0,6745500;4;RUE DU MEDOC;0.0;;2.0;0;0.0;1.0;0;0;1.0;;;1.0;0.0;1.0;30.0;Gironde;75;Nouvelle-Aquitaine
201900000769;138Â 305Â 133;A01;1.0;1;3.0;2.0;1993.0;1.0;2.0;0.0;;; -1;;;2.0;30.0;0.0;2.0;1.0;1.0;1.0;;19;9;2019;08:30;1.0;33;33063;2;2.0;1.0;3.0;RUE POMME D'OR / RUE BORIE;44,8547000; -0,5698770;4;RUE BORIE;0.0;;1.0;1;0.0;1.0;(1);(1);1.0;;;1.0;0.0;1.0;20.0;Gironde;75;Nouvelle-Aquitaine
201900000769;138Â 305Â 134;B01;1.0;1;1.0;1.0;1982.0;4.0;1.0;0.0;;;0;;;1.0;10.0;0.0;2.0;3.0;1.0;1.0;;19;9;2019;08:30;1.0;33;33063;2;2.0;1.0;3.0;RUE POMME D'OR / RUE BORIE;44,8547000; -0,5698770;4;RUE BORIE;0.0;;1.0;1;0.0;1.0;(1);(1);1.0;;;1.0;0.0;1.0;20.0;Gironde;75;Nouvelle-Aquitaine
201900000770;138Â 305Â 132;A01;1.0;1;4.0;1.0;1998.0;5.0;8.0;0.0;;; -1;;;1.0;2.0;8.0;0.0;1.0;1.0;1.0;;19;9;2019;05:30;5.0;33;33063;2;1.0;1.0;6.0;QUAI RICHELIEU;44,8382100; -0,5671000;4;QUAI RICHELIEU;0.0;;3.0;11;0.0;1.0;0;0;1.0;;;1.0;0.0;1.0;50.0;Gironde;75;Nouvelle-Aquitaine
201900000771;138Â 305Â 130;B01;1.0;1;1.0;1.0;1949.0;5.0;1.0;8.0;;;0;;;2.0;7.0;0.0;2.0;2.0;15.0;1.0;;19;9;2019;16:15;1.0;31;31555;2;1.0;1.0;3.0;FAUBOURG BONNEFOY (RUE DU) DU 1AU 231;43,6160000;1,4531700;3;188;0.0;;2.0;3;0.0;1.0;0;0;1.0;;;1.0;0.0;1.0;50.0;Haute-Garonne;76;Occitanie
201900000771;138Â 305Â 131;A01;1.0;1;3.0;2.0;1965.0;9.0;2.0;8.0;;;0;;;1.0;1.0;0.0;2.0;1.0;1.0;5.0;;19;9;2019;16:15;1.0;31;31555;2;1.0;1.0;3.0;FAUBOURG BONNEFOY (RUE DU) DU 1AU 231;43,6160000;1,4531700;3;188;0.0;;2.0;3;0.0;1.0;0;0;1.0;;;1.0;0.0;1.0;50.0;Haute-Garonne;76;Occitanie
201900000772;138Â 305Â 128;A01;1.0;1;1.0;2.0;1962.0;1.0;1.0;0.0;;;0;;;2.0;7.0;0.0;2.0;1.0;9.0;1.0;;19;9;2019;18:25;1.0;26;26252;1;2.0;1.0;3.0;RN7 DEV PLV AVENUE DU PORT;44,8788800;4,8666000;2;7;0.0;;2.0;2;0.0;1.0;50;1120;1.0;;;1.0;0.0;1.0;70.0;Drôme;84;Auvergne-Rhône-Alpes
201900000772;138Â 305Â 129;B01;2.0;2;1.0;2.0;1946.0;5.0;1.0;0.0;;;0;;;1.0;7.0;0.0;2.0;6.0;1.0;1.0;;19;9;2019;18:25;1.0;26;26252;1;2.0;1.0;3.0;RN7 DEV PLV AVENUE DU PORT;44,8788800;4,8666000;2;7;0.0;;2.0;2;0.0;1.0;50;1120;1.0;;;1.0;0.0;1.0;70.0;Drôme;84;Auvergne-Rhône-Alpes
201900000772;138Â 305Â 129;B01;1.0;1;4.0;1.0;1947.0;5.0;1.0;0.0;;;0;;;1.0;7.0;0.0;2.0;6.0;1.0;1.0;;19;9;2019;18:25;1.0;26;26252;1;2.0;1.0;3.0;RN7 DEV PLV AVENUE DU PORT;44,8788800;4,8666000;2;7;0.0;;2.0;2;0.0;1.0;50;1120;1.0;;;1.0;0.0;1.0;70.0;Drôme;84;Auvergne-Rhône-Alpes
201900000773;138Â 305Â 126;A01;1.0;1;1.0;1.0;1982.0;4.0;1.0;8.0;;0.0;0;;;2.0;7.0;0.0;2.0;7.0;15.0;1.0;;18;9;2019;12:00;1.0;26;26198;2;1.0;1.0;2.0;SAINT GERVAIS (Route);44,5556800;4,7609800;3;128;0.0;;2.0;2;0.0;1.0;2;559;1.0;;;1.0;0.0;1.0;50.0;Drôme;84;Auvergne-Rhône-Alpes
201900000773;138Â 305Â 127;B01;1.0;1;3.0;2.0;2002.0;2.0;2.0;6.0;;0.0;0;;;2.0;30.0;0.0;2.0;1.0;1.0;1.0;;18;9;2019;12:00;1.0;26;26198;2;1.0;1.0;2.0;SAINT GERVAIS (Route);44,5556800;4,7609800;3;128;0.0;;2.0;2;0.0;1.0;2;559;1.0;;;1.0;0.0;1.0;50.0;Drôme;84;Auvergne-Rhône-Alpes
201900000774;138Â 305Â 124;A01;1.0;1;2.0;1.0;1943.0;5.0;2.0;0.0;;0.0;0;;;1.0;1.0;0.0;2.0;0.0;1.0;5.0;;15;9;2019;11:00;1.0;22;22278;2;2.0;1.0;3.0;Bd de l'Atlantique;48,5194100; -2,7882680;4;Bd de L'Atlantique;0.0;;;2;0.0;1.0;(1);(1);1.0;;;1.0;0.0;1.0;50.0;Côtes-d'Armor;53;Bretagne
201900000774;138Â 305Â 125;B01;1.0;1;1.0;1.0;2008.0;5.0;2.0;8.0;;0.0;0;;;2.0;1.0;0.0;2.0;1.0;15.0;0.0;;15;9;2019;11:00;1.0;22;22278;2;2.0;1.0;3.0;Bd de l'Atlantique;48,5194100; -2,7882680;4;Bd de L'Atlantique;0.0;;;2;0.0;1.0;(1);(1);1.0;;;1.0;0.0;1.0;50.0;Côtes-d'Armor;53;Bretagne
201900000775;138Â 305Â 122;A01;1.0;1;3.0;1.0;2001.0;2.0;1.0;8.0;;0.0;0;;;3.0;7.0;0.0;2.0;1.0;13.0;1.0;;19;9;2019;07:35;1.0;22;22113;1;1.0;1.0;1.0;R.D.767;48,7449200; -3,4454000;3;767;0.0;;2.0;2;0.0;1.0;54;1232;1.0;;;1.0;0.0;1.0;80.0;Côtes-d'Armor;53;Bretagne
201900000775;138Â 305Â 123;B01;1.0;1;3.0;1.0;1959.0;1.0;1.0;8.0;;0.0;0;;;0.0;7.0;0.0;2.0;1.0;1.0;1.0;;19;9;2019;07:35;1.0;22;22113;1;1.0;1.0;1.0;R.D.767;48,7449200; -3,4454000;3;767;0.0;;2.0;2;0.0;1.0;54;1232;1.0;;;1.0;0.0;1.0;80.0;Côtes-d'Armor;53;Bretagne
201900000776;138Â 305Â 118;B01;1.0;1;3.0;1.0;1974.0;1.0;2.0;8.0;;; -1;;;3.0;33.0;0.0;0.0;0.0;0.0;1.0;;18;9;2019;07:45;1.0;18;18033;2;1.0;1.0;6.0;SEMARD (AVENUE PIERRE);47,0938500;2,3959600;4;SEMARD (AVENUE PIERRE);0.0;;2.0;2;0.0;1.0;0;0;3.0;;;1.0;0.0;1.0;50.0;Cher;24;Centre-Val de Loire
201900000776;138Â 305Â 119;A01;1.0;1;1.0;1.0;1973.0;9.0;1.0;0.0;;; -1;;;3.0;7.0;0.0;2.0;7.0;15.0;1.0;;18;9;2019;07:45;1.0;18;18033;2;1.0;1.0;6.0;SEMARD (AVENUE PIERRE);47,0938500;2,3959600;4;SEMARD (AVENUE PIERRE);0.0;;2.0;2;0.0;1.0;0;0;3.0;;;1.0;0.0;1.0;50.0;Cher;24;Centre-Val de Loire
201900000777;138Â 305Â 116;B01;1.0;1;2.0;2.0;2002.0;2.0;2.0;6.0;;; -1;;;1.0;2.0;0.0;2.0;1.0;16.0;1.0;;19;9;2019;12:05;1.0;16;16102;2;2.0;1.0;3.0;Rue Dupuy;45,6971900; -0,3228500;4;rue DUPUY;0.0;;2.0;2;0.0;3.0;0;0;1.0;0.0;5.8;1.0;0.0;1.0;50.0;Charente;75;Nouvelle-Aquitaine