Num_Acc;id_vehicule;num_veh;place;catu;grav;sexe;an_nais;trajet;secu1;secu2;secu3;locp;actp;etatp;id_usager;senc;catv;obs;obsm;choc;manv;motor;occutc;jour;mois;an;hrmn;lum;dep;com;agg;int;atm;col;adr;lat;long;catr;voie;v1;v2;circ;nbv;vosp;prof;pr;pr1;plan;lartpc;larrout;surf;infra;situ;vma;nom_departement;reg;nom_region
201900000777;138Â 305Â 117;A01;1.0;1;1.0;2.0;1985.0;5.0;1.0;8.0;;; -1;;;2.0;7.0;0.0;2.0;2.0;1.0;1.0;;19;9;2019;12:05;1.0;16;16102;2;2.0;1.0;3.0;Rue Dupuy;45,6971900; -0,3228500;4;rue DUPUY;0.0;;2.0;2;0.0;3.0;0;0;1.0;0.0;5.8;1.0;0.0;1.0;50.0;Charente;75;Nouvelle-Aquitaine
201900000778;138Â 305Â 114;B01;1.0;1;1.0;1.0;1963.0;;1.0;;;0.0;0;;;1.0;7.0;0.0;0.0;4.0;1.0;;;20;9;2019;18:40;1.0;14;14118;2;1.0;1.0;1.0;CONQUERANT (RUE GUILLAUME LE);49,1822400; -0,3728900;4; CONQUERANT (RUE GUILLAUME LE);;;2.0;;;1.0;(1);(1);1.0;;;1.0;0.0;1.0;;Calvados;28;Normandie
201900000778;138Â 305Â 115;A01;1.0;1;2.0;1.0;1995.0;;2.0;6.0;;0.0;0;;;1.0;33.0;0.0;2.0;1.0;1.0;1.0;;20;9;2019;18:40;1.0;14;14118;2;1.0;1.0;1.0;CONQUERANT (RUE GUILLAUME LE);49,1822400; -0,3728900;4; CONQUERANT (RUE GUILLAUME LE);;;2.0;;;1.0;(1);(1);1.0;;;1.0;0.0;1.0;;Calvados;28;Normandie
201900000779;138Â 305Â 113;B01;1.0;1;3.0;1.0;2005.0;3.0;8.0;0.0;;; -1;;;1.0;1.0;0.0;2.0;8.0;1.0;5.0;;20;9;2019;17:30;1.0;13;13216;2;1.0;1.0;3.0;HENRI BARNIER (BOULEVARD);43,3700548;5,3460178;3;5;0.0;A;;0;0.0;2.0;0;0;2.0;;;1.0;0.0;1.0;50.0;Bouches-du-Rhône;93;Provence-Alpes-Côte d'Azur
201900000780;138Â 305Â 110;B01;1.0;1;3.0;1.0;1994.0;4.0;2.0;0.0;;; -1;;;1.0;34.0;0.0;2.0;1.0;1.0;1.0;;20;9;2019;13:45;1.0;13;13214;2;1.0;1.0;3.0;PLOMBIERES (BOULEVARD DES);43,3187300;5,3791400;4;PLOMBIERES (BOULEVARD DES);0.0;;3.0;4;0.0;1.0;0;0;1.0;;;1.0;2.0;1.0;50.0;Bouches-du-Rhône;93;Provence-Alpes-Côte d'Azur
201900000780;138Â 305Â 111;A01;1.0;1;1.0;1.0;1971.0;5.0;1.0;0.0;;; -1;;;1.0;7.0;0.0;2.0;7.0;15.0;1.0;;20;9;2019;13:45;1.0;13;13214;2;1.0;1.0;3.0;PLOMBIERES (BOULEVARD DES);43,3187300;5,3791400;4;PLOMBIERES (BOULEVARD DES);0.0;;3.0;4;0.0;1.0;0;0;1.0;;;1.0;2.0;1.0;50.0;Bouches-du-Rhône;93;Provence-Alpes-Côte d'Azur
201900000781;138Â 305Â 108;A01;1.0;1;2.0;2.0;1967.0;2.0;1.0;0.0;;; -1;;;1.0;7.0;0.0;2.0;2.0;26.0;1.0;;20;9;2019;14:35;1.0;13;13205;2;1.0;1.0;3.0;JEANNE D'ARC (BOULEVARD);43,2933770;5,4034935;4;JEANNE D'ARC (BOULEVARD);0.0;;2.0;2;0.0;1.0;0;0;1.0;;;1.0;0.0;1.0;50.0;Bouches-du-Rhône;93;Provence-Alpes-Côte d'Azur
201900000781;138Â 305Â 109;B01;1.0;1;1.0;1.0;1955.0;0.0;1.0;0.0;;; -1;;;2.0;7.0;0.0;2.0;1.0;1.0;1.0;;20;9;2019;14:35;1.0;13;13205;2;1.0;1.0;3.0;JEANNE D'ARC (BOULEVARD);43,2933770;5,4034935;4;JEANNE D'ARC (BOULEVARD);0.0;;2.0;2;0.0;1.0;0;0;1.0;;;1.0;0.0;1.0;50.0;Bouches-du-Rhône;93;Provence-Alpes-Côte d'Azur
201900000782;138Â 305Â 106;A01;1.0;1;2.0;1.0;1966.0;1.0;2.0;6.0;;; -1;;;1.0;33.0;0.0;2.0;1.0;26.0;1.0;;20;9;2019;12:00;1.0;13;13206;2;1.0;1.0;3.0;PAUL PEYTRAL (BOULEVARD);43,2906500;5,3802100;4;PAUL PEYTRAL (BOULEVARD);0.0;;2.0;3;3.0;1.0;0;0;1.0;;;1.0;9.0;1.0;50.0;Bouches-du-Rhône;93;Provence-Alpes-Côte d'Azur
201900000782;138Â 305Â 107;B01;1.0;1;1.0;1.0;1978.0;9.0;1.0;0.0;;;0;;;2.0;7.0;0.0;6.0;8.0;26.0;1.0;;20;9;2019;12:00;1.0;13;13206;2;1.0;1.0;3.0;PAUL PEYTRAL (BOULEVARD);43,2906500;5,3802100;4;PAUL PEYTRAL (BOULEVARD);0.0;;2.0;3;3.0;1.0;0;0;1.0;;;1.0;9.0;1.0;50.0;Bouches-du-Rhône;93;Provence-Alpes-Côte d'Azur
201900000783;138Â 305Â 104;A01;1.0;1;1.0;2.0;1972.0;0.0;1.0;0.0;;;0;;;2.0;7.0;0.0;2.0;2.0;1.0;1.0;;20;9;2019;13:05;1.0;13;13205;2;2.0;1.0;3.0;SAKAKINI (BOULEVARD);43,2957754;5,4004711;4;SAKAKINI (BOULEVARD);0.0;;;2;0.0;1.0;0;0;1.0;;;1.0;0.0;1.0;50.0;Bouches-du-Rhône;93;Provence-Alpes-Côte d'Azur
201900000783;138Â 305Â 105;B01;1.0;1;2.0;1.0;1962.0;5.0;1.0;0.0;;; -1;;;2.0;7.0;0.0;2.0;1.0;9.0;1.0;;20;9;2019;13:05;1.0;13;13205;2;2.0;1.0;3.0;SAKAKINI (BOULEVARD);43,2957754;5,4004711;4;SAKAKINI (BOULEVARD);0.0;;;2;0.0;1.0;0;0;1.0;;;1.0;0.0;1.0;50.0;Bouches-du-Rhône;93;Provence-Alpes-Côte d'Azur
201900000784;138Â 305Â 102;B01;1.0;1;2.0;2.0;1960.0;5.0;1.0;8.0;;; -1;;;2.0;7.0;0.0;2.0;4.0;26.0;1.0;;19;9;2019;19:50;2.0;13;13208;2;1.0;1.0;2.0;MENDES FRANCE (AVENUE);43,2540930;5,3760690;4;MENDES FRANCE (AVENUE);0.0;;2.0;4;0.0;1.0;0;0;1.0;;;1.0;0.0;1.0;50.0;Bouches-du-Rhône;93;Provence-Alpes-Côte d'Azur
201900000784;138Â 305Â 102;B01;2.0;2;2.0;2.0;1970.0;5.0;1.0;8.0;;; -1;;;2.0;7.0;0.0;2.0;4.0;26.0;1.0;;19;9;2019;19:50;2.0;13;13208;2;1.0;1.0;2.0;MENDES FRANCE (AVENUE);43,2540930;5,3760690;4;MENDES FRANCE (AVENUE);0.0;;2.0;4;0.0;1.0;0;0;1.0;;;1.0;0.0;1.0;50.0;Bouches-du-Rhône;93;Provence-Alpes-Côte d'Azur
201900000784;138Â 305Â 103;A01;1.0;1;1.0;1.0;1982.0;5.0;1.0;8.0;;; -1;;;2.0;7.0;0.0;2.0;1.0;1.0;1.0;;19;9;2019;19:50;2.0;13;13208;2;1.0;1.0;2.0;MENDES FRANCE (AVENUE);43,2540930;5,3760690;4;MENDES FRANCE (AVENUE);0.0;;2.0;4;0.0;1.0;0;0;1.0;;;1.0;0.0;1.0;50.0;Bouches-du-Rhône;93;Provence-Alpes-Côte d'Azur
201900000785;138Â 305Â 100;B01;1.0;1;2.0;1.0;1974.0;1.0;2.0;8.0;;; -1;;;2.0;33.0;0.0;2.0;1.0;0.0;1.0;;19;9;2019;18:30;1.0;13;13204;2;1.0;1.0;3.0;FRANÃOISE DUPARC (BOULEVARD);43,3000000;5,4000000;4;FRANÃOISE DUPARC (BOULEVARD);0.0;;2.0;6;3.0;1.0;0;0;1.0;;;1.0;0.0;1.0;50.0;Bouches-du-Rhône;93;Provence-Alpes-Côte d'Azur
201900000785;138Â 305Â 101;A01;1.0;1;1.0;1.0;1900.0;0.0;8.0;8.0;;; -1;;;2.0;10.0;0.0;2.0;3.0;11.0;1.0;;19;9;2019;18:30;1.0;13;13204;2;1.0;1.0;3.0;FRANÃOISE DUPARC (BOULEVARD);43,3000000;5,4000000;4;FRANÃOISE DUPARC (BOULEVARD);0.0;;2.0;6;3.0;1.0;0;0;1.0;;;1.0;0.0;1.0;50.0;Bouches-du-Rhône;93;Provence-Alpes-Côte d'Azur
201900000786;138Â 305Â 097;C01;1.0;1;1.0;2.0;1987.0;1.0;8.0;0.0;;; -1;;;0.0;7.0;0.0;2.0;4.0;2.0;1.0;;19;9;2019;08:30;1.0;13;13215;2;1.0;1.0;4.0;LYON (RUE DE);43,3238660;5,3675350;4;LYON (RUE DE);0.0;;2.0;2;0.0;1.0;0;0;1.0;;;1.0;0.0;1.0;50.0;Bouches-du-Rhône;93;Provence-Alpes-Côte d'Azur
201900000786;138Â 305Â 098;B01;1.0;1;2.0;2.0;1988.0;1.0;8.0;0.0;;; -1;;;0.0;7.0;0.0;2.0;4.0;2.0;1.0;;19;9;2019;08:30;1.0;13;13215;2;1.0;1.0;4.0;LYON (RUE DE);43,3238660;5,3675350;4;LYON (RUE DE);0.0;;2.0;2;0.0;1.0;0;0;1.0;;;1.0;0.0;1.0;50.0;Bouches-du-Rhône;93;Provence-Alpes-Côte d'Azur
201900000786;138Â 305Â 099;A01;1.0;1;1.0;2.0;1997.0;1.0;8.0;0.0;;; -1;;;0.0;7.0;0.0;2.0;1.0;2.0;1.0;;19;9;2019;08:30;1.0;13;13215;2;1.0;1.0;4.0;LYON (RUE DE);43,3238660;5,3675350;4;LYON (RUE DE);0.0;;2.0;2;0.0;1.0;0;0;1.0;;;1.0;0.0;1.0;50.0;Bouches-du-Rhône;93;Provence-Alpes-Côte d'Azur
201900000787;138Â 305Â 095;B01;1.0;1;1.0;2.0;1983.0;0.0;1.0;0.0;;;0;;;3.0;7.0;0.0;2.0;6.0;15.0;1.0;;20;9;2019;12:25;1.0;13;13063;2;2.0;1.0;3.0;ANCIENS COMBATTANTS AVENUE DES;43,5916500;5,0039200;9;ANCIENS COMBATTANTS AVENUE DES;0.0;;2.0;4;0.0;1.0;0;0;1.0;;;1.0;0.0;1.0;50.0;Bouches-du-Rhône;93;Provence-Alpes-Côte d'Azur
201900000787;138Â 305Â 096;A01;1.0;1;3.0;1.0;1971.0;0.0;2.0;8.0;;;0;;;0.0;30.0;0.0;2.0;1.0;1.0;1.0;;20;9;2019;12:25;1.0;13;13063;2;2.0;1.0;3.0;ANCIENS COMBATTANTS AVENUE DES;43,5916500;5,0039200;9;ANCIENS COMBATTANTS AVENUE DES;0.0;;2.0;4;0.0;1.0;0;0;1.0;;;1.0;0.0;1.0;50.0;Bouches-du-Rhône;93;Provence-Alpes-Côte d'Azur
201900000788;138Â 305Â 094;A01;1.0;1;2.0;1.0;2002.0;9.0;2.0;6.0;;; -1;;;1.0;2.0;0.0;0.0;8.0;1.0;1.0;;19;9;2019;18:43;1.0;10;10333;2;1.0;1.0;7.0;MARECHAL LECLERC (RUE DU);48,2803000;4,0557000;4;MARECHAL LECLERC (RUE DU);0.0;;2.0;2;0.0;1.0;0;0;1.0;;;1.0;0.0;1.0;50.0;Aube;44;Grand Est
201900000789;138Â 305Â 092;A01;1.0;1;1.0;1.0;1973.0;1.0;1.0;8.0;;; -1;;;1.0;7.0;0.0;2.0;3.0;9.0;1.0;;20;9;2019;11:11;1.0;10;10387;2;6.0;1.0;3.0;GRAND VEON (RUE DU);48,2957500;4,0977300;4;GRAND VEON (RUE DU);0.0;;1.0;1;0.0;1.0;0;0;2.0;;;1.0;0.0;1.0;50.0;Aube;44;Grand Est
201900000789;138Â 305Â 093;B01;1.0;1;2.0;1.0;1996.0;1.0;2.0;8.0;;; -1;;;3.0;33.0;0.0;2.0;0.0;0.0;1.0;;20;9;2019;11:11;1.0;10;10387;2;6.0;1.0;3.0;GRAND VEON (RUE DU);48,2957500;4,0977300;4;GRAND VEON (RUE DU);0.0;;1.0;1;0.0;1.0;0;0;2.0;;;1.0;0.0;1.0;50.0;Aube;44;Grand Est
201900000790;138Â 305Â 091;A01;1.0;1;1.0;1.0;1942.0;3.0;1.0;8.0;;0.0;0;;;2.0;7.0;0.0;1.0;0.0;1.0;1.0;;20;9;2019;09:00;1.0;07;07102;2;1.0;1.0;6.0;Ave de la RÃ©publique;44,9387930;4,8676730;3;533;0.0;;2.0;2;0.0;1.0;59;100;1.0;;;1.0;0.0;1.0;50.0;Ardèche;84;Auvergne-Rhône-Alpes
201900000790;138Â 305Â 091;A01;10.0;3;2.0;2.0;1965.0;1.0;8.0;0.0;;3.0;3;1.0;;2.0;7.0;0.0;1.0;0.0;1.0;1.0;;20;9;2019;09:00;1.0;07;07102;2;1.0;1.0;6.0;Ave de la RÃ©publique;44,9387930;4,8676730;3;533;0.0;;2.0;2;0.0;1.0;59;100;1.0;;;1.0;0.0;1.0;50.0;Ardèche;84;Auvergne-Rhône-Alpes
201900000791;138Â 305Â 088;A01;1.0;1;3.0;1.0;1965.0;1.0;2.0;8.0;;0.0;0;;;1.0;33.0;0.0;2.0;1.0;17.0;1.0;;20;9;2019;16:21;1.0;06;06069;2;9.0;1.0;5.0;KENNEDY (BOULEVARD DU PRESIDENT);43,6677400;6,9286400;3;111;0.0;;;2;0.0;2.0;0;298;3.0;;;1.0;0.0;1.0;50.0;Alpes-Maritimes;93;Provence-Alpes-Côte d'Azur
201900000791;138Â 305Â 089;B01;1.0;1;3.0;1.0;1972.0;1.0;2.0;8.0;;0.0;0;;;1.0;34.0;0.0;2.0;1.0;2.0;1.0;;20;9;2019;16:21;1.0;06;06069;2;9.0;1.0;5.0;KENNEDY (BOULEVARD DU PRESIDENT);43,6677400;6,9286400;3;111;0.0;;;2;0.0;2.0;0;298;3.0;;;1.0;0.0;1.0;50.0;Alpes-Maritimes;93;Provence-Alpes-Côte d'Azur
201900000791;138Â 305Â 090;C01;1.0;1;1.0;1.0;1957.0;5.0;1.0;8.0;;0.0;0;;;1.0;7.0;0.0;2.0;3.0;2.0;1.0;;20;9;2019;16:21;1.0;06;06069;2;9.0;1.0;5.0;KENNEDY (BOULEVARD DU PRESIDENT);43,6677400;6,9286400;3;111;0.0;;;2;0.0;2.0;0;298;3.0;;;1.0;0.0;1.0;50.0;Alpes-Maritimes;93;Provence-Alpes-Côte d'Azur
201900000792;138Â 305Â 086;A01;1.0;1;3.0;1.0;2001.0;4.0;2.0;8.0;;0.0;0;;;1.0;30.0;0.0;2.0;1.0;0.0;0.0;;20;9;2019;21:55;4.0;06;06004;2;1.0;1.0;1.0;SAINT CLAUDE CH.DE;43,5945640;7,1081660;4;SAINT CLAUDE CH.DE;0.0;;2.0;3;3.0;3.0;0;0;1.0;;;1.0;0.0;1.0;50.0;Alpes-Maritimes;93;Provence-Alpes-Côte d'Azur
201900000792;138Â 305Â 087;Z01;1.0;1;1.0;1.0;1979.0;0.0;1.0;0.0;;0.0;0;;;2.0;7.0;0.0;2.0;0.0;0.0;0.0;;20;9;2019;21:55;4.0;06;06004;2;1.0;1.0;1.0;SAINT CLAUDE CH.DE;43,5945640;7,1081660;4;SAINT CLAUDE CH.DE;0.0;;2.0;3;3.0;3.0;0;0;1.0;;;1.0;0.0;1.0;50.0;Alpes-Maritimes;93;Provence-Alpes-Côte d'Azur
201900000793;138Â 305Â 083;A01;1.0;1;1.0;1.0;1980.0;0.0;1.0;0.0;;0.0;0;;;1.0;7.0;0.0;2.0;1.0;16.0;1.0;;19;9;2019;09:00;1.0;05;05061;2;6.0;1.0;3.0;TORRENT ( ALLEE DU );44,5672300;6,0971900;2;94;0.0;;2.0;2;0.0;1.0;71;390;1.0;;;1.0;0.0;1.0;50.0;Hautes-Alpes;93;Provence-Alpes-Côte d'Azur
201900000793;138Â 305Â 084;B01;1.0;1;2.0;2.0;1969.0;1.0;2.0;0.0;;0.0;0;;;3.0;1.0;0.0;2.0;7.0;19.0;5.0;;19;9;2019;09:00;1.0;05;05061;2;6.0;1.0;3.0;TORRENT ( ALLEE DU );44,5672300;6,0971900;2;94;0.0;;2.0;2;0.0;1.0;71;390;1.0;;;1.0;0.0;1.0;50.0;Hautes-Alpes;93;Provence-Alpes-Côte d'Azur
201900000794;138Â 305Â 082;A01;1.0;1;3.0;1.0;1938.0;3.0;2.0;6.0;;0.0;0;;;1.0;33.0;12.0;0.0;1.0;17.0;1.0;;20;9;2019;16:30;1.0;05;05023;1;1.0;1.0;7.0;GAP (ROUTE DE   RN94);44,8715100;6,6075100;2;94;0.0;;2.0;4;0.0;1.0;155;82;1.0;;;1.0;5.0;1.0;80.0;Hautes-Alpes;93;Provence-Alpes-Côte d'Azur
201900000795;138Â 305Â 080;A01;2.0;2;3.0;1.0;2000.0;5.0;2.0;0.0;;0.0;0;;;1.0;2.0;0.0;2.0;8.0;15.0;1.0;;19;9;2019;13:24;1.0;05;05023;2;3.0;1.0;3.0;IZOARD (AVENUE DU COL D');44,8936900;6,6377300;3;902;0.0;;2.0;2;1.0;4.0;9;12;1.0;;;1.0;0.0;1.0;50.0;Hautes-Alpes;93;Provence-Alpes-Côte d'Azur
201900000795;138Â 305Â 080;A01;1.0;1;3.0;1.0;2002.0;5.0;2.0;6.0;;0.0;0;;;1.0;2.0;0.0;2.0;8.0;15.0;1.0;;19;9;2019;13:24;1.0;05;05023;2;3.0;1.0;3.0;IZOARD (AVENUE DU COL D');44,8936900;6,6377300;3;902;0.0;;2.0;2;1.0;4.0;9;12;1.0;;;1.0;0.0;1.0;50.0;Hautes-Alpes;93;Provence-Alpes-Côte d'Azur
201900000795;138Â 305Â 081;B01;1.0;1;1.0;1.0;1999.0;4.0;1.0;8.0;;0.0;0;;;1.0;7.0;0.0;2.0;2.0;1.0;1.0;;19;9;2019;13:24;1.0;05;05023;2;3.0;1.0;3.0;IZOARD (AVENUE DU COL D');44,8936900;6,6377300;3;902;0.0;;2.0;2;1.0;4.0;9;12;1.0;;;1.0;0.0;1.0;50.0;Hautes-Alpes;93;Provence-Alpes-Côte d'Azur
201900000796;138Â 305Â 078;A01;1.0;1;2.0;1.0;2000.0;9.0;2.0;6.0;;0.0;0;;;1.0;30.0;0.0;2.0;7.0;17.0;1.0;;20;9;2019;21:05;5.0;75;75114;2;1.0;1.0;3.0;BD PERIPHERIQUE INTERIEUR;48,8214600;2,3192260;4;BD PERIPHERIQUE INTERIEUR;0.0;;1.0;4;0.0;1.0;5;800;1.0;;;1.0;0.0;1.0;70.0;Paris;11;Île-de-France
201900000796;138Â 305Â 079;B01;1.0;1;1.0;1.0;1975.0;9.0;1.0;0.0;;0.0;0;;;1.0;7.0;0.0;2.0;8.0;1.0;1.0;;20;9;2019;21:05;5.0;75;75114;2;1.0;1.0;3.0;BD PERIPHERIQUE INTERIEUR;48,8214600;2,3192260;4;BD PERIPHERIQUE INTERIEUR;0.0;;1.0;4;0.0;1.0;5;800;1.0;;;1.0;0.0;1.0;70.0;Paris;11;Île-de-France
201900000797;138Â 305Â 076;A01;1.0;1;1.0;1.0;1950.0;5.0;1.0;0.0;;0.0;0;;;2.0;7.0;0.0;2.0;3.0;11.0;1.0;;20;9;2019;18:50;1.0;75;75116;2;1.0;1.0;3.0;BD PERIPHERIQUE EXTERIEUR;48,8395896;2,2539032;4;BD PERIPHERIQUE EXTERIEUR;0.0;;1.0;4;0.0;1.0;11;200;1.0;;;1.0;0.0;1.0;70.0;Paris;11;Île-de-France
201900000797;138Â 305Â 077;B01;1.0;1;2.0;1.0;1978.0;4.0;2.0;6.0;;0.0;0;;;2.0;34.0;4.0;2.0;2.0;1.0;1.0;;20;9;2019;18:50;1.0;75;75116;2;1.0;1.0;3.0;BD PERIPHERIQUE EXTERIEUR;48,8395896;2,2539032;4;BD PERIPHERIQUE EXTERIEUR;0.0;;1.0;4;0.0;1.0;11;200;1.0;;;1.0;0.0;1.0;70.0;Paris;11;Île-de-France
201900000798;138Â 305Â 074;B01;1.0;1;1.0;1.0;1949.0;5.0;1.0;0.0;;0.0;0;;;2.0;7.0;0.0;2.0;5.0;1.0;1.0;;20;9;2019;10:25;1.0;75;75118;2;1.0;1.0;3.0;BD PERIPHERIQUE EXTERIEUR;48,9008020;2,3698070;4;BD PERIPHERIQUE EXTERIEUR;0.0;;1.0;4;0.0;1.0;23;800;1.0;;;1.0;0.0;1.0;70.0;Paris;11;Île-de-France
201900000798;138Â 305Â 075;A01;1.0;1;2.0;1.0;1997.0;1.0;2.0;6.0;;0.0;0;;;2.0;33.0;0.0;2.0;3.0;13.0;1.0;;20;9;2019;10:25;1.0;75;75118;2;1.0;1.0;3.0;BD PERIPHERIQUE EXTERIEUR;48,9008020;2,3698070;4;BD PERIPHERIQUE EXTERIEUR;0.0;;1.0;4;0.0;1.0;23;800;1.0;;;1.0;0.0;1.0;70.0;Paris;11;Île-de-France
201900000799;138Â 305Â 071;A01;1.0;1;2.0;1.0;1970.0;1.0;2.0;6.0;;0.0;0;;;1.0;31.0;0.0;2.0;1.0;3.0;1.0;;19;9;2019;11:20;1.0;75;75114;2;1.0;1.0;4.0;ECHANGEUR ORLEANS;48,8194839;2,3287882;4;ECHANGEUR ORLEANS;0.0;;1.0;2;0.0;1.0;4;800;1.0;;;1.0;0.0;1.0;50.0;Paris;11;Île-de-France
201900000799;138Â 305Â 072;B01;4.0;2;1.0;1.0;2011.0;2.0;3.0;0.0;;0.0;0;;;1.0;7.0;0.0;2.0;6.0;1.0;1.0;;19;9;2019;11:20;1.0;75;75114;2;1.0;1.0;4.0;ECHANGEUR ORLEANS;48,8194839;2,3287882;4;ECHANGEUR ORLEANS;0.0;;1.0;2;0.0;1.0;4;800;1.0;;;1.0;0.0;1.0;50.0;Paris;11;Île-de-France
201900000799;138Â 305Â 072;B01;1.0;1;1.0;1.0;1981.0;5.0;1.0;0.0;;0.0;0;;;1.0;7.0;0.0;2.0;6.0;1.0;1.0;;19;9;2019;11:20;1.0;75;75114;2;1.0;1.0;4.0;ECHANGEUR ORLEANS;48,8194839;2,3287882;4;ECHANGEUR ORLEANS;0.0;;1.0;2;0.0;1.0;4;800;1.0;;;1.0;0.0;1.0;50.0;Paris;11;Île-de-France
201900000799;138Â 305Â 073;C01;1.0;1;1.0;1.0;1962.0;4.0;1.0;0.0;;0.0;0;;;1.0;7.0;0.0;2.0;2.0;1.0;1.0;;19;9;2019;11:20;1.0;75;75114;2;1.0;1.0;4.0;ECHANGEUR ORLEANS;48,8194839;2,3287882;4;ECHANGEUR ORLEANS;0.0;;1.0;2;0.0;1.0;4;800;1.0;;;1.0;0.0;1.0;50.0;Paris;11;Île-de-France
201900000800;138Â 305Â 069;B01;1.0;1;3.0;1.0;1967.0;9.0;2.0;6.0;;0.0;0;;;1.0;32.0;0.0;2.0;4.0;18.0;1.0;;20;9;2019;09:25;1.0;75;75103;2;1.0;1.0;3.0;RUE REAUMUR;48,8656245;2,3553242;4;RUE REAUMUR;0.0;;1.0;3;0.0;1.0;31;0;1.0;;;1.0;0.0;1.0;50.0;Paris;11;Île-de-France
201900000800;138Â 305Â 070;A01;1.0;1;1.0;2.0;1972.0;9.0;1.0;0.0;;0.0;0;;;1.0;7.0;0.0;2.0;1.0;16.0;1.0;;20;9;2019;09:25;1.0;75;75103;2;1.0;1.0;3.0;RUE REAUMUR;48,8656245;2,3553242;4;RUE REAUMUR;0.0;;1.0;3;0.0;1.0;31;0;1.0;;;1.0;0.0;1.0;50.0;Paris;11;Île-de-France
201900000801;138Â 305Â 067;B01;4.0;2;1.0;1.0;2001.0;5.0;1.0;0.0;;;0;;;1.0;7.0;0.0;2.0;2.0;1.0;1.0;;20;9;2019;02:51;5.0;75;75106;2;2.0;1.0;3.0;BOULEVARD SAINT GERMAIN;48,8544710;2,3304650;4;BOULEVARD SAINT GERMAIN;0.0;;1.0;4;;1.0;0;0;1.0;;;1.0;0.0;1.0;50.0;Paris;11;Île-de-France
201900000801;138Â 305Â 067;B01;5.0;2;1.0;1.0;1999.0;5.0;1.0;0.0;;0.0;0;;;1.0;7.0;0.0;2.0;2.0;1.0;1.0;;20;9;2019;02:51;5.0;75;75106;2;2.0;1.0;3.0;BOULEVARD SAINT GERMAIN;48,8544710;2,3304650;4;BOULEVARD SAINT GERMAIN;0.0;;1.0;4;;1.0;0;0;1.0;;;1.0;0.0;1.0;50.0;Paris;11;Île-de-France
201900000801;138Â 305Â 067;B01;1.0;1;1.0;1.0;1988.0;4.0;1.0;0.0;;0.0;0;;;1.0;7.0;0.0;2.0;2.0;1.0;1.0;;20;9;2019;02:51;5.0;75;75106;2;2.0;1.0;3.0;BOULEVARD SAINT GERMAIN;48,8544710;2,3304650;4;BOULEVARD SAINT GERMAIN;0.0;;1.0;4;;1.0;0;0;1.0;;;1.0;0.0;1.0;50.0;Paris;11;Île-de-France
201900000801;138Â 305Â 067;B01;2.0;2;1.0;1.0;2001.0;0.0;1.0;0.0;;0.0;0;;;1.0;7.0;0.0;2.0;2.0;1.0;1.0;;20;9;2019;02:51;5.0;75;75106;2;2.0;1.0;3.0;BOULEVARD SAINT GERMAIN;48,8544710;2,3304650;4;BOULEVARD SAINT GERMAIN;0.0;;1.0;4;;1.0;0;0;1.0;;;1.0;0.0;1.0;50.0;Paris;11;Île-de-France
201900000801;138Â 305Â 067;B01;8.0;2;1.0;1.0;1999.0;5.0;1.0;0.0;;0.0;0;;;1.0;7.0;0.0;2.0;2.0;1.0;1.0;;20;9;2019;02:51;5.0;75;75106;2;2.0;1.0;3.0;BOULEVARD SAINT GERMAIN;48,8544710;2,3304650;4;BOULEVARD SAINT GERMAIN;0.0;;1.0;4;;1.0;0;0;1.0;;;1.0;0.0;1.0;50.0;Paris;11;Île-de-France
201900000801;138Â 305Â 067;B01;3.0;2;1.0;1.0;1998.0;5.0;1.0;0.0;;;0;;;1.0;7.0;0.0;2.0;2.0;1.0;1.0;;20;9;2019;02:51;5.0;75;75106;2;2.0;1.0;3.0;BOULEVARD SAINT GERMAIN;48,8544710;2,3304650;4;BOULEVARD SAINT GERMAIN;0.0;;1.0;4;;1.0;0;0;1.0;;;1.0;0.0;1.0;50.0;Paris;11;Île-de-France
201900000801;138Â 305Â 068;A01;1.0;1;3.0;1.0;1990.0;5.0;2.0;6.0;;0.0;0;;;2.0;32.0;0.0;2.0;1.0;1.0;1.0;;20;9;2019;02:51;5.0;75;75106;2;2.0;1.0;3.0;BOULEVARD SAINT GERMAIN;48,8544710;2,3304650;4;BOULEVARD SAINT GERMAIN;0.0;;1.0;4;;1.0;0;0;1.0;;;1.0;0.0;1.0;50.0;Paris;11;Île-de-France
201900000802;138Â 305Â 065;A01;1.0;1;1.0;1.0;1995.0;1.0;1.0;0.0;;0.0;0;;;1.0;10.0;0.0;2.0;1.0;15.0;1.0;;20;9;2019;06:15;5.0;75;75105;2;2.0;1.0;3.0;RUE CLAUDE BERNARD;48,8390120;2,3492090;4;RUE CLAUDE BERNARD;0.0;;3.0;2;0.0;1.0;0;0;1.0;;;1.0;0.0;1.0;30.0;Paris;11;Île-de-France
201900000802;138Â 305Â 066;B01;1.0;1;2.0;1.0;1993.0;4.0;2.0;6.0;;0.0;0;;;2.0;32.0;0.0;2.0;1.0;1.0;1.0;;20;9;2019;06:15;5.0;75;75105;2;2.0;1.0;3.0;RUE CLAUDE BERNARD;48,8390120;2,3492090;4;RUE CLAUDE BERNARD;0.0;;3.0;2;0.0;1.0;0;0;1.0;;;1.0;0.0;1.0;30.0;Paris;11;Île-de-France
201900000803;138Â 305Â 064;A01;1.0;1;2.0;1.0;1991.0;5.0;2.0;6.0;;0.0;0;;;1.0;30.0;14.0;0.0;1.0;13.0;1.0;;20;9;2019;16:40;1.0;75;75119;2;1.0;1.0;6.0;RUE DU MAROC;48,8871068;2,3677059;4;RUE DU MAROC;0.0;;2.0;2;0.0;1.0;34;0;1.0;;;1.0;0.0;1.0;30.0;Paris;11;Île-de-France