Num_Acc;id_vehicule;num_veh;place;catu;grav;sexe;an_nais;trajet;secu1;secu2;secu3;locp;actp;etatp;id_usager;senc;catv;obs;obsm;choc;manv;motor;occutc;jour;mois;an;hrmn;lum;dep;com;agg;int;atm;col;adr;lat;long;catr;voie;v1;v2;circ;nbv;vosp;prof;pr;pr1;plan;lartpc;larrout;surf;infra;situ;vma;nom_departement;reg;nom_region
201900000804;138Â 305Â 063;A01;1.0;1;1.0;1.0;1966.0;5.0;2.0;6.0;;0.0;0;;;2.0;32.0;0.0;1.0;1.0;1.0;1.0;;20;9;2019;20:49;3.0;75;75116;2;5.0;1.0;6.0;CHAUSSEE LA MUETTE;48,8580722;2,2728234;4;CHAUSSEE LA MUETTE;0.0;;2.0;4;0.0;1.0;0;0;1.0;;;1.0;0.0;1.0;50.0;Paris;11;Île-de-France
201900000804;138Â 305Â 063;A01;10.0;3;2.0;1.0;1999.0;5.0;0.0;0.0;0.0;2.0;3;1.0;;2.0;32.0;0.0;1.0;1.0;1.0;1.0;;20;9;2019;20:49;3.0;75;75116;2;5.0;1.0;6.0;CHAUSSEE LA MUETTE;48,8580722;2,2728234;4;CHAUSSEE LA MUETTE;0.0;;2.0;4;0.0;1.0;0;0;1.0;;;1.0;0.0;1.0;50.0;Paris;11;Île-de-France
201900000805;138Â 305Â 061;B01;1.0;1;1.0;2.0;1941.0;5.0;1.0;0.0;;0.0;0;;;1.0;7.0;0.0;2.0;2.0;15.0;1.0;;20;9;2019;08:34;1.0;75;75116;2;3.0;1.0;3.0;BOULEVARD DE L AMIRAL BRUIX;48,8748629;2,2787538;4;BOULEVARD DE L AMIRAL BRUIX;0.0;;2.0;2;0.0;1.0;0;0;1.0;;;1.0;0.0;1.0;50.0;Paris;11;Île-de-France
201900000805;138Â 305Â 062;A01;1.0;1;2.0;2.0;1979.0;1.0;2.0;6.0;;0.0;0;;;3.0;30.0;0.0;2.0;7.0;1.0;3.0;;20;9;2019;08:34;1.0;75;75116;2;3.0;1.0;3.0;BOULEVARD DE L AMIRAL BRUIX;48,8748629;2,2787538;4;BOULEVARD DE L AMIRAL BRUIX;0.0;;2.0;2;0.0;1.0;0;0;1.0;;;1.0;0.0;1.0;50.0;Paris;11;Île-de-France
201900000806;138Â 305Â 056;B01;1.0;1;1.0;1.0;1995.0;5.0;1.0;0.0;;0.0;0;;;2.0;7.0;0.0;2.0;2.0;4.0;1.0;;20;9;2019;03:17;5.0;75;75114;2;2.0;1.0;2.0;BOULEVARD BRUNE;48,8261358;2,3127615;4;BOULEVARD BRUNE;0.0;;3.0;2;0.0;1.0;0;0;1.0;;;1.0;0.0;1.0;50.0;Paris;11;Île-de-France
201900000806;138Â 305Â 057;A01;2.0;2;1.0;1.0;1995.0;5.0;2.0;6.0;;0.0;0;;;2.0;34.0;0.0;2.0;3.0;2.0;1.0;;20;9;2019;03:17;5.0;75;75114;2;2.0;1.0;2.0;BOULEVARD BRUNE;48,8261358;2,3127615;4;BOULEVARD BRUNE;0.0;;3.0;2;0.0;1.0;0;0;1.0;;;1.0;0.0;1.0;50.0;Paris;11;Île-de-France
201900000806;138Â 305Â 057;A01;1.0;1;2.0;1.0;1984.0;5.0;2.0;6.0;;0.0;0;;;2.0;34.0;0.0;2.0;3.0;2.0;1.0;;20;9;2019;03:17;5.0;75;75114;2;2.0;1.0;2.0;BOULEVARD BRUNE;48,8261358;2,3127615;4;BOULEVARD BRUNE;0.0;;3.0;2;0.0;1.0;0;0;1.0;;;1.0;0.0;1.0;50.0;Paris;11;Île-de-France
201900000807;138Â 305Â 054;A01;1.0;1;2.0;1.0;2001.0;2.0;8.0;2.0;;0.0;0;;;1.0;1.0;0.0;2.0;4.0;7.0;5.0;;20;9;2019;19:25;2.0;75;75113;2;1.0;1.0;6.0;RUE DE TOLBIAC;48,8259651;2,3531906;4;RUE DE TOLBIAC;0.0;;2.0;4;3.0;1.0;175;0;1.0;;;1.0;0.0;6.0;50.0;Paris;11;Île-de-France
201900000808;138Â 305Â 052;B01;1.0;1;2.0;1.0;1997.0;0.0;2.0;6.0;;0.0;0;;;2.0;30.0;0.0;2.0;7.0;1.0;1.0;;20;9;2019;13:05;1.0;75;75113;2;3.0;1.0;3.0;AVENUE D ITALIE;48,8258256;2,3575383;4;AVENUE D ITALIE;0.0;;2.0;4;0.0;1.0;0;0;1.0;;;1.0;0.0;1.0;50.0;Paris;11;Île-de-France
201900000808;138Â 305Â 053;A01;1.0;1;1.0;1.0;1977.0;4.0;1.0;0.0;;0.0;0;;;2.0;38.0;0.0;2.0;8.0;13.0;1.0;1.0;20;9;2019;13:05;1.0;75;75113;2;3.0;1.0;3.0;AVENUE D ITALIE;48,8258256;2,3575383;4;AVENUE D ITALIE;0.0;;2.0;4;0.0;1.0;0;0;1.0;;;1.0;0.0;1.0;50.0;Paris;11;Île-de-France
201900000809;138Â 305Â 050;B01;1.0;1;2.0;1.0;1981.0;1.0;2.0;8.0;;0.0;0;;;1.0;50.0;0.0;2.0;4.0;13.0;3.0;;20;9;2019;09:00;1.0;75;75113;2;1.0;1.0;3.0;AVENUE DE LA PORTE DE CHOISY;48,8181990;2,3661230;4;AVENUE DE LA PORTE DE CHOISY;0.0;;2.0;2;0.0;1.0;9;0;1.0;;;1.0;0.0;1.0;50.0;Paris;11;Île-de-France
201900000809;138Â 305Â 051;A01;1.0;1;2.0;1.0;1978.0;1.0;2.0;6.0;;0.0;0;;;1.0;32.0;0.0;2.0;1.0;17.0;1.0;;20;9;2019;09:00;1.0;75;75113;2;1.0;1.0;3.0;AVENUE DE LA PORTE DE CHOISY;48,8181990;2,3661230;4;AVENUE DE LA PORTE DE CHOISY;0.0;;2.0;2;0.0;1.0;9;0;1.0;;;1.0;0.0;1.0;50.0;Paris;11;Île-de-France
201900000810;138Â 305Â 049;B01;1.0;1;2.0;1.0;1945.0;5.0;2.0;8.0;;0.0;0;;;1.0;1.0;1.0;0.0;1.0;1.0;5.0;;20;9;2019;15:35;1.0;75;75112;2;1.0;1.0;6.0;ROUTE ROYALE DE BEAUTE;48,8341140;2,4435680;4;ROUTE ROYALE DE BEAUTE;0.0;;2.0;2;1.0;1.0;0;0;1.0;;;1.0;0.0;5.0;50.0;Paris;11;Île-de-France
201900000811;138Â 305Â 048;A01;1.0;1;2.0;1.0;1990.0;5.0;2.0;6.0;;0.0;0;;;1.0;30.0;0.0;0.0;0.0;1.0;1.0;;20;9;2019;15:40;1.0;75;75111;2;1.0;1.0;7.0;BOULEVARD RICHARD LENOIR;48,8574310;2,3713870;4;BOULEVARD RICHARD LENOIR;0.0;;3.0;2;;1.0;0;0;1.0;;;1.0;0.0;1.0;50.0;Paris;11;Île-de-France
201900000812;138Â 305Â 046;A01;1.0;1;2.0;2.0;1992.0;5.0;8.0;2.0;;0.0;0;;;2.0;1.0;0.0;2.0;1.0;1.0;5.0;;20;9;2019;15:45;1.0;75;75108;2;3.0;1.0;6.0;RUE DE ROME;48,8771953;2,3230354;4;RUE DE ROME;0.0;;2.0;4;3.0;2.0;0;0;1.0;;;1.0;0.0;6.0;50.0;Paris;11;Île-de-France
201900000813;138Â 305Â 045;A01;1.0;1;2.0;1.0;1946.0;9.0;1.0;0.0;;0.0;0;;;2.0;3.0;11.0;0.0;1.0;1.0;1.0;;20;9;2019;15:43;1.0;75;75107;2;3.0;1.0;6.0;BOULEVARD SAINT GERMAIN;48,8569673;2,3245999;4;BOULEVARD SAINT GERMAIN;0.0;;2.0;4;;1.0;213;0;1.0;;;1.0;0.0;1.0;50.0;Paris;11;Île-de-France
201900000814;138Â 305Â 043;A01;1.0;1;2.0;2.0;1991.0;5.0;1.0;0.0;;0.0;0;;;1.0;7.0;0.0;2.0;7.0;1.0;1.0;;20;9;2019;01:30;5.0;75;75107;2;2.0;1.0;3.0;QUAI D ORSAY;48,8628320;2,3134370;4;QUAI D ORSAY;0.0;;2.0;1;0.0;1.0;0;0;1.0;;;1.0;8.0;1.0;50.0;Paris;11;Île-de-France
201900000814;138Â 305Â 044;B01;1.0;1;2.0;1.0;1967.0;1.0;1.0;0.0;;;0;;;2.0;7.0;0.0;2.0;1.0;1.0;2.0;;20;9;2019;01:30;5.0;75;75107;2;2.0;1.0;3.0;QUAI D ORSAY;48,8628320;2,3134370;4;QUAI D ORSAY;0.0;;2.0;1;0.0;1.0;0;0;1.0;;;1.0;8.0;1.0;50.0;Paris;11;Île-de-France
201900000815;138Â 305Â 042;A01;10.0;3;2.0;2.0;1964.0;1.0;0.0;;;4.0;3;1.0;;1.0;1.0;0.0;1.0;1.0;7.0;5.0;;20;9;2019;17:20;1.0;75;75104;2;1.0;1.0;6.0;BOULEVARD DU PALAIS;48,8552101;2,3458059;4;BOULEVARD DU PALAIS;0.0;;1.0;4;3.0;1.0;6;0;1.0;;;1.0;0.0;6.0;50.0;Paris;11;Île-de-France
201900000815;138Â 305Â 042;A01;1.0;1;1.0;1.0;1995.0;9.0;8.0;2.0;;0.0;0;;;1.0;1.0;0.0;1.0;1.0;7.0;5.0;;20;9;2019;17:20;1.0;75;75104;2;1.0;1.0;6.0;BOULEVARD DU PALAIS;48,8552101;2,3458059;4;BOULEVARD DU PALAIS;0.0;;1.0;4;3.0;1.0;6;0;1.0;;;1.0;0.0;6.0;50.0;Paris;11;Île-de-France
201900000816;138Â 305Â 041;A01;1.0;1;2.0;1.0;1991.0;0.0;2.0;6.0;;0.0;0;;;1.0;33.0;0.0;2.0;1.0;21.0;1.0;;19;9;2019;18:40;2.0;75;75101;2;1.0;1.0;6.0;QUAI FRANCOIS MITTERRAND;48,8592526;2,3379745;4;QUAI FRANCOIS MITTERRAND;0.0;;1.0;3;0.0;1.0;0;0;1.0;;;1.0;8.0;1.0;50.0;Paris;11;Île-de-France
201900000817;138Â 305Â 038;A01;1.0;1;2.0;1.0;1981.0;5.0;2.0;8.0;;0.0;0;;;2.0;50.0;0.0;2.0;0.0;2.0;3.0;;19;9;2019;20:00;5.0;75;75109;2;2.0;1.0;2.0;RUE DU HAVRE;48,8741780;2,3269490;4;RUE DU HAVRE;0.0;;1.0;4;0.0;1.0;0;0;1.0;;;1.0;0.0;1.0;50.0;Paris;11;Île-de-France
201900000817;138Â 305Â 039;B01;1.0;1;1.0;1.0;1967.0;5.0;2.0;6.0;;0.0;0;;;2.0;32.0;0.0;2.0;0.0;2.0;1.0;;19;9;2019;20:00;5.0;75;75109;2;2.0;1.0;2.0;RUE DU HAVRE;48,8741780;2,3269490;4;RUE DU HAVRE;0.0;;1.0;4;0.0;1.0;0;0;1.0;;;1.0;0.0;1.0;50.0;Paris;11;Île-de-France
201900000818;138Â 305Â 037;A01;1.0;1;1.0;1.0;1972.0;4.0;8.0;0.0;;; -1;;;1.0;37.0;0.0;1.0;2.0;2.0;1.0;1.0;20;9;2019;15:45;1.0;94;94081;2;1.0;1.0;6.0;MOULIN DE SAQUET (AV DU);48,7900000;2,3790000;3;148;0.0;;2.0;2;0.0;2.0;0;0;1.0;;;1.0;0.0;1.0;50.0;Val-de-Marne;11;Île-de-France
201900000818;138Â 305Â 037;A01;10.0;3;2.0;1.0;2008.0;2.0;8.0;0.0;;3.0;3;1.0;;1.0;37.0;0.0;1.0;2.0;2.0;1.0;1.0;20;9;2019;15:45;1.0;94;94081;2;1.0;1.0;6.0;MOULIN DE SAQUET (AV DU);48,7900000;2,3790000;3;148;0.0;;2.0;2;0.0;2.0;0;0;1.0;;;1.0;0.0;1.0;50.0;Val-de-Marne;11;Île-de-France
201900000819;138Â 305Â 035;B01;1.0;1;1.0;1.0;1970.0;1.0;1.0;0.0;;; -1;;;0.0;13.0;0.0;2.0;3.0;15.0;0.0;;3;9;2019;00:09;5.0;94;94077;2;1.0;1.0;3.0;VILLENEUVE LE ROI (PONT DE);48,7278707;2,4457500;3;136;0.0;;2.0;6;0.0;1.0;0;0;1.0;;;1.0;2.0;1.0;50.0;Val-de-Marne;11;Île-de-France
201900000819;138Â 305Â 036;A01;1.0;1;2.0;1.0;1989.0;1.0;2.0;6.0;;; -1;;;0.0;32.0;0.0;2.0;1.0;1.0;1.0;;3;9;2019;00:09;5.0;94;94077;2;1.0;1.0;3.0;VILLENEUVE LE ROI (PONT DE);48,7278707;2,4457500;3;136;0.0;;2.0;6;0.0;1.0;0;0;1.0;;;1.0;2.0;1.0;50.0;Val-de-Marne;11;Île-de-France
201900000820;138Â 305Â 033;A01;1.0;1;1.0;1.0;1984.0;4.0;1.0;5.0;;; -1;;;2.0;10.0;0.0;2.0;7.0;15.0;1.0;;20;9;2019;09:45;1.0;94;94068;2;3.0;1.0;3.0;CONDE (AV DE);48,8114800;2,4769160;3;247;0.0;;2.0;2;0.0;1.0;1;0;1.0;;;1.0;0.0;2.0;50.0;Val-de-Marne;11;Île-de-France
201900000820;138Â 305Â 034;B01;1.0;1;2.0;1.0;1988.0;3.0;2.0;8.0;;; -1;;;1.0;33.0;0.0;2.0;7.0;1.0;1.0;;20;9;2019;09:45;1.0;94;94068;2;3.0;1.0;3.0;CONDE (AV DE);48,8114800;2,4769160;3;247;0.0;;2.0;2;0.0;1.0;1;0;1.0;;;1.0;0.0;2.0;50.0;Val-de-Marne;11;Île-de-France
201900000821;138Â 305Â 032;A01;10.0;3;2.0;1.0;2014.0;2.0;8.0;0.0;;4.0;3;2.0;;2.0;7.0;0.0;1.0;2.0;1.0;1.0;;18;9;2019;17:10;1.0;94;94015;2;1.0;1.0;6.0;GEORGES CLEMENCEAU (AV);48,8402500;2,5241200;4;GEORGES CLEMENCEAU (AV);0.0;;2.0;2;0.0;1.0;1;0;1.0;;;1.0;0.0;1.0;30.0;Val-de-Marne;11;Île-de-France
201900000821;138Â 305Â 032;A01;1.0;1;1.0;2.0;1947.0;0.0;1.0;8.0;;0.0;0;;;2.0;7.0;0.0;1.0;2.0;1.0;1.0;;18;9;2019;17:10;1.0;94;94015;2;1.0;1.0;6.0;GEORGES CLEMENCEAU (AV);48,8402500;2,5241200;4;GEORGES CLEMENCEAU (AV);0.0;;2.0;2;0.0;1.0;1;0;1.0;;;1.0;0.0;1.0;30.0;Val-de-Marne;11;Île-de-France
201900000822;138Â 305Â 031;A01;10.0;3;2.0;2.0;1995.0;0.0;0.0;0.0;0.0;2.0;3;1.0;;1.0;20.0;0.0;1.0;3.0;1.0;1.0;;20;9;2019;09:15;1.0;94;94041;2;1.0;1.0;6.0;AMEDEE HUON (R);48,8043000;2,3854000;4;AMEDEE HUON (R);0.0;;2.0;2;0.0;1.0;0;0;1.0;;;1.0;0.0;3.0;50.0;Val-de-Marne;11;Île-de-France
201900000822;138Â 305Â 031;A01;1.0;1;1.0;2.0;1987.0;5.0;1.0;8.0;;0.0;0;;;1.0;20.0;0.0;1.0;3.0;1.0;1.0;;20;9;2019;09:15;1.0;94;94041;2;1.0;1.0;6.0;AMEDEE HUON (R);48,8043000;2,3854000;4;AMEDEE HUON (R);0.0;;2.0;2;0.0;1.0;0;0;1.0;;;1.0;0.0;3.0;50.0;Val-de-Marne;11;Île-de-France
201900000823;138Â 305Â 029;A01;1.0;1;2.0;2.0;1993.0;5.0;2.0;6.0;;;0;;;1.0;33.0;1.0;0.0;2.0;9.0;1.0;;20;9;2019;19:05;1.0;94;94034;2;1.0;1.0;3.0;ROGER SALENGRO (R);48,7554500;2,3210000;4;ROGER SALENGRO (R);0.0;;1.0;1;0.0;1.0;0;0;1.0;;;1.0;0.0;1.0;50.0;Val-de-Marne;11;Île-de-France
201900000824;138Â 305Â 027;A01;1.0;1;1.0;2.0;1982.0;5.0;1.0;0.0;;;0;;;1.0;7.0;0.0;6.0;1.0;1.0;0.0;;20;9;2019;12:15;1.0;94;94033;2;1.0;1.0;1.0;PIERRE BROSSOLETTE (R);48,8400000;2,4700000;4;PIERRE BROSSOLETTE (R);0.0;;2.0;1;0.0;2.0;0;0;1.0;;;1.0;0.0;1.0;30.0;Val-de-Marne;11;Île-de-France
201900000824;138Â 305Â 028;B01;1.0;1;2.0;1.0;2004.0;2.0;8.0;0.0;;;0;;;2.0;1.0;0.0;2.0;1.0;1.0;5.0;;20;9;2019;12:15;1.0;94;94033;2;1.0;1.0;1.0;PIERRE BROSSOLETTE (R);48,8400000;2,4700000;4;PIERRE BROSSOLETTE (R);0.0;;2.0;1;0.0;2.0;0;0;1.0;;;1.0;0.0;1.0;30.0;Val-de-Marne;11;Île-de-France
201900000825;138Â 305Â 025;B01;1.0;1;1.0;2.0;1985.0;9.0;1.0;0.0;;; -1;;;1.0;7.0;0.0;2.0;2.0;1.0;1.0;;19;9;2019;18:45;1.0;94;94028;2;1.0;1.0;3.0;DEMENITROUX(RUE MAURICE);48,7898900;2,4537900;4;DEMENITROUX(RUE MAURICE);0.0;;2.0;2;3.0;1.0;0;0;1.0;;;1.0;0.0;1.0;50.0;Val-de-Marne;11;Île-de-France
201900000825;138Â 305Â 026;A01;1.0;1;2.0;2.0;1996.0;9.0;8.0;0.0;;; -1;;;1.0;7.0;0.0;2.0;0.0;0.0;1.0;;19;9;2019;18:45;1.0;94;94028;2;1.0;1.0;3.0;DEMENITROUX(RUE MAURICE);48,7898900;2,4537900;4;DEMENITROUX(RUE MAURICE);0.0;;2.0;2;3.0;1.0;0;0;1.0;;;1.0;0.0;1.0;50.0;Val-de-Marne;11;Île-de-France
201900000826;138Â 305Â 023;B01;1.0;1;2.0;1.0;1984.0;9.0;2.0;6.0;;;0;;;3.0;31.0;0.0;2.0;1.0;1.0;1.0;;19;9;2019;15:30;1.0;94;94028;2;9.0;1.0;3.0;COMPAGNONS DE LA LIBERATION(AVE DES);48,7700000;2,4600000;4;COMPAGNONS DE LA LIBERATION(AVE DES);0.0;;1.0;0;0.0;1.0;0;0;1.0;;;1.0;0.0;1.0;50.0;Val-de-Marne;11;Île-de-France
201900000826;138Â 305Â 024;A01;1.0;1;1.0;1.0;1995.0;9.0;1.0;0.0;;;0;;;3.0;7.0;0.0;2.0;8.0;15.0;1.0;;19;9;2019;15:30;1.0;94;94028;2;9.0;1.0;3.0;COMPAGNONS DE LA LIBERATION(AVE DES);48,7700000;2,4600000;4;COMPAGNONS DE LA LIBERATION(AVE DES);0.0;;1.0;0;0.0;1.0;0;0;1.0;;;1.0;0.0;1.0;50.0;Val-de-Marne;11;Île-de-France
201900000827;138Â 305Â 021;A01;1.0;1;1.0;1.0;1974.0;1.0;1.0;0.0;;; -1;;;3.0;7.0;0.0;2.0;1.0;2.0;0.0;;20;9;2019;11:35;1.0;94;94054;2;1.0;1.0;2.0;CHARLES TILLON (route);48,7401400;2,3880200;3;136;0.0;;2.0;2;0.0;1.0;0;1;1.0;;;1.0;0.0;1.0;50.0;Val-de-Marne;11;Île-de-France
201900000827;138Â 305Â 022;B01;1.0;1;2.0;1.0;1989.0;1.0;1.0;8.0;;; -1;;;3.0;7.0;0.0;2.0;4.0;2.0;1.0;;20;9;2019;11:35;1.0;94;94054;2;1.0;1.0;2.0;CHARLES TILLON (route);48,7401400;2,3880200;3;136;0.0;;2.0;2;0.0;1.0;0;1;1.0;;;1.0;0.0;1.0;50.0;Val-de-Marne;11;Île-de-France
201900000828;138Â 305Â 019;B01;1.0;1;1.0;1.0;1970.0;5.0;1.0;0.0;;; -1;;;1.0;7.0;0.0;2.0;8.0;15.0;1.0;;20;9;2019;21:30;5.0;94;94059;2;2.0;1.0;3.0;MAURICE BERTEAUX (AV);48,8100000;2,5600000;3;235;0.0;;2.0;2;0.0;1.0;0;0;1.0;;;1.0;0.0;3.0;50.0;Val-de-Marne;11;Île-de-France
201900000828;138Â 305Â 020;A01;1.0;1;2.0;1.0;1997.0;5.0;2.0;0.0;;; -1;;;1.0;33.0;0.0;2.0;1.0;17.0;1.0;;20;9;2019;21:30;5.0;94;94059;2;2.0;1.0;3.0;MAURICE BERTEAUX (AV);48,8100000;2,5600000;3;235;0.0;;2.0;2;0.0;1.0;0;0;1.0;;;1.0;0.0;3.0;50.0;Val-de-Marne;11;Île-de-France
201900000828;138Â 305Â 020;A01;3.0;2;2.0;1.0;1997.0;5.0;2.0;0.0;;0.0;0;;;1.0;33.0;0.0;2.0;1.0;17.0;1.0;;20;9;2019;21:30;5.0;94;94059;2;2.0;1.0;3.0;MAURICE BERTEAUX (AV);48,8100000;2,5600000;3;235;0.0;;2.0;2;0.0;1.0;0;0;1.0;;;1.0;0.0;3.0;50.0;Val-de-Marne;11;Île-de-France
201900000829;138Â 305Â 017;A01;1.0;1;2.0;1.0;1997.0;1.0;2.0;6.0;;;0;;;3.0;30.0;0.0;2.0;2.0;9.0;1.0;;20;9;2019;07:45;2.0;94;94079;2;6.0;1.0;3.0;GENERAL GALLIENI (RUE DU);48,8267100;2,5402700;3;233;0.0;;2.0;2;0.0;2.0;0;0;3.0;;;1.0;0.0;1.0;50.0;Val-de-Marne;11;Île-de-France
201900000829;138Â 305Â 018;B01;1.0;1;1.0;1.0;1971.0;1.0;1.0;0.0;;; -1;;;3.0;7.0;0.0;2.0;1.0;9.0;1.0;;20;9;2019;07:45;2.0;94;94079;2;6.0;1.0;3.0;GENERAL GALLIENI (RUE DU);48,8267100;2,5402700;3;233;0.0;;2.0;2;0.0;2.0;0;0;3.0;;;1.0;0.0;1.0;50.0;Val-de-Marne;11;Île-de-France
201900000830;138Â 305Â 016;A01;10.0;3;2.0;2.0;2006.0;2.0;8.0;0.0;;1.0;3;1.0;;3.0;7.0;0.0;1.0;2.0;16.0;1.0;;19;9;2019;17:10;1.0;94;94079;2;1.0;7.0;6.0;NOISY (R DE);48,8321300;2,5448900;4;NOISY (R DE);0.0;;2.0;2;0.0;1.0;0;0;1.0;;;1.0;0.0;1.0;50.0;Val-de-Marne;11;Île-de-France
201900000830;138Â 305Â 016;A01;1.0;1;1.0;2.0;1971.0;0.0;1.0;0.0;;;0;;;3.0;7.0;0.0;1.0;2.0;16.0;1.0;;19;9;2019;17:10;1.0;94;94079;2;1.0;7.0;6.0;NOISY (R DE);48,8321300;2,5448900;4;NOISY (R DE);0.0;;2.0;2;0.0;1.0;0;0;1.0;;;1.0;0.0;1.0;50.0;Val-de-Marne;11;Île-de-France
201900000831;138Â 305Â 014;A01;1.0;1;1.0;1.0;1996.0;5.0;1.0;0.0;;; -1;;;1.0;7.0;0.0;2.0;5.0;15.0;1.0;;20;9;2019;19:50;1.0;93;93048;2;2.0;1.0;3.0;PAUL VAILLANT COUTURIER (BOULEVARD);48,8667200;2,4451200;3;902;0.0;;2.0;3;3.0;1.0;0;0;1.0;;;1.0;0.0;1.0;50.0;Seine-Saint-Denis;11;Île-de-France
201900000831;138Â 305Â 015;B01;1.0;1;3.0;1.0;2000.0;4.0;2.0;0.0;;; -1;;;2.0;30.0;0.0;2.0;1.0;7.0;1.0;;20;9;2019;19:50;1.0;93;93048;2;2.0;1.0;3.0;PAUL VAILLANT COUTURIER (BOULEVARD);48,8667200;2,4451200;3;902;0.0;;2.0;3;3.0;1.0;0;0;1.0;;;1.0;0.0;1.0;50.0;Seine-Saint-Denis;11;Île-de-France
201900000832;138Â 305Â 013;A01;1.0;1;3.0;1.0;1973.0;1.0;8.0;5.0;;; -1;;;2.0;7.0;8.0;0.0;3.0;1.0;1.0;;20;9;2019;14:00;1.0;93;93046;2;5.0;1.0;6.0;SALVADOR ALLENDE CARREFOUR;48,9111778;2,5161780;3;933;0.0;;3.0;5;3.0;1.0;1;0;1.0;;;1.0;5.0;1.0;50.0;Seine-Saint-Denis;11;Île-de-France
201900000833;138Â 305Â 012;A01;1.0;1;1.0;2.0;1975.0;1.0;2.0;0.0;;; -1;;;2.0;34.0;0.0;1.0;1.0;26.0;1.0;;20;9;2019;18:50;1.0;93;93045;2;1.0;1.0;6.0;PARIS RUE DE;48,8840000;2,4182000;3;117;0.0;;2.0;2;0.0;1.0;0;0;1.0;;;1.0;0.0;1.0;50.0;Seine-Saint-Denis;11;Île-de-France
201900000833;138Â 305Â 012;A01;10.0;3;2.0;1.0;2001.0;2.0;8.0;0.0;;3.0;3;1.0;;2.0;34.0;0.0;1.0;1.0;26.0;1.0;;20;9;2019;18:50;1.0;93;93045;2;1.0;1.0;6.0;PARIS RUE DE;48,8840000;2,4182000;3;117;0.0;;2.0;2;0.0;1.0;0;0;1.0;;;1.0;0.0;1.0;50.0;Seine-Saint-Denis;11;Île-de-France
201900000834;138Â 305Â 011;A01;10.0;3;2.0;1.0;2015.0;0.0;8.0;0.0;;4.0;3;2.0;;3.0;34.0;0.0;1.0;1.0;1.0;1.0;;20;9;2019;17:05;1.0;93;93006;2;1.0;1.0;6.0;STALINGRAD AV.;48,8761000;2,4262500;3;20;0.0;;2.0;1;0.0;1.0;1;0;1.0;;;1.0;6.0;1.0;50.0;Seine-Saint-Denis;11;Île-de-France
201900000835;138Â 305Â 009;B01;1.0;1;1.0;1.0;1994.0;0.0;1.0;0.0;;; -1;;;3.0;7.0;0.0;2.0;2.0;1.0;1.0;;18;9;2019;17:00;1.0;93;93032;2;2.0;1.0;1.0;ARISTIDE BRIAND (RUE);48,8828800;2,5350700;3;970;0.0;;1.0;0;0.0;1.0;1;0;1.0;;;1.0;0.0;1.0;50.0;Seine-Saint-Denis;11;Île-de-France
201900000835;138Â 305Â 010;A01;1.0;1;2.0;1.0;1994.0;0.0;8.0;0.0;;; -1;;;3.0;80.0;0.0;2.0;2.0;15.0;3.0;;18;9;2019;17:00;1.0;93;93032;2;2.0;1.0;1.0;ARISTIDE BRIAND (RUE);48,8828800;2,5350700;3;970;0.0;;1.0;0;0.0;1.0;1;0;1.0;;;1.0;0.0;1.0;50.0;Seine-Saint-Denis;11;Île-de-France
201900000836;138Â 305Â 008;A01;10.0;3;2.0;1.0;2000.0;9.0;8.0;0.0;;2.0;3;1.0;;3.0;7.0;0.0;1.0;1.0;1.0;0.0;;18;9;2019;12:35;1.0;93;93027;2;1.0;1.0;6.0;MASSON (RUE SUZANNE);48,9233000;2,3851700;4;MASSON (RUE SUZANNE);0.0;;2.0;2;0.0;1.0;0;0;1.0;;;1.0;0.0;3.0;50.0;Seine-Saint-Denis;11;Île-de-France
201900000836;138Â 305Â 008;A01;1.0;1;1.0;1.0;1958.0;0.0;1.0;0.0;;; -1;;;3.0;7.0;0.0;1.0;1.0;1.0;0.0;;18;9;2019;12:35;1.0;93;93027;2;1.0;1.0;6.0;MASSON (RUE SUZANNE);48,9233000;2,3851700;4;MASSON (RUE SUZANNE);0.0;;2.0;2;0.0;1.0;0;0;1.0;;;1.0;0.0;3.0;50.0;Seine-Saint-Denis;11;Île-de-France
201900000837;138Â 305Â 007;A01;1.0;1;1.0;1.0;1953.0;0.0;1.0;0.0;;; -1;;;1.0;7.0;0.0;1.0;2.0;0.0;1.0;;20;9;2019;10:20;1.0;93;93010;2;1.0;1.0;6.0;MOULIN (AV. JEAN) COTE PAIRS;48,9125120;2,4787230;4;MOULIN (AV. JEAN) COTE PAIRS;0.0;;2.0;2;0.0;1.0;0;0;1.0;;;1.0;0.0;1.0;30.0;Seine-Saint-Denis;11;Île-de-France
201900000837;138Â 305Â 007;A01;10.0;3;2.0;1.0;2013.0;2.0;8.0;0.0;;2.0;3;1.0;;1.0;7.0;0.0;1.0;2.0;0.0;1.0;;20;9;2019;10:20;1.0;93;93010;2;1.0;1.0;6.0;MOULIN (AV. JEAN) COTE PAIRS;48,9125120;2,4787230;4;MOULIN (AV. JEAN) COTE PAIRS;0.0;;2.0;2;0.0;1.0;0;0;1.0;;;1.0;0.0;1.0;30.0;Seine-Saint-Denis;11;Île-de-France
201900000838;138Â 305Â 006;A01;10.0;3;2.0;2.0;2014.0;0.0;8.0;0.0;;5.0;5;2.0;;1.0;7.0;0.0;1.0;2.0;15.0;0.0;;20;9;2019;19:25;2.0;93;93008;2;2.0;1.0;6.0;LUXEMBOURG (RUE DE);48,9124600;2,4642300;3;30;0.0;;2.0;2;0.0;1.0;0;0;1.0;;;1.0;0.0;;50.0;Seine-Saint-Denis;11;Île-de-France