Num_Acc;id_vehicule;num_veh;place;catu;grav;sexe;an_nais;trajet;secu1;secu2;secu3;locp;actp;etatp;id_usager;senc;catv;obs;obsm;choc;manv;motor;occutc;jour;mois;an;hrmn;lum;dep;com;agg;int;atm;col;adr;lat;long;catr;voie;v1;v2;circ;nbv;vosp;prof;pr;pr1;plan;lartpc;larrout;surf;infra;situ;vma;nom_departement;reg;nom_region
201900000838;138Â 305Â 006;A01;1.0;1;1.0;1.0;1981.0;0.0;1.0;0.0;;;0;;;1.0;7.0;0.0;1.0;2.0;15.0;0.0;;20;9;2019;19:25;2.0;93;93008;2;2.0;1.0;6.0;LUXEMBOURG (RUE DE);48,9124600;2,4642300;3;30;0.0;;2.0;2;0.0;1.0;0;0;1.0;;;1.0;0.0;;50.0;Seine-Saint-Denis;11;Île-de-France
201900000839;138Â 305Â 005;A01;1.0;1;1.0;1.0;1992.0;0.0;0.0;;;; -1;;;0.0;7.0;0.0;0.0;0.0;16.0;0.0;;20;9;2019;08:50;1.0;93;93005;2;2.0;1.0;6.0;CHARLES FLOQUET (BOULEVARD);48,9300000;2,5000000;4;CHARLES FLOQUET (BOULEVARD);0.0;;;2;0.0;2.0;0;0;3.0;;;1.0;5.0;1.0;50.0;Seine-Saint-Denis;11;Île-de-France
201900000839;138Â 305Â 005;A01;10.0;3;2.0;1.0;2005.0;0.0;0.0;;;9.0;B;1.0;;0.0;7.0;0.0;0.0;0.0;16.0;0.0;;20;9;2019;08:50;1.0;93;93005;2;2.0;1.0;6.0;CHARLES FLOQUET (BOULEVARD);48,9300000;2,5000000;4;CHARLES FLOQUET (BOULEVARD);0.0;;;2;0.0;2.0;0;0;3.0;;;1.0;5.0;1.0;50.0;Seine-Saint-Denis;11;Île-de-France
201900000840;138Â 305Â 003;B01;1.0;1;2.0;2.0;1995.0;1.0;1.0;0.0;;; -1;;;1.0;7.0;0.0;2.0;6.0;9.0;1.0;;20;9;2019;09:00;1.0;93;93005;2;1.0;1.0;2.0;ROBERT SCHUMAN (CARREFOUR);48,9493440;2,5176750;3;970;0.0;;1.0;3;0.0;1.0;1;0;3.0;;;1.0;5.0;1.0;50.0;Seine-Saint-Denis;11;Île-de-France
201900000840;138Â 305Â 004;A01;1.0;1;1.0;1.0;1982.0;1.0;1.0;0.0;;; -1;;;1.0;7.0;0.0;2.0;1.0;9.0;1.0;;20;9;2019;09:00;1.0;93;93005;2;1.0;1.0;2.0;ROBERT SCHUMAN (CARREFOUR);48,9493440;2,5176750;3;970;0.0;;1.0;3;0.0;1.0;1;0;3.0;;;1.0;5.0;1.0;50.0;Seine-Saint-Denis;11;Île-de-France
201900000841;138Â 305Â 001;A01;1.0;1;1.0;1.0;1981.0;1.0;1.0;0.0;;; -1;;;1.0;7.0;0.0;2.0;2.0;17.0;1.0;;20;9;2019;14:30;1.0;92;92073;2;1.0;1.0;3.0;SELLIER (BOULEVARD HENRI);48,8679800;2,2249400;3;985;0.0;;1.0;8;0.0;2.0;0;0;1.0;;;1.0;0.0;1.0;50.0;Hauts-de-Seine;11;Île-de-France
201900000841;138Â 305Â 002;B01;1.0;1;2.0;1.0;1965.0;1.0;2.0;0.0;;;0;;;1.0;1.0;0.0;2.0;3.0;1.0;5.0;;20;9;2019;14:30;1.0;92;92073;2;1.0;1.0;3.0;SELLIER (BOULEVARD HENRI);48,8679800;2,2249400;3;985;0.0;;1.0;8;0.0;2.0;0;0;1.0;;;1.0;0.0;1.0;50.0;Hauts-de-Seine;11;Île-de-France
201900000842;138Â 304Â 999;B01;1.0;1;2.0;1.0;1974.0;5.0;2.0;0.0;;;0;;;3.0;32.0;0.0;2.0;8.0;1.0;1.0;;18;9;2019;16:58;1.0;92;92072;2;1.0;1.0;3.0;BRUYERES (CARREFOUR DES);48,8213670;2,2187780;4;BRUYERES (CARREFOUR DES);0.0;;4.0;4;0.0;1.0;0;0;1.0;;;1.0;0.0;1.0;50.0;Hauts-de-Seine;11;Île-de-France
201900000842;138Â 305Â 000;A01;1.0;1;1.0;1.0;1985.0;5.0;1.0;0.0;;;0;;;3.0;7.0;0.0;2.0;2.0;15.0;1.0;;18;9;2019;16:58;1.0;92;92072;2;1.0;1.0;3.0;BRUYERES (CARREFOUR DES);48,8213670;2,2187780;4;BRUYERES (CARREFOUR DES);0.0;;4.0;4;0.0;1.0;0;0;1.0;;;1.0;0.0;1.0;50.0;Hauts-de-Seine;11;Île-de-France
201900000843;138Â 304Â 998;A01;10.0;3;2.0;1.0;2006.0;2.0;8.0;0.0;;2.0;3;1.0;;0.0;0.0;0.0;1.0;0.0;0.0;;;20;9;2019;16:00;1.0;92;92062;2;2.0;1.0;6.0;GENERAL DE GAULLE (AV) DU 44 AU 106;48,8876000;2,2331000;3;913;0.0;;3.0;7;0.0;1.0;0;0;1.0;;;1.0;5.0;2.0;50.0;Hauts-de-Seine;11;Île-de-France
201900000843;138Â 304Â 998;A01;1.0;1;1.0;1.0;1971.0;4.0;8.0;0.0;;;0;;;0.0;0.0;0.0;1.0;0.0;0.0;;;20;9;2019;16:00;1.0;92;92062;2;2.0;1.0;6.0;GENERAL DE GAULLE (AV) DU 44 AU 106;48,8876000;2,2331000;3;913;0.0;;3.0;7;0.0;1.0;0;0;1.0;;;1.0;5.0;2.0;50.0;Hauts-de-Seine;11;Île-de-France
201900000844;138Â 304Â 996;A01;1.0;1;2.0;1.0;1989.0;9.0;8.0;0.0;;;0;;;3.0;7.0;0.0;2.0;5.0;25.0;1.0;;20;9;2019;18:05;1.0;92;92050;2;9.0;1.0;2.0;boulevard AimÃ© CÃ©saire;48,8958281;2,2283826;4;boulevard AimÃ© CÃ©saire;0.0;;2.0;2;0.0;1.0;0;0;3.0;;;1.0;0.0;1.0;50.0;Hauts-de-Seine;11;Île-de-France
201900000844;138Â 304Â 997;B01;1.0;1;1.0;2.0;1965.0;1.0;1.0;0.0;;;0;;;3.0;7.0;0.0;2.0;2.0;1.0;1.0;;20;9;2019;18:05;1.0;92;92050;2;9.0;1.0;2.0;boulevard AimÃ© CÃ©saire;48,8958281;2,2283826;4;boulevard AimÃ© CÃ©saire;0.0;;2.0;2;0.0;1.0;0;0;3.0;;;1.0;0.0;1.0;50.0;Hauts-de-Seine;11;Île-de-France
201900000845;138Â 304Â 995;A01;10.0;3;2.0;1.0;2008.0;0.0;8.0;0.0;;3.0;3;1.0;;1.0;3.0;0.0;1.0;1.0;26.0;0.0;;20;9;2019;12:25;1.0;92;92040;2;1.0;7.0;6.0;GABRIEL PERI;48,8019800;2,2672600;4;GABRIEL PERI;0.0;;2.0;2;0.0;1.0;0;0;1.0;;;1.0;0.0;1.0;50.0;Hauts-de-Seine;11;Île-de-France
201900000845;138Â 304Â 995;A01;1.0;1;1.0;2.0;1967.0;0.0;1.0;0.0;;;0;;;1.0;3.0;0.0;1.0;1.0;26.0;0.0;;20;9;2019;12:25;1.0;92;92040;2;1.0;7.0;6.0;GABRIEL PERI;48,8019800;2,2672600;4;GABRIEL PERI;0.0;;2.0;2;0.0;1.0;0;0;1.0;;;1.0;0.0;1.0;50.0;Hauts-de-Seine;11;Île-de-France
201900000846;138Â 304Â 993;A01;10.0;3;2.0;1.0;1959.0;0.0;8.0;0.0;;5.0;2;1.0;;3.0;1.0;0.0;1.0;1.0;1.0;5.0;;8;9;2019;10:35;1.0;92;92040;2;1.0;1.0;1.0;STALINGRAD (QUAI DE);48,8236412;2,2554331;3;7;0.0;;2.0;2;1.0;1.0;0;0;1.0;;;1.0;0.0;1.0;30.0;Hauts-de-Seine;11;Île-de-France
201900000846;138Â 304Â 993;A01;1.0;1;2.0;1.0;1972.0;0.0;8.0;0.0;;;0;;;3.0;1.0;0.0;1.0;1.0;1.0;5.0;;8;9;2019;10:35;1.0;92;92040;2;1.0;1.0;1.0;STALINGRAD (QUAI DE);48,8236412;2,2554331;3;7;0.0;;2.0;2;1.0;1.0;0;0;1.0;;;1.0;0.0;1.0;30.0;Hauts-de-Seine;11;Île-de-France
201900000847;138Â 304Â 990;A01;1.0;1;1.0;1.0;1963.0;4.0;8.0;8.0;;;0;;;2.0;7.0;0.0;2.0;8.0;14.0;1.0;;16;9;2019;11:30;1.0;92;92024;2;2.0;1.0;6.0;CLICHY (QUAI DE) DE (8 A 60);48,9032900;2,2897340;3;1;0.0;;2.0;2;0.0;3.0;0;0;2.0;;;1.0;5.0;1.0;50.0;Hauts-de-Seine;11;Île-de-France
201900000847;138Â 304Â 991;B01;1.0;1;2.0;1.0;1972.0;0.0;8.0;0.0;;;0;;;2.0;7.0;0.0;2.0;7.0;14.0;1.0;;16;9;2019;11:30;1.0;92;92024;2;2.0;1.0;6.0;CLICHY (QUAI DE) DE (8 A 60);48,9032900;2,2897340;3;1;0.0;;2.0;2;0.0;3.0;0;0;2.0;;;1.0;5.0;1.0;50.0;Hauts-de-Seine;11;Île-de-France
201900000847;138Â 304Â 992;C01;1.0;1;1.0;1.0;1965.0;4.0;8.0;0.0;;;0;;;1.0;17.0;0.0;1.0;8.0;15.0;0.0;;16;9;2019;11:30;1.0;92;92024;2;2.0;1.0;6.0;CLICHY (QUAI DE) DE (8 A 60);48,9032900;2,2897340;3;1;0.0;;2.0;2;0.0;3.0;0;0;2.0;;;1.0;5.0;1.0;50.0;Hauts-de-Seine;11;Île-de-France
201900000848;138Â 304Â 987;Y01;10.0;3;2.0;2.0;1993.0;0.0;0.0;0.0;;0.0;0;;;3.0;0.0;0.0;0.0;0.0;0.0;0.0;;20;9;2019;13:40;1.0;92;92071;2;1.0;1.0;6.0;COLBERT (BOULEVARD);48,7783300;2,3029600;7;COLBERT (BOULEVARD);0.0;;2.0;4;0.0;1.0;1;0;1.0;;;1.0;0.0;1.0;50.0;Hauts-de-Seine;11;Île-de-France
201900000848;138Â 304Â 988;B01;1.0;1;1.0;1.0;1969.0;4.0;1.0;0.0;;;0;;;3.0;37.0;0.0;1.0;5.0;0.0;1.0;1.0;20;9;2019;13:40;1.0;92;92071;2;1.0;1.0;6.0;COLBERT (BOULEVARD);48,7783300;2,3029600;7;COLBERT (BOULEVARD);0.0;;2.0;4;0.0;1.0;1;0;1.0;;;1.0;0.0;1.0;50.0;Hauts-de-Seine;11;Île-de-France
201900000848;138Â 304Â 989;A01;1.0;1;1.0;2.0;1980.0;2.0;1.0;0.0;;;0;;;3.0;7.0;0.0;1.0;2.0;1.0;1.0;;20;9;2019;13:40;1.0;92;92071;2;1.0;1.0;6.0;COLBERT (BOULEVARD);48,7783300;2,3029600;7;COLBERT (BOULEVARD);0.0;;2.0;4;0.0;1.0;1;0;1.0;;;1.0;0.0;1.0;50.0;Hauts-de-Seine;11;Île-de-France
201900000849;138Â 304Â 986;A01;10.0;3;2.0;1.0;1989.0;5.0;8.0;0.0;;4.0;3;1.0;;1.0;7.0;0.0;1.0;1.0;26.0;1.0;;20;9;2019;09:00;1.0;92;92012;2;6.0;1.0;6.0;PIERRE GRENIER (AVENUE);48,8253800;2,2483800;3;101;0.0;;2.0;1;0.0;2.0;0;0;1.0;;;1.0;0.0;1.0;50.0;Hauts-de-Seine;11;Île-de-France
201900000850;138Â 304Â 983;A01;1.0;1;3.0;1.0;1955.0;5.0;2.0;6.0;9.0;0.0;0;;;1.0;33.0;0.0;0.0;8.0;1.0;1.0;;21;9;2019;15:00;1.0;47;47241;1;1.0;1.0;7.0;D 153;44,5611630;0,6973120;3;153;;;2.0;2;0.0;1.0;4;500;1.0;;;1.0;0.0;1.0;80.0;Lot-et-Garonne;75;Nouvelle-Aquitaine
201900000851;138Â 304Â 980;A01;1.0;1;1.0;2.0;1949.0;3.0;1.0;;;0.0;0;;;2.0;7.0;0.0;2.0;3.0;9.0;1.0;;21;9;2019;09:40;1.0;22;22209;1;6.0;7.0;3.0;BEAUSSAIS (TrÃ©gon);48,5750790; -2,1760500;3;768;0.0;;4.0;1;0.0;1.0;31;0;2.0;;;1.0;5.0;1.0;50.0;Côtes-d'Armor;53;Bretagne
201900000851;138Â 304Â 981;B01;1.0;1;3.0;1.0;1967.0;3.0;2.0;6.0;;0.0;0;;;2.0;30.0;0.0;2.0;5.0;16.0;1.0;;21;9;2019;09:40;1.0;22;22209;1;6.0;7.0;3.0;BEAUSSAIS (TrÃ©gon);48,5750790; -2,1760500;3;768;0.0;;4.0;1;0.0;1.0;31;0;2.0;;;1.0;5.0;1.0;50.0;Côtes-d'Armor;53;Bretagne
201900000852;138Â 304Â 978;B01;1.0;1;1.0;1.0;1994.0;1.0;1.0;;;0.0;0;;;0.0;7.0;0.0;2.0;3.0;1.0;1.0;;21;9;2019;13:15;1.0;49;49092;1;1.0;1.0;1.0;"route dÃ©paremantale 160 lieu-dit ""l'echo""";47,2265380; -0,7236830;3;160;0.0;;2.0;2;0.0;2.0;(1);(1);4.0;;;1.0;0.0;1.0;80.0;Maine-et-Loire;52;Pays de la Loire
201900000852;138Â 304Â 979;A01;1.0;1;3.0;1.0;1975.0;1.0;2.0;6.0;9.0;0.0;0;;;0.0;33.0;0.0;2.0;1.0;19.0;1.0;;21;9;2019;13:15;1.0;49;49092;1;1.0;1.0;1.0;"route dÃ©paremantale 160 lieu-dit ""l'echo""";47,2265380; -0,7236830;3;160;0.0;;2.0;2;0.0;2.0;(1);(1);4.0;;;1.0;0.0;1.0;80.0;Maine-et-Loire;52;Pays de la Loire
201900000853;138Â 304Â 977;A01;1.0;1;3.0;1.0;1989.0;5.0;2.0;6.0;;0.0;0;;;1.0;33.0;6.0;0.0;1.0;0.0;1.0;;20;9;2019;19:30;2.0;68;68023;2;1.0;1.0;6.0;23 rue du hoen;48,1591360;7,3277490;3;3;;;2.0;2;0.0;1.0;2;660;2.0;;;1.0;0.0;4.0;50.0;Haut-Rhin;44;Grand Est
201900000854;138Â 304Â 976;A01;1.0;1;4.0;1.0;1978.0;5.0;2.0;6.0;9.0;0.0;0;;;2.0;33.0;13.0;0.0;0.0;13.0;6.0;;20;9;2019;20:40;3.0;10;10066;1;1.0;1.0;7.0;PR 8 , RD 34;48,2432450;3,8977100;3;34;;;2.0;2;0.0;1.0;8;(1);3.0;;;1.0;0.0;3.0;80.0;Aube;44;Grand Est
201900000855;138Â 304Â 974;B01;1.0;1;3.0;1.0;1999.0;5.0;2.0;;;0.0;0;;;0.0;50.0;0.0;2.0;1.0;1.0;3.0;;20;9;2019;18:20;1.0;01;01419;1;2.0;1.0;3.0;chemin de prÃ© jacquet;46,2332920;6,0022090;9;;;;2.0;2;0.0;1.0;(1);(1);2.0;;;1.0;0.0;1.0;70.0;Ain;84;Auvergne-Rhône-Alpes
201900000855;138Â 304Â 975;A01;1.0;1;1.0;1.0;1975.0;5.0;1.0;;;0.0;0;;;3.0;7.0;0.0;9.0;5.0;16.0;0.0;;20;9;2019;18:20;1.0;01;01419;1;2.0;1.0;3.0;chemin de prÃ© jacquet;46,2332920;6,0022090;9;;;;2.0;2;0.0;1.0;(1);(1);2.0;;;1.0;0.0;1.0;70.0;Ain;84;Auvergne-Rhône-Alpes
201900000856;138Â 304Â 973;A01;1.0;1;2.0;1.0;1998.0;5.0;8.0;;;0.0;0;;;1.0;7.0;6.0;0.0;1.0;1.0;1.0;;21;9;2019;05:45;5.0;60;60658;2;1.0;1.0;6.0;15 rue nationale;49,2404081;3,0179665;2;2;0.0;;2.0;2;0.0;4.0;29;0;1.0;;;1.0;0.0;4.0;50.0;Oise;32;Hauts-de-France
201900000857;138Â 304Â 971;B01;1.0;1;1.0;2.0;1937.0;5.0;1.0;;;0.0;0;;;3.0;7.0;0.0;2.0;1.0;1.0;1.0;;20;9;2019;09:00;1.0;62;62473;2;7.0;1.0;2.0;3 Rue Emile Basly;50,6184900;2,4705790;9;;;;2.0;2;0.0;1.0;(1);(1);1.0;;;1.0;0.0;1.0;50.0;Pas-de-Calais;32;Hauts-de-France
201900000857;138Â 304Â 972;A01;1.0;1;3.0;1.0;1934.0;5.0;0.0;;;0.0;0;;;0.0;1.0;0.0;2.0;4.0;23.0;5.0;;20;9;2019;09:00;1.0;62;62473;2;7.0;1.0;2.0;3 Rue Emile Basly;50,6184900;2,4705790;9;;;;2.0;2;0.0;1.0;(1);(1);1.0;;;1.0;0.0;1.0;50.0;Pas-de-Calais;32;Hauts-de-France
201900000858;138Â 304Â 969;B01;1.0;1;1.0;1.0;1994.0;5.0;2.0;;;0.0;0;;;0.0;1.0;0.0;2.0;5.0;2.0;5.0;;20;9;2019;19:45;3.0;41;41149;2;1.0;1.0;6.0;Avenue des reclusages;47,7467890;0,8643610;4;;;;2.0;2;0.0;1.0;(1);(1);1.0;;;1.0;0.0;1.0;;Loir-et-Cher;24;Centre-Val de Loire
201900000858;138Â 304Â 970;A01;1.0;1;4.0;1.0;1958.0;5.0;2.0;;;0.0;0;;;3.0;1.0;0.0;9.0;0.0;2.0;5.0;;20;9;2019;19:45;3.0;41;41149;2;1.0;1.0;6.0;Avenue des reclusages;47,7467890;0,8643610;4;;;;2.0;2;0.0;1.0;(1);(1);1.0;;;1.0;0.0;1.0;;Loir-et-Cher;24;Centre-Val de Loire
201900000859;138Â 304Â 968;A01;1.0;1;1.0;1.0;1947.0;1.0;1.0;;;0.0;0;;;2.0;7.0;0.0;1.0;1.0;1.0;0.0;;20;9;2019;21:50;3.0;34;34077;1;1.0;1.0;6.0;cd 21;43,6517760;3,8976560;3;21;;;2.0;2;0.0;1.0;21;80;1.0;;;1.0;0.0;1.0;50.0;Hérault;76;Occitanie
201900000859;138Â 304Â 968;A01;10.0;3;3.0;2.0;2000.0;5.0;0.0;;;3.0;3;2.0;;2.0;7.0;0.0;1.0;1.0;1.0;0.0;;20;9;2019;21:50;3.0;34;34077;1;1.0;1.0;6.0;cd 21;43,6517760;3,8976560;3;21;;;2.0;2;0.0;1.0;21;80;1.0;;;1.0;0.0;1.0;50.0;Hérault;76;Occitanie
201900000860;138Â 304Â 967;A01;1.0;1;4.0;2.0;1973.0;5.0;2.0;6.0;;0.0;0;;;1.0;33.0;13.0;0.0;1.0;1.0;1.0;;21;9;2019;14:20;1.0;62;62773;1;1.0;1.0;6.0;D127E4;50,6330340;1,7892740;3;127;0.0;E;2.0;2;0.0;2.0;72;400;2.0;;;1.0;0.0;3.0;80.0;Pas-de-Calais;32;Hauts-de-France
201900000861;138Â 304Â 966;A01;1.0;1;3.0;1.0;1987.0;9.0;8.0;;;0.0;0;;;1.0;7.0;0.0;0.0;0.0;1.0;1.0;;21;9;2019;01:30;3.0;51;51459;1;1.0;1.0;7.0;RD 934;48,7501934;3,4403820;3;934;0.0;;2.0;2;0.0;2.0;2;700;1.0;;;1.0;0.0;1.0;80.0;Marne;44;Grand Est
201900000862;138Â 304Â 964;A01;2.0;2;3.0;2.0;2002.0;9.0;1.0;;;0.0;0;;;2.0;7.0;0.0;0.0;3.0;3.0;1.0;;20;9;2019;17:00;1.0;56;56237;1;1.0;1.0;1.0;Kernivinen RD767;48,0496910; -2,9301380;3;767;0.0;;2.0;2;0.0;2.0;47;830;3.0;;;1.0;0.0;1.0;80.0;Morbihan;53;Bretagne
201900000862;138Â 304Â 964;A01;1.0;1;3.0;2.0;1983.0;5.0;1.0;;;0.0;0;;;2.0;7.0;0.0;0.0;3.0;3.0;1.0;;20;9;2019;17:00;1.0;56;56237;1;1.0;1.0;1.0;Kernivinen RD767;48,0496910; -2,9301380;3;767;0.0;;2.0;2;0.0;2.0;47;830;3.0;;;1.0;0.0;1.0;80.0;Morbihan;53;Bretagne
201900000862;138Â 304Â 965;B01;1.0;1;3.0;1.0;1984.0;2.0;1.0;;;0.0;0;;;1.0;7.0;0.0;0.0;3.0;1.0;1.0;;20;9;2019;17:00;1.0;56;56237;1;1.0;1.0;1.0;Kernivinen RD767;48,0496910; -2,9301380;3;767;0.0;;2.0;2;0.0;2.0;47;830;3.0;;;1.0;0.0;1.0;80.0;Morbihan;53;Bretagne
201900000862;138Â 304Â 965;B01;2.0;2;1.0;1.0;2007.0;2.0;1.0;;;0.0;0;;;1.0;7.0;0.0;0.0;3.0;1.0;1.0;;20;9;2019;17:00;1.0;56;56237;1;1.0;1.0;1.0;Kernivinen RD767;48,0496910; -2,9301380;3;767;0.0;;2.0;2;0.0;2.0;47;830;3.0;;;1.0;0.0;1.0;80.0;Morbihan;53;Bretagne
201900000863;138Â 304Â 963;A01;1.0;1;3.0;1.0;1962.0;5.0;2.0;;;0.0;0;;;3.0;31.0;0.0;0.0;8.0;1.0;1.0;;20;9;2019;22:10;3.0;76;76020;1;1.0;1.0;7.0;Route du Colombier;49,4492100;0,8809090;4;;;;2.0;2;0.0;1.0;(1);(1);1.0;;;1.0;0.0;3.0;80.0;Seine-Maritime;28;Normandie
201900000864;138Â 304Â 961;A01;1.0;1;2.0;1.0;1991.0;1.0;1.0;;;0.0;0;;;2.0;7.0;0.0;0.0;1.0;1.0;1.0;;21;9;2019;05:30;3.0;76;76242;1;1.0;1.0;1.0;cd916;49,4643680;1,6965340;3;916;;;2.0;2;0.0;1.0;8;400;1.0;;;1.0;0.0;1.0;80.0;Seine-Maritime;28;Normandie
201900000864;138Â 304Â 962;B01;1.0;1;2.0;1.0;1994.0;5.0;1.0;;;0.0;0;;;1.0;7.0;9.0;2.0;1.0;13.0;1.0;;21;9;2019;05:30;3.0;76;76242;1;1.0;1.0;1.0;cd916;49,4643680;1,6965340;3;916;;;2.0;2;0.0;1.0;8;400;1.0;;;1.0;0.0;1.0;80.0;Seine-Maritime;28;Normandie
201900000864;138Â 304Â 962;B01;2.0;2;2.0;1.0;1991.0;5.0;1.0;;;0.0;0;;;1.0;7.0;9.0;2.0;1.0;13.0;1.0;;21;9;2019;05:30;3.0;76;76242;1;1.0;1.0;1.0;cd916;49,4643680;1,6965340;3;916;;;2.0;2;0.0;1.0;8;400;1.0;;;1.0;0.0;1.0;80.0;Seine-Maritime;28;Normandie
201900000865;138Â 304Â 959;B01;1.0;1;3.0;2.0;1973.0;1.0;1.0;;;0.0;0;;;2.0;7.0;0.0;0.0;4.0;26.0;0.0;;20;9;2019;06:30;3.0;41;41110;1;1.0;1.0;2.0;Point kilomÃ©trique 189, autoroute A85;47,3124060;1,8245570;1;85;0.0;A;1.0;4;0.0;1.0;189;0;1.0;;;1.0;0.0;2.0;130.0;Loir-et-Cher;24;Centre-Val de Loire
201900000865;138Â 304Â 960;A01;1.0;1;2.0;1.0;1969.0;4.0;1.0;;;0.0;0;;;2.0;7.0;3.0;2.0;1.0;0.0;0.0;;20;9;2019;06:30;3.0;41;41110;1;1.0;1.0;2.0;Point kilomÃ©trique 189, autoroute A85;47,3124060;1,8245570;1;85;0.0;A;1.0;4;0.0;1.0;189;0;1.0;;;1.0;0.0;2.0;130.0;Loir-et-Cher;24;Centre-Val de Loire
201900000866;138Â 304Â 958;A01;1.0;1;3.0;1.0;1953.0;5.0;2.0;;;0.0;0;;;2.0;1.0;10.0;0.0;1.0;1.0;5.0;;20;9;2019;15:20;1.0;65;65036;1;1.0;1.0;6.0;Rd 100 Pk 5+800;42,9876438; -0,0565356;3;100;0.0;;2.0;2;0.0;2.0;5;800;3.0;;;1.0;0.0;1.0;80.0;Hautes-Pyrénées;76;Occitanie
201900000867;138Â 304Â 955;A01;1.0;1;4.0;1.0;1986.0;5.0;2.0;;;0.0;0;;;2.0;33.0;0.0;2.0;1.0;1.0;1.0;;20;9;2019;19:30;1.0;63;63295;1;2.0;1.0;1.0;Lieu dit Jussat;45,9970063;3,3561999;3;1093;0.0;;2.0;2;0.0;3.0;2;0;1.0;;;1.0;0.0;1.0;70.0;Puy-de-Dôme;84;Auvergne-Rhône-Alpes
201900000867;138Â 304Â 956;B01;1.0;1;1.0;2.0;1987.0;5.0;1.0;;;0.0;0;;;2.0;7.0;0.0;2.0;3.0;1.0;1.0;;20;9;2019;19:30;1.0;63;63295;1;2.0;1.0;1.0;Lieu dit Jussat;45,9970063;3,3561999;3;1093;0.0;;2.0;2;0.0;3.0;2;0;1.0;;;1.0;0.0;1.0;70.0;Puy-de-Dôme;84;Auvergne-Rhône-Alpes
201900000868;138Â 304Â 954;A01;3.0;2;2.0;2.0;2002.0;5.0;1.0;;;0.0;0;;;2.0;7.0;13.0;0.0;2.0;14.0;1.0;;14;9;2019;11:50;1.0;61;61284;1;1.0;1.0;6.0;6 Route d'Essay;48,5941030;0,3384690;3;31;;;2.0;2;0.0;1.0;23;380;1.0;;;1.0;0.0;3.0;80.0;Orne;28;Normandie
201900000868;138Â 304Â 954;A01;4.0;2;2.0;2.0;2000.0;5.0;1.0;;;0.0;0;;;2.0;7.0;13.0;0.0;2.0;14.0;1.0;;14;9;2019;11:50;1.0;61;61284;1;1.0;1.0;6.0;6 Route d'Essay;48,5941030;0,3384690;3;31;;;2.0;2;0.0;1.0;23;380;1.0;;;1.0;0.0;3.0;80.0;Orne;28;Normandie
201900000868;138Â 304Â 954;A01;2.0;2;2.0;1.0;1941.0;5.0;1.0;;;0.0;0;;;2.0;7.0;13.0;0.0;2.0;14.0;1.0;;14;9;2019;11:50;1.0;61;61284;1;1.0;1.0;6.0;6 Route d'Essay;48,5941030;0,3384690;3;31;;;2.0;2;0.0;1.0;23;380;1.0;;;1.0;0.0;3.0;80.0;Orne;28;Normandie
201900000868;138Â 304Â 954;A01;7.0;2;2.0;2.0;1972.0;5.0;1.0;;;0.0;0;;;2.0;7.0;13.0;0.0;2.0;14.0;1.0;;14;9;2019;11:50;1.0;61;61284;1;1.0;1.0;6.0;6 Route d'Essay;48,5941030;0,3384690;3;31;;;2.0;2;0.0;1.0;23;380;1.0;;;1.0;0.0;3.0;80.0;Orne;28;Normandie
201900000868;138Â 304Â 954;A01;9.0;2;2.0;2.0;1944.0;5.0;1.0;;;0.0;0;;;2.0;7.0;13.0;0.0;2.0;14.0;1.0;;14;9;2019;11:50;1.0;61;61284;1;1.0;1.0;6.0;6 Route d'Essay;48,5941030;0,3384690;3;31;;;2.0;2;0.0;1.0;23;380;1.0;;;1.0;0.0;3.0;80.0;Orne;28;Normandie
201900000868;138Â 304Â 954;A01;1.0;1;2.0;2.0;1968.0;5.0;1.0;;;0.0;0;;;2.0;7.0;13.0;0.0;2.0;14.0;1.0;;14;9;2019;11:50;1.0;61;61284;1;1.0;1.0;6.0;6 Route d'Essay;48,5941030;0,3384690;3;31;;;2.0;2;0.0;1.0;23;380;1.0;;;1.0;0.0;3.0;80.0;Orne;28;Normandie
201900000869;138Â 304Â 952;B01;1.0;1;1.0;1.0;1991.0;5.0;1.0;;;0.0;0;;;2.0;7.0;0.0;2.0;1.0;1.0;1.0;;1;9;2019;19:00;1.0;49;49088;1;3.0;1.0;1.0;D180;47,7555010; -1,1131890;3;180;;;2.0;2;0.0;1.0;35;950;1.0;;;1.0;5.0;1.0;80.0;Maine-et-Loire;52;Pays de la Loire
201900000869;138Â 304Â 953;A01;1.0;1;3.0;1.0;2002.0;5.0;2.0;;;0.0;0;;;1.0;2.0;0.0;2.0;1.0;15.0;1.0;;1;9;2019;19:00;1.0;49;49088;1;3.0;1.0;1.0;D180;47,7555010; -1,1131890;3;180;;;2.0;2;0.0;1.0;35;950;1.0;;;1.0;5.0;1.0;80.0;Maine-et-Loire;52;Pays de la Loire
201900000870;138Â 304Â 950;B01;1.0;1;1.0;1.0;1944.0;1.0;1.0;;;0.0;0;;;2.0;21.0;0.0;0.0;4.0;11.0;1.0;;9;9;2019;09:00;1.0;34;34130;1;9.0;1.0;2.0;rd909;43,5212649;3,1887739;3;909;0.0;;2.0;2;0.0;1.0;21;600;1.0;;;1.0;0.0;1.0;80.0;Hérault;76;Occitanie