Num_Acc;id_vehicule;num_veh;place;catu;grav;sexe;an_nais;trajet;secu1;secu2;secu3;locp;actp;etatp;id_usager;senc;catv;obs;obsm;choc;manv;motor;occutc;jour;mois;an;hrmn;lum;dep;com;agg;int;atm;col;adr;lat;long;catr;voie;v1;v2;circ;nbv;vosp;prof;pr;pr1;plan;lartpc;larrout;surf;infra;situ;vma;nom_departement;reg;nom_region
201900000870;138Â 304Â 951;A01;1.0;1;2.0;1.0;1981.0;0.0;2.0;6.0;;0.0;0;;;2.0;2.0;0.0;2.0;1.0;1.0;1.0;;9;9;2019;09:00;1.0;34;34130;1;9.0;1.0;2.0;rd909;43,5212649;3,1887739;3;909;0.0;;2.0;2;0.0;1.0;21;600;1.0;;;1.0;0.0;1.0;80.0;Hérault;76;Occitanie
201900000871;138Â 304Â 948;A01;1.0;1;1.0;1.0;1995.0;4.0;9.0;;;0.0;0;;;1.0;21.0;0.0;9.0;3.0;13.0;1.0;;20;9;2019;20:21;2.0;22;22087;1;1.0;1.0;1.0;Lustruyen;48,2778890; -3,3035490;3;49;0.0;;2.0;2;0.0;1.0;3;1440;3.0;;;1.0;0.0;1.0;80.0;Côtes-d'Armor;53;Bretagne
201900000871;138Â 304Â 949;B01;1.0;1;3.0;1.0;2001.0;1.0;2.0;;;0.0;0;;;2.0;30.0;0.0;9.0;8.0;0.0;1.0;;20;9;2019;20:21;2.0;22;22087;1;1.0;1.0;1.0;Lustruyen;48,2778890; -3,3035490;3;49;0.0;;2.0;2;0.0;1.0;3;1440;3.0;;;1.0;0.0;1.0;80.0;Côtes-d'Armor;53;Bretagne
201900000872;138Â 304Â 947;A01;1.0;1;3.0;1.0;1982.0;5.0;2.0;6.0;;0.0;0;;;1.0;33.0;0.0;0.0;0.0;1.0;1.0;;22;8;2019;19:45;1.0;39;39274;1;1.0;1.0;7.0;;46,3690540;5,9845490;3;436;;;2.0;2;0.0;2.0;42;830;2.0;;;1.0;0.0;1.0;80.0;Jura;27;Bourgogne-Franche-Comté
201900000873;138Â 304Â 946;A01;1.0;1;3.0;1.0;1990.0;0.0;1.0;;;0.0;0;;;2.0;7.0;7.0;0.0;8.0;0.0;1.0;;21;9;2019;02:50;3.0;25;25050;1;1.0;1.0;6.0;La Vie Paul et Richard;47,1203630;6,6202460;3;242;0.0;;2.0;2;0.0;1.0;5;110;1.0;;;1.0;0.0;3.0;80.0;Doubs;27;Bourgogne-Franche-Comté
201900000874;138Â 304Â 945;A01;2.0;2;3.0;2.0;1993.0;5.0;1.0;;;0.0;0;;;2.0;7.0;0.0;0.0;1.0;1.0;1.0;;19;9;2019;17:15;1.0;35;35340;1;9.0;1.0;7.0;pk 26+400;48,0274200; -2,0289450;2;24;;;3.0;4;0.0;1.0;27;400;1.0;;;1.0;0.0;3.0;110.0;Ille-et-Vilaine;53;Bretagne
201900000874;138Â 304Â 945;A01;1.0;1;1.0;1.0;1990.0;5.0;1.0;;;0.0;0;;;2.0;7.0;0.0;0.0;1.0;1.0;1.0;;19;9;2019;17:15;1.0;35;35340;1;9.0;1.0;7.0;pk 26+400;48,0274200; -2,0289450;2;24;;;3.0;4;0.0;1.0;27;400;1.0;;;1.0;0.0;3.0;110.0;Ille-et-Vilaine;53;Bretagne
201900000875;138Â 304Â 942;A01;2.0;2;3.0;1.0;2001.0;5.0;1.0;;;0.0;0;;;1.0;7.0;0.0;0.0;9.0;0.0;1.0;;21;9;2019;19:15;3.0;38;38139;1;1.0;8.0;7.0;route dÃ©partmentale D14A;45,7617200;5,4560100;3;14;0.0;A;2.0;2;0.0;1.0;2;400;1.0;;;1.0;0.0;1.0;80.0;Isère;84;Auvergne-Rhône-Alpes
201900000875;138Â 304Â 942;A01;1.0;1;1.0;1.0;2001.0;5.0;1.0;;;0.0;0;;;1.0;7.0;0.0;0.0;9.0;0.0;1.0;;21;9;2019;19:15;3.0;38;38139;1;1.0;8.0;7.0;route dÃ©partmentale D14A;45,7617200;5,4560100;3;14;0.0;A;2.0;2;0.0;1.0;2;400;1.0;;;1.0;0.0;1.0;80.0;Isère;84;Auvergne-Rhône-Alpes
201900000875;138Â 304Â 942;A01;7.0;2;1.0;1.0;2000.0;5.0;1.0;;;0.0;0;;;1.0;7.0;0.0;0.0;9.0;0.0;1.0;;21;9;2019;19:15;3.0;38;38139;1;1.0;8.0;7.0;route dÃ©partmentale D14A;45,7617200;5,4560100;3;14;0.0;A;2.0;2;0.0;1.0;2;400;1.0;;;1.0;0.0;1.0;80.0;Isère;84;Auvergne-Rhône-Alpes
201900000875;138Â 304Â 942;A01;9.0;2;1.0;1.0;2000.0;5.0;1.0;;;0.0;0;;;1.0;7.0;0.0;0.0;9.0;0.0;1.0;;21;9;2019;19:15;3.0;38;38139;1;1.0;8.0;7.0;route dÃ©partmentale D14A;45,7617200;5,4560100;3;14;0.0;A;2.0;2;0.0;1.0;2;400;1.0;;;1.0;0.0;1.0;80.0;Isère;84;Auvergne-Rhône-Alpes
201900000876;138Â 304Â 941;A01;2.0;2;2.0;1.0;2001.0;5.0;1.0;;;0.0;0;;;0.0;7.0;13.0;0.0;2.0;1.0;0.0;;21;9;2019;15:00;1.0;01;01113;1;1.0;1.0;7.0;AllÃ©e de Romans;46,1501686;5,0662855;4;;0.0;;2.0;2;0.0;1.0;(1);(1);2.0;;;1.0;0.0;3.0;50.0;Ain;84;Auvergne-Rhône-Alpes
201900000876;138Â 304Â 941;A01;1.0;1;3.0;1.0;2001.0;5.0;1.0;;;0.0;0;;;0.0;7.0;13.0;0.0;2.0;1.0;0.0;;21;9;2019;15:00;1.0;01;01113;1;1.0;1.0;7.0;AllÃ©e de Romans;46,1501686;5,0662855;4;;0.0;;2.0;2;0.0;1.0;(1);(1);2.0;;;1.0;0.0;3.0;50.0;Ain;84;Auvergne-Rhône-Alpes
201900000877;138Â 304Â 940;A01;1.0;1;2.0;1.0;1963.0;5.0;2.0;6.0;;0.0;0;;;2.0;2.0;3.0;0.0;0.0;13.0;1.0;;20;9;2019;16:20;1.0;14;14575;1;1.0;1.0;6.0;La Forge St Cloud;49,2984140;0,1267760;3;278;;;2.0;2;0.0;1.0;3;100;2.0;;;1.0;2.0;3.0;50.0;Calvados;28;Normandie
201900000878;138Â 304Â 938;B01;1.0;1;1.0;1.0;2001.0;1.0;1.0;5.0;;0.0;0;;;2.0;7.0;0.0;2.0;3.0;13.0;1.0;;20;9;2019;19:20;1.0;14;14297;1;1.0;7.0;1.0;D214;49,1163350; -0,5040100;3;214;;;2.0;2;0.0;2.0;16;900;2.0;;;1.0;0.0;1.0;80.0;Calvados;28;Normandie
201900000878;138Â 304Â 939;A01;1.0;1;3.0;1.0;1996.0;5.0;1.0;5.0;;0.0;0;;;1.0;7.0;0.0;2.0;3.0;1.0;1.0;;20;9;2019;19:20;1.0;14;14297;1;1.0;7.0;1.0;D214;49,1163350; -0,5040100;3;214;;;2.0;2;0.0;2.0;16;900;2.0;;;1.0;0.0;1.0;80.0;Calvados;28;Normandie
201900000879;138Â 304Â 936;B01;1.0;1;2.0;1.0;1960.0;5.0;2.0;;;0.0;0;;;0.0;1.0;0.0;2.0;4.0;2.0;5.0;;21;9;2019;15:35;1.0;50;50507;1;1.0;1.0;2.0;RD 421;49,4950110; -1,2656440;3;421;0.0;A;2.0;2;0.0;1.0;(1);(1);1.0;;;1.0;0.0;1.0;80.0;Manche;28;Normandie
201900000879;138Â 304Â 937;A01;1.0;1;1.0;1.0;1939.0;5.0;1.0;;;0.0;0;;;0.0;7.0;0.0;2.0;2.0;2.0;1.0;;21;9;2019;15:35;1.0;50;50507;1;1.0;1.0;2.0;RD 421;49,4950110; -1,2656440;3;421;0.0;A;2.0;2;0.0;1.0;(1);(1);1.0;;;1.0;0.0;1.0;80.0;Manche;28;Normandie
201900000880;138Â 304Â 934;B01;1.0;1;1.0;1.0;1999.0;5.0;1.0;;;0.0;0;;;1.0;7.0;0.0;0.0;6.0;23.0;1.0;;20;9;2019;23:00;5.0;73;73300;2;1.0;1.0;2.0;D1201  Boulevard Jean Charcot;45,6890004;5,8956964;3;1201;;;3.0;2;2.0;1.0;16;850;1.0;;;1.0;0.0;1.0;50.0;Savoie;84;Auvergne-Rhône-Alpes
201900000880;138Â 304Â 935;A01;1.0;1;3.0;1.0;1960.0;5.0;2.0;6.0;;0.0;0;;;1.0;33.0;0.0;2.0;1.0;2.0;1.0;;20;9;2019;23:00;5.0;73;73300;2;1.0;1.0;2.0;D1201  Boulevard Jean Charcot;45,6890004;5,8956964;3;1201;;;3.0;2;2.0;1.0;16;850;1.0;;;1.0;0.0;1.0;50.0;Savoie;84;Auvergne-Rhône-Alpes
201900000881;138Â 304Â 933;A01;1.0;1;2.0;1.0;1994.0;5.0;6.0;2.0;9.0;0.0;0;;;2.0;33.0;13.0;0.0;1.0;1.0;1.0;;20;9;2019;13:45;1.0;43;43119;1;1.0;1.0;7.0;RD 103 - PK 71+200;45,1112390;3,8974100;3;103;;;2.0;2;0.0;1.0;71;200;2.0;;;1.0;0.0;3.0;80.0;Haute-Loire;84;Auvergne-Rhône-Alpes
201900000882;138Â 304Â 932;A01;2.0;2;3.0;2.0;1974.0;5.0;2.0;6.0;;0.0;0;;;1.0;33.0;0.0;0.0;7.0;21.0;1.0;;20;9;2019;22:45;3.0;16;16414;1;1.0;1.0;7.0;Les Couates;45,8589490;0,0838960;3;69;0.0;;2.0;2;0.0;1.0;7;340;3.0;0.0;4.2;1.0;0.0;1.0;80.0;Charente;75;Nouvelle-Aquitaine
201900000882;138Â 304Â 932;A01;1.0;1;3.0;1.0;1977.0;5.0;2.0;6.0;;0.0;0;;;1.0;33.0;0.0;0.0;7.0;21.0;1.0;;20;9;2019;22:45;3.0;16;16414;1;1.0;1.0;7.0;Les Couates;45,8589490;0,0838960;3;69;0.0;;2.0;2;0.0;1.0;7;340;3.0;0.0;4.2;1.0;0.0;1.0;80.0;Charente;75;Nouvelle-Aquitaine
201900000883;138Â 304Â 930;A01;2.0;1;1.0;1.0;1988.0;4.0;1.0;;;0.0;0;;;2.0;10.0;0.0;2.0;2.0;15.0;1.0;;21;9;2019;13:40;1.0;53;53121;1;3.0;1.0;1.0;Le Laisy;48,4161420; -0,3436990;2;12;;N;2.0;2;0.0;4.0;16;400;1.0;;;1.0;5.0;1.0;70.0;Mayenne;52;Pays de la Loire
201900000883;138Â 304Â 931;B01;1.0;1;3.0;1.0;1963.0;5.0;2.0;6.0;;0.0;0;;;1.0;33.0;0.0;2.0;1.0;1.0;1.0;;21;9;2019;13:40;1.0;53;53121;1;3.0;1.0;1.0;Le Laisy;48,4161420; -0,3436990;2;12;;N;2.0;2;0.0;4.0;16;400;1.0;;;1.0;5.0;1.0;70.0;Mayenne;52;Pays de la Loire
201900000884;138Â 304Â 928;B01;1.0;1;2.0;1.0;2004.0;5.0;2.0;6.0;;0.0;0;;;0.0;2.0;0.0;2.0;1.0;1.0;1.0;;20;9;2019;20:35;2.0;27;27062;2;1.0;1.0;1.0;1315 Route du Val;49,2961240;0,8398520;4;;;;2.0;2;0.0;1.0;(1);(1);1.0;;;1.0;0.0;1.0;50.0;Eure;28;Normandie
201900000884;138Â 304Â 929;A01;1.0;1;3.0;1.0;2003.0;5.0;2.0;6.0;;0.0;0;;;0.0;2.0;0.0;2.0;1.0;1.0;1.0;;20;9;2019;20:35;2.0;27;27062;2;1.0;1.0;1.0;1315 Route du Val;49,2961240;0,8398520;4;;;;2.0;2;0.0;1.0;(1);(1);1.0;;;1.0;0.0;1.0;50.0;Eure;28;Normandie
201900000885;138Â 304Â 926;A01;1.0;1;4.0;1.0;1982.0;5.0;1.0;;;0.0;0;;;2.0;7.0;0.0;2.0;3.0;13.0;1.0;;20;9;2019;18:25;1.0;87;87006;1;1.0;7.0;1.0;RD49;46,3268260;1,0606340;3;49;;;2.0;2;0.0;1.0;33;750;2.0;;;1.0;0.0;1.0;80.0;Haute-Vienne;75;Nouvelle-Aquitaine
201900000885;138Â 304Â 927;B01;1.0;1;2.0;1.0;1984.0;4.0;1.0;;;0.0;0;;;1.0;38.0;0.0;0.0;3.0;1.0;1.0;1.0;20;9;2019;18:25;1.0;87;87006;1;1.0;7.0;1.0;RD49;46,3268260;1,0606340;3;49;;;2.0;2;0.0;1.0;33;750;2.0;;;1.0;0.0;1.0;80.0;Haute-Vienne;75;Nouvelle-Aquitaine
201900000886;138Â 304Â 925;A01;1.0;1;4.0;1.0;1999.0;5.0;1.0;;;0.0;0;;;2.0;7.0;2.0;0.0;3.0;13.0;1.0;;21;9;2019;05:30;3.0;48;48128;1;1.0;8.0;6.0;D806 MasbÃ©rals le Vieux;44,7446620;3,3404740;3;806;;;2.0;2;0.0;2.0;116;200;1.0;;;9.0;0.0;1.0;80.0;Lozère;76;Occitanie
201900000887;138Â 304Â 923;A01;1.0;1;1.0;1.0;1956.0;4.0;1.0;;;0.0;0;;;2.0;38.0;0.0;9.0;1.0;15.0;1.0;1.0;20;9;2019;07:45;1.0;49;49132;2;3.0;1.0;6.0;Rue de la Garenne;47,6493570; -0,4418740;4;;0.0;;2.0;2;0.0;1.0;(1);(1);1.0;;;1.0;0.0;1.0;50.0;Maine-et-Loire;52;Pays de la Loire
201900000887;138Â 304Â 924;B01;1.0;1;3.0;1.0;1939.0;5.0;0.0;;;0.0;0;;;2.0;1.0;0.0;2.0;8.0;5.0;5.0;;20;9;2019;07:45;1.0;49;49132;2;3.0;1.0;6.0;Rue de la Garenne;47,6493570; -0,4418740;4;;0.0;;2.0;2;0.0;1.0;(1);(1);1.0;;;1.0;0.0;1.0;50.0;Maine-et-Loire;52;Pays de la Loire
201900000888;138Â 304Â 921;B01;1.0;1;1.0;1.0;1948.0;5.0;0.0;;;0.0;0;;;3.0;1.0;0.0;9.0;2.0;19.0;5.0;;14;9;2019;16:10;1.0;35;35131;2;2.0;1.0;3.0;Rue Ernest Renan;48,1293510; -1,8095160;4;;;;2.0;2;0.0;1.0;(1);(1);1.0;;;1.0;0.0;1.0;50.0;Ille-et-Vilaine;53;Bretagne
201900000888;138Â 304Â 922;A01;1.0;1;3.0;1.0;1966.0;3.0;0.0;;;0.0;0;;;3.0;50.0;0.0;9.0;7.0;1.0;3.0;;14;9;2019;16:10;1.0;35;35131;2;2.0;1.0;3.0;Rue Ernest Renan;48,1293510; -1,8095160;4;;;;2.0;2;0.0;1.0;(1);(1);1.0;;;1.0;0.0;1.0;50.0;Ille-et-Vilaine;53;Bretagne
201900000889;138Â 304Â 919;A01;1.0;1;3.0;1.0;1984.0;5.0;2.0;;;0.0;0;;;1.0;1.0;0.0;2.0;1.0;2.0;5.0;;21;9;2019;10:30;1.0;38;38289;1;1.0;1.0;6.0;D44 C;45,1263300;6,0432400;3;44;0.0;C;2.0;1;0.0;2.0;0;250;2.0;;;2.0;0.0;1.0;80.0;Isère;84;Auvergne-Rhône-Alpes
201900000889;138Â 304Â 920;B01;1.0;1;3.0;1.0;1978.0;5.0;2.0;;;0.0;0;;;1.0;1.0;0.0;0.0;4.0;2.0;5.0;;21;9;2019;10:30;1.0;38;38289;1;1.0;1.0;6.0;D44 C;45,1263300;6,0432400;3;44;0.0;C;2.0;1;0.0;2.0;0;250;2.0;;;2.0;0.0;1.0;80.0;Isère;84;Auvergne-Rhône-Alpes
201900000890;138Â 304Â 918;A01;1.0;1;4.0;1.0;1988.0;5.0;1.0;;;0.0;0;;;3.0;7.0;8.0;0.0;7.0;1.0;1.0;;21;9;2019;11:00;1.0;988;98814;1;1.0;1.0;6.0;R.M.12; -20,9322200;167,1038200;4;12;;;2.0;2;0.0;1.0;(1);(1);2.0;;;1.0;0.0;3.0;90.0;;;
201900000891;138Â 304Â 917;A01;5.0;2;2.0;1.0;2007.0;0.0;8.0;;;0.0;0;;;3.0;7.0;0.0;0.0;9.0;0.0;1.0;;21;9;2019;05:30;2.0;988;98804;1;1.0;1.0;7.0;R.P.N.3; -21,5264300;165,9712800;3;3;0.0;;2.0;2;0.0;1.0;(1);(1);3.0;;;1.0;0.0;8.0;50.0;;;
201900000891;138Â 304Â 917;A01;2.0;2;2.0;1.0;2005.0;0.0;8.0;;;0.0;0;;;3.0;7.0;0.0;0.0;9.0;0.0;1.0;;21;9;2019;05:30;2.0;988;98804;1;1.0;1.0;7.0;R.P.N.3; -21,5264300;165,9712800;3;3;0.0;;2.0;2;0.0;1.0;(1);(1);3.0;;;1.0;0.0;8.0;50.0;;;
201900000891;138Â 304Â 917;A01;1.0;1;1.0;1.0;2003.0;9.0;8.0;;;0.0;0;;;3.0;7.0;0.0;0.0;9.0;0.0;1.0;;21;9;2019;05:30;2.0;988;98804;1;1.0;1.0;7.0;R.P.N.3; -21,5264300;165,9712800;3;3;0.0;;2.0;2;0.0;1.0;(1);(1);3.0;;;1.0;0.0;8.0;50.0;;;
201900000892;138Â 304Â 915;B01;2.0;2;2.0;2.0;1963.0;5.0;8.0;;;0.0;0;;;2.0;7.0;8.0;2.0;1.0;1.0;1.0;;21;9;2019;12:15;1.0;45;45253;1;1.0;1.0;1.0;D927;48,1677526;2,2208833;3;927;;;2.0;2;0.0;1.0;2;700;1.0;;;1.0;0.0;1.0;70.0;Loiret;24;Centre-Val de Loire
201900000892;138Â 304Â 915;B01;1.0;1;2.0;1.0;1994.0;5.0;8.0;;;0.0;0;;;2.0;7.0;8.0;2.0;1.0;1.0;1.0;;21;9;2019;12:15;1.0;45;45253;1;1.0;1.0;1.0;D927;48,1677526;2,2208833;3;927;;;2.0;2;0.0;1.0;2;700;1.0;;;1.0;0.0;1.0;70.0;Loiret;24;Centre-Val de Loire
201900000892;138Â 304Â 915;B01;7.0;2;2.0;2.0;2010.0;5.0;8.0;;;0.0;0;;;2.0;7.0;8.0;2.0;1.0;1.0;1.0;;21;9;2019;12:15;1.0;45;45253;1;1.0;1.0;1.0;D927;48,1677526;2,2208833;3;927;;;2.0;2;0.0;1.0;2;700;1.0;;;1.0;0.0;1.0;70.0;Loiret;24;Centre-Val de Loire
201900000892;138Â 304Â 916;A01;1.0;1;2.0;1.0;1996.0;1.0;8.0;;;0.0;0;;;1.0;7.0;0.0;2.0;1.0;17.0;1.0;;21;9;2019;12:15;1.0;45;45253;1;1.0;1.0;1.0;D927;48,1677526;2,2208833;3;927;;;2.0;2;0.0;1.0;2;700;1.0;;;1.0;0.0;1.0;70.0;Loiret;24;Centre-Val de Loire
201900000893;138Â 304Â 913;B01;1.0;1;3.0;1.0;2001.0;1.0;8.0;;;0.0;0;;;1.0;2.0;0.0;2.0;3.0;1.0;1.0;;13;9;2019;07:45;1.0;45;45028;2;9.0;1.0;3.0;48 AV DE BLOIS;47,7748472;1,6232825;3;2152;;;2.0;2;0.0;1.0;85;850;1.0;;;1.0;0.0;1.0;50.0;Loiret;24;Centre-Val de Loire
201900000893;138Â 304Â 914;A01;1.0;1;1.0;1.0;1987.0;1.0;8.0;;;0.0;0;;;3.0;10.0;0.0;2.0;7.0;4.0;1.0;;13;9;2019;07:45;1.0;45;45028;2;9.0;1.0;3.0;48 AV DE BLOIS;47,7748472;1,6232825;3;2152;;;2.0;2;0.0;1.0;85;850;1.0;;;1.0;0.0;1.0;50.0;Loiret;24;Centre-Val de Loire
201900000894;138Â 304Â 912;B01;1.0;1;2.0;1.0;1982.0;1.0;2.0;6.0;9.0;0.0;0;;;1.0;31.0;14.0;2.0;7.0;17.0;0.0;;20;9;2019;16:45;1.0;77;77392;1;1.0;1.0;3.0;D401;49,0556600;2,7129100;3;401;0.0;;2.0;2;0.0;1.0;11;25;1.0;;;1.0;0.0;1.0;70.0;Seine-et-Marne;11;Île-de-France
201900000895;138Â 304Â 910;A01;1.0;1;1.0;2.0;1987.0;5.0;8.0;;;0.0;0;;;3.0;7.0;0.0;1.0;3.0;1.0;1.0;;20;9;2019;18:15;1.0;2B;2B134;2;7.0;7.0;6.0;Place Paoli;42,6346850;8,9383180;9;;;;2.0;2;0.0;1.0;(1);(1);1.0;;;1.0;0.0;1.0;50.0;Haute-Corse;94;Corse
201900000895;138Â 304Â 910;A01;10.0;3;3.0;2.0;1934.0;5.0;0.0;;;3.0;3;1.0;;3.0;7.0;0.0;1.0;3.0;1.0;1.0;;20;9;2019;18:15;1.0;2B;2B134;2;7.0;7.0;6.0;Place Paoli;42,6346850;8,9383180;9;;;;2.0;2;0.0;1.0;(1);(1);1.0;;;1.0;0.0;1.0;50.0;Haute-Corse;94;Corse
201900000896;138Â 304Â 909;A01;10.0;3;3.0;1.0;1981.0;5.0;0.0;;;1.0;3;3.0;;1.0;7.0;0.0;1.0;1.0;1.0;1.0;;3;8;2019;18:05;1.0;05;05139;1;1.0;7.0;6.0;le pin;44,7005970;5,9291990;3;17;0.0;;2.0;2;0.0;2.0;21;897;3.0;;;1.0;0.0;1.0;80.0;Hautes-Alpes;93;Provence-Alpes-Côte d'Azur
201900000896;138Â 304Â 909;A01;10.0;3;3.0;1.0;1997.0;5.0;0.0;;;1.0;3;3.0;;1.0;7.0;0.0;1.0;1.0;1.0;1.0;;3;8;2019;18:05;1.0;05;05139;1;1.0;7.0;6.0;le pin;44,7005970;5,9291990;3;17;0.0;;2.0;2;0.0;2.0;21;897;3.0;;;1.0;0.0;1.0;80.0;Hautes-Alpes;93;Provence-Alpes-Côte d'Azur
201900000896;138Â 304Â 909;A01;1.0;1;1.0;1.0;1961.0;5.0;1.0;;;0.0;0;;;1.0;7.0;0.0;1.0;1.0;1.0;1.0;;3;8;2019;18:05;1.0;05;05139;1;1.0;7.0;6.0;le pin;44,7005970;5,9291990;3;17;0.0;;2.0;2;0.0;2.0;21;897;3.0;;;1.0;0.0;1.0;80.0;Hautes-Alpes;93;Provence-Alpes-Côte d'Azur
201900000897;138Â 304Â 908;A01;1.0;1;3.0;1.0;1979.0;4.0;1.0;;;0.0;0;;;1.0;17.0;3.0;0.0;0.0;0.0;1.0;;18;9;2019;01:08;3.0;38;38072;1;1.0;1.0;6.0;A7;45,3168000;4,8118700;1;7;0.0;A;3.0;3;0.0;1.0;24;100;1.0;;;1.0;0.0;3.0;130.0;Isère;84;Auvergne-Rhône-Alpes
201900000898;138Â 304Â 907;A01;1.0;1;3.0;1.0;1974.0;5.0;2.0;6.0;;0.0;0;;;1.0;33.0;3.0;0.0;3.0;1.0;1.0;;20;9;2019;17:30;1.0;70;70220;1;1.0;1.0;7.0;D70;47,4051830;5,4737960;3;70;;;2.0;2;0.0;1.0;3;400;3.0;;;1.0;0.0;3.0;80.0;Haute-Saône;27;Bourgogne-Franche-Comté
201900000899;138Â 304Â 906;A01;1.0;1;3.0;2.0;1991.0;5.0;1.0;;;0.0;0;;;3.0;7.0;6.0;0.0;1.0;16.0;1.0;;20;9;2019;23:10;3.0;71;71235;1;1.0;1.0;6.0;route de Salornay;46,3268700;4,7896220;4;;;;2.0;2;0.0;1.0;(1);(1);3.0;;;1.0;0.0;3.0;80.0;Saône-et-Loire;27;Bourgogne-Franche-Comté
201900000900;138Â 304Â 905;A01;1.0;1;1.0;2.0;1964.0;3.0;1.0;;;0.0;0;;;0.0;7.0;0.0;1.0;2.0;15.0;1.0;;20;9;2019;11:30;1.0;58;58121;2;1.0;1.0;6.0;Rue Gabriel PÃ©ri;47,0347580;3,0994200;3;148;0.0;D;2.0;2;0.0;1.0;(1);(1);1.0;;;1.0;0.0;1.0;50.0;Nièvre;27;Bourgogne-Franche-Comté
201900000900;138Â 304Â 905;A01;10.0;3;3.0;2.0;1933.0;5.0;0.0;;;1.0;3;1.0;;0.0;7.0;0.0;1.0;2.0;15.0;1.0;;20;9;2019;11:30;1.0;58;58121;2;1.0;1.0;6.0;Rue Gabriel PÃ©ri;47,0347580;3,0994200;3;148;0.0;D;2.0;2;0.0;1.0;(1);(1);1.0;;;1.0;0.0;1.0;50.0;Nièvre;27;Bourgogne-Franche-Comté
201900000901;138Â 304Â 904;A01;1.0;1;3.0;1.0;1990.0;5.0;0.0;;;0.0;0;;;1.0;7.0;16.0;0.0;9.0;1.0;1.0;;21;9;2019;17:00;1.0;73;73307;1;1.0;1.0;6.0;D215A  La Combaz;45,1791618;6,4848377;3;215;0.0;A;2.0;2;0.0;2.0;4;360;4.0;;;1.0;0.0;8.0;80.0;Savoie;84;Auvergne-Rhône-Alpes
201900000902;138Â 304Â 903;A01;1.0;1;3.0;1.0;1977.0;0.0;1.0;;;0.0;0;;;1.0;7.0;2.0;0.0;0.0;5.0;0.0;;9;8;2019;20:20;1.0;01;01142;2;1.0;1.0;6.0;253 route de GenÃ¨ve;45,8511740;5,0656430;3;1084;;;2.0;2;0.0;1.0;12;860;1.0;;;1.0;0.0;1.0;50.0;Ain;84;Auvergne-Rhône-Alpes
201900000903;138Â 304Â 901;B01;1.0;1;1.0;1.0;1978.0;5.0;2.0;;;0.0;0;;;0.0;33.0;0.0;1.0;1.0;1.0;1.0;;21;9;2019;11:15;1.0;69;69229;1;1.0;1.0;3.0;Sous Favardie;46,1062000;4,4410000;9;VC;;A;;1;0.0;2.0;0;0;2.0;;;1.0;0.0;1.0;80.0;Rhône;84;Auvergne-Rhône-Alpes
201900000903;138Â 304Â 902;A01;1.0;1;2.0;1.0;1976.0;5.0;2.0;;;0.0;0;;;0.0;31.0;0.0;0.0;0.0;0.0;1.0;;21;9;2019;11:15;1.0;69;69229;1;1.0;1.0;3.0;Sous Favardie;46,1062000;4,4410000;9;VC;;A;;1;0.0;2.0;0;0;2.0;;;1.0;0.0;1.0;80.0;Rhône;84;Auvergne-Rhône-Alpes
201900000904;138Â 304Â 899;A01;1.0;1;1.0;2.0;1987.0;5.0;1.0;;;0.0;0;;;2.0;7.0;0.0;2.0;1.0;13.0;1.0;;19;9;2019;19:00;1.0;33;33242;1;1.0;1.0;1.0;D672;44,8033200;0,1844100;3;672;;;2.0;2;0.0;1.0;5;400;3.0;;;1.0;0.0;1.0;80.0;Gironde;75;Nouvelle-Aquitaine
201900000904;138Â 304Â 899;A01;2.0;2;2.0;1.0;1997.0;5.0;1.0;;;0.0;0;;;2.0;7.0;0.0;2.0;1.0;13.0;1.0;;19;9;2019;19:00;1.0;33;33242;1;1.0;1.0;1.0;D672;44,8033200;0,1844100;3;672;;;2.0;2;0.0;1.0;5;400;3.0;;;1.0;0.0;1.0;80.0;Gironde;75;Nouvelle-Aquitaine
201900000904;138Â 304Â 900;B01;1.0;1;3.0;1.0;2000.0;2.0;1.0;;;0.0;0;;;1.0;7.0;0.0;2.0;1.0;1.0;1.0;;19;9;2019;19:00;1.0;33;33242;1;1.0;1.0;1.0;D672;44,8033200;0,1844100;3;672;;;2.0;2;0.0;1.0;5;400;3.0;;;1.0;0.0;1.0;80.0;Gironde;75;Nouvelle-Aquitaine
201900000905;138Â 304Â 898;A01;1.0;1;4.0;1.0;1974.0;5.0;2.0;;;0.0;0;;;2.0;33.0;11.0;0.0;1.0;1.0;1.0;;21;9;2019;03:10;3.0;33;33366;2;6.0;1.0;6.0;rd 137;45,0098580; -0,4398780;3;137;;;2.0;2;0.0;1.0;1;30;1.0;;;1.0;5.0;1.0;80.0;Gironde;75;Nouvelle-Aquitaine
201900000906;138Â 304Â 896;A01;1.0;1;3.0;2.0;1949.0;5.0;1.0;;;0.0;0;;;1.0;7.0;0.0;2.0;1.0;13.0;1.0;;20;9;2019;19:00;1.0;50;50492;1;1.0;1.0;1.0;Le Haut Rouxeville (Rouxeville);49,1019510; -0,9525080;3;11;;;2.0;2;0.0;2.0;10;40;1.0;;;1.0;0.0;1.0;80.0;Manche;28;Normandie
201900000906;138Â 304Â 897;B01;9.0;2;2.0;2.0;2006.0;2.0;1.0;;;0.0;0;;;2.0;7.0;0.0;2.0;1.0;1.0;1.0;;20;9;2019;19:00;1.0;50;50492;1;1.0;1.0;1.0;Le Haut Rouxeville (Rouxeville);49,1019510; -0,9525080;3;11;;;2.0;2;0.0;2.0;10;40;1.0;;;1.0;0.0;1.0;80.0;Manche;28;Normandie