Num_Acc;id_vehicule;num_veh;place;catu;grav;sexe;an_nais;trajet;secu1;secu2;secu3;locp;actp;etatp;id_usager;senc;catv;obs;obsm;choc;manv;motor;occutc;jour;mois;an;hrmn;lum;dep;com;agg;int;atm;col;adr;lat;long;catr;voie;v1;v2;circ;nbv;vosp;prof;pr;pr1;plan;lartpc;larrout;surf;infra;situ;vma;nom_departement;reg;nom_region
201900000906;138Â 304Â 897;B01;2.0;2;2.0;1.0;2002.0;2.0;1.0;;;0.0;0;;;2.0;7.0;0.0;2.0;1.0;1.0;1.0;;20;9;2019;19:00;1.0;50;50492;1;1.0;1.0;1.0;Le Haut Rouxeville (Rouxeville);49,1019510; -0,9525080;3;11;;;2.0;2;0.0;2.0;10;40;1.0;;;1.0;0.0;1.0;80.0;Manche;28;Normandie
201900000906;138Â 304Â 897;B01;1.0;1;3.0;2.0;1974.0;2.0;1.0;;;0.0;0;;;2.0;7.0;0.0;2.0;1.0;1.0;1.0;;20;9;2019;19:00;1.0;50;50492;1;1.0;1.0;1.0;Le Haut Rouxeville (Rouxeville);49,1019510; -0,9525080;3;11;;;2.0;2;0.0;2.0;10;40;1.0;;;1.0;0.0;1.0;80.0;Manche;28;Normandie
201900000907;138Â 304Â 892;B01;1.0;1;2.0;1.0;2001.0;2.0;0.0;;;0.0;0;;;0.0;1.0;0.0;2.0;7.0;19.0;5.0;;20;9;2019;11:15;1.0;27;27016;2;1.0;1.0;1.0;Clos du Gambon;49,2493350;1,4390520;4;;;;2.0;2;0.0;1.0;(1);(1);1.0;;;1.0;0.0;1.0;50.0;Eure;28;Normandie
201900000907;138Â 304Â 893;A01;1.0;1;1.0;1.0;1958.0;5.0;1.0;;;0.0;0;;;1.0;7.0;0.0;9.0;1.0;1.0;1.0;;20;9;2019;11:15;1.0;27;27016;2;1.0;1.0;1.0;Clos du Gambon;49,2493350;1,4390520;4;;;;2.0;2;0.0;1.0;(1);(1);1.0;;;1.0;0.0;1.0;50.0;Eure;28;Normandie
201900000908;138Â 304Â 890;B01;7.0;2;3.0;2.0;2017.0;0.0;1.0;;;0.0;0;;;2.0;7.0;0.0;2.0;3.0;1.0;1.0;;21;9;2019;12:40;1.0;27;27123;1;1.0;1.0;1.0;route nationale 13;49,0121410;1,3059980;2;13;;;2.0;2;0.0;1.0;12;950;1.0;;;1.0;0.0;1.0;80.0;Eure;28;Normandie
201900000908;138Â 304Â 890;B01;2.0;2;3.0;2.0;1996.0;0.0;1.0;;;0.0;0;;;2.0;7.0;0.0;2.0;3.0;1.0;1.0;;21;9;2019;12:40;1.0;27;27123;1;1.0;1.0;1.0;route nationale 13;49,0121410;1,3059980;2;13;;;2.0;2;0.0;1.0;12;950;1.0;;;1.0;0.0;1.0;80.0;Eure;28;Normandie
201900000908;138Â 304Â 890;B01;1.0;1;3.0;2.0;1991.0;0.0;1.0;;;0.0;0;;;2.0;7.0;0.0;2.0;3.0;1.0;1.0;;21;9;2019;12:40;1.0;27;27123;1;1.0;1.0;1.0;route nationale 13;49,0121410;1,3059980;2;13;;;2.0;2;0.0;1.0;12;950;1.0;;;1.0;0.0;1.0;80.0;Eure;28;Normandie
201900000908;138Â 304Â 891;A01;1.0;1;3.0;1.0;1980.0;0.0;1.0;;;0.0;0;;;1.0;7.0;0.0;2.0;3.0;13.0;1.0;;21;9;2019;12:40;1.0;27;27123;1;1.0;1.0;1.0;route nationale 13;49,0121410;1,3059980;2;13;;;2.0;2;0.0;1.0;12;950;1.0;;;1.0;0.0;1.0;80.0;Eure;28;Normandie
201900000909;138Â 304Â 888;B01;1.0;1;1.0;2.0;1979.0;1.0;1.0;8.0;;;0;;;1.0;7.0;0.0;2.0;1.0;2.0;1.0;;20;9;2019;19:10;1.0;13;13211;1;1.0;1.0;2.0;A50-Sens Marseille vers Aubagne;43,2900981;5,4477368;1;50;0.0;;3.0;3;0.0;1.0;4;599;1.0;;;1.0;2.0;1.0;90.0;Bouches-du-Rhône;93;Provence-Alpes-Côte d'Azur
201900000909;138Â 304Â 889;A01;1.0;1;2.0;2.0;1991.0;1.0;1.0;8.0;;;0;;;1.0;7.0;0.0;2.0;4.0;1.0;1.0;;20;9;2019;19:10;1.0;13;13211;1;1.0;1.0;2.0;A50-Sens Marseille vers Aubagne;43,2900981;5,4477368;1;50;0.0;;3.0;3;0.0;1.0;4;599;1.0;;;1.0;2.0;1.0;90.0;Bouches-du-Rhône;93;Provence-Alpes-Côte d'Azur
201900000910;138Â 304Â 886;A01;1.0;1;2.0;2.0;1971.0;1.0;1.0;0.0;;;0;;;1.0;10.0;0.0;2.0;5.0;23.0;1.0;;20;9;2019;06:27;3.0;13;13019;1;1.0;1.0;2.0;A51-Sens Marseille vers Aix en Provence;43,4262400;5,3799600;1;51;0.0;;1.0;3;0.0;1.0;4;369;1.0;;;1.0;0.0;1.0;90.0;Bouches-du-Rhône;93;Provence-Alpes-Côte d'Azur
201900000910;138Â 304Â 887;B01;1.0;1;3.0;1.0;1986.0;1.0;2.0;6.0;;;0;;;1.0;33.0;14.0;0.0;1.0;2.0;1.0;;20;9;2019;06:27;3.0;13;13019;1;1.0;1.0;2.0;A51-Sens Marseille vers Aix en Provence;43,4262400;5,3799600;1;51;0.0;;1.0;3;0.0;1.0;4;369;1.0;;;1.0;0.0;1.0;90.0;Bouches-du-Rhône;93;Provence-Alpes-Côte d'Azur
201900000911;138Â 304Â 884;A01;1.0;1;1.0;1.0;1945.0;5.0;1.0;0.0;;; -1;;;2.0;7.0;0.0;2.0;7.0;12.0;1.0;;19;9;2019;11:55;1.0;83;83137;1;1.0;1.0;3.0;A50;43,1250600;5,9062500;1;50;0.0;;3.0;8;0.0;1.0;68;80;1.0;;;1.0;0.0;1.0;90.0;Var;93;Provence-Alpes-Côte d'Azur
201900000911;138Â 304Â 885;B01;1.0;1;3.0;1.0;1968.0;9.0;2.0;6.0;;; -1;;;2.0;32.0;0.0;2.0;8.0;1.0;1.0;;19;9;2019;11:55;1.0;83;83137;1;1.0;1.0;3.0;A50;43,1250600;5,9062500;1;50;0.0;;3.0;8;0.0;1.0;68;80;1.0;;;1.0;0.0;1.0;90.0;Var;93;Provence-Alpes-Côte d'Azur
201900000912;138Â 304Â 882;A01;1.0;1;1.0;1.0;1991.0;1.0;1.0;8.0;;; -1;;;1.0;7.0;0.0;2.0;1.0;2.0;0.0;;19;9;2019;08:45;1.0;69;69275;1;1.0;1.0;2.0;RN346   29.300 A 34.350;45,7668600;4,9848500;2;346;0.0;;3.0;4;0.0;1.0;33;299;1.0;;;1.0;0.0;1.0;90.0;Rhône;84;Auvergne-Rhône-Alpes
201900000912;138Â 304Â 883;B01;2.0;2;1.0;1.0;1991.0;5.0;1.0;8.0;;;0;;;1.0;10.0;0.0;2.0;4.0;1.0;0.0;;19;9;2019;08:45;1.0;69;69275;1;1.0;1.0;2.0;RN346   29.300 A 34.350;45,7668600;4,9848500;2;346;0.0;;3.0;4;0.0;1.0;33;299;1.0;;;1.0;0.0;1.0;90.0;Rhône;84;Auvergne-Rhône-Alpes
201900000912;138Â 304Â 883;B01;1.0;1;2.0;1.0;1989.0;4.0;1.0;8.0;;;0;;;1.0;10.0;0.0;2.0;4.0;1.0;0.0;;19;9;2019;08:45;1.0;69;69275;1;1.0;1.0;2.0;RN346   29.300 A 34.350;45,7668600;4,9848500;2;346;0.0;;3.0;4;0.0;1.0;33;299;1.0;;;1.0;0.0;1.0;90.0;Rhône;84;Auvergne-Rhône-Alpes
201900000913;138Â 304Â 880;B01;1.0;1;1.0;1.0;1979.0;0.0;1.0;8.0;;; -1;;;2.0;7.0;0.0;2.0;8.0;1.0;1.0;;20;9;2019;07:30;1.0;33;33249;1;1.0;1.0;3.0;ROCADE A 630;44,8846500; -0,5157800;1;630;0.0;;3.0;6;0.0;1.0;1;0;1.0;;;1.0;0.0;1.0;90.0;Gironde;75;Nouvelle-Aquitaine
201900000913;138Â 304Â 881;A01;1.0;1;2.0;1.0;1997.0;0.0;2.0;6.0;;; -1;;;2.0;33.0;0.0;2.0;7.0;3.0;1.0;;20;9;2019;07:30;1.0;33;33249;1;1.0;1.0;3.0;ROCADE A 630;44,8846500; -0,5157800;1;630;0.0;;3.0;6;0.0;1.0;1;0;1.0;;;1.0;0.0;1.0;90.0;Gironde;75;Nouvelle-Aquitaine
201900000914;138Â 304Â 878;A01;1.0;1;1.0;1.0;1997.0;4.0;1.0;8.0;;; -1;;;2.0;10.0;0.0;2.0;8.0;11.0;1.0;;20;9;2019;07:40;2.0;33;33167;1;1.0;1.0;3.0;ROUTE NATIONALE 230;44,8260900; -0,5093100;2;230;0.0;;3.0;6;0.0;4.0;37;299;1.0;;;1.0;0.0;1.0;90.0;Gironde;75;Nouvelle-Aquitaine
201900000914;138Â 304Â 879;B01;2.0;2;2.0;2.0;1969.0;1.0;2.0;6.0;;0.0; -1;;;2.0;33.0;0.0;2.0;7.0;1.0;0.0;;20;9;2019;07:40;2.0;33;33167;1;1.0;1.0;3.0;ROUTE NATIONALE 230;44,8260900; -0,5093100;2;230;0.0;;3.0;6;0.0;4.0;37;299;1.0;;;1.0;0.0;1.0;90.0;Gironde;75;Nouvelle-Aquitaine
201900000914;138Â 304Â 879;B01;1.0;1;1.0;1.0;1969.0;1.0;2.0;6.0;;; -1;;;2.0;33.0;0.0;2.0;7.0;1.0;0.0;;20;9;2019;07:40;2.0;33;33167;1;1.0;1.0;3.0;ROUTE NATIONALE 230;44,8260900; -0,5093100;2;230;0.0;;3.0;6;0.0;4.0;37;299;1.0;;;1.0;0.0;1.0;90.0;Gironde;75;Nouvelle-Aquitaine
201900000915;138Â 304Â 876;B01;1.0;1;2.0;1.0;1972.0;1.0;1.0;0.0;;0.0;0;;;1.0;7.0;0.0;2.0;3.0;1.0;1.0;;20;9;2019;07:27;1.0;91;91086;1;1.0;1.0;3.0;RN 104;48,6237300;2,3848000;2;104;0.0;;1.0;2;0.0;1.0;41;992;1.0;;;1.0;0.0;1.0;110.0;Essonne;11;Île-de-France
201900000915;138Â 304Â 877;A01;1.0;1;2.0;1.0;1980.0;1.0;1.0;0.0;;0.0;0;;;1.0;7.0;0.0;2.0;2.0;12.0;1.0;;20;9;2019;07:27;1.0;91;91086;1;1.0;1.0;3.0;RN 104;48,6237300;2,3848000;2;104;0.0;;1.0;2;0.0;1.0;41;992;1.0;;;1.0;0.0;1.0;110.0;Essonne;11;Île-de-France
201900000916;138Â 304Â 874;B01;1.0;1;1.0;1.0;1973.0;1.0;1.0;0.0;;;0;;;1.0;10.0;0.0;2.0;4.0;2.0;1.0;;20;9;2019;07:30;3.0;92;92002;1;1.0;2.0;2.0;AUTOROUTE A10;48,7301720;2,3079170;1;10;0.0;;3.0;6;0.0;1.0;56;200;1.0;;;1.0;0.0;1.0;90.0;Hauts-de-Seine;11;Île-de-France
201900000916;138Â 304Â 875;A01;1.0;1;2.0;1.0;1996.0;1.0;2.0;0.0;;;0;;;1.0;33.0;0.0;2.0;1.0;2.0;1.0;;20;9;2019;07:30;3.0;92;92002;1;1.0;2.0;2.0;AUTOROUTE A10;48,7301720;2,3079170;1;10;0.0;;3.0;6;0.0;1.0;56;200;1.0;;;1.0;0.0;1.0;90.0;Hauts-de-Seine;11;Île-de-France
201900000917;138Â 304Â 872;B01;1.0;1;2.0;1.0;1966.0;9.0;1.0;0.0;;0.0;0;;;2.0;7.0;0.0;2.0;2.0;17.0;1.0;;20;9;2019;05:00;3.0;91;91228;1;1.0;1.0;2.0;AUTOROUTE A6;48,6186500;2,4271600;1;6;0.0;;1.0;6;0.0;1.0;26;500;1.0;;;1.0;8.0;1.0;70.0;Essonne;11;Île-de-France
201900000917;138Â 304Â 873;A01;1.0;1;2.0;1.0;1975.0;9.0;8.0;0.0;;0.0;0;;;2.0;7.0;0.0;2.0;4.0;1.0;1.0;;20;9;2019;05:00;3.0;91;91228;1;1.0;1.0;2.0;AUTOROUTE A6;48,6186500;2,4271600;1;6;0.0;;1.0;6;0.0;1.0;26;500;1.0;;;1.0;8.0;1.0;70.0;Essonne;11;Île-de-France
201900000918;138Â 304Â 870;B01;1.0;1;1.0;1.0;1992.0;0.0;1.0;8.0;;;0;;;1.0;7.0;4.0;2.0;2.0;2.0;1.0;;20;9;2019;14:11;1.0;92;92048;1;1.0;1.0;3.0;N118;48,7956000;2,2179000;2;118;0.0;;1.0;3;0.0;1.0;4;0;1.0;;;1.0;0.0;1.0;90.0;Hauts-de-Seine;11;Île-de-France
201900000918;138Â 304Â 871;A01;1.0;1;2.0;1.0;1996.0;0.0;1.0;8.0;;;0;;;1.0;7.0;4.0;2.0;8.0;13.0;1.0;;20;9;2019;14:11;1.0;92;92048;1;1.0;1.0;3.0;N118;48,7956000;2,2179000;2;118;0.0;;1.0;3;0.0;1.0;4;0;1.0;;;1.0;0.0;1.0;90.0;Hauts-de-Seine;11;Île-de-France
201900000919;138Â 304Â 867;A01;1.0;1;1.0;1.0;1984.0;0.0;8.0;0.0;;; -1;;;2.0;10.0;0.0;2.0;0.0;12.0;1.0;;20;9;2019;07:30;1.0;78;78490;1;1.0;1.0;4.0;RN12 EXT;48,8016060;1,9482390;2;12;0.0;;1.0;2;0.0;1.0;34;500;1.0;;;1.0;0.0;2.0;90.0;Yvelines;11;Île-de-France
201900000919;138Â 304Â 868;B01;1.0;1;2.0;1.0;1978.0;1.0;2.0;0.0;;; -1;;;2.0;33.0;0.0;0.0;3.0;1.0;0.0;;20;9;2019;07:30;1.0;78;78490;1;1.0;1.0;4.0;RN12 EXT;48,8016060;1,9482390;2;12;0.0;;1.0;2;0.0;1.0;34;500;1.0;;;1.0;0.0;2.0;90.0;Yvelines;11;Île-de-France
201900000919;138Â 304Â 869;C01;1.0;1;1.0;1.0;1976.0;0.0;1.0;0.0;;; -1;;;2.0;7.0;0.0;2.0;3.0;1.0;1.0;;20;9;2019;07:30;1.0;78;78490;1;1.0;1.0;4.0;RN12 EXT;48,8016060;1,9482390;2;12;0.0;;1.0;2;0.0;1.0;34;500;1.0;;;1.0;0.0;2.0;90.0;Yvelines;11;Île-de-France
201900000920;138Â 304Â 864;A01;1.0;1;1.0;1.0;1972.0;1.0;1.0;;;0.0;0;;;1.0;7.0;0.0;2.0;3.0;13.0;1.0;;8;8;2019;18:20;1.0;46;46209;1;1.0;1.0;3.0;D12;44,8538760;1,4053270;3;12;;;2.0;2;0.0;1.0;66;0;2.0;;;1.0;0.0;1.0;80.0;Lot;76;Occitanie
201900000920;138Â 304Â 865;B01;1.0;1;1.0;1.0;1952.0;5.0;1.0;;;0.0;0;;;2.0;7.0;13.0;2.0;6.0;1.0;1.0;;8;8;2019;18:20;1.0;46;46209;1;1.0;1.0;3.0;D12;44,8538760;1,4053270;3;12;;;2.0;2;0.0;1.0;66;0;2.0;;;1.0;0.0;1.0;80.0;Lot;76;Occitanie
201900000920;138Â 304Â 865;B01;4.0;2;2.0;2.0;2006.0;5.0;1.0;;;0.0;0;;;2.0;7.0;13.0;2.0;6.0;1.0;1.0;;8;8;2019;18:20;1.0;46;46209;1;1.0;1.0;3.0;D12;44,8538760;1,4053270;3;12;;;2.0;2;0.0;1.0;66;0;2.0;;;1.0;0.0;1.0;80.0;Lot;76;Occitanie
201900000920;138Â 304Â 865;B01;2.0;2;1.0;2.0;1959.0;5.0;1.0;;;0.0;0;;;2.0;7.0;13.0;2.0;6.0;1.0;1.0;;8;8;2019;18:20;1.0;46;46209;1;1.0;1.0;3.0;D12;44,8538760;1,4053270;3;12;;;2.0;2;0.0;1.0;66;0;2.0;;;1.0;0.0;1.0;80.0;Lot;76;Occitanie
201900000921;138Â 304Â 863;B01;1.0;1;1.0;1.0;1989.0;;8.0;;;0.0;0;;;;32.0;;;;;;;11;12;2019;17:50;5.0;57;57463;2;1.0;2.0;6.0;PAIXHANS (BOULEVARD );49,1222500;6,1827200;4;PAIXHANS (BOULEVARD);;;3.0;;;1.0;(1);(1);1.0;;;;0.0;;;Moselle;44;Grand Est
201900000921;138Â 304Â 863;B01;10.0;3;3.0;2.0;2008.0;0.0;0.0;;;9.0;3;1.0;;;32.0;;;;;;;11;12;2019;17:50;5.0;57;57463;2;1.0;2.0;6.0;PAIXHANS (BOULEVARD );49,1222500;6,1827200;4;PAIXHANS (BOULEVARD);;;3.0;;;1.0;(1);(1);1.0;;;;0.0;;;Moselle;44;Grand Est
201900000922;138Â 304Â 861;B01;1.0;1;2.0;1.0;1970.0;1.0;1.0;5.0;;0.0;0;;;1.0;7.0;0.0;2.0;1.0;1.0;1.0;;12;4;2019;20:38;5.0;38;38544;1;4.0;1.0;1.0;CD 41;45,5265000;4,8818000;3;41;0.0;;4.0;3;0.0;1.0;0;0;1.0;;;1.0;5.0;1.0;70.0;Isère;84;Auvergne-Rhône-Alpes
201900000922;138Â 304Â 862;A01;1.0;1;1.0;1.0;1999.0;5.0;1.0;5.0;;0.0;0;;;3.0;7.0;0.0;2.0;1.0;9.0;1.0;;12;4;2019;20:38;5.0;38;38544;1;4.0;1.0;1.0;CD 41;45,5265000;4,8818000;3;41;0.0;;4.0;3;0.0;1.0;0;0;1.0;;;1.0;5.0;1.0;70.0;Isère;84;Auvergne-Rhône-Alpes
201900000922;138Â 304Â 862;A01;3.0;2;1.0;1.0;1988.0;5.0;1.0;0.0;;0.0;0;;;3.0;7.0;0.0;2.0;1.0;9.0;1.0;;12;4;2019;20:38;5.0;38;38544;1;4.0;1.0;1.0;CD 41;45,5265000;4,8818000;3;41;0.0;;4.0;3;0.0;1.0;0;0;1.0;;;1.0;5.0;1.0;70.0;Isère;84;Auvergne-Rhône-Alpes
201900000922;138Â 304Â 862;A01;2.0;2;2.0;1.0;1991.0;5.0;1.0;0.0;;0.0;0;;;3.0;7.0;0.0;2.0;1.0;9.0;1.0;;12;4;2019;20:38;5.0;38;38544;1;4.0;1.0;1.0;CD 41;45,5265000;4,8818000;3;41;0.0;;4.0;3;0.0;1.0;0;0;1.0;;;1.0;5.0;1.0;70.0;Isère;84;Auvergne-Rhône-Alpes
201900000923;138Â 304Â 859;B01;1.0;1;1.0;1.0;1977.0;1.0;8.0;0.0;;; -1;;;2.0;7.0;0.0;2.0;1.0;15.0;1.0;;10;9;2019;07:30;1.0;93;93005;2;9.0;1.0;3.0;JULES PRINCET [CD115] (RUE);48,9353450;2,4931380;3;115;0.0;;2.0;2;0.0;1.0;0;0;1.0;;;1.0;0.0;1.0;50.0;Seine-Saint-Denis;11;Île-de-France
201900000923;138Â 304Â 860;A01;1.0;1;2.0;1.0;1993.0;1.0;2.0;0.0;;; -1;;;1.0;31.0;0.0;2.0;7.0;3.0;1.0;;10;9;2019;07:30;1.0;93;93005;2;9.0;1.0;3.0;JULES PRINCET [CD115] (RUE);48,9353450;2,4931380;3;115;0.0;;2.0;2;0.0;1.0;0;0;1.0;;;1.0;0.0;1.0;50.0;Seine-Saint-Denis;11;Île-de-France
201900000924;138Â 304Â 855;D01;1.0;1;1.0;1.0;1970.0;0.0;1.0;0.0;;; -1;;;0.0;17.0;0.0;2.0;4.0;1.0;0.0;;14;8;2019;08:45;1.0;93;93005;1;1.0;1.0;4.0;JEAN MONET (CARREFOUR);48,9540606;2,5090767;3;932;0.0;;1.0;2;0.0;1.0;0;0;1.0;;;1.0;0.0;1.0;90.0;Seine-Saint-Denis;11;Île-de-France
201900000924;138Â 304Â 856;C01;1.0;1;1.0;1.0;1998.0;0.0;1.0;8.0;;; -1;;;0.0;7.0;0.0;2.0;4.0;1.0;0.0;;14;8;2019;08:45;1.0;93;93005;1;1.0;1.0;4.0;JEAN MONET (CARREFOUR);48,9540606;2,5090767;3;932;0.0;;1.0;2;0.0;1.0;0;0;1.0;;;1.0;0.0;1.0;90.0;Seine-Saint-Denis;11;Île-de-France
201900000924;138Â 304Â 857;B01;1.0;1;2.0;1.0;1964.0;0.0;1.0;8.0;;; -1;;;3.0;7.0;0.0;2.0;4.0;2.0;0.0;;14;8;2019;08:45;1.0;93;93005;1;1.0;1.0;4.0;JEAN MONET (CARREFOUR);48,9540606;2,5090767;3;932;0.0;;1.0;2;0.0;1.0;0;0;1.0;;;1.0;0.0;1.0;90.0;Seine-Saint-Denis;11;Île-de-France
201900000924;138Â 304Â 858;A01;1.0;1;1.0;1.0;2000.0;0.0;1.0;8.0;;; -1;;;3.0;99.0;0.0;2.0;1.0;2.0;0.0;;14;8;2019;08:45;1.0;93;93005;1;1.0;1.0;4.0;JEAN MONET (CARREFOUR);48,9540606;2,5090767;3;932;0.0;;1.0;2;0.0;1.0;0;0;1.0;;;1.0;0.0;1.0;90.0;Seine-Saint-Denis;11;Île-de-France
201900000925;138Â 304Â 853;A01;1.0;1;1.0;1.0;1989.0;5.0;1.0;8.0;;;0;;;3.0;7.0;0.0;2.0;3.0;20.0;1.0;;21;12;2019;17:55;5.0;14;14366;2;1.0;2.0;3.0;HENRY CHERON (RUE);49,1460673;0,2276082;4;HENRY CHERON (RUE);0.0;;2.0;2;0.0;2.0;0;0;1.0;;;2.0;0.0;1.0;30.0;Calvados;28;Normandie
201900000925;138Â 304Â 854;B01;1.0;1;2.0;1.0;2005.0;5.0;2.0;0.0;;0.0;0;;;3.0;2.0;0.0;2.0;1.0;1.0;1.0;;21;12;2019;17:55;5.0;14;14366;2;1.0;2.0;3.0;HENRY CHERON (RUE);49,1460673;0,2276082;4;HENRY CHERON (RUE);0.0;;2.0;2;0.0;2.0;0;0;1.0;;;2.0;0.0;1.0;30.0;Calvados;28;Normandie
201900000926;138Â 304Â 852;A01;1.0;1;2.0;1.0;1972.0;9.0;2.0;6.0;;0.0;0;;;1.0;33.0;11.0;0.0;1.0;1.0;1.0;;1;9;2019;07:00;5.0;75;75110;2;1.0;1.0;6.0;BOULEVARD DE STRASBOURG;48,8734560;2,3566320;4;BOULEVARD DE STRASBOURG;0.0;;1.0;5;0.0;1.0;0;0;1.0;;;1.0;0.0;1.0;50.0;Paris;11;Île-de-France
201900000927;138Â 304Â 851;A01;1.0;1;3.0;1.0;1965.0;1.0;8.0;;;0.0;0;;;2.0;7.0;3.0;0.0;2.0;17.0;1.0;;12;12;2019;07:25;3.0;35;35333;1;1.0;2.0;6.0;D173;47,9154560; -1,4096440;3;173;0.0;D;3.0;4;0.0;1.0;21;0;1.0;;;2.0;0.0;1.0;110.0;Ille-et-Vilaine;53;Bretagne
201900000928;138Â 304Â 850;A01;1.0;1;2.0;1.0;1999.0;5.0;;;;0.0;0;;;2.0;2.0;12.0;0.0;7.0;14.0;1.0;;10;8;2019;09:16;1.0;36;36044;1;1.0;1.0;6.0;177 AVENUE D'ARGENTON;46,7981793;1,6683742;4;;;;2.0;;;1.0;(1);(1);1.0;;;1.0;0.0;4.0;50.0;Indre;24;Centre-Val de Loire
201900000929;138Â 304Â 848;B01;1.0;1;1.0;1.0;1954.0;5.0;0.0;;;0.0;0;;;3.0;21.0;0.0;0.0;8.0;15.0;1.0;;21;12;2019;15:45;1.0;84;84141;2;3.0;1.0;3.0;Rue Rainoardi;43,9731305;4,9045101;9;Clos Rainoardi;;;2.0;2;0.0;1.0;(1);(1);1.0;;;1.0;0.0;1.0;70.0;Vaucluse;93;Provence-Alpes-Côte d'Azur
201900000929;138Â 304Â 849;A01;2.0;2;4.0;2.0;1996.0;5.0;2.0;;;0.0;0;;;3.0;33.0;0.0;2.0;1.0;17.0;1.0;;21;12;2019;15:45;1.0;84;84141;2;3.0;1.0;3.0;Rue Rainoardi;43,9731305;4,9045101;9;Clos Rainoardi;;;2.0;2;0.0;1.0;(1);(1);1.0;;;1.0;0.0;1.0;70.0;Vaucluse;93;Provence-Alpes-Côte d'Azur
201900000929;138Â 304Â 849;A01;1.0;1;1.0;1.0;1998.0;5.0;2.0;;;0.0;0;;;3.0;33.0;0.0;2.0;1.0;17.0;1.0;;21;12;2019;15:45;1.0;84;84141;2;3.0;1.0;3.0;Rue Rainoardi;43,9731305;4,9045101;9;Clos Rainoardi;;;2.0;2;0.0;1.0;(1);(1);1.0;;;1.0;0.0;1.0;70.0;Vaucluse;93;Provence-Alpes-Côte d'Azur
201900000930;138Â 304Â 846;A01;1.0;1;1.0;1.0;1996.0;1.0;;;;0.0;0;;;2.0;7.0;0.0;2.0;3.0;13.0;1.0;;18;3;2019;16:00;1.0;36;36127;1;1.0;8.0;3.0;AVENUE DE VERDUN;46,5990537;1,9767179;3;72;;;2.0;2;;1.0;(1);11;1.0;;;1.0;0.0;1.0;70.0;Indre;24;Centre-Val de Loire
201900000930;138Â 304Â 847;B01;1.0;1;2.0;2.0;1977.0;9.0;;;;0.0;0;;;1.0;7.0;0.0;2.0;8.0;1.0;1.0;;18;3;2019;16:00;1.0;36;36127;1;1.0;8.0;3.0;AVENUE DE VERDUN;46,5990537;1,9767179;3;72;;;2.0;2;;1.0;(1);11;1.0;;;1.0;0.0;1.0;70.0;Indre;24;Centre-Val de Loire
201900000931;138Â 304Â 845;A01;1.0;1;1.0;2.0;1973.0;4.0;1.0;;;0.0;0;;;3.0;7.0;0.0;1.0;3.0;15.0;1.0;;13;11;2019;12:30;1.0;01;01004;2;3.0;7.0;6.0;8 Allee Alfred Rocheray;45,9590970;5,3445700;4;;0.0;;2.0;2;0.0;1.0;(1);(1);2.0;;;1.0;0.0;1.0;50.0;Ain;84;Auvergne-Rhône-Alpes
201900000931;138Â 304Â 845;A01;10.0;3;3.0;1.0;1940.0;5.0;0.0;;;1.0;1;1.0;;3.0;7.0;0.0;1.0;3.0;15.0;1.0;;13;11;2019;12:30;1.0;01;01004;2;3.0;7.0;6.0;8 Allee Alfred Rocheray;45,9590970;5,3445700;4;;0.0;;2.0;2;0.0;1.0;(1);(1);2.0;;;1.0;0.0;1.0;50.0;Ain;84;Auvergne-Rhône-Alpes
201900000932;138Â 304Â 843;A01;1.0;1;1.0;1.0;1998.0;5.0;1.0;;;0.0;0;;;2.0;7.0;0.0;2.0;6.0;17.0;1.0;;14;4;2019;15:35;1.0;01;01089;1;1.0;1.0;2.0;D77;45,9767900;5,3250990;3;77;0.0;E;2.0;2;0.0;1.0;1;50;2.0;;;1.0;0.0;1.0;80.0;Ain;84;Auvergne-Rhône-Alpes
201900000932;138Â 304Â 844;B01;1.0;1;3.0;1.0;1996.0;5.0;2.0;6.0;9.0;0.0;0;;;2.0;33.0;0.0;2.0;1.0;17.0;1.0;;14;4;2019;15:35;1.0;01;01089;1;1.0;1.0;2.0;D77;45,9767900;5,3250990;3;77;0.0;E;2.0;2;0.0;1.0;1;50;2.0;;;1.0;0.0;1.0;80.0;Ain;84;Auvergne-Rhône-Alpes
201900000933;138Â 304Â 841;B01;10.0;3;3.0;1.0;1982.0;5.0;0.0;;;3.0;3;2.0;;0.0;99.0;0.0;2.0;0.0;0.0;5.0;;22;12;2019;17:45;3.0;91;91600;2;9.0;2.0;1.0;2 Rue de l'Eglise;48,6457340;2,4505090;3;448;;;1.0;1;0.0;1.0;(1);(1);1.0;;;2.0;0.0;1.0;50.0;Essonne;11;Île-de-France
201900000933;138Â 304Â 841;B01;10.0;3;3.0;2.0;1984.0;5.0;0.0;;;3.0;3;2.0;;0.0;99.0;0.0;2.0;0.0;0.0;5.0;;22;12;2019;17:45;3.0;91;91600;2;9.0;2.0;1.0;2 Rue de l'Eglise;48,6457340;2,4505090;3;448;;;1.0;1;0.0;1.0;(1);(1);1.0;;;2.0;0.0;1.0;50.0;Essonne;11;Île-de-France
201900000933;138Â 304Â 842;A01;1.0;1;1.0;1.0;2001.0;5.0;1.0;;;0.0;0;;;1.0;7.0;0.0;1.0;1.0;1.0;1.0;;22;12;2019;17:45;3.0;91;91600;2;9.0;2.0;1.0;2 Rue de l'Eglise;48,6457340;2,4505090;3;448;;;1.0;1;0.0;1.0;(1);(1);1.0;;;2.0;0.0;1.0;50.0;Essonne;11;Île-de-France