Num_Acc;id_vehicule;num_veh;place;catu;grav;sexe;an_nais;trajet;secu1;secu2;secu3;locp;actp;etatp;id_usager;senc;catv;obs;obsm;choc;manv;motor;occutc;jour;mois;an;hrmn;lum;dep;com;agg;int;atm;col;adr;lat;long;catr;voie;v1;v2;circ;nbv;vosp;prof;pr;pr1;plan;lartpc;larrout;surf;infra;situ;vma;nom_departement;reg;nom_region
201900000934;138Â 304Â 840;A01;9.0;2;3.0;1.0;1995.0;5.0;0.0;;;0.0;0;;;2.0;7.0;8.0;0.0;2.0;1.0;1.0;;1;12;2019;05:20;3.0;13;13088;1;1.0;3.0;6.0;d568;43,3601240;5,2476850;3;568;0.0;;2.0;2;0.0;2.0;55;100;2.0;;;2.0;0.0;3.0;80.0;Bouches-du-Rhône;93;Provence-Alpes-Côte d'Azur
201900000934;138Â 304Â 840;A01;1.0;1;3.0;1.0;1998.0;5.0;0.0;;;0.0;0;;;2.0;7.0;8.0;0.0;2.0;1.0;1.0;;1;12;2019;05:20;3.0;13;13088;1;1.0;3.0;6.0;d568;43,3601240;5,2476850;3;568;0.0;;2.0;2;0.0;2.0;55;100;2.0;;;2.0;0.0;3.0;80.0;Bouches-du-Rhône;93;Provence-Alpes-Côte d'Azur
201900000934;138Â 304Â 840;A01;5.0;2;3.0;2.0;2001.0;5.0;0.0;;;0.0;0;;;2.0;7.0;8.0;0.0;2.0;1.0;1.0;;1;12;2019;05:20;3.0;13;13088;1;1.0;3.0;6.0;d568;43,3601240;5,2476850;3;568;0.0;;2.0;2;0.0;2.0;55;100;2.0;;;2.0;0.0;3.0;80.0;Bouches-du-Rhône;93;Provence-Alpes-Côte d'Azur
201900000935;138Â 304Â 837;A01;2.0;1;2.0;2.0;1993.0;0.0;2.0;8.0;;0.0;0;;;3.0;50.0;0.0;0.0;0.0;1.0;3.0;;8;10;2019;17:30;1.0;75;75115;2;4.0;2.0;7.0;PLACE ALFRED DREYFUS;48,8469070;2,2931024;4;PLACE ALFRED DREYFUS;0.0;;2.0;2;0.0;1.0;0;0;1.0;;;2.0;0.0;1.0;50.0;Paris;11;Île-de-France
201900000936;138Â 304Â 836;A01;1.0;1;1.0;1.0;1979.0;9.0;1.0;8.0;;;0;;;3.0;7.0;0.0;1.0;1.0;1.0;0.0;;29;1;2019;15:30;1.0;92;92078;2;9.0;1.0;6.0;GALLIENI (BD) (154 ET 214);48,9327630;2,3325250;3;9;0.0;;2.0;4;0.0;1.0;0;0;1.0;;;1.0;0.0;1.0;30.0;Hauts-de-Seine;11;Île-de-France
201900000936;138Â 304Â 836;A01;10.0;3;2.0;2.0;2005.0;2.0;0.0;;;3.0;3;1.0;;3.0;7.0;0.0;1.0;1.0;1.0;0.0;;29;1;2019;15:30;1.0;92;92078;2;9.0;1.0;6.0;GALLIENI (BD) (154 ET 214);48,9327630;2,3325250;3;9;0.0;;2.0;4;0.0;1.0;0;0;1.0;;;1.0;0.0;1.0;30.0;Hauts-de-Seine;11;Île-de-France
201900000937;138Â 304Â 835;A01;1.0;1;2.0;1.0;1964.0;5.0;1.0;;;0.0;0;;;2.0;7.0;4.0;0.0;1.0;1.0;1.0;;26;12;2019;08:10;2.0;21;21056;1;1.0;1.0;7.0;A31 PR 54+500;47,4078010;5,1805290;1;31;;;3.0;3;0.0;1.0;54;500;1.0;;;2.0;0.0;1.0;130.0;Côte-d'Or;27;Bourgogne-Franche-Comté
201900000938;138Â 304Â 834;A01;1.0;1;2.0;1.0;1977.0;4.0;0.0;;;0.0;0;;;2.0;17.0;3.0;0.0;1.0;0.0;1.0;;19;12;2019;13:10;1.0;21;21449;1;1.0;1.0;7.0;A6;47,4044300;4,3482000;1;6;;;3.0;4;0.0;1.0;240;0;1.0;;;1.0;0.0;1.0;130.0;Côte-d'Or;27;Bourgogne-Franche-Comté
201900000939;138Â 304Â 833;A01;1.0;1;3.0;2.0;1997.0;1.0;1.0;;;0.0;0;;;1.0;7.0;2.0;0.0;3.0;1.0;1.0;;30;12;2019;08:45;1.0;90;90071;1;1.0;1.0;6.0;D34;47,5992600;7,0051270;3;34;0.0;;2.0;2;0.0;2.0;(1);(1);1.0;;;1.0;0.0;3.0;80.0;Territoire de Belfort;27;Bourgogne-Franche-Comté
201900000940;138Â 304Â 831;B01;1.0;1;3.0;2.0;1974.0;1.0;1.0;;;0.0;0;;;1.0;7.0;0.0;2.0;8.0;19.0;1.0;;9;12;2019;07:00;2.0;21;21390;2;2.0;2.0;3.0;89 Route de Beaune;47,2685980;5,0001700;3;974;;;3.0;4;0.0;1.0;(1);(1);1.0;;;2.0;5.0;1.0;;Côte-d'Or;27;Bourgogne-Franche-Comté
201900000940;138Â 304Â 832;A01;1.0;1;2.0;1.0;1973.0;1.0;1.0;;;0.0;0;;;0.0;7.0;0.0;2.0;1.0;1.0;1.0;;9;12;2019;07:00;2.0;21;21390;2;2.0;2.0;3.0;89 Route de Beaune;47,2685980;5,0001700;3;974;;;3.0;4;0.0;1.0;(1);(1);1.0;;;2.0;5.0;1.0;;Côte-d'Or;27;Bourgogne-Franche-Comté
201900000940;138Â 304Â 832;A01;7.0;2;1.0;1.0;1983.0;1.0;1.0;;;0.0;0;;;0.0;7.0;0.0;2.0;1.0;1.0;1.0;;9;12;2019;07:00;2.0;21;21390;2;2.0;2.0;3.0;89 Route de Beaune;47,2685980;5,0001700;3;974;;;3.0;4;0.0;1.0;(1);(1);1.0;;;2.0;5.0;1.0;;Côte-d'Or;27;Bourgogne-Franche-Comté
201900000940;138Â 304Â 832;A01;2.0;2;1.0;1.0;1964.0;1.0;1.0;;;0.0;0;;;0.0;7.0;0.0;2.0;1.0;1.0;1.0;;9;12;2019;07:00;2.0;21;21390;2;2.0;2.0;3.0;89 Route de Beaune;47,2685980;5,0001700;3;974;;;3.0;4;0.0;1.0;(1);(1);1.0;;;2.0;5.0;1.0;;Côte-d'Or;27;Bourgogne-Franche-Comté
201900000941;138Â 304Â 829;B01;1.0;1;1.0;2.0;1976.0;5.0;1.0;;;0.0;0;;;2.0;7.0;0.0;2.0;2.0;1.0;1.0;;23;12;2019;11:09;1.0;21;21021;2;2.0;1.0;3.0;92 Route Nationale;47,3480960;5,1810320;3;70;0.0;;2.0;3;0.0;1.0;(1);(1);1.0;;;2.0;5.0;1.0;50.0;Côte-d'Or;27;Bourgogne-Franche-Comté
201900000941;138Â 304Â 830;A01;1.0;1;1.0;1.0;1939.0;5.0;1.0;;;0.0;0;;;1.0;7.0;0.0;2.0;7.0;15.0;1.0;;23;12;2019;11:09;1.0;21;21021;2;2.0;1.0;3.0;92 Route Nationale;47,3480960;5,1810320;3;70;0.0;;2.0;3;0.0;1.0;(1);(1);1.0;;;2.0;5.0;1.0;50.0;Côte-d'Or;27;Bourgogne-Franche-Comté
201900000941;138Â 304Â 830;A01;2.0;2;3.0;2.0;1950.0;5.0;1.0;;;0.0;0;;;1.0;7.0;0.0;2.0;7.0;15.0;1.0;;23;12;2019;11:09;1.0;21;21021;2;2.0;1.0;3.0;92 Route Nationale;47,3480960;5,1810320;3;70;0.0;;2.0;3;0.0;1.0;(1);(1);1.0;;;2.0;5.0;1.0;50.0;Côte-d'Or;27;Bourgogne-Franche-Comté
201900000942;138Â 304Â 827;A01;1.0;2;2.0;1.0;2001.0;;0.0;;;;0;;;0.0;7.0;2.0;0.0;0.0;0.0;;;8;8;2019;03:20;5.0;92;92078;1;9.0;1.0;6.0;CHARLES DE GAULLE (PLACE);48,9403890;2,3236820;3;9;;;3.0;;;1.0;(1);(1);3.0;;;1.0;0.0;1.0;;Hauts-de-Seine;11;Île-de-France
201900000943;138Â 304Â 826;A01;1.0;2;2.0;1.0;2001.0;;0.0;;;;0;;;0.0;30.0;0.0;0.0;0.0;0.0;;;2;8;2019;01:25;5.0;92;92078;2;9.0;1.0;6.0;CHARLES DE GAULLE (BD)(72 AU 308);48,9422380;2,3204050;3;9;;;3.0;;;1.0;(1);(1);3.0;;;1.0;0.0;1.0;;Hauts-de-Seine;11;Île-de-France
201900000944;138Â 304Â 825;A01;1.0;1;2.0;1.0;2000.0;5.0;1.0;;;0.0;0;;;3.0;7.0;2.0;0.0;7.0;13.0;1.0;;23;7;2019;01:20;5.0;77;77420;2;1.0;1.0;6.0;rue pasteur;49,0391210;2,7039200;6;;;;;;3.0;1.0;(1);(1);3.0;;;1.0;0.0;3.0;50.0;Seine-et-Marne;11;Île-de-France
201900000944;138Â 304Â 825;A01;7.0;2;2.0;1.0;2000.0;5.0;0.0;;;0.0;0;;;3.0;7.0;2.0;0.0;7.0;13.0;1.0;;23;7;2019;01:20;5.0;77;77420;2;1.0;1.0;6.0;rue pasteur;49,0391210;2,7039200;6;;;;;;3.0;1.0;(1);(1);3.0;;;1.0;0.0;3.0;50.0;Seine-et-Marne;11;Île-de-France
201900000944;138Â 304Â 825;A01;2.0;2;3.0;1.0;2000.0;5.0;0.0;;;0.0;0;;;3.0;7.0;2.0;0.0;7.0;13.0;1.0;;23;7;2019;01:20;5.0;77;77420;2;1.0;1.0;6.0;rue pasteur;49,0391210;2,7039200;6;;;;;;3.0;1.0;(1);(1);3.0;;;1.0;0.0;3.0;50.0;Seine-et-Marne;11;Île-de-France
201900000945;138Â 304Â 823;B01;1.0;1;1.0;2.0;1977.0;4.0;1.0;;;0.0;0;;;0.0;3.0;0.0;0.0;0.0;9.0;1.0;;20;12;2019;07:35;2.0;13;13051;2;3.0;3.0;6.0;Route de Saint-chamas;43,5927950;5,1180330;3;15;0.0;;2.0;2;0.0;1.0;(1);(1);1.0;;;2.0;1.0;8.0;50.0;Bouches-du-Rhône;93;Provence-Alpes-Côte d'Azur
201900000945;138Â 304Â 824;A01;1.0;1;2.0;1.0;1995.0;1.0;1.0;;;0.0;0;;;3.0;7.0;6.0;0.0;1.0;1.0;1.0;;20;12;2019;07:35;2.0;13;13051;2;3.0;3.0;6.0;Route de Saint-chamas;43,5927950;5,1180330;3;15;0.0;;2.0;2;0.0;1.0;(1);(1);1.0;;;2.0;1.0;8.0;50.0;Bouches-du-Rhône;93;Provence-Alpes-Côte d'Azur
201900000946;138Â 304Â 822;A01;7.0;2;4.0;2.0;2001.0;5.0;1.0;;;0.0;0;;;2.0;7.0;13.0;0.0;6.0;0.0;1.0;;28;12;2019;05:15;3.0;13;13088;1;1.0;1.0;6.0;rn 568;43,3667110;5,2346770;3;568;0.0;D;2.0;2;0.0;2.0;55;55;3.0;;;1.0;0.0;3.0;80.0;Bouches-du-Rhône;93;Provence-Alpes-Côte d'Azur
201900000946;138Â 304Â 822;A01;2.0;2;2.0;2.0;2000.0;5.0;1.0;;;0.0;0;;;2.0;7.0;13.0;0.0;6.0;0.0;1.0;;28;12;2019;05:15;3.0;13;13088;1;1.0;1.0;6.0;rn 568;43,3667110;5,2346770;3;568;0.0;D;2.0;2;0.0;2.0;55;55;3.0;;;1.0;0.0;3.0;80.0;Bouches-du-Rhône;93;Provence-Alpes-Côte d'Azur
201900000946;138Â 304Â 822;A01;1.0;1;2.0;2.0;2000.0;5.0;1.0;;;0.0;0;;;2.0;7.0;13.0;0.0;6.0;0.0;1.0;;28;12;2019;05:15;3.0;13;13088;1;1.0;1.0;6.0;rn 568;43,3667110;5,2346770;3;568;0.0;D;2.0;2;0.0;2.0;55;55;3.0;;;1.0;0.0;3.0;80.0;Bouches-du-Rhône;93;Provence-Alpes-Côte d'Azur
201900000947;138Â 304Â 821;A01;1.0;1;3.0;1.0;1987.0;0.0;0.0;;;0.0;0;;;3.0;7.0;2.0;9.0;1.0;1.0;6.0;;20;8;2019;01:45;3.0;971;97121;1;1.0;1.0;7.0;Mahault;16,1919800; -61,7779680;2;2;0.0;;2.0;2;0.0;;(1);(1);2.0;;;1.0;0.0;8.0;70.0;Guadeloupe;01;Guadeloupe
201900000948;138Â 304Â 819;B01;2.0;2;2.0;2.0;1980.0;3.0;1.0;;;0.0;0;;;1.0;7.0;0.0;2.0;4.0;1.0;1.0;;26;9;2019;13:05;1.0;50;50407;1;1.0;3.0;2.0;A84;48,6185340; -1,3347780;1;84;;;2.0;2;0.0;1.0;161;100;1.0;;;2.0;8.0;1.0;70.0;Manche;28;Normandie
201900000948;138Â 304Â 819;B01;1.0;1;2.0;1.0;1979.0;3.0;1.0;;;0.0;0;;;1.0;7.0;0.0;2.0;4.0;1.0;1.0;;26;9;2019;13:05;1.0;50;50407;1;1.0;3.0;2.0;A84;48,6185340; -1,3347780;1;84;;;2.0;2;0.0;1.0;161;100;1.0;;;2.0;8.0;1.0;70.0;Manche;28;Normandie
201900000948;138Â 304Â 820;A01;1.0;1;1.0;1.0;1976.0;4.0;1.0;;;0.0;0;;;1.0;14.0;0.0;2.0;1.0;1.0;1.0;;26;9;2019;13:05;1.0;50;50407;1;1.0;3.0;2.0;A84;48,6185340; -1,3347780;1;84;;;2.0;2;0.0;1.0;161;100;1.0;;;2.0;8.0;1.0;70.0;Manche;28;Normandie
201900000949;138Â 304Â 817;A01;1.0;1;1.0;1.0;1991.0;1.0;1.0;0.0;;0.0;0;;;2.0;7.0;0.0;2.0;1.0;1.0;1.0;;27;11;2019;06:05;5.0;92;92026;2;1.0;2.0;2.0;PRÃSIDENT PAUL DOUMER (QUAI DU);48,8915815;2,2582912;4;PRÃSIDENT PAUL DOUMER (QUAI DU);0.0;;3.0;5;0.0;1.0;0;0;1.0;;;2.0;0.0;1.0;50.0;Hauts-de-Seine;11;Île-de-France
201900000949;138Â 304Â 818;B01;1.0;1;2.0;1.0;1986.0;1.0;2.0;0.0;;0.0;0;;;2.0;33.0;0.0;2.0;4.0;1.0;1.0;;27;11;2019;06:05;5.0;92;92026;2;1.0;2.0;2.0;PRÃSIDENT PAUL DOUMER (QUAI DU);48,8915815;2,2582912;4;PRÃSIDENT PAUL DOUMER (QUAI DU);0.0;;3.0;5;0.0;1.0;0;0;1.0;;;2.0;0.0;1.0;50.0;Hauts-de-Seine;11;Île-de-France
201900000950;138Â 304Â 815;B01;1.0;1;2.0;1.0;1997.0;5.0;2.0;6.0;;;0;;;2.0;33.0;0.0;2.0;8.0;2.0;1.0;;15;10;2019;14:00;1.0;92;92026;2;4.0;1.0;3.0;VERDUN (DE 62 A FIN);48,9030400;2,2581900;3;908;0.0;;2.0;4;0.0;1.0;0;0;1.0;;;1.0;0.0;1.0;50.0;Hauts-de-Seine;11;Île-de-France
201900000950;138Â 304Â 816;A01;1.0;1;1.0;1.0;1982.0;1.0;1.0;0.0;;;0;;;1.0;10.0;0.0;2.0;2.0;13.0;1.0;;15;10;2019;14:00;1.0;92;92026;2;4.0;1.0;3.0;VERDUN (DE 62 A FIN);48,9030400;2,2581900;3;908;0.0;;2.0;4;0.0;1.0;0;0;1.0;;;1.0;0.0;1.0;50.0;Hauts-de-Seine;11;Île-de-France
201900000951;138Â 304Â 813;B01;1.0;1;2.0;1.0;1998.0;5.0;;;;0.0;0;;;2.0;7.0;0.0;2.0;1.0;19.0;1.0;;22;9;2019;14:15;1.0;36;36018;2;3.0;1.0;1.0;INTERSECTION QUAI AUBEPIN-QUAI ANDRE LIESSE;46,6298963;1,0618735;3;951;;;2.0;2;;2.0;11;129;2.0;;;1.0;0.0;1.0;50.0;Indre;24;Centre-Val de Loire
201900000951;138Â 304Â 814;A01;1.0;1;1.0;1.0;1985.0;9.0;;;;;0;;;1.0;10.0;0.0;2.0;1.0;1.0;1.0;;22;9;2019;14:15;1.0;36;36018;2;3.0;1.0;1.0;INTERSECTION QUAI AUBEPIN-QUAI ANDRE LIESSE;46,6298963;1,0618735;3;951;;;2.0;2;;2.0;11;129;2.0;;;1.0;0.0;1.0;50.0;Indre;24;Centre-Val de Loire
201900000952;138Â 304Â 811;A01;1.0;1;1.0;1.0;2000.0;5.0;1.0;0.0;;; -1;;;2.0;7.0;0.0;2.0;1.0;1.0;0.0;;3;11;2019;23:13;5.0;94;94060;2;1.0;2.0;2.0;GENERAL DE GAULLE (R DU);48,7807900;2,5738500;3;4;0.0;;2.0;4;0.0;1.0;0;0;1.0;;;2.0;0.0;1.0;50.0;Val-de-Marne;11;Île-de-France
201900000952;138Â 304Â 812;B01;1.0;1;2.0;2.0;1974.0;5.0;1.0;0.0;;; -1;;;2.0;7.0;0.0;2.0;4.0;1.0;0.0;;3;11;2019;23:13;5.0;94;94060;2;1.0;2.0;2.0;GENERAL DE GAULLE (R DU);48,7807900;2,5738500;3;4;0.0;;2.0;4;0.0;1.0;0;0;1.0;;;2.0;0.0;1.0;50.0;Val-de-Marne;11;Île-de-France
201900000953;138Â 304Â 809;A01;1.0;1;1.0;1.0;1961.0;4.0;1.0;0.0;;; -1;;;1.0;10.0;0.0;2.0;2.0;15.0;1.0;;14;10;2019;09:30;1.0;92;92051;2;1.0;1.0;3.0;MAILLOT (BOULEVARD);48,8782500;2,2762200;4;MAILLOT (BOULEVARD);0.0;;2.0;2;0.0;1.0;0;0;1.0;;;1.0;0.0;1.0;50.0;Hauts-de-Seine;11;Île-de-France
201900000953;138Â 304Â 810;B01;1.0;1;4.0;1.0;1989.0;1.0;2.0;6.0;;; -1;;;2.0;33.0;0.0;2.0;1.0;1.0;1.0;;14;10;2019;09:30;1.0;92;92051;2;1.0;1.0;3.0;MAILLOT (BOULEVARD);48,8782500;2,2762200;4;MAILLOT (BOULEVARD);0.0;;2.0;2;0.0;1.0;0;0;1.0;;;1.0;0.0;1.0;50.0;Hauts-de-Seine;11;Île-de-France
201900000954;138Â 304Â 808;A01;1.0;1;4.0;2.0;1981.0;5.0;2.0;6.0;;; -1;;;1.0;33.0;9.0;0.0;1.0;1.0;1.0;;31;12;2019;22:55;5.0;92;92051;2;1.0;1.0;7.0;BINEAU (BOULEVARD, NÂ°53 A 131 ET 52 A 13;48,8889020;2,2739880;3;908;0.0;;2.0;4;0.0;1.0;0;0;2.0;;;1.0;0.0;1.0;50.0;Hauts-de-Seine;11;Île-de-France
201900000955;138Â 304Â 806;A01;1.0;1;1.0;2.0;1963.0;0.0;1.0;8.0;;;0;;;1.0;7.0;0.0;1.0;1.0;15.0;1.0;;5;12;2019;08:00;1.0;972;97213;2;3.0;1.0;6.0;ACAJOU PROLONGEE;14,6291500; -61,0156800;3;14;0.0;;;1;0.0;2.0;(1);500;3.0;;;1.0;0.0;1.0;50.0;Martinique;02;Martinique
201900000955;138Â 304Â 806;A01;10.0;3;2.0;2.0;1986.0;0.0;0.0;;;2.0;3;2.0;;1.0;7.0;0.0;1.0;1.0;15.0;1.0;;5;12;2019;08:00;1.0;972;97213;2;3.0;1.0;6.0;ACAJOU PROLONGEE;14,6291500; -61,0156800;3;14;0.0;;;1;0.0;2.0;(1);500;3.0;;;1.0;0.0;1.0;50.0;Martinique;02;Martinique
201900000955;138Â 304Â 806;A01;10.0;3;2.0;1.0;2016.0;0.0;0.0;;;2.0;3;2.0;;1.0;7.0;0.0;1.0;1.0;15.0;1.0;;5;12;2019;08:00;1.0;972;97213;2;3.0;1.0;6.0;ACAJOU PROLONGEE;14,6291500; -61,0156800;3;14;0.0;;;1;0.0;2.0;(1);500;3.0;;;1.0;0.0;1.0;50.0;Martinique;02;Martinique
201900000955;138Â 304Â 806;A01;10.0;3;2.0;2.0;2017.0;0.0;0.0;;;2.0;3;2.0;;1.0;7.0;0.0;1.0;1.0;15.0;1.0;;5;12;2019;08:00;1.0;972;97213;2;3.0;1.0;6.0;ACAJOU PROLONGEE;14,6291500; -61,0156800;3;14;0.0;;;1;0.0;2.0;(1);500;3.0;;;1.0;0.0;1.0;50.0;Martinique;02;Martinique
201900000956;138Â 304Â 801;A01;1.0;1;4.0;1.0;1985.0;;;;;0.0;0;;;0.0;33.0;9.0;0.0;0.0;16.0;1.0;;27;1;2019;06:10;5.0;92;92024;2;2.0;1.0;6.0;114 CLICHY (QUAI DE)/ GENERAL LECLERC (BD DU);48,9106563;2,3058111;3;1;;;3.0;;;1.0;(1);(1);3.0;;;1.0;5.0;1.0;;Hauts-de-Seine;11;Île-de-France
201900000957;138Â 304Â 799;A01;1.0;1;2.0;1.0;1997.0;5.0;2.0;;;0.0;0;;;3.0;99.0;0.0;9.0;1.0;17.0;1.0;;12;5;2019;14:30;1.0;85;85224;1;1.0;1.0;3.0;Rue AndrÃ© Charles Boulle;47,0247200; -1,3454900;4;;0.0;;2.0;2;0.0;1.0;(1);(1);1.0;;;1.0;0.0;8.0;50.0;Vendée;52;Pays de la Loire
201900000957;138Â 304Â 800;B01;1.0;1;2.0;1.0;2002.0;5.0;2.0;;;0.0;0;;;3.0;99.0;0.0;9.0;6.0;15.0;1.0;;12;5;2019;14:30;1.0;85;85224;1;1.0;1.0;3.0;Rue AndrÃ© Charles Boulle;47,0247200; -1,3454900;4;;0.0;;2.0;2;0.0;1.0;(1);(1);1.0;;;1.0;0.0;8.0;50.0;Vendée;52;Pays de la Loire
201900000958;138Â 304Â 797;A01;1.0;1;1.0;1.0;1981.0;0.0;1.0;0.0;;;0;;;3.0;7.0;0.0;2.0;4.0;4.0;1.0;;1;12;2019;20:45;5.0;92;92026;2;1.0;1.0;2.0;VERDUN (DE 01 A 61);48,8989890;2,2621450;3;908;0.0;;2.0;2;0.0;1.0;0;0;1.0;;;1.0;0.0;1.0;50.0;Hauts-de-Seine;11;Île-de-France
201900000958;138Â 304Â 798;B01;1.0;1;2.0;1.0;2001.0;9.0;2.0;0.0;;;0;;;3.0;30.0;0.0;2.0;1.0;1.0;1.0;;1;12;2019;20:45;5.0;92;92026;2;1.0;1.0;2.0;VERDUN (DE 01 A 61);48,8989890;2,2621450;3;908;0.0;;2.0;2;0.0;1.0;0;0;1.0;;;1.0;0.0;1.0;50.0;Hauts-de-Seine;11;Île-de-France
201900000959;138Â 304Â 795;B01;2.0;2;1.0;2.0;1996.0;5.0;1.0;0.0;;; -1;;;2.0;7.0;0.0;2.0;5.0;1.0;1.0;;30;6;2019;19:40;2.0;78;78640;1;1.0;1.0;2.0;N118;48,7741630;2,2235340;2;118;0.0;;3.0;2;0.0;1.0;6;500;1.0;;;1.0;0.0;1.0;90.0;Yvelines;11;Île-de-France
201900000959;138Â 304Â 795;B01;1.0;1;2.0;2.0;1962.0;5.0;1.0;0.0;;; -1;;;2.0;7.0;0.0;2.0;5.0;1.0;1.0;;30;6;2019;19:40;2.0;78;78640;1;1.0;1.0;2.0;N118;48,7741630;2,2235340;2;118;0.0;;3.0;2;0.0;1.0;6;500;1.0;;;1.0;0.0;1.0;90.0;Yvelines;11;Île-de-France
201900000959;138Â 304Â 796;A01;1.0;1;1.0;1.0;1955.0;5.0;1.0;0.0;;; -1;;;2.0;10.0;0.0;2.0;1.0;2.0;1.0;;30;6;2019;19:40;2.0;78;78640;1;1.0;1.0;2.0;N118;48,7741630;2,2235340;2;118;0.0;;3.0;2;0.0;1.0;6;500;1.0;;;1.0;0.0;1.0;90.0;Yvelines;11;Île-de-France
201900000960;138Â 304Â 794;A01;1.0;1;1.0;2.0;1988.0;5.0;1.0;0.0;;; -1;;;1.0;20.0;1.0;0.0;7.0;14.0;0.0;;15;12;2019;02:43;5.0;94;94018;2;1.0;2.0;6.0;PARIS (R DE);48,8251200;2,4082300;3;6;0.0;;;2;0.0;1.0;0;0;1.0;;;2.0;0.0;1.0;30.0;Val-de-Marne;11;Île-de-France
201900000960;138Â 304Â 794;A01;2.0;2;2.0;1.0;1990.0;0.0;8.0;0.0;;; -1;;;1.0;20.0;1.0;0.0;7.0;14.0;0.0;;15;12;2019;02:43;5.0;94;94018;2;1.0;2.0;6.0;PARIS (R DE);48,8251200;2,4082300;3;6;0.0;;;2;0.0;1.0;0;0;1.0;;;2.0;0.0;1.0;30.0;Val-de-Marne;11;Île-de-France
201900000961;138Â 304Â 791;A01;1.0;1;1.0;1.0;1994.0;5.0;1.0;0.0;;; -1;;;3.0;7.0;0.0;2.0;2.0;13.0;1.0;;10;2;2019;20:50;5.0;93;93046;2;1.0;9.0;5.0;CONSUL GENERAL NORDLING AVENUE;48,9178600;2,5353300;3;903;0.0;;1.0;4;0.0;1.0;0;0;1.0;;;2.0;0.0;1.0;50.0;Seine-Saint-Denis;11;Île-de-France
201900000961;138Â 304Â 792;B01;1.0;1;1.0;2.0;1983.0;5.0;1.0;0.0;;; -1;;;3.0;7.0;0.0;2.0;4.0;16.0;1.0;;10;2;2019;20:50;5.0;93;93046;2;1.0;9.0;5.0;CONSUL GENERAL NORDLING AVENUE;48,9178600;2,5353300;3;903;0.0;;1.0;4;0.0;1.0;0;0;1.0;;;2.0;0.0;1.0;50.0;Seine-Saint-Denis;11;Île-de-France
201900000961;138Â 304Â 792;B01;2.0;2;1.0;1.0;1979.0;5.0;1.0;0.0;;; -1;;;3.0;7.0;0.0;2.0;4.0;16.0;1.0;;10;2;2019;20:50;5.0;93;93046;2;1.0;9.0;5.0;CONSUL GENERAL NORDLING AVENUE;48,9178600;2,5353300;3;903;0.0;;1.0;4;0.0;1.0;0;0;1.0;;;2.0;0.0;1.0;50.0;Seine-Saint-Denis;11;Île-de-France
201900000961;138Â 304Â 793;C01;1.0;1;2.0;2.0;1992.0;5.0;1.0;5.0;;; -1;;;3.0;7.0;0.0;2.0;2.0;2.0;1.0;;10;2;2019;20:50;5.0;93;93046;2;1.0;9.0;5.0;CONSUL GENERAL NORDLING AVENUE;48,9178600;2,5353300;3;903;0.0;;1.0;4;0.0;1.0;0;0;1.0;;;2.0;0.0;1.0;50.0;Seine-Saint-Denis;11;Île-de-France
201900000961;138Â 304Â 793;C01;2.0;2;1.0;2.0;1989.0;5.0;1.0;5.0;;; -1;;;3.0;7.0;0.0;2.0;2.0;2.0;1.0;;10;2;2019;20:50;5.0;93;93046;2;1.0;9.0;5.0;CONSUL GENERAL NORDLING AVENUE;48,9178600;2,5353300;3;903;0.0;;1.0;4;0.0;1.0;0;0;1.0;;;2.0;0.0;1.0;50.0;Seine-Saint-Denis;11;Île-de-France
201900000962;138Â 304Â 788;A01;10.0;3;3.0;1.0;1982.0;0.0;0.0;;;3.0;3;2.0;;2.0;7.0;0.0;1.0;1.0;1.0;1.0;;10;12;2019;18:30;5.0;63;63113;2;2.0;1.0;6.0;BRUYANT (RUE CHARLES);45,7643590;3,0828300;4;BRUYANT (RUE CHARLES);0.0;;2.0;2;0.0;1.0;0;0;1.0;;;1.0;0.0;1.0;50.0;Puy-de-Dôme;84;Auvergne-Rhône-Alpes
201900000962;138Â 304Â 788;A01;1.0;1;1.0;2.0;1956.0;0.0;1.0;0.0;;; -1;;;2.0;7.0;0.0;1.0;1.0;1.0;1.0;;10;12;2019;18:30;5.0;63;63113;2;2.0;1.0;6.0;BRUYANT (RUE CHARLES);45,7643590;3,0828300;4;BRUYANT (RUE CHARLES);0.0;;2.0;2;0.0;1.0;0;0;1.0;;;1.0;0.0;1.0;50.0;Puy-de-Dôme;84;Auvergne-Rhône-Alpes
201900000963;138Â 304Â 786;A01;1.0;1;4.0;2.0;1954.0;5.0;1.0;;;0.0;0;;;0.0;7.0;15.0;2.0;2.0;15.0;1.0;;8;6;2019;22:50;5.0;91;91461;2;2.0;1.0;1.0;Route de Limours;48,6009200;2,2299670;3;97;;C;2.0;2;0.0;1.0;(1);(1);1.0;;;1.0;5.0;1.0;50.0;Essonne;11;Île-de-France