Num_Acc;id_vehicule;num_veh;place;catu;grav;sexe;an_nais;trajet;secu1;secu2;secu3;locp;actp;etatp;id_usager;senc;catv;obs;obsm;choc;manv;motor;occutc;jour;mois;an;hrmn;lum;dep;com;agg;int;atm;col;adr;lat;long;catr;voie;v1;v2;circ;nbv;vosp;prof;pr;pr1;plan;lartpc;larrout;surf;infra;situ;vma;nom_departement;reg;nom_region
201900000963;138Â 304Â 787;B01;1.0;1;1.0;1.0;2001.0;5.0;1.0;;;0.0;0;;;0.0;7.0;14.0;2.0;1.0;1.0;1.0;;8;6;2019;22:50;5.0;91;91461;2;2.0;1.0;1.0;Route de Limours;48,6009200;2,2299670;3;97;;C;2.0;2;0.0;1.0;(1);(1);1.0;;;1.0;5.0;1.0;50.0;Essonne;11;Île-de-France
201900000964;138Â 304Â 785;A01;2.0;1;2.0;1.0;1996.0;9.0;2.0;6.0;;; -1;;;3.0;33.0;2.0;0.0;1.0;21.0;1.0;;6;9;2019;16:00;1.0;94;94060;2;1.0;1.0;6.0;MARMOUSETS (CHE DES);48,7722100;2,5860700;6;MARMOUSETS (CHE DES);0.0;;1.0;1;0.0;1.0;0;0;1.0;;;1.0;0.0;8.0;20.0;Val-de-Marne;11;Île-de-France
201900000965;138Â 304Â 784;A01;1.0;1;2.0;1.0;2002.0;0.0;8.0;0.0;;; -1;;;2.0;1.0;0.0;2.0;8.0;1.0;5.0;;20;12;2019;20:50;5.0;94;94041;2;1.0;2.0;6.0;PIERRE SEMARD (AV);48,8191000;2,3806000;3;224;0.0;;2.0;2;0.0;1.0;0;0;1.0;;;2.0;0.0;1.0;50.0;Val-de-Marne;11;Île-de-France
201900000966;138Â 304Â 782;B01;1.0;1;2.0;1.0;2001.0;5.0;2.0;;;0.0;0;;;2.0;2.0;0.0;2.0;3.0;1.0;1.0;;20;3;2019;10:05;1.0;46;46232;2;3.0;1.0;3.0;Avenue Augustin GARCIA;44,9956610;1,6457220;3;96;;;2.0;2;0.0;1.0;16;141;1.0;;;1.0;0.0;1.0;50.0;Lot;76;Occitanie
201900000966;138Â 304Â 783;A01;1.0;1;1.0;1.0;1980.0;4.0;8.0;;;0.0;0;;;1.0;7.0;0.0;2.0;1.0;15.0;1.0;;20;3;2019;10:05;1.0;46;46232;2;3.0;1.0;3.0;Avenue Augustin GARCIA;44,9956610;1,6457220;3;96;;;2.0;2;0.0;1.0;16;141;1.0;;;1.0;0.0;1.0;50.0;Lot;76;Occitanie
201900000967;138Â 304Â 781;A01;1.0;1;1.0;1.0;1998.0;1.0;1.0;0.0;;0.0;0;;;1.0;10.0;0.0;1.0;1.0;15.0;0.0;;24;1;2019;08:05;1.0;94;94017;2;2.0;1.0;6.0;GEORGES DIMITROV (R);48,8136490;2,5101600;3;130;0.0;B;1.0;1;0.0;2.0;0;0;1.0;;;1.0;5.0;1.0;50.0;Val-de-Marne;11;Île-de-France
201900000967;138Â 304Â 781;A01;10.0;3;2.0;2.0;2003.0;2.0;8.0;0.0;;4.0;3;1.0;;1.0;10.0;0.0;1.0;1.0;15.0;0.0;;24;1;2019;08:05;1.0;94;94017;2;2.0;1.0;6.0;GEORGES DIMITROV (R);48,8136490;2,5101600;3;130;0.0;B;1.0;1;0.0;2.0;0;0;1.0;;;1.0;5.0;1.0;50.0;Val-de-Marne;11;Île-de-France
201900000968;138Â 304Â 780;A01;10.0;3;2.0;1.0;1993.0;1.0;8.0;0.0;;3.0;3;1.0;;1.0;7.0;0.0;1.0;1.0;19.0;1.0;;13;2;2019;19:00;5.0;94;94033;2;1.0;1.0;6.0;ROGER SALENGRO (R);48,8505900;2,4882700;4;ROGER SALENGRO (R);0.0;;2.0;2;0.0;1.0;0;0;1.0;;;1.0;8.0;1.0;50.0;Val-de-Marne;11;Île-de-France
201900000968;138Â 304Â 780;A01;1.0;1;1.0;1.0;1957.0;3.0;1.0;0.0;;;0;;;1.0;7.0;0.0;1.0;1.0;19.0;1.0;;13;2;2019;19:00;5.0;94;94033;2;1.0;1.0;6.0;ROGER SALENGRO (R);48,8505900;2,4882700;4;ROGER SALENGRO (R);0.0;;2.0;2;0.0;1.0;0;0;1.0;;;1.0;8.0;1.0;50.0;Val-de-Marne;11;Île-de-France
201900000969;138Â 304Â 778;B01;2.0;1;2.0;1.0;1996.0;5.0;2.0;8.0;;;0;;;1.0;33.0;0.0;2.0;1.0;1.0;1.0;;6;2;2019;20:00;5.0;94;94022;2;1.0;2.0;3.0;BABEUF (R);48,7592500;2,4060800;4;BABEUF (R);0.0;;2.0;2;0.0;1.0;0;0;1.0;;;2.0;0.0;1.0;50.0;Val-de-Marne;11;Île-de-France
201900000969;138Â 304Â 779;A01;1.0;1;1.0;2.0;1953.0;5.0;1.0;0.0;;;0;;;0.0;7.0;0.0;2.0;3.0;15.0;1.0;;6;2;2019;20:00;5.0;94;94022;2;1.0;2.0;3.0;BABEUF (R);48,7592500;2,4060800;4;BABEUF (R);0.0;;2.0;2;0.0;1.0;0;0;1.0;;;2.0;0.0;1.0;50.0;Val-de-Marne;11;Île-de-France
201900000970;138Â 304Â 777;A01;1.0;1;1.0;1.0;1945.0;5.0;1.0;0.0;;;0;;;2.0;7.0;0.0;1.0;3.0;1.0;1.0;;4;2;2019;08:30;1.0;94;94058;2;2.0;1.0;6.0;GENERAL DE GAULLE (AV DU);48,8391000;2,5085400;3;244;0.0;;2.0;2;0.0;1.0;0;0;1.0;;;1.0;0.0;1.0;50.0;Val-de-Marne;11;Île-de-France
201900000970;138Â 304Â 777;A01;2.0;2;1.0;2.0;1946.0;5.0;1.0;0.0;;;0;;;2.0;7.0;0.0;1.0;3.0;1.0;1.0;;4;2;2019;08:30;1.0;94;94058;2;2.0;1.0;6.0;GENERAL DE GAULLE (AV DU);48,8391000;2,5085400;3;244;0.0;;2.0;2;0.0;1.0;0;0;1.0;;;1.0;0.0;1.0;50.0;Val-de-Marne;11;Île-de-France
201900000970;138Â 304Â 777;A01;10.0;3;2.0;2.0;2008.0;2.0;8.0;0.0;;3.0;3;1.0;;2.0;7.0;0.0;1.0;3.0;1.0;1.0;;4;2;2019;08:30;1.0;94;94058;2;2.0;1.0;6.0;GENERAL DE GAULLE (AV DU);48,8391000;2,5085400;3;244;0.0;;2.0;2;0.0;1.0;0;0;1.0;;;1.0;0.0;1.0;50.0;Val-de-Marne;11;Île-de-France
201900000971;138Â 304Â 776;A01;10.0;3;2.0;2.0;1996.0;1.0;8.0;0.0;;3.0;3;1.0;;1.0;7.0;0.0;1.0;2.0;1.0;1.0;;1;2;2019;08:20;1.0;94;94019;2;1.0;1.0;6.0;FUSILLES DE CHATEAUBRIAND (R DES);48,7993000;2,5418000;4;FUSILLES DE CHATEAUBRIAND (R DES);0.0;;2.0;1;0.0;1.0;0;0;1.0;;;2.0;0.0;1.0;50.0;Val-de-Marne;11;Île-de-France
201900000971;138Â 304Â 776;A01;10.0;3;1.0;1.0;1983.0;9.0;8.0;0.0;;3.0;3;1.0;;1.0;7.0;0.0;1.0;2.0;1.0;1.0;;1;2;2019;08:20;1.0;94;94019;2;1.0;1.0;6.0;FUSILLES DE CHATEAUBRIAND (R DES);48,7993000;2,5418000;4;FUSILLES DE CHATEAUBRIAND (R DES);0.0;;2.0;1;0.0;1.0;0;0;1.0;;;2.0;0.0;1.0;50.0;Val-de-Marne;11;Île-de-France
201900000971;138Â 304Â 776;A01;1.0;1;1.0;1.0;1978.0;1.0;1.0;0.0;;; -1;;;1.0;7.0;0.0;1.0;2.0;1.0;1.0;;1;2;2019;08:20;1.0;94;94019;2;1.0;1.0;6.0;FUSILLES DE CHATEAUBRIAND (R DES);48,7993000;2,5418000;4;FUSILLES DE CHATEAUBRIAND (R DES);0.0;;2.0;1;0.0;1.0;0;0;1.0;;;2.0;0.0;1.0;50.0;Val-de-Marne;11;Île-de-France
201900000972;138Â 304Â 775;A01;1.0;1;1.0;1.0;1979.0;1.0;8.0;0.0;;;0;;;1.0;7.0;0.0;1.0;1.0;2.0;1.0;;22;1;2019;13:20;1.0;94;94017;2;1.0;4.0;6.0;REPUBLIQUE (AV DE LA);48,8248100;2,5099900;3;130;0.0;;2.0;0;0.0;2.0;0;0;1.0;;;5.0;0.0;1.0;50.0;Val-de-Marne;11;Île-de-France
201900000972;138Â 304Â 775;A01;10.0;3;2.0;1.0;1981.0;1.0;8.0;0.0;;2.0;3;1.0;;1.0;7.0;0.0;1.0;1.0;2.0;1.0;;22;1;2019;13:20;1.0;94;94017;2;1.0;4.0;6.0;REPUBLIQUE (AV DE LA);48,8248100;2,5099900;3;130;0.0;;2.0;0;0.0;2.0;0;0;1.0;;;5.0;0.0;1.0;50.0;Val-de-Marne;11;Île-de-France
201900000973;138Â 304Â 773;B01;1.0;1;1.0;2.0;1999.0;1.0;1.0;0.0;;;0;;;3.0;7.0;0.0;2.0;2.0;9.0;0.0;;9;1;2019;19:30;5.0;94;94054;2;1.0;1.0;3.0;CHARLES TILLON (route);48,7442500;2,3863600;3;136;0.0;;2.0;2;0.0;1.0;0;1;1.0;;;2.0;0.0;1.0;50.0;Val-de-Marne;11;Île-de-France
201900000973;138Â 304Â 774;A01;1.0;1;2.0;1.0;1997.0;1.0;2.0;6.0;;;0;;;3.0;34.0;0.0;2.0;3.0;17.0;0.0;;9;1;2019;19:30;5.0;94;94054;2;1.0;1.0;3.0;CHARLES TILLON (route);48,7442500;2,3863600;3;136;0.0;;2.0;2;0.0;1.0;0;1;1.0;;;2.0;0.0;1.0;50.0;Val-de-Marne;11;Île-de-France
201900000974;138Â 304Â 771;B01;1.0;1;3.0;1.0;1999.0;3.0;2.0;8.0;;0.0;0;;;3.0;2.0;0.0;2.0;1.0;1.0;1.0;;25;11;2019;18:45;5.0;85;85194;2;1.0;2.0;3.0;RUE GEORGES CLEMENCEAU ;46,5033800; -1,7435800;4;RUE GEORGES CLEMENCEAU;;;2.0;2;;1.0;(1);(1);1.0;;;2.0;0.0;1.0;50.0;Vendée;52;Pays de la Loire
201900000974;138Â 304Â 772;A01;1.0;1;1.0;1.0;1974.0;3.0;1.0;8.0;;0.0;0;;;3.0;7.0;0.0;2.0;2.0;15.0;1.0;;25;11;2019;18:45;5.0;85;85194;2;1.0;2.0;3.0;RUE GEORGES CLEMENCEAU ;46,5033800; -1,7435800;4;RUE GEORGES CLEMENCEAU;;;2.0;2;;1.0;(1);(1);1.0;;;2.0;0.0;1.0;50.0;Vendée;52;Pays de la Loire
201900000975;138Â 304Â 769;A01;1.0;1;1.0;2.0;1952.0;1.0;1.0;0.0;;; -1;;;1.0;7.0;0.0;2.0;3.0;10.0;1.0;;5;12;2019;10:50;1.0;84;84007;2;1.0;1.0;3.0;PIERRE SEMARD (avenue);43,9373500;4,8242600;4;PIERRE SEMARD (avenue);0.0;;2.0;4;1.0;1.0;0;1;1.0;;;1.0;0.0;1.0;50.0;Vaucluse;93;Provence-Alpes-Côte d'Azur
201900000975;138Â 304Â 770;B01;1.0;1;3.0;1.0;1968.0;4.0;2.0;6.0;;; -1;;;0.0;33.0;0.0;2.0;1.0;1.0;1.0;;5;12;2019;10:50;1.0;84;84007;2;1.0;1.0;3.0;PIERRE SEMARD (avenue);43,9373500;4,8242600;4;PIERRE SEMARD (avenue);0.0;;2.0;4;1.0;1.0;0;1;1.0;;;1.0;0.0;1.0;50.0;Vaucluse;93;Provence-Alpes-Côte d'Azur
201900000976;138Â 304Â 767;B01;2.0;1;2.0;2.0;2001.0;0.0;2.0;0.0;;; -1;;;1.0;30.0;0.0;2.0;0.0;14.0;0.0;;5;6;2019;14:15;1.0;69;69266;2;1.0;1.0;2.0;11 NOVEMBRE 1918    (Boulevard du);45,7788653;4,8671097;4;11 NOVEMBRE 1918    (Boulevard du);0.0;;1.0;1;0.0;1.0;0;0;1.0;;;1.0;0.0;1.0;50.0;Rhône;84;Auvergne-Rhône-Alpes
201900000976;138Â 304Â 768;A01;1.0;1;1.0;1.0;1983.0;0.0;1.0;8.0;;; -1;;;1.0;99.0;0.0;2.0;0.0;1.0;1.0;;5;6;2019;14:15;1.0;69;69266;2;1.0;1.0;2.0;11 NOVEMBRE 1918    (Boulevard du);45,7788653;4,8671097;4;11 NOVEMBRE 1918    (Boulevard du);0.0;;1.0;1;0.0;1.0;0;0;1.0;;;1.0;0.0;1.0;50.0;Rhône;84;Auvergne-Rhône-Alpes
201900000977;138Â 304Â 766;A01;1.0;1;2.0;1.0;1986.0;;0.0;;;; -1;;;0.0;33.0;9.0;0.0;0.0;0.0;;;4;3;2019;01:45;5.0;92;92078;2;9.0;1.0;6.0;FOSSE ASTRES (RUE) (IMPAIRS>J MOULIN);48,9406080;2,3315420;4;;;;2.0;;;1.0;(1);(1);1.0;;;1.0;0.0;1.0;;Hauts-de-Seine;11;Île-de-France
201900000978;138Â 304Â 764;A01;10.0;3;2.0;1.0;2002.0;0.0;8.0;0.0;;1.0;3;2.0;;0.0;7.0;0.0;1.0;2.0;21.0;1.0;;4;1;2019;19:35;5.0;94;94073;2;1.0;1.0;6.0;ALOUETTES (R DES);48,7527600;2,3775300;4;ALOUETTES (R DES);0.0;;2.0;2;0.0;1.0;0;0;1.0;;;1.0;9.0;1.0;50.0;Val-de-Marne;11;Île-de-France
201900000978;138Â 304Â 764;A01;1.0;1;1.0;1.0;1980.0;0.0;1.0;0.0;;0.0;0;;;0.0;7.0;0.0;1.0;2.0;21.0;1.0;;4;1;2019;19:35;5.0;94;94073;2;1.0;1.0;6.0;ALOUETTES (R DES);48,7527600;2,3775300;4;ALOUETTES (R DES);0.0;;2.0;2;0.0;1.0;0;0;1.0;;;1.0;9.0;1.0;50.0;Val-de-Marne;11;Île-de-France
201900000979;138Â 304Â 761;A01;1.0;1;2.0;1.0;1936.0;5.0;1.0;0.0;;0.0;0;;;1.0;7.0;6.0;0.0;1.0;26.0;0.0;;2;1;2019;17:00;1.0;94;94079;2;6.0;1.0;6.0;GENERAL DE GAULLE (R DU);48,8284700;2,5588700;4;GENERAL DE GAULLE (R DU);0.0;;3.0;2;0.0;1.0;0;0;1.0;;;1.0;0.0;1.0;50.0;Val-de-Marne;11;Île-de-France
201900000980;138Â 304Â 760;A01;10.0;3;2.0;1.0;1969.0;9.0;8.0;0.0;;3.0;3;1.0;;1.0;7.0;0.0;1.0;2.0;2.0;0.0;;4;1;2019;10:35;1.0;94;94021;2;1.0;1.0;6.0;GENERAL DE GAULLE (AV DU);48,7718700;2,3441900;4;GENERAL DE GAULLE (AV DU);0.0;;2.0;2;0.0;1.0;0;0;1.0;;;1.0;9.0;2.0;50.0;Val-de-Marne;11;Île-de-France
201900000980;138Â 304Â 760;A01;1.0;1;1.0;1.0;1975.0;5.0;1.0;8.0;;;0;;;1.0;7.0;0.0;1.0;2.0;2.0;0.0;;4;1;2019;10:35;1.0;94;94021;2;1.0;1.0;6.0;GENERAL DE GAULLE (AV DU);48,7718700;2,3441900;4;GENERAL DE GAULLE (AV DU);0.0;;2.0;2;0.0;1.0;0;0;1.0;;;1.0;9.0;2.0;50.0;Val-de-Marne;11;Île-de-France
201900000981;138Â 304Â 758;A01;1.0;1;1.0;1.0;1974.0;0.0;1.0;0.0;;;0;;;1.0;7.0;0.0;2.0;8.0;13.0;1.0;;3;1;2019;18:30;5.0;94;94046;2;1.0;1.0;3.0;GENERAL LECLERC (AV DU);48,8045762;2,4430833;3;19;0.0;;1.0;1;0.0;1.0;0;0;1.0;;;1.0;0.0;1.0;50.0;Val-de-Marne;11;Île-de-France
201900000981;138Â 304Â 759;B01;2.0;1;2.0;1.0;2001.0;1.0;2.0;0.0;;;0;;;1.0;32.0;0.0;2.0;2.0;1.0;1.0;;3;1;2019;18:30;5.0;94;94046;2;1.0;1.0;3.0;GENERAL LECLERC (AV DU);48,8045762;2,4430833;3;19;0.0;;1.0;1;0.0;1.0;0;0;1.0;;;1.0;0.0;1.0;50.0;Val-de-Marne;11;Île-de-France
201900000982;138Â 304Â 756;B01;1.0;1;1.0;1.0;1975.0;4.0;1.0;0.0;;0.0;0;;;2.0;14.0;8.0;0.0;5.0;2.0;0.0;;3;1;2019;15:40;1.0;94;94003;2;9.0;1.0;3.0;ARISTIDE BRIAND (AV);48,8090688;2,3266315;3;920;0.0;;3.0;8;0.0;1.0;0;0;1.0;;;1.0;0.0;1.0;50.0;Val-de-Marne;11;Île-de-France
201900000982;138Â 304Â 757;A01;2.0;2;2.0;2.0;1995.0;0.0;1.0;0.0;;0.0;0;;;1.0;7.0;8.0;0.0;8.0;16.0;1.0;;3;1;2019;15:40;1.0;94;94003;2;9.0;1.0;3.0;ARISTIDE BRIAND (AV);48,8090688;2,3266315;3;920;0.0;;3.0;8;0.0;1.0;0;0;1.0;;;1.0;0.0;1.0;50.0;Val-de-Marne;11;Île-de-France
201900000982;138Â 304Â 757;A01;1.0;1;1.0;2.0;1993.0;0.0;1.0;0.0;;0.0;0;;;1.0;7.0;8.0;0.0;8.0;16.0;1.0;;3;1;2019;15:40;1.0;94;94003;2;9.0;1.0;3.0;ARISTIDE BRIAND (AV);48,8090688;2,3266315;3;920;0.0;;3.0;8;0.0;1.0;0;0;1.0;;;1.0;0.0;1.0;50.0;Val-de-Marne;11;Île-de-France
201900000983;138Â 304Â 754;B01;1.0;1;1.0;1.0;1969.0;0.0;1.0;9.0;;0.0;0;;;0.0;10.0;0.0;2.0;1.0;1.0;1.0;;30;10;2019;19:00;3.0;02;02013;1;1.0;1.0;1.0;Ferme de Fleuricourt;49,5202660;3,9133480;3;24;;;2.0;2;0.0;1.0;30;200;1.0;;;1.0;0.0;1.0;80.0;Aisne;32;Hauts-de-France
201900000983;138Â 304Â 755;A01;3.0;2;3.0;1.0;1999.0;5.0;1.0;;;0.0;0;;;2.0;7.0;0.0;2.0;1.0;13.0;1.0;;30;10;2019;19:00;3.0;02;02013;1;1.0;1.0;1.0;Ferme de Fleuricourt;49,5202660;3,9133480;3;24;;;2.0;2;0.0;1.0;30;200;1.0;;;1.0;0.0;1.0;80.0;Aisne;32;Hauts-de-France
201900000983;138Â 304Â 755;A01;2.0;2;2.0;1.0;2001.0;5.0;1.0;9.0;;0.0;0;;;2.0;7.0;0.0;2.0;1.0;13.0;1.0;;30;10;2019;19:00;3.0;02;02013;1;1.0;1.0;1.0;Ferme de Fleuricourt;49,5202660;3,9133480;3;24;;;2.0;2;0.0;1.0;30;200;1.0;;;1.0;0.0;1.0;80.0;Aisne;32;Hauts-de-France
201900000983;138Â 304Â 755;A01;1.0;1;2.0;1.0;1998.0;5.0;1.0;9.0;;0.0;0;;;2.0;7.0;0.0;2.0;1.0;13.0;1.0;;30;10;2019;19:00;3.0;02;02013;1;1.0;1.0;1.0;Ferme de Fleuricourt;49,5202660;3,9133480;3;24;;;2.0;2;0.0;1.0;30;200;1.0;;;1.0;0.0;1.0;80.0;Aisne;32;Hauts-de-France
201900000984;138Â 304Â 751;C01;1.0;1;1.0;1.0;1964.0;4.0;1.0;0.0;;; -1;;;1.0;10.0;0.0;2.0;6.0;2.0;1.0;;31;12;2019;08:30;1.0;13;13205;2;1.0;1.0;5.0;ABBÃ FERAUD (RUE);43,2851471;5,3908417;7;ABBÃ FERAUD (RUE);0.0;;1.0;2;0.0;2.0;4;0;1.0;;;1.0;0.0;1.0;50.0;Bouches-du-Rhône;93;Provence-Alpes-Côte d'Azur
201900000984;138Â 304Â 752;B01;1.0;1;1.0;2.0;1989.0;4.0;1.0;0.0;;; -1;;;1.0;7.0;0.0;2.0;5.0;2.0;1.0;;31;12;2019;08:30;1.0;13;13205;2;1.0;1.0;5.0;ABBÃ FERAUD (RUE);43,2851471;5,3908417;7;ABBÃ FERAUD (RUE);0.0;;1.0;2;0.0;2.0;4;0;1.0;;;1.0;0.0;1.0;50.0;Bouches-du-Rhône;93;Provence-Alpes-Côte d'Azur
201900000984;138Â 304Â 753;A01;1.0;1;2.0;1.0;2002.0;5.0;2.0;8.0;;;0;;;1.0;30.0;0.0;2.0;8.0;3.0;1.0;;31;12;2019;08:30;1.0;13;13205;2;1.0;1.0;5.0;ABBÃ FERAUD (RUE);43,2851471;5,3908417;7;ABBÃ FERAUD (RUE);0.0;;1.0;2;0.0;2.0;4;0;1.0;;;1.0;0.0;1.0;50.0;Bouches-du-Rhône;93;Provence-Alpes-Côte d'Azur
201900000985;138Â 304Â 749;B01;1.0;1;1.0;1.0;1998.0;4.0;1.0;8.0;;;0;;;2.0;7.0;0.0;2.0;1.0;2.0;1.0;;7;12;2019;18:24;3.0;67;67389;1;1.0;8.0;2.0;Autoroute A.4;48,6446300;7,7324400;1;4;0.0;;3.0;3;0.0;1.0;1;639;1.0;;;2.0;0.0;1.0;90.0;Bas-Rhin;44;Grand Est
201900000985;138Â 304Â 750;A01;1.0;1;2.0;1.0;1998.0;5.0;1.0;0.0;;;0;;;2.0;7.0;0.0;2.0;4.0;2.0;2.0;;7;12;2019;18:24;3.0;67;67389;1;1.0;8.0;2.0;Autoroute A.4;48,6446300;7,7324400;1;4;0.0;;3.0;3;0.0;1.0;1;639;1.0;;;2.0;0.0;1.0;90.0;Bas-Rhin;44;Grand Est
201900000986;138Â 304Â 748;A01;2.0;2;1.0;2.0;1936.0;9.0;1.0;;;0.0;0;;;3.0;7.0;13.0;0.0;1.0;26.0;1.0;;26;11;2019;10:30;1.0;06;06088;2;6.0;1.0;6.0;Rond point dit de l'aÃ©ropostale;43,6634720;7,2006110;4;avenue renÃ© Couzinet;0.0;;2.0;2;0.0;1.0;0;0;1.0;;;1.0;0.0;3.0;50.0;Alpes-Maritimes;93;Provence-Alpes-Côte d'Azur
201900000986;138Â 304Â 748;A01;1.0;1;4.0;1.0;1947.0;9.0;1.0;;;; -1;;;3.0;7.0;13.0;0.0;1.0;26.0;1.0;;26;11;2019;10:30;1.0;06;06088;2;6.0;1.0;6.0;Rond point dit de l'aÃ©ropostale;43,6634720;7,2006110;4;avenue renÃ© Couzinet;0.0;;2.0;2;0.0;1.0;0;0;1.0;;;1.0;0.0;3.0;50.0;Alpes-Maritimes;93;Provence-Alpes-Côte d'Azur
201900000987;138Â 304Â 743;E01;1.0;1;1.0;1.0;1997.0;0.0;1.0;0.0;;;0;;;1.0;7.0;0.0;2.0;4.0;2.0;1.0;;1;1;2019;17:50;3.0;59;59009;1;1.0;1.0;4.0;ROUTE NATIONALE 227;50,6407147;3,1439835;2;227;0.0;;3.0;4;0.0;1.0;5;300;1.0;;;1.0;0.0;1.0;90.0;Nord;32;Hauts-de-France
201900000987;138Â 304Â 744;D01;1.0;1;1.0;1.0;1999.0;0.0;1.0;0.0;;0.0;0;;;1.0;7.0;0.0;2.0;4.0;2.0;1.0;;1;1;2019;17:50;3.0;59;59009;1;1.0;1.0;4.0;ROUTE NATIONALE 227;50,6407147;3,1439835;2;227;0.0;;3.0;4;0.0;1.0;5;300;1.0;;;1.0;0.0;1.0;90.0;Nord;32;Hauts-de-France
201900000987;138Â 304Â 745;C01;1.0;1;1.0;1.0;1977.0;0.0;1.0;0.0;;0.0;0;;;1.0;7.0;0.0;2.0;4.0;2.0;1.0;;1;1;2019;17:50;3.0;59;59009;1;1.0;1.0;4.0;ROUTE NATIONALE 227;50,6407147;3,1439835;2;227;0.0;;3.0;4;0.0;1.0;5;300;1.0;;;1.0;0.0;1.0;90.0;Nord;32;Hauts-de-France
201900000987;138Â 304Â 746;B01;2.0;2;3.0;2.0;1961.0;5.0;1.0;0.0;0.0;0.0;0;;;1.0;7.0;0.0;2.0;4.0;2.0;1.0;;1;1;2019;17:50;3.0;59;59009;1;1.0;1.0;4.0;ROUTE NATIONALE 227;50,6407147;3,1439835;2;227;0.0;;3.0;4;0.0;1.0;5;300;1.0;;;1.0;0.0;1.0;90.0;Nord;32;Hauts-de-France
201900000987;138Â 304Â 746;B01;1.0;1;4.0;1.0;1965.0;0.0;1.0;0.0;;0.0;0;;;1.0;7.0;0.0;2.0;4.0;2.0;1.0;;1;1;2019;17:50;3.0;59;59009;1;1.0;1.0;4.0;ROUTE NATIONALE 227;50,6407147;3,1439835;2;227;0.0;;3.0;4;0.0;1.0;5;300;1.0;;;1.0;0.0;1.0;90.0;Nord;32;Hauts-de-France
201900000987;138Â 304Â 747;A01;1.0;1;1.0;1.0;1986.0;0.0;1.0;0.0;;0.0;0;;;1.0;7.0;0.0;2.0;1.0;2.0;1.0;;1;1;2019;17:50;3.0;59;59009;1;1.0;1.0;4.0;ROUTE NATIONALE 227;50,6407147;3,1439835;2;227;0.0;;3.0;4;0.0;1.0;5;300;1.0;;;1.0;0.0;1.0;90.0;Nord;32;Hauts-de-France
201900000988;138Â 304Â 741;B01;1.0;1;4.0;1.0;1959.0;4.0;2.0;;;; -1;;;1.0;30.0;0.0;2.0;2.0;21.0;1.0;;6;12;2019;21:30;5.0;83;83137;2;1.0;1.0;6.0;1643, avenue Joseph Gasquet;43,1223590;5,9724450;3;559;0.0;;2.0;2;0.0;1.0;31;200;1.0;;;1.0;0.0;1.0;50.0;Var;93;Provence-Alpes-Côte d'Azur
201900000989;138Â 304Â 738;A01;1.0;1;3.0;1.0;1996.0;0.0;1.0;0.0;;; -1;;;3.0;7.0;0.0;4.0;2.0;19.0;1.0;;15;12;2019;06:10;5.0;38;38185;2;5.0;1.0;3.0;LIBERATION (COURS DE LA)  (58-65 A 104-1;45,1744600;5,7144500;3;1075;0.0;;2.0;4;3.0;1.0;499;0;1.0;;;2.0;4.0;6.0;50.0;Isère;84;Auvergne-Rhône-Alpes
201900000989;138Â 304Â 739;B01;1.0;1;2.0;2.0;1972.0;4.0;1.0;0.0;;; -1;;;3.0;40.0;0.0;2.0;1.0;1.0;3.0;;15;12;2019;06:10;5.0;38;38185;2;5.0;1.0;3.0;LIBERATION (COURS DE LA)  (58-65 A 104-1;45,1744600;5,7144500;3;1075;0.0;;2.0;4;3.0;1.0;499;0;1.0;;;2.0;4.0;6.0;50.0;Isère;84;Auvergne-Rhône-Alpes
201900000990;138Â 304Â 737;A01;1.0;1;1.0;1.0;1933.0;5.0;1.0;;;; -1;;;1.0;7.0;0.0;1.0;3.0;16.0;1.0;;24;12;2019;09:00;1.0;85;85194;2;6.0;1.0;6.0;AVENUE CARNOT;46,4975300; -1,7825000;4;AVENUE CARNOT;;;1.0;1;;1.0;(1);(1);3.0;;;1.0;5.0;1.0;50.0;Vendée;52;Pays de la Loire
201900000990;138Â 304Â 737;A01;10.0;3;3.0;2.0;1947.0;3.0;0.0;;;3.0;3;1.0;;1.0;7.0;0.0;1.0;3.0;16.0;1.0;;24;12;2019;09:00;1.0;85;85194;2;6.0;1.0;6.0;AVENUE CARNOT;46,4975300; -1,7825000;4;AVENUE CARNOT;;;1.0;1;;1.0;(1);(1);3.0;;;1.0;5.0;1.0;50.0;Vendée;52;Pays de la Loire
201900000991;138Â 304Â 734;A01;1.0;1;1.0;2.0;1948.0;0.0;1.0;0.0;;0.0;0;;;1.0;7.0;0.0;6.0;0.0;9.0;1.0;;13;10;2019;12:10;1.0;63;63113;2;3.0;1.0;5.0;AURIOL (BOULEVARD VINCENT);45,7928399;3,1198883;7;210;0.0;;2.0;2;0.0;1.0;0;300;1.0;;;1.0;0.0;3.0;50.0;Puy-de-Dôme;84;Auvergne-Rhône-Alpes
201900000991;138Â 304Â 735;B01;1.0;1;1.0;1.0;1993.0;0.0;8.0;0.0;;0.0;0;;;1.0;1.0;0.0;2.0;1.0;1.0;5.0;;13;10;2019;12:10;1.0;63;63113;2;3.0;1.0;5.0;AURIOL (BOULEVARD VINCENT);45,7928399;3,1198883;7;210;0.0;;2.0;2;0.0;1.0;0;300;1.0;;;1.0;0.0;3.0;50.0;Puy-de-Dôme;84;Auvergne-Rhône-Alpes