Num_Acc;id_vehicule;num_veh;place;catu;grav;sexe;an_nais;trajet;secu1;secu2;secu3;locp;actp;etatp;id_usager;senc;catv;obs;obsm;choc;manv;motor;occutc;jour;mois;an;hrmn;lum;dep;com;agg;int;atm;col;adr;lat;long;catr;voie;v1;v2;circ;nbv;vosp;prof;pr;pr1;plan;lartpc;larrout;surf;infra;situ;vma;nom_departement;reg;nom_region
201900000991;138Â 304Â 736;C01;1.0;1;2.0;1.0;1995.0;0.0;2.0;0.0;;0.0;0;;;1.0;2.0;0.0;2.0;1.0;1.0;1.0;;13;10;2019;12:10;1.0;63;63113;2;3.0;1.0;5.0;AURIOL (BOULEVARD VINCENT);45,7928399;3,1198883;7;210;0.0;;2.0;2;0.0;1.0;0;300;1.0;;;1.0;0.0;3.0;50.0;Puy-de-Dôme;84;Auvergne-Rhône-Alpes
201900000992;138Â 304Â 733;A01;1.0;1;4.0;1.0;1976.0;;;;;; -1;;;2.0;15.0;3.0;0.0;3.0;13.0;;;21;12;2019;08:15;1.0;38;38185;1;1.0;1.0;6.0;;45,1822200;5,7028400;1;480;;;;;;3.0;3;750;2.0;;;1.0;3.0;1.0;;Isère;84;Auvergne-Rhône-Alpes
201900000993;138Â 304Â 731;B01;1.0;1;2.0;1.0;1969.0;4.0;1.0;0.0;;;0;;;2.0;15.0;0.0;2.0;1.0;1.0;0.0;;28;12;2019;06:24;5.0;95;95539;2;9.0;1.0;2.0;GENERAL DE GAULLE (AVENUE DU);48,9916400;2,3602100;3;301;0.0;;3.0;2;0.0;1.0;2;20;1.0;;;1.0;9.0;1.0;90.0;Val-d'Oise;11;Île-de-France
201900000993;138Â 304Â 732;A01;1.0;1;2.0;1.0;1996.0;1.0;1.0;0.0;;;0;;;2.0;7.0;0.0;2.0;4.0;23.0;0.0;;28;12;2019;06:24;5.0;95;95539;2;9.0;1.0;2.0;GENERAL DE GAULLE (AVENUE DU);48,9916400;2,3602100;3;301;0.0;;3.0;2;0.0;1.0;2;20;1.0;;;1.0;9.0;1.0;90.0;Val-d'Oise;11;Île-de-France
201900000994;138Â 304Â 730;A01;10.0;3;2.0;1.0;1982.0;5.0;8.0;8.0;;2.0;3;1.0;;3.0;7.0;0.0;1.0;1.0;1.0;0.0;;26;12;2019;20:30;5.0;95;95127;2;1.0;3.0;6.0;MERVEILLES (BOULEVARD DES);49,0510600;2,0070900;4;MERVEILLES (BOULEVARD DES);0.0;;1.0;2;0.0;1.0;0;0;1.0;;;2.0;0.0;1.0;50.0;Val-d'Oise;11;Île-de-France
201900000995;138Â 304Â 728;B01;1.0;1;1.0;1.0;2000.0;1.0;1.0;8.0;;; -1;;;3.0;7.0;0.0;2.0;3.0;1.0;1.0;;23;12;2019;22:07;3.0;95;95572;2;1.0;1.0;1.0;FOND DE VAUX (AVENUE DU);49,0376700;2,0852200;4;FOND DE VAUX (AVENUE DU);0.0;;2.0;3;0.0;1.0;(1);(1);1.0;;;1.0;5.0;1.0;50.0;Val-d'Oise;11;Île-de-France
201900000995;138Â 304Â 729;A01;1.0;1;2.0;1.0;1953.0;5.0;1.0;8.0;;; -1;;;3.0;3.0;0.0;2.0;8.0;9.0;1.0;;23;12;2019;22:07;3.0;95;95572;2;1.0;1.0;1.0;FOND DE VAUX (AVENUE DU);49,0376700;2,0852200;4;FOND DE VAUX (AVENUE DU);0.0;;2.0;3;0.0;1.0;(1);(1);1.0;;;1.0;5.0;1.0;50.0;Val-d'Oise;11;Île-de-France
201900000996;138Â 304Â 727;A01;8.0;2;1.0;2.0;2008.0;5.0;1.0;;;0.0;0;;;2.0;7.0;2.0;0.0;8.0;21.0;1.0;;17;2;2019;20:30;3.0;34;34020;1;1.0;1.0;6.0;D10;43,3321800;2,7365250;2;10;;;2.0;2;0.0;2.0;(1);(1);3.0;;;1.0;0.0;3.0;80.0;Hérault;76;Occitanie
201900000996;138Â 304Â 727;A01;2.0;2;1.0;1.0;2006.0;5.0;1.0;;;0.0;0;;;2.0;7.0;2.0;0.0;8.0;21.0;1.0;;17;2;2019;20:30;3.0;34;34020;1;1.0;1.0;6.0;D10;43,3321800;2,7365250;2;10;;;2.0;2;0.0;2.0;(1);(1);3.0;;;1.0;0.0;3.0;80.0;Hérault;76;Occitanie
201900000996;138Â 304Â 727;A01;1.0;1;3.0;2.0;1979.0;5.0;0.0;;;0.0;0;;;2.0;7.0;2.0;0.0;8.0;21.0;1.0;;17;2;2019;20:30;3.0;34;34020;1;1.0;1.0;6.0;D10;43,3321800;2,7365250;2;10;;;2.0;2;0.0;2.0;(1);(1);3.0;;;1.0;0.0;3.0;80.0;Hérault;76;Occitanie
201900000997;138Â 304Â 725;A01;1.0;1;3.0;1.0;1967.0;5.0;2.0;6.0;;0.0;0;;;2.0;33.0;0.0;2.0;8.0;17.0;1.0;;17;2;2019;17:00;1.0;83;83107;1;1.0;1.0;3.0;Col du bougnon;43,3895020;6,6765960;3;8;;;2.0;2;0.0;2.0;8;200;1.0;;;1.0;0.0;1.0;90.0;Var;93;Provence-Alpes-Côte d'Azur
201900000997;138Â 304Â 726;B01;1.0;1;1.0;1.0;1959.0;5.0;1.0;;;0.0;0;;;1.0;7.0;0.0;2.0;8.0;1.0;1.0;;17;2;2019;17:00;1.0;83;83107;1;1.0;1.0;3.0;Col du bougnon;43,3895020;6,6765960;3;8;;;2.0;2;0.0;2.0;8;200;1.0;;;1.0;0.0;1.0;90.0;Var;93;Provence-Alpes-Côte d'Azur
201900000998;138Â 304Â 724;A01;1.0;1;1.0;1.0;1999.0;5.0;8.0;;;0.0;0;;;3.0;7.0;0.0;1.0;3.0;1.0;0.0;;11;2;2019;17:00;1.0;06;06157;2;6.0;7.0;6.0;rond-point de l'Ara, boulevard Emmanuel Maurel;43,7203750;7,1074200;7;102;0.0;;2.0;2;0.0;1.0;(1);(1);1.0;;;1.0;0.0;8.0;50.0;Alpes-Maritimes;93;Provence-Alpes-Côte d'Azur
201900000998;138Â 304Â 724;A01;10.0;3;3.0;2.0;2002.0;2.0;0.0;;;3.0;3;1.0;;3.0;7.0;0.0;1.0;3.0;1.0;0.0;;11;2;2019;17:00;1.0;06;06157;2;6.0;7.0;6.0;rond-point de l'Ara, boulevard Emmanuel Maurel;43,7203750;7,1074200;7;102;0.0;;2.0;2;0.0;1.0;(1);(1);1.0;;;1.0;0.0;8.0;50.0;Alpes-Maritimes;93;Provence-Alpes-Côte d'Azur
201900000999;138Â 304Â 721;C01;1.0;1;1.0;1.0;1963.0;5.0;1.0;;;0.0;0;;;1.0;7.0;0.0;0.0;5.0;15.0;1.0;;13;2;2019;18:10;1.0;04;04242;1;3.0;1.0;4.0; RD 4096 / CH DU PATRE;43,9121650;5,8845770;3;4096;0.0;;2.0;2;0.0;2.0;24;0;1.0;;;1.0;0.0;1.0;80.0;Alpes-de-Haute-Provence;93;Provence-Alpes-Côte d'Azur
201900000999;138Â 304Â 722;B01;1.0;1;2.0;1.0;1978.0;1.0;1.0;;;0.0;0;;;1.0;7.0;0.0;2.0;4.0;1.0;1.0;;13;2;2019;18:10;1.0;04;04242;1;3.0;1.0;4.0; RD 4096 / CH DU PATRE;43,9121650;5,8845770;3;4096;0.0;;2.0;2;0.0;2.0;24;0;1.0;;;1.0;0.0;1.0;80.0;Alpes-de-Haute-Provence;93;Provence-Alpes-Côte d'Azur
201900000999;138Â 304Â 723;A01;1.0;1;2.0;1.0;1970.0;9.0;1.0;;;0.0;0;;;1.0;7.0;0.0;2.0;1.0;1.0;1.0;;13;2;2019;18:10;1.0;04;04242;1;3.0;1.0;4.0; RD 4096 / CH DU PATRE;43,9121650;5,8845770;3;4096;0.0;;2.0;2;0.0;2.0;24;0;1.0;;;1.0;0.0;1.0;80.0;Alpes-de-Haute-Provence;93;Provence-Alpes-Côte d'Azur
201900001000;138Â 304Â 720;A01;10.0;3;4.0;1.0;1926.0;3.0;0.0;;;1.0;3;1.0;;2.0;7.0;0.0;1.0;1.0;1.0;1.0;;16;2;2019;08:10;1.0;13;13072;1;1.0;1.0;6.0;CD 6;43,4629670;5,6126870;3;6;0.0;;3.0;2;0.0;1.0;27;650;1.0;;;1.0;0.0;1.0;80.0;Bouches-du-Rhône;93;Provence-Alpes-Côte d'Azur
201900001000;138Â 304Â 720;A01;1.0;1;1.0;1.0;1976.0;5.0;1.0;;;0.0;0;;;2.0;7.0;0.0;1.0;1.0;1.0;1.0;;16;2;2019;08:10;1.0;13;13072;1;1.0;1.0;6.0;CD 6;43,4629670;5,6126870;3;6;0.0;;3.0;2;0.0;1.0;27;650;1.0;;;1.0;0.0;1.0;80.0;Bouches-du-Rhône;93;Provence-Alpes-Côte d'Azur
201900001001;138Â 304Â 719;A01;1.0;1;1.0;1.0;2000.0;5.0;1.0;;;0.0;0;;;1.0;7.0;8.0;0.0;0.0;1.0;1.0;;17;2;2019;20:30;3.0;71;71250;1;1.0;1.0;7.0;rd 82;46,3668410;4,8016310;3;82;;;2.0;2;0.0;2.0;8;190;1.0;;;1.0;0.0;1.0;80.0;Saône-et-Loire;27;Bourgogne-Franche-Comté
201900001001;138Â 304Â 719;A01;2.0;2;2.0;1.0;1997.0;5.0;0.0;;;0.0;0;;;1.0;7.0;8.0;0.0;0.0;1.0;1.0;;17;2;2019;20:30;3.0;71;71250;1;1.0;1.0;7.0;rd 82;46,3668410;4,8016310;3;82;;;2.0;2;0.0;2.0;8;190;1.0;;;1.0;0.0;1.0;80.0;Saône-et-Loire;27;Bourgogne-Franche-Comté
201900001002;138Â 304Â 718;A01;1.0;1;4.0;1.0;1970.0;5.0;2.0;6.0;9.0;0.0;0;;;2.0;33.0;0.0;0.0;0.0;21.0;1.0;;17;2;2019;16:45;1.0;10;10210;1;1.0;1.0;6.0;D5;48,3847970;4,2205900;3;5;0.0;;2.0;2;0.0;1.0;9;800;1.0;;;1.0;0.0;1.0;80.0;Aube;44;Grand Est
201900001003;138Â 304Â 716;B01;1.0;1;3.0;1.0;1957.0;5.0;2.0;6.0;;0.0;0;;;1.0;1.0;0.0;2.0;7.0;1.0;5.0;;14;2;2019;13:36;1.0;67;67433;1;4.0;7.0;3.0;croisement D282 et D124;48,3772780;7,6191370;3;282;0.0;D;2.0;2;0.0;1.0;1;500;2.0;;;1.0;5.0;1.0;;Bas-Rhin;44;Grand Est
201900001003;138Â 304Â 717;A01;1.0;1;1.0;2.0;1950.0;5.0;1.0;;;0.0;0;;;2.0;7.0;0.0;9.0;3.0;16.0;1.0;;14;2;2019;13:36;1.0;67;67433;1;4.0;7.0;3.0;croisement D282 et D124;48,3772780;7,6191370;3;282;0.0;D;2.0;2;0.0;1.0;1;500;2.0;;;1.0;5.0;1.0;;Bas-Rhin;44;Grand Est
201900001004;138Â 304Â 715;A01;10.0;3;4.0;1.0;1967.0;5.0;0.0;;;3.0;3;1.0;;1.0;7.0;0.0;1.0;1.0;1.0;1.0;;16;2;2019;19:20;5.0;88;88196;2;1.0;1.0;6.0;10 Boulevard des xettes;48,0728090;6,8700770;3;417;;;2.0;2;0.0;1.0;30;500;1.0;;;1.0;9.0;1.0;50.0;Vosges;44;Grand Est
201900001004;138Â 304Â 715;A01;1.0;1;1.0;1.0;1993.0;5.0;1.0;;;0.0;0;;;1.0;7.0;0.0;1.0;1.0;1.0;1.0;;16;2;2019;19:20;5.0;88;88196;2;1.0;1.0;6.0;10 Boulevard des xettes;48,0728090;6,8700770;3;417;;;2.0;2;0.0;1.0;30;500;1.0;;;1.0;9.0;1.0;50.0;Vosges;44;Grand Est
201900001005;138Â 304Â 714;A01;1.0;1;3.0;1.0;1991.0;5.0;2.0;6.0;;0.0;0;;;3.0;36.0;13.0;0.0;3.0;16.0;1.0;;15;2;2019;18:45;3.0;03;03253;1;1.0;1.0;7.0;Les Abeaupins;46,4861894;3,6802953;4;;0.0;;2.0;2;0.0;1.0;(1);(1);3.0;;;1.0;0.0;3.0;90.0;Allier;84;Auvergne-Rhône-Alpes
201900001006;138Â 304Â 713;A01;1.0;1;1.0;1.0;1986.0;5.0;1.0;;;0.0;0;;;1.0;7.0;0.0;1.0;2.0;1.0;1.0;;16;2;2019;08:40;2.0;74;74153;2;1.0;1.0;6.0;route de Lucinges;46,1909120;6,3180780;3;183;0.0;D;2.0;2;0.0;2.0;(1);(1);2.0;;;1.0;0.0;1.0;50.0;Haute-Savoie;84;Auvergne-Rhône-Alpes
201900001006;138Â 304Â 713;A01;10.0;3;4.0;2.0;1936.0;3.0;0.0;;;3.0;3;1.0;;1.0;7.0;0.0;1.0;2.0;1.0;1.0;;16;2;2019;08:40;2.0;74;74153;2;1.0;1.0;6.0;route de Lucinges;46,1909120;6,3180780;3;183;0.0;D;2.0;2;0.0;2.0;(1);(1);2.0;;;1.0;0.0;1.0;50.0;Haute-Savoie;84;Auvergne-Rhône-Alpes
201900001007;138Â 304Â 710;A01;1.0;1;1.0;1.0;1946.0;4.0;1.0;;;0.0;0;;;0.0;99.0;0.0;1.0;3.0;1.0;1.0;;15;2;2019;09:00;1.0;42;42147;2;1.0;7.0;6.0;18, Boulevard LACHEZE;45,6049220;4,0655990;3;5;0.0;;2.0;2;0.0;1.0;0;0;1.0;;;1.0;0.0;1.0;50.0;Loire;84;Auvergne-Rhône-Alpes
201900001007;138Â 304Â 710;A01;10.0;3;3.0;2.0;1938.0;5.0;0.0;;;3.0;3;1.0;;0.0;99.0;0.0;1.0;3.0;1.0;1.0;;15;2;2019;09:00;1.0;42;42147;2;1.0;7.0;6.0;18, Boulevard LACHEZE;45,6049220;4,0655990;3;5;0.0;;2.0;2;0.0;1.0;0;0;1.0;;;1.0;0.0;1.0;50.0;Loire;84;Auvergne-Rhône-Alpes
201900001008;138Â 304Â 708;A01;1.0;1;2.0;2.0;1988.0;0.0;1.0;;;0.0;0;;;2.0;7.0;0.0;2.0;3.0;1.0;1.0;;15;2;2019;16:45;2.0;38;38072;1;2.0;1.0;1.0;d51;45,3363500;4,8321200;3;51;0.0;D;2.0;2;0.0;1.0;63;500;1.0;;;1.0;0.0;1.0;80.0;Isère;84;Auvergne-Rhône-Alpes
201900001008;138Â 304Â 708;A01;3.0;2;2.0;1.0;2013.0;0.0;1.0;;;0.0;0;;;2.0;7.0;0.0;2.0;3.0;1.0;1.0;;15;2;2019;16:45;2.0;38;38072;1;2.0;1.0;1.0;d51;45,3363500;4,8321200;3;51;0.0;D;2.0;2;0.0;1.0;63;500;1.0;;;1.0;0.0;1.0;80.0;Isère;84;Auvergne-Rhône-Alpes
201900001008;138Â 304Â 708;A01;4.0;2;2.0;1.0;2016.0;0.0;1.0;3.0;;0.0;0;;;2.0;7.0;0.0;2.0;3.0;1.0;1.0;;15;2;2019;16:45;2.0;38;38072;1;2.0;1.0;1.0;d51;45,3363500;4,8321200;3;51;0.0;D;2.0;2;0.0;1.0;63;500;1.0;;;1.0;0.0;1.0;80.0;Isère;84;Auvergne-Rhône-Alpes
201900001008;138Â 304Â 709;B01;1.0;1;4.0;1.0;1930.0;0.0;1.0;;;0.0;0;;;1.0;7.0;0.0;2.0;1.0;19.0;1.0;;15;2;2019;16:45;2.0;38;38072;1;2.0;1.0;1.0;d51;45,3363500;4,8321200;3;51;0.0;D;2.0;2;0.0;1.0;63;500;1.0;;;1.0;0.0;1.0;80.0;Isère;84;Auvergne-Rhône-Alpes
201900001008;138Â 304Â 709;B01;2.0;2;4.0;2.0;1928.0;0.0;1.0;;;0.0;0;;;1.0;7.0;0.0;2.0;1.0;19.0;1.0;;15;2;2019;16:45;2.0;38;38072;1;2.0;1.0;1.0;d51;45,3363500;4,8321200;3;51;0.0;D;2.0;2;0.0;1.0;63;500;1.0;;;1.0;0.0;1.0;80.0;Isère;84;Auvergne-Rhône-Alpes
201900001009;138Â 304Â 707;A01;1.0;1;3.0;1.0;1978.0;5.0;2.0;;;0.0;0;;;1.0;36.0;0.0;0.0;0.0;1.0;1.0;;15;2;2019;19:15;3.0;38;38554;1;1.0;1.0;7.0;D 75 - Hameau de Beptenoud;45,7151220;5,2357010;3;75;0.0;;2.0;2;0.0;1.0;37;300;2.0;;;1.0;0.0;1.0;70.0;Isère;84;Auvergne-Rhône-Alpes
201900001010;138Â 304Â 706;A01;1.0;1;1.0;1.0;2000.0;5.0;1.0;;;0.0;0;;;2.0;7.0;13.0;0.0;2.0;0.0;1.0;;16;2;2019;00:30;3.0;38;38498;1;1.0;1.0;6.0;RD520;45,5297370;5,3245150;3;520;;;2.0;2;0.0;2.0;1;650;4.0;;;1.0;0.0;3.0;80.0;Isère;84;Auvergne-Rhône-Alpes
201900001010;138Â 304Â 706;A01;2.0;2;3.0;1.0;2000.0;5.0;1.0;;;0.0;0;;;2.0;7.0;13.0;0.0;2.0;0.0;1.0;;16;2;2019;00:30;3.0;38;38498;1;1.0;1.0;6.0;RD520;45,5297370;5,3245150;3;520;;;2.0;2;0.0;2.0;1;650;4.0;;;1.0;0.0;3.0;80.0;Isère;84;Auvergne-Rhône-Alpes
201900001010;138Â 304Â 706;A01;3.0;2;1.0;1.0;1999.0;5.0;1.0;;;0.0;0;;;2.0;7.0;13.0;0.0;2.0;0.0;1.0;;16;2;2019;00:30;3.0;38;38498;1;1.0;1.0;6.0;RD520;45,5297370;5,3245150;3;520;;;2.0;2;0.0;2.0;1;650;4.0;;;1.0;0.0;3.0;80.0;Isère;84;Auvergne-Rhône-Alpes
201900001010;138Â 304Â 706;A01;4.0;2;2.0;1.0;2000.0;5.0;1.0;;;0.0;0;;;2.0;7.0;13.0;0.0;2.0;0.0;1.0;;16;2;2019;00:30;3.0;38;38498;1;1.0;1.0;6.0;RD520;45,5297370;5,3245150;3;520;;;2.0;2;0.0;2.0;1;650;4.0;;;1.0;0.0;3.0;80.0;Isère;84;Auvergne-Rhône-Alpes
201900001011;138Â 304Â 705;A01;1.0;1;3.0;1.0;1996.0;3.0;6.0;2.0;;0.0;0;;;1.0;33.0;12.0;9.0;9.0;1.0;1.0;;16;2;2019;19:30;5.0;38;38388;2;1.0;1.0;7.0;D63A;45,0463200;5,7036300;3;63;;A;2.0;2;0.0;1.0;0;750;2.0;;;9.0;0.0;1.0;50.0;Isère;84;Auvergne-Rhône-Alpes
201900001012;138Â 304Â 704;A01;10.0;3;3.0;2.0;1946.0;3.0;0.0;;;9.0;4;1.0;;3.0;7.0;0.0;1.0;2.0;20.0;1.0;;14;2;2019;14:50;1.0;38;38565;2;1.0;1.0;6.0;Rue de la gare;45,2907700;5,6342600;6;;0.0;;;;0.0;1.0;(1);(1);1.0;;;1.0;0.0;8.0;50.0;Isère;84;Auvergne-Rhône-Alpes
201900001012;138Â 304Â 704;A01;1.0;1;1.0;1.0;1929.0;3.0;1.0;;;0.0;0;;;3.0;7.0;0.0;1.0;2.0;20.0;1.0;;14;2;2019;14:50;1.0;38;38565;2;1.0;1.0;6.0;Rue de la gare;45,2907700;5,6342600;6;;0.0;;;;0.0;1.0;(1);(1);1.0;;;1.0;0.0;8.0;50.0;Isère;84;Auvergne-Rhône-Alpes
201900001013;138Â 304Â 702;B01;1.0;1;2.0;1.0;1974.0;5.0;1.0;;;0.0;0;;;3.0;7.0;0.0;2.0;3.0;1.0;1.0;;15;2;2019;18:20;2.0;38;38317;1;1.0;1.0;1.0;RN85;45,1082200;5,7001640;2;85;0.0;;2.0;2;0.0;1.0;50;1300;1.0;;;1.0;0.0;1.0;80.0;Isère;84;Auvergne-Rhône-Alpes
201900001013;138Â 304Â 703;A01;1.0;1;1.0;1.0;1983.0;5.0;1.0;;;0.0;0;;;3.0;7.0;0.0;2.0;3.0;13.0;2.0;;15;2;2019;18:20;2.0;38;38317;1;1.0;1.0;1.0;RN85;45,1082200;5,7001640;2;85;0.0;;2.0;2;0.0;1.0;50;1300;1.0;;;1.0;0.0;1.0;80.0;Isère;84;Auvergne-Rhône-Alpes
201900001014;138Â 304Â 700;B01;1.0;1;2.0;2.0;1968.0;3.0;1.0;;;0.0;0;;;1.0;3.0;0.0;0.0;4.0;2.0;1.0;;18;2;2019;13:30;1.0;38;38557;1;1.0;1.0;2.0;D517;45,7662100;5,1006700;3;517;;;3.0;4;0.0;1.0;0;800;1.0;;;1.0;0.0;1.0;90.0;Isère;84;Auvergne-Rhône-Alpes
201900001014;138Â 304Â 700;B01;2.0;2;2.0;1.0;1955.0;3.0;1.0;;;0.0;0;;;1.0;3.0;0.0;0.0;4.0;2.0;1.0;;18;2;2019;13:30;1.0;38;38557;1;1.0;1.0;2.0;D517;45,7662100;5,1006700;3;517;;;3.0;4;0.0;1.0;0;800;1.0;;;1.0;0.0;1.0;90.0;Isère;84;Auvergne-Rhône-Alpes
201900001014;138Â 304Â 701;A01;1.0;1;1.0;1.0;1983.0;4.0;1.0;;;0.0;0;;;1.0;15.0;0.0;2.0;2.0;1.0;1.0;;18;2;2019;13:30;1.0;38;38557;1;1.0;1.0;2.0;D517;45,7662100;5,1006700;3;517;;;3.0;4;0.0;1.0;0;800;1.0;;;1.0;0.0;1.0;90.0;Isère;84;Auvergne-Rhône-Alpes
201900001015;138Â 304Â 698;B01;1.0;1;3.0;1.0;1962.0;0.0;2.0;6.0;;0.0;0;;;1.0;33.0;0.0;2.0;1.0;1.0;1.0;;15;2;2019;14:20;1.0;26;26182;1;1.0;1.0;3.0;RD 538;44,3277020;5,1024420;3;538;;;2.0;2;0.0;1.0;(1);(1);1.0;;;1.0;0.0;1.0;80.0;Drôme;84;Auvergne-Rhône-Alpes
201900001015;138Â 304Â 699;A01;1.0;1;1.0;1.0;1954.0;0.0;8.0;;;0.0;0;;;1.0;7.0;0.0;2.0;5.0;15.0;1.0;;15;2;2019;14:20;1.0;26;26182;1;1.0;1.0;3.0;RD 538;44,3277020;5,1024420;3;538;;;2.0;2;0.0;1.0;(1);(1);1.0;;;1.0;0.0;1.0;80.0;Drôme;84;Auvergne-Rhône-Alpes
201900001016;138Â 304Â 695;A01;1.0;1;3.0;1.0;1953.0;5.0;2.0;6.0;9.0;0.0;0;;;0.0;33.0;0.0;0.0;0.0;1.0;1.0;;16;2;2019;17:05;1.0;07;07345;2;3.0;1.0;7.0;RD86;45,1107390;4,8078870;3;86;0.0;D;2.0;2;0.0;1.0;30;900;1.0;;;1.0;0.0;1.0;;Ardèche;84;Auvergne-Rhône-Alpes
201900001017;138Â 304Â 693;B01;1.0;1;1.0;1.0;1970.0;4.0;1.0;9.0;;0.0;0;;;1.0;7.0;0.0;2.0;1.0;1.0;1.0;;14;2;2019;12:51;1.0;01;01276;1;3.0;1.0;1.0;Route de JONS;45,8222180;5,0723360;3;61;0.0;;2.0;2;0.0;1.0;26;165;1.0;;;1.0;5.0;1.0;80.0;Ain;84;Auvergne-Rhône-Alpes
201900001017;138Â 304Â 693;B01;2.0;2;2.0;1.0;1980.0;4.0;1.0;9.0;;0.0;0;;;1.0;7.0;0.0;2.0;1.0;1.0;1.0;;14;2;2019;12:51;1.0;01;01276;1;3.0;1.0;1.0;Route de JONS;45,8222180;5,0723360;3;61;0.0;;2.0;2;0.0;1.0;26;165;1.0;;;1.0;5.0;1.0;80.0;Ain;84;Auvergne-Rhône-Alpes
201900001017;138Â 304Â 693;B01;9.0;2;1.0;1.0;1965.0;4.0;1.0;9.0;;0.0;0;;;1.0;7.0;0.0;2.0;1.0;1.0;1.0;;14;2;2019;12:51;1.0;01;01276;1;3.0;1.0;1.0;Route de JONS;45,8222180;5,0723360;3;61;0.0;;2.0;2;0.0;1.0;26;165;1.0;;;1.0;5.0;1.0;80.0;Ain;84;Auvergne-Rhône-Alpes
201900001017;138Â 304Â 694;A01;1.0;1;2.0;2.0;1988.0;4.0;1.0;;;0.0;0;;;2.0;7.0;0.0;2.0;1.0;15.0;1.0;;14;2;2019;12:51;1.0;01;01276;1;3.0;1.0;1.0;Route de JONS;45,8222180;5,0723360;3;61;0.0;;2.0;2;0.0;1.0;26;165;1.0;;;1.0;5.0;1.0;80.0;Ain;84;Auvergne-Rhône-Alpes
201900001018;138Â 304Â 692;A01;1.0;1;1.0;2.0;1942.0;9.0;1.0;;;0.0;0;;;3.0;7.0;0.0;1.0;3.0;1.0;1.0;;14;2;2019;16:13;1.0;01;01049;2;9.0;1.0;6.0;55 rue de la meule;45,8465460;5,0422980;6;;0.0;;;;0.0;1.0;(1);(1);1.0;;;1.0;0.0;8.0;;Ain;84;Auvergne-Rhône-Alpes
201900001018;138Â 304Â 692;A01;10.0;3;3.0;1.0;2017.0;0.0;0.0;;;9.0;2;1.0;;3.0;7.0;0.0;1.0;3.0;1.0;1.0;;14;2;2019;16:13;1.0;01;01049;2;9.0;1.0;6.0;55 rue de la meule;45,8465460;5,0422980;6;;0.0;;;;0.0;1.0;(1);(1);1.0;;;1.0;0.0;8.0;;Ain;84;Auvergne-Rhône-Alpes
201900001019;138Â 304Â 690;B01;1.0;1;3.0;1.0;1979.0;5.0;1.0;;;0.0;0;;;2.0;7.0;0.0;2.0;1.0;1.0;0.0;;16;2;2019;17:25;1.0;69;69050;1;1.0;1.0;1.0;D 596;45,8569300;4,6623050;3;596;0.0;D;2.0;2;0.0;1.0;2;200;3.0;;;1.0;0.0;1.0;80.0;Rhône;84;Auvergne-Rhône-Alpes
201900001019;138Â 304Â 691;A01;1.0;1;3.0;1.0;1956.0;9.0;1.0;;;0.0;0;;;1.0;10.0;0.0;2.0;1.0;1.0;0.0;;16;2;2019;17:25;1.0;69;69050;1;1.0;1.0;1.0;D 596;45,8569300;4,6623050;3;596;0.0;D;2.0;2;0.0;1.0;2;200;3.0;;;1.0;0.0;1.0;80.0;Rhône;84;Auvergne-Rhône-Alpes
201900001020;138Â 304Â 688;A01;7.0;2;3.0;2.0;1987.0;5.0;1.0;;;0.0;0;;;1.0;7.0;13.0;2.0;1.0;17.0;0.0;;17;2;2019;18:15;1.0;69;69242;1;2.0;1.0;3.0;D 109;46,1205300;4,7554200;3;109;0.0;D;2.0;2;0.0;1.0;3;50;1.0;;;1.0;0.0;1.0;80.0;Rhône;84;Auvergne-Rhône-Alpes
201900001020;138Â 304Â 688;A01;1.0;1;1.0;1.0;1988.0;5.0;1.0;;;0.0;0;;;1.0;7.0;13.0;2.0;1.0;17.0;0.0;;17;2;2019;18:15;1.0;69;69242;1;2.0;1.0;3.0;D 109;46,1205300;4,7554200;3;109;0.0;D;2.0;2;0.0;1.0;3;50;1.0;;;1.0;0.0;1.0;80.0;Rhône;84;Auvergne-Rhône-Alpes
201900001020;138Â 304Â 688;A01;2.0;2;1.0;2.0;1986.0;5.0;1.0;;;0.0;0;;;1.0;7.0;13.0;2.0;1.0;17.0;0.0;;17;2;2019;18:15;1.0;69;69242;1;2.0;1.0;3.0;D 109;46,1205300;4,7554200;3;109;0.0;D;2.0;2;0.0;1.0;3;50;1.0;;;1.0;0.0;1.0;80.0;Rhône;84;Auvergne-Rhône-Alpes
201900001020;138Â 304Â 689;B01;1.0;1;1.0;2.0;1992.0;5.0;1.0;;;0.0;0;;;1.0;7.0;0.0;2.0;3.0;15.0;0.0;;17;2;2019;18:15;1.0;69;69242;1;2.0;1.0;3.0;D 109;46,1205300;4,7554200;3;109;0.0;D;2.0;2;0.0;1.0;3;50;1.0;;;1.0;0.0;1.0;80.0;Rhône;84;Auvergne-Rhône-Alpes
201900001021;138Â 304Â 687;A01;10.0;3;2.0;2.0;1994.0;0.0;0.0;;;3.0;1;2.0;;3.0;7.0;0.0;1.0;8.0;1.0;0.0;;15;2;2019;13:30;1.0;69;69143;2;1.0;1.0;6.0;Avenue Auguste Wissel;45,8847200;4,8497100;3;16;;;1.0;1;0.0;1.0;(1);(1);1.0;;;1.0;0.0;1.0;;Rhône;84;Auvergne-Rhône-Alpes
201900001021;138Â 304Â 687;A01;1.0;1;1.0;1.0;1946.0;5.0;1.0;;;0.0;0;;;3.0;7.0;0.0;1.0;8.0;1.0;0.0;;15;2;2019;13:30;1.0;69;69143;2;1.0;1.0;6.0;Avenue Auguste Wissel;45,8847200;4,8497100;3;16;;;1.0;1;0.0;1.0;(1);(1);1.0;;;1.0;0.0;1.0;;Rhône;84;Auvergne-Rhône-Alpes