Num_Acc;id_vehicule;num_veh;place;catu;grav;sexe;an_nais;trajet;secu1;secu2;secu3;locp;actp;etatp;id_usager;senc;catv;obs;obsm;choc;manv;motor;occutc;jour;mois;an;hrmn;lum;dep;com;agg;int;atm;col;adr;lat;long;catr;voie;v1;v2;circ;nbv;vosp;prof;pr;pr1;plan;lartpc;larrout;surf;infra;situ;vma;nom_departement;reg;nom_region
201900001022;138Â 304Â 685;A01;1.0;1;1.0;1.0;1933.0;5.0;1.0;;;0.0;0;;;1.0;7.0;0.0;0.0;5.0;15.0;1.0;;30;1;2019;18:10;5.0;69;69191;2;1.0;1.0;6.0;route de lyon;45,8124880;4,8183480;3;21;0.0;D;2.0;2;0.0;2.0;(1);(1);1.0;;;1.0;0.0;1.0;50.0;Rhône;84;Auvergne-Rhône-Alpes
201900001022;138Â 304Â 686;B01;1.0;1;3.0;1.0;1991.0;9.0;2.0;;;0.0;0;;;2.0;1.0;0.0;2.0;1.0;1.0;5.0;;30;1;2019;18:10;5.0;69;69191;2;1.0;1.0;6.0;route de lyon;45,8124880;4,8183480;3;21;0.0;D;2.0;2;0.0;2.0;(1);(1);1.0;;;1.0;0.0;1.0;50.0;Rhône;84;Auvergne-Rhône-Alpes
201900001023;138Â 304Â 684;A01;1.0;1;3.0;1.0;1956.0;0.0;8.0;;;0.0;0;;;0.0;33.0;0.0;0.0;0.0;1.0;1.0;;16;2;2019;10:35;1.0;81;81105;2;1.0;1.0;7.0;allÃ©e de Prien am Chiemsee;43,7626690;1,9949840;4;;;;2.0;2;0.0;1.0;(1);(1);1.0;;;1.0;0.0;1.0;50.0;Tarn;76;Occitanie
201900001024;138Â 304Â 682;A01;1.0;1;1.0;2.0;1980.0;1.0;1.0;;;0.0;0;;;2.0;10.0;0.0;2.0;5.0;15.0;1.0;;14;2;2019;17:45;1.0;09;09282;2;3.0;1.0;3.0;route de cante;43,2413020;1,5678150;3;27;;;2.0;2;0.0;1.0;0;472;1.0;;;1.0;0.0;1.0;50.0;Ariège;76;Occitanie
201900001024;138Â 304Â 683;B01;1.0;1;2.0;1.0;2002.0;2.0;2.0;6.0;;0.0;0;;;1.0;34.0;0.0;2.0;1.0;1.0;1.0;;14;2;2019;17:45;1.0;09;09282;2;3.0;1.0;3.0;route de cante;43,2413020;1,5678150;3;27;;;2.0;2;0.0;1.0;0;472;1.0;;;1.0;0.0;1.0;50.0;Ariège;76;Occitanie
201900001025;138Â 304Â 681;A01;1.0;1;1.0;1.0;1967.0;5.0;1.0;;;0.0;0;;;2.0;7.0;0.0;1.0;2.0;0.0;1.0;;16;2;2019;19:50;3.0;17;17219;1;1.0;1.0;6.0;RD 728;45,8239940; -1,0883590;3;728;0.0;D;2.0;2;0.0;1.0;34;450;1.0;;;1.0;0.0;1.0;80.0;Charente-Maritime;75;Nouvelle-Aquitaine
201900001025;138Â 304Â 681;A01;10.0;3;3.0;1.0;1974.0;5.0;0.0;;;1.0;1;1.0;;2.0;7.0;0.0;1.0;2.0;0.0;1.0;;16;2;2019;19:50;3.0;17;17219;1;1.0;1.0;6.0;RD 728;45,8239940; -1,0883590;3;728;0.0;D;2.0;2;0.0;1.0;34;450;1.0;;;1.0;0.0;1.0;80.0;Charente-Maritime;75;Nouvelle-Aquitaine
201900001026;138Â 304Â 680;A01;1.0;1;2.0;2.0;1992.0;5.0;1.0;;;0.0;0;;;2.0;7.0;15.0;0.0;9.0;1.0;1.0;;17;2;2019;04:00;3.0;16;16348;1;1.0;1.0;7.0;Ld Les Chaumes Coupris;45,6657750;0,0355480;3;41;;;2.0;2;0.0;2.0;0;475;1.0;0.0;4.8;1.0;0.0;3.0;80.0;Charente;75;Nouvelle-Aquitaine
201900001026;138Â 304Â 680;A01;2.0;2;1.0;2.0;1990.0;5.0;1.0;;;0.0;0;;;2.0;7.0;15.0;0.0;9.0;1.0;1.0;;17;2;2019;04:00;3.0;16;16348;1;1.0;1.0;7.0;Ld Les Chaumes Coupris;45,6657750;0,0355480;3;41;;;2.0;2;0.0;2.0;0;475;1.0;0.0;4.8;1.0;0.0;3.0;80.0;Charente;75;Nouvelle-Aquitaine
201900001026;138Â 304Â 680;A01;3.0;2;1.0;2.0;1986.0;5.0;1.0;;;0.0;0;;;2.0;7.0;15.0;0.0;9.0;1.0;1.0;;17;2;2019;04:00;3.0;16;16348;1;1.0;1.0;7.0;Ld Les Chaumes Coupris;45,6657750;0,0355480;3;41;;;2.0;2;0.0;2.0;0;475;1.0;0.0;4.8;1.0;0.0;3.0;80.0;Charente;75;Nouvelle-Aquitaine
201900001027;138Â 304Â 678;A01;1.0;1;3.0;1.0;1990.0;9.0;1.0;;;0.0;0;;;1.0;7.0;3.0;0.0;4.0;17.0;1.0;;14;2;2019;21:50;3.0;33;33539;1;1.0;1.0;2.0;RN 89;44,8831790; -0,3380020;2;89;;;3.0;4;0.0;1.0;36;349;1.0;;;1.0;0.0;1.0;110.0;Gironde;75;Nouvelle-Aquitaine
201900001027;138Â 304Â 679;B01;2.0;2;1.0;1.0;1993.0;0.0;1.0;;;0.0;0;;;1.0;7.0;0.0;2.0;1.0;1.0;1.0;;14;2;2019;21:50;3.0;33;33539;1;1.0;1.0;2.0;RN 89;44,8831790; -0,3380020;2;89;;;3.0;4;0.0;1.0;36;349;1.0;;;1.0;0.0;1.0;110.0;Gironde;75;Nouvelle-Aquitaine
201900001027;138Â 304Â 679;B01;1.0;1;1.0;2.0;1990.0;9.0;1.0;;;0.0;0;;;1.0;7.0;0.0;2.0;1.0;1.0;1.0;;14;2;2019;21:50;3.0;33;33539;1;1.0;1.0;2.0;RN 89;44,8831790; -0,3380020;2;89;;;3.0;4;0.0;1.0;36;349;1.0;;;1.0;0.0;1.0;110.0;Gironde;75;Nouvelle-Aquitaine
201900001028;138Â 304Â 676;B01;1.0;1;1.0;1.0;1945.0;3.0;1.0;;;0.0;0;;;1.0;7.0;0.0;0.0;4.0;1.0;0.0;;16;2;2019;17:30;1.0;33;33438;2;1.0;1.0;2.0;125 route de gascogne ?;44,5766000; -0,2574500;3;10;0.0;;2.0;2;0.0;1.0;115;575;1.0;;;1.0;0.0;1.0;50.0;Gironde;75;Nouvelle-Aquitaine
201900001028;138Â 304Â 677;A01;1.0;1;3.0;1.0;1981.0;5.0;2.0;6.0;9.0;0.0;0;;;1.0;33.0;0.0;2.0;1.0;17.0;1.0;;16;2;2019;17:30;1.0;33;33438;2;1.0;1.0;2.0;125 route de gascogne ?;44,5766000; -0,2574500;3;10;0.0;;2.0;2;0.0;1.0;115;575;1.0;;;1.0;0.0;1.0;50.0;Gironde;75;Nouvelle-Aquitaine
201900001029;138Â 304Â 675;A01;1.0;1;4.0;1.0;1945.0;5.0;8.0;;;0.0;0;;;2.0;10.0;17.0;0.0;2.0;14.0;1.0;;16;2;2019;08:40;1.0;33;33351;1;1.0;7.0;6.0;RD132E1;45,2364700; -0,5166700;3;132E1;;E;2.0;2;0.0;1.0;0;634;1.0;;;1.0;0.0;3.0;80.0;Gironde;75;Nouvelle-Aquitaine
201900001030;138Â 304Â 673;B01;1.0;1;3.0;1.0;1971.0;1.0;2.0;6.0;;0.0;0;;;1.0;33.0;0.0;2.0;2.0;17.0;1.0;;11;2;2019;17:50;2.0;33;33056;2;2.0;1.0;3.0;avenue 11 novembre - rue de la landille;44,9144200; -0,6263500;4;Avenue du 11 novembre;0.0;;2.0;;2.0;1.0;(1);(1);1.0;;;1.0;0.0;1.0;50.0;Gironde;75;Nouvelle-Aquitaine
201900001030;138Â 304Â 674;A01;1.0;1;1.0;1.0;1998.0;1.0;1.0;;;0.0;0;;;1.0;7.0;0.0;2.0;8.0;15.0;1.0;;11;2;2019;17:50;2.0;33;33056;2;2.0;1.0;3.0;avenue 11 novembre - rue de la landille;44,9144200; -0,6263500;4;Avenue du 11 novembre;0.0;;2.0;;2.0;1.0;(1);(1);1.0;;;1.0;0.0;1.0;50.0;Gironde;75;Nouvelle-Aquitaine
201900001031;138Â 304Â 672;A01;7.0;2;4.0;2.0;1998.0;5.0;1.0;;;0.0;0;;;0.0;7.0;6.0;0.0;1.0;1.0;0.0;;17;2;2019;22:50;5.0;49;49023;2;1.0;1.0;6.0;1 rue des mauges;47,1984450; -0,9945670;4;rue des Mauges;;;2.0;2;0.0;3.0;(1);(1);3.0;;;1.0;0.0;8.0;30.0;Maine-et-Loire;52;Pays de la Loire
201900001031;138Â 304Â 672;A01;1.0;1;3.0;2.0;2004.0;5.0;1.0;;;0.0;0;;;0.0;7.0;6.0;0.0;1.0;1.0;0.0;;17;2;2019;22:50;5.0;49;49023;2;1.0;1.0;6.0;1 rue des mauges;47,1984450; -0,9945670;4;rue des Mauges;;;2.0;2;0.0;3.0;(1);(1);3.0;;;1.0;0.0;8.0;30.0;Maine-et-Loire;52;Pays de la Loire
201900001031;138Â 304Â 672;A01;9.0;2;3.0;1.0;1998.0;5.0;8.0;;;0.0;0;;;0.0;7.0;6.0;0.0;1.0;1.0;0.0;;17;2;2019;22:50;5.0;49;49023;2;1.0;1.0;6.0;1 rue des mauges;47,1984450; -0,9945670;4;rue des Mauges;;;2.0;2;0.0;3.0;(1);(1);3.0;;;1.0;0.0;8.0;30.0;Maine-et-Loire;52;Pays de la Loire
201900001031;138Â 304Â 672;A01;2.0;2;3.0;2.0;1997.0;0.0;8.0;;;0.0;0;;;0.0;7.0;6.0;0.0;1.0;1.0;0.0;;17;2;2019;22:50;5.0;49;49023;2;1.0;1.0;6.0;1 rue des mauges;47,1984450; -0,9945670;4;rue des Mauges;;;2.0;2;0.0;3.0;(1);(1);3.0;;;1.0;0.0;8.0;30.0;Maine-et-Loire;52;Pays de la Loire
201900001032;138Â 304Â 671;A01;1.0;1;3.0;1.0;1999.0;5.0;1.0;;;0.0;0;;;3.0;7.0;2.0;0.0;1.0;1.0;1.0;;16;2;2019;05:00;3.0;44;44137;1;3.0;5.0;6.0;Rue de la chataignerais;47,3672180; -2,0046980;4;;0.0;;2.0;2;0.0;1.0;(1);(1);1.0;;;1.0;0.0;3.0;80.0;Loire-Atlantique;52;Pays de la Loire
201900001033;138Â 304Â 670;A01;1.0;1;3.0;1.0;1965.0;3.0;2.0;6.0;9.0;0.0;0;;;3.0;33.0;1.0;0.0;1.0;21.0;1.0;;16;2;2019;15:45;1.0;14;14047;2;1.0;1.0;6.0;rue des bouchers;49,2779560; -0,7018290;4;;;;1.0;1;0.0;2.0;(1);(1);1.0;;;1.0;0.0;1.0;50.0;Calvados;28;Normandie
201900001034;138Â 304Â 669;A01;1.0;1;2.0;1.0;2000.0;9.0;0.0;;;0.0;0;;;3.0;2.0;0.0;0.0;1.0;0.0;1.0;;16;2;2019;04:15;5.0;14;14047;2;1.0;1.0;7.0;Route de Caen;49,2717890; -0,6847860;4;;;;2.0;2;0.0;1.0;14;2;1.0;;;1.0;0.0;8.0;50.0;Calvados;28;Normandie
201900001035;138Â 304Â 668;A01;1.0;1;3.0;1.0;1951.0;9.0;0.0;;;0.0;0;;;1.0;7.0;6.0;0.0;2.0;10.0;1.0;;17;2;2019;04:00;3.0;22;22070;2;4.0;1.0;6.0;rue rustang;48,5574011; -3,1502314;3;767;0.0;;2.0;2;0.0;2.0;24;100;1.0;;;1.0;0.0;4.0;50.0;Côtes-d'Armor;53;Bretagne
201900001036;138Â 304Â 667;A01;1.0;1;3.0;2.0;1954.0;5.0;2.0;;;0.0;0;;;3.0;80.0;14.0;0.0;7.0;16.0;3.0;;15;2;2019;15:24;1.0;22;22054;1;3.0;1.0;7.0;Lieu-dit La Gambaderie;48,5895884; -2,4749621;4;;;;2.0;2;0.0;1.0;(1);(1);1.0;;;1.0;0.0;1.0;80.0;Côtes-d'Armor;53;Bretagne
201900001037;138Â 304Â 665;A01;1.0;1;1.0;1.0;1935.0;5.0;1.0;;;0.0;0;;;1.0;7.0;0.0;2.0;5.0;19.0;1.0;;15;2;2019;15:55;1.0;22;22300;1;3.0;1.0;3.0;Le Tourlanquin;48,2682020; -2,7908250;3;700;0.0;;2.0;2;0.0;1.0;18;0;1.0;;;1.0;0.0;1.0;80.0;Côtes-d'Armor;53;Bretagne
201900001037;138Â 304Â 665;A01;3.0;2;3.0;2.0;1938.0;5.0;1.0;;;0.0;0;;;1.0;7.0;0.0;2.0;5.0;19.0;1.0;;15;2;2019;15:55;1.0;22;22300;1;3.0;1.0;3.0;Le Tourlanquin;48,2682020; -2,7908250;3;700;0.0;;2.0;2;0.0;1.0;18;0;1.0;;;1.0;0.0;1.0;80.0;Côtes-d'Armor;53;Bretagne
201900001037;138Â 304Â 665;A01;2.0;2;2.0;2.0;1935.0;5.0;1.0;;;0.0;0;;;1.0;7.0;0.0;2.0;5.0;19.0;1.0;;15;2;2019;15:55;1.0;22;22300;1;3.0;1.0;3.0;Le Tourlanquin;48,2682020; -2,7908250;3;700;0.0;;2.0;2;0.0;1.0;18;0;1.0;;;1.0;0.0;1.0;80.0;Côtes-d'Armor;53;Bretagne
201900001037;138Â 304Â 666;B01;1.0;2;1.0;2.0;1959.0;5.0;1.0;;;0.0;0;;;1.0;7.0;0.0;2.0;1.0;1.0;1.0;;15;2;2019;15:55;1.0;22;22300;1;3.0;1.0;3.0;Le Tourlanquin;48,2682020; -2,7908250;3;700;0.0;;2.0;2;0.0;1.0;18;0;1.0;;;1.0;0.0;1.0;80.0;Côtes-d'Armor;53;Bretagne
201900001037;138Â 304Â 666;B01;2.0;1;1.0;1.0;1958.0;5.0;1.0;;;0.0;0;;;1.0;7.0;0.0;2.0;1.0;1.0;1.0;;15;2;2019;15:55;1.0;22;22300;1;3.0;1.0;3.0;Le Tourlanquin;48,2682020; -2,7908250;3;700;0.0;;2.0;2;0.0;1.0;18;0;1.0;;;1.0;0.0;1.0;80.0;Côtes-d'Armor;53;Bretagne
201900001038;138Â 304Â 664;A01;1.0;1;4.0;2.0;1973.0;5.0;1.0;0.0;;0.0;0;;;1.0;7.0;8.0;0.0;2.0;14.0;1.0;;14;2;2019;03:00;3.0;35;35110;2;3.0;1.0;6.0;6 rue de dingÃ©;48,3295510; -1,6428940;3;20;;;2.0;2;0.0;1.0;29;550;1.0;;;1.0;0.0;4.0;50.0;Ille-et-Vilaine;53;Bretagne
201900001039;138Â 304Â 663;A01;1.0;1;4.0;1.0;1975.0;5.0;2.0;6.0;;0.0;0;;;1.0;33.0;7.0;0.0;1.0;13.0;1.0;;16;2;2019;16:40;1.0;27;27124;1;3.0;1.0;6.0;Rue de la Mairie;49,1187150;1,2233500;3;836;;;2.0;2;0.0;1.0;33;550;1.0;;;1.0;0.0;3.0;80.0;Eure;28;Normandie
201900001040;138Â 304Â 662;A01;10.0;3;4.0;2.0;1920.0;0.0;0.0;;;9.0;9;1.0;;3.0;7.0;0.0;1.0;5.0;4.0;1.0;;18;2;2019;11:45;1.0;76;76758;2;1.0;1.0;6.0;IMPASSE LÃON JACQUES;49,6172400;0,7449050;9;;;;2.0;2;0.0;2.0;(1);(1);1.0;;;1.0;0.0;1.0;50.0;Seine-Maritime;28;Normandie
201900001040;138Â 304Â 662;A01;1.0;1;1.0;1.0;1966.0;4.0;1.0;;;0.0;0;;;3.0;7.0;0.0;1.0;5.0;4.0;1.0;;18;2;2019;11:45;1.0;76;76758;2;1.0;1.0;6.0;IMPASSE LÃON JACQUES;49,6172400;0,7449050;9;;;;2.0;2;0.0;2.0;(1);(1);1.0;;;1.0;0.0;1.0;50.0;Seine-Maritime;28;Normandie
201900001041;138Â 304Â 660;B01;2.0;2;1.0;2.0;1973.0;0.0;1.0;;;0.0;0;;;1.0;7.0;0.0;9.0;4.0;23.0;1.0;;17;2;2019;12:48;1.0;76;76024;1;1.0;6.0;2.0;route de dieppe;49,7503050;1,2846030;3;915;;;2.0;2;0.0;1.0;56;50;1.0;;;1.0;0.0;1.0;80.0;Seine-Maritime;28;Normandie
201900001041;138Â 304Â 660;B01;1.0;1;1.0;2.0;1931.0;5.0;1.0;;;0.0;0;;;1.0;7.0;0.0;9.0;4.0;23.0;1.0;;17;2;2019;12:48;1.0;76;76024;1;1.0;6.0;2.0;route de dieppe;49,7503050;1,2846030;3;915;;;2.0;2;0.0;1.0;56;50;1.0;;;1.0;0.0;1.0;80.0;Seine-Maritime;28;Normandie
201900001041;138Â 304Â 661;A01;1.0;1;3.0;1.0;1986.0;5.0;2.0;;;0.0;0;;;1.0;1.0;0.0;2.0;1.0;2.0;5.0;;17;2;2019;12:48;1.0;76;76024;1;1.0;6.0;2.0;route de dieppe;49,7503050;1,2846030;3;915;;;2.0;2;0.0;1.0;56;50;1.0;;;1.0;0.0;1.0;80.0;Seine-Maritime;28;Normandie
201900001042;138Â 304Â 659;A01;1.0;1;1.0;1.0;1961.0;5.0;1.0;;;0.0;0;;;0.0;7.0;0.0;1.0;2.0;15.0;0.0;;15;2;2019;09:25;1.0;60;60141;2;9.0;7.0;6.0;avenue du gÃ©nÃ©ral de gaulle;49,1991010;2,4613520;3;1016;;;2.0;2;0.0;4.0;7;700;2.0;;;1.0;0.0;8.0;50.0;Oise;32;Hauts-de-France
201900001042;138Â 304Â 659;A01;10.0;3;2.0;2.0;1981.0;1.0;0.0;;;3.0;3;1.0;;0.0;7.0;0.0;1.0;2.0;15.0;0.0;;15;2;2019;09:25;1.0;60;60141;2;9.0;7.0;6.0;avenue du gÃ©nÃ©ral de gaulle;49,1991010;2,4613520;3;1016;;;2.0;2;0.0;4.0;7;700;2.0;;;1.0;0.0;8.0;50.0;Oise;32;Hauts-de-France
201900001043;138Â 304Â 658;A01;1.0;1;4.0;1.0;1979.0;9.0;1.0;;;0.0;0;;;2.0;7.0;2.0;0.0;1.0;1.0;1.0;;16;2;2019;00:23;3.0;60;60540;1;1.0;1.0;6.0;CD200;49,3445020;2,7394320;3;200;;;3.0;4;0.0;1.0;42;507;1.0;;;1.0;0.0;3.0;110.0;Oise;32;Hauts-de-France
201900001044;138Â 304Â 656;B01;1.0;1;2.0;1.0;1967.0;0.0;1.0;;;0.0;0;;;2.0;10.0;0.0;2.0;3.0;20.0;1.0;;18;2;2019;19:45;5.0;60;60575;2;1.0;1.0;3.0;Route DÃ©partementale 1001;49,2885520;2,2010670;3;1001;;;2.0;2;0.0;1.0;15;950;1.0;;;1.0;0.0;1.0;50.0;Oise;32;Hauts-de-France
201900001044;138Â 304Â 657;A01;1.0;1;3.0;1.0;1994.0;0.0;2.0;6.0;;0.0;0;;;2.0;2.0;0.0;2.0;1.0;1.0;1.0;;18;2;2019;19:45;5.0;60;60575;2;1.0;1.0;3.0;Route DÃ©partementale 1001;49,2885520;2,2010670;3;1001;;;2.0;2;0.0;1.0;15;950;1.0;;;1.0;0.0;1.0;50.0;Oise;32;Hauts-de-France
201900001045;138Â 304Â 654;A01;1.0;1;1.0;2.0;1979.0;5.0;1.0;;;0.0;0;;;3.0;7.0;0.0;2.0;1.0;15.0;1.0;;17;2;2019;16:00;1.0;60;60330;2;4.0;1.0;1.0;rue Madame, intersection rue verte;49,2958570;2,1641230;3;46;;;2.0;2;0.0;3.0;(1);(1);1.0;;;1.0;0.0;1.0;50.0;Oise;32;Hauts-de-France
201900001045;138Â 304Â 655;B01;1.0;1;2.0;1.0;1998.0;5.0;2.0;6.0;;0.0;0;;;3.0;2.0;0.0;2.0;1.0;1.0;1.0;;17;2;2019;16:00;1.0;60;60330;2;4.0;1.0;1.0;rue Madame, intersection rue verte;49,2958570;2,1641230;3;46;;;2.0;2;0.0;3.0;(1);(1);1.0;;;1.0;0.0;1.0;50.0;Oise;32;Hauts-de-France
201900001045;138Â 304Â 655;B01;2.0;2;3.0;2.0;1998.0;5.0;2.0;6.0;;0.0;0;;;3.0;2.0;0.0;2.0;1.0;1.0;1.0;;17;2;2019;16:00;1.0;60;60330;2;4.0;1.0;1.0;rue Madame, intersection rue verte;49,2958570;2,1641230;3;46;;;2.0;2;0.0;3.0;(1);(1);1.0;;;1.0;0.0;1.0;50.0;Oise;32;Hauts-de-France
201900001046;138Â 304Â 651;C01;1.0;1;1.0;1.0;1972.0;4.0;1.0;;;0.0;0;;;1.0;17.0;0.0;0.0;0.0;0.0;0.0;;18;2;2019;06:39;2.0;80;80521;1;1.0;1.0;2.0;autoroute A1 sens PARIS/LILLE PK 134+075;49,9810450;2,8676490;1;1;0.0;A;3.0;4;0.0;1.0;134;75;1.0;;;1.0;0.0;1.0;90.0;Somme;32;Hauts-de-France
201900001046;138Â 304Â 652;A01;1.0;1;4.0;1.0;1964.0;4.0;1.0;;;0.0;0;;;1.0;17.0;0.0;2.0;1.0;0.0;0.0;;18;2;2019;06:39;2.0;80;80521;1;1.0;1.0;2.0;autoroute A1 sens PARIS/LILLE PK 134+075;49,9810450;2,8676490;1;1;0.0;A;3.0;4;0.0;1.0;134;75;1.0;;;1.0;0.0;1.0;90.0;Somme;32;Hauts-de-France
201900001047;138Â 304Â 649;A01;1.0;1;3.0;1.0;1963.0;0.0;2.0;6.0;;0.0;0;;;1.0;33.0;0.0;2.0;8.0;17.0;1.0;;17;2;2019;12:25;1.0;62;62875;1;1.0;7.0;3.0;D943;50,7036300;2,3364900;3;943;0.0;;2.0;2;0.0;1.0;62;(1);1.0;;;1.0;0.0;1.0;80.0;Pas-de-Calais;32;Hauts-de-France
201900001047;138Â 304Â 650;B01;1.0;1;2.0;1.0;1966.0;0.0;1.0;;;0.0;0;;;2.0;7.0;0.0;2.0;8.0;1.0;1.0;;17;2;2019;12:25;1.0;62;62875;1;1.0;7.0;3.0;D943;50,7036300;2,3364900;3;943;0.0;;2.0;2;0.0;1.0;62;(1);1.0;;;1.0;0.0;1.0;80.0;Pas-de-Calais;32;Hauts-de-France
201900001048;138Â 304Â 647;B01;1.0;1;1.0;1.0;1999.0;5.0;1.0;;;0.0;0;;;1.0;7.0;0.0;2.0;1.0;23.0;1.0;;16;2;2019;16:55;1.0;59;59449;2;1.0;1.0;6.0;CD 938;50,4738000;3,2339180;3;938;;;2.0;2;0.0;1.0;(1);(1);1.0;;;1.0;0.0;1.0;50.0;Nord;32;Hauts-de-France
201900001048;138Â 304Â 648;A01;10.0;3;3.0;2.0;2000.0;0.0;0.0;;;3.0;3;1.0;;1.0;7.0;0.0;1.0;4.0;19.0;1.0;;16;2;2019;16:55;1.0;59;59449;2;1.0;1.0;6.0;CD 938;50,4738000;3,2339180;3;938;;;2.0;2;0.0;1.0;(1);(1);1.0;;;1.0;0.0;1.0;50.0;Nord;32;Hauts-de-France
201900001048;138Â 304Â 648;A01;1.0;1;1.0;1.0;1980.0;0.0;1.0;;;0.0;0;;;1.0;7.0;0.0;1.0;4.0;19.0;1.0;;16;2;2019;16:55;1.0;59;59449;2;1.0;1.0;6.0;CD 938;50,4738000;3,2339180;3;938;;;2.0;2;0.0;1.0;(1);(1);1.0;;;1.0;0.0;1.0;50.0;Nord;32;Hauts-de-France
201900001049;138Â 304Â 645;B01;1.0;1;3.0;1.0;1984.0;5.0;2.0;;;0.0;0;;;2.0;1.0;0.0;2.0;8.0;2.0;6.0;;14;2;2019;17:35;1.0;59;59571;1;1.0;7.0;3.0;cd113;50,1777520;3,4714876;3;113;;;2.0;2;0.0;2.0;(1);(1);1.0;;;1.0;0.0;1.0;80.0;Nord;32;Hauts-de-France
201900001049;138Â 304Â 646;A01;1.0;1;1.0;1.0;1971.0;1.0;1.0;;;0.0;0;;;2.0;99.0;0.0;9.0;2.0;2.0;1.0;;14;2;2019;17:35;1.0;59;59571;1;1.0;7.0;3.0;cd113;50,1777520;3,4714876;3;113;;;2.0;2;0.0;2.0;(1);(1);1.0;;;1.0;0.0;1.0;80.0;Nord;32;Hauts-de-France
201900001050;138Â 304Â 644;A01;1.0;1;3.0;1.0;1932.0;5.0;1.0;;;0.0;0;;;3.0;7.0;16.0;0.0;1.0;0.0;1.0;;7;2;2019;12:40;1.0;59;59652;1;1.0;1.0;6.0;rue de paillencourt;50,2718140;3,2870810;4;;;;;2;3.0;1.0;(1);(1);1.0;;;1.0;9.0;6.0;90.0;Nord;32;Hauts-de-France
201900001051;138Â 304Â 640;B01;1.0;1;2.0;2.0;1983.0;0.0;1.0;0.0;;; -1;;;2.0;7.0;0.0;2.0;3.0;2.0;1.0;;16;2;2019;17:55;2.0;13;13211;1;1.0;1.0;4.0;A50-Sens Aubagne vers Marseille;43,2901400;5,4474700;1;50;0.0;;1.0;3;0.0;1.0;4;500;1.0;;;1.0;0.0;1.0;90.0;Bouches-du-Rhône;93;Provence-Alpes-Côte d'Azur
201900001051;138Â 304Â 641;C01;1.0;1;1.0;1.0;1999.0;0.0;1.0;0.0;;; -1;;;2.0;7.0;0.0;2.0;1.0;2.0;1.0;;16;2;2019;17:55;2.0;13;13211;1;1.0;1.0;4.0;A50-Sens Aubagne vers Marseille;43,2901400;5,4474700;1;50;0.0;;1.0;3;0.0;1.0;4;500;1.0;;;1.0;0.0;1.0;90.0;Bouches-du-Rhône;93;Provence-Alpes-Côte d'Azur
201900001051;138Â 304Â 642;D01;1.0;1;1.0;2.0;1974.0;0.0;1.0;0.0;;; -1;;;2.0;7.0;0.0;2.0;1.0;2.0;1.0;;16;2;2019;17:55;2.0;13;13211;1;1.0;1.0;4.0;A50-Sens Aubagne vers Marseille;43,2901400;5,4474700;1;50;0.0;;1.0;3;0.0;1.0;4;500;1.0;;;1.0;0.0;1.0;90.0;Bouches-du-Rhône;93;Provence-Alpes-Côte d'Azur
201900001051;138Â 304Â 642;D01;2.0;2;2.0;1.0;1976.0;0.0;1.0;0.0;;; -1;;;2.0;7.0;0.0;2.0;1.0;2.0;1.0;;16;2;2019;17:55;2.0;13;13211;1;1.0;1.0;4.0;A50-Sens Aubagne vers Marseille;43,2901400;5,4474700;1;50;0.0;;1.0;3;0.0;1.0;4;500;1.0;;;1.0;0.0;1.0;90.0;Bouches-du-Rhône;93;Provence-Alpes-Côte d'Azur
201900001051;138Â 304Â 643;A01;1.0;1;1.0;1.0;1982.0;0.0;1.0;8.0;;; -1;;;2.0;7.0;0.0;2.0;5.0;2.0;1.0;;16;2;2019;17:55;2.0;13;13211;1;1.0;1.0;4.0;A50-Sens Aubagne vers Marseille;43,2901400;5,4474700;1;50;0.0;;1.0;3;0.0;1.0;4;500;1.0;;;1.0;0.0;1.0;90.0;Bouches-du-Rhône;93;Provence-Alpes-Côte d'Azur
201900001052;138Â 304Â 639;A01;1.0;1;2.0;2.0;1996.0;1.0;1.0;0.0;;;0;;;2.0;10.0;4.0;0.0;3.0;1.0;1.0;;17;2;2019;10:20;1.0;13;13214;2;1.0;1.0;6.0;A7-Sens Lyon vers Marseille;43,3322350;5,3774580;1;7;0.0;;1.0;3;0.0;1.0;279;53;1.0;;;1.0;0.0;1.0;90.0;Bouches-du-Rhône;93;Provence-Alpes-Côte d'Azur
201900001053;138Â 304Â 638;A01;1.0;1;2.0;2.0;1957.0;5.0;1.0;4.0;;; -1;;;2.0;7.0;4.0;0.0;8.0;1.0;1.0;;10;2;2019;13:30;1.0;13;13085;1;1.0;1.0;7.0;A50-Sens Toulon vers Aubagne;43,2506620;5,5959450;1;50;0.0;;3.0;3;0.0;2.0;27;0;1.0;;;1.0;0.0;2.0;110.0;Bouches-du-Rhône;93;Provence-Alpes-Côte d'Azur