Num_Acc;id_vehicule;num_veh;place;catu;grav;sexe;an_nais;trajet;secu1;secu2;secu3;locp;actp;etatp;id_usager;senc;catv;obs;obsm;choc;manv;motor;occutc;jour;mois;an;hrmn;lum;dep;com;agg;int;atm;col;adr;lat;long;catr;voie;v1;v2;circ;nbv;vosp;prof;pr;pr1;plan;lartpc;larrout;surf;infra;situ;vma;nom_departement;reg;nom_region
201900001054;138Â 304Â 635;A01;1.0;1;1.0;2.0;1994.0;0.0;1.0;0.0;;; -1;;;1.0;7.0;0.0;2.0;4.0;1.0;1.0;;14;2;2019;08:00;1.0;13;13210;1;1.0;1.0;4.0;A50-Sens Marseille vers Aubagne;43,2850820;5,4210470;1;50;0.0;;3.0;3;0.0;1.0;1;0;1.0;;;1.0;2.0;1.0;90.0;Bouches-du-Rhône;93;Provence-Alpes-Côte d'Azur
201900001054;138Â 304Â 636;B01;1.0;1;2.0;2.0;1986.0;0.0;1.0;0.0;;; -1;;;1.0;7.0;0.0;2.0;9.0;1.0;1.0;;14;2;2019;08:00;1.0;13;13210;1;1.0;1.0;4.0;A50-Sens Marseille vers Aubagne;43,2850820;5,4210470;1;50;0.0;;3.0;3;0.0;1.0;1;0;1.0;;;1.0;2.0;1.0;90.0;Bouches-du-Rhône;93;Provence-Alpes-Côte d'Azur
201900001054;138Â 304Â 637;C01;1.0;1;1.0;1.0;1985.0;0.0;1.0;0.0;;; -1;;;1.0;7.0;0.0;2.0;1.0;1.0;0.0;;14;2;2019;08:00;1.0;13;13210;1;1.0;1.0;4.0;A50-Sens Marseille vers Aubagne;43,2850820;5,4210470;1;50;0.0;;3.0;3;0.0;1.0;1;0;1.0;;;1.0;2.0;1.0;90.0;Bouches-du-Rhône;93;Provence-Alpes-Côte d'Azur
201900001055;138Â 304Â 632;A01;1.0;1;1.0;1.0;1996.0;9.0;1.0;0.0;;; -1;;;1.0;7.0;0.0;2.0;1.0;2.0;1.0;;13;2;2019;16:45;1.0;13;13211;1;1.0;1.0;4.0;A50-Sens Marseille vers Aubagne;43,2895200;5,4461800;1;50;0.0;;1.0;3;0.0;1.0;4;500;1.0;;;1.0;0.0;1.0;90.0;Bouches-du-Rhône;93;Provence-Alpes-Côte d'Azur
201900001055;138Â 304Â 633;B01;1.0;1;2.0;1.0;1998.0;9.0;1.0;0.0;;; -1;;;1.0;7.0;0.0;2.0;4.0;2.0;1.0;;13;2;2019;16:45;1.0;13;13211;1;1.0;1.0;4.0;A50-Sens Marseille vers Aubagne;43,2895200;5,4461800;1;50;0.0;;1.0;3;0.0;1.0;4;500;1.0;;;1.0;0.0;1.0;90.0;Bouches-du-Rhône;93;Provence-Alpes-Côte d'Azur
201900001055;138Â 304Â 634;C01;1.0;1;1.0;1.0;1997.0;9.0;1.0;0.0;;; -1;;;1.0;7.0;0.0;2.0;4.0;2.0;1.0;;13;2;2019;16:45;1.0;13;13211;1;1.0;1.0;4.0;A50-Sens Marseille vers Aubagne;43,2895200;5,4461800;1;50;0.0;;1.0;3;0.0;1.0;4;500;1.0;;;1.0;0.0;1.0;90.0;Bouches-du-Rhône;93;Provence-Alpes-Côte d'Azur
201900001056;138Â 304Â 630;B01;1.0;1;2.0;1.0;1981.0;0.0;2.0;6.0;;; -1;;;1.0;33.0;0.0;2.0;1.0;1.0;1.0;;13;2;2019;12:00;1.0;13;13216;2;1.0;1.0;2.0;A55-Sens Marseille vers Martigues;43,3763390;5,3187430;1;55;0.0;;3.0;2;0.0;1.0;7;500;1.0;;;1.0;2.0;1.0;90.0;Bouches-du-Rhône;93;Provence-Alpes-Côte d'Azur
201900001056;138Â 304Â 631;A01;1.0;1;2.0;2.0;1988.0;0.0;1.0;0.0;;; -1;;;1.0;7.0;0.0;2.0;4.0;11.0;1.0;;13;2;2019;12:00;1.0;13;13216;2;1.0;1.0;2.0;A55-Sens Marseille vers Martigues;43,3763390;5,3187430;1;55;0.0;;3.0;2;0.0;1.0;7;500;1.0;;;1.0;2.0;1.0;90.0;Bouches-du-Rhône;93;Provence-Alpes-Côte d'Azur
201900001057;138Â 304Â 626;B01;1.0;1;2.0;2.0;1995.0;5.0;1.0;0.0;;0.0;0;;;1.0;7.0;0.0;2.0;4.0;2.0;1.0;;25;1;2019;13:05;1.0;69;69199;1;1.0;1.0;4.0;RD383   14.250 A 18.000;45,6967800;4,8448600;3;383;0.0;;3.0;3;0.0;1.0;17;500;1.0;;;1.0;3.0;1.0;70.0;Rhône;84;Auvergne-Rhône-Alpes
201900001057;138Â 304Â 627;D01;1.0;1;1.0;1.0;1977.0;5.0;1.0;0.0;;0.0;0;;;1.0;7.0;0.0;0.0;4.0;2.0;1.0;;25;1;2019;13:05;1.0;69;69199;1;1.0;1.0;4.0;RD383   14.250 A 18.000;45,6967800;4,8448600;3;383;0.0;;3.0;3;0.0;1.0;17;500;1.0;;;1.0;3.0;1.0;70.0;Rhône;84;Auvergne-Rhône-Alpes
201900001057;138Â 304Â 628;C01;1.0;1;1.0;1.0;1989.0;5.0;1.0;0.0;;0.0;0;;;1.0;7.0;0.0;2.0;4.0;2.0;1.0;;25;1;2019;13:05;1.0;69;69199;1;1.0;1.0;4.0;RD383   14.250 A 18.000;45,6967800;4,8448600;3;383;0.0;;3.0;3;0.0;1.0;17;500;1.0;;;1.0;3.0;1.0;70.0;Rhône;84;Auvergne-Rhône-Alpes
201900001057;138Â 304Â 629;A01;1.0;1;1.0;2.0;1995.0;5.0;1.0;0.0;;0.0;0;;;1.0;7.0;0.0;2.0;1.0;2.0;1.0;;25;1;2019;13:05;1.0;69;69199;1;1.0;1.0;4.0;RD383   14.250 A 18.000;45,6967800;4,8448600;3;383;0.0;;3.0;3;0.0;1.0;17;500;1.0;;;1.0;3.0;1.0;70.0;Rhône;84;Auvergne-Rhône-Alpes
201900001058;138Â 304Â 624;A01;1.0;1;1.0;1.0;1983.0;1.0;1.0;0.0;;; -1;;;2.0;10.0;0.0;2.0;1.0;2.0;1.0;;31;1;2019;07:27;2.0;01;01275;1;1.0;1.0;2.0;A42 4.329 A 5.760   LYON/GEN;45,8115510;4,9400350;1;42;0.0;;1.0;3;0.0;1.0;5;400;1.0;;;1.0;0.0;1.0;110.0;Ain;84;Auvergne-Rhône-Alpes
201900001058;138Â 304Â 625;B01;1.0;1;2.0;1.0;1986.0;1.0;1.0;0.0;;; -1;;;2.0;10.0;0.0;2.0;4.0;2.0;1.0;;31;1;2019;07:27;2.0;01;01275;1;1.0;1.0;2.0;A42 4.329 A 5.760   LYON/GEN;45,8115510;4,9400350;1;42;0.0;;1.0;3;0.0;1.0;5;400;1.0;;;1.0;0.0;1.0;110.0;Ain;84;Auvergne-Rhône-Alpes
201900001059;138Â 304Â 621;B01;1.0;1;2.0;2.0;1978.0;1.0;1.0;0.0;;0.0;0;;;2.0;7.0;0.0;2.0;4.0;1.0;1.0;;5;2;2019;17:10;1.0;69;69290;1;1.0;1.0;4.0;RN346   38.960 A 40.883;45,7084100;4,9677800;2;346;0.0;;3.0;3;0.0;1.0;40;400;1.0;;;1.0;3.0;1.0;90.0;Rhône;84;Auvergne-Rhône-Alpes
201900001059;138Â 304Â 622;C01;1.0;1;1.0;1.0;1990.0;4.0;1.0;0.0;;0.0;0;;;2.0;10.0;0.0;2.0;4.0;2.0;1.0;;5;2;2019;17:10;1.0;69;69290;1;1.0;1.0;4.0;RN346   38.960 A 40.883;45,7084100;4,9677800;2;346;0.0;;3.0;3;0.0;1.0;40;400;1.0;;;1.0;3.0;1.0;90.0;Rhône;84;Auvergne-Rhône-Alpes
201900001059;138Â 304Â 623;A01;1.0;1;2.0;2.0;1963.0;3.0;1.0;0.0;;0.0;0;;;2.0;7.0;0.0;2.0;1.0;9.0;1.0;;5;2;2019;17:10;1.0;69;69290;1;1.0;1.0;4.0;RN346   38.960 A 40.883;45,7084100;4,9677800;2;346;0.0;;3.0;3;0.0;1.0;40;400;1.0;;;1.0;3.0;1.0;90.0;Rhône;84;Auvergne-Rhône-Alpes
201900001060;138Â 304Â 620;A01;1.0;1;2.0;2.0;1995.0;5.0;1.0;0.0;;;0;;;1.0;7.0;4.0;0.0;8.0;1.0;1.0;;14;2;2019;23:30;3.0;42;42123;1;1.0;1.0;7.0;A47;45,5147700;4,5752400;1;47;0.0;;3.0;4;0.0;1.0;20;275;1.0;;;1.0;0.0;1.0;90.0;Loire;84;Auvergne-Rhône-Alpes
201900001060;138Â 304Â 620;A01;2.0;2;2.0;2.0;1997.0;5.0;1.0;0.0;;;0;;;1.0;7.0;4.0;0.0;8.0;1.0;1.0;;14;2;2019;23:30;3.0;42;42123;1;1.0;1.0;7.0;A47;45,5147700;4,5752400;1;47;0.0;;3.0;4;0.0;1.0;20;275;1.0;;;1.0;0.0;1.0;90.0;Loire;84;Auvergne-Rhône-Alpes
201900001060;138Â 304Â 620;A01;3.0;2;1.0;1.0;1998.0;5.0;1.0;0.0;;;0;;;1.0;7.0;4.0;0.0;8.0;1.0;1.0;;14;2;2019;23:30;3.0;42;42123;1;1.0;1.0;7.0;A47;45,5147700;4,5752400;1;47;0.0;;3.0;4;0.0;1.0;20;275;1.0;;;1.0;0.0;1.0;90.0;Loire;84;Auvergne-Rhône-Alpes
201900001060;138Â 304Â 620;A01;4.0;2;2.0;1.0;1992.0;5.0;1.0;0.0;;;0;;;1.0;7.0;4.0;0.0;8.0;1.0;1.0;;14;2;2019;23:30;3.0;42;42123;1;1.0;1.0;7.0;A47;45,5147700;4,5752400;1;47;0.0;;3.0;4;0.0;1.0;20;275;1.0;;;1.0;0.0;1.0;90.0;Loire;84;Auvergne-Rhône-Alpes
201900001061;138Â 304Â 619;A01;10.0;3;3.0;1.0;1993.0;9.0;0.0;0.0;0.0;1.0;1;1.0;;2.0;7.0;0.0;1.0;2.0;21.0;1.0;;11;2;2019;19:45;3.0;42;42218;1;1.0;1.0;6.0;A72;45,4653100;4,3971100;1;72;0.0;;3.0;4;0.0;2.0;4;599;1.0;;;1.0;0.0;1.0;70.0;Loire;84;Auvergne-Rhône-Alpes
201900001061;138Â 304Â 619;A01;1.0;1;1.0;1.0;1993.0;0.0;1.0;0.0;;0.0;0;;;2.0;7.0;0.0;1.0;2.0;21.0;1.0;;11;2;2019;19:45;3.0;42;42218;1;1.0;1.0;6.0;A72;45,4653100;4,3971100;1;72;0.0;;3.0;4;0.0;2.0;4;599;1.0;;;1.0;0.0;1.0;70.0;Loire;84;Auvergne-Rhône-Alpes
201900001062;138Â 304Â 617;A01;4.0;2;1.0;1.0;1998.0;5.0;1.0;8.0;;0.0;0;;;1.0;7.0;4.0;2.0;3.0;13.0;1.0;;15;2;2019;06:45;3.0;42;42186;1;1.0;1.0;3.0;A47;45,5312320;4,6168120;1;47;0.0;;3.0;4;0.0;1.0;16;399;2.0;;;1.0;1.0;1.0;90.0;Loire;84;Auvergne-Rhône-Alpes
201900001062;138Â 304Â 617;A01;3.0;2;2.0;1.0;1994.0;5.0;1.0;0.0;;0.0;0;;;1.0;7.0;4.0;2.0;3.0;13.0;1.0;;15;2;2019;06:45;3.0;42;42186;1;1.0;1.0;3.0;A47;45,5312320;4,6168120;1;47;0.0;;3.0;4;0.0;1.0;16;399;2.0;;;1.0;1.0;1.0;90.0;Loire;84;Auvergne-Rhône-Alpes
201900001062;138Â 304Â 617;A01;2.0;2;1.0;1.0;2001.0;5.0;1.0;0.0;;0.0;0;;;1.0;7.0;4.0;2.0;3.0;13.0;1.0;;15;2;2019;06:45;3.0;42;42186;1;1.0;1.0;3.0;A47;45,5312320;4,6168120;1;47;0.0;;3.0;4;0.0;1.0;16;399;2.0;;;1.0;1.0;1.0;90.0;Loire;84;Auvergne-Rhône-Alpes
201900001062;138Â 304Â 618;B01;1.0;1;1.0;1.0;1986.0;4.0;1.0;0.0;;0.0;0;;;1.0;14.0;0.0;2.0;3.0;1.0;1.0;;15;2;2019;06:45;3.0;42;42186;1;1.0;1.0;3.0;A47;45,5312320;4,6168120;1;47;0.0;;3.0;4;0.0;1.0;16;399;2.0;;;1.0;1.0;1.0;90.0;Loire;84;Auvergne-Rhône-Alpes
201900001063;138Â 304Â 615;B01;1.0;1;2.0;2.0;1987.0;5.0;1.0;0.0;;;0;;;2.0;10.0;0.0;2.0;6.0;2.0;1.0;;14;2;2019;18:50;3.0;42;42218;1;1.0;1.0;2.0;A72;45,4613400;4,4027100;1;72;0.0;;3.0;4;0.0;1.0;4;0;1.0;;;1.0;0.0;1.0;90.0;Loire;84;Auvergne-Rhône-Alpes
201900001063;138Â 304Â 616;A01;2.0;2;1.0;2.0;1997.0;5.0;1.0;0.0;;;0;;;1.0;10.0;0.0;2.0;2.0;2.0;1.0;;14;2;2019;18:50;3.0;42;42218;1;1.0;1.0;2.0;A72;45,4613400;4,4027100;1;72;0.0;;3.0;4;0.0;1.0;4;0;1.0;;;1.0;0.0;1.0;90.0;Loire;84;Auvergne-Rhône-Alpes
201900001063;138Â 304Â 616;A01;1.0;1;1.0;1.0;1988.0;5.0;1.0;0.0;;; -1;;;1.0;10.0;0.0;2.0;2.0;2.0;1.0;;14;2;2019;18:50;3.0;42;42218;1;1.0;1.0;2.0;A72;45,4613400;4,4027100;1;72;0.0;;3.0;4;0.0;1.0;4;0;1.0;;;1.0;0.0;1.0;90.0;Loire;84;Auvergne-Rhône-Alpes
201900001064;138Â 304Â 611;D01;2.0;2;1.0;2.0;1970.0;5.0;1.0;8.0;;; -1;;;1.0;7.0;0.0;2.0;4.0;2.0;1.0;;17;2;2019;18:05;2.0;33;33063;1;1.0;1.0;4.0;ROCADE A 630;44,8872100; -0,5709700;1;630;0.0;;3.0;4;0.0;1.0;6;119;1.0;;;1.0;0.0;1.0;90.0;Gironde;75;Nouvelle-Aquitaine
201900001064;138Â 304Â 611;D01;1.0;1;1.0;1.0;1990.0;5.0;1.0;8.0;;; -1;;;1.0;7.0;0.0;2.0;4.0;2.0;1.0;;17;2;2019;18:05;2.0;33;33063;1;1.0;1.0;4.0;ROCADE A 630;44,8872100; -0,5709700;1;630;0.0;;3.0;4;0.0;1.0;6;119;1.0;;;1.0;0.0;1.0;90.0;Gironde;75;Nouvelle-Aquitaine
201900001064;138Â 304Â 612;C01;2.0;2;2.0;2.0;1960.0;5.0;1.0;8.0;;; -1;;;1.0;7.0;0.0;2.0;4.0;2.0;1.0;;17;2;2019;18:05;2.0;33;33063;1;1.0;1.0;4.0;ROCADE A 630;44,8872100; -0,5709700;1;630;0.0;;3.0;4;0.0;1.0;6;119;1.0;;;1.0;0.0;1.0;90.0;Gironde;75;Nouvelle-Aquitaine
201900001064;138Â 304Â 612;C01;1.0;1;1.0;1.0;1994.0;5.0;1.0;8.0;;; -1;;;1.0;7.0;0.0;2.0;4.0;2.0;1.0;;17;2;2019;18:05;2.0;33;33063;1;1.0;1.0;4.0;ROCADE A 630;44,8872100; -0,5709700;1;630;0.0;;3.0;4;0.0;1.0;6;119;1.0;;;1.0;0.0;1.0;90.0;Gironde;75;Nouvelle-Aquitaine
201900001064;138Â 304Â 613;B01;4.0;2;2.0;1.0;2010.0;0.0;1.0;8.0;;; -1;;;1.0;7.0;0.0;2.0;4.0;2.0;1.0;;17;2;2019;18:05;2.0;33;33063;1;1.0;1.0;4.0;ROCADE A 630;44,8872100; -0,5709700;1;630;0.0;;3.0;4;0.0;1.0;6;119;1.0;;;1.0;0.0;1.0;90.0;Gironde;75;Nouvelle-Aquitaine
201900001064;138Â 304Â 613;B01;1.0;1;1.0;1.0;1988.0;0.0;1.0;8.0;;; -1;;;1.0;7.0;0.0;2.0;4.0;2.0;1.0;;17;2;2019;18:05;2.0;33;33063;1;1.0;1.0;4.0;ROCADE A 630;44,8872100; -0,5709700;1;630;0.0;;3.0;4;0.0;1.0;6;119;1.0;;;1.0;0.0;1.0;90.0;Gironde;75;Nouvelle-Aquitaine
201900001064;138Â 304Â 613;B01;2.0;2;1.0;2.0;1987.0;0.0;1.0;0.0;;; -1;;;1.0;7.0;0.0;2.0;4.0;2.0;1.0;;17;2;2019;18:05;2.0;33;33063;1;1.0;1.0;4.0;ROCADE A 630;44,8872100; -0,5709700;1;630;0.0;;3.0;4;0.0;1.0;6;119;1.0;;;1.0;0.0;1.0;90.0;Gironde;75;Nouvelle-Aquitaine
201900001064;138Â 304Â 614;A01;2.0;2;1.0;1.0;2001.0;5.0;1.0;8.0;;; -1;;;1.0;7.0;0.0;2.0;1.0;2.0;1.0;;17;2;2019;18:05;2.0;33;33063;1;1.0;1.0;4.0;ROCADE A 630;44,8872100; -0,5709700;1;630;0.0;;3.0;4;0.0;1.0;6;119;1.0;;;1.0;0.0;1.0;90.0;Gironde;75;Nouvelle-Aquitaine
201900001064;138Â 304Â 614;A01;1.0;1;1.0;2.0;1996.0;5.0;1.0;8.0;;; -1;;;1.0;7.0;0.0;2.0;1.0;2.0;1.0;;17;2;2019;18:05;2.0;33;33063;1;1.0;1.0;4.0;ROCADE A 630;44,8872100; -0,5709700;1;630;0.0;;3.0;4;0.0;1.0;6;119;1.0;;;1.0;0.0;1.0;90.0;Gironde;75;Nouvelle-Aquitaine
201900001064;138Â 304Â 614;A01;4.0;2;1.0;1.0;2003.0;5.0;1.0;8.0;;; -1;;;1.0;7.0;0.0;2.0;1.0;2.0;1.0;;17;2;2019;18:05;2.0;33;33063;1;1.0;1.0;4.0;ROCADE A 630;44,8872100; -0,5709700;1;630;0.0;;3.0;4;0.0;1.0;6;119;1.0;;;1.0;0.0;1.0;90.0;Gironde;75;Nouvelle-Aquitaine
201900001065;138Â 304Â 609;A01;1.0;1;3.0;1.0;1984.0;0.0;1.0;8.0;;; -1;;;1.0;7.0;0.0;2.0;1.0;14.0;1.0;;16;2;2019;05:40;3.0;33;33122;1;1.0;1.0;2.0;AUTOROUTE A 63;44,7268800; -0,7309900;1;63;0.0;;3.0;4;0.0;1.0;10;699;1.0;;;1.0;0.0;1.0;130.0;Gironde;75;Nouvelle-Aquitaine
201900001065;138Â 304Â 610;B01;1.0;1;1.0;1.0;1968.0;4.0;1.0;8.0;;; -1;;;1.0;17.0;0.0;2.0;4.0;1.0;1.0;;16;2;2019;05:40;3.0;33;33122;1;1.0;1.0;2.0;AUTOROUTE A 63;44,7268800; -0,7309900;1;63;0.0;;3.0;4;0.0;1.0;10;699;1.0;;;1.0;0.0;1.0;130.0;Gironde;75;Nouvelle-Aquitaine
201900001066;138Â 304Â 607;A01;1.0;1;2.0;1.0;1975.0;1.0;1.0;8.0;;; -1;;;2.0;7.0;0.0;2.0;1.0;2.0;1.0;;15;2;2019;16:00;1.0;33;33039;1;1.0;1.0;2.0;ROUTE NATIONALE 230;44,8069100; -0,5286400;2;230;0.0;;3.0;8;0.0;1.0;34;500;1.0;;;1.0;2.0;1.0;70.0;Gironde;75;Nouvelle-Aquitaine
201900001066;138Â 304Â 608;B01;1.0;1;1.0;1.0;1989.0;0.0;1.0;8.0;;; -1;;;2.0;7.0;0.0;2.0;4.0;2.0;1.0;;15;2;2019;16:00;1.0;33;33039;1;1.0;1.0;2.0;ROUTE NATIONALE 230;44,8069100; -0,5286400;2;230;0.0;;3.0;8;0.0;1.0;34;500;1.0;;;1.0;2.0;1.0;70.0;Gironde;75;Nouvelle-Aquitaine
201900001067;138Â 304Â 603;C01;1.0;1;1.0;1.0;1988.0;4.0;1.0;0.0;;; -1;;;2.0;7.0;0.0;2.0;7.0;0.0;1.0;;7;2;2019;19:15;3.0;59;59557;1;1.0;1.0;4.0;AUTOROUTE A2;50,3407400;3,5662800;1;2;0.0;;3.0;4;0.0;1.0;65;800;1.0;;;1.0;0.0;1.0;110.0;Nord;32;Hauts-de-France
201900001067;138Â 304Â 604;B01;1.0;1;1.0;1.0;1977.0;4.0;1.0;0.0;;; -1;;;2.0;17.0;0.0;2.0;4.0;1.0;1.0;;7;2;2019;19:15;3.0;59;59557;1;1.0;1.0;4.0;AUTOROUTE A2;50,3407400;3,5662800;1;2;0.0;;3.0;4;0.0;1.0;65;800;1.0;;;1.0;0.0;1.0;110.0;Nord;32;Hauts-de-France
201900001067;138Â 304Â 605;A01;2.0;2;4.0;1.0;1960.0;0.0;8.0;0.0;;0.0;0;;;2.0;7.0;1.0;0.0;1.0;12.0;1.0;;7;2;2019;19:15;3.0;59;59557;1;1.0;1.0;4.0;AUTOROUTE A2;50,3407400;3,5662800;1;2;0.0;;3.0;4;0.0;1.0;65;800;1.0;;;1.0;0.0;1.0;110.0;Nord;32;Hauts-de-France
201900001067;138Â 304Â 605;A01;1.0;1;4.0;2.0;1981.0;0.0;8.0;0.0;;; -1;;;2.0;7.0;1.0;0.0;1.0;12.0;1.0;;7;2;2019;19:15;3.0;59;59557;1;1.0;1.0;4.0;AUTOROUTE A2;50,3407400;3,5662800;1;2;0.0;;3.0;4;0.0;1.0;65;800;1.0;;;1.0;0.0;1.0;110.0;Nord;32;Hauts-de-France
201900001068;138Â 304Â 600;B01;1.0;1;1.0;2.0;1972.0;0.0;1.0;8.0;;0.0;0;;;2.0;7.0;0.0;2.0;4.0;21.0;1.0;;16;2;2019;14:38;1.0;91;91312;1;1.0;1.0;5.0;RD 444;48,7399000;2,2252000;3;444;0.0;;2.0;2;0.0;1.0;2;0;1.0;;;1.0;0.0;1.0;90.0;Essonne;11;Île-de-France
201900001068;138Â 304Â 601;C01;1.0;1;1.0;2.0;1993.0;0.0;1.0;8.0;;0.0;0;;;1.0;7.0;0.0;2.0;8.0;1.0;1.0;;16;2;2019;14:38;1.0;91;91312;1;1.0;1.0;5.0;RD 444;48,7399000;2,2252000;3;444;0.0;;2.0;2;0.0;1.0;2;0;1.0;;;1.0;0.0;1.0;90.0;Essonne;11;Île-de-France
201900001068;138Â 304Â 602;A01;1.0;1;2.0;2.0;1966.0;0.0;1.0;8.0;;0.0;0;;;2.0;7.0;0.0;2.0;1.0;1.0;1.0;;16;2;2019;14:38;1.0;91;91312;1;1.0;1.0;5.0;RD 444;48,7399000;2,2252000;3;444;0.0;;2.0;2;0.0;1.0;2;0;1.0;;;1.0;0.0;1.0;90.0;Essonne;11;Île-de-France
201900001069;138Â 304Â 599;A01;1.0;1;1.0;1.0;1993.0;0.0;2.0;6.0;;0.0;0;;;3.0;33.0;0.0;0.0;7.0;26.0;1.0;;15;2;2019;21:17;3.0;91;91521;1;1.0;1.0;7.0;RN 449;48,6350200;2,4043500;2;449;0.0;;3.0;6;0.0;2.0;0;0;2.0;;;1.0;0.0;1.0;70.0;Essonne;11;Île-de-France
201900001069;138Â 304Â 599;A01;2.0;2;2.0;1.0;1993.0;0.0;2.0;6.0;;0.0;0;;;3.0;33.0;0.0;0.0;7.0;26.0;1.0;;15;2;2019;21:17;3.0;91;91521;1;1.0;1.0;7.0;RN 449;48,6350200;2,4043500;2;449;0.0;;3.0;6;0.0;2.0;0;0;2.0;;;1.0;0.0;1.0;70.0;Essonne;11;Île-de-France
201900001070;138Â 304Â 596;B01;1.0;1;1.0;1.0;1989.0;1.0;1.0;8.0;;0.0;0;;;1.0;10.0;0.0;2.0;4.0;2.0;1.0;;15;2;2019;15:55;1.0;91;91689;1;1.0;1.0;4.0;AUTOROUTE A10;48,7410000;2,3201800;1;10;0.0;;3.0;6;0.0;4.0;0;150;1.0;;;1.0;0.0;1.0;90.0;Essonne;11;Île-de-France
201900001070;138Â 304Â 597;C01;1.0;1;1.0;1.0;1961.0;1.0;1.0;8.0;;0.0;0;;;1.0;10.0;0.0;2.0;4.0;2.0;1.0;;15;2;2019;15:55;1.0;91;91689;1;1.0;1.0;4.0;AUTOROUTE A10;48,7410000;2,3201800;1;10;0.0;;3.0;6;0.0;4.0;0;150;1.0;;;1.0;0.0;1.0;90.0;Essonne;11;Île-de-France
201900001070;138Â 304Â 598;A01;1.0;1;2.0;2.0;1982.0;1.0;1.0;8.0;;0.0;0;;;1.0;7.0;0.0;2.0;1.0;2.0;1.0;;15;2;2019;15:55;1.0;91;91689;1;1.0;1.0;4.0;AUTOROUTE A10;48,7410000;2,3201800;1;10;0.0;;3.0;6;0.0;4.0;0;150;1.0;;;1.0;0.0;1.0;90.0;Essonne;11;Île-de-France
201900001071;138Â 304Â 594;B01;2.0;2;2.0;1.0;1984.0;0.0;1.0;8.0;;0.0;0;;;1.0;7.0;0.0;2.0;4.0;1.0;1.0;;15;2;2019;11:50;1.0;91;91589;1;1.0;1.0;2.0;AUTOROUTE A6;48,6736100;2,3430000;1;6;0.0;;3.0;6;0.0;3.0;17;735;1.0;;;1.0;0.0;1.0;110.0;Essonne;11;Île-de-France
201900001071;138Â 304Â 594;B01;4.0;2;2.0;2.0;1950.0;0.0;1.0;8.0;;0.0;0;;;1.0;7.0;0.0;2.0;4.0;1.0;1.0;;15;2;2019;11:50;1.0;91;91589;1;1.0;1.0;2.0;AUTOROUTE A6;48,6736100;2,3430000;1;6;0.0;;3.0;6;0.0;3.0;17;735;1.0;;;1.0;0.0;1.0;110.0;Essonne;11;Île-de-France
201900001071;138Â 304Â 594;B01;1.0;1;2.0;1.0;1946.0;0.0;1.0;8.0;;0.0;0;;;1.0;7.0;0.0;2.0;4.0;1.0;1.0;;15;2;2019;11:50;1.0;91;91589;1;1.0;1.0;2.0;AUTOROUTE A6;48,6736100;2,3430000;1;6;0.0;;3.0;6;0.0;3.0;17;735;1.0;;;1.0;0.0;1.0;110.0;Essonne;11;Île-de-France
201900001071;138Â 304Â 595;A01;1.0;1;2.0;1.0;1991.0;4.0;1.0;8.0;;0.0;0;;;1.0;7.0;0.0;2.0;1.0;1.0;1.0;;15;2;2019;11:50;1.0;91;91589;1;1.0;1.0;2.0;AUTOROUTE A6;48,6736100;2,3430000;1;6;0.0;;3.0;6;0.0;3.0;17;735;1.0;;;1.0;0.0;1.0;110.0;Essonne;11;Île-de-France
201900001072;138Â 304Â 591;C01;1.0;1;1.0;1.0;1993.0;5.0;1.0;0.0;;0.0;0;;;2.0;7.0;0.0;2.0;4.0;1.0;1.0;;15;2;2019;08:30;1.0;91;91161;1;9.0;1.0;4.0;AUTOROUTE A6;48,7060800;2,3061600;1;6;0.0;;3.0;4;0.0;1.0;13;144;3.0;;;1.0;3.0;1.0;110.0;Essonne;11;Île-de-France
201900001072;138Â 304Â 592;B01;1.0;1;2.0;1.0;1960.0;0.0;8.0;0.0;;0.0;0;;;2.0;7.0;0.0;2.0;6.0;0.0;1.0;;15;2;2019;08:30;1.0;91;91161;1;9.0;1.0;4.0;AUTOROUTE A6;48,7060800;2,3061600;1;6;0.0;;3.0;4;0.0;1.0;13;144;3.0;;;1.0;3.0;1.0;110.0;Essonne;11;Île-de-France
201900001073;138Â 304Â 590;A01;1.0;1;2.0;2.0;1959.0;5.0;1.0;0.0;;;0;;;1.0;7.0;0.0;2.0;8.0;9.0;1.0;;15;2;2019;06:00;4.0;94;94021;1;9.0;1.0;3.0;AUTOROUTE A6B;48,7629000;2,3410700;1;6;0.0;B;3.0;1;0.0;2.0;6;10;3.0;;;1.0;9.0;1.0;110.0;Val-de-Marne;11;Île-de-France
201900001074;138Â 304Â 587;A01;2.0;2;2.0;2.0;1999.0;0.0;1.0;8.0;;0.0;0;;;2.0;7.0;0.0;2.0;5.0;26.0;1.0;;14;2;2019;17:40;2.0;91;91174;1;1.0;1.0;2.0;RN 104;48,6196700;2,4595500;2;104;0.0;;3.0;4;0.0;2.0;34;439;1.0;;;1.0;0.0;1.0;90.0;Essonne;11;Île-de-France
201900001074;138Â 304Â 587;A01;1.0;1;2.0;2.0;1999.0;3.0;1.0;8.0;;0.0;0;;;2.0;7.0;0.0;2.0;5.0;26.0;1.0;;14;2;2019;17:40;2.0;91;91174;1;1.0;1.0;2.0;RN 104;48,6196700;2,4595500;2;104;0.0;;3.0;4;0.0;2.0;34;439;1.0;;;1.0;0.0;1.0;90.0;Essonne;11;Île-de-France
201900001074;138Â 304Â 588;B01;1.0;1;1.0;1.0;1965.0;4.0;1.0;0.0;;0.0;0;;;2.0;15.0;0.0;2.0;3.0;1.0;1.0;;14;2;2019;17:40;2.0;91;91174;1;1.0;1.0;2.0;RN 104;48,6196700;2,4595500;2;104;0.0;;3.0;4;0.0;2.0;34;439;1.0;;;1.0;0.0;1.0;90.0;Essonne;11;Île-de-France