Num_Acc;id_vehicule;num_veh;place;catu;grav;sexe;an_nais;trajet;secu1;secu2;secu3;locp;actp;etatp;id_usager;senc;catv;obs;obsm;choc;manv;motor;occutc;jour;mois;an;hrmn;lum;dep;com;agg;int;atm;col;adr;lat;long;catr;voie;v1;v2;circ;nbv;vosp;prof;pr;pr1;plan;lartpc;larrout;surf;infra;situ;vma;nom_departement;reg;nom_region
201900001075;138Â 304Â 585;B01;1.0;1;2.0;1.0;1980.0;5.0;1.0;8.0;;0.0;0;;;2.0;7.0;0.0;2.0;6.0;1.0;1.0;;14;2;2019;09:05;1.0;91;91553;1;1.0;1.0;2.0;RN 104;48,6274400;2,4779700;2;104;0.0;;3.0;4;0.0;4.0;33;99;1.0;;;9.0;0.0;1.0;90.0;Essonne;11;Île-de-France
201900001075;138Â 304Â 586;A01;1.0;1;1.0;1.0;1976.0;4.0;1.0;8.0;;0.0;0;;;2.0;15.0;0.0;2.0;2.0;12.0;1.0;;14;2;2019;09:05;1.0;91;91553;1;1.0;1.0;2.0;RN 104;48,6274400;2,4779700;2;104;0.0;;3.0;4;0.0;4.0;33;99;1.0;;;9.0;0.0;1.0;90.0;Essonne;11;Île-de-France
201900001076;138Â 304Â 583;A01;1.0;1;1.0;1.0;1983.0;4.0;1.0;8.0;;0.0;0;;;1.0;10.0;0.0;2.0;1.0;1.0;1.0;;14;2;2019;07:30;3.0;91;91340;1;1.0;1.0;2.0;RN 104;48,6100900;2,4334700;2;104;0.0;;3.0;4;0.0;1.0;36;700;3.0;;;2.0;3.0;1.0;110.0;Essonne;11;Île-de-France
201900001076;138Â 304Â 584;B01;1.0;1;2.0;1.0;1991.0;4.0;1.0;8.0;;0.0;0;;;1.0;10.0;0.0;2.0;4.0;2.0;1.0;;14;2;2019;07:30;3.0;91;91340;1;1.0;1.0;2.0;RN 104;48,6100900;2,4334700;2;104;0.0;;3.0;4;0.0;1.0;36;700;3.0;;;2.0;3.0;1.0;110.0;Essonne;11;Île-de-France
201900001077;138Â 304Â 582;A01;2.0;1;2.0;1.0;1985.0;1.0;2.0;6.0;;; -1;;;2.0;33.0;0.0;0.0;3.0;1.0;1.0;;13;2;2019;08:15;1.0;94;94021;1;1.0;5.0;7.0;AUTOROUTE A6A;48,7658200;2,3434000;1;6;0.0;A;3.0;6;0.0;1.0;5;699;1.0;;;1.0;0.0;1.0;90.0;Val-de-Marne;11;Île-de-France
201900001078;138Â 304Â 581;A01;1.0;1;2.0;1.0;1964.0;1.0;2.0;6.0;;0.0;0;;;2.0;34.0;0.0;0.0;0.0;0.0;1.0;;13;2;2019;06:31;3.0;91;91589;1;1.0;5.0;7.0;AUTOROUTE A6;48,6751000;2,3416000;1;6;0.0;;3.0;6;0.0;2.0;17;500;1.0;;;2.0;0.0;1.0;110.0;Essonne;11;Île-de-France
201900001079;138Â 304Â 578;B01;1.0;1;2.0;2.0;1972.0;0.0;1.0;8.0;;0.0;0;;;2.0;7.0;0.0;2.0;4.0;1.0;1.0;;12;2;2019;19:00;3.0;91;91363;1;1.0;1.0;4.0;RN 104;48,6662070;2,1912140;2;104;0.0;;3.0;6;0.0;1.0;59;599;1.0;;;1.0;0.0;1.0;90.0;Essonne;11;Île-de-France
201900001079;138Â 304Â 579;C01;1.0;1;1.0;1.0;1989.0;0.0;1.0;8.0;;0.0;0;;;2.0;7.0;0.0;2.0;4.0;1.0;1.0;;12;2;2019;19:00;3.0;91;91363;1;1.0;1.0;4.0;RN 104;48,6662070;2,1912140;2;104;0.0;;3.0;6;0.0;1.0;59;599;1.0;;;1.0;0.0;1.0;90.0;Essonne;11;Île-de-France
201900001079;138Â 304Â 580;A01;1.0;1;1.0;1.0;1963.0;0.0;1.0;8.0;;0.0;0;;;2.0;10.0;0.0;2.0;1.0;1.0;1.0;;12;2;2019;19:00;3.0;91;91363;1;1.0;1.0;4.0;RN 104;48,6662070;2,1912140;2;104;0.0;;3.0;6;0.0;1.0;59;599;1.0;;;1.0;0.0;1.0;90.0;Essonne;11;Île-de-France
201900001080;138Â 304Â 576;B01;2.0;2;3.0;2.0;1998.0;0.0;1.0;0.0;;; -1;;;2.0;7.0;0.0;2.0;4.0;2.0;1.0;;16;2;2019;05:20;3.0;78;78043;1;1.0;1.0;2.0;A12 W;48,8329800;2,0848280;1;12;0.0;;1.0;4;0.0;1.0;1;500;1.0;;;1.0;0.0;1.0;110.0;Yvelines;11;Île-de-France
201900001080;138Â 304Â 576;B01;1.0;1;1.0;1.0;1996.0;0.0;1.0;0.0;;; -1;;;2.0;7.0;0.0;2.0;4.0;2.0;1.0;;16;2;2019;05:20;3.0;78;78043;1;1.0;1.0;2.0;A12 W;48,8329800;2,0848280;1;12;0.0;;1.0;4;0.0;1.0;1;500;1.0;;;1.0;0.0;1.0;110.0;Yvelines;11;Île-de-France
201900001080;138Â 304Â 577;A01;1.0;1;1.0;1.0;1994.0;0.0;1.0;0.0;;; -1;;;2.0;7.0;0.0;2.0;1.0;2.0;1.0;;16;2;2019;05:20;3.0;78;78043;1;1.0;1.0;2.0;A12 W;48,8329800;2,0848280;1;12;0.0;;1.0;4;0.0;1.0;1;500;1.0;;;1.0;0.0;1.0;110.0;Yvelines;11;Île-de-France
201900001081;138Â 304Â 575;A01;1.0;1;2.0;1.0;1991.0;5.0;2.0;6.0;;;0;;;1.0;31.0;0.0;0.0;8.0;1.0;1.0;;16;2;2019;01:50;5.0;92;92064;1;1.0;1.0;7.0;A13;48,8477504;2,2249047;1;13;0.0;;3.0;2;0.0;1.0;2;460;2.0;;;1.0;2.0;1.0;70.0;Hauts-de-Seine;11;Île-de-France
201900001082;138Â 304Â 574;A01;1.0;1;1.0;1.0;1996.0;2.0;1.0;0.0;;;0;;;2.0;7.0;13.0;0.0;1.0;21.0;1.0;;15;2;2019;14:05;1.0;78;78140;1;1.0;1.0;6.0;A13;48,9630100;1,9274600;1;13;0.0;;1.0;3;0.0;2.0;32;299;1.0;;;1.0;0.0;1.0;130.0;Yvelines;11;Île-de-France
201900001082;138Â 304Â 574;A01;2.0;2;2.0;1.0;1997.0;0.0;1.0;0.0;;; -1;;;2.0;7.0;13.0;0.0;1.0;21.0;1.0;;15;2;2019;14:05;1.0;78;78140;1;1.0;1.0;6.0;A13;48,9630100;1,9274600;1;13;0.0;;1.0;3;0.0;2.0;32;299;1.0;;;1.0;0.0;1.0;130.0;Yvelines;11;Île-de-France
201900001082;138Â 304Â 574;A01;3.0;2;2.0;1.0;1997.0;0.0;1.0;0.0;;; -1;;;2.0;7.0;13.0;0.0;1.0;21.0;1.0;;15;2;2019;14:05;1.0;78;78140;1;1.0;1.0;6.0;A13;48,9630100;1,9274600;1;13;0.0;;1.0;3;0.0;2.0;32;299;1.0;;;1.0;0.0;1.0;130.0;Yvelines;11;Île-de-France
201900001083;138Â 304Â 573;A01;1.0;1;2.0;2.0;1973.0;5.0;1.0;8.0;;; -1;;;1.0;7.0;3.0;0.0;1.0;26.0;1.0;;15;2;2019;13:00;1.0;78;78524;1;1.0;1.0;6.0;A13Y;48,8416300;2,1028200;1;13;0.0;;1.0;2;0.0;1.0;12;399;2.0;;;1.0;0.0;1.0;110.0;Yvelines;11;Île-de-France
201900001084;138Â 304Â 570;C01;1.0;1;2.0;1.0;1983.0;0.0;1.0;0.0;;; -1;;;2.0;7.0;0.0;2.0;4.0;2.0;1.0;;15;2;2019;07:00;3.0;78;78126;1;1.0;1.0;4.0;A13;48,8363140;2,1285470;1;13;0.0;;1.0;3;0.0;1.0;10;300;1.0;;;1.0;0.0;1.0;110.0;Yvelines;11;Île-de-France
201900001084;138Â 304Â 571;B01;1.0;1;1.0;1.0;1976.0;1.0;1.0;0.0;;; -1;;;2.0;10.0;0.0;2.0;1.0;2.0;1.0;;15;2;2019;07:00;3.0;78;78126;1;1.0;1.0;4.0;A13;48,8363140;2,1285470;1;13;0.0;;1.0;3;0.0;1.0;10;300;1.0;;;1.0;0.0;1.0;110.0;Yvelines;11;Île-de-France
201900001084;138Â 304Â 572;A01;4.0;2;1.0;2.0;1995.0;0.0;1.0;0.0;;; -1;;;2.0;7.0;0.0;2.0;2.0;0.0;1.0;;15;2;2019;07:00;3.0;78;78126;1;1.0;1.0;4.0;A13;48,8363140;2,1285470;1;13;0.0;;1.0;3;0.0;1.0;10;300;1.0;;;1.0;0.0;1.0;110.0;Yvelines;11;Île-de-France
201900001084;138Â 304Â 572;A01;2.0;2;1.0;2.0;1992.0;0.0;1.0;0.0;;; -1;;;2.0;7.0;0.0;2.0;2.0;0.0;1.0;;15;2;2019;07:00;3.0;78;78126;1;1.0;1.0;4.0;A13;48,8363140;2,1285470;1;13;0.0;;1.0;3;0.0;1.0;10;300;1.0;;;1.0;0.0;1.0;110.0;Yvelines;11;Île-de-France
201900001084;138Â 304Â 572;A01;1.0;1;1.0;2.0;1995.0;0.0;1.0;0.0;;; -1;;;2.0;7.0;0.0;2.0;2.0;0.0;1.0;;15;2;2019;07:00;3.0;78;78126;1;1.0;1.0;4.0;A13;48,8363140;2,1285470;1;13;0.0;;1.0;3;0.0;1.0;10;300;1.0;;;1.0;0.0;1.0;110.0;Yvelines;11;Île-de-France
201900001085;138Â 304Â 568;A01;1.0;1;3.0;2.0;1936.0;9.0;1.0;8.0;;;0;;;1.0;7.0;14.0;2.0;1.0;1.0;1.0;;14;2;2019;16:45;1.0;78;78242;1;1.0;1.0;3.0;A12 Y;48,8074250;2,0526020;1;12;0.0;;1.0;4;0.0;1.0;5;199;1.0;;;1.0;0.0;1.0;90.0;Yvelines;11;Île-de-France
201900001085;138Â 304Â 569;B01;1.0;1;1.0;2.0;1969.0;4.0;1.0;8.0;;;0;;;1.0;7.0;0.0;2.0;1.0;1.0;1.0;;14;2;2019;16:45;1.0;78;78242;1;1.0;1.0;3.0;A12 Y;48,8074250;2,0526020;1;12;0.0;;1.0;4;0.0;1.0;5;199;1.0;;;1.0;0.0;1.0;90.0;Yvelines;11;Île-de-France
201900001086;138Â 304Â 566;B01;1.0;1;1.0;1.0;1996.0;1.0;1.0;;;; -1;;;2.0;7.0;0.0;2.0;6.0;11.0;1.0;;14;2;2019;08:40;1.0;78;78640;1;1.0;1.0;2.0;A86 EXT;48,7784180;2,2095650;1;86;0.0;;1.0;3;0.0;1.0;60;299;1.0;;;1.0;0.0;1.0;90.0;Yvelines;11;Île-de-France
201900001086;138Â 304Â 567;A01;1.0;1;2.0;1.0;1973.0;1.0;2.0;6.0;0.0;; -1;;;2.0;33.0;0.0;2.0;2.0;3.0;1.0;;14;2;2019;08:40;1.0;78;78640;1;1.0;1.0;2.0;A86 EXT;48,7784180;2,2095650;1;86;0.0;;1.0;3;0.0;1.0;60;299;1.0;;;1.0;0.0;1.0;90.0;Yvelines;11;Île-de-France
201900001087;138Â 304Â 564;B01;2.0;2;2.0;2.0;1967.0;0.0;2.0;0.0;;;0;;;2.0;33.0;0.0;2.0;5.0;3.0;0.0;;14;2;2019;08:12;3.0;78;78524;1;1.0;3.0;1.0;A13;48,8399000;2,1143300;1;13;0.0;;1.0;5;0.0;1.0;11;399;1.0;;;1.0;3.0;1.0;50.0;Yvelines;11;Île-de-France
201900001087;138Â 304Â 564;B01;1.0;1;2.0;1.0;1964.0;0.0;2.0;0.0;;;0;;;2.0;33.0;0.0;2.0;5.0;3.0;0.0;;14;2;2019;08:12;3.0;78;78524;1;1.0;3.0;1.0;A13;48,8399000;2,1143300;1;13;0.0;;1.0;5;0.0;1.0;11;399;1.0;;;1.0;3.0;1.0;50.0;Yvelines;11;Île-de-France
201900001087;138Â 304Â 565;A01;1.0;1;1.0;2.0;1995.0;1.0;1.0;0.0;;; -1;;;2.0;7.0;0.0;2.0;3.0;11.0;1.0;;14;2;2019;08:12;3.0;78;78524;1;1.0;3.0;1.0;A13;48,8399000;2,1143300;1;13;0.0;;1.0;5;0.0;1.0;11;399;1.0;;;1.0;3.0;1.0;50.0;Yvelines;11;Île-de-France
201900001088;138Â 304Â 562;B01;1.0;1;2.0;1.0;1989.0;0.0;1.0;0.0;;;0;;;2.0;7.0;0.0;2.0;1.0;2.0;1.0;;16;2;2019;21:05;3.0;95;95582;1;1.0;1.0;2.0;AUTOROUTE A115;48,9806400;2,2408800;1;115;0.0;;3.0;6;0.0;1.0;1;0;1.0;;;1.0;0.0;1.0;90.0;Val-d'Oise;11;Île-de-France
201900001088;138Â 304Â 563;A01;1.0;1;1.0;1.0;1976.0;9.0;1.0;0.0;;;0;;;2.0;7.0;0.0;2.0;4.0;2.0;1.0;;16;2;2019;21:05;3.0;95;95582;1;1.0;1.0;2.0;AUTOROUTE A115;48,9806400;2,2408800;1;115;0.0;;3.0;6;0.0;1.0;1;0;1.0;;;1.0;0.0;1.0;90.0;Val-d'Oise;11;Île-de-France
201900001089;138Â 304Â 561;A01;1.0;1;2.0;2.0;1971.0;0.0;1.0;0.0;;;0;;;2.0;7.0;4.0;0.0;1.0;13.0;1.0;;16;2;2019;13:45;1.0;92;92036;1;1.0;1.0;6.0;AUTOROUTE A15;48,9378227;2,2937076;1;15;0.0;;1.0;2;0.0;2.0;4;143;3.0;;;1.0;3.0;1.0;50.0;Hauts-de-Seine;11;Île-de-France
201900001090;138Â 304Â 559;B01;1.0;1;1.0;1.0;1998.0;0.0;1.0;8.0;;0.0;0;;;1.0;7.0;0.0;2.0;3.0;11.0;1.0;;16;2;2019;13:04;1.0;93;93005;1;1.0;1.0;3.0;AUTOROUTE A104;48,9732890;2,4909920;1;104;0.0;;1.0;2;0.0;1.0;0;379;3.0;;;1.0;3.0;1.0;70.0;Seine-Saint-Denis;11;Île-de-France
201900001090;138Â 304Â 560;A01;1.0;1;2.0;1.0;1998.0;0.0;1.0;8.0;;0.0;0;;;1.0;7.0;0.0;2.0;7.0;1.0;1.0;;16;2;2019;13:04;1.0;93;93005;1;1.0;1.0;3.0;AUTOROUTE A104;48,9732890;2,4909920;1;104;0.0;;1.0;2;0.0;1.0;0;379;3.0;;;1.0;3.0;1.0;70.0;Seine-Saint-Denis;11;Île-de-France
201900001091;138Â 304Â 557;B01;1.0;1;2.0;1.0;1976.0;1.0;1.0;8.0;;; -1;;;1.0;7.0;0.0;2.0;4.0;2.0;1.0;;16;2;2019;07:00;2.0;93;93066;1;1.0;1.0;2.0;AUTOROUTE A86;48,9227000;2,3475500;1;86;0.0;;1.0;2;0.0;2.0;13;199;2.0;;;1.0;2.0;1.0;50.0;Seine-Saint-Denis;11;Île-de-France
201900001092;138Â 304Â 555;B01;1.0;1;1.0;1.0;1968.0;3.0;1.0;0.0;;;0;;;1.0;7.0;0.0;2.0;5.0;1.0;1.0;;16;2;2019;08:00;1.0;95;95607;1;1.0;1.0;2.0;AUTOROUTE A115;49,0282700;2,2034700;1;115;0.0;;3.0;4;0.0;1.0;8;0;1.0;;;1.0;0.0;1.0;90.0;Val-d'Oise;11;Île-de-France
201900001092;138Â 304Â 556;A01;1.0;1;2.0;1.0;1995.0;5.0;1.0;0.0;;;0;;;1.0;7.0;3.0;2.0;1.0;14.0;1.0;;16;2;2019;08:00;1.0;95;95607;1;1.0;1.0;2.0;AUTOROUTE A115;49,0282700;2,2034700;1;115;0.0;;3.0;4;0.0;1.0;8;0;1.0;;;1.0;0.0;1.0;90.0;Val-d'Oise;11;Île-de-France
201900001093;138Â 304Â 553;B01;4.0;2;2.0;1.0;2016.0;5.0;3.0;0.0;;;0;;;2.0;7.0;0.0;2.0;2.0;12.0;1.0;;16;2;2019;02:28;3.0;95;95580;1;1.0;1.0;3.0;AUTOROUTE A1;49,0839900;2,5510800;1;1;0.0;;3.0;6;0.0;1.0;27;600;1.0;;;1.0;0.0;1.0;130.0;Val-d'Oise;11;Île-de-France
201900001093;138Â 304Â 553;B01;1.0;1;1.0;2.0;1979.0;5.0;1.0;0.0;;;0;;;2.0;7.0;0.0;2.0;2.0;12.0;1.0;;16;2;2019;02:28;3.0;95;95580;1;1.0;1.0;3.0;AUTOROUTE A1;49,0839900;2,5510800;1;1;0.0;;3.0;6;0.0;1.0;27;600;1.0;;;1.0;0.0;1.0;130.0;Val-d'Oise;11;Île-de-France
201900001093;138Â 304Â 553;B01;2.0;2;2.0;1.0;1986.0;5.0;1.0;0.0;;;0;;;2.0;7.0;0.0;2.0;2.0;12.0;1.0;;16;2;2019;02:28;3.0;95;95580;1;1.0;1.0;3.0;AUTOROUTE A1;49,0839900;2,5510800;1;1;0.0;;3.0;6;0.0;1.0;27;600;1.0;;;1.0;0.0;1.0;130.0;Val-d'Oise;11;Île-de-France
201900001093;138Â 304Â 554;A01;1.0;1;1.0;1.0;1968.0;4.0;1.0;4.0;;;0;;;2.0;15.0;0.0;2.0;6.0;1.0;1.0;;16;2;2019;02:28;3.0;95;95580;1;1.0;1.0;3.0;AUTOROUTE A1;49,0839900;2,5510800;1;1;0.0;;3.0;6;0.0;1.0;27;600;1.0;;;1.0;0.0;1.0;130.0;Val-d'Oise;11;Île-de-France
201900001094;138Â 304Â 551;A01;1.0;1;1.0;2.0;1978.0;0.0;1.0;0.0;;; -1;;;2.0;7.0;0.0;2.0;1.0;2.0;1.0;;15;2;2019;23:20;3.0;93;93006;1;1.0;1.0;2.0;AUTOROUTE A3;48,8657700;2,4186200;1;3;0.0;;3.0;10;0.0;1.0;0;500;3.0;;;1.0;2.0;1.0;70.0;Seine-Saint-Denis;11;Île-de-France
201900001094;138Â 304Â 552;B01;1.0;1;1.0;1.0;1990.0;9.0;1.0;0.0;;; -1;;;2.0;7.0;0.0;2.0;4.0;2.0;1.0;;15;2;2019;23:20;3.0;93;93006;1;1.0;1.0;2.0;AUTOROUTE A3;48,8657700;2,4186200;1;3;0.0;;3.0;10;0.0;1.0;0;500;3.0;;;1.0;2.0;1.0;70.0;Seine-Saint-Denis;11;Île-de-France
201900001094;138Â 304Â 552;B01;3.0;2;2.0;2.0;1961.0;9.0;1.0;0.0;;; -1;;;2.0;7.0;0.0;2.0;4.0;2.0;1.0;;15;2;2019;23:20;3.0;93;93006;1;1.0;1.0;2.0;AUTOROUTE A3;48,8657700;2,4186200;1;3;0.0;;3.0;10;0.0;1.0;0;500;3.0;;;1.0;2.0;1.0;70.0;Seine-Saint-Denis;11;Île-de-France
201900001095;138Â 304Â 549;A01;1.0;1;1.0;2.0;1935.0;0.0;1.0;0.0;;; -1;;;2.0;7.0;0.0;2.0;1.0;2.0;1.0;;15;2;2019;18:00;1.0;93;93066;1;1.0;1.0;2.0;AUTOROUTE A1;48,9295900;2,3623900;1;1;0.0;;3.0;10;0.0;1.0;3;410;1.0;;;1.0;0.0;1.0;90.0;Seine-Saint-Denis;11;Île-de-France
201900001095;138Â 304Â 550;B01;1.0;1;1.0;1.0;1983.0;0.0;1.0;0.0;;; -1;;;2.0;7.0;0.0;2.0;4.0;2.0;1.0;;15;2;2019;18:00;1.0;93;93066;1;1.0;1.0;2.0;AUTOROUTE A1;48,9295900;2,3623900;1;1;0.0;;3.0;10;0.0;1.0;3;410;1.0;;;1.0;0.0;1.0;90.0;Seine-Saint-Denis;11;Île-de-France
201900001095;138Â 304Â 550;B01;2.0;2;2.0;2.0;1984.0;0.0;1.0;0.0;;; -1;;;2.0;7.0;0.0;2.0;4.0;2.0;1.0;;15;2;2019;18:00;1.0;93;93066;1;1.0;1.0;2.0;AUTOROUTE A1;48,9295900;2,3623900;1;1;0.0;;3.0;10;0.0;1.0;3;410;1.0;;;1.0;0.0;1.0;90.0;Seine-Saint-Denis;11;Île-de-France
201900001096;138Â 304Â 547;B01;1.0;1;2.0;2.0;1995.0;0.0;1.0;0.0;;0.0;0;;;1.0;7.0;0.0;2.0;4.0;2.0;1.0;;15;2;2019;15:00;1.0;93;93005;1;1.0;1.0;2.0;AUTOROUTE A3;48,9416269;2,4786217;1;3;0.0;;3.0;6;0.0;1.0;12;0;1.0;;;1.0;0.0;1.0;110.0;Seine-Saint-Denis;11;Île-de-France
201900001096;138Â 304Â 548;A01;1.0;1;1.0;1.0;1982.0;0.0;1.0;8.0;;; -1;;;1.0;7.0;0.0;2.0;1.0;2.0;1.0;;15;2;2019;15:00;1.0;93;93005;1;1.0;1.0;2.0;AUTOROUTE A3;48,9416269;2,4786217;1;3;0.0;;3.0;6;0.0;1.0;12;0;1.0;;;1.0;0.0;1.0;110.0;Seine-Saint-Denis;11;Île-de-France
201900001097;138Â 304Â 544;A01;1.0;1;1.0;1.0;1971.0;4.0;1.0;8.0;;; -1;;;1.0;7.0;0.0;2.0;1.0;2.0;1.0;;15;2;2019;14:00;1.0;93;93005;1;1.0;1.0;5.0;AUTOROUTE A3;48,9601700;2,4735200;1;3;0.0;;3.0;6;0.0;1.0;14;0;1.0;;;1.0;0.0;1.0;90.0;Seine-Saint-Denis;11;Île-de-France
201900001097;138Â 304Â 545;B01;1.0;1;2.0;2.0;1987.0;0.0;1.0;8.0;;; -1;;;1.0;7.0;0.0;2.0;4.0;2.0;1.0;;15;2;2019;14:00;1.0;93;93005;1;1.0;1.0;5.0;AUTOROUTE A3;48,9601700;2,4735200;1;3;0.0;;3.0;6;0.0;1.0;14;0;1.0;;;1.0;0.0;1.0;90.0;Seine-Saint-Denis;11;Île-de-France
201900001097;138Â 304Â 546;C01;1.0;1;1.0;1.0;1960.0;0.0;1.0;8.0;;; -1;;;1.0;7.0;0.0;2.0;4.0;1.0;1.0;;15;2;2019;14:00;1.0;93;93005;1;1.0;1.0;5.0;AUTOROUTE A3;48,9601700;2,4735200;1;3;0.0;;3.0;6;0.0;1.0;14;0;1.0;;;1.0;0.0;1.0;90.0;Seine-Saint-Denis;11;Île-de-France
201900001098;138Â 304Â 541;C01;1.0;1;1.0;1.0;1988.0;5.0;1.0;0.0;;; -1;;;1.0;7.0;0.0;2.0;1.0;2.0;1.0;;15;2;2019;05:40;3.0;93;93027;1;1.0;1.0;5.0;AUTOROUTE A1;48,9338400;2,3853700;1;1;0.0;;3.0;6;0.0;1.0;5;99;1.0;;;1.0;0.0;1.0;90.0;Seine-Saint-Denis;11;Île-de-France
201900001098;138Â 304Â 542;D01;1.0;1;1.0;1.0;1990.0;0.0;1.0;8.0;;; -1;;;1.0;7.0;0.0;2.0;2.0;2.0;1.0;;15;2;2019;05:40;3.0;93;93027;1;1.0;1.0;5.0;AUTOROUTE A1;48,9338400;2,3853700;1;1;0.0;;3.0;6;0.0;1.0;5;99;1.0;;;1.0;0.0;1.0;90.0;Seine-Saint-Denis;11;Île-de-France
201900001098;138Â 304Â 543;B01;1.0;1;2.0;2.0;1977.0;1.0;1.0;8.0;;; -1;;;1.0;7.0;0.0;2.0;8.0;2.0;1.0;;15;2;2019;05:40;3.0;93;93027;1;1.0;1.0;5.0;AUTOROUTE A1;48,9338400;2,3853700;1;1;0.0;;3.0;6;0.0;1.0;5;99;1.0;;;1.0;0.0;1.0;90.0;Seine-Saint-Denis;11;Île-de-France
201900001099;138Â 304Â 539;A01;1.0;1;2.0;1.0;1982.0;0.0;1.0;0.0;;;0;;;1.0;7.0;4.0;0.0;3.0;0.0;2.0;;15;2;2019;03:50;3.0;92;92078;1;1.0;1.0;6.0;AUTOROUTE A86;48,9273287;2,3334281;1;86;0.0;;3.0;8;0.0;1.0;12;0;2.0;;;1.0;2.0;1.0;90.0;Hauts-de-Seine;11;Île-de-France
201900001100;138Â 304Â 538;A01;1.0;1;2.0;2.0;1956.0;5.0;1.0;8.0;;;0;;;1.0;7.0;4.0;0.0;1.0;1.0;1.0;;14;2;2019;13:18;1.0;95;95252;1;1.0;1.0;6.0;AUTOROUTE A15;48,9834100;2,2188000;1;15;0.0;;3.0;7;0.0;1.0;12;0;1.0;;;1.0;0.0;1.0;110.0;Val-d'Oise;11;Île-de-France
201900001101;138Â 304Â 534;A01;1.0;1;2.0;2.0;1987.0;0.0;1.0;8.0;;; -1;;;2.0;7.0;0.0;2.0;1.0;2.0;1.0;;14;2;2019;16:00;1.0;93;93066;1;1.0;1.0;4.0;AUTOROUTE A86;48,9255800;2,3397500;1;86;0.0;;3.0;8;0.0;2.0;12;500;2.0;;;1.0;0.0;1.0;50.0;Seine-Saint-Denis;11;Île-de-France
201900001101;138Â 304Â 535;C01;1.0;1;1.0;1.0;1997.0;0.0;1.0;0.0;;; -1;;;2.0;7.0;0.0;2.0;4.0;2.0;1.0;;14;2;2019;16:00;1.0;93;93066;1;1.0;1.0;4.0;AUTOROUTE A86;48,9255800;2,3397500;1;86;0.0;;3.0;8;0.0;2.0;12;500;2.0;;;1.0;0.0;1.0;50.0;Seine-Saint-Denis;11;Île-de-France
201900001101;138Â 304Â 536;D01;1.0;1;1.0;1.0;1978.0;1.0;1.0;0.0;;; -1;;;2.0;17.0;0.0;2.0;4.0;2.0;1.0;;14;2;2019;16:00;1.0;93;93066;1;1.0;1.0;4.0;AUTOROUTE A86;48,9255800;2,3397500;1;86;0.0;;3.0;8;0.0;2.0;12;500;2.0;;;1.0;0.0;1.0;50.0;Seine-Saint-Denis;11;Île-de-France
201900001101;138Â 304Â 537;B01;1.0;1;1.0;1.0;1980.0;1.0;1.0;8.0;;; -1;;;2.0;10.0;0.0;2.0;4.0;2.0;1.0;;14;2;2019;16:00;1.0;93;93066;1;1.0;1.0;4.0;AUTOROUTE A86;48,9255800;2,3397500;1;86;0.0;;3.0;8;0.0;2.0;12;500;2.0;;;1.0;0.0;1.0;50.0;Seine-Saint-Denis;11;Île-de-France
201900001102;138Â 304Â 533;A01;1.0;1;2.0;1.0;2000.0;0.0;1.0;0.0;;;0;;;1.0;7.0;4.0;0.0;9.0;0.0;1.0;;9;2;2019;08:36;1.0;60;60612;1;1.0;1.0;6.0;AUTOROUTE A1;49,1920700;2,6034100;1;1;0.0;;3.0;6;0.0;1.0;40;799;1.0;;;1.0;0.0;1.0;130.0;Oise;32;Hauts-de-France
201900001102;138Â 304Â 533;A01;3.0;2;2.0;1.0;1999.0;0.0;1.0;0.0;;;0;;;1.0;7.0;4.0;0.0;9.0;0.0;1.0;;9;2;2019;08:36;1.0;60;60612;1;1.0;1.0;6.0;AUTOROUTE A1;49,1920700;2,6034100;1;1;0.0;;3.0;6;0.0;1.0;40;799;1.0;;;1.0;0.0;1.0;130.0;Oise;32;Hauts-de-France
201900001103;138Â 304Â 530;A01;2.0;2;2.0;2.0;1961.0;9.0;1.0;0.0;;; -1;;;1.0;7.0;4.0;2.0;4.0;2.0;1.0;;13;2;2019;23:34;3.0;93;93066;1;1.0;1.0;5.0;AUTOROUTE A1;48,9139200;2,3579900;1;1;0.0;;3.0;8;0.0;1.0;1;399;1.0;;;1.0;1.0;1.0;90.0;Seine-Saint-Denis;11;Île-de-France
201900001103;138Â 304Â 530;A01;1.0;1;2.0;1.0;1962.0;9.0;1.0;0.0;;; -1;;;1.0;7.0;4.0;2.0;4.0;2.0;1.0;;13;2;2019;23:34;3.0;93;93066;1;1.0;1.0;5.0;AUTOROUTE A1;48,9139200;2,3579900;1;1;0.0;;3.0;8;0.0;1.0;1;399;1.0;;;1.0;1.0;1.0;90.0;Seine-Saint-Denis;11;Île-de-France
201900001103;138Â 304Â 531;C01;1.0;1;1.0;1.0;1964.0;9.0;1.0;0.0;;; -1;;;1.0;7.0;0.0;2.0;8.0;1.0;1.0;;13;2;2019;23:34;3.0;93;93066;1;1.0;1.0;5.0;AUTOROUTE A1;48,9139200;2,3579900;1;1;0.0;;3.0;8;0.0;1.0;1;399;1.0;;;1.0;1.0;1.0;90.0;Seine-Saint-Denis;11;Île-de-France
201900001103;138Â 304Â 532;B01;1.0;1;1.0;1.0;1994.0;9.0;8.0;0.0;;; -1;;;1.0;7.0;0.0;2.0;1.0;2.0;1.0;;13;2;2019;23:34;3.0;93;93066;1;1.0;1.0;5.0;AUTOROUTE A1;48,9139200;2,3579900;1;1;0.0;;3.0;8;0.0;1.0;1;399;1.0;;;1.0;1.0;1.0;90.0;Seine-Saint-Denis;11;Île-de-France