Num_Acc;id_vehicule;num_veh;place;catu;grav;sexe;an_nais;trajet;secu1;secu2;secu3;locp;actp;etatp;id_usager;senc;catv;obs;obsm;choc;manv;motor;occutc;jour;mois;an;hrmn;lum;dep;com;agg;int;atm;col;adr;lat;long;catr;voie;v1;v2;circ;nbv;vosp;prof;pr;pr1;plan;lartpc;larrout;surf;infra;situ;vma;nom_departement;reg;nom_region
201900001104;138Â 304Â 527;A01;1.0;1;1.0;1.0;1962.0;4.0;1.0;0.0;;; -1;;;1.0;10.0;0.0;2.0;1.0;2.0;1.0;;13;2;2019;14:15;1.0;93;93005;1;1.0;1.0;4.0;AUTOROUTE A3;48,9679700;2,4795000;1;3;0.0;;3.0;;0.0;1.0;15;0;1.0;;;1.0;0.0;1.0;90.0;Seine-Saint-Denis;11;Île-de-France
201900001104;138Â 304Â 528;B01;1.0;1;2.0;1.0;1983.0;4.0;1.0;0.0;;; -1;;;1.0;10.0;1.0;0.0;1.0;2.0;1.0;;13;2;2019;14:15;1.0;93;93005;1;1.0;1.0;4.0;AUTOROUTE A3;48,9679700;2,4795000;1;3;0.0;;3.0;;0.0;1.0;15;0;1.0;;;1.0;0.0;1.0;90.0;Seine-Saint-Denis;11;Île-de-France
201900001104;138Â 304Â 529;C01;1.0;1;2.0;1.0;1981.0;4.0;1.0;0.0;;; -1;;;1.0;7.0;0.0;2.0;4.0;23.0;1.0;;13;2;2019;14:15;1.0;93;93005;1;1.0;1.0;4.0;AUTOROUTE A3;48,9679700;2,4795000;1;3;0.0;;3.0;;0.0;1.0;15;0;1.0;;;1.0;0.0;1.0;90.0;Seine-Saint-Denis;11;Île-de-France
201900001105;138Â 304Â 525;B01;1.0;1;1.0;1.0;1963.0;3.0;1.0;0.0;;;0;;;1.0;7.0;0.0;2.0;2.0;1.0;1.0;;13;2;2019;19:30;3.0;95;95582;1;1.0;1.0;2.0;AUTOROUTE A15;48,9662100;2,2574600;1;15;0.0;;3.0;9;0.0;1.0;8;500;1.0;;;1.0;0.0;1.0;110.0;Val-d'Oise;11;Île-de-France
201900001105;138Â 304Â 526;A01;1.0;1;2.0;1.0;1984.0;1.0;1.0;0.0;;;0;;;1.0;7.0;0.0;2.0;6.0;11.0;1.0;;13;2;2019;19:30;3.0;95;95582;1;1.0;1.0;2.0;AUTOROUTE A15;48,9662100;2,2574600;1;15;0.0;;3.0;9;0.0;1.0;8;500;1.0;;;1.0;0.0;1.0;110.0;Val-d'Oise;11;Île-de-France
201900001106;138Â 304Â 522;C01;1.0;1;1.0;1.0;1992.0;0.0;1.0;0.0;;; -1;;;2.0;7.0;0.0;2.0;4.0;2.0;1.0;;13;2;2019;11:45;1.0;93;93066;1;1.0;1.0;4.0;AUTOROUTE A1;48,9078900;2,3581800;1;1;0.0;;3.0;8;0.0;1.0;0;699;1.0;;;1.0;1.0;1.0;90.0;Seine-Saint-Denis;11;Île-de-France
201900001106;138Â 304Â 523;B01;1.0;1;2.0;2.0;1994.0;9.0;1.0;0.0;;; -1;;;2.0;7.0;0.0;2.0;4.0;2.0;1.0;;13;2;2019;11:45;1.0;93;93066;1;1.0;1.0;4.0;AUTOROUTE A1;48,9078900;2,3581800;1;1;0.0;;3.0;8;0.0;1.0;0;699;1.0;;;1.0;1.0;1.0;90.0;Seine-Saint-Denis;11;Île-de-France
201900001106;138Â 304Â 524;A01;1.0;1;1.0;1.0;1950.0;9.0;1.0;0.0;;; -1;;;2.0;7.0;0.0;2.0;1.0;2.0;1.0;;13;2;2019;11:45;1.0;93;93066;1;1.0;1.0;4.0;AUTOROUTE A1;48,9078900;2,3581800;1;1;0.0;;3.0;8;0.0;1.0;0;699;1.0;;;1.0;1.0;1.0;90.0;Seine-Saint-Denis;11;Île-de-France
201900001107;138Â 304Â 520;A01;1.0;1;2.0;1.0;1992.0;0.0;2.0;6.0;;; -1;;;2.0;33.0;0.0;2.0;1.0;3.0;1.0;;13;2;2019;09:50;1.0;93;93066;1;1.0;1.0;2.0;AUTOROUTE A1;48,9261700;2,3567400;1;1;0.0;;3.0;6;0.0;1.0;2;799;1.0;;;1.0;2.0;1.0;90.0;Seine-Saint-Denis;11;Île-de-France
201900001107;138Â 304Â 521;B01;1.0;1;1.0;1.0;1986.0;0.0;1.0;0.0;;; -1;;;2.0;7.0;0.0;2.0;4.0;0.0;1.0;;13;2;2019;09:50;1.0;93;93066;1;1.0;1.0;2.0;AUTOROUTE A1;48,9261700;2,3567400;1;1;0.0;;3.0;6;0.0;1.0;2;799;1.0;;;1.0;2.0;1.0;90.0;Seine-Saint-Denis;11;Île-de-France
201900001108;138Â 304Â 519;A01;1.0;1;2.0;2.0;1989.0;0.0;1.0;0.0;;;0;;;1.0;7.0;14.0;0.0;9.0;26.0;1.0;;13;2;2019;09:15;1.0;95;95060;1;1.0;5.0;6.0;AUTOROUTE A115;49,0443800;2,1872800;1;115;0.0;;3.0;5;0.0;1.0;10;100;1.0;;;1.0;0.0;1.0;90.0;Val-d'Oise;11;Île-de-France
201900001109;138Â 304Â 518;A01;1.0;1;2.0;2.0;1988.0;0.0;1.0;0.0;;;0;;;2.0;7.0;16.0;0.0;9.0;26.0;1.0;;13;2;2019;05:50;3.0;95;95607;1;1.0;1.0;7.0;AUTOROUTE A115;49,0356000;2,1956400;1;115;0.0;;3.0;4;0.0;1.0;9;0;1.0;;;1.0;0.0;1.0;90.0;Val-d'Oise;11;Île-de-France
201900001110;138Â 304Â 516;A01;1.0;1;2.0;2.0;2000.0;5.0;1.0;0.0;;;0;;;2.0;7.0;4.0;0.0;3.0;1.0;1.0;;17;2;2019;07:30;2.0;94;94073;1;1.0;1.0;2.0;A86 EXT;48,7676600;2,3786000;1;86;0.0;EXT;3.0;6;0.0;1.0;45;299;3.0;;;1.0;0.0;1.0;90.0;Val-de-Marne;11;Île-de-France
201900001110;138Â 304Â 517;B01;1.0;1;1.0;1.0;1997.0;5.0;1.0;0.0;;;0;;;2.0;7.0;0.0;0.0;4.0;23.0;1.0;;17;2;2019;07:30;2.0;94;94073;1;1.0;1.0;2.0;A86 EXT;48,7676600;2,3786000;1;86;0.0;EXT;3.0;6;0.0;1.0;45;299;3.0;;;1.0;0.0;1.0;90.0;Val-de-Marne;11;Île-de-France
201900001111;138Â 304Â 514;A01;2.0;2;1.0;2.0;1984.0;5.0;2.0;6.0;;;0;;;2.0;33.0;0.0;2.0;1.0;9.0;1.0;;16;2;2019;19:00;2.0;77;77083;1;1.0;1.0;2.0;A4.W;48,8304900;2,6114100;1;4;0.0;;3.0;6;0.0;1.0;17;399;1.0;;;1.0;3.0;1.0;110.0;Seine-et-Marne;11;Île-de-France
201900001111;138Â 304Â 514;A01;1.0;1;2.0;1.0;1987.0;5.0;2.0;6.0;;;0;;;2.0;33.0;0.0;2.0;1.0;9.0;1.0;;16;2;2019;19:00;2.0;77;77083;1;1.0;1.0;2.0;A4.W;48,8304900;2,6114100;1;4;0.0;;3.0;6;0.0;1.0;17;399;1.0;;;1.0;3.0;1.0;110.0;Seine-et-Marne;11;Île-de-France
201900001111;138Â 304Â 515;B01;1.0;1;1.0;1.0;1972.0;5.0;1.0;4.0;;;0;;;2.0;7.0;0.0;2.0;4.0;1.0;1.0;;16;2;2019;19:00;2.0;77;77083;1;1.0;1.0;2.0;A4.W;48,8304900;2,6114100;1;4;0.0;;3.0;6;0.0;1.0;17;399;1.0;;;1.0;3.0;1.0;110.0;Seine-et-Marne;11;Île-de-France
201900001112;138Â 304Â 512;A01;1.0;1;2.0;1.0;1999.0;5.0;1.0;4.0;;;0;;;2.0;10.0;0.0;0.0;0.0;2.0;1.0;;15;2;2019;22:00;3.0;77;77450;1;1.0;1.0;6.0;RN104;48,7198400;2,5986700;2;104;0.0;;3.0;4;0.0;1.0;13;800;1.0;;;1.0;0.0;1.0;90.0;Seine-et-Marne;11;Île-de-France
201900001112;138Â 304Â 513;B01;1.0;1;1.0;1.0;1961.0;4.0;1.0;4.0;;;0;;;2.0;17.0;0.0;2.0;8.0;2.0;1.0;;15;2;2019;22:00;3.0;77;77450;1;1.0;1.0;6.0;RN104;48,7198400;2,5986700;2;104;0.0;;3.0;4;0.0;1.0;13;800;1.0;;;1.0;0.0;1.0;90.0;Seine-et-Marne;11;Île-de-France
201900001113;138Â 304Â 510;B01;1.0;1;1.0;1.0;1989.0;5.0;1.0;8.0;;0.0;0;;;1.0;7.0;0.0;2.0;5.0;1.0;1.0;;15;2;2019;20:00;3.0;75;75112;1;1.0;1.0;3.0;A4;48,8215500;2,4620800;1;4;0.0;;3.0;8;0.0;1.0;5;600;2.0;;;1.0;0.0;1.0;90.0;Paris;11;Île-de-France
201900001113;138Â 304Â 511;A01;1.0;1;2.0;1.0;1993.0;5.0;2.0;8.0;;0.0;0;;;1.0;33.0;0.0;2.0;3.0;3.0;1.0;;15;2;2019;20:00;3.0;75;75112;1;1.0;1.0;3.0;A4;48,8215500;2,4620800;1;4;0.0;;3.0;8;0.0;1.0;5;600;2.0;;;1.0;0.0;1.0;90.0;Paris;11;Île-de-France
201900001114;138Â 304Â 509;A01;1.0;1;2.0;2.0;1982.0;5.0;1.0;8.0;;;0;;;2.0;7.0;4.0;0.0;9.0;1.0;1.0;;15;2;2019;12:59;1.0;94;94022;1;1.0;1.0;7.0;A86 EXT;48,7727500;2,3992200;1;86;0.0;EXT;1.0;1;0.0;2.0;43;200;1.0;;;1.0;0.0;1.0;70.0;Val-de-Marne;11;Île-de-France
201900001115;138Â 304Â 508;A01;1.0;1;2.0;1.0;1973.0;0.0;2.0;6.0;;;0;;;1.0;33.0;0.0;0.0;4.0;3.0;1.0;;13;2;2019;20:30;3.0;94;94052;1;1.0;1.0;6.0;A4;48,8390400;2,4925900;1;4;0.0;;1.0;5;0.0;1.0;6;500;1.0;;;1.0;0.0;1.0;90.0;Val-de-Marne;11;Île-de-France
201900001116;138Â 304Â 505;A01;1.0;1;2.0;1.0;1996.0;1.0;1.0;0.0;;;0;;;1.0;7.0;0.0;2.0;1.0;1.0;1.0;;13;2;2019;08:20;5.0;94;94017;1;1.0;1.0;4.0;A86.INT;48,8305235;2,4889139;1;86;0.0;INT;1.0;2;0.0;1.0;32;599;1.0;;;1.0;1.0;1.0;90.0;Val-de-Marne;11;Île-de-France
201900001116;138Â 304Â 506;B01;1.0;1;1.0;1.0;1970.0;4.0;1.0;4.0;;;0;;;1.0;7.0;0.0;2.0;4.0;1.0;1.0;;13;2;2019;08:20;5.0;94;94017;1;1.0;1.0;4.0;A86.INT;48,8305235;2,4889139;1;86;0.0;INT;1.0;2;0.0;1.0;32;599;1.0;;;1.0;1.0;1.0;90.0;Val-de-Marne;11;Île-de-France
201900001116;138Â 304Â 507;C01;1.0;1;1.0;1.0;1975.0;4.0;1.0;4.0;;;0;;;1.0;7.0;0.0;2.0;4.0;1.0;1.0;;13;2;2019;08:20;5.0;94;94017;1;1.0;1.0;4.0;A86.INT;48,8305235;2,4889139;1;86;0.0;INT;1.0;2;0.0;1.0;32;599;1.0;;;1.0;1.0;1.0;90.0;Val-de-Marne;11;Île-de-France
201900001117;138Â 304Â 503;B01;1.0;1;1.0;2.0;1961.0;1.0;1.0;4.0;;;0;;;1.0;7.0;0.0;2.0;8.0;11.0;1.0;;13;2;2019;07:30;1.0;94;94033;1;1.0;1.0;2.0;A86.INT;48,8516710;2,4897664;1;86;0.0;INT;;3;0.0;1.0;30;100;1.0;;;1.0;0.0;1.0;90.0;Val-de-Marne;11;Île-de-France
201900001117;138Â 304Â 504;A01;1.0;1;2.0;1.0;1996.0;1.0;2.0;6.0;;;0;;;1.0;33.0;0.0;2.0;2.0;3.0;1.0;;13;2;2019;07:30;1.0;94;94033;1;1.0;1.0;2.0;A86.INT;48,8516710;2,4897664;1;86;0.0;INT;;3;0.0;1.0;30;100;1.0;;;1.0;0.0;1.0;90.0;Val-de-Marne;11;Île-de-France
201900001118;138Â 304Â 501;A01;1.0;1;1.0;1.0;1993.0;5.0;1.0;4.0;;0.0;0;;;1.0;7.0;3.0;2.0;2.0;16.0;1.0;;2;2;2019;12:05;1.0;77;77337;1;1.0;1.0;2.0;A4;48,8302040;2,6114420;1;4;0.0;;1.0;2;0.0;1.0;17;399;3.0;;;2.0;0.0;1.0;90.0;Seine-et-Marne;11;Île-de-France
201900001118;138Â 304Â 502;B01;1.0;1;2.0;1.0;1995.0;5.0;1.0;4.0;;0.0;0;;;1.0;7.0;3.0;2.0;3.0;1.0;1.0;;2;2;2019;12:05;1.0;77;77337;1;1.0;1.0;2.0;A4;48,8302040;2,6114420;1;4;0.0;;1.0;2;0.0;1.0;17;399;3.0;;;2.0;0.0;1.0;90.0;Seine-et-Marne;11;Île-de-France
201900001119;138Â 304Â 496;A01;1.0;1;1.0;1.0;1995.0;1.0;1.0;8.0;;0.0;0;;;1.0;7.0;0.0;2.0;2.0;2.0;1.0;;8;2;2019;13:00;1.0;64;64348;2;1.0;1.0;2.0;MARTYRS DU PONT LONG DES;43,3452485; -0,3798785;3;834;0.0;;2.0;2;0.0;1.0;30;940;1.0;;;1.0;0.0;1.0;50.0;Pyrénées-Atlantiques;75;Nouvelle-Aquitaine
201900001119;138Â 304Â 497;B01;2.0;1;2.0;2.0;1960.0;1.0;1.0;8.0;;0.0;0;;;1.0;7.0;0.0;2.0;6.0;23.0;1.0;;8;2;2019;13:00;1.0;64;64348;2;1.0;1.0;2.0;MARTYRS DU PONT LONG DES;43,3452485; -0,3798785;3;834;0.0;;2.0;2;0.0;1.0;30;940;1.0;;;1.0;0.0;1.0;50.0;Pyrénées-Atlantiques;75;Nouvelle-Aquitaine
201900001120;138Â 304Â 494;A01;1.0;1;1.0;1.0;2000.0;0.0;1.0;0.0;;;0;;;2.0;7.0;0.0;2.0;1.0;2.0;1.0;;11;2;2019;18:45;5.0;51;51454;2;1.0;1.0;2.0;RUE PASSE DEMOISELLES;49,2484400;4,0168600;4;RUE PASSE DEMOISELLES;0.0;;2.0;2;0.0;1.0;(1);(1);1.0;;;1.0;0.0;1.0;50.0;Marne;44;Grand Est
201900001120;138Â 304Â 495;B01;1.0;1;2.0;2.0;1969.0;0.0;1.0;0.0;;;0;;;2.0;7.0;0.0;2.0;4.0;20.0;1.0;;11;2;2019;18:45;5.0;51;51454;2;1.0;1.0;2.0;RUE PASSE DEMOISELLES;49,2484400;4,0168600;4;RUE PASSE DEMOISELLES;0.0;;2.0;2;0.0;1.0;(1);(1);1.0;;;1.0;0.0;1.0;50.0;Marne;44;Grand Est
201900001121;138Â 304Â 492;A01;1.0;1;1.0;1.0;1986.0;5.0;1.0;0.0;;; -1;;;2.0;7.0;0.0;2.0;7.0;15.0;1.0;;10;2;2019;12:40;1.0;14;14699;2;1.0;3.0;3.0;ARISTIDE BRIAND (AVENUE);49,3478700;0,0995300;4;ARISTIDE BRIAND (AVENUE);0.0;;2.0;2;0.0;1.0;0;0;1.0;;;2.0;0.0;1.0;30.0;Calvados;28;Normandie
201900001121;138Â 304Â 493;B01;1.0;1;3.0;2.0;1971.0;0.0;2.0;0.0;;; -1;;;1.0;30.0;0.0;2.0;1.0;26.0;1.0;;10;2;2019;12:40;1.0;14;14699;2;1.0;3.0;3.0;ARISTIDE BRIAND (AVENUE);49,3478700;0,0995300;4;ARISTIDE BRIAND (AVENUE);0.0;;2.0;2;0.0;1.0;0;0;1.0;;;2.0;0.0;1.0;30.0;Calvados;28;Normandie
201900001122;138Â 304Â 490;A01;1.0;1;2.0;2.0;1989.0;5.0;1.0;0.0;;; -1;;;1.0;7.0;4.0;0.0;1.0;1.0;1.0;;10;2;2019;17:00;1.0;93;93078;1;1.0;1.0;6.0;AUTOROUTE A104;48,9632500;2,5214400;1;104;0.0;;3.0;6;0.0;1.0;2;900;3.0;;;2.0;0.0;1.0;90.0;Seine-Saint-Denis;11;Île-de-France
201900001123;138Â 304Â 489;A01;1.0;1;2.0;1.0;1979.0;9.0;2.0;0.0;;; -1;;;2.0;32.0;0.0;0.0;9.0;0.0;1.0;;10;2;2019;13:40;1.0;93;93064;1;1.0;2.0;7.0;AUTOROUTE A86;48,8791600;2,4763600;1;86;0.0;;3.0;8;0.0;1.0;27;0;1.0;;;2.0;0.0;1.0;90.0;Seine-Saint-Denis;11;Île-de-France
201900001124;138Â 304Â 487;B01;1.0;1;3.0;2.0;1973.0;4.0;2.0;8.0;;0.0;0;;;3.0;30.0;0.0;2.0;3.0;1.0;1.0;;13;2;2019;12:30;1.0;988;98818;2;3.0;1.0;1.0;T. CELIERES/ANSE-VATA; -22,2961400;166,4456000;4;145;0.0;;1.0;2;0.0;1.0;0;0;1.0;;;1.0;0.0;1.0;30.0;;;
201900001124;138Â 304Â 488;A01;1.0;1;1.0;2.0;1955.0;0.0;8.0;8.0;;0.0;0;;;3.0;7.0;0.0;2.0;2.0;5.0;1.0;;13;2;2019;12:30;1.0;988;98818;2;3.0;1.0;1.0;T. CELIERES/ANSE-VATA; -22,2961400;166,4456000;4;145;0.0;;1.0;2;0.0;1.0;0;0;1.0;;;1.0;0.0;1.0;30.0;;;
201900001125;138Â 304Â 485;A01;1.0;1;1.0;1.0;2000.0;5.0;1.0;1.0;;;0;;;3.0;10.0;0.0;2.0;2.0;15.0;1.0;;12;2;2019;21:00;5.0;988;98818;2;2.0;1.0;3.0;J. IEKAWE/A. OHLEN; -22,2483500;166,4637700;4;584;0.0;;2.0;2;0.0;1.0;0;0;1.0;;;1.0;5.0;1.0;50.0;;;
201900001125;138Â 304Â 485;A01;2.0;2;1.0;1.0;2000.0;0.0;1.0;0.0;;;0;;;3.0;10.0;0.0;2.0;2.0;15.0;1.0;;12;2;2019;21:00;5.0;988;98818;2;2.0;1.0;3.0;J. IEKAWE/A. OHLEN; -22,2483500;166,4637700;4;584;0.0;;2.0;2;0.0;1.0;0;0;1.0;;;1.0;5.0;1.0;50.0;;;
201900001125;138Â 304Â 486;B01;1.0;1;1.0;1.0;1987.0;0.0;1.0;1.0;;;0;;;3.0;7.0;0.0;2.0;1.0;1.0;1.0;;12;2;2019;21:00;5.0;988;98818;2;2.0;1.0;3.0;J. IEKAWE/A. OHLEN; -22,2483500;166,4637700;4;584;0.0;;2.0;2;0.0;1.0;0;0;1.0;;;1.0;5.0;1.0;50.0;;;
201900001125;138Â 304Â 486;B01;2.0;2;2.0;2.0;1993.0;0.0;1.0;1.0;;;0;;;3.0;7.0;0.0;2.0;1.0;1.0;1.0;;12;2;2019;21:00;5.0;988;98818;2;2.0;1.0;3.0;J. IEKAWE/A. OHLEN; -22,2483500;166,4637700;4;584;0.0;;2.0;2;0.0;1.0;0;0;1.0;;;1.0;5.0;1.0;50.0;;;
201900001126;138Â 304Â 484;A01;1.0;1;2.0;1.0;1995.0;9.0;2.0;8.0;;;0;;;1.0;32.0;5.0;6.0;3.0;9.0;6.0;;12;2;2019;23:20;5.0;976;97611;2;6.0;1.0;7.0;passamanty-VahibÃ© ( route ); -12,8007700;45,2056000;3;3;0.0;;2.0;2;0.0;1.0;0;0;3.0;;;1.0;9.0;1.0;40.0;Mayotte;06;Mayotte
201900001127;138Â 304Â 482;B01;1.0;1;1.0;2.0;1989.0;9.0;1.0;8.0;;;0;;;2.0;7.0;0.0;2.0;3.0;17.0;1.0;;12;2;2019;07:10;1.0;976;97611;2;9.0;2.0;2.0;tsoundzou-KOUALE ( rue de ); -12,8125500;45,2024700;2;2;0.0;;2.0;2;0.0;1.0;0;0;1.0;;;9.0;0.0;1.0;50.0;Mayotte;06;Mayotte
201900001127;138Â 304Â 483;A01;1.0;1;2.0;1.0;2002.0;9.0;2.0;8.0;;;0;;;2.0;30.0;5.0;2.0;3.0;9.0;1.0;;12;2;2019;07:10;1.0;976;97611;2;9.0;2.0;2.0;tsoundzou-KOUALE ( rue de ); -12,8125500;45,2024700;2;2;0.0;;2.0;2;0.0;1.0;0;0;1.0;;;9.0;0.0;1.0;50.0;Mayotte;06;Mayotte
201900001127;138Â 304Â 483;A01;2.0;2;2.0;1.0;2001.0;0.0;2.0;8.0;;;0;;;2.0;30.0;5.0;2.0;3.0;9.0;1.0;;12;2;2019;07:10;1.0;976;97611;2;9.0;2.0;2.0;tsoundzou-KOUALE ( rue de ); -12,8125500;45,2024700;2;2;0.0;;2.0;2;0.0;1.0;0;0;1.0;;;9.0;0.0;1.0;50.0;Mayotte;06;Mayotte
201900001128;138Â 304Â 480;B01;1.0;1;1.0;1.0;1982.0;1.0;1.0;0.0;;; -1;;;2.0;7.0;0.0;2.0;2.0;15.0;1.0;;13;2;2019;18:10;1.0;974;97416;2;1.0;1.0;1.0;BOISSY(CHEMIN); -21,3437800;55,5053900;4;BOISSY(CHEMIN);0.0;;2.0;2;0.0;2.0;0;0;1.0;;;1.0;0.0;1.0;50.0;La Réunion;04;La Réunion
201900001128;138Â 304Â 481;A01;1.0;1;2.0;1.0;1970.0;1.0;2.0;6.0;;; -1;;;1.0;31.0;0.0;2.0;1.0;1.0;1.0;;13;2;2019;18:10;1.0;974;97416;2;1.0;1.0;1.0;BOISSY(CHEMIN); -21,3437800;55,5053900;4;BOISSY(CHEMIN);0.0;;2.0;2;0.0;2.0;0;0;1.0;;;1.0;0.0;1.0;50.0;La Réunion;04;La Réunion
201900001129;138Â 304Â 479;A01;10.0;3;2.0;2.0;1990.0;0.0;8.0;0.0;;3.0;3;1.0;;1.0;7.0;0.0;1.0;1.0;1.0;1.0;;13;2;2019;13:30;1.0;974;97416;2;1.0;1.0;6.0;Avenue Laurent VergÃ¨s; -21,2981000;55,4578600;4;Rue Marius et Ary Leblond;0.0;;2.0;2;0.0;1.0;0;0;1.0;;;1.0;0.0;1.0;50.0;La Réunion;04;La Réunion
201900001129;138Â 304Â 479;A01;1.0;1;1.0;2.0;1990.0;0.0;1.0;0.0;;0.0;0;;;1.0;7.0;0.0;1.0;1.0;1.0;1.0;;13;2;2019;13:30;1.0;974;97416;2;1.0;1.0;6.0;Avenue Laurent VergÃ¨s; -21,2981000;55,4578600;4;Rue Marius et Ary Leblond;0.0;;2.0;2;0.0;1.0;0;0;1.0;;;1.0;0.0;1.0;50.0;La Réunion;04;La Réunion
201900001130;138Â 304Â 477;A01;1.0;1;3.0;1.0;1997.0;2.0;2.0;6.0;;; -1;;;3.0;31.0;0.0;2.0;2.0;17.0;1.0;;12;2;2019;08:05;1.0;974;97416;2;1.0;1.0;2.0;RN3 (2); -21,3103000;55,4970900;2;3;0.0;;1.0;2;0.0;2.0;58;0;1.0;;;1.0;3.0;1.0;90.0;La Réunion;04;La Réunion
201900001130;138Â 304Â 478;B01;1.0;1;1.0;1.0;1987.0;1.0;1.0;0.0;;; -1;;;3.0;7.0;0.0;2.0;6.0;11.0;1.0;;12;2;2019;08:05;1.0;974;97416;2;1.0;1.0;2.0;RN3 (2); -21,3103000;55,4970900;2;3;0.0;;1.0;2;0.0;2.0;58;0;1.0;;;1.0;3.0;1.0;90.0;La Réunion;04;La Réunion
201900001131;138Â 304Â 475;B01;1.0;1;1.0;1.0;1962.0;4.0;1.0;8.0;;; -1;;;3.0;10.0;0.0;2.0;4.0;2.0;1.0;;13;2;2019;14:00;1.0;974;97409;2;9.0;1.0;2.0;DE LA GARE(RUE); -20,9625800;55,6580400;4;DE LA GARE(RUE);0.0;;2.0;1;0.0;1.0;0;0;1.0;;;1.0;0.0;1.0;50.0;La Réunion;04;La Réunion
201900001131;138Â 304Â 476;A01;1.0;1;2.0;1.0;2001.0;0.0;8.0;0.0;;; -1;;;3.0;1.0;0.0;2.0;1.0;2.0;6.0;;13;2;2019;14:00;1.0;974;97409;2;9.0;1.0;2.0;DE LA GARE(RUE); -20,9625800;55,6580400;4;DE LA GARE(RUE);0.0;;2.0;1;0.0;1.0;0;0;1.0;;;1.0;0.0;1.0;50.0;La Réunion;04;La Réunion
201900001132;138Â 304Â 474;A01;10.0;3;2.0;2.0;2011.0;5.0;8.0;0.0;;2.0;3;1.0;;2.0;7.0;0.0;1.0;1.0;1.0;1.0;;12;2;2019;20:00;1.0;974;97409;1;1.0;1.0;6.0;Chemin StÃ©phane; -21,2759000;55,4880000;4;Avenue Ile de France;0.0;;2.0;2;0.0;1.0;0;0;1.0;;;2.0;0.0;1.0;50.0;La Réunion;04;La Réunion
201900001132;138Â 304Â 474;A01;1.0;1;1.0;1.0;1988.0;3.0;1.0;8.0;;0.0;0;;;2.0;7.0;0.0;1.0;1.0;1.0;1.0;;12;2;2019;20:00;1.0;974;97409;1;1.0;1.0;6.0;Chemin StÃ©phane; -21,2759000;55,4880000;4;Avenue Ile de France;0.0;;2.0;2;0.0;1.0;0;0;1.0;;;2.0;0.0;1.0;50.0;La Réunion;04;La Réunion
201900001133;138Â 304Â 473;A01;1.0;1;2.0;1.0;1988.0;5.0;2.0;0.0;;0.0;0;;;3.0;32.0;0.0;0.0;0.0;26.0;1.0;;9;2;2019;04:30;3.0;974;97409;2;1.0;1.0;7.0;Chemin AGENOR; -20,9490900;55,6855200;3;47;0.0;;2.0;2;0.0;1.0;0;0;1.0;;;1.0;9.0;1.0;50.0;La Réunion;04;La Réunion
201900001134;138Â 304Â 471;B01;3.0;2;2.0;2.0;1999.0;9.0;1.0;0.0;;;0;;;1.0;7.0;0.0;2.0;1.0;1.0;1.0;;13;2;2019;14:10;1.0;973;97302;2;3.0;1.0;3.0;UNIVERSITE CHICAGO (RUE DE);4,9371043; -52,2977436;3;1;0.0;;2.0;2;0.0;1.0;3;0;1.0;;;1.0;0.0;1.0;50.0;Guyane;03;Guyane
201900001134;138Â 304Â 471;B01;1.0;1;2.0;1.0;1998.0;9.0;1.0;0.0;;; -1;;;1.0;7.0;0.0;2.0;1.0;1.0;1.0;;13;2;2019;14:10;1.0;973;97302;2;3.0;1.0;3.0;UNIVERSITE CHICAGO (RUE DE);4,9371043; -52,2977436;3;1;0.0;;2.0;2;0.0;1.0;3;0;1.0;;;1.0;0.0;1.0;50.0;Guyane;03;Guyane
201900001134;138Â 304Â 471;B01;2.0;2;2.0;2.0;1998.0;9.0;1.0;0.0;;;0;;;1.0;7.0;0.0;2.0;1.0;1.0;1.0;;13;2;2019;14:10;1.0;973;97302;2;3.0;1.0;3.0;UNIVERSITE CHICAGO (RUE DE);4,9371043; -52,2977436;3;1;0.0;;2.0;2;0.0;1.0;3;0;1.0;;;1.0;0.0;1.0;50.0;Guyane;03;Guyane
201900001134;138Â 304Â 472;A01;1.0;1;1.0;2.0;1954.0;0.0;1.0;0.0;;; -1;;;0.0;7.0;0.0;2.0;7.0;1.0;1.0;;13;2;2019;14:10;1.0;973;97302;2;3.0;1.0;3.0;UNIVERSITE CHICAGO (RUE DE);4,9371043; -52,2977436;3;1;0.0;;2.0;2;0.0;1.0;3;0;1.0;;;1.0;0.0;1.0;50.0;Guyane;03;Guyane
201900001135;138Â 304Â 467;A01;1.0;1;1.0;1.0;1995.0;0.0;1.0;0.0;;; -1;;;1.0;7.0;0.0;6.0;2.0;14.0;0.0;;12;2;2019;17:05;1.0;973;97302;2;1.0;1.0;3.0;MONTABO (ROUTE DE) 1;4,9394559; -52,3010373;3;1;0.0;;2.0;2;1.0;1.0;2;570;1.0;;;1.0;0.0;1.0;50.0;Guyane;03;Guyane
201900001135;138Â 304Â 468;B01;1.0;1;2.0;1.0;2001.0;0.0;2.0;0.0;;; -1;;;1.0;2.0;0.0;2.0;8.0;0.0;0.0;;12;2;2019;17:05;1.0;973;97302;2;1.0;1.0;3.0;MONTABO (ROUTE DE) 1;4,9394559; -52,3010373;3;1;0.0;;2.0;2;1.0;1.0;2;570;1.0;;;1.0;0.0;1.0;50.0;Guyane;03;Guyane