Num_Acc;id_vehicule;num_veh;place;catu;grav;sexe;an_nais;trajet;secu1;secu2;secu3;locp;actp;etatp;id_usager;senc;catv;obs;obsm;choc;manv;motor;occutc;jour;mois;an;hrmn;lum;dep;com;agg;int;atm;col;adr;lat;long;catr;voie;v1;v2;circ;nbv;vosp;prof;pr;pr1;plan;lartpc;larrout;surf;infra;situ;vma;nom_departement;reg;nom_region
201900001135;138Â 304Â 468;B01;2.0;2;2.0;1.0;2002.0;0.0;2.0;;;; -1;;;1.0;2.0;0.0;2.0;8.0;0.0;0.0;;12;2;2019;17:05;1.0;973;97302;2;1.0;1.0;3.0;MONTABO (ROUTE DE) 1;4,9394559; -52,3010373;3;1;0.0;;2.0;2;1.0;1.0;2;570;1.0;;;1.0;0.0;1.0;50.0;Guyane;03;Guyane
201900001136;138Â 304Â 465;A01;2.0;2;1.0;2.0;1997.0;5.0;1.0;8.0;;;0;;;2.0;7.0;0.0;2.0;1.0;15.0;1.0;;12;2;2019;15:32;1.0;973;97302;2;9.0;1.0;3.0;MANDELA  (BOULEVARD);4,9380877; -52,3261643;3;17;0.0;;3.0;1;0.0;1.0;0;220;1.0;;;1.0;0.0;1.0;50.0;Guyane;03;Guyane
201900001136;138Â 304Â 465;A01;1.0;1;1.0;2.0;1998.0;5.0;1.0;8.0;;;0;;;2.0;7.0;0.0;2.0;1.0;15.0;1.0;;12;2;2019;15:32;1.0;973;97302;2;9.0;1.0;3.0;MANDELA  (BOULEVARD);4,9380877; -52,3261643;3;17;0.0;;3.0;1;0.0;1.0;0;220;1.0;;;1.0;0.0;1.0;50.0;Guyane;03;Guyane
201900001136;138Â 304Â 466;B01;1.0;1;3.0;1.0;1996.0;1.0;2.0;8.0;;;0;;;1.0;34.0;0.0;2.0;1.0;1.0;1.0;;12;2;2019;15:32;1.0;973;97302;2;9.0;1.0;3.0;MANDELA  (BOULEVARD);4,9380877; -52,3261643;3;17;0.0;;3.0;1;0.0;1.0;0;220;1.0;;;1.0;0.0;1.0;50.0;Guyane;03;Guyane
201900001137;138Â 304Â 463;B01;2.0;2;3.0;1.0;1999.0;9.0;1.0;0.0;;0.0;0;;;1.0;7.0;0.0;2.0;1.0;19.0;1.0;;13;2;2019;21:34;5.0;69;69386;2;2.0;1.0;3.0;BROTTEAUX (DES)                     (BD);45,7679200;4,8569200;7;BROTTEAUX (DES)                     (BD);0.0;;1.0;3;0.0;1.0;1;0;1.0;;;1.0;0.0;1.0;50.0;Rhône;84;Auvergne-Rhône-Alpes
201900001137;138Â 304Â 463;B01;1.0;1;3.0;1.0;1999.0;9.0;1.0;0.0;;0.0;0;;;1.0;7.0;0.0;2.0;1.0;19.0;1.0;;13;2;2019;21:34;5.0;69;69386;2;2.0;1.0;3.0;BROTTEAUX (DES)                     (BD);45,7679200;4,8569200;7;BROTTEAUX (DES)                     (BD);0.0;;1.0;3;0.0;1.0;1;0;1.0;;;1.0;0.0;1.0;50.0;Rhône;84;Auvergne-Rhône-Alpes
201900001137;138Â 304Â 464;A01;2.0;2;1.0;1.0;1992.0;9.0;1.0;0.0;;0.0;0;;;1.0;7.0;0.0;2.0;1.0;1.0;1.0;;13;2;2019;21:34;5.0;69;69386;2;2.0;1.0;3.0;BROTTEAUX (DES)                     (BD);45,7679200;4,8569200;7;BROTTEAUX (DES)                     (BD);0.0;;1.0;3;0.0;1.0;1;0;1.0;;;1.0;0.0;1.0;50.0;Rhône;84;Auvergne-Rhône-Alpes
201900001137;138Â 304Â 464;A01;1.0;1;1.0;1.0;1990.0;9.0;1.0;8.0;;0.0;0;;;1.0;7.0;0.0;2.0;1.0;1.0;1.0;;13;2;2019;21:34;5.0;69;69386;2;2.0;1.0;3.0;BROTTEAUX (DES)                     (BD);45,7679200;4,8569200;7;BROTTEAUX (DES)                     (BD);0.0;;1.0;3;0.0;1.0;1;0;1.0;;;1.0;0.0;1.0;50.0;Rhône;84;Auvergne-Rhône-Alpes
201900001138;138Â 304Â 461;B01;1.0;1;2.0;1.0;1983.0;0.0;8.0;0.0;;0.0;0;;;2.0;32.0;0.0;2.0;1.0;1.0;1.0;;12;2;2019;18:05;2.0;69;69388;2;2.0;1.0;6.0;PAUL SANTY                          (AV);45,7362600;4,8695600;4;JEAN XXIII                          (BD);0.0;;2.0;2;0.0;1.0;1;0;1.0;;;1.0;0.0;1.0;50.0;Rhône;84;Auvergne-Rhône-Alpes
201900001138;138Â 304Â 462;A01;2.0;2;2.0;1.0;1983.0;0.0;8.0;0.0;;0.0;0;;;1.0;7.0;0.0;2.0;8.0;15.0;1.0;;12;2;2019;18:05;2.0;69;69388;2;2.0;1.0;6.0;PAUL SANTY                          (AV);45,7362600;4,8695600;4;JEAN XXIII                          (BD);0.0;;2.0;2;0.0;1.0;1;0;1.0;;;1.0;0.0;1.0;50.0;Rhône;84;Auvergne-Rhône-Alpes
201900001138;138Â 304Â 462;A01;1.0;1;1.0;1.0;1964.0;0.0;8.0;0.0;;0.0;0;;;1.0;7.0;0.0;2.0;8.0;15.0;1.0;;12;2;2019;18:05;2.0;69;69388;2;2.0;1.0;6.0;PAUL SANTY                          (AV);45,7362600;4,8695600;4;JEAN XXIII                          (BD);0.0;;2.0;2;0.0;1.0;1;0;1.0;;;1.0;0.0;1.0;50.0;Rhône;84;Auvergne-Rhône-Alpes
201900001139;138Â 304Â 459;B01;1.0;1;1.0;1.0;1970.0;5.0;1.0;0.0;;;0;;;1.0;7.0;0.0;2.0;5.0;23.0;1.0;;13;2;2019;23:10;5.0;972;97209;2;1.0;1.0;6.0;FOLIE (ROUTE DE LA);14,6086700; -61,0639300;2;4;0.0;;1.0;1;0.0;2.0;0;600;1.0;;;1.0;0.0;1.0;50.0;Martinique;02;Martinique
201900001139;138Â 304Â 460;A01;1.0;1;1.0;1.0;1977.0;5.0;1.0;0.0;;;0;;;1.0;7.0;0.0;1.0;2.0;21.0;1.0;;13;2;2019;23:10;5.0;972;97209;2;1.0;1.0;6.0;FOLIE (ROUTE DE LA);14,6086700; -61,0639300;2;4;0.0;;1.0;1;0.0;2.0;0;600;1.0;;;1.0;0.0;1.0;50.0;Martinique;02;Martinique
201900001139;138Â 304Â 460;A01;10.0;3;2.0;1.0;1985.0;5.0;8.0;0.0;;1.0;3;1.0;;1.0;7.0;0.0;1.0;2.0;21.0;1.0;;13;2;2019;23:10;5.0;972;97209;2;1.0;1.0;6.0;FOLIE (ROUTE DE LA);14,6086700; -61,0639300;2;4;0.0;;1.0;1;0.0;2.0;0;600;1.0;;;1.0;0.0;1.0;50.0;Martinique;02;Martinique
201900001140;138Â 304Â 457;A01;1.0;1;2.0;1.0;1944.0;5.0;1.0;5.0;;0.0;0;;;2.0;7.0;1.0;0.0;2.0;26.0;1.0;;13;2;2019;14:15;1.0;69;69286;2;1.0;1.0;3.0;ROUTE DE GENEVE                     (RO);45,8065000;4,8885400;4;ROUTE DE GENEVE                     (RO);0.0;;2.0;1;0.0;1.0;0;0;1.0;;;1.0;0.0;1.0;50.0;Rhône;84;Auvergne-Rhône-Alpes
201900001141;138Â 304Â 455;B01;2.0;2;2.0;1.0;2010.0;0.0;2.0;8.0;;0.0;0;;;3.0;2.0;0.0;2.0;1.0;17.0;1.0;;12;2;2019;17:00;1.0;69;69149;2;1.0;1.0;3.0;JEAN JAURES                         (AV);45,7138900;4,8194600;3;315;0.0;;2.0;2;0.0;1.0;0;1;1.0;;;1.0;0.0;1.0;50.0;Rhône;84;Auvergne-Rhône-Alpes
201900001141;138Â 304Â 455;B01;1.0;1;1.0;1.0;1983.0;0.0;2.0;8.0;;0.0;0;;;3.0;2.0;0.0;2.0;1.0;17.0;1.0;;12;2;2019;17:00;1.0;69;69149;2;1.0;1.0;3.0;JEAN JAURES                         (AV);45,7138900;4,8194600;3;315;0.0;;2.0;2;0.0;1.0;0;1;1.0;;;1.0;0.0;1.0;50.0;Rhône;84;Auvergne-Rhône-Alpes
201900001141;138Â 304Â 456;A01;1.0;1;1.0;1.0;1963.0;0.0;8.0;8.0;;0.0;0;;;3.0;7.0;0.0;2.0;6.0;15.0;1.0;;12;2;2019;17:00;1.0;69;69149;2;1.0;1.0;3.0;JEAN JAURES                         (AV);45,7138900;4,8194600;3;315;0.0;;2.0;2;0.0;1.0;0;1;1.0;;;1.0;0.0;1.0;50.0;Rhône;84;Auvergne-Rhône-Alpes
201900001142;138Â 304Â 453;B01;1.0;1;2.0;1.0;1969.0;1.0;2.0;8.0;;0.0;0;;;2.0;1.0;0.0;2.0;1.0;1.0;0.0;;12;2;2019;08:45;1.0;69;69389;2;1.0;1.0;3.0;BOURBONNAIS (DU)                    (R );45,7742200;4,8029000;4;BOURBONNAIS (DU)                    (R );0.0;;2.0;2;1.0;1.0;0;0;1.0;;;1.0;0.0;1.0;50.0;Rhône;84;Auvergne-Rhône-Alpes
201900001142;138Â 304Â 454;A01;1.0;1;1.0;1.0;1986.0;1.0;1.0;0.0;;0.0;0;;;1.0;7.0;0.0;1.0;1.0;9.0;1.0;;12;2;2019;08:45;1.0;69;69389;2;1.0;1.0;3.0;BOURBONNAIS (DU)                    (R );45,7742200;4,8029000;4;BOURBONNAIS (DU)                    (R );0.0;;2.0;2;1.0;1.0;0;0;1.0;;;1.0;0.0;1.0;50.0;Rhône;84;Auvergne-Rhône-Alpes
201900001143;138Â 304Â 450;B01;1.0;1;2.0;1.0;1953.0;5.0;1.0;8.0;;; -1;;;3.0;7.0;0.0;2.0;4.0;2.0;1.0;;13;2;2019;18:32;5.0;2B;2B120;2;1.0;1.0;4.0;11 - RT;42,6604900;9,4421000;2;11 - RT;0.0;;3.0;2;0.0;1.0;0;0;1.0;;;1.0;0.0;1.0;80.0;Haute-Corse;94;Corse
201900001143;138Â 304Â 451;C01;2.0;2;1.0;1.0;1996.0;5.0;1.0;0.0;;; -1;;;3.0;7.0;0.0;2.0;4.0;2.0;1.0;;13;2;2019;18:32;5.0;2B;2B120;2;1.0;1.0;4.0;11 - RT;42,6604900;9,4421000;2;11 - RT;0.0;;3.0;2;0.0;1.0;0;0;1.0;;;1.0;0.0;1.0;80.0;Haute-Corse;94;Corse
201900001143;138Â 304Â 451;C01;1.0;1;2.0;1.0;1995.0;5.0;1.0;0.0;;; -1;;;3.0;7.0;0.0;2.0;4.0;2.0;1.0;;13;2;2019;18:32;5.0;2B;2B120;2;1.0;1.0;4.0;11 - RT;42,6604900;9,4421000;2;11 - RT;0.0;;3.0;2;0.0;1.0;0;0;1.0;;;1.0;0.0;1.0;80.0;Haute-Corse;94;Corse
201900001143;138Â 304Â 452;A01;1.0;1;2.0;1.0;1989.0;5.0;1.0;8.0;;; -1;;;3.0;7.0;0.0;2.0;1.0;2.0;1.0;;13;2;2019;18:32;5.0;2B;2B120;2;1.0;1.0;4.0;11 - RT;42,6604900;9,4421000;2;11 - RT;0.0;;3.0;2;0.0;1.0;0;0;1.0;;;1.0;0.0;1.0;80.0;Haute-Corse;94;Corse
201900001144;138Â 304Â 447;A01;1.0;1;2.0;2.0;1995.0;1.0;1.0;8.0;;;0;;;3.0;7.0;0.0;2.0;5.0;26.0;1.0;;12;2;2019;18:35;5.0;2B;2B037;2;1.0;1.0;4.0;TOUTES RUES;42,6337300;9,4381700;2;11 - RT;0.0;;3.0;2;0.0;1.0;0;0;1.0;;;1.0;0.0;1.0;80.0;Haute-Corse;94;Corse
201900001144;138Â 304Â 448;C01;4.0;2;1.0;2.0;2007.0;0.0;1.0;0.0;;;0;;;3.0;7.0;0.0;2.0;1.0;2.0;1.0;;12;2;2019;18:35;5.0;2B;2B037;2;1.0;1.0;4.0;TOUTES RUES;42,6337300;9,4381700;2;11 - RT;0.0;;3.0;2;0.0;1.0;0;0;1.0;;;1.0;0.0;1.0;80.0;Haute-Corse;94;Corse
201900001144;138Â 304Â 448;C01;3.0;2;1.0;2.0;1984.0;0.0;1.0;0.0;;;0;;;3.0;7.0;0.0;2.0;1.0;2.0;1.0;;12;2;2019;18:35;5.0;2B;2B037;2;1.0;1.0;4.0;TOUTES RUES;42,6337300;9,4381700;2;11 - RT;0.0;;3.0;2;0.0;1.0;0;0;1.0;;;1.0;0.0;1.0;80.0;Haute-Corse;94;Corse
201900001144;138Â 304Â 448;C01;1.0;1;1.0;1.0;1972.0;5.0;1.0;8.0;;;0;;;3.0;7.0;0.0;2.0;1.0;2.0;1.0;;12;2;2019;18:35;5.0;2B;2B037;2;1.0;1.0;4.0;TOUTES RUES;42,6337300;9,4381700;2;11 - RT;0.0;;3.0;2;0.0;1.0;0;0;1.0;;;1.0;0.0;1.0;80.0;Haute-Corse;94;Corse
201900001144;138Â 304Â 448;C01;8.0;2;1.0;1.0;2017.0;0.0;1.0;0.0;;;0;;;3.0;7.0;0.0;2.0;1.0;2.0;1.0;;12;2;2019;18:35;5.0;2B;2B037;2;1.0;1.0;4.0;TOUTES RUES;42,6337300;9,4381700;2;11 - RT;0.0;;3.0;2;0.0;1.0;0;0;1.0;;;1.0;0.0;1.0;80.0;Haute-Corse;94;Corse
201900001144;138Â 304Â 449;B01;1.0;1;2.0;2.0;1969.0;5.0;1.0;8.0;;;0;;;3.0;7.0;0.0;2.0;4.0;2.0;1.0;;12;2;2019;18:35;5.0;2B;2B037;2;1.0;1.0;4.0;TOUTES RUES;42,6337300;9,4381700;2;11 - RT;0.0;;3.0;2;0.0;1.0;0;0;1.0;;;1.0;0.0;1.0;80.0;Haute-Corse;94;Corse
201900001145;138Â 304Â 444;C01;1.0;1;2.0;1.0;1997.0;0.0;2.0;0.0;;;0;;;2.0;33.0;0.0;2.0;0.0;26.0;1.0;;8;2;2019;12:24;1.0;2A;2A004;2;1.0;1.0;5.0;NICOLI JEAN COURS;41,9331529;8,7427706;2;21;0.0;;2.0;4;0.0;1.0;2;20;1.0;;;1.0;0.0;1.0;50.0;Corse-du-Sud;94;Corse
201900001145;138Â 304Â 445;B01;1.0;1;2.0;1.0;1993.0;0.0;2.0;0.0;;;0;;;2.0;33.0;0.0;2.0;7.0;1.0;1.0;;8;2;2019;12:24;1.0;2A;2A004;2;1.0;1.0;5.0;NICOLI JEAN COURS;41,9331529;8,7427706;2;21;0.0;;2.0;4;0.0;1.0;2;20;1.0;;;1.0;0.0;1.0;50.0;Corse-du-Sud;94;Corse
201900001145;138Â 304Â 446;A01;1.0;1;1.0;2.0;1964.0;0.0;1.0;0.0;;;0;;;2.0;7.0;0.0;2.0;6.0;23.0;1.0;;8;2;2019;12:24;1.0;2A;2A004;2;1.0;1.0;5.0;NICOLI JEAN COURS;41,9331529;8,7427706;2;21;0.0;;2.0;4;0.0;1.0;2;20;1.0;;;1.0;0.0;1.0;50.0;Corse-du-Sud;94;Corse
201900001146;138Â 304Â 440;B01;1.0;1;2.0;1.0;1950.0;2.0;1.0;0.0;;0.0;0;;;3.0;10.0;0.0;2.0;7.0;9.0;1.0;;12;2;2019;08:05;1.0;91;91589;2;6.0;1.0;3.0;ALLEMANE (RUE JEAN);48,6903000;2,3393890;4;ALLEMANE (RUE JEAN);0.0;;2.0;2;0.0;1.0;0;0;1.0;;;1.0;5.0;1.0;30.0;Essonne;11;Île-de-France
201900001146;138Â 304Â 441;A01;1.0;1;1.0;2.0;1973.0;1.0;1.0;0.0;;0.0;0;;;3.0;10.0;0.0;2.0;1.0;9.0;1.0;;12;2;2019;08:05;1.0;91;91589;2;6.0;1.0;3.0;ALLEMANE (RUE JEAN);48,6903000;2,3393890;4;ALLEMANE (RUE JEAN);0.0;;2.0;2;0.0;1.0;0;0;1.0;;;1.0;5.0;1.0;30.0;Essonne;11;Île-de-France
201900001147;138Â 304Â 438;Y01;10.0;3;3.0;2.0;1975.0;0.0;0.0;0.0;0.0;9.0;3;2.0;;3.0;0.0;0.0;2.0;0.0;0.0;0.0;;12;2;2019;13:35;1.0;91;91377;2;1.0;1.0;6.0;DIVISION LECLERC (RUE DE LA);48,7303130;2,2727940;4;DIVISION LECLERC (RUE DE LA);0.0;;1.0;2;0.0;1.0;1;0;1.0;;;1.0;0.0;1.0;50.0;Essonne;11;Île-de-France
201900001147;138Â 304Â 439;A01;1.0;1;2.0;1.0;2000.0;0.0;2.0;6.0;;0.0;0;;;3.0;30.0;0.0;1.0;7.0;0.0;1.0;;12;2;2019;13:35;1.0;91;91377;2;1.0;1.0;6.0;DIVISION LECLERC (RUE DE LA);48,7303130;2,2727940;4;DIVISION LECLERC (RUE DE LA);0.0;;1.0;2;0.0;1.0;1;0;1.0;;;1.0;0.0;1.0;50.0;Essonne;11;Île-de-France
201900001148;138Â 304Â 437;A01;1.0;1;1.0;1.0;1998.0;0.0;1.0;0.0;;; -1;;;3.0;7.0;3.0;0.0;1.0;1.0;1.0;;13;2;2019;19:20;3.0;91;91687;2;1.0;1.0;6.0;MARMONT (AVENUE);48,6632500;2,3750500;3;445;0.0;;;4;0.0;1.0;1;0;1.0;;;1.0;1.0;1.0;50.0;Essonne;11;Île-de-France
201900001148;138Â 304Â 437;A01;10.0;3;3.0;1.0;1970.0;0.0;8.0;0.0;;1.0;3;1.0;;3.0;7.0;3.0;0.0;1.0;1.0;1.0;;13;2;2019;19:20;3.0;91;91687;2;1.0;1.0;6.0;MARMONT (AVENUE);48,6632500;2,3750500;3;445;0.0;;;4;0.0;1.0;1;0;1.0;;;1.0;1.0;1.0;50.0;Essonne;11;Île-de-France
201900001149;138Â 304Â 434;A01;1.0;1;1.0;1.0;1983.0;0.0;1.0;0.0;;0.0;0;;;0.0;7.0;0.0;1.0;1.0;1.0;1.0;;11;2;2019;16:45;1.0;91;91223;2;1.0;1.0;6.0;HAUT PAVE (RUE DU);48,4300700;2,1481900;4;HAUT PAVE (RUE DU);0.0;;2.0;2;0.0;1.0;0;0;1.0;;;1.0;0.0;1.0;50.0;Essonne;11;Île-de-France
201900001149;138Â 304Â 434;A01;10.0;3;2.0;1.0;1949.0;0.0;8.0;0.0;;1.0;3;1.0;;0.0;7.0;0.0;1.0;1.0;1.0;1.0;;11;2;2019;16:45;1.0;91;91223;2;1.0;1.0;6.0;HAUT PAVE (RUE DU);48,4300700;2,1481900;4;HAUT PAVE (RUE DU);0.0;;2.0;2;0.0;1.0;0;0;1.0;;;1.0;0.0;1.0;50.0;Essonne;11;Île-de-France
201900001150;138Â 304Â 433;A01;10.0;3;2.0;2.0;1950.0;0.0;0.0;0.0;0.0;1.0;3;1.0;;3.0;10.0;0.0;1.0;2.0;1.0;1.0;;12;2;2019;22:30;5.0;91;91174;2;1.0;1.0;6.0;FONTAINEBLEAU (BD);48,5965820;2,4742800;4;FONTAINEBLEAU (BD);0.0;;;0;0.0;2.0;0;0;1.0;;;2.0;0.0;1.0;50.0;Essonne;11;Île-de-France
201900001150;138Â 304Â 433;A01;1.0;1;1.0;1.0;1977.0;0.0;1.0;8.0;;0.0;0;;;3.0;10.0;0.0;1.0;2.0;1.0;1.0;;12;2;2019;22:30;5.0;91;91174;2;1.0;1.0;6.0;FONTAINEBLEAU (BD);48,5965820;2,4742800;4;FONTAINEBLEAU (BD);0.0;;;0;0.0;2.0;0;0;1.0;;;2.0;0.0;1.0;50.0;Essonne;11;Île-de-France
201900001151;138Â 304Â 431;B01;1.0;1;2.0;1.0;1979.0;1.0;2.0;0.0;;0.0;0;;;1.0;33.0;0.0;2.0;7.0;3.0;1.0;;12;2;2019;07:55;1.0;91;91552;1;1.0;1.0;3.0;RN 20;48,6011900;2,2470600;2;20;0.0;;3.0;4;0.0;1.0;0;0;1.0;;;1.0;0.0;1.0;70.0;Essonne;11;Île-de-France
201900001151;138Â 304Â 432;A01;1.0;1;1.0;2.0;1998.0;1.0;1.0;0.0;;0.0;0;;;1.0;7.0;0.0;2.0;6.0;21.0;1.0;;12;2;2019;07:55;1.0;91;91552;1;1.0;1.0;3.0;RN 20;48,6011900;2,2470600;2;20;0.0;;3.0;4;0.0;1.0;0;0;1.0;;;1.0;0.0;1.0;70.0;Essonne;11;Île-de-France
201900001152;138Â 304Â 429;B01;1.0;1;3.0;1.0;1992.0;0.0;2.0;0.0;;0.0;0;;;3.0;2.0;0.0;2.0;1.0;9.0;0.0;;11;2;2019;16:50;1.0;91;91347;2;3.0;1.0;3.0;MONTLHERY (ROUTE DE);48,6340000;2,2880000;4;MONTLHERY (ROUTE DE);0.0;;;0;0.0;1.0;0;0;1.0;;;1.0;0.0;1.0;50.0;Essonne;11;Île-de-France
201900001152;138Â 304Â 430;A01;1.0;1;1.0;2.0;1974.0;0.0;1.0;0.0;;0.0;0;;;3.0;7.0;0.0;2.0;3.0;9.0;0.0;;11;2;2019;16:50;1.0;91;91347;2;3.0;1.0;3.0;MONTLHERY (ROUTE DE);48,6340000;2,2880000;4;MONTLHERY (ROUTE DE);0.0;;;0;0.0;1.0;0;0;1.0;;;1.0;0.0;1.0;50.0;Essonne;11;Île-de-France
201900001153;138Â 304Â 427;A01;1.0;1;1.0;2.0;1999.0;0.0;1.0;0.0;;;0;;;3.0;7.0;0.0;2.0;1.0;9.0;1.0;;13;2;2019;07:36;1.0;86;86194;2;2.0;1.0;3.0;JOHN KENNEDY (AVENUE);46,5846704;0,3665189;3;162;0.0;;2.0;2;0.0;1.0;2;357;1.0;;;1.0;0.0;1.0;50.0;Vienne;75;Nouvelle-Aquitaine
201900001153;138Â 304Â 428;B01;2.0;2;2.0;1.0;2003.0;2.0;1.0;0.0;;;0;;;3.0;7.0;0.0;2.0;7.0;9.0;1.0;;13;2;2019;07:36;1.0;86;86194;2;2.0;1.0;3.0;JOHN KENNEDY (AVENUE);46,5846704;0,3665189;3;162;0.0;;2.0;2;0.0;1.0;2;357;1.0;;;1.0;0.0;1.0;50.0;Vienne;75;Nouvelle-Aquitaine
201900001153;138Â 304Â 428;B01;1.0;1;2.0;2.0;1974.0;1.0;1.0;0.0;;;0;;;3.0;7.0;0.0;2.0;7.0;9.0;1.0;;13;2;2019;07:36;1.0;86;86194;2;2.0;1.0;3.0;JOHN KENNEDY (AVENUE);46,5846704;0,3665189;3;162;0.0;;2.0;2;0.0;1.0;2;357;1.0;;;1.0;0.0;1.0;50.0;Vienne;75;Nouvelle-Aquitaine
201900001154;138Â 304Â 425;A01;1.0;1;2.0;1.0;1954.0;5.0;1.0;0.0;;; -1;;;3.0;7.0;0.0;2.0;4.0;15.0;1.0;;7;2;2019;19:43;2.0;84;84035;1;2.0;1.0;2.0;ISLE/SORGUE-RD 938 (ROUTE DE L');43,8638100;5,0431600;3;938;0.0;;2.0;2;0.0;1.0;1;0;1.0;;;1.0;5.0;1.0;80.0;Vaucluse;93;Provence-Alpes-Côte d'Azur
201900001154;138Â 304Â 426;B01;1.0;1;1.0;1.0;1992.0;5.0;1.0;0.0;;; -1;;;1.0;7.0;0.0;2.0;1.0;1.0;1.0;;7;2;2019;19:43;2.0;84;84035;1;2.0;1.0;2.0;ISLE/SORGUE-RD 938 (ROUTE DE L');43,8638100;5,0431600;3;938;0.0;;2.0;2;0.0;1.0;1;0;1.0;;;1.0;5.0;1.0;80.0;Vaucluse;93;Provence-Alpes-Côte d'Azur
201900001155;138Â 304Â 423;B01;1.0;1;3.0;1.0;1961.0;9.0;2.0;0.0;;; -1;;;2.0;2.0;0.0;2.0;1.0;1.0;1.0;;12;2;2019;18:10;5.0;84;84007;2;3.0;1.0;3.0;PIERRE SEMARD (avenue);43,9431400;4,8157800;4;PIERRE SEMARD (avenue);0.0;;2.0;2;0.0;1.0;0;0;1.0;;;1.0;2.0;1.0;50.0;Vaucluse;93;Provence-Alpes-Côte d'Azur
201900001155;138Â 304Â 424;A01;1.0;1;1.0;1.0;1968.0;1.0;1.0;0.0;;; -1;;;3.0;7.0;0.0;2.0;8.0;15.0;1.0;;12;2;2019;18:10;5.0;84;84007;2;3.0;1.0;3.0;PIERRE SEMARD (avenue);43,9431400;4,8157800;4;PIERRE SEMARD (avenue);0.0;;2.0;2;0.0;1.0;0;0;1.0;;;1.0;2.0;1.0;50.0;Vaucluse;93;Provence-Alpes-Côte d'Azur
201900001156;138Â 304Â 421;A01;1.0;1;3.0;1.0;1943.0;5.0;8.0;0.0;;0.0;0;;;2.0;1.0;0.0;2.0;1.0;19.0;5.0;;12;2;2019;16:40;1.0;83;83069;1;9.0;1.0;3.0;SALINS ( ROUTE DES VIEUX);43,1244700;6,1887500;4;SALINS ( ROUTE DES VIEUX);0.0;;3.0;2;2.0;2.0;0;0;1.0;;;1.0;0.0;1.0;50.0;Var;93;Provence-Alpes-Côte d'Azur
201900001156;138Â 304Â 422;B01;1.0;1;1.0;1.0;1964.0;5.0;2.0;8.0;;0.0;0;;;3.0;33.0;0.0;6.0;1.0;1.0;1.0;;12;2;2019;16:40;1.0;83;83069;1;9.0;1.0;3.0;SALINS ( ROUTE DES VIEUX);43,1244700;6,1887500;4;SALINS ( ROUTE DES VIEUX);0.0;;3.0;2;2.0;2.0;0;0;1.0;;;1.0;0.0;1.0;50.0;Var;93;Provence-Alpes-Côte d'Azur
201900001157;138Â 304Â 411;A01;10.0;3;2.0;2.0;2009.0;5.0;8.0;0.0;;3.0;5;1.0;;1.0;7.0;0.0;1.0;2.0;26.0;0.0;;12;2;2019;18:10;5.0;77;77337;2;1.0;1.0;6.0;ROCHES (COURS DES);48,8447018;2,6153625;4;ROCHES (COURS DES);0.0;;3.0;2;0.0;1.0;0;0;1.0;;;1.0;6.0;1.0;50.0;Seine-et-Marne;11;Île-de-France
201900001157;138Â 304Â 411;A01;1.0;1;1.0;1.0;1983.0;4.0;1.0;0.0;;0.0;0;;;1.0;7.0;0.0;1.0;2.0;26.0;0.0;;12;2;2019;18:10;5.0;77;77337;2;1.0;1.0;6.0;ROCHES (COURS DES);48,8447018;2,6153625;4;ROCHES (COURS DES);0.0;;3.0;2;0.0;1.0;0;0;1.0;;;1.0;6.0;1.0;50.0;Seine-et-Marne;11;Île-de-France
201900001158;138Â 304Â 409;B01;1.0;1;2.0;1.0;1998.0;1.0;1.0;5.0;;0.0;0;;;1.0;7.0;1.0;0.0;1.0;2.0;0.0;;13;2;2019;21:45;5.0;77;77445;2;1.0;1.0;2.0;BOIS DES SAINT PERES ( RUE DU);48,5795600;2,5963100;4;BOIS DES SAINT PERES ( RUE DU);0.0;;2.0;2;0.0;1.0;0;0;1.0;;;1.0;0.0;1.0;50.0;Seine-et-Marne;11;Île-de-France
201900001158;138Â 304Â 410;A01;1.0;1;1.0;1.0;1978.0;4.0;8.0;0.0;;0.0;0;;;1.0;15.0;1.0;2.0;6.0;24.0;0.0;;13;2;2019;21:45;5.0;77;77445;2;1.0;1.0;2.0;BOIS DES SAINT PERES ( RUE DU);48,5795600;2,5963100;4;BOIS DES SAINT PERES ( RUE DU);0.0;;2.0;2;0.0;1.0;0;0;1.0;;;1.0;0.0;1.0;50.0;Seine-et-Marne;11;Île-de-France
201900001159;138Â 304Â 408;A01;1.0;1;2.0;2.0;1990.0;1.0;1.0;0.0;;;0;;;1.0;7.0;16.0;0.0;2.0;9.0;1.0;;13;2;2019;02:21;3.0;77;77335;1;6.0;5.0;6.0;N3 X N330 DÃ©nivelÃ©e;48,9565200;2,8577200;2;3;0.0;;3.0;4;0.0;1.0;19;467;1.0;;;9.0;5.0;1.0;80.0;Seine-et-Marne;11;Île-de-France
201900001160;138Â 304Â 406;B01;1.0;1;2.0;1.0;1957.0;3.0;2.0;8.0;;;0;;;2.0;32.0;0.0;2.0;2.0;1.0;1.0;;11;2;2019;16:45;1.0;76;76351;2;3.0;1.0;3.0;ARISTIDE BRIAND;49,5001700;0,1335300;3;982;0.0;;2.0;2;0.0;1.0;70;7000;1.0;;;1.0;0.0;1.0;50.0;Seine-Maritime;28;Normandie