Num_Acc;id_vehicule;num_veh;place;catu;grav;sexe;an_nais;trajet;secu1;secu2;secu3;locp;actp;etatp;id_usager;senc;catv;obs;obsm;choc;manv;motor;occutc;jour;mois;an;hrmn;lum;dep;com;agg;int;atm;col;adr;lat;long;catr;voie;v1;v2;circ;nbv;vosp;prof;pr;pr1;plan;lartpc;larrout;surf;infra;situ;vma;nom_departement;reg;nom_region
201900001160;138Â 304Â 407;A01;1.0;1;1.0;1.0;1984.0;5.0;1.0;8.0;;;0;;;1.0;7.0;0.0;2.0;1.0;15.0;1.0;;11;2;2019;16:45;1.0;76;76351;2;3.0;1.0;3.0;ARISTIDE BRIAND;49,5001700;0,1335300;3;982;0.0;;2.0;2;0.0;1.0;70;7000;1.0;;;1.0;0.0;1.0;50.0;Seine-Maritime;28;Normandie
201900001161;138Â 304Â 403;A01;1.0;1;1.0;1.0;1970.0;0.0;8.0;0.0;;0.0;0;;;3.0;7.0;15.0;2.0;1.0;1.0;1.0;;13;2;2019;18:30;3.0;74;74281;2;1.0;1.0;1.0;PELERINS (ALLEE DES);46,3594400;6,4604200;4;PELERINS (ALLEE DES);0.0;;2.0;1;0.0;1.0;0;0;4.0;;;1.0;0.0;1.0;50.0;Haute-Savoie;84;Auvergne-Rhône-Alpes
201900001161;138Â 304Â 404;B01;1.0;1;2.0;1.0;2002.0;5.0;2.0;6.0;;0.0;0;;;3.0;30.0;0.0;2.0;1.0;1.0;1.0;;13;2;2019;18:30;3.0;74;74281;2;1.0;1.0;1.0;PELERINS (ALLEE DES);46,3594400;6,4604200;4;PELERINS (ALLEE DES);0.0;;2.0;1;0.0;1.0;0;0;4.0;;;1.0;0.0;1.0;50.0;Haute-Savoie;84;Auvergne-Rhône-Alpes
201900001162;138Â 304Â 399;A01;1.0;1;1.0;2.0;1942.0;3.0;1.0;0.0;;0.0;0;;;1.0;7.0;0.0;2.0;3.0;9.0;0.0;;12;2;2019;12:05;1.0;74;74012;2;6.0;1.0;3.0;LECLERC (AVENUE DU MARECHAL);46,1896300;6,2492400;4;LECLERC (AVENUE DU MARECHAL);0.0;;2.0;2;0.0;1.0;0;1;4.0;;;1.0;0.0;1.0;50.0;Haute-Savoie;84;Auvergne-Rhône-Alpes
201900001162;138Â 304Â 400;B01;1.0;1;2.0;1.0;1953.0;5.0;2.0;0.0;;0.0;0;;;1.0;34.0;0.0;2.0;4.0;1.0;0.0;;12;2;2019;12:05;1.0;74;74012;2;6.0;1.0;3.0;LECLERC (AVENUE DU MARECHAL);46,1896300;6,2492400;4;LECLERC (AVENUE DU MARECHAL);0.0;;2.0;2;0.0;1.0;0;1;4.0;;;1.0;0.0;1.0;50.0;Haute-Savoie;84;Auvergne-Rhône-Alpes
201900001163;138Â 304Â 397;A01;1.0;1;1.0;1.0;1963.0;0.0;1.0;0.0;;0.0;0;;;3.0;7.0;0.0;2.0;1.0;15.0;1.0;;13;2;2019;17:45;1.0;69;69290;2;2.0;1.0;3.0;LORTARET (DE)   -  D 148             (CH;45,7134200;4,9566500;3;148;0.0;;4.0;2;0.0;1.0;0;0;1.0;;;1.0;0.0;1.0;70.0;Rhône;84;Auvergne-Rhône-Alpes
201900001163;138Â 304Â 398;B01;1.0;1;3.0;2.0;1984.0;0.0;2.0;0.0;;0.0;0;;;3.0;33.0;0.0;2.0;1.0;1.0;1.0;;13;2;2019;17:45;1.0;69;69290;2;2.0;1.0;3.0;LORTARET (DE)   -  D 148             (CH;45,7134200;4,9566500;3;148;0.0;;4.0;2;0.0;1.0;0;0;1.0;;;1.0;0.0;1.0;70.0;Rhône;84;Auvergne-Rhône-Alpes
201900001164;138Â 304Â 396;Z01;10.0;3;3.0;2.0;1947.0;5.0;8.0;0.0;;8.0;1;3.0;;1.0;1.0;0.0;1.0;1.0;2.0;5.0;;11;2;2019;14:45;1.0;67;67482;2;1.0;1.0;6.0;HALLEBARDES (RUE DES);48,5827300;7,7509700;4;HALLEBARDES (RUE DES);0.0;;;1;3.0;2.0;0;0;1.0;;;1.0;9.0;1.0;5.0;Bas-Rhin;44;Grand Est
201900001165;138Â 304Â 395;A01;1.0;1;1.0;1.0;2000.0;0.0;1.0;8.0;;;0;;;1.0;7.0;0.0;1.0;7.0;1.0;1.0;;9;2;2019;19:10;5.0;67;67482;2;1.0;1.0;6.0;GARE (PLACE DE LA);48,5854500;7,7359500;4;GARE (PLACE DE LA);0.0;;2.0;2;0.0;1.0;0;0;3.0;;;1.0;0.0;1.0;50.0;Bas-Rhin;44;Grand Est
201900001165;138Â 304Â 395;A01;10.0;3;2.0;1.0;2015.0;0.0;8.0;0.0;;4.0;5;1.0;;1.0;7.0;0.0;1.0;7.0;1.0;1.0;;9;2;2019;19:10;5.0;67;67482;2;1.0;1.0;6.0;GARE (PLACE DE LA);48,5854500;7,7359500;4;GARE (PLACE DE LA);0.0;;2.0;2;0.0;1.0;0;0;3.0;;;1.0;0.0;1.0;50.0;Bas-Rhin;44;Grand Est
201900001166;138Â 304Â 393;A01;1.0;1;1.0;2.0;1983.0;0.0;1.0;8.0;;;0;;;1.0;7.0;0.0;2.0;1.0;15.0;1.0;;8;2;2019;13:45;1.0;67;67482;2;3.0;1.0;3.0;SCHIRMECK (ROUTE DE);48,5661800;7,7080000;4;SCHIRMECK (ROUTE DE);0.0;;2.0;3;1.0;1.0;0;0;1.0;;;1.0;0.0;1.0;50.0;Bas-Rhin;44;Grand Est
201900001166;138Â 304Â 394;B01;1.0;1;2.0;1.0;1976.0;1.0;8.0;0.0;;;0;;;1.0;1.0;0.0;2.0;8.0;1.0;5.0;;8;2;2019;13:45;1.0;67;67482;2;3.0;1.0;3.0;SCHIRMECK (ROUTE DE);48,5661800;7,7080000;4;SCHIRMECK (ROUTE DE);0.0;;2.0;3;1.0;1.0;0;0;1.0;;;1.0;0.0;1.0;50.0;Bas-Rhin;44;Grand Est
201900001167;138Â 304Â 391;A01;1.0;1;1.0;1.0;1981.0;4.0;1.0;8.0;;;0;;;0.0;7.0;0.0;2.0;3.0;9.0;1.0;;13;2;2019;08:00;1.0;66;66136;2;3.0;1.0;3.0;PANCHOT (AVENUE JULIEN);42,6866000;2,8695000;4;PANCHOT (AVENUE JULIEN);0.0;;2.0;2;0.0;1.0;0;0;1.0;;;1.0;0.0;1.0;30.0;Pyrénées-Orientales;76;Occitanie
201900001167;138Â 304Â 392;B01;1.0;1;2.0;1.0;1965.0;5.0;2.0;7.0;;;0;;;0.0;33.0;0.0;2.0;1.0;1.0;1.0;;13;2;2019;08:00;1.0;66;66136;2;3.0;1.0;3.0;PANCHOT (AVENUE JULIEN);42,6866000;2,8695000;4;PANCHOT (AVENUE JULIEN);0.0;;2.0;2;0.0;1.0;0;0;1.0;;;1.0;0.0;1.0;30.0;Pyrénées-Orientales;76;Occitanie
201900001168;138Â 304Â 389;B01;1.0;1;2.0;1.0;1976.0;5.0;1.0;8.0;;0.0;0;;;1.0;7.0;0.0;2.0;6.0;2.0;1.0;;11;2;2019;10:50;1.0;66;66136;2;1.0;1.0;2.0;PANCHOT (AVENUE JULIEN);42,6864000;2,8691000;4;PANCHOT (AVENUE JULIEN);0.0;;2.0;1;0.0;1.0;0;0;1.0;;;1.0;0.0;1.0;50.0;Pyrénées-Orientales;76;Occitanie
201900001168;138Â 304Â 390;A01;1.0;1;1.0;1.0;1971.0;4.0;1.0;8.0;;0.0;0;;;1.0;14.0;0.0;2.0;2.0;2.0;1.0;;11;2;2019;10:50;1.0;66;66136;2;1.0;1.0;2.0;PANCHOT (AVENUE JULIEN);42,6864000;2,8691000;4;PANCHOT (AVENUE JULIEN);0.0;;2.0;1;0.0;1.0;0;0;1.0;;;1.0;0.0;1.0;50.0;Pyrénées-Orientales;76;Occitanie
201900001169;138Â 304Â 387;B01;1.0;1;2.0;2.0;1947.0;5.0;1.0;0.0;;0.0;0;;;0.0;7.0;0.0;0.0;3.0;1.0;1.0;;11;2;2019;13:20;1.0;66;66136;2;2.0;1.0;3.0;CERBERE (DE);42,6838225;2,9091602;4;CERBERE (DE);0.0;;1.0;1;0.0;1.0;0;0;1.0;;;1.0;0.0;1.0;30.0;Pyrénées-Orientales;76;Occitanie
201900001169;138Â 304Â 388;A01;1.0;1;2.0;1.0;1982.0;5.0;1.0;8.0;;0.0;0;;;0.0;7.0;0.0;2.0;2.0;1.0;1.0;;11;2;2019;13:20;1.0;66;66136;2;2.0;1.0;3.0;CERBERE (DE);42,6838225;2,9091602;4;CERBERE (DE);0.0;;1.0;1;0.0;1.0;0;0;1.0;;;1.0;0.0;1.0;30.0;Pyrénées-Orientales;76;Occitanie
201900001170;138Â 304Â 385;A01;1.0;1;2.0;2.0;1985.0;1.0;2.0;0.0;;0.0;0;;;2.0;2.0;0.0;2.0;1.0;1.0;1.0;;12;2;2019;18:55;5.0;64;64129;2;1.0;1.0;2.0;pont d'Espagne;43,2944600; -0,3871000;4;ESPAGNE D';0.0;;2.0;2;0.0;1.0;0;0;1.0;;;1.0;0.0;1.0;50.0;Pyrénées-Atlantiques;75;Nouvelle-Aquitaine
201900001170;138Â 304Â 386;B01;1.0;1;1.0;1.0;1997.0;5.0;1.0;0.0;;0.0;0;;;2.0;7.0;0.0;2.0;4.0;23.0;1.0;;12;2;2019;18:55;5.0;64;64129;2;1.0;1.0;2.0;pont d'Espagne;43,2944600; -0,3871000;4;ESPAGNE D';0.0;;2.0;2;0.0;1.0;0;0;1.0;;;1.0;0.0;1.0;50.0;Pyrénées-Atlantiques;75;Nouvelle-Aquitaine
201900001171;138Â 304Â 384;A01;10.0;3;2.0;2.0;1966.0;4.0;8.0;0.0;;3.0;3;1.0;;2.0;7.0;0.0;1.0;1.0;15.0;1.0;;12;2;2019;17:40;1.0;64;64445;2;1.0;1.0;6.0;PIERRE MASSE;43,3159900; -0,3567300;4;PIERRE MASSE;0.0;;2.0;2;0.0;1.0;0;0;1.0;;;1.0;0.0;1.0;30.0;Pyrénées-Atlantiques;75;Nouvelle-Aquitaine
201900001171;138Â 304Â 384;A01;1.0;1;1.0;2.0;2000.0;2.0;1.0;0.0;;0.0;0;;;2.0;7.0;0.0;1.0;1.0;15.0;1.0;;12;2;2019;17:40;1.0;64;64445;2;1.0;1.0;6.0;PIERRE MASSE;43,3159900; -0,3567300;4;PIERRE MASSE;0.0;;2.0;2;0.0;1.0;0;0;1.0;;;1.0;0.0;1.0;30.0;Pyrénées-Atlantiques;75;Nouvelle-Aquitaine
201900001172;138Â 304Â 382;A01;1.0;1;1.0;2.0;1992.0;9.0;1.0;8.0;;;0;;;2.0;7.0;0.0;2.0;1.0;1.0;1.0;;12;2;2019;11:10;1.0;64;64335;2;1.0;1.0;2.0;EUROPE DE L';43,3393948; -0,4647568;2;817;0.0;;2.0;2;0.0;1.0;38;636;1.0;;;1.0;0.0;1.0;50.0;Pyrénées-Atlantiques;75;Nouvelle-Aquitaine
201900001172;138Â 304Â 383;B01;1.0;1;2.0;2.0;1973.0;9.0;1.0;0.0;;;0;;;2.0;7.0;0.0;2.0;4.0;1.0;1.0;;12;2;2019;11:10;1.0;64;64335;2;1.0;1.0;2.0;EUROPE DE L';43,3393948; -0,4647568;2;817;0.0;;2.0;2;0.0;1.0;38;636;1.0;;;1.0;0.0;1.0;50.0;Pyrénées-Atlantiques;75;Nouvelle-Aquitaine
201900001173;138Â 304Â 381;A01;10.0;3;3.0;2.0;1965.0;5.0;8.0;0.0;;3.0;3;1.0;;1.0;10.0;0.0;1.0;1.0;1.0;1.0;;13;2;2019;09:10;1.0;64;64102;2;1.0;7.0;6.0;QUATORZE AVRIL (AVENUE DU);43,5021261; -1,4615349;3;810;0.0;;3.0;2;0.0;1.0;2;270;1.0;;;1.0;0.0;1.0;50.0;Pyrénées-Atlantiques;75;Nouvelle-Aquitaine
201900001173;138Â 304Â 381;A01;1.0;1;1.0;1.0;1951.0;5.0;1.0;0.0;;0.0;0;;;1.0;10.0;0.0;1.0;1.0;1.0;1.0;;13;2;2019;09:10;1.0;64;64102;2;1.0;7.0;6.0;QUATORZE AVRIL (AVENUE DU);43,5021261; -1,4615349;3;810;0.0;;3.0;2;0.0;1.0;2;270;1.0;;;1.0;0.0;1.0;50.0;Pyrénées-Atlantiques;75;Nouvelle-Aquitaine
201900001174;138Â 304Â 380;A01;1.0;1;3.0;2.0;1955.0;5.0;8.0;0.0;;0.0;0;;;2.0;1.0;12.0;0.0;2.0;26.0;5.0;;11;2;2019;15:25;1.0;64;64024;2;1.0;2.0;7.0;BIARRITZ (AVENUE DE);43,4803700; -1,5222600;4;BIARRITZ (AVENUE DE);0.0;;2.0;2;0.0;1.0;0;0;1.0;;;2.0;0.0;1.0;50.0;Pyrénées-Atlantiques;75;Nouvelle-Aquitaine
201900001175;138Â 304Â 379;A01;1.0;1;1.0;2.0;1989.0;1.0;1.0;0.0;;0.0;0;;;1.0;7.0;0.0;1.0;2.0;1.0;1.0;;8;2;2019;09:35;1.0;64;64024;2;1.0;7.0;6.0;JUZAN (CHEMIN DE);43,4724000; -1,5095900;4;JUZAN (CHEMIN DE);0.0;;2.0;2;0.0;3.0;0;0;4.0;;;1.0;0.0;1.0;30.0;Pyrénées-Atlantiques;75;Nouvelle-Aquitaine
201900001175;138Â 304Â 379;A01;10.0;3;3.0;1.0;1960.0;5.0;8.0;0.0;;1.0;3;1.0;;1.0;7.0;0.0;1.0;2.0;1.0;1.0;;8;2;2019;09:35;1.0;64;64024;2;1.0;7.0;6.0;JUZAN (CHEMIN DE);43,4724000; -1,5095900;4;JUZAN (CHEMIN DE);0.0;;2.0;2;0.0;3.0;0;0;4.0;;;1.0;0.0;1.0;30.0;Pyrénées-Atlantiques;75;Nouvelle-Aquitaine
201900001176;138Â 304Â 377;A01;1.0;1;4.0;1.0;1961.0;5.0;1.0;0.0;;0.0;0;;;1.0;7.0;8.0;2.0;7.0;13.0;1.0;;4;2;2019;16:00;1.0;62;62528;1;1.0;2.0;3.0;HOCHE (R LAZARE);50,4664320;2,8053450;3;165;0.0;;2.0;2;0.0;1.0;0;0;1.0;;;2.0;0.0;1.0;50.0;Pas-de-Calais;32;Hauts-de-France
201900001176;138Â 304Â 378;B01;2.0;2;1.0;2.0;1951.0;5.0;1.0;8.0;;0.0;0;;;1.0;7.0;0.0;2.0;1.0;1.0;1.0;;4;2;2019;16:00;1.0;62;62528;1;1.0;2.0;3.0;HOCHE (R LAZARE);50,4664320;2,8053450;3;165;0.0;;2.0;2;0.0;1.0;0;0;1.0;;;2.0;0.0;1.0;50.0;Pas-de-Calais;32;Hauts-de-France
201900001176;138Â 304Â 378;B01;1.0;1;1.0;1.0;1967.0;5.0;1.0;8.0;;0.0;0;;;1.0;7.0;0.0;2.0;1.0;1.0;1.0;;4;2;2019;16:00;1.0;62;62528;1;1.0;2.0;3.0;HOCHE (R LAZARE);50,4664320;2,8053450;3;165;0.0;;2.0;2;0.0;1.0;0;0;1.0;;;2.0;0.0;1.0;50.0;Pas-de-Calais;32;Hauts-de-France
201900001177;138Â 304Â 376;A01;1.0;1;3.0;1.0;1965.0;0.0;8.0;0.0;;0.0;0;;;3.0;30.0;0.0;0.0;0.0;26.0;1.0;;12;2;2019;10:05;1.0;62;62178;2;1.0;1.0;7.0;EVRARD ( FLORENT );50,4889500;2,5527900;4;EVRARD ( FLORENT );0.0;;2.0;2;0.0;2.0;0;0;1.0;;;1.0;0.0;1.0;50.0;Pas-de-Calais;32;Hauts-de-France
201900001178;138Â 304Â 375;A01;1.0;1;1.0;2.0;1995.0;5.0;2.0;6.0;;0.0;0;;;3.0;36.0;16.0;0.0;1.0;1.0;1.0;;5;5;2019;12:45;1.0;62;62693;1;1.0;2.0;6.0;chaussÃ©e brunehaut;50,4395750;2,5420750;4;;0.0;;2.0;2;0.0;1.0;(1);(1);1.0;;;2.0;0.0;8.0;80.0;Pas-de-Calais;32;Hauts-de-France
201900001178;138Â 304Â 375;A01;2.0;2;3.0;1.0;1991.0;5.0;2.0;6.0;;0.0;0;;;3.0;36.0;16.0;0.0;1.0;1.0;1.0;;5;5;2019;12:45;1.0;62;62693;1;1.0;2.0;6.0;chaussÃ©e brunehaut;50,4395750;2,5420750;4;;0.0;;2.0;2;0.0;1.0;(1);(1);1.0;;;2.0;0.0;8.0;80.0;Pas-de-Calais;32;Hauts-de-France
201900001179;138Â 304Â 374;A01;10.0;3;3.0;1.0;1948.0;5.0;0.0;;;3.0;3;1.0;;1.0;7.0;1.0;1.0;1.0;1.0;1.0;;12;5;2019;16:40;1.0;62;62560;2;1.0;1.0;6.0;Rue Nationale;50,8141570;1,7027510;4;;;;1.0;1;0.0;1.0;(1);(1);1.0;;;1.0;6.0;1.0;50.0;Pas-de-Calais;32;Hauts-de-France
201900001179;138Â 304Â 374;A01;1.0;1;1.0;1.0;1996.0;5.0;1.0;;;0.0;0;;;1.0;7.0;1.0;1.0;1.0;1.0;1.0;;12;5;2019;16:40;1.0;62;62560;2;1.0;1.0;6.0;Rue Nationale;50,8141570;1,7027510;4;;;;1.0;1;0.0;1.0;(1);(1);1.0;;;1.0;6.0;1.0;50.0;Pas-de-Calais;32;Hauts-de-France
201900001180;138Â 304Â 373;A01;1.0;1;3.0;1.0;1999.0;5.0;1.0;;;0.0;0;;;3.0;7.0;1.0;0.0;1.0;15.0;1.0;;16;5;2019;20:45;1.0;62;62627;2;1.0;1.0;6.0;Rue Jean Soille;50,3092990;3,0302070;3;44;;;2.0;2;0.0;2.0;(1);(1);2.0;;;1.0;0.0;4.0;50.0;Pas-de-Calais;32;Hauts-de-France
201900001181;138Â 304Â 371;B01;1.0;1;3.0;1.0;1972.0;5.0;2.0;6.0;9.0;0.0;0;;;3.0;33.0;0.0;2.0;1.0;12.0;1.0;;18;5;2019;09:55;1.0;62;62861;1;6.0;1.0;3.0;Route Nationale 17;50,3720260;2,8104940;2;17;;;1.0;2;0.0;1.0;(1);(1);2.0;;;1.0;0.0;1.0;90.0;Pas-de-Calais;32;Hauts-de-France
201900001181;138Â 304Â 372;A01;1.0;1;1.0;1.0;1958.0;5.0;1.0;;;0.0;0;;;3.0;7.0;0.0;2.0;3.0;1.0;1.0;;18;5;2019;09:55;1.0;62;62861;1;6.0;1.0;3.0;Route Nationale 17;50,3720260;2,8104940;2;17;;;1.0;2;0.0;1.0;(1);(1);2.0;;;1.0;0.0;1.0;90.0;Pas-de-Calais;32;Hauts-de-France
201900001182;138Â 304Â 369;B01;1.0;1;3.0;1.0;1991.0;1.0;2.0;6.0;;0.0;0;;;1.0;33.0;0.0;0.0;4.0;23.0;1.0;;17;5;2019;18:00;1.0;62;62612;2;6.0;1.0;2.0;rue de fresnes;50,3517020;2,9120710;3;46;0.0; -;2.0;2;0.0;1.0;0;0;3.0;;;1.0;0.0;1.0;50.0;Pas-de-Calais;32;Hauts-de-France
201900001182;138Â 304Â 370;A01;1.0;1;1.0;1.0;1999.0;5.0;1.0;;;0.0;0;;;1.0;7.0;0.0;2.0;2.0;2.0;1.0;;17;5;2019;18:00;1.0;62;62612;2;6.0;1.0;2.0;rue de fresnes;50,3517020;2,9120710;3;46;0.0; -;2.0;2;0.0;1.0;0;0;3.0;;;1.0;0.0;1.0;50.0;Pas-de-Calais;32;Hauts-de-France
201900001183;138Â 304Â 368;A01;1.0;1;3.0;1.0;1986.0;0.0;1.0;;;0.0;0;;;2.0;7.0;13.0;0.0;9.0;18.0;1.0;;18;5;2019;09:35;1.0;62;62505;1;1.0;1.0;6.0;A16;50,8337910;1,7040870;1;16;;;3.0;4;0.0;1.0;66;800;1.0;;;1.0;0.0;2.0;130.0;Pas-de-Calais;32;Hauts-de-France
201900001184;138Â 304Â 362;A01;1.0;1;3.0;1.0;1974.0;5.0;2.0;;;0.0;0;;;1.0;33.0;0.0;0.0;1.0;1.0;1.0;;12;5;2019;16:00;1.0;59;59541;1;1.0;1.0;7.0;cd 942;50,1884100;3,4569680;3;942;;;2.0;2;0.0;1.0;(1);(1);2.0;;;1.0;0.0;3.0;80.0;Nord;32;Hauts-de-France
201900001185;138Â 304Â 361;A01;10.0;3;2.0;1.0;1950.0;5.0;0.0;;;5.0;9;1.0;;1.0;7.0;0.0;1.0;2.0;14.0;1.0;;18;5;2019;13:40;1.0;59;59139;2;1.0;1.0;6.0;Place Ernest Plet;50,1277240;3,4152520;4;;;;2.0;2;0.0;1.0;(1);(1);1.0;;;1.0;0.0;4.0;50.0;Nord;32;Hauts-de-France
201900001185;138Â 304Â 361;A01;1.0;1;1.0;2.0;1932.0;3.0;1.0;;;0.0;0;;;1.0;7.0;0.0;1.0;2.0;14.0;1.0;;18;5;2019;13:40;1.0;59;59139;2;1.0;1.0;6.0;Place Ernest Plet;50,1277240;3,4152520;4;;;;2.0;2;0.0;1.0;(1);(1);1.0;;;1.0;0.0;4.0;50.0;Nord;32;Hauts-de-France
201900001186;138Â 304Â 360;A01;1.0;1;3.0;1.0;1992.0;5.0;5.0;;;0.0;0;;;2.0;7.0;6.0;0.0;1.0;19.0;1.0;;10;5;2019;22:40;5.0;59;59136;2;1.0;2.0;6.0;rue fontellay desjardin;50,1070160;3,5423200;3;955;0.0;D;2.0;2;0.0;1.0;(1);(1);3.0;;;2.0;0.0;4.0;50.0;Nord;32;Hauts-de-France
201900001187;138Â 304Â 358;B01;10.0;3;1.0;2.0;1995.0;9.0;0.0;;;0.0;0;;;0.0;99.0;0.0;2.0;0.0;0.0;5.0;;1;5;2019;12:15;1.0;59;59136;2;1.0;1.0;6.0;54 chemin de Montay;50,1113970;3,5426870;4;;;;2.0;2;0.0;2.0;(1);(1);1.0;;;1.0;0.0;1.0;50.0;Nord;32;Hauts-de-France
201900001187;138Â 304Â 359;A01;2.0;2;1.0;2.0;1990.0;5.0;2.0;6.0;9.0;0.0;0;;;0.0;33.0;0.0;5.0;1.0;1.0;1.0;;1;5;2019;12:15;1.0;59;59136;2;1.0;1.0;6.0;54 chemin de Montay;50,1113970;3,5426870;4;;;;2.0;2;0.0;2.0;(1);(1);1.0;;;1.0;0.0;1.0;50.0;Nord;32;Hauts-de-France
201900001187;138Â 304Â 359;A01;1.0;1;3.0;1.0;1991.0;5.0;2.0;6.0;9.0;0.0;0;;;0.0;33.0;0.0;5.0;1.0;1.0;1.0;;1;5;2019;12:15;1.0;59;59136;2;1.0;1.0;6.0;54 chemin de Montay;50,1113970;3,5426870;4;;;;2.0;2;0.0;2.0;(1);(1);1.0;;;1.0;0.0;1.0;50.0;Nord;32;Hauts-de-France
201900001188;138Â 304Â 357;A01;1.0;1;4.0;1.0;1977.0;2.0;1.0;;;0.0;0;;;1.0;7.0;13.0;0.0;0.0;0.0;1.0;;17;5;2019;23:30;3.0;59;59275;1;1.0;2.0;6.0;CD 90;50,5946110;3,2058540;7;90;;;2.0;2;0.0;1.0;(1);(1);3.0;;;2.0;0.0;3.0;80.0;Nord;32;Hauts-de-France
201900001189;138Â 304Â 356;A01;1.0;1;3.0;1.0;1988.0;5.0;1.0;;;0.0;0;;;1.0;7.0;2.0;0.0;2.0;1.0;1.0;;12;5;2019;05:45;2.0;59;59660;1;1.0;1.0;6.0;rue de Verdun - D90;50,6376480;3,2352400;3;90;0.0;;2.0;2;2.0;1.0;3;140;2.0;;;1.0;0.0;3.0;70.0;Nord;32;Hauts-de-France
201900001190;138Â 304Â 354;B01;1.0;1;1.0;1.0;1985.0;1.0;8.0;;;0.0;0;;;2.0;10.0;0.0;2.0;7.0;17.0;1.0;;23;5;2019;08:30;1.0;59;59400;2;1.0;1.0;3.0;6 rue thiers;50,6436200;2,6401080;3;946;0.0;D;2.0;2;0.0;1.0;(1);(1);1.0;;;1.0;0.0;1.0;50.0;Nord;32;Hauts-de-France
201900001190;138Â 304Â 355;A01;1.0;1;3.0;1.0;1938.0;5.0;0.0;;;0.0;0;;;2.0;1.0;0.0;2.0;8.0;1.0;5.0;;23;5;2019;08:30;1.0;59;59400;2;1.0;1.0;3.0;6 rue thiers;50,6436200;2,6401080;3;946;0.0;D;2.0;2;0.0;1.0;(1);(1);1.0;;;1.0;0.0;1.0;50.0;Nord;32;Hauts-de-France
201900001191;138Â 304Â 353;A01;1.0;1;1.0;1.0;1962.0;4.0;1.0;;;0.0;0;;;3.0;37.0;0.0;1.0;3.0;1.0;1.0;1.0;27;5;2019;08:30;1.0;59;59212;2;1.0;1.0;6.0;Rue Ãmile Roche;50,6440770;2,7215210;4;2945;;;2.0;2;0.0;1.0;(1);(1);1.0;;;1.0;9.0;8.0;50.0;Nord;32;Hauts-de-France
201900001191;138Â 304Â 353;A01;10.0;3;3.0;2.0;1994.0;5.0;0.0;;;3.0;3;1.0;;3.0;37.0;0.0;1.0;3.0;1.0;1.0;1.0;27;5;2019;08:30;1.0;59;59212;2;1.0;1.0;6.0;Rue Ãmile Roche;50,6440770;2,7215210;4;2945;;;2.0;2;0.0;1.0;(1);(1);1.0;;;1.0;9.0;8.0;50.0;Nord;32;Hauts-de-France
201900001192;138Â 304Â 351;A01;1.0;1;2.0;2.0;1959.0;0.0;1.0;;;0.0;0;;;1.0;7.0;0.0;2.0;9.0;1.0;0.0;;26;5;2019;10:50;1.0;59;59535;1;1.0;1.0;6.0;361 Route du Mont-Noir;50,7771010;2,7383170;3;223;;;2.0;2;0.0;2.0;2;220;1.0;;;1.0;0.0;3.0;80.0;Nord;32;Hauts-de-France
201900001192;138Â 304Â 352;B01;1.0;1;1.0;2.0;1964.0;5.0;1.0;;;0.0;0;;;1.0;7.0;0.0;2.0;1.0;24.0;0.0;;26;5;2019;10:50;1.0;59;59535;1;1.0;1.0;6.0;361 Route du Mont-Noir;50,7771010;2,7383170;3;223;;;2.0;2;0.0;2.0;2;220;1.0;;;1.0;0.0;3.0;80.0;Nord;32;Hauts-de-France
201900001193;138Â 304Â 349;B01;1.0;1;1.0;2.0;1998.0;0.0;1.0;;;0.0;0;;;2.0;7.0;0.0;2.0;8.0;15.0;1.0;;21;5;2019;18:45;1.0;59;59586;1;2.0;1.0;3.0;Rue de la FourmisiÃ¨re;50,5264470;3,1745980;3;94;;D;2.0;2;0.0;1.0;(1);(1);1.0;;;1.0;0.0;1.0;80.0;Nord;32;Hauts-de-France
201900001193;138Â 304Â 350;A01;1.0;1;3.0;1.0;1993.0;0.0;2.0;6.0;9.0;0.0;0;;;1.0;33.0;0.0;2.0;1.0;1.0;1.0;;21;5;2019;18:45;1.0;59;59586;1;2.0;1.0;3.0;Rue de la FourmisiÃ¨re;50,5264470;3,1745980;3;94;;D;2.0;2;0.0;1.0;(1);(1);1.0;;;1.0;0.0;1.0;80.0;Nord;32;Hauts-de-France
201900001194;138Â 304Â 347;B01;1.0;1;1.0;1.0;1961.0;5.0;1.0;;;0.0;0;;;2.0;7.0;0.0;0.0;6.0;15.0;6.0;;25;5;2019;17:00;1.0;59;59051;2;4.0;1.0;2.0;Route d'Estaires;50,5464300;2,7966581;7;947;0.0;D;2.0;2;0.0;1.0;(1);(1);1.0;;;1.0;0.0;1.0;50.0;Nord;32;Hauts-de-France
201900001194;138Â 304Â 348;A01;1.0;1;3.0;1.0;1971.0;5.0;2.0;6.0;9.0;0.0;0;;;1.0;33.0;0.0;2.0;1.0;17.0;6.0;;25;5;2019;17:00;1.0;59;59051;2;4.0;1.0;2.0;Route d'Estaires;50,5464300;2,7966581;7;947;0.0;D;2.0;2;0.0;1.0;(1);(1);1.0;;;1.0;0.0;1.0;50.0;Nord;32;Hauts-de-France
201900001195;138Â 304Â 346;A01;1.0;1;3.0;1.0;1979.0;4.0;1.0;;;0.0;0;;;1.0;13.0;4.0;0.0;2.0;1.0;1.0;;3;5;2019;16:45;1.0;59;59658;1;1.0;1.0;7.0;RN41;50,5719590;2,8603680;2;41;0.0;R;3.0;4;0.0;1.0;5;700;1.0;;;1.0;0.0;1.0;90.0;Nord;32;Hauts-de-France