Num_Acc;id_vehicule;num_veh;place;catu;grav;sexe;an_nais;trajet;secu1;secu2;secu3;locp;actp;etatp;id_usager;senc;catv;obs;obsm;choc;manv;motor;occutc;jour;mois;an;hrmn;lum;dep;com;agg;int;atm;col;adr;lat;long;catr;voie;v1;v2;circ;nbv;vosp;prof;pr;pr1;plan;lartpc;larrout;surf;infra;situ;vma;nom_departement;reg;nom_region
201900001196;138Â 304Â 343;A01;1.0;1;1.0;1.0;1967.0;5.0;1.0;0.0;;;0;;;1.0;7.0;0.0;2.0;4.0;1.0;1.0;;28;5;2019;14:40;1.0;13;13055;1;1.0;1.0;4.0;A507 sens Marseille - Aubagne;43,2941560;5,4242300;1;507;0.0;;3.0;3;0.0;4.0;7;639;1.0;;;1.0;1.0;1.0;70.0;Bouches-du-Rhône;93;Provence-Alpes-Côte d'Azur
201900001196;138Â 304Â 344;B01;1.0;1;1.0;1.0;1965.0;5.0;1.0;0.0;;;0;;;1.0;10.0;0.0;2.0;4.0;1.0;1.0;;28;5;2019;14:40;1.0;13;13055;1;1.0;1.0;4.0;A507 sens Marseille - Aubagne;43,2941560;5,4242300;1;507;0.0;;3.0;3;0.0;4.0;7;639;1.0;;;1.0;1.0;1.0;70.0;Bouches-du-Rhône;93;Provence-Alpes-Côte d'Azur
201900001196;138Â 304Â 344;B01;2.0;2;2.0;2.0;1983.0;5.0;1.0;0.0;;;0;;;1.0;10.0;0.0;2.0;4.0;1.0;1.0;;28;5;2019;14:40;1.0;13;13055;1;1.0;1.0;4.0;A507 sens Marseille - Aubagne;43,2941560;5,4242300;1;507;0.0;;3.0;3;0.0;4.0;7;639;1.0;;;1.0;1.0;1.0;70.0;Bouches-du-Rhône;93;Provence-Alpes-Côte d'Azur
201900001196;138Â 304Â 345;C01;1.0;1;1.0;1.0;1974.0;4.0;1.0;0.0;;;0;;;1.0;7.0;0.0;2.0;1.0;1.0;1.0;;28;5;2019;14:40;1.0;13;13055;1;1.0;1.0;4.0;A507 sens Marseille - Aubagne;43,2941560;5,4242300;1;507;0.0;;3.0;3;0.0;4.0;7;639;1.0;;;1.0;1.0;1.0;70.0;Bouches-du-Rhône;93;Provence-Alpes-Côte d'Azur
201900001197;138Â 304Â 341;A01;1.0;1;1.0;1.0;1949.0;5.0;1.0;0.0;;0.0;0;;;1.0;7.0;0.0;2.0;4.0;1.0;1.0;;27;5;2019;17:40;1.0;13;13019;1;1.0;1.0;2.0;A51-Sens Marseille vers Aix en Provence;43,4233000;5,3735000;1;51;0.0;;1.0;3;0.0;1.0;4;0;1.0;;;1.0;0.0;1.0;90.0;Bouches-du-Rhône;93;Provence-Alpes-Côte d'Azur
201900001197;138Â 304Â 341;A01;2.0;2;1.0;2.0;1951.0;5.0;1.0;0.0;;0.0;0;;;1.0;7.0;0.0;2.0;4.0;1.0;1.0;;27;5;2019;17:40;1.0;13;13019;1;1.0;1.0;2.0;A51-Sens Marseille vers Aix en Provence;43,4233000;5,3735000;1;51;0.0;;1.0;3;0.0;1.0;4;0;1.0;;;1.0;0.0;1.0;90.0;Bouches-du-Rhône;93;Provence-Alpes-Côte d'Azur
201900001197;138Â 304Â 342;B01;1.0;1;2.0;1.0;1960.0;1.0;2.0;6.0;;0.0;0;;;1.0;33.0;0.0;2.0;1.0;1.0;1.0;;27;5;2019;17:40;1.0;13;13019;1;1.0;1.0;2.0;A51-Sens Marseille vers Aix en Provence;43,4233000;5,3735000;1;51;0.0;;1.0;3;0.0;1.0;4;0;1.0;;;1.0;0.0;1.0;90.0;Bouches-du-Rhône;93;Provence-Alpes-Côte d'Azur
201900001198;138Â 304Â 340;A01;1.0;1;3.0;1.0;1957.0;4.0;2.0;6.0;;; -1;;;2.0;34.0;0.0;0.0;8.0;26.0;1.0;;24;5;2019;11:22;1.0;13;13028;1;1.0;1.0;7.0;A50-Sens Toulon vers Aubagne;43,2055500;5,5889500;1;50;0.0;;1.0;10;0.0;1.0;34;799;1.0;;;1.0;7.0;1.0;30.0;Bouches-du-Rhône;93;Provence-Alpes-Côte d'Azur
201900001199;138Â 304Â 339;A01;1.0;1;2.0;1.0;1982.0;5.0;2.0;0.0;;0.0;0;;;1.0;34.0;6.0;0.0;1.0;0.0;1.0;;26;5;2019;06:00;1.0;13;13202;1;1.0;1.0;6.0;A55-Sens Marseille vers Martigues;43,2964900;5,3626400;1;55;0.0;;;2;0.0;1.0;0;920;3.0;;;1.0;1.0;4.0;50.0;Bouches-du-Rhône;93;Provence-Alpes-Côte d'Azur
201900001200;138Â 304Â 337;A01;1.0;1;1.0;2.0;1996.0;1.0;1.0;8.0;;; -1;;;2.0;7.0;0.0;2.0;1.0;2.0;1.0;;23;5;2019;18:15;1.0;13;13211;1;1.0;1.0;2.0;Sens Aubagne vers Marseille;43,2942400;5,4720900;1;50;0.0;;1.0;3;0.0;1.0;6;599;1.0;;;1.0;0.0;1.0;90.0;Bouches-du-Rhône;93;Provence-Alpes-Côte d'Azur
201900001200;138Â 304Â 338;B01;1.0;1;2.0;2.0;1997.0;1.0;1.0;8.0;;; -1;;;2.0;7.0;0.0;2.0;4.0;2.0;1.0;;23;5;2019;18:15;1.0;13;13211;1;1.0;1.0;2.0;Sens Aubagne vers Marseille;43,2942400;5,4720900;1;50;0.0;;1.0;3;0.0;1.0;6;599;1.0;;;1.0;0.0;1.0;90.0;Bouches-du-Rhône;93;Provence-Alpes-Côte d'Azur
201900001201;138Â 304Â 335;A01;1.0;1;2.0;1.0;1984.0;4.0;1.0;8.0;;0.0;0;;;1.0;10.0;0.0;2.0;4.0;2.0;1.0;;23;5;2019;16:00;1.0;13;13005;1;9.0;1.0;2.0;A52-Sens Toulon vers Pont de l'Etoile;43,3232900;5,5977300;1;52;0.0;;3.0;1;0.0;1.0;20;500;1.0;;;1.0;9.0;1.0;50.0;Bouches-du-Rhône;93;Provence-Alpes-Côte d'Azur
201900001201;138Â 304Â 335;A01;2.0;2;2.0;1.0;1995.0;4.0;1.0;8.0;;0.0;0;;;1.0;10.0;0.0;2.0;4.0;2.0;1.0;;23;5;2019;16:00;1.0;13;13005;1;9.0;1.0;2.0;A52-Sens Toulon vers Pont de l'Etoile;43,3232900;5,5977300;1;52;0.0;;3.0;1;0.0;1.0;20;500;1.0;;;1.0;9.0;1.0;50.0;Bouches-du-Rhône;93;Provence-Alpes-Côte d'Azur
201900001201;138Â 304Â 336;B01;1.0;1;1.0;1.0;1986.0;1.0;1.0;0.0;;;0;;;1.0;7.0;0.0;2.0;1.0;2.0;1.0;;23;5;2019;16:00;1.0;13;13005;1;9.0;1.0;2.0;A52-Sens Toulon vers Pont de l'Etoile;43,3232900;5,5977300;1;52;0.0;;3.0;1;0.0;1.0;20;500;1.0;;;1.0;9.0;1.0;50.0;Bouches-du-Rhône;93;Provence-Alpes-Côte d'Azur
201900001202;138Â 304Â 334;A01;1.0;1;3.0;1.0;1955.0;1.0;2.0;6.0;;; -1;;;2.0;33.0;0.0;2.0;2.0;0.0;1.0;;23;5;2019;07:50;1.0;13;13211;1;1.0;1.0;7.0;A50-Sens Aubagne vers Marseille;43,2904000;5,4484000;1;50;0.0;;3.0;3;0.0;1.0;4;599;1.0;;;1.0;0.0;1.0;90.0;Bouches-du-Rhône;93;Provence-Alpes-Côte d'Azur
201900001203;138Â 304Â 331;A01;1.0;1;1.0;1.0;1955.0;5.0;1.0;4.0;;; -1;;;2.0;10.0;0.0;2.0;4.0;2.0;1.0;;22;5;2019;08:05;1.0;13;13022;1;1.0;1.0;5.0;A50-Sens Toulon vers Aubagne;43,2298000;5,5852000;1;50;0.0;;3.0;3;0.0;2.0;31;200;1.0;;;1.0;0.0;1.0;110.0;Bouches-du-Rhône;93;Provence-Alpes-Côte d'Azur
201900001203;138Â 304Â 332;B01;1.0;1;2.0;1.0;1992.0;4.0;1.0;0.0;;; -1;;;2.0;10.0;0.0;2.0;1.0;2.0;1.0;;22;5;2019;08:05;1.0;13;13022;1;1.0;1.0;5.0;A50-Sens Toulon vers Aubagne;43,2298000;5,5852000;1;50;0.0;;3.0;3;0.0;2.0;31;200;1.0;;;1.0;0.0;1.0;110.0;Bouches-du-Rhône;93;Provence-Alpes-Côte d'Azur
201900001203;138Â 304Â 333;C01;1.0;1;1.0;1.0;1986.0;4.0;1.0;4.0;;; -1;;;2.0;10.0;0.0;2.0;1.0;2.0;1.0;;22;5;2019;08:05;1.0;13;13022;1;1.0;1.0;5.0;A50-Sens Toulon vers Aubagne;43,2298000;5,5852000;1;50;0.0;;3.0;3;0.0;2.0;31;200;1.0;;;1.0;0.0;1.0;110.0;Bouches-du-Rhône;93;Provence-Alpes-Côte d'Azur
201900001204;138Â 304Â 329;B01;1.0;1;1.0;1.0;1986.0;4.0;1.0;0.0;;; -1;;;1.0;7.0;0.0;2.0;1.0;2.0;1.0;;20;5;2019;08:00;1.0;13;13071;1;1.0;2.0;2.0;A55 - Sens Marseille vers Martigues;43,3936660;5,2997280;1;55;0.0;;1.0;3;0.0;2.0;12;199;1.0;;;2.0;0.0;1.0;90.0;Bouches-du-Rhône;93;Provence-Alpes-Côte d'Azur
201900001204;138Â 304Â 330;A01;1.0;1;2.0;1.0;1972.0;4.0;1.0;0.0;;; -1;;;1.0;7.0;0.0;2.0;4.0;2.0;0.0;;20;5;2019;08:00;1.0;13;13071;1;1.0;2.0;2.0;A55 - Sens Marseille vers Martigues;43,3936660;5,2997280;1;55;0.0;;1.0;3;0.0;2.0;12;199;1.0;;;2.0;0.0;1.0;90.0;Bouches-du-Rhône;93;Provence-Alpes-Côte d'Azur
201900001205;138Â 304Â 327;A01;2.0;2;2.0;2.0;1954.0;5.0;1.0;0.0;;; -1;;;2.0;7.0;0.0;2.0;4.0;2.0;1.0;;17;5;2019;18:20;1.0;13;13019;1;1.0;2.0;2.0;A51-Sens Aix en Provence vers Marseille;43,4277000;5,3851000;1;51;0.0;;1.0;4;0.0;1.0;4;780;1.0;;;2.0;0.0;1.0;90.0;Bouches-du-Rhône;93;Provence-Alpes-Côte d'Azur
201900001205;138Â 304Â 327;A01;1.0;1;2.0;1.0;1952.0;5.0;1.0;0.0;;; -1;;;2.0;7.0;0.0;2.0;4.0;2.0;1.0;;17;5;2019;18:20;1.0;13;13019;1;1.0;2.0;2.0;A51-Sens Aix en Provence vers Marseille;43,4277000;5,3851000;1;51;0.0;;1.0;4;0.0;1.0;4;780;1.0;;;2.0;0.0;1.0;90.0;Bouches-du-Rhône;93;Provence-Alpes-Côte d'Azur
201900001205;138Â 304Â 328;B01;1.0;1;2.0;2.0;1987.0;5.0;1.0;0.0;;; -1;;;2.0;7.0;0.0;2.0;1.0;2.0;1.0;;17;5;2019;18:20;1.0;13;13019;1;1.0;2.0;2.0;A51-Sens Aix en Provence vers Marseille;43,4277000;5,3851000;1;51;0.0;;1.0;4;0.0;1.0;4;780;1.0;;;2.0;0.0;1.0;90.0;Bouches-du-Rhône;93;Provence-Alpes-Côte d'Azur
201900001206;138Â 304Â 326;A01;1.0;1;2.0;1.0;1999.0;4.0;1.0;8.0;;; -1;;;2.0;15.0;4.0;0.0;8.0;26.0;1.0;;14;5;2019;14:30;1.0;13;13033;1;1.0;1.0;6.0;A55 SENS MARTIGUES-MARSEILLE;43,3800600;5,2219800;1;55;0.0;;1.0;3;0.0;1.0;20;799;1.0;;;1.0;9.0;1.0;110.0;Bouches-du-Rhône;93;Provence-Alpes-Côte d'Azur
201900001207;138Â 304Â 324;B01;1.0;1;1.0;1.0;1979.0;0.0;1.0;4.0;;; -1;;;1.0;7.0;0.0;2.0;1.0;2.0;1.0;;11;5;2019;15:50;1.0;13;13211;1;1.0;1.0;2.0;A50-Sens Marseille vers Aubagne;43,2871440;5,5043780;1;50;0.0;;1.0;3;0.0;1.0;7;0;1.0;;;1.0;0.0;1.0;90.0;Bouches-du-Rhône;93;Provence-Alpes-Côte d'Azur
201900001207;138Â 304Â 325;A01;1.0;1;2.0;2.0;1980.0;0.0;1.0;4.0;;; -1;;;1.0;7.0;0.0;2.0;4.0;23.0;1.0;;11;5;2019;15:50;1.0;13;13211;1;1.0;1.0;2.0;A50-Sens Marseille vers Aubagne;43,2871440;5,5043780;1;50;0.0;;1.0;3;0.0;1.0;7;0;1.0;;;1.0;0.0;1.0;90.0;Bouches-du-Rhône;93;Provence-Alpes-Côte d'Azur
201900001208;138Â 304Â 322;A01;2.0;2;1.0;2.0;1978.0;5.0;1.0;8.0;;; -1;;;2.0;7.0;0.0;2.0;2.0;1.0;1.0;;16;5;2019;21:58;3.0;13;13005;1;1.0;1.0;3.0;A50-Sens Aubagne vers Marseille;43,2878180;5,5450540;1;50;0.0;;3.0;3;0.0;1.0;12;699;1.0;;;1.0;0.0;1.0;90.0;Bouches-du-Rhône;93;Provence-Alpes-Côte d'Azur
201900001208;138Â 304Â 322;A01;1.0;1;1.0;2.0;1972.0;1.0;1.0;8.0;;; -1;;;2.0;7.0;0.0;2.0;2.0;1.0;1.0;;16;5;2019;21:58;3.0;13;13005;1;1.0;1.0;3.0;A50-Sens Aubagne vers Marseille;43,2878180;5,5450540;1;50;0.0;;3.0;3;0.0;1.0;12;699;1.0;;;1.0;0.0;1.0;90.0;Bouches-du-Rhône;93;Provence-Alpes-Côte d'Azur
201900001208;138Â 304Â 323;B01;1.0;1;4.0;1.0;1997.0;5.0;1.0;0.0;;; -1;;;2.0;7.0;3.0;2.0;9.0;0.0;1.0;;16;5;2019;21:58;3.0;13;13005;1;1.0;1.0;3.0;A50-Sens Aubagne vers Marseille;43,2878180;5,5450540;1;50;0.0;;3.0;3;0.0;1.0;12;699;1.0;;;1.0;0.0;1.0;90.0;Bouches-du-Rhône;93;Provence-Alpes-Côte d'Azur
201900001208;138Â 304Â 323;B01;2.0;2;2.0;1.0;1990.0;5.0;1.0;8.0;;; -1;;;2.0;7.0;3.0;2.0;9.0;0.0;1.0;;16;5;2019;21:58;3.0;13;13005;1;1.0;1.0;3.0;A50-Sens Aubagne vers Marseille;43,2878180;5,5450540;1;50;0.0;;3.0;3;0.0;1.0;12;699;1.0;;;1.0;0.0;1.0;90.0;Bouches-du-Rhône;93;Provence-Alpes-Côte d'Azur
201900001209;138Â 304Â 319;C01;1.0;1;2.0;1.0;1984.0;1.0;1.0;4.0;;; -1;;;1.0;7.0;0.0;2.0;1.0;1.0;1.0;;16;5;2019;07:40;1.0;13;13211;1;1.0;1.0;4.0;A50-Sens Marseille vers Aubagne;43,2874900;5,5030630;1;50;0.0;;1.0;3;0.0;1.0;4;0;1.0;;;1.0;0.0;1.0;70.0;Bouches-du-Rhône;93;Provence-Alpes-Côte d'Azur
201900001209;138Â 304Â 320;B01;1.0;1;2.0;1.0;1986.0;1.0;1.0;4.0;;; -1;;;1.0;10.0;0.0;2.0;1.0;1.0;1.0;;16;5;2019;07:40;1.0;13;13211;1;1.0;1.0;4.0;A50-Sens Marseille vers Aubagne;43,2874900;5,5030630;1;50;0.0;;1.0;3;0.0;1.0;4;0;1.0;;;1.0;0.0;1.0;70.0;Bouches-du-Rhône;93;Provence-Alpes-Côte d'Azur
201900001209;138Â 304Â 321;A01;1.0;1;2.0;1.0;1998.0;1.0;1.0;4.0;;; -1;;;1.0;7.0;0.0;2.0;4.0;1.0;1.0;;16;5;2019;07:40;1.0;13;13211;1;1.0;1.0;4.0;A50-Sens Marseille vers Aubagne;43,2874900;5,5030630;1;50;0.0;;1.0;3;0.0;1.0;4;0;1.0;;;1.0;0.0;1.0;70.0;Bouches-du-Rhône;93;Provence-Alpes-Côte d'Azur
201900001210;138Â 304Â 318;A01;1.0;1;2.0;2.0;1994.0;1.0;1.0;0.0;;; -1;;;2.0;7.0;3.0;0.0;1.0;1.0;1.0;;16;5;2019;04:45;3.0;13;13215;1;1.0;1.0;6.0;A7-Sens Marseille vers Lyon;43,3589390;5,3621951;1;7;0.0;;1.0;3;0.0;1.0;274;0;1.0;;;1.0;0.0;1.0;90.0;Bouches-du-Rhône;93;Provence-Alpes-Côte d'Azur
201900001211;138Â 304Â 317;A01;1.0;1;2.0;1.0;1994.0;4.0;1.0;0.0;;; -1;;;2.0;10.0;4.0;0.0;8.0;0.0;1.0;;15;5;2019;17:30;1.0;13;13216;1;1.0;1.0;6.0;A55-Sens Martigues vers Marseille;43,3661080;5,3334960;1;55;0.0;;1.0;2;0.0;2.0;9;0;1.0;;;1.0;0.0;1.0;90.0;Bouches-du-Rhône;93;Provence-Alpes-Côte d'Azur
201900001212;138Â 304Â 313;A01;1.0;1;2.0;2.0;1995.0;1.0;1.0;8.0;;; -1;;;2.0;7.0;0.0;2.0;4.0;1.0;1.0;;13;5;2019;15:30;1.0;13;13015;1;1.0;1.0;2.0;A51-Sens Aix en Provence vers Marseille;43,4587200;5,4026500;1;51;0.0;;3.0;2;0.0;1.0;8;500;1.0;;;1.0;0.0;1.0;90.0;Bouches-du-Rhône;93;Provence-Alpes-Côte d'Azur
201900001212;138Â 304Â 314;B01;1.0;1;2.0;2.0;2000.0;1.0;1.0;0.0;;; -1;;;2.0;7.0;0.0;2.0;1.0;1.0;1.0;;13;5;2019;15:30;1.0;13;13015;1;1.0;1.0;2.0;A51-Sens Aix en Provence vers Marseille;43,4587200;5,4026500;1;51;0.0;;3.0;2;0.0;1.0;8;500;1.0;;;1.0;0.0;1.0;90.0;Bouches-du-Rhône;93;Provence-Alpes-Côte d'Azur
201900001213;138Â 304Â 312;A01;1.0;1;3.0;1.0;1957.0;0.0;2.0;6.0;;0.0;0;;;1.0;33.0;13.0;0.0;7.0;1.0;1.0;;13;5;2019;11:05;1.0;13;13001;1;1.0;1.0;6.0;A51-Sens Marseille vers Aix en Provence;43,5279700;5,4279600;1;51;0.0;;1.0;1;0.0;3.0;17;0;1.0;;;1.0;0.0;1.0;50.0;Bouches-du-Rhône;93;Provence-Alpes-Côte d'Azur
201900001214;138Â 304Â 310;B01;1.0;1;2.0;1.0;1996.0;4.0;1.0;0.0;;; -1;;;1.0;13.0;0.0;2.0;1.0;1.0;1.0;;13;5;2019;09:25;1.0;13;13071;1;1.0;1.0;2.0;A7-Sens Lyon vers Marseille;43,4396800;5,2496000;1;7;0.0;;1.0;3;0.0;1.0;265;0;1.0;;;1.0;0.0;1.0;110.0;Bouches-du-Rhône;93;Provence-Alpes-Côte d'Azur
201900001214;138Â 304Â 311;A01;1.0;1;2.0;2.0;1997.0;1.0;1.0;8.0;;0.0;0;;;1.0;7.0;0.0;2.0;4.0;1.0;1.0;;13;5;2019;09:25;1.0;13;13071;1;1.0;1.0;2.0;A7-Sens Lyon vers Marseille;43,4396800;5,2496000;1;7;0.0;;1.0;3;0.0;1.0;265;0;1.0;;;1.0;0.0;1.0;110.0;Bouches-du-Rhône;93;Provence-Alpes-Côte d'Azur
201900001215;138Â 304Â 308;A01;1.0;1;2.0;1.0;1964.0;0.0;1.0;0.0;;0.0;0;;;1.0;7.0;0.0;2.0;8.0;9.0;1.0;;10;5;2019;09:13;1.0;13;13055;1;1.0;1.0;3.0;A507 sens Marseille - Aubagne;43,3213300;5,4225500;1;507;0.0;;3.0;3;0.0;2.0;5;99;1.0;;;1.0;0.0;1.0;70.0;Bouches-du-Rhône;93;Provence-Alpes-Côte d'Azur
201900001215;138Â 304Â 309;B01;1.0;1;1.0;1.0;1989.0;4.0;1.0;0.0;;;0;;;1.0;17.0;0.0;2.0;2.0;12.0;1.0;;10;5;2019;09:13;1.0;13;13055;1;1.0;1.0;3.0;A507 sens Marseille - Aubagne;43,3213300;5,4225500;1;507;0.0;;3.0;3;0.0;2.0;5;99;1.0;;;1.0;0.0;1.0;70.0;Bouches-du-Rhône;93;Provence-Alpes-Côte d'Azur
201900001216;138Â 304Â 305;C01;1.0;1;1.0;1.0;1995.0;5.0;1.0;0.0;;;0;;;1.0;7.0;0.0;2.0;7.0;2.0;1.0;;9;5;2019;13:40;1.0;13;13055;1;1.0;1.0;5.0;A507 sens Aubagne- Marseille;43,3005150;5,4253079;1;507;0.0;;3.0;4;0.0;1.0;7;949;1.0;;;1.0;1.0;1.0;70.0;Bouches-du-Rhône;93;Provence-Alpes-Côte d'Azur
201900001216;138Â 304Â 306;B01;2.0;2;1.0;2.0;2018.0;5.0;1.0;0.0;;;0;;;2.0;7.0;0.0;2.0;6.0;2.0;1.0;;9;5;2019;13:40;1.0;13;13055;1;1.0;1.0;5.0;A507 sens Aubagne- Marseille;43,3005150;5,4253079;1;507;0.0;;3.0;4;0.0;1.0;7;949;1.0;;;1.0;1.0;1.0;70.0;Bouches-du-Rhône;93;Provence-Alpes-Côte d'Azur
201900001216;138Â 304Â 306;B01;3.0;2;2.0;2.0;1959.0;5.0;1.0;0.0;;;0;;;2.0;7.0;0.0;2.0;6.0;2.0;1.0;;9;5;2019;13:40;1.0;13;13055;1;1.0;1.0;5.0;A507 sens Aubagne- Marseille;43,3005150;5,4253079;1;507;0.0;;3.0;4;0.0;1.0;7;949;1.0;;;1.0;1.0;1.0;70.0;Bouches-du-Rhône;93;Provence-Alpes-Côte d'Azur
201900001216;138Â 304Â 306;B01;1.0;1;2.0;2.0;1984.0;5.0;1.0;0.0;;;0;;;2.0;7.0;0.0;2.0;6.0;2.0;1.0;;9;5;2019;13:40;1.0;13;13055;1;1.0;1.0;5.0;A507 sens Aubagne- Marseille;43,3005150;5,4253079;1;507;0.0;;3.0;4;0.0;1.0;7;949;1.0;;;1.0;1.0;1.0;70.0;Bouches-du-Rhône;93;Provence-Alpes-Côte d'Azur
201900001216;138Â 304Â 307;A01;1.0;1;1.0;1.0;1983.0;4.0;1.0;0.0;;;0;;;2.0;15.0;0.0;2.0;7.0;12.0;1.0;;9;5;2019;13:40;1.0;13;13055;1;1.0;1.0;5.0;A507 sens Aubagne- Marseille;43,3005150;5,4253079;1;507;0.0;;3.0;4;0.0;1.0;7;949;1.0;;;1.0;1.0;1.0;70.0;Bouches-du-Rhône;93;Provence-Alpes-Côte d'Azur
201900001217;138Â 304Â 302;B01;1.0;1;2.0;2.0;1962.0;5.0;1.0;4.0;;; -1;;;1.0;7.0;0.0;2.0;4.0;2.0;1.0;;9;5;2019;10:00;1.0;13;13005;1;1.0;1.0;4.0;A502-Sens Toulon par R.N. vers  Aubagne;43,2838440;5,5882350;1;502;0.0;;3.0;2;0.0;4.0;1;639;1.0;;;1.0;0.0;1.0;70.0;Bouches-du-Rhône;93;Provence-Alpes-Côte d'Azur
201900001217;138Â 304Â 303;C01;1.0;1;2.0;1.0;1975.0;1.0;1.0;4.0;;; -1;;;1.0;7.0;0.0;2.0;1.0;2.0;1.0;;9;5;2019;10:00;1.0;13;13005;1;1.0;1.0;4.0;A502-Sens Toulon par R.N. vers  Aubagne;43,2838440;5,5882350;1;502;0.0;;3.0;2;0.0;4.0;1;639;1.0;;;1.0;0.0;1.0;70.0;Bouches-du-Rhône;93;Provence-Alpes-Côte d'Azur
201900001217;138Â 304Â 304;A01;1.0;1;1.0;1.0;1979.0;0.0;1.0;0.0;;; -1;;;1.0;7.0;0.0;2.0;4.0;2.0;1.0;;9;5;2019;10:00;1.0;13;13005;1;1.0;1.0;4.0;A502-Sens Toulon par R.N. vers  Aubagne;43,2838440;5,5882350;1;502;0.0;;3.0;2;0.0;4.0;1;639;1.0;;;1.0;0.0;1.0;70.0;Bouches-du-Rhône;93;Provence-Alpes-Côte d'Azur
201900001218;138Â 304Â 299;A01;1.0;1;1.0;2.0;1961.0;4.0;1.0;0.0;;; -1;;;1.0;10.0;0.0;2.0;4.0;1.0;1.0;;6;5;2019;18:15;1.0;13;13071;1;1.0;1.0;4.0;A5502D-Sens Marseille vers A55-Martigues;43,4028200;5,2986000;1;5502;0.0;;1.0;2;0.0;1.0;0;699;2.0;;;1.0;0.0;1.0;110.0;Bouches-du-Rhône;93;Provence-Alpes-Côte d'Azur
201900001218;138Â 304Â 300;B01;1.0;1;2.0;2.0;1966.0;1.0;1.0;0.0;;; -1;;;1.0;10.0;0.0;2.0;4.0;2.0;1.0;;6;5;2019;18:15;1.0;13;13071;1;1.0;1.0;4.0;A5502D-Sens Marseille vers A55-Martigues;43,4028200;5,2986000;1;5502;0.0;;1.0;2;0.0;1.0;0;699;2.0;;;1.0;0.0;1.0;110.0;Bouches-du-Rhône;93;Provence-Alpes-Côte d'Azur
201900001218;138Â 304Â 301;C01;1.0;1;2.0;1.0;1989.0;9.0;1.0;0.0;;; -1;;;1.0;10.0;0.0;2.0;1.0;1.0;1.0;;6;5;2019;18:15;1.0;13;13071;1;1.0;1.0;4.0;A5502D-Sens Marseille vers A55-Martigues;43,4028200;5,2986000;1;5502;0.0;;1.0;2;0.0;1.0;0;699;2.0;;;1.0;0.0;1.0;110.0;Bouches-du-Rhône;93;Provence-Alpes-Côte d'Azur
201900001219;138Â 304Â 296;A01;1.0;1;1.0;1.0;1972.0;4.0;1.0;0.0;;; -1;;;2.0;7.0;0.0;2.0;4.0;1.0;1.0;;6;5;2019;16:15;1.0;13;13071;1;1.0;1.0;4.0;A7-Sens Marseille vers Lyon;43,4130000;5,2814000;1;7;0.0;;;3;0.0;1.0;264;500;1.0;;;1.0;0.0;1.0;110.0;Bouches-du-Rhône;93;Provence-Alpes-Côte d'Azur
201900001219;138Â 304Â 297;B01;1.0;1;2.0;2.0;1984.0;9.0;1.0;0.0;;; -1;;;2.0;7.0;0.0;2.0;4.0;2.0;1.0;;6;5;2019;16:15;1.0;13;13071;1;1.0;1.0;4.0;A7-Sens Marseille vers Lyon;43,4130000;5,2814000;1;7;0.0;;;3;0.0;1.0;264;500;1.0;;;1.0;0.0;1.0;110.0;Bouches-du-Rhône;93;Provence-Alpes-Côte d'Azur
201900001219;138Â 304Â 298;C01;1.0;1;1.0;1.0;1978.0;4.0;1.0;0.0;;; -1;;;2.0;14.0;0.0;0.0;1.0;1.0;1.0;;6;5;2019;16:15;1.0;13;13071;1;1.0;1.0;4.0;A7-Sens Marseille vers Lyon;43,4130000;5,2814000;1;7;0.0;;;3;0.0;1.0;264;500;1.0;;;1.0;0.0;1.0;110.0;Bouches-du-Rhône;93;Provence-Alpes-Côte d'Azur
201900001220;138Â 304Â 294;A01;1.0;1;1.0;1.0;1939.0;5.0;1.0;0.0;;0.0;0;;;1.0;7.0;0.0;2.0;6.0;1.0;2.0;;2;5;2019;13:00;1.0;13;13211;1;1.0;1.0;2.0;Sens Marseille vers Aubagne;43,2924200;5,4557500;1;50;0.0;;1.0;3;0.0;1.0;5;199;1.0;;;1.0;0.0;1.0;90.0;Bouches-du-Rhône;93;Provence-Alpes-Côte d'Azur
201900001220;138Â 304Â 295;B01;1.0;1;2.0;1.0;1979.0;1.0;2.0;6.0;;; -1;;;1.0;32.0;0.0;2.0;1.0;2.0;1.0;;2;5;2019;13:00;1.0;13;13211;1;1.0;1.0;2.0;Sens Marseille vers Aubagne;43,2924200;5,4557500;1;50;0.0;;1.0;3;0.0;1.0;5;199;1.0;;;1.0;0.0;1.0;90.0;Bouches-du-Rhône;93;Provence-Alpes-Côte d'Azur