Num_Acc;id_vehicule;num_veh;place;catu;grav;sexe;an_nais;trajet;secu1;secu2;secu3;locp;actp;etatp;id_usager;senc;catv;obs;obsm;choc;manv;motor;occutc;jour;mois;an;hrmn;lum;dep;com;agg;int;atm;col;adr;lat;long;catr;voie;v1;v2;circ;nbv;vosp;prof;pr;pr1;plan;lartpc;larrout;surf;infra;situ;vma;nom_departement;reg;nom_region
201900001221;138Â 304Â 293;A01;1.0;1;2.0;2.0;1968.0;5.0;1.0;0.0;;0.0;0;;;1.0;7.0;12.0;0.0;1.0;1.0;1.0;;5;5;2019;14:50;1.0;13;13212;1;1.0;1.0;6.0;A507 sens Marseille - Aubagne;43,3064160;5,4251260;1;507;0.0;;1.0;3;0.0;1.0;4;400;1.0;;;1.0;1.0;1.0;70.0;Bouches-du-Rhône;93;Provence-Alpes-Côte d'Azur
201900001222;138Â 304Â 291;B01;1.0;1;3.0;1.0;1993.0;5.0;1.0;8.0;;0.0;0;;;2.0;7.0;3.0;2.0;1.0;14.0;1.0;;4;5;2019;04:50;3.0;13;13117;1;1.0;1.0;2.0;A7-Sens Marseille vers Lyon;43,4247650;5,2652810;1;7;0.0;;1.0;2;0.0;1.0;263;0;1.0;;;1.0;0.0;1.0;110.0;Bouches-du-Rhône;93;Provence-Alpes-Côte d'Azur
201900001222;138Â 304Â 292;A01;2.0;2;2.0;2.0;1999.0;5.0;1.0;8.0;;0.0;0;;;2.0;7.0;0.0;2.0;6.0;1.0;1.0;;4;5;2019;04:50;3.0;13;13117;1;1.0;1.0;2.0;A7-Sens Marseille vers Lyon;43,4247650;5,2652810;1;7;0.0;;1.0;2;0.0;1.0;263;0;1.0;;;1.0;0.0;1.0;110.0;Bouches-du-Rhône;93;Provence-Alpes-Côte d'Azur
201900001222;138Â 304Â 292;A01;1.0;1;2.0;1.0;2000.0;5.0;1.0;8.0;;0.0;0;;;2.0;7.0;0.0;2.0;6.0;1.0;1.0;;4;5;2019;04:50;3.0;13;13117;1;1.0;1.0;2.0;A7-Sens Marseille vers Lyon;43,4247650;5,2652810;1;7;0.0;;1.0;2;0.0;1.0;263;0;1.0;;;1.0;0.0;1.0;110.0;Bouches-du-Rhône;93;Provence-Alpes-Côte d'Azur
201900001223;138Â 304Â 290;A01;1.0;1;3.0;2.0;1972.0;9.0;2.0;6.0;;; -1;;;2.0;33.0;0.0;0.0;7.0;11.0;1.0;;3;5;2019;13:30;1.0;13;13071;1;1.0;1.0;6.0;A7-Sens Marseille vers Lyon;43,4046900;5,2991800;1;7;0.0;;1.0;2;0.0;1.0;266;500;1.0;;;1.0;0.0;;110.0;Bouches-du-Rhône;93;Provence-Alpes-Côte d'Azur
201900001224;138Â 304Â 289;A01;1.0;1;2.0;2.0;1968.0;5.0;1.0;0.0;;; -1;;;2.0;7.0;4.0;0.0;4.0;2.0;1.0;;4;5;2019;09:15;1.0;13;13005;1;1.0;1.0;6.0;A501-Sens Pont de l' Etoile vers Aubagne;43,3198000;5,5922000;1;501;0.0;;3.0;2;0.0;1.0;5;199;1.0;;;1.0;0.0;2.0;130.0;Bouches-du-Rhône;93;Provence-Alpes-Côte d'Azur
201900001225;138Â 304Â 288;A01;1.0;1;2.0;1.0;1986.0;1.0;1.0;8.0;;0.0;0;;;2.0;7.0;0.0;2.0;4.0;1.0;1.0;;4;5;2019;03:30;4.0;13;13215;1;1.0;1.0;2.0;A7-Sens Marseille vers Lyon;43,3477500;5,3716600;1;7;0.0;;1.0;3;0.0;1.0;277;100;1.0;;;1.0;3.0;1.0;90.0;Bouches-du-Rhône;93;Provence-Alpes-Côte d'Azur
201900001226;138Â 304Â 286;A01;1.0;1;3.0;1.0;1972.0;1.0;2.0;6.0;;; -1;;;2.0;31.0;0.0;2.0;2.0;1.0;1.0;;2;5;2019;14:00;1.0;13;13215;1;1.0;1.0;3.0;A7-Sens Marseille vers Lyon;43,3696400;5,3610400;1;7;0.0;;1.0;3;0.0;1.0;275;700;1.0;;;1.0;0.0;1.0;90.0;Bouches-du-Rhône;93;Provence-Alpes-Côte d'Azur
201900001227;138Â 304Â 283;B01;1.0;1;1.0;1.0;1992.0;1.0;1.0;0.0;;; -1;;;2.0;7.0;0.0;9.0;8.0;11.0;1.0;;1;5;2019;06:05;2.0;13;13210;2;1.0;1.0;3.0;A50-Sens Aubagne vers Marseille;43,2878700;5,4410040;1;50;0.0;;1.0;2;0.0;1.0;0;560;3.0;;;1.0;0.0;1.0;70.0;Bouches-du-Rhône;93;Provence-Alpes-Côte d'Azur
201900001227;138Â 304Â 284;A01;1.0;1;2.0;1.0;1975.0;0.0;2.0;0.0;;; -1;;;2.0;33.0;0.0;2.0;2.0;2.0;1.0;;1;5;2019;06:05;2.0;13;13210;2;1.0;1.0;3.0;A50-Sens Aubagne vers Marseille;43,2878700;5,4410040;1;50;0.0;;1.0;2;0.0;1.0;0;560;3.0;;;1.0;0.0;1.0;70.0;Bouches-du-Rhône;93;Provence-Alpes-Côte d'Azur
201900001228;138Â 304Â 282;A01;1.0;1;2.0;1.0;1989.0;5.0;1.0;0.0;;; -1;;;1.0;7.0;0.0;;9.0;2.0;1.0;;28;4;2019;19:40;2.0;13;13085;2;1.0;1.0;6.0;A50-Sens Aubagne vers Toulon;43,2637696;5,5881382;1;50;0.0;;1.0;4;0.0;2.0;27;204;1.0;;;1.0;0.0;1.0;90.0;Bouches-du-Rhône;93;Provence-Alpes-Côte d'Azur
201900001229;138Â 304Â 280;A01;2.0;2;1.0;2.0;1961.0;0.0;1.0;0.0;;; -1;;;1.0;7.0;0.0;2.0;6.0;2.0;1.0;;30;4;2019;22:10;3.0;13;13215;1;1.0;1.0;2.0;A7-Sens Marseille vers Lyon;43,3332700;5,3775600;1;7;0.0;;1.0;3;0.0;1.0;279;0;1.0;;;1.0;0.0;1.0;90.0;Bouches-du-Rhône;93;Provence-Alpes-Côte d'Azur
201900001229;138Â 304Â 280;A01;1.0;1;2.0;1.0;1953.0;0.0;1.0;0.0;;; -1;;;1.0;7.0;0.0;2.0;6.0;2.0;1.0;;30;4;2019;22:10;3.0;13;13215;1;1.0;1.0;2.0;A7-Sens Marseille vers Lyon;43,3332700;5,3775600;1;7;0.0;;1.0;3;0.0;1.0;279;0;1.0;;;1.0;0.0;1.0;90.0;Bouches-du-Rhône;93;Provence-Alpes-Côte d'Azur
201900001229;138Â 304Â 281;B01;1.0;1;1.0;1.0;1985.0;0.0;1.0;0.0;;;0;;;1.0;7.0;0.0;2.0;2.0;17.0;1.0;;30;4;2019;22:10;3.0;13;13215;1;1.0;1.0;2.0;A7-Sens Marseille vers Lyon;43,3332700;5,3775600;1;7;0.0;;1.0;3;0.0;1.0;279;0;1.0;;;1.0;0.0;1.0;90.0;Bouches-du-Rhône;93;Provence-Alpes-Côte d'Azur
201900001230;138Â 304Â 277;A01;1.0;1;1.0;1.0;1973.0;1.0;1.0;0.0;;; -1;;;1.0;10.0;0.0;2.0;4.0;2.0;1.0;;30;4;2019;17:45;1.0;13;13005;1;1.0;1.0;4.0;A50-Sens Marseille vers Aubagne;43,2840000;5,5232000;1;50;0.0;;3.0;3;0.0;1.0;14;0;1.0;;;1.0;0.0;1.0;90.0;Bouches-du-Rhône;93;Provence-Alpes-Côte d'Azur
201900001230;138Â 304Â 278;B01;1.0;1;2.0;2.0;1993.0;1.0;1.0;0.0;;; -1;;;1.0;7.0;0.0;2.0;4.0;2.0;1.0;;30;4;2019;17:45;1.0;13;13005;1;1.0;1.0;4.0;A50-Sens Marseille vers Aubagne;43,2840000;5,5232000;1;50;0.0;;3.0;3;0.0;1.0;14;0;1.0;;;1.0;0.0;1.0;90.0;Bouches-du-Rhône;93;Provence-Alpes-Côte d'Azur
201900001230;138Â 304Â 279;C01;1.0;1;1.0;1.0;1975.0;1.0;1.0;0.0;;; -1;;;1.0;10.0;0.0;2.0;1.0;2.0;1.0;;30;4;2019;17:45;1.0;13;13005;1;1.0;1.0;4.0;A50-Sens Marseille vers Aubagne;43,2840000;5,5232000;1;50;0.0;;3.0;3;0.0;1.0;14;0;1.0;;;1.0;0.0;1.0;90.0;Bouches-du-Rhône;93;Provence-Alpes-Côte d'Azur
201900001231;138Â 304Â 275;A01;1.0;1;2.0;1.0;1968.0;9.0;1.0;0.0;;; -1;;;1.0;7.0;0.0;2.0;5.0;12.0;1.0;;30;4;2019;16:50;1.0;13;13215;1;1.0;1.0;6.0;A7-Sens Lyon vers Marseille;43,3634900;5,3606300;1;7;0.0;;1.0;3;0.0;1.0;275;500;1.0;;;1.0;0.0;1.0;90.0;Bouches-du-Rhône;93;Provence-Alpes-Côte d'Azur
201900001231;138Â 304Â 276;B01;1.0;1;2.0;1.0;1991.0;9.0;2.0;6.0;;; -1;;;1.0;33.0;0.0;2.0;8.0;1.0;1.0;;30;4;2019;16:50;1.0;13;13215;1;1.0;1.0;6.0;A7-Sens Lyon vers Marseille;43,3634900;5,3606300;1;7;0.0;;1.0;3;0.0;1.0;275;500;1.0;;;1.0;0.0;1.0;90.0;Bouches-du-Rhône;93;Provence-Alpes-Côte d'Azur
201900001232;138Â 304Â 274;A01;1.0;1;3.0;2.0;1947.0;5.0;1.0;0.0;;; -1;;;1.0;7.0;0.0;0.0;1.0;2.0;1.0;;30;4;2019;14:20;1.0;13;13085;1;1.0;1.0;7.0;A50-Sens Aubagne vers Toulon;43,2436000;5,5944000;1;50;0.0;;1.0;3;0.0;1.0;27;500;1.0;;;1.0;0.0;1.0;90.0;Bouches-du-Rhône;93;Provence-Alpes-Côte d'Azur
201900001233;138Â 304Â 270;A01;1.0;1;2.0;2.0;1985.0;0.0;1.0;0.0;;; -1;;;2.0;7.0;0.0;2.0;4.0;0.0;1.0;;30;4;2019;07:15;1.0;13;13211;1;1.0;1.0;4.0;A50-Sens Aubagne vers Marseille;43,2922100;5,4799800;1;50;0.0;;3.0;3;0.0;1.0;7;800;1.0;;;1.0;0.0;1.0;90.0;Bouches-du-Rhône;93;Provence-Alpes-Côte d'Azur
201900001233;138Â 304Â 271;C01;1.0;1;1.0;2.0;1986.0;0.0;1.0;0.0;;; -1;;;2.0;7.0;0.0;0.0;0.0;0.0;1.0;;30;4;2019;07:15;1.0;13;13211;1;1.0;1.0;4.0;A50-Sens Aubagne vers Marseille;43,2922100;5,4799800;1;50;0.0;;3.0;3;0.0;1.0;7;800;1.0;;;1.0;0.0;1.0;90.0;Bouches-du-Rhône;93;Provence-Alpes-Côte d'Azur
201900001233;138Â 304Â 272;B01;1.0;1;2.0;1.0;1978.0;0.0;1.0;0.0;;; -1;;;2.0;7.0;0.0;2.0;1.0;2.0;1.0;;30;4;2019;07:15;1.0;13;13211;1;1.0;1.0;4.0;A50-Sens Aubagne vers Marseille;43,2922100;5,4799800;1;50;0.0;;3.0;3;0.0;1.0;7;800;1.0;;;1.0;0.0;1.0;90.0;Bouches-du-Rhône;93;Provence-Alpes-Côte d'Azur
201900001233;138Â 304Â 273;D01;1.0;1;2.0;2.0;1985.0;0.0;1.0;0.0;;; -1;;;2.0;7.0;0.0;2.0;1.0;2.0;1.0;;30;4;2019;07:15;1.0;13;13211;1;1.0;1.0;4.0;A50-Sens Aubagne vers Marseille;43,2922100;5,4799800;1;50;0.0;;3.0;3;0.0;1.0;7;800;1.0;;;1.0;0.0;1.0;90.0;Bouches-du-Rhône;93;Provence-Alpes-Côte d'Azur
201900001234;138Â 304Â 267;A01;1.0;1;1.0;1.0;1976.0;1.0;1.0;0.0;;; -1;;;1.0;7.0;0.0;2.0;1.0;2.0;1.0;;29;4;2019;12:26;1.0;13;13210;1;4.0;1.0;4.0;S10CM-Sens Marseille vers A.50 Aubagne;43,2834100;5,4006300;1;50;0.0;;3.0;1;0.0;2.0;0;100;2.0;;;1.0;2.0;1.0;50.0;Bouches-du-Rhône;93;Provence-Alpes-Côte d'Azur
201900001234;138Â 304Â 268;B01;1.0;1;2.0;1.0;1971.0;5.0;1.0;8.0;;; -1;;;1.0;7.0;0.0;2.0;4.0;2.0;1.0;;29;4;2019;12:26;1.0;13;13210;1;4.0;1.0;4.0;S10CM-Sens Marseille vers A.50 Aubagne;43,2834100;5,4006300;1;50;0.0;;3.0;1;0.0;2.0;0;100;2.0;;;1.0;2.0;1.0;50.0;Bouches-du-Rhône;93;Provence-Alpes-Côte d'Azur
201900001234;138Â 304Â 269;C01;1.0;1;2.0;1.0;1991.0;0.0;1.0;0.0;;; -1;;;1.0;7.0;0.0;2.0;4.0;1.0;1.0;;29;4;2019;12:26;1.0;13;13210;1;4.0;1.0;4.0;S10CM-Sens Marseille vers A.50 Aubagne;43,2834100;5,4006300;1;50;0.0;;3.0;1;0.0;2.0;0;100;2.0;;;1.0;2.0;1.0;50.0;Bouches-du-Rhône;93;Provence-Alpes-Côte d'Azur
201900001235;138Â 304Â 264;A01;1.0;1;2.0;1.0;1976.0;1.0;2.0;6.0;;; -1;;;1.0;33.0;0.0;2.0;6.0;1.0;1.0;;29;4;2019;08:00;1.0;13;13106;1;1.0;1.0;5.0;A7-Sens Lyon vers Marseille;43,3971700;5,3502800;1;7;0.0;;1.0;3;0.0;2.0;271;0;1.0;;;1.0;0.0;1.0;110.0;Bouches-du-Rhône;93;Provence-Alpes-Côte d'Azur
201900001235;138Â 304Â 265;B01;1.0;1;1.0;1.0;1963.0;1.0;1.0;8.0;;; -1;;;1.0;7.0;0.0;2.0;2.0;0.0;1.0;;29;4;2019;08:00;1.0;13;13106;1;1.0;1.0;5.0;A7-Sens Lyon vers Marseille;43,3971700;5,3502800;1;7;0.0;;1.0;3;0.0;2.0;271;0;1.0;;;1.0;0.0;1.0;110.0;Bouches-du-Rhône;93;Provence-Alpes-Côte d'Azur
201900001235;138Â 304Â 266;C01;1.0;1;1.0;2.0;1985.0;1.0;1.0;8.0;;; -1;;;1.0;7.0;0.0;2.0;4.0;1.0;1.0;;29;4;2019;08:00;1.0;13;13106;1;1.0;1.0;5.0;A7-Sens Lyon vers Marseille;43,3971700;5,3502800;1;7;0.0;;1.0;3;0.0;2.0;271;0;1.0;;;1.0;0.0;1.0;110.0;Bouches-du-Rhône;93;Provence-Alpes-Côte d'Azur
201900001236;138Â 304Â 262;Z01;1.0;1;1.0;1.0;1993.0;0.0;8.0;0.0;;; -1;;;2.0;7.0;0.0;2.0;1.0;2.0;0.0;;28;4;2019;21:10;2.0;13;13071;1;1.0;1.0;2.0;A51-Sens Aix en Provence vers Marseille;43,4098306;5,3637475;1;51;0.0;;3.0;3;0.0;1.0;3;0;1.0;;;1.0;0.0;1.0;90.0;Bouches-du-Rhône;93;Provence-Alpes-Côte d'Azur
201900001236;138Â 304Â 263;A01;2.0;2;2.0;2.0;1989.0;0.0;1.0;4.0;;; -1;;;2.0;7.0;3.0;2.0;4.0;12.0;1.0;;28;4;2019;21:10;2.0;13;13071;1;1.0;1.0;2.0;A51-Sens Aix en Provence vers Marseille;43,4098306;5,3637475;1;51;0.0;;3.0;3;0.0;1.0;3;0;1.0;;;1.0;0.0;1.0;90.0;Bouches-du-Rhône;93;Provence-Alpes-Côte d'Azur
201900001236;138Â 304Â 263;A01;1.0;1;2.0;1.0;1993.0;0.0;1.0;4.0;;; -1;;;2.0;7.0;3.0;2.0;4.0;12.0;1.0;;28;4;2019;21:10;2.0;13;13071;1;1.0;1.0;2.0;A51-Sens Aix en Provence vers Marseille;43,4098306;5,3637475;1;51;0.0;;3.0;3;0.0;1.0;3;0;1.0;;;1.0;0.0;1.0;90.0;Bouches-du-Rhône;93;Provence-Alpes-Côte d'Azur
201900001237;138Â 304Â 260;B01;1.0;1;1.0;1.0;1944.0;5.0;1.0;8.0;;;0;;;1.0;7.0;0.0;2.0;5.0;1.0;1.0;;16;5;2019;17:15;1.0;83;83069;1;1.0;1.0;2.0;;43,1231200;6,0968600;1;570;0.0;;3.0;5;0.0;1.0;10;0;1.0;;;2.0;0.0;1.0;90.0;Var;93;Provence-Alpes-Côte d'Azur
201900001237;138Â 304Â 261;A01;1.0;1;3.0;1.0;1986.0;3.0;2.0;6.0;;;0;;;1.0;32.0;12.0;2.0;1.0;3.0;1.0;;16;5;2019;17:15;1.0;83;83069;1;1.0;1.0;2.0;;43,1231200;6,0968600;1;570;0.0;;3.0;5;0.0;1.0;10;0;1.0;;;2.0;0.0;1.0;90.0;Var;93;Provence-Alpes-Côte d'Azur
201900001238;138Â 304Â 251;B01;1.0;1;2.0;2.0;1955.0;5.0;1.0;8.0;;;0;;;1.0;7.0;0.0;2.0;5.0;1.0;1.0;;4;5;2019;10:23;1.0;83;83062;1;1.0;1.0;6.0;;43,1434000;6,0142000;1;57;0.0;;3.0;6;0.0;1.0;6;800;1.0;;;1.0;0.0;1.0;90.0;Var;93;Provence-Alpes-Côte d'Azur
201900001238;138Â 304Â 252;C01;1.0;1;1.0;2.0;1940.0;5.0;1.0;8.0;;;0;;;1.0;7.0;0.0;0.0;0.0;11.0;1.0;;4;5;2019;10:23;1.0;83;83062;1;1.0;1.0;6.0;;43,1434000;6,0142000;1;57;0.0;;3.0;6;0.0;1.0;6;800;1.0;;;1.0;0.0;1.0;90.0;Var;93;Provence-Alpes-Côte d'Azur
201900001238;138Â 304Â 253;A01;1.0;1;2.0;2.0;1983.0;9.0;2.0;4.0;;;0;;;1.0;31.0;0.0;2.0;1.0;21.0;1.0;;4;5;2019;10:23;1.0;83;83062;1;1.0;1.0;6.0;;43,1434000;6,0142000;1;57;0.0;;3.0;6;0.0;1.0;6;800;1.0;;;1.0;0.0;1.0;90.0;Var;93;Provence-Alpes-Côte d'Azur
201900001239;138Â 304Â 249;A01;1.0;1;2.0;1.0;1974.0;9.0;2.0;0.0;;;0;;;1.0;31.0;0.0;2.0;3.0;3.0;1.0;;2;5;2019;09:15;1.0;83;83137;1;1.0;1.0;3.0;A57;43,1243774;5,9657739;1;57;0.0;;;6;0.0;1.0;0;899;1.0;;;1.0;0.0;1.0;90.0;Var;93;Provence-Alpes-Côte d'Azur
201900001239;138Â 304Â 250;B01;1.0;1;1.0;2.0;1966.0;9.0;1.0;0.0;;;0;;;1.0;7.0;0.0;2.0;2.0;1.0;1.0;;2;5;2019;09:15;1.0;83;83137;1;1.0;1.0;3.0;A57;43,1243774;5,9657739;1;57;0.0;;;6;0.0;1.0;0;899;1.0;;;1.0;0.0;1.0;90.0;Var;93;Provence-Alpes-Côte d'Azur
201900001240;138Â 304Â 247;A01;1.0;1;2.0;2.0;1985.0;9.0;1.0;0.0;;;0;;;1.0;7.0;0.0;2.0;4.0;26.0;1.0;;30;4;2019;17:07;1.0;83;83035;1;1.0;1.0;1.0;A50;43,1614400;5,7674300;1;50;0.0;;3.0;6;0.0;1.0;51;0;1.0;;;1.0;0.0;1.0;130.0;Var;93;Provence-Alpes-Côte d'Azur
201900001240;138Â 304Â 248;B01;1.0;1;1.0;1.0;1984.0;9.0;1.0;0.0;;;0;;;1.0;10.0;0.0;2.0;1.0;2.0;1.0;;30;4;2019;17:07;1.0;83;83035;1;1.0;1.0;1.0;A50;43,1614400;5,7674300;1;50;0.0;;3.0;6;0.0;1.0;51;0;1.0;;;1.0;0.0;1.0;130.0;Var;93;Provence-Alpes-Côte d'Azur
201900001241;138Â 304Â 244;A01;1.0;1;1.0;1.0;1966.0;5.0;1.0;8.0;;;0;;;2.0;7.0;16.0;0.0;3.0;1.0;1.0;;29;4;2019;14:35;1.0;83;83137;1;1.0;1.0;6.0;;43,1213200;5,9533100;1;50;0.0;;3.0;6;0.0;1.0;67;699;1.0;;;1.0;0.0;1.0;110.0;Var;93;Provence-Alpes-Côte d'Azur
201900001241;138Â 304Â 245;C01;1.0;1;2.0;2.0;1998.0;5.0;2.0;0.0;;;0;;;2.0;33.0;0.0;2.0;1.0;2.0;1.0;;29;4;2019;14:35;1.0;83;83137;1;1.0;1.0;6.0;;43,1213200;5,9533100;1;50;0.0;;3.0;6;0.0;1.0;67;699;1.0;;;1.0;0.0;1.0;110.0;Var;93;Provence-Alpes-Côte d'Azur
201900001241;138Â 304Â 246;B01;1.0;1;1.0;1.0;1990.0;5.0;1.0;8.0;;;0;;;2.0;7.0;0.0;2.0;4.0;1.0;1.0;;29;4;2019;14:35;1.0;83;83137;1;1.0;1.0;6.0;;43,1213200;5,9533100;1;50;0.0;;3.0;6;0.0;1.0;67;699;1.0;;;1.0;0.0;1.0;110.0;Var;93;Provence-Alpes-Côte d'Azur
201900001242;138Â 304Â 241;A01;1.0;1;1.0;1.0;1981.0;9.0;1.0;8.0;;;0;;;1.0;7.0;0.0;2.0;1.0;2.0;1.0;;26;4;2019;17:21;1.0;83;83137;1;1.0;1.0;4.0;;43,1213200;5,9533100;1;50;0.0;;1.0;2;0.0;1.0;69;0;1.0;;;1.0;1.0;1.0;70.0;Var;93;Provence-Alpes-Côte d'Azur
201900001242;138Â 304Â 242;C01;1.0;1;1.0;2.0;1945.0;9.0;1.0;8.0;;;0;;;1.0;7.0;0.0;2.0;4.0;23.0;1.0;;26;4;2019;17:21;1.0;83;83137;1;1.0;1.0;4.0;;43,1213200;5,9533100;1;50;0.0;;1.0;2;0.0;1.0;69;0;1.0;;;1.0;1.0;1.0;70.0;Var;93;Provence-Alpes-Côte d'Azur
201900001242;138Â 304Â 243;B01;2.0;2;2.0;1.0;1995.0;9.0;1.0;8.0;;;0;;;1.0;7.0;0.0;2.0;4.0;23.0;1.0;;26;4;2019;17:21;1.0;83;83137;1;1.0;1.0;4.0;;43,1213200;5,9533100;1;50;0.0;;1.0;2;0.0;1.0;69;0;1.0;;;1.0;1.0;1.0;70.0;Var;93;Provence-Alpes-Côte d'Azur
201900001242;138Â 304Â 243;B01;1.0;1;2.0;2.0;1995.0;9.0;1.0;8.0;;;0;;;1.0;7.0;0.0;2.0;4.0;23.0;1.0;;26;4;2019;17:21;1.0;83;83137;1;1.0;1.0;4.0;;43,1213200;5,9533100;1;50;0.0;;1.0;2;0.0;1.0;69;0;1.0;;;1.0;1.0;1.0;70.0;Var;93;Provence-Alpes-Côte d'Azur
201900001243;138Â 304Â 236;A01;3.0;2;2.0;2.0;1990.0;5.0;1.0;8.0;;; -1;;;1.0;10.0;0.0;2.0;1.0;11.0;1.0;;25;5;2019;23:30;5.0;69;69275;1;1.0;1.0;5.0;RN346   29.300 A 34.350;45,7671100;4,9850100;2;346;0.0;;3.0;3;0.0;1.0;33;500;1.0;;;1.0;0.0;1.0;90.0;Rhône;84;Auvergne-Rhône-Alpes
201900001243;138Â 304Â 236;A01;1.0;1;1.0;1.0;1992.0;5.0;1.0;8.0;;;0;;;1.0;10.0;0.0;2.0;1.0;11.0;1.0;;25;5;2019;23:30;5.0;69;69275;1;1.0;1.0;5.0;RN346   29.300 A 34.350;45,7671100;4,9850100;2;346;0.0;;3.0;3;0.0;1.0;33;500;1.0;;;1.0;0.0;1.0;90.0;Rhône;84;Auvergne-Rhône-Alpes
201900001243;138Â 304Â 237;B01;1.0;1;2.0;1.0;1957.0;5.0;1.0;8.0;;;0;;;1.0;7.0;0.0;2.0;4.0;11.0;1.0;;25;5;2019;23:30;5.0;69;69275;1;1.0;1.0;5.0;RN346   29.300 A 34.350;45,7671100;4,9850100;2;346;0.0;;3.0;3;0.0;1.0;33;500;1.0;;;1.0;0.0;1.0;90.0;Rhône;84;Auvergne-Rhône-Alpes
201900001243;138Â 304Â 237;B01;3.0;2;2.0;2.0;1997.0;5.0;1.0;8.0;;;0;;;1.0;7.0;0.0;2.0;4.0;11.0;1.0;;25;5;2019;23:30;5.0;69;69275;1;1.0;1.0;5.0;RN346   29.300 A 34.350;45,7671100;4,9850100;2;346;0.0;;3.0;3;0.0;1.0;33;500;1.0;;;1.0;0.0;1.0;90.0;Rhône;84;Auvergne-Rhône-Alpes
201900001243;138Â 304Â 237;B01;2.0;2;2.0;2.0;1965.0;5.0;1.0;8.0;;;0;;;1.0;7.0;0.0;2.0;4.0;11.0;1.0;;25;5;2019;23:30;5.0;69;69275;1;1.0;1.0;5.0;RN346   29.300 A 34.350;45,7671100;4,9850100;2;346;0.0;;3.0;3;0.0;1.0;33;500;1.0;;;1.0;0.0;1.0;90.0;Rhône;84;Auvergne-Rhône-Alpes
201900001243;138Â 304Â 238;C01;1.0;1;2.0;1.0;1984.0;5.0;1.0;8.0;;;0;;;2.0;7.0;0.0;2.0;2.0;1.0;1.0;;25;5;2019;23:30;5.0;69;69275;1;1.0;1.0;5.0;RN346   29.300 A 34.350;45,7671100;4,9850100;2;346;0.0;;3.0;3;0.0;1.0;33;500;1.0;;;1.0;0.0;1.0;90.0;Rhône;84;Auvergne-Rhône-Alpes
201900001243;138Â 304Â 239;D01;1.0;1;1.0;2.0;1960.0;5.0;1.0;8.0;;;0;;;2.0;7.0;0.0;2.0;8.0;1.0;1.0;;25;5;2019;23:30;5.0;69;69275;1;1.0;1.0;5.0;RN346   29.300 A 34.350;45,7671100;4,9850100;2;346;0.0;;3.0;3;0.0;1.0;33;500;1.0;;;1.0;0.0;1.0;90.0;Rhône;84;Auvergne-Rhône-Alpes
201900001243;138Â 304Â 240;E01;1.0;1;1.0;1.0;1981.0;5.0;1.0;8.0;;;0;;;2.0;7.0;0.0;2.0;8.0;2.0;1.0;;25;5;2019;23:30;5.0;69;69275;1;1.0;1.0;5.0;RN346   29.300 A 34.350;45,7671100;4,9850100;2;346;0.0;;3.0;3;0.0;1.0;33;500;1.0;;;1.0;0.0;1.0;90.0;Rhône;84;Auvergne-Rhône-Alpes
201900001244;138Â 304Â 232;C01;1.0;1;2.0;1.0;1986.0;5.0;1.0;0.0;;;0;;;1.0;10.0;0.0;2.0;4.0;2.0;1.0;;27;5;2019;17:10;1.0;69;69290;1;1.0;1.0;6.0;A43   3.865 A 9.894;45,7059000;4,9590000;1;43;0.0;;3.0;5;0.0;1.0;6;900;1.0;;;1.0;0.0;1.0;90.0;Rhône;84;Auvergne-Rhône-Alpes
201900001244;138Â 304Â 233;B01;1.0;1;2.0;1.0;1984.0;1.0;1.0;0.0;;;0;;;1.0;10.0;0.0;2.0;4.0;23.0;1.0;;27;5;2019;17:10;1.0;69;69290;1;1.0;1.0;6.0;A43   3.865 A 9.894;45,7059000;4,9590000;1;43;0.0;;3.0;5;0.0;1.0;6;900;1.0;;;1.0;0.0;1.0;90.0;Rhône;84;Auvergne-Rhône-Alpes
201900001244;138Â 304Â 234;A01;1.0;1;2.0;1.0;1997.0;5.0;1.0;8.0;;;0;;;1.0;10.0;0.0;2.0;1.0;2.0;1.0;;27;5;2019;17:10;1.0;69;69290;1;1.0;1.0;6.0;A43   3.865 A 9.894;45,7059000;4,9590000;1;43;0.0;;3.0;5;0.0;1.0;6;900;1.0;;;1.0;0.0;1.0;90.0;Rhône;84;Auvergne-Rhône-Alpes
201900001244;138Â 304Â 235;D01;3.0;2;1.0;2.0;1989.0;5.0;1.0;0.0;;;0;;;1.0;7.0;0.0;2.0;4.0;2.0;1.0;;27;5;2019;17:10;1.0;69;69290;1;1.0;1.0;6.0;A43   3.865 A 9.894;45,7059000;4,9590000;1;43;0.0;;3.0;5;0.0;1.0;6;900;1.0;;;1.0;0.0;1.0;90.0;Rhône;84;Auvergne-Rhône-Alpes
201900001244;138Â 304Â 235;D01;1.0;1;1.0;1.0;1989.0;5.0;1.0;0.0;;;0;;;1.0;7.0;0.0;2.0;4.0;2.0;1.0;;27;5;2019;17:10;1.0;69;69290;1;1.0;1.0;6.0;A43   3.865 A 9.894;45,7059000;4,9590000;1;43;0.0;;3.0;5;0.0;1.0;6;900;1.0;;;1.0;0.0;1.0;90.0;Rhône;84;Auvergne-Rhône-Alpes