Num_Acc;id_vehicule;num_veh;place;catu;grav;sexe;an_nais;trajet;secu1;secu2;secu3;locp;actp;etatp;id_usager;senc;catv;obs;obsm;choc;manv;motor;occutc;jour;mois;an;hrmn;lum;dep;com;agg;int;atm;col;adr;lat;long;catr;voie;v1;v2;circ;nbv;vosp;prof;pr;pr1;plan;lartpc;larrout;surf;infra;situ;vma;nom_departement;reg;nom_region
201900001244;138Â 304Â 235;D01;2.0;2;1.0;1.0;2019.0;5.0;3.0;8.0;;;0;;;1.0;7.0;0.0;2.0;4.0;2.0;1.0;;27;5;2019;17:10;1.0;69;69290;1;1.0;1.0;6.0;A43   3.865 A 9.894;45,7059000;4,9590000;1;43;0.0;;3.0;5;0.0;1.0;6;900;1.0;;;1.0;0.0;1.0;90.0;Rhône;84;Auvergne-Rhône-Alpes
201900001245;138Â 304Â 230;B01;1.0;1;1.0;1.0;1999.0;5.0;1.0;0.0;;;0;;;2.0;7.0;4.0;2.0;6.0;26.0;1.0;;23;5;2019;15:45;1.0;69;69152;1;1.0;1.0;2.0;A450   0.000 A 1.090;45,6959000;4,8328100;1;450;0.0;;3.0;3;0.0;1.0;0;125;1.0;;;1.0;0.0;1.0;70.0;Rhône;84;Auvergne-Rhône-Alpes
201900001245;138Â 304Â 230;B01;2.0;2;2.0;1.0;2000.0;5.0;1.0;8.0;;;0;;;2.0;7.0;4.0;2.0;6.0;26.0;1.0;;23;5;2019;15:45;1.0;69;69152;1;1.0;1.0;2.0;A450   0.000 A 1.090;45,6959000;4,8328100;1;450;0.0;;3.0;3;0.0;1.0;0;125;1.0;;;1.0;0.0;1.0;70.0;Rhône;84;Auvergne-Rhône-Alpes
201900001245;138Â 304Â 231;A01;1.0;1;2.0;2.0;1996.0;5.0;1.0;8.0;;;0;;;2.0;7.0;1.0;2.0;2.0;1.0;1.0;;23;5;2019;15:45;1.0;69;69152;1;1.0;1.0;2.0;A450   0.000 A 1.090;45,6959000;4,8328100;1;450;0.0;;3.0;3;0.0;1.0;0;125;1.0;;;1.0;0.0;1.0;70.0;Rhône;84;Auvergne-Rhône-Alpes
201900001246;138Â 304Â 228;A01;1.0;1;3.0;1.0;1973.0;4.0;2.0;6.0;;;0;;;2.0;33.0;0.0;2.0;3.0;18.0;1.0;;23;5;2019;13:55;1.0;69;69081;1;1.0;1.0;3.0;A6   449.510 A 451.640;45,7773700;4,7817200;1;6;0.0;;3.0;3;0.0;2.0;450;700;1.0;;;1.0;0.0;1.0;70.0;Rhône;84;Auvergne-Rhône-Alpes
201900001246;138Â 304Â 229;B01;1.0;1;1.0;1.0;1961.0;4.0;1.0;0.0;;;0;;;2.0;7.0;0.0;2.0;5.0;12.0;1.0;;23;5;2019;13:55;1.0;69;69081;1;1.0;1.0;3.0;A6   449.510 A 451.640;45,7773700;4,7817200;1;6;0.0;;3.0;3;0.0;2.0;450;700;1.0;;;1.0;0.0;1.0;70.0;Rhône;84;Auvergne-Rhône-Alpes
201900001247;138Â 304Â 226;B01;1.0;1;1.0;1.0;1997.0;9.0;1.0;0.0;;;0;;;2.0;7.0;0.0;2.0;4.0;2.0;1.0;;20;5;2019;17:25;1.0;69;69276;1;1.0;1.0;2.0;BUS (RD301)   0.000 A 2.800;45,6844822;4,8560206;3;301;0.0;;3.0;3;0.0;1.0;1;500;1.0;;;1.0;0.0;1.0;90.0;Rhône;84;Auvergne-Rhône-Alpes
201900001247;138Â 304Â 227;A01;1.0;1;3.0;1.0;1981.0;5.0;2.0;6.0;;;0;;;2.0;33.0;0.0;2.0;1.0;2.0;1.0;;20;5;2019;17:25;1.0;69;69276;1;1.0;1.0;2.0;BUS (RD301)   0.000 A 2.800;45,6844822;4,8560206;3;301;0.0;;3.0;3;0.0;1.0;1;500;1.0;;;1.0;0.0;1.0;90.0;Rhône;84;Auvergne-Rhône-Alpes
201900001248;138Â 304Â 220;A01;1.0;1;1.0;1.0;1985.0;4.0;1.0;8.0;;0.0;0;;;2.0;10.0;0.0;2.0;1.0;1.0;1.0;;14;5;2019;09:00;1.0;69;69266;1;9.0;1.0;2.0;A42   0.000 A 0.560;45,7837438;4,8940535;1;42;0.0;;1.0;3;0.0;1.0;0;10;1.0;;;1.0;2.0;1.0;70.0;Rhône;84;Auvergne-Rhône-Alpes
201900001248;138Â 304Â 221;B01;1.0;1;2.0;2.0;1980.0;4.0;1.0;8.0;;0.0;0;;;2.0;7.0;0.0;6.0;4.0;1.0;1.0;;14;5;2019;09:00;1.0;69;69266;1;9.0;1.0;2.0;A42   0.000 A 0.560;45,7837438;4,8940535;1;42;0.0;;1.0;3;0.0;1.0;0;10;1.0;;;1.0;2.0;1.0;70.0;Rhône;84;Auvergne-Rhône-Alpes
201900001249;138Â 304Â 218;B01;1.0;1;1.0;1.0;1977.0;4.0;1.0;8.0;;0.0;0;;;1.0;15.0;0.0;2.0;4.0;1.0;0.0;;15;5;2019;15:30;1.0;69;69256;2;1.0;1.0;2.0;A42     0.560 A 4.020;45,7915400;4,9121000;1;42;0.0;;1.0;2;0.0;1.0;1;700;1.0;;;1.0;0.0;1.0;90.0;Rhône;84;Auvergne-Rhône-Alpes
201900001249;138Â 304Â 219;A01;1.0;1;1.0;1.0;1984.0;1.0;1.0;8.0;;0.0;0;;;1.0;10.0;0.0;2.0;2.0;17.0;0.0;;15;5;2019;15:30;1.0;69;69256;2;1.0;1.0;2.0;A42     0.560 A 4.020;45,7915400;4,9121000;1;42;0.0;;1.0;2;0.0;1.0;1;700;1.0;;;1.0;0.0;1.0;90.0;Rhône;84;Auvergne-Rhône-Alpes
201900001249;138Â 304Â 219;A01;2.0;2;3.0;1.0;1991.0;1.0;1.0;8.0;;0.0;0;;;1.0;10.0;0.0;2.0;2.0;17.0;0.0;;15;5;2019;15:30;1.0;69;69256;2;1.0;1.0;2.0;A42     0.560 A 4.020;45,7915400;4,9121000;1;42;0.0;;1.0;2;0.0;1.0;1;700;1.0;;;1.0;0.0;1.0;90.0;Rhône;84;Auvergne-Rhône-Alpes
201900001250;138Â 304Â 217;A01;1.0;1;2.0;2.0;1957.0;5.0;2.0;6.0;;0.0;0;;;2.0;33.0;13.0;0.0;1.0;16.0;1.0;;11;5;2019;16:55;1.0;69;69283;1;1.0;1.0;7.0;A46S   43.680 A 47.880;45,6609900;4,9232000;1;46;0.0;;3.0;2;0.0;2.0;47;599;3.0;;;1.0;3.0;1.0;50.0;Rhône;84;Auvergne-Rhône-Alpes
201900001251;138Â 304Â 215;A01;2.0;2;2.0;1.0;1988.0;5.0;1.0;5.0;;0.0;0;;;1.0;7.0;0.0;2.0;1.0;2.0;1.0;;10;5;2019;04:10;5.0;69;69152;1;1.0;2.0;2.0;A7   7.000 A 8.630;45,6967200;4,8381500;1;7;0.0;;3.0;4;0.0;1.0;6;625;1.0;;;2.0;2.0;1.0;90.0;Rhône;84;Auvergne-Rhône-Alpes
201900001251;138Â 304Â 215;A01;1.0;1;2.0;2.0;1984.0;5.0;1.0;5.0;;0.0;0;;;1.0;7.0;0.0;2.0;1.0;2.0;1.0;;10;5;2019;04:10;5.0;69;69152;1;1.0;2.0;2.0;A7   7.000 A 8.630;45,6967200;4,8381500;1;7;0.0;;3.0;4;0.0;1.0;6;625;1.0;;;2.0;2.0;1.0;90.0;Rhône;84;Auvergne-Rhône-Alpes
201900001251;138Â 304Â 216;B01;1.0;1;3.0;2.0;1965.0;1.0;1.0;0.0;;0.0;0;;;1.0;7.0;0.0;2.0;4.0;2.0;1.0;;10;5;2019;04:10;5.0;69;69152;1;1.0;2.0;2.0;A7   7.000 A 8.630;45,6967200;4,8381500;1;7;0.0;;3.0;4;0.0;1.0;6;625;1.0;;;2.0;2.0;1.0;90.0;Rhône;84;Auvergne-Rhône-Alpes
201900001252;138Â 304Â 213;B01;1.0;1;2.0;1.0;1986.0;1.0;1.0;8.0;;0.0;0;;;1.0;7.0;0.0;2.0;4.0;1.0;1.0;;3;5;2019;19:30;1.0;69;69033;1;1.0;1.0;2.0;A46N   17.210 A 18.490;45,8709484;4,9044416;1;46;0.0;;3.0;3;0.0;2.0;17;600;1.0;;;1.0;0.0;1.0;90.0;Rhône;84;Auvergne-Rhône-Alpes
201900001252;138Â 304Â 214;A01;1.0;1;1.0;1.0;1965.0;1.0;1.0;8.0;;0.0;0;;;1.0;7.0;0.0;2.0;1.0;2.0;1.0;;3;5;2019;19:30;1.0;69;69033;1;1.0;1.0;2.0;A46N   17.210 A 18.490;45,8709484;4,9044416;1;46;0.0;;3.0;3;0.0;2.0;17;600;1.0;;;1.0;0.0;1.0;90.0;Rhône;84;Auvergne-Rhône-Alpes
201900001253;138Â 304Â 211;B01;1.0;1;2.0;1.0;1978.0;5.0;2.0;8.0;;; -1;;;1.0;33.0;0.0;2.0;1.0;1.0;1.0;;4;5;2019;14:50;1.0;69;69199;1;3.0;1.0;3.0;RD383   14.250 A 18.000;45,6945400;4,8441700;1;7;0.0;;;1;0.0;1.0;18;0;2.0;;;1.0;5.0;1.0;50.0;Rhône;84;Auvergne-Rhône-Alpes
201900001253;138Â 304Â 212;A01;1.0;1;1.0;1.0;1961.0;5.0;1.0;8.0;;;0;;;2.0;7.0;0.0;2.0;7.0;19.0;1.0;;4;5;2019;14:50;1.0;69;69199;1;3.0;1.0;3.0;RD383   14.250 A 18.000;45,6945400;4,8441700;1;7;0.0;;;1;0.0;1.0;18;0;2.0;;;1.0;5.0;1.0;50.0;Rhône;84;Auvergne-Rhône-Alpes
201900001254;138Â 304Â 207;A01;1.0;1;2.0;2.0;1991.0;1.0;2.0;6.0;;0.0;0;;;1.0;31.0;0.0;2.0;1.0;2.0;1.0;;7;5;2019;17:30;1.0;69;69272;1;1.0;1.0;4.0;A46S   57.400 A 61.010;45,5895397;4,8241564;1;46;0.0;;1.0;3;0.0;2.0;60;299;1.0;;;1.0;0.0;1.0;110.0;Rhône;84;Auvergne-Rhône-Alpes
201900001254;138Â 304Â 208;C01;1.0;1;1.0;1.0;1995.0;1.0;2.0;6.0;;0.0;0;;;1.0;31.0;0.0;2.0;4.0;2.0;1.0;;7;5;2019;17:30;1.0;69;69272;1;1.0;1.0;4.0;A46S   57.400 A 61.010;45,5895397;4,8241564;1;46;0.0;;1.0;3;0.0;2.0;60;299;1.0;;;1.0;0.0;1.0;110.0;Rhône;84;Auvergne-Rhône-Alpes
201900001254;138Â 304Â 209;B01;1.0;1;1.0;1.0;1998.0;1.0;2.0;6.0;;0.0;0;;;1.0;31.0;0.0;2.0;4.0;2.0;1.0;;7;5;2019;17:30;1.0;69;69272;1;1.0;1.0;4.0;A46S   57.400 A 61.010;45,5895397;4,8241564;1;46;0.0;;1.0;3;0.0;2.0;60;299;1.0;;;1.0;0.0;1.0;110.0;Rhône;84;Auvergne-Rhône-Alpes
201900001254;138Â 304Â 210;D01;1.0;1;1.0;1.0;1995.0;1.0;1.0;0.0;;0.0;0;;;1.0;10.0;0.0;2.0;6.0;23.0;1.0;;7;5;2019;17:30;1.0;69;69272;1;1.0;1.0;4.0;A46S   57.400 A 61.010;45,5895397;4,8241564;1;46;0.0;;1.0;3;0.0;2.0;60;299;1.0;;;1.0;0.0;1.0;110.0;Rhône;84;Auvergne-Rhône-Alpes
201900001255;138Â 304Â 205;A01;1.0;1;1.0;1.0;1974.0;4.0;1.0;8.0;;0.0;0;;;2.0;17.0;0.0;2.0;2.0;12.0;1.0;;2;5;2019;10:50;1.0;69;69290;1;1.0;1.0;3.0;A46S   40.883 A 43.680;45,6997200;4,9670000;1;46;0.0;;1.0;2;0.0;1.0;41;0;3.0;;;1.0;0.0;1.0;90.0;Rhône;84;Auvergne-Rhône-Alpes
201900001255;138Â 304Â 206;B01;2.0;2;2.0;1.0;1969.0;4.0;1.0;8.0;;0.0;0;;;2.0;7.0;0.0;2.0;8.0;1.0;1.0;;2;5;2019;10:50;1.0;69;69290;1;1.0;1.0;3.0;A46S   40.883 A 43.680;45,6997200;4,9670000;1;46;0.0;;1.0;2;0.0;1.0;41;0;3.0;;;1.0;0.0;1.0;90.0;Rhône;84;Auvergne-Rhône-Alpes
201900001255;138Â 304Â 206;B01;1.0;1;2.0;2.0;1981.0;9.0;1.0;8.0;;0.0;0;;;2.0;7.0;0.0;2.0;8.0;1.0;1.0;;2;5;2019;10:50;1.0;69;69290;1;1.0;1.0;3.0;A46S   40.883 A 43.680;45,6997200;4,9670000;1;46;0.0;;1.0;2;0.0;1.0;41;0;3.0;;;1.0;0.0;1.0;90.0;Rhône;84;Auvergne-Rhône-Alpes
201900001256;138Â 304Â 202;A01;1.0;1;1.0;1.0;1982.0;4.0;1.0;0.0;;0.0;0;;;1.0;14.0;0.0;2.0;1.0;2.0;1.0;;6;5;2019;17:00;1.0;69;69290;1;1.0;1.0;4.0;A43   3.865 A 9.894;45,7059600;4,9593500;1;43;0.0;;1.0;3;0.0;1.0;6;800;1.0;;;1.0;3.0;1.0;3.0;Rhône;84;Auvergne-Rhône-Alpes
201900001256;138Â 304Â 203;C01;1.0;1;2.0;1.0;1983.0;9.0;1.0;8.0;;0.0;0;;;1.0;7.0;0.0;2.0;4.0;2.0;1.0;;6;5;2019;17:00;1.0;69;69290;1;1.0;1.0;4.0;A43   3.865 A 9.894;45,7059600;4,9593500;1;43;0.0;;1.0;3;0.0;1.0;6;800;1.0;;;1.0;3.0;1.0;3.0;Rhône;84;Auvergne-Rhône-Alpes
201900001256;138Â 304Â 204;B01;1.0;1;2.0;2.0;1984.0;9.0;1.0;8.0;;0.0;0;;;1.0;7.0;0.0;2.0;4.0;2.0;1.0;;6;5;2019;17:00;1.0;69;69290;1;1.0;1.0;4.0;A43   3.865 A 9.894;45,7059600;4,9593500;1;43;0.0;;1.0;3;0.0;1.0;6;800;1.0;;;1.0;3.0;1.0;3.0;Rhône;84;Auvergne-Rhône-Alpes
201900001256;138Â 304Â 204;B01;2.0;2;3.0;1.0;2018.0;9.0;3.0;0.0;;0.0;0;;;1.0;7.0;0.0;2.0;4.0;2.0;1.0;;6;5;2019;17:00;1.0;69;69290;1;1.0;1.0;4.0;A43   3.865 A 9.894;45,7059600;4,9593500;1;43;0.0;;1.0;3;0.0;1.0;6;800;1.0;;;1.0;3.0;1.0;3.0;Rhône;84;Auvergne-Rhône-Alpes
201900001257;138Â 304Â 201;A01;3.0;2;2.0;1.0;2012.0;5.0;1.0;8.0;;0.0;0;;;1.0;7.0;4.0;0.0;1.0;26.0;1.0;;1;5;2019;18:15;1.0;69;69287;1;9.0;1.0;6.0;A43   9.894 A 13.029;45,6789700;5,0249800;1;43;0.0;;1.0;4;0.0;1.0;12;600;1.0;;;1.0;0.0;1.0;130.0;Rhône;84;Auvergne-Rhône-Alpes
201900001257;138Â 304Â 201;A01;1.0;1;2.0;2.0;1992.0;5.0;1.0;0.0;;0.0;0;;;1.0;7.0;4.0;0.0;1.0;26.0;1.0;;1;5;2019;18:15;1.0;69;69287;1;9.0;1.0;6.0;A43   9.894 A 13.029;45,6789700;5,0249800;1;43;0.0;;1.0;4;0.0;1.0;12;600;1.0;;;1.0;0.0;1.0;130.0;Rhône;84;Auvergne-Rhône-Alpes
201900001258;138Â 304Â 199;B01;1.0;1;1.0;1.0;1971.0;4.0;1.0;0.0;;; -1;;;1.0;10.0;3.0;2.0;8.0;1.0;1.0;;26;4;2019;07:40;2.0;69;69009;1;1.0;1.0;2.0;A6   428.880 A 431.800;45,9414400;4,7210200;1;6;0.0;;1.0;4;0.0;1.0;430;450;1.0;;;1.0;0.0;1.0;110.0;Rhône;84;Auvergne-Rhône-Alpes
201900001258;138Â 304Â 200;A01;1.0;1;3.0;2.0;1973.0;1.0;1.0;0.0;;; -1;;;1.0;7.0;4.0;2.0;2.0;14.0;1.0;;26;4;2019;07:40;2.0;69;69009;1;1.0;1.0;2.0;A6   428.880 A 431.800;45,9414400;4,7210200;1;6;0.0;;1.0;4;0.0;1.0;430;450;1.0;;;1.0;0.0;1.0;110.0;Rhône;84;Auvergne-Rhône-Alpes
201900001259;138Â 304Â 196;B01;1.0;1;2.0;2.0;1984.0;5.0;1.0;0.0;;0.0;0;;;2.0;7.0;0.0;2.0;3.0;14.0;1.0;;22;4;2019;21:30;3.0;69;69288;1;1.0;1.0;5.0;A43   13.029 A 15.971;45,6670961;5,0551700;1;43;0.0;;1.0;5;0.0;1.0;15;600;1.0;;;1.0;0.0;1.0;130.0;Rhône;84;Auvergne-Rhône-Alpes
201900001259;138Â 304Â 197;C01;1.0;1;2.0;1.0;1984.0;5.0;1.0;4.0;;0.0;0;;;2.0;7.0;0.0;2.0;8.0;12.0;1.0;;22;4;2019;21:30;3.0;69;69288;1;1.0;1.0;5.0;A43   13.029 A 15.971;45,6670961;5,0551700;1;43;0.0;;1.0;5;0.0;1.0;15;600;1.0;;;1.0;0.0;1.0;130.0;Rhône;84;Auvergne-Rhône-Alpes
201900001259;138Â 304Â 198;A01;1.0;1;2.0;2.0;1987.0;5.0;1.0;4.0;;0.0;0;;;2.0;7.0;0.0;2.0;8.0;11.0;1.0;;22;4;2019;21:30;3.0;69;69288;1;1.0;1.0;5.0;A43   13.029 A 15.971;45,6670961;5,0551700;1;43;0.0;;1.0;5;0.0;1.0;15;600;1.0;;;1.0;0.0;1.0;130.0;Rhône;84;Auvergne-Rhône-Alpes
201900001260;138Â 304Â 194;B01;1.0;1;3.0;1.0;1990.0;5.0;2.0;6.0;;0.0;0;;;1.0;33.0;0.0;2.0;1.0;1.0;1.0;;30;4;2019;13:36;1.0;69;69027;1;1.0;1.0;3.0;A450   5.100 A 7.285;45,6646000;4,7607000;1;450;0.0;;2.0;2;0.0;1.0;7;99;1.0;;;1.0;0.0;1.0;90.0;Rhône;84;Auvergne-Rhône-Alpes
201900001260;138Â 304Â 195;A01;1.0;1;1.0;1.0;1969.0;5.0;1.0;0.0;;0.0;0;;;1.0;7.0;0.0;2.0;3.0;10.0;1.0;;30;4;2019;13:36;1.0;69;69027;1;1.0;1.0;3.0;A450   5.100 A 7.285;45,6646000;4,7607000;1;450;0.0;;2.0;2;0.0;1.0;7;99;1.0;;;1.0;0.0;1.0;90.0;Rhône;84;Auvergne-Rhône-Alpes
201900001261;138Â 304Â 192;B01;1.0;1;1.0;1.0;1971.0;4.0;1.0;0.0;;0.0;0;;;2.0;14.0;0.0;2.0;2.0;1.0;1.0;;29;4;2019;14:00;1.0;69;69029;1;1.0;1.0;3.0;A43   0.550 A 3.353;45,7263200;4,9173500;1;43;0.0;;1.0;3;0.0;1.0;2;850;1.0;;;1.0;0.0;1.0;70.0;Rhône;84;Auvergne-Rhône-Alpes
201900001261;138Â 304Â 193;A01;1.0;1;2.0;2.0;1991.0;0.0;1.0;0.0;;0.0;0;;;2.0;7.0;0.0;2.0;6.0;9.0;1.0;;29;4;2019;14:00;1.0;69;69029;1;1.0;1.0;3.0;A43   0.550 A 3.353;45,7263200;4,9173500;1;43;0.0;;1.0;3;0.0;1.0;2;850;1.0;;;1.0;0.0;1.0;70.0;Rhône;84;Auvergne-Rhône-Alpes
201900001262;138Â 304Â 189;A01;1.0;1;2.0;1.0;1994.0;4.0;1.0;0.0;;; -1;;;1.0;15.0;3.0;2.0;3.0;13.0;1.0;;23;5;2019;14:15;1.0;57;57666;1;1.0;1.0;5.0;Autoroute A31;49,3461400;6,1202300;1;31;0.0;;3.0;4;0.0;1.0;334;350;3.0;;;1.0;0.0;1.0;90.0;Moselle;44;Grand Est
201900001262;138Â 304Â 190;B01;1.0;1;4.0;1.0;1967.0;5.0;1.0;0.0;;; -1;;;2.0;7.0;0.0;2.0;3.0;1.0;1.0;;23;5;2019;14:15;1.0;57;57666;1;1.0;1.0;5.0;Autoroute A31;49,3461400;6,1202300;1;31;0.0;;3.0;4;0.0;1.0;334;350;3.0;;;1.0;0.0;1.0;90.0;Moselle;44;Grand Est
201900001262;138Â 304Â 191;C01;1.0;1;1.0;2.0;1952.0;5.0;1.0;0.0;;; -1;;;2.0;7.0;0.0;2.0;2.0;1.0;1.0;;23;5;2019;14:15;1.0;57;57666;1;1.0;1.0;5.0;Autoroute A31;49,3461400;6,1202300;1;31;0.0;;3.0;4;0.0;1.0;334;350;3.0;;;1.0;0.0;1.0;90.0;Moselle;44;Grand Est
201900001263;138Â 304Â 188;A01;1.0;1;3.0;1.0;1983.0;5.0;2.0;6.0;;; -1;;;1.0;33.0;15.0;0.0;1.0;15.0;1.0;;13;5;2019;21:55;3.0;57;57269;1;1.0;1.0;7.0;Autoroute A31;49,2984500;6,1834100;1;31;0.0;;2.0;1;0.0;1.0;324;186;2.0;;;1.0;8.0;1.0;70.0;Moselle;44;Grand Est
201900001264;138Â 304Â 185;A01;1.0;1;1.0;1.0;1987.0;4.0;1.0;0.0;;; -1;;;2.0;10.0;0.0;2.0;1.0;2.0;1.0;;2;5;2019;08:35;1.0;57;57463;1;9.0;1.0;4.0;RN 431;49,1184200;6,2346500;2;431;0.0;;3.0;4;0.0;1.0;0;100;1.0;;;1.0;3.0;1.0;110.0;Moselle;44;Grand Est
201900001264;138Â 304Â 185;A01;2.0;2;2.0;1.0;1983.0;4.0;1.0;0.0;;; -1;;;2.0;10.0;0.0;2.0;1.0;2.0;1.0;;2;5;2019;08:35;1.0;57;57463;1;9.0;1.0;4.0;RN 431;49,1184200;6,2346500;2;431;0.0;;3.0;4;0.0;1.0;0;100;1.0;;;1.0;3.0;1.0;110.0;Moselle;44;Grand Est
201900001264;138Â 304Â 186;B01;1.0;1;2.0;2.0;1983.0;1.0;1.0;0.0;;; -1;;;2.0;7.0;0.0;2.0;4.0;2.0;1.0;;2;5;2019;08:35;1.0;57;57463;1;9.0;1.0;4.0;RN 431;49,1184200;6,2346500;2;431;0.0;;3.0;4;0.0;1.0;0;100;1.0;;;1.0;3.0;1.0;110.0;Moselle;44;Grand Est
201900001264;138Â 304Â 187;C01;2.0;2;2.0;2.0;1958.0;5.0;1.0;0.0;;; -1;;;2.0;7.0;0.0;2.0;4.0;2.0;1.0;;2;5;2019;08:35;1.0;57;57463;1;9.0;1.0;4.0;RN 431;49,1184200;6,2346500;2;431;0.0;;3.0;4;0.0;1.0;0;100;1.0;;;1.0;3.0;1.0;110.0;Moselle;44;Grand Est
201900001264;138Â 304Â 187;C01;3.0;2;1.0;2.0;2018.0;5.0;3.0;0.0;;; -1;;;2.0;7.0;0.0;2.0;4.0;2.0;1.0;;2;5;2019;08:35;1.0;57;57463;1;9.0;1.0;4.0;RN 431;49,1184200;6,2346500;2;431;0.0;;3.0;4;0.0;1.0;0;100;1.0;;;1.0;3.0;1.0;110.0;Moselle;44;Grand Est
201900001264;138Â 304Â 187;C01;1.0;1;1.0;2.0;1989.0;9.0;1.0;0.0;;; -1;;;2.0;7.0;0.0;2.0;4.0;2.0;1.0;;2;5;2019;08:35;1.0;57;57463;1;9.0;1.0;4.0;RN 431;49,1184200;6,2346500;2;431;0.0;;3.0;4;0.0;1.0;0;100;1.0;;;1.0;3.0;1.0;110.0;Moselle;44;Grand Est
201900001265;138Â 304Â 183;B01;1.0;1;2.0;1.0;1992.0;0.0;1.0;0.0;;;0;;;2.0;10.0;0.0;2.0;4.0;1.0;1.0;;19;5;2019;11:00;1.0;54;54115;1;1.0;1.0;2.0;Autoroute 31;48,7298000;6,1609700;1; 31;0.0;;1.0;6;0.0;1.0;255;100;1.0;;;1.0;0.0;1.0;90.0;Meurthe-et-Moselle;44;Grand Est
201900001265;138Â 304Â 184;A01;1.0;1;1.0;1.0;1945.0;0.0;1.0;0.0;;;0;;;2.0;10.0;0.0;2.0;2.0;17.0;1.0;;19;5;2019;11:00;1.0;54;54115;1;1.0;1.0;2.0;Autoroute 31;48,7298000;6,1609700;1; 31;0.0;;1.0;6;0.0;1.0;255;100;1.0;;;1.0;0.0;1.0;90.0;Meurthe-et-Moselle;44;Grand Est
201900001266;138Â 304Â 182;A01;1.0;1;2.0;1.0;1972.0;5.0;2.0;6.0;;;0;;;1.0;34.0;0.0;0.0;7.0;1.0;1.0;;23;5;2019;22:25;3.0;67;67482;1;9.0;1.0;7.0;N.4 CONTOURNEMENT-SUD;48,5710410;7,7329440;2;4;0.0;;3.0;3;0.0;2.0;44;900;3.0;;;1.0;2.0;1.0;70.0;Bas-Rhin;44;Grand Est
201900001267;138Â 304Â 179;C01;1.0;1;1.0;2.0;1992.0;5.0;1.0;8.0;;;0;;;2.0;7.0;0.0;2.0;1.0;2.0;1.0;;12;5;2019;13:15;1.0;67;67137;1;1.0;1.0;4.0;Route MÃ©tropolitaine 1083;48,5038400;7,6941800;7;1083;0.0;;3.0;2;0.0;1.0;39;299;1.0;;;1.0;0.0;1.0;50.0;Bas-Rhin;44;Grand Est
201900001267;138Â 304Â 180;B01;1.0;1;2.0;1.0;1985.0;0.0;1.0;0.0;;;0;;;2.0;7.0;0.0;2.0;4.0;2.0;1.0;;12;5;2019;13:15;1.0;67;67137;1;1.0;1.0;4.0;Route MÃ©tropolitaine 1083;48,5038400;7,6941800;7;1083;0.0;;3.0;2;0.0;1.0;39;299;1.0;;;1.0;0.0;1.0;50.0;Bas-Rhin;44;Grand Est
201900001267;138Â 304Â 181;A01;2.0;2;2.0;2.0;1985.0;5.0;1.0;8.0;;;0;;;2.0;7.0;0.0;2.0;4.0;1.0;1.0;;12;5;2019;13:15;1.0;67;67137;1;1.0;1.0;4.0;Route MÃ©tropolitaine 1083;48,5038400;7,6941800;7;1083;0.0;;3.0;2;0.0;1.0;39;299;1.0;;;1.0;0.0;1.0;50.0;Bas-Rhin;44;Grand Est
201900001267;138Â 304Â 181;A01;1.0;1;1.0;1.0;1997.0;5.0;1.0;0.0;;;0;;;2.0;7.0;0.0;2.0;4.0;1.0;1.0;;12;5;2019;13:15;1.0;67;67137;1;1.0;1.0;4.0;Route MÃ©tropolitaine 1083;48,5038400;7,6941800;7;1083;0.0;;3.0;2;0.0;1.0;39;299;1.0;;;1.0;0.0;1.0;50.0;Bas-Rhin;44;Grand Est
201900001268;138Â 304Â 175;A01;1.0;1;1.0;1.0;1976.0;4.0;1.0;0.0;;;0;;;1.0;15.0;0.0;2.0;7.0;12.0;1.0;;2;5;2019;14:20;1.0;67;67482;1;1.0;1.0;3.0;Autoroute A35;48,5631820;7,7332630;1;35;0.0;;3.0;3;0.0;1.0;304;899;1.0;;;1.0;0.0;1.0;90.0;Bas-Rhin;44;Grand Est
201900001268;138Â 304Â 176;B01;1.0;1;2.0;1.0;1972.0;3.0;1.0;0.0;;;0;;;1.0;7.0;0.0;2.0;8.0;1.0;1.0;;2;5;2019;14:20;1.0;67;67482;1;1.0;1.0;3.0;Autoroute A35;48,5631820;7,7332630;1;35;0.0;;3.0;3;0.0;1.0;304;899;1.0;;;1.0;0.0;1.0;90.0;Bas-Rhin;44;Grand Est
201900001269;138Â 304Â 173;B01;1.0;1;1.0;1.0;1971.0;4.0;1.0;8.0;;;0;;;1.0;10.0;0.0;2.0;1.0;2.0;1.0;;3;5;2019;07:40;1.0;67;67137;1;1.0;8.0;2.0;Route Nationale 83;48,5035200;7,6936700;7;83;0.0;;3.0;2;0.0;1.0;41;400;1.0;;;2.0;0.0;1.0;90.0;Bas-Rhin;44;Grand Est
201900001269;138Â 304Â 174;A01;1.0;1;2.0;1.0;1982.0;1.0;1.0;8.0;;;0;;;1.0;7.0;0.0;2.0;4.0;2.0;1.0;;3;5;2019;07:40;1.0;67;67137;1;1.0;8.0;2.0;Route Nationale 83;48,5035200;7,6936700;7;83;0.0;;3.0;2;0.0;1.0;41;400;1.0;;;2.0;0.0;1.0;90.0;Bas-Rhin;44;Grand Est
201900001270;138Â 304Â 171;A01;2.0;2;2.0;2.0;1992.0;5.0;1.0;0.0;;;0;;;2.0;7.0;0.0;2.0;8.0;1.0;1.0;;30;4;2019;14:45;1.0;67;67043;1;1.0;1.0;3.0;Autoroute A.4;48,6175955;7,7265968;1;4;0.0;;3.0;3;0.0;1.0;6;199;1.0;;;1.0;0.0;1.0;90.0;Bas-Rhin;44;Grand Est