Num_Acc;id_vehicule;num_veh;place;catu;grav;sexe;an_nais;trajet;secu1;secu2;secu3;locp;actp;etatp;id_usager;senc;catv;obs;obsm;choc;manv;motor;occutc;jour;mois;an;hrmn;lum;dep;com;agg;int;atm;col;adr;lat;long;catr;voie;v1;v2;circ;nbv;vosp;prof;pr;pr1;plan;lartpc;larrout;surf;infra;situ;vma;nom_departement;reg;nom_region
201900001270;138Â 304Â 171;A01;1.0;1;2.0;2.0;1994.0;5.0;1.0;0.0;;;0;;;2.0;7.0;0.0;2.0;8.0;1.0;1.0;;30;4;2019;14:45;1.0;67;67043;1;1.0;1.0;3.0;Autoroute A.4;48,6175955;7,7265968;1;4;0.0;;3.0;3;0.0;1.0;6;199;1.0;;;1.0;0.0;1.0;90.0;Bas-Rhin;44;Grand Est
201900001270;138Â 304Â 172;B01;1.0;1;1.0;1.0;1987.0;4.0;1.0;8.0;;;0;;;2.0;15.0;0.0;2.0;2.0;14.0;1.0;;30;4;2019;14:45;1.0;67;67043;1;1.0;1.0;3.0;Autoroute A.4;48,6175955;7,7265968;1;4;0.0;;3.0;3;0.0;1.0;6;199;1.0;;;1.0;0.0;1.0;90.0;Bas-Rhin;44;Grand Est
201900001271;138Â 304Â 168;C01;1.0;1;2.0;1.0;1982.0;4.0;1.0;8.0;;;0;;;1.0;7.0;0.0;2.0;4.0;1.0;1.0;;26;4;2019;12:40;1.0;67;67482;1;1.0;8.0;4.0;Autoroute A.351;48,5872050;7,7137220;1;351;0.0;;3.0;3;0.0;1.0;1;100;1.0;;;2.0;0.0;1.0;90.0;Bas-Rhin;44;Grand Est
201900001271;138Â 304Â 169;B01;1.0;1;1.0;1.0;1990.0;4.0;1.0;8.0;;;0;;;1.0;7.0;0.0;2.0;2.0;1.0;1.0;;26;4;2019;12:40;1.0;67;67482;1;1.0;8.0;4.0;Autoroute A.351;48,5872050;7,7137220;1;351;0.0;;3.0;3;0.0;1.0;1;100;1.0;;;2.0;0.0;1.0;90.0;Bas-Rhin;44;Grand Est
201900001271;138Â 304Â 170;A01;1.0;1;1.0;2.0;2002.0;5.0;1.0;8.0;;;0;;;1.0;7.0;0.0;2.0;3.0;1.0;1.0;;26;4;2019;12:40;1.0;67;67482;1;1.0;8.0;4.0;Autoroute A.351;48,5872050;7,7137220;1;351;0.0;;3.0;3;0.0;1.0;1;100;1.0;;;2.0;0.0;1.0;90.0;Bas-Rhin;44;Grand Est
201900001271;138Â 304Â 170;A01;2.0;2;1.0;1.0;1960.0;5.0;1.0;8.0;;;0;;;1.0;7.0;0.0;2.0;3.0;1.0;1.0;;26;4;2019;12:40;1.0;67;67482;1;1.0;8.0;4.0;Autoroute A.351;48,5872050;7,7137220;1;351;0.0;;3.0;3;0.0;1.0;1;100;1.0;;;2.0;0.0;1.0;90.0;Bas-Rhin;44;Grand Est
201900001272;138Â 304Â 166;A01;1.0;1;2.0;1.0;1991.0;1.0;2.0;6.0;;; -1;;;1.0;33.0;0.0;2.0;8.0;3.0;1.0;;29;5;2019;19:40;1.0;33;33039;1;1.0;1.0;2.0;ROCADE A 630;44,7925200; -0,5399900;1;630;0.0;;3.0;6;0.0;1.0;32;1200;1.0;;;1.0;0.0;1.0;90.0;Gironde;75;Nouvelle-Aquitaine
201900001272;138Â 304Â 167;B01;2.0;2;1.0;2.0;2006.0;0.0;1.0;8.0;;; -1;;;1.0;7.0;0.0;2.0;6.0;1.0;1.0;;29;5;2019;19:40;1.0;33;33039;1;1.0;1.0;2.0;ROCADE A 630;44,7925200; -0,5399900;1;630;0.0;;3.0;6;0.0;1.0;32;1200;1.0;;;1.0;0.0;1.0;90.0;Gironde;75;Nouvelle-Aquitaine
201900001272;138Â 304Â 167;B01;1.0;1;1.0;2.0;1965.0;0.0;1.0;8.0;;; -1;;;1.0;7.0;0.0;2.0;6.0;1.0;1.0;;29;5;2019;19:40;1.0;33;33039;1;1.0;1.0;2.0;ROCADE A 630;44,7925200; -0,5399900;1;630;0.0;;3.0;6;0.0;1.0;32;1200;1.0;;;1.0;0.0;1.0;90.0;Gironde;75;Nouvelle-Aquitaine
201900001273;138Â 304Â 164;A01;1.0;1;1.0;1.0;1974.0;4.0;1.0;8.0;;0.0; -1;;;2.0;17.0;0.0;2.0;2.0;12.0;1.0;;29;5;2019;20:45;1.0;33;33535;1;1.0;1.0;3.0;ROUTE NATIONALE 230;44,8315600; -0,5010900;2;230;0.0;;3.0;6;0.0;1.0;39;750;1.0;;;1.0;0.0;1.0;90.0;Gironde;75;Nouvelle-Aquitaine
201900001273;138Â 304Â 165;B01;1.0;1;2.0;2.0;1979.0;0.0;1.0;8.0;;0.0; -1;;;2.0;7.0;0.0;2.0;8.0;1.0;1.0;;29;5;2019;20:45;1.0;33;33535;1;1.0;1.0;3.0;ROUTE NATIONALE 230;44,8315600; -0,5010900;2;230;0.0;;3.0;6;0.0;1.0;39;750;1.0;;;1.0;0.0;1.0;90.0;Gironde;75;Nouvelle-Aquitaine
201900001274;138Â 304Â 162;B01;2.0;2;1.0;2.0;1943.0;5.0;1.0;8.0;;0.0; -1;;;1.0;7.0;0.0;2.0;5.0;1.0;1.0;;29;5;2019;16:30;1.0;33;33122;1;1.0;1.0;2.0;AUTOROUTE A 63;44,7522200; -0,6923200;1;63;0.0;;3.0;4;0.0;1.0;6;500;1.0;;;1.0;0.0;1.0;130.0;Gironde;75;Nouvelle-Aquitaine
201900001274;138Â 304Â 162;B01;1.0;1;1.0;1.0;1939.0;5.0;1.0;8.0;;; -1;;;1.0;7.0;0.0;2.0;5.0;1.0;1.0;;29;5;2019;16:30;1.0;33;33122;1;1.0;1.0;2.0;AUTOROUTE A 63;44,7522200; -0,6923200;1;63;0.0;;3.0;4;0.0;1.0;6;500;1.0;;;1.0;0.0;1.0;130.0;Gironde;75;Nouvelle-Aquitaine
201900001274;138Â 304Â 163;A01;1.0;1;2.0;1.0;1990.0;1.0;2.0;6.0;;; -1;;;1.0;33.0;0.0;2.0;8.0;21.0;1.0;;29;5;2019;16:30;1.0;33;33122;1;1.0;1.0;2.0;AUTOROUTE A 63;44,7522200; -0,6923200;1;63;0.0;;3.0;4;0.0;1.0;6;500;1.0;;;1.0;0.0;1.0;130.0;Gironde;75;Nouvelle-Aquitaine
201900001275;138Â 304Â 160;B01;1.0;1;1.0;1.0;1964.0;0.0;1.0;8.0;;; -1;;;1.0;7.0;0.0;2.0;4.0;2.0;1.0;;29;5;2019;07:35;1.0;33;33192;1;1.0;1.0;2.0;ROCADE A 630;44,7897600; -0,6062200;1;630;0.0;;3.0;6;0.0;1.0;26;513;1.0;;;1.0;0.0;1.0;90.0;Gironde;75;Nouvelle-Aquitaine
201900001275;138Â 304Â 161;A01;1.0;1;2.0;1.0;1989.0;4.0;1.0;8.0;;; -1;;;1.0;10.0;0.0;2.0;1.0;2.0;1.0;;29;5;2019;07:35;1.0;33;33192;1;1.0;1.0;2.0;ROCADE A 630;44,7897600; -0,6062200;1;630;0.0;;3.0;6;0.0;1.0;26;513;1.0;;;1.0;0.0;1.0;90.0;Gironde;75;Nouvelle-Aquitaine
201900001276;138Â 304Â 159;A01;1.0;1;2.0;2.0;1999.0;1.0;1.0;8.0;;; -1;;;1.0;7.0;4.0;0.0;3.0;13.0;1.0;;21;5;2019;06:05;2.0;33;33039;1;1.0;1.0;6.0;ROUTE NATIONALE 230;44,8050400; -0,5313100;2;230;0.0;;3.0;8;0.0;1.0;34;200;3.0;;;1.0;0.0;1.0;90.0;Gironde;75;Nouvelle-Aquitaine
201900001277;138Â 304Â 158;A01;1.0;1;2.0;1.0;1943.0;5.0;1.0;8.0;;0.0;0;;;1.0;7.0;3.0;0.0;1.0;13.0;1.0;;21;5;2019;03:45;5.0;33;33143;1;1.0;1.0;6.0;AUTOROUTE A 10;44,9575500; -0,4492600;1;10;0.0;;3.0;6;0.0;2.0;533;299;1.0;;;1.0;2.0;1.0;130.0;Gironde;75;Nouvelle-Aquitaine
201900001278;138Â 304Â 156;B01;1.0;1;2.0;2.0;1945.0;5.0;1.0;8.0;;0.0;0;;;2.0;7.0;3.0;2.0;8.0;1.0;1.0;;18;5;2019;17:20;1.0;33;33013;1;1.0;1.0;3.0;ROUTE NATIONALE 230;44,8612900; -0,5041800;2;230;0.0;;3.0;6;0.0;1.0;41;580;1.0;;;1.0;0.0;1.0;90.0;Gironde;75;Nouvelle-Aquitaine
201900001278;138Â 304Â 157;A01;1.0;1;1.0;1.0;1977.0;4.0;1.0;8.0;;; -1;;;2.0;17.0;0.0;2.0;2.0;12.0;1.0;;18;5;2019;17:20;1.0;33;33013;1;1.0;1.0;3.0;ROUTE NATIONALE 230;44,8612900; -0,5041800;2;230;0.0;;3.0;6;0.0;1.0;41;580;1.0;;;1.0;0.0;1.0;90.0;Gironde;75;Nouvelle-Aquitaine
201900001279;138Â 304Â 154;B01;1.0;1;1.0;1.0;1964.0;4.0;1.0;8.0;;; -1;;;1.0;17.0;0.0;2.0;5.0;1.0;1.0;;16;5;2019;15:20;1.0;33;33096;1;1.0;1.0;2.0;AUTOROUTE A 10;44,8935300; -0,4994600;1;10;0.0;;3.0;7;0.0;1.0;541;800;1.0;;;1.0;0.0;1.0;90.0;Gironde;75;Nouvelle-Aquitaine
201900001279;138Â 304Â 155;A01;1.0;1;4.0;1.0;1991.0;4.0;1.0;8.0;;; -1;;;1.0;14.0;4.0;2.0;3.0;14.0;1.0;;16;5;2019;15:20;1.0;33;33096;1;1.0;1.0;2.0;AUTOROUTE A 10;44,8935300; -0,4994600;1;10;0.0;;3.0;7;0.0;1.0;541;800;1.0;;;1.0;0.0;1.0;90.0;Gironde;75;Nouvelle-Aquitaine
201900001280;138Â 304Â 152;B01;1.0;1;1.0;1.0;1961.0;4.0;1.0;8.0;;; -1;;;1.0;17.0;0.0;2.0;4.0;2.0;1.0;;14;5;2019;11:10;1.0;33;33096;1;1.0;1.0;2.0;AUTOROUTE A 10;44,9007100; -0,4943200;1;10;0.0;;3.0;6;0.0;1.0;540;900;1.0;;;1.0;0.0;1.0;110.0;Gironde;75;Nouvelle-Aquitaine
201900001280;138Â 304Â 153;A01;1.0;1;2.0;2.0;1947.0;3.0;1.0;8.0;;; -1;;;1.0;7.0;0.0;2.0;1.0;1.0;1.0;;14;5;2019;11:10;1.0;33;33096;1;1.0;1.0;2.0;AUTOROUTE A 10;44,9007100; -0,4943200;1;10;0.0;;3.0;6;0.0;1.0;540;900;1.0;;;1.0;0.0;1.0;110.0;Gironde;75;Nouvelle-Aquitaine
201900001281;138Â 304Â 151;A01;1.0;1;2.0;1.0;1991.0;1.0;2.0;6.0;;; -1;;;2.0;33.0;0.0;2.0;0.0;21.0;1.0;;14;5;2019;08:10;1.0;33;33039;1;1.0;1.0;6.0;ROCADE A 630;44,7899100; -0,5408100;1;630;0.0;;3.0;8;0.0;1.0;32;900;1.0;;;1.0;0.0;1.0;90.0;Gironde;75;Nouvelle-Aquitaine
201900001282;138Â 304Â 149;B01;1.0;1;1.0;1.0;1986.0;0.0;1.0;8.0;;; -1;;;2.0;7.0;0.0;2.0;5.0;14.0;0.0;;13;5;2019;08:50;1.0;33;33550;1;1.0;1.0;2.0;ROCADE A 630;44,7796200; -0,5497600;1;630;0.0;;3.0;6;0.0;1.0;31;784;1.0;;;1.0;0.0;1.0;90.0;Gironde;75;Nouvelle-Aquitaine
201900001282;138Â 304Â 150;A01;1.0;1;2.0;1.0;1981.0;1.0;2.0;6.0;;; -1;;;2.0;33.0;0.0;2.0;1.0;3.0;1.0;;13;5;2019;08:50;1.0;33;33550;1;1.0;1.0;2.0;ROCADE A 630;44,7796200; -0,5497600;1;630;0.0;;3.0;6;0.0;1.0;31;784;1.0;;;1.0;0.0;1.0;90.0;Gironde;75;Nouvelle-Aquitaine
201900001283;138Â 304Â 148;A01;3.0;2;2.0;1.0;2017.0;0.0;3.0;8.0;;0.0; -1;;;1.0;7.0;11.0;0.0;1.0;14.0;1.0;;11;5;2019;02:20;3.0;33;33281;1;1.0;1.0;6.0;ROCADE A 630;44,8193400; -0,6737600;1;630;0.0;;3.0;6;0.0;1.0;18;930;1.0;;;1.0;3.0;1.0;90.0;Gironde;75;Nouvelle-Aquitaine
201900001283;138Â 304Â 148;A01;2.0;2;1.0;1.0;1989.0;0.0;1.0;8.0;;0.0; -1;;;1.0;7.0;11.0;0.0;1.0;14.0;1.0;;11;5;2019;02:20;3.0;33;33281;1;1.0;1.0;6.0;ROCADE A 630;44,8193400; -0,6737600;1;630;0.0;;3.0;6;0.0;1.0;18;930;1.0;;;1.0;3.0;1.0;90.0;Gironde;75;Nouvelle-Aquitaine
201900001283;138Â 304Â 148;A01;1.0;1;1.0;2.0;1989.0;0.0;1.0;8.0;;0.0; -1;;;1.0;7.0;11.0;0.0;1.0;14.0;1.0;;11;5;2019;02:20;3.0;33;33281;1;1.0;1.0;6.0;ROCADE A 630;44,8193400; -0,6737600;1;630;0.0;;3.0;6;0.0;1.0;18;930;1.0;;;1.0;3.0;1.0;90.0;Gironde;75;Nouvelle-Aquitaine
201900001284;138Â 304Â 144;D01;1.0;1;1.0;2.0;1987.0;1.0;1.0;8.0;;; -1;;;2.0;7.0;0.0;2.0;6.0;2.0;1.0;;10;5;2019;17:36;1.0;33;33162;1;1.0;1.0;4.0;ROCADE A 630;44,8781000; -0,6301900;1;630;0.0;;3.0;6;0.0;1.0;10;840;1.0;;;1.0;0.0;1.0;90.0;Gironde;75;Nouvelle-Aquitaine
201900001284;138Â 304Â 145;C01;1.0;1;1.0;1.0;1989.0;4.0;1.0;8.0;;; -1;;;2.0;10.0;0.0;2.0;5.0;2.0;1.0;;10;5;2019;17:36;1.0;33;33162;1;1.0;1.0;4.0;ROCADE A 630;44,8781000; -0,6301900;1;630;0.0;;3.0;6;0.0;1.0;10;840;1.0;;;1.0;0.0;1.0;90.0;Gironde;75;Nouvelle-Aquitaine
201900001284;138Â 304Â 146;B01;1.0;1;2.0;2.0;1963.0;5.0;1.0;8.0;;; -1;;;2.0;7.0;0.0;2.0;0.0;2.0;1.0;;10;5;2019;17:36;1.0;33;33162;1;1.0;1.0;4.0;ROCADE A 630;44,8781000; -0,6301900;1;630;0.0;;3.0;6;0.0;1.0;10;840;1.0;;;1.0;0.0;1.0;90.0;Gironde;75;Nouvelle-Aquitaine
201900001284;138Â 304Â 147;A01;1.0;1;2.0;1.0;1957.0;0.0;1.0;8.0;;; -1;;;2.0;7.0;0.0;2.0;1.0;1.0;1.0;;10;5;2019;17:36;1.0;33;33162;1;1.0;1.0;4.0;ROCADE A 630;44,8781000; -0,6301900;1;630;0.0;;3.0;6;0.0;1.0;10;840;1.0;;;1.0;0.0;1.0;90.0;Gironde;75;Nouvelle-Aquitaine
201900001285;138Â 304Â 140;D01;1.0;1;1.0;2.0;1985.0;4.0;1.0;8.0;;; -1;;;1.0;7.0;0.0;2.0;2.0;1.0;1.0;;10;5;2019;16:25;1.0;33;33013;1;1.0;1.0;5.0;ROUTE NATIONALE 230;44,8455400; -0,5020900;2;230;0.0;;3.0;6;0.0;1.0;39;827;1.0;;;1.0;0.0;1.0;90.0;Gironde;75;Nouvelle-Aquitaine
201900001285;138Â 304Â 141;C01;1.0;1;1.0;1.0;1979.0;4.0;1.0;8.0;;; -1;;;1.0;10.0;0.0;2.0;8.0;1.0;1.0;;10;5;2019;16:25;1.0;33;33013;1;1.0;1.0;5.0;ROUTE NATIONALE 230;44,8455400; -0,5020900;2;230;0.0;;3.0;6;0.0;1.0;39;827;1.0;;;1.0;0.0;1.0;90.0;Gironde;75;Nouvelle-Aquitaine
201900001285;138Â 304Â 141;C01;2.0;2;1.0;2.0;2000.0;0.0;1.0;8.0;;; -1;;;1.0;10.0;0.0;2.0;8.0;1.0;1.0;;10;5;2019;16:25;1.0;33;33013;1;1.0;1.0;5.0;ROUTE NATIONALE 230;44,8455400; -0,5020900;2;230;0.0;;3.0;6;0.0;1.0;39;827;1.0;;;1.0;0.0;1.0;90.0;Gironde;75;Nouvelle-Aquitaine
201900001285;138Â 304Â 142;B01;1.0;1;1.0;1.0;1959.0;5.0;1.0;8.0;;; -1;;;1.0;7.0;0.0;2.0;5.0;1.0;1.0;;10;5;2019;16:25;1.0;33;33013;1;1.0;1.0;5.0;ROUTE NATIONALE 230;44,8455400; -0,5020900;2;230;0.0;;3.0;6;0.0;1.0;39;827;1.0;;;1.0;0.0;1.0;90.0;Gironde;75;Nouvelle-Aquitaine
201900001285;138Â 304Â 143;A01;1.0;1;2.0;1.0;1958.0;5.0;2.0;6.0;;; -1;;;1.0;33.0;0.0;2.0;8.0;3.0;1.0;;10;5;2019;16:25;1.0;33;33013;1;1.0;1.0;5.0;ROUTE NATIONALE 230;44,8455400; -0,5020900;2;230;0.0;;3.0;6;0.0;1.0;39;827;1.0;;;1.0;0.0;1.0;90.0;Gironde;75;Nouvelle-Aquitaine
201900001286;138Â 304Â 139;A01;1.0;1;2.0;1.0;1997.0;5.0;1.0;8.0;;; -1;;;2.0;7.0;0.0;6.0;9.0;14.0;1.0;;4;5;2019;22:45;3.0;33;33080;1;1.0;1.0;6.0;AUTOROUTE A 62;44,7353800; -0,5327100;1;62;0.0;;3.0;4;0.0;1.0;4;478;1.0;;;1.0;0.0;1.0;130.0;Gironde;75;Nouvelle-Aquitaine
201900001287;138Â 304Â 137;B01;1.0;1;1.0;2.0;1988.0;1.0;1.0;8.0;;0.0; -1;;;1.0;7.0;0.0;2.0;2.0;12.0;1.0;;3;5;2019;07:50;1.0;33;33075;1;1.0;1.0;3.0;ROCADE A 630;44,8818000; -0,6242900;1;630;0.0;;3.0;6;0.0;1.0;10;218;1.0;;;1.0;0.0;1.0;90.0;Gironde;75;Nouvelle-Aquitaine
201900001287;138Â 304Â 138;A01;1.0;1;2.0;1.0;1993.0;0.0;2.0;6.0;;0.0; -1;;;1.0;32.0;0.0;2.0;1.0;3.0;1.0;;3;5;2019;07:50;1.0;33;33075;1;1.0;1.0;3.0;ROCADE A 630;44,8818000; -0,6242900;1;630;0.0;;3.0;6;0.0;1.0;10;218;1.0;;;1.0;0.0;1.0;90.0;Gironde;75;Nouvelle-Aquitaine
201900001288;138Â 304Â 134;C01;1.0;1;2.0;1.0;1972.0;1.0;2.0;6.0;;0.0; -1;;;2.0;33.0;0.0;2.0;7.0;1.0;1.0;;30;4;2019;18:20;1.0;33;33397;1;1.0;1.0;5.0;AUTOROUTE A 10;44,9082600; -0,4904000;1;10;0.0;;3.0;6;0.0;1.0;540;0;1.0;;;1.0;0.0;1.0;110.0;Gironde;75;Nouvelle-Aquitaine
201900001288;138Â 304Â 135;B01;1.0;1;2.0;1.0;1984.0;1.0;1.0;8.0;;0.0; -1;;;2.0;7.0;3.0;2.0;4.0;23.0;1.0;;30;4;2019;18:20;1.0;33;33397;1;1.0;1.0;5.0;AUTOROUTE A 10;44,9082600; -0,4904000;1;10;0.0;;3.0;6;0.0;1.0;540;0;1.0;;;1.0;0.0;1.0;110.0;Gironde;75;Nouvelle-Aquitaine
201900001288;138Â 304Â 136;A01;1.0;1;1.0;1.0;1964.0;0.0;1.0;8.0;;0.0; -1;;;2.0;7.0;0.0;2.0;1.0;2.0;1.0;;30;4;2019;18:20;1.0;33;33397;1;1.0;1.0;5.0;AUTOROUTE A 10;44,9082600; -0,4904000;1;10;0.0;;3.0;6;0.0;1.0;540;0;1.0;;;1.0;0.0;1.0;110.0;Gironde;75;Nouvelle-Aquitaine
201900001289;138Â 304Â 133;A01;2.0;2;3.0;1.0;1993.0;0.0;1.0;0.0;;;0;;;1.0;7.0;0.0;0.0;0.0;9.0;1.0;;25;5;2019;18:15;1.0;59;59456;1;1.0;1.0;7.0;AUTOROUTE A 21;50,3827800;3,2101500;1;21;0.0;;3.0;4;0.0;1.0;0;1;3.0;;;1.0;0.0;1.0;90.0;Nord;32;Hauts-de-France
201900001289;138Â 304Â 133;A01;1.0;1;1.0;1.0;1984.0;0.0;1.0;0.0;;0.0;0;;;1.0;7.0;0.0;0.0;0.0;9.0;1.0;;25;5;2019;18:15;1.0;59;59456;1;1.0;1.0;7.0;AUTOROUTE A 21;50,3827800;3,2101500;1;21;0.0;;3.0;4;0.0;1.0;0;1;3.0;;;1.0;0.0;1.0;90.0;Nord;32;Hauts-de-France
201900001290;138Â 304Â 132;A01;1.0;1;1.0;2.0;1993.0;5.0;1.0;0.0;;0.0;0;;;1.0;7.0;0.0;1.0;1.0;1.0;1.0;;20;5;2019;23:30;3.0;62;62393;1;1.0;1.0;6.0;AUTOROUTE A16;50,9336300;1,9971500;1;16;0.0;;3.0;4;0.0;1.0;93;199;1.0;;;1.0;0.0;1.0;110.0;Pas-de-Calais;32;Hauts-de-France
201900001290;138Â 304Â 132;A01;10.0;3;4.0;1.0;1993.0;0.0;8.0;0.0;;1.0;3;1.0;;1.0;7.0;0.0;1.0;1.0;1.0;1.0;;20;5;2019;23:30;3.0;62;62393;1;1.0;1.0;6.0;AUTOROUTE A16;50,9336300;1,9971500;1;16;0.0;;3.0;4;0.0;1.0;93;199;1.0;;;1.0;0.0;1.0;110.0;Pas-de-Calais;32;Hauts-de-France
201900001291;138Â 304Â 130;A01;1.0;1;3.0;1.0;1949.0;0.0;1.0;0.0;;; -1;;;1.0;7.0;0.0;2.0;1.0;1.0;1.0;;15;5;2019;13:30;1.0;59;59665;1;1.0;1.0;2.0;AUTOROUTE A25;50,9114200;2,4834600;1;25;0.0;;3.0;4;0.0;1.0;57;150;1.0;;;1.0;0.0;1.0;110.0;Nord;32;Hauts-de-France
201900001291;138Â 304Â 131;B01;1.0;1;1.0;1.0;1965.0;4.0;1.0;0.0;;; -1;;;1.0;17.0;0.0;2.0;4.0;1.0;1.0;;15;5;2019;13:30;1.0;59;59665;1;1.0;1.0;2.0;AUTOROUTE A25;50,9114200;2,4834600;1;25;0.0;;3.0;4;0.0;1.0;57;150;1.0;;;1.0;0.0;1.0;110.0;Nord;32;Hauts-de-France
201900001292;138Â 304Â 129;A01;1.0;1;3.0;1.0;1958.0;0.0;2.0;0.0;;; -1;;;2.0;33.0;0.0;2.0;0.0;1.0;1.0;;24;5;2019;17:50;1.0;59;59350;1;1.0;1.0;7.0;AUTOROUTE A25;50,6212100;3,0281000;1;25;0.0;;3.0;8;0.0;1.0;4;800;3.0;;;1.0;0.0;1.0;90.0;Nord;32;Hauts-de-France
201900001293;138Â 304Â 128;A01;10.0;3;4.0;1.0;1956.0;0.0;0.0;0.0;;6.0;3;1.0;;1.0;15.0;0.0;1.0;1.0;1.0;1.0;;13;5;2019;07:50;1.0;62;62510;1;1.0;1.0;6.0;AUTOROUTE A21;50,4396600;2,7733000;1;21;0.0;;3.0;4;0.0;1.0;4;599;1.0;;;1.0;0.0;1.0;110.0;Pas-de-Calais;32;Hauts-de-France
201900001293;138Â 304Â 128;A01;1.0;1;1.0;1.0;1974.0;4.0;1.0;0.0;;0.0;0;;;1.0;15.0;0.0;1.0;1.0;1.0;1.0;;13;5;2019;07:50;1.0;62;62510;1;1.0;1.0;6.0;AUTOROUTE A21;50,4396600;2,7733000;1;21;0.0;;3.0;4;0.0;1.0;4;599;1.0;;;1.0;0.0;1.0;110.0;Pas-de-Calais;32;Hauts-de-France
201900001294;138Â 304Â 127;A01;1.0;1;3.0;1.0;1966.0;0.0;1.0;0.0;;; -1;;;2.0;7.0;7.0;0.0;1.0;1.0;1.0;;9;5;2019;13:55;1.0;59;59449;1;1.0;1.0;6.0;AUTOROUTE A23;50,4692400;3,2317600;1;23;0.0;;3.0;4;0.0;1.0;17;200;1.0;;;1.0;0.0;1.0;110.0;Nord;32;Hauts-de-France
201900001295;138Â 304Â 126;A01;1.0;1;3.0;2.0;1995.0;0.0;1.0;0.0;;; -1;;;2.0;7.0;0.0;0.0;0.0;1.0;1.0;;27;4;2019;08:40;1.0;59;59009;1;1.0;1.0;7.0;AUTOROUTE A22;50,6490100;3,1432600;1;22;0.0;;3.0;4;0.0;1.0;0;1;1.0;;;1.0;0.0;1.0;90.0;Nord;32;Hauts-de-France
201900001296;138Â 304Â 123;A01;1.0;1;1.0;1.0;1964.0;5.0;1.0;0.0;;0.0;0;;;1.0;10.0;0.0;2.0;1.0;1.0;1.0;;29;5;2019;17:45;1.0;91;91161;1;1.0;1.0;4.0;AUTOROUTE A126;48,7114300;2,2944700;1;126;0.0;;2.0;2;0.0;1.0;1;600;1.0;;;1.0;0.0;1.0;90.0;Essonne;11;Île-de-France
201900001296;138Â 304Â 124;C01;1.0;1;1.0;1.0;1986.0;5.0;1.0;0.0;;0.0;0;;;1.0;10.0;0.0;2.0;4.0;1.0;1.0;;29;5;2019;17:45;1.0;91;91161;1;1.0;1.0;4.0;AUTOROUTE A126;48,7114300;2,2944700;1;126;0.0;;2.0;2;0.0;1.0;1;600;1.0;;;1.0;0.0;1.0;90.0;Essonne;11;Île-de-France
201900001296;138Â 304Â 125;B01;4.0;2;3.0;2.0;2011.0;5.0;1.0;0.0;;0.0;0;;;1.0;10.0;0.0;2.0;4.0;1.0;1.0;;29;5;2019;17:45;1.0;91;91161;1;1.0;1.0;4.0;AUTOROUTE A126;48,7114300;2,2944700;1;126;0.0;;2.0;2;0.0;1.0;1;600;1.0;;;1.0;0.0;1.0;90.0;Essonne;11;Île-de-France
201900001296;138Â 304Â 125;B01;3.0;2;3.0;2.0;2015.0;5.0;1.0;0.0;;0.0;0;;;1.0;10.0;0.0;2.0;4.0;1.0;1.0;;29;5;2019;17:45;1.0;91;91161;1;1.0;1.0;4.0;AUTOROUTE A126;48,7114300;2,2944700;1;126;0.0;;2.0;2;0.0;1.0;1;600;1.0;;;1.0;0.0;1.0;90.0;Essonne;11;Île-de-France
201900001296;138Â 304Â 125;B01;1.0;1;3.0;2.0;1982.0;5.0;1.0;0.0;;0.0;0;;;1.0;10.0;0.0;2.0;4.0;1.0;1.0;;29;5;2019;17:45;1.0;91;91161;1;1.0;1.0;4.0;AUTOROUTE A126;48,7114300;2,2944700;1;126;0.0;;2.0;2;0.0;1.0;1;600;1.0;;;1.0;0.0;1.0;90.0;Essonne;11;Île-de-France
201900001297;138Â 304Â 119;D01;1.0;1;1.0;1.0;1973.0;1.0;1.0;0.0;;;0;;;2.0;7.0;0.0;2.0;4.0;2.0;3.0;;29;5;2019;09:10;1.0;94;94038;1;1.0;1.0;5.0;AUTOROUTE A6A;48,7747600;2,3460700;1;6;0.0;A;3.0;12;0.0;1.0;4;809;1.0;;;1.0;0.0;1.0;90.0;Val-de-Marne;11;Île-de-France
201900001297;138Â 304Â 120;B01;3.0;2;1.0;2.0;1957.0;0.0;1.0;0.0;;;0;;;2.0;7.0;0.0;2.0;4.0;2.0;1.0;;29;5;2019;09:10;1.0;94;94038;1;1.0;1.0;5.0;AUTOROUTE A6A;48,7747600;2,3460700;1;6;0.0;A;3.0;12;0.0;1.0;4;809;1.0;;;1.0;0.0;1.0;90.0;Val-de-Marne;11;Île-de-France
201900001297;138Â 304Â 120;B01;4.0;2;1.0;1.0;1958.0;0.0;1.0;0.0;;;0;;;2.0;7.0;0.0;2.0;4.0;2.0;1.0;;29;5;2019;09:10;1.0;94;94038;1;1.0;1.0;5.0;AUTOROUTE A6A;48,7747600;2,3460700;1;6;0.0;A;3.0;12;0.0;1.0;4;809;1.0;;;1.0;0.0;1.0;90.0;Val-de-Marne;11;Île-de-France
201900001297;138Â 304Â 120;B01;1.0;1;1.0;1.0;1978.0;4.0;1.0;0.0;;;0;;;2.0;7.0;0.0;2.0;4.0;2.0;1.0;;29;5;2019;09:10;1.0;94;94038;1;1.0;1.0;5.0;AUTOROUTE A6A;48,7747600;2,3460700;1;6;0.0;A;3.0;12;0.0;1.0;4;809;1.0;;;1.0;0.0;1.0;90.0;Val-de-Marne;11;Île-de-France