Num_Acc;id_vehicule;num_veh;place;catu;grav;sexe;an_nais;trajet;secu1;secu2;secu3;locp;actp;etatp;id_usager;senc;catv;obs;obsm;choc;manv;motor;occutc;jour;mois;an;hrmn;lum;dep;com;agg;int;atm;col;adr;lat;long;catr;voie;v1;v2;circ;nbv;vosp;prof;pr;pr1;plan;lartpc;larrout;surf;infra;situ;vma;nom_departement;reg;nom_region
201900001297;138Â 304Â 121;C01;4.0;2;2.0;1.0;2010.0;0.0;1.0;8.0;;;0;;;2.0;7.0;0.0;2.0;4.0;2.0;1.0;;29;5;2019;09:10;1.0;94;94038;1;1.0;1.0;5.0;AUTOROUTE A6A;48,7747600;2,3460700;1;6;0.0;A;3.0;12;0.0;1.0;4;809;1.0;;;1.0;0.0;1.0;90.0;Val-de-Marne;11;Île-de-France
201900001297;138Â 304Â 121;C01;1.0;1;1.0;2.0;1983.0;0.0;1.0;8.0;;;0;;;2.0;7.0;0.0;2.0;4.0;2.0;1.0;;29;5;2019;09:10;1.0;94;94038;1;1.0;1.0;5.0;AUTOROUTE A6A;48,7747600;2,3460700;1;6;0.0;A;3.0;12;0.0;1.0;4;809;1.0;;;1.0;0.0;1.0;90.0;Val-de-Marne;11;Île-de-France
201900001297;138Â 304Â 122;A01;1.0;1;1.0;1.0;1983.0;1.0;1.0;8.0;;;0;;;2.0;7.0;0.0;2.0;1.0;2.0;1.0;;29;5;2019;09:10;1.0;94;94038;1;1.0;1.0;5.0;AUTOROUTE A6A;48,7747600;2,3460700;1;6;0.0;A;3.0;12;0.0;1.0;4;809;1.0;;;1.0;0.0;1.0;90.0;Val-de-Marne;11;Île-de-France
201900001297;138Â 304Â 122;A01;2.0;2;1.0;1.0;1997.0;1.0;1.0;8.0;;;0;;;2.0;7.0;0.0;2.0;1.0;2.0;1.0;;29;5;2019;09:10;1.0;94;94038;1;1.0;1.0;5.0;AUTOROUTE A6A;48,7747600;2,3460700;1;6;0.0;A;3.0;12;0.0;1.0;4;809;1.0;;;1.0;0.0;1.0;90.0;Val-de-Marne;11;Île-de-France
201900001298;138Â 304Â 117;A01;1.0;1;1.0;1.0;1972.0;1.0;1.0;8.0;;0.0;0;;;2.0;7.0;0.0;2.0;7.0;12.0;1.0;;29;5;2019;06:50;1.0;91;91589;1;1.0;1.0;3.0;AUTOROUTE A6;48,6699340;2,3492930;1;6;0.0;;3.0;6;0.0;2.0;18;302;3.0;;;1.0;0.0;1.0;110.0;Essonne;11;Île-de-France
201900001298;138Â 304Â 118;B01;1.0;1;2.0;1.0;1971.0;1.0;2.0;0.0;;0.0;0;;;2.0;31.0;0.0;2.0;8.0;3.0;1.0;;29;5;2019;06:50;1.0;91;91589;1;1.0;1.0;3.0;AUTOROUTE A6;48,6699340;2,3492930;1;6;0.0;;3.0;6;0.0;2.0;18;302;3.0;;;1.0;0.0;1.0;110.0;Essonne;11;Île-de-France
201900001299;138Â 304Â 115;B01;1.0;1;2.0;2.0;1993.0;1.0;2.0;6.0;;0.0;0;;;2.0;33.0;0.0;2.0;8.0;3.0;1.0;;28;5;2019;16:50;1.0;91;91432;1;1.0;8.0;3.0;AUTOROUTE A6;48,6909400;2,3227900;1;6;0.0;;3.0;6;0.0;1.0;15;199;1.0;;;1.0;0.0;1.0;110.0;Essonne;11;Île-de-France
201900001299;138Â 304Â 116;A01;1.0;1;1.0;1.0;1987.0;1.0;1.0;0.0;;0.0;0;;;2.0;7.0;0.0;2.0;7.0;14.0;1.0;;28;5;2019;16:50;1.0;91;91432;1;1.0;8.0;3.0;AUTOROUTE A6;48,6909400;2,3227900;1;6;0.0;;3.0;6;0.0;1.0;15;199;1.0;;;1.0;0.0;1.0;110.0;Essonne;11;Île-de-France
201900001300;138Â 304Â 112;A01;1.0;1;1.0;1.0;1977.0;9.0;1.0;8.0;;0.0;0;;;1.0;7.0;0.0;2.0;7.0;1.0;1.0;;28;5;2019;15:00;1.0;91;91689;1;1.0;1.0;5.0;AUTOROUTE A6B;48,7427700;2,3210400;1;6;0.0;B;3.0;4;0.0;1.0;8;899;1.0;;;1.0;0.0;1.0;90.0;Essonne;11;Île-de-France
201900001300;138Â 304Â 113;C01;1.0;1;2.0;1.0;1992.0;0.0;2.0;6.0;;0.0;0;;;1.0;33.0;0.0;2.0;2.0;3.0;1.0;;28;5;2019;15:00;1.0;91;91689;1;1.0;1.0;5.0;AUTOROUTE A6B;48,7427700;2,3210400;1;6;0.0;B;3.0;4;0.0;1.0;8;899;1.0;;;1.0;0.0;1.0;90.0;Essonne;11;Île-de-France
201900001300;138Â 304Â 114;B01;1.0;1;1.0;1.0;1963.0;4.0;1.0;0.0;;0.0;0;;;1.0;17.0;0.0;2.0;6.0;1.0;1.0;;28;5;2019;15:00;1.0;91;91689;1;1.0;1.0;5.0;AUTOROUTE A6B;48,7427700;2,3210400;1;6;0.0;B;3.0;4;0.0;1.0;8;899;1.0;;;1.0;0.0;1.0;90.0;Essonne;11;Île-de-France
201900001301;138Â 304Â 109;C01;1.0;1;1.0;1.0;1954.0;5.0;1.0;0.0;;;0;;;1.0;7.0;0.0;2.0;5.0;1.0;1.0;;28;5;2019;14:35;1.0;92;92002;1;1.0;2.0;5.0;A6;48,7345200;2,3161800;1;6;0.0;;3.0;6;0.0;1.0;9;899;1.0;;;1.0;0.0;1.0;110.0;Hauts-de-Seine;11;Île-de-France
201900001301;138Â 304Â 110;B01;1.0;1;2.0;1.0;1956.0;5.0;2.0;6.0;;;0;;;1.0;33.0;0.0;2.0;3.0;3.0;1.0;;28;5;2019;14:35;1.0;92;92002;1;1.0;2.0;5.0;A6;48,7345200;2,3161800;1;6;0.0;;3.0;6;0.0;1.0;9;899;1.0;;;1.0;0.0;1.0;110.0;Hauts-de-Seine;11;Île-de-France
201900001301;138Â 304Â 111;A01;1.0;1;1.0;1.0;1968.0;1.0;1.0;8.0;;;0;;;1.0;7.0;0.0;2.0;3.0;12.0;1.0;;28;5;2019;14:35;1.0;92;92002;1;1.0;2.0;5.0;A6;48,7345200;2,3161800;1;6;0.0;;3.0;6;0.0;1.0;9;899;1.0;;;1.0;0.0;1.0;110.0;Hauts-de-Seine;11;Île-de-France
201900001302;138Â 304Â 107;B01;1.0;1;1.0;1.0;1972.0;4.0;1.0;8.0;;0.0;0;;;2.0;15.0;0.0;2.0;1.0;1.0;1.0;;28;5;2019;01:30;3.0;91;91659;1;1.0;1.0;2.0;AUTOROUTE A6;48,5886100;2,4485200;1;6;0.0;;3.0;6;0.0;1.0;30;0;1.0;;;1.0;0.0;1.0;130.0;Essonne;11;Île-de-France
201900001302;138Â 304Â 108;A01;1.0;1;2.0;1.0;1976.0;0.0;1.0;8.0;;0.0;0;;;2.0;7.0;0.0;2.0;4.0;1.0;1.0;;28;5;2019;01:30;3.0;91;91659;1;1.0;1.0;2.0;AUTOROUTE A6;48,5886100;2,4485200;1;6;0.0;;3.0;6;0.0;1.0;30;0;1.0;;;1.0;0.0;1.0;130.0;Essonne;11;Île-de-France
201900001303;138Â 304Â 103;D01;1.0;1;1.0;1.0;1983.0;0.0;1.0;0.0;;0.0;0;;;2.0;7.0;0.0;2.0;0.0;0.0;0.0;;26;5;2019;12:00;1.0;91;91689;1;1.0;1.0;5.0;AUTOROUTE A6B;48,7492000;2,3284000;1;6;0.0;B;3.0;3;0.0;4.0;8;0;1.0;;;1.0;0.0;3.0;90.0;Essonne;11;Île-de-France
201900001303;138Â 304Â 104;B01;1.0;1;1.0;1.0;1975.0;0.0;1.0;0.0;;0.0;0;;;2.0;7.0;0.0;2.0;0.0;0.0;0.0;;26;5;2019;12:00;1.0;91;91689;1;1.0;1.0;5.0;AUTOROUTE A6B;48,7492000;2,3284000;1;6;0.0;B;3.0;3;0.0;4.0;8;0;1.0;;;1.0;0.0;3.0;90.0;Essonne;11;Île-de-France
201900001303;138Â 304Â 104;B01;2.0;2;2.0;2.0;1972.0;0.0;1.0;0.0;;0.0;0;;;2.0;7.0;0.0;2.0;0.0;0.0;0.0;;26;5;2019;12:00;1.0;91;91689;1;1.0;1.0;5.0;AUTOROUTE A6B;48,7492000;2,3284000;1;6;0.0;B;3.0;3;0.0;4.0;8;0;1.0;;;1.0;0.0;3.0;90.0;Essonne;11;Île-de-France
201900001303;138Â 304Â 105;C01;1.0;1;1.0;1.0;1968.0;0.0;1.0;0.0;;0.0;0;;;2.0;7.0;0.0;2.0;0.0;0.0;0.0;;26;5;2019;12:00;1.0;91;91689;1;1.0;1.0;5.0;AUTOROUTE A6B;48,7492000;2,3284000;1;6;0.0;B;3.0;3;0.0;4.0;8;0;1.0;;;1.0;0.0;3.0;90.0;Essonne;11;Île-de-France
201900001303;138Â 304Â 106;A01;1.0;1;1.0;2.0;1963.0;0.0;1.0;0.0;;0.0;0;;;2.0;7.0;0.0;2.0;1.0;2.0;0.0;;26;5;2019;12:00;1.0;91;91689;1;1.0;1.0;5.0;AUTOROUTE A6B;48,7492000;2,3284000;1;6;0.0;B;3.0;3;0.0;4.0;8;0;1.0;;;1.0;0.0;3.0;90.0;Essonne;11;Île-de-France
201900001304;138Â 304Â 101;A01;3.0;2;2.0;2.0;1955.0;0.0;1.0;0.0;;0.0;0;;;2.0;7.0;1.0;0.0;1.0;2.0;1.0;;26;5;2019;06:30;1.0;91;91286;1;1.0;1.0;2.0;AUTOROUTE A6;48,6553200;2,3793500;1;6;0.0;;3.0;7;0.0;1.0;21;200;1.0;;;1.0;0.0;3.0;70.0;Essonne;11;Île-de-France
201900001304;138Â 304Â 101;A01;2.0;2;2.0;1.0;1953.0;0.0;1.0;0.0;;0.0;0;;;2.0;7.0;1.0;0.0;1.0;2.0;1.0;;26;5;2019;06:30;1.0;91;91286;1;1.0;1.0;2.0;AUTOROUTE A6;48,6553200;2,3793500;1;6;0.0;;3.0;7;0.0;1.0;21;200;1.0;;;1.0;0.0;3.0;70.0;Essonne;11;Île-de-France
201900001304;138Â 304Â 101;A01;1.0;1;1.0;2.0;1983.0;0.0;1.0;0.0;;0.0;0;;;2.0;7.0;1.0;0.0;1.0;2.0;1.0;;26;5;2019;06:30;1.0;91;91286;1;1.0;1.0;2.0;AUTOROUTE A6;48,6553200;2,3793500;1;6;0.0;;3.0;7;0.0;1.0;21;200;1.0;;;1.0;0.0;3.0;70.0;Essonne;11;Île-de-France
201900001304;138Â 304Â 101;A01;4.0;2;2.0;1.0;1954.0;0.0;1.0;0.0;;0.0;0;;;2.0;7.0;1.0;0.0;1.0;2.0;1.0;;26;5;2019;06:30;1.0;91;91286;1;1.0;1.0;2.0;AUTOROUTE A6;48,6553200;2,3793500;1;6;0.0;;3.0;7;0.0;1.0;21;200;1.0;;;1.0;0.0;3.0;70.0;Essonne;11;Île-de-France
201900001304;138Â 304Â 101;A01;5.0;2;2.0;1.0;1959.0;0.0;1.0;0.0;;0.0;0;;;2.0;7.0;1.0;0.0;1.0;2.0;1.0;;26;5;2019;06:30;1.0;91;91286;1;1.0;1.0;2.0;AUTOROUTE A6;48,6553200;2,3793500;1;6;0.0;;3.0;7;0.0;1.0;21;200;1.0;;;1.0;0.0;3.0;70.0;Essonne;11;Île-de-France
201900001304;138Â 304Â 102;B01;1.0;1;2.0;1.0;1970.0;5.0;1.0;0.0;;0.0;0;;;2.0;7.0;0.0;2.0;4.0;23.0;1.0;;26;5;2019;06:30;1.0;91;91286;1;1.0;1.0;2.0;AUTOROUTE A6;48,6553200;2,3793500;1;6;0.0;;3.0;7;0.0;1.0;21;200;1.0;;;1.0;0.0;3.0;70.0;Essonne;11;Île-de-France
201900001305;138Â 304Â 099;B01;1.0;1;2.0;1.0;1966.0;5.0;8.0;0.0;;;0;;;1.0;7.0;0.0;2.0;1.0;1.0;1.0;;26;5;2019;01:28;3.0;91;91661;1;1.0;1.0;1.0;AUTOROUTE A10;48,7033400;2,2487200;1;10;0.0;;1.0;2;0.0;1.0;8;600;1.0;;;1.0;0.0;3.0;130.0;Essonne;11;Île-de-France
201900001305;138Â 304Â 100;A01;1.0;1;4.0;1.0;1995.0;5.0;8.0;0.0;;0.0;0;;;2.0;7.0;0.0;2.0;1.0;5.0;1.0;;26;5;2019;01:28;3.0;91;91661;1;1.0;1.0;1.0;AUTOROUTE A10;48,7033400;2,2487200;1;10;0.0;;1.0;2;0.0;1.0;8;600;1.0;;;1.0;0.0;3.0;130.0;Essonne;11;Île-de-France
201900001306;138Â 304Â 097;A01;2.0;2;3.0;2.0;1983.0;5.0;1.0;0.0;;;0;;;1.0;10.0;0.0;2.0;8.0;13.0;1.0;;25;5;2019;13:15;1.0;94;94065;1;1.0;1.0;3.0;AUTOROUTE A86;48,7652500;2,3444600;1;86;0.0;INT;3.0;8;0.0;1.0;49;799;3.0;;;1.0;0.0;1.0;70.0;Val-de-Marne;11;Île-de-France
201900001306;138Â 304Â 097;A01;3.0;2;1.0;2.0;2017.0;5.0;1.0;0.0;;;0;;;1.0;10.0;0.0;2.0;8.0;13.0;1.0;;25;5;2019;13:15;1.0;94;94065;1;1.0;1.0;3.0;AUTOROUTE A86;48,7652500;2,3444600;1;86;0.0;INT;3.0;8;0.0;1.0;49;799;3.0;;;1.0;0.0;1.0;70.0;Val-de-Marne;11;Île-de-France
201900001306;138Â 304Â 097;A01;1.0;1;1.0;1.0;1987.0;5.0;1.0;8.0;;;0;;;1.0;10.0;0.0;2.0;8.0;13.0;1.0;;25;5;2019;13:15;1.0;94;94065;1;1.0;1.0;3.0;AUTOROUTE A86;48,7652500;2,3444600;1;86;0.0;INT;3.0;8;0.0;1.0;49;799;3.0;;;1.0;0.0;1.0;70.0;Val-de-Marne;11;Île-de-France
201900001306;138Â 304Â 098;B01;1.0;1;1.0;1.0;1975.0;4.0;1.0;0.0;;;0;;;1.0;15.0;0.0;2.0;2.0;1.0;1.0;;25;5;2019;13:15;1.0;94;94065;1;1.0;1.0;3.0;AUTOROUTE A86;48,7652500;2,3444600;1;86;0.0;INT;3.0;8;0.0;1.0;49;799;3.0;;;1.0;0.0;1.0;70.0;Val-de-Marne;11;Île-de-France
201900001307;138Â 304Â 095;A01;1.0;1;2.0;1.0;1981.0;1.0;2.0;0.0;;0.0;0;;;2.0;34.0;0.0;2.0;1.0;2.0;1.0;;24;5;2019;05:55;1.0;91;91340;1;1.0;1.0;2.0;RN 104;48,6125180;2,4312900;2;104;0.0;;1.0;1;0.0;1.0;37;0;1.0;;;1.0;3.0;1.0;90.0;Essonne;11;Île-de-France
201900001307;138Â 304Â 096;B01;1.0;1;1.0;1.0;1978.0;1.0;1.0;0.0;;0.0;0;;;2.0;10.0;0.0;2.0;4.0;2.0;1.0;;24;5;2019;05:55;1.0;91;91340;1;1.0;1.0;2.0;RN 104;48,6125180;2,4312900;2;104;0.0;;1.0;1;0.0;1.0;37;0;1.0;;;1.0;3.0;1.0;90.0;Essonne;11;Île-de-France
201900001308;138Â 304Â 093;B01;1.0;1;2.0;2.0;1965.0;4.0;1.0;8.0;;0.0;0;;;2.0;15.0;0.0;0.0;0.0;0.0;1.0;;24;5;2019;03:10;3.0;91;91086;1;1.0;1.0;2.0;RN 104;48,6230700;2,3872100;1;104;0.0;;1.0;2;0.0;1.0;42;0;1.0;;;1.0;0.0;1.0;110.0;Essonne;11;Île-de-France
201900001308;138Â 304Â 094;A01;1.0;1;2.0;1.0;1941.0;0.0;1.0;8.0;;0.0;0;;;2.0;7.0;0.0;0.0;0.0;0.0;1.0;;24;5;2019;03:10;3.0;91;91086;1;1.0;1.0;2.0;RN 104;48,6230700;2,3872100;1;104;0.0;;1.0;2;0.0;1.0;42;0;1.0;;;1.0;0.0;1.0;110.0;Essonne;11;Île-de-France
201900001309;138Â 304Â 091;B01;1.0;1;1.0;1.0;1987.0;4.0;1.0;0.0;;;0;;;1.0;7.0;0.0;2.0;4.0;2.0;1.0;;23;5;2019;17:05;1.0;94;94034;1;1.0;1.0;2.0;AUTOROUTE A86;48,7596400;2,3210800;1;86;0.0;EXT;1.0;6;0.0;1.0;51;500;1.0;;;1.0;0.0;1.0;90.0;Val-de-Marne;11;Île-de-France
201900001309;138Â 304Â 092;A01;1.0;1;2.0;1.0;1944.0;5.0;2.0;6.0;;;0;;;1.0;43.0;0.0;2.0;1.0;2.0;1.0;;23;5;2019;17:05;1.0;94;94034;1;1.0;1.0;2.0;AUTOROUTE A86;48,7596400;2,3210800;1;86;0.0;EXT;1.0;6;0.0;1.0;51;500;1.0;;;1.0;0.0;1.0;90.0;Val-de-Marne;11;Île-de-France
201900001310;138Â 304Â 089;B01;1.0;1;2.0;2.0;1986.0;1.0;1.0;0.0;;;0;;;1.0;7.0;0.0;2.0;8.0;18.0;1.0;;23;5;2019;12:35;1.0;94;94065;1;1.0;1.0;3.0;AUTOROUTE A86;48,7536222;2,3580963;1;86;0.0;INT;3.0;4;0.0;1.0;49;702;1.0;;;1.0;0.0;1.0;70.0;Val-de-Marne;11;Île-de-France
201900001310;138Â 304Â 090;A01;1.0;1;1.0;1.0;1983.0;4.0;1.0;0.0;;;0;;;1.0;13.0;0.0;2.0;2.0;12.0;1.0;;23;5;2019;12:35;1.0;94;94065;1;1.0;1.0;3.0;AUTOROUTE A86;48,7536222;2,3580963;1;86;0.0;INT;3.0;4;0.0;1.0;49;702;1.0;;;1.0;0.0;1.0;70.0;Val-de-Marne;11;Île-de-France
201900001311;138Â 304Â 087;B01;1.0;1;2.0;1.0;1989.0;0.0;2.0;6.0;;0.0;0;;;2.0;33.0;0.0;2.0;2.0;1.0;1.0;;22;5;2019;18:20;1.0;91;91377;1;1.0;1.0;3.0;AUTOROUTE A10;48,7219140;2,2955980;1;10;0.0;;3.0;12;0.0;1.0;2;799;1.0;;;1.0;0.0;1.0;110.0;Essonne;11;Île-de-France
201900001311;138Â 304Â 088;A01;1.0;1;1.0;1.0;1982.0;4.0;1.0;0.0;;0.0;0;;;2.0;10.0;0.0;2.0;8.0;11.0;1.0;;22;5;2019;18:20;1.0;91;91377;1;1.0;1.0;3.0;AUTOROUTE A10;48,7219140;2,2955980;1;10;0.0;;3.0;12;0.0;1.0;2;799;1.0;;;1.0;0.0;1.0;110.0;Essonne;11;Île-de-France
201900001312;138Â 304Â 085;A01;1.0;1;1.0;2.0;1978.0;4.0;1.0;8.0;;;0;;;2.0;7.0;0.0;2.0;2.0;12.0;1.0;;22;5;2019;11:15;1.0;94;94021;1;1.0;1.0;3.0;AUTOROUTE A6A;48,7701300;2,3454300;1;6;0.0;A;3.0;6;0.0;1.0;5;321;1.0;;;1.0;0.0;1.0;110.0;Val-de-Marne;11;Île-de-France
201900001312;138Â 304Â 086;B01;1.0;1;2.0;1.0;2000.0;0.0;2.0;8.0;;;0;;;2.0;31.0;0.0;2.0;8.0;3.0;1.0;;22;5;2019;11:15;1.0;94;94021;1;1.0;1.0;3.0;AUTOROUTE A6A;48,7701300;2,3454300;1;6;0.0;A;3.0;6;0.0;1.0;5;321;1.0;;;1.0;0.0;1.0;110.0;Val-de-Marne;11;Île-de-France
201900001313;138Â 304Â 081;A01;2.0;2;2.0;2.0;1978.0;5.0;1.0;0.0;;;0;;;1.0;7.0;0.0;2.0;1.0;2.0;1.0;;22;5;2019;08:50;1.0;94;94034;1;1.0;1.0;4.0;AUTOROUTE A6B;48,7524700;2,3312100;1;6;0.0;B;3.0;6;0.0;1.0;7;559;1.0;;;1.0;0.0;1.0;130.0;Val-de-Marne;11;Île-de-France
201900001313;138Â 304Â 081;A01;1.0;1;1.0;2.0;1948.0;5.0;1.0;0.0;;;0;;;1.0;7.0;0.0;2.0;1.0;2.0;1.0;;22;5;2019;08:50;1.0;94;94034;1;1.0;1.0;4.0;AUTOROUTE A6B;48,7524700;2,3312100;1;6;0.0;B;3.0;6;0.0;1.0;7;559;1.0;;;1.0;0.0;1.0;130.0;Val-de-Marne;11;Île-de-France
201900001313;138Â 304Â 082;C01;1.0;1;1.0;2.0;1978.0;1.0;1.0;0.0;;;0;;;1.0;7.0;0.0;2.0;4.0;2.0;1.0;;22;5;2019;08:50;1.0;94;94034;1;1.0;1.0;4.0;AUTOROUTE A6B;48,7524700;2,3312100;1;6;0.0;B;3.0;6;0.0;1.0;7;559;1.0;;;1.0;0.0;1.0;130.0;Val-de-Marne;11;Île-de-France
201900001313;138Â 304Â 083;B01;1.0;1;1.0;1.0;1992.0;5.0;1.0;0.0;;;0;;;1.0;7.0;0.0;2.0;4.0;2.0;1.0;;22;5;2019;08:50;1.0;94;94034;1;1.0;1.0;4.0;AUTOROUTE A6B;48,7524700;2,3312100;1;6;0.0;B;3.0;6;0.0;1.0;7;559;1.0;;;1.0;0.0;1.0;130.0;Val-de-Marne;11;Île-de-France
201900001313;138Â 304Â 084;D01;1.0;1;1.0;1.0;1968.0;1.0;1.0;0.0;;;0;;;1.0;7.0;0.0;2.0;4.0;2.0;3.0;;22;5;2019;08:50;1.0;94;94034;1;1.0;1.0;4.0;AUTOROUTE A6B;48,7524700;2,3312100;1;6;0.0;B;3.0;6;0.0;1.0;7;559;1.0;;;1.0;0.0;1.0;130.0;Val-de-Marne;11;Île-de-France
201900001314;138Â 304Â 079;A01;1.0;1;2.0;2.0;1994.0;1.0;2.0;6.0;;;0;;;2.0;33.0;0.0;2.0;1.0;14.0;1.0;;22;5;2019;07:43;1.0;92;92002;1;1.0;1.0;2.0;RN 385;48,7597903;2,2734189;2;385;0.0;;3.0;6;0.0;1.0;54;492;1.0;;;1.0;3.0;1.0;80.0;Hauts-de-Seine;11;Île-de-France
201900001314;138Â 304Â 080;B01;1.0;1;1.0;1.0;1971.0;4.0;1.0;8.0;;;0;;;2.0;10.0;0.0;2.0;5.0;1.0;1.0;;22;5;2019;07:43;1.0;92;92002;1;1.0;1.0;2.0;RN 385;48,7597903;2,2734189;2;385;0.0;;3.0;6;0.0;1.0;54;492;1.0;;;1.0;3.0;1.0;80.0;Hauts-de-Seine;11;Île-de-France
201900001315;138Â 304Â 074;B01;1.0;1;1.0;1.0;1987.0;1.0;1.0;8.0;;0.0;0;;;1.0;7.0;0.0;2.0;4.0;2.0;1.0;;21;5;2019;18:20;1.0;91;91477;1;1.0;1.0;6.0;AUTOROUTE A126;48,7166400;2,2646200;1;6;0.0;;3.0;6;0.0;1.0;17;79;1.0;;;1.0;3.0;1.0;130.0;Essonne;11;Île-de-France
201900001315;138Â 304Â 075;C01;1.0;1;1.0;1.0;1994.0;4.0;8.0;0.0;;0.0;0;;;1.0;7.0;0.0;2.0;4.0;2.0;1.0;;21;5;2019;18:20;1.0;91;91477;1;1.0;1.0;6.0;AUTOROUTE A126;48,7166400;2,2646200;1;6;0.0;;3.0;6;0.0;1.0;17;79;1.0;;;1.0;3.0;1.0;130.0;Essonne;11;Île-de-France
201900001315;138Â 304Â 076;A01;2.0;2;2.0;2.0;1970.0;5.0;1.0;8.0;;0.0;0;;;1.0;7.0;0.0;2.0;1.0;2.0;1.0;;21;5;2019;18:20;1.0;91;91477;1;1.0;1.0;6.0;AUTOROUTE A126;48,7166400;2,2646200;1;6;0.0;;3.0;6;0.0;1.0;17;79;1.0;;;1.0;3.0;1.0;130.0;Essonne;11;Île-de-France
201900001315;138Â 304Â 076;A01;1.0;1;1.0;2.0;1970.0;5.0;1.0;8.0;;0.0;0;;;1.0;7.0;0.0;2.0;1.0;2.0;1.0;;21;5;2019;18:20;1.0;91;91477;1;1.0;1.0;6.0;AUTOROUTE A126;48,7166400;2,2646200;1;6;0.0;;3.0;6;0.0;1.0;17;79;1.0;;;1.0;3.0;1.0;130.0;Essonne;11;Île-de-France
201900001316;138Â 304Â 072;B01;1.0;1;2.0;1.0;1958.0;1.0;1.0;8.0;;0.0;0;;;2.0;7.0;0.0;2.0;4.0;1.0;1.0;;21;5;2019;15:20;1.0;91;91216;1;1.0;8.0;2.0;AUTOROUTE A6;48,6826500;2,3297100;1;6;0.0;;3.0;6;0.0;1.0;16;320;1.0;;;1.0;0.0;1.0;110.0;Essonne;11;Île-de-France
201900001316;138Â 304Â 073;A01;1.0;1;1.0;1.0;1998.0;1.0;1.0;8.0;;0.0;0;;;2.0;7.0;0.0;2.0;1.0;1.0;1.0;;21;5;2019;15:20;1.0;91;91216;1;1.0;8.0;2.0;AUTOROUTE A6;48,6826500;2,3297100;1;6;0.0;;3.0;6;0.0;1.0;16;320;1.0;;;1.0;0.0;1.0;110.0;Essonne;11;Île-de-France
201900001317;138Â 304Â 070;A01;1.0;1;2.0;1.0;1993.0;1.0;2.0;6.0;;0.0;0;;;2.0;33.0;0.0;2.0;7.0;1.0;1.0;;20;5;2019;17:20;1.0;91;91339;1;1.0;1.0;2.0;RN 104;48,6306600;2,2498200;2;104;0.0;;3.0;4;0.0;1.0;51;994;1.0;;;1.0;0.0;1.0;80.0;Essonne;11;Île-de-France
201900001317;138Â 304Â 071;B01;1.0;1;1.0;2.0;1986.0;1.0;1.0;8.0;;0.0;0;;;2.0;7.0;0.0;2.0;4.0;1.0;1.0;;20;5;2019;17:20;1.0;91;91339;1;1.0;1.0;2.0;RN 104;48,6306600;2,2498200;2;104;0.0;;3.0;4;0.0;1.0;51;994;1.0;;;1.0;0.0;1.0;80.0;Essonne;11;Île-de-France
201900001318;138Â 304Â 069;A01;1.0;1;2.0;1.0;1979.0;5.0;1.0;0.0;;;0;;;1.0;7.0;3.0;0.0;1.0;18.0;1.0;;19;5;2019;06:00;1.0;77;77495;1;9.0;5.0;6.0;AUTOROUTE A5A;48,5935400;2,6200700;1;5;0.0;A;3.0;4;0.0;1.0;8;0;3.0;;;2.0;3.0;1.0;110.0;Seine-et-Marne;11;Île-de-France
201900001319;138Â 304Â 067;A01;2.0;2;2.0;2.0;1968.0;5.0;2.0;8.0;;0.0;0;;;2.0;33.0;0.0;2.0;8.0;11.0;1.0;;18;5;2019;18:45;1.0;91;91645;1;1.0;8.0;3.0;RN 385 ExtÃ¨rieure;48,7597130;2,2666450;2;385;0.0;;3.0;4;0.0;1.0;54;599;1.0;;;2.0;0.0;1.0;4.0;Essonne;11;Île-de-France
201900001319;138Â 304Â 067;A01;1.0;1;2.0;1.0;1968.0;5.0;2.0;6.0;;0.0;0;;;2.0;33.0;0.0;2.0;8.0;11.0;1.0;;18;5;2019;18:45;1.0;91;91645;1;1.0;8.0;3.0;RN 385 ExtÃ¨rieure;48,7597130;2,2666450;2;385;0.0;;3.0;4;0.0;1.0;54;599;1.0;;;2.0;0.0;1.0;4.0;Essonne;11;Île-de-France
201900001319;138Â 304Â 068;B01;2.0;2;1.0;1.0;1995.0;4.0;1.0;0.0;;0.0;0;;;2.0;99.0;0.0;2.0;7.0;1.0;1.0;;18;5;2019;18:45;1.0;91;91645;1;1.0;8.0;3.0;RN 385 ExtÃ¨rieure;48,7597130;2,2666450;2;385;0.0;;3.0;4;0.0;1.0;54;599;1.0;;;2.0;0.0;1.0;4.0;Essonne;11;Île-de-France
201900001319;138Â 304Â 068;B01;5.0;2;1.0;1.0;1998.0;4.0;1.0;0.0;;0.0;0;;;2.0;99.0;0.0;2.0;7.0;1.0;1.0;;18;5;2019;18:45;1.0;91;91645;1;1.0;8.0;3.0;RN 385 ExtÃ¨rieure;48,7597130;2,2666450;2;385;0.0;;3.0;4;0.0;1.0;54;599;1.0;;;2.0;0.0;1.0;4.0;Essonne;11;Île-de-France
201900001319;138Â 304Â 068;B01;1.0;1;1.0;1.0;1968.0;4.0;1.0;0.0;;0.0;0;;;2.0;99.0;0.0;2.0;7.0;1.0;1.0;;18;5;2019;18:45;1.0;91;91645;1;1.0;8.0;3.0;RN 385 ExtÃ¨rieure;48,7597130;2,2666450;2;385;0.0;;3.0;4;0.0;1.0;54;599;1.0;;;2.0;0.0;1.0;4.0;Essonne;11;Île-de-France
201900001319;138Â 304Â 068;B01;6.0;2;1.0;2.0;1982.0;4.0;1.0;0.0;;0.0;0;;;2.0;99.0;0.0;2.0;7.0;1.0;1.0;;18;5;2019;18:45;1.0;91;91645;1;1.0;8.0;3.0;RN 385 ExtÃ¨rieure;48,7597130;2,2666450;2;385;0.0;;3.0;4;0.0;1.0;54;599;1.0;;;2.0;0.0;1.0;4.0;Essonne;11;Île-de-France