Num_Acc;id_vehicule;num_veh;place;catu;grav;sexe;an_nais;trajet;secu1;secu2;secu3;locp;actp;etatp;id_usager;senc;catv;obs;obsm;choc;manv;motor;occutc;jour;mois;an;hrmn;lum;dep;com;agg;int;atm;col;adr;lat;long;catr;voie;v1;v2;circ;nbv;vosp;prof;pr;pr1;plan;lartpc;larrout;surf;infra;situ;vma;nom_departement;reg;nom_region
201900001320;138Â 304Â 066;A01;1.0;1;2.0;2.0;1979.0;5.0;1.0;8.0;;0.0;0;;;1.0;7.0;6.0;0.0;1.0;14.0;1.0;;18;5;2019;18:20;1.0;91;91161;1;1.0;1.0;6.0;AUTOROUTE A6;48,7127000;2,3127000;1;6;0.0;;3.0;6;0.0;1.0;12;699;1.0;;;1.0;0.0;1.0;110.0;Essonne;11;Île-de-France
201900001320;138Â 304Â 066;A01;4.0;2;2.0;2.0;2014.0;5.0;1.0;8.0;;0.0;0;;;1.0;7.0;6.0;0.0;1.0;14.0;1.0;;18;5;2019;18:20;1.0;91;91161;1;1.0;1.0;6.0;AUTOROUTE A6;48,7127000;2,3127000;1;6;0.0;;3.0;6;0.0;1.0;12;699;1.0;;;1.0;0.0;1.0;110.0;Essonne;11;Île-de-France
201900001320;138Â 304Â 066;A01;2.0;2;2.0;2.0;2006.0;5.0;1.0;8.0;;0.0;0;;;1.0;7.0;6.0;0.0;1.0;14.0;1.0;;18;5;2019;18:20;1.0;91;91161;1;1.0;1.0;6.0;AUTOROUTE A6;48,7127000;2,3127000;1;6;0.0;;3.0;6;0.0;1.0;12;699;1.0;;;1.0;0.0;1.0;110.0;Essonne;11;Île-de-France
201900001320;138Â 304Â 066;A01;2.0;2;2.0;1.0;2008.0;5.0;1.0;8.0;;0.0;0;;;1.0;7.0;6.0;0.0;1.0;14.0;1.0;;18;5;2019;18:20;1.0;91;91161;1;1.0;1.0;6.0;AUTOROUTE A6;48,7127000;2,3127000;1;6;0.0;;3.0;6;0.0;1.0;12;699;1.0;;;1.0;0.0;1.0;110.0;Essonne;11;Île-de-France
201900001321;138Â 304Â 064;B01;1.0;1;2.0;2.0;1987.0;9.0;1.0;0.0;;0.0;0;;;1.0;7.0;0.0;2.0;4.0;1.0;1.0;;18;5;2019;09:29;1.0;91;91216;1;1.0;8.0;2.0;AUTOROUTE A6;48,6857710;2,3269100;1;6;0.0;;3.0;6;0.0;1.0;15;899;1.0;;;2.0;0.0;1.0;110.0;Essonne;11;Île-de-France
201900001321;138Â 304Â 065;A01;1.0;1;1.0;1.0;1992.0;9.0;1.0;0.0;;0.0;0;;;1.0;10.0;0.0;2.0;1.0;1.0;0.0;;18;5;2019;09:29;1.0;91;91216;1;1.0;8.0;2.0;AUTOROUTE A6;48,6857710;2,3269100;1;6;0.0;;3.0;6;0.0;1.0;15;899;1.0;;;2.0;0.0;1.0;110.0;Essonne;11;Île-de-France
201900001322;138Â 304Â 062;B01;1.0;1;2.0;1.0;1968.0;5.0;1.0;0.0;;0.0;0;;;1.0;7.0;0.0;2.0;4.0;1.0;1.0;;18;5;2019;06:30;2.0;91;91161;1;1.0;2.0;2.0;AUTOROUTE A6;48,6969400;2,3155300;1;6;0.0;;3.0;6;0.0;1.0;14;399;1.0;;;2.0;0.0;1.0;110.0;Essonne;11;Île-de-France
201900001322;138Â 304Â 062;B01;2.0;2;2.0;2.0;1991.0;5.0;1.0;0.0;;0.0;0;;;1.0;7.0;0.0;2.0;4.0;1.0;1.0;;18;5;2019;06:30;2.0;91;91161;1;1.0;2.0;2.0;AUTOROUTE A6;48,6969400;2,3155300;1;6;0.0;;3.0;6;0.0;1.0;14;399;1.0;;;2.0;0.0;1.0;110.0;Essonne;11;Île-de-France
201900001322;138Â 304Â 063;A01;1.0;1;1.0;1.0;1997.0;5.0;1.0;0.0;;0.0;0;;;1.0;7.0;0.0;2.0;2.0;18.0;1.0;;18;5;2019;06:30;2.0;91;91161;1;1.0;2.0;2.0;AUTOROUTE A6;48,6969400;2,3155300;1;6;0.0;;3.0;6;0.0;1.0;14;399;1.0;;;2.0;0.0;1.0;110.0;Essonne;11;Île-de-France
201900001322;138Â 304Â 063;A01;4.0;2;1.0;1.0;1998.0;5.0;1.0;0.0;;0.0;0;;;1.0;7.0;0.0;2.0;2.0;18.0;1.0;;18;5;2019;06:30;2.0;91;91161;1;1.0;2.0;2.0;AUTOROUTE A6;48,6969400;2,3155300;1;6;0.0;;3.0;6;0.0;1.0;14;399;1.0;;;2.0;0.0;1.0;110.0;Essonne;11;Île-de-France
201900001322;138Â 304Â 063;A01;2.0;2;1.0;1.0;1999.0;5.0;1.0;0.0;;0.0;0;;;1.0;7.0;0.0;2.0;2.0;18.0;1.0;;18;5;2019;06:30;2.0;91;91161;1;1.0;2.0;2.0;AUTOROUTE A6;48,6969400;2,3155300;1;6;0.0;;3.0;6;0.0;1.0;14;399;1.0;;;2.0;0.0;1.0;110.0;Essonne;11;Île-de-France
201900001322;138Â 304Â 063;A01;5.0;2;1.0;2.0;1997.0;5.0;1.0;0.0;;0.0;0;;;1.0;7.0;0.0;2.0;2.0;18.0;1.0;;18;5;2019;06:30;2.0;91;91161;1;1.0;2.0;2.0;AUTOROUTE A6;48,6969400;2,3155300;1;6;0.0;;3.0;6;0.0;1.0;14;399;1.0;;;2.0;0.0;1.0;110.0;Essonne;11;Île-de-France
201900001322;138Â 304Â 063;A01;3.0;2;1.0;1.0;2000.0;5.0;1.0;0.0;;; -1;;;1.0;7.0;0.0;2.0;2.0;18.0;1.0;;18;5;2019;06:30;2.0;91;91161;1;1.0;2.0;2.0;AUTOROUTE A6;48,6969400;2,3155300;1;6;0.0;;3.0;6;0.0;1.0;14;399;1.0;;;2.0;0.0;1.0;110.0;Essonne;11;Île-de-France
201900001323;138Â 304Â 059;B01;1.0;1;2.0;1.0;1987.0;0.0;1.0;0.0;;0.0;0;;;2.0;10.0;0.0;2.0;4.0;0.0;1.0;;17;5;2019;10:30;1.0;91;91216;1;1.0;1.0;5.0;AUTOROUTE A6;48,6840400;2,3284700;1;6;0.0;;1.0;3;0.0;1.0;16;90;1.0;;;1.0;0.0;1.0;90.0;Essonne;11;Île-de-France
201900001323;138Â 304Â 060;C01;1.0;1;1.0;1.0;1986.0;0.0;1.0;0.0;;0.0;0;;;2.0;7.0;0.0;0.0;4.0;1.0;1.0;;17;5;2019;10:30;1.0;91;91216;1;1.0;1.0;5.0;AUTOROUTE A6;48,6840400;2,3284700;1;6;0.0;;1.0;3;0.0;1.0;16;90;1.0;;;1.0;0.0;1.0;90.0;Essonne;11;Île-de-France
201900001323;138Â 304Â 061;A01;1.0;1;1.0;1.0;1996.0;0.0;1.0;0.0;;0.0;0;;;2.0;7.0;0.0;2.0;1.0;1.0;1.0;;17;5;2019;10:30;1.0;91;91216;1;1.0;1.0;5.0;AUTOROUTE A6;48,6840400;2,3284700;1;6;0.0;;1.0;3;0.0;1.0;16;90;1.0;;;1.0;0.0;1.0;90.0;Essonne;11;Île-de-France
201900001324;138Â 304Â 057;B01;1.0;1;2.0;1.0;1974.0;4.0;1.0;8.0;;;0;;;2.0;10.0;0.0;2.0;4.0;1.0;1.0;;17;5;2019;07:04;2.0;94;94038;1;1.0;1.0;2.0;AUTOROUTE A6A;48,7790000;2,3466400;1;6;0.0;A;1.0;6;0.0;1.0;4;355;1.0;;;1.0;0.0;1.0;130.0;Val-de-Marne;11;Île-de-France
201900001324;138Â 304Â 058;A01;1.0;1;2.0;2.0;1987.0;1.0;1.0;8.0;;;0;;;2.0;7.0;0.0;2.0;1.0;2.0;1.0;;17;5;2019;07:04;2.0;94;94038;1;1.0;1.0;2.0;AUTOROUTE A6A;48,7790000;2,3466400;1;6;0.0;A;1.0;6;0.0;1.0;4;355;1.0;;;1.0;0.0;1.0;130.0;Val-de-Marne;11;Île-de-France
201900001325;138Â 304Â 055;B01;1.0;1;2.0;1.0;1975.0;1.0;2.0;6.0;;;0;;;1.0;33.0;0.0;2.0;3.0;3.0;0.0;;16;5;2019;20:10;1.0;94;94021;1;1.0;1.0;6.0;AUTOROUTE A6A;48,7713500;2,3454700;1;6;0.0;A;3.0;6;0.0;1.0;5;300;1.0;;;1.0;0.0;1.0;90.0;Val-de-Marne;11;Île-de-France
201900001325;138Â 304Â 056;A01;1.0;1;1.0;2.0;1999.0;5.0;1.0;8.0;;; -1;;;1.0;7.0;0.0;0.0;2.0;12.0;1.0;;16;5;2019;20:10;1.0;94;94021;1;1.0;1.0;6.0;AUTOROUTE A6A;48,7713500;2,3454700;1;6;0.0;A;3.0;6;0.0;1.0;5;300;1.0;;;1.0;0.0;1.0;90.0;Val-de-Marne;11;Île-de-France
201900001326;138Â 304Â 052;C01;1.0;1;1.0;1.0;1986.0;1.0;1.0;0.0;;0.0;0;;;1.0;7.0;0.0;2.0;4.0;1.0;1.0;;16;5;2019;17:35;1.0;91;91689;1;1.0;1.0;5.0;AUTOROUTE A6B;48,7479100;2,3263100;1;6;0.0;B;3.0;3;0.0;2.0;8;173;1.0;;;1.0;0.0;1.0;110.0;Essonne;11;Île-de-France
201900001326;138Â 304Â 053;Z01;1.0;1;1.0;1.0;1989.0;0.0;1.0;0.0;;0.0;0;;;1.0;7.0;0.0;2.0;3.0;11.0;1.0;;16;5;2019;17:35;1.0;91;91689;1;1.0;1.0;5.0;AUTOROUTE A6B;48,7479100;2,3263100;1;6;0.0;B;3.0;3;0.0;2.0;8;173;1.0;;;1.0;0.0;1.0;110.0;Essonne;11;Île-de-France
201900001326;138Â 304Â 054;B01;1.0;1;2.0;1.0;1973.0;1.0;2.0;0.0;;0.0;0;;;0.0;34.0;0.0;2.0;7.0;1.0;1.0;;16;5;2019;17:35;1.0;91;91689;1;1.0;1.0;5.0;AUTOROUTE A6B;48,7479100;2,3263100;1;6;0.0;B;3.0;3;0.0;2.0;8;173;1.0;;;1.0;0.0;1.0;110.0;Essonne;11;Île-de-France
201900001327;138Â 304Â 050;B01;1.0;1;1.0;1.0;1966.0;0.0;1.0;8.0;;0.0;0;;;2.0;7.0;0.0;2.0;4.0;1.0;1.0;;16;5;2019;12:15;1.0;91;91434;1;1.0;1.0;2.0;AUTOROUTE A6;48,6682800;2,3541000;1;6;0.0;;3.0;6;0.0;3.0;18;750;1.0;;;1.0;0.0;1.0;90.0;Essonne;11;Île-de-France
201900001327;138Â 304Â 051;A01;1.0;1;2.0;2.0;1993.0;0.0;1.0;8.0;;0.0;0;;;2.0;7.0;0.0;2.0;1.0;1.0;1.0;;16;5;2019;12:15;1.0;91;91434;1;1.0;1.0;2.0;AUTOROUTE A6;48,6682800;2,3541000;1;6;0.0;;3.0;6;0.0;3.0;18;750;1.0;;;1.0;0.0;1.0;90.0;Essonne;11;Île-de-France
201900001328;138Â 304Â 048;A01;1.0;1;2.0;1.0;1995.0;0.0;2.0;6.0;;0.0;0;;;1.0;31.0;0.0;2.0;3.0;11.0;1.0;;15;5;2019;20:55;1.0;91;91617;1;1.0;1.0;3.0;RN 104;48,6325140;2,5311110;2;104;0.0;;1.0;2;0.0;1.0;29;110;1.0;;;1.0;0.0;1.0;110.0;Essonne;11;Île-de-France
201900001328;138Â 304Â 049;B01;1.0;1;1.0;1.0;1967.0;0.0;1.0;4.0;;0.0;0;;;1.0;7.0;0.0;2.0;5.0;1.0;1.0;;15;5;2019;20:55;1.0;91;91617;1;1.0;1.0;3.0;RN 104;48,6325140;2,5311110;2;104;0.0;;1.0;2;0.0;1.0;29;110;1.0;;;1.0;0.0;1.0;110.0;Essonne;11;Île-de-France
201900001329;138Â 304Â 046;B01;1.0;1;1.0;1.0;1996.0;1.0;2.0;6.0;;0.0;0;;;2.0;33.0;0.0;2.0;1.0;3.0;1.0;;15;5;2019;08:20;1.0;91;91161;1;1.0;1.0;2.0;AUTOROUTE A6;48,7010000;2,3097000;1;6;0.0;;3.0;4;0.0;1.0;13;800;1.0;;;1.0;0.0;1.0;90.0;Essonne;11;Île-de-France
201900001329;138Â 304Â 047;A01;1.0;1;2.0;1.0;1988.0;1.0;2.0;6.0;;0.0;0;;;2.0;33.0;0.0;2.0;4.0;3.0;1.0;;15;5;2019;08:20;1.0;91;91161;1;1.0;1.0;2.0;AUTOROUTE A6;48,7010000;2,3097000;1;6;0.0;;3.0;4;0.0;1.0;13;800;1.0;;;1.0;0.0;1.0;90.0;Essonne;11;Île-de-France
201900001330;138Â 304Â 044;B01;1.0;1;2.0;1.0;1976.0;0.0;1.0;0.0;;;0;;;2.0;7.0;1.0;0.0;2.0;0.0;1.0;;14;5;2019;20:50;2.0;94;94065;1;1.0;1.0;2.0;AUTOROUTE A86;48,7547300;2,3467300;1;86;0.0;EXT;1.0;4;0.0;1.0;49;580;1.0;;;1.0;3.0;1.0;130.0;Val-de-Marne;11;Île-de-France
201900001330;138Â 304Â 045;A01;1.0;1;1.0;1.0;1982.0;1.0;8.0;0.0;;; -1;;;2.0;17.0;1.0;2.0;6.0;23.0;1.0;;14;5;2019;20:50;2.0;94;94065;1;1.0;1.0;2.0;AUTOROUTE A86;48,7547300;2,3467300;1;86;0.0;EXT;1.0;4;0.0;1.0;49;580;1.0;;;1.0;3.0;1.0;130.0;Val-de-Marne;11;Île-de-France
201900001331;138Â 304Â 043;A01;1.0;1;2.0;1.0;1963.0;4.0;1.0;0.0;;0.0;0;;;2.0;99.0;13.0;0.0;1.0;1.0;1.0;;14;5;2019;18:05;1.0;91;91692;1;1.0;1.0;7.0;RN 118;48,6788410;2,1920400;2;118;0.0;;1.0;2;0.0;1.0;14;199;1.0;;;1.0;0.0;1.0;90.0;Essonne;11;Île-de-France
201900001331;138Â 304Â 043;A01;2.0;2;1.0;1.0;1972.0;4.0;1.0;0.0;;0.0;0;;;2.0;99.0;13.0;0.0;1.0;1.0;1.0;;14;5;2019;18:05;1.0;91;91692;1;1.0;1.0;7.0;RN 118;48,6788410;2,1920400;2;118;0.0;;1.0;2;0.0;1.0;14;199;1.0;;;1.0;0.0;1.0;90.0;Essonne;11;Île-de-France
201900001332;138Â 304Â 040;B01;1.0;1;1.0;1.0;1965.0;0.0;1.0;4.0;;0.0;0;;;2.0;7.0;0.0;2.0;0.0;0.0;1.0;;14;5;2019;15:00;1.0;91;91179;1;1.0;1.0;5.0;AUTOROUTE A6;48,5587070;2,4885520;1;6;0.0;;;3;0.0;1.0;37;0;1.0;;;1.0;0.0;1.0;110.0;Essonne;11;Île-de-France
201900001332;138Â 304Â 041;C01;1.0;1;1.0;1.0;1982.0;0.0;1.0;4.0;;0.0;0;;;2.0;15.0;0.0;2.0;3.0;0.0;1.0;;14;5;2019;15:00;1.0;91;91179;1;1.0;1.0;5.0;AUTOROUTE A6;48,5587070;2,4885520;1;6;0.0;;;3;0.0;1.0;37;0;1.0;;;1.0;0.0;1.0;110.0;Essonne;11;Île-de-France
201900001332;138Â 304Â 042;A01;1.0;1;2.0;2.0;1960.0;0.0;1.0;0.0;;; -1;;;1.0;7.0;4.0;2.0;1.0;0.0;1.0;;14;5;2019;15:00;1.0;91;91179;1;1.0;1.0;5.0;AUTOROUTE A6;48,5587070;2,4885520;1;6;0.0;;;3;0.0;1.0;37;0;1.0;;;1.0;0.0;1.0;110.0;Essonne;11;Île-de-France
201900001332;138Â 304Â 042;A01;2.0;2;2.0;2.0;1969.0;0.0;1.0;0.0;;; -1;;;1.0;7.0;4.0;2.0;1.0;0.0;1.0;;14;5;2019;15:00;1.0;91;91179;1;1.0;1.0;5.0;AUTOROUTE A6;48,5587070;2,4885520;1;6;0.0;;;3;0.0;1.0;37;0;1.0;;;1.0;0.0;1.0;110.0;Essonne;11;Île-de-France
201900001333;138Â 304Â 039;A01;1.0;1;2.0;1.0;1977.0;1.0;2.0;0.0;;0.0;0;;;1.0;34.0;14.0;0.0;0.0;12.0;1.0;;14;5;2019;17:50;1.0;91;91689;1;1.0;1.0;7.0;AUTOROUTE A6B;48,7412300;2,3192000;1;6;0.0;B;1.0;2;0.0;2.0;9;126;1.0;;;1.0;0.0;1.0;130.0;Essonne;11;Île-de-France
201900001334;138Â 304Â 037;A01;1.0;1;1.0;1.0;1978.0;0.0;1.0;4.0;;;0;;;1.0;10.0;0.0;2.0;1.0;1.0;1.0;;14;5;2019;16:30;1.0;92;92002;1;1.0;1.0;2.0;AUTOROUTE A10;48,7309580;2,3091078;1;10;0.0;;1.0;6;0.0;1.0;1;843;1.0;;;1.0;0.0;1.0;130.0;Hauts-de-Seine;11;Île-de-France
201900001334;138Â 304Â 038;B01;1.0;1;2.0;2.0;1996.0;1.0;1.0;4.0;;;0;;;2.0;7.0;0.0;2.0;4.0;1.0;1.0;;14;5;2019;16:30;1.0;92;92002;1;1.0;1.0;2.0;AUTOROUTE A10;48,7309580;2,3091078;1;10;0.0;;1.0;6;0.0;1.0;1;843;1.0;;;1.0;0.0;1.0;130.0;Hauts-de-Seine;11;Île-de-France
201900001335;138Â 304Â 036;A01;1.0;1;2.0;1.0;1983.0;5.0;2.0;0.0;;0.0;0;;;2.0;34.0;0.0;0.0;7.0;13.0;1.0;;14;5;2019;13:10;1.0;91;91617;1;1.0;1.0;7.0;RN 104;48,6358100;2,5355100;2;104;0.0;;1.0;2;0.0;4.0;28;351;3.0;;;1.0;3.0;1.0;80.0;Essonne;11;Île-de-France
201900001336;138Â 304Â 032;D01;1.0;1;1.0;1.0;1980.0;9.0;1.0;0.0;;;0;;;2.0;10.0;0.0;2.0;6.0;2.0;1.0;;14;5;2019;07:35;1.0;94;94034;1;1.0;1.0;5.0;AUTOROUTE A6B;48,7545400;2,3303600;1;6;0.0;B;1.0;3;0.0;1.0;7;599;1.0;;;1.0;0.0;1.0;90.0;Val-de-Marne;11;Île-de-France
201900001336;138Â 304Â 033;B01;1.0;1;1.0;1.0;1964.0;2.0;1.0;0.0;;;0;;;2.0;7.0;0.0;2.0;6.0;1.0;1.0;;14;5;2019;07:35;1.0;94;94034;1;1.0;1.0;5.0;AUTOROUTE A6B;48,7545400;2,3303600;1;6;0.0;B;1.0;3;0.0;1.0;7;599;1.0;;;1.0;0.0;1.0;90.0;Val-de-Marne;11;Île-de-France
201900001336;138Â 304Â 034;C01;1.0;1;2.0;1.0;1980.0;9.0;1.0;0.0;;;0;;;2.0;7.0;0.0;2.0;4.0;2.0;1.0;;14;5;2019;07:35;1.0;94;94034;1;1.0;1.0;5.0;AUTOROUTE A6B;48,7545400;2,3303600;1;6;0.0;B;1.0;3;0.0;1.0;7;599;1.0;;;1.0;0.0;1.0;90.0;Val-de-Marne;11;Île-de-France
201900001336;138Â 304Â 035;A01;1.0;1;2.0;1.0;1977.0;1.0;1.0;0.0;;;0;;;2.0;7.0;0.0;2.0;1.0;2.0;1.0;;14;5;2019;07:35;1.0;94;94034;1;1.0;1.0;5.0;AUTOROUTE A6B;48,7545400;2,3303600;1;6;0.0;B;1.0;3;0.0;1.0;7;599;1.0;;;1.0;0.0;1.0;90.0;Val-de-Marne;11;Île-de-France
201900001337;138Â 304Â 030;A01;1.0;1;1.0;1.0;1983.0;5.0;1.0;0.0;;;0;;;2.0;7.0;0.0;2.0;5.0;12.0;1.0;;13;5;2019;12:40;1.0;92;92002;1;1.0;1.0;3.0;AUTOROUTE A10;48,7318134;2,3104351;1;10;0.0;;3.0;6;0.0;1.0;1;700;1.0;;;1.0;0.0;1.0;110.0;Hauts-de-Seine;11;Île-de-France
201900001337;138Â 304Â 031;B01;1.0;1;2.0;1.0;1971.0;5.0;2.0;6.0;;;0;;;2.0;33.0;0.0;2.0;3.0;2.0;1.0;;13;5;2019;12:40;1.0;92;92002;1;1.0;1.0;3.0;AUTOROUTE A10;48,7318134;2,3104351;1;10;0.0;;3.0;6;0.0;1.0;1;700;1.0;;;1.0;0.0;1.0;110.0;Hauts-de-Seine;11;Île-de-France
201900001338;138Â 304Â 028;A01;1.0;1;1.0;1.0;1976.0;0.0;2.0;6.0;;0.0;0;;;1.0;43.0;0.0;2.0;1.0;1.0;1.0;;12;5;2019;19:30;1.0;91;91064;1;1.0;1.0;2.0;RN 118;48,7694000;2,2293000;2;118;0.0;;1.0;2;0.0;2.0;1;0;1.0;;;1.0;2.0;1.0;50.0;Essonne;11;Île-de-France
201900001338;138Â 304Â 029;B01;1.0;1;2.0;2.0;1997.0;0.0;1.0;0.0;;0.0;0;;;3.0;7.0;0.0;2.0;5.0;1.0;1.0;;12;5;2019;19:30;1.0;91;91064;1;1.0;1.0;2.0;RN 118;48,7694000;2,2293000;2;118;0.0;;1.0;2;0.0;2.0;1;0;1.0;;;1.0;2.0;1.0;50.0;Essonne;11;Île-de-France
201900001339;138Â 304Â 027;A01;1.0;1;2.0;2.0;1990.0;5.0;1.0;0.0;;0.0;0;;;1.0;7.0;4.0;0.0;3.0;1.0;1.0;;11;5;2019;09:00;1.0;91;91589;1;1.0;3.0;6.0;AUTOROUTE A6;48,6780500;2,3363600;1;6;0.0;;3.0;6;0.0;1.0;16;999;1.0;;;2.0;0.0;1.0;110.0;Essonne;11;Île-de-France
201900001340;138Â 304Â 026;A01;1.0;1;2.0;1.0;1994.0;1.0;1.0;8.0;;;0;;;2.0;10.0;4.0;0.0;1.0;1.0;1.0;;11;5;2019;08:45;1.0;94;94021;1;1.0;3.0;7.0;AUTOROUTE A6A;48,7637800;2,3422700;1;6;0.0;A;3.0;6;0.0;1.0;6;211;2.0;;;2.0;0.0;1.0;90.0;Val-de-Marne;11;Île-de-France
201900001341;138Â 304Â 025;A01;1.0;1;2.0;1.0;1990.0;0.0;1.0;8.0;;0.0;0;;;2.0;7.0;3.0;0.0;1.0;1.0;1.0;;11;5;2019;05:35;3.0;91;91661;1;1.0;3.0;7.0;RD 188 CHEVREUSE;48,7049000;2,2498000;2;188;0.0;;1.0;1;0.0;4.0;4;10;1.0;;;2.0;3.0;1.0;70.0;Essonne;11;Île-de-France
201900001342;138Â 304Â 024;A01;1.0;1;2.0;1.0;1978.0;4.0;1.0;0.0;;0.0;0;;;1.0;15.0;4.0;0.0;1.0;1.0;1.0;;11;5;2019;03:58;4.0;91;91689;1;1.0;3.0;7.0;AUTOROUTE A6B;48,7481100;2,3262600;1;6;0.0;B;1.0;3;0.0;4.0;8;199;1.0;;;2.0;0.0;1.0;110.0;Essonne;11;Île-de-France
201900001343;138Â 304Â 023;A01;1.0;1;2.0;1.0;1957.0;0.0;1.0;0.0;;0.0;0;;;1.0;7.0;4.0;0.0;1.0;13.0;1.0;;10;5;2019;09:26;1.0;91;91589;1;1.0;1.0;7.0;AUTOROUTE A6;48,6801400;2,3323500;1;6;0.0;;3.0;6;0.0;4.0;16;684;1.0;;;1.0;0.0;1.0;110.0;Essonne;11;Île-de-France
201900001344;138Â 304Â 020;B01;1.0;1;1.0;2.0;1988.0;4.0;1.0;0.0;;; -1;;;2.0;10.0;0.0;2.0;6.0;24.0;0.0;;8;5;2019;18:12;1.0;94;94021;1;1.0;2.0;4.0;AUTOROUTE A6B;48,7604800;2,3393100;1;6;0.0;B;1.0;3;0.0;1.0;6;519;1.0;;;2.0;0.0;1.0;90.0;Val-de-Marne;11;Île-de-France
201900001344;138Â 304Â 020;B01;2.0;2;1.0;1.0;1982.0;4.0;1.0;0.0;;;0;;;2.0;10.0;0.0;2.0;6.0;24.0;0.0;;8;5;2019;18:12;1.0;94;94021;1;1.0;2.0;4.0;AUTOROUTE A6B;48,7604800;2,3393100;1;6;0.0;B;1.0;3;0.0;1.0;6;519;1.0;;;2.0;0.0;1.0;90.0;Val-de-Marne;11;Île-de-France
201900001344;138Â 304Â 020;B01;4.0;2;1.0;1.0;1993.0;0.0;1.0;0.0;;;0;;;2.0;10.0;0.0;2.0;6.0;24.0;0.0;;8;5;2019;18:12;1.0;94;94021;1;1.0;2.0;4.0;AUTOROUTE A6B;48,7604800;2,3393100;1;6;0.0;B;1.0;3;0.0;1.0;6;519;1.0;;;2.0;0.0;1.0;90.0;Val-de-Marne;11;Île-de-France
201900001344;138Â 304Â 021;Z01;1.0;1;1.0;1.0;1956.0;0.0;8.0;0.0;;;0;;;2.0;7.0;1.0;2.0;1.0;9.0;1.0;;8;5;2019;18:12;1.0;94;94021;1;1.0;2.0;4.0;AUTOROUTE A6B;48,7604800;2,3393100;1;6;0.0;B;1.0;3;0.0;1.0;6;519;1.0;;;2.0;0.0;1.0;90.0;Val-de-Marne;11;Île-de-France
201900001344;138Â 304Â 022;A01;4.0;2;2.0;2.0;1966.0;0.0;1.0;0.0;;;0;;;2.0;7.0;1.0;2.0;4.0;1.0;1.0;;8;5;2019;18:12;1.0;94;94021;1;1.0;2.0;4.0;AUTOROUTE A6B;48,7604800;2,3393100;1;6;0.0;B;1.0;3;0.0;1.0;6;519;1.0;;;2.0;0.0;1.0;90.0;Val-de-Marne;11;Île-de-France
201900001344;138Â 304Â 022;A01;3.0;2;1.0;1.0;1968.0;0.0;1.0;0.0;;;0;;;2.0;7.0;1.0;2.0;4.0;1.0;1.0;;8;5;2019;18:12;1.0;94;94021;1;1.0;2.0;4.0;AUTOROUTE A6B;48,7604800;2,3393100;1;6;0.0;B;1.0;3;0.0;1.0;6;519;1.0;;;2.0;0.0;1.0;90.0;Val-de-Marne;11;Île-de-France
201900001344;138Â 304Â 022;A01;1.0;1;1.0;1.0;1961.0;0.0;1.0;0.0;;; -1;;;2.0;7.0;1.0;2.0;4.0;1.0;1.0;;8;5;2019;18:12;1.0;94;94021;1;1.0;2.0;4.0;AUTOROUTE A6B;48,7604800;2,3393100;1;6;0.0;B;1.0;3;0.0;1.0;6;519;1.0;;;2.0;0.0;1.0;90.0;Val-de-Marne;11;Île-de-France
201900001344;138Â 304Â 022;A01;2.0;2;1.0;2.0;1960.0;0.0;1.0;0.0;;;0;;;2.0;7.0;1.0;2.0;4.0;1.0;1.0;;8;5;2019;18:12;1.0;94;94021;1;1.0;2.0;4.0;AUTOROUTE A6B;48,7604800;2,3393100;1;6;0.0;B;1.0;3;0.0;1.0;6;519;1.0;;;2.0;0.0;1.0;90.0;Val-de-Marne;11;Île-de-France
201900001345;138Â 304Â 017;B01;4.0;2;2.0;2.0;1976.0;9.0;1.0;0.0;;;0;;;2.0;7.0;0.0;2.0;4.0;2.0;1.0;;8;5;2019;12:15;1.0;92;92002;1;1.0;2.0;4.0;AUTOROUTE A86;48,7632142;2,3108203;1;86;0.0;;1.0;2;0.0;1.0;52;299;1.0;;;2.0;0.0;1.0;70.0;Hauts-de-Seine;11;Île-de-France
201900001345;138Â 304Â 017;B01;1.0;1;1.0;1.0;1965.0;9.0;1.0;0.0;;;0;;;2.0;7.0;0.0;2.0;4.0;2.0;1.0;;8;5;2019;12:15;1.0;92;92002;1;1.0;2.0;4.0;AUTOROUTE A86;48,7632142;2,3108203;1;86;0.0;;1.0;2;0.0;1.0;52;299;1.0;;;2.0;0.0;1.0;70.0;Hauts-de-Seine;11;Île-de-France
201900001345;138Â 304Â 018;C01;1.0;1;2.0;1.0;1992.0;9.0;1.0;0.0;;;0;;;2.0;7.0;0.0;2.0;4.0;2.0;1.0;;8;5;2019;12:15;1.0;92;92002;1;1.0;2.0;4.0;AUTOROUTE A86;48,7632142;2,3108203;1;86;0.0;;1.0;2;0.0;1.0;52;299;1.0;;;2.0;0.0;1.0;70.0;Hauts-de-Seine;11;Île-de-France
201900001345;138Â 304Â 019;A01;1.0;1;1.0;2.0;1977.0;9.0;1.0;0.0;;;0;;;2.0;7.0;0.0;2.0;1.0;2.0;1.0;;8;5;2019;12:15;1.0;92;92002;1;1.0;2.0;4.0;AUTOROUTE A86;48,7632142;2,3108203;1;86;0.0;;1.0;2;0.0;1.0;52;299;1.0;;;2.0;0.0;1.0;70.0;Hauts-de-Seine;11;Île-de-France
201900001346;138Â 304Â 015;A01;1.0;1;2.0;1.0;1997.0;0.0;8.0;0.0;;0.0;0;;;2.0;10.0;3.0;2.0;2.0;1.0;1.0;;7;5;2019;22:00;3.0;91;91659;1;1.0;1.0;2.0;AUTOROUTE A6;48,5838400;2,4555600;1;6;0.0;;3.0;6;0.0;1.0;31;100;1.0;;;1.0;0.0;1.0;110.0;Essonne;11;Île-de-France