Num_Acc;id_vehicule;num_veh;place;catu;grav;sexe;an_nais;trajet;secu1;secu2;secu3;locp;actp;etatp;id_usager;senc;catv;obs;obsm;choc;manv;motor;occutc;jour;mois;an;hrmn;lum;dep;com;agg;int;atm;col;adr;lat;long;catr;voie;v1;v2;circ;nbv;vosp;prof;pr;pr1;plan;lartpc;larrout;surf;infra;situ;vma;nom_departement;reg;nom_region
201900001346;138Â 304Â 016;B01;1.0;1;1.0;1.0;1995.0;5.0;1.0;0.0;;0.0;0;;;2.0;7.0;0.0;2.0;5.0;1.0;1.0;;7;5;2019;22:00;3.0;91;91659;1;1.0;1.0;2.0;AUTOROUTE A6;48,5838400;2,4555600;1;6;0.0;;3.0;6;0.0;1.0;31;100;1.0;;;1.0;0.0;1.0;110.0;Essonne;11;Île-de-France
201900001347;138Â 304Â 011;A01;1.0;1;3.0;1.0;1987.0;1.0;2.0;6.0;;;0;;;1.0;33.0;0.0;2.0;2.0;17.0;1.0;;7;5;2019;18:20;1.0;92;92002;1;1.0;1.0;5.0;AUTOROUTE A86;48,7605835;2,2926766;1;86;0.0;;3.0;4;0.0;1.0;52;891;1.0;;;1.0;0.0;1.0;90.0;Hauts-de-Seine;11;Île-de-France
201900001347;138Â 304Â 012;B01;1.0;1;1.0;1.0;1980.0;1.0;1.0;0.0;;;0;;;1.0;7.0;0.0;2.0;6.0;12.0;1.0;;7;5;2019;18:20;1.0;92;92002;1;1.0;1.0;5.0;AUTOROUTE A86;48,7605835;2,2926766;1;86;0.0;;3.0;4;0.0;1.0;52;891;1.0;;;1.0;0.0;1.0;90.0;Hauts-de-Seine;11;Île-de-France
201900001347;138Â 304Â 013;C01;1.0;1;1.0;1.0;1970.0;1.0;1.0;0.0;;;0;;;2.0;7.0;0.0;2.0;1.0;1.0;1.0;;7;5;2019;18:20;1.0;92;92002;1;1.0;1.0;5.0;AUTOROUTE A86;48,7605835;2,2926766;1;86;0.0;;3.0;4;0.0;1.0;52;891;1.0;;;1.0;0.0;1.0;90.0;Hauts-de-Seine;11;Île-de-France
201900001347;138Â 304Â 014;D01;1.0;1;1.0;2.0;1965.0;1.0;1.0;0.0;;;0;;;2.0;7.0;0.0;2.0;1.0;1.0;1.0;;7;5;2019;18:20;1.0;92;92002;1;1.0;1.0;5.0;AUTOROUTE A86;48,7605835;2,2926766;1;86;0.0;;3.0;4;0.0;1.0;52;891;1.0;;;1.0;0.0;1.0;90.0;Hauts-de-Seine;11;Île-de-France
201900001348;138Â 304Â 010;A01;1.0;1;2.0;1.0;1971.0;0.0;2.0;6.0;;;0;;;2.0;33.0;0.0;0.0;2.0;3.0;1.0;;6;5;2019;14:00;1.0;94;94076;1;1.0;1.0;7.0;AUTOROUTE A6B;48,7912000;2,3445000;1;6;0.0;B;3.0;12;0.0;1.0;3;0;1.0;;;1.0;0.0;1.0;90.0;Val-de-Marne;11;Île-de-France
201900001349;138Â 304Â 005;A01;1.0;1;1.0;1.0;1997.0;4.0;1.0;0.0;;;0;;;2.0;13.0;0.0;2.0;1.0;2.0;1.0;;6;5;2019;08:20;1.0;94;94038;1;1.0;1.0;2.0;AUTOROUTE A6A;48,7780000;2,3462700;1;6;0.0;A;3.0;12;0.0;1.0;4;500;1.0;;;1.0;0.0;1.0;90.0;Val-de-Marne;11;Île-de-France
201900001349;138Â 304Â 006;B01;1.0;1;2.0;2.0;1966.0;5.0;1.0;0.0;;;0;;;2.0;10.0;0.0;2.0;4.0;1.0;1.0;;6;5;2019;08:20;1.0;94;94038;1;1.0;1.0;2.0;AUTOROUTE A6A;48,7780000;2,3462700;1;6;0.0;A;3.0;12;0.0;1.0;4;500;1.0;;;1.0;0.0;1.0;90.0;Val-de-Marne;11;Île-de-France
201900001350;138Â 304Â 004;A01;1.0;1;2.0;1.0;1985.0;5.0;2.0;6.0;;0.0;0;;;2.0;33.0;0.0;2.0;8.0;1.0;1.0;;5;5;2019;17:15;1.0;91;91521;1;1.0;1.0;7.0;RN 104;48,6293700;2,4004800;2;104;0.0;;3.0;5;0.0;3.0;41;0;3.0;;;2.0;0.0;1.0;90.0;Essonne;11;Île-de-France
201900001351;138Â 304Â 002;A01;1.0;1;2.0;2.0;1998.0;0.0;1.0;0.0;;0.0;0;;;1.0;7.0;1.0;0.0;5.0;26.0;1.0;;4;5;2019;15:45;1.0;91;91521;1;1.0;2.0;3.0;RN 104;48,6376380;2,3976440;2;104;0.0;;1.0;2;0.0;4.0;(1);(1);4.0;;;2.0;0.0;1.0;70.0;Essonne;11;Île-de-France
201900001351;138Â 304Â 003;B01;1.0;1;1.0;1.0;1992.0;0.0;1.0;0.0;;0.0;0;;;1.0;7.0;1.0;0.0;6.0;9.0;1.0;;4;5;2019;15:45;1.0;91;91521;1;1.0;2.0;3.0;RN 104;48,6376380;2,3976440;2;104;0.0;;1.0;2;0.0;4.0;(1);(1);4.0;;;2.0;0.0;1.0;70.0;Essonne;11;Île-de-France
201900001352;138Â 304Â 001;A01;1.0;1;2.0;2.0;1979.0;5.0;1.0;0.0;;0.0;0;;;2.0;7.0;4.0;0.0;3.0;0.0;1.0;;4;5;2019;15:15;1.0;91;91136;1;1.0;2.0;7.0;AUTOROUTE A10;48,7115400;2,2892600;1;10;0.0;;1.0;2;0.0;1.0;4;500;2.0;;;2.0;0.0;1.0;70.0;Essonne;11;Île-de-France
201900001353;138Â 304Â 000;A01;1.0;1;2.0;1.0;1985.0;1.0;2.0;6.0;;;0;;;1.0;33.0;3.0;0.0;0.0;1.0;0.0;;4;5;2019;12:50;1.0;94;94034;1;1.0;8.0;7.0;AUTOROUTE A6B;48,7597800;2,3385800;1;6;0.0;B;;1;0.0;4.0;6;638;3.0;;;8.0;3.0;1.0;50.0;Val-de-Marne;11;Île-de-France
201900001354;138Â 303Â 998;B01;1.0;1;1.0;2.0;1963.0;1.0;1.0;0.0;;0.0;0;;;1.0;7.0;0.0;2.0;4.0;2.0;1.0;;4;5;2019;12:20;1.0;91;91161;1;1.0;8.0;2.0;AUTOROUTE A6;48,7067000;2,3050600;1;6;0.0;;3.0;6;0.0;1.0;13;100;1.0;;;2.0;0.0;1.0;130.0;Essonne;11;Île-de-France
201900001354;138Â 303Â 999;A01;1.0;1;1.0;1.0;1985.0;1.0;1.0;0.0;;0.0;0;;;1.0;7.0;0.0;2.0;1.0;2.0;1.0;;4;5;2019;12:20;1.0;91;91161;1;1.0;8.0;2.0;AUTOROUTE A6;48,7067000;2,3050600;1;6;0.0;;3.0;6;0.0;1.0;13;100;1.0;;;2.0;0.0;1.0;130.0;Essonne;11;Île-de-France
201900001354;138Â 303Â 999;A01;2.0;2;2.0;1.0;1990.0;1.0;1.0;0.0;;0.0;0;;;1.0;7.0;0.0;2.0;1.0;2.0;1.0;;4;5;2019;12:20;1.0;91;91161;1;1.0;8.0;2.0;AUTOROUTE A6;48,7067000;2,3050600;1;6;0.0;;3.0;6;0.0;1.0;13;100;1.0;;;2.0;0.0;1.0;130.0;Essonne;11;Île-de-France
201900001355;138Â 303Â 996;B01;1.0;1;2.0;2.0;1981.0;1.0;1.0;0.0;;0.0;0;;;1.0;7.0;0.0;2.0;1.0;2.0;1.0;;2;5;2019;15:05;1.0;91;91687;1;1.0;2.0;2.0;AUTOROUTE A6;48,6645300;2,3648800;1;6;0.0;;3.0;6;0.0;1.0;19;950;1.0;;;2.0;8.0;1.0;70.0;Essonne;11;Île-de-France
201900001355;138Â 303Â 997;A01;1.0;1;1.0;1.0;1993.0;5.0;1.0;0.0;;0.0;0;;;1.0;7.0;0.0;2.0;5.0;2.0;1.0;;2;5;2019;15:05;1.0;91;91687;1;1.0;2.0;2.0;AUTOROUTE A6;48,6645300;2,3648800;1;6;0.0;;3.0;6;0.0;1.0;19;950;1.0;;;2.0;8.0;1.0;70.0;Essonne;11;Île-de-France
201900001356;138Â 303Â 992;D01;1.0;1;1.0;1.0;1969.0;0.0;1.0;0.0;;;0;;;2.0;7.0;0.0;2.0;6.0;1.0;0.0;;2;5;2019;13:50;1.0;94;94038;1;1.0;1.0;5.0;AUTOROUTE A6B;48,7747100;2,3462500;1;6;0.0;B;;12;0.0;1.0;4;909;1.0;;;2.0;0.0;1.0;130.0;Val-de-Marne;11;Île-de-France
201900001356;138Â 303Â 993;C01;1.0;1;1.0;1.0;1960.0;0.0;1.0;0.0;;;0;;;2.0;7.0;0.0;2.0;4.0;1.0;0.0;;2;5;2019;13:50;1.0;94;94038;1;1.0;1.0;5.0;AUTOROUTE A6B;48,7747100;2,3462500;1;6;0.0;B;;12;0.0;1.0;4;909;1.0;;;2.0;0.0;1.0;130.0;Val-de-Marne;11;Île-de-France
201900001356;138Â 303Â 994;B01;1.0;1;1.0;1.0;1975.0;0.0;1.0;0.0;;;0;;;2.0;7.0;0.0;2.0;8.0;1.0;1.0;;2;5;2019;13:50;1.0;94;94038;1;1.0;1.0;5.0;AUTOROUTE A6B;48,7747100;2,3462500;1;6;0.0;B;;12;0.0;1.0;4;909;1.0;;;2.0;0.0;1.0;130.0;Val-de-Marne;11;Île-de-France
201900001356;138Â 303Â 995;A01;2.0;2;2.0;1.0;1996.0;0.0;1.0;0.0;;;0;;;2.0;7.0;0.0;2.0;3.0;26.0;1.0;;2;5;2019;13:50;1.0;94;94038;1;1.0;1.0;5.0;AUTOROUTE A6B;48,7747100;2,3462500;1;6;0.0;B;;12;0.0;1.0;4;909;1.0;;;2.0;0.0;1.0;130.0;Val-de-Marne;11;Île-de-France
201900001357;138Â 303Â 990;A01;1.0;1;1.0;1.0;1991.0;4.0;1.0;0.0;;0.0;0;;;1.0;17.0;1.0;0.0;2.0;1.0;1.0;;2;5;2019;06:00;1.0;91;91377;1;1.0;1.0;2.0;AUTOROUTE A10;48,7245000;2,3001000;1;10;0.0;;3.0;6;0.0;1.0;2;630;1.0;;;1.0;0.0;1.0;110.0;Essonne;11;Île-de-France
201900001357;138Â 303Â 991;B01;2.0;2;2.0;1.0;1989.0;4.0;8.0;0.0;;0.0;0;;;1.0;7.0;0.0;2.0;6.0;23.0;1.0;;2;5;2019;06:00;1.0;91;91377;1;1.0;1.0;2.0;AUTOROUTE A10;48,7245000;2,3001000;1;10;0.0;;3.0;6;0.0;1.0;2;630;1.0;;;1.0;0.0;1.0;110.0;Essonne;11;Île-de-France
201900001357;138Â 303Â 991;B01;1.0;1;2.0;1.0;1995.0;4.0;8.0;0.0;;0.0;0;;;1.0;7.0;0.0;2.0;6.0;23.0;1.0;;2;5;2019;06:00;1.0;91;91377;1;1.0;1.0;2.0;AUTOROUTE A10;48,7245000;2,3001000;1;10;0.0;;3.0;6;0.0;1.0;2;630;1.0;;;1.0;0.0;1.0;110.0;Essonne;11;Île-de-France
201900001358;138Â 303Â 986;A01;1.0;1;1.0;1.0;1972.0;0.0;1.0;0.0;;0.0;0;;;1.0;7.0;0.0;2.0;3.0;1.0;0.0;;29;4;2019;07:55;1.0;91;91553;1;1.0;1.0;2.0;RN 104;48,6284200;2,4806300;2;104;0.0;;;6;0.0;4.0;32;595;1.0;;;1.0;0.0;1.0;110.0;Essonne;11;Île-de-France
201900001358;138Â 303Â 987;B01;1.0;1;2.0;2.0;1961.0;1.0;1.0;0.0;;0.0;0;;;1.0;7.0;4.0;2.0;5.0;0.0;0.0;;29;4;2019;07:55;1.0;91;91553;1;1.0;1.0;2.0;RN 104;48,6284200;2,4806300;2;104;0.0;;;6;0.0;4.0;32;595;1.0;;;1.0;0.0;1.0;110.0;Essonne;11;Île-de-France
201900001359;138Â 303Â 985;A01;1.0;1;2.0;2.0;1974.0;0.0;1.0;0.0;;;0;;;1.0;7.0;0.0;0.0;0.0;1.0;1.0;;29;5;2019;15:50;1.0;92;92036;1;1.0;1.0;6.0;AUTOROUTE A86;48,9345200;2,2677300;1;86;0.0;;1.0;0;0.0;1.0;0;0;1.0;;;1.0;0.0;1.0;90.0;Hauts-de-Seine;11;Île-de-France
201900001360;138Â 303Â 984;A01;1.0;1;2.0;1.0;1989.0;4.0;2.0;6.0;;;0;;;1.0;33.0;0.0;0.0;7.0;3.0;1.0;;28;5;2019;17:40;1.0;92;92050;1;1.0;1.0;6.0;A86;48,9127969;2,2178569;1;86;0.0;;1.0;3;0.0;1.0;1;799;1.0;;;1.0;0.0;1.0;90.0;Hauts-de-Seine;11;Île-de-France
201900001361;138Â 303Â 981;C01;1.0;1;1.0;1.0;1968.0;1.0;1.0;4.0;;;0;;;2.0;7.0;0.0;2.0;8.0;23.0;1.0;;27;5;2019;08:05;1.0;92;92036;1;1.0;1.0;6.0;A86;48,9347202;2,2678634;1;86;0.0;;3.0;2;0.0;1.0;2;400;3.0;;;1.0;2.0;1.0;70.0;Hauts-de-Seine;11;Île-de-France
201900001361;138Â 303Â 982;B01;1.0;1;1.0;1.0;1989.0;1.0;1.0;4.0;;;0;;;2.0;7.0;0.0;2.0;5.0;23.0;1.0;;27;5;2019;08:05;1.0;92;92036;1;1.0;1.0;6.0;A86;48,9347202;2,2678634;1;86;0.0;;3.0;2;0.0;1.0;2;400;3.0;;;1.0;2.0;1.0;70.0;Hauts-de-Seine;11;Île-de-France
201900001361;138Â 303Â 983;A01;2.0;1;2.0;1.0;1983.0;1.0;2.0;0.0;;;0;;;2.0;34.0;0.0;4.0;1.0;3.0;1.0;;27;5;2019;08:05;1.0;92;92036;1;1.0;1.0;6.0;A86;48,9347202;2,2678634;1;86;0.0;;3.0;2;0.0;1.0;2;400;3.0;;;1.0;2.0;1.0;70.0;Hauts-de-Seine;11;Île-de-France
201900001362;138Â 303Â 980;A01;4.0;2;2.0;1.0;1999.0;9.0;8.0;0.0;;;0;;;1.0;10.0;4.0;0.0;3.0;0.0;1.0;;26;5;2019;21:40;4.0;92;92025;1;1.0;1.0;6.0;A86;48,9274816;2,2375338;1;86;0.0;;3.0;2;0.0;1.0;3;980;1.0;;;1.0;0.0;2.0;90.0;Hauts-de-Seine;11;Île-de-France
201900001362;138Â 303Â 980;A01;5.0;2;2.0;1.0;2000.0;9.0;1.0;0.0;;;0;;;1.0;10.0;4.0;0.0;3.0;0.0;1.0;;26;5;2019;21:40;4.0;92;92025;1;1.0;1.0;6.0;A86;48,9274816;2,2375338;1;86;0.0;;3.0;2;0.0;1.0;3;980;1.0;;;1.0;0.0;2.0;90.0;Hauts-de-Seine;11;Île-de-France
201900001362;138Â 303Â 980;A01;3.0;2;2.0;1.0;2000.0;0.0;8.0;0.0;;;0;;;1.0;10.0;4.0;0.0;3.0;0.0;1.0;;26;5;2019;21:40;4.0;92;92025;1;1.0;1.0;6.0;A86;48,9274816;2,2375338;1;86;0.0;;3.0;2;0.0;1.0;3;980;1.0;;;1.0;0.0;2.0;90.0;Hauts-de-Seine;11;Île-de-France
201900001362;138Â 303Â 980;A01;1.0;1;2.0;1.0;2000.0;0.0;8.0;0.0;;;0;;;1.0;10.0;4.0;0.0;3.0;0.0;1.0;;26;5;2019;21:40;4.0;92;92025;1;1.0;1.0;6.0;A86;48,9274816;2,2375338;1;86;0.0;;3.0;2;0.0;1.0;3;980;1.0;;;1.0;0.0;2.0;90.0;Hauts-de-Seine;11;Île-de-France
201900001362;138Â 303Â 980;A01;2.0;2;3.0;1.0;2000.0;0.0;8.0;0.0;;;0;;;1.0;10.0;4.0;0.0;3.0;0.0;1.0;;26;5;2019;21:40;4.0;92;92025;1;1.0;1.0;6.0;A86;48,9274816;2,2375338;1;86;0.0;;3.0;2;0.0;1.0;3;980;1.0;;;1.0;0.0;2.0;90.0;Hauts-de-Seine;11;Île-de-France
201900001363;138Â 303Â 978;B01;1.0;1;1.0;1.0;1967.0;5.0;1.0;8.0;;; -1;;;2.0;7.0;0.0;2.0;6.0;2.0;1.0;;26;5;2019;16:50;1.0;78;78362;1;1.0;1.0;2.0;A13;48,9759310;1,7225690;1;13;0.0;;3.0;3;0.0;1.0;48;99;1.0;;;1.0;0.0;1.0;110.0;Yvelines;11;Île-de-France
201900001363;138Â 303Â 979;A01;1.0;1;2.0;1.0;1992.0;5.0;2.0;6.0;;; -1;;;2.0;31.0;0.0;2.0;1.0;2.0;1.0;;26;5;2019;16:50;1.0;78;78362;1;1.0;1.0;2.0;A13;48,9759310;1,7225690;1;13;0.0;;3.0;3;0.0;1.0;48;99;1.0;;;1.0;0.0;1.0;110.0;Yvelines;11;Île-de-France
201900001363;138Â 303Â 979;A01;2.0;2;2.0;2.0;1991.0;9.0;2.0;6.0;;; -1;;;2.0;31.0;0.0;2.0;1.0;2.0;1.0;;26;5;2019;16:50;1.0;78;78362;1;1.0;1.0;2.0;A13;48,9759310;1,7225690;1;13;0.0;;3.0;3;0.0;1.0;48;99;1.0;;;1.0;0.0;1.0;110.0;Yvelines;11;Île-de-France
201900001364;138Â 303Â 977;A01;1.0;1;2.0;1.0;1979.0;0.0;2.0;6.0;;;0;;;2.0;33.0;0.0;0.0;8.0;15.0;1.0;;26;5;2019;07:05;1.0;92;92050;1;1.0;1.0;7.0;A14;48,9018318;2,2028664;1;14;0.0;;1.0;1;0.0;1.0;4;0;2.0;;;1.0;1.0;1.0;50.0;Hauts-de-Seine;11;Île-de-France
201900001365;138Â 303Â 975;B01;1.0;1;2.0;1.0;1983.0;1.0;8.0;0.0;;; -1;;;3.0;10.0;0.0;2.0;2.0;11.0;1.0;;11;6;2019;09:25;1.0;93;93005;2;2.0;1.0;1.0;MARC CHAGALL (BOULEVARD);48,9536660;2,5064400;3;932;0.0;;2.0;2;0.0;1.0;0;0;1.0;;;1.0;0.0;1.0;50.0;Seine-Saint-Denis;11;Île-de-France
201900001365;138Â 303Â 975;B01;2.0;2;2.0;1.0;1979.0;1.0;8.0;0.0;;; -1;;;3.0;10.0;0.0;2.0;2.0;11.0;1.0;;11;6;2019;09:25;1.0;93;93005;2;2.0;1.0;1.0;MARC CHAGALL (BOULEVARD);48,9536660;2,5064400;3;932;0.0;;2.0;2;0.0;1.0;0;0;1.0;;;1.0;0.0;1.0;50.0;Seine-Saint-Denis;11;Île-de-France
201900001365;138Â 303Â 976;A01;1.0;1;2.0;1.0;1985.0;0.0;1.0;0.0;;; -1;;;3.0;7.0;0.0;2.0;1.0;1.0;1.0;;11;6;2019;09:25;1.0;93;93005;2;2.0;1.0;1.0;MARC CHAGALL (BOULEVARD);48,9536660;2,5064400;3;932;0.0;;2.0;2;0.0;1.0;0;0;1.0;;;1.0;0.0;1.0;50.0;Seine-Saint-Denis;11;Île-de-France
201900001366;138Â 303Â 973;B01;1.0;1;2.0;1.0;1988.0;0.0;1.0;0.0;;; -1;;;3.0;7.0;0.0;2.0;7.0;1.0;1.0;;8;6;2019;15:15;1.0;93;93005;2;2.0;2.0;3.0;JEAN CHARCOT [CD115] (RUE);48,9340550;2,4911000;3;115;0.0;;2.0;2;0.0;1.0;0;0;1.0;;;1.0;0.0;1.0;50.0;Seine-Saint-Denis;11;Île-de-France
201900001366;138Â 303Â 974;A01;1.0;1;1.0;2.0;1995.0;0.0;1.0;8.0;;; -1;;;3.0;7.0;0.0;2.0;2.0;1.0;1.0;;8;6;2019;15:15;1.0;93;93005;2;2.0;2.0;3.0;JEAN CHARCOT [CD115] (RUE);48,9340550;2,4911000;3;115;0.0;;2.0;2;0.0;1.0;0;0;1.0;;;1.0;0.0;1.0;50.0;Seine-Saint-Denis;11;Île-de-France
201900001367;138Â 303Â 970;C01;1.0;1;3.0;2.0;1968.0;1.0;1.0;8.0;;; -1;;;0.0;10.0;0.0;2.0;4.0;23.0;1.0;;7;6;2019;18:30;1.0;93;93005;2;1.0;2.0;4.0;MARC CHAGALL (BOULEVARD);48,9531900;2,5014650;3;902;0.0;;3.0;2;0.0;1.0;0;0;1.0;;;2.0;0.0;1.0;50.0;Seine-Saint-Denis;11;Île-de-France
201900001367;138Â 303Â 971;B01;1.0;1;1.0;2.0;1978.0;9.0;1.0;8.0;;; -1;;;3.0;10.0;0.0;2.0;4.0;23.0;1.0;;7;6;2019;18:30;1.0;93;93005;2;1.0;2.0;4.0;MARC CHAGALL (BOULEVARD);48,9531900;2,5014650;3;902;0.0;;3.0;2;0.0;1.0;0;0;1.0;;;2.0;0.0;1.0;50.0;Seine-Saint-Denis;11;Île-de-France
201900001367;138Â 303Â 972;A01;1.0;1;1.0;2.0;1995.0;9.0;1.0;0.0;;; -1;;;1.0;7.0;0.0;2.0;1.0;2.0;1.0;;7;6;2019;18:30;1.0;93;93005;2;1.0;2.0;4.0;MARC CHAGALL (BOULEVARD);48,9531900;2,5014650;3;902;0.0;;3.0;2;0.0;1.0;0;0;1.0;;;2.0;0.0;1.0;50.0;Seine-Saint-Denis;11;Île-de-France
201900001368;138Â 303Â 969;A01;1.0;1;1.0;2.0;1968.0;1.0;1.0;0.0;;0.0;0;;;3.0;7.0;0.0;1.0;1.0;19.0;1.0;;6;6;2019;19:45;1.0;93;93005;2;1.0;1.0;6.0;SEVRAN (CD44) (RUE DE);48,9431900;2,5039000;3;44;0.0;;2.0;0;0.0;1.0;0;0;1.0;;;1.0;0.0;1.0;50.0;Seine-Saint-Denis;11;Île-de-France
201900001368;138Â 303Â 969;A01;10.0;3;2.0;1.0;1998.0;1.0;8.0;0.0;;2.0;3;1.0;;3.0;7.0;0.0;1.0;1.0;19.0;1.0;;6;6;2019;19:45;1.0;93;93005;2;1.0;1.0;6.0;SEVRAN (CD44) (RUE DE);48,9431900;2,5039000;3;44;0.0;;2.0;0;0.0;1.0;0;0;1.0;;;1.0;0.0;1.0;50.0;Seine-Saint-Denis;11;Île-de-France
201900001369;138Â 303Â 966;C01;1.0;1;1.0;1.0;1996.0;0.0;1.0;0.0;;; -1;;;2.0;7.0;0.0;2.0;1.0;26.0;1.0;;6;6;2019;19:05;1.0;93;93005;2;1.0;1.0;4.0;JACQUES DUCLOS [CD44] (RUE);48,9555010;2,4922450;3;44;0.0;;1.0;0;0.0;1.0;0;0;1.0;;;1.0;0.0;1.0;50.0;Seine-Saint-Denis;11;Île-de-France
201900001369;138Â 303Â 967;B01;1.0;1;2.0;2.0;1966.0;0.0;1.0;0.0;;; -1;;;2.0;7.0;0.0;2.0;4.0;2.0;1.0;;6;6;2019;19:05;1.0;93;93005;2;1.0;1.0;4.0;JACQUES DUCLOS [CD44] (RUE);48,9555010;2,4922450;3;44;0.0;;1.0;0;0.0;1.0;0;0;1.0;;;1.0;0.0;1.0;50.0;Seine-Saint-Denis;11;Île-de-France
201900001369;138Â 303Â 968;A01;1.0;1;1.0;2.0;1994.0;0.0;1.0;0.0;;; -1;;;3.0;7.0;0.0;2.0;1.0;2.0;1.0;;6;6;2019;19:05;1.0;93;93005;2;1.0;1.0;4.0;JACQUES DUCLOS [CD44] (RUE);48,9555010;2,4922450;3;44;0.0;;1.0;0;0.0;1.0;0;0;1.0;;;1.0;0.0;1.0;50.0;Seine-Saint-Denis;11;Île-de-France
201900001370;138Â 303Â 965;A01;10.0;3;2.0;1.0;2015.0;0.0;8.0;0.0;;8.0;0;;;3.0;7.0;0.0;1.0;3.0;26.0;1.0;;6;6;2019;17:00;1.0;93;93005;2;2.0;1.0;6.0;CROIX NOBILLON (RUE DE LA);48,9454870;2,5082320;4;CROIX NOBILLON (RUE DE LA);0.0;;2.0;0;0.0;1.0;0;0;1.0;;;1.0;0.0;2.0;50.0;Seine-Saint-Denis;11;Île-de-France
201900001370;138Â 303Â 965;A01;1.0;1;1.0;1.0;1995.0;0.0;1.0;0.0;;; -1;;;3.0;7.0;0.0;1.0;3.0;26.0;1.0;;6;6;2019;17:00;1.0;93;93005;2;2.0;1.0;6.0;CROIX NOBILLON (RUE DE LA);48,9454870;2,5082320;4;CROIX NOBILLON (RUE DE LA);0.0;;2.0;0;0.0;1.0;0;0;1.0;;;1.0;0.0;2.0;50.0;Seine-Saint-Denis;11;Île-de-France
201900001371;138Â 303Â 964;A01;1.0;1;1.0;1.0;1956.0;0.0;1.0;0.0;;; -1;;;3.0;7.0;0.0;1.0;1.0;26.0;1.0;;5;6;2019;11:40;1.0;93;93005;2;1.0;1.0;6.0;PETITS PONTS (ROUTE DES);48,9494400;2,5195900;3;115;0.0;;1.0;2;0.0;1.0;2;230;1.0;;;1.0;0.0;1.0;50.0;Seine-Saint-Denis;11;Île-de-France
201900001371;138Â 303Â 964;A01;10.0;3;3.0;1.0;1998.0;0.0;8.0;0.0;;4.0;3;1.0;;3.0;7.0;0.0;1.0;1.0;26.0;1.0;;5;6;2019;11:40;1.0;93;93005;2;1.0;1.0;6.0;PETITS PONTS (ROUTE DES);48,9494400;2,5195900;3;115;0.0;;1.0;2;0.0;1.0;2;230;1.0;;;1.0;0.0;1.0;50.0;Seine-Saint-Denis;11;Île-de-France
201900001372;138Â 303Â 962;B01;1.0;1;2.0;1.0;1989.0;5.0;8.0;0.0;;; -1;;;3.0;30.0;0.0;2.0;2.0;0.0;0.0;;15;6;2019;23:40;5.0;93;93001;2;9.0;1.0;3.0;VICTOR HUGO (AVE)  => NÂ° 129;48,9086900;2,3780000;3;901;0.0;;2.0;4;0.0;1.0;0;0;1.0;;;1.0;8.0;1.0;50.0;Seine-Saint-Denis;11;Île-de-France
201900001372;138Â 303Â 963;A01;1.0;1;1.0;1.0;1982.0;0.0;1.0;8.0;;; -1;;;3.0;7.0;0.0;2.0;3.0;5.0;0.0;;15;6;2019;23:40;5.0;93;93001;2;9.0;1.0;3.0;VICTOR HUGO (AVE)  => NÂ° 129;48,9086900;2,3780000;3;901;0.0;;2.0;4;0.0;1.0;0;0;1.0;;;1.0;8.0;1.0;50.0;Seine-Saint-Denis;11;Île-de-France
201900001373;138Â 303Â 960;B01;1.0;1;1.0;2.0;1992.0;5.0;1.0;8.0;;; -1;;;2.0;7.0;0.0;2.0;8.0;26.0;1.0;;15;6;2019;20:10;1.0;93;93001;2;1.0;1.0;3.0;LUCIEN LEFRANC (QUAI);48,9110800;2,3737500;3;24;0.0;;2.0;2;0.0;2.0;0;1;1.0;;;1.0;0.0;1.0;50.0;Seine-Saint-Denis;11;Île-de-France
201900001373;138Â 303Â 961;A01;1.0;1;2.0;1.0;1985.0;9.0;2.0;8.0;;; -1;;;2.0;32.0;0.0;2.0;1.0;17.0;1.0;;15;6;2019;20:10;1.0;93;93001;2;1.0;1.0;3.0;LUCIEN LEFRANC (QUAI);48,9110800;2,3737500;3;24;0.0;;2.0;2;0.0;2.0;0;1;1.0;;;1.0;0.0;1.0;50.0;Seine-Saint-Denis;11;Île-de-France
201900001374;138Â 303Â 958;A01;1.0;1;1.0;1.0;1967.0;0.0;1.0;0.0;;; -1;;;1.0;7.0;0.0;2.0;3.0;15.0;1.0;;15;6;2019;11:05;1.0;93;93001;2;1.0;7.0;1.0;LUCIEN LEFRANC (QUAI);48,9104500;2,3743400;3;24;0.0;;2.0;3;0.0;2.0;0;1;1.0;;;1.0;0.0;1.0;50.0;Seine-Saint-Denis;11;Île-de-France
201900001374;138Â 303Â 959;B01;2.0;2;2.0;1.0;1989.0;5.0;2.0;0.0;;; -1;;;2.0;33.0;0.0;2.0;1.0;1.0;1.0;;15;6;2019;11:05;1.0;93;93001;2;1.0;7.0;1.0;LUCIEN LEFRANC (QUAI);48,9104500;2,3743400;3;24;0.0;;2.0;3;0.0;2.0;0;1;1.0;;;1.0;0.0;1.0;50.0;Seine-Saint-Denis;11;Île-de-France
201900001374;138Â 303Â 959;B01;1.0;1;2.0;1.0;1993.0;5.0;2.0;0.0;;; -1;;;2.0;33.0;0.0;2.0;1.0;1.0;1.0;;15;6;2019;11:05;1.0;93;93001;2;1.0;7.0;1.0;LUCIEN LEFRANC (QUAI);48,9104500;2,3743400;3;24;0.0;;2.0;3;0.0;2.0;0;1;1.0;;;1.0;0.0;1.0;50.0;Seine-Saint-Denis;11;Île-de-France