Num_Acc;id_vehicule;num_veh;place;catu;grav;sexe;an_nais;trajet;secu1;secu2;secu3;locp;actp;etatp;id_usager;senc;catv;obs;obsm;choc;manv;motor;occutc;jour;mois;an;hrmn;lum;dep;com;agg;int;atm;col;adr;lat;long;catr;voie;v1;v2;circ;nbv;vosp;prof;pr;pr1;plan;lartpc;larrout;surf;infra;situ;vma;nom_departement;reg;nom_region
201900001375;138Â 303Â 957;A01;10.0;3;3.0;1.0;1964.0;0.0;8.0;0.0;;9.0;B;1.0;;2.0;7.0;0.0;1.0;3.0;26.0;0.0;;11;6;2019;16:20;1.0;93;93001;2;1.0;1.0;6.0;REPUBLIQUE (AVE DE LA ) 43/106 =>;48,9063700;2,3893000;3;20;0.0;;2.0;2;0.0;1.0;0;0;1.0;;;1.0;0.0;1.0;50.0;Seine-Saint-Denis;11;Île-de-France
201900001375;138Â 303Â 957;A01;2.0;2;1.0;1.0;1982.0;0.0;1.0;0.0;;; -1;;;2.0;7.0;0.0;1.0;3.0;26.0;0.0;;11;6;2019;16:20;1.0;93;93001;2;1.0;1.0;6.0;REPUBLIQUE (AVE DE LA ) 43/106 =>;48,9063700;2,3893000;3;20;0.0;;2.0;2;0.0;1.0;0;0;1.0;;;1.0;0.0;1.0;50.0;Seine-Saint-Denis;11;Île-de-France
201900001375;138Â 303Â 957;A01;1.0;1;1.0;2.0;1987.0;0.0;1.0;0.0;;; -1;;;2.0;7.0;0.0;1.0;3.0;26.0;0.0;;11;6;2019;16:20;1.0;93;93001;2;1.0;1.0;6.0;REPUBLIQUE (AVE DE LA ) 43/106 =>;48,9063700;2,3893000;3;20;0.0;;2.0;2;0.0;1.0;0;0;1.0;;;1.0;0.0;1.0;50.0;Seine-Saint-Denis;11;Île-de-France
201900001376;138Â 303Â 956;A01;10.0;3;2.0;1.0;1973.0;0.0;8.0;0.0;;9.0;B;1.0;;2.0;7.0;0.0;2.0;3.0;11.0;1.0;;3;6;2019;21:10;1.0;93;93001;2;1.0;1.0;6.0;PONT BLANC.CHARLES TILLON (RUE) =>72;48,9216000;2,3913400;3;114;0.0;;2.0;2;0.0;1.0;0;0;1.0;;;1.0;0.0;1.0;30.0;Seine-Saint-Denis;11;Île-de-France
201900001376;138Â 303Â 956;A01;1.0;1;1.0;1.0;1947.0;0.0;1.0;0.0;;; -1;;;2.0;7.0;0.0;2.0;3.0;11.0;1.0;;3;6;2019;21:10;1.0;93;93001;2;1.0;1.0;6.0;PONT BLANC.CHARLES TILLON (RUE) =>72;48,9216000;2,3913400;3;114;0.0;;2.0;2;0.0;1.0;0;0;1.0;;;1.0;0.0;1.0;30.0;Seine-Saint-Denis;11;Île-de-France
201900001377;138Â 303Â 955;A01;10.0;3;2.0;1.0;1996.0;0.0;0.0;0.0;;1.0;A;2.0;;2.0;30.0;0.0;1.0;1.0;18.0;0.0;;2;6;2019;19:00;1.0;93;93001;2;1.0;1.0;6.0;PRESIDENT ROOSEVELT (AVENUE DU);48,9200000;2,3780000;3;27;0.0;;2.0;2;3.0;1.0;0;0;1.0;;;1.0;0.0;1.0;30.0;Seine-Saint-Denis;11;Île-de-France
201900001377;138Â 303Â 955;A01;1.0;1;1.0;1.0;1999.0;0.0;2.0;8.0;;; -1;;;2.0;30.0;0.0;1.0;1.0;18.0;0.0;;2;6;2019;19:00;1.0;93;93001;2;1.0;1.0;6.0;PRESIDENT ROOSEVELT (AVENUE DU);48,9200000;2,3780000;3;27;0.0;;2.0;2;3.0;1.0;0;0;1.0;;;1.0;0.0;1.0;30.0;Seine-Saint-Denis;11;Île-de-France
201900001378;138Â 303Â 953;B01;1.0;1;1.0;1.0;1971.0;9.0;1.0;0.0;;; -1;;;2.0;7.0;0.0;2.0;1.0;0.0;1.0;;2;6;2019;07:55;1.0;93;93001;2;1.0;7.0;2.0;JEAN JAURES  (AVE)  157 A 213;48,9115300;2,4003900;3;932;0.0;;1.0;2;0.0;1.0;0;0;1.0;;;1.0;0.0;1.0;50.0;Seine-Saint-Denis;11;Île-de-France
201900001378;138Â 303Â 954;A01;1.0;1;2.0;1.0;1987.0;0.0;2.0;6.0;;; -1;;;2.0;2.0;0.0;2.0;4.0;1.0;1.0;;2;6;2019;07:55;1.0;93;93001;2;1.0;7.0;2.0;JEAN JAURES  (AVE)  157 A 213;48,9115300;2,4003900;3;932;0.0;;1.0;2;0.0;1.0;0;0;1.0;;;1.0;0.0;1.0;50.0;Seine-Saint-Denis;11;Île-de-France
201900001379;138Â 303Â 950;B01;2.0;2;2.0;1.0;1979.0;0.0;1.0;0.0;;;0;;;2.0;7.0;0.0;2.0;4.0;1.0;0.0;;1;6;2019;02:30;5.0;93;93001;2;1.0;1.0;4.0;JEAN JAURES  (AVE)  157 A 213;48,9096840;2,3981580;3;932;0.0;;2.0;6;0.0;1.0;0;0;1.0;;;1.0;0.0;1.0;50.0;Seine-Saint-Denis;11;Île-de-France
201900001379;138Â 303Â 950;B01;1.0;1;1.0;2.0;1990.0;0.0;1.0;0.0;;; -1;;;2.0;7.0;0.0;2.0;4.0;1.0;0.0;;1;6;2019;02:30;5.0;93;93001;2;1.0;1.0;4.0;JEAN JAURES  (AVE)  157 A 213;48,9096840;2,3981580;3;932;0.0;;2.0;6;0.0;1.0;0;0;1.0;;;1.0;0.0;1.0;50.0;Seine-Saint-Denis;11;Île-de-France
201900001379;138Â 303Â 951;C01;1.0;1;1.0;1.0;1976.0;5.0;1.0;0.0;;;0;;;1.0;7.0;0.0;2.0;4.0;1.0;1.0;;1;6;2019;02:30;5.0;93;93001;2;1.0;1.0;4.0;JEAN JAURES  (AVE)  157 A 213;48,9096840;2,3981580;3;932;0.0;;2.0;6;0.0;1.0;0;0;1.0;;;1.0;0.0;1.0;50.0;Seine-Saint-Denis;11;Île-de-France
201900001379;138Â 303Â 952;D01;1.0;1;1.0;1.0;1980.0;1.0;1.0;0.0;;;0;;;2.0;7.0;0.0;2.0;4.0;1.0;0.0;;1;6;2019;02:30;5.0;93;93001;2;1.0;1.0;4.0;JEAN JAURES  (AVE)  157 A 213;48,9096840;2,3981580;3;932;0.0;;2.0;6;0.0;1.0;0;0;1.0;;;1.0;0.0;1.0;50.0;Seine-Saint-Denis;11;Île-de-France
201900001380;138Â 303Â 947;B01;1.0;1;1.0;1.0;1954.0;0.0;1.0;0.0;;;0;;;2.0;7.0;0.0;2.0;8.0;1.0;1.0;;19;6;2019;07:35;1.0;92;92075;2;1.0;1.0;3.0;RAYMOND MARCHERON (RUE);48,8190780;2,2874492;3;130;0.0;;2.0;2;0.0;1.0;0;0;1.0;;;8.0;8.0;1.0;50.0;Hauts-de-Seine;11;Île-de-France
201900001380;138Â 303Â 948;A01;1.0;1;2.0;1.0;1974.0;1.0;2.0;6.0;;;0;;;1.0;33.0;0.0;2.0;8.0;3.0;1.0;;19;6;2019;07:35;1.0;92;92075;2;1.0;1.0;3.0;RAYMOND MARCHERON (RUE);48,8190780;2,2874492;3;130;0.0;;2.0;2;0.0;1.0;0;0;1.0;;;8.0;8.0;1.0;50.0;Hauts-de-Seine;11;Île-de-France
201900001381;138Â 303Â 945;A01;1.0;1;2.0;1.0;1961.0;1.0;2.0;6.0;;;0;;;1.0;34.0;0.0;2.0;7.0;21.0;1.0;;13;6;2019;09:30;1.0;92;92075;2;3.0;2.0;3.0;PAIX (AVENUE DE LA);48,8147937;2,2780765;3;72;0.0;;2.0;6;0.0;1.0;0;0;1.0;;;1.0;5.0;1.0;50.0;Hauts-de-Seine;11;Île-de-France
201900001381;138Â 303Â 946;B01;1.0;1;1.0;1.0;1983.0;1.0;1.0;0.0;;;0;;;1.0;7.0;0.0;2.0;3.0;15.0;1.0;;13;6;2019;09:30;1.0;92;92075;2;3.0;2.0;3.0;PAIX (AVENUE DE LA);48,8147937;2,2780765;3;72;0.0;;2.0;6;0.0;1.0;0;0;1.0;;;1.0;5.0;1.0;50.0;Hauts-de-Seine;11;Île-de-France
201900001382;138Â 303Â 943;A01;1.0;1;2.0;1.0;1998.0;4.0;2.0;6.0;;;0;;;2.0;30.0;0.0;2.0;3.0;9.0;1.0;;7;6;2019;21:30;5.0;92;92075;2;2.0;1.0;3.0;GUY MOQUET (RUE);48,8155200;2,2985100;4;GUY MOQUET (RUE);0.0;;1.0;1;1.0;1.0;0;0;1.0;;;1.0;0.0;1.0;50.0;Hauts-de-Seine;11;Île-de-France
201900001382;138Â 303Â 944;B01;1.0;1;1.0;1.0;1984.0;4.0;8.0;8.0;;;0;;;1.0;37.0;0.0;2.0;2.0;1.0;1.0;1.0;7;6;2019;21:30;5.0;92;92075;2;2.0;1.0;3.0;GUY MOQUET (RUE);48,8155200;2,2985100;4;GUY MOQUET (RUE);0.0;;1.0;1;1.0;1.0;0;0;1.0;;;1.0;0.0;1.0;50.0;Hauts-de-Seine;11;Île-de-France
201900001383;138Â 303Â 942;B01;1.0;1;2.0;1.0;1995.0;1.0;1.0;0.0;;;0;;;3.0;10.0;0.0;0.0;4.0;23.0;1.0;;6;6;2019;16:45;1.0;92;92046;2;1.0;1.0;6.0;Charles de gaulle;48,8211676;2,2970490;3;61;0.0;B;2.0;2;0.0;1.0;0;0;1.0;;;1.0;0.0;1.0;50.0;Hauts-de-Seine;11;Île-de-France
201900001384;138Â 303Â 940;B01;2.0;2;2.0;2.0;1954.0;5.0;2.0;8.0;;;0;;;1.0;34.0;0.0;2.0;1.0;1.0;1.0;;1;6;2019;21:00;1.0;92;92075;2;2.0;1.0;3.0;PIERRE BROSSOLETTE (AVENUE);48,8176908;2,3078676;3;906;0.0;;2.0;4;0.0;1.0;0;0;1.0;;;1.0;0.0;1.0;50.0;Hauts-de-Seine;11;Île-de-France
201900001384;138Â 303Â 940;B01;1.0;1;1.0;1.0;1952.0;5.0;2.0;8.0;;;0;;;1.0;34.0;0.0;2.0;1.0;1.0;1.0;;1;6;2019;21:00;1.0;92;92075;2;2.0;1.0;3.0;PIERRE BROSSOLETTE (AVENUE);48,8176908;2,3078676;3;906;0.0;;2.0;4;0.0;1.0;0;0;1.0;;;1.0;0.0;1.0;50.0;Hauts-de-Seine;11;Île-de-France
201900001384;138Â 303Â 941;A01;1.0;1;1.0;2.0;1969.0;5.0;1.0;8.0;;;0;;;1.0;7.0;0.0;2.0;8.0;10.0;1.0;;1;6;2019;21:00;1.0;92;92075;2;2.0;1.0;3.0;PIERRE BROSSOLETTE (AVENUE);48,8176908;2,3078676;3;906;0.0;;2.0;4;0.0;1.0;0;0;1.0;;;1.0;0.0;1.0;50.0;Hauts-de-Seine;11;Île-de-France
201900001385;138Â 303Â 939;A01;10.0;3;2.0;1.0;1977.0;5.0;8.0;0.0;;4.0;3;1.0;;1.0;7.0;0.0;1.0;3.0;1.0;1.0;;1;6;2019;19:30;1.0;92;92075;2;1.0;1.0;6.0;PIERRE BROSSOLETTE (AVENUE);48,8188532;2,3094437;3;906;0.0;;2.0;4;3.0;1.0;0;0;1.0;;;1.0;0.0;1.0;50.0;Hauts-de-Seine;11;Île-de-France
201900001385;138Â 303Â 939;A01;1.0;1;1.0;1.0;1994.0;5.0;1.0;8.0;;;0;;;1.0;7.0;0.0;1.0;3.0;1.0;1.0;;1;6;2019;19:30;1.0;92;92075;2;1.0;1.0;6.0;PIERRE BROSSOLETTE (AVENUE);48,8188532;2,3094437;3;906;0.0;;2.0;4;3.0;1.0;0;0;1.0;;;1.0;0.0;1.0;50.0;Hauts-de-Seine;11;Île-de-France
201900001386;138Â 303Â 938;A01;2.0;2;2.0;1.0;2003.0;0.0;1.0;0.0;;;0;;;1.0;3.0;2.0;0.0;1.0;26.0;1.0;;1;6;2019;01:05;5.0;92;92075;2;1.0;1.0;6.0;LARMEROUX (RUE);48,8168600;2,2808500;3;130;0.0;;2.0;2;0.0;1.0;0;0;1.0;;;1.0;0.0;1.0;50.0;Hauts-de-Seine;11;Île-de-France
201900001386;138Â 303Â 938;A01;3.0;2;2.0;1.0;1975.0;0.0;1.0;0.0;;;0;;;1.0;3.0;2.0;0.0;1.0;26.0;1.0;;1;6;2019;01:05;5.0;92;92075;2;1.0;1.0;6.0;LARMEROUX (RUE);48,8168600;2,2808500;3;130;0.0;;2.0;2;0.0;1.0;0;0;1.0;;;1.0;0.0;1.0;50.0;Hauts-de-Seine;11;Île-de-France
201900001386;138Â 303Â 938;A01;4.0;2;2.0;2.0;1970.0;0.0;1.0;0.0;;;0;;;1.0;3.0;2.0;0.0;1.0;26.0;1.0;;1;6;2019;01:05;5.0;92;92075;2;1.0;1.0;6.0;LARMEROUX (RUE);48,8168600;2,2808500;3;130;0.0;;2.0;2;0.0;1.0;0;0;1.0;;;1.0;0.0;1.0;50.0;Hauts-de-Seine;11;Île-de-France
201900001386;138Â 303Â 938;A01;5.0;2;2.0;1.0;2002.0;0.0;1.0;0.0;;;0;;;1.0;3.0;2.0;0.0;1.0;26.0;1.0;;1;6;2019;01:05;5.0;92;92075;2;1.0;1.0;6.0;LARMEROUX (RUE);48,8168600;2,2808500;3;130;0.0;;2.0;2;0.0;1.0;0;0;1.0;;;1.0;0.0;1.0;50.0;Hauts-de-Seine;11;Île-de-France
201900001386;138Â 303Â 938;A01;1.0;1;2.0;1.0;1970.0;5.0;1.0;0.0;;;0;;;1.0;3.0;2.0;0.0;1.0;26.0;1.0;;1;6;2019;01:05;5.0;92;92075;2;1.0;1.0;6.0;LARMEROUX (RUE);48,8168600;2,2808500;3;130;0.0;;2.0;2;0.0;1.0;0;0;1.0;;;1.0;0.0;1.0;50.0;Hauts-de-Seine;11;Île-de-France
201900001387;138Â 303Â 937;A01;1.0;1;2.0;2.0;1984.0;5.0;1.0;0.0;;;0;;;1.0;7.0;6.0;0.0;1.0;26.0;1.0;;19;6;2019;16:04;1.0;92;92073;2;1.0;1.0;6.0;PASTEUR (RUE);48,8635100;2,2238000;4;PASTEUR (RUE);0.0;;1.0;1;0.0;1.0;0;0;1.0;;;1.0;0.0;1.0;30.0;Hauts-de-Seine;11;Île-de-France
201900001387;138Â 303Â 937;A01;3.0;2;1.0;1.0;2008.0;5.0;1.0;0.0;;; -1;;;1.0;7.0;6.0;0.0;1.0;26.0;1.0;;19;6;2019;16:04;1.0;92;92073;2;1.0;1.0;6.0;PASTEUR (RUE);48,8635100;2,2238000;4;PASTEUR (RUE);0.0;;1.0;1;0.0;1.0;0;0;1.0;;;1.0;0.0;1.0;30.0;Hauts-de-Seine;11;Île-de-France
201900001388;138Â 303Â 935;A01;1.0;1;1.0;1.0;1968.0;0.0;1.0;0.0;;;0;;;3.0;10.0;0.0;6.0;5.0;15.0;0.0;;9;6;2019;19:45;1.0;92;92073;2;2.0;1.0;3.0;ROOSVELT (AVENUE FRANKLIN);48,8743449;2,2206545;3;3;0.0;;2.0;4;0.0;2.0;0;0;1.0;;;1.0;9.0;1.0;50.0;Hauts-de-Seine;11;Île-de-France
201900001388;138Â 303Â 936;B01;1.0;1;2.0;1.0;1986.0;0.0;2.0;0.0;;; -1;;;3.0;1.0;0.0;2.0;1.0;26.0;0.0;;9;6;2019;19:45;1.0;92;92073;2;2.0;1.0;3.0;ROOSVELT (AVENUE FRANKLIN);48,8743449;2,2206545;3;3;0.0;;2.0;4;0.0;2.0;0;0;1.0;;;1.0;9.0;1.0;50.0;Hauts-de-Seine;11;Île-de-France
201900001389;138Â 303Â 933;A01;1.0;1;1.0;2.0;1999.0;5.0;1.0;8.0;;0.0;0;;;3.0;10.0;0.0;2.0;1.0;1.0;1.0;;12;8;2019;10:30;1.0;34;34198;2;1.0;1.0;2.0;RD N21;43,5872500;3,9162400;3;21;0.0;;1.0;;0.0;1.0;(1);(1);1.0;;;1.0;0.0;1.0;50.0;Hérault;76;Occitanie
201900001389;138Â 303Â 934;B01;8.0;2;2.0;2.0;1961.0;5.0;1.0;8.0;;0.0;0;;;3.0;10.0;0.0;2.0;4.0;1.0;1.0;;12;8;2019;10:30;1.0;34;34198;2;1.0;1.0;2.0;RD N21;43,5872500;3,9162400;3;21;0.0;;1.0;;0.0;1.0;(1);(1);1.0;;;1.0;0.0;1.0;50.0;Hérault;76;Occitanie
201900001389;138Â 303Â 934;B01;2.0;2;1.0;2.0;2012.0;0.0;1.0;8.0;;0.0;0;;;3.0;10.0;0.0;2.0;4.0;1.0;1.0;;12;8;2019;10:30;1.0;34;34198;2;1.0;1.0;2.0;RD N21;43,5872500;3,9162400;3;21;0.0;;1.0;;0.0;1.0;(1);(1);1.0;;;1.0;0.0;1.0;50.0;Hérault;76;Occitanie
201900001389;138Â 303Â 934;B01;2.0;2;1.0;1.0;1956.0;5.0;1.0;8.0;;0.0;0;;;3.0;10.0;0.0;2.0;4.0;1.0;1.0;;12;8;2019;10:30;1.0;34;34198;2;1.0;1.0;2.0;RD N21;43,5872500;3,9162400;3;21;0.0;;1.0;;0.0;1.0;(1);(1);1.0;;;1.0;0.0;1.0;50.0;Hérault;76;Occitanie
201900001389;138Â 303Â 934;B01;1.0;1;1.0;1.0;1984.0;5.0;1.0;8.0;;0.0;0;;;3.0;10.0;0.0;2.0;4.0;1.0;1.0;;12;8;2019;10:30;1.0;34;34198;2;1.0;1.0;2.0;RD N21;43,5872500;3,9162400;3;21;0.0;;1.0;;0.0;1.0;(1);(1);1.0;;;1.0;0.0;1.0;50.0;Hérault;76;Occitanie
201900001389;138Â 303Â 934;B01;4.0;2;1.0;1.0;1980.0;5.0;1.0;8.0;;0.0;0;;;3.0;10.0;0.0;2.0;4.0;1.0;1.0;;12;8;2019;10:30;1.0;34;34198;2;1.0;1.0;2.0;RD N21;43,5872500;3,9162400;3;21;0.0;;1.0;;0.0;1.0;(1);(1);1.0;;;1.0;0.0;1.0;50.0;Hérault;76;Occitanie
201900001390;138Â 303Â 931;A01;1.0;1;4.0;1.0;1957.0;5.0;1.0;8.0;;0.0;0;;;1.0;10.0;3.0;0.0;9.0;1.0;1.0;;16;8;2019;00:25;3.0;34;34032;1;9.0;1.0;6.0;ROUTE DEPARTEMENTALE NR.64;43,3043900;3,2163400;3;64;0.0;;1.0;2;0.0;1.0;16;520;3.0;;;1.0;9.0;1.0;90.0;Hérault;76;Occitanie
201900001391;138Â 303Â 929;A01;1.0;1;2.0;1.0;1980.0;0.0;8.0;0.0;;; -1;;;0.0;33.0;0.0;0.0;1.0;1.0;1.0;;16;8;2019;15:20;1.0;33;33318;2;3.0;1.0;7.0;RUE JEAN PERRIN;44,7789200; -0,6601700;4;RUE JEAN PERRIN;0.0;;2.0;2;0.0;1.0;0;0;1.0;;;1.0;0.0;1.0;50.0;Gironde;75;Nouvelle-Aquitaine
201900001392;138Â 303Â 930;B01;1.0;1;3.0;1.0;1965.0;1.0;2.0;6.0;;;0;;;1.0;33.0;0.0;2.0;3.0;21.0;1.0;;7;6;2019;10:11;1.0;92;92073;2;2.0;1.0;3.0;LIBERTE (RUE DE LA);48,8797350;2,2189376;3;5;0.0;;2.0;2;0.0;1.0;0;0;1.0;;;1.0;0.0;1.0;50.0;Hauts-de-Seine;11;Île-de-France
201900001392;138Â 303Â 932;A01;1.0;1;1.0;2.0;1982.0;5.0;1.0;0.0;;;0;;;1.0;7.0;0.0;2.0;3.0;15.0;1.0;;7;6;2019;10:11;1.0;92;92073;2;2.0;1.0;3.0;LIBERTE (RUE DE LA);48,8797350;2,2189376;3;5;0.0;;2.0;2;0.0;1.0;0;0;1.0;;;1.0;0.0;1.0;50.0;Hauts-de-Seine;11;Île-de-France
201900001393;138Â 303Â 927;B01;1.0;1;1.0;2.0;1964.0;0.0;8.0;0.0;;; -1;;;1.0;7.0;0.0;2.0;4.0;1.0;1.0;;12;8;2019;14:45;1.0;33;33318;2;2.0;1.0;2.0;BECQUEREL (AVE ANTOINE);44,7879600; -0,6461100;4;BECQUEREL (AVE ANTOINE);0.0;;2.0;2;0.0;1.0;0;0;1.0;;;1.0;0.0;1.0;50.0;Gironde;75;Nouvelle-Aquitaine
201900001393;138Â 303Â 927;B01;2.0;2;2.0;2.0;1964.0;0.0;8.0;0.0;;; -1;;;1.0;7.0;0.0;2.0;4.0;1.0;1.0;;12;8;2019;14:45;1.0;33;33318;2;2.0;1.0;2.0;BECQUEREL (AVE ANTOINE);44,7879600; -0,6461100;4;BECQUEREL (AVE ANTOINE);0.0;;2.0;2;0.0;1.0;0;0;1.0;;;1.0;0.0;1.0;50.0;Gironde;75;Nouvelle-Aquitaine
201900001394;138Â 303Â 925;A01;2.0;2;3.0;2.0;1981.0;0.0;2.0;0.0;;0.0;0;;;0.0;33.0;7.0;0.0;1.0;2.0;1.0;;15;8;2019;16:40;1.0;33;33039;2;6.0;1.0;6.0;RUE LOUIS BLERIOT;44,8000000; -0,5306500;4;RUE LOUIS BLERIOT;0.0;;2.0;2;0.0;1.0;0;0;2.0;;;1.0;5.0;1.0;30.0;Gironde;75;Nouvelle-Aquitaine
201900001394;138Â 303Â 925;A01;1.0;1;3.0;1.0;1978.0;0.0;2.0;0.0;;0.0;0;;;0.0;33.0;7.0;0.0;1.0;2.0;1.0;;15;8;2019;16:40;1.0;33;33039;2;6.0;1.0;6.0;RUE LOUIS BLERIOT;44,8000000; -0,5306500;4;RUE LOUIS BLERIOT;0.0;;2.0;2;0.0;1.0;0;0;2.0;;;1.0;5.0;1.0;30.0;Gironde;75;Nouvelle-Aquitaine
201900001395;138Â 303Â 924;B01;2.0;2;2.0;1.0;2007.0;1.0;1.0;0.0;;; -1;;;1.0;7.0;0.0;2.0;3.0;9.0;1.0;;5;6;2019;15:20;1.0;92;92073;2;3.0;2.0;3.0;SELLIER (BOULEVARD HENRI);48,8681700;2,2256500;3;985;0.0;;1.0;2;0.0;1.0;0;0;1.0;;;2.0;0.0;1.0;30.0;Hauts-de-Seine;11;Île-de-France
201900001395;138Â 303Â 924;B01;1.0;1;2.0;1.0;1975.0;0.0;1.0;0.0;;; -1;;;1.0;7.0;0.0;2.0;3.0;9.0;1.0;;5;6;2019;15:20;1.0;92;92073;2;3.0;2.0;3.0;SELLIER (BOULEVARD HENRI);48,8681700;2,2256500;3;985;0.0;;1.0;2;0.0;1.0;0;0;1.0;;;2.0;0.0;1.0;30.0;Hauts-de-Seine;11;Île-de-France
201900001395;138Â 303Â 926;A01;1.0;1;1.0;2.0;1966.0;0.0;1.0;0.0;;; -1;;;1.0;7.0;0.0;2.0;2.0;16.0;1.0;;5;6;2019;15:20;1.0;92;92073;2;3.0;2.0;3.0;SELLIER (BOULEVARD HENRI);48,8681700;2,2256500;3;985;0.0;;1.0;2;0.0;1.0;0;0;1.0;;;2.0;0.0;1.0;30.0;Hauts-de-Seine;11;Île-de-France
201900001396;138Â 303Â 922;B01;1.0;1;1.0;1.0;1992.0;0.0;1.0;8.0;;;0;;;1.0;3.0;0.0;2.0;4.0;15.0;1.0;;3;6;2019;11:10;1.0;92;92073;2;1.0;2.0;2.0;LATTRE DE TASSIGNY (BOULEVARD DU MARECHA;48,8676191;2,2170726;3;5;0.0;;2.0;3;0.0;1.0;0;0;1.0;;;2.0;0.0;1.0;50.0;Hauts-de-Seine;11;Île-de-France
201900001396;138Â 303Â 923;A01;1.0;1;2.0;1.0;1970.0;0.0;2.0;6.0;;;0;;;1.0;30.0;0.0;2.0;1.0;17.0;1.0;;3;6;2019;11:10;1.0;92;92073;2;1.0;2.0;2.0;LATTRE DE TASSIGNY (BOULEVARD DU MARECHA;48,8676191;2,2170726;3;5;0.0;;2.0;3;0.0;1.0;0;0;1.0;;;2.0;0.0;1.0;50.0;Hauts-de-Seine;11;Île-de-France
201900001397;138Â 303Â 921;A01;1.0;1;1.0;1.0;1974.0;4.0;1.0;0.0;;; -1;;;2.0;15.0;0.0;1.0;1.0;1.0;1.0;;14;8;2019;14:25;1.0;33;33550;2;2.0;1.0;6.0;2 AVE GEORGES CLEMENCEAU;44,7817200; -0,5654900;4;AVE GEORGES CLEMENCEAU;0.0;;2.0;2;0.0;1.0;0;0;1.0;;;1.0;0.0;1.0;50.0;Gironde;75;Nouvelle-Aquitaine
201900001397;138Â 303Â 921;A01;10.0;3;3.0;2.0;1971.0;0.0;8.0;0.0;;2.0;3;2.0;;2.0;15.0;0.0;1.0;1.0;1.0;1.0;;14;8;2019;14:25;1.0;33;33550;2;2.0;1.0;6.0;2 AVE GEORGES CLEMENCEAU;44,7817200; -0,5654900;4;AVE GEORGES CLEMENCEAU;0.0;;2.0;2;0.0;1.0;0;0;1.0;;;1.0;0.0;1.0;50.0;Gironde;75;Nouvelle-Aquitaine
201900001397;138Â 303Â 921;A01;10.0;3;4.0;2.0;1946.0;0.0;8.0;0.0;;2.0;3;2.0;;2.0;15.0;0.0;1.0;1.0;1.0;1.0;;14;8;2019;14:25;1.0;33;33550;2;2.0;1.0;6.0;2 AVE GEORGES CLEMENCEAU;44,7817200; -0,5654900;4;AVE GEORGES CLEMENCEAU;0.0;;2.0;2;0.0;1.0;0;0;1.0;;;1.0;0.0;1.0;50.0;Gironde;75;Nouvelle-Aquitaine
201900001398;138Â 303Â 919;B01;1.0;1;2.0;2.0;1969.0;9.0;1.0;8.0;;;0;;;3.0;7.0;0.0;2.0;3.0;1.0;1.0;;17;6;2019;09:45;1.0;92;92072;2;2.0;1.0;3.0;PAVE DES GARDES (ROUTE DU);48,8123335;2,2149086;3;181;0.0;;2.0;4;0.0;3.0;0;0;1.0;;;1.0;5.0;2.0;50.0;Hauts-de-Seine;11;Île-de-France
201900001398;138Â 303Â 920;A01;1.0;1;2.0;1.0;1986.0;4.0;1.0;8.0;;;0;;;3.0;10.0;0.0;2.0;3.0;15.0;1.0;;17;6;2019;09:45;1.0;92;92072;2;2.0;1.0;3.0;PAVE DES GARDES (ROUTE DU);48,8123335;2,2149086;3;181;0.0;;2.0;4;0.0;3.0;0;0;1.0;;;1.0;5.0;2.0;50.0;Hauts-de-Seine;11;Île-de-France
201900001399;138Â 303Â 918;A01;1.0;1;1.0;2.0;1940.0;5.0;1.0;0.0;;; -1;;;0.0;7.0;1.0;1.0;4.0;4.0;1.0;;14;8;2019;11:45;1.0;33;33281;2;1.0;1.0;6.0;AVE DU TRUC;44,8492900; -0,6551800;4;AVE DU TRUC;0.0;;2.0;0;0.0;1.0;0;0;1.0;;;1.0;0.0;1.0;50.0;Gironde;75;Nouvelle-Aquitaine
201900001399;138Â 303Â 918;A01;10.0;3;2.0;2.0;1974.0;0.0;8.0;0.0;;9.0;9;2.0;;0.0;7.0;1.0;1.0;4.0;4.0;1.0;;14;8;2019;11:45;1.0;33;33281;2;1.0;1.0;6.0;AVE DU TRUC;44,8492900; -0,6551800;4;AVE DU TRUC;0.0;;2.0;0;0.0;1.0;0;0;1.0;;;1.0;0.0;1.0;50.0;Gironde;75;Nouvelle-Aquitaine
201900001400;138Â 303Â 913;C01;1.0;1;1.0;1.0;1971.0;5.0;1.0;0.0;;; -1;;;2.0;7.0;0.0;2.0;1.0;2.0;1.0;;15;8;2019;11:50;1.0;33;33529;1;1.0;1.0;4.0;D259;44,6006600; -1,1843800;3;259;0.0;;2.0;2;0.0;1.0;3;360;4.0;;;1.0;0.0;1.0;80.0;Gironde;75;Nouvelle-Aquitaine
201900001400;138Â 303Â 913;C01;2.0;2;3.0;1.0;2003.0;0.0;1.0;0.0;;; -1;;;2.0;7.0;0.0;2.0;1.0;2.0;1.0;;15;8;2019;11:50;1.0;33;33529;1;1.0;1.0;4.0;D259;44,6006600; -1,1843800;3;259;0.0;;2.0;2;0.0;1.0;3;360;4.0;;;1.0;0.0;1.0;80.0;Gironde;75;Nouvelle-Aquitaine
201900001400;138Â 303Â 915;B01;1.0;1;1.0;2.0;1996.0;5.0;1.0;0.0;;; -1;;;2.0;7.0;0.0;2.0;1.0;2.0;1.0;;15;8;2019;11:50;1.0;33;33529;1;1.0;1.0;4.0;D259;44,6006600; -1,1843800;3;259;0.0;;2.0;2;0.0;1.0;3;360;4.0;;;1.0;0.0;1.0;80.0;Gironde;75;Nouvelle-Aquitaine