Num_Acc;id_vehicule;num_veh;place;catu;grav;sexe;an_nais;trajet;secu1;secu2;secu3;locp;actp;etatp;id_usager;senc;catv;obs;obsm;choc;manv;motor;occutc;jour;mois;an;hrmn;lum;dep;com;agg;int;atm;col;adr;lat;long;catr;voie;v1;v2;circ;nbv;vosp;prof;pr;pr1;plan;lartpc;larrout;surf;infra;situ;vma;nom_departement;reg;nom_region
201900001400;138Â 303Â 916;A01;1.0;1;1.0;1.0;1984.0;5.0;1.0;0.0;;; -1;;;2.0;7.0;0.0;2.0;1.0;2.0;1.0;;15;8;2019;11:50;1.0;33;33529;1;1.0;1.0;4.0;D259;44,6006600; -1,1843800;3;259;0.0;;2.0;2;0.0;1.0;3;360;4.0;;;1.0;0.0;1.0;80.0;Gironde;75;Nouvelle-Aquitaine
201900001401;138Â 303Â 909;A01;1.0;1;2.0;1.0;1994.0;5.0;2.0;8.0;;;0;;;0.0;2.0;0.0;1.0;1.0;1.0;1.0;;15;8;2019;14:42;1.0;31;31555;2;1.0;1.0;6.0;RUE DE KIEV;43,5708710;1,4066140;4;;0.0;;2.0;2;0.0;1.0;0;0;1.0;;;1.0;0.0;1.0;5.0;Haute-Garonne;76;Occitanie
201900001401;138Â 303Â 909;A01;10.0;3;2.0;1.0;1968.0;4.0;8.0;4.0;;2.0;9;1.0;;0.0;2.0;0.0;1.0;1.0;1.0;1.0;;15;8;2019;14:42;1.0;31;31555;2;1.0;1.0;6.0;RUE DE KIEV;43,5708710;1,4066140;4;;0.0;;2.0;2;0.0;1.0;0;0;1.0;;;1.0;0.0;1.0;5.0;Haute-Garonne;76;Occitanie
201900001402;138Â 303Â 907;B01;1.0;1;3.0;1.0;1939.0;5.0;2.0;0.0;;;0;;;0.0;1.0;0.0;2.0;8.0;1.0;5.0;;14;8;2019;18:43;1.0;31;31555;2;1.0;1.0;3.0;AV JEAN ZAY;43,6488900;1,4330900;4;;0.0;;2.0;2;0.0;1.0;0;0;1.0;;;1.0;0.0;1.0;50.0;Haute-Garonne;76;Occitanie
201900001402;138Â 303Â 908;A01;2.0;2;1.0;2.0;1989.0;5.0;1.0;8.0;;;0;;;0.0;7.0;0.0;2.0;3.0;1.0;1.0;;14;8;2019;18:43;1.0;31;31555;2;1.0;1.0;3.0;AV JEAN ZAY;43,6488900;1,4330900;4;;0.0;;2.0;2;0.0;1.0;0;0;1.0;;;1.0;0.0;1.0;50.0;Haute-Garonne;76;Occitanie
201900001402;138Â 303Â 908;A01;1.0;1;1.0;1.0;1985.0;5.0;1.0;7.0;;;0;;;0.0;7.0;0.0;2.0;3.0;1.0;1.0;;14;8;2019;18:43;1.0;31;31555;2;1.0;1.0;3.0;AV JEAN ZAY;43,6488900;1,4330900;4;;0.0;;2.0;2;0.0;1.0;0;0;1.0;;;1.0;0.0;1.0;50.0;Haute-Garonne;76;Occitanie
201900001403;138Â 303Â 906;A01;1.0;1;1.0;2.0;1986.0;9.0;1.0;8.0;;0.0;0;;;1.0;7.0;0.0;1.0;2.0;1.0;1.0;;14;8;2019;16:10;1.0;31;31555;2;1.0;1.0;6.0;ARCOLE (BD D) DU 2AU 76;43,6112900;1,4411200;4;;0.0;;2.0;2;0.0;1.0;0;0;1.0;;;1.0;0.0;1.0;50.0;Haute-Garonne;76;Occitanie
201900001403;138Â 303Â 906;A01;10.0;3;3.0;2.0;2003.0;5.0;8.0;0.0;;3.0;5;1.0;;1.0;7.0;0.0;1.0;2.0;1.0;1.0;;14;8;2019;16:10;1.0;31;31555;2;1.0;1.0;6.0;ARCOLE (BD D) DU 2AU 76;43,6112900;1,4411200;4;;0.0;;2.0;2;0.0;1.0;0;0;1.0;;;1.0;0.0;1.0;50.0;Haute-Garonne;76;Occitanie
201900001404;138Â 303Â 905;A01;1.0;1;2.0;1.0;1996.0;9.0;2.0;6.0;;;0;;;1.0;33.0;0.0;0.0;9.0;1.0;1.0;;12;8;2019;05:50;4.0;31;31555;1;1.0;2.0;7.0;ECHANGEUR ST MARTIN ( A624-RD 901);43,6108600;1,3831000;1;624;0.0;;1.0;2;0.0;1.0;0;0;3.0;;;2.0;0.0;1.0;90.0;Haute-Garonne;76;Occitanie
201900001405;138Â 303Â 904;A01;1.0;1;3.0;1.0;1992.0;0.0;1.0;0.0;;;0;;;1.0;7.0;13.0;0.0;9.0;13.0;1.0;;14;8;2019;15:46;1.0;29;29232;1;1.0;2.0;7.0;BREST ROUTE DE;48,0193900; -4,0841400;3;770;0.0;;2.0;2;0.0;1.0;3;600;2.0;;;2.0;0.0;1.0;80.0;Finistère;53;Bretagne
201900001406;138Â 303Â 914;B01;4.0;2;1.0;2.0;2015.0;0.0;1.0;8.0;;;0;;;2.0;7.0;0.0;2.0;7.0;15.0;1.0;;12;6;2019;19:50;1.0;92;92022;2;1.0;2.0;3.0;SALENGRO (AVENUE ROGER);48,8167132;2,1950997;3;910;0.0;;2.0;2;1.0;1.0;0;0;1.0;;;2.0;0.0;1.0;50.0;Hauts-de-Seine;11;Île-de-France
201900001406;138Â 303Â 914;B01;3.0;2;1.0;1.0;2008.0;9.0;1.0;0.0;;;0;;;2.0;7.0;0.0;2.0;7.0;15.0;1.0;;12;6;2019;19:50;1.0;92;92022;2;1.0;2.0;3.0;SALENGRO (AVENUE ROGER);48,8167132;2,1950997;3;910;0.0;;2.0;2;1.0;1.0;0;0;1.0;;;2.0;0.0;1.0;50.0;Hauts-de-Seine;11;Île-de-France
201900001406;138Â 303Â 914;B01;1.0;1;1.0;1.0;1978.0;5.0;8.0;0.0;;;0;;;2.0;7.0;0.0;2.0;7.0;15.0;1.0;;12;6;2019;19:50;1.0;92;92022;2;1.0;2.0;3.0;SALENGRO (AVENUE ROGER);48,8167132;2,1950997;3;910;0.0;;2.0;2;1.0;1.0;0;0;1.0;;;2.0;0.0;1.0;50.0;Hauts-de-Seine;11;Île-de-France
201900001406;138Â 303Â 917;A01;1.0;1;2.0;2.0;1994.0;0.0;2.0;6.0;;;0;;;1.0;30.0;0.0;2.0;1.0;26.0;1.0;;12;6;2019;19:50;1.0;92;92022;2;1.0;2.0;3.0;SALENGRO (AVENUE ROGER);48,8167132;2,1950997;3;910;0.0;;2.0;2;1.0;1.0;0;0;1.0;;;2.0;0.0;1.0;50.0;Hauts-de-Seine;11;Île-de-France
201900001407;138Â 303Â 903;A01;1.0;1;2.0;1.0;1993.0;9.0;1.0;0.0;;;0;;;1.0;3.0;13.0;0.0;2.0;21.0;1.0;;14;8;2019;02:58;3.0;29;29232;1;1.0;1.0;7.0;DE KERREQUELLOU CHEMIN;47,9582699; -4,0656636;4;DE KERREQUELLOU CHEMIN;0.0;;2.0;2;0.0;1.0;0;0;1.0;;;1.0;0.0;3.0;80.0;Finistère;53;Bretagne
201900001408;138Â 303Â 901;A01;1.0;1;2.0;1.0;1997.0;0.0;1.0;0.0;;0.0;0;;;1.0;7.0;0.0;0.0;1.0;1.0;1.0;;15;8;2019;16:35;1.0;29;29039;2;1.0;1.0;7.0;RD 783;47,8818800; -3,9106900;3;783;0.0;;2.0;2;0.0;1.0;33;299;1.0;;;1.0;0.0;1.0;50.0;Finistère;53;Bretagne
201900001409;138Â 303Â 900;A01;1.0;1;2.0;1.0;1961.0;0.0;2.0;8.0;;;0;;;3.0;33.0;0.0;2.0;1.0;17.0;1.0;;5;6;2019;09:40;1.0;92;92072;2;9.0;8.0;1.0;VILLE D'AVRAY (RUE DE );48,8258781;2,2015011;3;407;0.0;;2.0;2;0.0;2.0;0;0;1.0;;;1.0;0.0;1.0;50.0;Hauts-de-Seine;11;Île-de-France
201900001409;138Â 303Â 902;B01;1.0;1;1.0;1.0;1954.0;0.0;1.0;0.0;;;0;;;3.0;7.0;0.0;2.0;1.0;15.0;1.0;;5;6;2019;09:40;1.0;92;92072;2;9.0;8.0;1.0;VILLE D'AVRAY (RUE DE );48,8258781;2,2015011;3;407;0.0;;2.0;2;0.0;2.0;0;0;1.0;;;1.0;0.0;1.0;50.0;Hauts-de-Seine;11;Île-de-France
201900001410;138Â 303Â 898;A01;1.0;1;1.0;1.0;1972.0;0.0;2.0;0.0;;0.0;0;;;2.0;32.0;0.0;1.0;1.0;18.0;1.0;;4;6;2019;08:35;1.0;92;92072;2;1.0;8.0;6.0;VILLE D'AVRAY (RUE DE );48,8258882;2,2012770;3;407;0.0;;2.0;2;0.0;2.0;0;0;1.0;;;2.0;0.0;1.0;50.0;Hauts-de-Seine;11;Île-de-France
201900001410;138Â 303Â 898;A01;10.0;3;2.0;1.0;1998.0;0.0;8.0;0.0;;3.0;3;1.0;;2.0;32.0;0.0;1.0;1.0;18.0;1.0;;4;6;2019;08:35;1.0;92;92072;2;1.0;8.0;6.0;VILLE D'AVRAY (RUE DE );48,8258882;2,2012770;3;407;0.0;;2.0;2;0.0;2.0;0;0;1.0;;;2.0;0.0;1.0;50.0;Hauts-de-Seine;11;Île-de-France
201900001411;138Â 303Â 897;B01;1.0;1;1.0;1.0;1946.0;5.0;1.0;0.0;;0.0;0;;;1.0;7.0;0.0;2.0;4.0;1.0;1.0;;16;8;2019;17:38;1.0;29;29019;2;1.0;1.0;2.0;MONTAIGNE (DE 39 A 111 ET 32 A 96);48,4016600; -4,4832100;4;MONTAIGNE (DE 39 A 111 ET 32 A 96);0.0;;2.0;2;0.0;1.0;0;0;1.0;;;1.0;5.0;1.0;50.0;Finistère;53;Bretagne
201900001411;138Â 303Â 899;A01;1.0;1;2.0;1.0;2001.0;5.0;2.0;6.0;;0.0;0;;;1.0;30.0;0.0;2.0;1.0;1.0;1.0;;16;8;2019;17:38;1.0;29;29019;2;1.0;1.0;2.0;MONTAIGNE (DE 39 A 111 ET 32 A 96);48,4016600; -4,4832100;4;MONTAIGNE (DE 39 A 111 ET 32 A 96);0.0;;2.0;2;0.0;1.0;0;0;1.0;;;1.0;5.0;1.0;50.0;Finistère;53;Bretagne
201900001411;138Â 303Â 899;A01;2.0;2;1.0;1.0;2001.0;5.0;2.0;0.0;;0.0;0;;;1.0;30.0;0.0;2.0;1.0;1.0;1.0;;16;8;2019;17:38;1.0;29;29019;2;1.0;1.0;2.0;MONTAIGNE (DE 39 A 111 ET 32 A 96);48,4016600; -4,4832100;4;MONTAIGNE (DE 39 A 111 ET 32 A 96);0.0;;2.0;2;0.0;1.0;0;0;1.0;;;1.0;5.0;1.0;50.0;Finistère;53;Bretagne
201900001412;138Â 303Â 895;A01;1.0;1;2.0;2.0;1970.0;1.0;1.0;5.0;;;0;;;3.0;7.0;12.0;0.0;6.0;14.0;1.0;;13;8;2019;11:58;1.0;29;29019;2;6.0;2.0;7.0;PEN AR CH'LEUZ (ROND POINT);48,4141300; -4,4800900;4;PEN AR CH'LEUZ (ROND POINT);0.0;;;0;0.0;1.0;0;0;2.0;;;2.0;0.0;1.0;50.0;Finistère;53;Bretagne
201900001413;138Â 303Â 892;A01;1.0;1;2.0;1.0;1957.0;1.0;1.0;0.0;;;0;;;1.0;7.0;0.0;2.0;1.0;1.0;1.0;;13;6;2019;15:05;1.0;92;92064;2;1.0;1.0;4.0;MARCEL DASSAULT;48,8559109;2,2230920;3;7;0.0;;2.0;2;0.0;1.0;0;0;1.0;;;1.0;0.0;1.0;50.0;Hauts-de-Seine;11;Île-de-France
201900001413;138Â 303Â 893;B01;1.0;1;1.0;1.0;1979.0;1.0;1.0;0.0;;;0;;;1.0;7.0;0.0;2.0;4.0;23.0;1.0;;13;6;2019;15:05;1.0;92;92064;2;1.0;1.0;4.0;MARCEL DASSAULT;48,8559109;2,2230920;3;7;0.0;;2.0;2;0.0;1.0;0;0;1.0;;;1.0;0.0;1.0;50.0;Hauts-de-Seine;11;Île-de-France
201900001413;138Â 303Â 893;B01;2.0;2;1.0;1.0;1979.0;1.0;1.0;0.0;;;0;;;1.0;7.0;0.0;2.0;4.0;23.0;1.0;;13;6;2019;15:05;1.0;92;92064;2;1.0;1.0;4.0;MARCEL DASSAULT;48,8559109;2,2230920;3;7;0.0;;2.0;2;0.0;1.0;0;0;1.0;;;1.0;0.0;1.0;50.0;Hauts-de-Seine;11;Île-de-France
201900001413;138Â 303Â 894;C01;1.0;1;1.0;1.0;1957.0;1.0;1.0;0.0;;;0;;;1.0;7.0;0.0;2.0;4.0;23.0;1.0;;13;6;2019;15:05;1.0;92;92064;2;1.0;1.0;4.0;MARCEL DASSAULT;48,8559109;2,2230920;3;7;0.0;;2.0;2;0.0;1.0;0;0;1.0;;;1.0;0.0;1.0;50.0;Hauts-de-Seine;11;Île-de-France
201900001413;138Â 303Â 896;D01;1.0;1;1.0;1.0;1971.0;1.0;1.0;0.0;;;0;;;1.0;7.0;0.0;2.0;4.0;23.0;1.0;;13;6;2019;15:05;1.0;92;92064;2;1.0;1.0;4.0;MARCEL DASSAULT;48,8559109;2,2230920;3;7;0.0;;2.0;2;0.0;1.0;0;0;1.0;;;1.0;0.0;1.0;50.0;Hauts-de-Seine;11;Île-de-France
201900001414;138Â 303Â 890;A01;1.0;1;2.0;2.0;1964.0;5.0;8.0;0.0;;;0;;;2.0;1.0;9.0;0.0;1.0;13.0;5.0;;11;6;2019;19:44;1.0;92;92064;2;1.0;1.0;6.0;DAILLY;48,8428000;2,2211000;3;907;0.0;;3.0;3;1.0;2.0;0;0;1.0;;;2.0;0.0;1.0;50.0;Hauts-de-Seine;11;Île-de-France
201900001415;138Â 303Â 888;A01;1.0;1;1.0;1.0;1948.0;0.0;1.0;5.0;;0.0;0;;;0.0;7.0;0.0;2.0;1.0;1.0;1.0;;13;8;2019;09:55;1.0;27;27229;2;1.0;1.0;3.0;NORMANDIE (BOULEVARD DE);49,0216020;1,1375080;4;NORMANDIE (BOULEVARD DE);0.0;;3.0;2;0.0;1.0;0;0;1.0;;;1.0;0.0;1.0;50.0;Eure;28;Normandie
201900001415;138Â 303Â 889;B01;1.0;1;2.0;1.0;2000.0;0.0;1.0;5.0;;0.0;0;;;0.0;7.0;0.0;2.0;8.0;1.0;1.0;;13;8;2019;09:55;1.0;27;27229;2;1.0;1.0;3.0;NORMANDIE (BOULEVARD DE);49,0216020;1,1375080;4;NORMANDIE (BOULEVARD DE);0.0;;3.0;2;0.0;1.0;0;0;1.0;;;1.0;0.0;1.0;50.0;Eure;28;Normandie
201900001416;138Â 303Â 887;A01;10.0;3;2.0;2.0;1929.0;5.0;8.0;0.0;;1.0;9;2.0;;3.0;7.0;0.0;0.0;0.0;20.0;1.0;;7;6;2019;15:40;1.0;92;92064;2;9.0;2.0;7.0;REPUBLIQUE;48,8575000;2,2108000;3;985;0.0;;;0;0.0;1.0;0;0;1.0;;;2.0;9.0;1.0;30.0;Hauts-de-Seine;11;Île-de-France
201900001416;138Â 303Â 887;A01;1.0;1;1.0;1.0;1938.0;5.0;1.0;8.0;;0.0;0;;;3.0;7.0;0.0;0.0;0.0;20.0;1.0;;7;6;2019;15:40;1.0;92;92064;2;9.0;2.0;7.0;REPUBLIQUE;48,8575000;2,2108000;3;985;0.0;;;0;0.0;1.0;0;0;1.0;;;2.0;9.0;1.0;30.0;Hauts-de-Seine;11;Île-de-France
201900001417;138Â 303Â 884;B01;1.0;1;1.0;1.0;1980.0;4.0;1.0;8.0;;; -1;;;3.0;37.0;0.0;2.0;4.0;2.0;1.0;3.0;13;8;2019;12:00;1.0;26;26281;2;1.0;1.0;2.0;JAURES JEAN (PLACE);45,0455400;5,0527400;4;JAURES JEAN (PLACE);0.0;;1.0;2;0.0;1.0;0;0;1.0;;;1.0;0.0;1.0;50.0;Drôme;84;Auvergne-Rhône-Alpes
201900001417;138Â 303Â 884;B01;9.0;2;2.0;1.0;1954.0;0.0;8.0;0.0;;; -1;;;3.0;37.0;0.0;2.0;4.0;2.0;1.0;3.0;13;8;2019;12:00;1.0;26;26281;2;1.0;1.0;2.0;JAURES JEAN (PLACE);45,0455400;5,0527400;4;JAURES JEAN (PLACE);0.0;;1.0;2;0.0;1.0;0;0;1.0;;;1.0;0.0;1.0;50.0;Drôme;84;Auvergne-Rhône-Alpes
201900001417;138Â 303Â 884;B01;9.0;2;2.0;2.0;1960.0;0.0;8.0;0.0;;; -1;;;3.0;37.0;0.0;2.0;4.0;2.0;1.0;3.0;13;8;2019;12:00;1.0;26;26281;2;1.0;1.0;2.0;JAURES JEAN (PLACE);45,0455400;5,0527400;4;JAURES JEAN (PLACE);0.0;;1.0;2;0.0;1.0;0;0;1.0;;;1.0;0.0;1.0;50.0;Drôme;84;Auvergne-Rhône-Alpes
201900001417;138Â 303Â 886;A01;1.0;1;2.0;1.0;1981.0;0.0;1.0;8.0;;; -1;;;3.0;7.0;0.0;2.0;1.0;2.0;1.0;;13;8;2019;12:00;1.0;26;26281;2;1.0;1.0;2.0;JAURES JEAN (PLACE);45,0455400;5,0527400;4;JAURES JEAN (PLACE);0.0;;1.0;2;0.0;1.0;0;0;1.0;;;1.0;0.0;1.0;50.0;Drôme;84;Auvergne-Rhône-Alpes
201900001418;138Â 303Â 883;A01;1.0;1;1.0;1.0;1938.0;5.0;1.0;0.0;;;0;;;1.0;10.0;12.0;2.0;3.0;9.0;1.0;;7;6;2019;13:40;1.0;92;92064;2;1.0;2.0;3.0;REPUBLIQUE;48,8504600;2,2134800;3;985;0.0;;2.0;2;0.0;1.0;0;0;1.0;;;2.0;0.0;2.0;50.0;Hauts-de-Seine;11;Île-de-France
201900001418;138Â 303Â 885;B01;1.0;1;2.0;1.0;1973.0;4.0;2.0;6.0;;;0;;;1.0;34.0;6.0;2.0;1.0;1.0;1.0;;7;6;2019;13:40;1.0;92;92064;2;1.0;2.0;3.0;REPUBLIQUE;48,8504600;2,2134800;3;985;0.0;;2.0;2;0.0;1.0;0;0;1.0;;;2.0;0.0;2.0;50.0;Hauts-de-Seine;11;Île-de-France
201900001419;138Â 303Â 881;A01;1.0;1;1.0;2.0;1938.0;5.0;1.0;8.0;;;0;;;2.0;7.0;0.0;1.0;8.0;1.0;1.0;;14;6;2019;16:30;1.0;92;92063;2;1.0;1.0;6.0;FOCH (BOULEVARD DU MARECHAL);48,8782000;2,1803600;4;FOCH (BOULEVARD DU MARECHAL);0.0;;2.0;2;0.0;1.0;0;0;1.0;;;1.0;0.0;1.0;50.0;Hauts-de-Seine;11;Île-de-France
201900001419;138Â 303Â 881;A01;10.0;3;2.0;1.0;2007.0;2.0;8.0;0.0;;2.0;3;1.0;;2.0;7.0;0.0;1.0;8.0;1.0;1.0;;14;6;2019;16:30;1.0;92;92063;2;1.0;1.0;6.0;FOCH (BOULEVARD DU MARECHAL);48,8782000;2,1803600;4;FOCH (BOULEVARD DU MARECHAL);0.0;;2.0;2;0.0;1.0;0;0;1.0;;;1.0;0.0;1.0;50.0;Hauts-de-Seine;11;Île-de-France
201900001420;138Â 303Â 880;A01;1.0;1;1.0;1.0;2000.0;5.0;1.0;8.0;;; -1;;;3.0;7.0;0.0;2.0;3.0;26.0;1.0;;9;8;2019;14:40;1.0;26;26198;2;3.0;1.0;3.0;DAUJAT( Rue Raymond);44,5588700;4,7487200;4;DAUJAT( Rue Raymond);0.0;;1.0;1;0.0;1.0;0;0;4.0;;;1.0;0.0;1.0;30.0;Drôme;84;Auvergne-Rhône-Alpes
201900001420;138Â 303Â 882;B01;1.0;1;2.0;1.0;1973.0;9.0;2.0;8.0;;; -1;;;3.0;33.0;0.0;2.0;1.0;26.0;1.0;;9;8;2019;14:40;1.0;26;26198;2;3.0;1.0;3.0;DAUJAT( Rue Raymond);44,5588700;4,7487200;4;DAUJAT( Rue Raymond);0.0;;1.0;1;0.0;1.0;0;0;4.0;;;1.0;0.0;1.0;30.0;Drôme;84;Auvergne-Rhône-Alpes
201900001421;138Â 303Â 878;B01;1.0;1;1.0;1.0;1956.0;1.0;1.0;8.0;;;0;;;2.0;7.0;0.0;2.0;3.0;15.0;1.0;;10;6;2019;09:15;1.0;92;92063;2;3.0;1.0;6.0;DOUMER (AVENUE PAUL) EST;48,8787617;2,1773299;3;913;0.0;;3.0;4;0.0;1.0;0;0;1.0;;;1.0;5.0;1.0;50.0;Hauts-de-Seine;11;Île-de-France
201900001421;138Â 303Â 879;A01;1.0;1;2.0;1.0;1985.0;1.0;8.0;0.0;;;0;;;1.0;50.0;0.0;2.0;1.0;1.0;3.0;;10;6;2019;09:15;1.0;92;92063;2;3.0;1.0;6.0;DOUMER (AVENUE PAUL) EST;48,8787617;2,1773299;3;913;0.0;;3.0;4;0.0;1.0;0;0;1.0;;;1.0;5.0;1.0;50.0;Hauts-de-Seine;11;Île-de-France
201900001422;138Â 303Â 877;A01;10.0;3;2.0;2.0;1983.0;5.0;8.0;0.0;;3.0;3;1.0;;1.0;7.0;0.0;1.0;3.0;1.0;1.0;;8;8;2019;17:30;1.0;26;26198;2;1.0;1.0;6.0;MEYNOT (Boulevard);44,5556870;4,7517470;4;MEYNOT (Boulevard);0.0;;2.0;2;0.0;1.0;(1);(1);1.0;;;1.0;0.0;1.0;30.0;Drôme;84;Auvergne-Rhône-Alpes
201900001422;138Â 303Â 877;A01;1.0;1;1.0;2.0;1980.0;5.0;1.0;8.0;;0.0;0;;;1.0;7.0;0.0;1.0;3.0;1.0;1.0;;8;8;2019;17:30;1.0;26;26198;2;1.0;1.0;6.0;MEYNOT (Boulevard);44,5556870;4,7517470;4;MEYNOT (Boulevard);0.0;;2.0;2;0.0;1.0;(1);(1);1.0;;;1.0;0.0;1.0;30.0;Drôme;84;Auvergne-Rhône-Alpes
201900001423;138Â 303Â 876;Z01;10.0;3;2.0;2.0;1979.0;1.0;8.0;0.0;;3.0;3;1.0;;3.0;7.0;0.0;1.0;1.0;1.0;0.0;;12;8;2019;17:10;1.0;26;26198;2;1.0;1.0;6.0;MEYNOT (Boulevard);44,5556500;4,7516100;4;MEYNOT (Boulevard);0.0;;2.0;2;0.0;1.0;(1);(1);1.0;;;1.0;0.0;1.0;30.0;Drôme;84;Auvergne-Rhône-Alpes
201900001424;138Â 303Â 875;A01;10.0;3;2.0;1.0;1992.0;1.0;8.0;0.0;;3.0;3;1.0;;2.0;7.0;0.0;1.0;1.0;15.0;1.0;;6;6;2019;10:00;1.0;92;92063;2;3.0;1.0;6.0;THIERS (RUE);48,8696000;2,1937600;4;THIERS (RUE);0.0;;2.0;2;0.0;2.0;0;0;1.0;;;2.0;0.0;1.0;50.0;Hauts-de-Seine;11;Île-de-France
201900001424;138Â 303Â 875;A01;1.0;1;1.0;1.0;1932.0;5.0;1.0;8.0;;;0;;;2.0;7.0;0.0;1.0;1.0;15.0;1.0;;6;6;2019;10:00;1.0;92;92063;2;3.0;1.0;6.0;THIERS (RUE);48,8696000;2,1937600;4;THIERS (RUE);0.0;;2.0;2;0.0;2.0;0;0;1.0;;;2.0;0.0;1.0;50.0;Hauts-de-Seine;11;Île-de-France
201900001425;138Â 303Â 874;A01;1.0;1;2.0;2.0;1999.0;5.0;1.0;0.0;;0.0;0;;;3.0;7.0;4.0;0.0;9.0;9.0;1.0;;17;8;2019;03:40;4.0;25;25056;1;1.0;1.0;7.0;EPINAL RUE D';47,2698390;5,9996720;4;EPINAL RUE D';0.0;;1.0;1;0.0;2.0;0;0;1.0;;;1.0;3.0;1.0;50.0;Doubs;27;Bourgogne-Franche-Comté
201900001426;138Â 303Â 872;A01;1.0;1;2.0;1.0;2006.0;5.0;8.0;8.0;;;0;;;2.0;1.0;0.0;2.0;8.0;19.0;5.0;;31;5;2019;12:40;1.0;92;92063;2;1.0;1.0;3.0;SUE (RUE EUGENE);48,8765700;2,2012400;4;SUE (RUE EUGENE);0.0;;2.0;2;0.0;1.0;0;0;1.0;;;1.0;0.0;1.0;50.0;Hauts-de-Seine;11;Île-de-France
201900001426;138Â 303Â 873;B01;1.0;1;1.0;2.0;1963.0;5.0;1.0;8.0;;;0;;;2.0;7.0;0.0;2.0;1.0;1.0;1.0;;31;5;2019;12:40;1.0;92;92063;2;1.0;1.0;3.0;SUE (RUE EUGENE);48,8765700;2,2012400;4;SUE (RUE EUGENE);0.0;;2.0;2;0.0;1.0;0;0;1.0;;;1.0;0.0;1.0;50.0;Hauts-de-Seine;11;Île-de-France
201900001427;138Â 303Â 868;B01;1.0;1;2.0;1.0;1992.0;4.0;2.0;6.0;;;0;;;3.0;34.0;0.0;2.0;5.0;13.0;0.0;;19;6;2019;07:45;1.0;92;92062;2;1.0;1.0;2.0;DE DION BOUTON (QUAI) DU 29 AU 65;48,8831547;2,2484496;3;7;0.0;;1.0;2;0.0;1.0;0;0;1.0;;;1.0;0.0;1.0;50.0;Hauts-de-Seine;11;Île-de-France
201900001427;138Â 303Â 870;A01;1.0;1;1.0;1.0;1975.0;1.0;1.0;0.0;;;0;;;3.0;7.0;0.0;2.0;5.0;23.0;0.0;;19;6;2019;07:45;1.0;92;92062;2;1.0;1.0;2.0;DE DION BOUTON (QUAI) DU 29 AU 65;48,8831547;2,2484496;3;7;0.0;;1.0;2;0.0;1.0;0;0;1.0;;;1.0;0.0;1.0;50.0;Hauts-de-Seine;11;Île-de-France
201900001428;138Â 303Â 866;A01;1.0;1;2.0;1.0;1997.0;1.0;2.0;6.0;;;0;;;1.0;30.0;0.0;2.0;1.0;11.0;1.0;;3;6;2019;18:48;1.0;92;92062;2;1.0;1.0;3.0;GODEFROY (RUE) DU 1 AU 17;48,8808920;2,2428610;4;GODEFROY (RUE) DU 1 AU 17;0.0;;3.0;1;0.0;1.0;0;0;1.0;;;1.0;0.0;1.0;50.0;Hauts-de-Seine;11;Île-de-France
201900001428;138Â 303Â 867;B01;1.0;1;1.0;1.0;1975.0;4.0;1.0;0.0;;;0;;;1.0;7.0;0.0;2.0;0.0;26.0;1.0;;3;6;2019;18:48;1.0;92;92062;2;1.0;1.0;3.0;GODEFROY (RUE) DU 1 AU 17;48,8808920;2,2428610;4;GODEFROY (RUE) DU 1 AU 17;0.0;;3.0;1;0.0;1.0;0;0;1.0;;;1.0;0.0;1.0;50.0;Hauts-de-Seine;11;Île-de-France
201900001429;138Â 303Â 869;A01;1.0;1;1.0;1.0;1998.0;0.0;1.0;0.0;;;0;;;1.0;7.0;0.0;2.0;1.0;1.0;1.0;;14;8;2019;16:45;1.0;25;25056;2;2.0;1.0;3.0;VESOUL RUE DE (inf 52);47,2533400;6,0157900;3;572;0.0;;2.0;2;0.0;1.0;0;0;1.0;;;1.0;5.0;1.0;50.0;Doubs;27;Bourgogne-Franche-Comté
201900001429;138Â 303Â 871;B01;1.0;1;2.0;1.0;1982.0;0.0;2.0;6.0;;0.0;0;;;1.0;33.0;0.0;2.0;5.0;1.0;1.0;;14;8;2019;16:45;1.0;25;25056;2;2.0;1.0;3.0;VESOUL RUE DE (inf 52);47,2533400;6,0157900;3;572;0.0;;2.0;2;0.0;1.0;0;0;1.0;;;1.0;5.0;1.0;50.0;Doubs;27;Bourgogne-Franche-Comté
201900001430;138Â 303Â 862;A01;1.0;1;1.0;1.0;1991.0;0.0;2.0;0.0;;;0;;;2.0;34.0;0.0;1.0;2.0;19.0;1.0;;7;6;2019;14:15;1.0;92;92051;2;1.0;8.0;6.0;CHATEAU (BOULEVARD DU);48,8867280;2,2622630;4;CHATEAU (BOULEVARD DU);0.0;;2.0;2;0.0;1.0;0;0;1.0;;;1.0;0.0;1.0;50.0;Hauts-de-Seine;11;Île-de-France
201900001430;138Â 303Â 862;A01;10.0;3;2.0;1.0;1954.0;0.0;8.0;0.0;;1.0;3;1.0;;2.0;34.0;0.0;1.0;2.0;19.0;1.0;;7;6;2019;14:15;1.0;92;92051;2;1.0;8.0;6.0;CHATEAU (BOULEVARD DU);48,8867280;2,2622630;4;CHATEAU (BOULEVARD DU);0.0;;2.0;2;0.0;1.0;0;0;1.0;;;1.0;0.0;1.0;50.0;Hauts-de-Seine;11;Île-de-France
201900001431;138Â 303Â 859;A01;2.0;2;2.0;2.0;1976.0;0.0;2.0;0.0;;;0;;;2.0;34.0;0.0;2.0;3.0;2.0;1.0;;6;6;2019;09:05;1.0;92;92051;2;2.0;1.0;3.0;RICHARD WALLACE (BOULEVARD);48,8752229;2,2505202;4;RICHARD WALLACE (BOULEVARD);0.0;;3.0;4;0.0;1.0;0;0;1.0;;;1.0;0.0;1.0;50.0;Hauts-de-Seine;11;Île-de-France