Num_Acc;id_vehicule;num_veh;place;catu;grav;sexe;an_nais;trajet;secu1;secu2;secu3;locp;actp;etatp;id_usager;senc;catv;obs;obsm;choc;manv;motor;occutc;jour;mois;an;hrmn;lum;dep;com;agg;int;atm;col;adr;lat;long;catr;voie;v1;v2;circ;nbv;vosp;prof;pr;pr1;plan;lartpc;larrout;surf;infra;situ;vma;nom_departement;reg;nom_region
201900001431;138Â 303Â 859;A01;1.0;1;1.0;1.0;1972.0;0.0;2.0;6.0;;;0;;;2.0;34.0;0.0;2.0;3.0;2.0;1.0;;6;6;2019;09:05;1.0;92;92051;2;2.0;1.0;3.0;RICHARD WALLACE (BOULEVARD);48,8752229;2,2505202;4;RICHARD WALLACE (BOULEVARD);0.0;;3.0;4;0.0;1.0;0;0;1.0;;;1.0;0.0;1.0;50.0;Hauts-de-Seine;11;Île-de-France
201900001431;138Â 303Â 860;B01;1.0;1;1.0;1.0;1985.0;0.0;8.0;0.0;;;0;;;1.0;7.0;0.0;2.0;3.0;11.0;0.0;;6;6;2019;09:05;1.0;92;92051;2;2.0;1.0;3.0;RICHARD WALLACE (BOULEVARD);48,8752229;2,2505202;4;RICHARD WALLACE (BOULEVARD);0.0;;3.0;4;0.0;1.0;0;0;1.0;;;1.0;0.0;1.0;50.0;Hauts-de-Seine;11;Île-de-France
201900001432;138Â 303Â 857;A01;1.0;1;1.0;1.0;1952.0;0.0;1.0;0.0;;0.0;0;;;1.0;7.0;0.0;2.0;1.0;0.0;1.0;;10;8;2019;16:28;1.0;24;24037;2;3.0;1.0;3.0;RN 21;44,8191600;0,5045400;2;21;0.0;;2.0;2;0.0;1.0;112;445;1.0;;;1.0;0.0;1.0;50.0;Dordogne;75;Nouvelle-Aquitaine
201900001432;138Â 303Â 858;B01;2.0;2;3.0;2.0;1946.0;5.0;1.0;0.0;;;0;;;1.0;7.0;0.0;2.0;7.0;1.0;1.0;;10;8;2019;16:28;1.0;24;24037;2;3.0;1.0;3.0;RN 21;44,8191600;0,5045400;2;21;0.0;;2.0;2;0.0;1.0;112;445;1.0;;;1.0;0.0;1.0;50.0;Dordogne;75;Nouvelle-Aquitaine
201900001432;138Â 303Â 858;B01;1.0;1;2.0;1.0;1940.0;5.0;1.0;0.0;;;0;;;1.0;7.0;0.0;2.0;7.0;1.0;1.0;;10;8;2019;16:28;1.0;24;24037;2;3.0;1.0;3.0;RN 21;44,8191600;0,5045400;2;21;0.0;;2.0;2;0.0;1.0;112;445;1.0;;;1.0;0.0;1.0;50.0;Dordogne;75;Nouvelle-Aquitaine
201900001433;138Â 303Â 855;B01;1.0;1;1.0;1.0;1969.0;1.0;1.0;0.0;;;0;;;1.0;7.0;0.0;1.0;5.0;23.0;0.0;;3;6;2019;13:42;1.0;92;92051;2;1.0;2.0;2.0;CHARLES DE GAULLE (AVENUE,NÂ°118 A 192 +;48,8818900;2,2687200;2;13;0.0;;1.0;3;0.0;1.0;0;0;1.0;;;2.0;0.0;1.0;50.0;Hauts-de-Seine;11;Île-de-France
201900001433;138Â 303Â 856;A01;1.0;1;2.0;1.0;2000.0;4.0;2.0;0.0;;;0;;;1.0;30.0;0.0;2.0;1.0;2.0;0.0;;3;6;2019;13:42;1.0;92;92051;2;1.0;2.0;2.0;CHARLES DE GAULLE (AVENUE,NÂ°118 A 192 +;48,8818900;2,2687200;2;13;0.0;;1.0;3;0.0;1.0;0;0;1.0;;;2.0;0.0;1.0;50.0;Hauts-de-Seine;11;Île-de-France
201900001434;138Â 303Â 854;A01;1.0;1;1.0;2.0;1979.0;1.0;8.0;0.0;;0.0;0;;;1.0;7.0;0.0;1.0;3.0;1.0;1.0;;7;8;2019;17:20;1.0;22;22278;2;1.0;1.0;6.0;GENEVE (DE);48,5171383; -2,7430372;4;GENEVE (DE);0.0;;2.0;2;0.0;1.0;0;0;1.0;;;1.0;0.0;1.0;30.0;Côtes-d'Armor;53;Bretagne
201900001434;138Â 303Â 854;A01;10.0;3;2.0;1.0;2000.0;0.0;8.0;0.0;;2.0;5;2.0;;1.0;7.0;0.0;1.0;3.0;1.0;1.0;;7;8;2019;17:20;1.0;22;22278;2;1.0;1.0;6.0;GENEVE (DE);48,5171383; -2,7430372;4;GENEVE (DE);0.0;;2.0;2;0.0;1.0;0;0;1.0;;;1.0;0.0;1.0;30.0;Côtes-d'Armor;53;Bretagne
201900001435;138Â 303Â 853;A01;1.0;1;1.0;1.0;1961.0;9.0;1.0;8.0;;;0;;;0.0;10.0;0.0;1.0;6.0;20.0;1.0;;30;5;2019;12:20;1.0;92;92051;2;1.0;1.0;6.0;ACHILLE PERETTI (AVENUE, NÂ° 90 A 96 ET 9;48,8877400;2,2551900;4;ACHILLE PERETTI (AVENUE, NÂ° 90 A 96 ET 9;0.0;;2.0;2;0.0;1.0;0;0;1.0;;;1.0;0.0;1.0;30.0;Hauts-de-Seine;11;Île-de-France
201900001435;138Â 303Â 853;A01;10.0;3;3.0;2.0;1931.0;5.0;8.0;0.0;;2.0;3;2.0;;0.0;10.0;0.0;1.0;6.0;20.0;1.0;;30;5;2019;12:20;1.0;92;92051;2;1.0;1.0;6.0;ACHILLE PERETTI (AVENUE, NÂ° 90 A 96 ET 9;48,8877400;2,2551900;4;ACHILLE PERETTI (AVENUE, NÂ° 90 A 96 ET 9;0.0;;2.0;2;0.0;1.0;0;0;1.0;;;1.0;0.0;1.0;30.0;Hauts-de-Seine;11;Île-de-France
201900001436;138Â 303Â 850;B01;1.0;1;2.0;2.0;1978.0;9.0;1.0;8.0;;0.0;0;;;2.0;7.0;0.0;2.0;4.0;1.0;1.0;;12;8;2019;12:00;1.0;22;22187;1;1.0;1.0;2.0;RN12;48,5455800; -2,7915100;2;12;0.0;;3.0;4;0.0;1.0;61;820;1.0;;;1.0;0.0;1.0;90.0;Côtes-d'Armor;53;Bretagne
201900001436;138Â 303Â 852;A01;1.0;1;1.0;2.0;1976.0;5.0;1.0;8.0;;0.0;0;;;2.0;7.0;0.0;2.0;1.0;2.0;1.0;;12;8;2019;12:00;1.0;22;22187;1;1.0;1.0;2.0;RN12;48,5455800; -2,7915100;2;12;0.0;;3.0;4;0.0;1.0;61;820;1.0;;;1.0;0.0;1.0;90.0;Côtes-d'Armor;53;Bretagne
201900001437;138Â 303Â 849;A01;1.0;1;2.0;1.0;1995.0;4.0;2.0;0.0;;;0;;;1.0;30.0;0.0;2.0;7.0;1.0;1.0;;18;6;2019;14:45;1.0;92;92050;2;2.0;1.0;3.0;REPUBLIQUE AVENUE DE LA;48,8980730;2,1987590;3;986;0.0;;1.0;2;0.0;1.0;0;0;1.0;;;1.0;0.0;1.0;50.0;Hauts-de-Seine;11;Île-de-France
201900001438;138Â 303Â 846;A01;1.0;1;1.0;1.0;1974.0;5.0;8.0;8.0;;0.0;0;;;3.0;7.0;0.0;2.0;1.0;13.0;1.0;;11;8;2019;18:10;1.0;22;22278;1;1.0;1.0;1.0;BOUGAINVILLE (DE);48,5199200; -2,7168700;4;BOUGAINVILLE (DE);0.0;;2.0;2;0.0;2.0;0;0;3.0;;;1.0;0.0;1.0;50.0;Côtes-d'Armor;53;Bretagne
201900001438;138Â 303Â 848;B01;1.0;1;3.0;1.0;1990.0;1.0;2.0;8.0;;0.0;0;;;3.0;33.0;0.0;2.0;1.0;1.0;1.0;;11;8;2019;18:10;1.0;22;22278;1;1.0;1.0;1.0;BOUGAINVILLE (DE);48,5199200; -2,7168700;4;BOUGAINVILLE (DE);0.0;;2.0;2;0.0;2.0;0;0;3.0;;;1.0;0.0;1.0;50.0;Côtes-d'Armor;53;Bretagne
201900001439;138Â 303Â 845;B01;1.0;1;1.0;1.0;1975.0;9.0;8.0;0.0;;;0;;;3.0;14.0;1.0;0.0;4.0;24.0;6.0;;18;6;2019;12:05;1.0;92;92050;2;1.0;1.0;2.0;LENINE VLADIMIR ILITCH AVENUE;48,8881100;2,1946000;3;991;0.0;;;2;0.0;1.0;0;0;1.0;;;1.0;0.0;1.0;50.0;Hauts-de-Seine;11;Île-de-France
201900001439;138Â 303Â 847;A01;1.0;1;3.0;1.0;1995.0;0.0;2.0;0.0;;;0;;;2.0;30.0;0.0;2.0;1.0;1.0;6.0;;18;6;2019;12:05;1.0;92;92050;2;1.0;1.0;2.0;LENINE VLADIMIR ILITCH AVENUE;48,8881100;2,1946000;3;991;0.0;;;2;0.0;1.0;0;0;1.0;;;1.0;0.0;1.0;50.0;Hauts-de-Seine;11;Île-de-France
201900001440;138Â 303Â 844;A01;1.0;1;1.0;1.0;2000.0;3.0;1.0;0.0;;0.0;0;;;3.0;7.0;0.0;1.0;2.0;15.0;1.0;;13;8;2019;15:15;1.0;22;22113;2;9.0;1.0;6.0;RESISTANCE (AVENUE DE LA);48,7522700; -3,4569200;6;RESISTANCE (AVENUE DE LA);0.0;;;0;0.0;1.0;0;0;2.0;;;1.0;9.0;1.0;30.0;Côtes-d'Armor;53;Bretagne
201900001440;138Â 303Â 844;A01;10.0;3;3.0;2.0;1938.0;3.0;8.0;0.0;;2.0;3;1.0;;3.0;7.0;0.0;1.0;2.0;15.0;1.0;;13;8;2019;15:15;1.0;22;22113;2;9.0;1.0;6.0;RESISTANCE (AVENUE DE LA);48,7522700; -3,4569200;6;RESISTANCE (AVENUE DE LA);0.0;;;0;0.0;1.0;0;0;2.0;;;1.0;9.0;1.0;30.0;Côtes-d'Armor;53;Bretagne
201900001441;138Â 303Â 843;Z01;1.0;1;1.0;1.0;2002.0;5.0;2.0;0.0;;;0;;;1.0;30.0;0.0;1.0;0.0;25.0;0.0;;16;6;2019;16:45;1.0;92;92050;2;1.0;1.0;6.0;GAULLE DE CHARLES ESPLANADE;48,8945300;2,2223100;9;GAULLE DE CHARLES ESPLANADE;0.0;;;0;3.0;1.0;0;0;1.0;;;1.0;6.0;2.0;1.0;Hauts-de-Seine;11;Île-de-France
201900001441;138Â 303Â 843;Z01;10.0;3;2.0;1.0;2010.0;5.0;8.0;0.0;;5.0;5;3.0;;1.0;30.0;0.0;1.0;0.0;25.0;0.0;;16;6;2019;16:45;1.0;92;92050;2;1.0;1.0;6.0;GAULLE DE CHARLES ESPLANADE;48,8945300;2,2223100;9;GAULLE DE CHARLES ESPLANADE;0.0;;;0;3.0;1.0;0;0;1.0;;;1.0;6.0;2.0;1.0;Hauts-de-Seine;11;Île-de-France
201900001442;138Â 303Â 841;A01;1.0;1;1.0;2.0;1970.0;5.0;1.0;8.0;;; -1;;;1.0;7.0;1.0;0.0;2.0;14.0;1.0;;14;8;2019;15:25;1.0;19;19272;2;1.0;1.0;6.0;Winston Churchill (Av);45,2589988;1,7567579;4;Winston Churchill (Av);0.0;;;0;0.0;1.0;0;0;1.0;;;1.0;9.0;1.0;20.0;Corrèze;75;Nouvelle-Aquitaine
201900001442;138Â 303Â 842;B01;4.0;2;2.0;2.0;1925.0;0.0;1.0;0.0;;; -1;;;1.0;7.0;1.0;0.0;6.0;24.0;1.0;;14;8;2019;15:25;1.0;19;19272;2;1.0;1.0;6.0;Winston Churchill (Av);45,2589988;1,7567579;4;Winston Churchill (Av);0.0;;;0;0.0;1.0;0;0;1.0;;;1.0;9.0;1.0;20.0;Corrèze;75;Nouvelle-Aquitaine
201900001443;138Â 303Â 840;A01;2.0;2;2.0;2.0;2010.0;5.0;1.0;0.0;;;0;;;1.0;7.0;8.0;0.0;1.0;16.0;0.0;;15;6;2019;14:05;1.0;92;92050;2;2.0;1.0;6.0;PONT DE BEZONS;48,9190530;2,2229390;3;992;0.0;;1.0;2;0.0;1.0;0;0;3.0;;;1.0;2.0;1.0;50.0;Hauts-de-Seine;11;Île-de-France
201900001443;138Â 303Â 840;A01;1.0;1;1.0;2.0;1956.0;5.0;1.0;0.0;;;0;;;1.0;7.0;8.0;0.0;1.0;16.0;0.0;;15;6;2019;14:05;1.0;92;92050;2;2.0;1.0;6.0;PONT DE BEZONS;48,9190530;2,2229390;3;992;0.0;;1.0;2;0.0;1.0;0;0;3.0;;;1.0;2.0;1.0;50.0;Hauts-de-Seine;11;Île-de-France
201900001444;138Â 303Â 838;B01;1.0;1;2.0;1.0;1978.0;4.0;1.0;0.0;;0.0;0;;;2.0;3.0;0.0;2.0;1.0;1.0;1.0;;14;8;2019;15:45;1.0;19;19031;2;1.0;1.0;1.0;GEOFFRAY (RUE CESAR);45,1562100;1,5094900;4;GEOFFRAY (RUE CESAR);0.0;;2.0;2;0.0;1.0;0;0;1.0;;;1.0;0.0;1.0;50.0;Corrèze;75;Nouvelle-Aquitaine
201900001444;138Â 303Â 839;A01;1.0;1;1.0;1.0;1972.0;9.0;1.0;0.0;;0.0;0;;;1.0;7.0;0.0;2.0;1.0;13.0;1.0;;14;8;2019;15:45;1.0;19;19031;2;1.0;1.0;1.0;GEOFFRAY (RUE CESAR);45,1562100;1,5094900;4;GEOFFRAY (RUE CESAR);0.0;;2.0;2;0.0;1.0;0;0;1.0;;;1.0;0.0;1.0;50.0;Corrèze;75;Nouvelle-Aquitaine
201900001445;138Â 303Â 837;A01;1.0;1;1.0;2.0;1956.0;5.0;1.0;0.0;;;0;;;1.0;7.0;8.0;0.0;1.0;16.0;0.0;;14;6;2019;18:30;1.0;92;92050;2;2.0;1.0;6.0;COMMUNE DE PARIS AVENUE DE LA;48,9058300;2,2094300;3;992;0.0;;1.0;2;0.0;1.0;0;0;3.0;;;1.0;2.0;1.0;50.0;Hauts-de-Seine;11;Île-de-France
201900001445;138Â 303Â 837;A01;2.0;2;2.0;2.0;2010.0;5.0;1.0;0.0;;;0;;;1.0;7.0;8.0;0.0;1.0;16.0;0.0;;14;6;2019;18:30;1.0;92;92050;2;2.0;1.0;6.0;COMMUNE DE PARIS AVENUE DE LA;48,9058300;2,2094300;3;992;0.0;;1.0;2;0.0;1.0;0;0;3.0;;;1.0;2.0;1.0;50.0;Hauts-de-Seine;11;Île-de-France
201900001446;138Â 303Â 835;B01;1.0;1;2.0;1.0;1980.0;5.0;2.0;6.0;;; -1;;;1.0;33.0;0.0;2.0;7.0;1.0;1.0;;9;8;2019;18:45;1.0;19;19031;1;6.0;1.0;3.0;CRETES (CHEMIN DES);45,1764500;1,5163900;4;Avenue du printemps;0.0;;2.0;2;0.0;1.0;0;0;2.0;;;2.0;0.0;1.0;50.0;Corrèze;75;Nouvelle-Aquitaine
201900001446;138Â 303Â 836;A01;1.0;1;1.0;1.0;1980.0;5.0;1.0;0.0;;; -1;;;0.0;7.0;0.0;2.0;1.0;9.0;1.0;;9;8;2019;18:45;1.0;19;19031;1;6.0;1.0;3.0;CRETES (CHEMIN DES);45,1764500;1,5163900;4;Avenue du printemps;0.0;;2.0;2;0.0;1.0;0;0;2.0;;;2.0;0.0;1.0;50.0;Corrèze;75;Nouvelle-Aquitaine
201900001447;138Â 303Â 829;B01;1.0;1;1.0;1.0;1996.0;4.0;1.0;0.0;;;0;;;3.0;10.0;0.0;2.0;2.0;1.0;1.0;;14;6;2019;14:25;1.0;92;92050;2;2.0;1.0;3.0;QUENTIN JULES AVENUE;48,8949800;2,1918900;3;986;;;1.0;1;1.0;1.0;(1);(1);1.0;;;1.0;5.0;1.0;;Hauts-de-Seine;11;Île-de-France
201900001447;138Â 303Â 832;A01;1.0;1;4.0;1.0;1987.0;0.0;8.0;0.0;;;0;;;3.0;1.0;0.0;2.0;3.0;13.0;5.0;;14;6;2019;14:25;1.0;92;92050;2;2.0;1.0;3.0;QUENTIN JULES AVENUE;48,8949800;2,1918900;3;986;;;1.0;1;1.0;1.0;(1);(1);1.0;;;1.0;5.0;1.0;;Hauts-de-Seine;11;Île-de-France
201900001448;138Â 303Â 828;A01;1.0;1;3.0;2.0;1998.0;5.0;1.0;0.0;;0.0;0;;;1.0;7.0;16.0;0.0;1.0;14.0;1.0;;13;8;2019;09:40;1.0;17;17415;1;1.0;1.0;7.0;Route DÃ©partementale 728;45,7469768; -0,7027119;3;728;0.0;;2.0;1;0.0;1.0;1;0;3.0;;;1.0;0.0;1.0;80.0;Charente-Maritime;75;Nouvelle-Aquitaine
201900001449;138Â 303Â 826;B01;1.0;1;2.0;1.0;1998.0;0.0;2.0;0.0;;;0;;;1.0;2.0;0.0;2.0;3.0;1.0;0.0;;11;6;2019;21:10;2.0;92;92050;2;1.0;2.0;3.0;CLEMENCEAU GEORGES AVENUE NÂ° PAIR;48,8862530;2,2140410;3;913;0.0;;1.0;4;0.0;2.0;0;0;1.0;;;2.0;9.0;1.0;50.0;Hauts-de-Seine;11;Île-de-France
201900001449;138Â 303Â 827;A01;1.0;1;1.0;1.0;1995.0;9.0;1.0;0.0;;;0;;;1.0;7.0;0.0;2.0;2.0;12.0;0.0;;11;6;2019;21:10;2.0;92;92050;2;1.0;2.0;3.0;CLEMENCEAU GEORGES AVENUE NÂ° PAIR;48,8862530;2,2140410;3;913;0.0;;1.0;4;0.0;2.0;0;0;1.0;;;2.0;9.0;1.0;50.0;Hauts-de-Seine;11;Île-de-France
201900001450;138Â 303Â 823;C01;1.0;1;1.0;1.0;1986.0;5.0;1.0;8.0;;;0;;;1.0;7.0;0.0;2.0;4.0;2.0;1.0;;16;8;2019;18:30;1.0;17;17306;2;1.0;1.0;5.0;EUROPE (COURS DE L');45,6249680; -1,0198590;4;EUROPE (COURS DE L');0.0;;2.0;2;1.0;1.0;0;0;1.0;;;1.0;0.0;1.0;50.0;Charente-Maritime;75;Nouvelle-Aquitaine
201900001450;138Â 303Â 824;B01;1.0;1;2.0;1.0;1957.0;1.0;2.0;6.0;;;0;;;1.0;33.0;0.0;2.0;4.0;2.0;1.0;;16;8;2019;18:30;1.0;17;17306;2;1.0;1.0;5.0;EUROPE (COURS DE L');45,6249680; -1,0198590;4;EUROPE (COURS DE L');0.0;;2.0;2;1.0;1.0;0;0;1.0;;;1.0;0.0;1.0;50.0;Charente-Maritime;75;Nouvelle-Aquitaine
201900001450;138Â 303Â 825;A01;1.0;1;1.0;1.0;1999.0;1.0;1.0;0.0;;;0;;;1.0;7.0;1.0;2.0;1.0;21.0;1.0;;16;8;2019;18:30;1.0;17;17306;2;1.0;1.0;5.0;EUROPE (COURS DE L');45,6249680; -1,0198590;4;EUROPE (COURS DE L');0.0;;2.0;2;1.0;1.0;0;0;1.0;;;1.0;0.0;1.0;50.0;Charente-Maritime;75;Nouvelle-Aquitaine
201900001451;138Â 303Â 822;A01;10.0;3;3.0;1.0;2015.0;5.0;8.0;0.0;;3.0;3;2.0;;1.0;7.0;0.0;1.0;1.0;1.0;1.0;;9;6;2019;16:15;1.0;92;92050;2;1.0;1.0;6.0;GAMBETTA RUE;48,8885230;2,1990200;4;GAMBETTA RUE;0.0;;2.0;2;0.0;1.0;0;0;1.0;;;1.0;0.0;1.0;50.0;Hauts-de-Seine;11;Île-de-France
201900001451;138Â 303Â 822;A01;1.0;1;1.0;1.0;1969.0;1.0;1.0;0.0;;0.0;0;;;1.0;7.0;0.0;1.0;1.0;1.0;1.0;;9;6;2019;16:15;1.0;92;92050;2;1.0;1.0;6.0;GAMBETTA RUE;48,8885230;2,1990200;4;GAMBETTA RUE;0.0;;2.0;2;0.0;1.0;0;0;1.0;;;1.0;0.0;1.0;50.0;Hauts-de-Seine;11;Île-de-France
201900001452;138Â 303Â 821;A01;1.0;1;1.0;2.0;1984.0;4.0;8.0;0.0;;;0;;;2.0;37.0;0.0;1.0;5.0;1.0;1.0;1.0;7;6;2019;12:10;1.0;92;92050;2;1.0;1.0;6.0;PROVINCES FRANCAISES BD DES;48,8997900;2,2140500;4;PROVINCES FRANCAISES BD DES;0.0;;1.0;1;0.0;1.0;0;0;1.0;;;1.0;0.0;1.0;50.0;Hauts-de-Seine;11;Île-de-France
201900001452;138Â 303Â 821;A01;10.0;3;2.0;2.0;1998.0;2.0;8.0;0.0;;5.0;3;1.0;;2.0;37.0;0.0;1.0;5.0;1.0;1.0;1.0;7;6;2019;12:10;1.0;92;92050;2;1.0;1.0;6.0;PROVINCES FRANCAISES BD DES;48,8997900;2,2140500;4;PROVINCES FRANCAISES BD DES;0.0;;1.0;1;0.0;1.0;0;0;1.0;;;1.0;0.0;1.0;50.0;Hauts-de-Seine;11;Île-de-France
201900001453;138Â 303Â 819;A01;1.0;1;1.0;1.0;1977.0;5.0;1.0;0.0;;;0;;;1.0;7.0;0.0;2.0;1.0;2.0;1.0;;16;8;2019;11:00;1.0;17;17306;2;2.0;1.0;2.0;Avenue Louis BOUCHET;45,6293610; -0,9935700;3;750;0.0;;;3;0.0;1.0;0;840;1.0;;;1.0;5.0;1.0;50.0;Charente-Maritime;75;Nouvelle-Aquitaine
201900001453;138Â 303Â 819;A01;2.0;2;2.0;2.0;1974.0;0.0;1.0;0.0;;;0;;;1.0;7.0;0.0;2.0;1.0;2.0;1.0;;16;8;2019;11:00;1.0;17;17306;2;2.0;1.0;2.0;Avenue Louis BOUCHET;45,6293610; -0,9935700;3;750;0.0;;;3;0.0;1.0;0;840;1.0;;;1.0;5.0;1.0;50.0;Charente-Maritime;75;Nouvelle-Aquitaine
201900001453;138Â 303Â 819;A01;3.0;2;1.0;2.0;2015.0;0.0;1.0;0.0;;;0;;;1.0;7.0;0.0;2.0;1.0;2.0;1.0;;16;8;2019;11:00;1.0;17;17306;2;2.0;1.0;2.0;Avenue Louis BOUCHET;45,6293610; -0,9935700;3;750;0.0;;;3;0.0;1.0;0;840;1.0;;;1.0;5.0;1.0;50.0;Charente-Maritime;75;Nouvelle-Aquitaine
201900001453;138Â 303Â 819;A01;4.0;2;1.0;1.0;2013.0;5.0;1.0;0.0;;;0;;;1.0;7.0;0.0;2.0;1.0;2.0;1.0;;16;8;2019;11:00;1.0;17;17306;2;2.0;1.0;2.0;Avenue Louis BOUCHET;45,6293610; -0,9935700;3;750;0.0;;;3;0.0;1.0;0;840;1.0;;;1.0;5.0;1.0;50.0;Charente-Maritime;75;Nouvelle-Aquitaine
201900001453;138Â 303Â 820;B01;2.0;2;2.0;1.0;1969.0;0.0;1.0;0.0;;;0;;;1.0;7.0;0.0;2.0;4.0;23.0;1.0;;16;8;2019;11:00;1.0;17;17306;2;2.0;1.0;2.0;Avenue Louis BOUCHET;45,6293610; -0,9935700;3;750;0.0;;;3;0.0;1.0;0;840;1.0;;;1.0;5.0;1.0;50.0;Charente-Maritime;75;Nouvelle-Aquitaine
201900001453;138Â 303Â 820;B01;1.0;1;1.0;1.0;1970.0;0.0;1.0;0.0;;;0;;;1.0;7.0;0.0;2.0;4.0;23.0;1.0;;16;8;2019;11:00;1.0;17;17306;2;2.0;1.0;2.0;Avenue Louis BOUCHET;45,6293610; -0,9935700;3;750;0.0;;;3;0.0;1.0;0;840;1.0;;;1.0;5.0;1.0;50.0;Charente-Maritime;75;Nouvelle-Aquitaine
201900001453;138Â 303Â 820;B01;4.0;2;2.0;1.0;2004.0;0.0;1.0;0.0;;;0;;;1.0;7.0;0.0;2.0;4.0;23.0;1.0;;16;8;2019;11:00;1.0;17;17306;2;2.0;1.0;2.0;Avenue Louis BOUCHET;45,6293610; -0,9935700;3;750;0.0;;;3;0.0;1.0;0;840;1.0;;;1.0;5.0;1.0;50.0;Charente-Maritime;75;Nouvelle-Aquitaine
201900001453;138Â 303Â 820;B01;3.0;2;2.0;1.0;1999.0;0.0;1.0;0.0;;;0;;;1.0;7.0;0.0;2.0;4.0;23.0;1.0;;16;8;2019;11:00;1.0;17;17306;2;2.0;1.0;2.0;Avenue Louis BOUCHET;45,6293610; -0,9935700;3;750;0.0;;;3;0.0;1.0;0;840;1.0;;;1.0;5.0;1.0;50.0;Charente-Maritime;75;Nouvelle-Aquitaine
201900001454;138Â 303Â 817;B01;1.0;1;2.0;1.0;1969.0;0.0;0.0;0.0;0.0;0.0;0;;;2.0;1.0;1.0;0.0;1.0;17.0;6.0;;6;6;2019;17:00;1.0;92;92050;2;1.0;1.0;2.0;JOILIOT CURIE F. ET IRENE AVENUE NÂ°IMPAI;48,8923050;2,2094080;3;131;0.0;;3.0;2;1.0;1.0;0;0;1.0;;;1.0;0.0;1.0;50.0;Hauts-de-Seine;11;Île-de-France
201900001454;138Â 303Â 818;A01;1.0;1;1.0;1.0;1983.0;0.0;1.0;0.0;;;0;;;2.0;7.0;0.0;2.0;6.0;24.0;1.0;;6;6;2019;17:00;1.0;92;92050;2;1.0;1.0;2.0;JOILIOT CURIE F. ET IRENE AVENUE NÂ°IMPAI;48,8923050;2,2094080;3;131;0.0;;3.0;2;1.0;1.0;0;0;1.0;;;1.0;0.0;1.0;50.0;Hauts-de-Seine;11;Île-de-France
201900001455;138Â 303Â 815;A01;1.0;1;2.0;1.0;1999.0;5.0;2.0;6.0;;;0;;;1.0;33.0;0.0;2.0;1.0;2.0;1.0;;9;8;2019;10:05;1.0;17;17306;2;2.0;1.0;3.0;ROCHEFORT (DE)  (AVENUE);45,6489700; -1,0244500;3;733;0.0;;;2;0.0;1.0;38;850;1.0;;;1.0;0.0;1.0;50.0;Charente-Maritime;75;Nouvelle-Aquitaine
201900001455;138Â 303Â 816;B01;1.0;1;1.0;1.0;1946.0;5.0;1.0;0.0;;;0;;;1.0;7.0;0.0;2.0;3.0;15.0;1.0;;9;8;2019;10:05;1.0;17;17306;2;2.0;1.0;3.0;ROCHEFORT (DE)  (AVENUE);45,6489700; -1,0244500;3;733;0.0;;;2;0.0;1.0;38;850;1.0;;;1.0;0.0;1.0;50.0;Charente-Maritime;75;Nouvelle-Aquitaine
201900001456;138Â 303Â 814;A01;1.0;1;1.0;2.0;1995.0;9.0;8.0;0.0;;0.0;0;;;3.0;7.0;0.0;1.0;4.0;20.0;1.0;;5;6;2019;19:25;1.0;92;92050;2;1.0;2.0;6.0;PROVINCES FRANCAISES BD DES;48,9011930;2,2174950;4;PROVINCES FRANCAISES BD DES;0.0;;3.0;2;3.0;1.0;0;0;1.0;;;2.0;0.0;1.0;50.0;Hauts-de-Seine;11;Île-de-France
201900001456;138Â 303Â 814;A01;10.0;3;2.0;2.0;1979.0;0.0;8.0;0.0;;8.0;3;1.0;;3.0;7.0;0.0;1.0;4.0;20.0;1.0;;5;6;2019;19:25;1.0;92;92050;2;1.0;2.0;6.0;PROVINCES FRANCAISES BD DES;48,9011930;2,2174950;4;PROVINCES FRANCAISES BD DES;0.0;;3.0;2;3.0;1.0;0;0;1.0;;;2.0;0.0;1.0;50.0;Hauts-de-Seine;11;Île-de-France
201900001457;138Â 303Â 813;A01;1.0;1;2.0;2.0;1970.0;0.0;2.0;6.0;;0.0;0;;;3.0;31.0;0.0;2.0;6.0;15.0;1.0;;14;8;2019;17:40;1.0;17;17291;2;1.0;1.0;7.0;BELGIQUE  RUE;46,1792400; -1,1228300;4;BELGIQUE  RUE;0.0;;;2;0.0;1.0;0;0;2.0;;;1.0;0.0;1.0;50.0;Charente-Maritime;75;Nouvelle-Aquitaine
201900001458;138Â 303Â 811;B01;2.0;2;2.0;2.0;1979.0;1.0;1.0;0.0;;;0;;;1.0;7.0;0.0;2.0;4.0;23.0;1.0;;1;6;2019;14:00;1.0;92;92050;2;1.0;1.0;2.0;REPUBLIQUE AVENUE DE LA;48,9057850;2,2105090;3;986;0.0;;1.0;2;0.0;1.0;0;0;1.0;;;1.0;0.0;1.0;50.0;Hauts-de-Seine;11;Île-de-France
201900001458;138Â 303Â 811;B01;1.0;1;1.0;1.0;1976.0;5.0;1.0;0.0;;;0;;;1.0;7.0;0.0;2.0;4.0;23.0;1.0;;1;6;2019;14:00;1.0;92;92050;2;1.0;1.0;2.0;REPUBLIQUE AVENUE DE LA;48,9057850;2,2105090;3;986;0.0;;1.0;2;0.0;1.0;0;0;1.0;;;1.0;0.0;1.0;50.0;Hauts-de-Seine;11;Île-de-France