Num_Acc;id_vehicule;num_veh;place;catu;grav;sexe;an_nais;trajet;secu1;secu2;secu3;locp;actp;etatp;id_usager;senc;catv;obs;obsm;choc;manv;motor;occutc;jour;mois;an;hrmn;lum;dep;com;agg;int;atm;col;adr;lat;long;catr;voie;v1;v2;circ;nbv;vosp;prof;pr;pr1;plan;lartpc;larrout;surf;infra;situ;vma;nom_departement;reg;nom_region
201900001458;138Â 303Â 812;A01;1.0;1;1.0;1.0;1927.0;5.0;1.0;0.0;;;0;;;1.0;3.0;0.0;2.0;1.0;1.0;1.0;;1;6;2019;14:00;1.0;92;92050;2;1.0;1.0;2.0;REPUBLIQUE AVENUE DE LA;48,9057850;2,2105090;3;986;0.0;;1.0;2;0.0;1.0;0;0;1.0;;;1.0;0.0;1.0;50.0;Hauts-de-Seine;11;Île-de-France
201900001459;138Â 303Â 809;B01;1.0;1;3.0;1.0;1953.0;5.0;2.0;0.0;;;0;;;1.0;1.0;0.0;2.0;1.0;1.0;5.0;;13;8;2019;19:05;2.0;16;16102;2;2.0;1.0;1.0;Bd de JAVREZAC;45,6921600; -0,3448800;3;945;0.0;;2.0;2;0.0;1.0;52;650;1.0;0.0;7.0;1.0;0.0;1.0;50.0;Charente;75;Nouvelle-Aquitaine
201900001459;138Â 303Â 810;A01;1.0;1;1.0;1.0;1963.0;5.0;8.0;0.0;;;0;;;2.0;7.0;0.0;2.0;1.0;15.0;1.0;;13;8;2019;19:05;2.0;16;16102;2;2.0;1.0;1.0;Bd de JAVREZAC;45,6921600; -0,3448800;3;945;0.0;;2.0;2;0.0;1.0;52;650;1.0;0.0;7.0;1.0;0.0;1.0;50.0;Charente;75;Nouvelle-Aquitaine
201900001460;138Â 303Â 805;A01;1.0;1;1.0;1.0;1935.0;0.0;1.0;0.0;;;0;;;2.0;7.0;0.0;2.0;1.0;19.0;1.0;;31;5;2019;12:00;1.0;92;92050;2;2.0;1.0;4.0;VAILLANT COUTURIER PAUL RUE;48,8823000;2,2046200;3;3;0.0;;2.0;1;0.0;2.0;0;0;1.0;;;1.0;0.0;1.0;50.0;Hauts-de-Seine;11;Île-de-France
201900001460;138Â 303Â 806;B01;1.0;1;1.0;1.0;1940.0;9.0;1.0;0.0;;;0;;;2.0;7.0;0.0;2.0;4.0;0.0;1.0;;31;5;2019;12:00;1.0;92;92050;2;2.0;1.0;4.0;VAILLANT COUTURIER PAUL RUE;48,8823000;2,2046200;3;3;0.0;;2.0;1;0.0;2.0;0;0;1.0;;;1.0;0.0;1.0;50.0;Hauts-de-Seine;11;Île-de-France
201900001460;138Â 303Â 806;B01;2.0;2;2.0;2.0;1977.0;9.0;8.0;0.0;;;0;;;2.0;7.0;0.0;2.0;4.0;0.0;1.0;;31;5;2019;12:00;1.0;92;92050;2;2.0;1.0;4.0;VAILLANT COUTURIER PAUL RUE;48,8823000;2,2046200;3;3;0.0;;2.0;1;0.0;2.0;0;0;1.0;;;1.0;0.0;1.0;50.0;Hauts-de-Seine;11;Île-de-France
201900001460;138Â 303Â 807;C01;1.0;1;1.0;2.0;1976.0;0.0;1.0;0.0;;;0;;;2.0;7.0;0.0;2.0;4.0;0.0;1.0;;31;5;2019;12:00;1.0;92;92050;2;2.0;1.0;4.0;VAILLANT COUTURIER PAUL RUE;48,8823000;2,2046200;3;3;0.0;;2.0;1;0.0;2.0;0;0;1.0;;;1.0;0.0;1.0;50.0;Hauts-de-Seine;11;Île-de-France
201900001460;138Â 303Â 808;D01;1.0;1;1.0;1.0;1986.0;0.0;1.0;0.0;;;0;;;2.0;7.0;0.0;2.0;4.0;0.0;1.0;;31;5;2019;12:00;1.0;92;92050;2;2.0;1.0;4.0;VAILLANT COUTURIER PAUL RUE;48,8823000;2,2046200;3;3;0.0;;2.0;1;0.0;2.0;0;0;1.0;;;1.0;0.0;1.0;50.0;Hauts-de-Seine;11;Île-de-France
201900001461;138Â 303Â 800;A01;1.0;1;2.0;2.0;1962.0;1.0;1.0;0.0;0.0;;0;;;2.0;7.0;1.0;2.0;3.0;9.0;0.0;;13;6;2019;07:45;1.0;92;92020;2;1.0;1.0;5.0;LIBERTE BOULEVARD DE LA NÂ° PAIRS;48,8030500;2,2899000;3;72;0.0;;2.0;2;0.0;1.0;0;0;1.0;;;1.0;9.0;1.0;50.0;Hauts-de-Seine;11;Île-de-France
201900001461;138Â 303Â 802;C01;1.0;1;1.0;2.0;1973.0;1.0;1.0;0.0;;;0;;;1.0;7.0;0.0;2.0;8.0;23.0;0.0;;13;6;2019;07:45;1.0;92;92020;2;1.0;1.0;5.0;LIBERTE BOULEVARD DE LA NÂ° PAIRS;48,8030500;2,2899000;3;72;0.0;;2.0;2;0.0;1.0;0;0;1.0;;;1.0;9.0;1.0;50.0;Hauts-de-Seine;11;Île-de-France
201900001461;138Â 303Â 803;B01;1.0;1;1.0;1.0;1965.0;1.0;2.0;0.0;;;0;;;1.0;33.0;0.0;2.0;1.0;3.0;0.0;;13;6;2019;07:45;1.0;92;92020;2;1.0;1.0;5.0;LIBERTE BOULEVARD DE LA NÂ° PAIRS;48,8030500;2,2899000;3;72;0.0;;2.0;2;0.0;1.0;0;0;1.0;;;1.0;9.0;1.0;50.0;Hauts-de-Seine;11;Île-de-France
201900001462;138Â 303Â 798;B01;1.0;1;3.0;2.0;1967.0;1.0;2.0;8.0;;; -1;;;2.0;34.0;0.0;2.0;2.0;1.0;1.0;;13;6;2019;06:53;1.0;92;92049;2;2.0;8.0;3.0;BRIAND AVENUE ARISTIDE NÂ°1 A 129;48,8175000;2,3256000;3;920;0.0;;3.0;6;0.0;1.0;0;1;1.0;;;1.0;0.0;1.0;50.0;Hauts-de-Seine;11;Île-de-France
201900001462;138Â 303Â 799;A01;1.0;1;1.0;1.0;1998.0;0.0;1.0;0.0;;; -1;;;2.0;7.0;0.0;2.0;8.0;15.0;1.0;;13;6;2019;06:53;1.0;92;92049;2;2.0;8.0;3.0;BRIAND AVENUE ARISTIDE NÂ°1 A 129;48,8175000;2,3256000;3;920;0.0;;3.0;6;0.0;1.0;0;1;1.0;;;1.0;0.0;1.0;50.0;Hauts-de-Seine;11;Île-de-France
201900001463;138Â 303Â 796;A01;1.0;1;1.0;1.0;1973.0;5.0;1.0;5.0;;;0;;;1.0;7.0;0.0;2.0;1.0;1.0;1.0;;10;6;2019;19:30;1.0;92;92049;2;2.0;1.0;3.0;GINOUX AVENUE HENRI AUTRES NÂ°;48,8120100;2,3189600;4;GINOUX AVENUE HENRI AUTRES NÂ°;0.0;;1.0;2;2.0;1.0;0;1;1.0;;;1.0;0.0;1.0;50.0;Hauts-de-Seine;11;Île-de-France
201900001463;138Â 303Â 797;B01;2.0;2;2.0;1.0;2016.0;0.0;1.0;0.0;;;0;;;1.0;7.0;0.0;2.0;8.0;0.0;0.0;;10;6;2019;19:30;1.0;92;92049;2;2.0;1.0;3.0;GINOUX AVENUE HENRI AUTRES NÂ°;48,8120100;2,3189600;4;GINOUX AVENUE HENRI AUTRES NÂ°;0.0;;1.0;2;2.0;1.0;0;1;1.0;;;1.0;0.0;1.0;50.0;Hauts-de-Seine;11;Île-de-France
201900001463;138Â 303Â 797;B01;1.0;1;1.0;2.0;1984.0;0.0;1.0;0.0;;;0;;;1.0;7.0;0.0;2.0;8.0;0.0;0.0;;10;6;2019;19:30;1.0;92;92049;2;2.0;1.0;3.0;GINOUX AVENUE HENRI AUTRES NÂ°;48,8120100;2,3189600;4;GINOUX AVENUE HENRI AUTRES NÂ°;0.0;;1.0;2;2.0;1.0;0;1;1.0;;;1.0;0.0;1.0;50.0;Hauts-de-Seine;11;Île-de-France
201900001464;138Â 303Â 795;A01;1.0;1;1.0;1.0;1990.0;5.0;1.0;0.0;;;0;;;1.0;7.0;0.0;1.0;2.0;1.0;1.0;;8;6;2019;19:55;1.0;92;92049;2;1.0;1.0;6.0;GAMBETTA AVENUE LEON NÂ° IMPAIRS;48,8135900;2,3242100;4;GAMBETTA AVENUE LEON NÂ° IMPAIRS;0.0;;2.0;2;0.0;1.0;0;0;1.0;;;1.0;0.0;1.0;50.0;Hauts-de-Seine;11;Île-de-France
201900001464;138Â 303Â 795;A01;10.0;3;2.0;1.0;2017.0;5.0;8.0;0.0;;2.0;3;2.0;;1.0;7.0;0.0;1.0;2.0;1.0;1.0;;8;6;2019;19:55;1.0;92;92049;2;1.0;1.0;6.0;GAMBETTA AVENUE LEON NÂ° IMPAIRS;48,8135900;2,3242100;4;GAMBETTA AVENUE LEON NÂ° IMPAIRS;0.0;;2.0;2;0.0;1.0;0;0;1.0;;;1.0;0.0;1.0;50.0;Hauts-de-Seine;11;Île-de-France
201900001465;138Â 303Â 794;A01;10.0;3;3.0;2.0;1973.0;5.0;8.0;0.0;;3.0;3;1.0;;3.0;7.0;0.0;1.0;1.0;15.0;1.0;;13;8;2019;14:15;1.0;14;14366;2;3.0;3.0;6.0;CONDORCET (RUE);49,1463342;0,2254670;4;CONDORCET (RUE);0.0;;1.0;1;0.0;1.0;0;0;1.0;;;2.0;0.0;1.0;50.0;Calvados;28;Normandie
201900001465;138Â 303Â 794;A01;1.0;1;1.0;1.0;1996.0;5.0;1.0;0.0;;0.0;0;;;3.0;7.0;0.0;1.0;1.0;15.0;1.0;;13;8;2019;14:15;1.0;14;14366;2;3.0;3.0;6.0;CONDORCET (RUE);49,1463342;0,2254670;4;CONDORCET (RUE);0.0;;1.0;1;0.0;1.0;0;0;1.0;;;2.0;0.0;1.0;50.0;Calvados;28;Normandie
201900001466;138Â 303Â 793;A01;10.0;3;2.0;2.0;1952.0;5.0;8.0;0.0;;2.0;3;1.0;;2.0;7.0;0.0;1.0;1.0;15.0;1.0;;7;6;2019;14:55;1.0;92;92049;2;1.0;1.0;6.0;PERI RUE GABRIEL NÂ°2 A 36;48,8179100;2,3225600;3;50;0.0;;2.0;3;0.0;1.0;0;0;1.0;;;1.0;0.0;1.0;50.0;Hauts-de-Seine;11;Île-de-France
201900001466;138Â 303Â 793;A01;1.0;1;1.0;1.0;1934.0;5.0;1.0;8.0;;;0;;;2.0;7.0;0.0;1.0;1.0;15.0;1.0;;7;6;2019;14:55;1.0;92;92049;2;1.0;1.0;6.0;PERI RUE GABRIEL NÂ°2 A 36;48,8179100;2,3225600;3;50;0.0;;2.0;3;0.0;1.0;0;0;1.0;;;1.0;0.0;1.0;50.0;Hauts-de-Seine;11;Île-de-France
201900001467;138Â 303Â 790;A01;1.0;1;1.0;1.0;2000.0;5.0;1.0;0.0;;0.0;0;;;1.0;7.0;0.0;2.0;1.0;15.0;1.0;;16;8;2019;18:30;1.0;14;14304;1;2.0;1.0;1.0;CD  579;49,3822100;0,2400000;3;579;0.0;;2.0;3;0.0;1.0;0;1;1.0;;;1.0;5.0;1.0;80.0;Calvados;28;Normandie
201900001467;138Â 303Â 792;B01;1.0;1;2.0;1.0;1996.0;5.0;2.0;0.0;;0.0;0;;;2.0;33.0;0.0;2.0;1.0;1.0;1.0;;16;8;2019;18:30;1.0;14;14304;1;2.0;1.0;1.0;CD  579;49,3822100;0,2400000;3;579;0.0;;2.0;3;0.0;1.0;0;1;1.0;;;1.0;5.0;1.0;80.0;Calvados;28;Normandie
201900001468;138Â 303Â 789;B01;1.0;1;2.0;1.0;1985.0;5.0;2.0;8.0;;;0;;;2.0;2.0;0.0;2.0;1.0;1.0;1.0;;14;6;2019;09:45;1.0;92;92048;2;1.0;1.0;3.0;REPUBLIQUE (RUE DE LA) NÂ° 47 A 85;48,8060440;2,2357642;3;406;0.0;;2.0;2;0.0;1.0;0;0;1.0;;;1.0;0.0;1.0;50.0;Hauts-de-Seine;11;Île-de-France
201900001468;138Â 303Â 791;A01;1.0;1;1.0;2.0;1981.0;1.0;1.0;0.0;;;0;;;2.0;7.0;0.0;2.0;3.0;20.0;1.0;;14;6;2019;09:45;1.0;92;92048;2;1.0;1.0;3.0;REPUBLIQUE (RUE DE LA) NÂ° 47 A 85;48,8060440;2,2357642;3;406;0.0;;2.0;2;0.0;1.0;0;0;1.0;;;1.0;0.0;1.0;50.0;Hauts-de-Seine;11;Île-de-France
201900001469;138Â 303Â 787;A01;1.0;1;2.0;1.0;1962.0;0.0;1.0;0.0;;; -1;;;2.0;7.0;13.0;0.0;1.0;14.0;1.0;;14;8;2019;21:40;3.0;14;14271;1;1.0;1.0;6.0;ECHANGEUR NÂ° 10 ( ETERVILLE );49,1554648; -0,4221192;2;814;0.0;;3.0;4;0.0;1.0;15;633;1.0;;;1.0;0.0;1.0;110.0;Calvados;28;Normandie
201900001470;138Â 303Â 786;A01;1.0;1;2.0;1.0;1993.0;5.0;2.0;6.0;;; -1;;;1.0;31.0;0.0;2.0;1.0;17.0;1.0;;10;6;2019;07:57;1.0;92;92048;2;1.0;8.0;1.0;GARDES (ROUTE DES) NÂ° 5 A 51;48,8188000;2,2378000;3;181;0.0;;2.0;2;0.0;2.0;0;0;1.0;;;2.0;0.0;1.0;50.0;Hauts-de-Seine;11;Île-de-France
201900001470;138Â 303Â 788;B01;1.0;1;1.0;1.0;1992.0;5.0;1.0;0.0;;; -1;;;2.0;7.0;0.0;2.0;1.0;1.0;1.0;;10;6;2019;07:57;1.0;92;92048;2;1.0;8.0;1.0;GARDES (ROUTE DES) NÂ° 5 A 51;48,8188000;2,2378000;3;181;0.0;;2.0;2;0.0;2.0;0;0;1.0;;;2.0;0.0;1.0;50.0;Hauts-de-Seine;11;Île-de-France
201900001471;138Â 303Â 783;A01;1.0;1;1.0;1.0;1970.0;;0.0;;;0.0;0;;;1.0;7.0;0.0;2.0;1.0;1.0;1.0;;8;8;2019;09:10;1.0;14;14118;2;3.0;1.0;3.0;FALAISE (RUE DE  - 90 PAIR 95 IMPAIR);49,1725600; -0,3545300;4;FALAISE (RUE DE  - 90 PAIR 95 IMPAIR);;;2.0;;;2.0;(1);(1);1.0;;;1.0;0.0;1.0;;Calvados;28;Normandie
201900001471;138Â 303Â 785;B01;1.0;1;2.0;1.0;1978.0;;0.0;;;0.0;0;;;1.0;1.0;0.0;0.0;0.0;1.0;5.0;;8;8;2019;09:10;1.0;14;14118;2;3.0;1.0;3.0;FALAISE (RUE DE  - 90 PAIR 95 IMPAIR);49,1725600; -0,3545300;4;FALAISE (RUE DE  - 90 PAIR 95 IMPAIR);;;2.0;;;2.0;(1);(1);1.0;;;1.0;0.0;1.0;;Calvados;28;Normandie
201900001472;138Â 303Â 782;A01;1.0;1;1.0;1.0;1933.0;5.0;1.0;8.0;;; -1;;;2.0;7.0;0.0;2.0;2.0;2.0;1.0;;3;6;2019;14:40;1.0;92;92048;2;1.0;2.0;2.0;GARDES (ROUTE DES) NÂ° 55 A 87;48,8165100;2,2269300;3;181;0.0;;2.0;2;0.0;1.0;0;0;1.0;;;2.0;0.0;1.0;50.0;Hauts-de-Seine;11;Île-de-France
201900001472;138Â 303Â 784;B01;1.0;1;2.0;1.0;1982.0;1.0;2.0;8.0;;; -1;;;2.0;33.0;0.0;2.0;4.0;2.0;1.0;;3;6;2019;14:40;1.0;92;92048;2;1.0;2.0;2.0;GARDES (ROUTE DES) NÂ° 55 A 87;48,8165100;2,2269300;3;181;0.0;;2.0;2;0.0;1.0;0;0;1.0;;;2.0;0.0;1.0;50.0;Hauts-de-Seine;11;Île-de-France
201900001473;138Â 303Â 780;A01;4.0;2;2.0;2.0;1997.0;0.0;1.0;0.0;;; -1;;;0.0;7.0;14.0;0.0;1.0;6.0;1.0;;15;8;2019;21:30;3.0;13;13039;1;1.0;1.0;6.0;FENOUILLERE (Chemin de la);43,4620226;4,9191043;2;568;0.0;;3.0;4;0.0;1.0;0;0;3.0;;;1.0;0.0;1.0;90.0;Bouches-du-Rhône;93;Provence-Alpes-Côte d'Azur
201900001473;138Â 303Â 780;A01;3.0;2;2.0;2.0;2003.0;0.0;1.0;0.0;;; -1;;;0.0;7.0;14.0;0.0;1.0;6.0;1.0;;15;8;2019;21:30;3.0;13;13039;1;1.0;1.0;6.0;FENOUILLERE (Chemin de la);43,4620226;4,9191043;2;568;0.0;;3.0;4;0.0;1.0;0;0;3.0;;;1.0;0.0;1.0;90.0;Bouches-du-Rhône;93;Provence-Alpes-Côte d'Azur
201900001473;138Â 303Â 780;A01;2.0;2;2.0;2.0;2000.0;0.0;1.0;0.0;;; -1;;;0.0;7.0;14.0;0.0;1.0;6.0;1.0;;15;8;2019;21:30;3.0;13;13039;1;1.0;1.0;6.0;FENOUILLERE (Chemin de la);43,4620226;4,9191043;2;568;0.0;;3.0;4;0.0;1.0;0;0;3.0;;;1.0;0.0;1.0;90.0;Bouches-du-Rhône;93;Provence-Alpes-Côte d'Azur
201900001473;138Â 303Â 780;A01;2.0;1;2.0;2.0;2000.0;0.0;1.0;0.0;;; -1;;;0.0;7.0;14.0;0.0;1.0;6.0;1.0;;15;8;2019;21:30;3.0;13;13039;1;1.0;1.0;6.0;FENOUILLERE (Chemin de la);43,4620226;4,9191043;2;568;0.0;;3.0;4;0.0;1.0;0;0;3.0;;;1.0;0.0;1.0;90.0;Bouches-du-Rhône;93;Provence-Alpes-Côte d'Azur
201900001474;138Â 303Â 781;A01;10.0;3;2.0;2.0;1944.0;0.0;0.0;0.0;0.0;4.0;3;1.0;;2.0;7.0;0.0;1.0;1.0;15.0;1.0;;3;6;2019;10:55;1.0;92;92048;2;3.0;2.0;6.0;MAL DE LATTRE DE TASSIGNY (AVENUE);48,7857500;2,2292100;4;MAL DE LATTRE DE TASSIGNY (AVENUE);0.0;;2.0;2;0.0;1.0;0;0;1.0;;;1.0;0.0;1.0;50.0;Hauts-de-Seine;11;Île-de-France
201900001474;138Â 303Â 781;A01;1.0;1;1.0;2.0;1927.0;5.0;1.0;8.0;;;0;;;2.0;7.0;0.0;1.0;1.0;15.0;1.0;;3;6;2019;10:55;1.0;92;92048;2;3.0;2.0;6.0;MAL DE LATTRE DE TASSIGNY (AVENUE);48,7857500;2,2292100;4;MAL DE LATTRE DE TASSIGNY (AVENUE);0.0;;2.0;2;0.0;1.0;0;0;1.0;;;1.0;0.0;1.0;50.0;Hauts-de-Seine;11;Île-de-France
201900001475;138Â 303Â 777;A01;1.0;1;1.0;1.0;1974.0;5.0;1.0;0.0;;0.0;0;;;2.0;7.0;0.0;2.0;1.0;2.0;1.0;;17;8;2019;17:35;1.0;13;13204;2;1.0;1.0;2.0;LIBERATION (BOULEVARD);43,3022800;5,3947500;4;LIBERATION (BOULEVARD);0.0;;2.0;2;0.0;1.0;0;0;1.0;;;1.0;0.0;1.0;50.0;Bouches-du-Rhône;93;Provence-Alpes-Côte d'Azur
201900001475;138Â 303Â 778;B01;2.0;2;2.0;1.0;1996.0;5.0;1.0;8.0;;0.0;0;;;2.0;7.0;0.0;2.0;4.0;2.0;1.0;;17;8;2019;17:35;1.0;13;13204;2;1.0;1.0;2.0;LIBERATION (BOULEVARD);43,3022800;5,3947500;4;LIBERATION (BOULEVARD);0.0;;2.0;2;0.0;1.0;0;0;1.0;;;1.0;0.0;1.0;50.0;Bouches-du-Rhône;93;Provence-Alpes-Côte d'Azur
201900001475;138Â 303Â 778;B01;3.0;2;2.0;1.0;1997.0;5.0;1.0;0.0;;0.0;0;;;2.0;7.0;0.0;2.0;4.0;2.0;1.0;;17;8;2019;17:35;1.0;13;13204;2;1.0;1.0;2.0;LIBERATION (BOULEVARD);43,3022800;5,3947500;4;LIBERATION (BOULEVARD);0.0;;2.0;2;0.0;1.0;0;0;1.0;;;1.0;0.0;1.0;50.0;Bouches-du-Rhône;93;Provence-Alpes-Côte d'Azur
201900001475;138Â 303Â 778;B01;1.0;1;1.0;1.0;1997.0;5.0;1.0;0.0;;0.0;0;;;2.0;7.0;0.0;2.0;4.0;2.0;1.0;;17;8;2019;17:35;1.0;13;13204;2;1.0;1.0;2.0;LIBERATION (BOULEVARD);43,3022800;5,3947500;4;LIBERATION (BOULEVARD);0.0;;2.0;2;0.0;1.0;0;0;1.0;;;1.0;0.0;1.0;50.0;Bouches-du-Rhône;93;Provence-Alpes-Côte d'Azur
201900001476;138Â 303Â 776;B01;1.0;1;1.0;1.0;1973.0;4.0;1.0;8.0;;; -1;;;2.0;10.0;0.0;2.0;1.0;1.0;1.0;;19;6;2019;14:40;1.0;92;92044;2;2.0;1.0;3.0;KLEBER (RUE);48,8925282;2,2794899;4;CHAPTAL(RUE) 81+ ET 66+;0.0;;1.0;1;0.0;1.0;0;0;1.0;;;1.0;5.0;1.0;50.0;Hauts-de-Seine;11;Île-de-France
201900001476;138Â 303Â 779;A01;1.0;1;2.0;1.0;1992.0;5.0;2.0;0.0;;; -1;;;2.0;1.0;0.0;2.0;7.0;1.0;5.0;;19;6;2019;14:40;1.0;92;92044;2;2.0;1.0;3.0;KLEBER (RUE);48,8925282;2,2794899;4;CHAPTAL(RUE) 81+ ET 66+;0.0;;1.0;1;0.0;1.0;0;0;1.0;;;1.0;5.0;1.0;50.0;Hauts-de-Seine;11;Île-de-France
201900001477;138Â 303Â 774;B01;1.0;1;2.0;1.0;1996.0;4.0;2.0;6.0;;0.0;0;;;1.0;2.0;0.0;2.0;1.0;1.0;1.0;;16;8;2019;22:10;5.0;13;13208;2;1.0;1.0;6.0;MAZARGUES (AVENUE DE);43,2669700;5,3896500;4;MAZARGUES (AVENUE DE);0.0;;2.0;2;0.0;2.0;0;0;1.0;;;1.0;0.0;1.0;50.0;Bouches-du-Rhône;93;Provence-Alpes-Côte d'Azur
201900001478;138Â 303Â 773;A01;2.0;2;1.0;2.0;2005.0;2.0;1.0;0.0;;0.0;0;;;2.0;7.0;0.0;1.0;2.0;2.0;1.0;;21;1;2019;08:02;2.0;92;92044;2;3.0;1.0;6.0;GABRIEL PERI(RUE) 1A23 ET 2A36;48,8889900;2,2905000;4;ARISTIDE BRIAND(RUE)1A49 ET 2A52;0.0;;1.0;2;0.0;1.0;0;0;1.0;;;1.0;0.0;1.0;50.0;Hauts-de-Seine;11;Île-de-France
201900001478;138Â 303Â 773;A01;1.0;1;1.0;2.0;1966.0;2.0;1.0;0.0;;0.0;0;;;2.0;7.0;0.0;1.0;2.0;2.0;1.0;;21;1;2019;08:02;2.0;92;92044;2;3.0;1.0;6.0;GABRIEL PERI(RUE) 1A23 ET 2A36;48,8889900;2,2905000;4;ARISTIDE BRIAND(RUE)1A49 ET 2A52;0.0;;1.0;2;0.0;1.0;0;0;1.0;;;1.0;0.0;1.0;50.0;Hauts-de-Seine;11;Île-de-France
201900001478;138Â 303Â 773;A01;10.0;3;2.0;2.0;1970.0;1.0;8.0;0.0;;3.0;3;1.0;;2.0;7.0;0.0;1.0;2.0;2.0;1.0;;21;1;2019;08:02;2.0;92;92044;2;3.0;1.0;6.0;GABRIEL PERI(RUE) 1A23 ET 2A36;48,8889900;2,2905000;4;ARISTIDE BRIAND(RUE)1A49 ET 2A52;0.0;;1.0;2;0.0;1.0;0;0;1.0;;;1.0;0.0;1.0;50.0;Hauts-de-Seine;11;Île-de-France
201900001479;138Â 303Â 771;B01;1.0;1;1.0;2.0;1993.0;1.0;1.0;0.0;;0.0;0;;;1.0;37.0;0.0;2.0;3.0;7.0;1.0;4.0;16;8;2019;19:30;1.0;13;13208;2;1.0;1.0;3.0;MENDES FRANCE (AVENUE);43,2559000;5,3766600;4;MENDES FRANCE (AVENUE);0.0;;1.0;6;3.0;1.0;0;0;1.0;;;1.0;0.0;1.0;50.0;Bouches-du-Rhône;93;Provence-Alpes-Côte d'Azur
201900001479;138Â 303Â 771;B01;4.0;2;2.0;2.0;1969.0;0.0;1.0;0.0;;0.0;0;;;1.0;37.0;0.0;2.0;3.0;7.0;1.0;4.0;16;8;2019;19:30;1.0;13;13208;2;1.0;1.0;3.0;MENDES FRANCE (AVENUE);43,2559000;5,3766600;4;MENDES FRANCE (AVENUE);0.0;;1.0;6;3.0;1.0;0;0;1.0;;;1.0;0.0;1.0;50.0;Bouches-du-Rhône;93;Provence-Alpes-Côte d'Azur
201900001479;138Â 303Â 771;B01;7.0;2;2.0;1.0;2002.0;5.0;8.0;0.0;;0.0;0;;;1.0;37.0;0.0;2.0;3.0;7.0;1.0;4.0;16;8;2019;19:30;1.0;13;13208;2;1.0;1.0;3.0;MENDES FRANCE (AVENUE);43,2559000;5,3766600;4;MENDES FRANCE (AVENUE);0.0;;1.0;6;3.0;1.0;0;0;1.0;;;1.0;0.0;1.0;50.0;Bouches-du-Rhône;93;Provence-Alpes-Côte d'Azur
201900001479;138Â 303Â 771;B01;7.0;2;2.0;2.0;1990.0;5.0;8.0;0.0;;0.0;0;;;1.0;37.0;0.0;2.0;3.0;7.0;1.0;4.0;16;8;2019;19:30;1.0;13;13208;2;1.0;1.0;3.0;MENDES FRANCE (AVENUE);43,2559000;5,3766600;4;MENDES FRANCE (AVENUE);0.0;;1.0;6;3.0;1.0;0;0;1.0;;;1.0;0.0;1.0;50.0;Bouches-du-Rhône;93;Provence-Alpes-Côte d'Azur
201900001479;138Â 303Â 772;A01;1.0;1;1.0;1.0;1962.0;5.0;1.0;8.0;;0.0;0;;;1.0;7.0;0.0;2.0;2.0;16.0;1.0;;16;8;2019;19:30;1.0;13;13208;2;1.0;1.0;3.0;MENDES FRANCE (AVENUE);43,2559000;5,3766600;4;MENDES FRANCE (AVENUE);0.0;;1.0;6;3.0;1.0;0;0;1.0;;;1.0;0.0;1.0;50.0;Bouches-du-Rhône;93;Provence-Alpes-Côte d'Azur
201900001480;138Â 303Â 770;A01;1.0;1;4.0;1.0;1967.0;1.0;2.0;0.0;;0.0;0;;;1.0;33.0;8.0;0.0;1.0;26.0;0.0;;16;8;2019;17:20;1.0;13;13215;2;1.0;1.0;6.0;VISTE (AVENUE DE LA);43,3599410;5,3575980;4;VISTE (AVENUE DE LA);0.0;;2.0;0;0.0;2.0;0;0;1.0;;;1.0;6.0;1.0;50.0;Bouches-du-Rhône;93;Provence-Alpes-Côte d'Azur
201900001481;138Â 303Â 768;B01;1.0;1;2.0;1.0;2001.0;5.0;1.0;0.0;;;0;;;1.0;7.0;0.0;2.0;1.0;1.0;0.0;;9;6;2019;20:22;1.0;92;92044;2;2.0;1.0;3.0;PDT WILSON(RUE)23A49 ET 26A52;48,8921392;2,2903164;4;PDT WILSON(RUE)23A49 ET 26A52;0.0;;1.0;2;0.0;1.0;0;0;1.0;;;1.0;0.0;1.0;50.0;Hauts-de-Seine;11;Île-de-France
201900001481;138Â 303Â 769;A01;1.0;1;2.0;1.0;1996.0;4.0;2.0;6.0;;;0;;;1.0;2.0;0.0;2.0;0.0;1.0;1.0;;9;6;2019;20:22;1.0;92;92044;2;2.0;1.0;3.0;PDT WILSON(RUE)23A49 ET 26A52;48,8921392;2,2903164;4;PDT WILSON(RUE)23A49 ET 26A52;0.0;;1.0;2;0.0;1.0;0;0;1.0;;;1.0;0.0;1.0;50.0;Hauts-de-Seine;11;Île-de-France
201900001482;138Â 303Â 766;A01;1.0;1;2.0;1.0;1984.0;5.0;1.0;0.0;;0.0;0;;;1.0;7.0;0.0;2.0;1.0;1.0;1.0;;16;8;2019;17:25;1.0;13;13202;2;1.0;1.0;2.0;REPUBLIQUE (RUE DE LA);43,3041150;5,3678110;4;REPUBLIQUE (RUE DE LA);0.0;;2.0;2;0.0;1.0;0;0;1.0;;;1.0;4.0;1.0;50.0;Bouches-du-Rhône;93;Provence-Alpes-Côte d'Azur
201900001483;138Â 303Â 762;B01;1.0;1;3.0;1.0;1973.0;0.0;2.0;0.0;;; -1;;;3.0;30.0;0.0;2.0;1.0;9.0;1.0;;16;8;2019;16:20;1.0;13;13213;2;9.0;1.0;1.0;VALDONNE (AVENUE DE);43,3244200;5,4154900;4;VALDONNE (AVENUE DE);0.0;;2.0;2;0.0;2.0;0;0;2.0;;;1.0;0.0;1.0;50.0;Bouches-du-Rhône;93;Provence-Alpes-Côte d'Azur
201900001483;138Â 303Â 764;A01;1.0;1;1.0;1.0;1987.0;4.0;1.0;0.0;;; -1;;;3.0;37.0;0.0;2.0;3.0;15.0;1.0;1.0;16;8;2019;16:20;1.0;13;13213;2;9.0;1.0;1.0;VALDONNE (AVENUE DE);43,3244200;5,4154900;4;VALDONNE (AVENUE DE);0.0;;2.0;2;0.0;2.0;0;0;2.0;;;1.0;0.0;1.0;50.0;Bouches-du-Rhône;93;Provence-Alpes-Côte d'Azur