Num_Acc;id_vehicule;num_veh;place;catu;grav;sexe;an_nais;trajet;secu1;secu2;secu3;locp;actp;etatp;id_usager;senc;catv;obs;obsm;choc;manv;motor;occutc;jour;mois;an;hrmn;lum;dep;com;agg;int;atm;col;adr;lat;long;catr;voie;v1;v2;circ;nbv;vosp;prof;pr;pr1;plan;lartpc;larrout;surf;infra;situ;vma;nom_departement;reg;nom_region
201900001484;138Â 303Â 760;B01;1.0;1;1.0;2.0;1964.0;0.0;1.0;8.0;;; -1;;;1.0;7.0;0.0;2.0;4.0;0.0;1.0;;16;8;2019;12:50;1.0;13;13002;2;1.0;1.0;2.0;GÃNÃRAL DE GAULLE (AVENUE DU);43,3397600;5,4824800;4;GÃNÃRAL DE GAULLE (AVENUE DU);0.0;;2.0;2;0.0;1.0;0;0;1.0;;;1.0;0.0;1.0;30.0;Bouches-du-Rhône;93;Provence-Alpes-Côte d'Azur
201900001484;138Â 303Â 761;A01;1.0;1;2.0;2.0;1997.0;1.0;1.0;8.0;;; -1;;;1.0;7.0;0.0;2.0;1.0;2.0;1.0;;16;8;2019;12:50;1.0;13;13002;2;1.0;1.0;2.0;GÃNÃRAL DE GAULLE (AVENUE DU);43,3397600;5,4824800;4;GÃNÃRAL DE GAULLE (AVENUE DU);0.0;;2.0;2;0.0;1.0;0;0;1.0;;;1.0;0.0;1.0;30.0;Bouches-du-Rhône;93;Provence-Alpes-Côte d'Azur
201900001485;138Â 303Â 759;A01;10.0;3;2.0;1.0;1935.0;5.0;8.0;0.0;;4.0;3;1.0;;2.0;7.0;0.0;1.0;2.0;15.0;1.0;;16;8;2019;10:00;1.0;13;13210;2;1.0;1.0;6.0;ROMAIN ROLLAND (BOULEVARD);43,2710510;5,4086800;4;ROMAIN ROLLAND (BOULEVARD);0.0;;2.0;2;0.0;1.0;0;0;1.0;;;1.0;0.0;1.0;50.0;Bouches-du-Rhône;93;Provence-Alpes-Côte d'Azur
201900001485;138Â 303Â 759;A01;1.0;1;1.0;1.0;1951.0;5.0;1.0;0.0;;; -1;;;2.0;7.0;0.0;1.0;2.0;15.0;1.0;;16;8;2019;10:00;1.0;13;13210;2;1.0;1.0;6.0;ROMAIN ROLLAND (BOULEVARD);43,2710510;5,4086800;4;ROMAIN ROLLAND (BOULEVARD);0.0;;2.0;2;0.0;1.0;0;0;1.0;;;1.0;0.0;1.0;50.0;Bouches-du-Rhône;93;Provence-Alpes-Côte d'Azur
201900001486;138Â 303Â 758;A01;10.0;3;2.0;1.0;1974.0;5.0;8.0;0.0;;6.0;A;1.0;;1.0;7.0;1.0;0.0;3.0;13.0;1.0;;15;8;2019;22:30;5.0;13;13216;2;1.0;1.0;6.0;JEAN LABRO (BOULEVARD);43,3546500;5,3410800;4;JEAN LABRO (BOULEVARD);0.0;;2.0;1;0.0;2.0;0;0;1.0;;;1.0;0.0;1.0;50.0;Bouches-du-Rhône;93;Provence-Alpes-Côte d'Azur
201900001486;138Â 303Â 758;A01;1.0;1;1.0;1.0;1965.0;5.0;1.0;0.0;;; -1;;;1.0;7.0;1.0;0.0;3.0;13.0;1.0;;15;8;2019;22:30;5.0;13;13216;2;1.0;1.0;6.0;JEAN LABRO (BOULEVARD);43,3546500;5,3410800;4;JEAN LABRO (BOULEVARD);0.0;;2.0;1;0.0;2.0;0;0;1.0;;;1.0;0.0;1.0;50.0;Bouches-du-Rhône;93;Provence-Alpes-Côte d'Azur
201900001487;138Â 303Â 763;A01;1.0;1;2.0;1.0;1987.0;1.0;2.0;0.0;;; -1;;;2.0;33.0;15.0;0.0;1.0;16.0;1.0;;6;6;2019;20:25;2.0;92;92044;2;3.0;1.0;3.0;JEAN JAURES(RUE) 1A55 ET 2A54;48,8910828;2,2922625;4;JEAN JAURES(RUE) 1A55 ET 2A54;0.0;;2.0;0;0.0;1.0;0;0;1.0;;;1.0;0.0;1.0;50.0;Hauts-de-Seine;11;Île-de-France
201900001487;138Â 303Â 765;B01;1.0;1;1.0;1.0;1985.0;4.0;1.0;0.0;;; -1;;;2.0;7.0;15.0;0.0;5.0;16.0;2.0;;6;6;2019;20:25;2.0;92;92044;2;3.0;1.0;3.0;JEAN JAURES(RUE) 1A55 ET 2A54;48,8910828;2,2922625;4;JEAN JAURES(RUE) 1A55 ET 2A54;0.0;;2.0;0;0.0;1.0;0;0;1.0;;;1.0;0.0;1.0;50.0;Hauts-de-Seine;11;Île-de-France
201900001487;138Â 303Â 765;B01;3.0;2;1.0;2.0;1989.0;9.0;1.0;0.0;;;0;;;2.0;7.0;15.0;0.0;5.0;16.0;2.0;;6;6;2019;20:25;2.0;92;92044;2;3.0;1.0;3.0;JEAN JAURES(RUE) 1A55 ET 2A54;48,8910828;2,2922625;4;JEAN JAURES(RUE) 1A55 ET 2A54;0.0;;2.0;0;0.0;1.0;0;0;1.0;;;1.0;0.0;1.0;50.0;Hauts-de-Seine;11;Île-de-France
201900001488;138Â 303Â 756;A01;1.0;1;3.0;1.0;1953.0;5.0;2.0;6.0;;; -1;;;2.0;34.0;7.0;6.0;3.0;9.0;1.0;;15;8;2019;19:40;1.0;13;13002;2;1.0;1.0;6.0;JEAN GIONO (AVENUE);43,3356100;5,4772200;4;JEAN GIONO (AVENUE);0.0;;2.0;2;0.0;2.0;0;0;3.0;;;1.0;0.0;1.0;50.0;Bouches-du-Rhône;93;Provence-Alpes-Côte d'Azur
201900001489;138Â 303Â 755;A01;1.0;1;2.0;1.0;1986.0;1.0;2.0;0.0;;;0;;;1.0;32.0;0.0;0.0;0.0;21.0;0.0;;9;4;2019;18:30;1.0;92;92044;2;2.0;1.0;7.0;VICTOR HUGO (RUE);48,8959294;2,2965016;3;909;0.0;;1.0;2;0.0;1.0;0;0;1.0;;;1.0;0.0;1.0;50.0;Hauts-de-Seine;11;Île-de-France
201900001490;138Â 303Â 753;B01;1.0;1;1.0;1.0;1990.0;0.0;1.0;0.0;;; -1;;;1.0;7.0;0.0;2.0;5.0;2.0;1.0;;15;8;2019;11:00;1.0;13;13208;2;1.0;1.0;2.0;PRADO (contre allÃ©e);43,2800000;5,3800000;4;PRADO (contre allÃ©e);0.0;;1.0;2;0.0;1.0;0;0;1.0;;;1.0;0.0;1.0;50.0;Bouches-du-Rhône;93;Provence-Alpes-Côte d'Azur
201900001490;138Â 303Â 754;A01;2.0;1;2.0;1.0;1992.0;0.0;2.0;0.0;;; -1;;;1.0;30.0;0.0;2.0;1.0;2.0;1.0;;15;8;2019;11:00;1.0;13;13208;2;1.0;1.0;2.0;PRADO (contre allÃ©e);43,2800000;5,3800000;4;PRADO (contre allÃ©e);0.0;;1.0;2;0.0;1.0;0;0;1.0;;;1.0;0.0;1.0;50.0;Bouches-du-Rhône;93;Provence-Alpes-Côte d'Azur
201900001491;138Â 303Â 751;B01;1.0;1;2.0;1.0;1995.0;0.0;1.0;8.0;;;0;;;2.0;3.0;15.0;2.0;4.0;1.0;0.0;;13;6;2019;20:10;1.0;92;92040;2;1.0;1.0;2.0;GALLIENI (BOULEVARD);48,8316700;2,2672000;3;69;0.0;;2.0;2;0.0;1.0;0;0;1.0;;;1.0;0.0;1.0;50.0;Hauts-de-Seine;11;Île-de-France
201900001491;138Â 303Â 751;B01;2.0;2;2.0;2.0;1996.0;0.0;1.0;0.0;;;0;;;2.0;3.0;15.0;2.0;4.0;1.0;0.0;;13;6;2019;20:10;1.0;92;92040;2;1.0;1.0;2.0;GALLIENI (BOULEVARD);48,8316700;2,2672000;3;69;0.0;;2.0;2;0.0;1.0;0;0;1.0;;;1.0;0.0;1.0;50.0;Hauts-de-Seine;11;Île-de-France
201900001491;138Â 303Â 752;A01;1.0;1;1.0;2.0;1995.0;0.0;1.0;8.0;;;0;;;2.0;3.0;0.0;2.0;1.0;1.0;0.0;;13;6;2019;20:10;1.0;92;92040;2;1.0;1.0;2.0;GALLIENI (BOULEVARD);48,8316700;2,2672000;3;69;0.0;;2.0;2;0.0;1.0;0;0;1.0;;;1.0;0.0;1.0;50.0;Hauts-de-Seine;11;Île-de-France
201900001492;138Â 303Â 750;A01;10.0;3;2.0;2.0;1946.0;5.0;8.0;0.0;;4.0;3;1.0;;0.0;7.0;0.0;1.0;1.0;15.0;0.0;;15;8;2019;10:00;1.0;13;13208;2;1.0;1.0;6.0;PRADO (AVENUE DU);43,2741000;5,3904000;4;PRADO (AVENUE DU);0.0;;2.0;6;0.0;1.0;0;0;1.0;;;1.0;0.0;1.0;50.0;Bouches-du-Rhône;93;Provence-Alpes-Côte d'Azur
201900001492;138Â 303Â 750;A01;1.0;1;1.0;2.0;1977.0;5.0;1.0;;;0.0;0;;;0.0;7.0;0.0;1.0;1.0;15.0;0.0;;15;8;2019;10:00;1.0;13;13208;2;1.0;1.0;6.0;PRADO (AVENUE DU);43,2741000;5,3904000;4;PRADO (AVENUE DU);0.0;;2.0;6;0.0;1.0;0;0;1.0;;;1.0;0.0;1.0;50.0;Bouches-du-Rhône;93;Provence-Alpes-Côte d'Azur
201900001493;138Â 303Â 748;B01;1.0;1;3.0;1.0;1996.0;9.0;8.0;8.0;;0.0;0;;;2.0;0.0;0.0;2.0;1.0;1.0;0.0;;15;8;2019;00:19;5.0;13;13204;2;5.0;1.0;1.0;FRANÃOISE DUPARC (BOULEVARD);43,3065400;5,4008900;4;FRANÃOISE DUPARC (BOULEVARD);0.0;;4.0;2;3.0;1.0;0;0;1.0;;;1.0;0.0;1.0;50.0;Bouches-du-Rhône;93;Provence-Alpes-Côte d'Azur
201900001493;138Â 303Â 749;Z01;1.0;1;1.0;2.0;1997.0;9.0;8.0;0.0;;0.0;0;;;2.0;7.0;0.0;2.0;1.0;5.0;1.0;;15;8;2019;00:19;5.0;13;13204;2;5.0;1.0;1.0;FRANÃOISE DUPARC (BOULEVARD);43,3065400;5,4008900;4;FRANÃOISE DUPARC (BOULEVARD);0.0;;4.0;2;3.0;1.0;0;0;1.0;;;1.0;0.0;1.0;50.0;Bouches-du-Rhône;93;Provence-Alpes-Côte d'Azur
201900001494;138Â 303Â 747;A01;1.0;1;1.0;1.0;1991.0;;8.0;;;0.0;0;;;2.0;30.0;0.0;2.0;1.0;1.0;1.0;;3;6;2019;20:10;1.0;92;92040;2;1.0;1.0;6.0;VERDUN (AVENUE DE) DU 115 AU 149;48,8196400;2,2562700;3;989;0.0;;2.0;2;0.0;1.0;0;0;1.0;;;1.0;0.0;1.0;50.0;Hauts-de-Seine;11;Île-de-France
201900001494;138Â 303Â 747;A01;10.0;3;2.0;1.0;1957.0;0.0;0.0;;;9.0;B;1.0;;2.0;30.0;0.0;2.0;1.0;1.0;1.0;;3;6;2019;20:10;1.0;92;92040;2;1.0;1.0;6.0;VERDUN (AVENUE DE) DU 115 AU 149;48,8196400;2,2562700;3;989;0.0;;2.0;2;0.0;1.0;0;0;1.0;;;1.0;0.0;1.0;50.0;Hauts-de-Seine;11;Île-de-France
201900001495;138Â 303Â 746;A01;1.0;1;2.0;2.0;1998.0;5.0;1.0;0.0;;; -1;;;3.0;7.0;3.0;0.0;1.0;1.0;1.0;;14;8;2019;05:40;5.0;13;13204;2;1.0;1.0;6.0;ALEX. FLEMING (BOULEVARD);43,3135100;5,4055900;4;ALEX. FLEMING (BOULEVARD);0.0;;1.0;2;0.0;1.0;0;0;2.0;;;1.0;1.0;1.0;50.0;Bouches-du-Rhône;93;Provence-Alpes-Côte d'Azur
201900001496;138Â 303Â 745;A01;1.0;1;2.0;1.0;1985.0;1.0;2.0;0.0;;;0;;;1.0;30.0;0.0;6.0;7.0;16.0;3.0;;31;5;2019;15:45;1.0;92;92040;2;1.0;1.0;7.0;GALLIENI (BOULEVARD);48,8341000;2,2668000;3;69;0.0;;2.0;2;0.0;1.0;0;0;1.0;;;1.0;0.0;1.0;50.0;Hauts-de-Seine;11;Île-de-France
201900001497;138Â 303Â 743;B01;1.0;1;1.0;2.0;1968.0;1.0;1.0;0.0;;; -1;;;0.0;7.0;0.0;2.0;0.0;0.0;1.0;;13;8;2019;13:45;1.0;13;13209;2;1.0;1.0;3.0;FLORALIA (Rue);43,2414500;5,3940100;4;FLORALIA (Rue);0.0;;;2;0.0;1.0;0;0;1.0;;;1.0;0.0;1.0;50.0;Bouches-du-Rhône;93;Provence-Alpes-Côte d'Azur
201900001497;138Â 303Â 744;A01;1.0;1;2.0;1.0;2003.0;5.0;2.0;0.0;;0.0;0;;;0.0;2.0;0.0;2.0;1.0;9.0;1.0;;13;8;2019;13:45;1.0;13;13209;2;1.0;1.0;3.0;FLORALIA (Rue);43,2414500;5,3940100;4;FLORALIA (Rue);0.0;;;2;0.0;1.0;0;0;1.0;;;1.0;0.0;1.0;50.0;Bouches-du-Rhône;93;Provence-Alpes-Côte d'Azur
201900001498;138Â 303Â 741;B01;1.0;1;2.0;1.0;1961.0;9.0;2.0;8.0;;;0;;;1.0;1.0;0.0;1.0;3.0;1.0;5.0;;17;6;2019;17:39;1.0;92;92036;2;1.0;1.0;3.0;MARCEL PAUL (AVENUE) (52/102);48,9396133;2,3039875;3;911;0.0;;3.0;6;1.0;1.0;0;0;1.0;;;1.0;0.0;1.0;50.0;Hauts-de-Seine;11;Île-de-France
201900001498;138Â 303Â 742;A01;1.0;1;1.0;1.0;1959.0;9.0;2.0;8.0;;;0;;;1.0;1.0;0.0;1.0;1.0;9.0;5.0;;17;6;2019;17:39;1.0;92;92036;2;1.0;1.0;3.0;MARCEL PAUL (AVENUE) (52/102);48,9396133;2,3039875;3;911;0.0;;3.0;6;1.0;1.0;0;0;1.0;;;1.0;0.0;1.0;50.0;Hauts-de-Seine;11;Île-de-France
201900001499;138Â 303Â 739;B01;1.0;1;2.0;1.0;1965.0;5.0;2.0;0.0;;0.0;0;;;2.0;1.0;0.0;2.0;1.0;1.0;0.0;;13;8;2019;09:00;1.0;13;13209;2;1.0;1.0;1.0;LÃON LACHAMP (ROUTE);43,2487840;5,4417060;3;559;0.0;;2.0;2;0.0;1.0;0;0;1.0;;;1.0;0.0;1.0;50.0;Bouches-du-Rhône;93;Provence-Alpes-Côte d'Azur
201900001499;138Â 303Â 740;A01;1.0;1;1.0;1.0;1960.0;4.0;1.0;0.0;;0.0;0;;;1.0;7.0;0.0;2.0;1.0;15.0;0.0;;13;8;2019;09:00;1.0;13;13209;2;1.0;1.0;1.0;LÃON LACHAMP (ROUTE);43,2487840;5,4417060;3;559;0.0;;2.0;2;0.0;1.0;0;0;1.0;;;1.0;0.0;1.0;50.0;Bouches-du-Rhône;93;Provence-Alpes-Côte d'Azur
201900001500;138Â 303Â 735;C01;1.0;1;2.0;1.0;1976.0;0.0;1.0;0.0;;0.0;0;;;2.0;7.0;0.0;2.0;1.0;2.0;0.0;;16;8;2019;18:30;1.0;13;13047;1;1.0;1.0;5.0;R.N 569;43,5535140;4,9595900;2;569;0.0;;2.0;2;0.0;1.0;0;0;1.0;;;1.0;0.0;1.0;80.0;Bouches-du-Rhône;93;Provence-Alpes-Côte d'Azur
201900001500;138Â 303Â 737;A01;1.0;1;2.0;1.0;1945.0;0.0;8.0;5.0;;0.0;0;;;1.0;7.0;0.0;2.0;1.0;5.0;6.0;;16;8;2019;18:30;1.0;13;13047;1;1.0;1.0;5.0;R.N 569;43,5535140;4,9595900;2;569;0.0;;2.0;2;0.0;1.0;0;0;1.0;;;1.0;0.0;1.0;80.0;Bouches-du-Rhône;93;Provence-Alpes-Côte d'Azur
201900001500;138Â 303Â 738;B01;6.0;2;2.0;1.0;1986.0;1.0;1.0;8.0;;0.0;0;;;2.0;10.0;0.0;2.0;1.0;1.0;6.0;;16;8;2019;18:30;1.0;13;13047;1;1.0;1.0;5.0;R.N 569;43,5535140;4,9595900;2;569;0.0;;2.0;2;0.0;1.0;0;0;1.0;;;1.0;0.0;1.0;80.0;Bouches-du-Rhône;93;Provence-Alpes-Côte d'Azur
201900001500;138Â 303Â 738;B01;2.0;2;2.0;1.0;1986.0;1.0;1.0;8.0;;0.0;0;;;2.0;10.0;0.0;2.0;1.0;1.0;6.0;;16;8;2019;18:30;1.0;13;13047;1;1.0;1.0;5.0;R.N 569;43,5535140;4,9595900;2;569;0.0;;2.0;2;0.0;1.0;0;0;1.0;;;1.0;0.0;1.0;80.0;Bouches-du-Rhône;93;Provence-Alpes-Côte d'Azur
201900001500;138Â 303Â 738;B01;1.0;1;2.0;1.0;1971.0;1.0;1.0;0.0;;0.0;0;;;2.0;10.0;0.0;2.0;1.0;1.0;6.0;;16;8;2019;18:30;1.0;13;13047;1;1.0;1.0;5.0;R.N 569;43,5535140;4,9595900;2;569;0.0;;2.0;2;0.0;1.0;0;0;1.0;;;1.0;0.0;1.0;80.0;Bouches-du-Rhône;93;Provence-Alpes-Côte d'Azur
201900001501;138Â 303Â 733;A01;1.0;1;1.0;2.0;1979.0;5.0;1.0;0.0;;; -1;;;3.0;7.0;0.0;2.0;3.0;11.0;1.0;;16;8;2019;17:00;1.0;13;13047;2;6.0;1.0;3.0;RADOLFZELL AVENUE DE;43,4991940;4,9878290;7;RADOLFZELL AVENUE DE;0.0;;4.0;2;2.0;1.0;0;0;1.0;;;1.0;5.0;1.0;50.0;Bouches-du-Rhône;93;Provence-Alpes-Côte d'Azur
201900001501;138Â 303Â 734;B01;1.0;1;3.0;1.0;1963.0;5.0;2.0;0.0;;; -1;;;3.0;33.0;0.0;2.0;1.0;17.0;1.0;;16;8;2019;17:00;1.0;13;13047;2;6.0;1.0;3.0;RADOLFZELL AVENUE DE;43,4991940;4,9878290;7;RADOLFZELL AVENUE DE;0.0;;4.0;2;2.0;1.0;0;0;1.0;;;1.0;5.0;1.0;50.0;Bouches-du-Rhône;93;Provence-Alpes-Côte d'Azur
201900001502;138Â 303Â 731;A01;1.0;1;1.0;2.0;1946.0;0.0;1.0;0.0;;0.0;0;;;3.0;7.0;0.0;2.0;1.0;26.0;1.0;;13;8;2019;12:20;1.0;13;13005;1;1.0;1.0;1.0;BAUMONE (AVENUE DE LA );43,2962200;5,5946900;4;BAUMONE (AVENUE DE LA );0.0;;1.0;2;0.0;1.0;0;0;1.0;;;1.0;0.0;1.0;30.0;Bouches-du-Rhône;93;Provence-Alpes-Côte d'Azur
201900001502;138Â 303Â 732;B01;2.0;2;2.0;2.0;1987.0;0.0;1.0;0.0;;0.0;0;;;3.0;7.0;0.0;2.0;1.0;1.0;1.0;;13;8;2019;12:20;1.0;13;13005;1;1.0;1.0;1.0;BAUMONE (AVENUE DE LA );43,2962200;5,5946900;4;BAUMONE (AVENUE DE LA );0.0;;1.0;2;0.0;1.0;0;0;1.0;;;1.0;0.0;1.0;30.0;Bouches-du-Rhône;93;Provence-Alpes-Côte d'Azur
201900001502;138Â 303Â 732;B01;1.0;1;2.0;1.0;1975.0;0.0;1.0;0.0;;0.0;0;;;3.0;7.0;0.0;2.0;1.0;1.0;1.0;;13;8;2019;12:20;1.0;13;13005;1;1.0;1.0;1.0;BAUMONE (AVENUE DE LA );43,2962200;5,5946900;4;BAUMONE (AVENUE DE LA );0.0;;1.0;2;0.0;1.0;0;0;1.0;;;1.0;0.0;1.0;30.0;Bouches-du-Rhône;93;Provence-Alpes-Côte d'Azur
201900001502;138Â 303Â 732;B01;5.0;2;2.0;1.0;2013.0;0.0;1.0;0.0;;0.0;0;;;3.0;7.0;0.0;2.0;1.0;1.0;1.0;;13;8;2019;12:20;1.0;13;13005;1;1.0;1.0;1.0;BAUMONE (AVENUE DE LA );43,2962200;5,5946900;4;BAUMONE (AVENUE DE LA );0.0;;1.0;2;0.0;1.0;0;0;1.0;;;1.0;0.0;1.0;30.0;Bouches-du-Rhône;93;Provence-Alpes-Côte d'Azur
201900001503;138Â 303Â 727;A01;1.0;1;1.0;2.0;1934.0;3.0;1.0;8.0;;0.0;0;;;2.0;7.0;0.0;2.0;1.0;2.0;1.0;;13;8;2019;09:10;1.0;12;12202;2;1.0;1.0;4.0;BOURRAN (AVENUE DE);44,3628500;2,5540600;4;BOURRAN (AVENUE DE);0.0;;2.0;2;0.0;1.0;(1);(1);1.0;;;1.0;0.0;1.0;50.0;Aveyron;76;Occitanie
201900001503;138Â 303Â 728;B01;1.0;1;2.0;1.0;1953.0;1.0;1.0;8.0;;0.0;0;;;2.0;7.0;0.0;2.0;4.0;23.0;1.0;;13;8;2019;09:10;1.0;12;12202;2;1.0;1.0;4.0;BOURRAN (AVENUE DE);44,3628500;2,5540600;4;BOURRAN (AVENUE DE);0.0;;2.0;2;0.0;1.0;(1);(1);1.0;;;1.0;0.0;1.0;50.0;Aveyron;76;Occitanie
201900001503;138Â 303Â 728;B01;2.0;2;2.0;2.0;1960.0;3.0;1.0;8.0;;0.0;0;;;2.0;7.0;0.0;2.0;4.0;23.0;1.0;;13;8;2019;09:10;1.0;12;12202;2;1.0;1.0;4.0;BOURRAN (AVENUE DE);44,3628500;2,5540600;4;BOURRAN (AVENUE DE);0.0;;2.0;2;0.0;1.0;(1);(1);1.0;;;1.0;0.0;1.0;50.0;Aveyron;76;Occitanie
201900001503;138Â 303Â 729;C01;1.0;1;1.0;1.0;1955.0;1.0;1.0;8.0;;0.0;0;;;2.0;7.0;0.0;2.0;4.0;23.0;1.0;;13;8;2019;09:10;1.0;12;12202;2;1.0;1.0;4.0;BOURRAN (AVENUE DE);44,3628500;2,5540600;4;BOURRAN (AVENUE DE);0.0;;2.0;2;0.0;1.0;(1);(1);1.0;;;1.0;0.0;1.0;50.0;Aveyron;76;Occitanie
201900001503;138Â 303Â 730;D01;1.0;1;1.0;1.0;1971.0;4.0;1.0;8.0;;0.0;0;;;2.0;10.0;0.0;0.0;0.0;23.0;1.0;;13;8;2019;09:10;1.0;12;12202;2;1.0;1.0;4.0;BOURRAN (AVENUE DE);44,3628500;2,5540600;4;BOURRAN (AVENUE DE);0.0;;2.0;2;0.0;1.0;(1);(1);1.0;;;1.0;0.0;1.0;50.0;Aveyron;76;Occitanie
201900001504;138Â 303Â 726;A01;10.0;3;2.0;1.0;2011.0;5.0;8.0;0.0;;1.0;3;3.0;;2.0;7.0;0.0;1.0;2.0;1.0;1.0;;10;8;2019;19:05;1.0;12;12145;2;1.0;1.0;6.0;JAURES JEAN (AVENUE);44,1005800;3,0789300;4;JAURES JEAN (AVENUE);0.0;;2.0;2;0.0;1.0;0;0;1.0;;;1.0;0.0;1.0;30.0;Aveyron;76;Occitanie
201900001504;138Â 303Â 726;A01;1.0;1;1.0;1.0;1935.0;5.0;1.0;8.0;;;0;;;2.0;7.0;0.0;1.0;2.0;1.0;1.0;;10;8;2019;19:05;1.0;12;12145;2;1.0;1.0;6.0;JAURES JEAN (AVENUE);44,1005800;3,0789300;4;JAURES JEAN (AVENUE);0.0;;2.0;2;0.0;1.0;0;0;1.0;;;1.0;0.0;1.0;30.0;Aveyron;76;Occitanie
201900001505;138Â 303Â 725;A01;1.0;1;2.0;2.0;1966.0;4.0;2.0;8.0;;;0;;;1.0;30.0;9.0;0.0;1.0;19.0;1.0;;17;6;2019;16:40;1.0;92;92036;2;1.0;1.0;7.0;RUE GUY MOCQUET;48,9342000;2,2879400;4;RUE GUY MOCQUET;0.0;;3.0;2;0.0;1.0;0;0;1.0;;;1.0;0.0;2.0;50.0;Hauts-de-Seine;11;Île-de-France
201900001506;138Â 303Â 724;A01;1.0;1;2.0;1.0;1952.0;4.0;1.0;8.0;;; -1;;;2.0;17.0;3.0;0.0;8.0;13.0;1.0;;9;8;2019;16:33;1.0;12;12089;1;1.0;1.0;7.0;D 963;44,5862100;2,2479700;3;963;0.0;;2.0;2;0.0;2.0;10;440;3.0;;;1.0;0.0;1.0;80.0;Aveyron;76;Occitanie
201900001507;138Â 303Â 723;A01;1.0;1;2.0;2.0;1984.0;4.0;2.0;8.0;;; -1;;;1.0;1.0;0.0;0.0;0.0;1.0;5.0;;17;8;2019;10:47;1.0;10;10357;2;1.0;2.0;7.0;GENERAL DE GAULLE (RUE DU);48,2970000;4,1200000;4;GENERAL DE GAULLE (RUE DU);0.0;;2.0;2;0.0;1.0;0;0;1.0;;;2.0;0.0;1.0;50.0;Aube;44;Grand Est
201900001508;138Â 303Â 720;B01;1.0;1;1.0;1.0;1977.0;9.0;1.0;8.0;;;0;;;1.0;7.0;0.0;2.0;1.0;2.0;1.0;;15;6;2019;20:30;2.0;92;92036;2;1.0;1.0;3.0;MARCEL PAUL (AVENUE) (52/102);48,9417901;2,3028883;3;911;0.0;;3.0;4;0.0;1.0;0;0;1.0;;;1.0;0.0;1.0;50.0;Hauts-de-Seine;11;Île-de-France
201900001508;138Â 303Â 722;A01;2.0;2;2.0;2.0;1994.0;9.0;1.0;0.0;;;0;;;1.0;7.0;0.0;2.0;3.0;10.0;1.0;;15;6;2019;20:30;2.0;92;92036;2;1.0;1.0;3.0;MARCEL PAUL (AVENUE) (52/102);48,9417901;2,3028883;3;911;0.0;;3.0;4;0.0;1.0;0;0;1.0;;;1.0;0.0;1.0;50.0;Hauts-de-Seine;11;Île-de-France
201900001508;138Â 303Â 722;A01;1.0;1;2.0;1.0;1995.0;9.0;1.0;8.0;;;0;;;1.0;7.0;0.0;2.0;3.0;10.0;1.0;;15;6;2019;20:30;2.0;92;92036;2;1.0;1.0;3.0;MARCEL PAUL (AVENUE) (52/102);48,9417901;2,3028883;3;911;0.0;;3.0;4;0.0;1.0;0;0;1.0;;;1.0;0.0;1.0;50.0;Hauts-de-Seine;11;Île-de-France
201900001509;138Â 303Â 719;A01;10.0;3;2.0;2.0;1970.0;9.0;8.0;0.0;;5.0;1;2.0;;2.0;1.0;0.0;1.0;7.0;1.0;5.0;;14;8;2019;18:02;1.0;10;10387;2;1.0;1.0;3.0;MAROTS (RUE DES);48,3063000;4,0491000;4;MAROTS (RUE DES);0.0;;2.0;2;0.0;1.0;0;0;1.0;;;1.0;0.0;1.0;50.0;Aube;44;Grand Est
201900001510;138Â 303Â 714;A01;1.0;1;2.0;1.0;1960.0;1.0;2.0;8.0;;;0;;;1.0;33.0;14.0;0.0;3.0;18.0;1.0;;13;6;2019;19:00;1.0;92;92036;2;1.0;1.0;6.0;GRESILLONS (QUAI DES);48,9201358;2,3231615;3;7;0.0;;1.0;1;0.0;1.0;0;0;1.0;;;1.0;0.0;1.0;50.0;Hauts-de-Seine;11;Île-de-France
201900001511;138Â 303Â 713;A01;1.0;1;3.0;2.0;1960.0;0.0;2.0;0.0;;;0;;;1.0;1.0;0.0;0.0;0.0;0.0;5.0;;11;6;2019;18:55;1.0;92;92036;2;3.0;3.0;7.0;FELICIE (RUE);48,9145500;2,2939300;4;FELICIE (RUE);0.0;;1.0;1;0.0;1.0;0;0;1.0;;;2.0;0.0;1.0;50.0;Hauts-de-Seine;11;Île-de-France
201900001512;138Â 303Â 716;A01;1.0;1;1.0;1.0;1996.0;5.0;1.0;0.0;;; -1;;;3.0;7.0;0.0;2.0;1.0;2.0;1.0;;13;8;2019;15:54;1.0;10;10081;1;6.0;1.0;2.0;ROCADE OUEST (RD 610);48,3022800;4,0256000;3;610;0.0;;1.0;2;0.0;1.0;0;0;3.0;;;1.0;0.0;1.0;50.0;Aube;44;Grand Est
201900001512;138Â 303Â 717;B01;1.0;1;1.0;1.0;1984.0;5.0;1.0;0.0;;; -1;;;3.0;7.0;0.0;2.0;4.0;2.0;1.0;;13;8;2019;15:54;1.0;10;10081;1;6.0;1.0;2.0;ROCADE OUEST (RD 610);48,3022800;4,0256000;3;610;0.0;;1.0;2;0.0;1.0;0;0;3.0;;;1.0;0.0;1.0;50.0;Aube;44;Grand Est
201900001512;138Â 303Â 717;B01;2.0;2;2.0;2.0;1983.0;5.0;1.0;0.0;;; -1;;;3.0;7.0;0.0;2.0;4.0;2.0;1.0;;13;8;2019;15:54;1.0;10;10081;1;6.0;1.0;2.0;ROCADE OUEST (RD 610);48,3022800;4,0256000;3;610;0.0;;1.0;2;0.0;1.0;0;0;3.0;;;1.0;0.0;1.0;50.0;Aube;44;Grand Est