Num_Acc;id_vehicule;num_veh;place;catu;grav;sexe;an_nais;trajet;secu1;secu2;secu3;locp;actp;etatp;id_usager;senc;catv;obs;obsm;choc;manv;motor;occutc;jour;mois;an;hrmn;lum;dep;com;agg;int;atm;col;adr;lat;long;catr;voie;v1;v2;circ;nbv;vosp;prof;pr;pr1;plan;lartpc;larrout;surf;infra;situ;vma;nom_departement;reg;nom_region
201900001513;138Â 303Â 710;A01;1.0;1;2.0;2.0;1999.0;9.0;1.0;8.0;;;0;;;1.0;7.0;1.0;2.0;1.0;17.0;1.0;;7;6;2019;21:35;2.0;92;92036;2;1.0;2.0;3.0;GABRIEL PERI (AVENUE) (60/134);48,9207309;2,2951770;3;109;0.0;;2.0;2;0.0;1.0;0;0;1.0;;;1.0;0.0;1.0;50.0;Hauts-de-Seine;11;Île-de-France
201900001513;138Â 303Â 712;B01;1.0;1;1.0;1.0;1977.0;9.0;1.0;8.0;;;0;;;1.0;7.0;0.0;2.0;3.0;15.0;1.0;;7;6;2019;21:35;2.0;92;92036;2;1.0;2.0;3.0;GABRIEL PERI (AVENUE) (60/134);48,9207309;2,2951770;3;109;0.0;;2.0;2;0.0;1.0;0;0;1.0;;;1.0;0.0;1.0;50.0;Hauts-de-Seine;11;Île-de-France
201900001514;138Â 303Â 708;A01;10.0;3;2.0;2.0;1975.0;0.0;0.0;0.0;0.0;2.0;3;1.0;;1.0;7.0;0.0;1.0;3.0;9.0;1.0;;3;6;2019;12:10;1.0;92;92036;2;1.0;1.0;6.0;LIBERATION (AVENUE DE LA);48,9246300;2,2939300;4;LIBERATION (AVENUE DE LA);0.0;;1.0;1;0.0;2.0;0;0;2.0;;;1.0;0.0;1.0;50.0;Hauts-de-Seine;11;Île-de-France
201900001514;138Â 303Â 708;A01;1.0;1;1.0;2.0;1959.0;0.0;1.0;8.0;;;0;;;1.0;7.0;0.0;1.0;3.0;9.0;1.0;;3;6;2019;12:10;1.0;92;92036;2;1.0;1.0;6.0;LIBERATION (AVENUE DE LA);48,9246300;2,2939300;4;LIBERATION (AVENUE DE LA);0.0;;1.0;1;0.0;2.0;0;0;2.0;;;1.0;0.0;1.0;50.0;Hauts-de-Seine;11;Île-de-France
201900001515;138Â 303Â 704;B01;1.0;1;1.0;1.0;1974.0;9.0;1.0;0.0;;;0;;;2.0;7.0;0.0;2.0;4.0;1.0;1.0;;30;5;2019;19:15;2.0;92;92035;2;1.0;1.0;2.0;Estienne d'Orves ( rue d' );48,9090730;2,2496860;4;Estienne d'Orves ( rue d' );0.0;;1.0;1;0.0;1.0;0;0;1.0;;;1.0;0.0;1.0;50.0;Hauts-de-Seine;11;Île-de-France
201900001515;138Â 303Â 706;A01;1.0;1;2.0;1.0;1995.0;0.0;2.0;6.0;;;0;;;2.0;34.0;0.0;2.0;1.0;1.0;1.0;;30;5;2019;19:15;2.0;92;92035;2;1.0;1.0;2.0;Estienne d'Orves ( rue d' );48,9090730;2,2496860;4;Estienne d'Orves ( rue d' );0.0;;1.0;1;0.0;1.0;0;0;1.0;;;1.0;0.0;1.0;50.0;Hauts-de-Seine;11;Île-de-France
201900001516;138Â 303Â 702;A01;1.0;1;2.0;1.0;1986.0;4.0;1.0;0.0;;;0;;;3.0;3.0;0.0;2.0;1.0;0.0;0.0;;7;6;2019;07:40;1.0;92;92026;2;2.0;1.0;3.0;AVENUE GAMBETTA;48,8924926;2,2455058;3;9;0.0;;1.0;2;0.0;1.0;0;0;1.0;;;1.0;0.0;3.0;50.0;Hauts-de-Seine;11;Île-de-France
201900001516;138Â 303Â 702;A01;1.0;2;1.0;1.0;2007.0;4.0;1.0;0.0;;;0;;;3.0;3.0;0.0;2.0;1.0;0.0;0.0;;7;6;2019;07:40;1.0;92;92026;2;2.0;1.0;3.0;AVENUE GAMBETTA;48,8924926;2,2455058;3;9;0.0;;1.0;2;0.0;1.0;0;0;1.0;;;1.0;0.0;3.0;50.0;Hauts-de-Seine;11;Île-de-France
201900001517;138Â 303Â 701;A01;1.0;1;1.0;1.0;1988.0;1.0;8.0;0.0;;0.0;0;;;1.0;7.0;0.0;2.0;3.0;15.0;6.0;;12;8;2019;23:00;5.0;08;08409;2;2.0;1.0;3.0;THIERS (RUE);49,7017000;4,9386300;4;THIERS (RUE);0.0;;2.0;1;0.0;1.0;0;0;1.0;;;1.0;5.0;1.0;50.0;Ardennes;44;Grand Est
201900001517;138Â 303Â 703;B01;1.0;1;2.0;1.0;2005.0;0.0;2.0;8.0;;0.0;0;;;2.0;31.0;0.0;2.0;3.0;1.0;1.0;;12;8;2019;23:00;5.0;08;08409;2;2.0;1.0;3.0;THIERS (RUE);49,7017000;4,9386300;4;THIERS (RUE);0.0;;2.0;1;0.0;1.0;0;0;1.0;;;1.0;5.0;1.0;50.0;Ardennes;44;Grand Est
201900001518;138Â 303Â 698;A01;1.0;1;2.0;1.0;1973.0;1.0;2.0;6.0;;;0;;;2.0;33.0;0.0;2.0;1.0;1.0;1.0;;18;6;2019;09:20;1.0;92;92026;2;1.0;1.0;2.0;PRÃSIDENT PAUL DOUMER (QUAI DU);48,8929600;2,2597200;4;PRÃSIDENT PAUL DOUMER (QUAI DU);0.0;;1.0;3;0.0;1.0;0;0;1.0;;;1.0;0.0;1.0;50.0;Hauts-de-Seine;11;Île-de-France
201900001518;138Â 303Â 699;B01;1.0;1;1.0;1.0;1997.0;1.0;1.0;0.0;;;0;;;2.0;10.0;0.0;2.0;4.0;1.0;1.0;;18;6;2019;09:20;1.0;92;92026;2;1.0;1.0;2.0;PRÃSIDENT PAUL DOUMER (QUAI DU);48,8929600;2,2597200;4;PRÃSIDENT PAUL DOUMER (QUAI DU);0.0;;1.0;3;0.0;1.0;0;0;1.0;;;1.0;0.0;1.0;50.0;Hauts-de-Seine;11;Île-de-France
201900001519;138Â 303Â 695;A01;1.0;1;1.0;2.0;1957.0;1.0;1.0;8.0;;;0;;;2.0;7.0;0.0;1.0;1.0;1.0;1.0;;13;6;2019;18:30;1.0;92;92026;2;1.0;1.0;6.0;SAINT-DENIS BD (120 A 174 / DE 199 A 315;48,9032133;2,2760672;3;9;0.0;;2.0;2;0.0;1.0;0;0;1.0;;;1.0;0.0;1.0;50.0;Hauts-de-Seine;11;Île-de-France
201900001519;138Â 303Â 695;A01;10.0;3;2.0;2.0;1984.0;1.0;8.0;0.0;;4.0;3;1.0;;2.0;7.0;0.0;1.0;1.0;1.0;1.0;;13;6;2019;18:30;1.0;92;92026;2;1.0;1.0;6.0;SAINT-DENIS BD (120 A 174 / DE 199 A 315;48,9032133;2,2760672;3;9;0.0;;2.0;2;0.0;1.0;0;0;1.0;;;1.0;0.0;1.0;50.0;Hauts-de-Seine;11;Île-de-France
201900001520;138Â 303Â 694;C01;1.0;1;1.0;1.0;1979.0;5.0;1.0;8.0;;; -1;;;2.0;7.0;0.0;2.0;0.0;0.0;0.0;;17;8;2019;11:35;1.0;07;07102;2;6.0;1.0;6.0;TREMOLETS (Rue des);44,9375200;4,8634500;4;TREMOLETS (Rue des);0.0;;2.0;2;0.0;1.0;0;0;1.0;;;1.0;0.0;1.0;50.0;Ardèche;84;Auvergne-Rhône-Alpes
201900001520;138Â 303Â 696;A01;1.0;1;1.0;1.0;1984.0;0.0;1.0;8.0;;; -1;;;1.0;7.0;0.0;2.0;0.0;9.0;0.0;;17;8;2019;11:35;1.0;07;07102;2;6.0;1.0;6.0;TREMOLETS (Rue des);44,9375200;4,8634500;4;TREMOLETS (Rue des);0.0;;2.0;2;0.0;1.0;0;0;1.0;;;1.0;0.0;1.0;50.0;Ardèche;84;Auvergne-Rhône-Alpes
201900001520;138Â 303Â 697;B01;1.0;1;2.0;1.0;1980.0;5.0;2.0;6.0;;; -1;;;1.0;32.0;0.0;2.0;0.0;0.0;1.0;;17;8;2019;11:35;1.0;07;07102;2;6.0;1.0;6.0;TREMOLETS (Rue des);44,9375200;4,8634500;4;TREMOLETS (Rue des);0.0;;2.0;2;0.0;1.0;0;0;1.0;;;1.0;0.0;1.0;50.0;Ardèche;84;Auvergne-Rhône-Alpes
201900001521;138Â 303Â 693;A01;1.0;1;1.0;1.0;1992.0;1.0;1.0;0.0;;;0;;;2.0;7.0;0.0;1.0;1.0;1.0;1.0;;13;6;2019;16:30;1.0;92;92026;2;1.0;1.0;6.0;SAINT DENIS BD (120 A 174 / 199 A 315);48,9004230;2,2695590;4;SAINT DENIS BD (120 A 174 / 199 A 315);0.0;;2.0;2;0.0;1.0;0;0;1.0;;;1.0;0.0;1.0;50.0;Hauts-de-Seine;11;Île-de-France
201900001521;138Â 303Â 693;A01;10.0;3;2.0;2.0;1997.0;1.0;8.0;0.0;;4.0;3;1.0;;2.0;7.0;0.0;1.0;1.0;1.0;1.0;;13;6;2019;16:30;1.0;92;92026;2;1.0;1.0;6.0;SAINT DENIS BD (120 A 174 / 199 A 315);48,9004230;2,2695590;4;SAINT DENIS BD (120 A 174 / 199 A 315);0.0;;2.0;2;0.0;1.0;0;0;1.0;;;1.0;0.0;1.0;50.0;Hauts-de-Seine;11;Île-de-France
201900001522;138Â 303Â 692;A01;1.0;1;1.0;1.0;1968.0;5.0;2.0;6.0;;; -1;;;2.0;34.0;0.0;1.0;1.0;21.0;1.0;;15;8;2019;15:30;1.0;06;06088;2;2.0;1.0;6.0;HOTEL DES POSTES (R.);43,6988900;7,2694900;4;HOTEL DES POSTES (R.);0.0;;1.0;0;3.0;1.0;0;0;1.0;;;1.0;0.0;1.0;50.0;Alpes-Maritimes;93;Provence-Alpes-Côte d'Azur
201900001522;138Â 303Â 692;A01;10.0;3;2.0;1.0;1928.0;5.0;0.0;0.0;0.0;2.0;3;1.0;;2.0;34.0;0.0;1.0;1.0;21.0;1.0;;15;8;2019;15:30;1.0;06;06088;2;2.0;1.0;6.0;HOTEL DES POSTES (R.);43,6988900;7,2694900;4;HOTEL DES POSTES (R.);0.0;;1.0;0;3.0;1.0;0;0;1.0;;;1.0;0.0;1.0;50.0;Alpes-Maritimes;93;Provence-Alpes-Côte d'Azur
201900001523;138Â 303Â 689;B01;1.0;1;1.0;1.0;1990.0;0.0;1.0;0.0;;0.0;0;;;2.0;10.0;0.0;2.0;4.0;23.0;1.0;;10;6;2019;16:18;1.0;92;92026;2;1.0;1.0;2.0;VERDUN (DE 62 A FIN);48,9003040;2,2609210;3;908;0.0;;2.0;2;0.0;1.0;0;0;1.0;;;1.0;0.0;1.0;50.0;Hauts-de-Seine;11;Île-de-France
201900001523;138Â 303Â 691;A01;1.0;1;2.0;1.0;1985.0;9.0;8.0;0.0;;;0;;;2.0;1.0;0.0;2.0;1.0;26.0;5.0;;10;6;2019;16:18;1.0;92;92026;2;1.0;1.0;2.0;VERDUN (DE 62 A FIN);48,9003040;2,2609210;3;908;0.0;;2.0;2;0.0;1.0;0;0;1.0;;;1.0;0.0;1.0;50.0;Hauts-de-Seine;11;Île-de-France
201900001524;138Â 303Â 688;B01;1.0;1;2.0;1.0;1978.0;0.0;2.0;8.0;;0.0;0;;;2.0;34.0;0.0;2.0;1.0;1.0;1.0;;13;8;2019;16:42;1.0;06;06159;2;1.0;1.0;3.0;PRINCESSE GRACE DE MONACO (AVENUE);43,6891700;7,3070600;7;(6098)       PRINCESSE GRACE DE MONACO (AVENUE);0.0;;2.0;2;0.0;1.0;0;0;1.0;;;1.0;0.0;1.0;50.0;Alpes-Maritimes;93;Provence-Alpes-Côte d'Azur
201900001524;138Â 303Â 690;A01;1.0;1;1.0;1.0;1996.0;0.0;1.0;0.0;;0.0;0;;;2.0;7.0;0.0;2.0;8.0;10.0;1.0;;13;8;2019;16:42;1.0;06;06159;2;1.0;1.0;3.0;PRINCESSE GRACE DE MONACO (AVENUE);43,6891700;7,3070600;7;(6098)       PRINCESSE GRACE DE MONACO (AVENUE);0.0;;2.0;2;0.0;1.0;0;0;1.0;;;1.0;0.0;1.0;50.0;Alpes-Maritimes;93;Provence-Alpes-Côte d'Azur
201900001525;138Â 303Â 684;B01;2.0;2;2.0;1.0;1941.0;0.0;1.0;0.0;;;0;;;1.0;7.0;0.0;2.0;4.0;1.0;1.0;;10;6;2019;11:00;1.0;92;92026;2;2.0;1.0;6.0;PRÃSIDENT PAUL DOUMER (QUAI DU);48,8901330;2,2562550;3;7;0.0;;3.0;4;0.0;1.0;0;0;1.0;;;1.0;5.0;1.0;70.0;Hauts-de-Seine;11;Île-de-France
201900001525;138Â 303Â 684;B01;1.0;1;2.0;2.0;1946.0;0.0;1.0;0.0;;;0;;;1.0;7.0;0.0;2.0;4.0;1.0;1.0;;10;6;2019;11:00;1.0;92;92026;2;2.0;1.0;6.0;PRÃSIDENT PAUL DOUMER (QUAI DU);48,8901330;2,2562550;3;7;0.0;;3.0;4;0.0;1.0;0;0;1.0;;;1.0;5.0;1.0;70.0;Hauts-de-Seine;11;Île-de-France
201900001525;138Â 303Â 686;A01;1.0;1;2.0;1.0;1975.0;0.0;1.0;0.0;;;0;;;2.0;7.0;0.0;2.0;1.0;2.0;1.0;;10;6;2019;11:00;1.0;92;92026;2;2.0;1.0;6.0;PRÃSIDENT PAUL DOUMER (QUAI DU);48,8901330;2,2562550;3;7;0.0;;3.0;4;0.0;1.0;0;0;1.0;;;1.0;5.0;1.0;70.0;Hauts-de-Seine;11;Île-de-France
201900001526;138Â 303Â 685;A01;1.0;1;1.0;1.0;1989.0;1.0;1.0;5.0;;0.0;0;;;2.0;7.0;0.0;2.0;5.0;15.0;1.0;;13;8;2019;15:40;1.0;06;06104;2;4.0;1.0;1.0;PRINCE RAINIER III (AVENUE);43,7543200;7,4345220;3;6007;0.0;;2.0;2;0.0;2.0;65;955;2.0;;;1.0;0.0;1.0;50.0;Alpes-Maritimes;93;Provence-Alpes-Côte d'Azur
201900001526;138Â 303Â 687;B01;1.0;1;2.0;1.0;1996.0;1.0;2.0;6.0;;0.0;0;;;2.0;33.0;0.0;2.0;1.0;1.0;1.0;;13;8;2019;15:40;1.0;06;06104;2;4.0;1.0;1.0;PRINCE RAINIER III (AVENUE);43,7543200;7,4345220;3;6007;0.0;;2.0;2;0.0;2.0;65;955;2.0;;;1.0;0.0;1.0;50.0;Alpes-Maritimes;93;Provence-Alpes-Côte d'Azur
201900001527;138Â 303Â 679;A01;1.0;1;1.0;2.0;1987.0;5.0;1.0;0.0;;;0;;;1.0;7.0;0.0;2.0;1.0;2.0;1.0;;9;6;2019;20:00;1.0;92;92026;2;9.0;1.0;4.0;COLOMBES;48,8997170;2,2564660;3;106;0.0;;2.0;2;0.0;1.0;0;0;1.0;;;1.0;0.0;1.0;50.0;Hauts-de-Seine;11;Île-de-France
201900001527;138Â 303Â 680;B01;3.0;2;1.0;2.0;2003.0;0.0;1.0;0.0;;;0;;;1.0;7.0;0.0;2.0;4.0;23.0;1.0;;9;6;2019;20:00;1.0;92;92026;2;9.0;1.0;4.0;COLOMBES;48,8997170;2,2564660;3;106;0.0;;2.0;2;0.0;1.0;0;0;1.0;;;1.0;0.0;1.0;50.0;Hauts-de-Seine;11;Île-de-France
201900001527;138Â 303Â 680;B01;1.0;1;1.0;1.0;1970.0;5.0;1.0;0.0;;;0;;;1.0;7.0;0.0;2.0;4.0;23.0;1.0;;9;6;2019;20:00;1.0;92;92026;2;9.0;1.0;4.0;COLOMBES;48,8997170;2,2564660;3;106;0.0;;2.0;2;0.0;1.0;0;0;1.0;;;1.0;0.0;1.0;50.0;Hauts-de-Seine;11;Île-de-France
201900001527;138Â 303Â 680;B01;2.0;2;1.0;2.0;1988.0;0.0;1.0;0.0;;;0;;;1.0;7.0;0.0;2.0;4.0;23.0;1.0;;9;6;2019;20:00;1.0;92;92026;2;9.0;1.0;4.0;COLOMBES;48,8997170;2,2564660;3;106;0.0;;2.0;2;0.0;1.0;0;0;1.0;;;1.0;0.0;1.0;50.0;Hauts-de-Seine;11;Île-de-France
201900001527;138Â 303Â 680;B01;4.0;2;1.0;2.0;2006.0;0.0;1.0;0.0;;;0;;;1.0;7.0;0.0;2.0;4.0;23.0;1.0;;9;6;2019;20:00;1.0;92;92026;2;9.0;1.0;4.0;COLOMBES;48,8997170;2,2564660;3;106;0.0;;2.0;2;0.0;1.0;0;0;1.0;;;1.0;0.0;1.0;50.0;Hauts-de-Seine;11;Île-de-France
201900001527;138Â 303Â 680;B01;6.0;2;2.0;1.0;2010.0;0.0;1.0;0.0;;;0;;;1.0;7.0;0.0;2.0;4.0;23.0;1.0;;9;6;2019;20:00;1.0;92;92026;2;9.0;1.0;4.0;COLOMBES;48,8997170;2,2564660;3;106;0.0;;2.0;2;0.0;1.0;0;0;1.0;;;1.0;0.0;1.0;50.0;Hauts-de-Seine;11;Île-de-France
201900001527;138Â 303Â 682;C01;2.0;2;1.0;2.0;1991.0;0.0;1.0;0.0;;;0;;;1.0;7.0;0.0;2.0;4.0;23.0;1.0;;9;6;2019;20:00;1.0;92;92026;2;9.0;1.0;4.0;COLOMBES;48,8997170;2,2564660;3;106;0.0;;2.0;2;0.0;1.0;0;0;1.0;;;1.0;0.0;1.0;50.0;Hauts-de-Seine;11;Île-de-France
201900001527;138Â 303Â 682;C01;1.0;1;1.0;1.0;1987.0;0.0;1.0;0.0;;;0;;;1.0;7.0;0.0;2.0;4.0;23.0;1.0;;9;6;2019;20:00;1.0;92;92026;2;9.0;1.0;4.0;COLOMBES;48,8997170;2,2564660;3;106;0.0;;2.0;2;0.0;1.0;0;0;1.0;;;1.0;0.0;1.0;50.0;Hauts-de-Seine;11;Île-de-France
201900001528;138Â 303Â 677;A01;1.0;1;1.0;1.0;1963.0;0.0;1.0;0.0;;;0;;;1.0;7.0;0.0;2.0;7.0;15.0;1.0;;25;5;2019;08:15;1.0;92;92026;2;2.0;1.0;3.0;PRÃSIDENT PAUL DOUMER (QUAI DU);48,8900800;2,2562600;4;PRÃSIDENT PAUL DOUMER (QUAI DU);0.0;;3.0;4;0.0;1.0;0;0;1.0;;;1.0;0.0;1.0;50.0;Hauts-de-Seine;11;Île-de-France
201900001528;138Â 303Â 678;B01;1.0;1;1.0;1.0;1993.0;4.0;1.0;0.0;;;0;;;2.0;7.0;0.0;2.0;1.0;1.0;1.0;;25;5;2019;08:15;1.0;92;92026;2;2.0;1.0;3.0;PRÃSIDENT PAUL DOUMER (QUAI DU);48,8900800;2,2562600;4;PRÃSIDENT PAUL DOUMER (QUAI DU);0.0;;3.0;4;0.0;1.0;0;0;1.0;;;1.0;0.0;1.0;50.0;Hauts-de-Seine;11;Île-de-France
201900001528;138Â 303Â 678;B01;2.0;2;2.0;1.0;1992.0;4.0;1.0;0.0;;;0;;;2.0;7.0;0.0;2.0;1.0;1.0;1.0;;25;5;2019;08:15;1.0;92;92026;2;2.0;1.0;3.0;PRÃSIDENT PAUL DOUMER (QUAI DU);48,8900800;2,2562600;4;PRÃSIDENT PAUL DOUMER (QUAI DU);0.0;;3.0;4;0.0;1.0;0;0;1.0;;;1.0;0.0;1.0;50.0;Hauts-de-Seine;11;Île-de-France
201900001528;138Â 303Â 678;B01;4.0;2;1.0;1.0;1990.0;4.0;1.0;0.0;;;0;;;2.0;7.0;0.0;2.0;1.0;1.0;1.0;;25;5;2019;08:15;1.0;92;92026;2;2.0;1.0;3.0;PRÃSIDENT PAUL DOUMER (QUAI DU);48,8900800;2,2562600;4;PRÃSIDENT PAUL DOUMER (QUAI DU);0.0;;3.0;4;0.0;1.0;0;0;1.0;;;1.0;0.0;1.0;50.0;Hauts-de-Seine;11;Île-de-France
201900001529;138Â 303Â 676;A01;10.0;3;2.0;2.0;1993.0;9.0;8.0;0.0;;3.0;3;1.0;;3.0;32.0;0.0;1.0;1.0;1.0;1.0;;5;6;2019;13:50;1.0;92;92026;2;1.0;3.0;6.0;VERDUN (DE 62 A FIN);48,9003760;2,2608520;3;908;0.0;;2.0;4;0.0;1.0;0;0;1.0;;;2.0;0.0;1.0;50.0;Hauts-de-Seine;11;Île-de-France
201900001529;138Â 303Â 676;A01;1.0;1;1.0;1.0;1974.0;0.0;2.0;0.0;;;0;;;3.0;32.0;0.0;1.0;1.0;1.0;1.0;;5;6;2019;13:50;1.0;92;92026;2;1.0;3.0;6.0;VERDUN (DE 62 A FIN);48,9003760;2,2608520;3;908;0.0;;2.0;4;0.0;1.0;0;0;1.0;;;2.0;0.0;1.0;50.0;Hauts-de-Seine;11;Île-de-France
201900001530;138Â 303Â 681;A01;1.0;1;1.0;2.0;1998.0;5.0;1.0;0.0;;0.0;0;;;3.0;7.0;0.0;2.0;1.0;13.0;1.0;;13;8;2019;22:30;5.0;06;06069;2;9.0;1.0;1.0;DUVAL (AVENUE MATHIAS);43,6515800;6,9222100;3;104;0.0;;2.0;1;0.0;1.0;0;0;1.0;;;1.0;0.0;1.0;50.0;Alpes-Maritimes;93;Provence-Alpes-Côte d'Azur
201900001530;138Â 303Â 683;B01;1.0;1;3.0;1.0;1999.0;4.0;2.0;0.0;;0.0;0;;;3.0;30.0;0.0;2.0;1.0;9.0;3.0;;13;8;2019;22:30;5.0;06;06069;2;9.0;1.0;1.0;DUVAL (AVENUE MATHIAS);43,6515800;6,9222100;3;104;0.0;;2.0;1;0.0;1.0;0;0;1.0;;;1.0;0.0;1.0;50.0;Alpes-Maritimes;93;Provence-Alpes-Côte d'Azur
201900001531;138Â 303Â 675;A01;10.0;3;2.0;2.0;2006.0;5.0;8.0;0.0;;3.0;3;1.0;;1.0;7.0;0.0;1.0;2.0;1.0;1.0;;4;6;2019;20:10;1.0;92;92026;2;1.0;1.0;6.0;ARISTIDE BRIAND;48,8997100;2,2588400;4;ARISTIDE BRIAND;0.0;;2.0;2;0.0;1.0;0;0;1.0;;;1.0;0.0;1.0;50.0;Hauts-de-Seine;11;Île-de-France
201900001531;138Â 303Â 675;A01;1.0;1;1.0;1.0;1937.0;3.0;1.0;0.0;;;0;;;1.0;7.0;0.0;1.0;2.0;1.0;1.0;;4;6;2019;20:10;1.0;92;92026;2;1.0;1.0;6.0;ARISTIDE BRIAND;48,8997100;2,2588400;4;ARISTIDE BRIAND;0.0;;2.0;2;0.0;1.0;0;0;1.0;;;1.0;0.0;1.0;50.0;Hauts-de-Seine;11;Île-de-France
201900001531;138Â 303Â 675;A01;2.0;2;1.0;2.0;1947.0;3.0;1.0;0.0;;;0;;;1.0;7.0;0.0;1.0;2.0;1.0;1.0;;4;6;2019;20:10;1.0;92;92026;2;1.0;1.0;6.0;ARISTIDE BRIAND;48,8997100;2,2588400;4;ARISTIDE BRIAND;0.0;;2.0;2;0.0;1.0;0;0;1.0;;;1.0;0.0;1.0;50.0;Hauts-de-Seine;11;Île-de-France
201900001532;138Â 303Â 673;B01;1.0;1;3.0;1.0;2000.0;5.0;2.0;6.0;;0.0;0;;;3.0;30.0;0.0;2.0;3.0;1.0;1.0;;14;8;2019;19:13;1.0;06;06029;2;1.0;1.0;3.0;JOURDAN (AVENUE MICHEL);43,5556756;6,9702699;4;6 RUE LAMARTINE;0.0;;2.0;2;0.0;2.0;(1);0;2.0;;;1.0;0.0;1.0;50.0;Alpes-Maritimes;93;Provence-Alpes-Côte d'Azur
201900001532;138Â 303Â 674;A01;1.0;1;1.0;1.0;1937.0;5.0;1.0;0.0;;; -1;;;2.0;7.0;0.0;2.0;3.0;15.0;1.0;;14;8;2019;19:13;1.0;06;06029;2;1.0;1.0;3.0;JOURDAN (AVENUE MICHEL);43,5556756;6,9702699;4;6 RUE LAMARTINE;0.0;;2.0;2;0.0;2.0;(1);0;2.0;;;1.0;0.0;1.0;50.0;Alpes-Maritimes;93;Provence-Alpes-Côte d'Azur
201900001533;138Â 303Â 672;A01;1.0;1;3.0;1.0;1997.0;0.0;8.0;8.0;;;0;;;2.0;30.0;15.0;0.0;1.0;26.0;0.0;;31;5;2019;20:00;1.0;92;92026;2;1.0;1.0;6.0;SAINT-DENIS BD (120 A 174 / DE 199 A 315;48,9000000;2,2760000;3;9;0.0;;2.0;2;0.0;1.0;315;0;1.0;;;1.0;0.0;1.0;50.0;Hauts-de-Seine;11;Île-de-France
201900001534;138Â 303Â 669;B01;1.0;1;2.0;1.0;1963.0;1.0;2.0;6.0;;0.0;0;;;2.0;33.0;0.0;2.0;1.0;1.0;1.0;;16;8;2019;07:10;1.0;06;06027;2;1.0;1.0;3.0;CANNES AVENUE DE (RN7);43,6541802;7,1481105;7;(6007)  AVENUE DE CANNES ;0.0;;2.0;2;1.0;2.0;0;0;3.0;;;1.0;0.0;1.0;50.0;Alpes-Maritimes;93;Provence-Alpes-Côte d'Azur
201900001534;138Â 303Â 671;A01;1.0;1;1.0;1.0;1970.0;4.0;8.0;0.0;;0.0;0;;;1.0;10.0;0.0;2.0;8.0;10.0;1.0;;16;8;2019;07:10;1.0;06;06027;2;1.0;1.0;3.0;CANNES AVENUE DE (RN7);43,6541802;7,1481105;7;(6007)  AVENUE DE CANNES ;0.0;;2.0;2;1.0;2.0;0;0;3.0;;;1.0;0.0;1.0;50.0;Alpes-Maritimes;93;Provence-Alpes-Côte d'Azur
201900001535;138Â 303Â 668;A01;1.0;1;1.0;1.0;1991.0;0.0;1.0;0.0;;;0;;;2.0;7.0;0.0;2.0;3.0;20.0;1.0;;30;5;2019;17:30;1.0;92;92026;2;1.0;1.0;3.0;PRÃSIDENT PAUL DOUMER (QUAI DU);48,8913430;2,2578360;3;7;0.0;;1.0;1;0.0;4.0;0;0;2.0;;;1.0;0.0;1.0;50.0;Hauts-de-Seine;11;Île-de-France
201900001535;138Â 303Â 668;A01;2.0;2;1.0;2.0;1992.0;0.0;1.0;0.0;;;0;;;2.0;7.0;0.0;2.0;3.0;20.0;1.0;;30;5;2019;17:30;1.0;92;92026;2;1.0;1.0;3.0;PRÃSIDENT PAUL DOUMER (QUAI DU);48,8913430;2,2578360;3;7;0.0;;1.0;1;0.0;4.0;0;0;2.0;;;1.0;0.0;1.0;50.0;Hauts-de-Seine;11;Île-de-France
201900001535;138Â 303Â 670;B01;1.0;1;2.0;1.0;1979.0;5.0;2.0;6.0;;;0;;;2.0;33.0;0.0;2.0;2.0;1.0;1.0;;30;5;2019;17:30;1.0;92;92026;2;1.0;1.0;3.0;PRÃSIDENT PAUL DOUMER (QUAI DU);48,8913430;2,2578360;3;7;0.0;;1.0;1;0.0;4.0;0;0;2.0;;;1.0;0.0;1.0;50.0;Hauts-de-Seine;11;Île-de-France
201900001536;138Â 303Â 666;A01;1.0;1;1.0;1.0;1949.0;9.0;1.0;0.0;;0.0;0;;;1.0;7.0;0.0;2.0;4.0;17.0;1.0;;10;8;2019;11:53;1.0;06;06027;2;1.0;1.0;2.0;PLAGE BOULEVARD DE LA;43,6469641;7,1478721;7;(6098)     PLAGE BOULEVARD DE LA;0.0;;2.0;2;0.0;1.0;0;0;1.0;;;1.0;0.0;1.0;50.0;Alpes-Maritimes;93;Provence-Alpes-Côte d'Azur
201900001536;138Â 303Â 667;B01;1.0;1;3.0;1.0;1989.0;9.0;2.0;0.0;;0.0;0;;;1.0;31.0;0.0;2.0;1.0;0.0;1.0;;10;8;2019;11:53;1.0;06;06027;2;1.0;1.0;2.0;PLAGE BOULEVARD DE LA;43,6469641;7,1478721;7;(6098)     PLAGE BOULEVARD DE LA;0.0;;2.0;2;0.0;1.0;0;0;1.0;;;1.0;0.0;1.0;50.0;Alpes-Maritimes;93;Provence-Alpes-Côte d'Azur
201900001537;138Â 303Â 665;A01;1.0;1;1.0;1.0;1987.0;9.0;1.0;0.0;;;0;;;3.0;7.0;0.0;1.0;3.0;1.0;1.0;;11;6;2019;11:45;1.0;92;92025;2;1.0;1.0;6.0;MARECHAL JOFFRE (RUE DU);48,9244000;2,2630000;4;MARECHAL JOFFRE (RUE DU);0.0;;1.0;1;0.0;1.0;0;0;1.0;;;1.0;0.0;1.0;50.0;Hauts-de-Seine;11;Île-de-France