Num_Acc;id_vehicule;num_veh;place;catu;grav;sexe;an_nais;trajet;secu1;secu2;secu3;locp;actp;etatp;id_usager;senc;catv;obs;obsm;choc;manv;motor;occutc;jour;mois;an;hrmn;lum;dep;com;agg;int;atm;col;adr;lat;long;catr;voie;v1;v2;circ;nbv;vosp;prof;pr;pr1;plan;lartpc;larrout;surf;infra;situ;vma;nom_departement;reg;nom_region
201900001537;138Â 303Â 665;A01;10.0;3;2.0;1.0;1974.0;9.0;8.0;0.0;;2.0;3;2.0;;3.0;7.0;0.0;1.0;3.0;1.0;1.0;;11;6;2019;11:45;1.0;92;92025;2;1.0;1.0;6.0;MARECHAL JOFFRE (RUE DU);48,9244000;2,2630000;4;MARECHAL JOFFRE (RUE DU);0.0;;1.0;1;0.0;1.0;0;0;1.0;;;1.0;0.0;1.0;50.0;Hauts-de-Seine;11;Île-de-France
201900001538;138Â 303Â 661;A01;1.0;1;2.0;1.0;1981.0;9.0;2.0;0.0;;;0;;;3.0;2.0;0.0;2.0;1.0;0.0;1.0;;13;6;2019;21:10;1.0;92;92025;2;1.0;1.0;3.0;GABRIEL PERI (RUE);48,9232400;2,2523900;3;986;0.0;;;0;0.0;1.0;0;0;1.0;;;1.0;0.0;1.0;50.0;Hauts-de-Seine;11;Île-de-France
201900001538;138Â 303Â 662;B01;1.0;1;2.0;1.0;1996.0;9.0;2.0;0.0;;;0;;;3.0;32.0;0.0;2.0;0.0;0.0;1.0;;13;6;2019;21:10;1.0;92;92025;2;1.0;1.0;3.0;GABRIEL PERI (RUE);48,9232400;2,2523900;3;986;0.0;;;0;0.0;1.0;0;0;1.0;;;1.0;0.0;1.0;50.0;Hauts-de-Seine;11;Île-de-France
201900001539;138Â 303Â 660;A01;1.0;1;1.0;2.0;1934.0;3.0;1.0;8.0;;0.0;0;;;1.0;7.0;0.0;1.0;1.0;1.0;1.0;;13;8;2019;14:50;1.0;06;06004;2;1.0;1.0;6.0;GRASSE RTE DE;43,6015600;7,0843260;3;35;0.0;;1.0;3;0.0;1.0;0;0;1.0;;;1.0;0.0;1.0;50.0;Alpes-Maritimes;93;Provence-Alpes-Côte d'Azur
201900001539;138Â 303Â 660;A01;10.0;3;3.0;2.0;1944.0;5.0;8.0;0.0;;3.0;3;1.0;;1.0;7.0;0.0;1.0;1.0;1.0;1.0;;13;8;2019;14:50;1.0;06;06004;2;1.0;1.0;6.0;GRASSE RTE DE;43,6015600;7,0843260;3;35;0.0;;1.0;3;0.0;1.0;0;0;1.0;;;1.0;0.0;1.0;50.0;Alpes-Maritimes;93;Provence-Alpes-Côte d'Azur
201900001540;138Â 303Â 658;A01;2.0;2;2.0;2.0;2010.0;0.0;2.0;0.0;;;0;;;3.0;30.0;0.0;2.0;2.0;17.0;1.0;;12;6;2019;17:55;1.0;92;92025;2;1.0;2.0;3.0;EDGARD QUINET (BD);48,9234000;2,2493600;4;EDGARD QUINET (BD);0.0;;2.0;2;0.0;1.0;0;0;1.0;;;2.0;0.0;1.0;50.0;Hauts-de-Seine;11;Île-de-France
201900001540;138Â 303Â 658;A01;1.0;1;2.0;1.0;1994.0;0.0;2.0;6.0;;;0;;;3.0;30.0;0.0;2.0;2.0;17.0;1.0;;12;6;2019;17:55;1.0;92;92025;2;1.0;2.0;3.0;EDGARD QUINET (BD);48,9234000;2,2493600;4;EDGARD QUINET (BD);0.0;;2.0;2;0.0;1.0;0;0;1.0;;;2.0;0.0;1.0;50.0;Hauts-de-Seine;11;Île-de-France
201900001540;138Â 303Â 659;B01;1.0;1;1.0;2.0;1986.0;1.0;1.0;0.0;;;0;;;3.0;7.0;0.0;2.0;3.0;9.0;1.0;;12;6;2019;17:55;1.0;92;92025;2;1.0;2.0;3.0;EDGARD QUINET (BD);48,9234000;2,2493600;4;EDGARD QUINET (BD);0.0;;2.0;2;0.0;1.0;0;0;1.0;;;2.0;0.0;1.0;50.0;Hauts-de-Seine;11;Île-de-France
201900001541;138Â 303Â 657;A01;10.0;3;3.0;2.0;1968.0;0.0;8.0;0.0;;2.0;1;1.0;;3.0;38.0;0.0;1.0;5.0;26.0;0.0;1.0;13;8;2019;07:37;1.0;06;06004;2;1.0;1.0;6.0;VAUTRIN BD DU GENERAL;43,5874297;7,1191105;3;6007;0.0;;1.0;2;3.0;1.0;0;0;1.0;;;1.0;9.0;1.0;30.0;Alpes-Maritimes;93;Provence-Alpes-Côte d'Azur
201900001541;138Â 303Â 657;A01;1.0;1;1.0;1.0;1958.0;4.0;1.0;0.0;;0.0;0;;;3.0;38.0;0.0;1.0;5.0;26.0;0.0;1.0;13;8;2019;07:37;1.0;06;06004;2;1.0;1.0;6.0;VAUTRIN BD DU GENERAL;43,5874297;7,1191105;3;6007;0.0;;1.0;2;3.0;1.0;0;0;1.0;;;1.0;9.0;1.0;30.0;Alpes-Maritimes;93;Provence-Alpes-Côte d'Azur
201900001542;138Â 303Â 655;B01;1.0;1;2.0;1.0;1977.0;0.0;2.0;0.0;;;0;;;2.0;34.0;0.0;2.0;1.0;1.0;1.0;;10;6;2019;20:30;1.0;92;92025;2;1.0;1.0;3.0;STALINGRAD (AV DE);48,9310060;2,2671850;3;909;0.0;;2.0;2;0.0;1.0;0;0;1.0;;;1.0;0.0;1.0;50.0;Hauts-de-Seine;11;Île-de-France
201900001542;138Â 303Â 656;A01;1.0;1;1.0;1.0;1976.0;0.0;1.0;0.0;;;0;;;2.0;7.0;0.0;2.0;2.0;10.0;1.0;;10;6;2019;20:30;1.0;92;92025;2;1.0;1.0;3.0;STALINGRAD (AV DE);48,9310060;2,2671850;3;909;0.0;;2.0;2;0.0;1.0;0;0;1.0;;;1.0;0.0;1.0;50.0;Hauts-de-Seine;11;Île-de-France
201900001543;138Â 303Â 653;B01;1.0;1;2.0;1.0;1987.0;5.0;2.0;6.0;;0.0;0;;;2.0;33.0;0.0;2.0;7.0;1.0;1.0;;15;8;2019;18:45;1.0;05;05061;2;6.0;1.0;3.0;EMBRUN ( AVENUE D');44,5675300;6,0972700;2;94;0.0;;2.0;2;0.0;1.0;71;419;1.0;;;1.0;5.0;1.0;50.0;Hautes-Alpes;93;Provence-Alpes-Côte d'Azur
201900001543;138Â 303Â 654;A01;1.0;1;1.0;1.0;1942.0;5.0;1.0;0.0;;0.0;0;;;2.0;7.0;0.0;2.0;3.0;9.0;1.0;;15;8;2019;18:45;1.0;05;05061;2;6.0;1.0;3.0;EMBRUN ( AVENUE D');44,5675300;6,0972700;2;94;0.0;;2.0;2;0.0;1.0;71;419;1.0;;;1.0;5.0;1.0;50.0;Hautes-Alpes;93;Provence-Alpes-Côte d'Azur
201900001544;138Â 303Â 651;A01;1.0;1;2.0;1.0;2004.0;5.0;8.0;0.0;;;0;;;2.0;1.0;0.0;0.0;0.0;1.0;5.0;;14;8;2019;09:10;1.0;05;05061;2;1.0;1.0;7.0;GEORGES POUGET ( RUE);44,5588200;6,0680700;4;GEORGES POUGET ( RUE);0.0;;;2;0.0;2.0;0;1;1.0;;;1.0;0.0;1.0;50.0;Hautes-Alpes;93;Provence-Alpes-Côte d'Azur
201900001545;138Â 303Â 649;A01;10.0;3;2.0;2.0;1957.0;9.0;8.0;0.0;;3.0;3;1.0;;2.0;1.0;0.0;1.0;1.0;1.0;5.0;;14;8;2019;08:25;1.0;05;05023;2;1.0;1.0;6.0;FORGUES (AVENUE DU PROF.);44,9056000;6,6302000;2;94;0.0;;2.0;2;0.0;2.0;160;712;1.0;;;1.0;0.0;1.0;50.0;Hautes-Alpes;93;Provence-Alpes-Côte d'Azur
201900001545;138Â 303Â 649;A01;1.0;1;1.0;1.0;1991.0;1.0;8.0;0.0;;0.0;0;;;2.0;1.0;0.0;1.0;1.0;1.0;5.0;;14;8;2019;08:25;1.0;05;05023;2;1.0;1.0;6.0;FORGUES (AVENUE DU PROF.);44,9056000;6,6302000;2;94;0.0;;2.0;2;0.0;2.0;160;712;1.0;;;1.0;0.0;1.0;50.0;Hautes-Alpes;93;Provence-Alpes-Côte d'Azur
201900001546;138Â 303Â 648;A01;1.0;1;1.0;1.0;1986.0;5.0;2.0;6.0;;;0;;;3.0;33.0;15.0;0.0;1.0;16.0;1.0;;4;8;2019;17:10;1.0;02;02805;2;1.0;1.0;7.0;MOINES Rue des;49,3710000;3,3564700;4;MOINES Rue des;0.0;;2.0;2;0.0;1.0;0;0;3.0;;;1.0;5.0;1.0;50.0;Aisne;32;Hauts-de-France
201900001546;138Â 303Â 648;A01;2.0;2;3.0;2.0;1986.0;5.0;2.0;6.0;;;0;;;3.0;33.0;15.0;0.0;1.0;16.0;1.0;;4;8;2019;17:10;1.0;02;02805;2;1.0;1.0;7.0;MOINES Rue des;49,3710000;3,3564700;4;MOINES Rue des;0.0;;2.0;2;0.0;1.0;0;0;3.0;;;1.0;5.0;1.0;50.0;Aisne;32;Hauts-de-France
201900001547;138Â 303Â 650;A01;1.0;1;2.0;1.0;1999.0;0.0;8.0;0.0;;;0;;;3.0;1.0;0.0;6.0;1.0;2.0;5.0;;10;6;2019;16:40;1.0;92;92025;2;1.0;1.0;2.0;BOURNARD (RUE DU);48,9230345;2,2544218;3;986;0.0;;2.0;4;0.0;1.0;0;0;1.0;;;1.0;0.0;1.0;50.0;Hauts-de-Seine;11;Île-de-France
201900001547;138Â 303Â 652;B01;1.0;1;1.0;2.0;1981.0;0.0;1.0;0.0;;;0;;;0.0;7.0;0.0;6.0;4.0;0.0;1.0;;10;6;2019;16:40;1.0;92;92025;2;1.0;1.0;2.0;BOURNARD (RUE DU);48,9230345;2,2544218;3;986;0.0;;2.0;4;0.0;1.0;0;0;1.0;;;1.0;0.0;1.0;50.0;Hauts-de-Seine;11;Île-de-France
201900001548;138Â 303Â 646;A01;10.0;3;2.0;2.0;1966.0;5.0;8.0;0.0;;4.0;3;1.0;;2.0;7.0;0.0;1.0;3.0;9.0;1.0;;18;6;2019;15:05;1.0;92;92024;2;1.0;1.0;6.0;HENRI BARBUSSE (RUE) DE (73 A 139);48,9009100;2,3081700;3;17;0.0;;2.0;2;0.0;1.0;0;0;1.0;;;1.0;6.0;1.0;50.0;Hauts-de-Seine;11;Île-de-France
201900001548;138Â 303Â 646;A01;1.0;1;1.0;1.0;1975.0;5.0;8.0;8.0;;0.0;0;;;2.0;7.0;0.0;1.0;3.0;9.0;1.0;;18;6;2019;15:05;1.0;92;92024;2;1.0;1.0;6.0;HENRI BARBUSSE (RUE) DE (73 A 139);48,9009100;2,3081700;3;17;0.0;;2.0;2;0.0;1.0;0;0;1.0;;;1.0;6.0;1.0;50.0;Hauts-de-Seine;11;Île-de-France
201900001549;138Â 303Â 644;B01;1.0;1;2.0;1.0;1991.0;0.0;2.0;0.0;;;0;;;1.0;32.0;0.0;2.0;0.0;0.0;0.0;;16;6;2019;17:00;1.0;92;92024;2;2.0;1.0;3.0;CLICHY (QUAI DE) DE (104 A 202);48,9036700;2,2900900;3;1;0.0;;2.0;3;0.0;1.0;0;0;1.0;;;1.0;5.0;1.0;50.0;Hauts-de-Seine;11;Île-de-France
201900001549;138Â 303Â 645;A01;1.0;1;1.0;1.0;1987.0;0.0;1.0;0.0;;;0;;;1.0;7.0;0.0;2.0;7.0;9.0;1.0;;16;6;2019;17:00;1.0;92;92024;2;2.0;1.0;3.0;CLICHY (QUAI DE) DE (104 A 202);48,9036700;2,2900900;3;1;0.0;;2.0;3;0.0;1.0;0;0;1.0;;;1.0;5.0;1.0;50.0;Hauts-de-Seine;11;Île-de-France
201900001550;138Â 303Â 643;A01;10.0;3;2.0;2.0;2005.0;2.0;8.0;0.0;;2.0;3;1.0;;1.0;7.0;0.0;1.0;3.0;17.0;1.0;;17;6;2019;09:45;1.0;92;92023;2;1.0;1.0;6.0;FONTENAY (RUE DE);48,7972300;2,2735700;4;FONTENAY (RUE DE);0.0;;1.0;1;0.0;2.0;0;0;1.0;;;1.0;0.0;1.0;30.0;Hauts-de-Seine;11;Île-de-France
201900001550;138Â 303Â 643;A01;1.0;1;1.0;1.0;1971.0;9.0;1.0;0.0;;;0;;;1.0;7.0;0.0;1.0;3.0;17.0;1.0;;17;6;2019;09:45;1.0;92;92023;2;1.0;1.0;6.0;FONTENAY (RUE DE);48,7972300;2,2735700;4;FONTENAY (RUE DE);0.0;;1.0;1;0.0;2.0;0;0;1.0;;;1.0;0.0;1.0;30.0;Hauts-de-Seine;11;Île-de-France
201900001551;138Â 303Â 641;A01;1.0;1;2.0;1.0;1965.0;4.0;2.0;8.0;;;0;;;1.0;33.0;0.0;2.0;1.0;17.0;1.0;;11;6;2019;06:50;1.0;92;92060;2;1.0;1.0;3.0;GALILEE (AVENUE);48,7814100;2,2477700;4;GALILEE (AVENUE);0.0;;1.0;1;0.0;1.0;0;0;1.0;;;1.0;8.0;1.0;50.0;Hauts-de-Seine;11;Île-de-France
201900001551;138Â 303Â 642;B01;1.0;1;1.0;1.0;1981.0;4.0;1.0;0.0;;;0;;;1.0;10.0;0.0;2.0;3.0;15.0;1.0;;11;6;2019;06:50;1.0;92;92060;2;1.0;1.0;3.0;GALILEE (AVENUE);48,7814100;2,2477700;4;GALILEE (AVENUE);0.0;;1.0;1;0.0;1.0;0;0;1.0;;;1.0;8.0;1.0;50.0;Hauts-de-Seine;11;Île-de-France
201900001552;138Â 303Â 639;A01;1.0;1;2.0;2.0;1965.0;4.0;2.0;8.0;;;0;;;2.0;30.0;0.0;2.0;1.0;17.0;1.0;;6;6;2019;08:40;1.0;92;92023;2;1.0;1.0;3.0;PORTE DE TRIVAUX (RUE DE) NÂ°57 A 197 ET;48,7871400;2,2466000;3;80;0.0;;2.0;2;0.0;1.0;0;0;1.0;;;1.0;0.0;1.0;50.0;Hauts-de-Seine;11;Île-de-France
201900001552;138Â 303Â 640;B01;1.0;1;1.0;2.0;1980.0;5.0;1.0;0.0;;;0;;;2.0;7.0;0.0;2.0;3.0;9.0;1.0;;6;6;2019;08:40;1.0;92;92023;2;1.0;1.0;3.0;PORTE DE TRIVAUX (RUE DE) NÂ°57 A 197 ET;48,7871400;2,2466000;3;80;0.0;;2.0;2;0.0;1.0;0;0;1.0;;;1.0;0.0;1.0;50.0;Hauts-de-Seine;11;Île-de-France
201900001553;138Â 303Â 638;A01;10.0;3;2.0;2.0;2014.0;5.0;8.0;0.0;;5.0;9;1.0;;2.0;1.0;0.0;1.0;1.0;25.0;5.0;;3;6;2019;18:00;1.0;92;92023;2;1.0;1.0;6.0;PORTE DE TRIVAUX (RUE DE) NÂ°57 A 197 ET;48,7851000;2,2394300;3;80;0.0;;2.0;2;0.0;1.0;0;0;1.0;;;1.0;0.0;1.0;50.0;Hauts-de-Seine;11;Île-de-France
201900001553;138Â 303Â 638;A01;1.0;1;2.0;1.0;1972.0;1.0;8.0;0.0;;;0;;;2.0;1.0;0.0;1.0;1.0;25.0;5.0;;3;6;2019;18:00;1.0;92;92023;2;1.0;1.0;6.0;PORTE DE TRIVAUX (RUE DE) NÂ°57 A 197 ET;48,7851000;2,2394300;3;80;0.0;;2.0;2;0.0;1.0;0;0;1.0;;;1.0;0.0;1.0;50.0;Hauts-de-Seine;11;Île-de-France
201900001554;138Â 303Â 636;B01;1.0;1;2.0;1.0;1979.0;5.0;2.0;8.0;;;0;;;2.0;1.0;0.0;2.0;1.0;2.0;5.0;;1;6;2019;13:20;1.0;92;92023;2;1.0;1.0;3.0;GENERAL DE GAULLE (AV DU) NÂ°130 A 340 ET;48,7872646;2,2561842;3;906;0.0;;2.0;3;0.0;1.0;0;0;1.0;;;1.0;0.0;1.0;50.0;Hauts-de-Seine;11;Île-de-France
201900001554;138Â 303Â 637;A01;1.0;1;1.0;1.0;1990.0;5.0;1.0;8.0;;;0;;;2.0;7.0;0.0;2.0;6.0;9.0;1.0;;1;6;2019;13:20;1.0;92;92023;2;1.0;1.0;3.0;GENERAL DE GAULLE (AV DU) NÂ°130 A 340 ET;48,7872646;2,2561842;3;906;0.0;;2.0;3;0.0;1.0;0;0;1.0;;;1.0;0.0;1.0;50.0;Hauts-de-Seine;11;Île-de-France
201900001555;138Â 303Â 634;A01;1.0;1;1.0;1.0;1985.0;1.0;1.0;0.0;;; -1;;;2.0;10.0;0.0;2.0;3.0;1.0;1.0;;13;6;2019;15:40;1.0;92;92019;2;3.0;2.0;3.0;DIVISION LECLERC (AVENUE DE LA);48,7656516;2,2592994;3;986;0.0;;2.0;2;0.0;2.0;0;0;1.0;;;2.0;9.0;1.0;30.0;Hauts-de-Seine;11;Île-de-France
201900001555;138Â 303Â 635;B01;2.0;2;2.0;2.0;2001.0;5.0;2.0;0.0;;; -1;;;2.0;32.0;0.0;2.0;1.0;17.0;1.0;;13;6;2019;15:40;1.0;92;92019;2;3.0;2.0;3.0;DIVISION LECLERC (AVENUE DE LA);48,7656516;2,2592994;3;986;0.0;;2.0;2;0.0;2.0;0;0;1.0;;;2.0;9.0;1.0;30.0;Hauts-de-Seine;11;Île-de-France
201900001555;138Â 303Â 635;B01;1.0;1;2.0;1.0;2000.0;9.0;2.0;6.0;;; -1;;;2.0;32.0;0.0;2.0;1.0;17.0;1.0;;13;6;2019;15:40;1.0;92;92019;2;3.0;2.0;3.0;DIVISION LECLERC (AVENUE DE LA);48,7656516;2,2592994;3;986;0.0;;2.0;2;0.0;2.0;0;0;1.0;;;2.0;9.0;1.0;30.0;Hauts-de-Seine;11;Île-de-France
201900001556;138Â 303Â 633;A01;1.0;1;1.0;1.0;1999.0;5.0;1.0;0.0;;0.0;0;;;2.0;7.0;0.0;2.0;8.0;22.0;1.0;;17;8;2019;18:35;1.0;75;75120;2;1.0;2.0;3.0;ECHANGEUR LILAS;48,8762742;2,4100024;4;ECHANGEUR LILAS;0.0;;1.0;2;0.0;2.0;28;540;3.0;;;2.0;0.0;1.0;50.0;Paris;11;Île-de-France
201900001556;138Â 303Â 633;A01;2.0;2;1.0;1.0;1991.0;5.0;1.0;0.0;;0.0;0;;;2.0;7.0;0.0;2.0;8.0;22.0;1.0;;17;8;2019;18:35;1.0;75;75120;2;1.0;2.0;3.0;ECHANGEUR LILAS;48,8762742;2,4100024;4;ECHANGEUR LILAS;0.0;;1.0;2;0.0;2.0;28;540;3.0;;;2.0;0.0;1.0;50.0;Paris;11;Île-de-France
201900001556;138Â 303Â 647;B01;1.0;1;2.0;1.0;1984.0;1.0;2.0;6.0;;0.0;0;;;2.0;32.0;0.0;2.0;2.0;3.0;1.0;;17;8;2019;18:35;1.0;75;75120;2;1.0;2.0;3.0;ECHANGEUR LILAS;48,8762742;2,4100024;4;ECHANGEUR LILAS;0.0;;1.0;2;0.0;2.0;28;540;3.0;;;2.0;0.0;1.0;50.0;Paris;11;Île-de-France
201900001557;138Â 303Â 631;A01;1.0;1;1.0;2.0;1998.0;5.0;1.0;5.0;;0.0;0;;;3.0;7.0;0.0;2.0;1.0;1.0;0.0;;16;6;2019;06:20;1.0;92;92012;2;1.0;1.0;2.0;GENERAL LECLERC (AVENUE DU) 1/33 - 2/58;48,8329200;2,2405700;3;910;0.0;;3.0;4;0.0;1.0;0;0;1.0;;;1.0;0.0;1.0;50.0;Hauts-de-Seine;11;Île-de-France
201900001557;138Â 303Â 632;B01;1.0;1;2.0;1.0;1989.0;1.0;1.0;0.0;;;0;;;3.0;7.0;0.0;2.0;4.0;23.0;0.0;;16;6;2019;06:20;1.0;92;92012;2;1.0;1.0;2.0;GENERAL LECLERC (AVENUE DU) 1/33 - 2/58;48,8329200;2,2405700;3;910;0.0;;3.0;4;0.0;1.0;0;0;1.0;;;1.0;0.0;1.0;50.0;Hauts-de-Seine;11;Île-de-France
201900001558;138Â 303Â 627;C01;1.0;1;1.0;2.0;1978.0;4.0;1.0;0.0;;0.0;0;;;1.0;10.0;4.0;2.0;3.0;2.0;1.0;;17;8;2019;18:00;1.0;75;75120;2;1.0;2.0;4.0;ECHANGEUR BAGNOLET;48,8646795;2,4127597;4;ECHANGEUR BAGNOLET;0.0;;;2;0.0;1.0;29;958;2.0;;;8.0;0.0;1.0;50.0;Paris;11;Île-de-France
201900001558;138Â 303Â 627;C01;2.0;2;2.0;1.0;2004.0;9.0;1.0;0.0;;0.0;0;;;1.0;10.0;4.0;2.0;3.0;2.0;1.0;;17;8;2019;18:00;1.0;75;75120;2;1.0;2.0;4.0;ECHANGEUR BAGNOLET;48,8646795;2,4127597;4;ECHANGEUR BAGNOLET;0.0;;;2;0.0;1.0;29;958;2.0;;;8.0;0.0;1.0;50.0;Paris;11;Île-de-France
201900001558;138Â 303Â 627;C01;4.0;2;2.0;1.0;2004.0;9.0;1.0;0.0;;0.0;0;;;1.0;10.0;4.0;2.0;3.0;2.0;1.0;;17;8;2019;18:00;1.0;75;75120;2;1.0;2.0;4.0;ECHANGEUR BAGNOLET;48,8646795;2,4127597;4;ECHANGEUR BAGNOLET;0.0;;;2;0.0;1.0;29;958;2.0;;;8.0;0.0;1.0;50.0;Paris;11;Île-de-France
201900001558;138Â 303Â 629;B01;2.0;2;2.0;2.0;1997.0;5.0;1.0;0.0;;0.0;0;;;1.0;7.0;0.0;2.0;6.0;2.0;1.0;;17;8;2019;18:00;1.0;75;75120;2;1.0;2.0;4.0;ECHANGEUR BAGNOLET;48,8646795;2,4127597;4;ECHANGEUR BAGNOLET;0.0;;;2;0.0;1.0;29;958;2.0;;;8.0;0.0;1.0;50.0;Paris;11;Île-de-France
201900001558;138Â 303Â 629;B01;1.0;1;1.0;2.0;1988.0;5.0;1.0;0.0;;0.0;0;;;1.0;7.0;0.0;2.0;6.0;2.0;1.0;;17;8;2019;18:00;1.0;75;75120;2;1.0;2.0;4.0;ECHANGEUR BAGNOLET;48,8646795;2,4127597;4;ECHANGEUR BAGNOLET;0.0;;;2;0.0;1.0;29;958;2.0;;;8.0;0.0;1.0;50.0;Paris;11;Île-de-France
201900001558;138Â 303Â 630;A01;1.0;1;1.0;2.0;1981.0;5.0;1.0;0.0;;0.0;0;;;1.0;7.0;0.0;2.0;2.0;2.0;1.0;;17;8;2019;18:00;1.0;75;75120;2;1.0;2.0;4.0;ECHANGEUR BAGNOLET;48,8646795;2,4127597;4;ECHANGEUR BAGNOLET;0.0;;;2;0.0;1.0;29;958;2.0;;;8.0;0.0;1.0;50.0;Paris;11;Île-de-France
201900001559;138Â 303Â 626;B01;1.0;1;2.0;1.0;1984.0;4.0;2.0;0.0;;;0;;;1.0;33.0;0.0;2.0;1.0;1.0;1.0;;13;6;2019;09:50;1.0;92;92012;2;2.0;1.0;3.0;GENERAL LECLERC (AVENUE DU) 35/FIN - 60/;48,8309549;2,2346812;3;910;0.0;;3.0;5;0.0;1.0;0;0;1.0;;;1.0;5.0;1.0;50.0;Hauts-de-Seine;11;Île-de-France
201900001559;138Â 303Â 628;A01;1.0;1;1.0;1.0;1981.0;1.0;8.0;0.0;;;0;;;2.0;7.0;0.0;2.0;2.0;19.0;1.0;;13;6;2019;09:50;1.0;92;92012;2;2.0;1.0;3.0;GENERAL LECLERC (AVENUE DU) 35/FIN - 60/;48,8309549;2,2346812;3;910;0.0;;3.0;5;0.0;1.0;0;0;1.0;;;1.0;5.0;1.0;50.0;Hauts-de-Seine;11;Île-de-France
201900001560;138Â 303Â 624;B01;1.0;1;2.0;2.0;1982.0;4.0;1.0;8.0;;0.0;0;;;1.0;7.0;0.0;2.0;4.0;2.0;1.0;;16;8;2019;19:55;1.0;75;75115;2;4.0;1.0;2.0;BD PERIPHERIQUE INTERIEUR;48,8267961;2,2956214;4;BD PERIPHERIQUE INTERIEUR;0.0;;1.0;3;0.0;1.0;7;600;1.0;;;1.0;0.0;1.0;70.0;Paris;11;Île-de-France
201900001560;138Â 303Â 625;A01;1.0;1;2.0;1.0;1966.0;5.0;1.0;8.0;;0.0;0;;;1.0;7.0;4.0;2.0;1.0;2.0;1.0;;16;8;2019;19:55;1.0;75;75115;2;4.0;1.0;2.0;BD PERIPHERIQUE INTERIEUR;48,8267961;2,2956214;4;BD PERIPHERIQUE INTERIEUR;0.0;;1.0;3;0.0;1.0;7;600;1.0;;;1.0;0.0;1.0;70.0;Paris;11;Île-de-France
201900001561;138Â 303Â 622;B01;1.0;1;2.0;1.0;2002.0;0.0;8.0;0.0;;;0;;;3.0;80.0;0.0;2.0;1.0;2.0;3.0;;12;6;2019;14:15;1.0;92;92012;2;2.0;3.0;2.0;SILLY (RUE DE) 1/87 - 2/88;48,8423800;2,2307400;4;SILLY (RUE DE) 1/87 - 2/88;0.0;;2.0;2;0.0;1.0;0;0;1.0;;;2.0;0.0;1.0;50.0;Hauts-de-Seine;11;Île-de-France
201900001561;138Â 303Â 623;A01;1.0;1;1.0;1.0;1966.0;0.0;1.0;0.0;;;0;;;3.0;7.0;0.0;2.0;5.0;2.0;1.0;;12;6;2019;14:15;1.0;92;92012;2;2.0;3.0;2.0;SILLY (RUE DE) 1/87 - 2/88;48,8423800;2,2307400;4;SILLY (RUE DE) 1/87 - 2/88;0.0;;2.0;2;0.0;1.0;0;0;1.0;;;2.0;0.0;1.0;50.0;Hauts-de-Seine;11;Île-de-France
201900001562;138Â 303Â 616;C01;1.0;1;1.0;1.0;1991.0;5.0;1.0;0.0;;0.0;0;;;2.0;7.0;0.0;2.0;5.0;23.0;1.0;;14;8;2019;19:30;1.0;75;75114;2;1.0;1.0;4.0;BD PERIPHERIQUE EXTERIEUR;48,8240040;2,3076690;4;BD PERIPHERIQUE EXTERIEUR;0.0;;1.0;3;0.0;1.0;6;700;1.0;;;1.0;0.0;1.0;70.0;Paris;11;Île-de-France
201900001562;138Â 303Â 617;B01;1.0;1;2.0;2.0;1981.0;5.0;2.0;6.0;;0.0;0;;;2.0;32.0;0.0;2.0;7.0;3.0;1.0;;14;8;2019;19:30;1.0;75;75114;2;1.0;1.0;4.0;BD PERIPHERIQUE EXTERIEUR;48,8240040;2,3076690;4;BD PERIPHERIQUE EXTERIEUR;0.0;;1.0;3;0.0;1.0;6;700;1.0;;;1.0;0.0;1.0;70.0;Paris;11;Île-de-France
201900001562;138Â 303Â 618;A01;1.0;1;1.0;1.0;1986.0;1.0;2.0;6.0;;0.0;0;;;2.0;31.0;0.0;2.0;8.0;11.0;1.0;;14;8;2019;19:30;1.0;75;75114;2;1.0;1.0;4.0;BD PERIPHERIQUE EXTERIEUR;48,8240040;2,3076690;4;BD PERIPHERIQUE EXTERIEUR;0.0;;1.0;3;0.0;1.0;6;700;1.0;;;1.0;0.0;1.0;70.0;Paris;11;Île-de-France
201900001563;138Â 303Â 619;A01;1.0;1;1.0;1.0;1964.0;0.0;8.0;8.0;;;0;;;3.0;7.0;0.0;1.0;2.0;1.0;2.0;;11;6;2019;17:15;1.0;92;92012;2;1.0;2.0;6.0;MEUDON (RUE DE) - COTE PAIR;48,8281700;2,2420700;4;MEUDON (RUE DE) - COTE PAIR;0.0;;2.0;0;0.0;1.0;0;0;1.0;;;2.0;0.0;1.0;50.0;Hauts-de-Seine;11;Île-de-France
201900001563;138Â 303Â 619;A01;10.0;3;2.0;1.0;2007.0;5.0;8.0;0.0;;2.0;3;1.0;;3.0;7.0;0.0;1.0;2.0;1.0;2.0;;11;6;2019;17:15;1.0;92;92012;2;1.0;2.0;6.0;MEUDON (RUE DE) - COTE PAIR;48,8281700;2,2420700;4;MEUDON (RUE DE) - COTE PAIR;0.0;;2.0;0;0.0;1.0;0;0;1.0;;;2.0;0.0;1.0;50.0;Hauts-de-Seine;11;Île-de-France
201900001564;138Â 303Â 614;A01;2.0;2;2.0;1.0;1985.0;5.0;2.0;6.0;;0.0;0;;;1.0;34.0;0.0;2.0;4.0;2.0;1.0;;14;8;2019;17:30;1.0;75;75117;2;1.0;1.0;6.0;BD PERIPHERIQUE INTERIEUR;48,8896919;2,2974046;4;BD PERIPHERIQUE INTERIEUR;0.0;;1.0;4;0.0;1.0;18;100;1.0;;;1.0;1.0;1.0;70.0;Paris;11;Île-de-France