Num_Acc;id_vehicule;num_veh;place;catu;grav;sexe;an_nais;trajet;secu1;secu2;secu3;locp;actp;etatp;id_usager;senc;catv;obs;obsm;choc;manv;motor;occutc;jour;mois;an;hrmn;lum;dep;com;agg;int;atm;col;adr;lat;long;catr;voie;v1;v2;circ;nbv;vosp;prof;pr;pr1;plan;lartpc;larrout;surf;infra;situ;vma;nom_departement;reg;nom_region
201900001564;138Â 303Â 614;A01;1.0;1;1.0;1.0;1988.0;5.0;2.0;6.0;;0.0;0;;;1.0;34.0;0.0;2.0;4.0;2.0;1.0;;14;8;2019;17:30;1.0;75;75117;2;1.0;1.0;6.0;BD PERIPHERIQUE INTERIEUR;48,8896919;2,2974046;4;BD PERIPHERIQUE INTERIEUR;0.0;;1.0;4;0.0;1.0;18;100;1.0;;;1.0;1.0;1.0;70.0;Paris;11;Île-de-France
201900001565;138Â 303Â 613;A01;10.0;3;2.0;2.0;1971.0;0.0;0.0;0.0;0.0;1.0;A;1.0;;1.0;99.0;0.0;1.0;1.0;17.0;0.0;;10;6;2019;14:00;1.0;92;92012;2;1.0;1.0;6.0;REPUBLIQUE (BOULEVARD DE LA) 5/77BIS - 6;48,8315532;2,2555370;3;50;0.0;;2.0;2;0.0;1.0;0;0;1.0;;;2.0;0.0;1.0;50.0;Hauts-de-Seine;11;Île-de-France
201900001565;138Â 303Â 613;A01;1.0;1;1.0;2.0;1961.0;9.0;1.0;0.0;;;0;;;1.0;99.0;0.0;1.0;1.0;17.0;0.0;;10;6;2019;14:00;1.0;92;92012;2;1.0;1.0;6.0;REPUBLIQUE (BOULEVARD DE LA) 5/77BIS - 6;48,8315532;2,2555370;3;50;0.0;;2.0;2;0.0;1.0;0;0;1.0;;;2.0;0.0;1.0;50.0;Hauts-de-Seine;11;Île-de-France
201900001566;138Â 303Â 611;A01;1.0;1;1.0;1.0;1972.0;5.0;1.0;0.0;;;0;;;2.0;7.0;0.0;1.0;1.0;15.0;1.0;;7;6;2019;17:30;1.0;92;92012;2;2.0;2.0;6.0;GALLIENI (RUE) 142/FIN;48,8350806;2,2280588;4;GALLIENI (RUE) 142/FIN;0.0;;2.0;1;0.0;1.0;0;0;1.0;;;1.0;0.0;1.0;30.0;Hauts-de-Seine;11;Île-de-France
201900001566;138Â 303Â 611;A01;10.0;3;2.0;1.0;2006.0;2.0;8.0;0.0;;2.0;3;1.0;;2.0;7.0;0.0;1.0;1.0;15.0;1.0;;7;6;2019;17:30;1.0;92;92012;2;2.0;2.0;6.0;GALLIENI (RUE) 142/FIN;48,8350806;2,2280588;4;GALLIENI (RUE) 142/FIN;0.0;;2.0;1;0.0;1.0;0;0;1.0;;;1.0;0.0;1.0;30.0;Hauts-de-Seine;11;Île-de-France
201900001567;138Â 303Â 610;B01;1.0;1;2.0;1.0;1992.0;1.0;2.0;6.0;;0.0;0;;;1.0;31.0;0.0;2.0;8.0;3.0;1.0;;14;8;2019;17:40;1.0;75;75113;2;1.0;1.0;3.0;BD PERIPHERIQUE INTERIEUR;48,8230400;2,3812350;4;BD PERIPHERIQUE INTERIEUR;0.0;;1.0;4;0.0;1.0;0;800;1.0;;;1.0;0.0;1.0;70.0;Paris;11;Île-de-France
201900001567;138Â 303Â 612;A01;1.0;1;1.0;2.0;1999.0;5.0;1.0;0.0;;0.0;0;;;1.0;7.0;0.0;2.0;5.0;12.0;1.0;;14;8;2019;17:40;1.0;75;75113;2;1.0;1.0;3.0;BD PERIPHERIQUE INTERIEUR;48,8230400;2,3812350;4;BD PERIPHERIQUE INTERIEUR;0.0;;1.0;4;0.0;1.0;0;800;1.0;;;1.0;0.0;1.0;70.0;Paris;11;Île-de-France
201900001568;138Â 303Â 609;A01;10.0;3;2.0;1.0;1983.0;9.0;8.0;0.0;;0.0;1;1.0;;1.0;7.0;0.0;2.0;7.0;16.0;1.0;;6;6;2019;20:26;2.0;92;92012;2;3.0;1.0;6.0;VIEUX PONT DE SEVRES (ALLEE DU);48,8312980;2,2415800;4;VIEUX PONT DE SEVRES (ALLEE DU);0.0;;1.0;1;0.0;1.0;0;0;1.0;;;1.0;0.0;1.0;50.0;Hauts-de-Seine;11;Île-de-France
201900001568;138Â 303Â 609;A01;1.0;1;1.0;1.0;1995.0;0.0;1.0;0.0;;;0;;;1.0;7.0;0.0;2.0;7.0;16.0;1.0;;6;6;2019;20:26;2.0;92;92012;2;3.0;1.0;6.0;VIEUX PONT DE SEVRES (ALLEE DU);48,8312980;2,2415800;4;VIEUX PONT DE SEVRES (ALLEE DU);0.0;;1.0;1;0.0;1.0;0;0;1.0;;;1.0;0.0;1.0;50.0;Hauts-de-Seine;11;Île-de-France
201900001569;138Â 303Â 608;A01;1.0;1;2.0;1.0;1975.0;1.0;2.0;6.0;;0.0;0;;;1.0;43.0;0.0;0.0;7.0;1.0;1.0;;14;8;2019;10:30;1.0;75;75120;2;1.0;1.0;7.0;ECHANGEUR BAGNOLET;48,8653726;2,4123730;4;ECHANGEUR BAGNOLET;0.0;;1.0;2;0.0;2.0;29;958;3.0;;;1.0;0.0;1.0;50.0;Paris;11;Île-de-France
201900001570;138Â 303Â 607;A01;10.0;3;3.0;1.0;2006.0;0.0;8.0;0.0;;3.0;3;1.0;;1.0;7.0;0.0;1.0;1.0;2.0;0.0;;6;6;2019;17:45;1.0;92;92012;2;1.0;1.0;6.0;BILLANCOURT (RUE DE) 1/61 - 2/104;48,8433000;2,2345000;4;BILLANCOURT (RUE DE) 1/61 - 2/104;0.0;;1.0;1;0.0;1.0;0;0;1.0;;;1.0;0.0;1.0;30.0;Hauts-de-Seine;11;Île-de-France
201900001570;138Â 303Â 607;A01;2.0;2;1.0;1.0;2005.0;0.0;1.0;0.0;;;0;;;1.0;7.0;0.0;1.0;1.0;2.0;0.0;;6;6;2019;17:45;1.0;92;92012;2;1.0;1.0;6.0;BILLANCOURT (RUE DE) 1/61 - 2/104;48,8433000;2,2345000;4;BILLANCOURT (RUE DE) 1/61 - 2/104;0.0;;1.0;1;0.0;1.0;0;0;1.0;;;1.0;0.0;1.0;30.0;Hauts-de-Seine;11;Île-de-France
201900001570;138Â 303Â 607;A01;1.0;1;1.0;2.0;1967.0;0.0;1.0;0.0;;;0;;;1.0;7.0;0.0;1.0;1.0;2.0;0.0;;6;6;2019;17:45;1.0;92;92012;2;1.0;1.0;6.0;BILLANCOURT (RUE DE) 1/61 - 2/104;48,8433000;2,2345000;4;BILLANCOURT (RUE DE) 1/61 - 2/104;0.0;;1.0;1;0.0;1.0;0;0;1.0;;;1.0;0.0;1.0;30.0;Hauts-de-Seine;11;Île-de-France
201900001571;138Â 303Â 603;A01;1.0;1;1.0;1.0;1976.0;1.0;1.0;0.0;;;0;;;1.0;7.0;0.0;1.0;1.0;1.0;1.0;;31;1;2019;20:17;5.0;92;92012;2;1.0;2.0;6.0;JEAN JAURES (BOULEVARD) 217/FIN - 210/FI;48,8278600;2,2468800;3;50;0.0;;;1;0.0;1.0;0;0;1.0;;;2.0;0.0;1.0;50.0;Hauts-de-Seine;11;Île-de-France
201900001571;138Â 303Â 603;A01;10.0;3;3.0;2.0;2009.0;0.0;0.0;0.0;;3.0;0;2.0;;1.0;7.0;0.0;1.0;1.0;1.0;1.0;;31;1;2019;20:17;5.0;92;92012;2;1.0;2.0;6.0;JEAN JAURES (BOULEVARD) 217/FIN - 210/FI;48,8278600;2,2468800;3;50;0.0;;;1;0.0;1.0;0;0;1.0;;;2.0;0.0;1.0;50.0;Hauts-de-Seine;11;Île-de-France
201900001572;138Â 303Â 604;C01;1.0;1;1.0;2.0;1990.0;1.0;1.0;0.0;;0.0;0;;;1.0;7.0;0.0;2.0;4.0;2.0;1.0;;14;8;2019;09:30;1.0;75;75114;2;1.0;1.0;4.0;BD PERIPHERIQUE INTERIEUR;48,8235200;2,3103580;4;BD PERIPHERIQUE INTERIEUR;0.0;;1.0;3;0.0;1.0;6;500;1.0;;;1.0;0.0;1.0;70.0;Paris;11;Île-de-France
201900001572;138Â 303Â 605;B01;1.0;1;1.0;1.0;1973.0;1.0;1.0;0.0;;0.0;0;;;1.0;7.0;0.0;2.0;6.0;2.0;1.0;;14;8;2019;09:30;1.0;75;75114;2;1.0;1.0;4.0;BD PERIPHERIQUE INTERIEUR;48,8235200;2,3103580;4;BD PERIPHERIQUE INTERIEUR;0.0;;1.0;3;0.0;1.0;6;500;1.0;;;1.0;0.0;1.0;70.0;Paris;11;Île-de-France
201900001572;138Â 303Â 606;A01;1.0;1;2.0;1.0;1981.0;1.0;1.0;0.0;;0.0;0;;;1.0;7.0;0.0;2.0;2.0;2.0;1.0;;14;8;2019;09:30;1.0;75;75114;2;1.0;1.0;4.0;BD PERIPHERIQUE INTERIEUR;48,8235200;2,3103580;4;BD PERIPHERIQUE INTERIEUR;0.0;;1.0;3;0.0;1.0;6;500;1.0;;;1.0;0.0;1.0;70.0;Paris;11;Île-de-France
201900001573;138Â 303Â 601;B01;1.0;1;1.0;1.0;1970.0;5.0;1.0;0.0;;;0;;;1.0;7.0;0.0;2.0;2.0;9.0;0.0;;10;6;2019;17:58;1.0;92;92007;2;6.0;1.0;3.0;VAILLANT-COUTURIER (AVENU PAUL);48,7933200;2,3160100;3;77;0.0;;3.0;1;2.0;2.0;0;0;1.0;;;1.0;0.0;2.0;50.0;Hauts-de-Seine;11;Île-de-France
201900001573;138Â 303Â 602;A01;1.0;1;3.0;1.0;1997.0;5.0;8.0;0.0;;;0;;;1.0;31.0;0.0;2.0;1.0;26.0;1.0;;10;6;2019;17:58;1.0;92;92007;2;6.0;1.0;3.0;VAILLANT-COUTURIER (AVENU PAUL);48,7933200;2,3160100;3;77;0.0;;3.0;1;2.0;2.0;0;0;1.0;;;1.0;0.0;2.0;50.0;Hauts-de-Seine;11;Île-de-France
201900001574;138Â 303Â 600;A01;10.0;3;2.0;1.0;1965.0;5.0;0.0;0.0;0.0;5.0;9;1.0;;1.0;7.0;8.0;1.0;1.0;13.0;1.0;;17;8;2019;06:55;2.0;75;75114;2;7.0;2.0;6.0;PLACE JULES HENAFFE;48,8237672;2,3318486;4;PLACE JULES HENAFFE;0.0;;3.0;2;0.0;1.0;0;0;1.0;;;2.0;0.0;1.0;50.0;Paris;11;Île-de-France
201900001574;138Â 303Â 600;A01;1.0;1;3.0;1.0;1998.0;5.0;1.0;0.0;;0.0;0;;;1.0;7.0;8.0;1.0;1.0;13.0;1.0;;17;8;2019;06:55;2.0;75;75114;2;7.0;2.0;6.0;PLACE JULES HENAFFE;48,8237672;2,3318486;4;PLACE JULES HENAFFE;0.0;;3.0;2;0.0;1.0;0;0;1.0;;;2.0;0.0;1.0;50.0;Paris;11;Île-de-France
201900001575;138Â 303Â 598;A01;1.0;1;2.0;1.0;2001.0;5.0;2.0;0.0;;0.0;0;;;2.0;80.0;0.0;2.0;1.0;5.0;3.0;;14;8;2019;20:00;1.0;75;75107;2;2.0;1.0;3.0;RUE FABERT;48,8599330;2,3113720;4;RUE FABERT;0.0;;1.0;2;0.0;1.0;0;0;1.0;;;1.0;0.0;1.0;50.0;Paris;11;Île-de-France
201900001575;138Â 303Â 599;B01;1.0;1;1.0;1.0;1969.0;4.0;1.0;8.0;;0.0;0;;;1.0;7.0;0.0;2.0;3.0;1.0;1.0;;14;8;2019;20:00;1.0;75;75107;2;2.0;1.0;3.0;RUE FABERT;48,8599330;2,3113720;4;RUE FABERT;0.0;;1.0;2;0.0;1.0;0;0;1.0;;;1.0;0.0;1.0;50.0;Paris;11;Île-de-France
201900001576;138Â 303Â 596;B01;1.0;1;2.0;1.0;1979.0;3.0;1.0;0.0;;;0;;;1.0;7.0;14.0;2.0;1.0;1.0;1.0;;7;6;2019;16:25;1.0;92;92007;2;5.0;8.0;3.0;BRIAND (AVENUE ARISTIDE) NÂ° 162 A 300;48,7908800;2,3197800;3;920;0.0;;3.0;6;0.0;1.0;0;0;1.0;;;2.0;5.0;1.0;50.0;Hauts-de-Seine;11;Île-de-France
201900001576;138Â 303Â 596;B01;2.0;2;3.0;2.0;1984.0;3.0;1.0;0.0;;;0;;;1.0;7.0;14.0;2.0;1.0;1.0;1.0;;7;6;2019;16:25;1.0;92;92007;2;5.0;8.0;3.0;BRIAND (AVENUE ARISTIDE) NÂ° 162 A 300;48,7908800;2,3197800;3;920;0.0;;3.0;6;0.0;1.0;0;0;1.0;;;2.0;5.0;1.0;50.0;Hauts-de-Seine;11;Île-de-France
201900001576;138Â 303Â 597;A01;1.0;1;2.0;1.0;1958.0;4.0;8.0;0.0;;;0;;;1.0;10.0;14.0;2.0;3.0;15.0;1.0;;7;6;2019;16:25;1.0;92;92007;2;5.0;8.0;3.0;BRIAND (AVENUE ARISTIDE) NÂ° 162 A 300;48,7908800;2,3197800;3;920;0.0;;3.0;6;0.0;1.0;0;0;1.0;;;2.0;5.0;1.0;50.0;Hauts-de-Seine;11;Île-de-France
201900001577;138Â 303Â 594;A01;1.0;1;2.0;1.0;1967.0;0.0;2.0;6.0;;0.0;0;;;1.0;43.0;0.0;2.0;1.0;2.0;1.0;;13;8;2019;16:20;1.0;75;75105;2;1.0;1.0;2.0;BOULEVARD DE L HOPITAL;48,8423030;2,3635050;4;BOULEVARD DE L HOPITAL;0.0;;2.0;6;0.0;1.0;0;0;1.0;;;1.0;0.0;1.0;50.0;Paris;11;Île-de-France
201900001577;138Â 303Â 595;B01;1.0;1;1.0;1.0;1972.0;0.0;2.0;6.0;;0.0;0;;;1.0;33.0;0.0;2.0;4.0;23.0;1.0;;13;8;2019;16:20;1.0;75;75105;2;1.0;1.0;2.0;BOULEVARD DE L HOPITAL;48,8423030;2,3635050;4;BOULEVARD DE L HOPITAL;0.0;;2.0;6;0.0;1.0;0;0;1.0;;;1.0;0.0;1.0;50.0;Paris;11;Île-de-France
201900001578;138Â 303Â 593;A01;1.0;1;1.0;1.0;1951.0;5.0;1.0;0.0;;;0;;;3.0;7.0;0.0;1.0;4.0;20.0;0.0;;17;6;2019;18:45;1.0;92;92004;2;1.0;1.0;6.0;VOLTAIRE  ( BD 01 A 15 );48,9114500;2,2968300;3;15;0.0;;;2;0.0;1.0;0;0;1.0;;;1.0;0.0;1.0;50.0;Hauts-de-Seine;11;Île-de-France
201900001578;138Â 303Â 593;A01;10.0;3;2.0;1.0;1976.0;5.0;8.0;0.0;;9.0;B;1.0;;3.0;7.0;0.0;1.0;4.0;20.0;0.0;;17;6;2019;18:45;1.0;92;92004;2;1.0;1.0;6.0;VOLTAIRE  ( BD 01 A 15 );48,9114500;2,2968300;3;15;0.0;;;2;0.0;1.0;0;0;1.0;;;1.0;0.0;1.0;50.0;Hauts-de-Seine;11;Île-de-France
201900001579;138Â 303Â 592;Z01;10.0;3;2.0;1.0;1981.0;9.0;0.0;0.0;0.0;4.0;3;1.0;;1.0;30.0;0.0;1.0;0.0;1.0;0.0;;15;8;2019;22:40;5.0;75;75120;2;7.0;1.0;6.0;AVENUE GAMBETTA;48,8650465;2,3986083;4;AVENUE GAMBETTA;0.0;;2.0;2;0.0;2.0;0;0;1.0;;;1.0;9.0;1.0;50.0;Paris;11;Île-de-France
201900001580;138Â 303Â 590;B01;1.0;1;2.0;2.0;1966.0;1.0;2.0;6.0;;;0;;;3.0;32.0;0.0;2.0;1.0;1.0;0.0;;12;6;2019;08:50;1.0;92;92009;2;1.0;1.0;3.0;EUROPE (AVENUE);48,9073016;2,2652115;3;309;0.0;;;2;0.0;1.0;0;0;1.0;;;1.0;0.0;1.0;50.0;Hauts-de-Seine;11;Île-de-France
201900001580;138Â 303Â 591;A01;1.0;1;1.0;1.0;1990.0;1.0;1.0;0.0;;;0;;;3.0;7.0;0.0;2.0;8.0;15.0;0.0;;12;6;2019;08:50;1.0;92;92009;2;1.0;1.0;3.0;EUROPE (AVENUE);48,9073016;2,2652115;3;309;0.0;;;2;0.0;1.0;0;0;1.0;;;1.0;0.0;1.0;50.0;Hauts-de-Seine;11;Île-de-France
201900001581;138Â 303Â 589;A01;1.0;1;3.0;1.0;1977.0;5.0;2.0;6.0;;0.0;0;;;1.0;32.0;0.0;0.0;0.0;1.0;1.0;;15;8;2019;16:50;1.0;75;75120;2;3.0;1.0;7.0;AVENUE DU PROFESSEUR ANDRE LEMIERE;48,8551410;2,4152490;4;AVENUE DU PROFESSEUR ANDRE LEMIERE;0.0;;2.0;2;0.0;1.0;0;0;1.0;;;1.0;0.0;1.0;50.0;Paris;11;Île-de-France
201900001582;138Â 303Â 588;A01;10.0;3;2.0;1.0;1973.0;3.0;8.0;0.0;;9.0;3;1.0;;3.0;7.0;0.0;1.0;5.0;2.0;1.0;;8;6;2019;19:50;1.0;92;92009;2;1.0;1.0;6.0;GENERAL LECLERC ( RUE DU );48,9139000;2,2716500;4;GENERAL LECLERC ( RUE DU );0.0;;1.0;1;0.0;1.0;0;0;1.0;;;1.0;0.0;1.0;50.0;Hauts-de-Seine;11;Île-de-France
201900001582;138Â 303Â 588;A01;1.0;1;1.0;2.0;1965.0;0.0;1.0;8.0;;0.0;0;;;3.0;7.0;0.0;1.0;5.0;2.0;1.0;;8;6;2019;19:50;1.0;92;92009;2;1.0;1.0;6.0;GENERAL LECLERC ( RUE DU );48,9139000;2,2716500;4;GENERAL LECLERC ( RUE DU );0.0;;1.0;1;0.0;1.0;0;0;1.0;;;1.0;0.0;1.0;50.0;Hauts-de-Seine;11;Île-de-France
201900001583;138Â 303Â 587;A01;1.0;1;1.0;2.0;1972.0;5.0;1.0;0.0;;0.0;0;;;2.0;7.0;0.0;1.0;1.0;1.0;1.0;;15;8;2019;16:30;1.0;75;75120;2;2.0;1.0;6.0;RUE D AVRON;48,8534795;2,4104900;4;RUE D AVRON;0.0;;2.0;2;0.0;1.0;0;0;1.0;;;1.0;0.0;1.0;50.0;Paris;11;Île-de-France
201900001583;138Â 303Â 587;A01;10.0;3;2.0;1.0;1961.0;5.0;0.0;0.0;0.0;0.0;0;;;2.0;7.0;0.0;1.0;1.0;1.0;1.0;;15;8;2019;16:30;1.0;75;75120;2;2.0;1.0;6.0;RUE D AVRON;48,8534795;2,4104900;4;RUE D AVRON;0.0;;2.0;2;0.0;1.0;0;0;1.0;;;1.0;0.0;1.0;50.0;Paris;11;Île-de-France
201900001584;138Â 303Â 586;A01;10.0;3;2.0;2.0;1983.0;5.0;8.0;0.0;;4.0;5;1.0;;3.0;33.0;0.0;1.0;1.0;26.0;0.0;;5;6;2019;18:25;1.0;92;92004;2;1.0;8.0;6.0;DOCTEUR DERVAUX  ( QUAI DU );48,9075898;2,2921371;3;7;0.0;;;2;0.0;1.0;0;0;1.0;;;2.0;0.0;1.0;50.0;Hauts-de-Seine;11;Île-de-France
201900001584;138Â 303Â 586;A01;1.0;1;1.0;2.0;1980.0;5.0;2.0;0.0;;;0;;;3.0;33.0;0.0;1.0;1.0;26.0;0.0;;5;6;2019;18:25;1.0;92;92004;2;1.0;8.0;6.0;DOCTEUR DERVAUX  ( QUAI DU );48,9075898;2,2921371;3;7;0.0;;;2;0.0;1.0;0;0;1.0;;;2.0;0.0;1.0;50.0;Hauts-de-Seine;11;Île-de-France
201900001585;138Â 303Â 584;B01;1.0;1;1.0;1.0;1950.0;0.0;1.0;0.0;;0.0;0;;;1.0;7.0;0.0;2.0;7.0;1.0;1.0;;15;8;2019;07:30;1.0;75;75120;2;2.0;1.0;3.0;RUE DE BELLEVILLE;48,8759790;2,4025940;4;RUE DE BELLEVILLE;0.0;;2.0;2;0.0;2.0;0;0;1.0;;;1.0;0.0;1.0;50.0;Paris;11;Île-de-France
201900001585;138Â 303Â 585;A01;1.0;1;2.0;1.0;1978.0;0.0;2.0;6.0;;0.0;0;;;1.0;32.0;0.0;2.0;8.0;1.0;1.0;;15;8;2019;07:30;1.0;75;75120;2;2.0;1.0;3.0;RUE DE BELLEVILLE;48,8759790;2,4025940;4;RUE DE BELLEVILLE;0.0;;2.0;2;0.0;2.0;0;0;1.0;;;1.0;0.0;1.0;50.0;Paris;11;Île-de-France
201900001586;138Â 303Â 582;A01;1.0;1;1.0;1.0;1976.0;5.0;1.0;8.0;;;0;;;2.0;7.0;0.0;2.0;7.0;1.0;1.0;;19;6;2019;18:45;1.0;92;92014;2;2.0;1.0;3.0;GENERAL LECLERC (57A 135 - 50 A 186);48,7768711;2,3142743;3;920;0.0;;1.0;4;0.0;1.0;0;0;1.0;;;1.0;0.0;1.0;50.0;Hauts-de-Seine;11;Île-de-France
201900001586;138Â 303Â 582;A01;2.0;2;2.0;1.0;2008.0;5.0;1.0;0.0;;;0;;;2.0;7.0;0.0;2.0;7.0;1.0;1.0;;19;6;2019;18:45;1.0;92;92014;2;2.0;1.0;3.0;GENERAL LECLERC (57A 135 - 50 A 186);48,7768711;2,3142743;3;920;0.0;;1.0;4;0.0;1.0;0;0;1.0;;;1.0;0.0;1.0;50.0;Hauts-de-Seine;11;Île-de-France
201900001586;138Â 303Â 583;B01;1.0;1;1.0;2.0;1969.0;5.0;1.0;8.0;;;0;;;2.0;7.0;0.0;2.0;1.0;1.0;1.0;;19;6;2019;18:45;1.0;92;92014;2;2.0;1.0;3.0;GENERAL LECLERC (57A 135 - 50 A 186);48,7768711;2,3142743;3;920;0.0;;1.0;4;0.0;1.0;0;0;1.0;;;1.0;0.0;1.0;50.0;Hauts-de-Seine;11;Île-de-France
201900001587;138Â 303Â 580;A01;1.0;1;1.0;1.0;1987.0;5.0;1.0;0.0;;0.0;0;;;1.0;7.0;0.0;2.0;3.0;1.0;1.0;;16;8;2019;22:15;5.0;75;75119;2;2.0;1.0;6.0;RUE DE MEAUX;48,8828110;2,3757320;4;RUE DE MEAUX;0.0;;1.0;1;0.0;1.0;0;0;1.0;;;1.0;0.0;1.0;30.0;Paris;11;Île-de-France
201900001587;138Â 303Â 581;Z01;2.0;2;2.0;1.0;1983.0;5.0;2.0;6.0;;0.0;0;;;1.0;30.0;0.0;2.0;6.0;1.0;1.0;;16;8;2019;22:15;5.0;75;75119;2;2.0;1.0;6.0;RUE DE MEAUX;48,8828110;2,3757320;4;RUE DE MEAUX;0.0;;1.0;1;0.0;1.0;0;0;1.0;;;1.0;0.0;1.0;30.0;Paris;11;Île-de-France
201900001588;138Â 303Â 579;A01;1.0;1;1.0;2.0;1982.0;5.0;1.0;0.0;;;0;;;2.0;7.0;0.0;1.0;2.0;1.0;1.0;;12;6;2019;18:55;1.0;92;92014;2;2.0;1.0;6.0;RAVON (RUE);48,7799480;2,3159417;4;RAVON (RUE);0.0;;1.0;1;0.0;1.0;0;0;1.0;;;1.0;0.0;1.0;50.0;Hauts-de-Seine;11;Île-de-France
201900001588;138Â 303Â 579;A01;10.0;3;2.0;1.0;2008.0;5.0;8.0;0.0;;2.0;9;1.0;;2.0;7.0;0.0;1.0;2.0;1.0;1.0;;12;6;2019;18:55;1.0;92;92014;2;2.0;1.0;6.0;RAVON (RUE);48,7799480;2,3159417;4;RAVON (RUE);0.0;;1.0;1;0.0;1.0;0;0;1.0;;;1.0;0.0;1.0;50.0;Hauts-de-Seine;11;Île-de-France
201900001589;138Â 303Â 576;A01;1.0;1;1.0;1.0;1993.0;4.0;2.0;6.0;;;0;;;1.0;33.0;0.0;1.0;5.0;1.0;1.0;;12;6;2019;13:00;1.0;92;92002;2;1.0;2.0;6.0;DIVISION LECLERC (53 A 217 - 58 A 186);48,7443376;2,3031223;3;920;0.0;;3.0;4;0.0;3.0;0;0;1.0;;;2.0;0.0;1.0;50.0;Hauts-de-Seine;11;Île-de-France
201900001589;138Â 303Â 576;A01;10.0;3;2.0;1.0;2010.0;5.0;8.0;0.0;;4.0;3;1.0;;1.0;33.0;0.0;1.0;5.0;1.0;1.0;;12;6;2019;13:00;1.0;92;92002;2;1.0;2.0;6.0;DIVISION LECLERC (53 A 217 - 58 A 186);48,7443376;2,3031223;3;920;0.0;;3.0;4;0.0;3.0;0;0;1.0;;;2.0;0.0;1.0;50.0;Hauts-de-Seine;11;Île-de-France
201900001590;138Â 303Â 574;A01;1.0;1;2.0;1.0;1996.0;0.0;2.0;0.0;;0.0;0;;;1.0;1.0;0.0;2.0;4.0;1.0;5.0;;15;8;2019;22:00;5.0;75;75118;2;4.0;2.0;6.0;AVENUE DE LA PORTE DE LA CHAPELLE;48,8989116;2,3590122;4;AVENUE DE LA PORTE DE LA CHAPELLE;0.0;;1.0;2;0.0;1.0;0;0;1.0;;;2.0;0.0;1.0;50.0;Paris;11;Île-de-France
201900001591;138Â 303Â 571;A01;10.0;3;2.0;1.0;2014.0;0.0;0.0;0.0;0.0;1.0;3;1.0;;1.0;7.0;0.0;1.0;1.0;1.0;2.0;;14;8;2019;15:00;1.0;75;75118;2;3.0;1.0;6.0;RUE SAINT ELEUTHERE;48,8861970;2,3413950;4;RUE SAINT ELEUTHERE;0.0;;1.0;1;0.0;1.0;0;0;1.0;;;1.0;0.0;1.0;30.0;Paris;11;Île-de-France
201900001591;138Â 303Â 571;A01;1.0;1;1.0;1.0;1970.0;4.0;1.0;0.0;;0.0;0;;;1.0;7.0;0.0;1.0;1.0;1.0;2.0;;14;8;2019;15:00;1.0;75;75118;2;3.0;1.0;6.0;RUE SAINT ELEUTHERE;48,8861970;2,3413950;4;RUE SAINT ELEUTHERE;0.0;;1.0;1;0.0;1.0;0;0;1.0;;;1.0;0.0;1.0;30.0;Paris;11;Île-de-France
201900001592;138Â 303Â 570;A01;10.0;3;3.0;1.0;1970.0;0.0;0.0;0.0;0.0;3.0;3;1.0;;1.0;43.0;0.0;1.0;1.0;1.0;1.0;;14;8;2019;07:55;1.0;75;75118;2;2.0;1.0;6.0;RUE HERMEL;48,8916800;2,3446100;4;RUE HERMEL;0.0;;1.0;2;0.0;1.0;0;0;1.0;;;1.0;0.0;1.0;50.0;Paris;11;Île-de-France
201900001592;138Â 303Â 570;A01;1.0;1;1.0;1.0;1967.0;1.0;2.0;6.0;;0.0;0;;;1.0;43.0;0.0;1.0;1.0;1.0;1.0;;14;8;2019;07:55;1.0;75;75118;2;2.0;1.0;6.0;RUE HERMEL;48,8916800;2,3446100;4;RUE HERMEL;0.0;;1.0;2;0.0;1.0;0;0;1.0;;;1.0;0.0;1.0;50.0;Paris;11;Île-de-France
201900001593;138Â 303Â 569;A01;10.0;3;2.0;1.0;1951.0;5.0;0.0;0.0;0.0;4.0;3;1.0;;2.0;10.0;0.0;1.0;2.0;16.0;1.0;;14;8;2019;10:00;1.0;75;75117;2;2.0;1.0;6.0;RUE DE COURCELLES;48,8812321;2,3010456;4;RUE DE COURCELLES;0.0;;1.0;2;0.0;1.0;0;0;1.0;;;1.0;0.0;1.0;30.0;Paris;11;Île-de-France
201900001593;138Â 303Â 569;A01;1.0;1;1.0;2.0;1992.0;4.0;1.0;0.0;;0.0;0;;;2.0;10.0;0.0;1.0;2.0;16.0;1.0;;14;8;2019;10:00;1.0;75;75117;2;2.0;1.0;6.0;RUE DE COURCELLES;48,8812321;2,3010456;4;RUE DE COURCELLES;0.0;;1.0;2;0.0;1.0;0;0;1.0;;;1.0;0.0;1.0;30.0;Paris;11;Île-de-France
201900001594;138Â 303Â 572;B01;2.0;2;1.0;1.0;1984.0;5.0;1.0;0.0;;;0;;;2.0;10.0;0.0;2.0;3.0;15.0;1.0;;8;6;2019;10:40;1.0;92;92002;2;3.0;1.0;3.0;PRESIDENT KENNEDY (2 A 48);48,7398795;2,3009454;3;66;0.0;;2.0;2;0.0;1.0;0;0;1.0;;;1.0;0.0;1.0;50.0;Hauts-de-Seine;11;Île-de-France
201900001594;138Â 303Â 572;B01;1.0;1;1.0;1.0;1967.0;5.0;1.0;0.0;;;0;;;2.0;10.0;0.0;2.0;3.0;15.0;1.0;;8;6;2019;10:40;1.0;92;92002;2;3.0;1.0;3.0;PRESIDENT KENNEDY (2 A 48);48,7398795;2,3009454;3;66;0.0;;2.0;2;0.0;1.0;0;0;1.0;;;1.0;0.0;1.0;50.0;Hauts-de-Seine;11;Île-de-France