Num_Acc;id_vehicule;num_veh;place;catu;grav;sexe;an_nais;trajet;secu1;secu2;secu3;locp;actp;etatp;id_usager;senc;catv;obs;obsm;choc;manv;motor;occutc;jour;mois;an;hrmn;lum;dep;com;agg;int;atm;col;adr;lat;long;catr;voie;v1;v2;circ;nbv;vosp;prof;pr;pr1;plan;lartpc;larrout;surf;infra;situ;vma;nom_departement;reg;nom_region
201900001594;138Â 303Â 573;A01;1.0;1;2.0;1.0;2000.0;5.0;2.0;6.0;;;0;;;2.0;30.0;0.0;2.0;2.0;17.0;1.0;;8;6;2019;10:40;1.0;92;92002;2;3.0;1.0;3.0;PRESIDENT KENNEDY (2 A 48);48,7398795;2,3009454;3;66;0.0;;2.0;2;0.0;1.0;0;0;1.0;;;1.0;0.0;1.0;50.0;Hauts-de-Seine;11;Île-de-France
201900001594;138Â 303Â 573;A01;2.0;2;1.0;2.0;2002.0;5.0;2.0;0.0;;;0;;;2.0;30.0;0.0;2.0;2.0;17.0;1.0;;8;6;2019;10:40;1.0;92;92002;2;3.0;1.0;3.0;PRESIDENT KENNEDY (2 A 48);48,7398795;2,3009454;3;66;0.0;;2.0;2;0.0;1.0;0;0;1.0;;;1.0;0.0;1.0;50.0;Hauts-de-Seine;11;Île-de-France
201900001595;138Â 303Â 567;B01;1.0;1;1.0;1.0;1980.0;9.0;1.0;0.0;;0.0;0;;;1.0;38.0;0.0;2.0;7.0;1.0;1.0;1.0;12;8;2019;12:40;1.0;75;75117;2;7.0;1.0;3.0;PLACE DE VERDUN;48,8795871;2,2808435;4;PLACE DE VERDUN;0.0;;1.0;3;0.0;1.0;0;0;1.0;;;1.0;0.0;1.0;50.0;Paris;11;Île-de-France
201900001595;138Â 303Â 568;A01;1.0;1;2.0;1.0;1965.0;4.0;2.0;6.0;;0.0;0;;;1.0;32.0;0.0;2.0;8.0;11.0;1.0;;12;8;2019;12:40;1.0;75;75117;2;7.0;1.0;3.0;PLACE DE VERDUN;48,8795871;2,2808435;4;PLACE DE VERDUN;0.0;;1.0;3;0.0;1.0;0;0;1.0;;;1.0;0.0;1.0;50.0;Paris;11;Île-de-France
201900001596;138Â 303Â 565;B01;1.0;1;2.0;1.0;1992.0;5.0;2.0;6.0;;;0;;;2.0;33.0;0.0;2.0;1.0;1.0;1.0;;3;6;2019;19:30;1.0;92;92002;2;3.0;1.0;3.0;ARMAND GUILLEBAUD (AVENUE);48,7486198;2,3074262;3;67;0.0;A;2.0;2;0.0;1.0;0;0;1.0;;;1.0;0.0;2.0;50.0;Hauts-de-Seine;11;Île-de-France
201900001596;138Â 303Â 566;A01;1.0;1;1.0;1.0;1997.0;5.0;1.0;0.0;;;0;;;2.0;7.0;0.0;2.0;3.0;15.0;1.0;;3;6;2019;19:30;1.0;92;92002;2;3.0;1.0;3.0;ARMAND GUILLEBAUD (AVENUE);48,7486198;2,3074262;3;67;0.0;A;2.0;2;0.0;1.0;0;0;1.0;;;1.0;0.0;2.0;50.0;Hauts-de-Seine;11;Île-de-France
201900001597;138Â 303Â 563;B01;1.0;1;2.0;1.0;1998.0;4.0;2.0;6.0;;0.0;0;;;2.0;30.0;0.0;2.0;1.0;1.0;3.0;;17;8;2019;19:05;1.0;75;75116;2;1.0;2.0;3.0;RUE DU COMMANDANT GUILBAUD;48,8401400;2,2516350;4;RUE DU COMMANDANT GUILBAUD;0.0;;2.0;2;0.0;1.0;0;0;1.0;;;2.0;0.0;1.0;50.0;Paris;11;Île-de-France
201900001597;138Â 303Â 564;A01;1.0;1;1.0;2.0;1995.0;4.0;1.0;0.0;;0.0;0;;;2.0;7.0;0.0;2.0;3.0;9.0;1.0;;17;8;2019;19:05;1.0;75;75116;2;1.0;2.0;3.0;RUE DU COMMANDANT GUILBAUD;48,8401400;2,2516350;4;RUE DU COMMANDANT GUILBAUD;0.0;;2.0;2;0.0;1.0;0;0;1.0;;;2.0;0.0;1.0;50.0;Paris;11;Île-de-France
201900001598;138Â 303Â 562;A01;1.0;1;4.0;1.0;1999.0;5.0;1.0;;;0.0;0;;;2.0;7.0;13.0;0.0;9.0;1.0;1.0;;2;6;2019;02:54;3.0;22;22213;1;1.0;1.0;7.0;Le Bouillon;48,5081292; -1,9988723;3;12;0.0;;2.0;2;0.0;1.0;9;1475;2.0;;;1.0;0.0;3.0;70.0;Côtes-d'Armor;53;Bretagne
201900001599;138Â 303Â 560;B01;3.0;2;1.0;2.0;1993.0;5.0;1.0;0.0;;0.0;0;;;1.0;7.0;0.0;2.0;2.0;16.0;1.0;;17;8;2019;02:50;5.0;75;75116;2;3.0;2.0;3.0;AVENUE DU PRESIDENT KENNEDY;48,8527065;2,2807069;4;AVENUE DU PRESIDENT KENNEDY;0.0;;2.0;3;0.0;1.0;0;0;1.0;;;2.0;0.0;1.0;50.0;Paris;11;Île-de-France
201900001599;138Â 303Â 560;B01;1.0;1;1.0;1.0;1983.0;5.0;1.0;0.0;;0.0;0;;;1.0;7.0;0.0;2.0;2.0;16.0;1.0;;17;8;2019;02:50;5.0;75;75116;2;3.0;2.0;3.0;AVENUE DU PRESIDENT KENNEDY;48,8527065;2,2807069;4;AVENUE DU PRESIDENT KENNEDY;0.0;;2.0;3;0.0;1.0;0;0;1.0;;;2.0;0.0;1.0;50.0;Paris;11;Île-de-France
201900001599;138Â 303Â 560;B01;2.0;2;1.0;2.0;1990.0;5.0;1.0;0.0;;0.0;0;;;1.0;7.0;0.0;2.0;2.0;16.0;1.0;;17;8;2019;02:50;5.0;75;75116;2;3.0;2.0;3.0;AVENUE DU PRESIDENT KENNEDY;48,8527065;2,2807069;4;AVENUE DU PRESIDENT KENNEDY;0.0;;2.0;3;0.0;1.0;0;0;1.0;;;2.0;0.0;1.0;50.0;Paris;11;Île-de-France
201900001599;138Â 303Â 561;A01;1.0;1;2.0;1.0;1988.0;5.0;2.0;6.0;;0.0;0;;;1.0;33.0;0.0;2.0;1.0;18.0;1.0;;17;8;2019;02:50;5.0;75;75116;2;3.0;2.0;3.0;AVENUE DU PRESIDENT KENNEDY;48,8527065;2,2807069;4;AVENUE DU PRESIDENT KENNEDY;0.0;;2.0;3;0.0;1.0;0;0;1.0;;;2.0;0.0;1.0;50.0;Paris;11;Île-de-France
201900001599;138Â 303Â 561;A01;2.0;2;2.0;1.0;1988.0;5.0;2.0;6.0;;0.0;0;;;1.0;33.0;0.0;2.0;1.0;18.0;1.0;;17;8;2019;02:50;5.0;75;75116;2;3.0;2.0;3.0;AVENUE DU PRESIDENT KENNEDY;48,8527065;2,2807069;4;AVENUE DU PRESIDENT KENNEDY;0.0;;2.0;3;0.0;1.0;0;0;1.0;;;2.0;0.0;1.0;50.0;Paris;11;Île-de-France
201900001600;138Â 303Â 555;B01;1.0;1;2.0;1.0;1971.0;4.0;2.0;6.0;;0.0;0;;;2.0;31.0;0.0;2.0;7.0;10.0;1.0;;14;8;2019;10:15;1.0;75;75116;2;3.0;1.0;3.0;AVENUE DE LA GRANDE ARMEE;48,8748065;2,2917062;4;AVENUE DE LA GRANDE ARMEE;0.0;;2.0;6;0.0;1.0;0;0;1.0;;;1.0;0.0;1.0;50.0;Paris;11;Île-de-France
201900001600;138Â 303Â 557;A01;1.0;1;1.0;1.0;1970.0;4.0;1.0;0.0;;0.0;0;;;1.0;10.0;0.0;2.0;2.0;1.0;1.0;;14;8;2019;10:15;1.0;75;75116;2;3.0;1.0;3.0;AVENUE DE LA GRANDE ARMEE;48,8748065;2,2917062;4;AVENUE DE LA GRANDE ARMEE;0.0;;2.0;6;0.0;1.0;0;0;1.0;;;1.0;0.0;1.0;50.0;Paris;11;Île-de-France
201900001601;138Â 303Â 556;B01;1.0;1;1.0;1.0;1946.0;5.0;1.0;;;0.0;0;;;1.0;7.0;0.0;0.0;5.0;15.0;1.0;;1;6;2019;18:50;1.0;80;80540;1;3.0;1.0;3.0;D50;50,0467260;2,6617670;3;50;0.0;D;2.0;2;0.0;1.0;5;(1);1.0;;;1.0;0.0;8.0;80.0;Somme;32;Hauts-de-France
201900001601;138Â 303Â 558;A01;1.0;1;3.0;1.0;1988.0;0.0;2.0;6.0;9.0;0.0;0;;;2.0;33.0;0.0;2.0;1.0;1.0;1.0;;1;6;2019;18:50;1.0;80;80540;1;3.0;1.0;3.0;D50;50,0467260;2,6617670;3;50;0.0;D;2.0;2;0.0;1.0;5;(1);1.0;;;1.0;0.0;8.0;80.0;Somme;32;Hauts-de-France
201900001602;138Â 303Â 553;A01;1.0;1;2.0;2.0;1997.0;4.0;0.0;;;0.0;0;;;1.0;15.0;3.0;0.0;7.0;1.0;4.0;;1;6;2019;12:55;1.0;37;37123;1;6.0;1.0;7.0;D952;47,3290400;0,4463210;3;952;;;1.0;1;0.0;1.0;53;900;2.0;;;1.0;0.0;1.0;50.0;Indre-et-Loire;24;Centre-Val de Loire
201900001602;138Â 303Â 553;A01;2.0;2;2.0;1.0;1993.0;4.0;0.0;;;0.0;0;;;1.0;15.0;3.0;0.0;7.0;1.0;4.0;;1;6;2019;12:55;1.0;37;37123;1;6.0;1.0;7.0;D952;47,3290400;0,4463210;3;952;;;1.0;1;0.0;1.0;53;900;2.0;;;1.0;0.0;1.0;50.0;Indre-et-Loire;24;Centre-Val de Loire
201900001603;138Â 303Â 552;A01;1.0;1;1.0;1.0;1985.0;3.0;1.0;0.0;;0.0;0;;;2.0;7.0;0.0;2.0;3.0;1.0;1.0;;15;8;2019;17:20;1.0;75;75115;2;2.0;1.0;3.0;RUE EMERIAU;48,8487262;2,2852260;4;RUE EMERIAU;0.0;;2.0;2;0.0;1.0;0;0;1.0;;;1.0;0.0;1.0;50.0;Paris;11;Île-de-France
201900001603;138Â 303Â 554;B01;1.0;1;2.0;2.0;1986.0;3.0;1.0;0.0;;0.0;0;;;1.0;7.0;0.0;2.0;8.0;1.0;1.0;;15;8;2019;17:20;1.0;75;75115;2;2.0;1.0;3.0;RUE EMERIAU;48,8487262;2,2852260;4;RUE EMERIAU;0.0;;2.0;2;0.0;1.0;0;0;1.0;;;1.0;0.0;1.0;50.0;Paris;11;Île-de-France
201900001604;138Â 303Â 551;A01;1.0;1;1.0;1.0;1944.0;3.0;1.0;;;0.0;0;;;1.0;7.0;0.0;1.0;2.0;1.0;1.0;;5;6;2019;09:18;1.0;37;37063;2;3.0;2.0;6.0;32 Rue Gambetta;47,5954235;0,9129736;3;43;;;2.0;2;0.0;1.0;(1);(1);3.0;;;2.0;9.0;1.0;50.0;Indre-et-Loire;24;Centre-Val de Loire
201900001604;138Â 303Â 551;A01;10.0;3;3.0;1.0;2003.0;2.0;0.0;;;4.0;3;1.0;;1.0;7.0;0.0;1.0;2.0;1.0;1.0;;5;6;2019;09:18;1.0;37;37063;2;3.0;2.0;6.0;32 Rue Gambetta;47,5954235;0,9129736;3;43;;;2.0;2;0.0;1.0;(1);(1);3.0;;;2.0;9.0;1.0;50.0;Indre-et-Loire;24;Centre-Val de Loire
201900001605;138Â 303Â 549;B01;1.0;1;2.0;2.0;1996.0;5.0;1.0;0.0;;0.0;0;;;2.0;7.0;0.0;2.0;3.0;1.0;1.0;;16;8;2019;17:05;1.0;75;75114;2;4.0;1.0;3.0;BOULEVARD ROMAIN ROLLAND;48,8202094;2,3239812;4;BOULEVARD ROMAIN ROLLAND;0.0;;2.0;4;0.0;1.0;0;0;1.0;;;1.0;0.0;1.0;50.0;Paris;11;Île-de-France
201900001605;138Â 303Â 549;B01;2.0;2;2.0;2.0;1993.0;5.0;1.0;0.0;;0.0;0;;;2.0;7.0;0.0;2.0;3.0;1.0;1.0;;16;8;2019;17:05;1.0;75;75114;2;4.0;1.0;3.0;BOULEVARD ROMAIN ROLLAND;48,8202094;2,3239812;4;BOULEVARD ROMAIN ROLLAND;0.0;;2.0;4;0.0;1.0;0;0;1.0;;;1.0;0.0;1.0;50.0;Paris;11;Île-de-France
201900001605;138Â 303Â 550;A01;1.0;1;1.0;1.0;1974.0;4.0;1.0;0.0;;0.0;0;;;2.0;10.0;0.0;2.0;2.0;16.0;1.0;;16;8;2019;17:05;1.0;75;75114;2;4.0;1.0;3.0;BOULEVARD ROMAIN ROLLAND;48,8202094;2,3239812;4;BOULEVARD ROMAIN ROLLAND;0.0;;2.0;4;0.0;1.0;0;0;1.0;;;1.0;0.0;1.0;50.0;Paris;11;Île-de-France
201900001606;138Â 303Â 548;A01;1.0;1;1.0;1.0;1958.0;5.0;2.0;6.0;9.0;0.0;0;;;1.0;33.0;0.0;1.0;2.0;1.0;1.0;;9;6;2019;17:30;1.0;83;83043;2;1.0;1.0;6.0;lieu dit le moulin;43,2370450;6,3146330;3;14;0.0;;2.0;2;0.0;1.0;20;0;1.0;;;1.0;0.0;1.0;50.0;Var;93;Provence-Alpes-Côte d'Azur
201900001606;138Â 303Â 548;A01;2.0;2;2.0;2.0;1964.0;5.0;2.0;6.0;;0.0;0;;;1.0;33.0;0.0;1.0;2.0;1.0;1.0;;9;6;2019;17:30;1.0;83;83043;2;1.0;1.0;6.0;lieu dit le moulin;43,2370450;6,3146330;3;14;0.0;;2.0;2;0.0;1.0;20;0;1.0;;;1.0;0.0;1.0;50.0;Var;93;Provence-Alpes-Côte d'Azur
201900001606;138Â 303Â 548;A01;10.0;3;2.0;1.0;1988.0;5.0;0.0;;;1.0;3;1.0;;1.0;33.0;0.0;1.0;2.0;1.0;1.0;;9;6;2019;17:30;1.0;83;83043;2;1.0;1.0;6.0;lieu dit le moulin;43,2370450;6,3146330;3;14;0.0;;2.0;2;0.0;1.0;20;0;1.0;;;1.0;0.0;1.0;50.0;Var;93;Provence-Alpes-Côte d'Azur
201900001607;138Â 303Â 546;A01;1.0;1;2.0;2.0;1982.0;1.0;1.0;;;0.0;0;;;1.0;7.0;13.0;0.0;9.0;1.0;0.0;;4;6;2019;17:30;1.0;01;01444;1;1.0;9.0;6.0;D 19 PK 2+700;45,8362036;5,4373044;3;19;0.0;;2.0;2;0.0;1.0;2;700;1.0;;;1.0;0.0;3.0;80.0;Ain;84;Auvergne-Rhône-Alpes
201900001608;138Â 303Â 547;A01;1.0;1;2.0;1.0;1955.0;5.0;1.0;0.0;;0.0;0;;;2.0;7.0;15.0;0.0;3.0;15.0;1.0;;16;8;2019;11:10;1.0;75;75114;2;2.0;1.0;6.0;BOULEVARD JOURDAN;48,8213962;2,3343745;4;BOULEVARD JOURDAN;0.0;;3.0;2;0.0;1.0;0;0;1.0;;;1.0;0.0;1.0;50.0;Paris;11;Île-de-France
201900001609;138Â 303Â 542;B01;1.0;1;1.0;1.0;1996.0;0.0;1.0;0.0;;0.0;0;;;1.0;7.0;0.0;2.0;5.0;15.0;1.0;;12;8;2019;04:07;5.0;75;75114;2;2.0;1.0;3.0;AVENUE DU MAINE;48,8368401;2,3232434;4;AVENUE DU MAINE;0.0;;2.0;4;0.0;1.0;0;0;1.0;;;1.0;0.0;1.0;50.0;Paris;11;Île-de-France
201900001609;138Â 303Â 543;A01;1.0;1;2.0;1.0;2004.0;0.0;2.0;6.0;;0.0;0;;;2.0;30.0;0.0;2.0;1.0;1.0;1.0;;12;8;2019;04:07;5.0;75;75114;2;2.0;1.0;3.0;AVENUE DU MAINE;48,8368401;2,3232434;4;AVENUE DU MAINE;0.0;;2.0;4;0.0;1.0;0;0;1.0;;;1.0;0.0;1.0;50.0;Paris;11;Île-de-France
201900001609;138Â 303Â 543;A01;2.0;2;1.0;1.0;2002.0;0.0;2.0;6.0;;0.0;0;;;2.0;30.0;0.0;2.0;1.0;1.0;1.0;;12;8;2019;04:07;5.0;75;75114;2;2.0;1.0;3.0;AVENUE DU MAINE;48,8368401;2,3232434;4;AVENUE DU MAINE;0.0;;2.0;4;0.0;1.0;0;0;1.0;;;1.0;0.0;1.0;50.0;Paris;11;Île-de-France
201900001610;138Â 303Â 541;A01;1.0;1;2.0;1.0;1950.0;5.0;1.0;;;0.0;0;;;1.0;7.0;2.0;0.0;2.0;1.0;1.0;;3;6;2019;14:05;1.0;47;47048;2;1.0;1.0;6.0;Avenue du Parc des Sports;44,5386850;0,6217380;2;21;;;2.0;2;0.0;1.0;17;531;1.0;;;1.0;0.0;1.0;50.0;Lot-et-Garonne;75;Nouvelle-Aquitaine
201900001610;138Â 303Â 541;A01;2.0;2;3.0;2.0;1950.0;5.0;1.0;;;0.0;0;;;1.0;7.0;2.0;0.0;2.0;1.0;1.0;;3;6;2019;14:05;1.0;47;47048;2;1.0;1.0;6.0;Avenue du Parc des Sports;44,5386850;0,6217380;2;21;;;2.0;2;0.0;1.0;17;531;1.0;;;1.0;0.0;1.0;50.0;Lot-et-Garonne;75;Nouvelle-Aquitaine
201900001611;138Â 303Â 540;A01;1.0;1;4.0;1.0;2000.0;0.0;1.0;;;0.0;0;;;1.0;7.0;13.0;0.0;1.0;0.0;1.0;;15;6;2019;09:00;1.0;54;54089;1;1.0;1.0;6.0;D913;48,7851440;6,2803250;3;913;;;2.0;2;0.0;1.0;21;84;1.0;;;1.0;0.0;8.0;80.0;Meurthe-et-Moselle;44;Grand Est
201900001612;138Â 303Â 539;A01;10.0;3;2.0;2.0;1940.0;0.0;0.0;0.0;0.0;2.0;3;1.0;;1.0;7.0;0.0;1.0;6.0;20.0;1.0;;17;8;2019;19:35;1.0;75;75113;2;1.0;2.0;6.0;RUE CLISSON;48,8316237;2,3667222;4;RUE CLISSON;0.0;;2.0;2;0.0;2.0;0;0;1.0;;;2.0;0.0;1.0;30.0;Paris;11;Île-de-France
201900001612;138Â 303Â 539;A01;1.0;1;1.0;1.0;1959.0;0.0;1.0;0.0;;0.0;0;;;1.0;7.0;0.0;1.0;6.0;20.0;1.0;;17;8;2019;19:35;1.0;75;75113;2;1.0;2.0;6.0;RUE CLISSON;48,8316237;2,3667222;4;RUE CLISSON;0.0;;2.0;2;0.0;2.0;0;0;1.0;;;2.0;0.0;1.0;30.0;Paris;11;Île-de-France
201900001613;138Â 303Â 537;A01;1.0;1;3.0;2.0;2000.0;9.0;1.0;;;0.0;0;;;2.0;7.0;0.0;2.0;1.0;0.0;1.0;;31;5;2019;19:15;1.0;81;81271;1;1.0;7.0;2.0;A 68  PK 027+385  sens  dÃ©croissant   echangeur 6;43,7597920;1,7113930;1;68;;;3.0;4;0.0;1.0;27;385;1.0;;;1.0;3.0;1.0;130.0;Tarn;76;Occitanie
201900001613;138Â 303Â 538;B01;1.0;1;1.0;1.0;1957.0;4.0;1.0;;;0.0;0;;;2.0;37.0;0.0;0.0;6.0;1.0;1.0;1.0;31;5;2019;19:15;1.0;81;81271;1;1.0;7.0;2.0;A 68  PK 027+385  sens  dÃ©croissant   echangeur 6;43,7597920;1,7113930;1;68;;;3.0;4;0.0;1.0;27;385;1.0;;;1.0;3.0;1.0;130.0;Tarn;76;Occitanie
201900001614;138Â 303Â 535;A01;1.0;1;2.0;1.0;1994.0;5.0;2.0;6.0;;0.0;0;;;2.0;30.0;0.0;2.0;1.0;2.0;3.0;;16;8;2019;16:00;1.0;75;75113;2;1.0;1.0;2.0;AVENUE D ITALIE;48,8291571;2,3562258;4;AVENUE D ITALIE;0.0;;2.0;4;0.0;1.0;0;0;1.0;;;1.0;0.0;1.0;50.0;Paris;11;Île-de-France
201900001614;138Â 303Â 536;B01;1.0;1;1.0;1.0;1975.0;5.0;1.0;0.0;;0.0;0;;;2.0;7.0;0.0;2.0;5.0;16.0;1.0;;16;8;2019;16:00;1.0;75;75113;2;1.0;1.0;2.0;AVENUE D ITALIE;48,8291571;2,3562258;4;AVENUE D ITALIE;0.0;;2.0;4;0.0;1.0;0;0;1.0;;;1.0;0.0;1.0;50.0;Paris;11;Île-de-France
201900001615;138Â 303Â 533;A01;5.0;2;2.0;1.0;2009.0;0.0;1.0;0.0;;0.0;0;;;2.0;7.0;0.0;2.0;4.0;2.0;1.0;;15;8;2019;00:25;5.0;75;75107;2;3.0;1.0;6.0;QUAI D ORSAY;48,8623324;2,3074885;4;QUAI D ORSAY;0.0;;1.0;4;0.0;1.0;0;0;1.0;;;1.0;0.0;1.0;50.0;Paris;11;Île-de-France
201900001615;138Â 303Â 533;A01;1.0;1;1.0;1.0;1954.0;5.0;1.0;0.0;;0.0;0;;;2.0;7.0;0.0;2.0;4.0;2.0;1.0;;15;8;2019;00:25;5.0;75;75107;2;3.0;1.0;6.0;QUAI D ORSAY;48,8623324;2,3074885;4;QUAI D ORSAY;0.0;;1.0;4;0.0;1.0;0;0;1.0;;;1.0;0.0;1.0;50.0;Paris;11;Île-de-France
201900001616;138Â 303Â 531;B01;1.0;1;2.0;1.0;1995.0;5.0;1.0;;;0.0;0;;;1.0;7.0;0.0;2.0;8.0;1.0;1.0;;9;6;2019;05:15;3.0;2A;2A189;1;1.0;1.0;3.0;RD 157 - lieu-dit Tenutella;41,7080410;8,8304550;3;157;;;2.0;2;0.0;1.0;7;800;1.0;;;1.0;0.0;1.0;80.0;Corse-du-Sud;94;Corse
201900001616;138Â 303Â 531;B01;2.0;2;1.0;1.0;1994.0;5.0;1.0;;;0.0;0;;;1.0;7.0;0.0;2.0;8.0;1.0;1.0;;9;6;2019;05:15;3.0;2A;2A189;1;1.0;1.0;3.0;RD 157 - lieu-dit Tenutella;41,7080410;8,8304550;3;157;;;2.0;2;0.0;1.0;7;800;1.0;;;1.0;0.0;1.0;80.0;Corse-du-Sud;94;Corse
201900001616;138Â 303Â 534;A01;3.0;2;2.0;1.0;1987.0;5.0;1.0;;;0.0;0;;;2.0;7.0;0.0;2.0;3.0;1.0;1.0;;9;6;2019;05:15;3.0;2A;2A189;1;1.0;1.0;3.0;RD 157 - lieu-dit Tenutella;41,7080410;8,8304550;3;157;;;2.0;2;0.0;1.0;7;800;1.0;;;1.0;0.0;1.0;80.0;Corse-du-Sud;94;Corse
201900001616;138Â 303Â 534;A01;1.0;1;1.0;1.0;1989.0;5.0;1.0;;;0.0;0;;;2.0;7.0;0.0;2.0;3.0;1.0;1.0;;9;6;2019;05:15;3.0;2A;2A189;1;1.0;1.0;3.0;RD 157 - lieu-dit Tenutella;41,7080410;8,8304550;3;157;;;2.0;2;0.0;1.0;7;800;1.0;;;1.0;0.0;1.0;80.0;Corse-du-Sud;94;Corse
201900001617;138Â 303Â 529;A01;1.0;1;1.0;1.0;1978.0;5.0;1.0;0.0;;0.0;0;;;1.0;10.0;0.0;2.0;3.0;15.0;1.0;;14;8;2019;00:32;5.0;75;75113;2;3.0;1.0;3.0;QUAI D AUSTERLITZ;48,8430669;2,3663200;4;QUAI D AUSTERLITZ;0.0;;2.0;5;0.0;1.0;0;0;1.0;;;1.0;9.0;1.0;30.0;Paris;11;Île-de-France
201900001617;138Â 303Â 530;B01;1.0;1;2.0;1.0;1982.0;5.0;2.0;6.0;;0.0;0;;;2.0;30.0;0.0;2.0;3.0;1.0;3.0;;14;8;2019;00:32;5.0;75;75113;2;3.0;1.0;3.0;QUAI D AUSTERLITZ;48,8430669;2,3663200;4;QUAI D AUSTERLITZ;0.0;;2.0;5;0.0;1.0;0;0;1.0;;;1.0;9.0;1.0;30.0;Paris;11;Île-de-France
201900001618;138Â 303Â 527;A01;1.0;1;3.0;1.0;1957.0;5.0;0.0;;;0.0;0;;;0.0;1.0;0.0;2.0;1.0;2.0;0.0;;11;6;2019;10:45;1.0;87;87157;1;1.0;2.0;2.0;Bussin;45,9386110;1,4586490;4;3;;C;;1;0.0;3.0;(1);(1);2.0;;;2.0;0.0;1.0;;Haute-Vienne;75;Nouvelle-Aquitaine
201900001618;138Â 303Â 528;B01;1.0;1;1.0;1.0;1975.0;4.0;1.0;;;0.0;0;;;3.0;7.0;0.0;0.0;4.0;1.0;0.0;;11;6;2019;10:45;1.0;87;87157;1;1.0;2.0;2.0;Bussin;45,9386110;1,4586490;4;3;;C;;1;0.0;3.0;(1);(1);2.0;;;2.0;0.0;1.0;;Haute-Vienne;75;Nouvelle-Aquitaine
201900001619;138Â 303Â 525;B01;1.0;1;2.0;1.0;1976.0;0.0;2.0;6.0;;0.0;0;;;2.0;30.0;0.0;2.0;2.0;17.0;1.0;;13;8;2019;07:50;1.0;75;75112;2;1.0;1.0;3.0;BOULEVARD DIDEROT;48,8470490;2,3843070;4;BOULEVARD DIDEROT;0.0;;2.0;3;0.0;1.0;0;0;1.0;;;1.0;0.0;1.0;50.0;Paris;11;Île-de-France
201900001619;138Â 303Â 526;A01;1.0;1;1.0;1.0;1956.0;4.0;1.0;0.0;;0.0;0;;;2.0;10.0;0.0;2.0;8.0;13.0;1.0;;13;8;2019;07:50;1.0;75;75112;2;1.0;1.0;3.0;BOULEVARD DIDEROT;48,8470490;2,3843070;4;BOULEVARD DIDEROT;0.0;;2.0;3;0.0;1.0;0;0;1.0;;;1.0;0.0;1.0;50.0;Paris;11;Île-de-France
201900001620;138Â 303Â 523;A01;1.0;1;3.0;2.0;1995.0;5.0;1.0;;;0.0;0;;;1.0;7.0;0.0;2.0;1.0;5.0;1.0;;16;6;2019;23:00;3.0;86;86276;1;1.0;1.0;1.0;ROUTE DEPARTEMENTALE 741;46,2663810;0,5207580;3;741;;;2.0;2;0.0;1.0;39;500;1.0;;;1.0;0.0;1.0;80.0;Vienne;75;Nouvelle-Aquitaine
201900001620;138Â 303Â 524;B01;1.0;1;1.0;2.0;1995.0;5.0;1.0;;;0.0;0;;;2.0;7.0;0.0;2.0;1.0;1.0;1.0;;16;6;2019;23:00;3.0;86;86276;1;1.0;1.0;1.0;ROUTE DEPARTEMENTALE 741;46,2663810;0,5207580;3;741;;;2.0;2;0.0;1.0;39;500;1.0;;;1.0;0.0;1.0;80.0;Vienne;75;Nouvelle-Aquitaine
201900001620;138Â 303Â 524;B01;2.0;2;1.0;1.0;1985.0;5.0;1.0;;;0.0;0;;;2.0;7.0;0.0;2.0;1.0;1.0;1.0;;16;6;2019;23:00;3.0;86;86276;1;1.0;1.0;1.0;ROUTE DEPARTEMENTALE 741;46,2663810;0,5207580;3;741;;;2.0;2;0.0;1.0;39;500;1.0;;;1.0;0.0;1.0;80.0;Vienne;75;Nouvelle-Aquitaine
201900001620;138Â 303Â 524;B01;4.0;2;1.0;1.0;2013.0;5.0;1.0;;;0.0;0;;;2.0;7.0;0.0;2.0;1.0;1.0;1.0;;16;6;2019;23:00;3.0;86;86276;1;1.0;1.0;1.0;ROUTE DEPARTEMENTALE 741;46,2663810;0,5207580;3;741;;;2.0;2;0.0;1.0;39;500;1.0;;;1.0;0.0;1.0;80.0;Vienne;75;Nouvelle-Aquitaine
201900001621;138Â 303Â 522;A01;10.0;3;2.0;2.0;1995.0;5.0;0.0;0.0;0.0;4.0;3;1.0;;2.0;37.0;0.0;1.0;3.0;7.0;1.0;1.0;16;8;2019;12:10;1.0;75;75110;2;2.0;1.0;6.0;RUE DU FAUBOURG SAINT DENIS;48,8795380;2,3572220;4;RUE DU FAUBOURG SAINT DENIS;0.0;;2.0;3;3.0;1.0;0;0;1.0;;;1.0;0.0;6.0;50.0;Paris;11;Île-de-France
201900001621;138Â 303Â 522;A01;1.0;1;1.0;1.0;1991.0;4.0;1.0;0.0;;0.0;0;;;2.0;37.0;0.0;1.0;3.0;7.0;1.0;1.0;16;8;2019;12:10;1.0;75;75110;2;2.0;1.0;6.0;RUE DU FAUBOURG SAINT DENIS;48,8795380;2,3572220;4;RUE DU FAUBOURG SAINT DENIS;0.0;;2.0;3;3.0;1.0;0;0;1.0;;;1.0;0.0;6.0;50.0;Paris;11;Île-de-France
201900001622;138Â 303Â 521;A01;2.0;2;3.0;2.0;1969.0;5.0;2.0;6.0;;0.0;0;;;2.0;32.0;0.0;0.0;8.0;1.0;1.0;;6;6;2019;17:45;1.0;2A;2A212;1;1.0;1.0;7.0;D824;42,2406890;8,6043820;3;81;;;2.0;2;0.0;2.0;54;500;2.0;;;1.0;0.0;1.0;80.0;Corse-du-Sud;94;Corse