Num_Acc;id_vehicule;num_veh;place;catu;grav;sexe;an_nais;trajet;secu1;secu2;secu3;locp;actp;etatp;id_usager;senc;catv;obs;obsm;choc;manv;motor;occutc;jour;mois;an;hrmn;lum;dep;com;agg;int;atm;col;adr;lat;long;catr;voie;v1;v2;circ;nbv;vosp;prof;pr;pr1;plan;lartpc;larrout;surf;infra;situ;vma;nom_departement;reg;nom_region
201900001650;138Â 303Â 469;A01;2.0;2;2.0;1.0;2005.0;5.0;2.0;6.0;;0.0;0;;;1.0;33.0;0.0;0.0;3.0;26.0;1.0;;16;6;2019;10:50;1.0;80;80444;1;1.0;1.0;7.0;A28;50,0502100;1,7989810;1;28;0.0;;1.0;4;0.0;1.0;10;362;1.0;;;1.0;0.0;2.0;130.0;Somme;32;Hauts-de-France
201900001651;138Â 303Â 467;A01;1.0;1;3.0;2.0;1982.0;5.0;2.0;6.0;;0.0;0;;;3.0;33.0;0.0;0.0;1.0;26.0;1.0;;15;6;2019;20:50;1.0;60;60157;2;1.0;1.0;7.0;107 Rue de Paris;49,3671200;2,4189580;3;916;;;1.0;2;0.0;1.0;1;0;1.0;;;1.0;0.0;1.0;50.0;Oise;32;Hauts-de-France
201900001652;138Â 303Â 466;A01;1.0;1;2.0;1.0;1969.0;4.0;1.0;8.0;;; -1;;;1.0;14.0;0.0;2.0;8.0;1.0;1.0;;16;8;2019;08:45;1.0;94;94011;2;3.0;1.0;3.0;SEMARD(RUE PIERRE);48,7620000;2,4780000;3;60;0.0;;3.0;2;0.0;1.0;1;0;1.0;;;1.0;0.0;1.0;50.0;Val-de-Marne;11;Île-de-France
201900001652;138Â 303Â 468;B01;1.0;1;2.0;1.0;1987.0;1.0;1.0;8.0;;; -1;;;1.0;7.0;0.0;2.0;2.0;1.0;1.0;;16;8;2019;08:45;1.0;94;94011;2;3.0;1.0;3.0;SEMARD(RUE PIERRE);48,7620000;2,4780000;3;60;0.0;;3.0;2;0.0;1.0;1;0;1.0;;;1.0;0.0;1.0;50.0;Val-de-Marne;11;Île-de-France
201900001653;138Â 303Â 464;A01;1.0;1;2.0;2.0;1992.0;5.0;1.0;9.0;;0.0;0;;;1.0;7.0;0.0;2.0;6.0;1.0;1.0;;14;6;2019;03:55;3.0;02;02017;1;1.0;1.0;2.0;Autoroute A26 CALAIS REIMS PK 191+500;49,6986950;3,4428920;1;26;0.0;;3.0;4;0.0;4.0;191;500;1.0;;;1.0;0.0;1.0;130.0;Aisne;32;Hauts-de-France
201900001653;138Â 303Â 465;B01;1.0;1;1.0;1.0;1989.0;4.0;1.0;9.0;;0.0;0;;;1.0;15.0;0.0;2.0;2.0;21.0;1.0;;14;6;2019;03:55;3.0;02;02017;1;1.0;1.0;2.0;Autoroute A26 CALAIS REIMS PK 191+500;49,6986950;3,4428920;1;26;0.0;;3.0;4;0.0;4.0;191;500;1.0;;;1.0;0.0;1.0;130.0;Aisne;32;Hauts-de-France
201900001654;138Â 303Â 463;A01;10.0;3;2.0;2.0;1950.0;9.0;8.0;0.0;;4.0;3;1.0;;1.0;30.0;0.0;1.0;1.0;22.0;1.0;;15;8;2019;17:15;1.0;94;94028;2;3.0;1.0;6.0;LECLERC.(RUE DU GENERAL);48,7842300;2,4715500;3;19;0.0;;;2;0.0;1.0;0;0;1.0;;;1.0;0.0;1.0;50.0;Val-de-Marne;11;Île-de-France
201900001654;138Â 303Â 463;A01;1.0;1;1.0;1.0;2001.0;0.0;8.0;0.0;;0.0;0;;;1.0;30.0;0.0;1.0;1.0;22.0;1.0;;15;8;2019;17:15;1.0;94;94028;2;3.0;1.0;6.0;LECLERC.(RUE DU GENERAL);48,7842300;2,4715500;3;19;0.0;;;2;0.0;1.0;0;0;1.0;;;1.0;0.0;1.0;50.0;Val-de-Marne;11;Île-de-France
201900001655;138Â 303Â 461;A01;1.0;1;1.0;1.0;1986.0;4.0;8.0;0.0;;; -1;;;2.0;37.0;0.0;1.0;7.0;26.0;1.0;1.0;15;8;2019;08:45;1.0;94;94028;2;1.0;1.0;6.0;CHOISY(ROUTE DE);48,7902200;2,4529700;3;86;0.0;;2.0;2;3.0;1.0;0;0;1.0;;;1.0;9.0;1.0;50.0;Val-de-Marne;11;Île-de-France
201900001655;138Â 303Â 461;A01;10.0;3;3.0;2.0;1993.0;1.0;8.0;0.0;;2.0;9;1.0;;2.0;37.0;0.0;1.0;7.0;26.0;1.0;1.0;15;8;2019;08:45;1.0;94;94028;2;1.0;1.0;6.0;CHOISY(ROUTE DE);48,7902200;2,4529700;3;86;0.0;;2.0;2;3.0;1.0;0;0;1.0;;;1.0;9.0;1.0;50.0;Val-de-Marne;11;Île-de-France
201900001656;138Â 303Â 459;B01;1.0;1;1.0;2.0;1954.0;5.0;1.0;;;0.0;0;;;2.0;7.0;0.0;9.0;1.0;2.0;1.0;;29;5;2019;16:20;1.0;02;02124;1;1.0;1.0;6.0;Autoroute A26 pk 187+700;49,7276200;3,4094990;1;26;0.0;;;4;0.0;2.0;187;(1);1.0;;;1.0;0.0;1.0;130.0;Aisne;32;Hauts-de-France
201900001656;138Â 303Â 460;A01;1.0;1;1.0;1.0;2001.0;4.0;1.0;9.0;;0.0;0;;;2.0;7.0;3.0;0.0;1.0;1.0;1.0;;29;5;2019;16:20;1.0;02;02124;1;1.0;1.0;6.0;Autoroute A26 pk 187+700;49,7276200;3,4094990;1;26;0.0;;;4;0.0;2.0;187;(1);1.0;;;1.0;0.0;1.0;130.0;Aisne;32;Hauts-de-France
201900001656;138Â 303Â 460;A01;2.0;2;3.0;1.0;1994.0;4.0;1.0;9.0;;0.0;0;;;2.0;7.0;3.0;0.0;1.0;1.0;1.0;;29;5;2019;16:20;1.0;02;02124;1;1.0;1.0;6.0;Autoroute A26 pk 187+700;49,7276200;3,4094990;1;26;0.0;;;4;0.0;2.0;187;(1);1.0;;;1.0;0.0;1.0;130.0;Aisne;32;Hauts-de-France
201900001657;138Â 303Â 457;B01;1.0;1;2.0;2.0;2004.0;5.0;8.0;0.0;;; -1;;;3.0;1.0;0.0;2.0;0.0;1.0;5.0;;13;8;2019;12:00;1.0;94;94028;2;1.0;1.0;3.0;SEBASTIEN(VILLA);48,7892500;2,4652200;4;SEBASTIEN(VILLA);0.0;;1.0;1;1.0;1.0;0;0;1.0;;;1.0;0.0;1.0;50.0;Val-de-Marne;11;Île-de-France
201900001657;138Â 303Â 458;A01;1.0;1;1.0;1.0;1968.0;4.0;1.0;8.0;;; -1;;;2.0;10.0;0.0;6.0;1.0;1.0;1.0;;13;8;2019;12:00;1.0;94;94028;2;1.0;1.0;3.0;SEBASTIEN(VILLA);48,7892500;2,4652200;4;SEBASTIEN(VILLA);0.0;;1.0;1;1.0;1.0;0;0;1.0;;;1.0;0.0;1.0;50.0;Val-de-Marne;11;Île-de-France
201900001658;138Â 303Â 455;A01;1.0;1;3.0;1.0;2003.0;2.0;2.0;6.0;;0.0;0;;;1.0;2.0;0.0;2.0;1.0;1.0;1.0;;4;6;2019;08:00;1.0;16;16050;1;1.0;1.0;1.0;Ld Le Maine Aubrun;45,5855500; -0,1231720;3;152;0.0;;2.0;2;0.0;2.0;10;395;2.0;0.0;4.6;1.0;0.0;1.0;80.0;Charente;75;Nouvelle-Aquitaine
201900001658;138Â 303Â 456;B01;1.0;1;1.0;1.0;1941.0;5.0;0.0;;;0.0;0;;;2.0;21.0;0.0;2.0;3.0;1.0;1.0;;4;6;2019;08:00;1.0;16;16050;1;1.0;1.0;1.0;Ld Le Maine Aubrun;45,5855500; -0,1231720;3;152;0.0;;2.0;2;0.0;2.0;10;395;2.0;0.0;4.6;1.0;0.0;1.0;80.0;Charente;75;Nouvelle-Aquitaine
201900001659;138Â 303Â 454;A01;1.0;1;2.0;2.0;1989.0;0.0;8.0;0.0;;; -1;;;2.0;7.0;4.0;0.0;1.0;16.0;0.0;;12;8;2019;19:40;1.0;94;94028;2;9.0;1.0;7.0;CHOISY(ROUTE DE);48,7837530;2,4471030;3;86;0.0;;1.0;1;0.0;1.0;0;0;3.0;;;1.0;0.0;1.0;50.0;Val-de-Marne;11;Île-de-France
201900001660;138Â 303Â 452;C01;10.0;3;4.0;1.0;1987.0;5.0;0.0;;;6.0;9;1.0;;2.0;7.0;14.0;1.0;1.0;0.0;1.0;;14;6;2019;01:30;3.0;74;74307;1;1.0;1.0;4.0;A410;46,0035210;6,1265880;1;410;;A;3.0;4;0.0;2.0;142;0;2.0;;;1.0;8.0;1.0;90.0;Haute-Savoie;84;Auvergne-Rhône-Alpes
201900001660;138Â 303Â 452;C01;1.0;1;1.0;1.0;1986.0;1.0;5.0;1.0;;0.0;0;;;2.0;7.0;14.0;1.0;1.0;0.0;1.0;;14;6;2019;01:30;3.0;74;74307;1;1.0;1.0;4.0;A410;46,0035210;6,1265880;1;410;;A;3.0;4;0.0;2.0;142;0;2.0;;;1.0;8.0;1.0;90.0;Haute-Savoie;84;Auvergne-Rhône-Alpes
201900001660;138Â 303Â 453;A01;1.0;1;2.0;1.0;1973.0;0.0;1.0;;;0.0;0;;;2.0;7.0;7.0;0.0;3.0;1.0;1.0;;14;6;2019;01:30;3.0;74;74307;1;1.0;1.0;4.0;A410;46,0035210;6,1265880;1;410;;A;3.0;4;0.0;2.0;142;0;2.0;;;1.0;8.0;1.0;90.0;Haute-Savoie;84;Auvergne-Rhône-Alpes
201900001661;138Â 303Â 448;A01;1.0;1;1.0;1.0;1941.0;5.0;1.0;;;0.0;0;;;2.0;7.0;0.0;2.0;2.0;1.0;1.0;;20;6;2019;11:40;1.0;22;22172;1;3.0;1.0;3.0;RD 19 / D 768;48,5375162; -2,2242192;3;768;;;2.0;2;0.0;1.0;27;1900;1.0;;;1.0;5.0;1.0;80.0;Côtes-d'Armor;53;Bretagne
201900001661;138Â 303Â 449;B01;1.0;1;3.0;2.0;1933.0;5.0;1.0;;;0.0;0;;;2.0;7.0;0.0;2.0;3.0;19.0;1.0;;20;6;2019;11:40;1.0;22;22172;1;3.0;1.0;3.0;RD 19 / D 768;48,5375162; -2,2242192;3;768;;;2.0;2;0.0;1.0;27;1900;1.0;;;1.0;5.0;1.0;80.0;Côtes-d'Armor;53;Bretagne
201900001662;138Â 303Â 447;A01;1.0;1;2.0;1.0;2001.0;0.0;2.0;;;0.0;0;;;3.0;2.0;0.0;0.0;0.0;1.0;1.0;;18;6;2019;21:37;1.0;22;22209;2;1.0;1.0;7.0;rue du colonel pleven;48,5799400; -2,1425700;3;768;0.0;;2.0;2;0.0;1.0;32;147;1.0;;;1.0;0.0;1.0;50.0;Côtes-d'Armor;53;Bretagne
201900001663;138Â 303Â 445;A01;1.0;1;3.0;1.0;1937.0;5.0;1.0;;;0.0;0;;;3.0;7.0;0.0;2.0;1.0;2.0;0.0;;7;6;2019;11:13;1.0;43;43040;2;1.0;1.0;2.0;Avenue d'Auvergne;45,3036810;3,3783150;4;;;;2.0;2;0.0;1.0;(1);(1);1.0;;;1.0;0.0;1.0;50.0;Haute-Loire;84;Auvergne-Rhône-Alpes
201900001663;138Â 303Â 446;B01;1.0;1;2.0;2.0;1991.0;3.0;1.0;;;0.0;0;;;3.0;7.0;0.0;0.0;4.0;16.0;0.0;;7;6;2019;11:13;1.0;43;43040;2;1.0;1.0;2.0;Avenue d'Auvergne;45,3036810;3,3783150;4;;;;2.0;2;0.0;1.0;(1);(1);1.0;;;1.0;0.0;1.0;50.0;Haute-Loire;84;Auvergne-Rhône-Alpes
201900001664;138Â 303Â 451;A01;2.0;2;2.0;1.0;1998.0;0.0;8.0;0.0;;; -1;;;1.0;30.0;0.0;2.0;0.0;0.0;0.0;;13;8;2019;21:00;2.0;94;94022;2;1.0;1.0;7.0;STALINGRAD (BD DE);48,7707170;2,4013730;3;5;0.0;;1.0;0;0.0;1.0;0;1;1.0;;;1.0;0.0;1.0;50.0;Val-de-Marne;11;Île-de-France
201900001665;138Â 303Â 443;B01;2.0;2;2.0;1.0;1965.0;5.0;1.0;;;0.0;0;;;2.0;7.0;0.0;0.0;4.0;2.0;0.0;;29;5;2019;15:17;1.0;43;43188;2;1.0;1.0;2.0;le bourg;45,1556736;3,5414600;2;102;0.0;;2.0;2;0.0;1.0;(1);(1);1.0;;;1.0;0.0;1.0;50.0;Haute-Loire;84;Auvergne-Rhône-Alpes
201900001665;138Â 303Â 444;A01;1.0;1;1.0;1.0;1995.0;4.0;1.0;;;0.0;0;;;2.0;10.0;0.0;2.0;1.0;2.0;0.0;;29;5;2019;15:17;1.0;43;43188;2;1.0;1.0;2.0;le bourg;45,1556736;3,5414600;2;102;0.0;;2.0;2;0.0;1.0;(1);(1);1.0;;;1.0;0.0;1.0;50.0;Haute-Loire;84;Auvergne-Rhône-Alpes
201900001666;138Â 303Â 441;A01;1.0;1;1.0;1.0;1984.0;5.0;1.0;0.0;;;0;;;1.0;10.0;0.0;2.0;3.0;26.0;1.0;;12;8;2019;22:55;3.0;94;94017;2;9.0;1.0;3.0;JEAN JAURES (R);48,8149820;2,5066010;3;4;0.0;;2.0;2;0.0;1.0;0;0;1.0;;;1.0;0.0;1.0;50.0;Val-de-Marne;11;Île-de-France
201900001666;138Â 303Â 442;B01;2.0;2;2.0;1.0;2002.0;5.0;2.0;0.0;;;0;;;1.0;2.0;0.0;2.0;1.0;9.0;1.0;;12;8;2019;22:55;3.0;94;94017;2;9.0;1.0;3.0;JEAN JAURES (R);48,8149820;2,5066010;3;4;0.0;;2.0;2;0.0;1.0;0;0;1.0;;;1.0;0.0;1.0;50.0;Val-de-Marne;11;Île-de-France
201900001666;138Â 303Â 442;B01;1.0;1;2.0;1.0;2000.0;5.0;2.0;0.0;;;0;;;1.0;2.0;0.0;2.0;1.0;9.0;1.0;;12;8;2019;22:55;3.0;94;94017;2;9.0;1.0;3.0;JEAN JAURES (R);48,8149820;2,5066010;3;4;0.0;;2.0;2;0.0;1.0;0;0;1.0;;;1.0;0.0;1.0;50.0;Val-de-Marne;11;Île-de-France
201900001667;138Â 303Â 440;A01;10.0;3;3.0;2.0;1999.0;1.0;0.0;;;1.0;3;1.0;;1.0;7.0;0.0;1.0;2.0;1.0;2.0;;7;6;2019;23:00;3.0;68;68156;1;1.0;6.0;6.0;D3B3;47,9102500;7,2576250;3;3bis3;0.0;;2.0;2;0.0;1.0;24;244;1.0;;;2.0;3.0;1.0;80.0;Haut-Rhin;44;Grand Est
201900001667;138Â 303Â 440;A01;1.0;1;1.0;2.0;1993.0;1.0;1.0;;;0.0;0;;;1.0;7.0;0.0;1.0;2.0;1.0;2.0;;7;6;2019;23:00;3.0;68;68156;1;1.0;6.0;6.0;D3B3;47,9102500;7,2576250;3;3bis3;0.0;;2.0;2;0.0;1.0;24;244;1.0;;;2.0;3.0;1.0;80.0;Haut-Rhin;44;Grand Est
201900001668;138Â 303Â 439;A01;1.0;1;2.0;1.0;1972.0;1.0;2.0;6.0;;;0;;;3.0;30.0;0.0;0.0;1.0;2.0;1.0;;17;8;2019;17:40;1.0;94;94047;2;6.0;2.0;7.0;VERDUN (R DE);48,7102600;2,5581600;4;VERDUN (R DE);0.0;;1.0;0;0.0;1.0;0;0;1.0;;;2.0;5.0;1.0;50.0;Val-de-Marne;11;Île-de-France
201900001669;138Â 303Â 438;A01;10.0;3;2.0;1.0;2011.0;2.0;0.0;;;3.0;3;1.0;;3.0;7.0;0.0;1.0;1.0;1.0;1.0;;7;6;2019;13:30;1.0;68;68112;2;1.0;1.0;7.0;Rue de l'Ãglise;47,9106430;7,2106180;4;;0.0;;2.0;2;0.0;1.0;(1);(1);1.0;;;1.0;0.0;1.0;50.0;Haut-Rhin;44;Grand Est
201900001669;138Â 303Â 438;A01;1.0;1;1.0;2.0;1986.0;2.0;1.0;;;0.0;0;;;3.0;7.0;0.0;1.0;1.0;1.0;1.0;;7;6;2019;13:30;1.0;68;68112;2;1.0;1.0;7.0;Rue de l'Ãglise;47,9106430;7,2106180;4;;0.0;;2.0;2;0.0;1.0;(1);(1);1.0;;;1.0;0.0;1.0;50.0;Haut-Rhin;44;Grand Est
201900001670;138Â 303Â 436;A01;1.0;1;3.0;1.0;1965.0;5.0;2.0;6.0;;; -1;;;3.0;33.0;12.0;0.0;8.0;2.0;1.0;;14;8;2019;16:45;1.0;94;94071;2;1.0;1.0;3.0;MAGELLAN (RUE);48,7726981;2,5039773;4;MAGELLAN (R);0.0;;1.0;1;3.0;1.0;0;0;1.0;;;1.0;5.0;1.0;50.0;Val-de-Marne;11;Île-de-France
201900001670;138Â 303Â 437;B01;1.0;1;1.0;1.0;1975.0;1.0;1.0;8.0;;; -1;;;3.0;10.0;0.0;0.0;0.0;2.0;1.0;;14;8;2019;16:45;1.0;94;94071;2;1.0;1.0;3.0;MAGELLAN (RUE);48,7726981;2,5039773;4;MAGELLAN (R);0.0;;1.0;1;3.0;1.0;0;0;1.0;;;1.0;5.0;1.0;50.0;Val-de-Marne;11;Île-de-France
201900001671;138Â 303Â 435;A01;1.0;1;3.0;1.0;1995.0;1.0;1.0;;;0.0;0;;;1.0;7.0;2.0;0.0;1.0;1.0;1.0;;19;6;2019;00:30;3.0;86;86050;1;1.0;1.0;6.0;RD24;46,6685100; -0,0036050;3;24;0.0;;2.0;2;0.0;1.0;49;600;2.0;;;1.0;0.0;3.0;80.0;Vienne;75;Nouvelle-Aquitaine
201900001672;138Â 303Â 433;A01;1.0;1;2.0;1.0;1993.0;5.0;1.0;0.0;;;0;;;1.0;7.0;0.0;2.0;4.0;26.0;1.0;;17;8;2019;17:15;1.0;94;94002;2;3.0;2.0;2.0;JEAN BAPTISTE CLEMENT (QU);48,7904900;2,4239400;4;JEAN BAPTISTE CLEMENT (QU);0.0;;2.0;2;0.0;1.0;0;0;1.0;;;2.0;0.0;1.0;50.0;Val-de-Marne;11;Île-de-France
201900001672;138Â 303Â 434;B01;1.0;1;1.0;1.0;1956.0;0.0;1.0;0.0;;;0;;;1.0;7.0;0.0;2.0;0.0;0.0;1.0;;17;8;2019;17:15;1.0;94;94002;2;3.0;2.0;2.0;JEAN BAPTISTE CLEMENT (QU);48,7904900;2,4239400;4;JEAN BAPTISTE CLEMENT (QU);0.0;;2.0;2;0.0;1.0;0;0;1.0;;;2.0;0.0;1.0;50.0;Val-de-Marne;11;Île-de-France
201900001673;138Â 303Â 432;A01;1.0;1;1.0;1.0;1984.0;4.0;1.0;4.0;;0.0;0;;;0.0;13.0;0.0;1.0;6.0;4.0;1.0;;6;6;2019;22:15;5.0;33;33138;2;1.0;1.0;6.0;5 Avenue Justin Luquot;45,0406520; -0,1254110;4;;;;2.0;2;0.0;1.0;(1);(1);1.0;;;1.0;0.0;4.0;50.0;Gironde;75;Nouvelle-Aquitaine
201900001673;138Â 303Â 432;A01;10.0;3;3.0;2.0;1990.0;9.0;0.0;;;5.0;9;1.0;;0.0;13.0;0.0;1.0;6.0;4.0;1.0;;6;6;2019;22:15;5.0;33;33138;2;1.0;1.0;6.0;5 Avenue Justin Luquot;45,0406520; -0,1254110;4;;;;2.0;2;0.0;1.0;(1);(1);1.0;;;1.0;0.0;4.0;50.0;Gironde;75;Nouvelle-Aquitaine
201900001674;138Â 303Â 427;A01;1.0;1;1.0;2.0;1958.0;5.0;1.0;;;0.0;0;;;3.0;7.0;0.0;2.0;2.0;19.0;1.0;;9;6;2019;18:35;1.0;40;40296;2;2.0;1.0;3.0;Avenue Charles de Gaulle;43,6845650; -1,3752900;3;652;;;2.0;2;0.0;1.0;(1);(1);1.0;;;1.0;9.0;1.0;50.0;Landes;75;Nouvelle-Aquitaine
201900001674;138Â 303Â 429;B01;2.0;2;3.0;2.0;2004.0;5.0;2.0;6.0;;0.0;0;;;3.0;32.0;0.0;2.0;3.0;1.0;1.0;;9;6;2019;18:35;1.0;40;40296;2;2.0;1.0;3.0;Avenue Charles de Gaulle;43,6845650; -1,3752900;3;652;;;2.0;2;0.0;1.0;(1);(1);1.0;;;1.0;9.0;1.0;50.0;Landes;75;Nouvelle-Aquitaine
201900001674;138Â 303Â 429;B01;1.0;1;2.0;2.0;2004.0;5.0;2.0;6.0;;0.0;0;;;3.0;32.0;0.0;2.0;3.0;1.0;1.0;;9;6;2019;18:35;1.0;40;40296;2;2.0;1.0;3.0;Avenue Charles de Gaulle;43,6845650; -1,3752900;3;652;;;2.0;2;0.0;1.0;(1);(1);1.0;;;1.0;9.0;1.0;50.0;Landes;75;Nouvelle-Aquitaine
201900001675;138Â 303Â 428;C01;2.0;2;1.0;1.0;1978.0;5.0;1.0;0.0;;; -1;;;3.0;7.0;0.0;2.0;1.0;1.0;1.0;;17;8;2019;19:00;1.0;93;93078;2;1.0;2.0;5.0;CHEMIN DEPARTEMENTAL;48,9791640;2,5300910;3;40;0.0;;2.0;2;0.0;1.0;0;1;1.0;;;2.0;0.0;1.0;50.0;Seine-Saint-Denis;11;Île-de-France
201900001675;138Â 303Â 428;C01;1.0;1;2.0;1.0;2000.0;5.0;1.0;0.0;;; -1;;;3.0;7.0;0.0;2.0;1.0;1.0;1.0;;17;8;2019;19:00;1.0;93;93078;2;1.0;2.0;5.0;CHEMIN DEPARTEMENTAL;48,9791640;2,5300910;3;40;0.0;;2.0;2;0.0;1.0;0;1;1.0;;;2.0;0.0;1.0;50.0;Seine-Saint-Denis;11;Île-de-France
201900001675;138Â 303Â 428;C01;3.0;2;2.0;1.0;1979.0;5.0;1.0;0.0;;; -1;;;3.0;7.0;0.0;2.0;1.0;1.0;1.0;;17;8;2019;19:00;1.0;93;93078;2;1.0;2.0;5.0;CHEMIN DEPARTEMENTAL;48,9791640;2,5300910;3;40;0.0;;2.0;2;0.0;1.0;0;1;1.0;;;2.0;0.0;1.0;50.0;Seine-Saint-Denis;11;Île-de-France
201900001675;138Â 303Â 430;B01;1.0;1;3.0;1.0;1997.0;5.0;1.0;0.0;;; -1;;;3.0;7.0;0.0;2.0;1.0;1.0;1.0;;17;8;2019;19:00;1.0;93;93078;2;1.0;2.0;5.0;CHEMIN DEPARTEMENTAL;48,9791640;2,5300910;3;40;0.0;;2.0;2;0.0;1.0;0;1;1.0;;;2.0;0.0;1.0;50.0;Seine-Saint-Denis;11;Île-de-France
201900001675;138Â 303Â 431;A01;1.0;1;2.0;2.0;1994.0;5.0;1.0;0.0;;; -1;;;3.0;7.0;0.0;2.0;1.0;5.0;1.0;;17;8;2019;19:00;1.0;93;93078;2;1.0;2.0;5.0;CHEMIN DEPARTEMENTAL;48,9791640;2,5300910;3;40;0.0;;2.0;2;0.0;1.0;0;1;1.0;;;2.0;0.0;1.0;50.0;Seine-Saint-Denis;11;Île-de-France
201900001676;138Â 303Â 425;B01;1.0;1;3.0;2.0;1980.0;5.0;1.0;;;0.0;0;;;3.0;7.0;0.0;2.0;3.0;1.0;1.0;;7;6;2019;23:10;3.0;40;40296;1;1.0;1.0;1.0;RD 152, les casernes;43,7181660; -1,4178410;3;152;;;2.0;2;0.0;1.0;(1);(1);3.0;;;1.0;0.0;1.0;90.0;Landes;75;Nouvelle-Aquitaine
201900001676;138Â 303Â 425;B01;2.0;2;1.0;1.0;1981.0;5.0;1.0;;;0.0;0;;;3.0;7.0;0.0;2.0;3.0;1.0;1.0;;7;6;2019;23:10;3.0;40;40296;1;1.0;1.0;1.0;RD 152, les casernes;43,7181660; -1,4178410;3;152;;;2.0;2;0.0;1.0;(1);(1);3.0;;;1.0;0.0;1.0;90.0;Landes;75;Nouvelle-Aquitaine
201900001676;138Â 303Â 426;A01;1.0;1;1.0;1.0;1975.0;5.0;1.0;;;0.0;0;;;3.0;7.0;0.0;2.0;3.0;13.0;1.0;;7;6;2019;23:10;3.0;40;40296;1;1.0;1.0;1.0;RD 152, les casernes;43,7181660; -1,4178410;3;152;;;2.0;2;0.0;1.0;(1);(1);3.0;;;1.0;0.0;1.0;90.0;Landes;75;Nouvelle-Aquitaine
201900001677;138Â 303Â 424;A01;1.0;1;2.0;2.0;1992.0;9.0;1.0;0.0;;; -1;;;3.0;10.0;3.0;0.0;1.0;12.0;0.0;;17;8;2019;09:15;1.0;93;93073;2;4.0;2.0;6.0;CHAPIT RE ( RUE DU);49,0024820;2,5369540;9;CHAPIT RE ( RUE DU);0.0;;2.0;2;0.0;1.0;0;200;3.0;;;2.0;9.0;1.0;70.0;Seine-Saint-Denis;11;Île-de-France
201900001678;138Â 303Â 423;A01;7.0;2;3.0;1.0;1999.0;5.0;1.0;;;0.0;0;;;0.0;7.0;2.0;0.0;5.0;13.0;1.0;;2;6;2019;06:00;2.0;40;40296;1;1.0;1.0;6.0;D337;43,7227030; -1,4055470;3;337;;D;2.0;2;0.0;1.0;(1);(1);1.0;;;1.0;0.0;1.0;50.0;Landes;75;Nouvelle-Aquitaine
201900001678;138Â 303Â 423;A01;1.0;1;1.0;1.0;1998.0;5.0;1.0;;;0.0;0;;;0.0;7.0;2.0;0.0;5.0;13.0;1.0;;2;6;2019;06:00;2.0;40;40296;1;1.0;1.0;6.0;D337;43,7227030; -1,4055470;3;337;;D;2.0;2;0.0;1.0;(1);(1);1.0;;;1.0;0.0;1.0;50.0;Landes;75;Nouvelle-Aquitaine
201900001679;138Â 303Â 421;A01;10.0;3;3.0;1.0;1957.0;5.0;0.0;;;3.0;3;1.0;;1.0;7.0;0.0;1.0;2.0;1.0;0.0;;4;6;2019;22:55;5.0;33;33081;2;2.0;1.0;6.0;allÃ©e de lattre de tassigny;44,6362400; -0,3211360;3;10;;;2.0;3;0.0;1.0;106;565;1.0;;;1.0;6.0;1.0;50.0;Gironde;75;Nouvelle-Aquitaine
201900001679;138Â 303Â 421;A01;1.0;1;1.0;2.0;1954.0;5.0;1.0;;;0.0;0;;;1.0;7.0;0.0;1.0;2.0;1.0;0.0;;4;6;2019;22:55;5.0;33;33081;2;2.0;1.0;6.0;allÃ©e de lattre de tassigny;44,6362400; -0,3211360;3;10;;;2.0;3;0.0;1.0;106;565;1.0;;;1.0;6.0;1.0;50.0;Gironde;75;Nouvelle-Aquitaine
201900001680;138Â 303Â 420;A01;1.0;1;2.0;2.0;1983.0;0.0;2.0;8.0;;; -1;;;1.0;33.0;0.0;2.0;1.0;2.0;1.0;;12;8;2019;01:00;5.0;93;93072;2;1.0;1.0;3.0;MARCEL CACHIN (AVENUE) DES NÂ°1 AU 17;48,9577060;2,3824960;3;901;0.0;;2.0;2;0.0;1.0;0;1;1.0;;;1.0;0.0;1.0;50.0;Seine-Saint-Denis;11;Île-de-France
201900001680;138Â 303Â 422;B01;1.0;1;1.0;2.0;1985.0;0.0;1.0;0.0;;; -1;;;1.0;7.0;0.0;2.0;3.0;20.0;1.0;;12;8;2019;01:00;5.0;93;93072;2;1.0;1.0;3.0;MARCEL CACHIN (AVENUE) DES NÂ°1 AU 17;48,9577060;2,3824960;3;901;0.0;;2.0;2;0.0;1.0;0;1;1.0;;;1.0;0.0;1.0;50.0;Seine-Saint-Denis;11;Île-de-France
201900001681;138Â 303Â 416;A01;1.0;1;2.0;1.0;1974.0;4.0;2.0;6.0;;; -1;;;1.0;33.0;0.0;2.0;4.0;2.0;0.0;;13;8;2019;18:00;1.0;93;93066;2;1.0;8.0;2.0;CASANOVA DANIELLE NR 2 A 50 ET 1 A 19;48,9295500;2,3592500;3;27;0.0;;2.0;6;3.0;1.0;0;0;1.0;;;9.0;0.0;1.0;50.0;Seine-Saint-Denis;11;Île-de-France
201900001681;138Â 303Â 418;B01;1.0;1;1.0;1.0;1988.0;0.0;1.0;8.0;;; -1;;;1.0;7.0;0.0;2.0;1.0;2.0;0.0;;13;8;2019;18:00;1.0;93;93066;2;1.0;8.0;2.0;CASANOVA DANIELLE NR 2 A 50 ET 1 A 19;48,9295500;2,3592500;3;27;0.0;;2.0;6;3.0;1.0;0;0;1.0;;;9.0;0.0;1.0;50.0;Seine-Saint-Denis;11;Île-de-France