Num_Acc;id_vehicule;num_veh;place;catu;grav;sexe;an_nais;trajet;secu1;secu2;secu3;locp;actp;etatp;id_usager;senc;catv;obs;obsm;choc;manv;motor;occutc;jour;mois;an;hrmn;lum;dep;com;agg;int;atm;col;adr;lat;long;catr;voie;v1;v2;circ;nbv;vosp;prof;pr;pr1;plan;lartpc;larrout;surf;infra;situ;vma;nom_departement;reg;nom_region
201900001682;138Â 303Â 414;A01;1.0;1;2.0;2.0;1953.0;3.0;1.0;0.0;;; -1;;;1.0;7.0;11.0;0.0;1.0;1.0;1.0;;13;8;2019;10:00;1.0;93;93066;2;1.0;1.0;6.0;"""STRASBOURG, NR 1 A 71 ET 2 A 34""";48,9361800;2,3636800;4;"""STRASBOURG, NR 1 A 71 ET 2 A 34""";0.0;;2.0;2;0.0;1.0;0;0;1.0;;;1.0;0.0;1.0;50.0;Seine-Saint-Denis;11;Île-de-France
201900001683;138Â 303Â 413;B01;1.0;1;2.0;1.0;1965.0;5.0;1.0;;;0.0;0;;;1.0;7.0;0.0;0.0;4.0;1.0;1.0;;1;6;2019;10:40;1.0;33;33254;1;1.0;1.0;2.0;Bonin Nord;44,5440300; -0,0351900;3;9;;;2.0;2;0.0;1.0;19;300;1.0;;;1.0;0.0;1.0;80.0;Gironde;75;Nouvelle-Aquitaine
201900001683;138Â 303Â 415;A01;1.0;1;1.0;1.0;1999.0;5.0;1.0;;;0.0;0;;;1.0;7.0;0.0;2.0;1.0;1.0;1.0;;1;6;2019;10:40;1.0;33;33254;1;1.0;1.0;2.0;Bonin Nord;44,5440300; -0,0351900;3;9;;;2.0;2;0.0;1.0;19;300;1.0;;;1.0;0.0;1.0;80.0;Gironde;75;Nouvelle-Aquitaine
201900001684;138Â 303Â 410;B01;1.0;1;1.0;1.0;1964.0;5.0;1.0;0.0;;; -1;;;2.0;7.0;0.0;0.0;4.0;1.0;1.0;;17;8;2019;18:45;1.0;93;93064;2;1.0;2.0;2.0;QUATRIEME ZOUAVES (RUE DU);48,8719020;2,4750370;3;37;0.0;;2.0;3;0.0;2.0;0;0;1.0;;;2.0;0.0;1.0;50.0;Seine-Saint-Denis;11;Île-de-France
201900001684;138Â 303Â 410;B01;4.0;2;2.0;2.0;1963.0;5.0;1.0;0.0;;; -1;;;2.0;7.0;0.0;0.0;4.0;1.0;1.0;;17;8;2019;18:45;1.0;93;93064;2;1.0;2.0;2.0;QUATRIEME ZOUAVES (RUE DU);48,8719020;2,4750370;3;37;0.0;;2.0;3;0.0;2.0;0;0;1.0;;;2.0;0.0;1.0;50.0;Seine-Saint-Denis;11;Île-de-France
201900001684;138Â 303Â 412;A01;1.0;1;1.0;2.0;1987.0;5.0;1.0;0.0;;; -1;;;2.0;7.0;1.0;0.0;1.0;1.0;1.0;;17;8;2019;18:45;1.0;93;93064;2;1.0;2.0;2.0;QUATRIEME ZOUAVES (RUE DU);48,8719020;2,4750370;3;37;0.0;;2.0;3;0.0;2.0;0;0;1.0;;;2.0;0.0;1.0;50.0;Seine-Saint-Denis;11;Île-de-France
201900001685;138Â 303Â 407;A01;1.0;1;1.0;2.0;1985.0;0.0;1.0;8.0;;; -1;;;3.0;7.0;0.0;2.0;6.0;4.0;0.0;;16;8;2019;18:45;1.0;93;93064;2;9.0;1.0;2.0;HOFFMANN (RUE PHILIBERT);48,8813130;2,4861020;4;HOFFMANN (RUE PHILIBERT);0.0;;2.0;2;0.0;1.0;0;0;1.0;;;1.0;0.0;1.0;50.0;Seine-Saint-Denis;11;Île-de-France
201900001685;138Â 303Â 408;B01;1.0;1;2.0;1.0;1984.0;1.0;2.0;6.0;;; -1;;;3.0;32.0;0.0;2.0;1.0;1.0;0.0;;16;8;2019;18:45;1.0;93;93064;2;9.0;1.0;2.0;HOFFMANN (RUE PHILIBERT);48,8813130;2,4861020;4;HOFFMANN (RUE PHILIBERT);0.0;;2.0;2;0.0;1.0;0;0;1.0;;;1.0;0.0;1.0;50.0;Seine-Saint-Denis;11;Île-de-France
201900001686;138Â 303Â 409;A01;1.0;1;1.0;2.0;1928.0;5.0;1.0;;;0.0;0;;;2.0;7.0;0.0;9.0;3.0;11.0;1.0;;8;6;2019;17:00;1.0;17;17437;1;2.0;1.0;1.0;Le Caillaud;45,5320936; -0,8920826;3;145;;;2.0;2;0.0;1.0;29;936;1.0;;;1.0;5.0;1.0;80.0;Charente-Maritime;75;Nouvelle-Aquitaine
201900001686;138Â 303Â 411;B01;1.0;1;3.0;1.0;1993.0;5.0;2.0;6.0;;0.0;0;;;1.0;33.0;0.0;2.0;1.0;1.0;1.0;;8;6;2019;17:00;1.0;17;17437;1;2.0;1.0;1.0;Le Caillaud;45,5320936; -0,8920826;3;145;;;2.0;2;0.0;1.0;29;936;1.0;;;1.0;5.0;1.0;80.0;Charente-Maritime;75;Nouvelle-Aquitaine
201900001687;138Â 303Â 405;A01;2.0;2;2.0;1.0;1986.0;5.0;8.0;0.0;;; -1;;;0.0;7.0;0.0;2.0;2.0;2.0;1.0;;15;8;2019;04:50;5.0;93;93051;1;1.0;8.0;2.0;PAVE NEUF (AVENUE);48,8361800;2,5643280;3;194;0.0;;3.0;3;0.0;1.0;0;0;1.0;;;9.0;0.0;3.0;110.0;Seine-Saint-Denis;11;Île-de-France
201900001687;138Â 303Â 406;B01;1.0;1;2.0;1.0;1977.0;5.0;1.0;0.0;;; -1;;;0.0;7.0;0.0;0.0;6.0;2.0;1.0;;15;8;2019;04:50;5.0;93;93051;1;1.0;8.0;2.0;PAVE NEUF (AVENUE);48,8361800;2,5643280;3;194;0.0;;3.0;3;0.0;1.0;0;0;1.0;;;9.0;0.0;3.0;110.0;Seine-Saint-Denis;11;Île-de-France
201900001688;138Â 303Â 403;B01;1.0;1;3.0;1.0;1950.0;5.0;2.0;;;0.0;0;;;1.0;34.0;0.0;2.0;1.0;1.0;1.0;;8;6;2019;11:15;1.0;34;34243;1;1.0;1.0;3.0;d 986;43,9101020;3,7366700;3;986;;;2.0;2;0.0;1.0;4;250;3.0;;;1.0;0.0;1.0;80.0;Hérault;76;Occitanie
201900001688;138Â 303Â 404;A01;1.0;1;1.0;2.0;1991.0;5.0;1.0;;;0.0;0;;;2.0;7.0;0.0;2.0;5.0;15.0;1.0;;8;6;2019;11:15;1.0;34;34243;1;1.0;1.0;3.0;d 986;43,9101020;3,7366700;3;986;;;2.0;2;0.0;1.0;4;250;3.0;;;1.0;0.0;1.0;80.0;Hérault;76;Occitanie
201900001689;138Â 303Â 399;B01;1.0;1;2.0;1.0;1966.0;4.0;2.0;6.0;;0.0;0;;;0.0;34.0;0.0;2.0;2.0;17.0;1.0;;20;6;2019;08:00;1.0;06;06161;2;1.0;1.0;3.0;D241;43,6341640;7,1274460;3;241;0.0;D;1.0;1;0.0;2.0;(1);(1);1.0;;;1.0;0.0;1.0;50.0;Alpes-Maritimes;93;Provence-Alpes-Côte d'Azur
201900001689;138Â 303Â 401;A01;1.0;1;1.0;1.0;1990.0;4.0;1.0;;;0.0;0;;;0.0;7.0;0.0;2.0;6.0;6.0;1.0;;20;6;2019;08:00;1.0;06;06161;2;1.0;1.0;3.0;D241;43,6341640;7,1274460;3;241;0.0;D;1.0;1;0.0;2.0;(1);(1);1.0;;;1.0;0.0;1.0;50.0;Alpes-Maritimes;93;Provence-Alpes-Côte d'Azur
201900001690;138Â 303Â 400;A01;1.0;1;1.0;2.0;1972.0;1.0;1.0;0.0;;0.0;0;;;0.0;99.0;0.0;2.0;2.0;19.0;1.0;;13;8;2019;14:30;1.0;93;93048;2;2.0;8.0;3.0;GABRIEL PERI (AVENUE);48,8574260;2,4400760;3;37;2.0;;;2;0.0;1.0;13;0;1.0;;;1.0;0.0;1.0;50.0;Seine-Saint-Denis;11;Île-de-France
201900001690;138Â 303Â 402;B01;2.0;2;2.0;1.0;2006.0;1.0;1.0;0.0;;0.0;0;;;0.0;99.0;0.0;2.0;1.0;15.0;1.0;;13;8;2019;14:30;1.0;93;93048;2;2.0;8.0;3.0;GABRIEL PERI (AVENUE);48,8574260;2,4400760;3;37;2.0;;;2;0.0;1.0;13;0;1.0;;;1.0;0.0;1.0;50.0;Seine-Saint-Denis;11;Île-de-France
201900001690;138Â 303Â 402;B01;1.0;1;2.0;1.0;1972.0;1.0;1.0;0.0;;0.0;0;;;0.0;99.0;0.0;2.0;1.0;15.0;1.0;;13;8;2019;14:30;1.0;93;93048;2;2.0;8.0;3.0;GABRIEL PERI (AVENUE);48,8574260;2,4400760;3;37;2.0;;;2;0.0;1.0;13;0;1.0;;;1.0;0.0;1.0;50.0;Seine-Saint-Denis;11;Île-de-France
201900001691;138Â 303Â 396;A01;1.0;1;1.0;1.0;1978.0;0.0;1.0;;;0.0;0;;;0.0;7.0;0.0;2.0;2.0;16.0;1.0;;5;6;2019;10:45;1.0;06;06161;2;9.0;1.0;3.0;1843-1721 Route Nationale 7;43,6329990;7,1342970;3;6007;;;2.0;2;0.0;1.0;(1);(1);1.0;;;1.0;0.0;1.0;70.0;Alpes-Maritimes;93;Provence-Alpes-Côte d'Azur
201900001691;138Â 303Â 398;B01;1.0;1;2.0;1.0;1961.0;0.0;2.0;6.0;;0.0;0;;;0.0;34.0;0.0;2.0;8.0;16.0;1.0;;5;6;2019;10:45;1.0;06;06161;2;9.0;1.0;3.0;1843-1721 Route Nationale 7;43,6329990;7,1342970;3;6007;;;2.0;2;0.0;1.0;(1);(1);1.0;;;1.0;0.0;1.0;70.0;Alpes-Maritimes;93;Provence-Alpes-Côte d'Azur
201900001692;138Â 303Â 395;B01;1.0;2;2.0;1.0;1988.0;0.0;1.0;0.0;;; -1;;;3.0;10.0;1.0;2.0;6.0;0.0;1.0;;17;8;2019;16:00;1.0;93;93046;2;2.0;2.0;2.0;EUGENE MASSE RUE;48,9260900;2,5450400;4;EUGENE MASSE RUE;0.0;;2.0;2;0.0;1.0;1;0;3.0;;;2.0;0.0;1.0;50.0;Seine-Saint-Denis;11;Île-de-France
201900001692;138Â 303Â 397;A01;1.0;1;1.0;1.0;1997.0;5.0;1.0;8.0;;; -1;;;2.0;10.0;1.0;0.0;2.0;14.0;1.0;;17;8;2019;16:00;1.0;93;93046;2;2.0;2.0;2.0;EUGENE MASSE RUE;48,9260900;2,5450400;4;EUGENE MASSE RUE;0.0;;2.0;2;0.0;1.0;1;0;3.0;;;2.0;0.0;1.0;50.0;Seine-Saint-Denis;11;Île-de-France
201900001693;138Â 303Â 394;A01;1.0;1;3.0;1.0;1997.0;5.0;2.0;6.0;9.0;0.0;0;;;1.0;33.0;6.0;0.0;1.0;1.0;1.0;;1;6;2019;23:00;5.0;06;06161;2;1.0;1.0;7.0;688 Avenue de la Grange Rimade;43,6633220;7,1238090;3;2;0.0;D;2.0;2;0.0;2.0;(1);(1);2.0;;;1.0;0.0;3.0;50.0;Alpes-Maritimes;93;Provence-Alpes-Côte d'Azur
201900001694;138Â 303Â 393;A01;1.0;1;2.0;2.0;1990.0;0.0;1.0;0.0;;; -1;;;1.0;7.0;1.0;0.0;2.0;0.0;1.0;;16;8;2019;08:40;1.0;93;93063;2;1.0;1.0;6.0;BERLIOZ AVENUE;48,8728332;2,4461662;4;BERLIOZ AVENUE;0.0;;2.0;2;0.0;1.0;0;0;1.0;;;1.0;0.0;1.0;50.0;Seine-Saint-Denis;11;Île-de-France
201900001695;138Â 303Â 391;B01;1.0;1;2.0;1.0;1957.0;5.0;2.0;6.0;;0.0;0;;;0.0;33.0;0.0;2.0;1.0;1.0;0.0;;3;5;2019;11:08;1.0;06;06161;2;1.0;1.0;2.0;Avenue des Plans;43,6537280;7,1259480;3;2;0.0;;2.0;1;1.0;1.0;(1);(1);1.0;;;1.0;0.0;1.0;50.0;Alpes-Maritimes;93;Provence-Alpes-Côte d'Azur
201900001695;138Â 303Â 392;A01;1.0;1;1.0;1.0;1992.0;5.0;1.0;;;0.0;0;;;0.0;7.0;0.0;0.0;6.0;1.0;0.0;;3;5;2019;11:08;1.0;06;06161;2;1.0;1.0;2.0;Avenue des Plans;43,6537280;7,1259480;3;2;0.0;;2.0;1;1.0;1.0;(1);(1);1.0;;;1.0;0.0;1.0;50.0;Alpes-Maritimes;93;Provence-Alpes-Côte d'Azur
201900001696;138Â 303Â 388;B01;1.0;1;1.0;1.0;1986.0;0.0;1.0;0.0;;; -1;;;1.0;99.0;0.0;2.0;1.0;13.0;1.0;;15;8;2019;22:20;5.0;93;93006;2;5.0;1.0;3.0;CARNOT RUE SADI;48,8762870;2,4260530;3;48;0.0;;4.0;5;0.0;1.0;1;0;1.0;;;1.0;9.0;1.0;50.0;Seine-Saint-Denis;11;Île-de-France
201900001696;138Â 303Â 390;A01;2.0;2;1.0;1.0;2008.0;0.0;1.0;0.0;;; -1;;;1.0;7.0;0.0;2.0;3.0;9.0;1.0;;15;8;2019;22:20;5.0;93;93006;2;5.0;1.0;3.0;CARNOT RUE SADI;48,8762870;2,4260530;3;48;0.0;;4.0;5;0.0;1.0;1;0;1.0;;;1.0;9.0;1.0;50.0;Seine-Saint-Denis;11;Île-de-France
201900001696;138Â 303Â 390;A01;1.0;1;2.0;2.0;1968.0;0.0;1.0;0.0;;; -1;;;1.0;7.0;0.0;2.0;3.0;9.0;1.0;;15;8;2019;22:20;5.0;93;93006;2;5.0;1.0;3.0;CARNOT RUE SADI;48,8762870;2,4260530;3;48;0.0;;4.0;5;0.0;1.0;1;0;1.0;;;1.0;9.0;1.0;50.0;Seine-Saint-Denis;11;Île-de-France
201900001697;138Â 303Â 387;A01;2.0;2;1.0;2.0;1951.0;3.0;1.0;;;0.0;0;;;1.0;7.0;0.0;2.0;5.0;15.0;1.0;;15;6;2019;17:05;2.0;74;74238;2;3.0;3.0;3.0;Route des Grandes Alpes;46,2341575;6,6559552;3;902;;;2.0;2;0.0;1.0;26;600;1.0;;;2.0;0.0;1.0;70.0;Haute-Savoie;84;Auvergne-Rhône-Alpes
201900001697;138Â 303Â 387;A01;1.0;1;1.0;1.0;1955.0;3.0;1.0;;;0.0;0;;;1.0;7.0;0.0;2.0;5.0;15.0;1.0;;15;6;2019;17:05;2.0;74;74238;2;3.0;3.0;3.0;Route des Grandes Alpes;46,2341575;6,6559552;3;902;;;2.0;2;0.0;1.0;26;600;1.0;;;2.0;0.0;1.0;70.0;Haute-Savoie;84;Auvergne-Rhône-Alpes
201900001697;138Â 303Â 389;B01;1.0;1;2.0;1.0;1977.0;5.0;2.0;;;0.0;0;;;2.0;33.0;0.0;2.0;2.0;1.0;1.0;;15;6;2019;17:05;2.0;74;74238;2;3.0;3.0;3.0;Route des Grandes Alpes;46,2341575;6,6559552;3;902;;;2.0;2;0.0;1.0;26;600;1.0;;;2.0;0.0;1.0;70.0;Haute-Savoie;84;Auvergne-Rhône-Alpes
201900001698;138Â 303Â 385;A01;1.0;1;2.0;1.0;1989.0;1.0;1.0;0.0;;; -1;;;2.0;7.0;1.0;2.0;2.0;13.0;0.0;;16;8;2019;09:24;1.0;93;93032;2;1.0;1.0;3.0;MONTFERMEIL   (ALLEE DE);48,8986300;2,5372700;4;MONTFERMEIL   (ALLEE DE);0.0;;2.0;2;0.0;1.0;0;0;1.0;;;1.0;0.0;1.0;50.0;Seine-Saint-Denis;11;Île-de-France
201900001698;138Â 303Â 386;B01;1.0;1;2.0;1.0;1938.0;5.0;1.0;0.0;;; -1;;;3.0;7.0;0.0;2.0;3.0;0.0;0.0;;16;8;2019;09:24;1.0;93;93032;2;1.0;1.0;3.0;MONTFERMEIL   (ALLEE DE);48,8986300;2,5372700;4;MONTFERMEIL   (ALLEE DE);0.0;;2.0;2;0.0;1.0;0;0;1.0;;;1.0;0.0;1.0;50.0;Seine-Saint-Denis;11;Île-de-France
201900001699;138Â 303Â 384;A01;1.0;1;3.0;1.0;1975.0;5.0;2.0;;;0.0;0;;;1.0;33.0;3.0;0.0;1.0;1.0;1.0;;2;6;2019;15:20;1.0;74;74295;1;1.0;1.0;7.0;Le Jotty;46,3141794;6,6101319;3;902;0.0;;2.0;2;0.0;2.0;15;510;3.0;;;1.0;0.0;3.0;80.0;Haute-Savoie;84;Auvergne-Rhône-Alpes
201900001700;138Â 303Â 382;A01;10.0;3;2.0;2.0;2003.0;5.0;8.0;0.0;;4.0;3;2.0;;2.0;10.0;0.0;1.0;1.0;19.0;1.0;;17;8;2019;14:26;1.0;93;93013;2;1.0;2.0;6.0;LECLERC (AVENU DE LA DIVISION);48,9334600;2,4240600;3;932;0.0;;2.0;4;0.0;2.0;0;0;1.0;;;2.0;0.0;3.0;50.0;Seine-Saint-Denis;11;Île-de-France
201900001700;138Â 303Â 382;A01;1.0;1;1.0;1.0;1966.0;5.0;1.0;8.0;;; -1;;;2.0;10.0;0.0;1.0;1.0;19.0;1.0;;17;8;2019;14:26;1.0;93;93013;2;1.0;2.0;6.0;LECLERC (AVENU DE LA DIVISION);48,9334600;2,4240600;3;932;0.0;;2.0;4;0.0;2.0;0;0;1.0;;;2.0;0.0;3.0;50.0;Seine-Saint-Denis;11;Île-de-France
201900001701;138Â 303Â 383;A01;1.0;1;3.0;1.0;1950.0;5.0;1.0;;;0.0;0;;;0.0;7.0;13.0;0.0;2.0;1.0;1.0;;1;6;2019;16:50;1.0;74;74114;1;1.0;1.0;7.0;Route de Graydon;46,2055140;6,6637830;4;4;;;2.0;2;0.0;2.0;(1);(1);4.0;;;1.0;0.0;1.0;30.0;Haute-Savoie;84;Auvergne-Rhône-Alpes
201900001701;138Â 303Â 383;A01;2.0;2;1.0;2.0;1948.0;5.0;1.0;;;0.0;0;;;0.0;7.0;13.0;0.0;2.0;1.0;1.0;;1;6;2019;16:50;1.0;74;74114;1;1.0;1.0;7.0;Route de Graydon;46,2055140;6,6637830;4;4;;;2.0;2;0.0;2.0;(1);(1);4.0;;;1.0;0.0;1.0;30.0;Haute-Savoie;84;Auvergne-Rhône-Alpes
201900001702;138Â 303Â 380;B01;1.0;1;2.0;1.0;2000.0;0.0;2.0;8.0;;; -1;;;3.0;30.0;0.0;2.0;1.0;2.0;1.0;;15;8;2019;19:17;1.0;93;93027;2;1.0;1.0;2.0;JAURES (AVENUE JEAN);48,9256300;2,3977200;3;986;0.0;;1.0;2;0.0;2.0;0;0;1.0;;;1.0;2.0;1.0;50.0;Seine-Saint-Denis;11;Île-de-France
201900001702;138Â 303Â 381;A01;1.0;1;1.0;1.0;1984.0;5.0;1.0;8.0;;; -1;;;3.0;7.0;0.0;2.0;4.0;23.0;1.0;;15;8;2019;19:17;1.0;93;93027;2;1.0;1.0;2.0;JAURES (AVENUE JEAN);48,9256300;2,3977200;3;986;0.0;;1.0;2;0.0;2.0;0;0;1.0;;;1.0;2.0;1.0;50.0;Seine-Saint-Denis;11;Île-de-France
201900001703;138Â 303Â 379;A01;1.0;1;1.0;1.0;1993.0;0.0;1.0;;;0.0;0;;;1.0;7.0;2.0;0.0;0.0;1.0;1.0;;15;6;2019;23:10;3.0;988;98812;1;1.0;1.0;7.0;RPN7; -20,5015500;164,2666600;3;7;;N;2.0;2;0.0;1.0;0;700;2.0;;;1.0;0.0;3.0;90.0;;;
201900001703;138Â 303Â 379;A01;2.0;2;2.0;1.0;1998.0;5.0;0.0;;;0.0;0;;;1.0;7.0;2.0;0.0;0.0;1.0;1.0;;15;6;2019;23:10;3.0;988;98812;1;1.0;1.0;7.0;RPN7; -20,5015500;164,2666600;3;7;;N;2.0;2;0.0;1.0;0;700;2.0;;;1.0;0.0;3.0;90.0;;;
201900001703;138Â 303Â 379;A01;9.0;2;3.0;1.0;1997.0;5.0;8.0;;;0.0;0;;;1.0;7.0;2.0;0.0;0.0;1.0;1.0;;15;6;2019;23:10;3.0;988;98812;1;1.0;1.0;7.0;RPN7; -20,5015500;164,2666600;3;7;;N;2.0;2;0.0;1.0;0;700;2.0;;;1.0;0.0;3.0;90.0;;;
201900001703;138Â 303Â 379;A01;7.0;2;2.0;1.0;1989.0;5.0;1.0;;;0.0;0;;;1.0;7.0;2.0;0.0;0.0;1.0;1.0;;15;6;2019;23:10;3.0;988;98812;1;1.0;1.0;7.0;RPN7; -20,5015500;164,2666600;3;7;;N;2.0;2;0.0;1.0;0;700;2.0;;;1.0;0.0;3.0;90.0;;;
201900001704;138Â 303Â 376;A01;1.0;1;4.0;1.0;1989.0;1.0;1.0;;;0.0;0;;;2.0;7.0;10.0;0.0;9.0;16.0;1.0;;18;6;2019;01:20;3.0;84;84137;1;1.0;1.0;6.0;Avenue Marcel Corneloup;44,2292220;5,0886570;3;938;;;3.0;1;0.0;1.0;3;550;3.0;;;1.0;2.0;8.0;80.0;Vaucluse;93;Provence-Alpes-Côte d'Azur
201900001705;138Â 303Â 377;I01;1.0;1;1.0;1.0;1998.0;1.0;1.0;;;0.0;0;;;1.0;7.0;14.0;2.0;1.0;2.0;1.0;;14;8;2019;12:35;1.0;93;93027;2;2.0;1.0;2.0;RENARD (RUE EDOUARD);48,9231830;2,4132420;3;932;0.0;;2.0;8;0.0;1.0;0;0;1.0;;;1.0;0.0;3.0;50.0;Seine-Saint-Denis;11;Île-de-France
201900001705;138Â 303Â 378;A01;1.0;1;2.0;1.0;1982.0;1.0;1.0;8.0;;0.0;0;;;1.0;7.0;0.0;2.0;4.0;2.0;1.0;;14;8;2019;12:35;1.0;93;93027;2;2.0;1.0;2.0;RENARD (RUE EDOUARD);48,9231830;2,4132420;3;932;0.0;;2.0;8;0.0;1.0;0;0;1.0;;;1.0;0.0;3.0;50.0;Seine-Saint-Denis;11;Île-de-France
201900001706;138Â 303Â 374;A01;1.0;1;2.0;1.0;2001.0;9.0;2.0;0.0;;; -1;;;2.0;43.0;0.0;2.0;0.0;17.0;0.0;;14;8;2019;20:10;1.0;93;93010;2;1.0;1.0;6.0;POLISSARD (RUE AUGUSTE);48,9053000;2,4804000;3;41;0.0;;2.0;2;0.0;1.0;0;1;1.0;;;1.0;0.0;1.0;50.0;Seine-Saint-Denis;11;Île-de-France
201900001707;138Â 303Â 373;B01;1.0;1;3.0;1.0;1969.0;5.0;2.0;;;0.0;0;;;1.0;33.0;0.0;2.0;3.0;13.0;0.0;;1;6;2019;14:30;1.0;84;84069;1;1.0;1.0;1.0;RD 19;44,1734100;5,1312660;3;19;;;2.0;2;0.0;1.0;(1);(1);3.0;;;1.0;0.0;1.0;80.0;Vaucluse;93;Provence-Alpes-Côte d'Azur
201900001707;138Â 303Â 375;A01;7.0;2;1.0;2.0;1955.0;5.0;1.0;;;0.0;0;;;2.0;7.0;0.0;2.0;3.0;0.0;2.0;;1;6;2019;14:30;1.0;84;84069;1;1.0;1.0;1.0;RD 19;44,1734100;5,1312660;3;19;;;2.0;2;0.0;1.0;(1);(1);3.0;;;1.0;0.0;1.0;80.0;Vaucluse;93;Provence-Alpes-Côte d'Azur
201900001707;138Â 303Â 375;A01;2.0;2;1.0;2.0;1946.0;5.0;1.0;;;0.0;0;;;2.0;7.0;0.0;2.0;3.0;0.0;2.0;;1;6;2019;14:30;1.0;84;84069;1;1.0;1.0;1.0;RD 19;44,1734100;5,1312660;3;19;;;2.0;2;0.0;1.0;(1);(1);3.0;;;1.0;0.0;1.0;80.0;Vaucluse;93;Provence-Alpes-Côte d'Azur
201900001707;138Â 303Â 375;A01;1.0;1;1.0;1.0;1956.0;5.0;1.0;;;0.0;0;;;2.0;7.0;0.0;2.0;3.0;0.0;2.0;;1;6;2019;14:30;1.0;84;84069;1;1.0;1.0;1.0;RD 19;44,1734100;5,1312660;3;19;;;2.0;2;0.0;1.0;(1);(1);3.0;;;1.0;0.0;1.0;80.0;Vaucluse;93;Provence-Alpes-Côte d'Azur
201900001708;138Â 303Â 372;A01;1.0;1;1.0;1.0;1986.0;0.0;2.0;8.0;;; -1;;;2.0;34.0;0.0;1.0;1.0;26.0;1.0;;13;8;2019;18:50;1.0;93;93008;2;1.0;8.0;6.0;VAILLANT (AVENUE EDOUARD);48,9100000;2,4664000;3;30;0.0;;2.0;2;0.0;1.0;1;0;1.0;;;1.0;0.0;1.0;50.0;Seine-Saint-Denis;11;Île-de-France
201900001708;138Â 303Â 372;A01;10.0;3;2.0;1.0;1952.0;0.0;0.0;0.0;;9.0;B;1.0;;2.0;34.0;0.0;1.0;1.0;26.0;1.0;;13;8;2019;18:50;1.0;93;93008;2;1.0;8.0;6.0;VAILLANT (AVENUE EDOUARD);48,9100000;2,4664000;3;30;0.0;;2.0;2;0.0;1.0;1;0;1.0;;;1.0;0.0;1.0;50.0;Seine-Saint-Denis;11;Île-de-France
201900001709;138Â 303Â 370;A01;1.0;1;1.0;1.0;1999.0;5.0;1.0;;;0.0;0;;;3.0;7.0;0.0;2.0;3.0;1.0;1.0;;10;6;2019;13:45;1.0;31;31573;2;2.0;1.0;3.0;Courbenause;43,6483260;1,6529410;4;;;;2.0;2;0.0;1.0;(1);(1);1.0;;;1.0;0.0;1.0;50.0;Haute-Garonne;76;Occitanie
201900001709;138Â 303Â 371;B01;1.0;1;3.0;1.0;1999.0;5.0;2.0;;;0.0;0;;;3.0;36.0;0.0;2.0;1.0;1.0;1.0;;10;6;2019;13:45;1.0;31;31573;2;2.0;1.0;3.0;Courbenause;43,6483260;1,6529410;4;;;;2.0;2;0.0;1.0;(1);(1);1.0;;;1.0;0.0;1.0;50.0;Haute-Garonne;76;Occitanie
201900001709;138Â 303Â 371;B01;2.0;2;2.0;2.0;2000.0;5.0;2.0;;;0.0;0;;;3.0;36.0;0.0;2.0;1.0;1.0;1.0;;10;6;2019;13:45;1.0;31;31573;2;2.0;1.0;3.0;Courbenause;43,6483260;1,6529410;4;;;;2.0;2;0.0;1.0;(1);(1);1.0;;;1.0;0.0;1.0;50.0;Haute-Garonne;76;Occitanie
201900001710;138Â 303Â 368;A01;1.0;1;1.0;1.0;1950.0;3.0;1.0;0.0;;; -1;;;3.0;10.0;0.0;6.0;1.0;20.0;1.0;;13;8;2019;16:30;1.0;93;93007;2;9.0;2.0;3.0;"""PAUL VAILLANT COUTURIER (AVENUE """"DU 01";48,9254200;2,4658700;3;115;0.0;;2.0;1;0.0;1.0;0;0;1.0;;;1.0;0.0;3.0;50.0;Seine-Saint-Denis;11;Île-de-France
201900001710;138Â 303Â 369;B01;1.0;1;2.0;1.0;1980.0;3.0;8.0;0.0;;; -1;;;3.0;99.0;0.0;2.0;8.0;25.0;0.0;;13;8;2019;16:30;1.0;93;93007;2;9.0;2.0;3.0;"""PAUL VAILLANT COUTURIER (AVENUE """"DU 01";48,9254200;2,4658700;3;115;0.0;;2.0;1;0.0;1.0;0;0;1.0;;;1.0;0.0;3.0;50.0;Seine-Saint-Denis;11;Île-de-France
201900001711;138Â 303Â 367;A01;1.0;1;1.0;1.0;1970.0;4.0;1.0;;;0.0;0;;;1.0;38.0;3.0;0.0;7.0;9.0;1.0;2.0;16;6;2019;14:00;1.0;21;21572;1;1.0;1.0;7.0;A 36 - Bretelle A39 (PR 33);47,1236690;5,3906310;1;36;0.0;;1.0;1;0.0;2.0;0;150;3.0;;;1.0;3.0;1.0;50.0;Côte-d'Or;27;Bourgogne-Franche-Comté
201900001711;138Â 303Â 367;A01;9.0;2;3.0;2.0;1979.0;5.0;1.0;;;0.0;0;;;1.0;38.0;3.0;0.0;7.0;9.0;1.0;2.0;16;6;2019;14:00;1.0;21;21572;1;1.0;1.0;7.0;A 36 - Bretelle A39 (PR 33);47,1236690;5,3906310;1;36;0.0;;1.0;1;0.0;2.0;0;150;3.0;;;1.0;3.0;1.0;50.0;Côte-d'Or;27;Bourgogne-Franche-Comté