Num_Acc;id_vehicule;num_veh;place;catu;grav;sexe;an_nais;trajet;secu1;secu2;secu3;locp;actp;etatp;id_usager;senc;catv;obs;obsm;choc;manv;motor;occutc;jour;mois;an;hrmn;lum;dep;com;agg;int;atm;col;adr;lat;long;catr;voie;v1;v2;circ;nbv;vosp;prof;pr;pr1;plan;lartpc;larrout;surf;infra;situ;vma;nom_departement;reg;nom_region
201900001712;138Â 303Â 366;A01;10.0;3;2.0;1.0;1991.0;9.0;8.0;0.0;;9.0;B;1.0;;1.0;3.0;0.0;1.0;3.0;26.0;6.0;;13;8;2019;23:15;5.0;93;93027;2;9.0;1.0;6.0;BLOCH (IMPASSE PRAEGER);48,9276700;2,4163300;9;BLOCH (IMPASSE PRAEGER);0.0;;1.0;0;0.0;1.0;0;0;1.0;;;1.0;9.0;1.0;5.0;Seine-Saint-Denis;11;Île-de-France
201900001712;138Â 303Â 366;A01;1.0;1;1.0;1.0;2000.0;5.0;8.0;0.0;;; -1;;;1.0;3.0;0.0;1.0;3.0;26.0;6.0;;13;8;2019;23:15;5.0;93;93027;2;9.0;1.0;6.0;BLOCH (IMPASSE PRAEGER);48,9276700;2,4163300;9;BLOCH (IMPASSE PRAEGER);0.0;;1.0;0;0.0;1.0;0;0;1.0;;;1.0;9.0;1.0;5.0;Seine-Saint-Denis;11;Île-de-France
201900001713;138Â 303Â 365;A01;1.0;1;2.0;1.0;1996.0;5.0;2.0;6.0;9.0;0.0;0;;;2.0;31.0;0.0;0.0;7.0;1.0;0.0;;9;6;2019;16:45;1.0;81;81321;1;1.0;1.0;7.0;RD 53 P 053+400 sens ANGLES - MAZAMET;43,5508760;2,4535620;3;53;0.0;;2.0;2;0.0;2.0;35;400;3.0;;;9.0;0.0;1.0;90.0;Tarn;76;Occitanie
201900001714;138Â 303Â 363;A01;1.0;1;3.0;1.0;1998.0;5.0;8.0;;;0.0;0;;;2.0;7.0;10.0;0.0;3.0;13.0;1.0;;16;6;2019;11:55;1.0;81;81311;1;1.0;1.0;6.0;MONTMIRAIL;43,7608930;2,1925500;3;4;0.0;;2.0;2;0.0;1.0;46;900;2.0;;;1.0;2.0;3.0;80.0;Tarn;76;Occitanie
201900001715;138Â 303Â 361;A01;1.0;1;1.0;1.0;1962.0;0.0;8.0;0.0;;; -1;;;1.0;7.0;0.0;2.0;1.0;21.0;1.0;;17;8;2019;18:54;1.0;92;92051;2;2.0;2.0;5.0;SABLONS (BOULEVARD DES);48,8789200;2,2707300;4;MAILLOT (BOULEVARD);0.0;;2.0;4;0.0;1.0;0;0;1.0;;;2.0;0.0;1.0;50.0;Hauts-de-Seine;11;Île-de-France
201900001715;138Â 303Â 362;B01;1.0;1;1.0;1.0;1980.0;0.0;1.0;0.0;;;0;;;1.0;7.0;0.0;2.0;6.0;16.0;1.0;;17;8;2019;18:54;1.0;92;92051;2;2.0;2.0;5.0;SABLONS (BOULEVARD DES);48,8789200;2,2707300;4;MAILLOT (BOULEVARD);0.0;;2.0;4;0.0;1.0;0;0;1.0;;;2.0;0.0;1.0;50.0;Hauts-de-Seine;11;Île-de-France
201900001715;138Â 303Â 362;B01;4.0;2;3.0;2.0;1979.0;0.0;1.0;0.0;;;0;;;1.0;7.0;0.0;2.0;6.0;16.0;1.0;;17;8;2019;18:54;1.0;92;92051;2;2.0;2.0;5.0;SABLONS (BOULEVARD DES);48,8789200;2,2707300;4;MAILLOT (BOULEVARD);0.0;;2.0;4;0.0;1.0;0;0;1.0;;;2.0;0.0;1.0;50.0;Hauts-de-Seine;11;Île-de-France
201900001715;138Â 303Â 364;C01;1.0;1;1.0;1.0;1979.0;0.0;1.0;0.0;;;0;;;1.0;7.0;0.0;2.0;7.0;16.0;1.0;;17;8;2019;18:54;1.0;92;92051;2;2.0;2.0;5.0;SABLONS (BOULEVARD DES);48,8789200;2,2707300;4;MAILLOT (BOULEVARD);0.0;;2.0;4;0.0;1.0;0;0;1.0;;;2.0;0.0;1.0;50.0;Hauts-de-Seine;11;Île-de-France
201900001716;138Â 303Â 358;B01;2.0;2;1.0;2.0;1968.0;1.0;1.0;8.0;;;0;;;1.0;7.0;0.0;2.0;1.0;9.0;1.0;;16;8;2019;20:00;1.0;92;92020;2;2.0;1.0;3.0;PERI RUE GABRIEL;48,7997500;2,2856100;3;129;0.0;;2.0;3;0.0;2.0;0;1;1.0;;;1.0;9.0;1.0;50.0;Hauts-de-Seine;11;Île-de-France
201900001716;138Â 303Â 358;B01;1.0;1;1.0;2.0;1964.0;1.0;1.0;8.0;;;0;;;1.0;7.0;0.0;2.0;1.0;9.0;1.0;;16;8;2019;20:00;1.0;92;92020;2;2.0;1.0;3.0;PERI RUE GABRIEL;48,7997500;2,2856100;3;129;0.0;;2.0;3;0.0;2.0;0;1;1.0;;;1.0;9.0;1.0;50.0;Hauts-de-Seine;11;Île-de-France
201900001716;138Â 303Â 359;A01;1.0;1;2.0;2.0;1990.0;1.0;1.0;8.0;;;0;;;2.0;7.0;0.0;2.0;5.0;9.0;1.0;;16;8;2019;20:00;1.0;92;92020;2;2.0;1.0;3.0;PERI RUE GABRIEL;48,7997500;2,2856100;3;129;0.0;;2.0;3;0.0;2.0;0;1;1.0;;;1.0;9.0;1.0;50.0;Hauts-de-Seine;11;Île-de-France
201900001717;138Â 303Â 356;B01;1.0;1;2.0;2.0;1952.0;5.0;1.0;;;0.0;0;;;1.0;7.0;4.0;2.0;6.0;1.0;0.0;;18;6;2019;11:13;1.0;77;77141;1;9.0;1.0;3.0;Autoroute A4 PK36.800 Coutevroult;48,8662860;2,8518610;1;4;0.0;;3.0;4;0.0;2.0;36;800;1.0;;;1.0;0.0;1.0;130.0;Seine-et-Marne;11;Île-de-France
201900001717;138Â 303Â 357;A01;1.0;1;1.0;1.0;1982.0;4.0;1.0;;;0.0;0;;;1.0;15.0;0.0;2.0;2.0;1.0;6.0;;18;6;2019;11:13;1.0;77;77141;1;9.0;1.0;3.0;Autoroute A4 PK36.800 Coutevroult;48,8662860;2,8518610;1;4;0.0;;3.0;4;0.0;2.0;36;800;1.0;;;1.0;0.0;1.0;130.0;Seine-et-Marne;11;Île-de-France
201900001718;138Â 303Â 353;A01;1.0;1;3.0;1.0;1988.0;5.0;1.0;;;0.0;0;;;1.0;7.0;0.0;2.0;1.0;2.0;1.0;;1;6;2019;03:35;3.0;77;77128;1;1.0;1.0;2.0;A4;48,8768610;2,8779100;1;4;;;3.0;5;0.0;1.0;39;0;1.0;;;1.0;0.0;1.0;130.0;Seine-et-Marne;11;Île-de-France
201900001718;138Â 303Â 354;B01;1.0;1;1.0;1.0;1981.0;4.0;1.0;;;0.0;0;;;1.0;15.0;0.0;0.0;4.0;2.0;1.0;;1;6;2019;03:35;3.0;77;77128;1;1.0;1.0;2.0;A4;48,8768610;2,8779100;1;4;;;3.0;5;0.0;1.0;39;0;1.0;;;1.0;0.0;1.0;130.0;Seine-et-Marne;11;Île-de-France
201900001719;138Â 303Â 352;A01;1.0;1;3.0;1.0;1963.0;5.0;2.0;6.0;;0.0;0;;;1.0;34.0;0.0;0.0;8.0;17.0;1.0;;9;6;2019;13:40;1.0;28;28177;1;1.0;1.0;7.0;Autoroute A11 PK 57+800 Sens PARIS/Province;48,4275790;1,5160477;1;11;;;3.0;5;0.0;1.0;57;800;1.0;;;1.0;0.0;1.0;130.0;Eure-et-Loir;24;Centre-Val de Loire
201900001720;138Â 303Â 355;B01;1.0;1;2.0;1.0;1954.0;0.0;2.0;0.0;;;0;;;1.0;2.0;0.0;2.0;5.0;2.0;1.0;;9;6;2019;20:30;1.0;92;92044;2;1.0;1.0;6.0;CHARLES PASQUA(QUAI) 2 A 30;48,9009381;2,2841129;3;1;0.0;;3.0;4;0.0;1.0;0;0;1.0;;;1.0;0.0;1.0;50.0;Hauts-de-Seine;11;Île-de-France
201900001721;138Â 303Â 351;A01;1.0;1;2.0;2.0;1981.0;5.0;2.0;;;0.0;0;;;1.0;33.0;0.0;0.0;7.0;1.0;6.0;;9;6;2019;16:45;1.0;83;83073;1;1.0;1.0;7.0;;43,3973337;6,3535520;1;8;;;3.0;3;0.0;2.0;98;300;1.0;;;1.0;0.0;1.0;130.0;Var;93;Provence-Alpes-Côte d'Azur
201900001722;138Â 303Â 349;B01;1.0;1;2.0;1.0;1987.0;0.0;2.0;8.0;;;0;;;1.0;33.0;0.0;2.0;1.0;21.0;1.0;;13;8;2019;16:45;1.0;92;92036;2;1.0;1.0;2.0;GRESILLONS (QUAI DES);48,9194100;2,3219900;3;7;0.0;;3.0;4;0.0;1.0;0;0;1.0;;;1.0;3.0;1.0;50.0;Hauts-de-Seine;11;Île-de-France
201900001722;138Â 303Â 350;A01;1.0;1;1.0;1.0;1956.0;4.0;1.0;8.0;;;0;;;1.0;7.0;0.0;2.0;6.0;11.0;1.0;;13;8;2019;16:45;1.0;92;92036;2;1.0;1.0;2.0;GRESILLONS (QUAI DES);48,9194100;2,3219900;3;7;0.0;;3.0;4;0.0;1.0;0;0;1.0;;;1.0;3.0;1.0;50.0;Hauts-de-Seine;11;Île-de-France
201900001723;138Â 303Â 346;C01;1.0;1;1.0;1.0;1968.0;1.0;1.0;0.0;;;0;;;2.0;7.0;0.0;2.0;7.0;13.0;1.0;;14;8;2019;08:00;1.0;92;92026;2;9.0;1.0;4.0;PRÃSIDENT PAUL DOUMER (QUAI DU);48,8907800;2,2571120;3;7;0.0;;1.0;3;0.0;1.0;0;0;1.0;;;1.0;0.0;1.0;50.0;Hauts-de-Seine;11;Île-de-France
201900001723;138Â 303Â 347;B01;1.0;1;1.0;2.0;1979.0;1.0;1.0;0.0;;;0;;;2.0;7.0;0.0;2.0;6.0;23.0;1.0;;14;8;2019;08:00;1.0;92;92026;2;9.0;1.0;4.0;PRÃSIDENT PAUL DOUMER (QUAI DU);48,8907800;2,2571120;3;7;0.0;;1.0;3;0.0;1.0;0;0;1.0;;;1.0;0.0;1.0;50.0;Hauts-de-Seine;11;Île-de-France
201900001723;138Â 303Â 348;A01;1.0;1;2.0;1.0;1978.0;1.0;2.0;6.0;;;0;;;2.0;32.0;0.0;2.0;2.0;3.0;1.0;;14;8;2019;08:00;1.0;92;92026;2;9.0;1.0;4.0;PRÃSIDENT PAUL DOUMER (QUAI DU);48,8907800;2,2571120;3;7;0.0;;1.0;3;0.0;1.0;0;0;1.0;;;1.0;0.0;1.0;50.0;Hauts-de-Seine;11;Île-de-France
201900001724;138Â 303Â 344;B01;1.0;1;1.0;1.0;1953.0;0.0;1.0;0.0;;;0;;;2.0;7.0;0.0;2.0;8.0;15.0;1.0;;13;8;2019;11:50;1.0;92;92026;2;3.0;1.0;3.0;VERDUN (DE 01 A 61);48,9013000;2,2599278;3;908;0.0;;2.0;2;0.0;1.0;0;0;1.0;;;1.0;0.0;1.0;50.0;Hauts-de-Seine;11;Île-de-France
201900001724;138Â 303Â 345;A01;1.0;1;2.0;1.0;1986.0;5.0;2.0;6.0;;;0;;;2.0;33.0;0.0;2.0;2.0;17.0;1.0;;13;8;2019;11:50;1.0;92;92026;2;3.0;1.0;3.0;VERDUN (DE 01 A 61);48,9013000;2,2599278;3;908;0.0;;2.0;2;0.0;1.0;0;0;1.0;;;1.0;0.0;1.0;50.0;Hauts-de-Seine;11;Île-de-France
201900001725;138Â 303Â 342;A01;1.0;1;1.0;1.0;1954.0;9.0;1.0;0.0;;;0;;;3.0;7.0;0.0;2.0;1.0;16.0;1.0;;13;8;2019;16:00;1.0;92;92025;2;1.0;1.0;3.0;CHARLES DE GAULLE (BD);48,9142810;2,2292805;3;992;0.0;;2.0;0;0.0;1.0;0;0;1.0;;;1.0;0.0;1.0;50.0;Hauts-de-Seine;11;Île-de-France
201900001725;138Â 303Â 343;B01;1.0;1;2.0;2.0;1997.0;0.0;8.0;0.0;;;0;;;3.0;50.0;0.0;2.0;1.0;1.0;3.0;;13;8;2019;16:00;1.0;92;92025;2;1.0;1.0;3.0;CHARLES DE GAULLE (BD);48,9142810;2,2292805;3;992;0.0;;2.0;0;0.0;1.0;0;0;1.0;;;1.0;0.0;1.0;50.0;Hauts-de-Seine;11;Île-de-France
201900001726;138Â 303Â 340;A01;1.0;1;2.0;1.0;1996.0;4.0;2.0;0.0;;;0;;;2.0;30.0;0.0;2.0;1.0;17.0;1.0;;21;7;2019;19:25;1.0;92;92012;2;1.0;1.0;3.0;ANDRE MORIZET (AVENUE) 1/47 - 2/52;48,8359426;2,2389835;3;50;0.0;;2.0;1;0.0;1.0;0;0;1.0;;;1.0;0.0;1.0;50.0;Hauts-de-Seine;11;Île-de-France
201900001726;138Â 303Â 341;B01;1.0;1;1.0;1.0;1984.0;5.0;1.0;0.0;;;0;;;2.0;7.0;0.0;2.0;3.0;15.0;1.0;;21;7;2019;19:25;1.0;92;92012;2;1.0;1.0;3.0;ANDRE MORIZET (AVENUE) 1/47 - 2/52;48,8359426;2,2389835;3;50;0.0;;2.0;1;0.0;1.0;0;0;1.0;;;1.0;0.0;1.0;50.0;Hauts-de-Seine;11;Île-de-France
201900001727;138Â 303Â 339;A01;1.0;1;1.0;1.0;1995.0;5.0;1.0;0.0;;;0;;;1.0;7.0;0.0;6.0;1.0;1.0;1.0;;13;7;2019;14:35;1.0;92;92012;2;1.0;1.0;6.0;GENERAL LECLERC (AVENUE DU) 1/33 - 2/58;48,8324973;2,2397593;3;910;0.0;;2.0;1;0.0;1.0;0;0;1.0;;;1.0;0.0;1.0;30.0;Hauts-de-Seine;11;Île-de-France
201900001727;138Â 303Â 339;A01;4.0;2;1.0;2.0;1989.0;5.0;1.0;0.0;;;0;;;1.0;7.0;0.0;6.0;1.0;1.0;1.0;;13;7;2019;14:35;1.0;92;92012;2;1.0;1.0;6.0;GENERAL LECLERC (AVENUE DU) 1/33 - 2/58;48,8324973;2,2397593;3;910;0.0;;2.0;1;0.0;1.0;0;0;1.0;;;1.0;0.0;1.0;30.0;Hauts-de-Seine;11;Île-de-France
201900001727;138Â 303Â 339;A01;2.0;2;1.0;2.0;1999.0;5.0;1.0;0.0;;;0;;;1.0;7.0;0.0;6.0;1.0;1.0;1.0;;13;7;2019;14:35;1.0;92;92012;2;1.0;1.0;6.0;GENERAL LECLERC (AVENUE DU) 1/33 - 2/58;48,8324973;2,2397593;3;910;0.0;;2.0;1;0.0;1.0;0;0;1.0;;;1.0;0.0;1.0;30.0;Hauts-de-Seine;11;Île-de-France
201900001727;138Â 303Â 339;A01;3.0;2;2.0;1.0;2004.0;5.0;1.0;0.0;;;0;;;1.0;7.0;0.0;6.0;1.0;1.0;1.0;;13;7;2019;14:35;1.0;92;92012;2;1.0;1.0;6.0;GENERAL LECLERC (AVENUE DU) 1/33 - 2/58;48,8324973;2,2397593;3;910;0.0;;2.0;1;0.0;1.0;0;0;1.0;;;1.0;0.0;1.0;30.0;Hauts-de-Seine;11;Île-de-France
201900001728;138Â 303Â 336;A01;1.0;1;1.0;1.0;1953.0;0.0;1.0;;;0.0;0;;;0.0;7.0;0.0;1.0;3.0;15.0;1.0;;16;8;2019;19:25;2.0;63;63302;2;4.0;1.0;6.0;FossÃ© de Macon/Mendes France;45,7072549;3,1261281;4;;;;2.0;2;0.0;2.0;(1);(1);2.0;;;1.0;0.0;1.0;50.0;Puy-de-Dôme;84;Auvergne-Rhône-Alpes
201900001728;138Â 303Â 336;A01;10.0;3;3.0;2.0;1952.0;5.0;0.0;;;2.0;3;1.0;;0.0;7.0;0.0;1.0;3.0;15.0;1.0;;16;8;2019;19:25;2.0;63;63302;2;4.0;1.0;6.0;FossÃ© de Macon/Mendes France;45,7072549;3,1261281;4;;;;2.0;2;0.0;2.0;(1);(1);2.0;;;1.0;0.0;1.0;50.0;Puy-de-Dôme;84;Auvergne-Rhône-Alpes
201900001729;138Â 303Â 335;A01;1.0;1;2.0;1.0;1999.0;1.0;2.0;6.0;;0.0;0;;;0.0;33.0;13.0;0.0;0.0;13.0;1.0;;12;8;2019;09:00;1.0;49;49069;1;1.0;1.0;7.0;Les Ponciers, LE PONCIER (BouzillÃ©);47,3433490; -1,0773490;3;201;0.0;;2.0;2;0.0;2.0;22;100;3.0;;;1.0;0.0;3.0;80.0;Maine-et-Loire;52;Pays de la Loire
201900001730;138Â 303Â 333;A01;1.0;1;1.0;1.0;1998.0;5.0;2.0;;;0.0;0;;;1.0;2.0;0.0;2.0;1.0;1.0;1.0;;10;8;2019;20:50;5.0;01;01443;2;2.0;1.0;3.0;Avenue Charles de Gaulle;45,9997040;5,0296570;3;1083;0.0;;2.0;2;0.0;1.0;19;866;1.0;;;1.0;0.0;1.0;50.0;Ain;84;Auvergne-Rhône-Alpes
201900001730;138Â 303Â 334;B01;1.0;1;2.0;2.0;1999.0;5.0;1.0;;;0.0;0;;;2.0;7.0;0.0;2.0;8.0;1.0;1.0;;10;8;2019;20:50;5.0;01;01443;2;2.0;1.0;3.0;Avenue Charles de Gaulle;45,9997040;5,0296570;3;1083;0.0;;2.0;2;0.0;1.0;19;866;1.0;;;1.0;0.0;1.0;50.0;Ain;84;Auvergne-Rhône-Alpes
201900001731;138Â 303Â 332;A01;1.0;1;2.0;1.0;1999.0;5.0;8.0;;;0.0;0;;;1.0;7.0;6.0;2.0;1.0;0.0;1.0;;16;8;2019;01:55;5.0;83;83136;2;1.0;1.0;6.0;route du luc;43,4517580;6,3031030;3;17;0.0;D;2.0;2;0.0;1.0;5;100;1.0;;;1.0;0.0;3.0;50.0;Var;93;Provence-Alpes-Côte d'Azur
201900001731;138Â 303Â 332;A01;2.0;2;1.0;1.0;2000.0;5.0;8.0;;;0.0;0;;;1.0;7.0;6.0;2.0;1.0;0.0;1.0;;16;8;2019;01:55;5.0;83;83136;2;1.0;1.0;6.0;route du luc;43,4517580;6,3031030;3;17;0.0;D;2.0;2;0.0;1.0;5;100;1.0;;;1.0;0.0;3.0;50.0;Var;93;Provence-Alpes-Côte d'Azur
201900001732;138Â 303Â 330;A01;1.0;1;1.0;1.0;1949.0;9.0;1.0;;;0.0;0;;;2.0;7.0;0.0;2.0;2.0;15.0;1.0;;15;8;2019;19:20;2.0;38;38107;1;3.0;1.0;1.0;712 Nationale 7;45,4627694;4,8263025;2;7;0.0;;2.0;2;0.0;1.0;15;100;1.0;;;1.0;0.0;1.0;70.0;Isère;84;Auvergne-Rhône-Alpes
201900001732;138Â 303Â 331;B01;1.0;1;3.0;1.0;1984.0;0.0;2.0;6.0;;0.0;0;;;1.0;31.0;0.0;2.0;1.0;1.0;1.0;;15;8;2019;19:20;2.0;38;38107;1;3.0;1.0;1.0;712 Nationale 7;45,4627694;4,8263025;2;7;0.0;;2.0;2;0.0;1.0;15;100;1.0;;;1.0;0.0;1.0;70.0;Isère;84;Auvergne-Rhône-Alpes
201900001733;138Â 303Â 328;B01;1.0;1;2.0;2.0;1991.0;0.0;1.0;;;0.0;0;;;1.0;7.0;0.0;2.0;3.0;1.0;6.0;;14;8;2019;12:28;1.0;91;91414;1;1.0;1.0;1.0;D18 PK+PR 04+200;48,3476000;2,0313170;3;18;0.0;D;2.0;2;0.0;1.0;4;200;2.0;;;1.0;2.0;1.0;90.0;Essonne;11;Île-de-France
201900001733;138Â 303Â 329;A01;1.0;1;3.0;1.0;1987.0;0.0;1.0;;;0.0;0;;;2.0;7.0;0.0;2.0;3.0;13.0;6.0;;14;8;2019;12:28;1.0;91;91414;1;1.0;1.0;1.0;D18 PK+PR 04+200;48,3476000;2,0313170;3;18;0.0;D;2.0;2;0.0;1.0;4;200;2.0;;;1.0;2.0;1.0;90.0;Essonne;11;Île-de-France
201900001734;138Â 303Â 327;A01;1.0;1;2.0;1.0;1989.0;0.0;1.0;;;0.0;0;;;3.0;7.0;12.0;0.0;1.0;9.0;1.0;;15;8;2019;01:22;5.0;06;06161;2;6.0;1.0;7.0;6007;43,6384630;7,1335166;3;6007;;;3.0;2;2.0;2.0;(1);(1);1.0;;;1.0;0.0;5.0;50.0;Alpes-Maritimes;93;Provence-Alpes-Côte d'Azur
201900001735;138Â 303Â 326;A01;2.0;2;2.0;1.0;1994.0;5.0;1.0;;;0.0;0;;;1.0;7.0;6.0;0.0;1.0;6.0;0.0;;15;8;2019;01:30;5.0;06;06161;2;6.0;1.0;6.0;RD 241;43,6369676;7,1323392;3;241;;;2.0;2;0.0;1.0;(1);(1);1.0;;;1.0;5.0;1.0;50.0;Alpes-Maritimes;93;Provence-Alpes-Côte d'Azur
201900001735;138Â 303Â 326;A01;1.0;1;1.0;1.0;1995.0;5.0;1.0;;;0.0;0;;;1.0;7.0;6.0;0.0;1.0;6.0;0.0;;15;8;2019;01:30;5.0;06;06161;2;6.0;1.0;6.0;RD 241;43,6369676;7,1323392;3;241;;;2.0;2;0.0;1.0;(1);(1);1.0;;;1.0;5.0;1.0;50.0;Alpes-Maritimes;93;Provence-Alpes-Côte d'Azur
201900001736;138Â 303Â 324;B01;1.0;1;3.0;1.0;1964.0;5.0;2.0;;;0.0;0;;;2.0;1.0;0.0;2.0;3.0;13.0;5.0;;17;8;2019;14:15;1.0;84;84069;1;1.0;1.0;3.0;RD974;44,1607480;5,1468650;3;974;;D;2.0;2;0.0;2.0;55;30;3.0;;;1.0;0.0;1.0;80.0;Vaucluse;93;Provence-Alpes-Côte d'Azur
201900001736;138Â 303Â 325;A01;4.0;2;1.0;2.0;2010.0;5.0;1.0;;;0.0;0;;;1.0;7.0;0.0;9.0;3.0;1.0;1.0;;17;8;2019;14:15;1.0;84;84069;1;1.0;1.0;3.0;RD974;44,1607480;5,1468650;3;974;;D;2.0;2;0.0;2.0;55;30;3.0;;;1.0;0.0;1.0;80.0;Vaucluse;93;Provence-Alpes-Côte d'Azur
201900001736;138Â 303Â 325;A01;1.0;1;1.0;2.0;1975.0;5.0;1.0;;;0.0;0;;;1.0;7.0;0.0;9.0;3.0;1.0;1.0;;17;8;2019;14:15;1.0;84;84069;1;1.0;1.0;3.0;RD974;44,1607480;5,1468650;3;974;;D;2.0;2;0.0;2.0;55;30;3.0;;;1.0;0.0;1.0;80.0;Vaucluse;93;Provence-Alpes-Côte d'Azur
201900001736;138Â 303Â 325;A01;2.0;2;1.0;1.0;2003.0;5.0;1.0;;;0.0;0;;;1.0;7.0;0.0;9.0;3.0;1.0;1.0;;17;8;2019;14:15;1.0;84;84069;1;1.0;1.0;3.0;RD974;44,1607480;5,1468650;3;974;;D;2.0;2;0.0;2.0;55;30;3.0;;;1.0;0.0;1.0;80.0;Vaucluse;93;Provence-Alpes-Côte d'Azur
201900001737;138Â 303Â 322;B01;1.0;1;3.0;1.0;1958.0;5.0;2.0;;;0.0;0;;;2.0;1.0;0.0;2.0;2.0;26.0;0.0;;25;7;2019;12:50;1.0;84;84126;1;6.0;1.0;3.0;RD977;44,2051860;5,0223070;3;977;0.0;;3.0;1;2.0;1.0;(1);(1);3.0;;;1.0;5.0;1.0;80.0;Vaucluse;93;Provence-Alpes-Côte d'Azur
201900001737;138Â 303Â 323;A01;1.0;1;1.0;2.0;1979.0;1.0;1.0;;;0.0;0;;;1.0;7.0;0.0;9.0;3.0;26.0;0.0;;25;7;2019;12:50;1.0;84;84126;1;6.0;1.0;3.0;RD977;44,2051860;5,0223070;3;977;0.0;;3.0;1;2.0;1.0;(1);(1);3.0;;;1.0;5.0;1.0;80.0;Vaucluse;93;Provence-Alpes-Côte d'Azur
201900001738;138Â 303Â 320;A01;1.0;1;1.0;2.0;1960.0;5.0;1.0;;;0.0;0;;;2.0;7.0;0.0;9.0;7.0;19.0;1.0;;16;8;2019;11:45;1.0;31;31547;1;2.0;1.0;3.0;D12 - D50;43,5040470;1,2483680;3;50;;;2.0;2;0.0;1.0;19;972;1.0;;;1.0;5.0;1.0;70.0;Haute-Garonne;76;Occitanie
201900001738;138Â 303Â 321;B01;1.0;1;2.0;1.0;1960.0;5.0;2.0;;;0.0;0;;;1.0;1.0;0.0;2.0;1.0;1.0;5.0;;16;8;2019;11:45;1.0;31;31547;1;2.0;1.0;3.0;D12 - D50;43,5040470;1,2483680;3;50;;;2.0;2;0.0;1.0;19;972;1.0;;;1.0;5.0;1.0;70.0;Haute-Garonne;76;Occitanie
201900001739;138Â 303Â 319;A01;1.0;1;2.0;2.0;1990.0;5.0;1.0;;;0.0;0;;;2.0;7.0;4.0;0.0;3.0;13.0;1.0;;16;8;2019;13:45;1.0;76;76135;1;1.0;1.0;6.0;A150 pk 17+900;49,5645474;0,9014261;1;150;;;3.0;4;0.0;2.0;17;900;3.0;;;1.0;0.0;3.0;130.0;Seine-Maritime;28;Normandie
201900001739;138Â 303Â 319;A01;9.0;2;1.0;2.0;2016.0;5.0;3.0;;;0.0;0;;;2.0;7.0;4.0;0.0;3.0;13.0;1.0;;16;8;2019;13:45;1.0;76;76135;1;1.0;1.0;6.0;A150 pk 17+900;49,5645474;0,9014261;1;150;;;3.0;4;0.0;2.0;17;900;3.0;;;1.0;0.0;3.0;130.0;Seine-Maritime;28;Normandie
201900001739;138Â 303Â 319;A01;7.0;2;1.0;1.0;2018.0;5.0;3.0;;;0.0;0;;;2.0;7.0;4.0;0.0;3.0;13.0;1.0;;16;8;2019;13:45;1.0;76;76135;1;1.0;1.0;6.0;A150 pk 17+900;49,5645474;0,9014261;1;150;;;3.0;4;0.0;2.0;17;900;3.0;;;1.0;0.0;3.0;130.0;Seine-Maritime;28;Normandie
201900001740;138Â 303Â 318;A01;1.0;1;3.0;1.0;1932.0;5.0;2.0;;;0.0;0;;;1.0;1.0;16.0;0.0;8.0;14.0;5.0;;14;8;2019;15:55;1.0;68;68162;1;1.0;1.0;7.0;RD 1 Bis - Sigolsheim;48,1373590;7,3227250;3;1;2.0;;2.0;2;0.0;2.0;15;500;2.0;;;1.0;0.0;3.0;80.0;Haut-Rhin;44;Grand Est
201900001741;138Â 303Â 317;A01;1.0;1;3.0;1.0;2000.0;5.0;2.0;6.0;;0.0;0;;;1.0;33.0;16.0;0.0;0.0;1.0;1.0;;16;8;2019;16:30;1.0;04;04148;1;1.0;1.0;7.0;RD 4085 Le Mousteiret;43,7972230;6,6302870;3;4085;;;2.0;2;0.0;2.0;114;0;3.0;;;1.0;0.0;3.0;80.0;Alpes-de-Haute-Provence;93;Provence-Alpes-Côte d'Azur
201900001742;138Â 303Â 316;A01;1.0;1;4.0;1.0;1969.0;5.0;2.0;6.0;9.0;0.0;0;;;1.0;31.0;13.0;0.0;1.0;1.0;3.0;;25;10;2019;19:55;5.0;988;98805;2;1.0;1.0;6.0;R.T.1; -22,1981570;166,4787950;2;1;;;2.0;2;0.0;1.0;(1);(1);1.0;;;1.0;0.0;3.0;50.0;;;
201900001743;138Â 303Â 311;A01;1.0;1;2.0;2.0;1948.0;5.0;1.0;;;0.0;0;;;1.0;7.0;3.0;2.0;6.0;26.0;1.0;;18;10;2019;16:00;1.0;79;79048;1;1.0;2.0;4.0;;46,3471000; -0,2950000;1;10;0.0;;3.0;4;0.0;1.0;363;220;1.0;50.0;140.0;2.0;0.0;1.0;130.0;Deux-Sèvres;75;Nouvelle-Aquitaine
201900001743;138Â 303Â 312;B01;7.0;2;2.0;2.0;1962.0;5.0;1.0;;;0.0;0;;;1.0;7.0;0.0;2.0;1.0;2.0;1.0;;18;10;2019;16:00;1.0;79;79048;1;1.0;2.0;4.0;;46,3471000; -0,2950000;1;10;0.0;;3.0;4;0.0;1.0;363;220;1.0;50.0;140.0;2.0;0.0;1.0;130.0;Deux-Sèvres;75;Nouvelle-Aquitaine
201900001743;138Â 303Â 312;B01;1.0;1;1.0;1.0;1967.0;5.0;1.0;;;0.0;0;;;1.0;7.0;0.0;2.0;1.0;2.0;1.0;;18;10;2019;16:00;1.0;79;79048;1;1.0;2.0;4.0;;46,3471000; -0,2950000;1;10;0.0;;3.0;4;0.0;1.0;363;220;1.0;50.0;140.0;2.0;0.0;1.0;130.0;Deux-Sèvres;75;Nouvelle-Aquitaine