Num_Acc;id_vehicule;num_veh;place;catu;grav;sexe;an_nais;trajet;secu1;secu2;secu3;locp;actp;etatp;id_usager;senc;catv;obs;obsm;choc;manv;motor;occutc;jour;mois;an;hrmn;lum;dep;com;agg;int;atm;col;adr;lat;long;catr;voie;v1;v2;circ;nbv;vosp;prof;pr;pr1;plan;lartpc;larrout;surf;infra;situ;vma;nom_departement;reg;nom_region
201900001743;138Â 303Â 312;B01;2.0;2;3.0;2.0;1936.0;5.0;1.0;;;0.0;0;;;1.0;7.0;0.0;2.0;1.0;2.0;1.0;;18;10;2019;16:00;1.0;79;79048;1;1.0;2.0;4.0;;46,3471000; -0,2950000;1;10;0.0;;3.0;4;0.0;1.0;363;220;1.0;50.0;140.0;2.0;0.0;1.0;130.0;Deux-Sèvres;75;Nouvelle-Aquitaine
201900001743;138Â 303Â 313;C01;2.0;2;1.0;2.0;1993.0;5.0;1.0;;;0.0;0;;;1.0;7.0;0.0;2.0;1.0;2.0;1.0;;18;10;2019;16:00;1.0;79;79048;1;1.0;2.0;4.0;;46,3471000; -0,2950000;1;10;0.0;;3.0;4;0.0;1.0;363;220;1.0;50.0;140.0;2.0;0.0;1.0;130.0;Deux-Sèvres;75;Nouvelle-Aquitaine
201900001743;138Â 303Â 313;C01;1.0;1;1.0;1.0;1997.0;5.0;1.0;;;0.0;0;;;1.0;7.0;0.0;2.0;1.0;2.0;1.0;;18;10;2019;16:00;1.0;79;79048;1;1.0;2.0;4.0;;46,3471000; -0,2950000;1;10;0.0;;3.0;4;0.0;1.0;363;220;1.0;50.0;140.0;2.0;0.0;1.0;130.0;Deux-Sèvres;75;Nouvelle-Aquitaine
201900001743;138Â 303Â 313;C01;9.0;2;1.0;2.0;1980.0;5.0;1.0;;;0.0;0;;;1.0;7.0;0.0;2.0;1.0;2.0;1.0;;18;10;2019;16:00;1.0;79;79048;1;1.0;2.0;4.0;;46,3471000; -0,2950000;1;10;0.0;;3.0;4;0.0;1.0;363;220;1.0;50.0;140.0;2.0;0.0;1.0;130.0;Deux-Sèvres;75;Nouvelle-Aquitaine
201900001743;138Â 303Â 313;C01;7.0;2;1.0;2.0;1991.0;5.0;1.0;;;0.0;0;;;1.0;7.0;0.0;2.0;1.0;2.0;1.0;;18;10;2019;16:00;1.0;79;79048;1;1.0;2.0;4.0;;46,3471000; -0,2950000;1;10;0.0;;3.0;4;0.0;1.0;363;220;1.0;50.0;140.0;2.0;0.0;1.0;130.0;Deux-Sèvres;75;Nouvelle-Aquitaine
201900001744;138Â 303Â 310;A01;1.0;1;3.0;1.0;1992.0;1.0;1.0;;;0.0;0;;;1.0;7.0;0.0;2.0;1.0;2.0;1.0;;18;10;2019;23:55;3.0;33;33260;1;1.0;1.0;2.0;A63;44,5072600; -0,8424500;1;63;0.0;;3.0;6;0.0;1.0;39;100;2.0;;;1.0;0.0;1.0;130.0;Gironde;75;Nouvelle-Aquitaine
201900001745;138Â 303Â 307;B01;1.0;1;3.0;1.0;1998.0;1.0;2.0;6.0;;0.0;0;;;2.0;33.0;0.0;2.0;7.0;1.0;1.0;;25;10;2019;08:00;1.0;06;06004;1;1.0;1.0;3.0;A8 chaussÃ©e nord;43,6174960;7,1155140;1;8;;;3.0;4;0.0;1.0;175;590;1.0;;;2.0;0.0;1.0;110.0;Alpes-Maritimes;93;Provence-Alpes-Côte d'Azur
201900001745;138Â 303Â 308;A01;1.0;1;1.0;1.0;1967.0;5.0;1.0;;;0.0;0;;;2.0;10.0;0.0;2.0;8.0;11.0;1.0;;25;10;2019;08:00;1.0;06;06004;1;1.0;1.0;3.0;A8 chaussÃ©e nord;43,6174960;7,1155140;1;8;;;3.0;4;0.0;1.0;175;590;1.0;;;2.0;0.0;1.0;110.0;Alpes-Maritimes;93;Provence-Alpes-Côte d'Azur
201900001746;138Â 303Â 305;B01;1.0;1;1.0;2.0;1946.0;5.0;1.0;;;0.0;0;;;2.0;7.0;0.0;2.0;4.0;23.0;1.0;;24;10;2019;18:20;2.0;34;34172;1;1.0;1.0;2.0;A709;43,6048320;3,9298110;1;709;0.0;;3.0;4;0.0;1.0;11;400;1.0;;;1.0;0.0;1.0;90.0;Hérault;76;Occitanie
201900001746;138Â 303Â 306;A01;1.0;1;2.0;1.0;1965.0;4.0;2.0;;;0.0;0;;;2.0;34.0;0.0;2.0;1.0;2.0;1.0;;24;10;2019;18:20;2.0;34;34172;1;1.0;1.0;2.0;A709;43,6048320;3,9298110;1;709;0.0;;3.0;4;0.0;1.0;11;400;1.0;;;1.0;0.0;1.0;90.0;Hérault;76;Occitanie
201900001747;138Â 303Â 304;A01;1.0;1;4.0;2.0;1994.0;5.0;2.0;6.0;;0.0;0;;;3.0;33.0;8.0;0.0;0.0;1.0;1.0;;24;10;2019;19:30;5.0;13;13058;2;1.0;1.0;6.0;Avenue du GÃ©nÃ©ral de Gaulle;43,7151770;4,8052110;3;27;;;2.0;2;0.0;1.0;(1);(1);1.0;;;1.0;0.0;4.0;50.0;Bouches-du-Rhône;93;Provence-Alpes-Côte d'Azur
201900001748;138Â 303Â 302;A01;1.0;1;1.0;2.0;1971.0;4.0;1.0;;;0.0;0;;;1.0;15.0;0.0;2.0;6.0;1.0;1.0;;26;9;2019;08:00;1.0;27;27469;1;1.0;2.0;6.0;D6015;49,2853450;1,1576690;3;6015;0.0;;2.0;3;0.0;2.0;37;650;1.0;;;2.0;0.0;1.0;80.0;Eure;28;Normandie
201900001748;138Â 303Â 303;B01;1.0;1;3.0;2.0;1988.0;1.0;1.0;;;0.0;0;;;2.0;7.0;0.0;2.0;3.0;1.0;1.0;;26;9;2019;08:00;1.0;27;27469;1;1.0;2.0;6.0;D6015;49,2853450;1,1576690;3;6015;0.0;;2.0;3;0.0;2.0;37;650;1.0;;;2.0;0.0;1.0;80.0;Eure;28;Normandie
201900001749;138Â 303Â 301;A01;1.0;1;2.0;1.0;1940.0;5.0;1.0;;;0.0;0;;;2.0;7.0;0.0;0.0;2.0;14.0;1.0;;25;10;2019;12:05;1.0;28;28092;1;1.0;2.0;6.0;A10;48,3649240;1,8811130;1;10;;A;3.0;3;0.0;1.0;47;700;1.0;;;2.0;0.0;8.0;130.0;Eure-et-Loir;24;Centre-Val de Loire
201900001749;138Â 303Â 301;A01;2.0;2;3.0;2.0;1940.0;5.0;1.0;;;0.0;0;;;2.0;7.0;0.0;0.0;2.0;14.0;1.0;;25;10;2019;12:05;1.0;28;28092;1;1.0;2.0;6.0;A10;48,3649240;1,8811130;1;10;;A;3.0;3;0.0;1.0;47;700;1.0;;;2.0;0.0;8.0;130.0;Eure-et-Loir;24;Centre-Val de Loire
201900001750;138Â 303Â 297;A01;1.0;1;1.0;1.0;1965.0;5.0;1.0;;;0.0;0;;;1.0;7.0;0.0;0.0;0.0;1.0;1.0;;25;10;2019;15:15;1.0;78;78349;1;1.0;1.0;4.0;A10;48,5752510;2,0032930;1;10;;;3.0;5;0.0;1.0;18;200;1.0;;;1.0;0.0;1.0;130.0;Yvelines;11;Île-de-France
201900001750;138Â 303Â 298;B01;2.0;2;2.0;2.0;1989.0;5.0;1.0;;;0.0;0;;;1.0;7.0;14.0;0.0;4.0;23.0;1.0;;25;10;2019;15:15;1.0;78;78349;1;1.0;1.0;4.0;A10;48,5752510;2,0032930;1;10;;;3.0;5;0.0;1.0;18;200;1.0;;;1.0;0.0;1.0;130.0;Yvelines;11;Île-de-France
201900001750;138Â 303Â 298;B01;1.0;1;1.0;1.0;1959.0;5.0;1.0;;;0.0;0;;;1.0;7.0;14.0;0.0;4.0;23.0;1.0;;25;10;2019;15:15;1.0;78;78349;1;1.0;1.0;4.0;A10;48,5752510;2,0032930;1;10;;;3.0;5;0.0;1.0;18;200;1.0;;;1.0;0.0;1.0;130.0;Yvelines;11;Île-de-France
201900001750;138Â 303Â 299;C01;1.0;1;1.0;1.0;1975.0;5.0;1.0;;;0.0;0;;;1.0;7.0;0.0;2.0;4.0;1.0;1.0;;25;10;2019;15:15;1.0;78;78349;1;1.0;1.0;4.0;A10;48,5752510;2,0032930;1;10;;;3.0;5;0.0;1.0;18;200;1.0;;;1.0;0.0;1.0;130.0;Yvelines;11;Île-de-France
201900001750;138Â 303Â 299;C01;2.0;2;2.0;2.0;1976.0;5.0;1.0;;;0.0;0;;;1.0;7.0;0.0;2.0;4.0;1.0;1.0;;25;10;2019;15:15;1.0;78;78349;1;1.0;1.0;4.0;A10;48,5752510;2,0032930;1;10;;;3.0;5;0.0;1.0;18;200;1.0;;;1.0;0.0;1.0;130.0;Yvelines;11;Île-de-France
201900001750;138Â 303Â 299;C01;9.0;2;1.0;1.0;2010.0;5.0;1.0;;;0.0;0;;;1.0;7.0;0.0;2.0;4.0;1.0;1.0;;25;10;2019;15:15;1.0;78;78349;1;1.0;1.0;4.0;A10;48,5752510;2,0032930;1;10;;;3.0;5;0.0;1.0;18;200;1.0;;;1.0;0.0;1.0;130.0;Yvelines;11;Île-de-France
201900001750;138Â 303Â 299;C01;7.0;2;1.0;1.0;2007.0;5.0;1.0;;;0.0;0;;;1.0;7.0;0.0;2.0;4.0;1.0;1.0;;25;10;2019;15:15;1.0;78;78349;1;1.0;1.0;4.0;A10;48,5752510;2,0032930;1;10;;;3.0;5;0.0;1.0;18;200;1.0;;;1.0;0.0;1.0;130.0;Yvelines;11;Île-de-France
201900001750;138Â 303Â 300;D01;1.0;1;2.0;1.0;1996.0;5.0;1.0;;;0.0;0;;;1.0;7.0;0.0;2.0;1.0;1.0;1.0;;25;10;2019;15:15;1.0;78;78349;1;1.0;1.0;4.0;A10;48,5752510;2,0032930;1;10;;;3.0;5;0.0;1.0;18;200;1.0;;;1.0;0.0;1.0;130.0;Yvelines;11;Île-de-France
201900001750;138Â 303Â 300;D01;2.0;2;2.0;1.0;1996.0;5.0;1.0;;;0.0;0;;;1.0;7.0;0.0;2.0;1.0;1.0;1.0;;25;10;2019;15:15;1.0;78;78349;1;1.0;1.0;4.0;A10;48,5752510;2,0032930;1;10;;;3.0;5;0.0;1.0;18;200;1.0;;;1.0;0.0;1.0;130.0;Yvelines;11;Île-de-France
201900001750;138Â 303Â 300;D01;7.0;2;2.0;1.0;1999.0;5.0;1.0;;;0.0;0;;;1.0;7.0;0.0;2.0;1.0;1.0;1.0;;25;10;2019;15:15;1.0;78;78349;1;1.0;1.0;4.0;A10;48,5752510;2,0032930;1;10;;;3.0;5;0.0;1.0;18;200;1.0;;;1.0;0.0;1.0;130.0;Yvelines;11;Île-de-France
201900001750;138Â 303Â 300;D01;9.0;2;3.0;1.0;2000.0;5.0;1.0;;;0.0;0;;;1.0;7.0;0.0;2.0;1.0;1.0;1.0;;25;10;2019;15:15;1.0;78;78349;1;1.0;1.0;4.0;A10;48,5752510;2,0032930;1;10;;;3.0;5;0.0;1.0;18;200;1.0;;;1.0;0.0;1.0;130.0;Yvelines;11;Île-de-France
201900001751;138Â 303Â 296;A01;1.0;1;4.0;1.0;1982.0;5.0;0.0;;;0.0;0;;;0.0;32.0;2.0;0.0;1.0;0.0;1.0;;15;6;2019;16:00;1.0;987;98742;1;1.0;1.0;6.0;.; -18,5206910; -136,3477270;4;1;0.0;A;;2;0.0;1.0;1;1;1.0;;;1.0;0.0;3.0;50.0;;;
201900001752;138Â 303Â 295;A01;7.0;2;3.0;2.0;2016.0;5.0;0.0;;;0.0;0;;;3.0;7.0;13.0;0.0;3.0;1.0;1.0;;28;7;2019;17:00;1.0;987;98731;2;1.0;1.0;7.0;Taipivai - VallÃ©e de Hooumi; -8,8746693; -140,0612104;2;422;;;2.0;2;0.0;1.0;(1);(1);2.0;;;1.0;0.0;3.0;;;;
201900001752;138Â 303Â 295;A01;6.0;2;3.0;1.0;2017.0;5.0;0.0;;;0.0;0;;;3.0;7.0;13.0;0.0;3.0;1.0;1.0;;28;7;2019;17:00;1.0;987;98731;2;1.0;1.0;7.0;Taipivai - VallÃ©e de Hooumi; -8,8746693; -140,0612104;2;422;;;2.0;2;0.0;1.0;(1);(1);2.0;;;1.0;0.0;3.0;;;;
201900001752;138Â 303Â 295;A01;1.0;1;1.0;1.0;1990.0;5.0;1.0;;;0.0;0;;;3.0;7.0;13.0;0.0;3.0;1.0;1.0;;28;7;2019;17:00;1.0;987;98731;2;1.0;1.0;7.0;Taipivai - VallÃ©e de Hooumi; -8,8746693; -140,0612104;2;422;;;2.0;2;0.0;1.0;(1);(1);2.0;;;1.0;0.0;3.0;;;;
201900001752;138Â 303Â 295;A01;8.0;2;2.0;1.0;2005.0;5.0;0.0;;;0.0;0;;;3.0;7.0;13.0;0.0;3.0;1.0;1.0;;28;7;2019;17:00;1.0;987;98731;2;1.0;1.0;7.0;Taipivai - VallÃ©e de Hooumi; -8,8746693; -140,0612104;2;422;;;2.0;2;0.0;1.0;(1);(1);2.0;;;1.0;0.0;3.0;;;;
201900001752;138Â 303Â 295;A01;2.0;2;3.0;2.0;1992.0;5.0;1.0;;;0.0;0;;;3.0;7.0;13.0;0.0;3.0;1.0;1.0;;28;7;2019;17:00;1.0;987;98731;2;1.0;1.0;7.0;Taipivai - VallÃ©e de Hooumi; -8,8746693; -140,0612104;2;422;;;2.0;2;0.0;1.0;(1);(1);2.0;;;1.0;0.0;3.0;;;;
201900001753;138Â 303Â 294;A01;10.0;3;4.0;2.0;1940.0;0.0;0.0;;;3.0;1;1.0;;2.0;7.0;0.0;1.0;2.0;1.0;1.0;;24;10;2019;10:50;1.0;972;97228;2;1.0;1.0;6.0;Route Departementale 25 Bon Air;14,7478300; -61,0037140;3;25;;;2.0;2;0.0;2.0;(1);(1);3.0;;;2.0;0.0;1.0;50.0;Martinique;02;Martinique
201900001753;138Â 303Â 294;A01;1.0;1;1.0;1.0;2000.0;0.0;1.0;;;0.0;0;;;2.0;7.0;0.0;1.0;2.0;1.0;1.0;;24;10;2019;10:50;1.0;972;97228;2;1.0;1.0;6.0;Route Departementale 25 Bon Air;14,7478300; -61,0037140;3;25;;;2.0;2;0.0;2.0;(1);(1);3.0;;;2.0;0.0;1.0;50.0;Martinique;02;Martinique
201900001754;138Â 303Â 292;B01;1.0;1;2.0;2.0;2007.0;5.0;0.0;;;0.0;0;;;3.0;1.0;0.0;2.0;1.0;19.0;5.0;;24;10;2019;17:45;1.0;57;57433;2;1.0;1.0;3.0;Rue de MARANGE;49,2083540;6,1542470;3;52;;;3.0;2;0.0;1.0;(1);(1);1.0;;;1.0;9.0;1.0;50.0;Moselle;44;Grand Est
201900001754;138Â 303Â 293;A01;1.0;1;1.0;1.0;1960.0;1.0;1.0;;;0.0;0;;;0.0;7.0;0.0;9.0;2.0;1.0;0.0;;24;10;2019;17:45;1.0;57;57433;2;1.0;1.0;3.0;Rue de MARANGE;49,2083540;6,1542470;3;52;;;3.0;2;0.0;1.0;(1);(1);1.0;;;1.0;9.0;1.0;50.0;Moselle;44;Grand Est
201900001755;138Â 303Â 291;A01;1.0;1;3.0;1.0;1982.0;5.0;2.0;6.0;;0.0;0;;;0.0;31.0;0.0;0.0;0.0;0.0;1.0;;24;10;2019;18:50;3.0;73;73097;1;1.0;1.0;7.0;D11;45,5631958;6,0192204;3;11;;;;2;0.0;2.0;(1);(1);2.0;;;1.0;0.0;1.0;80.0;Savoie;84;Auvergne-Rhône-Alpes
201900001756;138Â 303Â 290;A01;1.0;1;2.0;1.0;2003.0;9.0;6.0;;;0.0;0;;;0.0;2.0;0.0;1.0;1.0;1.0;1.0;;18;10;2019;13:23;1.0;73;73213;2;6.0;1.0;6.0;D5 Rue des Belledonnes;45,5516210;5,9693155;3;5;;;2.0;2;0.0;1.0;2;580;3.0;;;1.0;5.0;1.0;50.0;Savoie;84;Auvergne-Rhône-Alpes
201900001756;138Â 303Â 290;A01;10.0;3;3.0;2.0;2000.0;0.0;0.0;;;3.0;3;1.0;;0.0;2.0;0.0;1.0;1.0;1.0;1.0;;18;10;2019;13:23;1.0;73;73213;2;6.0;1.0;6.0;D5 Rue des Belledonnes;45,5516210;5,9693155;3;5;;;2.0;2;0.0;1.0;2;580;3.0;;;1.0;5.0;1.0;50.0;Savoie;84;Auvergne-Rhône-Alpes
201900001757;138Â 303Â 288;B01;1.0;1;2.0;1.0;2004.0;2.0;2.0;6.0;;0.0;0;;;2.0;2.0;0.0;2.0;1.0;2.0;1.0;;24;10;2019;16:50;1.0;01;01049;2;3.0;1.0;2.0;D1084;45,8458800;5,0388210;3;1084;0.0;;2.0;2;0.0;1.0;10;460;1.0;;;1.0;0.0;1.0;50.0;Ain;84;Auvergne-Rhône-Alpes
201900001757;138Â 303Â 289;A01;1.0;1;2.0;1.0;2004.0;2.0;2.0;6.0;;0.0;0;;;2.0;2.0;0.0;0.0;4.0;0.0;1.0;;24;10;2019;16:50;1.0;01;01049;2;3.0;1.0;2.0;D1084;45,8458800;5,0388210;3;1084;0.0;;2.0;2;0.0;1.0;10;460;1.0;;;1.0;0.0;1.0;50.0;Ain;84;Auvergne-Rhône-Alpes
201900001758;138Â 303Â 287;A01;1.0;1;1.0;1.0;1988.0;2.0;1.0;;;0.0;0;;;0.0;7.0;0.0;1.0;2.0;16.0;0.0;;24;10;2019;07:40;2.0;01;01376;2;6.0;2.0;6.0;Avenue Maurice-Cusin (Pont);45,8261530;4,9814000;4;;;;2.0;2;1.0;2.0;(1);(1);1.0;;;2.0;0.0;1.0;50.0;Ain;84;Auvergne-Rhône-Alpes
201900001758;138Â 303Â 287;A01;10.0;3;2.0;2.0;1970.0;1.0;0.0;;;3.0;3;1.0;;0.0;7.0;0.0;1.0;2.0;16.0;0.0;;24;10;2019;07:40;2.0;01;01376;2;6.0;2.0;6.0;Avenue Maurice-Cusin (Pont);45,8261530;4,9814000;4;;;;2.0;2;1.0;2.0;(1);(1);1.0;;;2.0;0.0;1.0;50.0;Ain;84;Auvergne-Rhône-Alpes
201900001759;138Â 303Â 286;A01;1.0;1;1.0;2.0;1996.0;0.0;1.0;;;0.0;0;;;3.0;7.0;0.0;1.0;1.0;1.0;1.0;;23;10;2019;19:10;5.0;69;69040;2;1.0;2.0;6.0;67 Avenue de Lanessan;45,7954400;4,7921100;3;306;;;2.0;2;0.0;1.0;(1);(1);1.0;;;2.0;0.0;1.0;50.0;Rhône;84;Auvergne-Rhône-Alpes
201900001759;138Â 303Â 286;A01;10.0;3;2.0;2.0;1990.0;5.0;0.0;;;3.0;3;1.0;;3.0;7.0;0.0;1.0;1.0;1.0;1.0;;23;10;2019;19:10;5.0;69;69040;2;1.0;2.0;6.0;67 Avenue de Lanessan;45,7954400;4,7921100;3;306;;;2.0;2;0.0;1.0;(1);(1);1.0;;;2.0;0.0;1.0;50.0;Rhône;84;Auvergne-Rhône-Alpes
201900001760;138Â 303Â 284;A01;1.0;1;1.0;1.0;1978.0;5.0;1.0;;;0.0;0;;;2.0;7.0;0.0;2.0;3.0;15.0;1.0;;25;10;2019;17:00;1.0;31;31381;2;3.0;1.0;3.0;rd 813;43,4634580;1,5684950;3;813;;;2.0;2;0.0;1.0;(1);(1);1.0;;;1.0;0.0;1.0;70.0;Haute-Garonne;76;Occitanie
201900001760;138Â 303Â 285;B01;1.0;1;3.0;1.0;1968.0;5.0;2.0;;;0.0;0;;;1.0;33.0;0.0;2.0;8.0;1.0;1.0;;25;10;2019;17:00;1.0;31;31381;2;3.0;1.0;3.0;rd 813;43,4634580;1,5684950;3;813;;;2.0;2;0.0;1.0;(1);(1);1.0;;;1.0;0.0;1.0;70.0;Haute-Garonne;76;Occitanie
201900001761;138Â 303Â 282;A01;1.0;1;4.0;1.0;1990.0;5.0;2.0;6.0;9.0;0.0;0;;;2.0;33.0;0.0;2.0;1.0;5.0;1.0;;25;10;2019;19:30;2.0;17;17038;1;9.0;1.0;3.0;RD 145;45,2004850; -0,3398900;3;145;0.0;D;2.0;2;0.0;1.0;97;100;1.0;;;1.0;9.0;1.0;80.0;Charente-Maritime;75;Nouvelle-Aquitaine
201900001761;138Â 303Â 283;B01;1.0;1;1.0;1.0;1964.0;1.0;1.0;;;0.0;0;;;1.0;7.0;0.0;2.0;2.0;15.0;1.0;;25;10;2019;19:30;2.0;17;17038;1;9.0;1.0;3.0;RD 145;45,2004850; -0,3398900;3;145;0.0;D;2.0;2;0.0;1.0;97;100;1.0;;;1.0;9.0;1.0;80.0;Charente-Maritime;75;Nouvelle-Aquitaine
201900001762;138Â 303Â 281;A01;1.0;1;3.0;1.0;1999.0;5.0;1.0;;;0.0;0;;;1.0;7.0;10.0;0.0;1.0;1.0;1.0;;24;10;2019;02:00;5.0;47;47157;2;9.0;1.0;6.0;Boulevard Richard Coeur de Lion;44,4991810;0,1575210;4;;;;2.0;2;0.0;1.0;(1);(1);3.0;;;1.0;9.0;8.0;50.0;Lot-et-Garonne;75;Nouvelle-Aquitaine
201900001762;138Â 303Â 281;A01;2.0;2;1.0;1.0;1998.0;5.0;1.0;;;0.0;0;;;1.0;7.0;10.0;0.0;1.0;1.0;1.0;;24;10;2019;02:00;5.0;47;47157;2;9.0;1.0;6.0;Boulevard Richard Coeur de Lion;44,4991810;0,1575210;4;;;;2.0;2;0.0;1.0;(1);(1);3.0;;;1.0;9.0;8.0;50.0;Lot-et-Garonne;75;Nouvelle-Aquitaine
201900001763;138Â 303Â 279;A01;1.0;1;4.0;1.0;1991.0;1.0;1.0;;;0.0;0;;;2.0;7.0;0.0;2.0;7.0;13.0;0.0;;24;10;2019;17:30;1.0;33;33164;1;1.0;3.0;3.0;D8;44,5395300; -0,2876190;3;8;0.0;;2.0;2;0.0;1.0;4;124;2.0;;;2.0;0.0;1.0;70.0;Gironde;75;Nouvelle-Aquitaine
201900001763;138Â 303Â 280;B01;2.0;2;2.0;1.0;1989.0;0.0;1.0;;;0.0;0;;;1.0;7.0;0.0;2.0;1.0;1.0;1.0;;24;10;2019;17:30;1.0;33;33164;1;1.0;3.0;3.0;D8;44,5395300; -0,2876190;3;8;0.0;;2.0;2;0.0;1.0;4;124;2.0;;;2.0;0.0;1.0;70.0;Gironde;75;Nouvelle-Aquitaine
201900001763;138Â 303Â 280;B01;1.0;1;2.0;1.0;1949.0;0.0;1.0;;;0.0;0;;;1.0;7.0;0.0;2.0;1.0;1.0;1.0;;24;10;2019;17:30;1.0;33;33164;1;1.0;3.0;3.0;D8;44,5395300; -0,2876190;3;8;0.0;;2.0;2;0.0;1.0;4;124;2.0;;;2.0;0.0;1.0;70.0;Gironde;75;Nouvelle-Aquitaine
201900001764;138Â 303Â 278;A01;2.0;2;1.0;2.0;1945.0;5.0;1.0;;;0.0;0;;;0.0;7.0;13.0;0.0;2.0;0.0;1.0;;25;10;2019;11:45;1.0;50;50597;1;1.0;2.0;6.0;La Durerie - Tirepied;48,7149290; -1,3082510;4;****;0.0;;2.0;2;0.0;1.0;(1);(1);1.0;;;2.0;0.0;3.0;80.0;Manche;28;Normandie
201900001764;138Â 303Â 278;A01;1.0;1;4.0;1.0;1943.0;5.0;1.0;;;0.0;0;;;0.0;7.0;13.0;0.0;2.0;0.0;1.0;;25;10;2019;11:45;1.0;50;50597;1;1.0;2.0;6.0;La Durerie - Tirepied;48,7149290; -1,3082510;4;****;0.0;;2.0;2;0.0;1.0;(1);(1);1.0;;;2.0;0.0;3.0;80.0;Manche;28;Normandie
201900001764;138Â 303Â 278;A01;7.0;2;1.0;2.0;2010.0;5.0;1.0;;;0.0;0;;;0.0;7.0;13.0;0.0;2.0;0.0;1.0;;25;10;2019;11:45;1.0;50;50597;1;1.0;2.0;6.0;La Durerie - Tirepied;48,7149290; -1,3082510;4;****;0.0;;2.0;2;0.0;1.0;(1);(1);1.0;;;2.0;0.0;3.0;80.0;Manche;28;Normandie
201900001765;138Â 303Â 276;A01;2.0;2;3.0;1.0;2001.0;5.0;2.0;;;0.0;0;;;1.0;30.0;0.0;2.0;1.0;1.0;1.0;;25;10;2019;00:30;5.0;29;29103;2;6.0;1.0;3.0;20 Rue la Tour d'Auvergne;48,4523810; -4,2468060;3;712;;;2.0;2;0.0;1.0;61;230;1.0;;;1.0;5.0;1.0;50.0;Finistère;53;Bretagne
201900001765;138Â 303Â 276;A01;1.0;1;2.0;1.0;2004.0;5.0;2.0;6.0;;0.0;0;;;1.0;30.0;0.0;2.0;1.0;1.0;1.0;;25;10;2019;00:30;5.0;29;29103;2;6.0;1.0;3.0;20 Rue la Tour d'Auvergne;48,4523810; -4,2468060;3;712;;;2.0;2;0.0;1.0;61;230;1.0;;;1.0;5.0;1.0;50.0;Finistère;53;Bretagne
201900001765;138Â 303Â 277;B01;2.0;2;1.0;1.0;2005.0;5.0;1.0;;;0.0;0;;;1.0;7.0;0.0;0.0;7.0;26.0;1.0;;25;10;2019;00:30;5.0;29;29103;2;6.0;1.0;3.0;20 Rue la Tour d'Auvergne;48,4523810; -4,2468060;3;712;;;2.0;2;0.0;1.0;61;230;1.0;;;1.0;5.0;1.0;50.0;Finistère;53;Bretagne
201900001765;138Â 303Â 277;B01;1.0;1;1.0;1.0;1999.0;5.0;1.0;;;0.0;0;;;1.0;7.0;0.0;0.0;7.0;26.0;1.0;;25;10;2019;00:30;5.0;29;29103;2;6.0;1.0;3.0;20 Rue la Tour d'Auvergne;48,4523810; -4,2468060;3;712;;;2.0;2;0.0;1.0;61;230;1.0;;;1.0;5.0;1.0;50.0;Finistère;53;Bretagne
201900001766;138Â 303Â 275;A01;1.0;1;3.0;1.0;1968.0;5.0;2.0;;;0.0;0;;;3.0;50.0;0.0;0.0;0.0;1.0;3.0;;25;10;2019;12:40;1.0;27;27161;2;1.0;8.0;7.0;Rue Sainte Suzanne;49,0552770;1,0184210;4;;;;2.0;2;0.0;1.0;(1);(1);1.0;;;1.0;0.0;1.0;50.0;Eure;28;Normandie
201900001767;138Â 303Â 273;B01;1.0;1;3.0;1.0;2000.0;1.0;2.0;6.0;9.0;0.0;0;;;1.0;33.0;0.0;2.0;8.0;1.0;1.0;;24;10;2019;17:15;1.0;76;76321;2;3.0;3.0;3.0;route de dieppe;49,7817170;1,2336050;3;915;0.0;D;2.0;2;0.0;1.0;61;200;1.0;;;2.0;0.0;1.0;50.0;Seine-Maritime;28;Normandie
201900001767;138Â 303Â 274;A01;1.0;1;1.0;2.0;1967.0;5.0;1.0;;;0.0;0;;;2.0;7.0;0.0;2.0;3.0;15.0;1.0;;24;10;2019;17:15;1.0;76;76321;2;3.0;3.0;3.0;route de dieppe;49,7817170;1,2336050;3;915;0.0;D;2.0;2;0.0;1.0;61;200;1.0;;;2.0;0.0;1.0;50.0;Seine-Maritime;28;Normandie
201900001768;138Â 303Â 271;A01;1.0;1;1.0;1.0;1974.0;5.0;1.0;;;0.0;0;;;1.0;7.0;0.0;2.0;1.0;2.0;1.0;;25;10;2019;15:00;1.0;60;60589;1;6.0;1.0;2.0;D44;49,2057890;2,4629820;3;44;0.0;;1.0;1;0.0;1.0;8;700;3.0;;;1.0;5.0;1.0;50.0;Oise;32;Hauts-de-France
201900001768;138Â 303Â 272;B01;2.0;2;2.0;2.0;2001.0;5.0;1.0;;;0.0;0;;;1.0;7.0;0.0;0.0;4.0;23.0;1.0;;25;10;2019;15:00;1.0;60;60589;1;6.0;1.0;2.0;D44;49,2057890;2,4629820;3;44;0.0;;1.0;1;0.0;1.0;8;700;3.0;;;1.0;5.0;1.0;50.0;Oise;32;Hauts-de-France
201900001768;138Â 303Â 272;B01;7.0;2;2.0;1.0;1971.0;5.0;1.0;;;0.0;0;;;1.0;7.0;0.0;0.0;4.0;23.0;1.0;;25;10;2019;15:00;1.0;60;60589;1;6.0;1.0;2.0;D44;49,2057890;2,4629820;3;44;0.0;;1.0;1;0.0;1.0;8;700;3.0;;;1.0;5.0;1.0;50.0;Oise;32;Hauts-de-France