Num_Acc;id_vehicule;num_veh;place;catu;grav;sexe;an_nais;trajet;secu1;secu2;secu3;locp;actp;etatp;id_usager;senc;catv;obs;obsm;choc;manv;motor;occutc;jour;mois;an;hrmn;lum;dep;com;agg;int;atm;col;adr;lat;long;catr;voie;v1;v2;circ;nbv;vosp;prof;pr;pr1;plan;lartpc;larrout;surf;infra;situ;vma;nom_departement;reg;nom_region
201900001768;138Â 303Â 272;B01;1.0;1;2.0;2.0;1971.0;5.0;1.0;;;0.0;0;;;1.0;7.0;0.0;0.0;4.0;23.0;1.0;;25;10;2019;15:00;1.0;60;60589;1;6.0;1.0;2.0;D44;49,2057890;2,4629820;3;44;0.0;;1.0;1;0.0;1.0;8;700;3.0;;;1.0;5.0;1.0;50.0;Oise;32;Hauts-de-France
201900001769;138Â 303Â 270;A01;1.0;1;1.0;2.0;1982.0;5.0;1.0;;;0.0;0;;;3.0;7.0;0.0;1.0;3.0;16.0;1.0;;25;10;2019;17:40;1.0;60;60141;2;6.0;1.0;6.0;Avenue de la Plaine des Aigles;49,1892780;2,4802720;4;;0.0;;1.0;1;2.0;1.0;(1);(1);1.0;;;1.0;5.0;1.0;50.0;Oise;32;Hauts-de-France
201900001769;138Â 303Â 270;A01;10.0;3;3.0;2.0;1999.0;1.0;0.0;;;4.0;3;1.0;;3.0;7.0;0.0;1.0;3.0;16.0;1.0;;25;10;2019;17:40;1.0;60;60141;2;6.0;1.0;6.0;Avenue de la Plaine des Aigles;49,1892780;2,4802720;4;;0.0;;1.0;1;2.0;1.0;(1);(1);1.0;;;1.0;5.0;1.0;50.0;Oise;32;Hauts-de-France
201900001770;138Â 303Â 268;B01;2.0;2;3.0;2.0;1959.0;5.0;1.0;;;0.0;0;;;1.0;7.0;0.0;2.0;1.0;1.0;1.0;;25;10;2019;17:25;1.0;80;80467;1;1.0;1.0;1.0;D930;49,6673250;2,7488960;3;930;;;2.0;2;0.0;1.0;(1);(1);1.0;;;1.0;0.0;1.0;80.0;Somme;32;Hauts-de-France
201900001770;138Â 303Â 268;B01;9.0;2;1.0;2.0;2014.0;5.0;1.0;;;0.0;0;;;1.0;7.0;0.0;2.0;1.0;1.0;1.0;;25;10;2019;17:25;1.0;80;80467;1;1.0;1.0;1.0;D930;49,6673250;2,7488960;3;930;;;2.0;2;0.0;1.0;(1);(1);1.0;;;1.0;0.0;1.0;80.0;Somme;32;Hauts-de-France
201900001770;138Â 303Â 268;B01;1.0;1;3.0;1.0;1981.0;5.0;1.0;;;0.0;0;;;1.0;7.0;0.0;2.0;1.0;1.0;1.0;;25;10;2019;17:25;1.0;80;80467;1;1.0;1.0;1.0;D930;49,6673250;2,7488960;3;930;;;2.0;2;0.0;1.0;(1);(1);1.0;;;1.0;0.0;1.0;80.0;Somme;32;Hauts-de-France
201900001770;138Â 303Â 269;A01;1.0;1;3.0;1.0;1984.0;5.0;8.0;;;0.0;0;;;2.0;7.0;0.0;2.0;2.0;13.0;0.0;;25;10;2019;17:25;1.0;80;80467;1;1.0;1.0;1.0;D930;49,6673250;2,7488960;3;930;;;2.0;2;0.0;1.0;(1);(1);1.0;;;1.0;0.0;1.0;80.0;Somme;32;Hauts-de-France
201900001770;138Â 303Â 269;A01;2.0;2;3.0;1.0;1976.0;5.0;1.0;;;0.0;0;;;2.0;7.0;0.0;2.0;2.0;13.0;0.0;;25;10;2019;17:25;1.0;80;80467;1;1.0;1.0;1.0;D930;49,6673250;2,7488960;3;930;;;2.0;2;0.0;1.0;(1);(1);1.0;;;1.0;0.0;1.0;80.0;Somme;32;Hauts-de-France
201900001771;138Â 303Â 266;B01;1.0;1;2.0;1.0;1991.0;1.0;2.0;6.0;;0.0;0;;;1.0;33.0;0.0;2.0;1.0;1.0;1.0;;2;10;2019;13:15;1.0;80;80322;1;9.0;1.0;1.0;D1017;49,7716780;2,8193090;3;1017;;;2.0;2;0.0;1.0;17;800;1.0;;;1.0;0.0;1.0;80.0;Somme;32;Hauts-de-France
201900001771;138Â 303Â 267;A01;1.0;1;1.0;2.0;1981.0;1.0;1.0;;;0.0;0;;;2.0;7.0;0.0;9.0;1.0;17.0;1.0;;2;10;2019;13:15;1.0;80;80322;1;9.0;1.0;1.0;D1017;49,7716780;2,8193090;3;1017;;;2.0;2;0.0;1.0;17;800;1.0;;;1.0;0.0;1.0;80.0;Somme;32;Hauts-de-France
201900001772;138Â 303Â 264;B01;1.0;1;1.0;1.0;1973.0;4.0;1.0;;;0.0;0;;;1.0;17.0;0.0;2.0;6.0;1.0;1.0;;25;10;2019;08:10;1.0;80;80521;1;1.0;1.0;3.0;A1;49,9800270;2,8671200;1;1;0.0;A;3.0;3;0.0;1.0;132;700;1.0;;;1.0;0.0;1.0;130.0;Somme;32;Hauts-de-France
201900001772;138Â 303Â 265;A01;1.0;1;3.0;1.0;1999.0;5.0;1.0;;;0.0;0;;;1.0;7.0;0.0;2.0;2.0;17.0;1.0;;25;10;2019;08:10;1.0;80;80521;1;1.0;1.0;3.0;A1;49,9800270;2,8671200;1;1;0.0;A;3.0;3;0.0;1.0;132;700;1.0;;;1.0;0.0;1.0;130.0;Somme;32;Hauts-de-France
201900001773;138Â 303Â 261;C01;2.0;2;2.0;2.0;1994.0;5.0;1.0;0.0;;;0;;;1.0;7.0;0.0;2.0;4.0;1.0;1.0;;6;10;2019;10:20;1.0;13;13071;1;1.0;1.0;4.0;A51-Sens Marseille vers Aix en Provence;43,4167900;5,3655100;1;51;0.0;;;2;0.0;1.0;3;0;3.0;;;1.0;0.0;1.0;50.0;Bouches-du-Rhône;93;Provence-Alpes-Côte d'Azur
201900001773;138Â 303Â 261;C01;1.0;1;2.0;1.0;1995.0;5.0;1.0;0.0;;; -1;;;1.0;7.0;0.0;2.0;4.0;1.0;1.0;;6;10;2019;10:20;1.0;13;13071;1;1.0;1.0;4.0;A51-Sens Marseille vers Aix en Provence;43,4167900;5,3655100;1;51;0.0;;;2;0.0;1.0;3;0;3.0;;;1.0;0.0;1.0;50.0;Bouches-du-Rhône;93;Provence-Alpes-Côte d'Azur
201900001773;138Â 303Â 262;B01;1.0;1;2.0;1.0;2001.0;1.0;1.0;0.0;;; -1;;;1.0;7.0;0.0;2.0;4.0;1.0;1.0;;6;10;2019;10:20;1.0;13;13071;1;1.0;1.0;4.0;A51-Sens Marseille vers Aix en Provence;43,4167900;5,3655100;1;51;0.0;;;2;0.0;1.0;3;0;3.0;;;1.0;0.0;1.0;50.0;Bouches-du-Rhône;93;Provence-Alpes-Côte d'Azur
201900001773;138Â 303Â 263;A01;1.0;1;1.0;1.0;1995.0;5.0;1.0;8.0;;;0;;;1.0;7.0;0.0;2.0;1.0;1.0;1.0;;6;10;2019;10:20;1.0;13;13071;1;1.0;1.0;4.0;A51-Sens Marseille vers Aix en Provence;43,4167900;5,3655100;1;51;0.0;;;2;0.0;1.0;3;0;3.0;;;1.0;0.0;1.0;50.0;Bouches-du-Rhône;93;Provence-Alpes-Côte d'Azur
201900001774;138Â 303Â 259;B01;1.0;1;3.0;2.0;1961.0;1.0;1.0;8.0;;;0;;;1.0;10.0;0.0;2.0;3.0;2.0;1.0;;18;10;2019;19:20;2.0;69;69029;1;1.0;2.0;3.0;RD383   7.640 A 11.044;45,7389600;4,9042300;3;383;0.0;;1.0;3;0.0;2.0;9;0;1.0;;;2.0;0.0;1.0;70.0;Rhône;84;Auvergne-Rhône-Alpes
201900001774;138Â 303Â 260;A01;1.0;1;1.0;1.0;1995.0;5.0;1.0;8.0;;;0;;;1.0;10.0;0.0;2.0;5.0;12.0;1.0;;18;10;2019;19:20;2.0;69;69029;1;1.0;2.0;3.0;RD383   7.640 A 11.044;45,7389600;4,9042300;3;383;0.0;;1.0;3;0.0;2.0;9;0;1.0;;;2.0;0.0;1.0;70.0;Rhône;84;Auvergne-Rhône-Alpes
201900001775;138Â 303Â 258;A01;2.0;2;3.0;1.0;1993.0;0.0;1.0;0.0;;; -1;;;2.0;7.0;4.0;0.0;2.0;14.0;1.0;;18;10;2019;06:25;5.0;69;69115;1;1.0;2.0;6.0;A6   427.300 A 428.640;45,9733000;4,7337900;1;6;0.0;;1.0;2;0.0;1.0;428;0;2.0;;;2.0;0.0;1.0;70.0;Rhône;84;Auvergne-Rhône-Alpes
201900001775;138Â 303Â 258;A01;1.0;1;3.0;1.0;1995.0;1.0;1.0;0.0;;;0;;;2.0;7.0;4.0;0.0;2.0;14.0;1.0;;18;10;2019;06:25;5.0;69;69115;1;1.0;2.0;6.0;A6   427.300 A 428.640;45,9733000;4,7337900;1;6;0.0;;1.0;2;0.0;1.0;428;0;2.0;;;2.0;0.0;1.0;70.0;Rhône;84;Auvergne-Rhône-Alpes
201900001776;138Â 303Â 256;B01;1.0;1;2.0;1.0;1958.0;9.0;1.0;0.0;;0.0;0;;;1.0;7.0;3.0;2.0;4.0;1.0;1.0;;19;10;2019;21:20;3.0;69;69272;1;1.0;1.0;2.0;A46S   57.400 A 61.010;45,5939600;4,8466500;1;46;0.0;;1.0;4;0.0;1.0;58;0;1.0;;;2.0;0.0;1.0;110.0;Rhône;84;Auvergne-Rhône-Alpes
201900001776;138Â 303Â 256;B01;4.0;2;2.0;1.0;1955.0;9.0;1.0;0.0;;; -1;;;1.0;7.0;3.0;2.0;4.0;1.0;1.0;;19;10;2019;21:20;3.0;69;69272;1;1.0;1.0;2.0;A46S   57.400 A 61.010;45,5939600;4,8466500;1;46;0.0;;1.0;4;0.0;1.0;58;0;1.0;;;2.0;0.0;1.0;110.0;Rhône;84;Auvergne-Rhône-Alpes
201900001776;138Â 303Â 256;B01;3.0;2;2.0;1.0;1948.0;9.0;1.0;0.0;;; -1;;;1.0;7.0;3.0;2.0;4.0;1.0;1.0;;19;10;2019;21:20;3.0;69;69272;1;1.0;1.0;2.0;A46S   57.400 A 61.010;45,5939600;4,8466500;1;46;0.0;;1.0;4;0.0;1.0;58;0;1.0;;;2.0;0.0;1.0;110.0;Rhône;84;Auvergne-Rhône-Alpes
201900001776;138Â 303Â 256;B01;2.0;2;2.0;2.0;1950.0;9.0;1.0;0.0;;; -1;;;1.0;7.0;3.0;2.0;4.0;1.0;1.0;;19;10;2019;21:20;3.0;69;69272;1;1.0;1.0;2.0;A46S   57.400 A 61.010;45,5939600;4,8466500;1;46;0.0;;1.0;4;0.0;1.0;58;0;1.0;;;2.0;0.0;1.0;110.0;Rhône;84;Auvergne-Rhône-Alpes
201900001777;138Â 303Â 254;B01;1.0;1;2.0;1.0;1996.0;2.0;2.0;8.0;;; -1;;;2.0;33.0;0.0;2.0;1.0;3.0;1.0;;24;10;2019;09:00;1.0;33;33550;1;1.0;1.0;3.0;ROCADE A 630;44,7777100; -0,5594100;1;630;0.0;;3.0;6;0.0;1.0;31;0;1.0;;;2.0;0.0;1.0;90.0;Gironde;75;Nouvelle-Aquitaine
201900001777;138Â 303Â 255;A01;1.0;1;1.0;1.0;1987.0;0.0;1.0;8.0;;; -1;;;2.0;10.0;0.0;2.0;2.0;12.0;1.0;;24;10;2019;09:00;1.0;33;33550;1;1.0;1.0;3.0;ROCADE A 630;44,7777100; -0,5594100;1;630;0.0;;3.0;6;0.0;1.0;31;0;1.0;;;2.0;0.0;1.0;90.0;Gironde;75;Nouvelle-Aquitaine
201900001777;138Â 303Â 255;A01;2.0;2;1.0;1.0;2007.0;0.0;1.0;8.0;;; -1;;;2.0;10.0;0.0;2.0;2.0;12.0;1.0;;24;10;2019;09:00;1.0;33;33550;1;1.0;1.0;3.0;ROCADE A 630;44,7777100; -0,5594100;1;630;0.0;;3.0;6;0.0;1.0;31;0;1.0;;;2.0;0.0;1.0;90.0;Gironde;75;Nouvelle-Aquitaine
201900001778;138Â 303Â 251;A01;1.0;1;1.0;1.0;1941.0;5.0;1.0;8.0;;; -1;;;1.0;7.0;0.0;2.0;1.0;1.0;1.0;;24;10;2019;07:50;1.0;33;33013;1;1.0;2.0;4.0;ROUTE NATIONALE 230;44,8622900; -0,5039000;2;230;0.0;;3.0;6;0.0;1.0;41;692;1.0;;;2.0;0.0;1.0;90.0;Gironde;75;Nouvelle-Aquitaine
201900001778;138Â 303Â 251;A01;2.0;2;1.0;1.0;1965.0;5.0;1.0;8.0;;; -1;;;1.0;7.0;0.0;2.0;1.0;1.0;1.0;;24;10;2019;07:50;1.0;33;33013;1;1.0;2.0;4.0;ROUTE NATIONALE 230;44,8622900; -0,5039000;2;230;0.0;;3.0;6;0.0;1.0;41;692;1.0;;;2.0;0.0;1.0;90.0;Gironde;75;Nouvelle-Aquitaine
201900001778;138Â 303Â 252;B01;1.0;1;1.0;1.0;1981.0;4.0;1.0;8.0;;; -1;;;1.0;7.0;0.0;2.0;4.0;1.0;1.0;;24;10;2019;07:50;1.0;33;33013;1;1.0;2.0;4.0;ROUTE NATIONALE 230;44,8622900; -0,5039000;2;230;0.0;;3.0;6;0.0;1.0;41;692;1.0;;;2.0;0.0;1.0;90.0;Gironde;75;Nouvelle-Aquitaine
201900001778;138Â 303Â 253;C01;1.0;1;2.0;2.0;1988.0;0.0;1.0;8.0;;; -1;;;1.0;7.0;0.0;2.0;4.0;1.0;1.0;;24;10;2019;07:50;1.0;33;33013;1;1.0;2.0;4.0;ROUTE NATIONALE 230;44,8622900; -0,5039000;2;230;0.0;;3.0;6;0.0;1.0;41;692;1.0;;;2.0;0.0;1.0;90.0;Gironde;75;Nouvelle-Aquitaine
201900001779;138Â 303Â 249;A01;1.0;1;1.0;1.0;1968.0;5.0;1.0;0.0;;0.0;0;;;1.0;7.0;0.0;2.0;2.0;12.0;1.0;;24;10;2019;17:45;1.0;91;91064;1;1.0;1.0;3.0;RN 118;48,7482000;2,1987200;2;118;0.0;;3.0;2;0.0;3.0;4;168;1.0;;;1.0;0.0;1.0;90.0;Essonne;11;Île-de-France
201900001779;138Â 303Â 250;B01;1.0;1;2.0;1.0;1966.0;9.0;2.0;6.0;;0.0;0;;;1.0;33.0;0.0;2.0;6.0;1.0;1.0;;24;10;2019;17:45;1.0;91;91064;1;1.0;1.0;3.0;RN 118;48,7482000;2,1987200;2;118;0.0;;3.0;2;0.0;3.0;4;168;1.0;;;1.0;0.0;1.0;90.0;Essonne;11;Île-de-France
201900001780;138Â 303Â 245;D01;1.0;1;1.0;1.0;1954.0;0.0;1.0;0.0;;;0;;;2.0;7.0;0.0;2.0;4.0;2.0;1.0;;24;10;2019;09:30;1.0;94;94003;1;1.0;1.0;4.0;AUTOROUTE A6A;48,8026000;2,3418000;1;6;0.0;A;1.0;3;3.0;2.0;1;299;1.0;;;1.0;0.0;1.0;70.0;Val-de-Marne;11;Île-de-France
201900001780;138Â 303Â 246;C01;1.0;1;2.0;2.0;1984.0;1.0;1.0;0.0;;;0;;;2.0;7.0;0.0;2.0;4.0;2.0;1.0;;24;10;2019;09:30;1.0;94;94003;1;1.0;1.0;4.0;AUTOROUTE A6A;48,8026000;2,3418000;1;6;0.0;A;1.0;3;3.0;2.0;1;299;1.0;;;1.0;0.0;1.0;70.0;Val-de-Marne;11;Île-de-France
201900001780;138Â 303Â 247;B01;1.0;1;2.0;2.0;1990.0;1.0;1.0;0.0;;; -1;;;2.0;7.0;0.0;2.0;4.0;2.0;1.0;;24;10;2019;09:30;1.0;94;94003;1;1.0;1.0;4.0;AUTOROUTE A6A;48,8026000;2,3418000;1;6;0.0;A;1.0;3;3.0;2.0;1;299;1.0;;;1.0;0.0;1.0;70.0;Val-de-Marne;11;Île-de-France
201900001781;138Â 303Â 243;A01;1.0;1;2.0;2.0;1992.0;0.0;1.0;8.0;;0.0;0;;;1.0;7.0;1.0;0.0;1.0;2.0;1.0;;23;10;2019;17:00;1.0;93;93008;1;1.0;1.0;2.0;AUTOROUTE A86;48,9117750;2,4395660;1;86;0.0;;3.0;8;0.0;1.0;20;600;1.0;;;1.0;1.0;1.0;90.0;Seine-Saint-Denis;11;Île-de-France
201900001781;138Â 303Â 243;A01;2.0;2;2.0;2.0;1969.0;0.0;1.0;0.0;;0.0;0;;;1.0;7.0;1.0;0.0;1.0;2.0;1.0;;23;10;2019;17:00;1.0;93;93008;1;1.0;1.0;2.0;AUTOROUTE A86;48,9117750;2,4395660;1;86;0.0;;3.0;8;0.0;1.0;20;600;1.0;;;1.0;1.0;1.0;90.0;Seine-Saint-Denis;11;Île-de-France
201900001781;138Â 303Â 244;B01;1.0;1;1.0;1.0;1972.0;1.0;1.0;8.0;;0.0;0;;;1.0;7.0;0.0;2.0;4.0;23.0;1.0;;23;10;2019;17:00;1.0;93;93008;1;1.0;1.0;2.0;AUTOROUTE A86;48,9117750;2,4395660;1;86;0.0;;3.0;8;0.0;1.0;20;600;1.0;;;1.0;1.0;1.0;90.0;Seine-Saint-Denis;11;Île-de-France
201900001782;138Â 303Â 241;A01;1.0;1;2.0;1.0;1985.0;0.0;2.0;0.0;;;0;;;1.0;31.0;0.0;2.0;1.0;3.0;1.0;;23;10;2019;14:30;1.0;92;92036;1;1.0;1.0;2.0;AUTOROUTE A86;48,9378311;2,2974755;1;86;0.0;;3.0;10;0.0;1.0;8;800;1.0;;;1.0;0.0;1.0;90.0;Hauts-de-Seine;11;Île-de-France
201900001782;138Â 303Â 242;B01;1.0;1;1.0;1.0;1966.0;9.0;1.0;0.0;;;0;;;1.0;10.0;0.0;2.0;4.0;11.0;1.0;;23;10;2019;14:30;1.0;92;92036;1;1.0;1.0;2.0;AUTOROUTE A86;48,9378311;2,2974755;1;86;0.0;;3.0;10;0.0;1.0;8;800;1.0;;;1.0;0.0;1.0;90.0;Hauts-de-Seine;11;Île-de-France
201900001783;138Â 303Â 239;A01;1.0;1;1.0;2.0;1981.0;0.0;1.0;0.0;;; -1;;;2.0;7.0;0.0;2.0;6.0;11.0;1.0;;23;10;2019;09:20;1.0;93;93010;1;1.0;1.0;2.0;AUTOROUTE A3;48,9127900;2,4765600;1;3;0.0;;3.0;6;0.0;1.0;8;800;1.0;;;1.0;2.0;1.0;110.0;Seine-Saint-Denis;11;Île-de-France
201900001783;138Â 303Â 240;B01;1.0;1;2.0;1.0;1987.0;0.0;2.0;0.0;;; -1;;;2.0;33.0;0.0;2.0;1.0;1.0;1.0;;23;10;2019;09:20;1.0;93;93010;1;1.0;1.0;2.0;AUTOROUTE A3;48,9127900;2,4765600;1;3;0.0;;3.0;6;0.0;1.0;8;800;1.0;;;1.0;2.0;1.0;110.0;Seine-Saint-Denis;11;Île-de-France
201900001784;138Â 303Â 237;A01;1.0;1;1.0;1.0;1980.0;0.0;1.0;4.0;;; -1;;;1.0;7.0;0.0;2.0;5.0;12.0;1.0;;22;10;2019;18:40;1.0;93;93008;1;1.0;1.0;3.0;AUTOROUTE A86;48,9107500;2,4420200;1;86;0.0;;3.0;8;0.0;1.0;21;399;1.0;;;1.0;1.0;1.0;90.0;Seine-Saint-Denis;11;Île-de-France
201900001784;138Â 303Â 238;B01;1.0;1;2.0;1.0;1992.0;0.0;2.0;6.0;;; -1;;;1.0;33.0;0.0;2.0;1.0;3.0;1.0;;22;10;2019;18:40;1.0;93;93008;1;1.0;1.0;3.0;AUTOROUTE A86;48,9107500;2,4420200;1;86;0.0;;3.0;8;0.0;1.0;21;399;1.0;;;1.0;1.0;1.0;90.0;Seine-Saint-Denis;11;Île-de-France
201900001785;138Â 303Â 236;A01;1.0;1;2.0;1.0;1987.0;4.0;2.0;0.0;;;0;;;1.0;33.0;0.0;0.0;9.0;21.0;1.0;;22;10;2019;13:40;1.0;95;95424;1;1.0;5.0;7.0;AUTOROUTE A15;48,9924700;2,1882000;1;15;0.0;;3.0;7;0.0;1.0;14;399;3.0;;;1.0;0.0;1.0;110.0;Val-d'Oise;11;Île-de-France
201900001786;138Â 303Â 234;B01;1.0;1;1.0;1.0;1996.0;5.0;1.0;0.0;;;0;;;1.0;7.0;0.0;2.0;5.0;1.0;1.0;;24;10;2019;20:00;4.0;77;77373;1;1.0;1.0;2.0;RN104;48,7888000;2,6176000;2;104;0.0;;3.0;2;0.0;1.0;6;500;1.0;;;1.0;0.0;1.0;90.0;Seine-et-Marne;11;Île-de-France
201900001786;138Â 303Â 235;A01;1.0;1;3.0;1.0;1968.0;0.0;1.0;0.0;;;0;;;1.0;7.0;0.0;2.0;1.0;1.0;1.0;;24;10;2019;20:00;4.0;77;77373;1;1.0;1.0;2.0;RN104;48,7888000;2,6176000;2;104;0.0;;3.0;2;0.0;1.0;6;500;1.0;;;1.0;0.0;1.0;90.0;Seine-et-Marne;11;Île-de-France
201900001787;138Â 303Â 231;A01;2.0;2;2.0;1.0;1998.0;0.0;2.0;8.0;;; -1;;;2.0;33.0;0.0;2.0;1.0;3.0;1.0;;24;10;2019;20:00;5.0;94;94065;1;1.0;1.0;4.0;A86 EXT;48,7540000;2,3507500;1;86;0.0;EXT;1.0;2;0.0;1.0;48;299;1.0;;;1.0;0.0;1.0;90.0;Val-de-Marne;11;Île-de-France
201900001787;138Â 303Â 231;A01;1.0;1;2.0;1.0;1984.0;0.0;2.0;8.0;;; -1;;;2.0;33.0;0.0;2.0;1.0;3.0;1.0;;24;10;2019;20:00;5.0;94;94065;1;1.0;1.0;4.0;A86 EXT;48,7540000;2,3507500;1;86;0.0;EXT;1.0;2;0.0;1.0;48;299;1.0;;;1.0;0.0;1.0;90.0;Val-de-Marne;11;Île-de-France
201900001787;138Â 303Â 232;B01;1.0;1;1.0;1.0;1996.0;9.0;1.0;8.0;;; -1;;;2.0;7.0;0.0;2.0;3.0;1.0;1.0;;24;10;2019;20:00;5.0;94;94065;1;1.0;1.0;4.0;A86 EXT;48,7540000;2,3507500;1;86;0.0;EXT;1.0;2;0.0;1.0;48;299;1.0;;;1.0;0.0;1.0;90.0;Val-de-Marne;11;Île-de-France
201900001787;138Â 303Â 233;C01;1.0;1;1.0;1.0;1992.0;0.0;1.0;8.0;;; -1;;;2.0;7.0;0.0;2.0;5.0;1.0;1.0;;24;10;2019;20:00;5.0;94;94065;1;1.0;1.0;4.0;A86 EXT;48,7540000;2,3507500;1;86;0.0;EXT;1.0;2;0.0;1.0;48;299;1.0;;;1.0;0.0;1.0;90.0;Val-de-Marne;11;Île-de-France
201900001788;138Â 303Â 228;A01;1.0;1;1.0;1.0;1946.0;5.0;1.0;8.0;;; -1;;;2.0;7.0;0.0;2.0;4.0;23.0;1.0;;24;10;2019;08:00;2.0;94;94018;1;1.0;1.0;4.0;A4;48,8176000;2,4188000;1;4;0.0;;1.0;5;0.0;1.0;2;299;1.0;;;1.0;0.0;1.0;90.0;Val-de-Marne;11;Île-de-France
201900001788;138Â 303Â 229;C01;1.0;1;1.0;1.0;1982.0;4.0;1.0;8.0;;; -1;;;2.0;10.0;0.0;2.0;7.0;1.0;1.0;;24;10;2019;08:00;2.0;94;94018;1;1.0;1.0;4.0;A4;48,8176000;2,4188000;1;4;0.0;;1.0;5;0.0;1.0;2;299;1.0;;;1.0;0.0;1.0;90.0;Val-de-Marne;11;Île-de-France
201900001788;138Â 303Â 230;B01;1.0;1;2.0;1.0;1983.0;5.0;2.0;8.0;;; -1;;;2.0;32.0;0.0;2.0;1.0;12.0;1.0;;24;10;2019;08:00;2.0;94;94018;1;1.0;1.0;4.0;A4;48,8176000;2,4188000;1;4;0.0;;1.0;5;0.0;1.0;2;299;1.0;;;1.0;0.0;1.0;90.0;Val-de-Marne;11;Île-de-France
201900001789;138Â 303Â 226;B01;1.0;1;1.0;1.0;1961.0;1.0;1.0;4.0;;; -1;;;2.0;7.0;0.0;2.0;2.0;0.0;0.0;;24;10;2019;07:40;3.0;94;94018;1;1.0;1.0;2.0;A4;48,8175600;2,4221900;1;4;0.0;;;5;0.0;1.0;1;600;1.0;;;1.0;0.0;1.0;90.0;Val-de-Marne;11;Île-de-France
201900001789;138Â 303Â 227;A01;1.0;1;2.0;1.0;1969.0;1.0;2.0;6.0;;; -1;;;2.0;32.0;0.0;2.0;3.0;0.0;0.0;;24;10;2019;07:40;3.0;94;94018;1;1.0;1.0;2.0;A4;48,8175600;2,4221900;1;4;0.0;;;5;0.0;1.0;1;600;1.0;;;1.0;0.0;1.0;90.0;Val-de-Marne;11;Île-de-France
201900001790;138Â 303Â 224;A01;2.0;2;2.0;2.0;1997.0;0.0;1.0;8.0;;; -1;;;2.0;7.0;0.0;2.0;1.0;26.0;1.0;;22;10;2019;20:45;3.0;94;94018;1;1.0;1.0;2.0;A4;48,8182579;2,4107479;1;4;0.0;;3.0;5;0.0;1.0;0;200;1.0;;;1.0;0.0;1.0;90.0;Val-de-Marne;11;Île-de-France
201900001790;138Â 303Â 224;A01;1.0;1;2.0;2.0;1998.0;5.0;1.0;8.0;;; -1;;;2.0;7.0;0.0;2.0;1.0;26.0;1.0;;22;10;2019;20:45;3.0;94;94018;1;1.0;1.0;2.0;A4;48,8182579;2,4107479;1;4;0.0;;3.0;5;0.0;1.0;0;200;1.0;;;1.0;0.0;1.0;90.0;Val-de-Marne;11;Île-de-France
201900001790;138Â 303Â 225;B01;1.0;1;1.0;2.0;1992.0;0.0;1.0;8.0;;; -1;;;2.0;7.0;0.0;2.0;4.0;0.0;1.0;;22;10;2019;20:45;3.0;94;94018;1;1.0;1.0;2.0;A4;48,8182579;2,4107479;1;4;0.0;;3.0;5;0.0;1.0;0;200;1.0;;;1.0;0.0;1.0;90.0;Val-de-Marne;11;Île-de-France
201900001791;138Â 303Â 221;C01;1.0;1;1.0;2.0;1989.0;1.0;1.0;0.0;;; -1;;;2.0;7.0;0.0;2.0;1.0;2.0;1.0;;22;10;2019;20:00;3.0;94;94073;1;1.0;1.0;4.0;A86 EXT;48,7667000;2,3833000;1;86;0.0;EXT;3.0;3;0.0;1.0;47;200;1.0;;;1.0;0.0;1.0;90.0;Val-de-Marne;11;Île-de-France
201900001791;138Â 303Â 222;B01;1.0;1;2.0;1.0;1979.0;1.0;1.0;0.0;;; -1;;;2.0;10.0;0.0;2.0;4.0;2.0;1.0;;22;10;2019;20:00;3.0;94;94073;1;1.0;1.0;4.0;A86 EXT;48,7667000;2,3833000;1;86;0.0;EXT;3.0;3;0.0;1.0;47;200;1.0;;;1.0;0.0;1.0;90.0;Val-de-Marne;11;Île-de-France
201900001791;138Â 303Â 223;A01;1.0;1;1.0;1.0;1989.0;1.0;1.0;0.0;;; -1;;;2.0;10.0;0.0;2.0;4.0;2.0;1.0;;22;10;2019;20:00;3.0;94;94073;1;1.0;1.0;4.0;A86 EXT;48,7667000;2,3833000;1;86;0.0;EXT;3.0;3;0.0;1.0;47;200;1.0;;;1.0;0.0;1.0;90.0;Val-de-Marne;11;Île-de-France
201900001792;138Â 303Â 216;A01;1.0;1;1.0;1.0;1928.0;5.0;1.0;0.0;;0.0;0;;;2.0;7.0;0.0;2.0;1.0;15.0;1.0;;21;10;2019;17:45;1.0;71;71153;2;7.0;1.0;1.0;VILAR (RUE JEAN);46,7849000;4,4347200;4;VILAR (RUE JEAN);0.0;;2.0;2;0.0;2.0;0;0;1.0;;;1.0;0.0;1.0;50.0;Saône-et-Loire;27;Bourgogne-Franche-Comté
201900001792;138Â 303Â 217;B01;1.0;1;3.0;1.0;1964.0;5.0;8.0;0.0;;; -1;;;1.0;1.0;0.0;2.0;1.0;1.0;5.0;;21;10;2019;17:45;1.0;71;71153;2;7.0;1.0;1.0;VILAR (RUE JEAN);46,7849000;4,4347200;4;VILAR (RUE JEAN);0.0;;2.0;2;0.0;2.0;0;0;1.0;;;1.0;0.0;1.0;50.0;Saône-et-Loire;27;Bourgogne-Franche-Comté