Num_Acc;id_vehicule;num_veh;place;catu;grav;sexe;an_nais;trajet;secu1;secu2;secu3;locp;actp;etatp;id_usager;senc;catv;obs;obsm;choc;manv;motor;occutc;jour;mois;an;hrmn;lum;dep;com;agg;int;atm;col;adr;lat;long;catr;voie;v1;v2;circ;nbv;vosp;prof;pr;pr1;plan;lartpc;larrout;surf;infra;situ;vma;nom_departement;reg;nom_region
201900001793;138Â 303Â 214;B01;1.0;1;1.0;2.0;1997.0;5.0;1.0;8.0;;0.0;0;;;1.0;7.0;0.0;2.0;1.0;1.0;1.0;;22;10;2019;17:25;1.0;50;50532;1;2.0;1.0;3.0;CROISSANT (ROUTE DU);48,8154060; -1,5474000;4;CROISSANT (ROUTE DU);0.0;;2.0;2;0.0;1.0;0;1;1.0;;;1.0;5.0;1.0;80.0;Manche;28;Normandie
201900001793;138Â 303Â 215;A01;2.0;2;1.0;1.0;2007.0;0.0;1.0;0.0;;; -1;;;1.0;7.0;0.0;2.0;6.0;15.0;1.0;;22;10;2019;17:25;1.0;50;50532;1;2.0;1.0;3.0;CROISSANT (ROUTE DU);48,8154060; -1,5474000;4;CROISSANT (ROUTE DU);0.0;;2.0;2;0.0;1.0;0;1;1.0;;;1.0;5.0;1.0;80.0;Manche;28;Normandie
201900001793;138Â 303Â 215;A01;1.0;1;2.0;2.0;1938.0;5.0;1.0;8.0;;0.0;0;;;1.0;7.0;0.0;2.0;6.0;15.0;1.0;;22;10;2019;17:25;1.0;50;50532;1;2.0;1.0;3.0;CROISSANT (ROUTE DU);48,8154060; -1,5474000;4;CROISSANT (ROUTE DU);0.0;;2.0;2;0.0;1.0;0;1;1.0;;;1.0;5.0;1.0;80.0;Manche;28;Normandie
201900001794;138Â 303Â 212;B01;1.0;1;1.0;1.0;1966.0;4.0;1.0;0.0;;; -1;;;2.0;14.0;3.0;0.0;1.0;1.0;1.0;;23;10;2019;09:30;1.0;13;13211;1;1.0;8.0;6.0;Sens Aubagne vers Marseille;43,2870500;5,4358800;1;50;0.0;;3.0;5;0.0;1.0;3;500;1.0;;;1.0;0.0;1.0;70.0;Bouches-du-Rhône;93;Provence-Alpes-Côte d'Azur
201900001794;138Â 303Â 213;A01;1.0;1;2.0;2.0;1958.0;0.0;1.0;0.0;;; -1;;;2.0;7.0;14.0;0.0;2.0;12.0;1.0;;23;10;2019;09:30;1.0;13;13211;1;1.0;8.0;6.0;Sens Aubagne vers Marseille;43,2870500;5,4358800;1;50;0.0;;3.0;5;0.0;1.0;3;500;1.0;;;1.0;0.0;1.0;70.0;Bouches-du-Rhône;93;Provence-Alpes-Côte d'Azur
201900001795;138Â 303Â 209;C01;1.0;1;1.0;2.0;1963.0;0.0;1.0;0.0;;; -1;;;1.0;7.0;0.0;2.0;3.0;1.0;2.0;;21;10;2019;19:25;4.0;93;93005;1;1.0;1.0;5.0;AUTOROUTE A3;48,9601800;2,4735200;1;3;0.0;;3.0;6;0.0;1.0;14;0;1.0;;;1.0;0.0;1.0;90.0;Seine-Saint-Denis;11;Île-de-France
201900001795;138Â 303Â 210;B01;1.0;1;1.0;1.0;1979.0;0.0;1.0;0.0;;; -1;;;1.0;10.0;0.0;2.0;3.0;1.0;1.0;;21;10;2019;19:25;4.0;93;93005;1;1.0;1.0;5.0;AUTOROUTE A3;48,9601800;2,4735200;1;3;0.0;;3.0;6;0.0;1.0;14;0;1.0;;;1.0;0.0;1.0;90.0;Seine-Saint-Denis;11;Île-de-France
201900001795;138Â 303Â 211;A01;1.0;1;2.0;1.0;1994.0;0.0;1.0;0.0;;; -1;;;1.0;7.0;0.0;2.0;1.0;1.0;1.0;;21;10;2019;19:25;4.0;93;93005;1;1.0;1.0;5.0;AUTOROUTE A3;48,9601800;2,4735200;1;3;0.0;;3.0;6;0.0;1.0;14;0;1.0;;;1.0;0.0;1.0;90.0;Seine-Saint-Denis;11;Île-de-France
201900001796;138Â 303Â 208;A01;1.0;1;2.0;1.0;1994.0;0.0;1.0;8.0;;; -1;;;1.0;7.0;4.0;0.0;1.0;1.0;1.0;;20;10;2019;22:15;4.0;93;93053;1;1.0;2.0;6.0;AUTOROUTE A3;48,8957000;2,4709000;1;3;0.0;;3.0;10;0.0;1.0;6;800;3.0;;;2.0;2.0;1.0;70.0;Seine-Saint-Denis;11;Île-de-France
201900001797;138Â 303Â 207;A01;10.0;3;2.0;1.0;2004.0;0.0;8.0;0.0;;2.0;3;1.0;;1.0;7.0;0.0;2.0;7.0;1.0;1.0;;23;10;2019;18:17;4.0;976;97611;2;1.0;1.0;6.0;kaweni-Kaweni nord ( Z I ); -12,7613600;45,2263800;2;1;0.0;;2.0;0;0.0;1.0;0;0;1.0;;;1.0;6.0;1.0;50.0;Mayotte;06;Mayotte
201900001797;138Â 303Â 207;A01;1.0;1;1.0;1.0;1992.0;0.0;1.0;8.0;;0.0;0;;;1.0;7.0;0.0;2.0;7.0;1.0;1.0;;23;10;2019;18:17;4.0;976;97611;2;1.0;1.0;6.0;kaweni-Kaweni nord ( Z I ); -12,7613600;45,2263800;2;1;0.0;;2.0;0;0.0;1.0;0;0;1.0;;;1.0;6.0;1.0;50.0;Mayotte;06;Mayotte
201900001798;138Â 303Â 205;B01;1.0;1;1.0;1.0;2001.0;9.0;1.0;8.0;;;0;;;1.0;7.0;0.0;2.0;2.0;1.0;1.0;;23;10;2019;13:10;1.0;974;97416;1;2.0;1.0;3.0;SAINT-EXPEDIT (RUE); -21,3455930;55,4836770;4;SAINT-EXPEDIT (RUE);0.0;;2.0;0;0.0;2.0;40;0;1.0;;;1.0;9.0;1.0;50.0;La Réunion;04;La Réunion
201900001798;138Â 303Â 206;A01;5.0;2;1.0;1.0;2015.0;9.0;1.0;8.0;;;0;;;1.0;7.0;0.0;2.0;3.0;1.0;0.0;;23;10;2019;13:10;1.0;974;97416;1;2.0;1.0;3.0;SAINT-EXPEDIT (RUE); -21,3455930;55,4836770;4;SAINT-EXPEDIT (RUE);0.0;;2.0;0;0.0;2.0;40;0;1.0;;;1.0;9.0;1.0;50.0;La Réunion;04;La Réunion
201900001798;138Â 303Â 206;A01;2.0;2;1.0;2.0;1963.0;9.0;1.0;8.0;;; -1;;;1.0;7.0;0.0;2.0;3.0;1.0;0.0;;23;10;2019;13:10;1.0;974;97416;1;2.0;1.0;3.0;SAINT-EXPEDIT (RUE); -21,3455930;55,4836770;4;SAINT-EXPEDIT (RUE);0.0;;2.0;0;0.0;2.0;40;0;1.0;;;1.0;9.0;1.0;50.0;La Réunion;04;La Réunion
201900001798;138Â 303Â 206;A01;4.0;2;1.0;1.0;2012.0;9.0;1.0;8.0;;; -1;;;1.0;7.0;0.0;2.0;3.0;1.0;0.0;;23;10;2019;13:10;1.0;974;97416;1;2.0;1.0;3.0;SAINT-EXPEDIT (RUE); -21,3455930;55,4836770;4;SAINT-EXPEDIT (RUE);0.0;;2.0;0;0.0;2.0;40;0;1.0;;;1.0;9.0;1.0;50.0;La Réunion;04;La Réunion
201900001798;138Â 303Â 206;A01;1.0;1;2.0;2.0;1983.0;9.0;1.0;8.0;;; -1;;;1.0;7.0;0.0;2.0;3.0;1.0;0.0;;23;10;2019;13:10;1.0;974;97416;1;2.0;1.0;3.0;SAINT-EXPEDIT (RUE); -21,3455930;55,4836770;4;SAINT-EXPEDIT (RUE);0.0;;2.0;0;0.0;2.0;40;0;1.0;;;1.0;9.0;1.0;50.0;La Réunion;04;La Réunion
201900001799;138Â 303Â 202;A01;1.0;1;2.0;1.0;1957.0;0.0;1.0;8.0;;; -1;;;1.0;7.0;0.0;2.0;1.0;16.0;0.0;;23;10;2019;17:10;1.0;974;97409;2;3.0;1.0;5.0;DE LA GARE(RUE); -20,9614200;55,6564790;4;DE LA GARE(RUE);0.0;;2.0;2;0.0;1.0;(1);(1);1.0;;;1.0;0.0;1.0;50.0;La Réunion;04;La Réunion
201900001799;138Â 303Â 203;B01;1.0;1;2.0;2.0;1989.0;9.0;1.0;0.0;;;0;;;2.0;10.0;0.0;2.0;5.0;0.0;0.0;;23;10;2019;17:10;1.0;974;97409;2;3.0;1.0;5.0;DE LA GARE(RUE); -20,9614200;55,6564790;4;DE LA GARE(RUE);0.0;;2.0;2;0.0;1.0;(1);(1);1.0;;;1.0;0.0;1.0;50.0;La Réunion;04;La Réunion
201900001799;138Â 303Â 204;C01;5.0;2;2.0;1.0;2018.0;0.0;1.0;8.0;;; -1;;;1.0;7.0;0.0;2.0;1.0;1.0;0.0;;23;10;2019;17:10;1.0;974;97409;2;3.0;1.0;5.0;DE LA GARE(RUE); -20,9614200;55,6564790;4;DE LA GARE(RUE);0.0;;2.0;2;0.0;1.0;(1);(1);1.0;;;1.0;0.0;1.0;50.0;La Réunion;04;La Réunion
201900001799;138Â 303Â 204;C01;3.0;2;2.0;2.0;2014.0;0.0;1.0;0.0;;; -1;;;1.0;7.0;0.0;2.0;1.0;1.0;0.0;;23;10;2019;17:10;1.0;974;97409;2;3.0;1.0;5.0;DE LA GARE(RUE); -20,9614200;55,6564790;4;DE LA GARE(RUE);0.0;;2.0;2;0.0;1.0;(1);(1);1.0;;;1.0;0.0;1.0;50.0;La Réunion;04;La Réunion
201900001799;138Â 303Â 204;C01;4.0;2;2.0;2.0;2014.0;0.0;1.0;0.0;;; -1;;;1.0;7.0;0.0;2.0;1.0;1.0;0.0;;23;10;2019;17:10;1.0;974;97409;2;3.0;1.0;5.0;DE LA GARE(RUE); -20,9614200;55,6564790;4;DE LA GARE(RUE);0.0;;2.0;2;0.0;1.0;(1);(1);1.0;;;1.0;0.0;1.0;50.0;La Réunion;04;La Réunion
201900001799;138Â 303Â 204;C01;1.0;1;2.0;1.0;1981.0;0.0;1.0;0.0;;;0;;;1.0;7.0;0.0;2.0;1.0;1.0;0.0;;23;10;2019;17:10;1.0;974;97409;2;3.0;1.0;5.0;DE LA GARE(RUE); -20,9614200;55,6564790;4;DE LA GARE(RUE);0.0;;2.0;2;0.0;1.0;(1);(1);1.0;;;1.0;0.0;1.0;50.0;La Réunion;04;La Réunion
201900001799;138Â 303Â 204;C01;2.0;2;2.0;2.0;1980.0;0.0;1.0;0.0;;; -1;;;1.0;7.0;0.0;2.0;1.0;1.0;0.0;;23;10;2019;17:10;1.0;974;97409;2;3.0;1.0;5.0;DE LA GARE(RUE); -20,9614200;55,6564790;4;DE LA GARE(RUE);0.0;;2.0;2;0.0;1.0;(1);(1);1.0;;;1.0;0.0;1.0;50.0;La Réunion;04;La Réunion
201900001800;138Â 303Â 199;A01;1.0;1;1.0;1.0;1975.0;4.0;1.0;0.0;;; -1;;;1.0;37.0;0.0;1.0;1.0;1.0;1.0;1.0;24;10;2019;00:00;5.0;69;69386;2;1.0;3.0;6.0;MARECHAL DE SAXE                    (R );45,7662500;4,8444100;4;MARECHAL DE SAXE                    (R );0.0;;2.0;3;3.0;1.0;0;0;1.0;;;2.0;0.0;6.0;50.0;Rhône;84;Auvergne-Rhône-Alpes
201900001800;138Â 303Â 199;A01;10.0;3;2.0;1.0;2001.0;0.0;8.0;0.0;;4.0;3;1.0;;1.0;37.0;0.0;1.0;1.0;1.0;1.0;1.0;24;10;2019;00:00;5.0;69;69386;2;1.0;3.0;6.0;MARECHAL DE SAXE                    (R );45,7662500;4,8444100;4;MARECHAL DE SAXE                    (R );0.0;;2.0;3;3.0;1.0;0;0;1.0;;;2.0;0.0;6.0;50.0;Rhône;84;Auvergne-Rhône-Alpes
201900001801;138Â 303Â 198;A01;10.0;3;2.0;1.0;1987.0;0.0;8.0;0.0;;9.0;B;1.0;;1.0;3.0;0.0;1.0;1.0;15.0;1.0;;23;10;2019;16:30;1.0;69;69387;2;2.0;2.0;6.0;BERTHELOT                           (AV);45,7478200;4,8336100;4;BERTHELOT                           (AV);0.0;;1.0;2;0.0;1.0;1;0;1.0;;;2.0;0.0;1.0;50.0;Rhône;84;Auvergne-Rhône-Alpes
201900001801;138Â 303Â 198;A01;1.0;1;1.0;1.0;1980.0;0.0;8.0;0.0;;; -1;;;1.0;3.0;0.0;1.0;1.0;15.0;1.0;;23;10;2019;16:30;1.0;69;69387;2;2.0;2.0;6.0;BERTHELOT                           (AV);45,7478200;4,8336100;4;BERTHELOT                           (AV);0.0;;1.0;2;0.0;1.0;1;0;1.0;;;2.0;0.0;1.0;50.0;Rhône;84;Auvergne-Rhône-Alpes
201900001802;138Â 303Â 196;A01;1.0;1;1.0;1.0;2000.0;1.0;1.0;0.0;;;0;;;3.0;7.0;0.0;9.0;3.0;16.0;1.0;;23;10;2019;13:45;1.0;972;97213;1;1.0;1.0;3.0;PLACE D'ARMES;14,6121700; -60,9917200;5;PLACE D'ARMES;0.0;;3.0;1;0.0;1.0;0;0;1.0;;;1.0;0.0;1.0;30.0;Martinique;02;Martinique
201900001802;138Â 303Â 197;B01;1.0;1;2.0;1.0;1968.0;4.0;1.0;0.0;;;0;;;1.0;7.0;0.0;2.0;8.0;1.0;1.0;;23;10;2019;13:45;1.0;972;97213;1;1.0;1.0;3.0;PLACE D'ARMES;14,6121700; -60,9917200;5;PLACE D'ARMES;0.0;;3.0;1;0.0;1.0;0;0;1.0;;;1.0;0.0;1.0;30.0;Martinique;02;Martinique
201900001803;138Â 303Â 194;B01;1.0;1;1.0;2.0;1975.0;0.0;1.0;0.0;;; -1;;;1.0;7.0;0.0;2.0;1.0;1.0;1.0;;22;10;2019;11:45;1.0;69;69389;2;1.0;2.0;1.0;DOCTEURS CORDIER (DES)              (R );45,8014600;4,8287200;4;DOCTEURS CORDIER (DES)              (R );0.0;;2.0;2;0.0;2.0;0;0;1.0;;;2.0;0.0;1.0;50.0;Rhône;84;Auvergne-Rhône-Alpes
201900001803;138Â 303Â 195;A01;1.0;1;2.0;1.0;1977.0;4.0;2.0;6.0;;; -1;;;2.0;32.0;0.0;2.0;1.0;1.0;3.0;;22;10;2019;11:45;1.0;69;69389;2;1.0;2.0;1.0;DOCTEURS CORDIER (DES)              (R );45,8014600;4,8287200;4;DOCTEURS CORDIER (DES)              (R );0.0;;2.0;2;0.0;2.0;0;0;1.0;;;2.0;0.0;1.0;50.0;Rhône;84;Auvergne-Rhône-Alpes
201900001804;138Â 303Â 193;A01;10.0;3;3.0;2.0;1960.0;9.0;8.0;0.0;;3.0;3;1.0;;3.0;7.0;0.0;1.0;2.0;26.0;1.0;;11;10;2019;17:29;1.0;971;97101;2;1.0;1.0;6.0;MORNE VERGAIN;16,2543000; -61,5229600;2;5;0.0;;3.0;2;0.0;1.0;0;0;1.0;;;1.0;0.0;1.0;50.0;Guadeloupe;01;Guadeloupe
201900001804;138Â 303Â 193;A01;1.0;1;1.0;1.0;1943.0;3.0;1.0;8.0;;0.0;0;;;3.0;7.0;0.0;1.0;2.0;26.0;1.0;;11;10;2019;17:29;1.0;971;97101;2;1.0;1.0;6.0;MORNE VERGAIN;16,2543000; -61,5229600;2;5;0.0;;3.0;2;0.0;1.0;0;0;1.0;;;1.0;0.0;1.0;50.0;Guadeloupe;01;Guadeloupe
201900001805;138Â 303Â 188;A01;1.0;1;3.0;1.0;1997.0;5.0;1.0;0.0;;0.0;0;;;3.0;7.0;0.0;2.0;3.0;13.0;1.0;;22;10;2019;12:25;1.0;91;91215;1;9.0;1.0;5.0;QUINCY (RUE DE);48,6847000;2,5154000;4;QUINCY (RUE DE);0.0;;2.0;2;0.0;1.0;1;0;1.0;;;1.0;0.0;1.0;50.0;Essonne;11;Île-de-France
201900001805;138Â 303Â 188;A01;3.0;2;2.0;1.0;2000.0;5.0;1.0;0.0;;0.0;0;;;3.0;7.0;0.0;2.0;3.0;13.0;1.0;;22;10;2019;12:25;1.0;91;91215;1;9.0;1.0;5.0;QUINCY (RUE DE);48,6847000;2,5154000;4;QUINCY (RUE DE);0.0;;2.0;2;0.0;1.0;1;0;1.0;;;1.0;0.0;1.0;50.0;Essonne;11;Île-de-France
201900001805;138Â 303Â 188;A01;2.0;2;2.0;1.0;1998.0;5.0;1.0;0.0;;0.0;0;;;3.0;7.0;0.0;2.0;3.0;13.0;1.0;;22;10;2019;12:25;1.0;91;91215;1;9.0;1.0;5.0;QUINCY (RUE DE);48,6847000;2,5154000;4;QUINCY (RUE DE);0.0;;2.0;2;0.0;1.0;1;0;1.0;;;1.0;0.0;1.0;50.0;Essonne;11;Île-de-France
201900001805;138Â 303Â 189;B01;1.0;1;2.0;2.0;1956.0;5.0;1.0;0.0;;0.0;0;;;3.0;7.0;0.0;2.0;3.0;1.0;1.0;;22;10;2019;12:25;1.0;91;91215;1;9.0;1.0;5.0;QUINCY (RUE DE);48,6847000;2,5154000;4;QUINCY (RUE DE);0.0;;2.0;2;0.0;1.0;1;0;1.0;;;1.0;0.0;1.0;50.0;Essonne;11;Île-de-France
201900001805;138Â 303Â 189;B01;5.0;2;2.0;2.0;2011.0;5.0;1.0;0.0;;0.0;0;;;3.0;7.0;0.0;2.0;3.0;1.0;1.0;;22;10;2019;12:25;1.0;91;91215;1;9.0;1.0;5.0;QUINCY (RUE DE);48,6847000;2,5154000;4;QUINCY (RUE DE);0.0;;2.0;2;0.0;1.0;1;0;1.0;;;1.0;0.0;1.0;50.0;Essonne;11;Île-de-France
201900001805;138Â 303Â 189;B01;4.0;2;2.0;2.0;2014.0;5.0;3.0;0.0;;0.0;0;;;3.0;7.0;0.0;2.0;3.0;1.0;1.0;;22;10;2019;12:25;1.0;91;91215;1;9.0;1.0;5.0;QUINCY (RUE DE);48,6847000;2,5154000;4;QUINCY (RUE DE);0.0;;2.0;2;0.0;1.0;1;0;1.0;;;1.0;0.0;1.0;50.0;Essonne;11;Île-de-France
201900001805;138Â 303Â 190;C01;1.0;1;2.0;1.0;1938.0;5.0;1.0;0.0;;0.0;0;;;3.0;7.0;0.0;2.0;3.0;1.0;1.0;;22;10;2019;12:25;1.0;91;91215;1;9.0;1.0;5.0;QUINCY (RUE DE);48,6847000;2,5154000;4;QUINCY (RUE DE);0.0;;2.0;2;0.0;1.0;1;0;1.0;;;1.0;0.0;1.0;50.0;Essonne;11;Île-de-France
201900001806;138Â 303Â 186;B01;1.0;1;2.0;1.0;1997.0;5.0;2.0;6.0;;; -1;;;2.0;33.0;0.0;2.0;3.0;1.0;1.0;;21;10;2019;19:09;5.0;87;87085;2;2.0;1.0;3.0;PETIT TOUR (RUE DU);45,8317000;1,2489300;4;RENOIR (RUE AUGUSTE);0.0;;1.0;1;0.0;1.0;0;0;1.0;;;1.0;0.0;1.0;50.0;Haute-Vienne;75;Nouvelle-Aquitaine
201900001806;138Â 303Â 187;A01;1.0;1;1.0;2.0;1967.0;5.0;1.0;0.0;;; -1;;;2.0;7.0;0.0;2.0;8.0;15.0;1.0;;21;10;2019;19:09;5.0;87;87085;2;2.0;1.0;3.0;PETIT TOUR (RUE DU);45,8317000;1,2489300;4;RENOIR (RUE AUGUSTE);0.0;;1.0;1;0.0;1.0;0;0;1.0;;;1.0;0.0;1.0;50.0;Haute-Vienne;75;Nouvelle-Aquitaine
201900001807;138Â 303Â 185;A01;10.0;3;4.0;1.0;1932.0;3.0;0.0;;;3.0;3;1.0;;3.0;10.0;0.0;1.0;3.0;6.0;1.0;;21;10;2019;09:10;1.0;85;85194;2;6.0;1.0;6.0;BOULEVARD DU VENDEE GLOBE ;46,4998500; -1,7569100;4; BOULEVARD DU VENDEE GLOBE;0.0;;2.0;2;0.0;1.0;0;0;4.0;;;1.0;0.0;1.0;50.0;Vendée;52;Pays de la Loire
201900001807;138Â 303Â 185;A01;1.0;1;1.0;1.0;1971.0;4.0;1.0;8.0;;0.0;0;;;3.0;10.0;0.0;1.0;3.0;6.0;1.0;;21;10;2019;09:10;1.0;85;85194;2;6.0;1.0;6.0;BOULEVARD DU VENDEE GLOBE ;46,4998500; -1,7569100;4; BOULEVARD DU VENDEE GLOBE;0.0;;2.0;2;0.0;1.0;0;0;4.0;;;1.0;0.0;1.0;50.0;Vendée;52;Pays de la Loire
201900001808;138Â 303Â 184;A01;1.0;1;3.0;1.0;2002.0;5.0;2.0;0.0;;0.0;0;;;3.0;30.0;0.0;0.0;0.0;16.0;1.0;;23;10;2019;03:50;5.0;85;85194;2;6.0;2.0;7.0;AVENUE DE TALMONT ;46,4895900; -1,7502500;4;AVENUE DE TALMONT ;0.0;;2.0;2;0.0;2.0;0;0;3.0;;;2.0;5.0;1.0;50.0;Vendée;52;Pays de la Loire
201900001808;138Â 303Â 184;A01;2.0;2;2.0;1.0;2003.0;5.0;2.0;0.0;;0.0;0;;;3.0;30.0;0.0;0.0;0.0;16.0;1.0;;23;10;2019;03:50;5.0;85;85194;2;6.0;2.0;7.0;AVENUE DE TALMONT ;46,4895900; -1,7502500;4;AVENUE DE TALMONT ;0.0;;2.0;2;0.0;2.0;0;0;3.0;;;2.0;5.0;1.0;50.0;Vendée;52;Pays de la Loire
201900001809;138Â 303Â 181;A01;10.0;3;2.0;1.0;1982.0;0.0;8.0;0.0;;3.0;3;1.0;;0.0;7.0;0.0;1.0;2.0;15.0;1.0;;21;10;2019;19:40;2.0;80;80021;2;3.0;1.0;6.0;VERDUN (RUE DE );49,8939600;2,3115300;4;VERDUN (RUE DE );0.0;;2.0;2;0.0;1.0;0;0;2.0;;;1.0;0.0;1.0;50.0;Somme;32;Hauts-de-France
201900001809;138Â 303Â 181;A01;1.0;1;1.0;2.0;1950.0;0.0;1.0;0.0;;; -1;;;0.0;7.0;0.0;1.0;2.0;15.0;1.0;;21;10;2019;19:40;2.0;80;80021;2;3.0;1.0;6.0;VERDUN (RUE DE );49,8939600;2,3115300;4;VERDUN (RUE DE );0.0;;2.0;2;0.0;1.0;0;0;2.0;;;1.0;0.0;1.0;50.0;Somme;32;Hauts-de-France
201900001810;138Â 303Â 179;B01;1.0;1;2.0;1.0;1977.0;4.0;1.0;0.0;;; -1;;;3.0;7.0;0.0;2.0;5.0;23.0;1.0;;18;10;2019;16:25;1.0;78;78640;2;1.0;1.0;2.0;LOUIS BREGUET (AVENUE);48,7818600;2,1822500;4;LOUIS BREGUET (AVENUE);0.0;;3.0;4;0.0;1.0;0;0;1.0;;;1.0;0.0;1.0;50.0;Yvelines;11;Île-de-France
201900001810;138Â 303Â 180;A01;1.0;1;1.0;2.0;1968.0;0.0;1.0;0.0;;;0;;;3.0;7.0;0.0;2.0;3.0;11.0;1.0;;18;10;2019;16:25;1.0;78;78640;2;1.0;1.0;2.0;LOUIS BREGUET (AVENUE);48,7818600;2,1822500;4;LOUIS BREGUET (AVENUE);0.0;;3.0;4;0.0;1.0;0;0;1.0;;;1.0;0.0;1.0;50.0;Yvelines;11;Île-de-France
201900001811;138Â 303Â 172;C01;1.0;1;1.0;2.0;1971.0;1.0;1.0;0.0;;;0;;;3.0;7.0;0.0;2.0;3.0;1.0;1.0;;23;10;2019;07:00;5.0;77;77438;2;4.0;1.0;4.0;D418 X AV DES JONCS;48,8698500;2,6817100;3;418;0.0;;2.0;2;0.0;1.0;11;691;1.0;;;1.0;5.0;1.0;50.0;Seine-et-Marne;11;Île-de-France
201900001811;138Â 303Â 173;A01;1.0;1;2.0;2.0;1991.0;1.0;1.0;0.0;;;0;;;3.0;7.0;0.0;2.0;6.0;1.0;1.0;;23;10;2019;07:00;5.0;77;77438;2;4.0;1.0;4.0;D418 X AV DES JONCS;48,8698500;2,6817100;3;418;0.0;;2.0;2;0.0;1.0;11;691;1.0;;;1.0;5.0;1.0;50.0;Seine-et-Marne;11;Île-de-France
201900001811;138Â 303Â 174;B01;1.0;1;2.0;1.0;1999.0;1.0;1.0;0.0;;;0;;;2.0;7.0;0.0;2.0;1.0;1.0;1.0;;23;10;2019;07:00;5.0;77;77438;2;4.0;1.0;4.0;D418 X AV DES JONCS;48,8698500;2,6817100;3;418;0.0;;2.0;2;0.0;1.0;11;691;1.0;;;1.0;5.0;1.0;50.0;Seine-et-Marne;11;Île-de-France
201900001812;138Â 303Â 168;A01;1.0;1;1.0;1.0;1964.0;0.0;1.0;8.0;;0.0;0;;;1.0;7.0;0.0;2.0;1.0;13.0;1.0;;23;10;2019;18:10;2.0;74;74305;2;3.0;2.0;1.0;MONTREAL (RUE DE);46,2057440;6,2834730;4;MONTREAL (RUE DE);0.0;;2.0;2;0.0;2.0;0;1;1.0;;;1.0;0.0;1.0;50.0;Haute-Savoie;84;Auvergne-Rhône-Alpes
201900001812;138Â 303Â 169;B01;1.0;1;2.0;1.0;1964.0;0.0;1.0;8.0;;0.0;0;;;0.0;3.0;0.0;2.0;0.0;0.0;1.0;;23;10;2019;18:10;2.0;74;74305;2;3.0;2.0;1.0;MONTREAL (RUE DE);46,2057440;6,2834730;4;MONTREAL (RUE DE);0.0;;2.0;2;0.0;2.0;0;1;1.0;;;1.0;0.0;1.0;50.0;Haute-Savoie;84;Auvergne-Rhône-Alpes
201900001813;138Â 303Â 167;A01;1.0;1;2.0;1.0;1962.0;4.0;8.0;4.0;;0.0;0;;;2.0;10.0;0.0;0.0;8.0;1.0;3.0;;23;10;2019;11:20;1.0;64;64140;2;1.0;8.0;7.0;GLIZE (RUE RAYMOND ET MARCEL);43,5154000; -1,4795700;4;GLIZE (RUE RAYMOND ET MARCEL);0.0;;2.0;2;0.0;2.0;0;0;3.0;;;8.0;0.0;1.0;50.0;Pyrénées-Atlantiques;75;Nouvelle-Aquitaine
201900001814;138Â 303Â 165;A01;1.0;1;1.0;2.0;2001.0;0.0;1.0;0.0;;0.0;0;;;1.0;7.0;0.0;2.0;4.0;26.0;1.0;;23;10;2019;08:10;1.0;63;63113;2;1.0;1.0;2.0;CHATEAUDUN (RUE DE);45,7825000;3,0982500;4;CHATEAUDUN (RUE DE);0.0;;2.0;2;0.0;1.0;(1);(1);1.0;;;1.0;0.0;1.0;50.0;Puy-de-Dôme;84;Auvergne-Rhône-Alpes
201900001814;138Â 303Â 166;B01;1.0;1;2.0;2.0;1992.0;0.0;8.0;0.0;;; -1;;;1.0;1.0;0.0;2.0;1.0;1.0;5.0;;23;10;2019;08:10;1.0;63;63113;2;1.0;1.0;2.0;CHATEAUDUN (RUE DE);45,7825000;3,0982500;4;CHATEAUDUN (RUE DE);0.0;;2.0;2;0.0;1.0;(1);(1);1.0;;;1.0;0.0;1.0;50.0;Puy-de-Dôme;84;Auvergne-Rhône-Alpes
201900001815;138Â 303Â 163;B01;2.0;2;2.0;2.0;2005.0;0.0;1.0;0.0;;0.0;0;;;0.0;7.0;0.0;2.0;4.0;1.0;1.0;;22;10;2019;12:30;1.0;63;63113;2;1.0;1.0;2.0;MOULIN (BD JEAN);45,7732300;3,1207700;7;2009;0.0;;1.0;2;0.0;1.0;(1);(1);1.0;;;1.0;0.0;3.0;50.0;Puy-de-Dôme;84;Auvergne-Rhône-Alpes
201900001815;138Â 303Â 163;B01;3.0;2;2.0;2.0;2001.0;0.0;1.0;0.0;;; -1;;;0.0;7.0;0.0;2.0;4.0;1.0;1.0;;22;10;2019;12:30;1.0;63;63113;2;1.0;1.0;2.0;MOULIN (BD JEAN);45,7732300;3,1207700;7;2009;0.0;;1.0;2;0.0;1.0;(1);(1);1.0;;;1.0;0.0;3.0;50.0;Puy-de-Dôme;84;Auvergne-Rhône-Alpes
201900001815;138Â 303Â 163;B01;1.0;1;1.0;2.0;1972.0;0.0;1.0;0.0;;0.0;0;;;0.0;7.0;0.0;2.0;4.0;1.0;1.0;;22;10;2019;12:30;1.0;63;63113;2;1.0;1.0;2.0;MOULIN (BD JEAN);45,7732300;3,1207700;7;2009;0.0;;1.0;2;0.0;1.0;(1);(1);1.0;;;1.0;0.0;3.0;50.0;Puy-de-Dôme;84;Auvergne-Rhône-Alpes