Num_Acc;id_vehicule;num_veh;place;catu;grav;sexe;an_nais;trajet;secu1;secu2;secu3;locp;actp;etatp;id_usager;senc;catv;obs;obsm;choc;manv;motor;occutc;jour;mois;an;hrmn;lum;dep;com;agg;int;atm;col;adr;lat;long;catr;voie;v1;v2;circ;nbv;vosp;prof;pr;pr1;plan;lartpc;larrout;surf;infra;situ;vma;nom_departement;reg;nom_region
201900001815;138Â 303Â 164;A01;1.0;1;1.0;1.0;1988.0;0.0;1.0;0.0;;0.0;0;;;1.0;7.0;0.0;2.0;1.0;2.0;1.0;;22;10;2019;12:30;1.0;63;63113;2;1.0;1.0;2.0;MOULIN (BD JEAN);45,7732300;3,1207700;7;2009;0.0;;1.0;2;0.0;1.0;(1);(1);1.0;;;1.0;0.0;3.0;50.0;Puy-de-Dôme;84;Auvergne-Rhône-Alpes
201900001816;138Â 303Â 161;B01;2.0;2;3.0;2.0;2002.0;0.0;2.0;0.0;;; -1;;;2.0;30.0;0.0;2.0;1.0;1.0;1.0;;22;10;2019;11:00;1.0;62;62193;2;2.0;1.0;3.0;CURIE (BOULEVARD);50,9395300;1,8628600;4;GALILEE;0.0;;2.0;1;0.0;1.0;0;0;1.0;;;1.0;0.0;1.0;50.0;Pas-de-Calais;32;Hauts-de-France
201900001816;138Â 303Â 161;B01;1.0;1;3.0;1.0;2000.0;0.0;2.0;8.0;;; -1;;;2.0;30.0;0.0;2.0;1.0;1.0;1.0;;22;10;2019;11:00;1.0;62;62193;2;2.0;1.0;3.0;CURIE (BOULEVARD);50,9395300;1,8628600;4;GALILEE;0.0;;2.0;1;0.0;1.0;0;0;1.0;;;1.0;0.0;1.0;50.0;Pas-de-Calais;32;Hauts-de-France
201900001816;138Â 303Â 162;A01;1.0;1;1.0;2.0;1963.0;1.0;1.0;0.0;;; -1;;;1.0;7.0;0.0;2.0;3.0;0.0;1.0;;22;10;2019;11:00;1.0;62;62193;2;2.0;1.0;3.0;CURIE (BOULEVARD);50,9395300;1,8628600;4;GALILEE;0.0;;2.0;1;0.0;1.0;0;0;1.0;;;1.0;0.0;1.0;50.0;Pas-de-Calais;32;Hauts-de-France
201900001817;138Â 303Â 159;B01;1.0;1;3.0;1.0;1966.0;0.0;2.0;6.0;;;0;;;1.0;33.0;0.0;0.0;1.0;1.0;0.0;;22;10;2019;07:55;2.0;60;60057;2;2.0;5.0;3.0;JEAN MERMOZ (AVENUE);49,4370300;2,0751700;4;JEAN MERMOZ (AVENUE);0.0;;2.0;4;0.0;1.0;(1);(1);1.0;;;1.0;0.0;1.0;50.0;Oise;32;Hauts-de-France
201900001817;138Â 303Â 160;A01;1.0;1;1.0;1.0;1991.0;0.0;1.0;0.0;;;0;;;2.0;7.0;0.0;2.0;1.0;15.0;1.0;;22;10;2019;07:55;2.0;60;60057;2;2.0;5.0;3.0;JEAN MERMOZ (AVENUE);49,4370300;2,0751700;4;JEAN MERMOZ (AVENUE);0.0;;2.0;4;0.0;1.0;(1);(1);1.0;;;1.0;0.0;1.0;50.0;Oise;32;Hauts-de-France
201900001818;138Â 303Â 157;A01;1.0;1;1.0;1.0;1979.0;1.0;1.0;0.0;;;0;;;3.0;7.0;0.0;2.0;1.0;9.0;1.0;;23;10;2019;08:25;1.0;59;59009;2;6.0;1.0;3.0;MONS BOULEVARD DE;50,6460000;3,1290000;4;MONS BOULEVARD DE;0.0;;1.0;10;0.0;1.0;0;9;2.0;;;1.0;5.0;1.0;50.0;Nord;32;Hauts-de-France
201900001818;138Â 303Â 158;Y01;1.0;1;2.0;1.0;1965.0;1.0;8.0;4.0;;;0;;;3.0;1.0;0.0;2.0;7.0;1.0;5.0;;23;10;2019;08:25;1.0;59;59009;2;6.0;1.0;3.0;MONS BOULEVARD DE;50,6460000;3,1290000;4;MONS BOULEVARD DE;0.0;;1.0;10;0.0;1.0;0;9;2.0;;;1.0;5.0;1.0;50.0;Nord;32;Hauts-de-France
201900001819;138Â 303Â 155;A01;10.0;3;3.0;2.0;1995.0;1.0;8.0;0.0;;3.0;3;1.0;;3.0;3.0;0.0;1.0;1.0;2.0;6.0;;13;10;2019;11:06;1.0;59;59350;2;9.0;1.0;6.0;LAMBRET OSCAR AVENUE;50,6148208;3,0356061;4;LAMBRET OSCAR AVENUE;0.0;;3.0;2;0.0;1.0;0;0;1.0;;;1.0;9.0;1.0;50.0;Nord;32;Hauts-de-France
201900001819;138Â 303Â 155;A01;1.0;1;1.0;1.0;1986.0;9.0;1.0;0.0;;; -1;;;3.0;3.0;0.0;1.0;1.0;2.0;6.0;;13;10;2019;11:06;1.0;59;59350;2;9.0;1.0;6.0;LAMBRET OSCAR AVENUE;50,6148208;3,0356061;4;LAMBRET OSCAR AVENUE;0.0;;3.0;2;0.0;1.0;0;0;1.0;;;1.0;9.0;1.0;50.0;Nord;32;Hauts-de-France
201900001820;138Â 303Â 154;A01;10.0;3;2.0;1.0;2008.0;2.0;8.0;0.0;;2.0;3;1.0;;1.0;7.0;0.0;1.0;1.0;1.0;1.0;;7;10;2019;16:28;1.0;59;59017;2;1.0;1.0;6.0;FAIDHERBE (BD );50,6866300;2,8674300;4;FAIDHERBE (BD );0.0;;2.0;2;0.0;1.0;0;0;1.0;;;1.0;0.0;2.0;50.0;Nord;32;Hauts-de-France
201900001820;138Â 303Â 154;A01;1.0;1;1.0;1.0;1998.0;2.0;1.0;0.0;;; -1;;;1.0;7.0;0.0;1.0;1.0;1.0;1.0;;7;10;2019;16:28;1.0;59;59017;2;1.0;1.0;6.0;FAIDHERBE (BD );50,6866300;2,8674300;4;FAIDHERBE (BD );0.0;;2.0;2;0.0;1.0;0;0;1.0;;;1.0;0.0;2.0;50.0;Nord;32;Hauts-de-France
201900001821;138Â 303Â 152;B01;1.0;1;2.0;1.0;1972.0;0.0;1.0;8.0;;;0;;;1.0;7.0;0.0;2.0;4.0;23.0;1.0;;23;10;2019;09:45;1.0;56;56098;2;6.0;1.0;2.0;LECLERC (RUE  GENERAL );47,7630700; -3,3495500;4;LECLERC (RUE  GENERAL );0.0;;2.0;2;0.0;1.0;0;0;1.0;;;1.0;0.0;1.0;30.0;Morbihan;53;Bretagne
201900001821;138Â 303Â 153;A01;1.0;1;1.0;2.0;1997.0;0.0;1.0;8.0;;;0;;;1.0;7.0;0.0;2.0;2.0;16.0;1.0;;23;10;2019;09:45;1.0;56;56098;2;6.0;1.0;2.0;LECLERC (RUE  GENERAL );47,7630700; -3,3495500;4;LECLERC (RUE  GENERAL );0.0;;2.0;2;0.0;1.0;0;0;1.0;;;1.0;0.0;1.0;30.0;Morbihan;53;Bretagne
201900001822;138Â 303Â 148;D01;1.0;1;1.0;1.0;1971.0;0.0;1.0;8.0;;;0;;;2.0;7.0;0.0;2.0;4.0;1.0;1.0;;22;10;2019;17:35;1.0;56;56098;1;1.0;1.0;4.0;RN 165;47,7763800; -3,3624300;2;165;0.0;;3.0;6;0.0;1.0;96;980;1.0;;;1.0;0.0;1.0;90.0;Morbihan;53;Bretagne
201900001822;138Â 303Â 149;C01;1.0;1;1.0;2.0;1962.0;0.0;1.0;8.0;;;0;;;2.0;7.0;0.0;2.0;4.0;1.0;1.0;;22;10;2019;17:35;1.0;56;56098;1;1.0;1.0;4.0;RN 165;47,7763800; -3,3624300;2;165;0.0;;3.0;6;0.0;1.0;96;980;1.0;;;1.0;0.0;1.0;90.0;Morbihan;53;Bretagne
201900001822;138Â 303Â 150;B01;1.0;1;2.0;1.0;1994.0;1.0;1.0;8.0;;;0;;;2.0;10.0;0.0;2.0;4.0;1.0;1.0;;22;10;2019;17:35;1.0;56;56098;1;1.0;1.0;4.0;RN 165;47,7763800; -3,3624300;2;165;0.0;;3.0;6;0.0;1.0;96;980;1.0;;;1.0;0.0;1.0;90.0;Morbihan;53;Bretagne
201900001822;138Â 303Â 151;A01;1.0;1;2.0;1.0;1962.0;0.0;1.0;8.0;;;0;;;2.0;7.0;0.0;2.0;1.0;2.0;1.0;;22;10;2019;17:35;1.0;56;56098;1;1.0;1.0;4.0;RN 165;47,7763800; -3,3624300;2;165;0.0;;3.0;6;0.0;1.0;96;980;1.0;;;1.0;0.0;1.0;90.0;Morbihan;53;Bretagne
201900001823;138Â 303Â 147;A01;10.0;3;2.0;1.0;1946.0;5.0;8.0;0.0;;3.0;3;1.0;;1.0;7.0;0.0;1.0;1.0;1.0;1.0;;18;10;2019;15:00;1.0;54;54395;2;1.0;1.0;7.0;LORRAIN (QUAI CLAUDE LE);48,6996700;6,1695200;4;LORRAIN (QUAI CLAUDE LE);0.0;;;2;0.0;1.0;0;0;1.0;;;1.0;0.0;1.0;50.0;Meurthe-et-Moselle;44;Grand Est
201900001823;138Â 303Â 147;A01;1.0;1;1.0;1.0;1992.0;0.0;8.0;0.0;;;0;;;1.0;7.0;0.0;1.0;1.0;1.0;1.0;;18;10;2019;15:00;1.0;54;54395;2;1.0;1.0;7.0;LORRAIN (QUAI CLAUDE LE);48,6996700;6,1695200;4;LORRAIN (QUAI CLAUDE LE);0.0;;;2;0.0;1.0;0;0;1.0;;;1.0;0.0;1.0;50.0;Meurthe-et-Moselle;44;Grand Est
201900001824;138Â 303Â 146;Z01;10.0;3;2.0;2.0;1953.0;5.0;8.0;8.0;;6.0;B;1.0;;2.0;7.0;0.0;1.0;4.0;0.0;1.0;;22;10;2019;10:25;1.0;51;51108;2;1.0;8.0;7.0;RUE EMILE SCHMIT;48,9667500;4,3600900;4;RUE EMILE SCHMIT;0.0;;;2;0.0;1.0;(1);(1);1.0;;;1.0;9.0;1.0;50.0;Marne;44;Grand Est
201900001825;138Â 303Â 145;A01;1.0;1;1.0;2.0;1968.0;1.0;1.0;8.0;;0.0;0;;;1.0;7.0;0.0;1.0;1.0;1.0;1.0;;23;10;2019;08:35;2.0;50;50218;2;9.0;2.0;6.0;MATIGNON (AV DES);48,8379000; -1,5834000;3;924;0.0;;2.0;2;1.0;1.0;0;0;1.0;;;2.0;0.0;1.0;50.0;Manche;28;Normandie
201900001825;138Â 303Â 145;A01;10.0;3;2.0;2.0;1930.0;3.0;8.0;0.0;;3.0;3;1.0;;1.0;7.0;0.0;1.0;1.0;1.0;1.0;;23;10;2019;08:35;2.0;50;50218;2;9.0;2.0;6.0;MATIGNON (AV DES);48,8379000; -1,5834000;3;924;0.0;;2.0;2;1.0;1.0;0;0;1.0;;;2.0;0.0;1.0;50.0;Manche;28;Normandie
201900001826;138Â 303Â 141;A01;1.0;1;1.0;1.0;1993.0;1.0;1.0;8.0;;0.0;0;;;1.0;7.0;0.0;2.0;1.0;1.0;1.0;;22;10;2019;07:00;5.0;50;50129;2;1.0;5.0;4.0;ABBAYE (RUE DE L');49,6459800; -1,6397100;3;901;0.0;;3.0;5;0.0;3.0;0;0;1.0;;;2.0;1.0;1.0;50.0;Manche;28;Normandie
201900001826;138Â 303Â 142;B01;1.0;1;2.0;1.0;1982.0;1.0;1.0;8.0;;0.0;0;;;1.0;7.0;0.0;0.0;0.0;0.0;1.0;;22;10;2019;07:00;5.0;50;50129;2;1.0;5.0;4.0;ABBAYE (RUE DE L');49,6459800; -1,6397100;3;901;0.0;;3.0;5;0.0;3.0;0;0;1.0;;;2.0;1.0;1.0;50.0;Manche;28;Normandie
201900001826;138Â 303Â 143;C01;1.0;1;1.0;1.0;1971.0;1.0;1.0;8.0;;0.0;0;;;1.0;7.0;0.0;2.0;4.0;1.0;1.0;;22;10;2019;07:00;5.0;50;50129;2;1.0;5.0;4.0;ABBAYE (RUE DE L');49,6459800; -1,6397100;3;901;0.0;;3.0;5;0.0;3.0;0;0;1.0;;;2.0;1.0;1.0;50.0;Manche;28;Normandie
201900001826;138Â 303Â 144;D01;1.0;1;1.0;1.0;1965.0;1.0;1.0;8.0;;0.0;0;;;1.0;7.0;0.0;2.0;4.0;1.0;1.0;;22;10;2019;07:00;5.0;50;50129;2;1.0;5.0;4.0;ABBAYE (RUE DE L');49,6459800; -1,6397100;3;901;0.0;;3.0;5;0.0;3.0;0;0;1.0;;;2.0;1.0;1.0;50.0;Manche;28;Normandie
201900001827;138Â 303Â 140;A01;1.0;1;1.0;2.0;1952.0;5.0;8.0;0.0;;0.0;0;;;0.0;7.0;0.0;1.0;5.0;4.0;1.0;;23;10;2019;09:40;1.0;50;50129;2;1.0;1.0;6.0;FOURCHES (ROUTE DES);49,6372200; -1,6506200;6;FOURCHES (ROUTE DES);0.0;;;;0.0;1.0;0;0;1.0;;;1.0;0.0;1.0;50.0;Manche;28;Normandie
201900001827;138Â 303Â 140;A01;10.0;3;2.0;1.0;1947.0;5.0;8.0;0.0;;1.0;3;1.0;;0.0;7.0;0.0;1.0;5.0;4.0;1.0;;23;10;2019;09:40;1.0;50;50129;2;1.0;1.0;6.0;FOURCHES (ROUTE DES);49,6372200; -1,6506200;6;FOURCHES (ROUTE DES);0.0;;;;0.0;1.0;0;0;1.0;;;1.0;0.0;1.0;50.0;Manche;28;Normandie
201900001828;138Â 303Â 138;A01;1.0;1;1.0;2.0;1957.0;1.0;1.0;0.0;;0.0;0;;;0.0;7.0;0.0;2.0;1.0;1.0;1.0;;21;10;2019;08:50;1.0;50;50129;2;1.0;8.0;2.0;TANNERIES (RUE DES);49,6329100; -1,6230000;4;TANNERIES (RUE DES);0.0;;2.0;4;0.0;1.0;0;0;1.0;;;2.0;2.0;1.0;50.0;Manche;28;Normandie
201900001828;138Â 303Â 139;B01;1.0;1;2.0;1.0;2001.0;9.0;2.0;6.0;;0.0;0;;;0.0;2.0;0.0;2.0;4.0;1.0;1.0;;21;10;2019;08:50;1.0;50;50129;2;1.0;8.0;2.0;TANNERIES (RUE DES);49,6329100; -1,6230000;4;TANNERIES (RUE DES);0.0;;2.0;4;0.0;1.0;0;0;1.0;;;2.0;2.0;1.0;50.0;Manche;28;Normandie
201900001829;138Â 303Â 137;A01;10.0;3;3.0;1.0;1981.0;5.0;8.0;8.0;;3.0;3;1.0;;1.0;7.0;0.0;1.0;1.0;1.0;1.0;;24;10;2019;19:00;2.0;49;49099;2;1.0;1.0;6.0;MINEE(BOULEVARD DE LA);47,0551800; -0,8600900;7;MINEE(BOULEVARD DE LA);0.0;;3.0;6;2.0;2.0;0;0;1.0;;;1.0;0.0;1.0;50.0;Maine-et-Loire;52;Pays de la Loire
201900001829;138Â 303Â 137;A01;1.0;1;1.0;2.0;1972.0;1.0;1.0;8.0;;;0;;;1.0;7.0;0.0;1.0;1.0;1.0;1.0;;24;10;2019;19:00;2.0;49;49099;2;1.0;1.0;6.0;MINEE(BOULEVARD DE LA);47,0551800; -0,8600900;7;MINEE(BOULEVARD DE LA);0.0;;3.0;6;2.0;2.0;0;0;1.0;;;1.0;0.0;1.0;50.0;Maine-et-Loire;52;Pays de la Loire
201900001830;138Â 303Â 136;A01;10.0;3;3.0;1.0;2007.0;5.0;8.0;0.0;;1.0;5;1.0;;1.0;7.0;0.0;1.0;2.0;1.0;1.0;;23;10;2019;19:25;4.0;45;45285;2;1.0;1.0;6.0;AV P MENDES FRANCE;47,9047000;1,8660500;4; AV P MENDES FRANCE;0.0;;3.0;5;2.0;1.0;(1);(1);1.0;;;1.0;1.0;1.0;50.0;Loiret;24;Centre-Val de Loire
201900001830;138Â 303Â 136;A01;1.0;1;1.0;1.0;1970.0;5.0;1.0;0.0;;0.0;0;;;1.0;7.0;0.0;1.0;2.0;1.0;1.0;;23;10;2019;19:25;4.0;45;45285;2;1.0;1.0;6.0;AV P MENDES FRANCE;47,9047000;1,8660500;4; AV P MENDES FRANCE;0.0;;3.0;5;2.0;1.0;(1);(1);1.0;;;1.0;1.0;1.0;50.0;Loiret;24;Centre-Val de Loire
201900001831;138Â 303Â 134;A01;1.0;1;2.0;1.0;1993.0;1.0;1.0;0.0;;0.0;0;;;3.0;7.0;0.0;2.0;5.0;15.0;1.0;;23;10;2019;16:52;1.0;45;45232;1;1.0;9.0;3.0;RUE DE LA REINE BLANCHE;47,8738906;1,8811961;4;RUE DE LA REINE BLANCHE;0.0;;2.0;2;0.0;1.0;(1);(1);3.0;;;2.0;0.0;1.0;50.0;Loiret;24;Centre-Val de Loire
201900001831;138Â 303Â 135;B01;2.0;2;2.0;2.0;1997.0;0.0;1.0;0.0;;0.0;0;;;3.0;7.0;0.0;2.0;1.0;1.0;1.0;;23;10;2019;16:52;1.0;45;45232;1;1.0;9.0;3.0;RUE DE LA REINE BLANCHE;47,8738906;1,8811961;4;RUE DE LA REINE BLANCHE;0.0;;2.0;2;0.0;1.0;(1);(1);3.0;;;2.0;0.0;1.0;50.0;Loiret;24;Centre-Val de Loire
201900001831;138Â 303Â 135;B01;1.0;1;2.0;1.0;1995.0;1.0;1.0;0.0;;0.0;0;;;3.0;7.0;0.0;2.0;1.0;1.0;1.0;;23;10;2019;16:52;1.0;45;45232;1;1.0;9.0;3.0;RUE DE LA REINE BLANCHE;47,8738906;1,8811961;4;RUE DE LA REINE BLANCHE;0.0;;2.0;2;0.0;1.0;(1);(1);3.0;;;2.0;0.0;1.0;50.0;Loiret;24;Centre-Val de Loire
201900001832;138Â 303Â 133;A01;1.0;1;1.0;1.0;1948.0;0.0;1.0;0.0;;0.0;0;;;1.0;7.0;0.0;1.0;3.0;1.0;1.0;;23;10;2019;07:00;5.0;44;44109;2;9.0;1.0;6.0;BOULEVARD ROBERT SCHUMAN;47,2416000; -1,5734800;4;;0.0;;2.0;2;0.0;1.0;0;0;1.0;;;1.0;0.0;1.0;50.0;Loire-Atlantique;52;Pays de la Loire
201900001832;138Â 303Â 133;A01;10.0;3;3.0;2.0;1966.0;0.0;8.0;0.0;;2.0;3;1.0;;1.0;7.0;0.0;1.0;3.0;1.0;1.0;;23;10;2019;07:00;5.0;44;44109;2;9.0;1.0;6.0;BOULEVARD ROBERT SCHUMAN;47,2416000; -1,5734800;4;;0.0;;2.0;2;0.0;1.0;0;0;1.0;;;1.0;0.0;1.0;50.0;Loire-Atlantique;52;Pays de la Loire
201900001833;138Â 303Â 130;C01;1.0;1;2.0;1.0;1983.0;1.0;2.0;0.0;;; -1;;;3.0;80.0;0.0;2.0;7.0;19.0;3.0;;23;10;2019;08:40;1.0;37;37208;2;1.0;8.0;6.0;BEAUGAILLARD (AVENUE);47,3649415;0,7186116;4;BEAUGAILLARD (AVENUE);0.0;;3.0;4;2.0;2.0;0;0;1.0;;;1.0;9.0;1.0;50.0;Indre-et-Loire;24;Centre-Val de Loire
201900001833;138Â 303Â 131;B01;1.0;1;2.0;1.0;1963.0;1.0;1.0;0.0;;; -1;;;3.0;10.0;0.0;2.0;5.0;1.0;1.0;;23;10;2019;08:40;1.0;37;37208;2;1.0;8.0;6.0;BEAUGAILLARD (AVENUE);47,3649415;0,7186116;4;BEAUGAILLARD (AVENUE);0.0;;3.0;4;2.0;2.0;0;0;1.0;;;1.0;9.0;1.0;50.0;Indre-et-Loire;24;Centre-Val de Loire
201900001833;138Â 303Â 132;A01;1.0;1;1.0;1.0;1996.0;1.0;1.0;0.0;;; -1;;;3.0;10.0;0.0;2.0;1.0;1.0;1.0;;23;10;2019;08:40;1.0;37;37208;2;1.0;8.0;6.0;BEAUGAILLARD (AVENUE);47,3649415;0,7186116;4;BEAUGAILLARD (AVENUE);0.0;;3.0;4;2.0;2.0;0;0;1.0;;;1.0;9.0;1.0;50.0;Indre-et-Loire;24;Centre-Val de Loire
201900001834;138Â 303Â 128;A01;1.0;1;2.0;2.0;1979.0;0.0;1.0;0.0;;;0;;;3.0;7.0;0.0;2.0;7.0;15.0;1.0;;23;10;2019;20:45;3.0;35;35238;2;5.0;1.0;1.0;SAINT-BRIEUC (DE);48,1164200; -1,7100000;4;SAINT-BRIEUC (DE);0.0;;3.0;4;0.0;1.0;0;0;1.0;;;1.0;5.0;1.0;50.0;Ille-et-Vilaine;53;Bretagne
201900001834;138Â 303Â 128;A01;4.0;2;2.0;2.0;2015.0;0.0;1.0;0.0;;; -1;;;3.0;7.0;0.0;2.0;7.0;15.0;1.0;;23;10;2019;20:45;3.0;35;35238;2;5.0;1.0;1.0;SAINT-BRIEUC (DE);48,1164200; -1,7100000;4;SAINT-BRIEUC (DE);0.0;;3.0;4;0.0;1.0;0;0;1.0;;;1.0;5.0;1.0;50.0;Ille-et-Vilaine;53;Bretagne
201900001834;138Â 303Â 128;A01;2.0;2;2.0;2.0;1985.0;0.0;1.0;0.0;;;0;;;3.0;7.0;0.0;2.0;7.0;15.0;1.0;;23;10;2019;20:45;3.0;35;35238;2;5.0;1.0;1.0;SAINT-BRIEUC (DE);48,1164200; -1,7100000;4;SAINT-BRIEUC (DE);0.0;;3.0;4;0.0;1.0;0;0;1.0;;;1.0;5.0;1.0;50.0;Ille-et-Vilaine;53;Bretagne
201900001834;138Â 303Â 129;B01;1.0;1;2.0;2.0;1971.0;0.0;1.0;0.0;;; -1;;;3.0;7.0;0.0;2.0;1.0;1.0;1.0;;23;10;2019;20:45;3.0;35;35238;2;5.0;1.0;1.0;SAINT-BRIEUC (DE);48,1164200; -1,7100000;4;SAINT-BRIEUC (DE);0.0;;3.0;4;0.0;1.0;0;0;1.0;;;1.0;5.0;1.0;50.0;Ille-et-Vilaine;53;Bretagne
201900001835;138Â 303Â 126;A01;1.0;1;1.0;1.0;1990.0;4.0;8.0;0.0;;; -1;;;2.0;7.0;0.0;2.0;6.0;10.0;1.0;;24;10;2019;02:10;5.0;33;33063;2;3.0;2.0;3.0;CRS VICTOR HUGO  - VTA = VTC;44,8356790; -0,5681300;4;CRS VICTOR HUGO;0.0;;2.0;4;2.0;1.0;0;0;1.0;;;1.0;0.0;1.0;50.0;Gironde;75;Nouvelle-Aquitaine
201900001835;138Â 303Â 127;B01;1.0;1;2.0;1.0;1991.0;5.0;2.0;6.0;;; -1;;;2.0;33.0;0.0;2.0;1.0;1.0;1.0;;24;10;2019;02:10;5.0;33;33063;2;3.0;2.0;3.0;CRS VICTOR HUGO  - VTA = VTC;44,8356790; -0,5681300;4;CRS VICTOR HUGO;0.0;;2.0;4;2.0;1.0;0;0;1.0;;;1.0;0.0;1.0;50.0;Gironde;75;Nouvelle-Aquitaine
201900001836;138Â 303Â 124;A01;1.0;1;1.0;1.0;1965.0;0.0;8.0;0.0;;; -1;;;1.0;7.0;0.0;2.0;2.0;1.0;2.0;;22;10;2019;16:50;1.0;33;33039;2;4.0;3.0;2.0;ALL DES QUATRE CASTERA;44,8111900; -0,5336400;4;ALL DES QUATRE CASTERA;0.0;;2.0;2;0.0;1.0;0;0;3.0;;;2.0;0.0;1.0;30.0;Gironde;75;Nouvelle-Aquitaine
201900001836;138Â 303Â 125;B01;1.0;1;2.0;1.0;1973.0;0.0;1.0;0.0;;; -1;;;1.0;7.0;0.0;0.0;4.0;16.0;1.0;;22;10;2019;16:50;1.0;33;33039;2;4.0;3.0;2.0;ALL DES QUATRE CASTERA;44,8111900; -0,5336400;4;ALL DES QUATRE CASTERA;0.0;;2.0;2;0.0;1.0;0;0;3.0;;;2.0;0.0;1.0;30.0;Gironde;75;Nouvelle-Aquitaine
201900001837;138Â 303Â 123;A01;1.0;1;1.0;1.0;1977.0;4.0;1.0;8.0;;0.0;0;;;3.0;7.0;0.0;1.0;4.0;4.0;1.0;;23;10;2019;09:50;1.0;32;32013;2;1.0;1.0;6.0;JEAN JAURES (AVENUE);43,6641600;0,5974500;4;JEAN JAURES (AVENUE);0.0;;2.0;2;0.0;1.0;0;0;1.0;;;1.0;0.0;1.0;50.0;Gers;76;Occitanie
201900001837;138Â 303Â 123;A01;10.0;3;3.0;1.0;1934.0;5.0;8.0;8.0;;6.0;4;1.0;;3.0;7.0;0.0;1.0;4.0;4.0;1.0;;23;10;2019;09:50;1.0;32;32013;2;1.0;1.0;6.0;JEAN JAURES (AVENUE);43,6641600;0,5974500;4;JEAN JAURES (AVENUE);0.0;;2.0;2;0.0;1.0;0;0;1.0;;;1.0;0.0;1.0;50.0;Gers;76;Occitanie
201900001838;138Â 303Â 121;A01;1.0;1;2.0;2.0;1997.0;0.0;1.0;0.0;;;0;;;1.0;7.0;0.0;2.0;3.0;14.0;1.0;;23;10;2019;00:30;5.0;31;31555;2;1.0;3.0;1.0;AV M BOURGES MAUNOURY;43,6296500;1,4495900;4;;0.0;;2.0;2;0.0;1.0;0;0;1.0;;;2.0;0.0;1.0;50.0;Haute-Garonne;76;Occitanie
201900001838;138Â 303Â 122;B01;3.0;2;1.0;1.0;1999.0;0.0;1.0;0.0;;;0;;;2.0;7.0;0.0;2.0;3.0;1.0;1.0;;23;10;2019;00:30;5.0;31;31555;2;1.0;3.0;1.0;AV M BOURGES MAUNOURY;43,6296500;1,4495900;4;;0.0;;2.0;2;0.0;1.0;0;0;1.0;;;2.0;0.0;1.0;50.0;Haute-Garonne;76;Occitanie
201900001838;138Â 303Â 122;B01;1.0;1;1.0;1.0;1996.0;9.0;1.0;0.0;;;0;;;2.0;7.0;0.0;2.0;3.0;1.0;1.0;;23;10;2019;00:30;5.0;31;31555;2;1.0;3.0;1.0;AV M BOURGES MAUNOURY;43,6296500;1,4495900;4;;0.0;;2.0;2;0.0;1.0;0;0;1.0;;;2.0;0.0;1.0;50.0;Haute-Garonne;76;Occitanie
201900001838;138Â 303Â 122;B01;2.0;2;1.0;1.0;1999.0;0.0;1.0;0.0;;;0;;;2.0;7.0;0.0;2.0;3.0;1.0;1.0;;23;10;2019;00:30;5.0;31;31555;2;1.0;3.0;1.0;AV M BOURGES MAUNOURY;43,6296500;1,4495900;4;;0.0;;2.0;2;0.0;1.0;0;0;1.0;;;2.0;0.0;1.0;50.0;Haute-Garonne;76;Occitanie
201900001839;138Â 303Â 120;A01;1.0;1;4.0;1.0;1928.0;9.0;1.0;0.0;;; -1;;;1.0;7.0;0.0;0.0;9.0;1.0;1.0;;23;10;2019;16:40;1.0;30;30007;2;1.0;3.0;7.0;LUMIERES (AVE DES FRERES);44,1396700;4,0893100;4;LUMIERES (AVE DES FRERES);0.0;;2.0;2;0.0;1.0;0;0;1.0;;;2.0;0.0;1.0;50.0;Gard;76;Occitanie
201900001840;138Â 303Â 117;A01;1.0;1;1.0;2.0;1979.0;9.0;8.0;0.0;;; -1;;;2.0;7.0;0.0;2.0;3.0;15.0;1.0;;23;10;2019;15:35;1.0;29;29232;2;1.0;2.0;3.0;LUZEL RUE;47,9960400; -4,0998700;4;LUZEL RUE;0.0;;2.0;3;0.0;1.0;1;0;1.0;;;2.0;0.0;1.0;30.0;Finistère;53;Bretagne
201900001840;138Â 303Â 118;B01;1.0;1;2.0;1.0;1977.0;1.0;2.0;0.0;;0.0;0;;;2.0;33.0;0.0;2.0;7.0;1.0;1.0;;23;10;2019;15:35;1.0;29;29232;2;1.0;2.0;3.0;LUZEL RUE;47,9960400; -4,0998700;4;LUZEL RUE;0.0;;2.0;3;0.0;1.0;1;0;1.0;;;2.0;0.0;1.0;30.0;Finistère;53;Bretagne
201900001841;138Â 303Â 116;A01;1.0;1;2.0;1.0;1996.0;5.0;1.0;0.0;;; -1;;;1.0;7.0;8.0;0.0;1.0;1.0;1.0;;20;10;2019;14:50;1.0;29;29232;2;1.0;1.0;7.0;LIMERICK AVENUE DE;47,9869800; -4,0915100;4;LIMERICK AVENUE DE;0.0;;2.0;2;0.0;2.0;0;0;2.0;;;1.0;0.0;1.0;50.0;Finistère;53;Bretagne
201900001842;138Â 303Â 115;A01;1.0;1;1.0;1.0;1997.0;0.0;1.0;0.0;;0.0;0;;;3.0;7.0;0.0;1.0;1.0;9.0;1.0;;18;10;2019;13:00;1.0;29;29232;2;6.0;1.0;6.0;MENEZ EDOUARD  ROND POINT;48,0154000; -4,0821000;4;MENEZ EDOUARD  ROND POINT;0.0;;2.0;4;0.0;1.0;0;0;1.0;;;1.0;5.0;1.0;50.0;Finistère;53;Bretagne