Num_Acc;id_vehicule;num_veh;place;catu;grav;sexe;an_nais;trajet;secu1;secu2;secu3;locp;actp;etatp;id_usager;senc;catv;obs;obsm;choc;manv;motor;occutc;jour;mois;an;hrmn;lum;dep;com;agg;int;atm;col;adr;lat;long;catr;voie;v1;v2;circ;nbv;vosp;prof;pr;pr1;plan;lartpc;larrout;surf;infra;situ;vma;nom_departement;reg;nom_region
201900001842;138Â 303Â 115;A01;10.0;3;2.0;2.0;1964.0;0.0;8.0;0.0;;3.0;3;1.0;;3.0;7.0;0.0;1.0;1.0;9.0;1.0;;18;10;2019;13:00;1.0;29;29232;2;6.0;1.0;6.0;MENEZ EDOUARD  ROND POINT;48,0154000; -4,0821000;4;MENEZ EDOUARD  ROND POINT;0.0;;2.0;4;0.0;1.0;0;0;1.0;;;1.0;5.0;1.0;50.0;Finistère;53;Bretagne
201900001843;138Â 303Â 110;A01;1.0;1;2.0;1.0;2000.0;5.0;1.0;8.0;;; -1;;;0.0;7.0;0.0;2.0;1.0;2.0;1.0;;22;10;2019;12:15;1.0;13;13026;1;9.0;1.0;2.0;RN 568 CLM;43,3900600;5,1675800;3;568;0.0;;2.0;2;0.0;1.0;0;0;1.0;;;2.0;0.0;1.0;80.0;Bouches-du-Rhône;93;Provence-Alpes-Côte d'Azur
201900001843;138Â 303Â 111;B01;2.0;2;2.0;2.0;1991.0;1.0;8.0;0.0;;; -1;;;0.0;7.0;0.0;0.0;4.0;23.0;0.0;;22;10;2019;12:15;1.0;13;13026;1;9.0;1.0;2.0;RN 568 CLM;43,3900600;5,1675800;3;568;0.0;;2.0;2;0.0;1.0;0;0;1.0;;;2.0;0.0;1.0;80.0;Bouches-du-Rhône;93;Provence-Alpes-Côte d'Azur
201900001843;138Â 303Â 111;B01;1.0;1;2.0;1.0;1984.0;1.0;1.0;8.0;;; -1;;;0.0;7.0;0.0;0.0;4.0;23.0;0.0;;22;10;2019;12:15;1.0;13;13026;1;9.0;1.0;2.0;RN 568 CLM;43,3900600;5,1675800;3;568;0.0;;2.0;2;0.0;1.0;0;0;1.0;;;2.0;0.0;1.0;80.0;Bouches-du-Rhône;93;Provence-Alpes-Côte d'Azur
201900001844;138Â 303Â 109;A01;10.0;3;2.0;2.0;1984.0;0.0;8.0;0.0;;2.0;3;1.0;;1.0;7.0;0.0;1.0;4.0;2.0;1.0;;23;10;2019;19:10;5.0;13;13202;2;2.0;3.0;6.0;DAMES (BOULEVARD DES);43,3029062;5,3676313;4;DAMES (BOULEVARD DES);0.0;;2.0;4;0.0;2.0;0;0;1.0;;;2.0;0.0;1.0;50.0;Bouches-du-Rhône;93;Provence-Alpes-Côte d'Azur
201900001844;138Â 303Â 109;A01;1.0;1;1.0;1.0;1950.0;0.0;1.0;0.0;;; -1;;;1.0;7.0;0.0;1.0;4.0;2.0;1.0;;23;10;2019;19:10;5.0;13;13202;2;2.0;3.0;6.0;DAMES (BOULEVARD DES);43,3029062;5,3676313;4;DAMES (BOULEVARD DES);0.0;;2.0;4;0.0;2.0;0;0;1.0;;;2.0;0.0;1.0;50.0;Bouches-du-Rhône;93;Provence-Alpes-Côte d'Azur
201900001845;138Â 303Â 107;A01;1.0;1;1.0;1.0;2002.0;5.0;8.0;0.0;;; -1;;;0.0;3.0;0.0;2.0;1.0;2.0;1.0;;23;10;2019;15:30;1.0;13;13213;2;1.0;3.0;2.0;ROSE (AVENUE DE LA);43,3260674;5,4205459;4;ROSE (AVENUE DE LA);0.0;;2.0;2;0.0;1.0;0;0;1.0;;;2.0;0.0;1.0;50.0;Bouches-du-Rhône;93;Provence-Alpes-Côte d'Azur
201900001845;138Â 303Â 108;B01;1.0;1;2.0;2.0;1984.0;5.0;8.0;0.0;;; -1;;;0.0;7.0;0.0;2.0;4.0;2.0;1.0;;23;10;2019;15:30;1.0;13;13213;2;1.0;3.0;2.0;ROSE (AVENUE DE LA);43,3260674;5,4205459;4;ROSE (AVENUE DE LA);0.0;;2.0;2;0.0;1.0;0;0;1.0;;;2.0;0.0;1.0;50.0;Bouches-du-Rhône;93;Provence-Alpes-Côte d'Azur
201900001845;138Â 303Â 108;B01;2.0;2;2.0;2.0;2003.0;5.0;8.0;0.0;;; -1;;;0.0;7.0;0.0;2.0;4.0;2.0;1.0;;23;10;2019;15:30;1.0;13;13213;2;1.0;3.0;2.0;ROSE (AVENUE DE LA);43,3260674;5,4205459;4;ROSE (AVENUE DE LA);0.0;;2.0;2;0.0;1.0;0;0;1.0;;;2.0;0.0;1.0;50.0;Bouches-du-Rhône;93;Provence-Alpes-Côte d'Azur
201900001846;138Â 303Â 106;Z01;10.0;3;2.0;1.0;2010.0;5.0;8.0;0.0;;1.0;3;1.0;;3.0;7.0;0.0;1.0;1.0;1.0;0.0;;23;10;2019;14:10;1.0;13;13211;1;1.0;2.0;6.0;JEAN LOMBARD (AVENUE);43,2889770;5,4338270;3;2;0.0;;2.0;2;1.0;1.0;0;0;1.0;;;2.0;0.0;1.0;50.0;Bouches-du-Rhône;93;Provence-Alpes-Côte d'Azur
201900001847;138Â 303Â 102;A01;1.0;1;1.0;2.0;1986.0;0.0;1.0;0.0;;; -1;;;0.0;7.0;0.0;0.0;4.0;23.0;0.0;;21;10;2019;18:00;1.0;13;13215;2;1.0;3.0;5.0;GARE (BOULEVARD DE LA) ;43,3580400;5,3657300;4;GARE (BOULEVARD DE LA) ;0.0;;2.0;2;0.0;1.0;0;0;1.0;;;2.0;0.0;1.0;50.0;Bouches-du-Rhône;93;Provence-Alpes-Côte d'Azur
201900001847;138Â 303Â 102;A01;2.0;2;2.0;2.0;1998.0;0.0;1.0;0.0;;; -1;;;0.0;7.0;0.0;0.0;4.0;23.0;0.0;;21;10;2019;18:00;1.0;13;13215;2;1.0;3.0;5.0;GARE (BOULEVARD DE LA) ;43,3580400;5,3657300;4;GARE (BOULEVARD DE LA) ;0.0;;2.0;2;0.0;1.0;0;0;1.0;;;2.0;0.0;1.0;50.0;Bouches-du-Rhône;93;Provence-Alpes-Côte d'Azur
201900001847;138Â 303Â 103;B01;1.0;1;2.0;1.0;1986.0;0.0;1.0;0.0;;; -1;;;0.0;7.0;0.0;2.0;1.0;2.0;0.0;;21;10;2019;18:00;1.0;13;13215;2;1.0;3.0;5.0;GARE (BOULEVARD DE LA) ;43,3580400;5,3657300;4;GARE (BOULEVARD DE LA) ;0.0;;2.0;2;0.0;1.0;0;0;1.0;;;2.0;0.0;1.0;50.0;Bouches-du-Rhône;93;Provence-Alpes-Côte d'Azur
201900001847;138Â 303Â 104;C01;1.0;1;2.0;1.0;1992.0;0.0;1.0;0.0;;; -1;;;0.0;7.0;0.0;2.0;1.0;2.0;0.0;;21;10;2019;18:00;1.0;13;13215;2;1.0;3.0;5.0;GARE (BOULEVARD DE LA) ;43,3580400;5,3657300;4;GARE (BOULEVARD DE LA) ;0.0;;2.0;2;0.0;1.0;0;0;1.0;;;2.0;0.0;1.0;50.0;Bouches-du-Rhône;93;Provence-Alpes-Côte d'Azur
201900001847;138Â 303Â 105;D01;1.0;1;2.0;2.0;1986.0;0.0;1.0;0.0;;; -1;;;0.0;7.0;0.0;2.0;1.0;2.0;0.0;;21;10;2019;18:00;1.0;13;13215;2;1.0;3.0;5.0;GARE (BOULEVARD DE LA) ;43,3580400;5,3657300;4;GARE (BOULEVARD DE LA) ;0.0;;2.0;2;0.0;1.0;0;0;1.0;;;2.0;0.0;1.0;50.0;Bouches-du-Rhône;93;Provence-Alpes-Côte d'Azur
201900001848;138Â 303Â 100;A01;1.0;1;3.0;1.0;1966.0;4.0;2.0;0.0;;; -1;;;1.0;34.0;8.0;2.0;3.0;18.0;1.0;;23;10;2019;10:35;1.0;13;13213;2;1.0;8.0;3.0;VALLON VERT (CHEMIN DU);43,3349200;5,4515200;4;VALLON VERT (CHEMIN DU);0.0;;2.0;2;0.0;1.0;0;0;1.0;;;1.0;0.0;1.0;50.0;Bouches-du-Rhône;93;Provence-Alpes-Côte d'Azur
201900001848;138Â 303Â 101;B01;1.0;1;1.0;1.0;1955.0;4.0;1.0;0.0;;; -1;;;1.0;7.0;0.0;2.0;2.0;1.0;1.0;;23;10;2019;10:35;1.0;13;13213;2;1.0;8.0;3.0;VALLON VERT (CHEMIN DU);43,3349200;5,4515200;4;VALLON VERT (CHEMIN DU);0.0;;2.0;2;0.0;1.0;0;0;1.0;;;1.0;0.0;1.0;50.0;Bouches-du-Rhône;93;Provence-Alpes-Côte d'Azur
201900001849;138Â 303Â 098;B01;1.0;1;2.0;2.0;1989.0;3.0;1.0;0.0;;;0;;;0.0;7.0;0.0;2.0;5.0;1.0;1.0;;22;10;2019;19:55;5.0;13;13211;2;1.0;1.0;2.0;PINEDE (RUE DE LA);43,2926900;5,4285800;9;PINEDE (RUE DE LA);0.0;;2.0;2;0.0;2.0;0;0;2.0;;;1.0;0.0;1.0;30.0;Bouches-du-Rhône;93;Provence-Alpes-Côte d'Azur
201900001850;138Â 303Â 094;D01;1.0;1;1.0;2.0;1970.0;1.0;1.0;0.0;;; -1;;;1.0;7.0;0.0;0.0;4.0;23.0;1.0;;22;10;2019;08:10;1.0;05;05061;2;1.0;2.0;4.0;FOREST D'ENTRAIS ( RUE  DU );44,5647800;6,0864700;4;FOREST D'ENTRAIS ( RUE  DU );0.0;;2.0;2;0.0;1.0;0;0;2.0;;;2.0;0.0;1.0;50.0;Hautes-Alpes;93;Provence-Alpes-Côte d'Azur
201900001850;138Â 303Â 095;C01;1.0;1;1.0;1.0;1983.0;1.0;1.0;0.0;;;0;;;1.0;7.0;0.0;2.0;4.0;2.0;1.0;;22;10;2019;08:10;1.0;05;05061;2;1.0;2.0;4.0;FOREST D'ENTRAIS ( RUE  DU );44,5647800;6,0864700;4;FOREST D'ENTRAIS ( RUE  DU );0.0;;2.0;2;0.0;1.0;0;0;2.0;;;2.0;0.0;1.0;50.0;Hautes-Alpes;93;Provence-Alpes-Côte d'Azur
201900001850;138Â 303Â 096;B01;1.0;1;2.0;2.0;1980.0;1.0;1.0;0.0;;;0;;;1.0;7.0;0.0;2.0;4.0;2.0;1.0;;22;10;2019;08:10;1.0;05;05061;2;1.0;2.0;4.0;FOREST D'ENTRAIS ( RUE  DU );44,5647800;6,0864700;4;FOREST D'ENTRAIS ( RUE  DU );0.0;;2.0;2;0.0;1.0;0;0;2.0;;;2.0;0.0;1.0;50.0;Hautes-Alpes;93;Provence-Alpes-Côte d'Azur
201900001850;138Â 303Â 097;A01;1.0;1;1.0;1.0;1981.0;4.0;1.0;0.0;;;0;;;1.0;14.0;0.0;2.0;1.0;2.0;1.0;;22;10;2019;08:10;1.0;05;05061;2;1.0;2.0;4.0;FOREST D'ENTRAIS ( RUE  DU );44,5647800;6,0864700;4;FOREST D'ENTRAIS ( RUE  DU );0.0;;2.0;2;0.0;1.0;0;0;2.0;;;2.0;0.0;1.0;50.0;Hautes-Alpes;93;Provence-Alpes-Côte d'Azur
201900001851;138Â 303Â 092;A01;1.0;1;2.0;1.0;1986.0;5.0;2.0;6.0;;0.0;0;;;1.0;43.0;0.0;2.0;8.0;3.0;1.0;;22;10;2019;19:15;5.0;75;75120;2;1.0;1.0;6.0;BD PERIPHERIQUE INTERIEUR;48,8572400;2,4140250;4;BD PERIPHERIQUE INTERIEUR;0.0;;1.0;4;0.0;1.0;30;700;1.0;;;1.0;0.0;1.0;70.0;Paris;11;Île-de-France
201900001852;138Â 303Â 088;D01;1.0;1;2.0;2.0;1986.0;5.0;1.0;0.0;;0.0;0;;;1.0;7.0;0.0;2.0;3.0;23.0;1.0;;22;10;2019;17:40;1.0;75;75116;2;1.0;1.0;4.0;BD PERIPHERIQUE EXTERIEUR;48,8620140;2,2643930;4;BD PERIPHERIQUE EXTERIEUR;0.0;;1.0;4;0.0;1.0;14;100;1.0;;;1.0;0.0;1.0;70.0;Paris;11;Île-de-France
201900001852;138Â 303Â 089;C01;1.0;1;1.0;1.0;1970.0;4.0;1.0;0.0;;0.0;0;;;1.0;10.0;0.0;2.0;5.0;1.0;1.0;;22;10;2019;17:40;1.0;75;75116;2;1.0;1.0;4.0;BD PERIPHERIQUE EXTERIEUR;48,8620140;2,2643930;4;BD PERIPHERIQUE EXTERIEUR;0.0;;1.0;4;0.0;1.0;14;100;1.0;;;1.0;0.0;1.0;70.0;Paris;11;Île-de-France
201900001852;138Â 303Â 090;B01;1.0;1;2.0;1.0;1974.0;4.0;1.0;0.0;;0.0;0;;;1.0;7.0;0.0;2.0;4.0;2.0;2.0;;22;10;2019;17:40;1.0;75;75116;2;1.0;1.0;4.0;BD PERIPHERIQUE EXTERIEUR;48,8620140;2,2643930;4;BD PERIPHERIQUE EXTERIEUR;0.0;;1.0;4;0.0;1.0;14;100;1.0;;;1.0;0.0;1.0;70.0;Paris;11;Île-de-France
201900001852;138Â 303Â 091;A01;1.0;1;2.0;2.0;1979.0;4.0;1.0;0.0;;0.0;0;;;1.0;7.0;0.0;2.0;1.0;2.0;1.0;;22;10;2019;17:40;1.0;75;75116;2;1.0;1.0;4.0;BD PERIPHERIQUE EXTERIEUR;48,8620140;2,2643930;4;BD PERIPHERIQUE EXTERIEUR;0.0;;1.0;4;0.0;1.0;14;100;1.0;;;1.0;0.0;1.0;70.0;Paris;11;Île-de-France
201900001853;138Â 303Â 086;B01;1.0;1;1.0;1.0;1988.0;4.0;1.0;0.0;;0.0;0;;;1.0;10.0;0.0;2.0;6.0;2.0;1.0;;21;10;2019;16:30;1.0;75;75112;2;1.0;1.0;2.0;BD PERIPHERIQUE INTERIEUR;48,8308143;2,4028080;4;BD PERIPHERIQUE INTERIEUR ;0.0;;1.0;4;0.0;1.0;34;0;1.0;;;1.0;0.0;1.0;70.0;Paris;11;Île-de-France
201900001853;138Â 303Â 087;A01;1.0;1;2.0;1.0;1978.0;1.0;2.0;6.0;;0.0;0;;;1.0;33.0;0.0;2.0;2.0;2.0;1.0;;21;10;2019;16:30;1.0;75;75112;2;1.0;1.0;2.0;BD PERIPHERIQUE INTERIEUR;48,8308143;2,4028080;4;BD PERIPHERIQUE INTERIEUR ;0.0;;1.0;4;0.0;1.0;34;0;1.0;;;1.0;0.0;1.0;70.0;Paris;11;Île-de-France
201900001854;138Â 303Â 084;A01;1.0;1;1.0;1.0;1976.0;1.0;2.0;6.0;;0.0;0;;;3.0;33.0;0.0;2.0;2.0;1.0;1.0;;23;10;2019;20:32;3.0;75;75112;2;1.0;1.0;3.0;AVENUE DE NOGENT;48,8443575;2,4414997;4;AVENUE DE NOGENT;0.0;;2.0;4;3.0;1.0;0;0;1.0;;;1.0;0.0;6.0;50.0;Paris;11;Île-de-France
201900001854;138Â 303Â 085;B01;1.0;1;3.0;1.0;1971.0;1.0;2.0;6.0;;0.0;0;;;3.0;30.0;0.0;2.0;3.0;7.0;1.0;;23;10;2019;20:32;3.0;75;75112;2;1.0;1.0;3.0;AVENUE DE NOGENT;48,8443575;2,4414997;4;AVENUE DE NOGENT;0.0;;2.0;4;3.0;1.0;0;0;1.0;;;1.0;0.0;6.0;50.0;Paris;11;Île-de-France
201900001855;138Â 303Â 082;B01;1.0;1;2.0;1.0;1986.0;0.0;2.0;6.0;;0.0;0;;;1.0;33.0;0.0;2.0;6.0;1.0;1.0;;22;10;2019;20:20;5.0;75;75114;2;3.0;8.0;3.0;AVENUE PAUL VAILLANT COUTURIER;48,8169835;2,3321307;4;AVENUE PAUL VAILLANT COUTURIER;0.0;;2.0;2;0.0;1.0;0;0;1.0;;;1.0;0.0;1.0;50.0;Paris;11;Île-de-France
201900001855;138Â 303Â 083;A01;1.0;1;1.0;1.0;1949.0;0.0;1.0;0.0;;0.0;0;;;2.0;7.0;0.0;2.0;3.0;15.0;1.0;;22;10;2019;20:20;5.0;75;75114;2;3.0;8.0;3.0;AVENUE PAUL VAILLANT COUTURIER;48,8169835;2,3321307;4;AVENUE PAUL VAILLANT COUTURIER;0.0;;2.0;2;0.0;1.0;0;0;1.0;;;1.0;0.0;1.0;50.0;Paris;11;Île-de-France
201900001856;138Â 303Â 080;B01;1.0;1;2.0;1.0;1979.0;1.0;2.0;6.0;;0.0;0;;;1.0;34.0;0.0;2.0;1.0;1.0;1.0;;23;10;2019;11:50;1.0;75;75119;2;1.0;8.0;3.0;RUE DU MAROC;48,8862304;2,3698221;4;RUE DU MAROC;0.0;;2.0;2;0.0;1.0;0;0;1.0;;;1.0;0.0;1.0;50.0;Paris;11;Île-de-France
201900001856;138Â 303Â 081;A01;1.0;1;1.0;1.0;1981.0;5.0;1.0;8.0;;0.0;0;;;2.0;10.0;0.0;2.0;2.0;15.0;1.0;;23;10;2019;11:50;1.0;75;75119;2;1.0;8.0;3.0;RUE DU MAROC;48,8862304;2,3698221;4;RUE DU MAROC;0.0;;2.0;2;0.0;1.0;0;0;1.0;;;1.0;0.0;1.0;50.0;Paris;11;Île-de-France
201900001857;138Â 303Â 078;B01;1.0;1;2.0;1.0;1972.0;5.0;2.0;8.0;;0.0;0;;;1.0;1.0;0.0;2.0;1.0;1.0;5.0;;23;10;2019;17:10;1.0;75;75118;2;1.0;8.0;3.0;BOULEVARD NEY;48,8986751;2,3670130;4;BOULEVARD NEY;0.0;;3.0;2;0.0;1.0;1;0;1.0;;;2.0;9.0;1.0;50.0;Paris;11;Île-de-France
201900001857;138Â 303Â 079;A01;1.0;1;1.0;1.0;1959.0;4.0;1.0;0.0;;0.0;0;;;1.0;10.0;0.0;2.0;8.0;22.0;3.0;;23;10;2019;17:10;1.0;75;75118;2;1.0;8.0;3.0;BOULEVARD NEY;48,8986751;2,3670130;4;BOULEVARD NEY;0.0;;3.0;2;0.0;1.0;1;0;1.0;;;2.0;9.0;1.0;50.0;Paris;11;Île-de-France
201900001858;138Â 303Â 076;A01;1.0;1;1.0;2.0;1963.0;5.0;1.0;0.0;;0.0;0;;;1.0;7.0;0.0;2.0;8.0;1.0;1.0;;23;10;2019;16:00;1.0;75;75118;2;5.0;2.0;3.0;RUE MARCADET;48,8912100;2,3396426;4;RUE MARCADET;0.0;;1.0;1;0.0;2.0;0;0;1.0;;;2.0;0.0;1.0;30.0;Paris;11;Île-de-France
201900001858;138Â 303Â 077;B01;1.0;1;2.0;2.0;1968.0;5.0;2.0;8.0;;0.0;0;;;1.0;1.0;0.0;2.0;1.0;1.0;5.0;;23;10;2019;16:00;1.0;75;75118;2;5.0;2.0;3.0;RUE MARCADET;48,8912100;2,3396426;4;RUE MARCADET;0.0;;1.0;1;0.0;2.0;0;0;1.0;;;2.0;0.0;1.0;30.0;Paris;11;Île-de-France
201900001859;138Â 303Â 075;A01;10.0;3;2.0;1.0;1966.0;5.0;0.0;;;4.0;3;1.0;;2.0;1.0;0.0;1.0;1.0;5.0;5.0;;23;10;2019;14:30;1.0;75;75110;2;2.0;8.0;6.0;QUAI DE JEMMAPES;48,8732275;2,3642030;4;QUAI DE JEMMAPES;0.0;;1.0;2;1.0;1.0;0;0;1.0;;;1.0;0.0;5.0;50.0;Paris;11;Île-de-France
201900001859;138Â 303Â 075;A01;1.0;1;2.0;1.0;1985.0;4.0;2.0;;;0.0;0;;;2.0;1.0;0.0;1.0;1.0;5.0;5.0;;23;10;2019;14:30;1.0;75;75110;2;2.0;8.0;6.0;QUAI DE JEMMAPES;48,8732275;2,3642030;4;QUAI DE JEMMAPES;0.0;;1.0;2;1.0;1.0;0;0;1.0;;;1.0;0.0;5.0;50.0;Paris;11;Île-de-France
201900001860;138Â 303Â 073;B01;1.0;1;1.0;1.0;1996.0;4.0;1.0;0.0;;0.0;0;;;1.0;10.0;0.0;0.0;8.0;1.0;1.0;;23;10;2019;10:38;1.0;75;75118;2;3.0;8.0;3.0;RUE MARX DORMOY;48,8868300;2,3596900;4;RUE MARX DORMOY;0.0;;3.0;4;0.0;1.0;0;0;1.0;;;1.0;0.0;1.0;50.0;Paris;11;Île-de-France
201900001860;138Â 303Â 074;A01;1.0;1;3.0;1.0;1995.0;0.0;2.0;8.0;;0.0;0;;;1.0;1.0;0.0;2.0;1.0;1.0;5.0;;23;10;2019;10:38;1.0;75;75118;2;3.0;8.0;3.0;RUE MARX DORMOY;48,8868300;2,3596900;4;RUE MARX DORMOY;0.0;;3.0;4;0.0;1.0;0;0;1.0;;;1.0;0.0;1.0;50.0;Paris;11;Île-de-France
201900001861;138Â 303Â 071;B01;1.0;1;1.0;1.0;1969.0;1.0;1.0;0.0;;0.0;0;;;1.0;10.0;0.0;2.0;3.0;1.0;1.0;;23;10;2019;16:50;1.0;75;75117;2;2.0;2.0;3.0;RUE RENNEQUIN;48,8813090;2,2985350;4;RUE RENNEQUIN;0.0;;1.0;2;0.0;1.0;0;0;1.0;;;2.0;0.0;1.0;30.0;Paris;11;Île-de-France
201900001861;138Â 303Â 072;A01;1.0;1;2.0;1.0;2001.0;0.0;2.0;6.0;;0.0;0;;;1.0;2.0;0.0;2.0;1.0;1.0;1.0;;23;10;2019;16:50;1.0;75;75117;2;2.0;2.0;3.0;RUE RENNEQUIN;48,8813090;2,2985350;4;RUE RENNEQUIN;0.0;;1.0;2;0.0;1.0;0;0;1.0;;;2.0;0.0;1.0;30.0;Paris;11;Île-de-France
201900001862;138Â 303Â 070;Z01;10.0;3;2.0;1.0;1931.0;5.0;0.0;;;3.0;3;1.0;;1.0;1.0;0.0;1.0;1.0;1.0;5.0;;23;10;2019;17:00;1.0;75;75117;2;3.0;1.0;6.0;BOULEVARD DE COURCELLES;48,8786745;2,3008495;4;BOULEVARD DE COURCELLES;0.0;;2.0;4;0.0;1.0;0;0;1.0;;;2.0;0.0;1.0;30.0;Paris;11;Île-de-France
201900001863;138Â 303Â 068;B01;1.0;1;1.0;1.0;1973.0;9.0;2.0;6.0;;0.0;0;;;1.0;33.0;0.0;2.0;4.0;1.0;1.0;;22;10;2019;09:30;1.0;75;75108;2;1.0;1.0;3.0;BOULEVARD DE COURCELLES;48,8793707;2,3041734;4;BOULEVARD DE COURCELLES;0.0;;2.0;4;0.0;1.0;0;0;1.0;;;1.0;0.0;1.0;30.0;Paris;11;Île-de-France
201900001863;138Â 303Â 069;A01;1.0;1;2.0;1.0;1977.0;1.0;2.0;6.0;;0.0;0;;;1.0;33.0;0.0;2.0;3.0;17.0;1.0;;22;10;2019;09:30;1.0;75;75108;2;1.0;1.0;3.0;BOULEVARD DE COURCELLES;48,8793707;2,3041734;4;BOULEVARD DE COURCELLES;0.0;;2.0;4;0.0;1.0;0;0;1.0;;;1.0;0.0;1.0;30.0;Paris;11;Île-de-France
201900001864;138Â 303Â 066;B01;1.0;1;1.0;1.0;1981.0;1.0;1.0;8.0;;0.0;0;;;1.0;10.0;0.0;2.0;6.0;23.0;1.0;;22;10;2019;17:50;1.0;75;75116;2;7.0;1.0;2.0;PLACE DE COLOMBIE;48,8631674;2,2685777;4;BOULEVARD SUCHET;0.0;;2.0;4;0.0;1.0;0;0;1.0;;;1.0;0.0;1.0;50.0;Paris;11;Île-de-France
201900001864;138Â 303Â 067;A01;1.0;1;2.0;1.0;1989.0;1.0;2.0;6.0;;0.0;0;;;1.0;32.0;0.0;2.0;6.0;2.0;1.0;;22;10;2019;17:50;1.0;75;75116;2;7.0;1.0;2.0;PLACE DE COLOMBIE;48,8631674;2,2685777;4;BOULEVARD SUCHET;0.0;;2.0;4;0.0;1.0;0;0;1.0;;;1.0;0.0;1.0;50.0;Paris;11;Île-de-France
201900001865;138Â 303Â 065;A01;1.0;1;2.0;1.0;1983.0;4.0;2.0;6.0;;0.0;0;;;1.0;43.0;0.0;1.0;1.0;1.0;1.0;;22;10;2019;17:20;1.0;75;75115;2;1.0;1.0;6.0;BOULEVARD PASTEUR;48,8392271;2,3163333;4;BOULEVARD PASTEUR;0.0;;2.0;6;0.0;2.0;0;0;1.0;;;1.0;0.0;1.0;50.0;Paris;11;Île-de-France
201900001865;138Â 303Â 065;A01;10.0;3;2.0;1.0;1994.0;0.0;0.0;;;2.0;4;1.0;;1.0;43.0;0.0;1.0;1.0;1.0;1.0;;22;10;2019;17:20;1.0;75;75115;2;1.0;1.0;6.0;BOULEVARD PASTEUR;48,8392271;2,3163333;4;BOULEVARD PASTEUR;0.0;;2.0;6;0.0;2.0;0;0;1.0;;;1.0;0.0;1.0;50.0;Paris;11;Île-de-France
201900001866;138Â 303Â 063;A01;1.0;1;2.0;1.0;2001.0;0.0;2.0;8.0;;0.0;0;;;1.0;80.0;0.0;2.0;3.0;18.0;2.0;;23;10;2019;08:45;1.0;75;75114;2;3.0;1.0;3.0;AVENUE DU GENERAL LECLERC;48,8308010;2,3293970;4;AVENUE DU GENERAL LECLERC;0.0;;1.0;4;3.0;1.0;0;0;1.0;;;1.0;;6.0;50.0;Paris;11;Île-de-France
201900001866;138Â 303Â 064;B01;1.0;1;1.0;1.0;1974.0;4.0;1.0;8.0;;0.0;0;;;1.0;14.0;0.0;2.0;5.0;1.0;1.0;;23;10;2019;08:45;1.0;75;75114;2;3.0;1.0;3.0;AVENUE DU GENERAL LECLERC;48,8308010;2,3293970;4;AVENUE DU GENERAL LECLERC;0.0;;1.0;4;3.0;1.0;0;0;1.0;;;1.0;;6.0;50.0;Paris;11;Île-de-France
201900001867;138Â 303Â 062;A01;10.0;3;2.0;2.0;1933.0;5.0;0.0;;;4.0;3;1.0;;2.0;50.0;0.0;1.0;1.0;1.0;3.0;;23;10;2019;10:45;1.0;75;75113;2;1.0;8.0;6.0;BOULEVARD MASSENA;48,8239679;2,3767372;4;BOULEVARD MASSENA;0.0;;2.0;4;1.0;2.0;0;0;1.0;;;1.0;5.0;5.0;50.0;Paris;11;Île-de-France
201900001867;138Â 303Â 062;A01;1.0;1;1.0;1.0;1998.0;0.0;2.0;8.0;;0.0;0;;;2.0;50.0;0.0;1.0;1.0;1.0;3.0;;23;10;2019;10:45;1.0;75;75113;2;1.0;8.0;6.0;BOULEVARD MASSENA;48,8239679;2,3767372;4;BOULEVARD MASSENA;0.0;;2.0;4;1.0;2.0;0;0;1.0;;;1.0;5.0;5.0;50.0;Paris;11;Île-de-France
201900001868;138Â 303Â 060;A01;1.0;1;2.0;1.0;1967.0;0.0;2.0;6.0;;0.0;0;;;2.0;2.0;0.0;2.0;1.0;15.0;1.0;;22;10;2019;22:32;5.0;75;75113;2;5.0;1.0;3.0;RUE BOBILLOT;48,8258116;2,3503620;4;RUE BOBILLOT;0.0;;2.0;3;;1.0;0;0;1.0;;;1.0;5.0;1.0;50.0;Paris;11;Île-de-France
201900001868;138Â 303Â 061;B01;1.0;1;1.0;1.0;1980.0;0.0;1.0;0.0;;0.0;0;;;1.0;7.0;0.0;2.0;3.0;1.0;1.0;;22;10;2019;22:32;5.0;75;75113;2;5.0;1.0;3.0;RUE BOBILLOT;48,8258116;2,3503620;4;RUE BOBILLOT;0.0;;2.0;3;;1.0;0;0;1.0;;;1.0;5.0;1.0;50.0;Paris;11;Île-de-France
201900001869;138Â 303Â 058;A01;1.0;1;1.0;1.0;1950.0;0.0;1.0;0.0;;0.0;0;;;1.0;10.0;0.0;2.0;1.0;1.0;1.0;;23;10;2019;11:50;1.0;75;75112;2;7.0;1.0;3.0;AVENUE DU TRONE;48,8481109;2,3974879;4;AVENUE DU TRONE;0.0;;4.0;4;0.0;1.0;0;0;1.0;;;1.0;0.0;1.0;50.0;Paris;11;Île-de-France
201900001869;138Â 303Â 059;B01;1.0;1;2.0;1.0;2005.0;0.0;2.0;0.0;;0.0;0;;;1.0;1.0;0.0;2.0;4.0;11.0;5.0;;23;10;2019;11:50;1.0;75;75112;2;7.0;1.0;3.0;AVENUE DU TRONE;48,8481109;2,3974879;4;AVENUE DU TRONE;0.0;;4.0;4;0.0;1.0;0;0;1.0;;;1.0;0.0;1.0;50.0;Paris;11;Île-de-France
201900001870;138Â 303Â 056;A01;1.0;1;1.0;1.0;1969.0;0.0;1.0;0.0;;0.0;0;;;2.0;10.0;0.0;2.0;2.0;1.0;1.0;;23;10;2019;18:30;5.0;75;75110;2;2.0;1.0;3.0;RUE DE LANCRY;48,8698630;2,3607300;4;RUE DE LANCRY;0.0;;4.0;1;1.0;1.0;18;0;1.0;;;1.0;0.0;5.0;30.0;Paris;11;Île-de-France