Num_Acc;id_vehicule;num_veh;place;catu;grav;sexe;an_nais;trajet;secu1;secu2;secu3;locp;actp;etatp;id_usager;senc;catv;obs;obsm;choc;manv;motor;occutc;jour;mois;an;hrmn;lum;dep;com;agg;int;atm;col;adr;lat;long;catr;voie;v1;v2;circ;nbv;vosp;prof;pr;pr1;plan;lartpc;larrout;surf;infra;situ;vma;nom_departement;reg;nom_region
201900001870;138Â 303Â 057;B01;1.0;1;2.0;2.0;1992.0;0.0;8.0;2.0;;0.0;0;;;2.0;1.0;0.0;2.0;8.0;1.0;5.0;;23;10;2019;18:30;5.0;75;75110;2;2.0;1.0;3.0;RUE DE LANCRY;48,8698630;2,3607300;4;RUE DE LANCRY;0.0;;4.0;1;1.0;1.0;18;0;1.0;;;1.0;0.0;5.0;30.0;Paris;11;Île-de-France
201900001871;138Â 303Â 054;B01;1.0;1;2.0;2.0;1984.0;4.0;2.0;6.0;;0.0;0;;;1.0;31.0;0.0;2.0;8.0;1.0;1.0;;23;10;2019;21:40;3.0;75;75108;2;1.0;1.0;3.0;VOIE GEORGES POMPIDOU;48,8645733;2,3039737;4;VOIE GEORGES POMPIDOU;0.0;;1.0;3;0.0;1.0;0;0;1.0;;;2.0;0.0;1.0;50.0;Paris;11;Île-de-France
201900001871;138Â 303Â 055;A01;1.0;1;1.0;1.0;1990.0;0.0;1.0;0.0;;0.0;0;;;1.0;7.0;0.0;2.0;7.0;14.0;1.0;;23;10;2019;21:40;3.0;75;75108;2;1.0;1.0;3.0;VOIE GEORGES POMPIDOU;48,8645733;2,3039737;4;VOIE GEORGES POMPIDOU;0.0;;1.0;3;0.0;1.0;0;0;1.0;;;2.0;0.0;1.0;50.0;Paris;11;Île-de-France
201900001872;138Â 303Â 052;B01;1.0;1;2.0;1.0;1959.0;0.0;1.0;0.0;;0.0;0;;;2.0;10.0;0.0;2.0;4.0;23.0;1.0;;23;10;2019;09:45;1.0;75;75108;2;3.0;1.0;2.0;BOULEVARD MALESHERBES;48,8800984;2,3134602;4;BOULEVARD MALESHERBES;0.0;;2.0;4;0.0;1.0;0;0;1.0;;;1.0;0.0;1.0;50.0;Paris;11;Île-de-France
201900001872;138Â 303Â 053;A01;1.0;1;1.0;1.0;1964.0;4.0;1.0;0.0;;0.0;0;;;2.0;7.0;0.0;2.0;1.0;2.0;1.0;;23;10;2019;09:45;1.0;75;75108;2;3.0;1.0;2.0;BOULEVARD MALESHERBES;48,8800984;2,3134602;4;BOULEVARD MALESHERBES;0.0;;2.0;4;0.0;1.0;0;0;1.0;;;1.0;0.0;1.0;50.0;Paris;11;Île-de-France
201900001873;138Â 303Â 051;A01;10.0;3;2.0;2.0;1953.0;0.0;0.0;;;2.0;1;1.0;;2.0;7.0;0.0;1.0;2.0;1.0;1.0;;23;10;2019;14:20;1.0;75;75103;2;1.0;1.0;6.0;RUE DES FRANCS BOURGEOIS;48,8578900;2,3603000;4;RUE DES FRANCS BOURGEOIS;0.0;;1.0;1;0.0;1.0;0;0;1.0;;;1.0;0.0;1.0;30.0;Paris;11;Île-de-France
201900001873;138Â 303Â 051;A01;1.0;1;1.0;2.0;1946.0;5.0;1.0;0.0;;0.0;0;;;2.0;7.0;0.0;1.0;2.0;1.0;1.0;;23;10;2019;14:20;1.0;75;75103;2;1.0;1.0;6.0;RUE DES FRANCS BOURGEOIS;48,8578900;2,3603000;4;RUE DES FRANCS BOURGEOIS;0.0;;1.0;1;0.0;1.0;0;0;1.0;;;1.0;0.0;1.0;30.0;Paris;11;Île-de-France
201900001874;138Â 303Â 049;B01;1.0;1;2.0;1.0;1956.0;5.0;1.0;0.0;;; -1;;;2.0;7.0;0.0;0.0;4.0;23.0;0.0;;22;10;2019;15:40;1.0;94;94078;2;1.0;2.0;2.0;PARIS (R DE);48,7311700;2,4467100;2;6;0.0;;3.0;4;0.0;1.0;0;0;1.0;;;2.0;0.0;1.0;50.0;Val-de-Marne;11;Île-de-France
201900001874;138Â 303Â 050;A01;1.0;1;1.0;1.0;1986.0;4.0;1.0;0.0;;; -1;;;2.0;15.0;0.0;2.0;1.0;1.0;0.0;;22;10;2019;15:40;1.0;94;94078;2;1.0;2.0;2.0;PARIS (R DE);48,7311700;2,4467100;2;6;0.0;;3.0;4;0.0;1.0;0;0;1.0;;;2.0;0.0;1.0;50.0;Val-de-Marne;11;Île-de-France
201900001875;138Â 303Â 046;C01;1.0;1;1.0;2.0;1992.0;1.0;8.0;0.0;;;0;;;1.0;7.0;0.0;2.0;1.0;2.0;1.0;;23;10;2019;19:00;3.0;94;94003;2;1.0;1.0;4.0;PAUL VAILLANT COUTURIER (AV);48,8000000;2,3400000;3;161;0.0;;2.0;0;0.0;2.0;0;0;1.0;;;1.0;0.0;1.0;50.0;Val-de-Marne;11;Île-de-France
201900001875;138Â 303Â 047;B01;1.0;1;2.0;1.0;1971.0;1.0;8.0;0.0;;;0;;;1.0;7.0;0.0;2.0;4.0;2.0;1.0;;23;10;2019;19:00;3.0;94;94003;2;1.0;1.0;4.0;PAUL VAILLANT COUTURIER (AV);48,8000000;2,3400000;3;161;0.0;;2.0;0;0.0;2.0;0;0;1.0;;;1.0;0.0;1.0;50.0;Val-de-Marne;11;Île-de-France
201900001875;138Â 303Â 048;A01;1.0;1;2.0;2.0;1972.0;1.0;8.0;0.0;;;0;;;1.0;7.0;0.0;2.0;4.0;2.0;1.0;;23;10;2019;19:00;3.0;94;94003;2;1.0;1.0;4.0;PAUL VAILLANT COUTURIER (AV);48,8000000;2,3400000;3;161;0.0;;2.0;0;0.0;2.0;0;0;1.0;;;1.0;0.0;1.0;50.0;Val-de-Marne;11;Île-de-France
201900001876;138Â 303Â 045;A01;1.0;1;2.0;2.0;1984.0;5.0;1.0;0.0;;;0;;;1.0;7.0;1.0;0.0;1.0;1.0;1.0;;23;10;2019;02:50;5.0;94;94076;2;1.0;1.0;7.0;JEAN JAURES (R);48,7927000;2,3665000;3;285;0.0;;1.0;1;0.0;1.0;0;0;1.0;;;1.0;0.0;1.0;30.0;Val-de-Marne;11;Île-de-France
201900001877;138Â 303Â 043;A01;1.0;1;1.0;1.0;1995.0;0.0;1.0;0.0;;; -1;;;2.0;7.0;0.0;2.0;0.0;0.0;1.0;;21;10;2019;19:30;5.0;94;94011;2;2.0;1.0;3.0;PARIS(AVENUE DE);48,7741855;2,4818347;3;19;0.0;;4.0;4;0.0;1.0;0;0;1.0;;;1.0;5.0;1.0;50.0;Val-de-Marne;11;Île-de-France
201900001877;138Â 303Â 044;B01;1.0;1;2.0;1.0;2001.0;5.0;2.0;0.0;;; -1;;;2.0;30.0;0.0;2.0;1.0;1.0;1.0;;21;10;2019;19:30;5.0;94;94011;2;2.0;1.0;3.0;PARIS(AVENUE DE);48,7741855;2,4818347;3;19;0.0;;4.0;4;0.0;1.0;0;0;1.0;;;1.0;5.0;1.0;50.0;Val-de-Marne;11;Île-de-France
201900001878;138Â 303Â 041;Z01;1.0;1;1.0;2.0;1985.0;9.0;1.0;0.0;;0.0;0;;;3.0;7.0;0.0;6.0;0.0;17.0;0.0;;23;10;2019;13:30;1.0;94;94079;2;1.0;1.0;3.0;ANDRE ROUY (R);48,8228500;2,5504400;4;ANDRE ROUY (R);0.0;;2.0;2;0.0;1.0;0;0;1.0;;;1.0;0.0;1.0;50.0;Val-de-Marne;11;Île-de-France
201900001878;138Â 303Â 042;A01;1.0;1;2.0;1.0;1995.0;0.0;8.0;0.0;;0.0;0;;;3.0;50.0;0.0;2.0;0.0;26.0;3.0;;23;10;2019;13:30;1.0;94;94079;2;1.0;1.0;3.0;ANDRE ROUY (R);48,8228500;2,5504400;4;ANDRE ROUY (R);0.0;;2.0;2;0.0;1.0;0;0;1.0;;;1.0;0.0;1.0;50.0;Val-de-Marne;11;Île-de-France
201900001879;138Â 303Â 039;A01;1.0;1;2.0;1.0;1977.0;9.0;1.0;0.0;;; -1;;;1.0;7.0;8.0;2.0;1.0;15.0;1.0;;23;10;2019;12:23;1.0;93;93078;2;2.0;1.0;3.0;ROUX (RUE DU DOCTEUR);48,9509000;2,5559000;7;ROUX (RUE DU DOCTEUR);0.0;;1.0;1;0.0;1.0;0;0;1.0;;;1.0;0.0;1.0;50.0;Seine-Saint-Denis;11;Île-de-France
201900001879;138Â 303Â 039;A01;3.0;2;1.0;1.0;2011.0;9.0;1.0;8.0;;; -1;;;1.0;7.0;8.0;2.0;1.0;15.0;1.0;;23;10;2019;12:23;1.0;93;93078;2;2.0;1.0;3.0;ROUX (RUE DU DOCTEUR);48,9509000;2,5559000;7;ROUX (RUE DU DOCTEUR);0.0;;1.0;1;0.0;1.0;0;0;1.0;;;1.0;0.0;1.0;50.0;Seine-Saint-Denis;11;Île-de-France
201900001879;138Â 303Â 040;B01;1.0;1;1.0;1.0;1964.0;1.0;1.0;0.0;;; -1;;;1.0;7.0;0.0;2.0;6.0;16.0;1.0;;23;10;2019;12:23;1.0;93;93078;2;2.0;1.0;3.0;ROUX (RUE DU DOCTEUR);48,9509000;2,5559000;7;ROUX (RUE DU DOCTEUR);0.0;;1.0;1;0.0;1.0;0;0;1.0;;;1.0;0.0;1.0;50.0;Seine-Saint-Denis;11;Île-de-France
201900001880;138Â 303Â 038;A01;10.0;3;2.0;2.0;1991.0;0.0;0.0;0.0;;3.0;3;1.0;;3.0;7.0;0.0;1.0;2.0;18.0;0.0;;23;10;2019;07:19;4.0;93;93053;2;7.0;1.0;6.0;STAINS (ROUTE DE);48,9046890;2,4701910;3;986;0.0;;1.0;3;0.0;2.0;0;0;1.0;;;1.0;2.0;1.0;50.0;Seine-Saint-Denis;11;Île-de-France
201900001880;138Â 303Â 038;A01;1.0;1;1.0;1.0;1999.0;1.0;1.0;0.0;;; -1;;;3.0;7.0;0.0;1.0;2.0;18.0;0.0;;23;10;2019;07:19;4.0;93;93053;2;7.0;1.0;6.0;STAINS (ROUTE DE);48,9046890;2,4701910;3;986;0.0;;1.0;3;0.0;2.0;0;0;1.0;;;1.0;2.0;1.0;50.0;Seine-Saint-Denis;11;Île-de-France
201900001881;138Â 303Â 037;A01;1.0;1;2.0;2.0;1931.0;0.0;1.0;0.0;;; -1;;;3.0;7.0;9.0;0.0;2.0;14.0;0.0;;23;10;2019;08:00;2.0;93;93014;2;1.0;8.0;6.0;JEAN MOULIN (AVENUE);48,9082500;2,5549600;4;JEAN MOULIN (AVENUE);0.0;;2.0;2;0.0;1.0;0;0;1.0;;;1.0;0.0;1.0;50.0;Seine-Saint-Denis;11;Île-de-France
201900001882;138Â 303Â 034;B01;1.0;1;1.0;2.0;1978.0;0.0;1.0;0.0;;; -1;;;2.0;7.0;0.0;2.0;2.0;15.0;0.0;;23;10;2019;18:20;2.0;93;93010;2;2.0;1.0;5.0;BLANQUI (R. LOUIS-AUGUSTE) DE 32 A 134 C;48,8981700;2,4896800;4;BLANQUI (R. LOUIS-AUGUSTE) DE 32 A 134 C;0.0;;2.0;2;0.0;1.0;0;0;1.0;;;2.0;0.0;1.0;30.0;Seine-Saint-Denis;11;Île-de-France
201900001882;138Â 303Â 035;C01;1.0;1;1.0;2.0;1986.0;0.0;1.0;0.0;;; -1;;;2.0;7.0;0.0;2.0;3.0;1.0;0.0;;23;10;2019;18:20;2.0;93;93010;2;2.0;1.0;5.0;BLANQUI (R. LOUIS-AUGUSTE) DE 32 A 134 C;48,8981700;2,4896800;4;BLANQUI (R. LOUIS-AUGUSTE) DE 32 A 134 C;0.0;;2.0;2;0.0;1.0;0;0;1.0;;;2.0;0.0;1.0;30.0;Seine-Saint-Denis;11;Île-de-France
201900001882;138Â 303Â 036;A01;1.0;1;2.0;1.0;2002.0;0.0;2.0;8.0;;; -1;;;1.0;2.0;0.0;2.0;1.0;3.0;0.0;;23;10;2019;18:20;2.0;93;93010;2;2.0;1.0;5.0;BLANQUI (R. LOUIS-AUGUSTE) DE 32 A 134 C;48,8981700;2,4896800;4;BLANQUI (R. LOUIS-AUGUSTE) DE 32 A 134 C;0.0;;2.0;2;0.0;1.0;0;0;1.0;;;2.0;0.0;1.0;30.0;Seine-Saint-Denis;11;Île-de-France
201900001883;138Â 303Â 032;A01;1.0;1;2.0;1.0;2003.0;0.0;2.0;0.0;;; -1;;;1.0;30.0;0.0;2.0;3.0;18.0;1.0;;23;10;2019;14:28;1.0;93;93008;2;1.0;1.0;3.0;JAURES (AVENUE JEAN);48,8988300;2,4420900;3;30;0.0;;1.0;4;0.0;1.0;0;0;1.0;;;1.0;0.0;1.0;50.0;Seine-Saint-Denis;11;Île-de-France
201900001883;138Â 303Â 033;B01;1.0;1;1.0;1.0;1982.0;0.0;1.0;0.0;;; -1;;;1.0;10.0;0.0;2.0;2.0;0.0;1.0;;23;10;2019;14:28;1.0;93;93008;2;1.0;1.0;3.0;JAURES (AVENUE JEAN);48,8988300;2,4420900;3;30;0.0;;1.0;4;0.0;1.0;0;0;1.0;;;1.0;0.0;1.0;50.0;Seine-Saint-Denis;11;Île-de-France
201900001884;138Â 303Â 030;A01;1.0;1;1.0;1.0;1987.0;5.0;1.0;0.0;;; -1;;;2.0;7.0;0.0;2.0;5.0;23.0;0.0;;23;10;2019;21:15;3.0;93;93001;2;1.0;1.0;2.0;ADRIEN AGNES (QUAI);48,9184200;2,3692300;3;24;0.0;;2.0;2;0.0;1.0;0;0;1.0;;;1.0;0.0;1.0;50.0;Seine-Saint-Denis;11;Île-de-France
201900001884;138Â 303Â 031;B01;1.0;1;2.0;1.0;1984.0;5.0;2.0;0.0;;; -1;;;2.0;30.0;0.0;2.0;1.0;18.0;1.0;;23;10;2019;21:15;3.0;93;93001;2;1.0;1.0;2.0;ADRIEN AGNES (QUAI);48,9184200;2,3692300;3;24;0.0;;2.0;2;0.0;1.0;0;0;1.0;;;1.0;0.0;1.0;50.0;Seine-Saint-Denis;11;Île-de-France
201900001885;138Â 303Â 028;B01;1.0;1;2.0;1.0;1994.0;5.0;2.0;6.0;;;0;;;1.0;33.0;0.0;2.0;7.0;1.0;1.0;;23;10;2019;21:20;5.0;92;92062;2;1.0;1.0;3.0;GENERAL DE GAULLE (AV) DU 63 AU 107;48,8875000;2,2325000;3;913;0.0;;3.0;3;0.0;1.0;0;0;1.0;;;1.0;0.0;1.0;50.0;Hauts-de-Seine;11;Île-de-France
201900001885;138Â 303Â 029;A01;1.0;1;1.0;1.0;1990.0;5.0;1.0;0.0;;;0;;;1.0;7.0;0.0;2.0;8.0;11.0;1.0;;23;10;2019;21:20;5.0;92;92062;2;1.0;1.0;3.0;GENERAL DE GAULLE (AV) DU 63 AU 107;48,8875000;2,2325000;3;913;0.0;;3.0;3;0.0;1.0;0;0;1.0;;;1.0;0.0;1.0;50.0;Hauts-de-Seine;11;Île-de-France
201900001886;138Â 303Â 026;A01;10.0;3;2.0;1.0;1932.0;3.0;8.0;0.0;;2.0;3;1.0;;2.0;7.0;0.0;1.0;4.0;20.0;1.0;;23;10;2019;11:15;1.0;92;92035;2;1.0;1.0;6.0;Voltaire ( rue );48,9069300;2,2448000;4;Voltaire ( rue );0.0;;1.0;1;0.0;1.0;0;0;1.0;;;1.0;0.0;1.0;30.0;Hauts-de-Seine;11;Île-de-France
201900001886;138Â 303Â 026;A01;1.0;1;1.0;2.0;1962.0;3.0;8.0;0.0;;0.0;0;;;2.0;7.0;0.0;1.0;4.0;20.0;1.0;;23;10;2019;11:15;1.0;92;92035;2;1.0;1.0;6.0;Voltaire ( rue );48,9069300;2,2448000;4;Voltaire ( rue );0.0;;1.0;1;0.0;1.0;0;0;1.0;;;1.0;0.0;1.0;30.0;Hauts-de-Seine;11;Île-de-France
201900001887;138Â 303Â 025;A01;1.0;1;4.0;1.0;1991.0;0.0;1.0;;;0.0;0;;;3.0;7.0;13.0;0.0;1.0;13.0;1.0;;6;9;2019;13:50;1.0;09;09209;1;1.0;1.0;6.0;Audinac les Bains;43,0073400;1,1827320;3;627;0.0;;2.0;2;0.0;1.0;(1);(1);2.0;;;1.0;0.0;1.0;50.0;Ariège;76;Occitanie
201900001888;138Â 303Â 023;A01;1.0;1;2.0;2.0;1997.0;4.0;1.0;;;0.0;0;;;2.0;10.0;0.0;2.0;3.0;1.0;1.0;;24;10;2019;09:00;1.0;54;54235;1;1.0;1.0;6.0;D55;48,4882040;6,0148370;3;55;0.0;D;2.0;2;0.0;1.0;2;850;3.0;;;1.0;0.0;1.0;70.0;Meurthe-et-Moselle;44;Grand Est
201900001888;138Â 303Â 024;B01;1.0;1;1.0;1.0;1981.0;4.0;1.0;;;0.0;0;;;1.0;15.0;0.0;2.0;0.0;1.0;1.0;;24;10;2019;09:00;1.0;54;54235;1;1.0;1.0;6.0;D55;48,4882040;6,0148370;3;55;0.0;D;2.0;2;0.0;1.0;2;850;3.0;;;1.0;0.0;1.0;70.0;Meurthe-et-Moselle;44;Grand Est
201900001889;138Â 303Â 021;A01;1.0;1;1.0;2.0;1999.0;5.0;1.0;;;0.0;0;;;2.0;7.0;0.0;2.0;1.0;2.0;0.0;;14;10;2019;15:25;1.0;76;76245;1;1.0;1.0;2.0;A151;49,5487730;1,0411350;1;151;;;3.0;4;3.0;1.0;5;0;1.0;;;1.0;0.0;1.0;130.0;Seine-Maritime;28;Normandie
201900001889;138Â 303Â 022;B01;2.0;2;2.0;2.0;1952.0;5.0;1.0;;;0.0;0;;;2.0;7.0;3.0;2.0;4.0;2.0;0.0;;14;10;2019;15:25;1.0;76;76245;1;1.0;1.0;2.0;A151;49,5487730;1,0411350;1;151;;;3.0;4;3.0;1.0;5;0;1.0;;;1.0;0.0;1.0;130.0;Seine-Maritime;28;Normandie
201900001889;138Â 303Â 022;B01;1.0;1;1.0;1.0;1940.0;5.0;1.0;;;0.0;0;;;2.0;7.0;3.0;2.0;4.0;2.0;0.0;;14;10;2019;15:25;1.0;76;76245;1;1.0;1.0;2.0;A151;49,5487730;1,0411350;1;151;;;3.0;4;3.0;1.0;5;0;1.0;;;1.0;0.0;1.0;130.0;Seine-Maritime;28;Normandie
201900001890;138Â 303Â 020;A01;1.0;1;1.0;1.0;1944.0;9.0;1.0;;;0.0;0;;;0.0;7.0;0.0;1.0;1.0;1.0;6.0;;24;10;2019;07:50;1.0;974;97422;2;1.0;1.0;6.0;4 Chemin de l'Hermitage; -21,2643260;55,5079230;2;3;;D;2.0;2;0.0;1.0;(1);(1);1.0;;;1.0;6.0;8.0;50.0;La Réunion;04;La Réunion
201900001890;138Â 303Â 020;A01;10.0;3;4.0;2.0;1958.0;5.0;0.0;;;3.0;3;1.0;;0.0;7.0;0.0;1.0;1.0;1.0;6.0;;24;10;2019;07:50;1.0;974;97422;2;1.0;1.0;6.0;4 Chemin de l'Hermitage; -21,2643260;55,5079230;2;3;;D;2.0;2;0.0;1.0;(1);(1);1.0;;;1.0;6.0;8.0;50.0;La Réunion;04;La Réunion
201900001891;138Â 303Â 018;B01;1.0;1;1.0;1.0;2000.0;5.0;1.0;;;0.0;0;;;1.0;7.0;0.0;9.0;3.0;1.0;1.0;;20;10;2019;00:30;5.0;972;97220;2;1.0;1.0;1.0;chevalier;14,4885820; -60,9044930;2;8;;;2.0;2;0.0;1.0;21;500;2.0;;;1.0;0.0;1.0;50.0;Martinique;02;Martinique
201900001891;138Â 303Â 019;A01;1.0;1;3.0;1.0;2002.0;5.0;0.0;;;0.0;0;;;2.0;2.0;0.0;2.0;1.0;13.0;1.0;;20;10;2019;00:30;5.0;972;97220;2;1.0;1.0;1.0;chevalier;14,4885820; -60,9044930;2;8;;;2.0;2;0.0;1.0;21;500;2.0;;;1.0;0.0;1.0;50.0;Martinique;02;Martinique
201900001892;138Â 303Â 014;B01;1.0;1;2.0;1.0;2003.0;5.0;2.0;;;0.0;0;;;2.0;2.0;0.0;2.0;7.0;17.0;1.0;;23;10;2019;16:50;1.0;62;62361;2;3.0;1.0;3.0;Avenue Philippe Lebas;50,2765460;2,2833670;3;941;;;2.0;2;0.0;1.0;18;200;1.0;;;1.0;0.0;1.0;50.0;Pas-de-Calais;32;Hauts-de-France
201900001892;138Â 303Â 015;A01;1.0;1;3.0;1.0;2002.0;5.0;2.0;;;0.0;0;;;2.0;2.0;0.0;2.0;8.0;15.0;1.0;;23;10;2019;16:50;1.0;62;62361;2;3.0;1.0;3.0;Avenue Philippe Lebas;50,2765460;2,2833670;3;941;;;2.0;2;0.0;1.0;18;200;1.0;;;1.0;0.0;1.0;50.0;Pas-de-Calais;32;Hauts-de-France
201900001893;138Â 303Â 013;A01;1.0;1;3.0;1.0;1939.0;5.0;1.0;;;0.0;0;;;1.0;7.0;16.0;0.0;9.0;1.0;1.0;;24;10;2019;11:40;1.0;51;51380;1;1.0;8.0;7.0;RD 41;48,9083228;3,5562406;3;41;;;2.0;2;0.0;1.0;4;650;4.0;;;2.0;0.0;3.0;80.0;Marne;44;Grand Est
201900001894;138Â 303Â 012;A01;1.0;1;2.0;1.0;1977.0;5.0;1.0;;;0.0;0;;;1.0;7.0;2.0;0.0;1.0;1.0;1.0;;20;10;2019;21:40;3.0;56;56022;1;1.0;1.0;6.0;La ForÃªt;47,8010680; -2,9090670;3;16;;;2.0;2;0.0;2.0;37;500;2.0;;;2.0;0.0;3.0;80.0;Morbihan;53;Bretagne
201900001895;138Â 303Â 010;A01;2.0;2;2.0;1.0;1960.0;4.0;1.0;;;0.0;0;;;2.0;7.0;0.0;2.0;3.0;1.0;1.0;;23;10;2019;17:20;1.0;69;69169;1;1.0;3.0;1.0;D98;45,9890090;4,3996820;3;98;0.0;D;2.0;2;0.0;1.0;8;100;2.0;;;2.0;0.0;1.0;80.0;Rhône;84;Auvergne-Rhône-Alpes
201900001895;138Â 303Â 010;A01;1.0;1;2.0;1.0;1981.0;4.0;1.0;;;0.0;0;;;2.0;7.0;0.0;2.0;3.0;1.0;1.0;;23;10;2019;17:20;1.0;69;69169;1;1.0;3.0;1.0;D98;45,9890090;4,3996820;3;98;0.0;D;2.0;2;0.0;1.0;8;100;2.0;;;2.0;0.0;1.0;80.0;Rhône;84;Auvergne-Rhône-Alpes
201900001895;138Â 303Â 011;B01;1.0;1;2.0;1.0;1996.0;4.0;1.0;;;0.0;0;;;1.0;7.0;0.0;2.0;3.0;1.0;0.0;;23;10;2019;17:20;1.0;69;69169;1;1.0;3.0;1.0;D98;45,9890090;4,3996820;3;98;0.0;D;2.0;2;0.0;1.0;8;100;2.0;;;2.0;0.0;1.0;80.0;Rhône;84;Auvergne-Rhône-Alpes
201900001896;138Â 303Â 009;A01;1.0;1;1.0;1.0;1934.0;3.0;1.0;;;0.0;0;;;2.0;7.0;0.0;1.0;2.0;15.0;1.0;;18;10;2019;10:40;1.0;81;81120;2;6.0;1.0;6.0;Place de l'Europe;43,5384854;2,2633694;3;621;;;2.0;2;0.0;1.0;(1);(1);1.0;;;1.0;5.0;1.0;50.0;Tarn;76;Occitanie
201900001896;138Â 303Â 009;A01;10.0;3;3.0;2.0;1941.0;3.0;0.0;;;3.0;3;1.0;;2.0;7.0;0.0;1.0;2.0;15.0;1.0;;18;10;2019;10:40;1.0;81;81120;2;6.0;1.0;6.0;Place de l'Europe;43,5384854;2,2633694;3;621;;;2.0;2;0.0;1.0;(1);(1);1.0;;;1.0;5.0;1.0;50.0;Tarn;76;Occitanie
201900001897;138Â 303Â 007;B01;1.0;1;1.0;2.0;1993.0;1.0;1.0;;;0.0;0;;;2.0;7.0;0.0;2.0;3.0;15.0;1.0;;24;10;2019;07:30;3.0;49;49143;1;3.0;1.0;3.0;Chenaie;47,6158310; -0,1596990;3;82;;;2.0;2;0.0;2.0;22;480;1.0;;;2.0;0.0;1.0;80.0;Maine-et-Loire;52;Pays de la Loire
201900001897;138Â 303Â 008;A01;1.0;1;3.0;1.0;1999.0;1.0;2.0;;;0.0;0;;;1.0;33.0;0.0;2.0;2.0;1.0;1.0;;24;10;2019;07:30;3.0;49;49143;1;3.0;1.0;3.0;Chenaie;47,6158310; -0,1596990;3;82;;;2.0;2;0.0;2.0;22;480;1.0;;;2.0;0.0;1.0;80.0;Maine-et-Loire;52;Pays de la Loire
201900001897;138Â 303Â 008;A01;2.0;2;3.0;2.0;2002.0;5.0;2.0;;;0.0;0;;;1.0;33.0;0.0;2.0;2.0;1.0;1.0;;24;10;2019;07:30;3.0;49;49143;1;3.0;1.0;3.0;Chenaie;47,6158310; -0,1596990;3;82;;;2.0;2;0.0;2.0;22;480;1.0;;;2.0;0.0;1.0;80.0;Maine-et-Loire;52;Pays de la Loire
201900001898;138Â 303Â 005;B01;2.0;2;2.0;2.0;1979.0;5.0;1.0;;;0.0;0;;;1.0;7.0;0.0;2.0;3.0;1.0;1.0;;22;10;2019;14:18;1.0;12;12042;1;4.0;3.0;1.0;D25;43,9521080;2,7601070;3;25;;;2.0;2;0.0;1.0;55;70;3.0;;;2.0;0.0;1.0;80.0;Aveyron;76;Occitanie
201900001898;138Â 303Â 005;B01;5.0;2;2.0;1.0;2010.0;5.0;1.0;;;0.0;0;;;1.0;7.0;0.0;2.0;3.0;1.0;1.0;;22;10;2019;14:18;1.0;12;12042;1;4.0;3.0;1.0;D25;43,9521080;2,7601070;3;25;;;2.0;2;0.0;1.0;55;70;3.0;;;2.0;0.0;1.0;80.0;Aveyron;76;Occitanie
201900001898;138Â 303Â 005;B01;3.0;2;2.0;1.0;2010.0;5.0;1.0;;;0.0;0;;;1.0;7.0;0.0;2.0;3.0;1.0;1.0;;22;10;2019;14:18;1.0;12;12042;1;4.0;3.0;1.0;D25;43,9521080;2,7601070;3;25;;;2.0;2;0.0;1.0;55;70;3.0;;;2.0;0.0;1.0;80.0;Aveyron;76;Occitanie
201900001898;138Â 303Â 005;B01;1.0;1;2.0;1.0;1966.0;5.0;1.0;;;0.0;0;;;1.0;7.0;0.0;2.0;3.0;1.0;1.0;;22;10;2019;14:18;1.0;12;12042;1;4.0;3.0;1.0;D25;43,9521080;2,7601070;3;25;;;2.0;2;0.0;1.0;55;70;3.0;;;2.0;0.0;1.0;80.0;Aveyron;76;Occitanie
201900001898;138Â 303Â 005;B01;4.0;2;2.0;2.0;2009.0;5.0;1.0;;;0.0;0;;;1.0;7.0;0.0;2.0;3.0;1.0;1.0;;22;10;2019;14:18;1.0;12;12042;1;4.0;3.0;1.0;D25;43,9521080;2,7601070;3;25;;;2.0;2;0.0;1.0;55;70;3.0;;;2.0;0.0;1.0;80.0;Aveyron;76;Occitanie
201900001898;138Â 303Â 006;A01;1.0;1;1.0;1.0;1992.0;4.0;1.0;;;0.0;0;;;2.0;17.0;0.0;2.0;8.0;13.0;1.0;;22;10;2019;14:18;1.0;12;12042;1;4.0;3.0;1.0;D25;43,9521080;2,7601070;3;25;;;2.0;2;0.0;1.0;55;70;3.0;;;2.0;0.0;1.0;80.0;Aveyron;76;Occitanie
201900001899;138Â 303Â 002;A01;1.0;1;2.0;1.0;1987.0;1.0;0.0;;;0.0;0;;;2.0;7.0;0.0;2.0;2.0;1.0;1.0;;18;10;2019;07:55;2.0;44;44072;1;2.0;1.0;3.0;Route des Marais;47,4110460; -2,3504790;3;774;0.0;;2.0;2;0.0;1.0;11;400;1.0;;;1.0;5.0;1.0;80.0;Loire-Atlantique;52;Pays de la Loire
201900001899;138Â 303Â 003;B01;2.0;2;1.0;1.0;1980.0;1.0;1.0;;;0.0;0;;;1.0;7.0;0.0;2.0;3.0;1.0;1.0;;18;10;2019;07:55;2.0;44;44072;1;2.0;1.0;3.0;Route des Marais;47,4110460; -2,3504790;3;774;0.0;;2.0;2;0.0;1.0;11;400;1.0;;;1.0;5.0;1.0;80.0;Loire-Atlantique;52;Pays de la Loire