Num_Acc;id_vehicule;num_veh;place;catu;grav;sexe;an_nais;trajet;secu1;secu2;secu3;locp;actp;etatp;id_usager;senc;catv;obs;obsm;choc;manv;motor;occutc;jour;mois;an;hrmn;lum;dep;com;agg;int;atm;col;adr;lat;long;catr;voie;v1;v2;circ;nbv;vosp;prof;pr;pr1;plan;lartpc;larrout;surf;infra;situ;vma;nom_departement;reg;nom_region
201900001899;138Â 303Â 003;B01;1.0;1;2.0;1.0;1961.0;1.0;1.0;;;0.0;0;;;1.0;7.0;0.0;2.0;3.0;1.0;1.0;;18;10;2019;07:55;2.0;44;44072;1;2.0;1.0;3.0;Route des Marais;47,4110460; -2,3504790;3;774;0.0;;2.0;2;0.0;1.0;11;400;1.0;;;1.0;5.0;1.0;80.0;Loire-Atlantique;52;Pays de la Loire
201900001900;138Â 303Â 000;A01;1.0;1;3.0;1.0;1998.0;1.0;1.0;;;0.0;0;;;1.0;7.0;0.0;2.0;3.0;13.0;1.0;;23;10;2019;07:25;3.0;44;44072;1;1.0;2.0;1.0;D33;47,4489080; -2,2989160;3;33;;;2.0;2;0.0;1.0;82;920;1.0;;;2.0;0.0;1.0;80.0;Loire-Atlantique;52;Pays de la Loire
201900001900;138Â 303Â 001;B01;1.0;1;2.0;1.0;1975.0;1.0;1.0;;;0.0;0;;;2.0;7.0;0.0;2.0;3.0;0.0;1.0;;23;10;2019;07:25;3.0;44;44072;1;1.0;2.0;1.0;D33;47,4489080; -2,2989160;3;33;;;2.0;2;0.0;1.0;82;920;1.0;;;2.0;0.0;1.0;80.0;Loire-Atlantique;52;Pays de la Loire
201900001901;138Â 302Â 998;A01;1.0;1;4.0;2.0;1936.0;5.0;1.0;;;0.0;0;;;3.0;3.0;0.0;2.0;8.0;19.0;1.0;;24;10;2019;17:15;1.0;38;38389;1;2.0;1.0;3.0;D518;45,5560500;5,0977200;3;518;;;2.0;2;0.0;2.0;13;125;1.0;;;1.0;0.0;1.0;80.0;Isère;84;Auvergne-Rhône-Alpes
201900001901;138Â 302Â 999;B01;1.0;1;2.0;2.0;1999.0;5.0;1.0;;;0.0;0;;;1.0;7.0;0.0;2.0;1.0;1.0;1.0;;24;10;2019;17:15;1.0;38;38389;1;2.0;1.0;3.0;D518;45,5560500;5,0977200;3;518;;;2.0;2;0.0;2.0;13;125;1.0;;;1.0;0.0;1.0;80.0;Isère;84;Auvergne-Rhône-Alpes
201900001902;138Â 302Â 996;B01;1.0;1;3.0;1.0;1986.0;9.0;2.0;6.0;;0.0;0;;;2.0;33.0;0.0;2.0;1.0;21.0;1.0;;14;10;2019;13:00;1.0;02;02179;2;1.0;1.0;1.0;6 Rue de Fismes;49,2612110;3,6133150;3;967;0.0;D;2.0;2;0.0;2.0;34;200;3.0;;;1.0;0.0;1.0;50.0;Aisne;32;Hauts-de-France
201900001902;138Â 302Â 997;A01;1.0;1;1.0;2.0;1990.0;3.0;1.0;9.0;;0.0;0;;;1.0;7.0;0.0;2.0;2.0;19.0;1.0;;14;10;2019;13:00;1.0;02;02179;2;1.0;1.0;1.0;6 Rue de Fismes;49,2612110;3,6133150;3;967;0.0;D;2.0;2;0.0;2.0;34;200;3.0;;;1.0;0.0;1.0;50.0;Aisne;32;Hauts-de-France
201900001903;138Â 302Â 993;A01;1.0;1;3.0;1.0;1991.0;1.0;1.0;;;0.0;0;;;1.0;7.0;0.0;2.0;4.0;26.0;1.0;;24;10;2019;07:30;2.0;03;03110;1;1.0;1.0;5.0;;46,1233520;3,3560326;3;2209;0.0;;2.0;2;0.0;2.0;12;714;1.0;;;2.0;0.0;1.0;;Allier;84;Auvergne-Rhône-Alpes
201900001903;138Â 302Â 994;B01;1.0;1;3.0;1.0;1967.0;1.0;1.0;;;0.0;0;;;2.0;7.0;0.0;2.0;1.0;1.0;1.0;;24;10;2019;07:30;2.0;03;03110;1;1.0;1.0;5.0;;46,1233520;3,3560326;3;2209;0.0;;2.0;2;0.0;2.0;12;714;1.0;;;2.0;0.0;1.0;;Allier;84;Auvergne-Rhône-Alpes
201900001903;138Â 302Â 995;C01;1.0;1;1.0;1.0;1964.0;5.0;1.0;;;0.0;0;;;1.0;7.0;0.0;2.0;1.0;1.0;1.0;;24;10;2019;07:30;2.0;03;03110;1;1.0;1.0;5.0;;46,1233520;3,3560326;3;2209;0.0;;2.0;2;0.0;2.0;12;714;1.0;;;2.0;0.0;1.0;;Allier;84;Auvergne-Rhône-Alpes
201900001904;138Â 302Â 992;A01;1.0;1;2.0;1.0;2003.0;5.0;2.0;6.0;9.0;0.0;0;;;1.0;31.0;8.0;0.0;1.0;1.0;1.0;;23;10;2019;20:45;5.0;01;01147;2;1.0;1.0;6.0;D1;46,4199560;5,2960460;3;1;0.0;;2.0;2;0.0;2.0;2;490;2.0;;;2.0;0.0;3.0;50.0;Ain;84;Auvergne-Rhône-Alpes
201900001905;138Â 302Â 989;A01;1.0;1;1.0;1.0;1986.0;1.0;1.0;;;0.0;0;;;1.0;7.0;0.0;2.0;1.0;17.0;1.0;;24;10;2019;08:00;2.0;14;14675;1;1.0;2.0;1.0;D230;49,1290610; -0,2975760;3;230;;;2.0;2;0.0;1.0;4;400;1.0;;;2.0;0.0;1.0;80.0;Calvados;28;Normandie
201900001905;138Â 302Â 990;B01;1.0;1;3.0;1.0;2001.0;2.0;2.0;;;0.0;0;;;2.0;30.0;0.0;2.0;1.0;1.0;1.0;;24;10;2019;08:00;2.0;14;14675;1;1.0;2.0;1.0;D230;49,1290610; -0,2975760;3;230;;;2.0;2;0.0;1.0;4;400;1.0;;;2.0;0.0;1.0;80.0;Calvados;28;Normandie
201900001906;138Â 302Â 987;B01;1.0;1;1.0;1.0;1962.0;4.0;1.0;;;0.0;0;;;2.0;17.0;0.0;0.0;8.0;1.0;1.0;;24;10;2019;05:27;3.0;45;45306;1;1.0;1.0;3.0;D2060;48,0183970;2,8853350;3;2060;;;2.0;2;0.0;1.0;16;100;1.0;;;1.0;0.0;1.0;80.0;Loiret;24;Centre-Val de Loire
201900001906;138Â 302Â 988;A01;1.0;1;3.0;1.0;1997.0;1.0;8.0;;;0.0;0;;;1.0;7.0;0.0;2.0;3.0;13.0;1.0;;24;10;2019;05:27;3.0;45;45306;1;1.0;1.0;3.0;D2060;48,0183970;2,8853350;3;2060;;;2.0;2;0.0;1.0;16;100;1.0;;;1.0;0.0;1.0;80.0;Loiret;24;Centre-Val de Loire
201900001907;138Â 302Â 986;A01;10.0;3;3.0;1.0;1930.0;0.0;0.0;;;5.0;A;1.0;;1.0;1.0;0.0;1.0;1.0;25.0;5.0;;23;10;2019;16:00;1.0;64;64371;2;1.0;8.0;6.0;36 rue Victor Hugo;43,2208915; -0,8878753;3;2;0.0;D;1.0;1;2.0;1.0;0;200;1.0;;;1.0;0.0;4.0;30.0;Pyrénées-Atlantiques;75;Nouvelle-Aquitaine
201900001907;138Â 302Â 986;A01;1.0;1;1.0;1.0;2006.0;5.0;0.0;;;0.0;0;;;1.0;1.0;0.0;1.0;1.0;25.0;5.0;;23;10;2019;16:00;1.0;64;64371;2;1.0;8.0;6.0;36 rue Victor Hugo;43,2208915; -0,8878753;3;2;0.0;D;1.0;1;2.0;1.0;0;200;1.0;;;1.0;0.0;4.0;30.0;Pyrénées-Atlantiques;75;Nouvelle-Aquitaine
201900001908;138Â 302Â 984;B01;3.0;2;3.0;1.0;2015.0;9.0;1.0;;;0.0;0;;;1.0;7.0;6.0;2.0;1.0;0.0;1.0;;24;10;2019;14:35;1.0;73;73114;1;1.0;2.0;1.0;D1212;45,8230291;6,5335659;3;1212;0.0;;2.0;2;0.0;2.0;1;480;3.0;;;2.0;0.0;1.0;80.0;Savoie;84;Auvergne-Rhône-Alpes
201900001908;138Â 302Â 984;B01;1.0;1;2.0;2.0;1963.0;9.0;1.0;;;0.0;0;;;1.0;7.0;6.0;2.0;1.0;0.0;1.0;;24;10;2019;14:35;1.0;73;73114;1;1.0;2.0;1.0;D1212;45,8230291;6,5335659;3;1212;0.0;;2.0;2;0.0;2.0;1;480;3.0;;;2.0;0.0;1.0;80.0;Savoie;84;Auvergne-Rhône-Alpes
201900001908;138Â 302Â 985;A01;1.0;1;1.0;1.0;1998.0;9.0;1.0;;;0.0;0;;;2.0;7.0;0.0;2.0;1.0;13.0;1.0;;24;10;2019;14:35;1.0;73;73114;1;1.0;2.0;1.0;D1212;45,8230291;6,5335659;3;1212;0.0;;2.0;2;0.0;2.0;1;480;3.0;;;2.0;0.0;1.0;80.0;Savoie;84;Auvergne-Rhône-Alpes
201900001909;138Â 302Â 983;A01;1.0;1;3.0;1.0;2002.0;1.0;2.0;6.0;;0.0;0;;;1.0;2.0;0.0;0.0;8.0;1.0;1.0;;23;10;2019;19:20;3.0;18;18221;1;1.0;6.0;7.0;D35;46,8056140;2,3927510;3;35;;;2.0;2;0.0;1.0;10;100;1.0;;;2.0;0.0;1.0;80.0;Cher;24;Centre-Val de Loire
201900001910;138Â 302Â 981;A01;1.0;1;1.0;1.0;1999.0;1.0;1.0;;;0.0;0;;;1.0;7.0;0.0;2.0;1.0;2.0;1.0;;23;10;2019;12:35;1.0;40;40288;1;4.0;1.0;2.0;1628 Route du Jay;44,0185690; -0,3439350;3;932;0.0;D;2.0;2;0.0;1.0;21;200;1.0;;;2.0;0.0;1.0;80.0;Landes;75;Nouvelle-Aquitaine
201900001910;138Â 302Â 982;B01;1.0;1;2.0;2.0;1985.0;1.0;1.0;;;0.0;0;;;1.0;7.0;0.0;0.0;4.0;2.0;1.0;;23;10;2019;12:35;1.0;40;40288;1;4.0;1.0;2.0;1628 Route du Jay;44,0185690; -0,3439350;3;932;0.0;D;2.0;2;0.0;1.0;21;200;1.0;;;2.0;0.0;1.0;80.0;Landes;75;Nouvelle-Aquitaine
201900001911;138Â 302Â 980;A01;1.0;1;4.0;1.0;1996.0;0.0;0.0;;;0.0;0;;;1.0;7.0;2.0;0.0;9.0;1.0;0.0;;23;10;2019;23:40;3.0;30;30004;1;1.0;2.0;6.0;N113;43,7167690;4,2022440;2;113;0.0;N;2.0;2;0.0;1.0;45;600;2.0;;;2.0;0.0;3.0;80.0;Gard;76;Occitanie
201900001912;138Â 302Â 979;A01;1.0;1;1.0;1.0;1947.0;3.0;1.0;;;0.0;0;;;1.0;7.0;0.0;1.0;2.0;1.0;1.0;;24;10;2019;10:05;1.0;48;48092;2;1.0;1.0;6.0;17 Avenue ThÃ©ophile Roussel;44,5579680;3,2909180;3;809;0.0;;2.0;2;0.0;1.0;(1);(1);1.0;;;2.0;0.0;1.0;50.0;Lozère;76;Occitanie
201900001912;138Â 302Â 979;A01;10.0;3;3.0;1.0;1957.0;0.0;0.0;;;3.0;3;1.0;;1.0;7.0;0.0;1.0;2.0;1.0;1.0;;24;10;2019;10:05;1.0;48;48092;2;1.0;1.0;6.0;17 Avenue ThÃ©ophile Roussel;44,5579680;3,2909180;3;809;0.0;;2.0;2;0.0;1.0;(1);(1);1.0;;;2.0;0.0;1.0;50.0;Lozère;76;Occitanie
201900001913;138Â 302Â 977;A01;1.0;1;2.0;1.0;1962.0;4.0;1.0;;;0.0;0;;;1.0;15.0;2.0;0.0;9.0;0.0;1.0;;23;10;2019;15:10;1.0;49;49193;1;1.0;1.0;6.0;D15;47,1592890; -0,8945400;3;15;;D;2.0;2;0.0;1.0;7;650;1.0;;;1.0;0.0;1.0;80.0;Maine-et-Loire;52;Pays de la Loire
201900001913;138Â 302Â 978;C01;1.0;1;1.0;2.0;1953.0;5.0;1.0;;;0.0;0;;;2.0;7.0;0.0;9.0;1.0;1.0;1.0;;23;10;2019;15:10;1.0;49;49193;1;1.0;1.0;6.0;D15;47,1592890; -0,8945400;3;15;;D;2.0;2;0.0;1.0;7;650;1.0;;;1.0;0.0;1.0;80.0;Maine-et-Loire;52;Pays de la Loire
201900001914;138Â 302Â 974;A01;1.0;1;1.0;2.0;1983.0;0.0;1.0;;;0.0;0;;;1.0;7.0;0.0;0.0;4.0;2.0;1.0;;23;10;2019;09:40;1.0;91;91045;1;1.0;1.0;4.0;D17;48,5416740;2,3872310;3;17;0.0;;2.0;2;0.0;1.0;22;700;1.0;;;1.0;0.0;1.0;70.0;Essonne;11;Île-de-France
201900001914;138Â 302Â 975;B01;1.0;1;1.0;1.0;1946.0;0.0;1.0;;;0.0;0;;;1.0;7.0;0.0;0.0;4.0;2.0;1.0;;23;10;2019;09:40;1.0;91;91045;1;1.0;1.0;4.0;D17;48,5416740;2,3872310;3;17;0.0;;2.0;2;0.0;1.0;22;700;1.0;;;1.0;0.0;1.0;70.0;Essonne;11;Île-de-France
201900001914;138Â 302Â 976;C01;1.0;1;3.0;1.0;1970.0;0.0;2.0;6.0;;0.0;0;;;1.0;33.0;0.0;0.0;1.0;2.0;1.0;;23;10;2019;09:40;1.0;91;91045;1;1.0;1.0;4.0;D17;48,5416740;2,3872310;3;17;0.0;;2.0;2;0.0;1.0;22;700;1.0;;;1.0;0.0;1.0;70.0;Essonne;11;Île-de-France
201900001915;138Â 302Â 971;C01;1.0;1;1.0;1.0;1973.0;0.0;1.0;;;0.0;0;;;1.0;7.0;14.0;0.0;3.0;1.0;1.0;;23;10;2019;20:28;3.0;67;67125;1;1.0;1.0;4.0;Autoroute A35 PK 432.200 sens Strasbourg / Colmar;48,3353480;7,4991320;1;35;;;3.0;4;0.0;1.0;432;200;1.0;;;1.0;0.0;1.0;130.0;Bas-Rhin;44;Grand Est
201900001915;138Â 302Â 972;B01;1.0;1;1.0;2.0;1991.0;0.0;1.0;;;0.0;0;;;1.0;7.0;14.0;0.0;1.0;1.0;1.0;;23;10;2019;20:28;3.0;67;67125;1;1.0;1.0;4.0;Autoroute A35 PK 432.200 sens Strasbourg / Colmar;48,3353480;7,4991320;1;35;;;3.0;4;0.0;1.0;432;200;1.0;;;1.0;0.0;1.0;130.0;Bas-Rhin;44;Grand Est
201900001915;138Â 302Â 973;A01;1.0;1;3.0;1.0;1985.0;0.0;8.0;;;0.0;0;;;1.0;7.0;3.0;0.0;3.0;13.0;1.0;;23;10;2019;20:28;3.0;67;67125;1;1.0;1.0;4.0;Autoroute A35 PK 432.200 sens Strasbourg / Colmar;48,3353480;7,4991320;1;35;;;3.0;4;0.0;1.0;432;200;1.0;;;1.0;0.0;1.0;130.0;Bas-Rhin;44;Grand Est
201900001916;138Â 302Â 970;A01;1.0;1;2.0;2.0;1997.0;1.0;1.0;;;0.0;0;;;1.0;7.0;13.0;0.0;9.0;17.0;1.0;;23;10;2019;07:45;2.0;69;69112;1;1.0;2.0;6.0;A89  (Embranchement d'autoroute);45,8215900;4,6892000;1;89;;;3.0;2;0.0;1.0;535;600;2.0;;;2.0;0.0;1.0;110.0;Rhône;84;Auvergne-Rhône-Alpes
201900001917;138Â 302Â 968;B01;1.0;1;2.0;1.0;1979.0;5.0;1.0;;;0.0;0;;;2.0;7.0;0.0;2.0;4.0;1.0;1.0;;19;10;2019;13:00;1.0;06;06088;1;1.0;3.0;3.0;A8 - PK 198+500 NORD;43,7337390;7,2405610;1;8;;;3.0;4;0.0;2.0;195;955;3.0;;;2.0;0.0;1.0;90.0;Alpes-Maritimes;93;Provence-Alpes-Côte d'Azur
201900001917;138Â 302Â 968;B01;2.0;2;2.0;2.0;1976.0;5.0;1.0;;;0.0;0;;;2.0;7.0;0.0;2.0;4.0;1.0;1.0;;19;10;2019;13:00;1.0;06;06088;1;1.0;3.0;3.0;A8 - PK 198+500 NORD;43,7337390;7,2405610;1;8;;;3.0;4;0.0;2.0;195;955;3.0;;;2.0;0.0;1.0;90.0;Alpes-Maritimes;93;Provence-Alpes-Côte d'Azur
201900001917;138Â 302Â 969;A01;1.0;1;1.0;1.0;1986.0;1.0;1.0;;;0.0;0;;;2.0;14.0;0.0;2.0;7.0;14.0;1.0;;19;10;2019;13:00;1.0;06;06088;1;1.0;3.0;3.0;A8 - PK 198+500 NORD;43,7337390;7,2405610;1;8;;;3.0;4;0.0;2.0;195;955;3.0;;;2.0;0.0;1.0;90.0;Alpes-Maritimes;93;Provence-Alpes-Côte d'Azur
201900001918;138Â 302Â 964;A01;1.0;1;1.0;2.0;1937.0;5.0;1.0;;;0.0;0;;;1.0;7.0;0.0;2.0;1.0;15.0;1.0;;22;10;2019;19:00;5.0;33;33005;2;2.0;2.0;3.0;Rue Jean Sachetti;44,7469900; -1,0896720;3;215;;;2.0;4;2.0;1.0;4;610;1.0;;;2.0;5.0;1.0;;Gironde;75;Nouvelle-Aquitaine
201900001918;138Â 302Â 965;B01;1.0;1;2.0;2.0;1957.0;1.0;2.0;;;0.0;0;;;2.0;2.0;0.0;2.0;3.0;1.0;1.0;;22;10;2019;19:00;5.0;33;33005;2;2.0;2.0;3.0;Rue Jean Sachetti;44,7469900; -1,0896720;3;215;;;2.0;4;2.0;1.0;4;610;1.0;;;2.0;5.0;1.0;;Gironde;75;Nouvelle-Aquitaine
201900001919;138Â 302Â 962;B01;1.0;1;2.0;1.0;1973.0;4.0;1.0;;;0.0;0;;;1.0;10.0;0.0;2.0;3.0;1.0;1.0;;23;10;2019;08:20;1.0;988;98821;1;1.0;2.0;1.0;R.T.1; -22,0883300;166,3195100;2;1;;;2.0;2;0.0;2.0;35;850;3.0;;;2.0;0.0;1.0;70.0;;;
201900001919;138Â 302Â 962;B01;2.0;2;2.0;1.0;1990.0;4.0;1.0;;;0.0;0;;;1.0;10.0;0.0;2.0;3.0;1.0;1.0;;23;10;2019;08:20;1.0;988;98821;1;1.0;2.0;1.0;R.T.1; -22,0883300;166,3195100;2;1;;;2.0;2;0.0;2.0;35;850;3.0;;;2.0;0.0;1.0;70.0;;;
201900001919;138Â 302Â 963;A01;1.0;1;2.0;2.0;1965.0;5.0;1.0;;;0.0;0;;;2.0;7.0;0.0;2.0;5.0;13.0;1.0;;23;10;2019;08:20;1.0;988;98821;1;1.0;2.0;1.0;R.T.1; -22,0883300;166,3195100;2;1;;;2.0;2;0.0;2.0;35;850;3.0;;;2.0;0.0;1.0;70.0;;;
201900001919;138Â 302Â 963;A01;4.0;2;3.0;1.0;2007.0;5.0;1.0;;;0.0;0;;;2.0;7.0;0.0;2.0;5.0;13.0;1.0;;23;10;2019;08:20;1.0;988;98821;1;1.0;2.0;1.0;R.T.1; -22,0883300;166,3195100;2;1;;;2.0;2;0.0;2.0;35;850;3.0;;;2.0;0.0;1.0;70.0;;;
201900001919;138Â 302Â 963;A01;2.0;2;3.0;2.0;1934.0;5.0;1.0;;;0.0;0;;;2.0;7.0;0.0;2.0;5.0;13.0;1.0;;23;10;2019;08:20;1.0;988;98821;1;1.0;2.0;1.0;R.T.1; -22,0883300;166,3195100;2;1;;;2.0;2;0.0;2.0;35;850;3.0;;;2.0;0.0;1.0;70.0;;;
201900001919;138Â 302Â 963;A01;3.0;2;4.0;1.0;2010.0;5.0;3.0;;;0.0;0;;;2.0;7.0;0.0;2.0;5.0;13.0;1.0;;23;10;2019;08:20;1.0;988;98821;1;1.0;2.0;1.0;R.T.1; -22,0883300;166,3195100;2;1;;;2.0;2;0.0;2.0;35;850;3.0;;;2.0;0.0;1.0;70.0;;;
201900001920;138Â 302Â 961;A01;1.0;1;3.0;1.0;1997.0;1.0;2.0;;;0.0;0;;;3.0;33.0;14.0;0.0;0.0;1.0;1.0;;12;10;2019;12:10;1.0;977;97701;2;1.0;1.0;7.0;rt46 - tourterelle;17,8932790; -62,8372440;2;46;;;2.0;2;0.0;2.0;(1);(1);1.0;;;1.0;0.0;1.0;50.0;;;
201900001921;138Â 302Â 959;B01;1.0;1;1.0;1.0;1954.0;5.0;1.0;;;0.0;0;;;2.0;10.0;0.0;2.0;3.0;1.0;1.0;;24;10;2019;16:00;1.0;37;37027;1;1.0;2.0;3.0;11 Rue des Grandes Fontaines;47,3251230;0,9460200;3;976;;;2.0;2;0.0;1.0;14;0;1.0;;;2.0;0.0;1.0;80.0;Indre-et-Loire;24;Centre-Val de Loire
201900001921;138Â 302Â 960;A01;1.0;1;3.0;2.0;1948.0;5.0;1.0;;;0.0;0;;;1.0;7.0;0.0;2.0;3.0;13.0;1.0;;24;10;2019;16:00;1.0;37;37027;1;1.0;2.0;3.0;11 Rue des Grandes Fontaines;47,3251230;0,9460200;3;976;;;2.0;2;0.0;1.0;14;0;1.0;;;2.0;0.0;1.0;80.0;Indre-et-Loire;24;Centre-Val de Loire
201900001921;138Â 302Â 960;A01;9.0;2;1.0;2.0;2006.0;5.0;1.0;;;0.0;0;;;1.0;7.0;0.0;2.0;3.0;13.0;1.0;;24;10;2019;16:00;1.0;37;37027;1;1.0;2.0;3.0;11 Rue des Grandes Fontaines;47,3251230;0,9460200;3;976;;;2.0;2;0.0;1.0;14;0;1.0;;;2.0;0.0;1.0;80.0;Indre-et-Loire;24;Centre-Val de Loire
201900001921;138Â 302Â 960;A01;2.0;2;1.0;1.0;2009.0;5.0;1.0;;;0.0;0;;;1.0;7.0;0.0;2.0;3.0;13.0;1.0;;24;10;2019;16:00;1.0;37;37027;1;1.0;2.0;3.0;11 Rue des Grandes Fontaines;47,3251230;0,9460200;3;976;;;2.0;2;0.0;1.0;14;0;1.0;;;2.0;0.0;1.0;80.0;Indre-et-Loire;24;Centre-Val de Loire
201900001922;138Â 302Â 957;B01;1.0;1;3.0;2.0;1946.0;5.0;1.0;;;0.0;0;;;0.0;7.0;0.0;2.0;1.0;1.0;1.0;;20;10;2019;19:25;3.0;28;28062;1;1.0;2.0;1.0;57 Rue Georges BrÃ©ant;48,7631100;1,5223990;2;12;;;2.0;2;0.0;1.0;5;320;1.0;;;2.0;8.0;1.0;70.0;Eure-et-Loir;24;Centre-Val de Loire
201900001922;138Â 302Â 958;A01;1.0;1;2.0;2.0;1958.0;5.0;1.0;;;0.0;0;;;1.0;7.0;0.0;2.0;1.0;1.0;1.0;;20;10;2019;19:25;3.0;28;28062;1;1.0;2.0;1.0;57 Rue Georges BrÃ©ant;48,7631100;1,5223990;2;12;;;2.0;2;0.0;1.0;5;320;1.0;;;2.0;8.0;1.0;70.0;Eure-et-Loir;24;Centre-Val de Loire
201900001923;138Â 302Â 954;A01;1.0;1;2.0;2.0;1990.0;1.0;1.0;5.0;;0.0;0;;;1.0;7.0;0.0;0.0;3.0;1.0;1.0;;22;10;2019;19:30;5.0;91;91200;2;3.0;1.0;3.0;Avenue Pierre Mendes France;48,5275400;2,0281630;3;116;;;3.0;2;0.0;1.0;(1);(1);1.0;;;1.0;5.0;1.0;50.0;Essonne;11;Île-de-France
201900001923;138Â 302Â 955;B01;1.0;1;3.0;1.0;1972.0;0.0;1.0;;;0.0;0;;;2.0;7.0;0.0;0.0;1.0;15.0;1.0;;22;10;2019;19:30;5.0;91;91200;2;3.0;1.0;3.0;Avenue Pierre Mendes France;48,5275400;2,0281630;3;116;;;3.0;2;0.0;1.0;(1);(1);1.0;;;1.0;5.0;1.0;50.0;Essonne;11;Île-de-France
201900001924;138Â 302Â 952;A01;1.0;1;1.0;1.0;1967.0;1.0;1.0;;;0.0;0;;;2.0;7.0;0.0;2.0;3.0;19.0;1.0;;29;11;2019;12:40;1.0;16;16320;1;2.0;7.0;3.0;Intersection RD11 / RD 19;45,7623050;0,0354300;3;11;;;2.0;2;0.0;2.0;1;560;1.0;0.0;5.4;1.0;5.0;1.0;80.0;Charente;75;Nouvelle-Aquitaine
201900001924;138Â 302Â 953;B01;1.0;1;3.0;1.0;1987.0;4.0;2.0;7.0;9.0;0.0;0;;;1.0;33.0;0.0;2.0;6.0;1.0;1.0;;29;11;2019;12:40;1.0;16;16320;1;2.0;7.0;3.0;Intersection RD11 / RD 19;45,7623050;0,0354300;3;11;;;2.0;2;0.0;2.0;1;560;1.0;0.0;5.4;1.0;5.0;1.0;80.0;Charente;75;Nouvelle-Aquitaine
201900001925;138Â 302Â 950;B01;1.0;1;3.0;1.0;1988.0;5.0;2.0;6.0;;0.0;0;;;2.0;33.0;0.0;2.0;1.0;1.0;1.0;;28;11;2019;17:45;2.0;33;33056;2;2.0;1.0;1.0;Avenue du GÃ©nÃ©ral de Gaulle;44,9074430; -0,6392950;4;Avenue du GÃ©nÃ©ral de Gaulle;;;2.0;5;2.0;1.0;(1);(1);1.0;;;1.0;5.0;1.0;0.0;Gironde;75;Nouvelle-Aquitaine
201900001925;138Â 302Â 951;A01;1.0;1;1.0;1.0;2000.0;5.0;1.0;;;0.0;0;;;1.0;7.0;0.0;2.0;1.0;15.0;1.0;;28;11;2019;17:45;2.0;33;33056;2;2.0;1.0;1.0;Avenue du GÃ©nÃ©ral de Gaulle;44,9074430; -0,6392950;4;Avenue du GÃ©nÃ©ral de Gaulle;;;2.0;5;2.0;1.0;(1);(1);1.0;;;1.0;5.0;1.0;0.0;Gironde;75;Nouvelle-Aquitaine
201900001926;138Â 302Â 947;A01;1.0;1;2.0;1.0;1987.0;5.0;1.0;;;0.0;0;;;1.0;7.0;0.0;2.0;3.0;1.0;1.0;;29;11;2019;16:15;1.0;85;85097;1;1.0;1.0;5.0;D6;46,9313900; -1,1030300;3;6;;;2.0;2;0.0;1.0;75;500;2.0;;;1.0;0.0;1.0;80.0;Vendée;52;Pays de la Loire
201900001926;138Â 302Â 948;B01;9.0;2;1.0;2.0;2018.0;5.0;1.0;3.0;;0.0;0;;;2.0;7.0;0.0;2.0;8.0;1.0;1.0;;29;11;2019;16:15;1.0;85;85097;1;1.0;1.0;5.0;D6;46,9313900; -1,1030300;3;6;;;2.0;2;0.0;1.0;75;500;2.0;;;1.0;0.0;1.0;80.0;Vendée;52;Pays de la Loire
201900001926;138Â 302Â 948;B01;1.0;1;2.0;1.0;1964.0;5.0;1.0;;;0.0;0;;;2.0;7.0;0.0;2.0;8.0;1.0;1.0;;29;11;2019;16:15;1.0;85;85097;1;1.0;1.0;5.0;D6;46,9313900; -1,1030300;3;6;;;2.0;2;0.0;1.0;75;500;2.0;;;1.0;0.0;1.0;80.0;Vendée;52;Pays de la Loire
201900001926;138Â 302Â 949;C01;1.0;1;2.0;2.0;1986.0;1.0;1.0;;;0.0;0;;;1.0;7.0;0.0;2.0;1.0;1.0;1.0;;29;11;2019;16:15;1.0;85;85097;1;1.0;1.0;5.0;D6;46,9313900; -1,1030300;3;6;;;2.0;2;0.0;1.0;75;500;2.0;;;1.0;0.0;1.0;80.0;Vendée;52;Pays de la Loire
201900001927;138Â 302Â 946;A01;10.0;3;2.0;2.0;2013.0;2.0;0.0;;;3.0;3;2.0;;1.0;1.0;0.0;1.0;1.0;1.0;5.0;;28;11;2019;17:20;2.0;44;44052;2;1.0;1.0;6.0;La Lande des 3 Pointes;47,3449961; -2,0706043;4;;;;2.0;2;0.0;1.0;(1);(1);1.0;;;1.0;9.0;8.0;50.0;Loire-Atlantique;52;Pays de la Loire
201900001927;138Â 302Â 946;A01;1.0;1;1.0;1.0;2006.0;2.0;0.0;;;0.0;0;;;1.0;1.0;0.0;1.0;1.0;1.0;5.0;;28;11;2019;17:20;2.0;44;44052;2;1.0;1.0;6.0;La Lande des 3 Pointes;47,3449961; -2,0706043;4;;;;2.0;2;0.0;1.0;(1);(1);1.0;;;1.0;9.0;8.0;50.0;Loire-Atlantique;52;Pays de la Loire
201900001928;138Â 302Â 944;A01;10.0;3;3.0;2.0;1931.0;5.0;0.0;;;3.0;3;1.0;;1.0;14.0;0.0;1.0;2.0;23.0;1.0;;28;11;2019;11:00;1.0;76;76647;2;1.0;1.0;6.0;Rue FÃ©lix Faure;49,5298320;0,3578930;4;;;;2.0;2;0.0;1.0;(1);(1);1.0;;;2.0;0.0;1.0;50.0;Seine-Maritime;28;Normandie