Num_Acc;id_vehicule;num_veh;place;catu;grav;sexe;an_nais;trajet;secu1;secu2;secu3;locp;actp;etatp;id_usager;senc;catv;obs;obsm;choc;manv;motor;occutc;jour;mois;an;hrmn;lum;dep;com;agg;int;atm;col;adr;lat;long;catr;voie;v1;v2;circ;nbv;vosp;prof;pr;pr1;plan;lartpc;larrout;surf;infra;situ;vma;nom_departement;reg;nom_region
201900001928;138Â 302Â 944;A01;1.0;1;1.0;2.0;1985.0;4.0;1.0;;;0.0;0;;;1.0;14.0;0.0;1.0;2.0;23.0;1.0;;28;11;2019;11:00;1.0;76;76647;2;1.0;1.0;6.0;Rue FÃ©lix Faure;49,5298320;0,3578930;4;;;;2.0;2;0.0;1.0;(1);(1);1.0;;;2.0;0.0;1.0;50.0;Seine-Maritime;28;Normandie
201900001929;138Â 302Â 941;A01;1.0;1;1.0;2.0;1992.0;1.0;1.0;;;0.0;0;;;0.0;7.0;0.0;9.0;0.0;2.0;1.0;;28;11;2019;19:45;3.0;60;60045;1;1.0;2.0;2.0;Route de CrÃ©py;49,2154470;2,6669810;3;1324;;;2.0;2;0.0;1.0;5;600;1.0;;;2.0;0.0;1.0;80.0;Oise;32;Hauts-de-France
201900001929;138Â 302Â 942;B01;1.0;1;2.0;1.0;1991.0;9.0;2.0;6.0;;0.0;0;;;0.0;33.0;0.0;0.0;4.0;17.0;1.0;;28;11;2019;19:45;3.0;60;60045;1;1.0;2.0;2.0;Route de CrÃ©py;49,2154470;2,6669810;3;1324;;;2.0;2;0.0;1.0;5;600;1.0;;;2.0;0.0;1.0;80.0;Oise;32;Hauts-de-France
201900001930;138Â 302Â 939;B01;1.0;1;1.0;1.0;1994.0;1.0;1.0;;;0.0;0;;;0.0;7.0;0.0;2.0;3.0;15.0;1.0;;29;11;2019;17:50;5.0;62;62014;2;1.0;2.0;3.0;Rue du Portugal;50,6329960;2,4134710;4;157;0.0;D;2.0;2;0.0;1.0;(1);(1);1.0;;;2.0;0.0;1.0;50.0;Pas-de-Calais;32;Hauts-de-France
201900001930;138Â 302Â 940;A01;1.0;1;3.0;1.0;2001.0;0.0;2.0;6.0;;0.0;0;;;0.0;2.0;0.0;2.0;3.0;1.0;1.0;;29;11;2019;17:50;5.0;62;62014;2;1.0;2.0;3.0;Rue du Portugal;50,6329960;2,4134710;4;157;0.0;D;2.0;2;0.0;1.0;(1);(1);1.0;;;2.0;0.0;1.0;50.0;Pas-de-Calais;32;Hauts-de-France
201900001931;138Â 302Â 937;A01;4.0;2;2.0;1.0;2007.0;5.0;1.0;8.0;;;0;;;2.0;7.0;0.0;2.0;4.0;1.0;1.0;;28;11;2019;17:35;5.0;13;13071;1;1.0;1.0;2.0;A7-Sens Marseille vers Lyon;43,4035900;5,3089860;1;7;0.0;;1.0;3;0.0;1.0;265;0;1.0;;;1.0;1.0;1.0;110.0;Bouches-du-Rhône;93;Provence-Alpes-Côte d'Azur
201900001931;138Â 302Â 937;A01;1.0;1;2.0;2.0;1999.0;5.0;1.0;8.0;;;0;;;2.0;7.0;0.0;2.0;4.0;1.0;1.0;;28;11;2019;17:35;5.0;13;13071;1;1.0;1.0;2.0;A7-Sens Marseille vers Lyon;43,4035900;5,3089860;1;7;0.0;;1.0;3;0.0;1.0;265;0;1.0;;;1.0;1.0;1.0;110.0;Bouches-du-Rhône;93;Provence-Alpes-Côte d'Azur
201900001931;138Â 302Â 937;A01;2.0;2;2.0;2.0;2004.0;5.0;1.0;8.0;;;0;;;2.0;7.0;0.0;2.0;4.0;1.0;1.0;;28;11;2019;17:35;5.0;13;13071;1;1.0;1.0;2.0;A7-Sens Marseille vers Lyon;43,4035900;5,3089860;1;7;0.0;;1.0;3;0.0;1.0;265;0;1.0;;;1.0;1.0;1.0;110.0;Bouches-du-Rhône;93;Provence-Alpes-Côte d'Azur
201900001931;138Â 302Â 937;A01;3.0;2;2.0;2.0;1969.0;5.0;1.0;8.0;;;0;;;2.0;7.0;0.0;2.0;4.0;1.0;1.0;;28;11;2019;17:35;5.0;13;13071;1;1.0;1.0;2.0;A7-Sens Marseille vers Lyon;43,4035900;5,3089860;1;7;0.0;;1.0;3;0.0;1.0;265;0;1.0;;;1.0;1.0;1.0;110.0;Bouches-du-Rhône;93;Provence-Alpes-Côte d'Azur
201900001931;138Â 302Â 938;B01;1.0;1;2.0;2.0;1965.0;5.0;1.0;8.0;;; -1;;;2.0;7.0;0.0;2.0;1.0;1.0;1.0;;28;11;2019;17:35;5.0;13;13071;1;1.0;1.0;2.0;A7-Sens Marseille vers Lyon;43,4035900;5,3089860;1;7;0.0;;1.0;3;0.0;1.0;265;0;1.0;;;1.0;1.0;1.0;110.0;Bouches-du-Rhône;93;Provence-Alpes-Côte d'Azur
201900001932;138Â 302Â 936;A01;1.0;2;2.0;1.0;1960.0;1.0;1.0;0.0;;; -1;;;1.0;7.0;0.0;0.0;3.0;13.0;1.0;;28;11;2019;05:45;3.0;13;13106;1;1.0;1.0;7.0;A7-Sens Lyon vers Marseille;43,3989700;5,3493800;1;7;0.0;;1.0;2;0.0;2.0;271;500;3.0;;;2.0;0.0;1.0;90.0;Bouches-du-Rhône;93;Provence-Alpes-Côte d'Azur
201900001932;138Â 302Â 936;A01;1.0;1;2.0;1.0;1998.0;1.0;1.0;0.0;;0.0;0;;;1.0;7.0;0.0;0.0;3.0;13.0;1.0;;28;11;2019;05:45;3.0;13;13106;1;1.0;1.0;7.0;A7-Sens Lyon vers Marseille;43,3989700;5,3493800;1;7;0.0;;1.0;2;0.0;2.0;271;500;3.0;;;2.0;0.0;1.0;90.0;Bouches-du-Rhône;93;Provence-Alpes-Côte d'Azur
201900001933;138Â 302Â 935;A01;1.0;1;2.0;1.0;1990.0;0.0;1.0;0.0;;;0;;;1.0;10.0;0.0;2.0;4.0;1.0;1.0;;27;11;2019;21:00;3.0;13;13215;1;1.0;1.0;6.0;A7-Sens Lyon vers Marseille;43,3535050;5,3647720;1;7;0.0;;1.0;3;0.0;1.0;274;0;1.0;;;1.0;0.0;1.0;90.0;Bouches-du-Rhône;93;Provence-Alpes-Côte d'Azur
201900001934;138Â 302Â 933;A01;2.0;2;1.0;1.0;2017.0;0.0;3.0;8.0;;;0;;;1.0;7.0;0.0;2.0;6.0;9.0;1.0;;28;11;2019;10:30;1.0;33;33096;1;1.0;1.0;3.0;AUTOROUTE A 10;44,9094000; -0,4894200;1;10;0.0;;3.0;6;0.0;1.0;539;850;1.0;;;1.0;3.0;1.0;110.0;Gironde;75;Nouvelle-Aquitaine
201900001934;138Â 302Â 933;A01;1.0;1;2.0;2.0;1995.0;0.0;1.0;8.0;;;0;;;1.0;7.0;0.0;2.0;6.0;9.0;1.0;;28;11;2019;10:30;1.0;33;33096;1;1.0;1.0;3.0;AUTOROUTE A 10;44,9094000; -0,4894200;1;10;0.0;;3.0;6;0.0;1.0;539;850;1.0;;;1.0;3.0;1.0;110.0;Gironde;75;Nouvelle-Aquitaine
201900001934;138Â 302Â 934;B01;1.0;1;1.0;1.0;1987.0;4.0;1.0;8.0;;;0;;;1.0;14.0;0.0;2.0;2.0;1.0;1.0;;28;11;2019;10:30;1.0;33;33096;1;1.0;1.0;3.0;AUTOROUTE A 10;44,9094000; -0,4894200;1;10;0.0;;3.0;6;0.0;1.0;539;850;1.0;;;1.0;3.0;1.0;110.0;Gironde;75;Nouvelle-Aquitaine
201900001935;138Â 302Â 931;A01;1.0;1;1.0;2.0;1970.0;0.0;1.0;8.0;;; -1;;;1.0;7.0;0.0;2.0;3.0;13.0;1.0;;28;11;2019;08:50;1.0;33;33013;1;1.0;1.0;3.0;ROUTE NATIONALE 230;44,8502200; -0,5039000;2;230;0.0;;3.0;6;0.0;1.0;40;330;1.0;;;1.0;0.0;1.0;90.0;Gironde;75;Nouvelle-Aquitaine
201900001935;138Â 302Â 932;B01;1.0;1;2.0;1.0;1973.0;0.0;2.0;6.0;;; -1;;;1.0;33.0;0.0;2.0;7.0;1.0;1.0;;28;11;2019;08:50;1.0;33;33013;1;1.0;1.0;3.0;ROUTE NATIONALE 230;44,8502200; -0,5039000;2;230;0.0;;3.0;6;0.0;1.0;40;330;1.0;;;1.0;0.0;1.0;90.0;Gironde;75;Nouvelle-Aquitaine
201900001936;138Â 302Â 929;B01;1.0;1;1.0;1.0;1986.0;4.0;1.0;8.0;;;0;;;1.0;10.0;0.0;2.0;8.0;0.0;1.0;;27;11;2019;23:50;5.0;33;33487;1;1.0;3.0;2.0;AUTOROUTE A 10;44,9538800; -0,4569700;1;10;0.0;;3.0;6;0.0;2.0;534;49;1.0;;;2.0;2.0;1.0;130.0;Gironde;75;Nouvelle-Aquitaine
201900001936;138Â 302Â 930;A01;1.0;1;2.0;1.0;1986.0;0.0;1.0;8.0;;;0;;;1.0;7.0;3.0;2.0;2.0;0.0;1.0;;27;11;2019;23:50;5.0;33;33487;1;1.0;3.0;2.0;AUTOROUTE A 10;44,9538800; -0,4569700;1;10;0.0;;3.0;6;0.0;2.0;534;49;1.0;;;2.0;2.0;1.0;130.0;Gironde;75;Nouvelle-Aquitaine
201900001937;138Â 302Â 926;C01;1.0;1;2.0;1.0;1972.0;0.0;1.0;0.0;;;0;;;1.0;7.0;0.0;2.0;2.0;1.0;1.0;;28;11;2019;17:45;3.0;77;77384;1;1.0;1.0;5.0;AUTOROUTE A5A;48,6035000;2,5935000;1;5;0.0;A;3.0;3;0.0;1.0;5;699;1.0;;;2.0;0.0;1.0;130.0;Seine-et-Marne;11;Île-de-France
201900001937;138Â 302Â 927;B01;1.0;1;1.0;1.0;1991.0;0.0;1.0;0.0;;;0;;;1.0;14.0;0.0;2.0;3.0;23.0;1.0;;28;11;2019;17:45;3.0;77;77384;1;1.0;1.0;5.0;AUTOROUTE A5A;48,6035000;2,5935000;1;5;0.0;A;3.0;3;0.0;1.0;5;699;1.0;;;2.0;0.0;1.0;130.0;Seine-et-Marne;11;Île-de-France
201900001937;138Â 302Â 928;A01;1.0;1;2.0;1.0;1978.0;0.0;1.0;0.0;;;0;;;1.0;7.0;0.0;2.0;6.0;11.0;1.0;;28;11;2019;17:45;3.0;77;77384;1;1.0;1.0;5.0;AUTOROUTE A5A;48,6035000;2,5935000;1;5;0.0;A;3.0;3;0.0;1.0;5;699;1.0;;;2.0;0.0;1.0;130.0;Seine-et-Marne;11;Île-de-France
201900001938;138Â 302Â 922;D01;1.0;1;1.0;1.0;1969.0;1.0;2.0;6.0;;0.0;0;;;1.0;33.0;0.0;2.0;1.0;3.0;1.0;;26;11;2019;18:15;3.0;91;91340;1;1.0;1.0;5.0;AUTOROUTE A6;48,5964000;2,4418000;1;6;0.0;;3.0;6;0.0;1.0;29;260;1.0;;;1.0;0.0;1.0;110.0;Essonne;11;Île-de-France
201900001938;138Â 302Â 923;C01;1.0;1;1.0;1.0;1991.0;4.0;1.0;8.0;;0.0;0;;;1.0;7.0;0.0;2.0;3.0;1.0;1.0;;26;11;2019;18:15;3.0;91;91340;1;1.0;1.0;5.0;AUTOROUTE A6;48,5964000;2,4418000;1;6;0.0;;3.0;6;0.0;1.0;29;260;1.0;;;1.0;0.0;1.0;110.0;Essonne;11;Île-de-France
201900001938;138Â 302Â 924;B01;1.0;1;4.0;1.0;1973.0;1.0;2.0;6.0;;0.0;0;;;1.0;33.0;0.0;2.0;1.0;3.0;1.0;;26;11;2019;18:15;3.0;91;91340;1;1.0;1.0;5.0;AUTOROUTE A6;48,5964000;2,4418000;1;6;0.0;;3.0;6;0.0;1.0;29;260;1.0;;;1.0;0.0;1.0;110.0;Essonne;11;Île-de-France
201900001938;138Â 302Â 925;A01;1.0;1;1.0;1.0;1997.0;1.0;1.0;8.0;;0.0;0;;;1.0;7.0;0.0;2.0;5.0;14.0;1.0;;26;11;2019;18:15;3.0;91;91340;1;1.0;1.0;5.0;AUTOROUTE A6;48,5964000;2,4418000;1;6;0.0;;3.0;6;0.0;1.0;29;260;1.0;;;1.0;0.0;1.0;110.0;Essonne;11;Île-de-France
201900001939;138Â 302Â 920;B01;2.0;2;2.0;2.0;1999.0;1.0;2.0;6.0;;; -1;;;2.0;33.0;0.0;2.0;7.0;1.0;1.0;;28;11;2019;07:45;1.0;78;78158;1;1.0;1.0;3.0;A13;48,8321000;2,1401000;1;13;0.0;;1.0;4;0.0;1.0;9;530;1.0;;;1.0;0.0;1.0;110.0;Yvelines;11;Île-de-France
201900001939;138Â 302Â 920;B01;1.0;1;1.0;1.0;1968.0;1.0;2.0;6.0;;; -1;;;2.0;33.0;0.0;2.0;7.0;1.0;1.0;;28;11;2019;07:45;1.0;78;78158;1;1.0;1.0;3.0;A13;48,8321000;2,1401000;1;13;0.0;;1.0;4;0.0;1.0;9;530;1.0;;;1.0;0.0;1.0;110.0;Yvelines;11;Île-de-France
201900001939;138Â 302Â 921;A01;1.0;1;1.0;1.0;1969.0;1.0;1.0;4.0;;; -1;;;2.0;7.0;0.0;2.0;8.0;11.0;1.0;;28;11;2019;07:45;1.0;78;78158;1;1.0;1.0;3.0;A13;48,8321000;2,1401000;1;13;0.0;;1.0;4;0.0;1.0;9;530;1.0;;;1.0;0.0;1.0;110.0;Yvelines;11;Île-de-France
201900001940;138Â 302Â 917;A01;1.0;1;2.0;1.0;1996.0;1.0;2.0;8.0;;;0;;;1.0;33.0;0.0;2.0;1.0;3.0;1.0;;26;11;2019;19:15;3.0;92;92064;1;1.0;1.0;4.0;A13;48,8397123;2,1992775;1;13;0.0;;;3;0.0;1.0;4;900;1.0;;;2.0;0.0;1.0;110.0;Hauts-de-Seine;11;Île-de-France
201900001940;138Â 302Â 918;C01;1.0;1;1.0;2.0;1985.0;1.0;1.0;8.0;;;0;;;1.0;7.0;0.0;2.0;2.0;1.0;1.0;;26;11;2019;19:15;3.0;92;92064;1;1.0;1.0;4.0;A13;48,8397123;2,1992775;1;13;0.0;;;3;0.0;1.0;4;900;1.0;;;2.0;0.0;1.0;110.0;Hauts-de-Seine;11;Île-de-France
201900001940;138Â 302Â 919;B01;1.0;1;1.0;2.0;1974.0;5.0;1.0;8.0;;;0;;;1.0;7.0;0.0;2.0;4.0;11.0;1.0;;26;11;2019;19:15;3.0;92;92064;1;1.0;1.0;4.0;A13;48,8397123;2,1992775;1;13;0.0;;;3;0.0;1.0;4;900;1.0;;;2.0;0.0;1.0;110.0;Hauts-de-Seine;11;Île-de-France
201900001941;138Â 302Â 915;B01;1.0;1;1.0;2.0;1994.0;0.0;1.0;0.0;;; -1;;;1.0;7.0;0.0;2.0;5.0;1.0;1.0;;27;11;2019;19:20;3.0;93;93048;1;1.0;1.0;3.0;AUTOROUTE A86;48,8668300;2,4814600;1;86;0.0;;3.0;6;0.0;2.0;28;500;2.0;;;2.0;1.0;1.0;90.0;Seine-Saint-Denis;11;Île-de-France
201900001941;138Â 302Â 916;A01;1.0;1;1.0;1.0;1962.0;4.0;2.0;6.0;;; -1;;;1.0;33.0;0.0;2.0;3.0;3.0;1.0;;27;11;2019;19:20;3.0;93;93048;1;1.0;1.0;3.0;AUTOROUTE A86;48,8668300;2,4814600;1;86;0.0;;3.0;6;0.0;2.0;28;500;2.0;;;2.0;1.0;1.0;90.0;Seine-Saint-Denis;11;Île-de-France
201900001941;138Â 302Â 916;A01;2.0;2;3.0;2.0;1976.0;9.0;2.0;6.0;;; -1;;;1.0;33.0;0.0;2.0;3.0;3.0;1.0;;27;11;2019;19:20;3.0;93;93048;1;1.0;1.0;3.0;AUTOROUTE A86;48,8668300;2,4814600;1;86;0.0;;3.0;6;0.0;2.0;28;500;2.0;;;2.0;1.0;1.0;90.0;Seine-Saint-Denis;11;Île-de-France
201900001942;138Â 302Â 914;A01;1.0;1;1.0;1.0;1975.0;1.0;1.0;0.0;;;0;;;2.0;7.0;4.0;0.0;8.0;9.0;1.0;;27;11;2019;16:40;2.0;95;95582;1;1.0;2.0;6.0;AUTOROUTE A15;48,9635200;2,2639300;1;15;0.0;;3.0;11;0.0;1.0;7;925;1.0;;;2.0;0.0;1.0;110.0;Val-d'Oise;11;Île-de-France
201900001942;138Â 302Â 914;A01;4.0;2;2.0;1.0;1985.0;1.0;1.0;0.0;;;0;;;2.0;7.0;4.0;0.0;8.0;9.0;1.0;;27;11;2019;16:40;2.0;95;95582;1;1.0;2.0;6.0;AUTOROUTE A15;48,9635200;2,2639300;1;15;0.0;;3.0;11;0.0;1.0;7;925;1.0;;;2.0;0.0;1.0;110.0;Val-d'Oise;11;Île-de-France
201900001943;138Â 302Â 912;A01;1.0;1;1.0;1.0;1985.0;1.0;1.0;4.0;;;0;;;1.0;7.0;0.0;2.0;5.0;12.0;1.0;;27;11;2019;07:45;2.0;95;95306;1;1.0;2.0;2.0;AUTOROUTE A15;49,0020800;2,1712300;1;15;0.0;;3.0;6;0.0;1.0;16;100;1.0;;;2.0;0.0;1.0;110.0;Val-d'Oise;11;Île-de-France
201900001943;138Â 302Â 913;B01;1.0;1;2.0;1.0;1989.0;1.0;2.0;4.0;;;0;;;1.0;33.0;0.0;2.0;1.0;3.0;1.0;;27;11;2019;07:45;2.0;95;95306;1;1.0;2.0;2.0;AUTOROUTE A15;49,0020800;2,1712300;1;15;0.0;;3.0;6;0.0;1.0;16;100;1.0;;;2.0;0.0;1.0;110.0;Val-d'Oise;11;Île-de-France
201900001944;138Â 302Â 910;A01;1.0;1;2.0;2.0;1978.0;1.0;1.0;0.0;;;0;;;1.0;7.0;0.0;2.0;4.0;2.0;1.0;;26;11;2019;19:47;4.0;95;95424;1;1.0;1.0;2.0;AUTOROUTE A15;48,9905900;2,1952800;1;15;0.0;;3.0;8;0.0;1.0;13;899;1.0;;;1.0;0.0;1.0;110.0;Val-d'Oise;11;Île-de-France
201900001944;138Â 302Â 911;B01;1.0;1;2.0;2.0;1995.0;3.0;1.0;0.0;;;0;;;1.0;7.0;0.0;2.0;1.0;2.0;1.0;;26;11;2019;19:47;4.0;95;95424;1;1.0;1.0;2.0;AUTOROUTE A15;48,9905900;2,1952800;1;15;0.0;;3.0;8;0.0;1.0;13;899;1.0;;;1.0;0.0;1.0;110.0;Val-d'Oise;11;Île-de-France
201900001945;138Â 302Â 908;B01;1.0;1;2.0;1.0;1975.0;1.0;2.0;6.0;;;0;;;1.0;33.0;0.0;2.0;7.0;3.0;1.0;;28;11;2019;19:00;2.0;77;77258;1;1.0;1.0;3.0;RN104;48,8248750;2,6157140;2;104;0.0;;1.0;2;0.0;1.0;0;600;1.0;;;1.0;0.0;1.0;90.0;Seine-et-Marne;11;Île-de-France
201900001945;138Â 302Â 909;A01;1.0;1;1.0;1.0;1955.0;1.0;1.0;4.0;;;0;;;1.0;7.0;0.0;2.0;8.0;11.0;1.0;;28;11;2019;19:00;2.0;77;77258;1;1.0;1.0;3.0;RN104;48,8248750;2,6157140;2;104;0.0;;1.0;2;0.0;1.0;0;600;1.0;;;1.0;0.0;1.0;90.0;Seine-et-Marne;11;Île-de-France
201900001946;138Â 302Â 902;B01;4.0;2;1.0;2.0;2009.0;0.0;1.0;0.0;;0.0;0;;;1.0;7.0;0.0;2.0;1.0;1.0;1.0;;27;11;2019;09:40;1.0;34;34172;2;1.0;1.0;3.0;TOULOUSE (AVENUE DE;43,5850800;3,8508300;3;613;0.0;;;3;0.0;1.0;30;320;1.0;;;2.0;0.0;1.0;50.0;Hérault;76;Occitanie
201900001946;138Â 302Â 902;B01;3.0;2;1.0;1.0;2017.0;0.0;1.0;0.0;;0.0;0;;;1.0;7.0;0.0;2.0;1.0;1.0;1.0;;27;11;2019;09:40;1.0;34;34172;2;1.0;1.0;3.0;TOULOUSE (AVENUE DE;43,5850800;3,8508300;3;613;0.0;;;3;0.0;1.0;30;320;1.0;;;2.0;0.0;1.0;50.0;Hérault;76;Occitanie
201900001946;138Â 302Â 902;B01;2.0;2;1.0;1.0;1988.0;0.0;1.0;0.0;;0.0;0;;;1.0;7.0;0.0;2.0;1.0;1.0;1.0;;27;11;2019;09:40;1.0;34;34172;2;1.0;1.0;3.0;TOULOUSE (AVENUE DE;43,5850800;3,8508300;3;613;0.0;;;3;0.0;1.0;30;320;1.0;;;2.0;0.0;1.0;50.0;Hérault;76;Occitanie
201900001946;138Â 302Â 902;B01;1.0;1;1.0;1.0;1993.0;0.0;1.0;0.0;;0.0;0;;;1.0;7.0;0.0;2.0;1.0;1.0;1.0;;27;11;2019;09:40;1.0;34;34172;2;1.0;1.0;3.0;TOULOUSE (AVENUE DE;43,5850800;3,8508300;3;613;0.0;;;3;0.0;1.0;30;320;1.0;;;2.0;0.0;1.0;50.0;Hérault;76;Occitanie
201900001946;138Â 302Â 903;A01;1.0;1;2.0;1.0;1944.0;0.0;1.0;0.0;;0.0;0;;;2.0;7.0;0.0;2.0;8.0;10.0;1.0;;27;11;2019;09:40;1.0;34;34172;2;1.0;1.0;3.0;TOULOUSE (AVENUE DE;43,5850800;3,8508300;3;613;0.0;;;3;0.0;1.0;30;320;1.0;;;2.0;0.0;1.0;50.0;Hérault;76;Occitanie
201900001947;138Â 302Â 900;B01;1.0;1;1.0;1.0;1993.0;0.0;1.0;0.0;;0.0;0;;;2.0;10.0;0.0;2.0;1.0;1.0;1.0;;27;11;2019;08:20;1.0;34;34172;2;1.0;1.0;3.0;TOULOUSE (AVENUE DE;43,5868500;3,8530300;4;TOULOUSE (AVENUE DE;0.0;;2.0;3;0.0;1.0;(1);(1);1.0;;;1.0;0.0;1.0;50.0;Hérault;76;Occitanie
201900001947;138Â 302Â 901;A01;3.0;2;1.0;2.0;2013.0;5.0;1.0;0.0;;0.0;0;;;2.0;7.0;0.0;2.0;8.0;10.0;1.0;;27;11;2019;08:20;1.0;34;34172;2;1.0;1.0;3.0;TOULOUSE (AVENUE DE;43,5868500;3,8530300;4;TOULOUSE (AVENUE DE;0.0;;2.0;3;0.0;1.0;(1);(1);1.0;;;1.0;0.0;1.0;50.0;Hérault;76;Occitanie
201900001947;138Â 302Â 901;A01;1.0;1;2.0;2.0;1977.0;5.0;1.0;0.0;;0.0;0;;;2.0;7.0;0.0;2.0;8.0;10.0;1.0;;27;11;2019;08:20;1.0;34;34172;2;1.0;1.0;3.0;TOULOUSE (AVENUE DE;43,5868500;3,8530300;4;TOULOUSE (AVENUE DE;0.0;;2.0;3;0.0;1.0;(1);(1);1.0;;;1.0;0.0;1.0;50.0;Hérault;76;Occitanie
201900001948;138Â 302Â 898;B01;1.0;1;2.0;1.0;1985.0;1.0;2.0;0.0;;0.0;0;;;1.0;33.0;0.0;2.0;1.0;1.0;1.0;;27;11;2019;07:45;1.0;34;34198;1;1.0;1.0;3.0;FOIRE (ROUTE DE LA);43,5739700;3,9472400;4;FOIRE (ROUTE DE LA);0.0;;2.0;3;0.0;1.0;(1);(1);1.0;;;1.0;0.0;1.0;50.0;Hérault;76;Occitanie
201900001948;138Â 302Â 899;A01;1.0;1;1.0;1.0;1964.0;1.0;1.0;0.0;;0.0;0;;;2.0;7.0;0.0;2.0;2.0;15.0;1.0;;27;11;2019;07:45;1.0;34;34198;1;1.0;1.0;3.0;FOIRE (ROUTE DE LA);43,5739700;3,9472400;4;FOIRE (ROUTE DE LA);0.0;;2.0;3;0.0;1.0;(1);(1);1.0;;;1.0;0.0;1.0;50.0;Hérault;76;Occitanie
201900001949;138Â 302Â 897;A01;10.0;3;2.0;1.0;1992.0;0.0;8.0;0.0;;4.0;3;1.0;;3.0;10.0;0.0;1.0;1.0;1.0;1.0;;25;11;2019;13:20;1.0;34;34172;2;1.0;1.0;6.0;MARIE DE MONTPELLIER;43,6014300;3,8987700;4;MARIE DE MONTPELLIER;0.0;;1.0;;0.0;1.0;(1);(1);1.0;;;1.0;0.0;1.0;50.0;Hérault;76;Occitanie
201900001949;138Â 302Â 897;A01;1.0;1;1.0;2.0;1972.0;5.0;1.0;8.0;;0.0;0;;;3.0;10.0;0.0;1.0;1.0;1.0;1.0;;25;11;2019;13:20;1.0;34;34172;2;1.0;1.0;6.0;MARIE DE MONTPELLIER;43,6014300;3,8987700;4;MARIE DE MONTPELLIER;0.0;;1.0;;0.0;1.0;(1);(1);1.0;;;1.0;0.0;1.0;50.0;Hérault;76;Occitanie
201900001950;138Â 302Â 895;A01;1.0;1;1.0;1.0;1988.0;4.0;1.0;0.0;;0.0;0;;;3.0;15.0;0.0;2.0;1.0;2.0;1.0;;25;11;2019;18:00;5.0;06;06027;1;1.0;1.0;2.0;GARE AVENUE DE LA;43,6543530;7,1447960;7;(2085)   AVENUE DE LA GARE ;0.0;;2.0;2;0.0;1.0;0;0;1.0;;;1.0;0.0;1.0;50.0;Alpes-Maritimes;93;Provence-Alpes-Côte d'Azur
201900001950;138Â 302Â 896;B01;1.0;1;1.0;1.0;1991.0;3.0;1.0;0.0;;0.0;0;;;3.0;7.0;0.0;0.0;4.0;2.0;1.0;;25;11;2019;18:00;5.0;06;06027;1;1.0;1.0;2.0;GARE AVENUE DE LA;43,6543530;7,1447960;7;(2085)   AVENUE DE LA GARE ;0.0;;2.0;2;0.0;1.0;0;0;1.0;;;1.0;0.0;1.0;50.0;Alpes-Maritimes;93;Provence-Alpes-Côte d'Azur
201900001950;138Â 302Â 896;B01;2.0;2;2.0;2.0;1991.0;3.0;1.0;0.0;;0.0;0;;;3.0;7.0;0.0;0.0;4.0;2.0;1.0;;25;11;2019;18:00;5.0;06;06027;1;1.0;1.0;2.0;GARE AVENUE DE LA;43,6543530;7,1447960;7;(2085)   AVENUE DE LA GARE ;0.0;;2.0;2;0.0;1.0;0;0;1.0;;;1.0;0.0;1.0;50.0;Alpes-Maritimes;93;Provence-Alpes-Côte d'Azur
201900001951;138Â 302Â 892;A01;1.0;1;2.0;1.0;1974.0;0.0;2.0;6.0;;; -1;;;2.0;2.0;4.0;0.0;1.0;3.0;1.0;;24;11;2019;18:10;3.0;93;93006;1;1.0;1.0;6.0;AUTOROUTE A3;48,8662700;2,4227900;1;3;0.0;;3.0;8;0.0;1.0;0;800;1.0;;;1.0;0.0;1.0;90.0;Seine-Saint-Denis;11;Île-de-France
201900001952;138Â 302Â 890;B01;1.0;1;2.0;1.0;1963.0;5.0;2.0;6.0;;; -1;;;1.0;31.0;0.0;2.0;3.0;1.0;1.0;;27;11;2019;13:20;1.0;974;97416;1;6.0;1.0;1.0;ROND POINT DE LA BALANCE; -21,3254190;55,4860900;4;ROND POINT DE LA BALANCE;0.0;;2.0;2;0.0;2.0;10;0;1.0;;;1.0;0.0;1.0;50.0;La Réunion;04;La Réunion
201900001952;138Â 302Â 891;A01;1.0;1;1.0;2.0;1978.0;5.0;1.0;0.0;;; -1;;;1.0;3.0;0.0;2.0;1.0;17.0;1.0;;27;11;2019;13:20;1.0;974;97416;1;6.0;1.0;1.0;ROND POINT DE LA BALANCE; -21,3254190;55,4860900;4;ROND POINT DE LA BALANCE;0.0;;2.0;2;0.0;2.0;10;0;1.0;;;1.0;0.0;1.0;50.0;La Réunion;04;La Réunion
201900001953;138Â 302Â 887;C01;1.0;1;1.0;1.0;1973.0;0.0;1.0;0.0;;;0;;;3.0;7.0;0.0;2.0;7.0;1.0;1.0;;27;11;2019;17:30;5.0;69;69199;2;1.0;1.0;4.0;MARCEL SEMBAT                       (R );45,7104100;4,8473800;4;MARCEL SEMBAT                       (R );0.0;;2.0;2;1.0;1.0;0;0;1.0;;;1.0;0.0;1.0;50.0;Rhône;84;Auvergne-Rhône-Alpes