Num_Acc;id_vehicule;num_veh;place;catu;grav;sexe;an_nais;trajet;secu1;secu2;secu3;locp;actp;etatp;id_usager;senc;catv;obs;obsm;choc;manv;motor;occutc;jour;mois;an;hrmn;lum;dep;com;agg;int;atm;col;adr;lat;long;catr;voie;v1;v2;circ;nbv;vosp;prof;pr;pr1;plan;lartpc;larrout;surf;infra;situ;vma;nom_departement;reg;nom_region
201900001953;138Â 302Â 888;B01;4.0;2;1.0;2.0;2017.0;0.0;3.0;0.0;;;0;;;3.0;7.0;0.0;2.0;3.0;1.0;1.0;;27;11;2019;17:30;5.0;69;69199;2;1.0;1.0;4.0;MARCEL SEMBAT                       (R );45,7104100;4,8473800;4;MARCEL SEMBAT                       (R );0.0;;2.0;2;1.0;1.0;0;0;1.0;;;1.0;0.0;1.0;50.0;Rhône;84;Auvergne-Rhône-Alpes
201900001953;138Â 302Â 888;B01;1.0;1;2.0;2.0;1993.0;0.0;1.0;0.0;;;0;;;3.0;7.0;0.0;2.0;3.0;1.0;1.0;;27;11;2019;17:30;5.0;69;69199;2;1.0;1.0;4.0;MARCEL SEMBAT                       (R );45,7104100;4,8473800;4;MARCEL SEMBAT                       (R );0.0;;2.0;2;1.0;1.0;0;0;1.0;;;1.0;0.0;1.0;50.0;Rhône;84;Auvergne-Rhône-Alpes
201900001953;138Â 302Â 889;A01;1.0;1;1.0;1.0;1977.0;0.0;1.0;0.0;;;0;;;3.0;7.0;0.0;2.0;2.0;17.0;1.0;;27;11;2019;17:30;5.0;69;69199;2;1.0;1.0;4.0;MARCEL SEMBAT                       (R );45,7104100;4,8473800;4;MARCEL SEMBAT                       (R );0.0;;2.0;2;1.0;1.0;0;0;1.0;;;1.0;0.0;1.0;50.0;Rhône;84;Auvergne-Rhône-Alpes
201900001954;138Â 302Â 885;B01;1.0;1;2.0;2.0;1999.0;9.0;1.0;0.0;;; -1;;;3.0;7.0;0.0;2.0;1.0;2.0;1.0;;27;11;2019;12:00;1.0;69;69388;2;1.0;8.0;2.0;PROFESSEUR CALMETTE (DU)            (R );45,7431550;4,8769000;7;PROFESSEUR CALMETTE (DU)            (R );0.0;;2.0;3;0.0;1.0;0;0;1.0;;;1.0;0.0;1.0;50.0;Rhône;84;Auvergne-Rhône-Alpes
201900001954;138Â 302Â 885;B01;2.0;2;2.0;2.0;2001.0;0.0;1.0;0.0;;; -1;;;3.0;7.0;0.0;2.0;1.0;2.0;1.0;;27;11;2019;12:00;1.0;69;69388;2;1.0;8.0;2.0;PROFESSEUR CALMETTE (DU)            (R );45,7431550;4,8769000;7;PROFESSEUR CALMETTE (DU)            (R );0.0;;2.0;3;0.0;1.0;0;0;1.0;;;1.0;0.0;1.0;50.0;Rhône;84;Auvergne-Rhône-Alpes
201900001954;138Â 302Â 886;A01;1.0;1;1.0;1.0;1970.0;4.0;1.0;0.0;;; -1;;;3.0;37.0;0.0;2.0;4.0;23.0;1.0;1.0;27;11;2019;12:00;1.0;69;69388;2;1.0;8.0;2.0;PROFESSEUR CALMETTE (DU)            (R );45,7431550;4,8769000;7;PROFESSEUR CALMETTE (DU)            (R );0.0;;2.0;3;0.0;1.0;0;0;1.0;;;1.0;0.0;1.0;50.0;Rhône;84;Auvergne-Rhône-Alpes
201900001955;138Â 302Â 884;A01;1.0;1;1.0;1.0;1938.0;5.0;1.0;0.0;;0.0;0;;;2.0;7.0;0.0;1.0;1.0;15.0;1.0;;27;11;2019;14:40;1.0;69;69034;2;2.0;1.0;6.0;COSTE                               (R );45,7834000;4,8329300;4;COSTE                               (R );0.0;;2.0;2;0.0;1.0;0;0;1.0;;;1.0;0.0;1.0;50.0;Rhône;84;Auvergne-Rhône-Alpes
201900001955;138Â 302Â 884;A01;10.0;3;2.0;2.0;1936.0;9.0;0.0;;;3.0;3;2.0;;2.0;7.0;0.0;1.0;1.0;15.0;1.0;;27;11;2019;14:40;1.0;69;69034;2;2.0;1.0;6.0;COSTE                               (R );45,7834000;4,8329300;4;COSTE                               (R );0.0;;2.0;2;0.0;1.0;0;0;1.0;;;1.0;0.0;1.0;50.0;Rhône;84;Auvergne-Rhône-Alpes
201900001955;138Â 302Â 884;A01;10.0;3;2.0;1.0;1930.0;0.0;0.0;;;3.0;3;2.0;;2.0;7.0;0.0;1.0;1.0;15.0;1.0;;27;11;2019;14:40;1.0;69;69034;2;2.0;1.0;6.0;COSTE                               (R );45,7834000;4,8329300;4;COSTE                               (R );0.0;;2.0;2;0.0;1.0;0;0;1.0;;;1.0;0.0;1.0;50.0;Rhône;84;Auvergne-Rhône-Alpes
201900001956;138Â 302Â 883;A01;1.0;1;1.0;1.0;1978.0;0.0;2.0;6.0;;; -1;;;0.0;34.0;0.0;1.0;1.0;2.0;1.0;;26;11;2019;12:00;1.0;69;69389;2;1.0;1.0;6.0;BOURBONNAIS (DU)                    (R );45,7735300;4,7986000;7;BOURBONNAIS (DU)                    (R );0.0;;1.0;1;1.0;1.0;0;0;1.0;;;1.0;0.0;1.0;50.0;Rhône;84;Auvergne-Rhône-Alpes
201900001956;138Â 302Â 883;A01;10.0;3;3.0;1.0;1993.0;5.0;8.0;0.0;;1.0;3;1.0;;0.0;34.0;0.0;1.0;1.0;2.0;1.0;;26;11;2019;12:00;1.0;69;69389;2;1.0;1.0;6.0;BOURBONNAIS (DU)                    (R );45,7735300;4,7986000;7;BOURBONNAIS (DU)                    (R );0.0;;1.0;1;1.0;1.0;0;0;1.0;;;1.0;0.0;1.0;50.0;Rhône;84;Auvergne-Rhône-Alpes
201900001957;138Â 302Â 882;A01;1.0;1;1.0;1.0;1964.0;0.0;1.0;0.0;;;0;;;1.0;7.0;0.0;1.0;1.0;1.0;1.0;;27;11;2019;10:00;1.0;69;69034;2;1.0;8.0;6.0;JEAN PETIT                          (CH);45,8041200;4,8602900;4;JEAN PETIT                          (CH);0.0;;;2;0.0;1.0;0;0;1.0;;;2.0;0.0;1.0;50.0;Rhône;84;Auvergne-Rhône-Alpes
201900001957;138Â 302Â 882;A01;10.0;3;2.0;2.0;1940.0;3.0;8.0;0.0;;3.0;3;1.0;;1.0;7.0;0.0;1.0;1.0;1.0;1.0;;27;11;2019;10:00;1.0;69;69034;2;1.0;8.0;6.0;JEAN PETIT                          (CH);45,8041200;4,8602900;4;JEAN PETIT                          (CH);0.0;;;2;0.0;1.0;0;0;1.0;;;2.0;0.0;1.0;50.0;Rhône;84;Auvergne-Rhône-Alpes
201900001958;138Â 302Â 881;A01;1.0;1;1.0;1.0;1962.0;9.0;1.0;0.0;;0.0;3;;;3.0;7.0;0.0;1.0;1.0;26.0;1.0;;27;11;2019;07:50;1.0;971;97105;1;1.0;1.0;6.0;GASTON FEUILLARD(AVENUE);15,9995000; -61,7215000;9;GASTON FEUILLARD(AVENUE);0.0;;2.0;1;0.0;1.0;0;0;1.0;;;1.0;0.0;1.0;30.0;Guadeloupe;01;Guadeloupe
201900001958;138Â 302Â 881;A01;10.0;3;3.0;1.0;2005.0;1.0;8.0;0.0;;8.0;3;1.0;;3.0;7.0;0.0;1.0;1.0;26.0;1.0;;27;11;2019;07:50;1.0;971;97105;1;1.0;1.0;6.0;GASTON FEUILLARD(AVENUE);15,9995000; -61,7215000;9;GASTON FEUILLARD(AVENUE);0.0;;2.0;1;0.0;1.0;0;0;1.0;;;1.0;0.0;1.0;30.0;Guadeloupe;01;Guadeloupe
201900001959;138Â 302Â 880;A01;1.0;1;3.0;1.0;1990.0;0.0;1.0;8.0;;; -1;;;3.0;10.0;9.0;0.0;9.0;9.0;1.0;;24;11;2019;07:40;2.0;91;91228;2;1.0;1.0;7.0;CHAMPS ELYSEES(BD) NÂ°180 ET +NÂ°71+;48,6315100;2,4247900;3;92;0.0;;2.0;4;0.0;1.0;0;0;1.0;;;2.0;0.0;1.0;50.0;Essonne;11;Île-de-France
201900001960;138Â 302Â 878;B01;1.0;1;1.0;1.0;1979.0;0.0;1.0;0.0;;; -1;;;1.0;7.0;0.0;2.0;3.0;1.0;1.0;;27;11;2019;20:00;5.0;91;91174;2;1.0;8.0;3.0;BAS COUDRAY(RUE);48,6032780;2,4871200;4;BAS COUDRAY(RUE);0.0;;2.0;2;0.0;1.0;0;0;1.0;;;2.0;0.0;1.0;50.0;Essonne;11;Île-de-France
201900001960;138Â 302Â 879;A01;1.0;1;2.0;2.0;2000.0;0.0;1.0;5.0;;; -1;;;2.0;7.0;0.0;2.0;8.0;9.0;1.0;;27;11;2019;20:00;5.0;91;91174;2;1.0;8.0;3.0;BAS COUDRAY(RUE);48,6032780;2,4871200;4;BAS COUDRAY(RUE);0.0;;2.0;2;0.0;1.0;0;0;1.0;;;2.0;0.0;1.0;50.0;Essonne;11;Île-de-France
201900001961;138Â 302Â 873;A01;1.0;1;2.0;2.0;1996.0;5.0;1.0;0.0;;0.0;0;;;2.0;7.0;0.0;2.0;1.0;2.0;1.0;;25;11;2019;18:13;5.0;87;87085;1;1.0;2.0;4.0;AUTOROUTE A20;45,8476000;1,2767500;1;20;0.0;;3.0;4;0.0;4.0;181;199;1.0;;;2.0;0.0;1.0;90.0;Haute-Vienne;75;Nouvelle-Aquitaine
201900001961;138Â 302Â 874;B01;1.0;1;1.0;2.0;1981.0;5.0;1.0;0.0;;0.0;0;;;2.0;7.0;0.0;2.0;4.0;23.0;1.0;;25;11;2019;18:13;5.0;87;87085;1;1.0;2.0;4.0;AUTOROUTE A20;45,8476000;1,2767500;1;20;0.0;;3.0;4;0.0;4.0;181;199;1.0;;;2.0;0.0;1.0;90.0;Haute-Vienne;75;Nouvelle-Aquitaine
201900001961;138Â 302Â 875;C01;1.0;1;1.0;2.0;1998.0;5.0;1.0;0.0;;0.0;0;;;2.0;7.0;0.0;2.0;4.0;23.0;1.0;;25;11;2019;18:13;5.0;87;87085;1;1.0;2.0;4.0;AUTOROUTE A20;45,8476000;1,2767500;1;20;0.0;;3.0;4;0.0;4.0;181;199;1.0;;;2.0;0.0;1.0;90.0;Haute-Vienne;75;Nouvelle-Aquitaine
201900001961;138Â 302Â 876;D01;1.0;1;1.0;1.0;1974.0;1.0;1.0;0.0;;0.0;0;;;2.0;7.0;0.0;2.0;4.0;23.0;1.0;;25;11;2019;18:13;5.0;87;87085;1;1.0;2.0;4.0;AUTOROUTE A20;45,8476000;1,2767500;1;20;0.0;;3.0;4;0.0;4.0;181;199;1.0;;;2.0;0.0;1.0;90.0;Haute-Vienne;75;Nouvelle-Aquitaine
201900001961;138Â 302Â 877;E01;1.0;1;1.0;2.0;1979.0;1.0;1.0;0.0;;0.0;0;;;2.0;7.0;0.0;2.0;4.0;23.0;1.0;;25;11;2019;18:13;5.0;87;87085;1;1.0;2.0;4.0;AUTOROUTE A20;45,8476000;1,2767500;1;20;0.0;;3.0;4;0.0;4.0;181;199;1.0;;;2.0;0.0;1.0;90.0;Haute-Vienne;75;Nouvelle-Aquitaine
201900001962;138Â 302Â 871;B01;1.0;1;2.0;1.0;1999.0;5.0;2.0;8.0;;; -1;;;1.0;2.0;0.0;2.0;2.0;1.0;1.0;;25;11;2019;18:30;2.0;87;87085;2;1.0;1.0;3.0;MAS-LOUBIER (RUE DU);45,8385200;1,2526100;4;MAS-LOUBIER (RUE DU);0.0;;2.0;2;0.0;1.0;0;0;1.0;;;1.0;0.0;1.0;50.0;Haute-Vienne;75;Nouvelle-Aquitaine
201900001962;138Â 302Â 871;B01;2.0;2;2.0;2.0;1995.0;5.0;2.0;8.0;;; -1;;;1.0;2.0;0.0;2.0;2.0;1.0;1.0;;25;11;2019;18:30;2.0;87;87085;2;1.0;1.0;3.0;MAS-LOUBIER (RUE DU);45,8385200;1,2526100;4;MAS-LOUBIER (RUE DU);0.0;;2.0;2;0.0;1.0;0;0;1.0;;;1.0;0.0;1.0;50.0;Haute-Vienne;75;Nouvelle-Aquitaine
201900001962;138Â 302Â 872;A01;1.0;1;1.0;1.0;1968.0;5.0;1.0;0.0;;; -1;;;2.0;7.0;0.0;2.0;2.0;15.0;1.0;;25;11;2019;18:30;2.0;87;87085;2;1.0;1.0;3.0;MAS-LOUBIER (RUE DU);45,8385200;1,2526100;4;MAS-LOUBIER (RUE DU);0.0;;2.0;2;0.0;1.0;0;0;1.0;;;1.0;0.0;1.0;50.0;Haute-Vienne;75;Nouvelle-Aquitaine
201900001963;138Â 302Â 870;A01;10.0;3;2.0;1.0;1968.0;0.0;8.0;0.0;;4.0;3;1.0;;0.0;7.0;0.0;1.0;2.0;1.0;1.0;;26;11;2019;18:10;5.0;80;80021;2;1.0;1.0;6.0;PAUL CLAUDEL (AVENUE);49,8744700;2,2673600;4;PAUL CLAUDEL (AVENUE);0.0;;;2;0.0;1.0;0;0;1.0;;;1.0;0.0;1.0;50.0;Somme;32;Hauts-de-France
201900001963;138Â 302Â 870;A01;1.0;1;1.0;1.0;1999.0;0.0;1.0;0.0;;; -1;;;0.0;7.0;0.0;1.0;2.0;1.0;1.0;;26;11;2019;18:10;5.0;80;80021;2;1.0;1.0;6.0;PAUL CLAUDEL (AVENUE);49,8744700;2,2673600;4;PAUL CLAUDEL (AVENUE);0.0;;;2;0.0;1.0;0;0;1.0;;;1.0;0.0;1.0;50.0;Somme;32;Hauts-de-France
201900001964;138Â 302Â 869;A01;10.0;3;3.0;1.0;1960.0;1.0;0.0;;;4.0;3;1.0;;3.0;7.0;0.0;1.0;3.0;15.0;1.0;;25;11;2019;18:40;4.0;78;78646;2;2.0;1.0;6.0;PARIS (AVENUE DE);48,7985700;2,1439200;3;10;0.0;;2.0;6;0.0;2.0;2;502;1.0;;;2.0;5.0;1.0;50.0;Yvelines;11;Île-de-France
201900001964;138Â 302Â 869;A01;1.0;1;1.0;1.0;1956.0;5.0;1.0;0.0;;; -1;;;3.0;7.0;0.0;1.0;3.0;15.0;1.0;;25;11;2019;18:40;4.0;78;78646;2;2.0;1.0;6.0;PARIS (AVENUE DE);48,7985700;2,1439200;3;10;0.0;;2.0;6;0.0;2.0;2;502;1.0;;;2.0;5.0;1.0;50.0;Yvelines;11;Île-de-France
201900001965;138Â 302Â 868;A01;10.0;3;3.0;2.0;1981.0;5.0;0.0;;;2.0;3;1.0;;3.0;7.0;0.0;1.0;3.0;21.0;1.0;;22;11;2019;21:30;5.0;77;77296;2;1.0;2.0;6.0;EUROPE(AVENUE DE L');48,6290020;2,5768030;4;EUROPE(AVENUE DE L');0.0;;1.0;1;0.0;2.0;0;1;2.0;;;2.0;2.0;1.0;50.0;Seine-et-Marne;11;Île-de-France
201900001965;138Â 302Â 868;A01;1.0;1;1.0;1.0;1989.0;5.0;1.0;0.0;;0.0;0;;;3.0;7.0;0.0;1.0;3.0;21.0;1.0;;22;11;2019;21:30;5.0;77;77296;2;1.0;2.0;6.0;EUROPE(AVENUE DE L');48,6290020;2,5768030;4;EUROPE(AVENUE DE L');0.0;;1.0;1;0.0;2.0;0;1;2.0;;;2.0;2.0;1.0;50.0;Seine-et-Marne;11;Île-de-France
201900001966;138Â 302Â 866;B01;1.0;1;3.0;1.0;1997.0;0.0;2.0;0.0;;;0;;;2.0;30.0;0.0;2.0;1.0;1.0;1.0;;26;11;2019;20:20;3.0;77;77335;1;2.0;2.0;3.0;N3 X D129;48,9574700;2,8498300;2;3;0.0;;2.0;2;0.0;1.0;18;788;1.0;;;2.0;5.0;1.0;80.0;Seine-et-Marne;11;Île-de-France
201900001966;138Â 302Â 867;A01;1.0;1;1.0;2.0;1991.0;0.0;1.0;0.0;;;0;;;2.0;7.0;0.0;2.0;2.0;1.0;1.0;;26;11;2019;20:20;3.0;77;77335;1;2.0;2.0;3.0;N3 X D129;48,9574700;2,8498300;2;3;0.0;;2.0;2;0.0;1.0;18;788;1.0;;;2.0;5.0;1.0;80.0;Seine-et-Marne;11;Île-de-France
201900001967;138Â 302Â 865;A01;1.0;1;2.0;1.0;1994.0;5.0;8.0;0.0;;0.0;0;;;0.0;1.0;0.0;2.0;4.0;2.0;5.0;;26;11;2019;16:45;1.0;76;76498;2;1.0;1.0;2.0;KENNEDY. RUE DU PRESIDENT;49,4317400;1,0702000;4;KENNEDY. RUE DU PRESIDENT;0.0;;1.0;1;0.0;1.0;0;0;1.0;;;1.0;0.0;1.0;30.0;Seine-Maritime;28;Normandie
201900001968;138Â 302Â 863;A01;1.0;1;1.0;1.0;1995.0;0.0;1.0;0.0;;; -1;;;3.0;10.0;0.0;1.0;4.0;26.0;1.0;;26;11;2019;11:40;1.0;76;76484;2;1.0;1.0;6.0;CARNOT. RUE SADI;49,3422000;1,0912700;4;CARNOT. RUE SADI;0.0;;2.0;2;0.0;2.0;1;0;1.0;;;1.0;0.0;1.0;50.0;Seine-Maritime;28;Normandie
201900001968;138Â 302Â 863;A01;10.0;3;3.0;1.0;1952.0;0.0;8.0;0.0;;9.0;3;1.0;;3.0;10.0;0.0;1.0;4.0;26.0;1.0;;26;11;2019;11:40;1.0;76;76484;2;1.0;1.0;6.0;CARNOT. RUE SADI;49,3422000;1,0912700;4;CARNOT. RUE SADI;0.0;;2.0;2;0.0;2.0;1;0;1.0;;;1.0;0.0;1.0;50.0;Seine-Maritime;28;Normandie
201900001969;138Â 302Â 861;B01;1.0;1;2.0;1.0;1971.0;0.0;2.0;0.0;;0.0;0;;;0.0;1.0;0.0;2.0;7.0;1.0;5.0;;25;11;2019;17:30;5.0;76;76351;2;6.0;1.0;3.0;IRENE JOLIOT CURIE (RUE);49,5318400;0,1031600;3;147;0.0;;1.0;2;0.0;1.0;5;270;2.0;;;1.0;0.0;1.0;50.0;Seine-Maritime;28;Normandie
201900001969;138Â 302Â 862;A01;1.0;1;1.0;1.0;1998.0;0.0;1.0;0.0;;0.0;0;;;0.0;7.0;0.0;2.0;1.0;9.0;1.0;;25;11;2019;17:30;5.0;76;76351;2;6.0;1.0;3.0;IRENE JOLIOT CURIE (RUE);49,5318400;0,1031600;3;147;0.0;;1.0;2;0.0;1.0;5;270;2.0;;;1.0;0.0;1.0;50.0;Seine-Maritime;28;Normandie
201900001970;138Â 302Â 859;A01;1.0;1;2.0;1.0;1988.0;0.0;2.0;6.0;;;0;;;1.0;32.0;0.0;2.0;1.0;1.0;1.0;;27;11;2019;19:45;3.0;74;74298;2;1.0;2.0;3.0;TANINGES (ROUTE DE );46,1897900;6,2621400;3;907;0.0;;2.0;2;0.0;1.0;0;950;1.0;;;2.0;0.0;1.0;50.0;Haute-Savoie;84;Auvergne-Rhône-Alpes
201900001970;138Â 302Â 860;B01;1.0;1;1.0;2.0;1978.0;0.0;1.0;0.0;;;0;;;1.0;7.0;0.0;2.0;8.0;15.0;1.0;;27;11;2019;19:45;3.0;74;74298;2;1.0;2.0;3.0;TANINGES (ROUTE DE );46,1897900;6,2621400;3;907;0.0;;2.0;2;0.0;1.0;0;950;1.0;;;2.0;0.0;1.0;50.0;Haute-Savoie;84;Auvergne-Rhône-Alpes
201900001971;138Â 302Â 858;A01;10.0;3;2.0;2.0;2005.0;2.0;8.0;0.0;;2.0;3;2.0;;1.0;7.0;0.0;1.0;2.0;1.0;0.0;;27;11;2019;07:40;4.0;74;74012;2;1.0;3.0;6.0;BONNEVILLE (ROUTE DE);46,1823548;6,2381617;3;1205;0.0;;2.0;2;0.0;1.0;3;300;1.0;;;2.0;0.0;1.0;50.0;Haute-Savoie;84;Auvergne-Rhône-Alpes
201900001971;138Â 302Â 858;A01;1.0;1;1.0;1.0;1997.0;2.0;1.0;0.0;;0.0;0;;;1.0;7.0;0.0;1.0;2.0;1.0;0.0;;27;11;2019;07:40;4.0;74;74012;2;1.0;3.0;6.0;BONNEVILLE (ROUTE DE);46,1823548;6,2381617;3;1205;0.0;;2.0;2;0.0;1.0;3;300;1.0;;;2.0;0.0;1.0;50.0;Haute-Savoie;84;Auvergne-Rhône-Alpes
201900001972;138Â 302Â 857;A01;10.0;3;2.0;1.0;2004.0;5.0;8.0;0.0;;3.0;3;1.0;;3.0;7.0;0.0;1.0;1.0;15.0;1.0;;26;11;2019;17:15;4.0;71;71270;2;1.0;1.0;6.0;PROVENCE (RUE DE);46,3168400;4,8325400;4;PROVENCE (RUE DE);0.0;;2.0;1;0.0;1.0;0;0;1.0;;;1.0;0.0;1.0;50.0;Saône-et-Loire;27;Bourgogne-Franche-Comté
201900001972;138Â 302Â 857;A01;1.0;1;1.0;1.0;1991.0;5.0;8.0;0.0;;0.0;0;;;3.0;7.0;0.0;1.0;1.0;15.0;1.0;;26;11;2019;17:15;4.0;71;71270;2;1.0;1.0;6.0;PROVENCE (RUE DE);46,3168400;4,8325400;4;PROVENCE (RUE DE);0.0;;2.0;1;0.0;1.0;0;0;1.0;;;1.0;0.0;1.0;50.0;Saône-et-Loire;27;Bourgogne-Franche-Comté
201900001973;138Â 302Â 854;A01;1.0;1;1.0;1.0;1975.0;1.0;1.0;8.0;;; -1;;;1.0;7.0;0.0;2.0;2.0;15.0;1.0;;27;11;2019;06:50;5.0;69;69275;2;2.0;1.0;3.0;CARNOT                              (R );45,7632400;4,9705900;4;CARNOT                              (R );0.0;;2.0;2;0.0;3.0;0;0;2.0;;;2.0;5.0;1.0;30.0;Rhône;84;Auvergne-Rhône-Alpes
201900001973;138Â 302Â 855;B01;1.0;1;2.0;1.0;1965.0;1.0;2.0;8.0;;; -1;;;2.0;1.0;0.0;2.0;1.0;1.0;5.0;;27;11;2019;06:50;5.0;69;69275;2;2.0;1.0;3.0;CARNOT                              (R );45,7632400;4,9705900;4;CARNOT                              (R );0.0;;2.0;2;0.0;3.0;0;0;2.0;;;2.0;5.0;1.0;30.0;Rhône;84;Auvergne-Rhône-Alpes
201900001974;138Â 302Â 853;Z01;10.0;3;2.0;1.0;1950.0;5.0;8.0;0.0;;4.0;3;1.0;;2.0;7.0;0.0;1.0;1.0;15.0;0.0;;19;11;2019;10:10;1.0;68;68297;2;1.0;1.0;7.0;BALE ( AVE DE)FRONTIERE;47,5779850;7,5711460;3;66;0.0;;2.0;2;0.0;1.0;74;650;1.0;;;1.0;0.0;1.0;50.0;Haut-Rhin;44;Grand Est
201900001975;138Â 302Â 850;B01;1.0;1;2.0;2.0;1994.0;1.0;1.0;0.0;;; -1;;;1.0;7.0;0.0;2.0;4.0;2.0;1.0;;26;11;2019;18:53;3.0;66;66136;2;1.0;1.0;2.0;R D 900;42,6804200;2,8743900;4;R D 900;0.0;;3.0;4;0.0;1.0;0;0;1.0;;;1.0;0.0;1.0;80.0;Pyrénées-Orientales;76;Occitanie
201900001975;138Â 302Â 851;A01;1.0;1;1.0;2.0;1988.0;9.0;1.0;0.0;;; -1;;;1.0;7.0;0.0;2.0;1.0;2.0;1.0;;26;11;2019;18:53;3.0;66;66136;2;1.0;1.0;2.0;R D 900;42,6804200;2,8743900;4;R D 900;0.0;;3.0;4;0.0;1.0;0;0;1.0;;;1.0;0.0;1.0;80.0;Pyrénées-Orientales;76;Occitanie
201900001976;138Â 302Â 849;A01;10.0;3;2.0;1.0;1991.0;3.0;0.0;;;2.0;3;1.0;;2.0;7.0;0.0;1.0;3.0;9.0;1.0;;27;11;2019;17:55;2.0;65;65440;2;5.0;1.0;6.0;CORPS FRANC POMMIES (IMPASSE DU);43,2365970;0,0552010;3;935;0.0;B;3.0;1;0.0;1.0;1;113;2.0;;;1.0;6.0;1.0;50.0;Hautes-Pyrénées;76;Occitanie
201900001976;138Â 302Â 849;A01;1.0;1;1.0;2.0;1977.0;5.0;1.0;8.0;;0.0;0;;;2.0;7.0;0.0;1.0;3.0;9.0;1.0;;27;11;2019;17:55;2.0;65;65440;2;5.0;1.0;6.0;CORPS FRANC POMMIES (IMPASSE DU);43,2365970;0,0552010;3;935;0.0;B;3.0;1;0.0;1.0;1;113;2.0;;;1.0;6.0;1.0;50.0;Hautes-Pyrénées;76;Occitanie
201900001977;138Â 302Â 847;A01;1.0;1;3.0;1.0;1975.0;9.0;1.0;8.0;;;0;;;2.0;7.0;9.0;2.0;1.0;1.0;1.0;;27;11;2019;16:35;1.0;64;64445;2;6.0;1.0;6.0;PAIX;43,3210600; -0,3585900;4;PAIX;0.0;;1.0;5;1.0;1.0;0;0;1.0;;;1.0;0.0;1.0;50.0;Pyrénées-Atlantiques;75;Nouvelle-Aquitaine
201900001977;138Â 302Â 848;B01;1.0;1;1.0;1.0;1985.0;9.0;1.0;8.0;;;0;;;2.0;7.0;0.0;2.0;4.0;1.0;1.0;;27;11;2019;16:35;1.0;64;64445;2;6.0;1.0;6.0;PAIX;43,3210600; -0,3585900;4;PAIX;0.0;;1.0;5;1.0;1.0;0;0;1.0;;;1.0;0.0;1.0;50.0;Pyrénées-Atlantiques;75;Nouvelle-Aquitaine
201900001978;138Â 302Â 845;B01;1.0;1;1.0;1.0;1969.0;0.0;1.0;0.0;;0.0;0;;;3.0;7.0;0.0;2.0;2.0;1.0;1.0;;27;11;2019;13:40;1.0;64;64132;2;1.0;1.0;3.0;AVIATION, Bd;43,3054400; -0,3286100;4;AVIATION, Bd;0.0;;1.0;1;0.0;1.0;0;0;3.0;;;1.0;9.0;1.0;50.0;Pyrénées-Atlantiques;75;Nouvelle-Aquitaine
201900001978;138Â 302Â 846;A01;1.0;1;2.0;2.0;1949.0;5.0;8.0;0.0;;0.0;0;;;3.0;2.0;0.0;2.0;8.0;18.0;1.0;;27;11;2019;13:40;1.0;64;64132;2;1.0;1.0;3.0;AVIATION, Bd;43,3054400; -0,3286100;4;AVIATION, Bd;0.0;;1.0;1;0.0;1.0;0;0;3.0;;;1.0;9.0;1.0;50.0;Pyrénées-Atlantiques;75;Nouvelle-Aquitaine
201900001979;138Â 302Â 842;A01;10.0;3;3.0;2.0;2010.0;2.0;0.0;;;2.0;3;1.0;;1.0;7.0;0.0;1.0;3.0;2.0;1.0;;25;11;2019;13:55;1.0;57;57757;2;1.0;1.0;6.0;PASTEUR (RUE);49,3473300;6,1851000;4;PASTEUR (RUE);0.0;;2.0;2;0.0;1.0;0;0;1.0;;;1.0;9.0;1.0;50.0;Moselle;44;Grand Est
201900001979;138Â 302Â 842;A01;1.0;1;1.0;2.0;1991.0;1.0;1.0;0.0;;; -1;;;1.0;7.0;0.0;1.0;3.0;2.0;1.0;;25;11;2019;13:55;1.0;57;57757;2;1.0;1.0;6.0;PASTEUR (RUE);49,3473300;6,1851000;4;PASTEUR (RUE);0.0;;2.0;2;0.0;1.0;0;0;1.0;;;1.0;9.0;1.0;50.0;Moselle;44;Grand Est
201900001980;138Â 302Â 841;A01;10.0;3;4.0;1.0;1956.0;5.0;0.0;0.0;;5.0;B;1.0;;2.0;10.0;0.0;1.0;3.0;24.0;1.0;;25;11;2019;15:40;1.0;56;56121;2;1.0;1.0;6.0;COMBES (RUE  EMILE );47,7569400; -3,3727500;4;COMBES (RUE  EMILE );0.0;;2.0;2;0.0;2.0;0;0;1.0;;;1.0;0.0;1.0;30.0;Morbihan;53;Bretagne
201900001981;138Â 302Â 838;B01;1.0;1;1.0;1.0;1965.0;0.0;1.0;0.0;;;0;;;1.0;7.0;0.0;2.0;3.0;16.0;1.0;;25;11;2019;13:05;1.0;54;54395;2;2.0;1.0;1.0;LEOPOLD (COURS);48,6970500;6,1756440;4;LEOPOLD (COURS);0.0;;1.0;2;2.0;1.0;0;0;1.0;;;1.0;0.0;1.0;50.0;Meurthe-et-Moselle;44;Grand Est