Num_Acc;id_vehicule;num_veh;place;catu;grav;sexe;an_nais;trajet;secu1;secu2;secu3;locp;actp;etatp;id_usager;senc;catv;obs;obsm;choc;manv;motor;occutc;jour;mois;an;hrmn;lum;dep;com;agg;int;atm;col;adr;lat;long;catr;voie;v1;v2;circ;nbv;vosp;prof;pr;pr1;plan;lartpc;larrout;surf;infra;situ;vma;nom_departement;reg;nom_region
201900001981;138Â 302Â 839;A01;1.0;1;2.0;1.0;1986.0;1.0;2.0;0.0;;;0;;;2.0;1.0;0.0;2.0;1.0;1.0;5.0;;25;11;2019;13:05;1.0;54;54395;2;2.0;1.0;1.0;LEOPOLD (COURS);48,6970500;6,1756440;4;LEOPOLD (COURS);0.0;;1.0;2;2.0;1.0;0;0;1.0;;;1.0;0.0;1.0;50.0;Meurthe-et-Moselle;44;Grand Est
201900001982;138Â 302Â 836;A01;1.0;1;1.0;2.0;1988.0;0.0;1.0;0.0;;;0;;;0.0;7.0;0.0;2.0;4.0;23.0;0.0;;27;11;2019;12:30;1.0;51;51454;2;1.0;1.0;2.0;BOULEVARD DES BELGES;49,2763057;4,0267351;4;BOULEVARD DES BELGES;0.0;;2.0;2;0.0;1.0;(1);(1);1.0;;;1.0;0.0;1.0;50.0;Marne;44;Grand Est
201900001982;138Â 302Â 836;A01;2.0;2;2.0;2.0;1988.0;0.0;1.0;0.0;;;0;;;0.0;7.0;0.0;2.0;4.0;23.0;0.0;;27;11;2019;12:30;1.0;51;51454;2;1.0;1.0;2.0;BOULEVARD DES BELGES;49,2763057;4,0267351;4;BOULEVARD DES BELGES;0.0;;2.0;2;0.0;1.0;(1);(1);1.0;;;1.0;0.0;1.0;50.0;Marne;44;Grand Est
201900001982;138Â 302Â 837;B01;1.0;1;1.0;1.0;1978.0;0.0;1.0;0.0;;;0;;;0.0;7.0;0.0;2.0;1.0;2.0;0.0;;27;11;2019;12:30;1.0;51;51454;2;1.0;1.0;2.0;BOULEVARD DES BELGES;49,2763057;4,0267351;4;BOULEVARD DES BELGES;0.0;;2.0;2;0.0;1.0;(1);(1);1.0;;;1.0;0.0;1.0;50.0;Marne;44;Grand Est
201900001983;138Â 302Â 832;A01;1.0;1;1.0;1.0;2001.0;0.0;1.0;0.0;;; -1;;;1.0;7.0;0.0;2.0;3.0;16.0;1.0;;26;11;2019;17:37;5.0;45;45004;2;3.0;1.0;3.0;R DE LA NIVELLE - ACCES D2060;47,9848102;2,7492141;3;943;0.0;;2.0;2;0.0;1.0;2;654;2.0;;;1.0;0.0;1.0;50.0;Loiret;24;Centre-Val de Loire
201900001983;138Â 302Â 833;B01;1.0;1;2.0;1.0;1980.0;0.0;2.0;0.0;;0.0;0;;;1.0;30.0;0.0;2.0;1.0;1.0;1.0;;26;11;2019;17:37;5.0;45;45004;2;3.0;1.0;3.0;R DE LA NIVELLE - ACCES D2060;47,9848102;2,7492141;3;943;0.0;;2.0;2;0.0;1.0;2;654;2.0;;;1.0;0.0;1.0;50.0;Loiret;24;Centre-Val de Loire
201900001984;138Â 302Â 831;A01;1.0;1;1.0;1.0;1962.0;1.0;2.0;0.0;;; -1;;;1.0;30.0;0.0;1.0;7.0;1.0;1.0;;27;11;2019;07:00;5.0;44;44109;2;1.0;2.0;6.0;BD MARTYRS N. DE LA RESISTANCE;47,2048900; -1,5470400;4;;0.0;;1.0;0;0.0;1.0;0;0;1.0;;;2.0;0.0;1.0;50.0;Loire-Atlantique;52;Pays de la Loire
201900001984;138Â 302Â 831;A01;10.0;3;2.0;2.0;1975.0;0.0;8.0;0.0;;3.0;3;1.0;;1.0;30.0;0.0;1.0;7.0;1.0;1.0;;27;11;2019;07:00;5.0;44;44109;2;1.0;2.0;6.0;BD MARTYRS N. DE LA RESISTANCE;47,2048900; -1,5470400;4;;0.0;;1.0;0;0.0;1.0;0;0;1.0;;;2.0;0.0;1.0;50.0;Loire-Atlantique;52;Pays de la Loire
201900001985;138Â 302Â 829;A01;10.0;3;3.0;2.0;1938.0;0.0;8.0;0.0;;3.0;3;2.0;;1.0;7.0;0.0;1.0;3.0;9.0;1.0;;27;11;2019;17:34;5.0;41;41018;2;1.0;1.0;6.0;FOIX (QUAI DU);47,5812600;1,3283800;4;FOIX (QUAI DU);0.0;;;2;0.0;1.0;0;0;1.0;;;2.0;0.0;1.0;50.0;Loir-et-Cher;24;Centre-Val de Loire
201900001985;138Â 302Â 829;A01;1.0;1;1.0;2.0;1964.0;1.0;1.0;0.0;;0.0; -1;;;1.0;7.0;0.0;1.0;3.0;9.0;1.0;;27;11;2019;17:34;5.0;41;41018;2;1.0;1.0;6.0;FOIX (QUAI DU);47,5812600;1,3283800;4;FOIX (QUAI DU);0.0;;;2;0.0;1.0;0;0;1.0;;;2.0;0.0;1.0;50.0;Loir-et-Cher;24;Centre-Val de Loire
201900001985;138Â 302Â 829;A01;10.0;3;2.0;1.0;1935.0;5.0;8.0;0.0;;3.0;3;2.0;;1.0;7.0;0.0;1.0;3.0;9.0;1.0;;27;11;2019;17:34;5.0;41;41018;2;1.0;1.0;6.0;FOIX (QUAI DU);47,5812600;1,3283800;4;FOIX (QUAI DU);0.0;;;2;0.0;1.0;0;0;1.0;;;2.0;0.0;1.0;50.0;Loir-et-Cher;24;Centre-Val de Loire
201900001986;138Â 302Â 825;A01;1.0;1;1.0;2.0;1999.0;9.0;1.0;0.0;;;0;;;3.0;7.0;0.0;2.0;1.0;1.0;1.0;;25;11;2019;21:35;5.0;37;37261;2;2.0;2.0;3.0;RENAULT (RUE DU GAL);47,3797300;0,6773800;4;RENAULT (RUE DU GAL);0.0;;2.0;2;0.0;1.0;0;0;1.0;;;2.0;5.0;1.0;50.0;Indre-et-Loire;24;Centre-Val de Loire
201900001986;138Â 302Â 826;B01;1.0;1;2.0;1.0;1956.0;9.0;1.0;0.0;;;0;;;3.0;7.0;0.0;2.0;7.0;1.0;1.0;;25;11;2019;21:35;5.0;37;37261;2;2.0;2.0;3.0;RENAULT (RUE DU GAL);47,3797300;0,6773800;4;RENAULT (RUE DU GAL);0.0;;2.0;2;0.0;1.0;0;0;1.0;;;2.0;5.0;1.0;50.0;Indre-et-Loire;24;Centre-Val de Loire
201900001987;138Â 302Â 823;A01;1.0;1;1.0;1.0;1939.0;5.0;1.0;8.0;;;0;;;3.0;7.0;0.0;2.0;1.0;1.0;1.0;;27;11;2019;19:15;5.0;37;37214;2;1.0;1.0;6.0;DE GAULLE (BD CHARLES);47,4177118;0,6655841;4;DE GAULLE (BD CHARLES);0.0;;2.0;2;0.0;1.0;0;0;1.0;;;1.0;0.0;1.0;50.0;Indre-et-Loire;24;Centre-Val de Loire
201900001987;138Â 302Â 824;B01;1.0;1;2.0;2.0;1955.0;5.0;2.0;8.0;;;0;;;3.0;1.0;0.0;2.0;7.0;19.0;5.0;;27;11;2019;19:15;5.0;37;37214;2;1.0;1.0;6.0;DE GAULLE (BD CHARLES);47,4177118;0,6655841;4;DE GAULLE (BD CHARLES);0.0;;2.0;2;0.0;1.0;0;0;1.0;;;1.0;0.0;1.0;50.0;Indre-et-Loire;24;Centre-Val de Loire
201900001988;138Â 302Â 822;A01;1.0;1;2.0;1.0;1975.0;1.0;8.0;8.0;;;0;;;1.0;1.0;0.0;0.0;0.0;17.0;5.0;;27;11;2019;08:00;5.0;37;37261;2;1.0;2.0;7.0;GILLES (RUE CHARLES);47,3884900;0,6904100;4;GILLES (RUE CHARLES);0.0;;1.0;1;0.0;1.0;0;0;1.0;;;2.0;0.0;1.0;50.0;Indre-et-Loire;24;Centre-Val de Loire
201900001989;138Â 302Â 821;A01;10.0;3;3.0;2.0;1998.0;1.0;8.0;0.0;;2.0;8;1.0;;2.0;10.0;0.0;1.0;2.0;26.0;1.0;;26;11;2019;07:50;2.0;37;37122;2;1.0;2.0;6.0;MONNET (RUE JEAN);47,3383900;0,6577500;4;MONNET (RUE JEAN);0.0;;2.0;2;0.0;1.0;0;0;1.0;;;2.0;0.0;2.0;50.0;Indre-et-Loire;24;Centre-Val de Loire
201900001989;138Â 302Â 821;A01;1.0;1;1.0;1.0;1963.0;4.0;1.0;8.0;;;0;;;2.0;10.0;0.0;1.0;2.0;26.0;1.0;;26;11;2019;07:50;2.0;37;37122;2;1.0;2.0;6.0;MONNET (RUE JEAN);47,3383900;0,6577500;4;MONNET (RUE JEAN);0.0;;2.0;2;0.0;1.0;0;0;1.0;;;2.0;0.0;2.0;50.0;Indre-et-Loire;24;Centre-Val de Loire
201900001990;138Â 302Â 820;A01;10.0;3;2.0;2.0;1982.0;3.0;0.0;;;2.0;3;1.0;;1.0;7.0;0.0;1.0;3.0;1.0;1.0;;25;11;2019;18:14;5.0;36;36044;2;1.0;9.0;6.0;PASSAGE PIETON RUE DU 11 NOVEMBRE;46,8061553;1,7046295;4;;;;2.0;2;;1.0;(1);(1);1.0;;;2.0;0.0;1.0;50.0;Indre;24;Centre-Val de Loire
201900001990;138Â 302Â 820;A01;1.0;1;1.0;1.0;1930.0;9.0;1.0;;;0.0;0;;;1.0;7.0;0.0;1.0;3.0;1.0;1.0;;25;11;2019;18:14;5.0;36;36044;2;1.0;9.0;6.0;PASSAGE PIETON RUE DU 11 NOVEMBRE;46,8061553;1,7046295;4;;;;2.0;2;;1.0;(1);(1);1.0;;;2.0;0.0;1.0;50.0;Indre;24;Centre-Val de Loire
201900001991;138Â 302Â 818;B01;1.0;1;1.0;1.0;1975.0;5.0;1.0;8.0;;;0;;;2.0;7.0;0.0;9.0;5.0;15.0;1.0;;22;11;2019;18:20;5.0;36;36044;2;2.0;1.0;3.0;AVENUE DE VERDUN;46,7962500;1,6988500;4;VERDUN (AV DE);0.0;;2.0;2;0.0;1.0;0;0;1.0;;;1.0;5.0;1.0;50.0;Indre;24;Centre-Val de Loire
201900001991;138Â 302Â 819;A01;1.0;1;2.0;1.0;2003.0;5.0;2.0;6.0;;;0;;;1.0;2.0;0.0;2.0;1.0;1.0;1.0;;22;11;2019;18:20;5.0;36;36044;2;2.0;1.0;3.0;AVENUE DE VERDUN;46,7962500;1,6988500;4;VERDUN (AV DE);0.0;;2.0;2;0.0;1.0;0;0;1.0;;;1.0;5.0;1.0;50.0;Indre;24;Centre-Val de Loire
201900001992;138Â 302Â 817;A01;1.0;1;1.0;2.0;1962.0;0.0;1.0;0.0;;; -1;;;3.0;7.0;0.0;1.0;0.0;1.0;1.0;;27;11;2019;11:30;1.0;35;35238;2;1.0;1.0;6.0;LYONNAIS (DU);48,1236200; -1,7081200;4;LYONNAIS (DU);0.0;;2.0;1;1.0;1.0;0;0;1.0;;;1.0;0.0;;30.0;Ille-et-Vilaine;53;Bretagne
201900001992;138Â 302Â 817;A01;10.0;3;2.0;1.0;1954.0;5.0;8.0;0.0;;3.0;3;1.0;;3.0;7.0;0.0;1.0;0.0;1.0;1.0;;27;11;2019;11:30;1.0;35;35238;2;1.0;1.0;6.0;LYONNAIS (DU);48,1236200; -1,7081200;4;LYONNAIS (DU);0.0;;2.0;1;1.0;1.0;0;0;1.0;;;1.0;0.0;;30.0;Ille-et-Vilaine;53;Bretagne
201900001993;138Â 302Â 814;A01;1.0;1;2.0;1.0;1994.0;0.0;8.0;0.0;;; -1;;;1.0;33.0;0.0;2.0;1.0;17.0;1.0;;26;11;2019;19:40;5.0;33;33063;2;3.0;1.0;3.0;AVE DE LABARDE;44,8827300; -0,5507200;4;AVE DE LABARDE;0.0;;2.0;2;0.0;1.0;0;0;1.0;;;1.0;0.0;1.0;50.0;Gironde;75;Nouvelle-Aquitaine
201900001993;138Â 302Â 815;B01;1.0;1;2.0;2.0;1983.0;0.0;8.0;0.0;;; -1;;;2.0;7.0;14.0;2.0;3.0;15.0;1.0;;26;11;2019;19:40;5.0;33;33063;2;3.0;1.0;3.0;AVE DE LABARDE;44,8827300; -0,5507200;4;AVE DE LABARDE;0.0;;2.0;2;0.0;1.0;0;0;1.0;;;1.0;0.0;1.0;50.0;Gironde;75;Nouvelle-Aquitaine
201900001994;138Â 302Â 813;A01;1.0;1;1.0;1.0;1932.0;0.0;1.0;0.0;;; -1;;;1.0;7.0;0.0;1.0;1.0;1.0;1.0;;26;11;2019;18:30;5.0;33;33162;2;1.0;1.0;6.0;AVE DU MEDOC;44,8845000; -0,6351200;4;AVE DU MEDOC;0.0;;2.0;2;0.0;2.0;0;0;1.0;;;1.0;0.0;1.0;50.0;Gironde;75;Nouvelle-Aquitaine
201900001994;138Â 302Â 813;A01;10.0;3;3.0;2.0;1938.0;0.0;8.0;0.0;;1.0;3;1.0;;1.0;7.0;0.0;1.0;1.0;1.0;1.0;;26;11;2019;18:30;5.0;33;33162;2;1.0;1.0;6.0;AVE DU MEDOC;44,8845000; -0,6351200;4;AVE DU MEDOC;0.0;;2.0;2;0.0;2.0;0;0;1.0;;;1.0;0.0;1.0;50.0;Gironde;75;Nouvelle-Aquitaine
201900001995;138Â 302Â 812;A01;10.0;3;2.0;1.0;2008.0;0.0;8.0;0.0;;3.0;3;1.0;;1.0;7.0;0.0;1.0;8.0;1.0;1.0;;26;11;2019;07:55;1.0;33;33318;2;6.0;1.0;6.0;AVE ROGER COHE;44,8128700; -0,6348500;4;AVE ROGER COHE;0.0;;2.0;3;0.0;1.0;0;0;1.0;;;1.0;0.0;1.0;50.0;Gironde;75;Nouvelle-Aquitaine
201900001995;138Â 302Â 812;A01;1.0;1;1.0;1.0;1988.0;0.0;8.0;0.0;;; -1;;;1.0;7.0;0.0;1.0;8.0;1.0;1.0;;26;11;2019;07:55;1.0;33;33318;2;6.0;1.0;6.0;AVE ROGER COHE;44,8128700; -0,6348500;4;AVE ROGER COHE;0.0;;2.0;3;0.0;1.0;0;0;1.0;;;1.0;0.0;1.0;50.0;Gironde;75;Nouvelle-Aquitaine
201900001996;138Â 302Â 811;A01;10.0;3;2.0;2.0;1966.0;0.0;8.0;0.0;;9.0;9;1.0;;2.0;10.0;0.0;1.0;1.0;1.0;1.0;;26;11;2019;01:35;5.0;33;33063;2;6.0;9.0;6.0;AVE DES TROIS CARDINAUX;44,8881800; -0,5599200;4;AVE DES TROIS CARDINAUX;0.0;;2.0;3;0.0;1.0;0;0;1.0;;;1.0;0.0;1.0;50.0;Gironde;75;Nouvelle-Aquitaine
201900001996;138Â 302Â 811;A01;1.0;1;1.0;1.0;1984.0;0.0;8.0;0.0;;0.0;0;;;2.0;10.0;0.0;1.0;1.0;1.0;1.0;;26;11;2019;01:35;5.0;33;33063;2;6.0;9.0;6.0;AVE DES TROIS CARDINAUX;44,8881800; -0,5599200;4;AVE DES TROIS CARDINAUX;0.0;;2.0;3;0.0;1.0;0;0;1.0;;;1.0;0.0;1.0;50.0;Gironde;75;Nouvelle-Aquitaine
201900001997;138Â 302Â 809;A01;1.0;1;2.0;1.0;1995.0;2.0;2.0;0.0;;; -1;;;2.0;1.0;0.0;2.0;1.0;19.0;5.0;;27;11;2019;05:30;5.0;31;31555;2;1.0;1.0;3.0;BD DE LA MARQUETTE;43,6154800;1,4353800;4;;0.0;;1.0;2;0.0;2.0;0;0;1.0;;;2.0;0.0;1.0;50.0;Haute-Garonne;76;Occitanie
201900001997;138Â 302Â 810;B01;1.0;1;1.0;1.0;1985.0;9.0;1.0;8.0;;; -1;;;1.0;7.0;0.0;2.0;1.0;1.0;1.0;;27;11;2019;05:30;5.0;31;31555;2;1.0;1.0;3.0;BD DE LA MARQUETTE;43,6154800;1,4353800;4;;0.0;;1.0;2;0.0;2.0;0;0;1.0;;;2.0;0.0;1.0;50.0;Haute-Garonne;76;Occitanie
201900001998;138Â 302Â 808;A01;1.0;1;1.0;2.0;1931.0;5.0;1.0;8.0;;; -1;;;2.0;7.0;0.0;1.0;1.0;1.0;1.0;;26;11;2019;17:45;5.0;31;31555;2;1.0;1.0;6.0;BD LASCROSSES;43,6114000;1,4384600;4;;0.0;;2.0;4;0.0;1.0;0;0;1.0;;;1.0;0.0;1.0;50.0;Haute-Garonne;76;Occitanie
201900001998;138Â 302Â 808;A01;10.0;3;2.0;1.0;2019.0;9.0;8.0;0.0;;4.0;3;2.0;;2.0;7.0;0.0;1.0;1.0;1.0;1.0;;26;11;2019;17:45;5.0;31;31555;2;1.0;1.0;6.0;BD LASCROSSES;43,6114000;1,4384600;4;;0.0;;2.0;4;0.0;1.0;0;0;1.0;;;1.0;0.0;1.0;50.0;Haute-Garonne;76;Occitanie
201900001999;138Â 302Â 806;B01;2.0;2;2.0;1.0;1969.0;5.0;1.0;0.0;;; -1;;;3.0;7.0;0.0;2.0;4.0;23.0;1.0;;27;11;2019;13:25;1.0;30;30007;2;1.0;1.0;2.0;GOUBERT (AVE DOCTEUR JEAAN);44,1429993;4,0927063;4;AV DOCTEUR JEAN GOUBERT;0.0;;2.0;2;0.0;1.0;0;0;1.0;;;1.0;0.0;1.0;50.0;Gard;76;Occitanie
201900001999;138Â 302Â 806;B01;1.0;1;2.0;1.0;1980.0;5.0;1.0;0.0;;; -1;;;3.0;7.0;0.0;2.0;4.0;23.0;1.0;;27;11;2019;13:25;1.0;30;30007;2;1.0;1.0;2.0;GOUBERT (AVE DOCTEUR JEAAN);44,1429993;4,0927063;4;AV DOCTEUR JEAN GOUBERT;0.0;;2.0;2;0.0;1.0;0;0;1.0;;;1.0;0.0;1.0;50.0;Gard;76;Occitanie
201900001999;138Â 302Â 807;A01;1.0;1;2.0;1.0;1971.0;5.0;1.0;0.0;;; -1;;;3.0;7.0;1.0;0.0;1.0;1.0;1.0;;27;11;2019;13:25;1.0;30;30007;2;1.0;1.0;2.0;GOUBERT (AVE DOCTEUR JEAAN);44,1429993;4,0927063;4;AV DOCTEUR JEAN GOUBERT;0.0;;2.0;2;0.0;1.0;0;0;1.0;;;1.0;0.0;1.0;50.0;Gard;76;Occitanie
201900002000;138Â 302Â 802;B01;1.0;1;2.0;2.0;1997.0;9.0;2.0;6.0;;; -1;;;1.0;33.0;0.0;2.0;4.0;1.0;1.0;;26;11;2019;09:10;1.0;27;27375;2;6.0;1.0;2.0;GRIL (RUE DU);49,2126700;1,1735100;4;GRIL (RUE DU);0.0;;2.0;2;0.0;1.0;1;0;1.0;;;2.0;5.0;2.0;30.0;Eure;28;Normandie
201900002000;138Â 302Â 803;A01;1.0;1;1.0;1.0;1948.0;9.0;1.0;0.0;;; -1;;;1.0;7.0;0.0;2.0;1.0;16.0;1.0;;26;11;2019;09:10;1.0;27;27375;2;6.0;1.0;2.0;GRIL (RUE DU);49,2126700;1,1735100;4;GRIL (RUE DU);0.0;;2.0;2;0.0;1.0;1;0;1.0;;;2.0;5.0;2.0;30.0;Eure;28;Normandie
201900002001;138Â 302Â 800;A01;2.0;2;1.0;1.0;1995.0;4.0;1.0;0.0;;;0;;;1.0;10.0;0.0;2.0;6.0;1.0;1.0;;26;11;2019;15:42;1.0;24;24037;1;1.0;2.0;1.0;N1021 (rocade RN21-D660);44,8312000;0,5231600;2;1021;0.0;;2.0;2;0.0;1.0;109;250;2.0;;;1.0;0.0;1.0;80.0;Dordogne;75;Nouvelle-Aquitaine
201900002001;138Â 302Â 800;A01;1.0;1;1.0;1.0;1966.0;4.0;1.0;0.0;;;0;;;1.0;10.0;0.0;2.0;6.0;1.0;1.0;;26;11;2019;15:42;1.0;24;24037;1;1.0;2.0;1.0;N1021 (rocade RN21-D660);44,8312000;0,5231600;2;1021;0.0;;2.0;2;0.0;1.0;109;250;2.0;;;1.0;0.0;1.0;80.0;Dordogne;75;Nouvelle-Aquitaine
201900002001;138Â 302Â 801;B01;1.0;1;3.0;1.0;1958.0;4.0;1.0;0.0;;;0;;;2.0;7.0;0.0;2.0;1.0;1.0;1.0;;26;11;2019;15:42;1.0;24;24037;1;1.0;2.0;1.0;N1021 (rocade RN21-D660);44,8312000;0,5231600;2;1021;0.0;;2.0;2;0.0;1.0;109;250;2.0;;;1.0;0.0;1.0;80.0;Dordogne;75;Nouvelle-Aquitaine
201900002002;138Â 302Â 796;B01;3.0;2;2.0;1.0;1994.0;5.0;1.0;0.0;;; -1;;;2.0;7.0;0.0;2.0;6.0;1.0;1.0;;26;11;2019;20:10;5.0;21;21231;2;2.0;1.0;3.0;MARECHAL GALLIENI (BOULEVARD);47,3397580;5,0420450;4;MARECHAL GALLIENI (BOULEVARD);0.0;;3.0;5;0.0;1.0;0;0;1.0;;;1.0;0.0;1.0;50.0;Côte-d'Or;27;Bourgogne-Franche-Comté
201900002002;138Â 302Â 796;B01;2.0;2;2.0;1.0;1997.0;5.0;1.0;0.0;;; -1;;;2.0;7.0;0.0;2.0;6.0;1.0;1.0;;26;11;2019;20:10;5.0;21;21231;2;2.0;1.0;3.0;MARECHAL GALLIENI (BOULEVARD);47,3397580;5,0420450;4;MARECHAL GALLIENI (BOULEVARD);0.0;;3.0;5;0.0;1.0;0;0;1.0;;;1.0;0.0;1.0;50.0;Côte-d'Or;27;Bourgogne-Franche-Comté
201900002002;138Â 302Â 796;B01;1.0;1;2.0;1.0;1993.0;5.0;1.0;0.0;;;0;;;2.0;7.0;0.0;2.0;6.0;1.0;1.0;;26;11;2019;20:10;5.0;21;21231;2;2.0;1.0;3.0;MARECHAL GALLIENI (BOULEVARD);47,3397580;5,0420450;4;MARECHAL GALLIENI (BOULEVARD);0.0;;3.0;5;0.0;1.0;0;0;1.0;;;1.0;0.0;1.0;50.0;Côte-d'Or;27;Bourgogne-Franche-Comté
201900002002;138Â 302Â 797;A01;1.0;1;1.0;1.0;1998.0;5.0;1.0;0.0;;; -1;;;2.0;7.0;0.0;2.0;3.0;15.0;1.0;;26;11;2019;20:10;5.0;21;21231;2;2.0;1.0;3.0;MARECHAL GALLIENI (BOULEVARD);47,3397580;5,0420450;4;MARECHAL GALLIENI (BOULEVARD);0.0;;3.0;5;0.0;1.0;0;0;1.0;;;1.0;0.0;1.0;50.0;Côte-d'Or;27;Bourgogne-Franche-Comté
201900002003;138Â 302Â 794;B01;1.0;1;2.0;1.0;1965.0;0.0;1.0;0.0;;;0;;;1.0;7.0;0.0;2.0;2.0;1.0;1.0;;27;11;2019;18:40;2.0;17;17415;1;1.0;1.0;3.0;RD 137;45,7205700; -0,6374400;3;137;0.0;;;1;0.0;1.0;45;450;1.0;;;1.0;0.0;1.0;70.0;Charente-Maritime;75;Nouvelle-Aquitaine
201900002003;138Â 302Â 794;B01;2.0;2;1.0;1.0;1989.0;0.0;1.0;0.0;;;0;;;1.0;7.0;0.0;2.0;2.0;1.0;1.0;;27;11;2019;18:40;2.0;17;17415;1;1.0;1.0;3.0;RD 137;45,7205700; -0,6374400;3;137;0.0;;;1;0.0;1.0;45;450;1.0;;;1.0;0.0;1.0;70.0;Charente-Maritime;75;Nouvelle-Aquitaine
201900002003;138Â 302Â 795;A01;1.0;1;1.0;1.0;1989.0;5.0;1.0;0.0;;;0;;;1.0;7.0;0.0;2.0;3.0;9.0;1.0;;27;11;2019;18:40;2.0;17;17415;1;1.0;1.0;3.0;RD 137;45,7205700; -0,6374400;3;137;0.0;;;1;0.0;1.0;45;450;1.0;;;1.0;0.0;1.0;70.0;Charente-Maritime;75;Nouvelle-Aquitaine
201900002003;138Â 302Â 795;A01;2.0;2;1.0;2.0;1994.0;0.0;1.0;0.0;;;0;;;1.0;7.0;0.0;2.0;3.0;9.0;1.0;;27;11;2019;18:40;2.0;17;17415;1;1.0;1.0;3.0;RD 137;45,7205700; -0,6374400;3;137;0.0;;;1;0.0;1.0;45;450;1.0;;;1.0;0.0;1.0;70.0;Charente-Maritime;75;Nouvelle-Aquitaine
201900002004;138Â 302Â 791;A01;1.0;1;2.0;2.0;1990.0;5.0;1.0;0.0;;;0;;;2.0;7.0;0.0;2.0;1.0;2.0;1.0;;27;11;2019;16:00;1.0;17;17291;1;1.0;2.0;5.0;RN 11;46,1733800; -1,1155700;2;11;0.0;;3.0;6;0.0;1.0;34;500;1.0;;;2.0;0.0;1.0;70.0;Charente-Maritime;75;Nouvelle-Aquitaine
201900002004;138Â 302Â 792;B01;1.0;1;1.0;1.0;1951.0;5.0;1.0;0.0;;;0;;;2.0;7.0;0.0;2.0;4.0;2.0;1.0;;27;11;2019;16:00;1.0;17;17291;1;1.0;2.0;5.0;RN 11;46,1733800; -1,1155700;2;11;0.0;;3.0;6;0.0;1.0;34;500;1.0;;;2.0;0.0;1.0;70.0;Charente-Maritime;75;Nouvelle-Aquitaine
201900002004;138Â 302Â 792;B01;2.0;2;2.0;2.0;1948.0;5.0;1.0;0.0;;;0;;;2.0;7.0;0.0;2.0;4.0;2.0;1.0;;27;11;2019;16:00;1.0;17;17291;1;1.0;2.0;5.0;RN 11;46,1733800; -1,1155700;2;11;0.0;;3.0;6;0.0;1.0;34;500;1.0;;;2.0;0.0;1.0;70.0;Charente-Maritime;75;Nouvelle-Aquitaine
201900002004;138Â 302Â 793;C01;2.0;2;2.0;2.0;1950.0;5.0;1.0;0.0;;;0;;;2.0;7.0;0.0;2.0;4.0;2.0;1.0;;27;11;2019;16:00;1.0;17;17291;1;1.0;2.0;5.0;RN 11;46,1733800; -1,1155700;2;11;0.0;;3.0;6;0.0;1.0;34;500;1.0;;;2.0;0.0;1.0;70.0;Charente-Maritime;75;Nouvelle-Aquitaine
201900002004;138Â 302Â 793;C01;1.0;1;1.0;1.0;1948.0;5.0;1.0;0.0;;;0;;;2.0;7.0;0.0;2.0;4.0;2.0;1.0;;27;11;2019;16:00;1.0;17;17291;1;1.0;2.0;5.0;RN 11;46,1733800; -1,1155700;2;11;0.0;;3.0;6;0.0;1.0;34;500;1.0;;;2.0;0.0;1.0;70.0;Charente-Maritime;75;Nouvelle-Aquitaine
201900002005;138Â 302Â 789;A01;1.0;1;1.0;2.0;1983.0;1.0;1.0;0.0;;0.0;0;;;1.0;7.0;0.0;2.0;1.0;9.0;1.0;;27;11;2019;08:30;1.0;14;14118;2;6.0;8.0;3.0;GUILLOU (BOULEVARD YVES);49,1718900; -0,3847400;4;GUILLOU (BOULEVARD YVES);0.0;;3.0;;0.0;1.0;1;0;1.0;;;1.0;5.0;1.0;50.0;Calvados;28;Normandie
201900002005;138Â 302Â 790;B01;1.0;1;2.0;1.0;1965.0;0.0;2.0;0.0;;0.0;0;;;1.0;33.0;0.0;2.0;1.0;1.0;1.0;;27;11;2019;08:30;1.0;14;14118;2;6.0;8.0;3.0;GUILLOU (BOULEVARD YVES);49,1718900; -0,3847400;4;GUILLOU (BOULEVARD YVES);0.0;;3.0;;0.0;1.0;1;0;1.0;;;1.0;5.0;1.0;50.0;Calvados;28;Normandie
201900002006;138Â 302Â 788;A01;1.0;1;2.0;1.0;1961.0;;1.0;;;; -1;;;1.0;7.0;0.0;0.0;9.0;1.0;1.0;;23;11;2019;15:35;1.0;14;14030;2;1.0;3.0;7.0;CD NÂ°126;49,2118500; -0,4255800;3;126;;;2.0;;;1.0;(1);(1);1.0;;;2.0;0.0;1.0;;Calvados;28;Normandie
201900002007;138Â 302Â 786;B01;1.0;1;2.0;1.0;1988.0;1.0;2.0;0.0;;0.0;0;;;3.0;31.0;0.0;2.0;1.0;17.0;0.0;;27;11;2019;19:10;5.0;13;13211;2;1.0;1.0;3.0;CAMOINS ((RUE LES);43,3012320;5,5055690;4;CAMOINS ((RUE LES);0.0;;2.0;2;0.0;1.0;1;0;1.0;;;1.0;0.0;1.0;50.0;Bouches-du-Rhône;93;Provence-Alpes-Côte d'Azur
201900002007;138Â 302Â 787;A01;1.0;1;1.0;1.0;1947.0;5.0;1.0;0.0;;0.0;0;;;3.0;7.0;0.0;2.0;3.0;15.0;0.0;;27;11;2019;19:10;5.0;13;13211;2;1.0;1.0;3.0;CAMOINS ((RUE LES);43,3012320;5,5055690;4;CAMOINS ((RUE LES);0.0;;2.0;2;0.0;1.0;1;0;1.0;;;1.0;0.0;1.0;50.0;Bouches-du-Rhône;93;Provence-Alpes-Côte d'Azur