Num_Acc;id_vehicule;num_veh;place;catu;grav;sexe;an_nais;trajet;secu1;secu2;secu3;locp;actp;etatp;id_usager;senc;catv;obs;obsm;choc;manv;motor;occutc;jour;mois;an;hrmn;lum;dep;com;agg;int;atm;col;adr;lat;long;catr;voie;v1;v2;circ;nbv;vosp;prof;pr;pr1;plan;lartpc;larrout;surf;infra;situ;vma;nom_departement;reg;nom_region
201900002008;138Â 302Â 783;C01;1.0;1;1.0;2.0;1977.0;0.0;1.0;0.0;;0.0;0;;;0.0;7.0;0.0;2.0;6.0;2.0;1.0;;27;11;2019;17:21;1.0;13;13216;2;1.0;1.0;6.0;LITTORAL (CHEMIN DU);43,3507000;5,3409800;3;5;0.0;;2.0;2;0.0;1.0;0;0;1.0;;;1.0;0.0;1.0;50.0;Bouches-du-Rhône;93;Provence-Alpes-Côte d'Azur
201900002008;138Â 302Â 784;B01;1.0;1;1.0;1.0;1985.0;0.0;2.0;6.0;;;0;;;0.0;30.0;0.0;2.0;3.0;1.0;1.0;;27;11;2019;17:21;1.0;13;13216;2;1.0;1.0;6.0;LITTORAL (CHEMIN DU);43,3507000;5,3409800;3;5;0.0;;2.0;2;0.0;1.0;0;0;1.0;;;1.0;0.0;1.0;50.0;Bouches-du-Rhône;93;Provence-Alpes-Côte d'Azur
201900002008;138Â 302Â 784;B01;2.0;2;2.0;1.0;1993.0;0.0;2.0;6.0;;;0;;;0.0;30.0;0.0;2.0;3.0;1.0;1.0;;27;11;2019;17:21;1.0;13;13216;2;1.0;1.0;6.0;LITTORAL (CHEMIN DU);43,3507000;5,3409800;3;5;0.0;;2.0;2;0.0;1.0;0;0;1.0;;;1.0;0.0;1.0;50.0;Bouches-du-Rhône;93;Provence-Alpes-Côte d'Azur
201900002008;138Â 302Â 785;A01;1.0;1;1.0;1.0;1982.0;0.0;8.0;0.0;;;0;;;0.0;7.0;0.0;2.0;3.0;13.0;1.0;;27;11;2019;17:21;1.0;13;13216;2;1.0;1.0;6.0;LITTORAL (CHEMIN DU);43,3507000;5,3409800;3;5;0.0;;2.0;2;0.0;1.0;0;0;1.0;;;1.0;0.0;1.0;50.0;Bouches-du-Rhône;93;Provence-Alpes-Côte d'Azur
201900002009;138Â 302Â 781;A01;1.0;1;1.0;1.0;1982.0;0.0;8.0;0.0;;; -1;;;1.0;7.0;0.0;2.0;0.0;10.0;1.0;;27;11;2019;17:15;1.0;13;13216;2;6.0;1.0;1.0;LITTORAL (CHEMIN DU);43,3533400;5,3369400;3;568;0.0;;2.0;2;0.0;1.0;0;0;1.0;;;1.0;0.0;1.0;50.0;Bouches-du-Rhône;93;Provence-Alpes-Côte d'Azur
201900002009;138Â 302Â 782;B01;1.0;1;2.0;1.0;1987.0;1.0;2.0;6.0;;; -1;;;2.0;34.0;0.0;2.0;3.0;9.0;1.0;;27;11;2019;17:15;1.0;13;13216;2;6.0;1.0;1.0;LITTORAL (CHEMIN DU);43,3533400;5,3369400;3;568;0.0;;2.0;2;0.0;1.0;0;0;1.0;;;1.0;0.0;1.0;50.0;Bouches-du-Rhône;93;Provence-Alpes-Côte d'Azur
201900002009;138Â 302Â 782;B01;2.0;2;2.0;2.0;1977.0;1.0;2.0;6.0;;; -1;;;2.0;34.0;0.0;2.0;3.0;9.0;1.0;;27;11;2019;17:15;1.0;13;13216;2;6.0;1.0;1.0;LITTORAL (CHEMIN DU);43,3533400;5,3369400;3;568;0.0;;2.0;2;0.0;1.0;0;0;1.0;;;1.0;0.0;1.0;50.0;Bouches-du-Rhône;93;Provence-Alpes-Côte d'Azur
201900002010;138Â 302Â 779;B01;1.0;1;1.0;1.0;1976.0;5.0;1.0;0.0;;; -1;;;2.0;10.0;0.0;2.0;7.0;1.0;1.0;;27;11;2019;07:15;2.0;13;13201;2;3.0;2.0;3.0;DUGOMMIER (BOULEVARD)     1 A 29;43,2970600;5,3810200;4;DUGOMMIER (BOULEVARD)     1 A 29;0.0;;2.0;5;0.0;1.0;0;0;1.0;;;2.0;0.0;1.0;50.0;Bouches-du-Rhône;93;Provence-Alpes-Côte d'Azur
201900002010;138Â 302Â 780;A01;1.0;1;2.0;2.0;2002.0;2.0;2.0;0.0;;; -1;;;2.0;30.0;0.0;2.0;8.0;11.0;1.0;;27;11;2019;07:15;2.0;13;13201;2;3.0;2.0;3.0;DUGOMMIER (BOULEVARD)     1 A 29;43,2970600;5,3810200;4;DUGOMMIER (BOULEVARD)     1 A 29;0.0;;2.0;5;0.0;1.0;0;0;1.0;;;2.0;0.0;1.0;50.0;Bouches-du-Rhône;93;Provence-Alpes-Côte d'Azur
201900002011;138Â 302Â 778;A01;10.0;3;3.0;1.0;2003.0;0.0;8.0;0.0;;2.0;3;2.0;;3.0;7.0;0.0;1.0;3.0;1.0;1.0;;26;11;2019;19:00;5.0;13;13210;2;1.0;1.0;6.0;VERDILLON (RUE);43,2755200;5,4241100;4;VERDILLON (RUE);0.0;;2.0;2;0.0;2.0;1;0;1.0;;;1.0;0.0;1.0;50.0;Bouches-du-Rhône;93;Provence-Alpes-Côte d'Azur
201900002011;138Â 302Â 778;A01;1.0;1;1.0;2.0;1995.0;2.0;1.0;0.0;;0.0;0;;;3.0;7.0;0.0;1.0;3.0;1.0;1.0;;26;11;2019;19:00;5.0;13;13210;2;1.0;1.0;6.0;VERDILLON (RUE);43,2755200;5,4241100;4;VERDILLON (RUE);0.0;;2.0;2;0.0;2.0;1;0;1.0;;;1.0;0.0;1.0;50.0;Bouches-du-Rhône;93;Provence-Alpes-Côte d'Azur
201900002012;138Â 302Â 774;D01;1.0;1;1.0;1.0;1973.0;1.0;1.0;0.0;;; -1;;;1.0;7.0;0.0;2.0;6.0;1.0;1.0;;26;11;2019;08:50;1.0;13;13063;1;1.0;1.0;5.0;RN 1569 LA TRANSHUMANCE;43,5416900;4,9561600;2;569 ;0.0;;2.0;2;3.0;1.0;1;0;1.0;;;1.0;0.0;1.0;80.0;Bouches-du-Rhône;93;Provence-Alpes-Côte d'Azur
201900002012;138Â 302Â 775;C01;1.0;1;1.0;1.0;1990.0;1.0;1.0;5.0;;0.0;0;;;1.0;7.0;0.0;2.0;2.0;1.0;1.0;;26;11;2019;08:50;1.0;13;13063;1;1.0;1.0;5.0;RN 1569 LA TRANSHUMANCE;43,5416900;4,9561600;2;569 ;0.0;;2.0;2;3.0;1.0;1;0;1.0;;;1.0;0.0;1.0;80.0;Bouches-du-Rhône;93;Provence-Alpes-Côte d'Azur
201900002012;138Â 302Â 776;B01;1.0;1;3.0;2.0;1972.0;1.0;1.0;0.0;;0.0;0;;;1.0;7.0;0.0;2.0;4.0;1.0;1.0;;26;11;2019;08:50;1.0;13;13063;1;1.0;1.0;5.0;RN 1569 LA TRANSHUMANCE;43,5416900;4,9561600;2;569 ;0.0;;2.0;2;3.0;1.0;1;0;1.0;;;1.0;0.0;1.0;80.0;Bouches-du-Rhône;93;Provence-Alpes-Côte d'Azur
201900002012;138Â 302Â 777;A01;1.0;1;1.0;1.0;1989.0;1.0;1.0;5.0;;0.0;0;;;1.0;14.0;0.0;2.0;3.0;1.0;1.0;;26;11;2019;08:50;1.0;13;13063;1;1.0;1.0;5.0;RN 1569 LA TRANSHUMANCE;43,5416900;4,9561600;2;569 ;0.0;;2.0;2;3.0;1.0;1;0;1.0;;;1.0;0.0;1.0;80.0;Bouches-du-Rhône;93;Provence-Alpes-Côte d'Azur
201900002013;138Â 302Â 772;A01;1.0;1;3.0;1.0;1969.0;1.0;2.0;8.0;;; -1;;;0.0;31.0;0.0;2.0;1.0;2.0;1.0;;27;11;2019;09:30;1.0;13;13001;1;1.0;1.0;2.0;RD9;43,5061400;5,4027900;3;9;0.0;;1.0;0;0.0;1.0;1;0;1.0;;;2.0;0.0;1.0;90.0;Bouches-du-Rhône;93;Provence-Alpes-Côte d'Azur
201900002013;138Â 302Â 773;B01;1.0;1;1.0;1.0;1989.0;1.0;1.0;0.0;;; -1;;;0.0;3.0;0.0;2.0;6.0;2.0;1.0;;27;11;2019;09:30;1.0;13;13001;1;1.0;1.0;2.0;RD9;43,5061400;5,4027900;3;9;0.0;;1.0;0;0.0;1.0;1;0;1.0;;;2.0;0.0;1.0;90.0;Bouches-du-Rhône;93;Provence-Alpes-Côte d'Azur
201900002014;138Â 302Â 770;A01;1.0;1;3.0;1.0;1947.0;3.0;8.0;8.0;;;0;;;3.0;7.0;0.0;2.0;1.0;1.0;1.0;;23;11;2019;13:20;1.0;11;11262;2;9.0;1.0;3.0;CREISSEL (BOULEVARD DE);43,1781700;3,0277000;6;CREISSEL (BOULEVARD DE);0.0;;1.0;1;0.0;1.0;0;0;1.0;;;1.0;9.0;8.0;30.0;Aude;76;Occitanie
201900002014;138Â 302Â 771;B01;1.0;1;1.0;1.0;1987.0;3.0;8.0;8.0;;; -1;;;3.0;7.0;0.0;2.0;7.0;1.0;1.0;;23;11;2019;13:20;1.0;11;11262;2;9.0;1.0;3.0;CREISSEL (BOULEVARD DE);43,1781700;3,0277000;6;CREISSEL (BOULEVARD DE);0.0;;1.0;1;0.0;1.0;0;0;1.0;;;1.0;9.0;8.0;30.0;Aude;76;Occitanie
201900002015;138Â 302Â 768;B01;1.0;1;1.0;1.0;1960.0;0.0;1.0;8.0;;; -1;;;2.0;7.0;0.0;9.0;1.0;15.0;1.0;;27;11;2019;13:50;1.0;09;09122;2;3.0;1.0;3.0;LECLERC (AVENUE DU GENERAL);42,9768600;1,6089570;3;919;0.0;;;2;0.0;1.0;0;0;1.0;;;1.0;5.0;1.0;50.0;Ariège;76;Occitanie
201900002015;138Â 302Â 769;A01;1.0;1;2.0;1.0;1957.0;0.0;2.0;8.0;;; -1;;;2.0;33.0;0.0;2.0;1.0;17.0;1.0;;27;11;2019;13:50;1.0;09;09122;2;3.0;1.0;3.0;LECLERC (AVENUE DU GENERAL);42,9768600;1,6089570;3;919;0.0;;;2;0.0;1.0;0;0;1.0;;;1.0;5.0;1.0;50.0;Ariège;76;Occitanie
201900002016;138Â 302Â 767;A01;1.0;1;2.0;2.0;2001.0;5.0;1.0;8.0;;; -1;;;1.0;7.0;0.0;0.0;1.0;15.0;1.0;;27;11;2019;06:45;2.0;07;07281;1;9.0;2.0;6.0;Avenue du Puy en Velay;44,9405620;4,8332120;3;533;0.0;;2.0;2;0.0;2.0;56;70;2.0;;;2.0;0.0;1.0;90.0;Ardèche;84;Auvergne-Rhône-Alpes
201900002017;138Â 302Â 766;A01;1.0;1;2.0;1.0;1969.0;4.0;1.0;0.0;;0.0;0;;;2.0;7.0;1.0;0.0;2.0;1.0;1.0;;27;11;2019;13:15;1.0;06;06069;2;1.0;1.0;6.0;CAPUCINS (CHEMIN ET IMPASSE DES);43,6499130;6,9315670;4;CAPUCINS (CHEMIN ET IMPASSE DES);0.0;;2.0;2;0.0;1.0;0;0;1.0;;;1.0;0.0;1.0;50.0;Alpes-Maritimes;93;Provence-Alpes-Côte d'Azur
201900002017;138Â 302Â 766;A01;2.0;2;1.0;1.0;1966.0;0.0;1.0;0.0;;; -1;;;2.0;7.0;1.0;0.0;2.0;1.0;1.0;;27;11;2019;13:15;1.0;06;06069;2;1.0;1.0;6.0;CAPUCINS (CHEMIN ET IMPASSE DES);43,6499130;6,9315670;4;CAPUCINS (CHEMIN ET IMPASSE DES);0.0;;2.0;2;0.0;1.0;0;0;1.0;;;1.0;0.0;1.0;50.0;Alpes-Maritimes;93;Provence-Alpes-Côte d'Azur
201900002018;138Â 302Â 765;A01;1.0;1;1.0;1.0;1950.0;0.0;1.0;0.0;;0.0;0;;;1.0;7.0;0.0;2.0;2.0;9.0;1.0;;26;11;2019;12:25;1.0;06;06069;1;1.0;1.0;7.0;NAPOLEON (ROUTE);43,6759430;6,9010700;3;6085;0.0;;;2;0.0;1.0;40;196;1.0;;;1.0;0.0;1.0;90.0;Alpes-Maritimes;93;Provence-Alpes-Côte d'Azur
201900002018;138Â 302Â 765;A01;2.0;2;2.0;2.0;1951.0;0.0;1.0;0.0;;; -1;;;1.0;7.0;0.0;2.0;2.0;9.0;1.0;;26;11;2019;12:25;1.0;06;06069;1;1.0;1.0;7.0;NAPOLEON (ROUTE);43,6759430;6,9010700;3;6085;0.0;;;2;0.0;1.0;40;196;1.0;;;1.0;0.0;1.0;90.0;Alpes-Maritimes;93;Provence-Alpes-Côte d'Azur
201900002019;138Â 302Â 764;A01;1.0;1;1.0;2.0;1995.0;0.0;1.0;0.0;;0.0;0;;;3.0;7.0;0.0;1.0;8.0;1.0;1.0;;27;11;2019;16:30;2.0;06;06027;2;1.0;1.0;6.0;FRANCE ROUTE DE;43,6623360;7,1314790;4;FRANCE ROUTE DE;0.0;;2.0;4;0.0;1.0;0;0;1.0;;;1.0;0.0;1.0;50.0;Alpes-Maritimes;93;Provence-Alpes-Côte d'Azur
201900002019;138Â 302Â 764;A01;10.0;3;2.0;1.0;2011.0;5.0;0.0;0.0;0.0;3.0;3;1.0;;3.0;7.0;0.0;1.0;8.0;1.0;1.0;;27;11;2019;16:30;2.0;06;06027;2;1.0;1.0;6.0;FRANCE ROUTE DE;43,6623360;7,1314790;4;FRANCE ROUTE DE;0.0;;2.0;4;0.0;1.0;0;0;1.0;;;1.0;0.0;1.0;50.0;Alpes-Maritimes;93;Provence-Alpes-Côte d'Azur
201900002020;138Â 302Â 762;A01;1.0;1;1.0;2.0;1978.0;4.0;1.0;8.0;;0.0;0;;;1.0;7.0;0.0;2.0;2.0;15.0;1.0;;26;11;2019;12:05;1.0;06;06027;2;9.0;1.0;3.0;BESSET AVENUE CYRILLE;43,6596370;7,1580410;7;(36)     AVENUE CYRILLE BESSET ;0.0;;2.0;2;0.0;2.0;0;392;1.0;;;1.0;0.0;1.0;50.0;Alpes-Maritimes;93;Provence-Alpes-Côte d'Azur
201900002020;138Â 302Â 763;B01;1.0;1;2.0;1.0;2002.0;1.0;2.0;6.0;;0.0;0;;;1.0;30.0;0.0;2.0;1.0;1.0;1.0;;26;11;2019;12:05;1.0;06;06027;2;9.0;1.0;3.0;BESSET AVENUE CYRILLE;43,6596370;7,1580410;7;(36)     AVENUE CYRILLE BESSET ;0.0;;2.0;2;0.0;2.0;0;392;1.0;;;1.0;0.0;1.0;50.0;Alpes-Maritimes;93;Provence-Alpes-Côte d'Azur
201900002021;138Â 302Â 761;A01;1.0;1;3.0;1.0;2000.0;5.0;1.0;0.0;;;0;;;2.0;7.0;14.0;0.0;1.0;6.0;1.0;;26;11;2019;21:53;5.0;05;05061;2;6.0;1.0;7.0;EMILE DIDIER ( AV );44,5674400;6,0968700;2;94;0.0;;2.0;2;0.0;1.0;71;384;1.0;;;1.0;5.0;1.0;50.0;Hautes-Alpes;93;Provence-Alpes-Côte d'Azur
201900002022;138Â 302Â 760;A01;10.0;3;3.0;1.0;1982.0;1.0;0.0;;;3.0;3;1.0;;1.0;7.0;0.0;1.0;1.0;1.0;1.0;;26;11;2019;07:10;5.0;05;05061;2;1.0;1.0;7.0;JEAN JAURES ( AVENUE );44,5545900;6,0742900;2;85;0.0;;2.0;2;0.0;1.0;38;324;1.0;;;1.0;0.0;1.0;50.0;Hautes-Alpes;93;Provence-Alpes-Côte d'Azur
201900002022;138Â 302Â 760;A01;1.0;1;1.0;1.0;1991.0;5.0;1.0;0.0;;;0;;;1.0;7.0;0.0;1.0;1.0;1.0;1.0;;26;11;2019;07:10;5.0;05;05061;2;1.0;1.0;7.0;JEAN JAURES ( AVENUE );44,5545900;6,0742900;2;85;0.0;;2.0;2;0.0;1.0;38;324;1.0;;;1.0;0.0;1.0;50.0;Hautes-Alpes;93;Provence-Alpes-Côte d'Azur
201900002023;138Â 302Â 758;B01;1.0;1;2.0;1.0;1998.0;2.0;2.0;6.0;;0.0;0;;;1.0;33.0;0.0;2.0;3.0;3.0;1.0;;27;11;2019;15:50;1.0;75;75119;2;1.0;1.0;3.0;BD PERIPHERIQUE INTERIEUR;48,9002230;2,3820050;4;  BD PERIPHERIQUE INTERIEUR;0.0;;1.0;4;0.0;1.0;24;700;1.0;;;2.0;0.0;1.0;70.0;Paris;11;Île-de-France
201900002023;138Â 302Â 759;A01;1.0;1;1.0;1.0;1999.0;5.0;1.0;0.0;;0.0;0;;;1.0;7.0;0.0;2.0;7.0;12.0;1.0;;27;11;2019;15:50;1.0;75;75119;2;1.0;1.0;3.0;BD PERIPHERIQUE INTERIEUR;48,9002230;2,3820050;4;  BD PERIPHERIQUE INTERIEUR;0.0;;1.0;4;0.0;1.0;24;700;1.0;;;2.0;0.0;1.0;70.0;Paris;11;Île-de-France
201900002024;138Â 302Â 757;A01;1.0;1;2.0;1.0;1989.0;5.0;1.0;0.0;;0.0;0;;;2.0;7.0;4.0;0.0;3.0;13.0;1.0;;27;11;2019;04:50;5.0;75;75115;2;1.0;8.0;6.0;BD PERIPHERIQUE EXTERIEUR;48,8340829;2,2763089;4;BD PERIPHERIQUE EXTERIEUR;0.0;;1.0;3;0.0;1.0;9;400;1.0;;;2.0;0.0;1.0;70.0;Paris;11;Île-de-France
201900002025;138Â 302Â 756;A01;2.0;2;1.0;2.0;1990.0;5.0;1.0;0.0;;0.0;0;;;2.0;7.0;9.0;0.0;1.0;13.0;1.0;;27;11;2019;03:13;5.0;75;75111;2;3.0;1.0;6.0;BOULEVARD VOLTAIRE;48,8605575;2,3754823;4;BOULEVARD VOLTAIRE;0.0;;2.0;8;0.0;1.0;0;0;1.0;;;2.0;0.0;1.0;50.0;Paris;11;Île-de-France
201900002025;138Â 302Â 756;A01;1.0;1;2.0;1.0;1974.0;5.0;1.0;0.0;;0.0;0;;;2.0;7.0;9.0;0.0;1.0;13.0;1.0;;27;11;2019;03:13;5.0;75;75111;2;3.0;1.0;6.0;BOULEVARD VOLTAIRE;48,8605575;2,3754823;4;BOULEVARD VOLTAIRE;0.0;;2.0;8;0.0;1.0;0;0;1.0;;;2.0;0.0;1.0;50.0;Paris;11;Île-de-France
201900002026;138Â 302Â 754;A01;1.0;1;1.0;1.0;1987.0;4.0;1.0;0.0;;0.0;0;;;1.0;7.0;0.0;2.0;3.0;15.0;1.0;;26;11;2019;02:54;5.0;75;75109;2;3.0;1.0;3.0;BOULEVARD POISSONNIERE;48,8710453;2,3457420;4;BOULEVARD POISSONNIERE;0.0;;2.0;3;0.0;1.0;0;0;1.0;;;2.0;0.0;1.0;50.0;Paris;11;Île-de-France
201900002026;138Â 302Â 755;B01;1.0;1;3.0;1.0;1989.0;4.0;2.0;6.0;;0.0;0;;;1.0;33.0;0.0;2.0;9.0;17.0;1.0;;26;11;2019;02:54;5.0;75;75109;2;3.0;1.0;3.0;BOULEVARD POISSONNIERE;48,8710453;2,3457420;4;BOULEVARD POISSONNIERE;0.0;;2.0;3;0.0;1.0;0;0;1.0;;;2.0;0.0;1.0;50.0;Paris;11;Île-de-France
201900002027;138Â 302Â 752;B01;10.0;3;2.0;1.0;1943.0;5.0;0.0;;;4.0;3;2.0;;2.0;30.0;0.0;2.0;1.0;2.0;1.0;;27;11;2019;13:19;1.0;75;75105;2;2.0;2.0;6.0;RUE SOUFFLOT;48,8470982;2,3419551;4;RUE SOUFFLOT;0.0;;2.0;2;0.0;2.0;0;0;1.0;;;2.0;0.0;1.0;30.0;Paris;11;Île-de-France
201900002027;138Â 302Â 752;B01;1.0;1;1.0;1.0;1990.0;4.0;2.0;6.0;;0.0;0;;;2.0;30.0;0.0;2.0;1.0;2.0;1.0;;27;11;2019;13:19;1.0;75;75105;2;2.0;2.0;6.0;RUE SOUFFLOT;48,8470982;2,3419551;4;RUE SOUFFLOT;0.0;;2.0;2;0.0;2.0;0;0;1.0;;;2.0;0.0;1.0;30.0;Paris;11;Île-de-France
201900002027;138Â 302Â 752;B01;10.0;3;2.0;2.0;1941.0;5.0;0.0;;;4.0;3;2.0;;2.0;30.0;0.0;2.0;1.0;2.0;1.0;;27;11;2019;13:19;1.0;75;75105;2;2.0;2.0;6.0;RUE SOUFFLOT;48,8470982;2,3419551;4;RUE SOUFFLOT;0.0;;2.0;2;0.0;2.0;0;0;1.0;;;2.0;0.0;1.0;30.0;Paris;11;Île-de-France
201900002027;138Â 302Â 753;A01;1.0;1;1.0;1.0;1983.0;4.0;1.0;0.0;;0.0;0;;;2.0;7.0;0.0;2.0;1.0;2.0;2.0;;27;11;2019;13:19;1.0;75;75105;2;2.0;2.0;6.0;RUE SOUFFLOT;48,8470982;2,3419551;4;RUE SOUFFLOT;0.0;;2.0;2;0.0;2.0;0;0;1.0;;;2.0;0.0;1.0;30.0;Paris;11;Île-de-France
201900002028;138Â 302Â 750;A01;1.0;1;2.0;1.0;1988.0;4.0;1.0;0.0;;0.0;0;;;1.0;37.0;0.0;2.0;1.0;7.0;1.0;1.0;27;11;2019;20:32;5.0;75;75120;2;1.0;1.0;1.0;RUE DE BELLEVILLE;48,8745444;2,3866577;4;RUE DE BELLEVILLE;0.0;;2.0;2;3.0;2.0;105;0;1.0;;;1.0;;6.0;50.0;Paris;11;Île-de-France
201900002028;138Â 302Â 751;B01;1.0;1;2.0;2.0;1969.0;9.0;2.0;8.0;;0.0;0;;;2.0;1.0;0.0;2.0;1.0;17.0;5.0;;27;11;2019;20:32;5.0;75;75120;2;1.0;1.0;1.0;RUE DE BELLEVILLE;48,8745444;2,3866577;4;RUE DE BELLEVILLE;0.0;;2.0;2;3.0;2.0;105;0;1.0;;;1.0;;6.0;50.0;Paris;11;Île-de-France
201900002029;138Â 302Â 749;Z01;10.0;3;2.0;1.0;1994.0;1.0;0.0;;;3.0;3;1.0;;2.0;7.0;0.0;1.0;1.0;1.0;0.0;;27;11;2019;06:30;5.0;75;75119;2;1.0;9.0;6.0;RUE JULES ROMAINS;48,8735682;2,3777944;4;RUE JULES ROMAINS;2.0;;1.0;1;0.0;2.0;14;0;4.0;;;2.0;0.0;1.0;30.0;Paris;11;Île-de-France
201900002030;138Â 302Â 748;A01;1.0;1;1.0;1.0;1959.0;4.0;1.0;0.0;;0.0;0;;;1.0;10.0;0.0;1.0;1.0;15.0;1.0;;27;11;2019;12:30;1.0;75;75116;2;5.0;2.0;6.0;RUE DE LA TOUR;48,8628020;2,2763280;4;RUE DE LA TOUR;0.0;;1.0;1;0.0;1.0;0;0;1.0;;;2.0;0.0;1.0;50.0;Paris;11;Île-de-France
201900002030;138Â 302Â 748;A01;10.0;3;2.0;2.0;1957.0;0.0;0.0;;;4.0;3;2.0;;1.0;10.0;0.0;1.0;1.0;15.0;1.0;;27;11;2019;12:30;1.0;75;75116;2;5.0;2.0;6.0;RUE DE LA TOUR;48,8628020;2,2763280;4;RUE DE LA TOUR;0.0;;1.0;1;0.0;1.0;0;0;1.0;;;2.0;0.0;1.0;50.0;Paris;11;Île-de-France
201900002030;138Â 302Â 748;A01;10.0;3;2.0;2.0;1987.0;0.0;0.0;;;4.0;3;2.0;;1.0;10.0;0.0;1.0;1.0;15.0;1.0;;27;11;2019;12:30;1.0;75;75116;2;5.0;2.0;6.0;RUE DE LA TOUR;48,8628020;2,2763280;4;RUE DE LA TOUR;0.0;;1.0;1;0.0;1.0;0;0;1.0;;;2.0;0.0;1.0;50.0;Paris;11;Île-de-France
201900002031;138Â 302Â 747;A01;10.0;3;2.0;2.0;1953.0;5.0;0.0;;;3.0;3;1.0;;3.0;33.0;0.0;1.0;1.0;1.0;1.0;;26;11;2019;17:10;5.0;75;75116;2;4.0;1.0;6.0;RUE DES VIGNES;48,8571094;2,2734350;4;RUE DES VIGNES;0.0;;2.0;2;0.0;1.0;0;0;1.0;;;1.0;0.0;1.0;50.0;Paris;11;Île-de-France
201900002031;138Â 302Â 747;A01;1.0;1;1.0;1.0;1993.0;0.0;2.0;6.0;;0.0;0;;;3.0;33.0;0.0;1.0;1.0;1.0;1.0;;26;11;2019;17:10;5.0;75;75116;2;4.0;1.0;6.0;RUE DES VIGNES;48,8571094;2,2734350;4;RUE DES VIGNES;0.0;;2.0;2;0.0;1.0;0;0;1.0;;;1.0;0.0;1.0;50.0;Paris;11;Île-de-France
201900002032;138Â 302Â 745;B01;2.0;2;2.0;2.0;1966.0;0.0;1.0;0.0;;0.0;0;;;1.0;7.0;0.0;2.0;1.0;1.0;1.0;;25;11;2019;23:56;5.0;75;75116;2;2.0;1.0;3.0;ALLEE DE LONGCHAMP;48,8749229;2,2711067;4;ALLEE DE LONGCHAMP;0.0;;2.0;2;0.0;1.0;0;0;1.0;;;1.0;0.0;1.0;50.0;Paris;11;Île-de-France
201900002032;138Â 302Â 745;B01;1.0;1;2.0;1.0;1971.0;0.0;1.0;0.0;;0.0;0;;;1.0;7.0;0.0;2.0;1.0;1.0;1.0;;25;11;2019;23:56;5.0;75;75116;2;2.0;1.0;3.0;ALLEE DE LONGCHAMP;48,8749229;2,2711067;4;ALLEE DE LONGCHAMP;0.0;;2.0;2;0.0;1.0;0;0;1.0;;;1.0;0.0;1.0;50.0;Paris;11;Île-de-France
201900002032;138Â 302Â 746;A01;1.0;1;2.0;1.0;1990.0;0.0;1.0;0.0;;0.0;0;;;2.0;10.0;0.0;2.0;3.0;5.0;1.0;;25;11;2019;23:56;5.0;75;75116;2;2.0;1.0;3.0;ALLEE DE LONGCHAMP;48,8749229;2,2711067;4;ALLEE DE LONGCHAMP;0.0;;2.0;2;0.0;1.0;0;0;1.0;;;1.0;0.0;1.0;50.0;Paris;11;Île-de-France
201900002033;138Â 302Â 744;A01;10.0;3;2.0;2.0;1986.0;9.0;0.0;;;4.0;3;1.0;;1.0;32.0;0.0;1.0;1.0;1.0;1.0;;27;11;2019;09:30;1.0;75;75113;2;3.0;2.0;6.0;BOULEVARD VINCENT AURIOL;48,8347360;2,3669660;4;BOULEVARD VINCENT AURIOL;0.0;;3.0;3;0.0;2.0;0;0;1.0;;;2.0;0.0;1.0;50.0;Paris;11;Île-de-France
201900002033;138Â 302Â 744;A01;1.0;1;1.0;1.0;1966.0;0.0;2.0;6.0;;0.0;0;;;1.0;32.0;0.0;1.0;1.0;1.0;1.0;;27;11;2019;09:30;1.0;75;75113;2;3.0;2.0;6.0;BOULEVARD VINCENT AURIOL;48,8347360;2,3669660;4;BOULEVARD VINCENT AURIOL;0.0;;3.0;3;0.0;2.0;0;0;1.0;;;2.0;0.0;1.0;50.0;Paris;11;Île-de-France
201900002034;138Â 302Â 743;A01;10.0;3;2.0;1.0;2011.0;0.0;0.0;;;3.0;3;1.0;;2.0;14.0;0.0;1.0;2.0;16.0;1.0;;22;11;2019;08:20;1.0;75;75113;2;3.0;1.0;6.0;RUE GUYTON DE MORVEAU;48,8253939;2,3470187;4;RUE GUYTON DE MORVEAU;0.0;;2.0;2;;1.0;0;0;1.0;;;1.0;0.0;1.0;30.0;Paris;11;Île-de-France
201900002034;138Â 302Â 743;A01;1.0;1;2.0;1.0;1965.0;4.0;1.0;0.0;;0.0;0;;;2.0;14.0;0.0;1.0;2.0;16.0;1.0;;22;11;2019;08:20;1.0;75;75113;2;3.0;1.0;6.0;RUE GUYTON DE MORVEAU;48,8253939;2,3470187;4;RUE GUYTON DE MORVEAU;0.0;;2.0;2;;1.0;0;0;1.0;;;1.0;0.0;1.0;30.0;Paris;11;Île-de-France
201900002035;138Â 302Â 742;A01;1.0;1;1.0;1.0;1962.0;0.0;1.0;0.0;;0.0;0;;;2.0;7.0;0.0;1.0;1.0;15.0;1.0;;27;11;2019;12:20;1.0;75;75112;2;2.0;2.0;6.0;RUE DES MARGUETTES;48,8439690;2,4083050;4;RUE DES MARGUETTES;0.0;;2.0;2;0.0;1.0;0;0;1.0;;;2.0;0.0;1.0;30.0;Paris;11;Île-de-France