Num_Acc;id_vehicule;num_veh;place;catu;grav;sexe;an_nais;trajet;secu1;secu2;secu3;locp;actp;etatp;id_usager;senc;catv;obs;obsm;choc;manv;motor;occutc;jour;mois;an;hrmn;lum;dep;com;agg;int;atm;col;adr;lat;long;catr;voie;v1;v2;circ;nbv;vosp;prof;pr;pr1;plan;lartpc;larrout;surf;infra;situ;vma;nom_departement;reg;nom_region
201900002035;138Â 302Â 742;A01;10.0;3;2.0;2.0;1948.0;0.0;0.0;;;3.0;3;2.0;;2.0;7.0;0.0;1.0;1.0;15.0;1.0;;27;11;2019;12:20;1.0;75;75112;2;2.0;2.0;6.0;RUE DES MARGUETTES;48,8439690;2,4083050;4;RUE DES MARGUETTES;0.0;;2.0;2;0.0;1.0;0;0;1.0;;;2.0;0.0;1.0;30.0;Paris;11;Île-de-France
201900002036;138Â 302Â 741;A01;10.0;3;2.0;1.0;1945.0;5.0;0.0;;;4.0;3;1.0;;2.0;10.0;0.0;1.0;8.0;15.0;1.0;;27;11;2019;07:45;1.0;75;75111;2;2.0;1.0;6.0;RUE DU CHEMIN VERT;48,8580235;2,3716629;4;RUE DU CHEMIN VERT;0.0;;1.0;2;0.0;1.0;0;0;1.0;;;1.0;0.0;1.0;30.0;Paris;11;Île-de-France
201900002036;138Â 302Â 741;A01;1.0;1;1.0;1.0;1975.0;4.0;1.0;0.0;;0.0;0;;;2.0;10.0;0.0;1.0;8.0;15.0;1.0;;27;11;2019;07:45;1.0;75;75111;2;2.0;1.0;6.0;RUE DU CHEMIN VERT;48,8580235;2,3716629;4;RUE DU CHEMIN VERT;0.0;;1.0;2;0.0;1.0;0;0;1.0;;;1.0;0.0;1.0;30.0;Paris;11;Île-de-France
201900002037;138Â 302Â 740;A01;1.0;1;2.0;2.0;1982.0;1.0;2.0;6.0;;0.0;0;;;1.0;30.0;0.0;0.0;8.0;1.0;1.0;;27;11;2019;08:54;1.0;75;75108;2;7.0;2.0;7.0;PLACE DE LA CONCORDE;48,8662533;2,3212695;4;PLACE DE LA CONCORDE;0.0;;1.0;4;0.0;1.0;0;0;2.0;;;2.0;0.0;1.0;50.0;Paris;11;Île-de-France
201900002038;138Â 302Â 737;A01;1.0;1;1.0;1.0;1978.0;5.0;1.0;0.0;;0.0;0;;;2.0;7.0;12.0;2.0;2.0;10.0;1.0;;26;11;2019;23:16;5.0;75;75107;2;7.0;2.0;5.0;PLACE JOFFRE;48,8538590;2,3047900;4;PLACE JOFFRE;0.0;;2.0;2;0.0;1.0;0;0;1.0;;;2.0;0.0;1.0;50.0;Paris;11;Île-de-France
201900002038;138Â 302Â 738;C01;3.0;2;2.0;1.0;1953.0;0.0;1.0;0.0;;0.0;0;;;1.0;7.0;0.0;2.0;1.0;1.0;2.0;;26;11;2019;23:16;5.0;75;75107;2;7.0;2.0;5.0;PLACE JOFFRE;48,8538590;2,3047900;4;PLACE JOFFRE;0.0;;2.0;2;0.0;1.0;0;0;1.0;;;2.0;0.0;1.0;50.0;Paris;11;Île-de-France
201900002038;138Â 302Â 738;C01;1.0;1;1.0;1.0;1952.0;4.0;1.0;0.0;;0.0;0;;;1.0;7.0;0.0;2.0;1.0;1.0;2.0;;26;11;2019;23:16;5.0;75;75107;2;7.0;2.0;5.0;PLACE JOFFRE;48,8538590;2,3047900;4;PLACE JOFFRE;0.0;;2.0;2;0.0;1.0;0;0;1.0;;;2.0;0.0;1.0;50.0;Paris;11;Île-de-France
201900002038;138Â 302Â 739;B01;1.0;1;3.0;2.0;1980.0;0.0;2.0;6.0;;0.0;0;;;1.0;32.0;0.0;2.0;1.0;1.0;1.0;;26;11;2019;23:16;5.0;75;75107;2;7.0;2.0;5.0;PLACE JOFFRE;48,8538590;2,3047900;4;PLACE JOFFRE;0.0;;2.0;2;0.0;1.0;0;0;1.0;;;2.0;0.0;1.0;50.0;Paris;11;Île-de-France
201900002039;138Â 302Â 736;A01;1.0;1;2.0;2.0;1992.0;1.0;8.0;2.0;;0.0;0;;;1.0;50.0;0.0;0.0;0.0;1.0;3.0;;27;11;2019;09:45;1.0;75;75104;2;2.0;2.0;7.0;RUE DE LA CITE;48,8556530;2,3483440;4;RUE DE LA CITE;0.0;;1.0;2;1.0;1.0;0;0;1.0;;;2.0;0.0;5.0;30.0;Paris;11;Île-de-France
201900002040;138Â 302Â 735;A01;10.0;3;1.0;2.0;1997.0;5.0;8.0;0.0;;2.0;3;1.0;;1.0;33.0;0.0;1.0;7.0;1.0;0.0;;26;11;2019;23:30;5.0;94;94046;2;1.0;2.0;6.0;GENERAL DE GAULLE (AV DU);48,8150000;2,4205000;3;6;0.0;;3.0;2;0.0;2.0;1;0;1.0;;;2.0;0.0;1.0;50.0;Val-de-Marne;11;Île-de-France
201900002040;138Â 302Â 735;A01;1.0;1;2.0;1.0;1985.0;0.0;2.0;6.0;;0.0;0;;;1.0;33.0;0.0;1.0;7.0;1.0;0.0;;26;11;2019;23:30;5.0;94;94046;2;1.0;2.0;6.0;GENERAL DE GAULLE (AV DU);48,8150000;2,4205000;3;6;0.0;;3.0;2;0.0;2.0;1;0;1.0;;;2.0;0.0;1.0;50.0;Val-de-Marne;11;Île-de-France
201900002041;138Â 302Â 734;A01;1.0;1;2.0;1.0;1982.0;1.0;2.0;0.0;;;0;;;2.0;30.0;0.0;1.0;1.0;1.0;1.0;;26;11;2019;13:00;1.0;94;94046;2;1.0;2.0;6.0;GENERAL LECLERC (AV DU);48,8126500;2,4283200;3;19;0.0;;1.0;2;0.0;1.0;1;0;1.0;;;2.0;0.0;1.0;50.0;Val-de-Marne;11;Île-de-France
201900002041;138Â 302Â 734;A01;10.0;3;2.0;2.0;1990.0;9.0;8.0;0.0;;1.0;3;1.0;;2.0;30.0;0.0;1.0;1.0;1.0;1.0;;26;11;2019;13:00;1.0;94;94046;2;1.0;2.0;6.0;GENERAL LECLERC (AV DU);48,8126500;2,4283200;3;19;0.0;;1.0;2;0.0;1.0;1;0;1.0;;;2.0;0.0;1.0;50.0;Val-de-Marne;11;Île-de-France
201900002042;138Â 302Â 732;B01;1.0;1;2.0;1.0;1971.0;0.0;2.0;0.0;;;0;;;2.0;2.0;0.0;2.0;8.0;1.0;1.0;;26;11;2019;18:50;5.0;94;94041;2;4.0;1.0;3.0;AUGUSTE DESHAIES (QU);48,8185500;2,4003500;3;19;0.0;A;2.0;3;0.0;1.0;0;0;1.0;;;1.0;0.0;1.0;50.0;Val-de-Marne;11;Île-de-France
201900002042;138Â 302Â 733;A01;1.0;1;1.0;2.0;1969.0;0.0;1.0;0.0;;;0;;;2.0;10.0;0.0;2.0;2.0;6.0;1.0;;26;11;2019;18:50;5.0;94;94041;2;4.0;1.0;3.0;AUGUSTE DESHAIES (QU);48,8185500;2,4003500;3;19;0.0;A;2.0;3;0.0;1.0;0;0;1.0;;;1.0;0.0;1.0;50.0;Val-de-Marne;11;Île-de-France
201900002043;138Â 302Â 730;A01;1.0;1;2.0;1.0;1976.0;1.0;2.0;0.0;;; -1;;;1.0;32.0;0.0;2.0;3.0;26.0;6.0;;27;11;2019;12:30;1.0;94;94054;2;9.0;2.0;3.0;GEORGES CLEMENCEAU (AV);48,7502120;2,3987050;4;GEORGES CLEMENCEAU (AV);0.0;;;2;0.0;1.0;0;1;1.0;;;2.0;0.0;1.0;50.0;Val-de-Marne;11;Île-de-France
201900002043;138Â 302Â 731;B01;1.0;1;1.0;1.0;1997.0;1.0;1.0;8.0;;;0;;;1.0;10.0;0.0;2.0;3.0;9.0;6.0;;27;11;2019;12:30;1.0;94;94054;2;9.0;2.0;3.0;GEORGES CLEMENCEAU (AV);48,7502120;2,3987050;4;GEORGES CLEMENCEAU (AV);0.0;;;2;0.0;1.0;0;1;1.0;;;2.0;0.0;1.0;50.0;Val-de-Marne;11;Île-de-France
201900002044;138Â 302Â 729;A01;10.0;3;3.0;2.0;2009.0;0.0;8.0;0.0;;1.0;3;2.0;;1.0;7.0;0.0;1.0;3.0;12.0;1.0;;26;11;2019;18:00;3.0;93;93066;2;1.0;1.0;6.0;WILSON (AVENUE DU PRESIDENT);48,9080900;2,3586500;3;931;0.0;;1.0;2;3.0;1.0;0;0;1.0;;;2.0;0.0;1.0;50.0;Seine-Saint-Denis;11;Île-de-France
201900002044;138Â 302Â 729;A01;1.0;1;1.0;1.0;1982.0;0.0;1.0;0.0;;; -1;;;1.0;7.0;0.0;1.0;3.0;12.0;1.0;;26;11;2019;18:00;3.0;93;93066;2;1.0;1.0;6.0;WILSON (AVENUE DU PRESIDENT);48,9080900;2,3586500;3;931;0.0;;1.0;2;3.0;1.0;0;0;1.0;;;2.0;0.0;1.0;50.0;Seine-Saint-Denis;11;Île-de-France
201900002045;138Â 302Â 728;Z01;10.0;3;3.0;2.0;1985.0;1.0;8.0;0.0;;1.0;1;1.0;;1.0;99.0;0.0;1.0;2.0;2.0;0.0;;27;11;2019;01:30;5.0;93;93032;2;1.0;2.0;6.0;PAUL VAILLANT COUTURIER (RUE);48,8756100;2,5504300;3;902;0.0;;2.0;0;0.0;1.0;1;0;1.0;;;2.0;0.0;1.0;50.0;Seine-Saint-Denis;11;Île-de-France
201900002046;138Â 302Â 725;B01;1.0;1;2.0;2.0;1973.0;0.0;1.0;0.0;;; -1;;;1.0;7.0;0.0;2.0;4.0;23.0;0.0;;27;11;2019;17:30;1.0;93;93048;2;1.0;2.0;4.0;PAUL DOUMER (RUE);48,8584960;2,4569840;4;PAUL DOUMER (RUE);0.0;;2.0;2;0.0;1.0;1;0;1.0;;;2.0;0.0;1.0;50.0;Seine-Saint-Denis;11;Île-de-France
201900002046;138Â 302Â 726;A01;1.0;1;1.0;2.0;1967.0;0.0;1.0;8.0;;; -1;;;1.0;7.0;0.0;2.0;3.0;20.0;0.0;;27;11;2019;17:30;1.0;93;93048;2;1.0;2.0;4.0;PAUL DOUMER (RUE);48,8584960;2,4569840;4;PAUL DOUMER (RUE);0.0;;2.0;2;0.0;1.0;1;0;1.0;;;2.0;0.0;1.0;50.0;Seine-Saint-Denis;11;Île-de-France
201900002046;138Â 302Â 727;C01;1.0;1;1.0;1.0;1986.0;0.0;1.0;0.0;;; -1;;;1.0;7.0;14.0;2.0;1.0;26.0;0.0;;27;11;2019;17:30;1.0;93;93048;2;1.0;2.0;4.0;PAUL DOUMER (RUE);48,8584960;2,4569840;4;PAUL DOUMER (RUE);0.0;;2.0;2;0.0;1.0;1;0;1.0;;;2.0;0.0;1.0;50.0;Seine-Saint-Denis;11;Île-de-France
201900002047;138Â 302Â 724;A01;10.0;3;2.0;2.0;1970.0;1.0;8.0;0.0;;4.0;3;1.0;;2.0;37.0;0.0;1.0;2.0;16.0;1.0;1.0;27;11;2019;08:20;1.0;93;93048;2;2.0;1.0;6.0;FRANKLIN (RUE);48,8623560;2,4437150;4;FRANKLIN (RUE);0.0;;2.0;2;0.0;1.0;0;0;1.0;;;1.0;0.0;1.0;50.0;Seine-Saint-Denis;11;Île-de-France
201900002047;138Â 302Â 724;A01;1.0;1;1.0;2.0;1991.0;4.0;1.0;0.0;;; -1;;;2.0;37.0;0.0;1.0;2.0;16.0;1.0;1.0;27;11;2019;08:20;1.0;93;93048;2;2.0;1.0;6.0;FRANKLIN (RUE);48,8623560;2,4437150;4;FRANKLIN (RUE);0.0;;2.0;2;0.0;1.0;0;0;1.0;;;1.0;0.0;1.0;50.0;Seine-Saint-Denis;11;Île-de-France
201900002048;138Â 302Â 722;A01;1.0;1;3.0;1.0;1978.0;0.0;2.0;0.0;;; -1;;;3.0;30.0;8.0;0.0;2.0;15.0;1.0;;27;11;2019;01:20;5.0;93;93048;2;7.0;3.0;6.0;JEAN JAURES (PLACE);48,8621100;2,4415100;4;JEAN JAURES (PLACE);0.0;;2.0;2;0.0;1.0;0;0;1.0;;;2.0;0.0;1.0;30.0;Seine-Saint-Denis;11;Île-de-France
201900002049;138Â 302Â 720;A01;1.0;1;1.0;1.0;1988.0;0.0;1.0;0.0;;; -1;;;1.0;7.0;0.0;2.0;1.0;1.0;1.0;;27;11;2019;08:35;1.0;93;93046;2;1.0;1.0;2.0;JULES GUESDES AVENUE;48,9109000;2,5115500;3;78;0.0;;2.0;2;0.0;1.0;0;0;1.0;;;1.0;0.0;1.0;50.0;Seine-Saint-Denis;11;Île-de-France
201900002049;138Â 302Â 721;B01;1.0;1;2.0;2.0;1968.0;0.0;1.0;0.0;;; -1;;;1.0;7.0;0.0;2.0;4.0;1.0;1.0;;27;11;2019;08:35;1.0;93;93046;2;1.0;1.0;2.0;JULES GUESDES AVENUE;48,9109000;2,5115500;3;78;0.0;;2.0;2;0.0;1.0;0;0;1.0;;;1.0;0.0;1.0;50.0;Seine-Saint-Denis;11;Île-de-France
201900002050;138Â 302Â 719;A01;1.0;1;3.0;1.0;1986.0;1.0;2.0;5.0;;; -1;;;1.0;2.0;4.0;0.0;2.0;26.0;0.0;;22;11;2019;09:15;1.0;93;93007;2;1.0;1.0;6.0;8 MAI 45 (AVENUE DU 1 AU 182);48,9463900;2,4363700;3;932;0.0;;1.0;2;0.0;1.0;2;365;2.0;;;1.0;8.0;1.0;50.0;Seine-Saint-Denis;11;Île-de-France
201900002051;138Â 302Â 716;A01;1.0;1;1.0;1.0;1984.0;9.0;1.0;8.0;;; -1;;;3.0;7.0;0.0;2.0;0.0;1.0;6.0;;17;9;2019;13:50;1.0;92;92078;2;9.0;1.0;3.0;CHARLES DE GAULLE (BD) (1 AU 13);48,9425700;2,3189600;3;9;0.0;;2.0;4;0.0;1.0;0;0;1.0;;;1.0;0.0;1.0;50.0;Hauts-de-Seine;11;Île-de-France
201900002051;138Â 302Â 717;B01;1.0;1;2.0;1.0;1979.0;9.0;2.0;0.0;;; -1;;;3.0;34.0;0.0;2.0;7.0;18.0;6.0;;17;9;2019;13:50;1.0;92;92078;2;9.0;1.0;3.0;CHARLES DE GAULLE (BD) (1 AU 13);48,9425700;2,3189600;3;9;0.0;;2.0;4;0.0;1.0;0;0;1.0;;;1.0;0.0;1.0;50.0;Hauts-de-Seine;11;Île-de-France
201900002052;138Â 302Â 714;A01;1.0;1;1.0;1.0;1996.0;1.0;1.0;0.0;;;0;;;1.0;7.0;0.0;2.0;3.0;15.0;2.0;;27;11;2019;19:14;3.0;92;92040;2;1.0;1.0;3.0;PDT ROOSEVELT (QUAI DU);48,8333300;2,2640300;3;7;0.0;;2.0;2;0.0;1.0;0;0;1.0;;;2.0;0.0;1.0;50.0;Hauts-de-Seine;11;Île-de-France
201900002052;138Â 302Â 715;B01;1.0;1;2.0;1.0;1969.0;1.0;2.0;6.0;;;0;;;1.0;43.0;0.0;2.0;1.0;21.0;1.0;;27;11;2019;19:14;3.0;92;92040;2;1.0;1.0;3.0;PDT ROOSEVELT (QUAI DU);48,8333300;2,2640300;3;7;0.0;;2.0;2;0.0;1.0;0;0;1.0;;;2.0;0.0;1.0;50.0;Hauts-de-Seine;11;Île-de-France
201900002053;138Â 302Â 712;A01;1.0;1;2.0;1.0;1976.0;1.0;2.0;6.0;;;0;;;2.0;33.0;0.0;2.0;1.0;9.0;1.0;;27;11;2019;16:15;1.0;92;92012;2;2.0;2.0;3.0;GENERAL LECLERC (AVENUE DU) 35/FIN - 60/;48,8311200;2,2389200;3;910;0.0;;3.0;4;0.0;1.0;0;0;1.0;;;2.0;9.0;1.0;50.0;Hauts-de-Seine;11;Île-de-France
201900002053;138Â 302Â 713;B01;1.0;1;1.0;1.0;1991.0;4.0;1.0;8.0;;;0;;;3.0;14.0;0.0;2.0;3.0;0.0;1.0;;27;11;2019;16:15;1.0;92;92012;2;2.0;2.0;3.0;GENERAL LECLERC (AVENUE DU) 35/FIN - 60/;48,8311200;2,2389200;3;910;0.0;;3.0;4;0.0;1.0;0;0;1.0;;;2.0;9.0;1.0;50.0;Hauts-de-Seine;11;Île-de-France
201900002054;138Â 302Â 708;B01;1.0;1;2.0;1.0;1989.0;0.0;1.0;0.0;;;0;;;1.0;7.0;0.0;2.0;1.0;15.0;1.0;;26;11;2019;16:00;1.0;92;92002;2;3.0;1.0;1.0;FRERES LUMIERES (AVENUE DES);48,7383100;2,3079100;4;FRERES LUMIERES (AVENUE DES);0.0;;1.0;1;0.0;1.0;0;0;2.0;;;1.0;0.0;1.0;50.0;Hauts-de-Seine;11;Île-de-France
201900002054;138Â 302Â 709;A01;1.0;1;2.0;2.0;1974.0;9.0;1.0;0.0;;;0;;;1.0;7.0;0.0;2.0;1.0;5.0;1.0;;26;11;2019;16:00;1.0;92;92002;2;3.0;1.0;1.0;FRERES LUMIERES (AVENUE DES);48,7383100;2,3079100;4;FRERES LUMIERES (AVENUE DES);0.0;;1.0;1;0.0;1.0;0;0;2.0;;;1.0;0.0;1.0;50.0;Hauts-de-Seine;11;Île-de-France
201900002055;138Â 302Â 706;A01;1.0;1;1.0;2.0;1978.0;1.0;1.0;;;0.0;0;;;0.0;7.0;0.0;2.0;3.0;15.0;1.0;;27;11;2019;17:00;5.0;01;01443;2;3.0;2.0;3.0;488 Rue de Dombes;46,0001420;5,0280580;3;904;0.0;;2.0;2;0.0;1.0;23;50;1.0;;;2.0;0.0;1.0;50.0;Ain;84;Auvergne-Rhône-Alpes
201900002055;138Â 302Â 707;B01;1.0;1;2.0;1.0;2002.0;2.0;2.0;6.0;9.0;0.0;0;;;2.0;31.0;0.0;2.0;1.0;1.0;1.0;;27;11;2019;17:00;5.0;01;01443;2;3.0;2.0;3.0;488 Rue de Dombes;46,0001420;5,0280580;3;904;0.0;;2.0;2;0.0;1.0;23;50;1.0;;;2.0;0.0;1.0;50.0;Ain;84;Auvergne-Rhône-Alpes
201900002056;138Â 302Â 705;A01;10.0;3;2.0;1.0;2006.0;2.0;0.0;;;3.0;3;3.0;;1.0;3.0;0.0;1.0;1.0;1.0;1.0;;28;11;2019;07:50;2.0;33;33138;2;1.0;2.0;6.0;21 Rue Francois Mitterrand - PiÃ©tons traversent Est vers Ouest;45,0479600; -0,1196200;3;674;0.0;;2.0;2;0.0;1.0;12;290;1.0;;;2.0;0.0;1.0;50.0;Gironde;75;Nouvelle-Aquitaine
201900002056;138Â 302Â 705;A01;10.0;3;3.0;2.0;2008.0;2.0;0.0;;;3.0;3;3.0;;1.0;3.0;0.0;1.0;1.0;1.0;1.0;;28;11;2019;07:50;2.0;33;33138;2;1.0;2.0;6.0;21 Rue Francois Mitterrand - PiÃ©tons traversent Est vers Ouest;45,0479600; -0,1196200;3;674;0.0;;2.0;2;0.0;1.0;12;290;1.0;;;2.0;0.0;1.0;50.0;Gironde;75;Nouvelle-Aquitaine
201900002056;138Â 302Â 705;A01;1.0;1;1.0;1.0;1963.0;1.0;1.0;;;0.0;0;;;1.0;3.0;0.0;1.0;1.0;1.0;1.0;;28;11;2019;07:50;2.0;33;33138;2;1.0;2.0;6.0;21 Rue Francois Mitterrand - PiÃ©tons traversent Est vers Ouest;45,0479600; -0,1196200;3;674;0.0;;2.0;2;0.0;1.0;12;290;1.0;;;2.0;0.0;1.0;50.0;Gironde;75;Nouvelle-Aquitaine
201900002057;138Â 302Â 704;A01;1.0;1;2.0;1.0;2005.0;2.0;2.0;6.0;;0.0;0;;;2.0;2.0;0.0;0.0;9.0;1.0;1.0;;27;11;2019;16:10;1.0;68;68076;2;4.0;2.0;7.0;8 Rue de la 5e Division Blindee;48,0922840;7,5010980;4;;0.0;;2.0;2;0.0;1.0;(1);(1);3.0;;;2.0;0.0;1.0;50.0;Haut-Rhin;44;Grand Est
201900002058;138Â 302Â 702;B01;1.0;1;2.0;2.0;1995.0;5.0;1.0;5.0;;0.0;0;;;1.0;7.0;0.0;2.0;1.0;13.0;1.0;;25;11;2019;12:30;1.0;972;97227;2;1.0;8.0;1.0;D17;14,4682730; -60,9241590;2;5;0.0;;2.0;2;0.0;2.0;22;(1);3.0;;;2.0;2.0;1.0;50.0;Martinique;02;Martinique
201900002058;138Â 302Â 703;A01;2.0;2;3.0;1.0;1988.0;3.0;1.0;5.0;;0.0;0;;;2.0;7.0;0.0;2.0;1.0;1.0;1.0;;25;11;2019;12:30;1.0;972;97227;2;1.0;8.0;1.0;D17;14,4682730; -60,9241590;2;5;0.0;;2.0;2;0.0;2.0;22;(1);3.0;;;2.0;2.0;1.0;50.0;Martinique;02;Martinique
201900002058;138Â 302Â 703;A01;1.0;1;2.0;2.0;1964.0;3.0;1.0;5.0;;0.0;0;;;2.0;7.0;0.0;2.0;1.0;1.0;1.0;;25;11;2019;12:30;1.0;972;97227;2;1.0;8.0;1.0;D17;14,4682730; -60,9241590;2;5;0.0;;2.0;2;0.0;2.0;22;(1);3.0;;;2.0;2.0;1.0;50.0;Martinique;02;Martinique
201900002059;138Â 302Â 700;A01;1.0;1;2.0;2.0;1970.0;1.0;2.0;6.0;9.0;0.0;0;;;2.0;2.0;0.0;0.0;5.0;26.0;1.0;;28;11;2019;06:30;3.0;60;60395;1;6.0;8.0;2.0;Rue Aristide Briand;49,2152968;2,1269912;3;927;0.0;;;2;0.0;1.0;3;0;1.0;;;1.0;9.0;1.0;80.0;Oise;32;Hauts-de-France
201900002059;138Â 302Â 701;B01;1.0;1;1.0;1.0;1996.0;0.0;8.0;;;0.0;0;;;3.0;7.0;0.0;0.0;3.0;26.0;1.0;;28;11;2019;06:30;3.0;60;60395;1;6.0;8.0;2.0;Rue Aristide Briand;49,2152968;2,1269912;3;927;0.0;;;2;0.0;1.0;3;0;1.0;;;1.0;9.0;1.0;80.0;Oise;32;Hauts-de-France
201900002060;138Â 302Â 698;B01;1.0;1;2.0;2.0;1959.0;0.0;1.0;;;0.0;0;;;1.0;7.0;16.0;2.0;8.0;17.0;1.0;;27;11;2019;10:30;1.0;74;74034;1;1.0;3.0;3.0;D902;46,2719160;6,6206200;3;902;;D;2.0;3;0.0;1.0;20;750;1.0;;;2.0;0.0;1.0;80.0;Haute-Savoie;84;Auvergne-Rhône-Alpes
201900002060;138Â 302Â 698;B01;2.0;2;1.0;1.0;1983.0;0.0;1.0;;;0.0;0;;;1.0;7.0;16.0;2.0;8.0;17.0;1.0;;27;11;2019;10:30;1.0;74;74034;1;1.0;3.0;3.0;D902;46,2719160;6,6206200;3;902;;D;2.0;3;0.0;1.0;20;750;1.0;;;2.0;0.0;1.0;80.0;Haute-Savoie;84;Auvergne-Rhône-Alpes
201900002060;138Â 302Â 698;B01;5.0;2;2.0;1.0;1994.0;0.0;1.0;;;0.0;0;;;1.0;7.0;16.0;2.0;8.0;17.0;1.0;;27;11;2019;10:30;1.0;74;74034;1;1.0;3.0;3.0;D902;46,2719160;6,6206200;3;902;;D;2.0;3;0.0;1.0;20;750;1.0;;;2.0;0.0;1.0;80.0;Haute-Savoie;84;Auvergne-Rhône-Alpes
201900002060;138Â 302Â 699;A01;1.0;1;1.0;1.0;1981.0;3.0;1.0;;;0.0;0;;;1.0;7.0;0.0;2.0;2.0;17.0;1.0;;27;11;2019;10:30;1.0;74;74034;1;1.0;3.0;3.0;D902;46,2719160;6,6206200;3;902;;D;2.0;3;0.0;1.0;20;750;1.0;;;2.0;0.0;1.0;80.0;Haute-Savoie;84;Auvergne-Rhône-Alpes
201900002061;138Â 302Â 696;B01;1.0;1;4.0;1.0;1997.0;1.0;2.0;6.0;;0.0;0;;;0.0;31.0;0.0;2.0;1.0;1.0;1.0;;28;11;2019;17:50;3.0;41;41173;1;2.0;2.0;3.0;D50;47,9273620;1,4019620;3;50;;;2.0;2;0.0;1.0;(1);(1);1.0;;;2.0;5.0;1.0;80.0;Loir-et-Cher;24;Centre-Val de Loire
201900002061;138Â 302Â 697;A01;1.0;1;1.0;2.0;1984.0;1.0;1.0;;;0.0;0;;;0.0;7.0;0.0;2.0;6.0;19.0;1.0;;28;11;2019;17:50;3.0;41;41173;1;2.0;2.0;3.0;D50;47,9273620;1,4019620;3;50;;;2.0;2;0.0;1.0;(1);(1);1.0;;;2.0;5.0;1.0;80.0;Loir-et-Cher;24;Centre-Val de Loire
201900002062;138Â 302Â 693;C01;1.0;1;1.0;1.0;1948.0;5.0;1.0;;;0.0;0;;;2.0;7.0;0.0;2.0;1.0;1.0;1.0;;27;11;2019;18:15;5.0;30;30060;2;1.0;1.0;5.0;D42;43,7893200;4,3877620;3;42;;;2.0;2;0.0;1.0;5;500;1.0;;;1.0;0.0;1.0;50.0;Gard;76;Occitanie
201900002062;138Â 302Â 694;B01;1.0;1;2.0;1.0;1967.0;1.0;2.0;;;0.0;0;;;1.0;33.0;0.0;2.0;7.0;1.0;1.0;;27;11;2019;18:15;5.0;30;30060;2;1.0;1.0;5.0;D42;43,7893200;4,3877620;3;42;;;2.0;2;0.0;1.0;5;500;1.0;;;1.0;0.0;1.0;50.0;Gard;76;Occitanie
201900002062;138Â 302Â 695;A01;1.0;1;1.0;2.0;1966.0;1.0;1.0;;;0.0;0;;;1.0;7.0;0.0;2.0;8.0;16.0;1.0;;27;11;2019;18:15;5.0;30;30060;2;1.0;1.0;5.0;D42;43,7893200;4,3877620;3;42;;;2.0;2;0.0;1.0;5;500;1.0;;;1.0;0.0;1.0;50.0;Gard;76;Occitanie
201900002063;138Â 302Â 692;A01;1.0;1;3.0;1.0;1974.0;1.0;2.0;6.0;;0.0;0;;;1.0;33.0;0.0;0.0;0.0;0.0;1.0;;26;11;2019;08:10;2.0;56;56094;1;6.0;2.0;7.0;Chemin de ManÃ©-kernours;47,7600750; -3,2836760;9;194;0.0;D;1.0;2;0.0;1.0;4;(1);2.0;;;2.0;5.0;8.0;80.0;Morbihan;53;Bretagne
201900002064;138Â 302Â 691;A01;1.0;1;3.0;1.0;1973.0;0.0;1.0;5.0;;0.0;0;;;1.0;10.0;8.0;0.0;1.0;1.0;1.0;;28;11;2019;07:40;1.0;2B;2B096;2;2.0;1.0;6.0;7 Avenue Jean Nicoli;42,3064010;9,1565290;3;39;;;2.0;2;0.0;2.0;0;100;3.0;;;1.0;0.0;4.0;;Haute-Corse;94;Corse
201900002065;138Â 302Â 686;A01;1.0;1;1.0;1.0;1939.0;5.0;8.0;;;0.0;0;;;1.0;7.0;0.0;2.0;2.0;15.0;1.0;;11;10;2019;19:01;1.0;82;82149;1;3.0;1.0;3.0;Route de Mirabel;44,1244920;1,4541300;3;40;0.0;D;2.0;2;0.0;1.0;19;560;1.0;;;1.0;0.0;1.0;80.0;Tarn-et-Garonne;76;Occitanie
201900002065;138Â 302Â 687;B01;1.0;1;3.0;1.0;1970.0;9.0;2.0;6.0;;0.0;0;;;2.0;31.0;0.0;2.0;1.0;1.0;1.0;;11;10;2019;19:01;1.0;82;82149;1;3.0;1.0;3.0;Route de Mirabel;44,1244920;1,4541300;3;40;0.0;D;2.0;2;0.0;1.0;19;560;1.0;;;1.0;0.0;1.0;80.0;Tarn-et-Garonne;76;Occitanie
201900002066;138Â 302Â 683;A01;1.0;1;2.0;1.0;1955.0;9.0;1.0;;;0.0;0;;;2.0;7.0;0.0;2.0;3.0;9.0;1.0;;28;11;2019;13:55;1.0;65;65127;1;4.0;1.0;5.0;D938;43,0966680;0,3307060;3;938;0.0;;2.0;2;0.0;1.0;19;0;3.0;;;1.0;5.0;1.0;80.0;Hautes-Pyrénées;76;Occitanie
201900002066;138Â 302Â 683;A01;2.0;2;3.0;2.0;1959.0;5.0;1.0;;;0.0;0;;;2.0;7.0;0.0;2.0;3.0;9.0;1.0;;28;11;2019;13:55;1.0;65;65127;1;4.0;1.0;5.0;D938;43,0966680;0,3307060;3;938;0.0;;2.0;2;0.0;1.0;19;0;3.0;;;1.0;5.0;1.0;80.0;Hautes-Pyrénées;76;Occitanie
201900002066;138Â 302Â 684;C01;1.0;1;1.0;1.0;1956.0;4.0;1.0;;;0.0;0;;;1.0;15.0;0.0;2.0;1.0;1.0;1.0;;28;11;2019;13:55;1.0;65;65127;1;4.0;1.0;5.0;D938;43,0966680;0,3307060;3;938;0.0;;2.0;2;0.0;1.0;19;0;3.0;;;1.0;5.0;1.0;80.0;Hautes-Pyrénées;76;Occitanie