Num_Acc;id_vehicule;num_veh;place;catu;grav;sexe;an_nais;trajet;secu1;secu2;secu3;locp;actp;etatp;id_usager;senc;catv;obs;obsm;choc;manv;motor;occutc;jour;mois;an;hrmn;lum;dep;com;agg;int;atm;col;adr;lat;long;catr;voie;v1;v2;circ;nbv;vosp;prof;pr;pr1;plan;lartpc;larrout;surf;infra;situ;vma;nom_departement;reg;nom_region
201900002066;138Â 302Â 685;B01;1.0;1;1.0;1.0;1965.0;4.0;1.0;;;0.0;0;;;2.0;7.0;0.0;2.0;5.0;1.0;1.0;;28;11;2019;13:55;1.0;65;65127;1;4.0;1.0;5.0;D938;43,0966680;0,3307060;3;938;0.0;;2.0;2;0.0;1.0;19;0;3.0;;;1.0;5.0;1.0;80.0;Hautes-Pyrénées;76;Occitanie
201900002067;138Â 302Â 681;B01;2.0;2;2.0;1.0;1970.0;5.0;1.0;;;0.0;0;;;2.0;7.0;0.0;0.0;1.0;1.0;1.0;;27;11;2019;17:00;2.0;33;33394;1;1.0;3.0;1.0;Lieu Dit la Grace Dieu;44,9059700; -0,1736000;3;243;;;2.0;2;0.0;1.0;5;398;3.0;;;2.0;0.0;1.0;70.0;Gironde;75;Nouvelle-Aquitaine
201900002067;138Â 302Â 681;B01;1.0;1;3.0;1.0;1977.0;5.0;1.0;;;0.0;0;;;2.0;7.0;0.0;0.0;1.0;1.0;1.0;;27;11;2019;17:00;2.0;33;33394;1;1.0;3.0;1.0;Lieu Dit la Grace Dieu;44,9059700; -0,1736000;3;243;;;2.0;2;0.0;1.0;5;398;3.0;;;2.0;0.0;1.0;70.0;Gironde;75;Nouvelle-Aquitaine
201900002067;138Â 302Â 682;A01;1.0;1;3.0;2.0;1986.0;1.0;1.0;;;0.0;0;;;1.0;7.0;0.0;2.0;1.0;13.0;1.0;;27;11;2019;17:00;2.0;33;33394;1;1.0;3.0;1.0;Lieu Dit la Grace Dieu;44,9059700; -0,1736000;3;243;;;2.0;2;0.0;1.0;5;398;3.0;;;2.0;0.0;1.0;70.0;Gironde;75;Nouvelle-Aquitaine
201900002068;138Â 302Â 680;A01;1.0;1;2.0;1.0;1954.0;5.0;1.0;;;0.0;0;;;2.0;7.0;10.0;0.0;1.0;13.0;1.0;;27;11;2019;01:45;3.0;81;81272;1;1.0;3.0;6.0;D999;43,9208170;1,6126610;3;999;0.0;;2.0;2;0.0;1.0;64;12;1.0;;;2.0;0.0;3.0;80.0;Tarn;76;Occitanie
201900002068;138Â 302Â 680;A01;2.0;2;3.0;1.0;1962.0;5.0;1.0;;;0.0;0;;;2.0;7.0;10.0;0.0;1.0;13.0;1.0;;27;11;2019;01:45;3.0;81;81272;1;1.0;3.0;6.0;D999;43,9208170;1,6126610;3;999;0.0;;2.0;2;0.0;1.0;64;12;1.0;;;2.0;0.0;3.0;80.0;Tarn;76;Occitanie
201900002069;138Â 302Â 679;A01;10.0;3;3.0;1.0;1938.0;3.0;0.0;;;3.0;3;1.0;;2.0;7.0;0.0;1.0;2.0;2.0;1.0;;27;11;2019;17:40;5.0;11;11426;2;1.0;1.0;6.0;66 Avenue du Minervois;43,2855690;2,4390260;3;620;0.0;;2.0;2;0.0;1.0;26;500;1.0;;;1.0;9.0;1.0;50.0;Aude;76;Occitanie
201900002069;138Â 302Â 679;A01;1.0;1;1.0;1.0;1948.0;5.0;1.0;;;0.0;0;;;2.0;7.0;0.0;1.0;2.0;2.0;1.0;;27;11;2019;17:40;5.0;11;11426;2;1.0;1.0;6.0;66 Avenue du Minervois;43,2855690;2,4390260;3;620;0.0;;2.0;2;0.0;1.0;26;500;1.0;;;1.0;9.0;1.0;50.0;Aude;76;Occitanie
201900002070;138Â 302Â 678;A01;1.0;1;2.0;1.0;1960.0;5.0;1.0;;;0.0;0;;;1.0;7.0;2.0;0.0;2.0;2.0;1.0;;24;10;2019;10:10;1.0;34;34091;1;1.0;1.0;6.0;Route de Saint pierre;43,8511260;3,3552390;3;9;0.0;;2.0;2;0.0;2.0;3;0;1.0;;;1.0;0.0;3.0;80.0;Hérault;76;Occitanie
201900002071;138Â 302Â 677;A01;1.0;1;3.0;2.0;1972.0;5.0;2.0;6.0;9.0;0.0;0;;;0.0;1.0;0.0;0.0;9.0;0.0;5.0;;27;11;2019;12:00;1.0;68;68075;1;1.0;1.0;7.0;Rue des Coteaux;47,5324190;7,3332350;9;;;;2.0;1;0.0;1.0;(1);(1);1.0;;;1.0;0.0;5.0;;Haut-Rhin;44;Grand Est
201900002072;138Â 302Â 676;A01;1.0;1;3.0;1.0;1946.0;9.0;2.0;6.0;;0.0;0;;;1.0;2.0;6.0;0.0;1.0;14.0;1.0;;21;9;2019;21:21;5.0;29;29302;2;3.0;1.0;7.0;42 Rue de Brest;48,2561800; -4,0837060;3;770;0.0;D;2.0;2;0.0;2.0;36;400;2.0;;;2.0;0.0;4.0;50.0;Finistère;53;Bretagne
201900002073;138Â 302Â 674;B01;1.0;1;2.0;1.0;1966.0;5.0;2.0;;;0.0;0;;;1.0;1.0;0.0;2.0;4.0;1.0;5.0;;23;11;2019;17:25;2.0;29;29298;1;1.0;8.0;2.0;1076 Moulin de Bondivy;47,9133560; -4,3162860;3;2;0.0;R;2.0;2;0.0;2.0;17;300;4.0;;;2.0;0.0;1.0;80.0;Finistère;53;Bretagne
201900002073;138Â 302Â 675;A01;1.0;1;1.0;1.0;1944.0;5.0;1.0;;;0.0;0;;;1.0;7.0;0.0;2.0;2.0;1.0;1.0;;23;11;2019;17:25;2.0;29;29298;1;1.0;8.0;2.0;1076 Moulin de Bondivy;47,9133560; -4,3162860;3;2;0.0;R;2.0;2;0.0;2.0;17;300;4.0;;;2.0;0.0;1.0;80.0;Finistère;53;Bretagne
201900002074;138Â 302Â 673;A01;1.0;1;1.0;2.0;1989.0;1.0;1.0;;;0.0;0;;;3.0;7.0;0.0;1.0;2.0;1.0;1.0;;27;11;2019;11:05;1.0;31;31582;2;1.0;7.0;6.0;14 Avenue de la Fontasse;43,3963970;1,7184040;4;;;;1.0;1;0.0;1.0;(1);(1);2.0;;;1.0;9.0;1.0;50.0;Haute-Garonne;76;Occitanie
201900002074;138Â 302Â 673;A01;10.0;3;4.0;1.0;1930.0;5.0;0.0;;;2.0;9;1.0;;3.0;7.0;0.0;1.0;2.0;1.0;1.0;;27;11;2019;11:05;1.0;31;31582;2;1.0;7.0;6.0;14 Avenue de la Fontasse;43,3963970;1,7184040;4;;;;1.0;1;0.0;1.0;(1);(1);2.0;;;1.0;9.0;1.0;50.0;Haute-Garonne;76;Occitanie
201900002075;138Â 302Â 672;A01;10.0;3;2.0;1.0;1973.0;4.0;0.0;;;9.0;1;1.0;;3.0;10.0;0.0;1.0;4.0;20.0;1.0;;20;11;2019;08:00;1.0;38;38454;2;1.0;1.0;6.0;Rue des Lavandes;45,1573600;5,3343900;4;Rue des Lavandes;0.0;;;1;0.0;2.0;(1);(1);1.0;;;1.0;9.0;8.0;50.0;Isère;84;Auvergne-Rhône-Alpes
201900002075;138Â 302Â 672;A01;1.0;1;1.0;1.0;1998.0;4.0;8.0;;;0.0;0;;;3.0;10.0;0.0;1.0;4.0;20.0;1.0;;20;11;2019;08:00;1.0;38;38454;2;1.0;1.0;6.0;Rue des Lavandes;45,1573600;5,3343900;4;Rue des Lavandes;0.0;;;1;0.0;2.0;(1);(1);1.0;;;1.0;9.0;8.0;50.0;Isère;84;Auvergne-Rhône-Alpes
201900002076;138Â 302Â 671;A01;1.0;1;3.0;1.0;2004.0;1.0;2.0;6.0;;0.0;0;;;2.0;2.0;0.0;0.0;2.0;1.0;1.0;;28;11;2019;06:00;3.0;70;70317;1;1.0;2.0;7.0;;47,5358187;6,4048317;3;9;0.0;;2.0;2;0.0;1.0;21;600;1.0;;;2.0;0.0;3.0;80.0;Haute-Saône;27;Bourgogne-Franche-Comté
201900002077;138Â 302Â 670;A01;2.0;2;2.0;2.0;1992.0;5.0;1.0;;;0.0;0;;;0.0;7.0;1.0;0.0;1.0;0.0;1.0;;27;11;2019;20:45;5.0;58;58281;2;1.0;2.0;6.0;40 Rue Saint Symphorien;47,3362820;3,0668350;3;4;0.0;A;2.0;2;0.0;1.0;1;700;1.0;;;2.0;0.0;1.0;50.0;Nièvre;27;Bourgogne-Franche-Comté
201900002077;138Â 302Â 670;A01;1.0;1;2.0;1.0;1993.0;5.0;1.0;;;0.0;0;;;0.0;7.0;1.0;0.0;1.0;0.0;1.0;;27;11;2019;20:45;5.0;58;58281;2;1.0;2.0;6.0;40 Rue Saint Symphorien;47,3362820;3,0668350;3;4;0.0;A;2.0;2;0.0;1.0;1;700;1.0;;;2.0;0.0;1.0;50.0;Nièvre;27;Bourgogne-Franche-Comté
201900002077;138Â 302Â 670;A01;8.0;2;3.0;2.0;2009.0;5.0;1.0;;;0.0;0;;;0.0;7.0;1.0;0.0;1.0;0.0;1.0;;27;11;2019;20:45;5.0;58;58281;2;1.0;2.0;6.0;40 Rue Saint Symphorien;47,3362820;3,0668350;3;4;0.0;A;2.0;2;0.0;1.0;1;700;1.0;;;2.0;0.0;1.0;50.0;Nièvre;27;Bourgogne-Franche-Comté
201900002078;138Â 302Â 667;A01;1.0;1;4.0;1.0;1944.0;5.0;1.0;;;0.0;0;;;1.0;7.0;6.0;0.0;2.0;0.0;1.0;;28;11;2019;15:50;1.0;14;14120;2;3.0;1.0;6.0;41 Route de 7 Vents;49,0668840; -0,7727100;3;193;;;2.0;2;0.0;1.0;8;190;1.0;;;1.0;0.0;3.0;50.0;Calvados;28;Normandie
201900002079;138Â 302Â 665;B01;1.0;1;2.0;1.0;1980.0;4.0;1.0;;;0.0;0;;;1.0;17.0;0.0;2.0;1.0;1.0;1.0;;27;11;2019;11:20;1.0;36;36194;1;1.0;2.0;1.0;D943;46,9101670;1,3375030;3;943;0.0;;2.0;2;0.0;4.0;79;586;1.0;;;2.0;0.0;1.0;80.0;Indre;24;Centre-Val de Loire
201900002079;138Â 302Â 666;A01;1.0;1;4.0;1.0;1937.0;5.0;1.0;;;0.0;0;;;2.0;7.0;0.0;2.0;1.0;13.0;1.0;;27;11;2019;11:20;1.0;36;36194;1;1.0;2.0;1.0;D943;46,9101670;1,3375030;3;943;0.0;;2.0;2;0.0;4.0;79;586;1.0;;;2.0;0.0;1.0;80.0;Indre;24;Centre-Val de Loire
201900002080;138Â 302Â 664;A01;1.0;1;3.0;1.0;1978.0;5.0;0.0;;;0.0;0;;;3.0;7.0;2.0;0.0;7.0;0.0;0.0;;27;11;2019;22:00;5.0;07;07010;2;1.0;1.0;6.0;rue Font Chevalier;45,2449048;4,6629410;4;;;;2.0;2;0.0;2.0;(1);(1);4.0;;;1.0;0.0;1.0;50.0;Ardèche;84;Auvergne-Rhône-Alpes
201900002080;138Â 302Â 664;A01;8.0;2;3.0;1.0;1981.0;5.0;8.0;;;0.0;0;;;3.0;7.0;2.0;0.0;7.0;0.0;0.0;;27;11;2019;22:00;5.0;07;07010;2;1.0;1.0;6.0;rue Font Chevalier;45,2449048;4,6629410;4;;;;2.0;2;0.0;2.0;(1);(1);4.0;;;1.0;0.0;1.0;50.0;Ardèche;84;Auvergne-Rhône-Alpes
201900002080;138Â 302Â 664;A01;2.0;2;4.0;1.0;1981.0;5.0;8.0;;;0.0;0;;;3.0;7.0;2.0;0.0;7.0;0.0;0.0;;27;11;2019;22:00;5.0;07;07010;2;1.0;1.0;6.0;rue Font Chevalier;45,2449048;4,6629410;4;;;;2.0;2;0.0;2.0;(1);(1);4.0;;;1.0;0.0;1.0;50.0;Ardèche;84;Auvergne-Rhône-Alpes
201900002081;138Â 302Â 662;B01;2.0;2;1.0;1.0;1995.0;5.0;8.0;;;0.0;0;;;2.0;7.0;3.0;2.0;1.0;0.0;1.0;;28;11;2019;08:50;1.0;13;13040;1;1.0;2.0;2.0;A52;43,4735180;5,5653190;1;52;;;3.0;5;0.0;2.0;1;600;1.0;;;2.0;0.0;1.0;130.0;Bouches-du-Rhône;93;Provence-Alpes-Côte d'Azur
201900002081;138Â 302Â 662;B01;1.0;1;1.0;2.0;1994.0;5.0;1.0;;;0.0;0;;;2.0;7.0;3.0;2.0;1.0;0.0;1.0;;28;11;2019;08:50;1.0;13;13040;1;1.0;2.0;2.0;A52;43,4735180;5,5653190;1;52;;;3.0;5;0.0;2.0;1;600;1.0;;;2.0;0.0;1.0;130.0;Bouches-du-Rhône;93;Provence-Alpes-Côte d'Azur
201900002081;138Â 302Â 663;A01;1.0;1;2.0;2.0;1968.0;1.0;8.0;;;0.0;0;;;2.0;7.0;3.0;0.0;4.0;1.0;1.0;;28;11;2019;08:50;1.0;13;13040;1;1.0;2.0;2.0;A52;43,4735180;5,5653190;1;52;;;3.0;5;0.0;2.0;1;600;1.0;;;2.0;0.0;1.0;130.0;Bouches-du-Rhône;93;Provence-Alpes-Côte d'Azur
201900002082;138Â 302Â 660;B01;1.0;1;1.0;1.0;1971.0;4.0;1.0;;;0.0;0;;;2.0;17.0;0.0;2.0;1.0;1.0;1.0;;28;11;2019;09:06;1.0;40;40278;1;1.0;1.0;1.0;D 44;44,1779840; -1,1302640;3;44;;;2.0;2;0.0;1.0;8;900;1.0;;;2.0;0.0;1.0;80.0;Landes;75;Nouvelle-Aquitaine
201900002082;138Â 302Â 661;A01;1.0;1;4.0;1.0;1937.0;0.0;1.0;;;0.0;0;;;1.0;7.0;0.0;2.0;1.0;13.0;1.0;;28;11;2019;09:06;1.0;40;40278;1;1.0;1.0;1.0;D 44;44,1779840; -1,1302640;3;44;;;2.0;2;0.0;1.0;8;900;1.0;;;2.0;0.0;1.0;80.0;Landes;75;Nouvelle-Aquitaine
201900002083;138Â 302Â 658;B01;1.0;1;1.0;1.0;1970.0;4.0;1.0;;;0.0;0;;;1.0;37.0;0.0;2.0;8.0;1.0;1.0;1.0;28;11;2019;05:45;1.0;974;97422;2;1.0;1.0;3.0;Chemin Notre Dame de la Paix; -21,2217070;55,5604410;2;36;0.0;;2.0;2;0.0;2.0;0;110;3.0;;;1.0;0.0;1.0;50.0;La Réunion;04;La Réunion
201900002083;138Â 302Â 659;A01;1.0;1;4.0;1.0;2005.0;2.0;0.0;;;0.0;0;;;2.0;1.0;0.0;2.0;1.0;13.0;5.0;;28;11;2019;05:45;1.0;974;97422;2;1.0;1.0;3.0;Chemin Notre Dame de la Paix; -21,2217070;55,5604410;2;36;0.0;;2.0;2;0.0;2.0;0;110;3.0;;;1.0;0.0;1.0;50.0;La Réunion;04;La Réunion
201900002084;138Â 302Â 656;B01;2.0;2;1.0;1.0;1972.0;5.0;0.0;;;0.0;0;;;1.0;99.0;0.0;2.0;5.0;1.0;6.0;;27;11;2019;17:15;2.0;971;97112;1;1.0;1.0;2.0;Poisson;15,9262520; -61,3166100;2;9;;;2.0;2;0.0;1.0;4;50;1.0;;;1.0;0.0;1.0;80.0;Guadeloupe;01;Guadeloupe
201900002084;138Â 302Â 656;B01;1.0;1;1.0;1.0;1991.0;5.0;0.0;;;0.0;0;;;1.0;99.0;0.0;2.0;5.0;1.0;6.0;;27;11;2019;17:15;2.0;971;97112;1;1.0;1.0;2.0;Poisson;15,9262520; -61,3166100;2;9;;;2.0;2;0.0;1.0;4;50;1.0;;;1.0;0.0;1.0;80.0;Guadeloupe;01;Guadeloupe
201900002084;138Â 302Â 657;A01;1.0;1;2.0;1.0;1957.0;5.0;1.0;;;0.0;0;;;1.0;7.0;0.0;9.0;2.0;21.0;1.0;;27;11;2019;17:15;2.0;971;97112;1;1.0;1.0;2.0;Poisson;15,9262520; -61,3166100;2;9;;;2.0;2;0.0;1.0;4;50;1.0;;;1.0;0.0;1.0;80.0;Guadeloupe;01;Guadeloupe
201900002085;138Â 302Â 653;C01;1.0;1;1.0;1.0;1997.0;5.0;1.0;;;0.0;0;;;3.0;7.0;0.0;2.0;2.0;0.0;0.0;;27;11;2019;15:45;1.0;971;97118;1;1.0;1.0;5.0;Route de la Traversee;16,2064640; -61,6315140;3;23;;;2.0;2;0.0;2.0;(1);(1);1.0;;;1.0;0.0;1.0;70.0;Guadeloupe;01;Guadeloupe
201900002085;138Â 302Â 654;B01;1.0;1;3.0;2.0;1960.0;5.0;1.0;;;0.0;0;;;3.0;7.0;0.0;2.0;1.0;0.0;0.0;;27;11;2019;15:45;1.0;971;97118;1;1.0;1.0;5.0;Route de la Traversee;16,2064640; -61,6315140;3;23;;;2.0;2;0.0;2.0;(1);(1);1.0;;;1.0;0.0;1.0;70.0;Guadeloupe;01;Guadeloupe
201900002085;138Â 302Â 655;A01;1.0;1;2.0;1.0;1988.0;5.0;1.0;;;0.0;0;;;0.0;7.0;0.0;2.0;1.0;5.0;0.0;;27;11;2019;15:45;1.0;971;97118;1;1.0;1.0;5.0;Route de la Traversee;16,2064640; -61,6315140;3;23;;;2.0;2;0.0;2.0;(1);(1);1.0;;;1.0;0.0;1.0;70.0;Guadeloupe;01;Guadeloupe
201900002085;138Â 302Â 655;A01;7.0;2;2.0;1.0;2012.0;5.0;1.0;;;0.0;0;;;0.0;7.0;0.0;2.0;1.0;5.0;0.0;;27;11;2019;15:45;1.0;971;97118;1;1.0;1.0;5.0;Route de la Traversee;16,2064640; -61,6315140;3;23;;;2.0;2;0.0;2.0;(1);(1);1.0;;;1.0;0.0;1.0;70.0;Guadeloupe;01;Guadeloupe
201900002086;138Â 302Â 652;A01;1.0;1;3.0;1.0;1988.0;4.0;8.0;;;0.0;0;;;2.0;7.0;2.0;0.0;3.0;1.0;1.0;;25;11;2019;07:10;2.0;45;45277;1;1.0;1.0;7.0;D54 PR9 + 500;47,6978030;2,3896400;3;54;0.0;;2.0;2;0.0;2.0;9;500;2.0;;;1.0;0.0;3.0;80.0;Loiret;24;Centre-Val de Loire
201900002087;138Â 302Â 650;B01;1.0;1;3.0;1.0;2002.0;5.0;2.0;6.0;;0.0;0;;;3.0;30.0;0.0;0.0;1.0;1.0;0.0;;27;9;2019;17:30;1.0;84;84055;2;1.0;1.0;1.0;Chemin des Contrebandiers;43,9448890;4,9295690;9;;;;2.0;2;0.0;1.0;0;0;3.0;;;1.0;0.0;1.0;50.0;Vaucluse;93;Provence-Alpes-Côte d'Azur
201900002087;138Â 302Â 651;A01;1.0;1;1.0;1.0;1971.0;4.0;0.0;;;0.0;0;;;3.0;99.0;0.0;0.0;3.0;1.0;0.0;;27;9;2019;17:30;1.0;84;84055;2;1.0;1.0;1.0;Chemin des Contrebandiers;43,9448890;4,9295690;9;;;;2.0;2;0.0;1.0;0;0;3.0;;;1.0;0.0;1.0;50.0;Vaucluse;93;Provence-Alpes-Côte d'Azur
201900002088;138Â 302Â 647;A01;1.0;1;1.0;1.0;1976.0;1.0;1.0;;;0.0;0;;;1.0;7.0;0.0;1.0;3.0;1.0;1.0;;28;11;2019;07:15;5.0;44;44035;1;6.0;2.0;6.0;8 Rue de l'Europe;47,2858270; -1,5494840;7;39;0.0;;2.0;2;0.0;1.0;(1);(1);1.0;;;2.0;0.0;1.0;80.0;Loire-Atlantique;52;Pays de la Loire
201900002088;138Â 302Â 647;A01;10.0;3;3.0;2.0;2002.0;2.0;0.0;;;3.0;3;1.0;;1.0;7.0;0.0;1.0;3.0;1.0;1.0;;28;11;2019;07:15;5.0;44;44035;1;6.0;2.0;6.0;8 Rue de l'Europe;47,2858270; -1,5494840;7;39;0.0;;2.0;2;0.0;1.0;(1);(1);1.0;;;2.0;0.0;1.0;80.0;Loire-Atlantique;52;Pays de la Loire
201900002089;138Â 302Â 645;B01;1.0;1;3.0;2.0;1942.0;5.0;1.0;;;0.0;0;;;1.0;7.0;0.0;2.0;2.0;1.0;1.0;;27;11;2019;19:50;3.0;31;31165;1;3.0;1.0;1.0;32 Rue Frederic Chopin;43,4326560;1,3579580;3;4;;;2.0;2;0.0;1.0;(1);200;1.0;;;2.0;0.0;1.0;90.0;Haute-Garonne;76;Occitanie
201900002089;138Â 302Â 645;B01;2.0;2;3.0;2.0;1942.0;9.0;1.0;;;0.0;0;;;1.0;7.0;0.0;2.0;2.0;1.0;1.0;;27;11;2019;19:50;3.0;31;31165;1;3.0;1.0;1.0;32 Rue Frederic Chopin;43,4326560;1,3579580;3;4;;;2.0;2;0.0;1.0;(1);200;1.0;;;2.0;0.0;1.0;90.0;Haute-Garonne;76;Occitanie
201900002089;138Â 302Â 646;A01;1.0;1;1.0;2.0;1988.0;5.0;1.0;;;0.0;0;;;1.0;7.0;0.0;2.0;3.0;15.0;1.0;;27;11;2019;19:50;3.0;31;31165;1;3.0;1.0;1.0;32 Rue Frederic Chopin;43,4326560;1,3579580;3;4;;;2.0;2;0.0;1.0;(1);200;1.0;;;2.0;0.0;1.0;90.0;Haute-Garonne;76;Occitanie
201900002090;138Â 302Â 643;A01;1.0;1;1.0;1.0;1981.0;0.0;8.0;;;0.0;0;;;1.0;7.0;0.0;0.0;3.0;9.0;1.0;;28;11;2019;12:20;1.0;64;64422;2;1.0;1.0;3.0;Route de Pau;43,1880614; -0,5892815;2;134;0.0;;1.0;1;0.0;2.0;66;750;2.0;;;1.0;0.0;1.0;50.0;Pyrénées-Atlantiques;75;Nouvelle-Aquitaine
201900002090;138Â 302Â 644;B01;1.0;1;3.0;1.0;2003.0;0.0;2.0;;;0.0;0;;;2.0;2.0;0.0;2.0;1.0;9.0;1.0;;28;11;2019;12:20;1.0;64;64422;2;1.0;1.0;3.0;Route de Pau;43,1880614; -0,5892815;2;134;0.0;;1.0;1;0.0;2.0;66;750;2.0;;;1.0;0.0;1.0;50.0;Pyrénées-Atlantiques;75;Nouvelle-Aquitaine
201900002091;138Â 302Â 641;A01;2.0;2;2.0;2.0;1997.0;5.0;6.0;2.0;9.0;0.0;0;;;2.0;33.0;0.0;2.0;8.0;17.0;1.0;;24;11;2019;17:58;3.0;33;33238;1;1.0;1.0;1.0;Avenue de Cadaujac;44,7325700; -0,5813900;3;651;0.0;;2.0;2;0.0;1.0;1;220;1.0;;;2.0;0.0;1.0;70.0;Gironde;75;Nouvelle-Aquitaine
201900002091;138Â 302Â 641;A01;1.0;1;1.0;1.0;1997.0;5.0;2.0;6.0;9.0;0.0;0;;;2.0;33.0;0.0;2.0;8.0;17.0;1.0;;24;11;2019;17:58;3.0;33;33238;1;1.0;1.0;1.0;Avenue de Cadaujac;44,7325700; -0,5813900;3;651;0.0;;2.0;2;0.0;1.0;1;220;1.0;;;2.0;0.0;1.0;70.0;Gironde;75;Nouvelle-Aquitaine
201900002091;138Â 302Â 642;B01;1.0;1;1.0;1.0;1978.0;5.0;1.0;;;0.0;0;;;1.0;7.0;0.0;2.0;8.0;1.0;1.0;;24;11;2019;17:58;3.0;33;33238;1;1.0;1.0;1.0;Avenue de Cadaujac;44,7325700; -0,5813900;3;651;0.0;;2.0;2;0.0;1.0;1;220;1.0;;;2.0;0.0;1.0;70.0;Gironde;75;Nouvelle-Aquitaine
201900002092;138Â 302Â 639;A01;1.0;1;2.0;1.0;1995.0;5.0;1.0;;;0.0;0;;;3.0;7.0;14.0;0.0;1.0;1.0;1.0;;27;11;2019;21:15;5.0;72;72154;2;1.0;1.0;3.0;Rue des Eturcies;47,7096510; -0,0960770;4;;;;2.0;2;0.0;1.0;(1);(1);1.0;;;1.0;0.0;1.0;50.0;Sarthe;52;Pays de la Loire
201900002092;138Â 302Â 640;B01;1.0;1;3.0;1.0;1979.0;5.0;0.0;;;0.0;0;;;3.0;7.0;0.0;0.0;7.0;10.0;1.0;;27;11;2019;21:15;5.0;72;72154;2;1.0;1.0;3.0;Rue des Eturcies;47,7096510; -0,0960770;4;;;;2.0;2;0.0;1.0;(1);(1);1.0;;;1.0;0.0;1.0;50.0;Sarthe;52;Pays de la Loire
201900002093;138Â 302Â 638;A01;1.0;1;1.0;2.0;1952.0;2.0;1.0;;;0.0;0;;;1.0;7.0;0.0;1.0;2.0;26.0;1.0;;28;11;2019;18:10;5.0;59;59177;2;1.0;2.0;6.0;Rue Charles Desquilbet;50,1497060;3,8740690;3;124;;;2.0;2;0.0;1.0;(1);(1);1.0;;;2.0;0.0;1.0;50.0;Nord;32;Hauts-de-France
201900002093;138Â 302Â 638;A01;10.0;3;3.0;2.0;2005.0;2.0;0.0;;;4.0;3;1.0;;1.0;7.0;0.0;1.0;2.0;26.0;1.0;;28;11;2019;18:10;5.0;59;59177;2;1.0;2.0;6.0;Rue Charles Desquilbet;50,1497060;3,8740690;3;124;;;2.0;2;0.0;1.0;(1);(1);1.0;;;2.0;0.0;1.0;50.0;Nord;32;Hauts-de-France
201900002094;138Â 302Â 635;A01;1.0;1;1.0;1.0;1987.0;0.0;1.0;8.0;;;0;;;2.0;7.0;0.0;2.0;5.0;12.0;1.0;;27;11;2019;09:00;1.0;33;33162;1;1.0;1.0;3.0;ROCADE A 630;44,8776300; -0,6310000;1;630;0.0;;3.0;4;0.0;1.0;10;925;1.0;;;1.0;0.0;1.0;90.0;Gironde;75;Nouvelle-Aquitaine
201900002094;138Â 302Â 636;B01;1.0;1;2.0;1.0;1994.0;1.0;2.0;6.0;;;0;;;2.0;31.0;0.0;2.0;8.0;3.0;1.0;;27;11;2019;09:00;1.0;33;33162;1;1.0;1.0;3.0;ROCADE A 630;44,8776300; -0,6310000;1;630;0.0;;3.0;4;0.0;1.0;10;925;1.0;;;1.0;0.0;1.0;90.0;Gironde;75;Nouvelle-Aquitaine
201900002095;138Â 302Â 632;C01;1.0;1;1.0;1.0;1986.0;1.0;1.0;8.0;;0.0;0;;;1.0;7.0;0.0;2.0;4.0;2.0;1.0;;27;11;2019;08:45;1.0;91;91216;1;1.0;1.0;4.0;AUTOROUTE A6;48,6843400;2,3280600;1;6;0.0;;3.0;6;0.0;1.0;16;104;1.0;;;2.0;0.0;1.0;110.0;Essonne;11;Île-de-France
201900002095;138Â 302Â 633;B01;1.0;1;1.0;1.0;1973.0;4.0;1.0;8.0;;0.0;0;;;1.0;7.0;0.0;2.0;4.0;2.0;0.0;;27;11;2019;08:45;1.0;91;91216;1;1.0;1.0;4.0;AUTOROUTE A6;48,6843400;2,3280600;1;6;0.0;;3.0;6;0.0;1.0;16;104;1.0;;;2.0;0.0;1.0;110.0;Essonne;11;Île-de-France
201900002095;138Â 302Â 634;A01;1.0;1;2.0;1.0;1991.0;4.0;1.0;8.0;;0.0;0;;;1.0;10.0;0.0;1.0;1.0;2.0;1.0;;27;11;2019;08:45;1.0;91;91216;1;1.0;1.0;4.0;AUTOROUTE A6;48,6843400;2,3280600;1;6;0.0;;3.0;6;0.0;1.0;16;104;1.0;;;2.0;0.0;1.0;110.0;Essonne;11;Île-de-France
201900002096;138Â 302Â 630;B01;1.0;1;1.0;1.0;1965.0;4.0;1.0;8.0;;0.0;0;;;2.0;7.0;0.0;2.0;4.0;2.0;1.0;;27;11;2019;07:30;3.0;91;91692;1;1.0;1.0;2.0;RN 118;48,6726100;2,1940300;2;118;0.0;;1.0;2;0.0;1.0;14;899;1.0;;;2.0;0.0;1.0;90.0;Essonne;11;Île-de-France
201900002096;138Â 302Â 631;A01;1.0;1;2.0;1.0;1998.0;1.0;1.0;8.0;;0.0;0;;;2.0;7.0;0.0;2.0;1.0;2.0;1.0;;27;11;2019;07:30;3.0;91;91692;1;1.0;1.0;2.0;RN 118;48,6726100;2,1940300;2;118;0.0;;1.0;2;0.0;1.0;14;899;1.0;;;2.0;0.0;1.0;90.0;Essonne;11;Île-de-France