Num_Acc;id_vehicule;num_veh;place;catu;grav;sexe;an_nais;trajet;secu1;secu2;secu3;locp;actp;etatp;id_usager;senc;catv;obs;obsm;choc;manv;motor;occutc;jour;mois;an;hrmn;lum;dep;com;agg;int;atm;col;adr;lat;long;catr;voie;v1;v2;circ;nbv;vosp;prof;pr;pr1;plan;lartpc;larrout;surf;infra;situ;vma;nom_departement;reg;nom_region
201900002097;138Â 302Â 629;A01;3.0;2;2.0;2.0;2018.0;9.0;1.0;0.0;;0.0;0;;;2.0;7.0;4.0;0.0;3.0;13.0;1.0;;27;11;2019;05:40;3.0;91;91377;1;1.0;2.0;7.0;AUTOROUTE A10;48,7217000;2,2954000;1;10;0.0;;3.0;3;0.0;1.0;3;299;1.0;;;2.0;0.0;1.0;110.0;Essonne;11;Île-de-France
201900002097;138Â 302Â 629;A01;2.0;2;2.0;2.0;1994.0;1.0;1.0;0.0;;0.0;0;;;2.0;7.0;4.0;0.0;3.0;13.0;1.0;;27;11;2019;05:40;3.0;91;91377;1;1.0;2.0;7.0;AUTOROUTE A10;48,7217000;2,2954000;1;10;0.0;;3.0;3;0.0;1.0;3;299;1.0;;;2.0;0.0;1.0;110.0;Essonne;11;Île-de-France
201900002097;138Â 302Â 629;A01;1.0;1;2.0;1.0;1993.0;1.0;1.0;0.0;;0.0;0;;;2.0;7.0;4.0;0.0;3.0;13.0;1.0;;27;11;2019;05:40;3.0;91;91377;1;1.0;2.0;7.0;AUTOROUTE A10;48,7217000;2,2954000;1;10;0.0;;3.0;3;0.0;1.0;3;299;1.0;;;2.0;0.0;1.0;110.0;Essonne;11;Île-de-France
201900002098;138Â 302Â 625;A01;1.0;1;2.0;1.0;1977.0;1.0;1.0;0.0;;; -1;;;2.0;7.0;0.0;2.0;1.0;1.0;1.0;;27;11;2019;08:45;1.0;78;78423;1;1.0;2.0;4.0;A12 W;48,7928900;2,0403800;1;12;0.0;;1.0;2;0.0;1.0;7;0;1.0;;;2.0;0.0;1.0;90.0;Yvelines;11;Île-de-France
201900002098;138Â 302Â 626;B01;1.0;1;2.0;1.0;1997.0;1.0;1.0;0.0;;; -1;;;1.0;7.0;0.0;2.0;4.0;1.0;1.0;;27;11;2019;08:45;1.0;78;78423;1;1.0;2.0;4.0;A12 W;48,7928900;2,0403800;1;12;0.0;;1.0;2;0.0;1.0;7;0;1.0;;;2.0;0.0;1.0;90.0;Yvelines;11;Île-de-France
201900002098;138Â 302Â 627;C01;1.0;1;2.0;2.0;1986.0;1.0;1.0;0.0;;; -1;;;1.0;7.0;0.0;2.0;4.0;1.0;1.0;;27;11;2019;08:45;1.0;78;78423;1;1.0;2.0;4.0;A12 W;48,7928900;2,0403800;1;12;0.0;;1.0;2;0.0;1.0;7;0;1.0;;;2.0;0.0;1.0;90.0;Yvelines;11;Île-de-France
201900002098;138Â 302Â 628;D01;2.0;2;1.0;1.0;2014.0;0.0;1.0;0.0;;; -1;;;1.0;7.0;0.0;2.0;4.0;1.0;1.0;;27;11;2019;08:45;1.0;78;78423;1;1.0;2.0;4.0;A12 W;48,7928900;2,0403800;1;12;0.0;;1.0;2;0.0;1.0;7;0;1.0;;;2.0;0.0;1.0;90.0;Yvelines;11;Île-de-France
201900002098;138Â 302Â 628;D01;1.0;1;1.0;2.0;1992.0;5.0;1.0;0.0;;; -1;;;1.0;7.0;0.0;2.0;4.0;1.0;1.0;;27;11;2019;08:45;1.0;78;78423;1;1.0;2.0;4.0;A12 W;48,7928900;2,0403800;1;12;0.0;;1.0;2;0.0;1.0;7;0;1.0;;;2.0;0.0;1.0;90.0;Yvelines;11;Île-de-France
201900002098;138Â 302Â 628;D01;4.0;2;2.0;2.0;2013.0;9.0;1.0;0.0;;; -1;;;1.0;7.0;0.0;2.0;4.0;1.0;1.0;;27;11;2019;08:45;1.0;78;78423;1;1.0;2.0;4.0;A12 W;48,7928900;2,0403800;1;12;0.0;;1.0;2;0.0;1.0;7;0;1.0;;;2.0;0.0;1.0;90.0;Yvelines;11;Île-de-France
201900002099;138Â 302Â 623;A01;1.0;1;2.0;1.0;1993.0;1.0;2.0;0.0;;; -1;;;2.0;34.0;0.0;9.0;0.0;3.0;1.0;;27;11;2019;08:10;1.0;78;78073;1;1.0;2.0;2.0;A12 W;48,8014400;2,0467280;1;12;0.0;;;2;0.0;1.0;6;0;1.0;;;1.0;0.0;1.0;90.0;Yvelines;11;Île-de-France
201900002099;138Â 302Â 624;B01;1.0;1;1.0;1.0;1976.0;1.0;1.0;0.0;;; -1;;;2.0;7.0;0.0;9.0;6.0;1.0;1.0;;27;11;2019;08:10;1.0;78;78073;1;1.0;2.0;2.0;A12 W;48,8014400;2,0467280;1;12;0.0;;;2;0.0;1.0;6;0;1.0;;;1.0;0.0;1.0;90.0;Yvelines;11;Île-de-France
201900002100;138Â 302Â 622;A01;1.0;1;1.0;1.0;1992.0;2.0;2.0;6.0;;;0;;;1.0;33.0;4.0;0.0;3.0;26.0;1.0;;27;11;2019;01:35;5.0;92;92050;1;1.0;2.0;6.0;A14;48,9015853;2,2026299;1;14;0.0;;;1;0.0;1.0;4;250;2.0;;;2.0;1.0;1.0;50.0;Hauts-de-Seine;11;Île-de-France
201900002100;138Â 302Â 622;A01;2.0;2;2.0;2.0;1994.0;9.0;2.0;6.0;;;0;;;1.0;33.0;4.0;0.0;3.0;26.0;1.0;;27;11;2019;01:35;5.0;92;92050;1;1.0;2.0;6.0;A14;48,9015853;2,2026299;1;14;0.0;;;1;0.0;1.0;4;250;2.0;;;2.0;1.0;1.0;50.0;Hauts-de-Seine;11;Île-de-France
201900002101;138Â 302Â 618;A01;1.0;1;1.0;1.0;1997.0;1.0;1.0;0.0;;;0;;;2.0;10.0;0.0;2.0;1.0;2.0;1.0;;26;11;2019;08:10;1.0;92;92047;1;1.0;1.0;4.0;A13;48,8347306;2,1727920;1;13;0.0;;1.0;3;0.0;1.0;7;199;1.0;;;1.0;0.0;1.0;110.0;Hauts-de-Seine;11;Île-de-France
201900002101;138Â 302Â 619;B01;1.0;1;2.0;2.0;2000.0;2.0;1.0;0.0;;;0;;;2.0;7.0;0.0;2.0;4.0;2.0;1.0;;26;11;2019;08:10;1.0;92;92047;1;1.0;1.0;4.0;A13;48,8347306;2,1727920;1;13;0.0;;1.0;3;0.0;1.0;7;199;1.0;;;1.0;0.0;1.0;110.0;Hauts-de-Seine;11;Île-de-France
201900002101;138Â 302Â 620;C01;1.0;1;1.0;2.0;1989.0;1.0;1.0;0.0;;;0;;;2.0;7.0;0.0;2.0;4.0;2.0;1.0;;26;11;2019;08:10;1.0;92;92047;1;1.0;1.0;4.0;A13;48,8347306;2,1727920;1;13;0.0;;1.0;3;0.0;1.0;7;199;1.0;;;1.0;0.0;1.0;110.0;Hauts-de-Seine;11;Île-de-France
201900002101;138Â 302Â 621;D01;1.0;1;1.0;1.0;1966.0;1.0;1.0;0.0;;;0;;;2.0;7.0;0.0;2.0;4.0;2.0;1.0;;26;11;2019;08:10;1.0;92;92047;1;1.0;1.0;4.0;A13;48,8347306;2,1727920;1;13;0.0;;1.0;3;0.0;1.0;7;199;1.0;;;1.0;0.0;1.0;110.0;Hauts-de-Seine;11;Île-de-France
201900002102;138Â 302Â 616;B01;1.0;1;1.0;2.0;1993.0;0.0;1.0;4.0;;; -1;;;2.0;7.0;0.0;2.0;7.0;12.0;1.0;;26;11;2019;09:30;1.0;93;93008;1;1.0;2.0;3.0;AUTOROUTE A86;48,9123200;2,4380400;1;86;0.0;;3.0;6;0.0;1.0;21;100;1.0;;;2.0;1.0;1.0;90.0;Seine-Saint-Denis;11;Île-de-France
201900002102;138Â 302Â 617;A01;1.0;1;2.0;1.0;1991.0;0.0;2.0;6.0;;; -1;;;2.0;32.0;0.0;2.0;3.0;3.0;1.0;;26;11;2019;09:30;1.0;93;93008;1;1.0;2.0;3.0;AUTOROUTE A86;48,9123200;2,4380400;1;86;0.0;;3.0;6;0.0;1.0;21;100;1.0;;;2.0;1.0;1.0;90.0;Seine-Saint-Denis;11;Île-de-France
201900002103;138Â 302Â 614;B01;1.0;1;2.0;1.0;2001.0;4.0;2.0;6.0;;;0;;;2.0;2.0;0.0;2.0;1.0;1.0;1.0;;24;11;2019;20:00;5.0;77;77186;2;3.0;1.0;1.0;DENECOURT (RUE);48,4032160;2,6983680;4;DENECOURT (RUE);0.0;;2.0;2;0.0;1.0;0;0;1.0;;;1.0;0.0;1.0;30.0;Seine-et-Marne;11;Île-de-France
201900002103;138Â 302Â 615;A01;1.0;1;1.0;2.0;1995.0;9.0;1.0;0.0;;;0;;;1.0;7.0;0.0;2.0;3.0;15.0;1.0;;24;11;2019;20:00;5.0;77;77186;2;3.0;1.0;1.0;DENECOURT (RUE);48,4032160;2,6983680;4;DENECOURT (RUE);0.0;;2.0;2;0.0;1.0;0;0;1.0;;;1.0;0.0;1.0;30.0;Seine-et-Marne;11;Île-de-France
201900002104;138Â 302Â 613;A01;1.0;1;2.0;1.0;1998.0;9.0;1.0;0.0;;; -1;;;1.0;7.0;0.0;2.0;4.0;23.0;1.0;;12;10;2019;02:15;5.0;77;77186;1;4.0;1.0;6.0;D142 X D606;48,4838540;2,6656620;3;142;0.0;;;2;0.0;1.0;10;0;1.0;;;1.0;5.0;1.0;70.0;Seine-et-Marne;11;Île-de-France
201900002105;138Â 302Â 611;B01;1.0;1;3.0;2.0;1997.0;0.0;8.0;6.0;;; -1;;;3.0;1.0;0.0;2.0;1.0;1.0;5.0;;16;12;2019;07:30;5.0;38;38421;2;3.0;1.0;3.0;RUE DE LA PASSERELLE;45,1940600;5,7674900;7;RUE DE LA PASSERELLE;0.0;;2.0;2;0.0;1.0;499;0;1.0;;;1.0;0.0;1.0;30.0;Isère;84;Auvergne-Rhône-Alpes
201900002105;138Â 302Â 612;A01;1.0;1;1.0;1.0;1948.0;0.0;1.0;0.0;;; -1;;;3.0;7.0;0.0;9.0;2.0;15.0;1.0;;16;12;2019;07:30;5.0;38;38421;2;3.0;1.0;3.0;RUE DE LA PASSERELLE;45,1940600;5,7674900;7;RUE DE LA PASSERELLE;0.0;;2.0;2;0.0;1.0;499;0;1.0;;;1.0;0.0;1.0;30.0;Isère;84;Auvergne-Rhône-Alpes
201900002106;138Â 302Â 610;A01;1.0;1;2.0;1.0;1997.0;0.0;0.0;;;0.0;0;;;0.0;7.0;13.0;0.0;1.0;0.0;1.0;;7;12;2019;05:40;3.0;07;07101;1;1.0;1.0;6.0;D 111;44,4114330;4,3005140;3;111;;;2.0;2;0.0;1.0;(1);(1);1.0;;;1.0;0.0;3.0;80.0;Ardèche;84;Auvergne-Rhône-Alpes
201900002106;138Â 302Â 610;A01;2.0;2;1.0;1.0;1993.0;0.0;1.0;;;0.0;0;;;0.0;7.0;13.0;0.0;1.0;0.0;1.0;;7;12;2019;05:40;3.0;07;07101;1;1.0;1.0;6.0;D 111;44,4114330;4,3005140;3;111;;;2.0;2;0.0;1.0;(1);(1);1.0;;;1.0;0.0;3.0;80.0;Ardèche;84;Auvergne-Rhône-Alpes
201900002107;138Â 302Â 608;B01;2.0;2;2.0;1.0;1995.0;0.0;2.0;6.0;;; -1;;;3.0;30.0;0.0;2.0;1.0;17.0;1.0;;31;12;2019;11:15;1.0;976;97611;2;4.0;1.0;3.0;mamoudzou centre-Jardin du collÃ¨ge(rue d; -12,7831260;45,2273280;4;mamoudzou centre-Jardin du collÃ¨ge(rue d;0.0;;;1;0.0;2.0;(1);(1);3.0;;;1.0;0.0;1.0;30.0;Mayotte;06;Mayotte
201900002107;138Â 302Â 608;B01;1.0;1;2.0;2.0;1989.0;0.0;2.0;6.0;;; -1;;;3.0;30.0;0.0;2.0;1.0;17.0;1.0;;31;12;2019;11:15;1.0;976;97611;2;4.0;1.0;3.0;mamoudzou centre-Jardin du collÃ¨ge(rue d; -12,7831260;45,2273280;4;mamoudzou centre-Jardin du collÃ¨ge(rue d;0.0;;;1;0.0;2.0;(1);(1);3.0;;;1.0;0.0;1.0;30.0;Mayotte;06;Mayotte
201900002107;138Â 302Â 609;A01;1.0;1;1.0;2.0;1966.0;0.0;1.0;8.0;;; -1;;;3.0;7.0;0.0;2.0;3.0;15.0;1.0;;31;12;2019;11:15;1.0;976;97611;2;4.0;1.0;3.0;mamoudzou centre-Jardin du collÃ¨ge(rue d; -12,7831260;45,2273280;4;mamoudzou centre-Jardin du collÃ¨ge(rue d;0.0;;;1;0.0;2.0;(1);(1);3.0;;;1.0;0.0;1.0;30.0;Mayotte;06;Mayotte
201900002108;138Â 302Â 607;A01;10.0;3;2.0;1.0;2013.0;5.0;0.0;;;9.0;5;1.0;;3.0;7.0;0.0;1.0;5.0;20.0;1.0;;25;12;2019;19:00;5.0;974;97411;2;1.0;1.0;6.0;SAPENTS (ALLEE DES); -20,8950500;55,4622600;6;SAPENTS (ALLEE DES);0.0;;2.0;2;0.0;1.0;0;0;1.0;;;1.0;9.0;1.0;30.0;La Réunion;04;La Réunion
201900002108;138Â 302Â 607;A01;1.0;1;1.0;2.0;1984.0;5.0;1.0;8.0;;;0;;;3.0;7.0;0.0;1.0;5.0;20.0;1.0;;25;12;2019;19:00;5.0;974;97411;2;1.0;1.0;6.0;SAPENTS (ALLEE DES); -20,8950500;55,4622600;6;SAPENTS (ALLEE DES);0.0;;2.0;2;0.0;1.0;0;0;1.0;;;1.0;9.0;1.0;30.0;La Réunion;04;La Réunion
201900002109;138Â 302Â 605;B01;1.0;1;2.0;1.0;1993.0;5.0;0.0;;;0.0;0;;;2.0;1.0;0.0;2.0;1.0;16.0;0.0;;20;12;2019;15:15;1.0;974;97411;2;1.0;1.0;1.0;DEBASSYNS (AVENUE); -20,8894413;55,4799324;4;DEBASSYNS (AVENUE);0.0;;2.0;2;0.0;2.0;0;0;1.0;;;1.0;0.0;1.0;50.0;La Réunion;04;La Réunion
201900002109;138Â 302Â 606;A01;1.0;1;1.0;1.0;1998.0;5.0;1.0;8.0;;; -1;;;1.0;7.0;0.0;1.0;7.0;1.0;1.0;;20;12;2019;15:15;1.0;974;97411;2;1.0;1.0;1.0;DEBASSYNS (AVENUE); -20,8894413;55,4799324;4;DEBASSYNS (AVENUE);0.0;;2.0;2;0.0;2.0;0;0;1.0;;;1.0;0.0;1.0;50.0;La Réunion;04;La Réunion
201900002110;138Â 302Â 604;A01;1.0;1;2.0;1.0;1974.0;5.0;2.0;8.0;;;0;;;2.0;33.0;6.0;0.0;7.0;16.0;1.0;;15;12;2019;13:30;1.0;974;97411;2;1.0;1.0;6.0;MONTAGNE (ROUTE DE LA); -20,8874000;55,4733700;4;MONTAGNE (ROUTE DE LA);0.0;;2.0;2;0.0;2.0;0;0;3.0;;;1.0;0.0;1.0;50.0;La Réunion;04;La Réunion
201900002111;138Â 302Â 602;B01;1.0;1;2.0;2.0;1970.0;9.0;1.0;8.0;;; -1;;;1.0;7.0;0.0;2.0;2.0;1.0;1.0;;30;12;2019;20:10;5.0;66;66136;2;2.0;1.0;3.0;BISBAL LA;42,6687700;2,8924100;4;BISBAL LA;0.0;;1.0;2;0.0;1.0;0;0;1.0;;;1.0;0.0;1.0;50.0;Pyrénées-Orientales;76;Occitanie
201900002111;138Â 302Â 603;A01;1.0;1;1.0;2.0;1956.0;0.0;1.0;8.0;;; -1;;;1.0;7.0;0.0;2.0;1.0;9.0;1.0;;30;12;2019;20:10;5.0;66;66136;2;2.0;1.0;3.0;BISBAL LA;42,6687700;2,8924100;4;BISBAL LA;0.0;;1.0;2;0.0;1.0;0;0;1.0;;;1.0;0.0;1.0;50.0;Pyrénées-Orientales;76;Occitanie
201900002112;138Â 302Â 601;A01;10.0;3;2.0;2.0;2015.0;5.0;8.0;8.0;;5.0;B;2.0;;1.0;99.0;0.0;1.0;1.0;26.0;1.0;;29;12;2019;18:30;5.0;66;66136;2;1.0;1.0;6.0;LLUCIA (FRANCOIS-XAVIER ANTOINE);42,6972800;2,9009000;4;LLUCIA (FRANCOIS-XAVIER ANTOINE);0.0;;1.0;1;0.0;2.0;0;0;1.0;;;1.0;0.0;4.0;30.0;Pyrénées-Orientales;76;Occitanie
201900002113;138Â 302Â 599;B01;1.0;1;2.0;2.0;1989.0;1.0;1.0;8.0;;; -1;;;1.0;7.0;0.0;2.0;3.0;15.0;1.0;;29;12;2019;06:20;5.0;66;66136;2;1.0;1.0;6.0;AERODROME AVENUE DE L'(CD117);42,7220500;2,8850200;4;AERODROME AVENUE DE L'(CD117);0.0;;2.0;1;0.0;1.0;0;0;1.0;;;1.0;0.0;1.0;50.0;Pyrénées-Orientales;76;Occitanie
201900002113;138Â 302Â 600;A01;1.0;1;2.0;1.0;1998.0;5.0;1.0;8.0;;; -1;;;1.0;7.0;0.0;2.0;1.0;17.0;1.0;;29;12;2019;06:20;5.0;66;66136;2;1.0;1.0;6.0;AERODROME AVENUE DE L'(CD117);42,7220500;2,8850200;4;AERODROME AVENUE DE L'(CD117);0.0;;2.0;1;0.0;1.0;0;0;1.0;;;1.0;0.0;1.0;50.0;Pyrénées-Orientales;76;Occitanie
201900002114;138Â 302Â 597;B01;1.0;1;3.0;1.0;1952.0;9.0;1.0;8.0;;; -1;;;1.0;7.0;0.0;2.0;1.0;21.0;1.0;;29;12;2019;02:50;5.0;66;66136;2;1.0;1.0;1.0;FRANCE LIBRE (BOULEVARD DE LA);42,7024200;2,8919300;4;FRANCE LIBRE (BOULEVARD DE LA);0.0;;2.0;2;0.0;1.0;0;0;1.0;;;1.0;0.0;1.0;50.0;Pyrénées-Orientales;76;Occitanie
201900002115;138Â 302Â 595;B01;1.0;1;2.0;2.0;1982.0;5.0;1.0;8.0;;; -1;;;1.0;7.0;0.0;2.0;4.0;2.0;1.0;;28;12;2019;17:50;1.0;66;66136;2;1.0;1.0;2.0;ARGELES SUR MER AVENUE D';42,6787900;2,9120900;4;ARGELES SUR MER AVENUE D';0.0;;2.0;1;0.0;1.0;0;0;1.0;;;1.0;0.0;1.0;50.0;Pyrénées-Orientales;76;Occitanie
201900002115;138Â 302Â 596;A01;1.0;1;1.0;2.0;1997.0;9.0;1.0;8.0;;; -1;;;1.0;7.0;0.0;2.0;1.0;2.0;1.0;;28;12;2019;17:50;1.0;66;66136;2;1.0;1.0;2.0;ARGELES SUR MER AVENUE D';42,6787900;2,9120900;4;ARGELES SUR MER AVENUE D';0.0;;2.0;1;0.0;1.0;0;0;1.0;;;1.0;0.0;1.0;50.0;Pyrénées-Orientales;76;Occitanie
201900002116;138Â 302Â 593;B01;1.0;1;1.0;1.0;1950.0;0.0;1.0;8.0;;0.0;0;;;1.0;7.0;0.0;2.0;8.0;15.0;0.0;;31;12;2019;15:00;1.0;34;34172;2;9.0;1.0;3.0;CHASSEURS (RUE DES);43,6002500;3,8594600;4;CHASSEURS (RUE DES);0.0;;3.0;2;0.0;1.0;0;0;1.0;;;1.0;0.0;1.0;50.0;Hérault;76;Occitanie
201900002116;138Â 302Â 594;A01;1.0;1;3.0;1.0;1990.0;0.0;2.0;8.0;;0.0;0;;;1.0;33.0;0.0;2.0;1.0;17.0;0.0;;31;12;2019;15:00;1.0;34;34172;2;9.0;1.0;3.0;CHASSEURS (RUE DES);43,6002500;3,8594600;4;CHASSEURS (RUE DES);0.0;;3.0;2;0.0;1.0;0;0;1.0;;;1.0;0.0;1.0;50.0;Hérault;76;Occitanie
201900002117;138Â 302Â 592;A01;10.0;3;3.0;1.0;1950.0;5.0;0.0;;;3.0;3;1.0;;2.0;7.0;0.0;1.0;1.0;1.0;1.0;;17;12;2019;18:05;5.0;34;34032;2;1.0;8.0;7.0;VOIE DOMITIENNE (AV DE LA);43,3474500;3,2438000;4;VOIE DOMITIENNE (AV DE LA);0.0;;2.0;4;0.0;1.0;0;0;1.0;;;1.0;0.0;1.0;50.0;Hérault;76;Occitanie
201900002117;138Â 302Â 592;A01;1.0;1;1.0;1.0;1998.0;1.0;1.0;8.0;;; -1;;;2.0;7.0;0.0;1.0;1.0;1.0;1.0;;17;12;2019;18:05;5.0;34;34032;2;1.0;8.0;7.0;VOIE DOMITIENNE (AV DE LA);43,3474500;3,2438000;4;VOIE DOMITIENNE (AV DE LA);0.0;;2.0;4;0.0;1.0;0;0;1.0;;;1.0;0.0;1.0;50.0;Hérault;76;Occitanie
201900002118;138Â 302Â 591;A01;2.0;1;2.0;2.0;1988.0;5.0;2.0;6.0;;0.0;0;;;2.0;33.0;0.0;9.0;2.0;21.0;6.0;;31;12;2019;14:15;1.0;06;06069;2;1.0;1.0;7.0;SIDI BRAHIM (AVENUE);43,6478250;6,9398530;4;SIDI BRAHIM (AVENUE);0.0;;2.0;2;0.0;2.0;0;0;3.0;;;1.0;0.0;1.0;50.0;Alpes-Maritimes;93;Provence-Alpes-Côte d'Azur
201900002119;138Â 302Â 589;T01;1.0;1;1.0;1.0;1949.0;0.0;1.0;8.0;;0.0;0;;;1.0;7.0;0.0;0.0;0.0;0.0;0.0;;28;12;2019;21:10;5.0;06;06004;2;1.0;1.0;3.0;SAINT CLAUDE CH.DE;43,5987390;7,1019520;4;SAINT CLAUDE CH.DE;0.0;;1.0;1;0.0;1.0;0;0;1.0;;;1.0;0.0;1.0;50.0;Alpes-Maritimes;93;Provence-Alpes-Côte d'Azur
201900002119;138Â 302Â 590;A01;1.0;1;3.0;1.0;1974.0;0.0;2.0;8.0;;0.0;0;;;1.0;34.0;11.0;2.0;7.0;17.0;0.0;;28;12;2019;21:10;5.0;06;06004;2;1.0;1.0;3.0;SAINT CLAUDE CH.DE;43,5987390;7,1019520;4;SAINT CLAUDE CH.DE;0.0;;1.0;1;0.0;1.0;0;0;1.0;;;1.0;0.0;1.0;50.0;Alpes-Maritimes;93;Provence-Alpes-Côte d'Azur
201900002120;138Â 302Â 587;B01;1.0;1;2.0;1.0;1982.0;1.0;8.0;0.0;;0.0;0;;;1.0;7.0;1.0;2.0;6.0;0.0;1.0;;28;12;2019;05:20;5.0;06;06088;2;1.0;1.0;2.0;ANGLAIS (DU NÂ° 114 AU NÂ° 263);43,6903330;7,2445240;7;6098;0.0;;3.0;6;0.0;1.0;0;0;1.0;;;1.0;0.0;1.0;50.0;Alpes-Maritimes;93;Provence-Alpes-Côte d'Azur
201900002120;138Â 302Â 588;A01;1.0;1;2.0;1.0;1979.0;5.0;8.0;0.0;;0.0;0;;;1.0;7.0;0.0;2.0;2.0;26.0;1.0;;28;12;2019;05:20;5.0;06;06088;2;1.0;1.0;2.0;ANGLAIS (DU NÂ° 114 AU NÂ° 263);43,6903330;7,2445240;7;6098;0.0;;3.0;6;0.0;1.0;0;0;1.0;;;1.0;0.0;1.0;50.0;Alpes-Maritimes;93;Provence-Alpes-Côte d'Azur
201900002121;138Â 302Â 585;B01;1.0;1;1.0;2.0;1967.0;5.0;1.0;0.0;;0.0;0;;;2.0;7.0;0.0;2.0;5.0;1.0;1.0;;27;12;2019;16:00;1.0;06;06088;2;1.0;1.0;2.0;SOLA (BD PIERRE);43,7073230;7,2861220;4;SOLA (BD PIERRE);0.0;;1.0;3;0.0;1.0;0;0;1.0;;;1.0;0.0;1.0;50.0;Alpes-Maritimes;93;Provence-Alpes-Côte d'Azur
201900002121;138Â 302Â 586;A01;2.0;2;2.0;1.0;2003.0;5.0;2.0;8.0;;0.0;0;;;1.0;30.0;0.0;2.0;1.0;1.0;1.0;;27;12;2019;16:00;1.0;06;06088;2;1.0;1.0;2.0;SOLA (BD PIERRE);43,7073230;7,2861220;4;SOLA (BD PIERRE);0.0;;1.0;3;0.0;1.0;0;0;1.0;;;1.0;0.0;1.0;50.0;Alpes-Maritimes;93;Provence-Alpes-Côte d'Azur
201900002121;138Â 302Â 586;A01;1.0;1;2.0;1.0;2003.0;0.0;2.0;8.0;;0.0;0;;;1.0;30.0;0.0;2.0;1.0;1.0;1.0;;27;12;2019;16:00;1.0;06;06088;2;1.0;1.0;2.0;SOLA (BD PIERRE);43,7073230;7,2861220;4;SOLA (BD PIERRE);0.0;;1.0;3;0.0;1.0;0;0;1.0;;;1.0;0.0;1.0;50.0;Alpes-Maritimes;93;Provence-Alpes-Côte d'Azur
201900002122;138Â 302Â 584;A01;1.0;1;2.0;1.0;1993.0;9.0;1.0;8.0;;0.0;0;;;3.0;7.0;0.0;0.0;2.0;26.0;1.0;;27;12;2019;11:50;1.0;06;06069;2;1.0;1.0;6.0;NAPOLEON (ROUTE);43,6600940;6,9184370;3;6085;0.0;;2.0;2;0.0;2.0;(1);0;1.0;;;1.0;0.0;1.0;50.0;Alpes-Maritimes;93;Provence-Alpes-Côte d'Azur
201900002122;138Â 302Â 584;A01;2.0;2;1.0;1.0;1978.0;9.0;1.0;0.0;;0.0;0;;;3.0;7.0;0.0;0.0;2.0;26.0;1.0;;27;12;2019;11:50;1.0;06;06069;2;1.0;1.0;6.0;NAPOLEON (ROUTE);43,6600940;6,9184370;3;6085;0.0;;2.0;2;0.0;2.0;(1);0;1.0;;;1.0;0.0;1.0;50.0;Alpes-Maritimes;93;Provence-Alpes-Côte d'Azur
201900002123;138Â 302Â 583;A01;10.0;3;2.0;2.0;1929.0;5.0;8.0;8.0;;4.0;3;2.0;;1.0;32.0;0.0;1.0;7.0;16.0;1.0;;24;12;2019;13:45;1.0;06;06004;2;1.0;1.0;6.0;DUGOMMIER BD;43,5834320;7,1191390;4;DUGOMMIER BD;0.0;;1.0;1;0.0;1.0;1;0;1.0;;;1.0;0.0;1.0;50.0;Alpes-Maritimes;93;Provence-Alpes-Côte d'Azur
201900002123;138Â 302Â 583;A01;10.0;3;2.0;2.0;1966.0;5.0;0.0;;;4.0;3;2.0;;1.0;32.0;0.0;1.0;7.0;16.0;1.0;;24;12;2019;13:45;1.0;06;06004;2;1.0;1.0;6.0;DUGOMMIER BD;43,5834320;7,1191390;4;DUGOMMIER BD;0.0;;1.0;1;0.0;1.0;1;0;1.0;;;1.0;0.0;1.0;50.0;Alpes-Maritimes;93;Provence-Alpes-Côte d'Azur
201900002123;138Â 302Â 583;A01;1.0;1;1.0;1.0;2003.0;0.0;8.0;0.0;;0.0;0;;;1.0;32.0;0.0;1.0;7.0;16.0;1.0;;24;12;2019;13:45;1.0;06;06004;2;1.0;1.0;6.0;DUGOMMIER BD;43,5834320;7,1191390;4;DUGOMMIER BD;0.0;;1.0;1;0.0;1.0;1;0;1.0;;;1.0;0.0;1.0;50.0;Alpes-Maritimes;93;Provence-Alpes-Côte d'Azur
201900002124;138Â 302Â 581;B01;1.0;1;2.0;1.0;2000.0;4.0;2.0;0.0;;0.0;0;;;2.0;30.0;1.0;2.0;1.0;17.0;0.0;;22;12;2019;20:30;5.0;06;06088;2;1.0;1.0;3.0;RAYBAUD JOSEPH;43,7236860;7,2871520;4;RAYBAUD JOSEPH;0.0;;2.0;2;0.0;1.0;0;0;1.0;;;1.0;0.0;1.0;50.0;Alpes-Maritimes;93;Provence-Alpes-Côte d'Azur
201900002124;138Â 302Â 582;A01;1.0;1;1.0;1.0;1976.0;9.0;8.0;0.0;;0.0;0;;;2.0;7.0;0.0;2.0;3.0;15.0;0.0;;22;12;2019;20:30;5.0;06;06088;2;1.0;1.0;3.0;RAYBAUD JOSEPH;43,7236860;7,2871520;4;RAYBAUD JOSEPH;0.0;;2.0;2;0.0;1.0;0;0;1.0;;;1.0;0.0;1.0;50.0;Alpes-Maritimes;93;Provence-Alpes-Côte d'Azur
201900002125;138Â 302Â 580;Z01;10.0;3;2.0;2.0;1967.0;5.0;8.0;8.0;;4.0;3;1.0;;1.0;30.0;0.0;1.0;1.0;1.0;1.0;;21;12;2019;16:40;1.0;06;06088;2;1.0;1.0;6.0;FAURE (AV. FELIX);43,6984630;7,2742590;5;FAURE (AV. FELIX);0.0;;1.0;2;0.0;1.0;0;0;1.0;;;1.0;0.0;8.0;50.0;Alpes-Maritimes;93;Provence-Alpes-Côte d'Azur