Num_Acc;id_vehicule;num_veh;place;catu;grav;sexe;an_nais;trajet;secu1;secu2;secu3;locp;actp;etatp;id_usager;senc;catv;obs;obsm;choc;manv;motor;occutc;jour;mois;an;hrmn;lum;dep;com;agg;int;atm;col;adr;lat;long;catr;voie;v1;v2;circ;nbv;vosp;prof;pr;pr1;plan;lartpc;larrout;surf;infra;situ;vma;nom_departement;reg;nom_region
201900002126;138Â 302Â 579;A01;2.0;2;3.0;1.0;2001.0;9.0;1.0;0.0;;0.0;0;;;0.0;7.0;2.0;0.0;1.0;14.0;1.0;;20;12;2019;23:00;5.0;06;06069;2;1.0;8.0;6.0;ROUMIOUX (CHEMIN ET SENTIER DES);43,6367750;6,9398600;4;ROUMIOUX (CHEMIN ET SENTIER DES);0.0;;1.0;1;0.0;2.0;0;0;3.0;;;2.0;0.0;8.0;30.0;Alpes-Maritimes;93;Provence-Alpes-Côte d'Azur
201900002126;138Â 302Â 579;A01;1.0;1;3.0;1.0;1999.0;9.0;1.0;0.0;;0.0;0;;;0.0;7.0;2.0;0.0;1.0;14.0;1.0;;20;12;2019;23:00;5.0;06;06069;2;1.0;8.0;6.0;ROUMIOUX (CHEMIN ET SENTIER DES);43,6367750;6,9398600;4;ROUMIOUX (CHEMIN ET SENTIER DES);0.0;;1.0;1;0.0;2.0;0;0;3.0;;;2.0;0.0;8.0;30.0;Alpes-Maritimes;93;Provence-Alpes-Côte d'Azur
201900002127;138Â 302Â 576;C01;1.0;1;2.0;1.0;1986.0;0.0;2.0;6.0;;0.0;0;;;0.0;2.0;0.0;2.0;1.0;3.0;1.0;;19;12;2019;18:15;5.0;06;06088;2;1.0;1.0;5.0;CARABACEL (BD);43,7037080;7,2755650;4;CARABACEL (BD);0.0;;2.0;4;0.0;1.0;0;0;1.0;;;1.0;0.0;1.0;50.0;Alpes-Maritimes;93;Provence-Alpes-Côte d'Azur
201900002127;138Â 302Â 577;B01;1.0;1;3.0;1.0;1999.0;0.0;2.0;6.0;;0.0;0;;;0.0;2.0;0.0;2.0;1.0;3.0;1.0;;19;12;2019;18:15;5.0;06;06088;2;1.0;1.0;5.0;CARABACEL (BD);43,7037080;7,2755650;4;CARABACEL (BD);0.0;;2.0;4;0.0;1.0;0;0;1.0;;;1.0;0.0;1.0;50.0;Alpes-Maritimes;93;Provence-Alpes-Côte d'Azur
201900002127;138Â 302Â 578;A01;1.0;1;1.0;1.0;1966.0;0.0;1.0;0.0;;0.0;0;;;2.0;7.0;0.0;2.0;3.0;15.0;0.0;;19;12;2019;18:15;5.0;06;06088;2;1.0;1.0;5.0;CARABACEL (BD);43,7037080;7,2755650;4;CARABACEL (BD);0.0;;2.0;4;0.0;1.0;0;0;1.0;;;1.0;0.0;1.0;50.0;Alpes-Maritimes;93;Provence-Alpes-Côte d'Azur
201900002128;138Â 302Â 574;B01;1.0;1;3.0;1.0;1954.0;0.0;2.0;6.0;;0.0;0;;;0.0;33.0;0.0;2.0;4.0;0.0;1.0;;19;12;2019;13:15;1.0;06;06088;2;1.0;8.0;2.0;TURIN (RTE DE);43,7203540;7,2875850;4;TURIN (RTE DE);0.0;;3.0;4;0.0;1.0;0;0;1.0;;;2.0;0.0;1.0;50.0;Alpes-Maritimes;93;Provence-Alpes-Côte d'Azur
201900002128;138Â 302Â 575;A01;1.0;1;1.0;1.0;1993.0;9.0;8.0;0.0;;; -1;;;0.0;7.0;0.0;2.0;2.0;2.0;1.0;;19;12;2019;13:15;1.0;06;06088;2;1.0;8.0;2.0;TURIN (RTE DE);43,7203540;7,2875850;4;TURIN (RTE DE);0.0;;3.0;4;0.0;1.0;0;0;1.0;;;2.0;0.0;1.0;50.0;Alpes-Maritimes;93;Provence-Alpes-Côte d'Azur
201900002129;138Â 302Â 572;B01;1.0;1;1.0;2.0;1987.0;2.0;1.0;0.0;;0.0;0;;;3.0;7.0;0.0;2.0;8.0;15.0;1.0;;16;12;2019;17:25;5.0;06;06030;2;1.0;1.0;3.0;JEANPIERRE (AVENUE MAURICE);43,5723210;7,0063150;4;JEANPIERRE (AVENUE MAURICE);0.0;;2.0;2;0.0;1.0;0;0;1.0;;;1.0;0.0;1.0;50.0;Alpes-Maritimes;93;Provence-Alpes-Côte d'Azur
201900002129;138Â 302Â 573;A01;1.0;1;2.0;1.0;1993.0;4.0;2.0;6.0;;; -1;;;0.0;33.0;0.0;2.0;1.0;19.0;1.0;;16;12;2019;17:25;5.0;06;06030;2;1.0;1.0;3.0;JEANPIERRE (AVENUE MAURICE);43,5723210;7,0063150;4;JEANPIERRE (AVENUE MAURICE);0.0;;2.0;2;0.0;1.0;0;0;1.0;;;1.0;0.0;1.0;50.0;Alpes-Maritimes;93;Provence-Alpes-Côte d'Azur
201900002130;138Â 302Â 569;C01;1.0;1;1.0;1.0;1991.0;9.0;1.0;0.0;;0.0;0;;;2.0;7.0;0.0;2.0;1.0;2.0;1.0;;14;12;2019;20:35;5.0;06;06088;2;1.0;1.0;4.0;GAMBETTA (A PARTIR DU NÂ° 63-74);43,7063160;7,2560540;4;GAMBETTA (A PARTIR DU NÂ° 63-74);0.0;;2.0;4;0.0;2.0;0;0;1.0;;;1.0;0.0;1.0;50.0;Alpes-Maritimes;93;Provence-Alpes-Côte d'Azur
201900002130;138Â 302Â 570;B01;2.0;2;1.0;2.0;1960.0;5.0;1.0;0.0;;0.0;0;;;2.0;7.0;0.0;2.0;4.0;23.0;1.0;;14;12;2019;20:35;5.0;06;06088;2;1.0;1.0;4.0;GAMBETTA (A PARTIR DU NÂ° 63-74);43,7063160;7,2560540;4;GAMBETTA (A PARTIR DU NÂ° 63-74);0.0;;2.0;4;0.0;2.0;0;0;1.0;;;1.0;0.0;1.0;50.0;Alpes-Maritimes;93;Provence-Alpes-Côte d'Azur
201900002130;138Â 302Â 570;B01;1.0;1;1.0;2.0;1961.0;5.0;1.0;0.0;;0.0;0;;;2.0;7.0;0.0;2.0;4.0;23.0;1.0;;14;12;2019;20:35;5.0;06;06088;2;1.0;1.0;4.0;GAMBETTA (A PARTIR DU NÂ° 63-74);43,7063160;7,2560540;4;GAMBETTA (A PARTIR DU NÂ° 63-74);0.0;;2.0;4;0.0;2.0;0;0;1.0;;;1.0;0.0;1.0;50.0;Alpes-Maritimes;93;Provence-Alpes-Côte d'Azur
201900002130;138Â 302Â 571;A01;2.0;2;2.0;1.0;1974.0;4.0;1.0;0.0;;0.0;0;;;2.0;7.0;0.0;2.0;4.0;23.0;1.0;;14;12;2019;20:35;5.0;06;06088;2;1.0;1.0;4.0;GAMBETTA (A PARTIR DU NÂ° 63-74);43,7063160;7,2560540;4;GAMBETTA (A PARTIR DU NÂ° 63-74);0.0;;2.0;4;0.0;2.0;0;0;1.0;;;1.0;0.0;1.0;50.0;Alpes-Maritimes;93;Provence-Alpes-Côte d'Azur
201900002130;138Â 302Â 571;A01;1.0;1;1.0;1.0;1981.0;4.0;1.0;0.0;;0.0;0;;;2.0;7.0;0.0;2.0;4.0;23.0;1.0;;14;12;2019;20:35;5.0;06;06088;2;1.0;1.0;4.0;GAMBETTA (A PARTIR DU NÂ° 63-74);43,7063160;7,2560540;4;GAMBETTA (A PARTIR DU NÂ° 63-74);0.0;;2.0;4;0.0;2.0;0;0;1.0;;;1.0;0.0;1.0;50.0;Alpes-Maritimes;93;Provence-Alpes-Côte d'Azur
201900002131;138Â 302Â 568;A01;10.0;3;3.0;2.0;1975.0;0.0;8.0;0.0;;3.0;3;1.0;;0.0;7.0;0.0;1.0;2.0;16.0;1.0;;14;12;2019;17:53;5.0;06;06088;2;7.0;1.0;6.0;BOUNIN (RUE PAUL);43,7197160;7,2622480;4;BOUNIN (RUE PAUL);0.0;;;1;0.0;1.0;0;0;1.0;;;1.0;9.0;1.0;50.0;Alpes-Maritimes;93;Provence-Alpes-Côte d'Azur
201900002131;138Â 302Â 568;A01;1.0;1;1.0;2.0;1957.0;0.0;1.0;0.0;;0.0;0;;;0.0;7.0;0.0;1.0;2.0;16.0;1.0;;14;12;2019;17:53;5.0;06;06088;2;7.0;1.0;6.0;BOUNIN (RUE PAUL);43,7197160;7,2622480;4;BOUNIN (RUE PAUL);0.0;;;1;0.0;1.0;0;0;1.0;;;1.0;9.0;1.0;50.0;Alpes-Maritimes;93;Provence-Alpes-Côte d'Azur
201900002132;138Â 302Â 567;A01;10.0;3;3.0;2.0;1935.0;0.0;0.0;;;3.0;3;1.0;;1.0;7.0;0.0;1.0;3.0;1.0;1.0;;13;12;2019;11:50;1.0;06;06088;2;3.0;1.0;6.0;CIMIEZ (BD) A PARTIR DU 16-17;43,7201600;7,2748900;4;CIMIEZ (BD) A PARTIR DU 16-17;0.0;;2.0;2;0.0;2.0;0;0;4.0;;;1.0;0.0;1.0;50.0;Alpes-Maritimes;93;Provence-Alpes-Côte d'Azur
201900002132;138Â 302Â 567;A01;1.0;1;1.0;2.0;1955.0;9.0;1.0;0.0;;; -1;;;1.0;7.0;0.0;1.0;3.0;1.0;1.0;;13;12;2019;11:50;1.0;06;06088;2;3.0;1.0;6.0;CIMIEZ (BD) A PARTIR DU 16-17;43,7201600;7,2748900;4;CIMIEZ (BD) A PARTIR DU 16-17;0.0;;2.0;2;0.0;2.0;0;0;4.0;;;1.0;0.0;1.0;50.0;Alpes-Maritimes;93;Provence-Alpes-Côte d'Azur
201900002133;138Â 302Â 566;A01;10.0;3;3.0;1.0;1972.0;5.0;8.0;0.0;;2.0;3;1.0;;1.0;10.0;0.0;1.0;2.0;17.0;0.0;;12;12;2019;15:00;1.0;06;06030;2;1.0;1.0;6.0;SADI CARNOT (BOULEVARD);43,5753800;7,0167700;4;SADI CARNOT (BOULEVARD);0.0;;2.0;2;0.0;1.0;0;0;1.0;;;1.0;0.0;1.0;50.0;Alpes-Maritimes;93;Provence-Alpes-Côte d'Azur
201900002133;138Â 302Â 566;A01;1.0;1;1.0;2.0;1975.0;5.0;1.0;0.0;;0.0;0;;;1.0;10.0;0.0;1.0;2.0;17.0;0.0;;12;12;2019;15:00;1.0;06;06030;2;1.0;1.0;6.0;SADI CARNOT (BOULEVARD);43,5753800;7,0167700;4;SADI CARNOT (BOULEVARD);0.0;;2.0;2;0.0;1.0;0;0;1.0;;;1.0;0.0;1.0;50.0;Alpes-Maritimes;93;Provence-Alpes-Côte d'Azur
201900002134;138Â 302Â 564;B01;1.0;1;3.0;2.0;1963.0;0.0;2.0;6.0;;0.0;0;;;2.0;33.0;0.0;2.0;1.0;1.0;1.0;;5;12;2019;12:50;1.0;06;06088;2;1.0;1.0;1.0;NAPOLEON III (BD);43,6834610;7,2234940;4;NAPOLEON III (BD);0.0;;2.0;3;0.0;1.0;0;0;1.0;;;1.0;0.0;1.0;50.0;Alpes-Maritimes;93;Provence-Alpes-Côte d'Azur
201900002134;138Â 302Â 565;A01;1.0;1;1.0;2.0;2000.0;2.0;1.0;0.0;;0.0;0;;;0.0;7.0;0.0;2.0;0.0;15.0;1.0;;5;12;2019;12:50;1.0;06;06088;2;1.0;1.0;1.0;NAPOLEON III (BD);43,6834610;7,2234940;4;NAPOLEON III (BD);0.0;;2.0;3;0.0;1.0;0;0;1.0;;;1.0;0.0;1.0;50.0;Alpes-Maritimes;93;Provence-Alpes-Côte d'Azur
201900002135;138Â 302Â 562;B01;1.0;1;2.0;1.0;2002.0;2.0;2.0;8.0;;0.0;0;;;2.0;2.0;0.0;2.0;1.0;1.0;1.0;;4;12;2019;13:35;1.0;06;06088;2;1.0;1.0;1.0;MARTIN LUTHER KING (AV.);43,6744220;7,2042000;4;MARTIN LUTHER KING (AV.);0.0;;2.0;2;0.0;1.0;0;0;1.0;;;1.0;0.0;1.0;50.0;Alpes-Maritimes;93;Provence-Alpes-Côte d'Azur
201900002135;138Â 302Â 563;A01;1.0;1;1.0;1.0;1984.0;9.0;8.0;0.0;;0.0;0;;;1.0;7.0;0.0;2.0;1.0;15.0;1.0;;4;12;2019;13:35;1.0;06;06088;2;1.0;1.0;1.0;MARTIN LUTHER KING (AV.);43,6744220;7,2042000;4;MARTIN LUTHER KING (AV.);0.0;;2.0;2;0.0;1.0;0;0;1.0;;;1.0;0.0;1.0;50.0;Alpes-Maritimes;93;Provence-Alpes-Côte d'Azur
201900002136;138Â 302Â 561;A01;10.0;3;2.0;2.0;1936.0;5.0;8.0;0.0;;5.0;8;1.0;;0.0;40.0;15.0;1.0;2.0;26.0;0.0;;3;12;2019;08:15;1.0;06;06088;2;9.0;1.0;6.0;BORRIGLIONE (A PARTIR DU NÂ° 42-51);43,7153410;7,2614850;4;BORRIGLIONE (A PARTIR DU NÂ° 42-51);0.0;;2.0;2;3.0;1.0;0;0;1.0;;;1.0;9.0;1.0;50.0;Alpes-Maritimes;93;Provence-Alpes-Côte d'Azur
201900002136;138Â 302Â 561;A01;1.0;1;1.0;1.0;1982.0;9.0;8.0;8.0;;; -1;;;0.0;40.0;15.0;1.0;2.0;26.0;0.0;;3;12;2019;08:15;1.0;06;06088;2;9.0;1.0;6.0;BORRIGLIONE (A PARTIR DU NÂ° 42-51);43,7153410;7,2614850;4;BORRIGLIONE (A PARTIR DU NÂ° 42-51);0.0;;2.0;2;3.0;1.0;0;0;1.0;;;1.0;9.0;1.0;50.0;Alpes-Maritimes;93;Provence-Alpes-Côte d'Azur
201900002137;138Â 302Â 559;B01;1.0;1;1.0;2.0;1980.0;0.0;1.0;0.0;;0.0;0;;;3.0;7.0;0.0;2.0;1.0;2.0;1.0;;2;12;2019;09:55;1.0;06;06088;2;3.0;1.0;3.0;BESSET (AV.) (A PARTIR DU NÂ° 47);43,7169600;7,2555230;4;BESSET (AV.) (A PARTIR DU NÂ° 47);0.0;;2.0;2;0.0;2.0;0;0;1.0;;;2.0;0.0;1.0;50.0;Alpes-Maritimes;93;Provence-Alpes-Côte d'Azur
201900002137;138Â 302Â 560;A01;1.0;1;2.0;1.0;1995.0;0.0;8.0;0.0;;0.0;0;;;2.0;1.0;0.0;2.0;1.0;1.0;0.0;;2;12;2019;09:55;1.0;06;06088;2;3.0;1.0;3.0;BESSET (AV.) (A PARTIR DU NÂ° 47);43,7169600;7,2555230;4;BESSET (AV.) (A PARTIR DU NÂ° 47);0.0;;2.0;2;0.0;2.0;0;0;1.0;;;2.0;0.0;1.0;50.0;Alpes-Maritimes;93;Provence-Alpes-Côte d'Azur
201900002138;138Â 302Â 558;A01;1.0;1;1.0;1.0;1972.0;9.0;1.0;0.0;;; -1;;;0.0;37.0;0.0;1.0;7.0;9.0;0.0;1.0;15;6;2019;16:20;1.0;93;93010;2;9.0;1.0;7.0;VILLEMOMBLE (RTE DE) DE 22 A 130;48,8930850;2,4827490;4;VILLEMOMBLE (RTE DE) DE 22 A 130;0.0;;;1;0.0;1.0;1;222;1.0;;;1.0;0.0;1.0;50.0;Seine-Saint-Denis;11;Île-de-France
201900002138;138Â 302Â 558;A01;10.0;3;2.0;1.0;1948.0;9.0;8.0;0.0;;9.0;B;1.0;;0.0;37.0;0.0;1.0;7.0;9.0;0.0;1.0;15;6;2019;16:20;1.0;93;93010;2;9.0;1.0;7.0;VILLEMOMBLE (RTE DE) DE 22 A 130;48,8930850;2,4827490;4;VILLEMOMBLE (RTE DE) DE 22 A 130;0.0;;;1;0.0;1.0;1;222;1.0;;;1.0;0.0;1.0;50.0;Seine-Saint-Denis;11;Île-de-France
201900002139;138Â 302Â 556;A01;10.0;3;4.0;1.0;1972.0;1.0;8.0;8.0;;9.0;9;1.0;;0.0;7.0;6.0;1.0;5.0;24.0;1.0;;21;5;2019;11:20;1.0;06;06029;2;1.0;1.0;6.0;PETIT JUAS (TRAVERSE);43,5633800;7,0126100;5;PETIT JUAS (TRAVERSE);0.0;;;0;0.0;2.0;0;0;1.0;;;1.0;0.0;8.0;50.0;Alpes-Maritimes;93;Provence-Alpes-Côte d'Azur
201900002140;138Â 302Â 555;A01;1.0;1;1.0;1.0;1993.0;5.0;1.0;8.0;;0.0;0;;;2.0;7.0;0.0;1.0;1.0;15.0;1.0;;9;10;2019;08:55;1.0;02;02691;2;2.0;1.0;6.0;MARTIN (BD HENRI);49,8480000;3,2797600;4;MARTIN (BD HENRI);0.0;;3.0;3;2.0;2.0;0;0;1.0;;;1.0;5.0;1.0;50.0;Aisne;32;Hauts-de-France
201900002140;138Â 302Â 555;A01;10.0;3;3.0;2.0;1965.0;1.0;0.0;;;4.0;3;1.0;;2.0;7.0;0.0;1.0;1.0;15.0;1.0;;9;10;2019;08:55;1.0;02;02691;2;2.0;1.0;6.0;MARTIN (BD HENRI);49,8480000;3,2797600;4;MARTIN (BD HENRI);0.0;;3.0;3;2.0;2.0;0;0;1.0;;;1.0;5.0;1.0;50.0;Aisne;32;Hauts-de-France
201900002141;138Â 302Â 554;A01;10.0;3;3.0;2.0;1993.0;1.0;8.0;0.0;;3.0;3;1.0;;1.0;10.0;0.0;1.0;2.0;1.0;1.0;;12;12;2019;19:04;5.0;62;62826;2;1.0;3.0;6.0;DALOZ (BOULEVARD);50,5210800;1,5866500;4;DALOZ (BOULEVARD);0.0;;2.0;2;0.0;1.0;0;0;1.0;;;2.0;0.0;1.0;50.0;Pas-de-Calais;32;Hauts-de-France
201900002141;138Â 302Â 554;A01;1.0;1;1.0;1.0;1987.0;1.0;8.0;0.0;;0.0;0;;;1.0;10.0;0.0;1.0;2.0;1.0;1.0;;12;12;2019;19:04;5.0;62;62826;2;1.0;3.0;6.0;DALOZ (BOULEVARD);50,5210800;1,5866500;4;DALOZ (BOULEVARD);0.0;;2.0;2;0.0;1.0;0;0;1.0;;;2.0;0.0;1.0;50.0;Pas-de-Calais;32;Hauts-de-France
201900002142;138Â 302Â 552;A01;1.0;1;1.0;2.0;1995.0;0.0;1.0;0.0;;; -1;;;1.0;7.0;0.0;2.0;2.0;15.0;1.0;;20;12;2019;18:30;5.0;62;62626;1;2.0;1.0;1.0;ANNEQUIN ( ROUTE D' );50,4969400;2,7304740;4;rue d'Annequin;0.0;;2.0;2;0.0;1.0;1;0;1.0;;;1.0;0.0;1.0;80.0;Pas-de-Calais;32;Hauts-de-France
201900002142;138Â 302Â 553;B01;2.0;2;3.0;1.0;1996.0;5.0;2.0;0.0;;; -1;;;2.0;33.0;0.0;2.0;1.0;21.0;1.0;;20;12;2019;18:30;5.0;62;62626;1;2.0;1.0;1.0;ANNEQUIN ( ROUTE D' );50,4969400;2,7304740;4;rue d'Annequin;0.0;;2.0;2;0.0;1.0;1;0;1.0;;;1.0;0.0;1.0;80.0;Pas-de-Calais;32;Hauts-de-France
201900002142;138Â 302Â 553;B01;1.0;1;3.0;1.0;1993.0;0.0;2.0;0.0;;; -1;;;2.0;33.0;0.0;2.0;1.0;21.0;1.0;;20;12;2019;18:30;5.0;62;62626;1;2.0;1.0;1.0;ANNEQUIN ( ROUTE D' );50,4969400;2,7304740;4;rue d'Annequin;0.0;;2.0;2;0.0;1.0;1;0;1.0;;;1.0;0.0;1.0;80.0;Pas-de-Calais;32;Hauts-de-France
201900002143;138Â 302Â 550;Y01;1.0;1;2.0;1.0;1994.0;1.0;8.0;0.0;;; -1;;;3.0;1.0;0.0;2.0;4.0;2.0;0.0;;10;12;2019;05:30;3.0;62;62244;1;1.0;8.0;3.0;DEPARTEMENTALE 943;50,9263700;1,9038530;3;943;0.0;;2.0;2;0.0;1.0;1;0;1.0;;;1.0;9.0;1.0;70.0;Pas-de-Calais;32;Hauts-de-France
201900002144;138Â 302Â 549;A01;1.0;1;1.0;1.0;1963.0;0.0;8.0;0.0;;; -1;;;1.0;7.0;0.0;1.0;1.0;1.0;1.0;;8;12;2019;18:20;2.0;62;62040;2;1.0;2.0;6.0;MONTAND (AVENUE YVES);50,7325500;2,2764200;4;MONTAND (AVENUE YVES);0.0;;2.0;2;0.0;1.0;1;0;1.0;;;2.0;0.0;1.0;50.0;Pas-de-Calais;32;Hauts-de-France
201900002144;138Â 302Â 549;A01;10.0;3;3.0;1.0;1962.0;5.0;0.0;;;4.0;3;2.0;;1.0;7.0;0.0;1.0;1.0;1.0;1.0;;8;12;2019;18:20;2.0;62;62040;2;1.0;2.0;6.0;MONTAND (AVENUE YVES);50,7325500;2,2764200;4;MONTAND (AVENUE YVES);0.0;;2.0;2;0.0;1.0;1;0;1.0;;;2.0;0.0;1.0;50.0;Pas-de-Calais;32;Hauts-de-France
201900002144;138Â 302Â 549;A01;10.0;3;2.0;2.0;1963.0;5.0;0.0;;;4.0;3;2.0;;1.0;7.0;0.0;1.0;1.0;1.0;1.0;;8;12;2019;18:20;2.0;62;62040;2;1.0;2.0;6.0;MONTAND (AVENUE YVES);50,7325500;2,2764200;4;MONTAND (AVENUE YVES);0.0;;2.0;2;0.0;1.0;1;0;1.0;;;2.0;0.0;1.0;50.0;Pas-de-Calais;32;Hauts-de-France
201900002145;138Â 302Â 548;A01;10.0;3;3.0;1.0;2008.0;5.0;8.0;0.0;;3.0;3;1.0;;0.0;7.0;0.0;2.0;0.0;26.0;0.0;;16;11;2019;19:10;4.0;06;06088;2;1.0;1.0;6.0;MADELEINE (BD DE LA);43,7028700;7,2361200;4;MADELEINE (BD DE LA);0.0;;1.0;1;0.0;2.0;0;0;1.0;;;1.0;0.0;1.0;50.0;Alpes-Maritimes;93;Provence-Alpes-Côte d'Azur
201900002145;138Â 302Â 548;A01;1.0;1;1.0;1.0;1998.0;5.0;1.0;0.0;;; -1;;;0.0;7.0;0.0;2.0;0.0;26.0;0.0;;16;11;2019;19:10;4.0;06;06088;2;1.0;1.0;6.0;MADELEINE (BD DE LA);43,7028700;7,2361200;4;MADELEINE (BD DE LA);0.0;;1.0;1;0.0;2.0;0;0;1.0;;;1.0;0.0;1.0;50.0;Alpes-Maritimes;93;Provence-Alpes-Côte d'Azur
201900002146;138Â 302Â 546;A01;1.0;1;1.0;1.0;1999.0;5.0;8.0;0.0;;; -1;;;1.0;7.0;0.0;2.0;8.0;1.0;1.0;;28;12;2019;22:05;5.0;60;60057;2;2.0;1.0;3.0;SAINT JEAN (BOULEVARD);49,4292600;2,0760900;4;NELSON MANDELA (AVENUE);0.0;;2.0;2;0.0;1.0;1;(1);1.0;;;1.0;0.0;1.0;50.0;Oise;32;Hauts-de-France
201900002146;138Â 302Â 547;B01;1.0;1;4.0;1.0;1991.0;4.0;2.0;0.0;;; -1;;;3.0;2.0;0.0;2.0;1.0;1.0;1.0;;28;12;2019;22:05;5.0;60;60057;2;2.0;1.0;3.0;SAINT JEAN (BOULEVARD);49,4292600;2,0760900;4;NELSON MANDELA (AVENUE);0.0;;2.0;2;0.0;1.0;1;(1);1.0;;;1.0;0.0;1.0;50.0;Oise;32;Hauts-de-France
201900002147;138Â 302Â 545;A01;1.0;1;1.0;2.0;1990.0;5.0;1.0;0.0;;0.0;0;;;1.0;10.0;0.0;1.0;1.0;1.0;1.0;;26;12;2019;18:00;5.0;76;76341;2;1.0;2.0;7.0;RESISTANCE (AVENUE DE LA);49,4984561;0,2291518;3;982;0.0;;2.0;2;0.0;1.0;70;2000;1.0;;;2.0;0.0;1.0;50.0;Seine-Maritime;28;Normandie
201900002147;138Â 302Â 545;A01;10.0;3;2.0;2.0;1993.0;5.0;0.0;;;3.0;3;1.0;;1.0;10.0;0.0;1.0;1.0;1.0;1.0;;26;12;2019;18:00;5.0;76;76341;2;1.0;2.0;7.0;RESISTANCE (AVENUE DE LA);49,4984561;0,2291518;3;982;0.0;;2.0;2;0.0;1.0;70;2000;1.0;;;2.0;0.0;1.0;50.0;Seine-Maritime;28;Normandie
201900002148;138Â 302Â 543;B01;1.0;1;2.0;1.0;1986.0;3.0;2.0;0.0;;; -1;;;1.0;32.0;0.0;2.0;1.0;1.0;1.0;;24;12;2019;19:50;5.0;76;76351;2;2.0;1.0;3.0;PAUL CLAUDEL;49,5170100;0,1162700;4;PAUL CLAUDEL;0.0;;2.0;1;0.0;1.0;0;0;1.0;;;1.0;0.0;1.0;50.0;Seine-Maritime;28;Normandie
201900002148;138Â 302Â 544;A01;1.0;1;1.0;1.0;1979.0;3.0;1.0;0.0;;; -1;;;1.0;7.0;0.0;2.0;5.0;1.0;1.0;;24;12;2019;19:50;5.0;76;76351;2;2.0;1.0;3.0;PAUL CLAUDEL;49,5170100;0,1162700;4;PAUL CLAUDEL;0.0;;2.0;1;0.0;1.0;0;0;1.0;;;1.0;0.0;1.0;50.0;Seine-Maritime;28;Normandie
201900002149;138Â 302Â 542;A01;10.0;3;3.0;2.0;1948.0;5.0;0.0;;;4.0;3;1.0;;2.0;7.0;0.0;1.0;3.0;15.0;1.0;;24;12;2019;10:10;1.0;76;76447;2;2.0;1.0;7.0;COMMUNE 1871 (DE LA);49,5455400;0,1882000;4;COMMUNE 1871 (DE LA);0.0;;2.0;2;0.0;2.0;0;0;1.0;;;2.0;0.0;1.0;50.0;Seine-Maritime;28;Normandie
201900002149;138Â 302Â 542;A01;1.0;1;1.0;2.0;1970.0;5.0;1.0;0.0;;0.0;0;;;2.0;7.0;0.0;1.0;3.0;15.0;1.0;;24;12;2019;10:10;1.0;76;76447;2;2.0;1.0;7.0;COMMUNE 1871 (DE LA);49,5455400;0,1882000;4;COMMUNE 1871 (DE LA);0.0;;2.0;2;0.0;2.0;0;0;1.0;;;2.0;0.0;1.0;50.0;Seine-Maritime;28;Normandie
201900002150;138Â 302Â 541;A01;10.0;3;2.0;1.0;2000.0;3.0;0.0;;;3.0;3;1.0;;1.0;7.0;0.0;1.0;1.0;1.0;1.0;;19;12;2019;18:20;3.0;76;76384;2;1.0;2.0;7.0;HUGO VICTOR (RUE);49,5179800;0,5367100;9;HUGO VICTOR (RUE);0.0;;2.0;2;0.0;1.0;0;0;1.0;;;2.0;0.0;1.0;50.0;Seine-Maritime;28;Normandie
201900002150;138Â 302Â 541;A01;1.0;1;1.0;1.0;1966.0;3.0;1.0;0.0;;0.0;0;;;1.0;7.0;0.0;1.0;1.0;1.0;1.0;;19;12;2019;18:20;3.0;76;76384;2;1.0;2.0;7.0;HUGO VICTOR (RUE);49,5179800;0,5367100;9;HUGO VICTOR (RUE);0.0;;2.0;2;0.0;1.0;0;0;1.0;;;2.0;0.0;1.0;50.0;Seine-Maritime;28;Normandie
201900002151;138Â 302Â 540;A01;1.0;1;2.0;2.0;1984.0;1.0;2.0;4.0;;0.0;0;;;3.0;1.0;0.0;2.0;0.0;9.0;5.0;;16;12;2019;13:25;1.0;76;76575;2;6.0;1.0;3.0;OREE DU ROUVRAY. RUE DE L';49,3920800;1,0870400;4;OREE DU ROUVRAY. RUE DE L';0.0;;;1;0.0;1.0;1;0;1.0;;;1.0;0.0;1.0;50.0;Seine-Maritime;28;Normandie
201900002152;138Â 302Â 537;B01;1.0;1;1.0;2.0;1993.0;0.0;1.0;8.0;;0.0;0;;;0.0;7.0;0.0;2.0;4.0;23.0;0.0;;6;12;2019;08:45;1.0;76;76351;2;4.0;2.0;2.0;GENERAL FERRIE (AVENUE);49,5034575;0,1795542;4;GENERAL FERRIE (AVENUE);0.0;;1.0;2;1.0;2.0;0;0;1.0;;;2.0;0.0;1.0;50.0;Seine-Maritime;28;Normandie
201900002152;138Â 302Â 538;A01;2.0;2;2.0;2.0;2002.0;9.0;2.0;8.0;;0.0;0;;;0.0;33.0;0.0;2.0;1.0;1.0;1.0;;6;12;2019;08:45;1.0;76;76351;2;4.0;2.0;2.0;GENERAL FERRIE (AVENUE);49,5034575;0,1795542;4;GENERAL FERRIE (AVENUE);0.0;;1.0;2;1.0;2.0;0;0;1.0;;;2.0;0.0;1.0;50.0;Seine-Maritime;28;Normandie