Num_Acc;id_vehicule;num_veh;place;catu;grav;sexe;an_nais;trajet;secu1;secu2;secu3;locp;actp;etatp;id_usager;senc;catv;obs;obsm;choc;manv;motor;occutc;jour;mois;an;hrmn;lum;dep;com;agg;int;atm;col;adr;lat;long;catr;voie;v1;v2;circ;nbv;vosp;prof;pr;pr1;plan;lartpc;larrout;surf;infra;situ;vma;nom_departement;reg;nom_region
201900002152;138Â 302Â 538;A01;1.0;1;2.0;1.0;1978.0;5.0;2.0;8.0;;0.0;0;;;0.0;33.0;0.0;2.0;1.0;1.0;1.0;;6;12;2019;08:45;1.0;76;76351;2;4.0;2.0;2.0;GENERAL FERRIE (AVENUE);49,5034575;0,1795542;4;GENERAL FERRIE (AVENUE);0.0;;1.0;2;1.0;2.0;0;0;1.0;;;2.0;0.0;1.0;50.0;Seine-Maritime;28;Normandie
201900002153;138Â 302Â 536;A01;1.0;1;3.0;1.0;1996.0;0.0;1.0;0.0;;0.0;0;;;1.0;7.0;2.0;0.0;1.0;14.0;1.0;;15;12;2019;12:20;1.0;76;76305;2;1.0;1.0;7.0;ENTREPRISES (ROUTE DES);49,4825000;0,1987700;4;ENTREPRISES (ROUTE DES);0.0;;2.0;2;0.0;1.0;0;0;1.0;;;1.0;0.0;1.0;50.0;Seine-Maritime;28;Normandie
201900002154;138Â 302Â 535;A01;10.0;3;2.0;1.0;1988.0;2.0;0.0;;;3.0;3;2.0;;0.0;7.0;0.0;1.0;1.0;1.0;1.0;;3;12;2019;16:20;1.0;76;76447;2;1.0;1.0;6.0;PRESIDENT WILSON;49,5449526;0,1853192;4;PRESIDENT WILSON;0.0;;2.0;2;0.0;1.0;0;0;1.0;;;1.0;0.0;1.0;30.0;Seine-Maritime;28;Normandie
201900002154;138Â 302Â 535;A01;10.0;3;2.0;1.0;2014.0;2.0;0.0;;;3.0;3;2.0;;0.0;7.0;0.0;1.0;1.0;1.0;1.0;;3;12;2019;16:20;1.0;76;76447;2;1.0;1.0;6.0;PRESIDENT WILSON;49,5449526;0,1853192;4;PRESIDENT WILSON;0.0;;2.0;2;0.0;1.0;0;0;1.0;;;1.0;0.0;1.0;30.0;Seine-Maritime;28;Normandie
201900002154;138Â 302Â 535;A01;1.0;1;1.0;2.0;1960.0;0.0;1.0;0.0;;0.0;0;;;0.0;7.0;0.0;1.0;1.0;1.0;1.0;;3;12;2019;16:20;1.0;76;76447;2;1.0;1.0;6.0;PRESIDENT WILSON;49,5449526;0,1853192;4;PRESIDENT WILSON;0.0;;2.0;2;0.0;1.0;0;0;1.0;;;1.0;0.0;1.0;30.0;Seine-Maritime;28;Normandie
201900002155;138Â 302Â 534;A01;10.0;3;3.0;1.0;1957.0;0.0;0.0;;;3.0;3;1.0;;0.0;7.0;0.0;1.0;1.0;1.0;1.0;;3;12;2019;11:05;1.0;76;76351;2;3.0;1.0;6.0;PAUL MARION;49,4847689;0,1334667;3;481;0.0;;2.0;2;0.0;1.0;0;140;1.0;;;1.0;0.0;1.0;50.0;Seine-Maritime;28;Normandie
201900002155;138Â 302Â 534;A01;1.0;1;1.0;1.0;1973.0;0.0;1.0;8.0;;0.0;0;;;0.0;7.0;0.0;1.0;1.0;1.0;1.0;;3;12;2019;11:05;1.0;76;76351;2;3.0;1.0;6.0;PAUL MARION;49,4847689;0,1334667;3;481;0.0;;2.0;2;0.0;1.0;0;140;1.0;;;1.0;0.0;1.0;50.0;Seine-Maritime;28;Normandie
201900002156;138Â 302Â 532;A01;1.0;1;1.0;1.0;1960.0;1.0;1.0;8.0;;0.0;0;;;2.0;10.0;0.0;1.0;3.0;1.0;0.0;;26;11;2019;16:00;1.0;76;76351;2;1.0;1.0;6.0;AMIRAL MOUCHEZ (BD);49,4860800;0,1396300;3;481;0.0;;2.0;2;0.0;1.0;0;650;1.0;;;1.0;0.0;1.0;30.0;Seine-Maritime;28;Normandie
201900002156;138Â 302Â 532;A01;10.0;3;3.0;2.0;2008.0;2.0;0.0;0.0;;2.0;3;1.0;;2.0;10.0;0.0;1.0;3.0;1.0;0.0;;26;11;2019;16:00;1.0;76;76351;2;1.0;1.0;6.0;AMIRAL MOUCHEZ (BD);49,4860800;0,1396300;3;481;0.0;;2.0;2;0.0;1.0;0;650;1.0;;;1.0;0.0;1.0;30.0;Seine-Maritime;28;Normandie
201900002157;138Â 302Â 530;B01;1.0;1;1.0;1.0;1979.0;1.0;1.0;0.0;;; -1;;;0.0;7.0;0.0;2.0;2.0;9.0;1.0;;11;4;2019;06:11;3.0;38;38544;1;6.0;8.0;3.0;CD 41;45,5162400;4,9224800;3;41;0.0;;2.0;1;0.0;1.0;4;500;3.0;;;1.0;5.0;1.0;50.0;Isère;84;Auvergne-Rhône-Alpes
201900002157;138Â 302Â 531;A01;1.0;1;2.0;2.0;1979.0;1.0;1.0;0.0;;; -1;;;3.0;7.0;0.0;2.0;3.0;9.0;1.0;;11;4;2019;06:11;3.0;38;38544;1;6.0;8.0;3.0;CD 41;45,5162400;4,9224800;3;41;0.0;;2.0;1;0.0;1.0;4;500;3.0;;;1.0;5.0;1.0;50.0;Isère;84;Auvergne-Rhône-Alpes
201900002158;138Â 302Â 528;A01;1.0;1;3.0;2.0;1984.0;5.0;1.0;0.0;;; -1;;;2.0;7.0;0.0;2.0;7.0;13.0;1.0;;17;12;2019;19:00;2.0;59;59544;1;1.0;1.0;1.0;ROLEUR (RUE DU);50,3596100;3,5761000;3;350;0.0;;2.0;2;0.0;1.0;0;0;2.0;;;1.0;0.0;1.0;80.0;Nord;32;Hauts-de-France
201900002158;138Â 302Â 528;A01;2.0;2;4.0;1.0;2010.0;5.0;1.0;0.0;;; -1;;;2.0;7.0;0.0;2.0;7.0;13.0;1.0;;17;12;2019;19:00;2.0;59;59544;1;1.0;1.0;1.0;ROLEUR (RUE DU);50,3596100;3,5761000;3;350;0.0;;2.0;2;0.0;1.0;0;0;2.0;;;1.0;0.0;1.0;80.0;Nord;32;Hauts-de-France
201900002158;138Â 302Â 529;B01;1.0;1;3.0;1.0;1990.0;1.0;1.0;0.0;;; -1;;;1.0;7.0;0.0;2.0;2.0;1.0;1.0;;17;12;2019;19:00;2.0;59;59544;1;1.0;1.0;1.0;ROLEUR (RUE DU);50,3596100;3,5761000;3;350;0.0;;2.0;2;0.0;1.0;0;0;2.0;;;1.0;0.0;1.0;80.0;Nord;32;Hauts-de-France
201900002159;138Â 302Â 526;B01;1.0;1;1.0;1.0;1972.0;9.0;1.0;0.0;;;0;;;1.0;7.0;0.0;2.0;5.0;1.0;0.0;;31;12;2019;13:20;1.0;83;83137;2;4.0;1.0;2.0;CLEMENCEAU (BD GEORGES);43,1227000;5,9391500;4;;0.0;;1.0;5;1.0;1.0;0;0;2.0;;;1.0;0.0;1.0;50.0;Var;93;Provence-Alpes-Côte d'Azur
201900002159;138Â 302Â 527;A01;1.0;1;3.0;1.0;1996.0;4.0;2.0;6.0;;;0;;;2.0;34.0;0.0;2.0;1.0;2.0;1.0;;31;12;2019;13:20;1.0;83;83137;2;4.0;1.0;2.0;CLEMENCEAU (BD GEORGES);43,1227000;5,9391500;4;;0.0;;1.0;5;1.0;1.0;0;0;2.0;;;1.0;0.0;1.0;50.0;Var;93;Provence-Alpes-Côte d'Azur
201900002160;138Â 302Â 524;B01;2.0;2;2.0;2.0;1957.0;4.0;1.0;8.0;;;0;;;2.0;7.0;0.0;2.0;2.0;1.0;1.0;;28;12;2019;18:00;5.0;83;83137;2;1.0;1.0;1.0;VAL D'ARDENE (ROUTE DU);43,1592140;5,9180300;3;46;0.0;;3.0;2;0.0;2.0;4;0;2.0;;;1.0;0.0;1.0;50.0;Var;93;Provence-Alpes-Côte d'Azur
201900002160;138Â 302Â 524;B01;1.0;1;2.0;1.0;1956.0;5.0;1.0;8.0;;;0;;;2.0;7.0;0.0;2.0;2.0;1.0;1.0;;28;12;2019;18:00;5.0;83;83137;2;1.0;1.0;1.0;VAL D'ARDENE (ROUTE DU);43,1592140;5,9180300;3;46;0.0;;3.0;2;0.0;2.0;4;0;2.0;;;1.0;0.0;1.0;50.0;Var;93;Provence-Alpes-Côte d'Azur
201900002160;138Â 302Â 525;A01;2.0;2;2.0;2.0;1936.0;5.0;1.0;8.0;;;0;;;2.0;7.0;0.0;2.0;3.0;13.0;1.0;;28;12;2019;18:00;5.0;83;83137;2;1.0;1.0;1.0;VAL D'ARDENE (ROUTE DU);43,1592140;5,9180300;3;46;0.0;;3.0;2;0.0;2.0;4;0;2.0;;;1.0;0.0;1.0;50.0;Var;93;Provence-Alpes-Côte d'Azur
201900002160;138Â 302Â 525;A01;1.0;1;2.0;1.0;1934.0;5.0;1.0;8.0;;0.0;0;;;2.0;7.0;0.0;2.0;3.0;13.0;1.0;;28;12;2019;18:00;5.0;83;83137;2;1.0;1.0;1.0;VAL D'ARDENE (ROUTE DU);43,1592140;5,9180300;3;46;0.0;;3.0;2;0.0;2.0;4;0;2.0;;;1.0;0.0;1.0;50.0;Var;93;Provence-Alpes-Côte d'Azur
201900002161;138Â 302Â 523;A01;10.0;3;3.0;2.0;1943.0;0.0;0.0;;;3.0;3;2.0;;1.0;7.0;0.0;1.0;2.0;16.0;1.0;;28;12;2019;10:30;1.0;83;83062;2;1.0;7.0;6.0;BARBUSSE (AVENUE HENRI);43,1295700;6,0171700;4;;0.0;;2.0;2;0.0;1.0;0;0;3.0;;;1.0;0.0;1.0;50.0;Var;93;Provence-Alpes-Côte d'Azur
201900002161;138Â 302Â 523;A01;10.0;3;2.0;1.0;1966.0;0.0;0.0;;;3.0;3;2.0;;1.0;7.0;0.0;1.0;2.0;16.0;1.0;;28;12;2019;10:30;1.0;83;83062;2;1.0;7.0;6.0;BARBUSSE (AVENUE HENRI);43,1295700;6,0171700;4;;0.0;;2.0;2;0.0;1.0;0;0;3.0;;;1.0;0.0;1.0;50.0;Var;93;Provence-Alpes-Côte d'Azur
201900002161;138Â 302Â 523;A01;10.0;3;2.0;1.0;1937.0;5.0;0.0;;;3.0;3;2.0;;1.0;7.0;0.0;1.0;2.0;16.0;1.0;;28;12;2019;10:30;1.0;83;83062;2;1.0;7.0;6.0;BARBUSSE (AVENUE HENRI);43,1295700;6,0171700;4;;0.0;;2.0;2;0.0;1.0;0;0;3.0;;;1.0;0.0;1.0;50.0;Var;93;Provence-Alpes-Côte d'Azur
201900002161;138Â 302Â 523;A01;1.0;1;1.0;2.0;1941.0;3.0;1.0;0.0;;;0;;;1.0;7.0;0.0;1.0;2.0;16.0;1.0;;28;12;2019;10:30;1.0;83;83062;2;1.0;7.0;6.0;BARBUSSE (AVENUE HENRI);43,1295700;6,0171700;4;;0.0;;2.0;2;0.0;1.0;0;0;3.0;;;1.0;0.0;1.0;50.0;Var;93;Provence-Alpes-Côte d'Azur
201900002162;138Â 302Â 521;B01;1.0;1;1.0;1.0;1994.0;0.0;1.0;8.0;;;0;;;1.0;10.0;0.0;2.0;5.0;2.0;1.0;;25;12;2019;18:18;4.0;83;83090;2;1.0;1.0;2.0;LAGOUBRAN (CHEMIN DE);43,1257700;5,8782200;4;;0.0;;3.0;4;0.0;1.0;0;0;1.0;;;1.0;2.0;1.0;50.0;Var;93;Provence-Alpes-Côte d'Azur
201900002162;138Â 302Â 522;A01;1.0;1;2.0;1.0;1993.0;0.0;2.0;6.0;;;0;;;1.0;33.0;0.0;2.0;1.0;2.0;1.0;;25;12;2019;18:18;4.0;83;83090;2;1.0;1.0;2.0;LAGOUBRAN (CHEMIN DE);43,1257700;5,8782200;4;;0.0;;3.0;4;0.0;1.0;0;0;1.0;;;1.0;2.0;1.0;50.0;Var;93;Provence-Alpes-Côte d'Azur
201900002163;138Â 302Â 518;A01;1.0;1;1.0;1.0;1975.0;1.0;1.0;0.0;;0.0;0;;;1.0;7.0;0.0;2.0;1.0;21.0;1.0;;24;12;2019;15:15;1.0;83;83137;2;2.0;1.0;5.0;CARNOT (AVE LAZARE);43,1278500;5,9248000;4;;0.0;;2.0;3;0.0;2.0;0;0;1.0;;;1.0;0.0;1.0;30.0;Var;93;Provence-Alpes-Côte d'Azur
201900002163;138Â 302Â 518;A01;2.0;2;1.0;1.0;1982.0;0.0;1.0;0.0;;;0;;;1.0;7.0;0.0;2.0;1.0;21.0;1.0;;24;12;2019;15:15;1.0;83;83137;2;2.0;1.0;5.0;CARNOT (AVE LAZARE);43,1278500;5,9248000;4;;0.0;;2.0;3;0.0;2.0;0;0;1.0;;;1.0;0.0;1.0;30.0;Var;93;Provence-Alpes-Côte d'Azur
201900002163;138Â 302Â 518;A01;4.0;2;1.0;1.0;1982.0;0.0;1.0;0.0;;;0;;;1.0;7.0;0.0;2.0;1.0;21.0;1.0;;24;12;2019;15:15;1.0;83;83137;2;2.0;1.0;5.0;CARNOT (AVE LAZARE);43,1278500;5,9248000;4;;0.0;;2.0;3;0.0;2.0;0;0;1.0;;;1.0;0.0;1.0;30.0;Var;93;Provence-Alpes-Côte d'Azur
201900002163;138Â 302Â 519;B01;1.0;1;3.0;1.0;1988.0;0.0;2.0;6.0;;;0;;;2.0;32.0;0.0;2.0;1.0;1.0;1.0;;24;12;2019;15:15;1.0;83;83137;2;2.0;1.0;5.0;CARNOT (AVE LAZARE);43,1278500;5,9248000;4;;0.0;;2.0;3;0.0;2.0;0;0;1.0;;;1.0;0.0;1.0;30.0;Var;93;Provence-Alpes-Côte d'Azur
201900002163;138Â 302Â 520;Z01;1.0;1;1.0;2.0;1964.0;5.0;8.0;0.0;;;0;;;1.0;7.0;0.0;2.0;0.0;15.0;1.0;;24;12;2019;15:15;1.0;83;83137;2;2.0;1.0;5.0;CARNOT (AVE LAZARE);43,1278500;5,9248000;4;;0.0;;2.0;3;0.0;2.0;0;0;1.0;;;1.0;0.0;1.0;30.0;Var;93;Provence-Alpes-Côte d'Azur
201900002164;138Â 302Â 516;A01;1.0;1;1.0;2.0;1998.0;3.0;1.0;0.0;;0.0;0;;;3.0;7.0;0.0;0.0;0.0;15.0;1.0;;24;12;2019;11:05;1.0;83;83144;2;1.0;1.0;6.0;LAVOISIER (AVE / IMP);43,1381800;5,9980000;4;Impasse Lavoisier;0.0;;2.0;2;0.0;1.0;0;0;1.0;;;1.0;0.0;1.0;50.0;Var;93;Provence-Alpes-Côte d'Azur
201900002164;138Â 302Â 517;B01;1.0;1;2.0;1.0;1980.0;1.0;1.0;0.0;;;0;;;3.0;7.0;0.0;2.0;0.0;21.0;1.0;;24;12;2019;11:05;1.0;83;83144;2;1.0;1.0;6.0;LAVOISIER (AVE / IMP);43,1381800;5,9980000;4;Impasse Lavoisier;0.0;;2.0;2;0.0;1.0;0;0;1.0;;;1.0;0.0;1.0;50.0;Var;93;Provence-Alpes-Côte d'Azur
201900002165;138Â 302Â 515;A01;10.0;3;2.0;2.0;1938.0;5.0;0.0;;;4.0;3;1.0;;1.0;7.0;0.0;1.0;3.0;15.0;1.0;;23;12;2019;13:00;1.0;83;83137;2;1.0;1.0;6.0;BLACHE (PLACE NOEL);43,1223000;5,9000000;4;;0.0;;2.0;6;3.0;1.0;0;0;1.0;;;1.0;0.0;1.0;50.0;Var;93;Provence-Alpes-Côte d'Azur
201900002165;138Â 302Â 515;A01;1.0;1;1.0;1.0;1994.0;3.0;1.0;0.0;;;0;;;1.0;7.0;0.0;1.0;3.0;15.0;1.0;;23;12;2019;13:00;1.0;83;83137;2;1.0;1.0;6.0;BLACHE (PLACE NOEL);43,1223000;5,9000000;4;;0.0;;2.0;6;3.0;1.0;0;0;1.0;;;1.0;0.0;1.0;50.0;Var;93;Provence-Alpes-Côte d'Azur
201900002166;138Â 302Â 513;B01;1.0;1;2.0;1.0;1974.0;0.0;1.0;;;0.0;0;;;3.0;3.0;0.0;2.0;4.0;2.0;0.0;;20;9;2019;14:45;1.0;26;26281;2;1.0;1.0;2.0;RUE POUCHELON;45,0481770;5,0644050;4;rue pochelon;0.0;;1.0;;;1.0;0;0;1.0;;;1.0;5.0;1.0;50.0;Drôme;84;Auvergne-Rhône-Alpes
201900002166;138Â 302Â 514;A01;1.0;1;1.0;1.0;1980.0;0.0;0.0;;;0.0;0;;;3.0;10.0;0.0;2.0;4.0;2.0;0.0;;20;9;2019;14:45;1.0;26;26281;2;1.0;1.0;2.0;RUE POUCHELON;45,0481770;5,0644050;4;rue pochelon;0.0;;1.0;;;1.0;0;0;1.0;;;1.0;5.0;1.0;50.0;Drôme;84;Auvergne-Rhône-Alpes
201900002167;138Â 302Â 510;B01;2.0;2;1.0;2.0;2002.0;1.0;1.0;0.0;;0.0;0;;;1.0;7.0;0.0;2.0;8.0;1.0;1.0;;30;12;2019;13:17;1.0;988;98818;2;2.0;1.0;3.0; RUE DU GENERAL GALLIENI/ANATOLE FRANCE; -22,2745300;166,4441000;4;266;0.0;;4.0;3;0.0;1.0;0;0;1.0;;;1.0;5.0;1.0;50.0;;;
201900002167;138Â 302Â 510;B01;1.0;1;1.0;2.0;1977.0;1.0;1.0;0.0;;0.0;0;;;1.0;7.0;0.0;2.0;8.0;1.0;1.0;;30;12;2019;13:17;1.0;988;98818;2;2.0;1.0;3.0; RUE DU GENERAL GALLIENI/ANATOLE FRANCE; -22,2745300;166,4441000;4;266;0.0;;4.0;3;0.0;1.0;0;0;1.0;;;1.0;5.0;1.0;50.0;;;
201900002167;138Â 302Â 511;A01;1.0;1;2.0;1.0;1960.0;1.0;2.0;0.0;;0.0;0;;;1.0;33.0;0.0;2.0;1.0;2.0;1.0;;30;12;2019;13:17;1.0;988;98818;2;2.0;1.0;3.0; RUE DU GENERAL GALLIENI/ANATOLE FRANCE; -22,2745300;166,4441000;4;266;0.0;;4.0;3;0.0;1.0;0;0;1.0;;;1.0;5.0;1.0;50.0;;;
201900002168;138Â 302Â 509;A01;10.0;3;3.0;2.0;1996.0;5.0;0.0;;;3.0;3;1.0;;1.0;7.0;0.0;1.0;1.0;9.0;1.0;;18;11;2019;17:25;5.0;39;39198;2;9.0;1.0;6.0;EISENHOWER (AVENUE DU GENERAL);47,0995000;5,5066000;4;EISENHOWER (AVENUE DU GENERAL);0.0;;2.0;2;0.0;1.0;0;0;1.0;;;1.0;0.0;1.0;50.0;Jura;27;Bourgogne-Franche-Comté
201900002168;138Â 302Â 509;A01;1.0;1;1.0;1.0;1975.0;9.0;1.0;0.0;;; -1;;;1.0;7.0;0.0;1.0;1.0;9.0;1.0;;18;11;2019;17:25;5.0;39;39198;2;9.0;1.0;6.0;EISENHOWER (AVENUE DU GENERAL);47,0995000;5,5066000;4;EISENHOWER (AVENUE DU GENERAL);0.0;;2.0;2;0.0;1.0;0;0;1.0;;;1.0;0.0;1.0;50.0;Jura;27;Bourgogne-Franche-Comté
201900002169;138Â 302Â 508;B01;10.0;3;2.0;2.0;1929.0;3.0;8.0;8.0;;6.0;9;1.0;;3.0;7.0;0.0;1.0;4.0;4.0;1.0;;24;12;2019;10:19;1.0;63;63019;2;3.0;1.0;6.0;NORD (RUE DU);45,7964500;3,1632500;4;NORD (RUE DU);0.0;;1.0;1;0.0;1.0;0;0;1.0;;;1.0;0.0;1.0;50.0;Puy-de-Dôme;84;Auvergne-Rhône-Alpes
201900002170;138Â 302Â 507;A01;1.0;1;4.0;1.0;1934.0;5.0;8.0;0.0;;;0;;;2.0;7.0;5.0;0.0;2.0;14.0;1.0;;30;12;2019;09:00;1.0;43;43041;1;1.0;1.0;6.0;R.N 88;45,0551315;3,9095879;2;88;0.0;;1.0;2;0.0;2.0;61;0;2.0;;;2.0;0.0;1.0;90.0;Haute-Loire;84;Auvergne-Rhône-Alpes
201900002171;138Â 302Â 506;A01;1.0;1;2.0;1.0;1962.0;0.0;0.0;;;;0;;;2.0;7.0;0.0;1.0;2.0;1.0;;;21;12;2019;10:30;1.0;43;43157;2;1.0;1.0;6.0;CHANTEMESSE (BD DR.ANDRE)  (1-9);45,0491917;3,8772351;2;102;;;2.0;;;1.0;(1);(1);1.0;;;1.0;0.0;1.0;;Haute-Loire;84;Auvergne-Rhône-Alpes
201900002171;138Â 302Â 506;A01;10.0;3;3.0;1.0;1935.0;;0.0;0.0;0.0;2.0;3;1.0;;2.0;7.0;0.0;1.0;2.0;1.0;;;21;12;2019;10:30;1.0;43;43157;2;1.0;1.0;6.0;CHANTEMESSE (BD DR.ANDRE)  (1-9);45,0491917;3,8772351;2;102;;;2.0;;;1.0;(1);(1);1.0;;;1.0;0.0;1.0;;Haute-Loire;84;Auvergne-Rhône-Alpes
201900002172;138Â 302Â 503;A01;1.0;1;1.0;2.0;1994.0;0.0;1.0;0.0;;0.0; -1;;;1.0;7.0;0.0;2.0;7.0;17.0;1.0;;11;9;2019;08:25;1.0;29;29019;2;1.0;8.0;3.0;41 KERVERN AUGUSTE;48,4023988; -4,4885748;4;KERVERN AUGUSTE;0.0;;2.0;0;0.0;1.0;0;0;2.0;;;2.0;0.0;1.0;50.0;Finistère;53;Bretagne
201900002172;138Â 302Â 504;B01;1.0;1;2.0;1.0;2000.0;0.0;2.0;0.0;;0.0;0;;;1.0;1.0;0.0;0.0;8.0;2.0;5.0;;11;9;2019;08:25;1.0;29;29019;2;1.0;8.0;3.0;41 KERVERN AUGUSTE;48,4023988; -4,4885748;4;KERVERN AUGUSTE;0.0;;2.0;0;0.0;1.0;0;0;2.0;;;2.0;0.0;1.0;50.0;Finistère;53;Bretagne
201900002173;138Â 302Â 501;B01;1.0;1;1.0;2.0;1998.0;2.0;1.0;0.0;;; -1;;;1.0;7.0;0.0;2.0;3.0;0.0;1.0;;3;12;2019;08:15;1.0;69;69266;2;3.0;1.0;3.0;8 MAI 1945   (Rue du);45,7707900;4,8963100;7;8 MAI 1945   (Rue du);0.0;;2.0;4;1.0;1.0;0;0;1.0;;;1.0;0.0;1.0;50.0;Rhône;84;Auvergne-Rhône-Alpes
201900002173;138Â 302Â 502;A01;1.0;1;3.0;1.0;1979.0;1.0;2.0;0.0;;; -1;;;2.0;33.0;0.0;2.0;8.0;1.0;1.0;;3;12;2019;08:15;1.0;69;69266;2;3.0;1.0;3.0;8 MAI 1945   (Rue du);45,7707900;4,8963100;7;8 MAI 1945   (Rue du);0.0;;2.0;4;1.0;1.0;0;0;1.0;;;1.0;0.0;1.0;50.0;Rhône;84;Auvergne-Rhône-Alpes
201900002174;138Â 302Â 500;A01;1.0;1;2.0;1.0;1973.0;0.0;1.0;8.0;;; -1;;;1.0;7.0;0.0;0.0;1.0;1.0;0.0;;30;12;2019;13:23;1.0;49;49353;1;1.0;1.0;7.0;ANDARD ROUTE;47,4464600; -0,4556100;4;ANDARD ROUTE;0.0;;2.0;2;0.0;1.0;0;0;1.0;;;1.0;0.0;1.0;80.0;Maine-et-Loire;52;Pays de la Loire
201900002175;138Â 302Â 498;B01;1.0;1;2.0;1.0;1989.0;0.0;2.0;0.0;;; -1;;;3.0;33.0;0.0;2.0;1.0;1.0;1.0;;29;12;2019;15:15;1.0;44;44109;2;6.0;1.0;3.0;PLACE PIRMIL;47,1981300; -1,5414100;4;;0.0;;2.0;1;0.0;1.0;1;0;1.0;;;1.0;0.0;1.0;50.0;Loire-Atlantique;52;Pays de la Loire
201900002175;138Â 302Â 499;A01;1.0;1;1.0;1.0;1962.0;0.0;1.0;0.0;;; -1;;;3.0;7.0;0.0;2.0;6.0;9.0;1.0;;29;12;2019;15:15;1.0;44;44109;2;6.0;1.0;3.0;PLACE PIRMIL;47,1981300; -1,5414100;4;;0.0;;2.0;1;0.0;1.0;1;0;1.0;;;1.0;0.0;1.0;50.0;Loire-Atlantique;52;Pays de la Loire
201900002176;138Â 302Â 497;A01;10.0;3;2.0;1.0;1967.0;0.0;0.0;0.0;;1.0;3;1.0;;0.0;7.0;0.0;1.0;6.0;1.0;0.0;;5;9;2019;11:10;1.0;29;29019;2;1.0;1.0;6.0;ROBESPIERRE (DE 33 A 107 ET 26 A 94);48,4093700; -4,4908400;4;ROBESPIERRE (DE 33 A 107 ET 26 A 94);0.0;;2.0;1;0.0;2.0;0;0;1.0;;;1.0;0.0;1.0;50.0;Finistère;53;Bretagne
201900002176;138Â 302Â 497;A01;1.0;1;1.0;2.0;2000.0;0.0;1.0;0.0;;0.0;0;;;0.0;7.0;0.0;1.0;6.0;1.0;0.0;;5;9;2019;11:10;1.0;29;29019;2;1.0;1.0;6.0;ROBESPIERRE (DE 33 A 107 ET 26 A 94);48,4093700; -4,4908400;4;ROBESPIERRE (DE 33 A 107 ET 26 A 94);0.0;;2.0;1;0.0;2.0;0;0;1.0;;;1.0;0.0;1.0;50.0;Finistère;53;Bretagne
201900002177;138Â 302Â 495;A01;1.0;1;2.0;1.0;1994.0;4.0;1.0;0.0;;; -1;;;3.0;7.0;0.0;4.0;1.0;1.0;1.0;;19;9;2019;22:41;5.0;29;29019;2;2.0;1.0;3.0;LOUPPE ALBERT (DE 71 A 95 ET 64 A 84);48,4024400; -4,4673800;4;LOUPPE ALBERT (DE 71 A 95 ET 64 A 84);0.0;;2.0;2;0.0;1.0;0;0;1.0;;;1.0;5.0;1.0;50.0;Finistère;53;Bretagne
201900002177;138Â 302Â 496;B01;1.0;1;1.0;1.0;1974.0;1.0;1.0;0.0;;; -1;;;3.0;40.0;0.0;2.0;3.0;1.0;3.0;;19;9;2019;22:41;5.0;29;29019;2;2.0;1.0;3.0;LOUPPE ALBERT (DE 71 A 95 ET 64 A 84);48,4024400; -4,4673800;4;LOUPPE ALBERT (DE 71 A 95 ET 64 A 84);0.0;;2.0;2;0.0;1.0;0;0;1.0;;;1.0;5.0;1.0;50.0;Finistère;53;Bretagne
201900002178;138Â 302Â 493;A01;1.0;1;2.0;2.0;1997.0;1.0;1.0;8.0;;;0;;;1.0;7.0;0.0;2.0;3.0;19.0;1.0;;12;12;2019;07:30;3.0;14;14366;1;3.0;2.0;3.0;LIVAROT (CD579 ROUTE DE);49,1300722;0,2251714;3;613;0.0;;2.0;2;0.0;2.0;(1);(1);1.0;;;2.0;0.0;1.0;30.0;Calvados;28;Normandie
201900002178;138Â 302Â 494;B01;1.0;1;2.0;1.0;1991.0;1.0;1.0;8.0;;;0;;;1.0;7.0;0.0;2.0;1.0;1.0;1.0;;12;12;2019;07:30;3.0;14;14366;1;3.0;2.0;3.0;LIVAROT (CD579 ROUTE DE);49,1300722;0,2251714;3;613;0.0;;2.0;2;0.0;2.0;(1);(1);1.0;;;2.0;0.0;1.0;30.0;Calvados;28;Normandie
201900002179;138Â 302Â 491;B01;1.0;1;1.0;1.0;1975.0;5.0;1.0;;;0.0;0;;;1.0;7.0;0.0;1.0;1.0;1.0;1.0;;24;12;2019;18:00;5.0;14;14658;2;1.0;1.0;6.0;Place President Albert Lebrun;48,8460430; -1,0193640;3;524;0.0;;2.0;2;0.0;1.0;24;(1);1.0;;;1.0;0.0;1.0;50.0;Calvados;28;Normandie
201900002179;138Â 302Â 492;A01;10.0;3;4.0;2.0;1946.0;5.0;0.0;;;3.0;3;1.0;;1.0;7.0;0.0;1.0;1.0;1.0;1.0;;24;12;2019;18:00;5.0;14;14658;2;1.0;1.0;6.0;Place President Albert Lebrun;48,8460430; -1,0193640;3;524;0.0;;2.0;2;0.0;1.0;24;(1);1.0;;;1.0;0.0;1.0;50.0;Calvados;28;Normandie
201900002179;138Â 302Â 492;A01;1.0;1;1.0;1.0;1978.0;5.0;1.0;;;0.0;0;;;1.0;7.0;0.0;1.0;1.0;1.0;1.0;;24;12;2019;18:00;5.0;14;14658;2;1.0;1.0;6.0;Place President Albert Lebrun;48,8460430; -1,0193640;3;524;0.0;;2.0;2;0.0;1.0;24;(1);1.0;;;1.0;0.0;1.0;50.0;Calvados;28;Normandie
201900002180;138Â 302Â 490;A01;10.0;3;3.0;2.0;1939.0;9.0;0.0;;;2.0;2;1.0;;3.0;7.0;0.0;1.0;4.0;4.0;1.0;;25;11;2019;15:30;1.0;42;42275;2;1.0;1.0;6.0;HOPITAL NORD;45,4809000;4,3647400;6;HOPITAL NORD;0.0;;2.0;1;3.0;1.0;0;0;1.0;;;1.0;0.0;1.0;30.0;Loire;84;Auvergne-Rhône-Alpes