Num_Acc;id_vehicule;num_veh;place;catu;grav;sexe;an_nais;trajet;secu1;secu2;secu3;locp;actp;etatp;id_usager;senc;catv;obs;obsm;choc;manv;motor;occutc;jour;mois;an;hrmn;lum;dep;com;agg;int;atm;col;adr;lat;long;catr;voie;v1;v2;circ;nbv;vosp;prof;pr;pr1;plan;lartpc;larrout;surf;infra;situ;vma;nom_departement;reg;nom_region
201900002180;138Â 302Â 490;A01;1.0;1;1.0;1.0;1983.0;9.0;1.0;8.0;;; -1;;;3.0;7.0;0.0;1.0;4.0;4.0;1.0;;25;11;2019;15:30;1.0;42;42275;2;1.0;1.0;6.0;HOPITAL NORD;45,4809000;4,3647400;6;HOPITAL NORD;0.0;;2.0;1;3.0;1.0;0;0;1.0;;;1.0;0.0;1.0;30.0;Loire;84;Auvergne-Rhône-Alpes
201900002181;138Â 302Â 489;A01;1.0;1;3.0;1.0;1984.0;9.0;1.0;0.0;;;0;;;1.0;7.0;13.0;0.0;1.0;0.0;1.0;;17;12;2019;05:35;3.0;26;26252;1;3.0;1.0;6.0;PORT AVENUE DU;44,8776900;4,8740970;3;211;0.0;;2.0;1;0.0;1.0;1;500;1.0;;;1.0;0.0;1.0;50.0;Drôme;84;Auvergne-Rhône-Alpes
201900002182;138Â 302Â 488;A01;1.0;1;2.0;1.0;2001.0;5.0;2.0;6.0;;; -1;;;1.0;30.0;0.0;0.0;0.0;26.0;1.0;;15;7;2019;00:34;5.0;14;14333;2;4.0;1.0;7.0;MONTS (CHEMIN DES);49,4068060;0,2332790;4;MONTS (CHEMIN DES);0.0;;2.0;1;0.0;3.0;0;0;2.0;;;1.0;5.0;1.0;30.0;Calvados;28;Normandie
201900002183;138Â 302Â 486;A01;1.0;1;1.0;1.0;1990.0;4.0;1.0;;;0.0;0;;;1.0;37.0;0.0;2.0;7.0;15.0;1.0;1.0;14;5;2019;18:30;2.0;90;90104;2;1.0;1.0;3.0;D13  Rue de Brebotte;47,6028550;6,9288500;3;13;0.0;;2.0;2;0.0;3.0;17;500;1.0;;;1.0;0.0;1.0;80.0;Territoire de Belfort;27;Bourgogne-Franche-Comté
201900002183;138Â 302Â 487;B01;1.0;1;3.0;1.0;1994.0;5.0;2.0;6.0;;0.0;0;;;2.0;33.0;0.0;2.0;1.0;1.0;1.0;;14;5;2019;18:30;2.0;90;90104;2;1.0;1.0;3.0;D13  Rue de Brebotte;47,6028550;6,9288500;3;13;0.0;;2.0;2;0.0;3.0;17;500;1.0;;;1.0;0.0;1.0;80.0;Territoire de Belfort;27;Bourgogne-Franche-Comté
201900002184;138Â 302Â 485;A01;10.0;3;2.0;2.0;1959.0;1.0;8.0;0.0;;2.0;3;1.0;;1.0;7.0;0.0;1.0;1.0;1.0;0.0;;18;4;2019;16:35;1.0;69;69266;2;1.0;1.0;6.0;PAUL VERLAINE       (Rue);45,7668600;4,8802000;4;PAUL VERLAINE       (Rue);0.0;;2.0;2;0.0;1.0;0;0;1.0;;;1.0;0.0;1.0;50.0;Rhône;84;Auvergne-Rhône-Alpes
201900002184;138Â 302Â 485;A01;1.0;1;1.0;2.0;1998.0;5.0;1.0;0.0;;;0;;;1.0;7.0;0.0;1.0;1.0;1.0;0.0;;18;4;2019;16:35;1.0;69;69266;2;1.0;1.0;6.0;PAUL VERLAINE       (Rue);45,7668600;4,8802000;4;PAUL VERLAINE       (Rue);0.0;;2.0;2;0.0;1.0;0;0;1.0;;;1.0;0.0;1.0;50.0;Rhône;84;Auvergne-Rhône-Alpes
201900002185;138Â 302Â 484;A01;10.0;3;2.0;1.0;2003.0;0.0;0.0;0.0;0.0;1.0;3;1.0;;1.0;7.0;0.0;1.0;1.0;1.0;1.0;;13;12;2019;15:11;1.0;06;06069;2;1.0;1.0;6.0;LECLERC (BOULEVARD DU MARECHAL);43,6502790;6,9202440;3;2085;0.0;;2.0;2;0.0;2.0;0;0;1.0;;;1.0;0.0;1.0;50.0;Alpes-Maritimes;93;Provence-Alpes-Côte d'Azur
201900002185;138Â 302Â 484;A01;1.0;1;1.0;2.0;1949.0;0.0;1.0;0.0;;0.0;0;;;1.0;7.0;0.0;1.0;1.0;1.0;1.0;;13;12;2019;15:11;1.0;06;06069;2;1.0;1.0;6.0;LECLERC (BOULEVARD DU MARECHAL);43,6502790;6,9202440;3;2085;0.0;;2.0;2;0.0;2.0;0;0;1.0;;;1.0;0.0;1.0;50.0;Alpes-Maritimes;93;Provence-Alpes-Côte d'Azur
201900002186;138Â 302Â 483;A01;10.0;3;3.0;2.0;1938.0;5.0;0.0;;;2.0;3;1.0;;2.0;34.0;0.0;1.0;1.0;1.0;1.0;;30;9;2019;20:46;5.0;06;06088;2;1.0;1.0;6.0;ANGLAIS (DU NÂ° 45 AU NÂ° 112);43,6696540;7,2223060;7;6098;0.0;;3.0;6;0.0;1.0;0;0;1.0;;;1.0;0.0;1.0;50.0;Alpes-Maritimes;93;Provence-Alpes-Côte d'Azur
201900002186;138Â 302Â 483;A01;1.0;1;2.0;1.0;1993.0;5.0;2.0;8.0;;;0;;;2.0;34.0;0.0;1.0;1.0;1.0;1.0;;30;9;2019;20:46;5.0;06;06088;2;1.0;1.0;6.0;ANGLAIS (DU NÂ° 45 AU NÂ° 112);43,6696540;7,2223060;7;6098;0.0;;3.0;6;0.0;1.0;0;0;1.0;;;1.0;0.0;1.0;50.0;Alpes-Maritimes;93;Provence-Alpes-Côte d'Azur
201900002187;138Â 302Â 481;B01;1.0;1;1.0;1.0;1959.0;5.0;1.0;0.0;;0.0;0;;;1.0;7.0;0.0;9.0;3.0;1.0;6.0;;15;9;2019;10:30;1.0;06;06088;2;4.0;1.0;3.0;CORNIGLION MOLINIER (BD);43,6652260;7,2029889;7;6098;0.0;;1.0;1;1.0;2.0;0;0;3.0;;;1.0;9.0;1.0;30.0;Alpes-Maritimes;93;Provence-Alpes-Côte d'Azur
201900002187;138Â 302Â 482;A01;1.0;1;3.0;1.0;1957.0;5.0;2.0;8.0;;0.0;0;;;3.0;1.0;0.0;2.0;8.0;19.0;5.0;;15;9;2019;10:30;1.0;06;06088;2;4.0;1.0;3.0;CORNIGLION MOLINIER (BD);43,6652260;7,2029889;7;6098;0.0;;1.0;1;1.0;2.0;0;0;3.0;;;1.0;9.0;1.0;30.0;Alpes-Maritimes;93;Provence-Alpes-Côte d'Azur
201900002188;138Â 302Â 479;B01;2.0;2;1.0;2.0;1973.0;5.0;1.0;0.0;;0.0;0;;;2.0;7.0;0.0;2.0;6.0;15.0;1.0;;5;9;2019;23:50;5.0;06;06083;2;3.0;1.0;3.0;GREVILLE (RUE HENRI);43,7763000;7,4975700;3;52;0.0;;1.0;2;0.0;1.0;4;1140;1.0;;;1.0;0.0;1.0;50.0;Alpes-Maritimes;93;Provence-Alpes-Côte d'Azur
201900002188;138Â 302Â 479;B01;1.0;1;1.0;1.0;1969.0;5.0;1.0;0.0;;0.0;0;;;2.0;7.0;0.0;2.0;6.0;15.0;1.0;;5;9;2019;23:50;5.0;06;06083;2;3.0;1.0;3.0;GREVILLE (RUE HENRI);43,7763000;7,4975700;3;52;0.0;;1.0;2;0.0;1.0;4;1140;1.0;;;1.0;0.0;1.0;50.0;Alpes-Maritimes;93;Provence-Alpes-Côte d'Azur
201900002188;138Â 302Â 480;A01;1.0;1;3.0;1.0;1990.0;5.0;2.0;6.0;;0.0;0;;;2.0;33.0;0.0;2.0;2.0;17.0;1.0;;5;9;2019;23:50;5.0;06;06083;2;3.0;1.0;3.0;GREVILLE (RUE HENRI);43,7763000;7,4975700;3;52;0.0;;1.0;2;0.0;1.0;4;1140;1.0;;;1.0;0.0;1.0;50.0;Alpes-Maritimes;93;Provence-Alpes-Côte d'Azur
201900002189;138Â 302Â 477;B01;1.0;1;2.0;1.0;1999.0;5.0;2.0;0.0;;0.0;0;;;2.0;33.0;0.0;2.0;1.0;1.0;1.0;;16;8;2019;03:30;5.0;06;06088;2;1.0;1.0;1.0;CIMIEZ (BD) JUSQU'AU 14-15;43,7062930;7,2700480;4;CIMIEZ (BD) JUSQU'AU 14-15;0.0;;2.0;3;0.0;4.0;0;0;3.0;;;1.0;0.0;1.0;50.0;Alpes-Maritimes;93;Provence-Alpes-Côte d'Azur
201900002189;138Â 302Â 478;A01;1.0;1;1.0;2.0;1991.0;5.0;1.0;0.0;;0.0;0;;;1.0;7.0;0.0;2.0;1.0;1.0;1.0;;16;8;2019;03:30;5.0;06;06088;2;1.0;1.0;1.0;CIMIEZ (BD) JUSQU'AU 14-15;43,7062930;7,2700480;4;CIMIEZ (BD) JUSQU'AU 14-15;0.0;;2.0;3;0.0;4.0;0;0;3.0;;;1.0;0.0;1.0;50.0;Alpes-Maritimes;93;Provence-Alpes-Côte d'Azur
201900002190;138Â 302Â 474;A01;1.0;1;3.0;1.0;1964.0;5.0;2.0;6.0;;; -1;;;3.0;30.0;0.0;0.0;0.0;26.0;1.0;;29;9;2019;02:00;5.0;06;06004;2;1.0;1.0;7.0;BIOT (CD.4) RTE DE;43,6149200;7,1193200;3;4;0.0;;2.0;2;0.0;1.0;1;0;3.0;;;1.0;0.0;1.0;50.0;Alpes-Maritimes;93;Provence-Alpes-Côte d'Azur
201900002191;138Â 302Â 473;A01;1.0;1;4.0;1.0;1957.0;5.0;2.0;;;0.0;0;;;1.0;1.0;0.0;0.0;0.0;1.0;;;6;7;2019;11:25;1.0;10;10245;2;1.0;1.0;7.0;grande rue;48,2560330;4,2075810;3;123;;;2.0;2;0.0;2.0;(1);(1);1.0;;;1.0;0.0;3.0;50.0;Aube;44;Grand Est
201900002192;138Â 302Â 471;A01;1.0;1;1.0;2.0;1984.0;5.0;1.0;;;0.0;0;;;1.0;7.0;0.0;9.0;2.0;15.0;1.0;;29;9;2019;18:05;1.0;38;38012;2;3.0;1.0;3.0;396 Route de Saint-Genix;45,5906930;5,6135070;3;1516;;;2.0;2;0.0;1.0;(1);(1);2.0;;;1.0;5.0;1.0;50.0;Isère;84;Auvergne-Rhône-Alpes
201900002192;138Â 302Â 472;B01;1.0;1;2.0;2.0;1963.0;5.0;2.0;6.0;;0.0;0;;;3.0;1.0;0.0;2.0;4.0;1.0;5.0;;29;9;2019;18:05;1.0;38;38012;2;3.0;1.0;3.0;396 Route de Saint-Genix;45,5906930;5,6135070;3;1516;;;2.0;2;0.0;1.0;(1);(1);2.0;;;1.0;5.0;1.0;50.0;Isère;84;Auvergne-Rhône-Alpes
201900002193;138Â 302Â 469;A01;1.0;1;1.0;1.0;1987.0;1.0;1.0;0.0;;;0;;;1.0;7.0;0.0;2.0;7.0;17.0;1.0;;2;4;2019;16:45;1.0;69;69256;2;1.0;1.0;3.0;GABRIEL PERI                        (AV);45,7737900;4,9144300;4;GABRIEL PERI                        (AV);0.0;;2.0;0;3.0;1.0;0;0;1.0;;;1.0;0.0;1.0;50.0;Rhône;84;Auvergne-Rhône-Alpes
201900002193;138Â 302Â 470;B01;1.0;1;1.0;1.0;1964.0;4.0;1.0;0.0;;;0;;;1.0;37.0;1.0;2.0;3.0;1.0;1.0;4.0;2;4;2019;16:45;1.0;69;69256;2;1.0;1.0;3.0;GABRIEL PERI                        (AV);45,7737900;4,9144300;4;GABRIEL PERI                        (AV);0.0;;2.0;0;3.0;1.0;0;0;1.0;;;1.0;0.0;1.0;50.0;Rhône;84;Auvergne-Rhône-Alpes
201900002193;138Â 302Â 470;B01;8.0;2;2.0;1.0;1999.0;2.0;8.0;0.0;;;0;;;1.0;37.0;1.0;2.0;3.0;1.0;1.0;4.0;2;4;2019;16:45;1.0;69;69256;2;1.0;1.0;3.0;GABRIEL PERI                        (AV);45,7737900;4,9144300;4;GABRIEL PERI                        (AV);0.0;;2.0;0;3.0;1.0;0;0;1.0;;;1.0;0.0;1.0;50.0;Rhône;84;Auvergne-Rhône-Alpes
201900002193;138Â 302Â 470;B01;8.0;2;2.0;1.0;1997.0;2.0;8.0;0.0;;;0;;;1.0;37.0;1.0;2.0;3.0;1.0;1.0;4.0;2;4;2019;16:45;1.0;69;69256;2;1.0;1.0;3.0;GABRIEL PERI                        (AV);45,7737900;4,9144300;4;GABRIEL PERI                        (AV);0.0;;2.0;0;3.0;1.0;0;0;1.0;;;1.0;0.0;1.0;50.0;Rhône;84;Auvergne-Rhône-Alpes
201900002193;138Â 302Â 470;B01;8.0;2;2.0;1.0;2002.0;2.0;8.0;0.0;;;0;;;1.0;37.0;1.0;2.0;3.0;1.0;1.0;4.0;2;4;2019;16:45;1.0;69;69256;2;1.0;1.0;3.0;GABRIEL PERI                        (AV);45,7737900;4,9144300;4;GABRIEL PERI                        (AV);0.0;;2.0;0;3.0;1.0;0;0;1.0;;;1.0;0.0;1.0;50.0;Rhône;84;Auvergne-Rhône-Alpes
201900002194;138Â 302Â 468;A01;3.0;2;3.0;1.0;2013.0;0.0;3.0;0.0;;; -1;;;1.0;7.0;4.0;0.0;3.0;13.0;1.0;;27;3;2019;22:55;3.0;974;97409;1;1.0;2.0;7.0;RN2 DIRECTION ST BENT SORTIE PETIT BAZAR; -20,9443200;55,6493300;2;2;0.0;;3.0;4;0.0;1.0;29;0;1.0;;;2.0;0.0;1.0;90.0;La Réunion;04;La Réunion
201900002194;138Â 302Â 468;A01;1.0;1;1.0;2.0;1992.0;9.0;1.0;8.0;;; -1;;;1.0;7.0;4.0;0.0;3.0;13.0;1.0;;27;3;2019;22:55;3.0;974;97409;1;1.0;2.0;7.0;RN2 DIRECTION ST BENT SORTIE PETIT BAZAR; -20,9443200;55,6493300;2;2;0.0;;3.0;4;0.0;1.0;29;0;1.0;;;2.0;0.0;1.0;90.0;La Réunion;04;La Réunion
201900002195;138Â 302Â 466;B01;3.0;2;2.0;1.0;2015.0;0.0;1.0;0.0;;; -1;;;1.0;7.0;0.0;2.0;1.0;1.0;1.0;;15;7;2019;17:15;1.0;69;69266;2;2.0;1.0;3.0;ALEXIS PERRONCEL     (Rue);45,7761000;4,8842700;4;ALEXIS PERRONCEL     (Rue);0.0;;2.0;2;0.0;1.0;0;0;1.0;;;1.0;5.0;1.0;50.0;Rhône;84;Auvergne-Rhône-Alpes
201900002195;138Â 302Â 466;B01;1.0;1;2.0;2.0;1983.0;0.0;1.0;0.0;;; -1;;;1.0;7.0;0.0;2.0;1.0;1.0;1.0;;15;7;2019;17:15;1.0;69;69266;2;2.0;1.0;3.0;ALEXIS PERRONCEL     (Rue);45,7761000;4,8842700;4;ALEXIS PERRONCEL     (Rue);0.0;;2.0;2;0.0;1.0;0;0;1.0;;;1.0;5.0;1.0;50.0;Rhône;84;Auvergne-Rhône-Alpes
201900002195;138Â 302Â 466;B01;2.0;2;2.0;1.0;1981.0;0.0;1.0;0.0;;; -1;;;1.0;7.0;0.0;2.0;1.0;1.0;1.0;;15;7;2019;17:15;1.0;69;69266;2;2.0;1.0;3.0;ALEXIS PERRONCEL     (Rue);45,7761000;4,8842700;4;ALEXIS PERRONCEL     (Rue);0.0;;2.0;2;0.0;1.0;0;0;1.0;;;1.0;5.0;1.0;50.0;Rhône;84;Auvergne-Rhône-Alpes
201900002195;138Â 302Â 466;B01;4.0;2;2.0;2.0;2018.0;0.0;1.0;0.0;;; -1;;;1.0;7.0;0.0;2.0;1.0;1.0;1.0;;15;7;2019;17:15;1.0;69;69266;2;2.0;1.0;3.0;ALEXIS PERRONCEL     (Rue);45,7761000;4,8842700;4;ALEXIS PERRONCEL     (Rue);0.0;;2.0;2;0.0;1.0;0;0;1.0;;;1.0;5.0;1.0;50.0;Rhône;84;Auvergne-Rhône-Alpes
201900002195;138Â 302Â 467;A01;1.0;1;1.0;1.0;1947.0;0.0;1.0;0.0;;; -1;;;2.0;7.0;0.0;2.0;3.0;9.0;1.0;;15;7;2019;17:15;1.0;69;69266;2;2.0;1.0;3.0;ALEXIS PERRONCEL     (Rue);45,7761000;4,8842700;4;ALEXIS PERRONCEL     (Rue);0.0;;2.0;2;0.0;1.0;0;0;1.0;;;1.0;5.0;1.0;50.0;Rhône;84;Auvergne-Rhône-Alpes
201900002196;138Â 302Â 464;B01;1.0;1;1.0;1.0;1970.0;1.0;1.0;;;0.0;0;;;2.0;7.0;0.0;2.0;2.0;17.0;1.0;;24;6;2019;17:45;1.0;14;14726;1;3.0;2.0;3.0;D512;48,8408890; -0,8078300;3;512;;;2.0;2;1.0;2.0;19;500;1.0;;;2.0;0.0;1.0;80.0;Calvados;28;Normandie
201900002196;138Â 302Â 465;A01;1.0;1;2.0;1.0;1979.0;5.0;1.0;;;0.0;0;;;2.0;7.0;0.0;0.0;8.0;15.0;1.0;;24;6;2019;17:45;1.0;14;14726;1;3.0;2.0;3.0;D512;48,8408890; -0,8078300;3;512;;;2.0;2;1.0;2.0;19;500;1.0;;;2.0;0.0;1.0;80.0;Calvados;28;Normandie
201900002197;138Â 302Â 462;A01;1.0;1;1.0;1.0;1976.0;4.0;1.0;;;0.0;0;;;1.0;15.0;0.0;2.0;2.0;15.0;1.0;;3;12;2019;07:30;2.0;03;03073;1;1.0;1.0;1.0;;46,4743769;3,3160822;3;2009;0.0;;2.0;2;0.0;1.0;10;809;1.0;;;1.0;0.0;1.0;80.0;Allier;84;Auvergne-Rhône-Alpes
201900002197;138Â 302Â 463;B01;1.0;1;2.0;1.0;1978.0;1.0;1.0;;;0.0;0;;;2.0;7.0;0.0;2.0;1.0;1.0;1.0;;3;12;2019;07:30;2.0;03;03073;1;1.0;1.0;1.0;;46,4743769;3,3160822;3;2009;0.0;;2.0;2;0.0;1.0;10;809;1.0;;;1.0;0.0;1.0;80.0;Allier;84;Auvergne-Rhône-Alpes
201900002198;138Â 302Â 459;C01;2.0;2;2.0;1.0;2012.0;9.0;2.0;0.0;;; -1;;;1.0;32.0;0.0;2.0;7.0;17.0;1.0;;14;10;2019;16:20;1.0;974;97416;1;1.0;1.0;4.0;RN2 (1); -21,3323200;55,4798300;2;2;0.0;;2.0;2;0.0;1.0;25;0;1.0;;;1.0;0.0;1.0;50.0;La Réunion;04;La Réunion
201900002198;138Â 302Â 459;C01;1.0;1;1.0;1.0;1975.0;9.0;2.0;0.0;;; -1;;;1.0;32.0;0.0;2.0;7.0;17.0;1.0;;14;10;2019;16:20;1.0;974;97416;1;1.0;1.0;4.0;RN2 (1); -21,3323200;55,4798300;2;2;0.0;;2.0;2;0.0;1.0;25;0;1.0;;;1.0;0.0;1.0;50.0;La Réunion;04;La Réunion
201900002198;138Â 302Â 460;B01;1.0;1;1.0;1.0;1967.0;9.0;1.0;0.0;;; -1;;;1.0;7.0;0.0;2.0;4.0;26.0;1.0;;14;10;2019;16:20;1.0;974;97416;1;1.0;1.0;4.0;RN2 (1); -21,3323200;55,4798300;2;2;0.0;;2.0;2;0.0;1.0;25;0;1.0;;;1.0;0.0;1.0;50.0;La Réunion;04;La Réunion
201900002198;138Â 302Â 461;A01;1.0;1;1.0;1.0;1993.0;9.0;1.0;0.0;;; -1;;;1.0;7.0;0.0;2.0;2.0;26.0;1.0;;14;10;2019;16:20;1.0;974;97416;1;1.0;1.0;4.0;RN2 (1); -21,3323200;55,4798300;2;2;0.0;;2.0;2;0.0;1.0;25;0;1.0;;;1.0;0.0;1.0;50.0;La Réunion;04;La Réunion
201900002199;138Â 302Â 458;B01;2.0;2;2.0;2.0;2001.0;0.0;1.0;0.0;;0.0;0;;;3.0;7.0;12.0;0.0;1.0;1.0;1.0;;15;5;2019;22:10;5.0;69;69029;1;1.0;1.0;1.0;DOYEN JEAN LEPINE (DU)              (R );45,7458800;4,9060500;4;DOYEN JEAN LEPINE (DU)              (R );0.0;;1.0;1;0.0;1.0;0;0;3.0;;;1.0;0.0;1.0;50.0;Rhône;84;Auvergne-Rhône-Alpes
201900002199;138Â 302Â 458;B01;1.0;1;1.0;1.0;2000.0;0.0;1.0;0.0;;; -1;;;3.0;7.0;12.0;0.0;1.0;1.0;1.0;;15;5;2019;22:10;5.0;69;69029;1;1.0;1.0;1.0;DOYEN JEAN LEPINE (DU)              (R );45,7458800;4,9060500;4;DOYEN JEAN LEPINE (DU)              (R );0.0;;1.0;1;0.0;1.0;0;0;3.0;;;1.0;0.0;1.0;50.0;Rhône;84;Auvergne-Rhône-Alpes
201900002200;138Â 302Â 455;B01;1.0;1;2.0;1.0;2002.0;5.0;6.0;9.0;;0.0;0;;;3.0;1.0;13.0;2.0;8.0;1.0;5.0;;5;8;2019;12:00;1.0;61;61215;1;1.0;1.0;3.0;Bon Amour;48,5187790;0,3707250;4;;;;2.0;2;0.0;2.0;(1);(1);1.0;;;1.0;0.0;1.0;80.0;Orne;28;Normandie
201900002201;138Â 302Â 453;B01;1.0;1;2.0;1.0;1968.0;9.0;2.0;6.0;;;0;;;1.0;32.0;0.0;0.0;0.0;0.0;1.0;;3;9;2019;17:12;1.0;11;11262;2;3.0;1.0;6.0;TOURNAL (AVENUE PAUL);43,1837200;3,0142400;4;TOURNAL (AVENUE PAUL);0.0;;2.0;2;0.0;1.0;0;0;1.0;;;1.0;9.0;1.0;50.0;Aude;76;Occitanie
201900002201;138Â 302Â 454;A01;2.0;1;1.0;1.0;1995.0;0.0;1.0;0.0;;;0;;;1.0;7.0;0.0;2.0;0.0;0.0;1.0;;3;9;2019;17:12;1.0;11;11262;2;3.0;1.0;6.0;TOURNAL (AVENUE PAUL);43,1837200;3,0142400;4;TOURNAL (AVENUE PAUL);0.0;;2.0;2;0.0;1.0;0;0;1.0;;;1.0;9.0;1.0;50.0;Aude;76;Occitanie
201900002202;138Â 302Â 452;A01;10.0;3;2.0;2.0;1963.0;5.0;8.0;0.0;;0.0;1;1.0;;1.0;37.0;0.0;1.0;2.0;1.0;1.0;1.0;20;7;2019;14:30;1.0;11;11069;2;1.0;1.0;6.0;LECLERC AV. DU GENERAL IMPAIRS A PARTIR;43,2096000;2,3669000;4;LECLERC AV. DU GENERAL IMPAIRS A PARTIR;0.0;;1.0;2;0.0;2.0;59;0;1.0;;;1.0;0.0;1.0;50.0;Aude;76;Occitanie
201900002202;138Â 302Â 452;A01;1.0;1;1.0;1.0;1964.0;4.0;8.0;0.0;;; -1;;;1.0;37.0;0.0;1.0;2.0;1.0;1.0;1.0;20;7;2019;14:30;1.0;11;11069;2;1.0;1.0;6.0;LECLERC AV. DU GENERAL IMPAIRS A PARTIR;43,2096000;2,3669000;4;LECLERC AV. DU GENERAL IMPAIRS A PARTIR;0.0;;1.0;2;0.0;2.0;59;0;1.0;;;1.0;0.0;1.0;50.0;Aude;76;Occitanie
201900002203;138Â 302Â 450;B01;7.0;2;2.0;2.0;1927.0;0.0;1.0;8.0;;0.0;0;;;1.0;10.0;0.0;2.0;7.0;1.0;1.0;;20;6;2019;12:00;1.0;51;51454;2;2.0;1.0;3.0;BOULEVARD POMMERY;49,2533066;4,0541039;2;51;0.0;;2.0;10;0.0;1.0;(1);(1);1.0;;;1.0;5.0;1.0;50.0;Marne;44;Grand Est
201900002203;138Â 302Â 450;B01;2.0;2;2.0;1.0;1991.0;4.0;1.0;8.0;;0.0;0;;;1.0;10.0;0.0;2.0;7.0;1.0;1.0;;20;6;2019;12:00;1.0;51;51454;2;2.0;1.0;3.0;BOULEVARD POMMERY;49,2533066;4,0541039;2;51;0.0;;2.0;10;0.0;1.0;(1);(1);1.0;;;1.0;5.0;1.0;50.0;Marne;44;Grand Est
201900002203;138Â 302Â 450;B01;1.0;1;1.0;1.0;1983.0;4.0;1.0;0.0;;0.0;0;;;1.0;10.0;0.0;2.0;7.0;1.0;1.0;;20;6;2019;12:00;1.0;51;51454;2;2.0;1.0;3.0;BOULEVARD POMMERY;49,2533066;4,0541039;2;51;0.0;;2.0;10;0.0;1.0;(1);(1);1.0;;;1.0;5.0;1.0;50.0;Marne;44;Grand Est
201900002203;138Â 302Â 451;A01;1.0;1;1.0;2.0;1990.0;1.0;1.0;8.0;;0.0;0;;;1.0;7.0;0.0;2.0;1.0;1.0;1.0;;20;6;2019;12:00;1.0;51;51454;2;2.0;1.0;3.0;BOULEVARD POMMERY;49,2533066;4,0541039;2;51;0.0;;2.0;10;0.0;1.0;(1);(1);1.0;;;1.0;5.0;1.0;50.0;Marne;44;Grand Est
201900002204;138Â 302Â 449;A01;10.0;3;2.0;2.0;1991.0;0.0;0.0;;;2.0;9;1.0;;2.0;7.0;0.0;1.0;8.0;20.0;1.0;;30;12;2019;16:35;1.0;75;75107;2;7.0;1.0;6.0;PLACE JACQUES RUEFF;48,8564510;2,2982350;4;PLACE JACQUES RUEFF;0.0;;3.0;2;0.0;1.0;1;0;1.0;;;1.0;0.0;1.0;30.0;Paris;11;Île-de-France
201900002205;138Â 302Â 448;A01;10.0;3;4.0;1.0;1967.0;5.0;9.0;;;9.0;3;1.0;;3.0;39.0;0.0;1.0;2.0;1.0;3.0;;23;1;2019;09:05;1.0;73;73213;1;1.0;4.0;6.0;Route d'Apremont;45,5536150;5,9542250;9;;;;;2;2.0;1.0;(1);(1);4.0;;;5.0;4.0;6.0;;Savoie;84;Auvergne-Rhône-Alpes
201900002206;138Â 302Â 446;A01;1.0;1;1.0;1.0;1962.0;4.0;1.0;;;0.0;0;;;1.0;7.0;0.0;2.0;6.0;23.0;1.0;;10;4;2019;09:30;1.0;14;14726;1;3.0;2.0;3.0;LES GRIPPES (Burcy);48,8806430; -0,8043210;3;55;;;2.0;2;0.0;1.0;8;465;1.0;;;2.0;0.0;1.0;80.0;Calvados;28;Normandie
201900002206;138Â 302Â 447;B01;1.0;1;3.0;2.0;1987.0;1.0;1.0;;;0.0;0;;;1.0;7.0;0.0;2.0;8.0;14.0;1.0;;10;4;2019;09:30;1.0;14;14726;1;3.0;2.0;3.0;LES GRIPPES (Burcy);48,8806430; -0,8043210;3;55;;;2.0;2;0.0;1.0;8;465;1.0;;;2.0;0.0;1.0;80.0;Calvados;28;Normandie
201900002206;138Â 302Â 447;B01;2.0;2;1.0;1.0;1999.0;0.0;1.0;;;0.0;0;;;1.0;7.0;0.0;2.0;8.0;14.0;1.0;;10;4;2019;09:30;1.0;14;14726;1;3.0;2.0;3.0;LES GRIPPES (Burcy);48,8806430; -0,8043210;3;55;;;2.0;2;0.0;1.0;8;465;1.0;;;2.0;0.0;1.0;80.0;Calvados;28;Normandie
201900002207;138Â 302Â 445;A01;1.0;1;2.0;1.0;1970.0;1.0;1.0;0.0;;;0;;;2.0;10.0;3.0;0.0;1.0;14.0;1.0;;9;10;2019;09:00;1.0;29;29151;1;1.0;2.0;7.0;RN12;48,5878286; -3,8083978;2;12;0.0;;;2;0.0;1.0;16;700;1.0;;;1.0;0.0;1.0;110.0;Finistère;53;Bretagne
201900002208;138Â 302Â 444;A01;1.0;1;3.0;1.0;1968.0;5.0;2.0;6.0;;0.0;0;;;2.0;31.0;13.0;0.0;1.0;0.0;1.0;;7;9;2019;01:30;3.0;69;69228;1;1.0;1.0;6.0;D342;45,5770800;4,6514970;3;342;0.0;;2.0;2;0.0;1.0;(1);(1);1.0;;;1.0;0.0;3.0;90.0;Rhône;84;Auvergne-Rhône-Alpes
201900002209;138Â 302Â 440;C01;8.0;2;2.0;1.0;2017.0;5.0;3.0;;;0.0;0;;;1.0;7.0;0.0;2.0;3.0;26.0;1.0;;6;5;2019;15:00;1.0;13;13059;1;4.0;1.0;4.0;D556;43,6310880;5,4880130;3;556;;;2.0;2;0.0;2.0;4;230;2.0;;;1.0;0.0;1.0;70.0;Bouches-du-Rhône;93;Provence-Alpes-Côte d'Azur