Num_Acc;id_vehicule;num_veh;place;catu;grav;sexe;an_nais;trajet;secu1;secu2;secu3;locp;actp;etatp;id_usager;senc;catv;obs;obsm;choc;manv;motor;occutc;jour;mois;an;hrmn;lum;dep;com;agg;int;atm;col;adr;lat;long;catr;voie;v1;v2;circ;nbv;vosp;prof;pr;pr1;plan;lartpc;larrout;surf;infra;situ;vma;nom_departement;reg;nom_region
201900002209;138Â 302Â 440;C01;2.0;2;2.0;1.0;1993.0;5.0;1.0;;;0.0;0;;;1.0;7.0;0.0;2.0;3.0;26.0;1.0;;6;5;2019;15:00;1.0;13;13059;1;4.0;1.0;4.0;D556;43,6310880;5,4880130;3;556;;;2.0;2;0.0;2.0;4;230;2.0;;;1.0;0.0;1.0;70.0;Bouches-du-Rhône;93;Provence-Alpes-Côte d'Azur
201900002209;138Â 302Â 440;C01;1.0;1;2.0;2.0;1998.0;5.0;1.0;;;0.0;0;;;1.0;7.0;0.0;2.0;3.0;26.0;1.0;;6;5;2019;15:00;1.0;13;13059;1;4.0;1.0;4.0;D556;43,6310880;5,4880130;3;556;;;2.0;2;0.0;2.0;4;230;2.0;;;1.0;0.0;1.0;70.0;Bouches-du-Rhône;93;Provence-Alpes-Côte d'Azur
201900002209;138Â 302Â 441;B01;1.0;1;1.0;1.0;1978.0;0.0;1.0;;;0.0;0;;;1.0;10.0;0.0;2.0;3.0;15.0;1.0;;6;5;2019;15:00;1.0;13;13059;1;4.0;1.0;4.0;D556;43,6310880;5,4880130;3;556;;;2.0;2;0.0;2.0;4;230;2.0;;;1.0;0.0;1.0;70.0;Bouches-du-Rhône;93;Provence-Alpes-Côte d'Azur
201900002209;138Â 302Â 442;A01;1.0;1;2.0;2.0;1959.0;9.0;1.0;;;0.0;0;;;2.0;7.0;13.0;2.0;3.0;13.0;1.0;;6;5;2019;15:00;1.0;13;13059;1;4.0;1.0;4.0;D556;43,6310880;5,4880130;3;556;;;2.0;2;0.0;2.0;4;230;2.0;;;1.0;0.0;1.0;70.0;Bouches-du-Rhône;93;Provence-Alpes-Côte d'Azur
201900002210;138Â 302Â 439;A01;1.0;1;4.0;1.0;1961.0;;;;;; -1;;;0.0;2.0;14.0;0.0;1.0;17.0;1.0;;22;12;2019;21:10;5.0;69;69383;2;1.0;8.0;6.0;FERNAND BUISSON (R);45,7527500;4,8978400;4;FERDINAND BUISSON (R);;;1.0;;;1.0;(1);(1);1.0;;;;0.0;1.0;;Rhône;84;Auvergne-Rhône-Alpes
201900002211;138Â 302Â 434;Z01;1.0;1;1.0;1.0;2000.0;0.0;8.0;0.0;;; -1;;;2.0;15.0;0.0;2.0;2.0;12.0;0.0;;10;12;2019;08:00;2.0;69;69152;1;1.0;1.0;5.0;A7  005.756  A  007.000;45,6980200;4,8367600;1;7;0.0;;3.0;6;0.0;1.0;6;475;1.0;;;1.0;2.0;1.0;90.0;Rhône;84;Auvergne-Rhône-Alpes
201900002211;138Â 302Â 435;C01;1.0;1;1.0;1.0;1984.0;4.0;1.0;0.0;;; -1;;;2.0;15.0;0.0;2.0;1.0;1.0;1.0;;10;12;2019;08:00;2.0;69;69152;1;1.0;1.0;5.0;A7  005.756  A  007.000;45,6980200;4,8367600;1;7;0.0;;3.0;6;0.0;1.0;6;475;1.0;;;1.0;2.0;1.0;90.0;Rhône;84;Auvergne-Rhône-Alpes
201900002211;138Â 302Â 436;B01;1.0;1;2.0;1.0;1977.0;5.0;1.0;0.0;;;0;;;2.0;7.0;4.0;2.0;3.0;2.0;1.0;;10;12;2019;08:00;2.0;69;69152;1;1.0;1.0;5.0;A7  005.756  A  007.000;45,6980200;4,8367600;1;7;0.0;;3.0;6;0.0;1.0;6;475;1.0;;;1.0;2.0;1.0;90.0;Rhône;84;Auvergne-Rhône-Alpes
201900002212;138Â 302Â 432;A01;1.0;1;2.0;1.0;1951.0;0.0;2.0;6.0;;; -1;;;2.0;31.0;0.0;2.0;8.0;9.0;1.0;;15;10;2019;08:35;1.0;59;59566;1;1.0;1.0;3.0;AUTOROUTE A25;50,6210106;2,9718430;1;25;0.0;;3.0;4;0.0;1.0;8;800;1.0;;;2.0;0.0;1.0;110.0;Nord;32;Hauts-de-France
201900002212;138Â 302Â 433;B01;1.0;1;1.0;1.0;1996.0;4.0;1.0;0.0;;; -1;;;2.0;15.0;0.0;2.0;7.0;2.0;1.0;;15;10;2019;08:35;1.0;59;59566;1;1.0;1.0;3.0;AUTOROUTE A25;50,6210106;2,9718430;1;25;0.0;;3.0;4;0.0;1.0;8;800;1.0;;;2.0;0.0;1.0;110.0;Nord;32;Hauts-de-France
201900002213;138Â 302Â 430;D01;1.0;2;2.0;2.0;1956.0;0.0;1.0;;;0.0;0;;;1.0;7.0;0.0;2.0;8.0;16.0;;;17;1;2019;18:30;5.0;41;41018;2;3.0;1.0;3.0;FRANCE (AVENUE DE)  1;47,5934278;1,3138490;4;Avenue de France;0.0;;2.0;;;1.0;(1);(1);1.0;;;1.0;0.0;1.0;;Loir-et-Cher;24;Centre-Val de Loire
201900002213;138Â 302Â 430;D01;1.0;1;2.0;2.0;1984.0;0.0;1.0;;;0.0;0;;;1.0;7.0;0.0;2.0;8.0;16.0;;;17;1;2019;18:30;5.0;41;41018;2;3.0;1.0;3.0;FRANCE (AVENUE DE)  1;47,5934278;1,3138490;4;Avenue de France;0.0;;2.0;;;1.0;(1);(1);1.0;;;1.0;0.0;1.0;;Loir-et-Cher;24;Centre-Val de Loire
201900002213;138Â 302Â 430;D01;3.0;2;1.0;2.0;1980.0;;1.0;;;0.0;0;;;1.0;7.0;0.0;2.0;8.0;16.0;;;17;1;2019;18:30;5.0;41;41018;2;3.0;1.0;3.0;FRANCE (AVENUE DE)  1;47,5934278;1,3138490;4;Avenue de France;0.0;;2.0;;;1.0;(1);(1);1.0;;;1.0;0.0;1.0;;Loir-et-Cher;24;Centre-Val de Loire
201900002213;138Â 302Â 431;C01;1.0;1;1.0;1.0;1981.0;0.0;0.0;;;0.0;0;;;1.0;7.0;0.0;2.0;7.0;1.0;;;17;1;2019;18:30;5.0;41;41018;2;3.0;1.0;3.0;FRANCE (AVENUE DE)  1;47,5934278;1,3138490;4;Avenue de France;0.0;;2.0;;;1.0;(1);(1);1.0;;;1.0;0.0;1.0;;Loir-et-Cher;24;Centre-Val de Loire
201900002214;138Â 302Â 429;A01;1.0;1;3.0;1.0;1979.0;1.0;2.0;6.0;;0.0; -1;;;0.0;30.0;2.0;0.0;2.0;14.0;1.0;;30;7;2019;01:00;3.0;11;11069;1;1.0;1.0;6.0;RD 118;43,2279630;2,3731940;3;118;;;2.0;2;;1.0;1;(1);1.0;;;1.0;0.0;1.0;80.0;Aude;76;Occitanie
201900002215;138Â 302Â 428;A01;10.0;3;3.0;2.0;1935.0;9.0;;;;1.0;A;1.0;;2.0;7.0;0.0;1.0;2.0;1.0;;;27;10;2019;19:10;5.0;33;33080;1;3.0;1.0;6.0;RD1113 Avenue de Toulouse;44,7418000; -0,5407200;3;1113;;;2.0;2;;1.0;61;990;1.0;;;1.0;0.0;1.0;;Gironde;75;Nouvelle-Aquitaine
201900002215;138Â 302Â 428;A01;1.0;1;1.0;1.0;1939.0;5.0;;;;0.0;0;;;2.0;7.0;0.0;1.0;2.0;1.0;;;27;10;2019;19:10;5.0;33;33080;1;3.0;1.0;6.0;RD1113 Avenue de Toulouse;44,7418000; -0,5407200;3;1113;;;2.0;2;;1.0;61;990;1.0;;;1.0;0.0;1.0;;Gironde;75;Nouvelle-Aquitaine
201900002216;138Â 302Â 426;A01;4.0;2;3.0;2.0;1975.0;5.0;;;;0.0;0;;;2.0;7.0;15.0;2.0;2.0;1.0;1.0;;16;2;2019;19:00;3.0;85;85236;1;2.0;1.0;3.0;La BretonniÃ¨re;46,6423000; -1,7343700;3;12;;;2.0;;;1.0;11;800;1.0;;;1.0;0.0;1.0;;Vendée;52;Pays de la Loire
201900002216;138Â 302Â 426;A01;3.0;2;2.0;1.0;1974.0;5.0;;;;0.0;0;;;2.0;7.0;15.0;2.0;2.0;1.0;1.0;;16;2;2019;19:00;3.0;85;85236;1;2.0;1.0;3.0;La BretonniÃ¨re;46,6423000; -1,7343700;3;12;;;2.0;;;1.0;11;800;1.0;;;1.0;0.0;1.0;;Vendée;52;Pays de la Loire
201900002216;138Â 302Â 426;A01;2.0;2;2.0;1.0;1971.0;5.0;;;;0.0;0;;;2.0;7.0;15.0;2.0;2.0;1.0;1.0;;16;2;2019;19:00;3.0;85;85236;1;2.0;1.0;3.0;La BretonniÃ¨re;46,6423000; -1,7343700;3;12;;;2.0;;;1.0;11;800;1.0;;;1.0;0.0;1.0;;Vendée;52;Pays de la Loire
201900002216;138Â 302Â 426;A01;1.0;1;2.0;1.0;1968.0;5.0;;;;0.0;0;;;2.0;7.0;15.0;2.0;2.0;1.0;1.0;;16;2;2019;19:00;3.0;85;85236;1;2.0;1.0;3.0;La BretonniÃ¨re;46,6423000; -1,7343700;3;12;;;2.0;;;1.0;11;800;1.0;;;1.0;0.0;1.0;;Vendée;52;Pays de la Loire
201900002216;138Â 302Â 427;B01;1.0;1;2.0;1.0;1992.0;5.0;;;;0.0;0;;;3.0;10.0;0.0;2.0;3.0;9.0;1.0;;16;2;2019;19:00;3.0;85;85236;1;2.0;1.0;3.0;La BretonniÃ¨re;46,6423000; -1,7343700;3;12;;;2.0;;;1.0;11;800;1.0;;;1.0;0.0;1.0;;Vendée;52;Pays de la Loire
201900002217;138Â 302Â 424;A01;1.0;1;1.0;1.0;1989.0;3.0;1.0;8.0;;;0;;;3.0;7.0;0.0;2.0;3.0;5.0;0.0;;11;4;2019;13:00;1.0;92;92078;2;9.0;1.0;6.0;ROGER MARTIN DU GARD (SQUARE);48,9365000;2,3269700;3;9;0.0;;1.0;10;0.0;1.0;0;0;1.0;;;1.0;0.0;;10.0;Hauts-de-Seine;11;Île-de-France
201900002217;138Â 302Â 425;B01;1.0;1;2.0;1.0;1989.0;3.0;2.0;8.0;;;0;;;0.0;30.0;0.0;2.0;7.0;16.0;0.0;;11;4;2019;13:00;1.0;92;92078;2;9.0;1.0;6.0;ROGER MARTIN DU GARD (SQUARE);48,9365000;2,3269700;3;9;0.0;;1.0;10;0.0;1.0;0;0;1.0;;;1.0;0.0;;10.0;Hauts-de-Seine;11;Île-de-France
201900002218;138Â 302Â 422;B01;1.0;1;2.0;1.0;1994.0;0.0;2.0;6.0;;;0;;;2.0;32.0;0.0;2.0;7.0;17.0;1.0;;31;10;2019;21:50;5.0;92;92024;2;1.0;1.0;3.0;ASNIERES (ROUTE D');48,9026731;2,2904248;3;909;0.0;;2.0;2;0.0;1.0;0;0;1.0;;;1.0;0.0;1.0;50.0;Hauts-de-Seine;11;Île-de-France
201900002218;138Â 302Â 423;A01;1.0;1;1.0;1.0;1980.0;0.0;1.0;8.0;;; -1;;;1.0;7.0;1.0;0.0;8.0;13.0;1.0;;31;10;2019;21:50;5.0;92;92024;2;1.0;1.0;3.0;ASNIERES (ROUTE D');48,9026731;2,2904248;3;909;0.0;;2.0;2;0.0;1.0;0;0;1.0;;;1.0;0.0;1.0;50.0;Hauts-de-Seine;11;Île-de-France
201900002219;138Â 302Â 421;A01;1.0;1;2.0;2.0;1981.0;5.0;1.0;8.0;;;0;;;1.0;7.0;0.0;2.0;1.0;2.0;1.0;;18;10;2019;11:15;1.0;92;92024;2;6.0;1.0;2.0;GENNEVILLIERS (PONT DE);48,9106385;2,3126413;3;17;0.0;;2.0;3;0.0;1.0;0;0;1.0;;;1.0;0.0;1.0;50.0;Hauts-de-Seine;11;Île-de-France
201900002220;138Â 302Â 419;A01;10.0;3;2.0;2.0;1980.0;5.0;8.0;8.0;;3.0;3;2.0;;1.0;42.0;0.0;1.0;1.0;2.0;1.0;;13;3;2019;12:20;1.0;92;92044;2;3.0;2.0;6.0;DANTON(RUE)125+ ET 134BIS+;48,8959160;2,2784722;4;DANTON(RUE)125+ ET 134BIS+;0.0;;1.0;1;0.0;1.0;0;0;1.0;;;2.0;0.0;1.0;50.0;Hauts-de-Seine;11;Île-de-France
201900002220;138Â 302Â 419;A01;1.0;1;2.0;1.0;1977.0;5.0;2.0;6.0;;0.0;0;;;1.0;42.0;0.0;1.0;1.0;2.0;1.0;;13;3;2019;12:20;1.0;92;92044;2;3.0;2.0;6.0;DANTON(RUE)125+ ET 134BIS+;48,8959160;2,2784722;4;DANTON(RUE)125+ ET 134BIS+;0.0;;1.0;1;0.0;1.0;0;0;1.0;;;2.0;0.0;1.0;50.0;Hauts-de-Seine;11;Île-de-France
201900002221;138Â 302Â 416;C01;1.0;1;2.0;1.0;1949.0;5.0;1.0;;;0.0;0;;;2.0;10.0;0.0;2.0;3.0;1.0;1.0;;22;11;2019;11:00;1.0;971;97125;1;1.0;1.0;5.0;La Pointe des ChÃ¢teaux;16,2535510; -61,2209060;3;118;0.0;R;2.0;2;0.0;1.0;8;250;1.0;;;1.0;0.0;1.0;80.0;Guadeloupe;01;Guadeloupe
201900002221;138Â 302Â 417;B01;1.0;1;1.0;1.0;1973.0;5.0;1.0;;;0.0;0;;;2.0;7.0;0.0;2.0;8.0;21.0;1.0;;22;11;2019;11:00;1.0;971;97125;1;1.0;1.0;5.0;La Pointe des ChÃ¢teaux;16,2535510; -61,2209060;3;118;0.0;R;2.0;2;0.0;1.0;8;250;1.0;;;1.0;0.0;1.0;80.0;Guadeloupe;01;Guadeloupe
201900002221;138Â 302Â 418;A01;1.0;1;1.0;2.0;1953.0;5.0;1.0;;;0.0;0;;;1.0;10.0;0.0;2.0;1.0;1.0;1.0;;22;11;2019;11:00;1.0;971;97125;1;1.0;1.0;5.0;La Pointe des ChÃ¢teaux;16,2535510; -61,2209060;3;118;0.0;R;2.0;2;0.0;1.0;8;250;1.0;;;1.0;0.0;1.0;80.0;Guadeloupe;01;Guadeloupe
201900002222;138Â 302Â 415;A01;3.0;2;3.0;1.0;1984.0;0.0;8.0;;;0.0;0;;;1.0;7.0;7.0;0.0;0.0;0.0;1.0;;31;3;2019;23:55;3.0;90;90068;1;1.0;1.0;7.0;RD23;47,6010120;6,8895220;3;23;;;2.0;2;0.0;2.0;11;900;1.0;;;1.0;0.0;3.0;80.0;Territoire de Belfort;27;Bourgogne-Franche-Comté
201900002222;138Â 302Â 415;A01;2.0;2;3.0;1.0;1996.0;0.0;8.0;;;0.0;0;;;1.0;7.0;7.0;0.0;0.0;0.0;1.0;;31;3;2019;23:55;3.0;90;90068;1;1.0;1.0;7.0;RD23;47,6010120;6,8895220;3;23;;;2.0;2;0.0;2.0;11;900;1.0;;;1.0;0.0;3.0;80.0;Territoire de Belfort;27;Bourgogne-Franche-Comté
201900002223;138Â 302Â 413;B01;2.0;2;2.0;2.0;2009.0;5.0;;;;0.0;0;;;3.0;7.0;0.0;2.0;3.0;1.0;;;4;9;2019;15:15;1.0;85;85047;1;1.0;1.0;1.0;route de Commequiers;46,8042300; -1,8384930;4;;;;2.0;;;1.0;(1);(1);1.0;;;1.0;0.0;1.0;;Vendée;52;Pays de la Loire
201900002223;138Â 302Â 413;B01;2.0;1;2.0;2.0;1980.0;5.0;;;;0.0;0;;;3.0;7.0;0.0;2.0;3.0;1.0;;;4;9;2019;15:15;1.0;85;85047;1;1.0;1.0;1.0;route de Commequiers;46,8042300; -1,8384930;4;;;;2.0;;;1.0;(1);(1);1.0;;;1.0;0.0;1.0;;Vendée;52;Pays de la Loire
201900002223;138Â 302Â 414;A01;1.0;1;1.0;1.0;2001.0;5.0;;;;0.0;0;;;3.0;7.0;0.0;2.0;1.0;13.0;;;4;9;2019;15:15;1.0;85;85047;1;1.0;1.0;1.0;route de Commequiers;46,8042300; -1,8384930;4;;;;2.0;;;1.0;(1);(1);1.0;;;1.0;0.0;1.0;;Vendée;52;Pays de la Loire
201900002224;138Â 302Â 412;A01;10.0;3;2.0;2.0;1980.0;5.0;;;;3.0;3;3.0;;3.0;2.0;0.0;1.0;1.0;17.0;;;12;8;2019;17:15;1.0;85;85234;2;1.0;1.0;6.0;Bd MarÃ©chal de Latrre de Tassigny;46,7904070; -2,0632210;4;Bd du MarÃ©chal de Lattre de Tassigny;;;3.0;;;1.0;(1);(1);1.0;;;1.0;0.0;1.0;;Vendée;52;Pays de la Loire
201900002224;138Â 302Â 412;A01;1.0;1;1.0;2.0;2001.0;1.0;;;;0.0;0;;;3.0;2.0;0.0;1.0;1.0;17.0;;;12;8;2019;17:15;1.0;85;85234;2;1.0;1.0;6.0;Bd MarÃ©chal de Latrre de Tassigny;46,7904070; -2,0632210;4;Bd du MarÃ©chal de Lattre de Tassigny;;;3.0;;;1.0;(1);(1);1.0;;;1.0;0.0;1.0;;Vendée;52;Pays de la Loire
201900002225;138Â 302Â 410;A01;1.0;1;1.0;1.0;1942.0;5.0;;;;0.0;0;;;1.0;7.0;0.0;2.0;3.0;13.0;;;21;6;2019;13:45;1.0;85;85047;2;2.0;1.0;1.0;RUE CALMETTE;46,8463060; -1,8747030;4;RUE BIOCHAUD;;;2.0;2;;1.0;(1);(1);3.0;;;1.0;0.0;1.0;;Vendée;52;Pays de la Loire
201900002225;138Â 302Â 411;B01;2.0;2;2.0;1.0;1957.0;4.0;;;;; -1;;;3.0;7.0;0.0;2.0;1.0;23.0;;;21;6;2019;13:45;1.0;85;85047;2;2.0;1.0;1.0;RUE CALMETTE;46,8463060; -1,8747030;4;RUE BIOCHAUD;;;2.0;2;;1.0;(1);(1);3.0;;;1.0;0.0;1.0;;Vendée;52;Pays de la Loire
201900002225;138Â 302Â 411;B01;1.0;1;1.0;2.0;2001.0;;;;;0.0;0;;;3.0;7.0;0.0;2.0;1.0;23.0;;;21;6;2019;13:45;1.0;85;85047;2;2.0;1.0;1.0;RUE CALMETTE;46,8463060; -1,8747030;4;RUE BIOCHAUD;;;2.0;2;;1.0;(1);(1);3.0;;;1.0;0.0;1.0;;Vendée;52;Pays de la Loire
201900002226;138Â 302Â 408;A01;1.0;1;1.0;2.0;1984.0;5.0;1.0;0.0;;; -1;;;2.0;7.0;0.0;2.0;4.0;15.0;1.0;;14;5;2019;16:42;1.0;14;14437;1;1.0;7.0;2.0;MONTALIVET (COURS);49,1820900; -0,3220000;4;MONTALIVET (COURS);0.0;;2.0;4;0.0;2.0;1;0;1.0;;;1.0;0.0;1.0;50.0;Calvados;28;Normandie
201900002226;138Â 302Â 409;B01;1.0;1;2.0;1.0;1950.0;0.0;1.0;0.0;;; -1;;;2.0;7.0;0.0;0.0;0.0;0.0;0.0;;14;5;2019;16:42;1.0;14;14437;1;1.0;7.0;2.0;MONTALIVET (COURS);49,1820900; -0,3220000;4;MONTALIVET (COURS);0.0;;2.0;4;0.0;2.0;1;0;1.0;;;1.0;0.0;1.0;50.0;Calvados;28;Normandie
201900002227;138Â 302Â 407;Z01;10.0;3;3.0;1.0;1999.0;0.0;0.0;;;9.0;3;1.0;;1.0;7.0;0.0;1.0;1.0;1.0;0.0;;11;12;2019;05:50;5.0;75;75119;2;7.0;3.0;6.0;PLACE AUGUSTE BARON;48,9002102;2,3872519;4;PLACE AUGUSTE BARON;0.0;;1.0;2;0.0;1.0;0;0;3.0;;;2.0;5.0;1.0;30.0;Paris;11;Île-de-France
201900002228;138Â 302Â 406;A01;10.0;3;2.0;1.0;1963.0;5.0;0.0;;;4.0;3;2.0;;1.0;7.0;0.0;1.0;1.0;1.0;0.0;;24;12;2019;08:40;1.0;85;85191;2;1.0;8.0;6.0;33 BOULEVARD ARISTIDE BRIAND ;46,6720900; -1,4329600;3;760;0.0;;2.0;2;0.0;1.0;3;522;1.0;;;1.0;6.0;1.0;50.0;Vendée;52;Pays de la Loire
201900002228;138Â 302Â 406;A01;1.0;1;1.0;1.0;1997.0;0.0;1.0;0.0;;; -1;;;1.0;7.0;0.0;1.0;1.0;1.0;0.0;;24;12;2019;08:40;1.0;85;85191;2;1.0;8.0;6.0;33 BOULEVARD ARISTIDE BRIAND ;46,6720900; -1,4329600;3;760;0.0;;2.0;2;0.0;1.0;3;522;1.0;;;1.0;6.0;1.0;50.0;Vendée;52;Pays de la Loire
201900002228;138Â 302Â 406;A01;10.0;3;3.0;2.0;1975.0;5.0;8.0;8.0;;4.0;3;2.0;;1.0;7.0;0.0;1.0;1.0;1.0;0.0;;24;12;2019;08:40;1.0;85;85191;2;1.0;8.0;6.0;33 BOULEVARD ARISTIDE BRIAND ;46,6720900; -1,4329600;3;760;0.0;;2.0;2;0.0;1.0;3;522;1.0;;;1.0;6.0;1.0;50.0;Vendée;52;Pays de la Loire
201900002229;138Â 302Â 405;A01;1.0;1;3.0;1.0;1957.0;0.0;2.0;6.0;;0.0;0;;;2.0;32.0;0.0;0.0;7.0;1.0;1.0;;7;11;2019;15:10;1.0;75;75118;2;1.0;1.0;7.0;BD PERIPHERIQUE EXTERIEUR;48,9010760;2,3452730;4;BD PERIPHERIQUE EXTERIEUR;0.0;;1.0;4;0.0;1.0;22;0;1.0;;;1.0;0.0;1.0;70.0;Paris;11;Île-de-France
201900002230;138Â 302Â 404;A01;10.0;3;2.0;1.0;2006.0;2.0;8.0;0.0;;1.0;3;1.0;;3.0;30.0;0.0;1.0;7.0;16.0;1.0;;11;10;2019;17:50;1.0;45;45004;2;1.0;1.0;6.0;RUE PIERRE SEMARD;47,9895430;2,7484680;4;RUE PIERRE SEMARD;0.0;;2.0;2;0.0;1.0;(1);(1);1.0;;;1.0;0.0;1.0;50.0;Loiret;24;Centre-Val de Loire
201900002231;138Â 302Â 403;A01;10.0;3;2.0;1.0;2002.0;2.0;8.0;0.0;;3.0;3;1.0;;3.0;7.0;0.0;1.0;1.0;1.0;0.0;;25;4;2019;09:30;1.0;14;14327;2;1.0;1.0;7.0;Quartier de la Grande Delle;49,2049100; -0,3349600;4;Quartier de la Grande Delle;0.0;;2.0;0;0.0;1.0;1;0;1.0;;;1.0;0.0;1.0;50.0;Calvados;28;Normandie
201900002232;138Â 302Â 402;A01;1.0;1;2.0;1.0;1963.0;1.0;2.0;6.0;;0.0;0;;;3.0;33.0;0.0;1.0;1.0;1.0;3.0;;9;12;2019;06:05;5.0;75;75120;2;1.0;3.0;6.0;ECHANGEUR LILAS;48,8772360;2,4086320;4;ECHANGEUR LILAS;0.0;;1.0;2;0.0;1.0;0;0;1.0;;;2.0;0.0;1.0;50.0;Paris;11;Île-de-France
201900002232;138Â 302Â 402;A01;10.0;3;3.0;1.0;1977.0;0.0;0.0;;;2.0;3;1.0;;3.0;33.0;0.0;1.0;1.0;1.0;3.0;;9;12;2019;06:05;5.0;75;75120;2;1.0;3.0;6.0;ECHANGEUR LILAS;48,8772360;2,4086320;4;ECHANGEUR LILAS;0.0;;1.0;2;0.0;1.0;0;0;1.0;;;2.0;0.0;1.0;50.0;Paris;11;Île-de-France
201900002233;138Â 302Â 400;B01;1.0;1;2.0;2.0;1965.0;0.0;1.0;;;0.0;0;;;1.0;7.0;0.0;2.0;3.0;1.0;1.0;;6;3;2019;17:15;1.0;33;33328;1;1.0;9.0;3.0;Rte de St Jacques de Compostelle;44,9389600; -0,2082100;3;245;;;2.0;2;0.0;1.0;4;810;1.0;;;1.0;0.0;1.0;;Gironde;75;Nouvelle-Aquitaine
201900002233;138Â 302Â 401;A01;1.0;1;1.0;1.0;1986.0;0.0;8.0;;;0.0;0;;;2.0;7.0;0.0;2.0;3.0;13.0;1.0;;6;3;2019;17:15;1.0;33;33328;1;1.0;9.0;3.0;Rte de St Jacques de Compostelle;44,9389600; -0,2082100;3;245;;;2.0;2;0.0;1.0;4;810;1.0;;;1.0;0.0;1.0;;Gironde;75;Nouvelle-Aquitaine
201900002234;138Â 302Â 398;B01;1.0;1;1.0;1.0;1967.0;4.0;1.0;;;0.0;0;;;2.0;7.0;0.0;2.0;1.0;1.0;1.0;;24;5;2019;10:50;1.0;43;43224;1;4.0;1.0;1.0;RD43;45,2332850;4,2175370;3;43;;;2.0;2;0.0;1.0;7;500;1.0;;;1.0;0.0;1.0;80.0;Haute-Loire;84;Auvergne-Rhône-Alpes
201900002234;138Â 302Â 399;A01;1.0;1;4.0;1.0;1927.0;5.0;1.0;;;0.0;0;;;1.0;7.0;0.0;2.0;2.0;15.0;1.0;;24;5;2019;10:50;1.0;43;43224;1;4.0;1.0;1.0;RD43;45,2332850;4,2175370;3;43;;;2.0;2;0.0;1.0;7;500;1.0;;;1.0;0.0;1.0;80.0;Haute-Loire;84;Auvergne-Rhône-Alpes
201900002235;138Â 302Â 396;B01;1.0;1;3.0;1.0;2005.0;5.0;2.0;6.0;;0.0;0;;;2.0;2.0;0.0;2.0;7.0;1.0;1.0;;15;11;2019;16:45;1.0;29;29039;2;6.0;1.0;3.0;maison blanche (rond point);47,8884300; -3,9187300;4;maison blanche (rond point);0.0;;1.0;1;0.0;1.0;0;0;2.0;;;1.0;9.0;1.0;50.0;Finistère;53;Bretagne
201900002235;138Â 302Â 397;A01;1.0;1;1.0;1.0;1937.0;5.0;1.0;5.0;;0.0;0;;;1.0;7.0;0.0;2.0;3.0;9.0;1.0;;15;11;2019;16:45;1.0;29;29039;2;6.0;1.0;3.0;maison blanche (rond point);47,8884300; -3,9187300;4;maison blanche (rond point);0.0;;1.0;1;0.0;1.0;0;0;2.0;;;1.0;9.0;1.0;50.0;Finistère;53;Bretagne
201900002236;138Â 302Â 395;A01;1.0;1;2.0;1.0;1998.0;5.0;2.0;6.0;;0.0;0;;;2.0;33.0;12.0;0.0;1.0;1.0;1.0;;7;12;2019;14:45;1.0;29;29019;1;6.0;1.0;7.0;ROND POINT DE KERESSEIS;48,3951000; -4,5383000;3;205;0.0;;2.0;2;0.0;2.0;11;330;2.0;;;1.0;0.0;1.0;50.0;Finistère;53;Bretagne
201900002237;138Â 302Â 394;A01;1.0;1;3.0;2.0;1972.0;5.0;1.0;0.0;;; -1;;;1.0;7.0;9.0;0.0;1.0;2.0;1.0;;6;4;2019;19:30;2.0;14;14383;2;1.0;1.0;6.0;PISTE CYCLABE  (RTE DU MESNIL);49,1620000; -0,4050000;4;PISTE CYCLABE  (RTE DU MESNIL);0.0;;2.0;2;1.0;1.0;1;0;1.0;;;1.0;0.0;5.0;50.0;Calvados;28;Normandie
201900002238;138Â 302Â 392;B01;1.0;1;2.0;1.0;1997.0;9.0;1.0;8.0;;; -1;;;3.0;7.0;0.0;2.0;2.0;19.0;0.0;;5;12;2019;21:00;5.0;92;92078;2;2.0;1.0;3.0;GALLIENI (BD) (1 A 79 ET 22 A 102);48,9253179;2,3262517;3;7;0.0;;4.0;4;0.0;1.0;0;0;1.0;;;1.0;0.0;1.0;50.0;Hauts-de-Seine;11;Île-de-France
201900002238;138Â 302Â 393;A01;1.0;1;1.0;1.0;1979.0;5.0;1.0;8.0;;; -1;;;3.0;7.0;0.0;2.0;1.0;19.0;0.0;;5;12;2019;21:00;5.0;92;92078;2;2.0;1.0;3.0;GALLIENI (BD) (1 A 79 ET 22 A 102);48,9253179;2,3262517;3;7;0.0;;4.0;4;0.0;1.0;0;0;1.0;;;1.0;0.0;1.0;50.0;Hauts-de-Seine;11;Île-de-France
201900002239;138Â 302Â 389;A01;1.0;1;2.0;1.0;1978.0;5.0;2.0;6.0;;0.0;0;;;2.0;33.0;0.0;2.0;7.0;1.0;1.0;;9;11;2019;19:10;2.0;75;75118;2;4.0;1.0;6.0;BD PERIPHERIQUE EXTERIEUR;48,9008805;2,3660623;4;BD PERIPHERIQUE EXTERIEUR;0.0;;1.0;4;0.0;1.0;23;400;1.0;;;1.0;0.0;1.0;70.0;Paris;11;Île-de-France