Num_Acc;id_vehicule;num_veh;place;catu;grav;sexe;an_nais;trajet;secu1;secu2;secu3;locp;actp;etatp;id_usager;senc;catv;obs;obsm;choc;manv;motor;occutc;jour;mois;an;hrmn;lum;dep;com;agg;int;atm;col;adr;lat;long;catr;voie;v1;v2;circ;nbv;vosp;prof;pr;pr1;plan;lartpc;larrout;surf;infra;situ;vma;nom_departement;reg;nom_region
201900002240;138Â 302Â 386;B01;2.0;2;2.0;2.0;1948.0;0.0;1.0;;;0.0;0;;;1.0;7.0;0.0;2.0;1.0;26.0;1.0;;4;12;2019;10:50;1.0;74;74159;1;1.0;8.0;1.0;Rue des Grottes de Balme;46,0387360;6,6126810;3;1205;;D;2.0;2;0.0;1.0;41;10;1.0;;;1.0;0.0;1.0;70.0;Haute-Savoie;84;Auvergne-Rhône-Alpes
201900002240;138Â 302Â 386;B01;1.0;1;3.0;1.0;1944.0;0.0;1.0;;;0.0;0;;;1.0;7.0;0.0;2.0;1.0;26.0;1.0;;4;12;2019;10:50;1.0;74;74159;1;1.0;8.0;1.0;Rue des Grottes de Balme;46,0387360;6,6126810;3;1205;;D;2.0;2;0.0;1.0;41;10;1.0;;;1.0;0.0;1.0;70.0;Haute-Savoie;84;Auvergne-Rhône-Alpes
201900002240;138Â 302Â 387;A01;1.0;1;3.0;2.0;1949.0;0.0;1.0;;;0.0;0;;;1.0;7.0;0.0;2.0;1.0;13.0;1.0;;4;12;2019;10:50;1.0;74;74159;1;1.0;8.0;1.0;Rue des Grottes de Balme;46,0387360;6,6126810;3;1205;;D;2.0;2;0.0;1.0;41;10;1.0;;;1.0;0.0;1.0;70.0;Haute-Savoie;84;Auvergne-Rhône-Alpes
201900002241;138Â 302Â 384;A01;1.0;1;1.0;2.0;1960.0;4.0;1.0;0.0;;0.0;0;;;1.0;7.0;0.0;2.0;7.0;12.0;1.0;;2;12;2019;11:00;1.0;75;75114;2;1.0;1.0;3.0;BD PERIPHERIQUE INTERIEUR;48,8241010;2,3077610;4;BD PERIPHERIQUE INTERIEUR;0.0;;1.0;3;0.0;2.0;6;700;2.0;;;2.0;0.0;1.0;70.0;Paris;11;Île-de-France
201900002241;138Â 302Â 385;B01;1.0;1;3.0;1.0;1957.0;4.0;2.0;6.0;;0.0;0;;;1.0;32.0;0.0;2.0;3.0;3.0;1.0;;2;12;2019;11:00;1.0;75;75114;2;1.0;1.0;3.0;BD PERIPHERIQUE INTERIEUR;48,8241010;2,3077610;4;BD PERIPHERIQUE INTERIEUR;0.0;;1.0;3;0.0;2.0;6;700;2.0;;;2.0;0.0;1.0;70.0;Paris;11;Île-de-France
201900002242;138Â 302Â 382;A01;1.0;1;1.0;1.0;1984.0;1.0;1.0;0.0;;0.0;0;;;3.0;7.0;0.0;1.0;1.0;26.0;1.0;;22;11;2019;07:50;2.0;35;35238;2;9.0;2.0;1.0;LIBERTE (BD DE LA);48,1074000; -1,6791000;4;LIBERTE (BD DE LA);0.0;;2.0;4;0.0;1.0;0;0;1.0;;;2.0;6.0;1.0;50.0;Ille-et-Vilaine;53;Bretagne
201900002242;138Â 302Â 383;B01;1.0;1;2.0;2.0;2004.0;2.0;2.0;6.0;;0.0;0;;;0.0;30.0;0.0;2.0;1.0;2.0;1.0;;22;11;2019;07:50;2.0;35;35238;2;9.0;2.0;1.0;LIBERTE (BD DE LA);48,1074000; -1,6791000;4;LIBERTE (BD DE LA);0.0;;2.0;4;0.0;1.0;0;0;1.0;;;2.0;6.0;1.0;50.0;Ille-et-Vilaine;53;Bretagne
201900002243;138Â 302Â 381;A01;1.0;1;2.0;1.0;1976.0;1.0;1.0;0.0;;0.0;0;;;2.0;7.0;0.0;2.0;5.0;0.0;0.0;;24;6;2019;08:25;1.0;93;93049;2;6.0;1.0;2.0;CHALET (ROND-POINT);48,8589000;2,5029700;4;CHALET (ROND-POINT);0.0;;1.0;2;0.0;1.0;1;0;1.0;;;1.0;9.0;1.0;50.0;Seine-Saint-Denis;11;Île-de-France
201900002244;138Â 302Â 378;A01;1.0;1;1.0;1.0;1986.0;5.0;1.0;0.0;;0.0;0;;;2.0;7.0;1.0;0.0;6.0;1.0;1.0;;27;11;2019;19:05;5.0;43;43089;2;1.0;2.0;3.0;PUY (AVENUE DU);45,0451666;3,8727343;3;590;0.0;;2.0;2;0.0;1.0;69;75;1.0;;;2.0;0.0;5.0;50.0;Haute-Loire;84;Auvergne-Rhône-Alpes
201900002244;138Â 302Â 379;B01;4.0;2;2.0;2.0;1986.0;5.0;8.0;;;0.0;0;;;2.0;7.0;1.0;2.0;6.0;24.0;1.0;;27;11;2019;19:05;5.0;43;43089;2;1.0;2.0;3.0;PUY (AVENUE DU);45,0451666;3,8727343;3;590;0.0;;2.0;2;0.0;1.0;69;75;1.0;;;2.0;0.0;5.0;50.0;Haute-Loire;84;Auvergne-Rhône-Alpes
201900002245;138Â 302Â 375;A01;1.0;1;1.0;1.0;1975.0;5.0;1.0;8.0;;; -1;;;3.0;7.0;0.0;1.0;3.0;0.0;1.0;;9;12;2019;08:00;2.0;73;73137;2;3.0;2.0;6.0;D7 SAINT CASSIN (ROUTE DE);45,5575560;5,9064267;3;7;0.0;;2.0;1;0.0;2.0;(1);(1);1.0;;;2.0;0.0;1.0;30.0;Savoie;84;Auvergne-Rhône-Alpes
201900002245;138Â 302Â 375;A01;10.0;3;2.0;2.0;1970.0;0.0;0.0;;;3.0;3;1.0;;3.0;7.0;0.0;1.0;3.0;0.0;1.0;;9;12;2019;08:00;2.0;73;73137;2;3.0;2.0;6.0;D7 SAINT CASSIN (ROUTE DE);45,5575560;5,9064267;3;7;0.0;;2.0;1;0.0;2.0;(1);(1);1.0;;;2.0;0.0;1.0;30.0;Savoie;84;Auvergne-Rhône-Alpes
201900002246;138Â 302Â 374;A01;1.0;1;3.0;1.0;2002.0;0.0;2.0;6.0;;0.0;0;;;2.0;2.0;1.0;0.0;1.0;1.0;1.0;;21;12;2019;19:35;5.0;29;29003;2;1.0;6.0;7.0;64 Rue du 14 Juillet;48,0258970; -4,5466160;3;784;0.0;D;2.0;2;0.0;2.0;32;275;2.0;;;2.0;0.0;1.0;50.0;Finistère;53;Bretagne
201900002247;138Â 302Â 373;A01;10.0;3;4.0;1.0;1925.0;5.0;;;;4.0;3;1.0;;;39.0;;1.0;;;;;27;7;2019;10:25;1.0;18;18027;2;8.0;1.0;;Avenue de la gare;47,0006059;2,7490067;3;102;;;2.0;;;1.0;(1);(1);1.0;;;1.0;4.0;6.0;;Cher;24;Centre-Val de Loire
201900002248;138Â 302Â 370;A01;1.0;1;1.0;2.0;1969.0;0.0;1.0;0.0;;0.0;0;;;3.0;7.0;0.0;1.0;2.0;1.0;1.0;;23;12;2019;18:00;5.0;73;73065;2;1.0;2.0;6.0;TURIN (AVENUE);45,5691798;5,9315425;4;TURIN (AVENUE);0.0;;;2;0.0;1.0;(1);(1);1.0;;;2.0;0.0;1.0;50.0;Savoie;84;Auvergne-Rhône-Alpes
201900002248;138Â 302Â 370;A01;10.0;3;3.0;2.0;1948.0;0.0;0.0;;;2.0;4;1.0;;3.0;7.0;0.0;1.0;2.0;1.0;1.0;;23;12;2019;18:00;5.0;73;73065;2;1.0;2.0;6.0;TURIN (AVENUE);45,5691798;5,9315425;4;TURIN (AVENUE);0.0;;;2;0.0;1.0;(1);(1);1.0;;;2.0;0.0;1.0;50.0;Savoie;84;Auvergne-Rhône-Alpes
201900002249;138Â 302Â 366;A01;1.0;1;1.0;1.0;1972.0;0.0;1.0;0.0;;; -1;;;1.0;7.0;0.0;2.0;1.0;1.0;1.0;;20;11;2019;18:23;5.0;92;92019;2;1.0;1.0;3.0;JAURES JEAN (RUE);48,7672200;2,2549000;4; RUE JEAN JAURES ;0.0;;2.0;2;0.0;1.0;0;0;1.0;;;1.0;0.0;1.0;50.0;Hauts-de-Seine;11;Île-de-France
201900002249;138Â 302Â 367;B01;1.0;1;2.0;2.0;1977.0;5.0;1.0;0.0;;;0;;;2.0;7.0;0.0;2.0;1.0;1.0;1.0;;20;11;2019;18:23;5.0;92;92019;2;1.0;1.0;3.0;JAURES JEAN (RUE);48,7672200;2,2549000;4; RUE JEAN JAURES ;0.0;;2.0;2;0.0;1.0;0;0;1.0;;;1.0;0.0;1.0;50.0;Hauts-de-Seine;11;Île-de-France
201900002250;138Â 302Â 365;A01;1.0;1;3.0;1.0;2004.0;1.0;2.0;6.0;;0.0;0;;;0.0;2.0;8.0;0.0;1.0;1.0;1.0;;21;10;2019;07:35;5.0;50;50615;2;1.0;2.0;6.0;rue du chemin vert;49,5081240; -1,4872030;3;902;;;2.0;2;0.0;2.0;(1);(1);3.0;;;2.0;0.0;1.0;50.0;Manche;28;Normandie
201900002251;138Â 302Â 364;A01;1.0;1;2.0;1.0;1978.0;1.0;2.0;6.0;;0.0;0;;;0.0;2.0;0.0;0.0;1.0;1.0;1.0;;3;10;2019;08:55;1.0;50;50602;2;3.0;1.0;6.0;LECLERC (RUE DU GENERAL);49,6397200; -1,6023400;4;LECLERC (RUE DU GENERAL);0.0;;2.0;2;0.0;1.0;0;0;2.0;;;1.0;0.0;1.0;30.0;Manche;28;Normandie
201900002252;138Â 302Â 362;A01;1.0;1;1.0;2.0;1997.0;1.0;1.0;0.0;;;0;;;1.0;7.0;0.0;2.0;1.0;2.0;1.0;;30;8;2019;15:10;1.0;50;50129;2;1.0;1.0;2.0;ABBAYE (RUE DE L');49,6463600; -1,6414500;3;901;0.0;;3.0;6;1.0;1.0;0;0;1.0;;;1.0;1.0;1.0;50.0;Manche;28;Normandie
201900002252;138Â 302Â 363;B01;1.0;1;1.0;2.0;1967.0;5.0;1.0;0.0;;;0;;;1.0;7.0;0.0;2.0;4.0;2.0;1.0;;30;8;2019;15:10;1.0;50;50129;2;1.0;1.0;2.0;ABBAYE (RUE DE L');49,6463600; -1,6414500;3;901;0.0;;3.0;6;1.0;1.0;0;0;1.0;;;1.0;1.0;1.0;50.0;Manche;28;Normandie
201900002252;138Â 302Â 363;B01;2.0;2;2.0;2.0;1973.0;5.0;1.0;0.0;;;0;;;1.0;7.0;0.0;2.0;4.0;2.0;1.0;;30;8;2019;15:10;1.0;50;50129;2;1.0;1.0;2.0;ABBAYE (RUE DE L');49,6463600; -1,6414500;3;901;0.0;;3.0;6;1.0;1.0;0;0;1.0;;;1.0;1.0;1.0;50.0;Manche;28;Normandie
201900002252;138Â 302Â 363;B01;5.0;2;2.0;2.0;1998.0;5.0;1.0;0.0;;;0;;;1.0;7.0;0.0;2.0;4.0;2.0;1.0;;30;8;2019;15:10;1.0;50;50129;2;1.0;1.0;2.0;ABBAYE (RUE DE L');49,6463600; -1,6414500;3;901;0.0;;3.0;6;1.0;1.0;0;0;1.0;;;1.0;1.0;1.0;50.0;Manche;28;Normandie
201900002253;138Â 302Â 360;B01;2.0;2;2.0;2.0;1963.0;5.0;2.0;8.0;;0.0;0;;;1.0;33.0;0.0;2.0;3.0;2.0;1.0;;25;8;2019;14:50;1.0;50;50502;2;1.0;1.0;3.0;STRASBOURG (bld);49,0991100; -1,1119500;4;STRASBOURG (bld);0.0;;2.0;2;0.0;1.0;0;0;1.0;;;1.0;0.0;1.0;80.0;Manche;28;Normandie
201900002253;138Â 302Â 360;B01;1.0;1;2.0;1.0;1960.0;5.0;2.0;8.0;;0.0;0;;;1.0;33.0;0.0;2.0;3.0;2.0;1.0;;25;8;2019;14:50;1.0;50;50502;2;1.0;1.0;3.0;STRASBOURG (bld);49,0991100; -1,1119500;4;STRASBOURG (bld);0.0;;2.0;2;0.0;1.0;0;0;1.0;;;1.0;0.0;1.0;80.0;Manche;28;Normandie
201900002253;138Â 302Â 361;A01;3.0;2;1.0;2.0;1996.0;5.0;1.0;8.0;;0.0;0;;;1.0;7.0;0.0;2.0;3.0;19.0;1.0;;25;8;2019;14:50;1.0;50;50502;2;1.0;1.0;3.0;STRASBOURG (bld);49,0991100; -1,1119500;4;STRASBOURG (bld);0.0;;2.0;2;0.0;1.0;0;0;1.0;;;1.0;0.0;1.0;80.0;Manche;28;Normandie
201900002253;138Â 302Â 361;A01;2.0;2;1.0;1.0;2019.0;5.0;3.0;0.0;;0.0;0;;;1.0;7.0;0.0;2.0;3.0;19.0;1.0;;25;8;2019;14:50;1.0;50;50502;2;1.0;1.0;3.0;STRASBOURG (bld);49,0991100; -1,1119500;4;STRASBOURG (bld);0.0;;2.0;2;0.0;1.0;0;0;1.0;;;1.0;0.0;1.0;80.0;Manche;28;Normandie
201900002253;138Â 302Â 361;A01;1.0;1;1.0;1.0;1989.0;5.0;8.0;0.0;;0.0;0;;;1.0;7.0;0.0;2.0;3.0;19.0;1.0;;25;8;2019;14:50;1.0;50;50502;2;1.0;1.0;3.0;STRASBOURG (bld);49,0991100; -1,1119500;4;STRASBOURG (bld);0.0;;2.0;2;0.0;1.0;0;0;1.0;;;1.0;0.0;1.0;80.0;Manche;28;Normandie
201900002254;138Â 302Â 358;A01;1.0;1;3.0;1.0;2003.0;0.0;8.0;0.0;;; -1;;;3.0;30.0;0.0;2.0;1.0;26.0;1.0;;11;11;2019;18:50;1.0;29;29019;2;2.0;1.0;3.0;DEUXIEME DB;48,3921200; -4,4831000;4;DEUXIEME DB;0.0;;1.0;1;0.0;2.0;0;0;1.0;;;1.0;6.0;1.0;50.0;Finistère;53;Bretagne
201900002254;138Â 302Â 359;B01;1.0;1;1.0;2.0;1988.0;3.0;1.0;8.0;;0.0;0;;;3.0;7.0;0.0;2.0;7.0;1.0;1.0;;11;11;2019;18:50;1.0;29;29019;2;2.0;1.0;3.0;DEUXIEME DB;48,3921200; -4,4831000;4;DEUXIEME DB;0.0;;1.0;1;0.0;2.0;0;0;1.0;;;1.0;6.0;1.0;50.0;Finistère;53;Bretagne
201900002255;138Â 302Â 357;A01;1.0;1;3.0;1.0;1965.0;5.0;2.0;;;0.0;0;;;2.0;1.0;8.0;0.0;1.0;1.0;6.0;;1;7;2019;11:40;1.0;06;06077;1;1.0;7.0;6.0;164 Route de l'Authion;43,8820810;7,3594460;3;2566;0.0;D;2.0;2;0.0;1.0;17;400;1.0;;;1.0;0.0;1.0;80.0;Alpes-Maritimes;93;Provence-Alpes-Côte d'Azur
201900002256;138Â 302Â 355;A01;10.0;3;2.0;2.0;2015.0;9.0;;;;3.0;3;2.0;;2.0;7.0;0.0;1.0;2.0;1.0;1.0;;13;12;2019;18:45;2.0;33;33334;2;1.0;3.0;6.0;RD1113 (32 Rte des Graves);44,6894500; -0,4211800;3;1113;;;2.0;2;;1.0;48;660;1.0;;;2.0;0.0;1.0;50.0;Gironde;75;Nouvelle-Aquitaine
201900002256;138Â 302Â 355;A01;10.0;3;2.0;2.0;1989.0;9.0;;;;3.0;3;2.0;;2.0;7.0;0.0;1.0;2.0;1.0;1.0;;13;12;2019;18:45;2.0;33;33334;2;1.0;3.0;6.0;RD1113 (32 Rte des Graves);44,6894500; -0,4211800;3;1113;;;2.0;2;;1.0;48;660;1.0;;;2.0;0.0;1.0;50.0;Gironde;75;Nouvelle-Aquitaine
201900002256;138Â 302Â 355;A01;1.0;1;1.0;1.0;1952.0;5.0;;;;; -1;;;2.0;7.0;0.0;1.0;2.0;1.0;1.0;;13;12;2019;18:45;2.0;33;33334;2;1.0;3.0;6.0;RD1113 (32 Rte des Graves);44,6894500; -0,4211800;3;1113;;;2.0;2;;1.0;48;660;1.0;;;2.0;0.0;1.0;50.0;Gironde;75;Nouvelle-Aquitaine
201900002257;138Â 302Â 353;A01;1.0;1;2.0;2.0;1950.0;5.0;1.0;0.0;;0.0;0;;;1.0;7.0;0.0;2.0;1.0;13.0;1.0;;23;8;2019;15:50;1.0;50;50147;1;1.0;1.0;1.0;ROCADE NORD;49,0692500; -1,4275300;3;972;0.0;;2.0;2;0.0;1.0;0;300;1.0;;;1.0;0.0;1.0;90.0;Manche;28;Normandie
201900002257;138Â 302Â 354;B01;3.0;2;1.0;1.0;2016.0;5.0;3.0;0.0;;0.0;0;;;2.0;7.0;0.0;2.0;1.0;1.0;1.0;;23;8;2019;15:50;1.0;50;50147;1;1.0;1.0;1.0;ROCADE NORD;49,0692500; -1,4275300;3;972;0.0;;2.0;2;0.0;1.0;0;300;1.0;;;1.0;0.0;1.0;90.0;Manche;28;Normandie
201900002257;138Â 302Â 354;B01;1.0;1;2.0;2.0;1987.0;5.0;1.0;0.0;;0.0;0;;;2.0;7.0;0.0;2.0;1.0;1.0;1.0;;23;8;2019;15:50;1.0;50;50147;1;1.0;1.0;1.0;ROCADE NORD;49,0692500; -1,4275300;3;972;0.0;;2.0;2;0.0;1.0;0;300;1.0;;;1.0;0.0;1.0;90.0;Manche;28;Normandie
201900002258;138Â 302Â 351;B01;1.0;1;2.0;1.0;1997.0;1.0;1.0;;;0.0;0;;;2.0;7.0;0.0;2.0;1.0;1.0;0.0;;11;11;2019;19:30;3.0;33;33208;1;2.0;8.0;3.0;RD103 / RD102E2;45,3835070; -0,9561500;3;102E2;2.0;E;2.0;2;0.0;1.0;4;520;1.0;;;2.0;0.0;8.0;80.0;Gironde;75;Nouvelle-Aquitaine
201900002258;138Â 302Â 352;A01;1.0;1;4.0;1.0;1957.0;5.0;0.0;;;0.0;0;;;2.0;7.0;7.0;2.0;8.0;19.0;0.0;;11;11;2019;19:30;3.0;33;33208;1;2.0;8.0;3.0;RD103 / RD102E2;45,3835070; -0,9561500;3;102E2;2.0;E;2.0;2;0.0;1.0;4;520;1.0;;;2.0;0.0;8.0;80.0;Gironde;75;Nouvelle-Aquitaine
201900002259;138Â 302Â 341;A01;1.0;1;4.0;1.0;1938.0;5.0;8.0;;;0.0;0;;;3.0;7.0;15.0;0.0;2.0;1.0;1.0;;6;4;2019;08:40;1.0;11;11170;1;1.0;1.0;6.0;;43,1339790;3,1039670;9;;;;2.0;2;0.0;2.0;(1);(1);1.0;;;2.0;0.0;3.0;80.0;Aude;76;Occitanie
201900002260;138Â 302Â 321;A01;1.0;1;4.0;1.0;1951.0;0.0;0.0;;;0.0;0;;;0.0;32.0;0.0;0.0;0.0;1.0;0.0;;4;2;2019;21:00;5.0;66;66141;2;1.0;1.0;7.0;route de PERPIGNAN;42,7351450;2,9047750;9;rue;0.0;N;2.0;2;0.0;1.0;0;0;1.0;;;1.0;0.0;3.0;50.0;Pyrénées-Orientales;76;Occitanie
201900002261;138Â 302Â 309;A01;2.0;2;1.0;1.0;1991.0;1.0;1.0;0.0;;; -1;;;2.0;10.0;0.0;2.0;1.0;2.0;1.0;;19;9;2019;19:15;1.0;78;78090;1;1.0;7.0;4.0;A13;48,9702300;1,9057100;1;13;0.0;;1.0;3;0.0;1.0;34;200;1.0;;;1.0;0.0;1.0;130.0;Yvelines;11;Île-de-France
201900002261;138Â 302Â 309;A01;1.0;1;1.0;1.0;1985.0;1.0;1.0;0.0;;; -1;;;2.0;10.0;0.0;2.0;1.0;2.0;1.0;;19;9;2019;19:15;1.0;78;78090;1;1.0;7.0;4.0;A13;48,9702300;1,9057100;1;13;0.0;;1.0;3;0.0;1.0;34;200;1.0;;;1.0;0.0;1.0;130.0;Yvelines;11;Île-de-France
201900002261;138Â 302Â 310;B01;1.0;1;2.0;1.0;1969.0;4.0;1.0;0.0;;; -1;;;2.0;7.0;0.0;2.0;4.0;2.0;1.0;;19;9;2019;19:15;1.0;78;78090;1;1.0;7.0;4.0;A13;48,9702300;1,9057100;1;13;0.0;;1.0;3;0.0;1.0;34;200;1.0;;;1.0;0.0;1.0;130.0;Yvelines;11;Île-de-France
201900002261;138Â 302Â 311;C01;2.0;2;1.0;1.0;1962.0;4.0;8.0;0.0;;; -1;;;2.0;7.0;0.0;2.0;4.0;2.0;1.0;;19;9;2019;19:15;1.0;78;78090;1;1.0;7.0;4.0;A13;48,9702300;1,9057100;1;13;0.0;;1.0;3;0.0;1.0;34;200;1.0;;;1.0;0.0;1.0;130.0;Yvelines;11;Île-de-France
201900002261;138Â 302Â 311;C01;1.0;1;2.0;1.0;1995.0;4.0;1.0;0.0;;; -1;;;2.0;7.0;0.0;2.0;4.0;2.0;1.0;;19;9;2019;19:15;1.0;78;78090;1;1.0;7.0;4.0;A13;48,9702300;1,9057100;1;13;0.0;;1.0;3;0.0;1.0;34;200;1.0;;;1.0;0.0;1.0;130.0;Yvelines;11;Île-de-France
201900002261;138Â 302Â 312;D01;1.0;1;1.0;1.0;1966.0;1.0;1.0;0.0;;; -1;;;2.0;7.0;0.0;2.0;4.0;2.0;1.0;;19;9;2019;19:15;1.0;78;78090;1;1.0;7.0;4.0;A13;48,9702300;1,9057100;1;13;0.0;;1.0;3;0.0;1.0;34;200;1.0;;;1.0;0.0;1.0;130.0;Yvelines;11;Île-de-France
201900002261;138Â 302Â 313;E01;1.0;1;1.0;2.0;1989.0;1.0;1.0;0.0;;; -1;;;2.0;7.0;0.0;2.0;4.0;2.0;1.0;;19;9;2019;19:15;1.0;78;78090;1;1.0;7.0;4.0;A13;48,9702300;1,9057100;1;13;0.0;;1.0;3;0.0;1.0;34;200;1.0;;;1.0;0.0;1.0;130.0;Yvelines;11;Île-de-France
201900002262;138Â 302Â 306;A01;1.0;1;2.0;2.0;1964.0;5.0;1.0;0.0;;;0;;;1.0;7.0;0.0;2.0;1.0;1.0;1.0;;20;9;2019;21:00;3.0;95;95306;1;1.0;1.0;4.0;AUTOROUTE A15;48,9966900;2,1804100;1;15;0.0;;3.0;9;0.0;1.0;15;199;1.0;;;1.0;0.0;1.0;110.0;Val-d'Oise;11;Île-de-France
201900002262;138Â 302Â 307;B01;2.0;2;2.0;2.0;2000.0;5.0;1.0;0.0;;;0;;;1.0;7.0;0.0;2.0;4.0;2.0;1.0;;20;9;2019;21:00;3.0;95;95306;1;1.0;1.0;4.0;AUTOROUTE A15;48,9966900;2,1804100;1;15;0.0;;3.0;9;0.0;1.0;15;199;1.0;;;1.0;0.0;1.0;110.0;Val-d'Oise;11;Île-de-France
201900002262;138Â 302Â 307;B01;1.0;1;2.0;1.0;1999.0;5.0;1.0;0.0;;;0;;;1.0;7.0;0.0;2.0;4.0;2.0;1.0;;20;9;2019;21:00;3.0;95;95306;1;1.0;1.0;4.0;AUTOROUTE A15;48,9966900;2,1804100;1;15;0.0;;3.0;9;0.0;1.0;15;199;1.0;;;1.0;0.0;1.0;110.0;Val-d'Oise;11;Île-de-France
201900002262;138Â 302Â 308;C01;1.0;1;1.0;1.0;1977.0;5.0;1.0;0.0;;;0;;;1.0;7.0;0.0;2.0;4.0;2.0;1.0;;20;9;2019;21:00;3.0;95;95306;1;1.0;1.0;4.0;AUTOROUTE A15;48,9966900;2,1804100;1;15;0.0;;3.0;9;0.0;1.0;15;199;1.0;;;1.0;0.0;1.0;110.0;Val-d'Oise;11;Île-de-France
201900002263;138Â 302Â 304;B01;1.0;1;2.0;1.0;1995.0;0.0;2.0;0.0;;; -1;;;1.0;34.0;0.0;2.0;8.0;3.0;1.0;;20;9;2019;16:00;1.0;93;93010;1;1.0;1.0;3.0;AUTOROUTE A3;48,9065500;2,4724900;1;3;0.0;;3.0;9;0.0;1.0;8;0;1.0;;;1.0;0.0;1.0;90.0;Seine-Saint-Denis;11;Île-de-France
201900002263;138Â 302Â 305;A01;1.0;1;1.0;1.0;2000.0;0.0;1.0;0.0;;; -1;;;1.0;7.0;0.0;2.0;5.0;12.0;1.0;;20;9;2019;16:00;1.0;93;93010;1;1.0;1.0;3.0;AUTOROUTE A3;48,9065500;2,4724900;1;3;0.0;;3.0;9;0.0;1.0;8;0;1.0;;;1.0;0.0;1.0;90.0;Seine-Saint-Denis;11;Île-de-France
201900002264;138Â 302Â 301;C01;1.0;1;2.0;2.0;1999.0;5.0;1.0;8.0;;;0;;;2.0;7.0;0.0;2.0;6.0;2.0;1.0;;19;9;2019;22:30;4.0;95;95488;1;1.0;1.0;5.0;AUTOROUTE A15;49,0152400;2,1452700;1;15;0.0;;3.0;7;0.0;1.0;18;500;1.0;;;1.0;0.0;1.0;110.0;Val-d'Oise;11;Île-de-France
201900002264;138Â 302Â 302;B01;1.0;1;2.0;1.0;1989.0;9.0;1.0;8.0;;; -1;;;2.0;7.0;0.0;2.0;4.0;2.0;1.0;;19;9;2019;22:30;4.0;95;95488;1;1.0;1.0;5.0;AUTOROUTE A15;49,0152400;2,1452700;1;15;0.0;;3.0;7;0.0;1.0;18;500;1.0;;;1.0;0.0;1.0;110.0;Val-d'Oise;11;Île-de-France
201900002264;138Â 302Â 303;A01;1.0;1;2.0;1.0;1995.0;5.0;1.0;8.0;;;0;;;2.0;7.0;0.0;2.0;1.0;1.0;1.0;;19;9;2019;22:30;4.0;95;95488;1;1.0;1.0;5.0;AUTOROUTE A15;49,0152400;2,1452700;1;15;0.0;;3.0;7;0.0;1.0;18;500;1.0;;;1.0;0.0;1.0;110.0;Val-d'Oise;11;Île-de-France
201900002265;138Â 302Â 299;B01;1.0;1;2.0;1.0;1983.0;9.0;1.0;0.0;;; -1;;;2.0;7.0;0.0;2.0;4.0;2.0;1.0;;19;9;2019;11:30;1.0;93;93066;1;1.0;1.0;2.0;AUTOROUTE A1;48,9337900;2,3806900;1;1;0.0;;3.0;10;0.0;1.0;4;800;1.0;;;1.0;0.0;1.0;90.0;Seine-Saint-Denis;11;Île-de-France
201900002265;138Â 302Â 300;A01;1.0;1;2.0;1.0;1964.0;0.0;1.0;0.0;;; -1;;;2.0;7.0;0.0;2.0;1.0;2.0;1.0;;19;9;2019;11:30;1.0;93;93066;1;1.0;1.0;2.0;AUTOROUTE A1;48,9337900;2,3806900;1;1;0.0;;3.0;10;0.0;1.0;4;800;1.0;;;1.0;0.0;1.0;90.0;Seine-Saint-Denis;11;Île-de-France
201900002266;138Â 302Â 297;B01;1.0;1;1.0;1.0;1977.0;4.0;1.0;0.0;;0.0;0;;;2.0;38.0;0.0;2.0;2.0;15.0;1.0;1.0;18;9;2019;16:17;1.0;91;91689;2;1.0;1.0;1.0;BERTHELOT (RUE MARCELIN);48,7375200;2,3160000;4;BERTHELOT (RUE MARCELIN);0.0;;2.0;0;0.0;1.0;0;0;1.0;;;1.0;0.0;1.0;50.0;Essonne;11;Île-de-France
201900002266;138Â 302Â 298;A01;1.0;1;3.0;1.0;1985.0;1.0;2.0;6.0;;0.0;0;;;1.0;33.0;0.0;2.0;1.0;17.0;1.0;;18;9;2019;16:17;1.0;91;91689;2;1.0;1.0;1.0;BERTHELOT (RUE MARCELIN);48,7375200;2,3160000;4;BERTHELOT (RUE MARCELIN);0.0;;2.0;0;0.0;1.0;0;0;1.0;;;1.0;0.0;1.0;50.0;Essonne;11;Île-de-France
201900002267;138Â 302Â 296;A01;10.0;3;2.0;2.0;1936.0;5.0;8.0;0.0;;2.0;2;1.0;;3.0;10.0;0.0;1.0;7.0;14.0;0.0;;26;8;2019;15:55;1.0;83;83050;2;3.0;1.0;6.0;ANCIENS COMBATTANTS A.F.N( AVENUE);43,5339300;6,4627300;4;ANCIENS COMBATTANTS A.F.N( AVENUE);0.0;;2.0;2;0.0;1.0;0;0;1.0;;;1.0;0.0;1.0;50.0;Var;93;Provence-Alpes-Côte d'Azur
201900002267;138Â 302Â 296;A01;1.0;1;1.0;2.0;1997.0;5.0;8.0;0.0;;0.0;0;;;3.0;10.0;0.0;1.0;7.0;14.0;0.0;;26;8;2019;15:55;1.0;83;83050;2;3.0;1.0;6.0;ANCIENS COMBATTANTS A.F.N( AVENUE);43,5339300;6,4627300;4;ANCIENS COMBATTANTS A.F.N( AVENUE);0.0;;2.0;2;0.0;1.0;0;0;1.0;;;1.0;0.0;1.0;50.0;Var;93;Provence-Alpes-Côte d'Azur