Num_Acc;id_vehicule;num_veh;place;catu;grav;sexe;an_nais;trajet;secu1;secu2;secu3;locp;actp;etatp;id_usager;senc;catv;obs;obsm;choc;manv;motor;occutc;jour;mois;an;hrmn;lum;dep;com;agg;int;atm;col;adr;lat;long;catr;voie;v1;v2;circ;nbv;vosp;prof;pr;pr1;plan;lartpc;larrout;surf;infra;situ;vma;nom_departement;reg;nom_region
201900002268;138Â 302Â 294;A01;1.0;1;3.0;1.0;2002.0;2.0;2.0;6.0;;0.0;0;;;2.0;30.0;0.0;2.0;3.0;2.0;1.0;;18;9;2019;07:40;1.0;82;82121;2;1.0;1.0;2.0;MONTAURIOL (bd);44,0113470;1,3624370;4;MONTAURIOL (bd);0.0;;3.0;4;0.0;1.0;0;0;1.0;;;1.0;0.0;1.0;30.0;Tarn-et-Garonne;76;Occitanie
201900002268;138Â 302Â 295;B01;1.0;1;1.0;1.0;1954.0;1.0;1.0;8.0;;0.0;0;;;2.0;7.0;0.0;2.0;5.0;2.0;1.0;;18;9;2019;07:40;1.0;82;82121;2;1.0;1.0;2.0;MONTAURIOL (bd);44,0113470;1,3624370;4;MONTAURIOL (bd);0.0;;3.0;4;0.0;1.0;0;0;1.0;;;1.0;0.0;1.0;30.0;Tarn-et-Garonne;76;Occitanie
201900002269;138Â 302Â 291;A01;1.0;1;1.0;2.0;1975.0;5.0;1.0;8.0;;0.0;0;;;1.0;7.0;0.0;1.0;2.0;1.0;1.0;;18;9;2019;14:05;1.0;74;74012;2;3.0;8.0;6.0;ARVE (QUAI D');46,1853855;6,2257216;3;2;0.0;;2.0;2;0.0;1.0;55;150;1.0;;;1.0;0.0;1.0;50.0;Haute-Savoie;84;Auvergne-Rhône-Alpes
201900002269;138Â 302Â 291;A01;10.0;3;2.0;2.0;1932.0;5.0;8.0;0.0;;3.0;3;1.0;;1.0;7.0;0.0;1.0;2.0;1.0;1.0;;18;9;2019;14:05;1.0;74;74012;2;3.0;8.0;6.0;ARVE (QUAI D');46,1853855;6,2257216;3;2;0.0;;2.0;2;0.0;1.0;55;150;1.0;;;1.0;0.0;1.0;50.0;Haute-Savoie;84;Auvergne-Rhône-Alpes
201900002270;138Â 302Â 290;A01;1.0;1;3.0;1.0;1993.0;5.0;2.0;0.0;;; -1;;;2.0;33.0;1.0;0.0;1.0;14.0;1.0;;10;8;2019;08:10;1.0;62;62528;2;1.0;1.0;6.0;CONDE (R);50,4549400;2,7895200;4;CONDE (R);0.0;;2.0;2;0.0;1.0;0;0;2.0;;;1.0;0.0;1.0;50.0;Pas-de-Calais;32;Hauts-de-France
201900002270;138Â 302Â 290;A01;2.0;2;3.0;2.0;1995.0;5.0;2.0;0.0;;; -1;;;2.0;33.0;1.0;0.0;1.0;14.0;1.0;;10;8;2019;08:10;1.0;62;62528;2;1.0;1.0;6.0;CONDE (R);50,4549400;2,7895200;4;CONDE (R);0.0;;2.0;2;0.0;1.0;0;0;2.0;;;1.0;0.0;1.0;50.0;Pas-de-Calais;32;Hauts-de-France
201900002271;138Â 302Â 289;A01;10.0;3;2.0;1.0;1945.0;0.0;0.0;0.0;;5.0;B;1.0;;3.0;7.0;0.0;1.0;2.0;1.0;0.0;;17;6;2019;08:48;1.0;57;57751;2;1.0;1.0;6.0;THIONVILLE (AVENUE );49,1463900;6,1618700;4;THIONVILLE (AVENUE );0.0;;2.0;2;0.0;1.0;0;0;1.0;;;1.0;0.0;1.0;50.0;Moselle;44;Grand Est
201900002271;138Â 302Â 289;A01;1.0;1;1.0;1.0;1976.0;0.0;1.0;8.0;;; -1;;;3.0;7.0;0.0;1.0;2.0;1.0;0.0;;17;6;2019;08:48;1.0;57;57751;2;1.0;1.0;6.0;THIONVILLE (AVENUE );49,1463900;6,1618700;4;THIONVILLE (AVENUE );0.0;;2.0;2;0.0;1.0;0;0;1.0;;;1.0;0.0;1.0;50.0;Moselle;44;Grand Est
201900002272;138Â 302Â 288;A01;10.0;3;2.0;2.0;2001.0;1.0;8.0;0.0;;3.0;3;1.0;;3.0;7.0;0.0;1.0;2.0;1.0;1.0;;18;9;2019;08:30;1.0;50;50647;2;1.0;7.0;6.0;VILLEDIEU (ROUTE DE);48,8376500; -1,5502700;3;924;0.0;;3.0;2;0.0;1.0;1;0;1.0;;;1.0;0.0;1.0;50.0;Manche;28;Normandie
201900002272;138Â 302Â 288;A01;1.0;1;1.0;2.0;1942.0;5.0;1.0;0.0;;0.0;0;;;3.0;7.0;0.0;1.0;2.0;1.0;1.0;;18;9;2019;08:30;1.0;50;50647;2;1.0;7.0;6.0;VILLEDIEU (ROUTE DE);48,8376500; -1,5502700;3;924;0.0;;3.0;2;0.0;1.0;1;0;1.0;;;1.0;0.0;1.0;50.0;Manche;28;Normandie
201900002272;138Â 302Â 288;A01;2.0;2;1.0;2.0;1963.0;0.0;1.0;0.0;;0.0;0;;;3.0;7.0;0.0;1.0;2.0;1.0;1.0;;18;9;2019;08:30;1.0;50;50647;2;1.0;7.0;6.0;VILLEDIEU (ROUTE DE);48,8376500; -1,5502700;3;924;0.0;;3.0;2;0.0;1.0;1;0;1.0;;;1.0;0.0;1.0;50.0;Manche;28;Normandie
201900002273;138Â 302Â 287;A01;1.0;1;1.0;1.0;1993.0;0.0;8.0;0.0;;; -1;;;3.0;1.0;0.0;1.0;0.0;21.0;5.0;;19;9;2019;12:05;1.0;38;38185;2;1.0;1.0;6.0;PLACE VAUCANSON;45,1881000;5,7284000;4;PLACE VAUCANSON;0.0;;2.0;2;0.0;1.0;0;0;1.0;;;1.0;0.0;1.0;30.0;Isère;84;Auvergne-Rhône-Alpes
201900002273;138Â 302Â 287;A01;10.0;3;2.0;2.0;1937.0;0.0;8.0;0.0;;3.0;3;1.0;;3.0;1.0;0.0;1.0;0.0;21.0;5.0;;19;9;2019;12:05;1.0;38;38185;2;1.0;1.0;6.0;PLACE VAUCANSON;45,1881000;5,7284000;4;PLACE VAUCANSON;0.0;;2.0;2;0.0;1.0;0;0;1.0;;;1.0;0.0;1.0;30.0;Isère;84;Auvergne-Rhône-Alpes
201900002274;138Â 302Â 285;B01;1.0;1;2.0;2.0;1980.0;5.0;2.0;0.0;;0.0;0;;;1.0;80.0;0.0;2.0;1.0;1.0;3.0;;18;9;2019;13:40;1.0;34;34172;2;2.0;1.0;3.0;ASSAS (AVENUE D');43,6170800;3,8610500;4;ASSAS (AVENUE D');0.0;;4.0;4;1.0;1.0;(1);(1);1.0;;;1.0;5.0;1.0;50.0;Hérault;76;Occitanie
201900002274;138Â 302Â 286;A01;1.0;1;1.0;1.0;1981.0;5.0;1.0;0.0;;0.0;0;;;2.0;7.0;0.0;2.0;7.0;16.0;1.0;;18;9;2019;13:40;1.0;34;34172;2;2.0;1.0;3.0;ASSAS (AVENUE D');43,6170800;3,8610500;4;ASSAS (AVENUE D');0.0;;4.0;4;1.0;1.0;(1);(1);1.0;;;1.0;5.0;1.0;50.0;Hérault;76;Occitanie
201900002275;138Â 302Â 282;B01;1.0;1;3.0;1.0;1984.0;0.0;1.0;0.0;;0.0;0;;;0.0;50.0;0.0;0.0;0.0;0.0;0.0;;18;9;2019;16:45;1.0;27;27229;2;2.0;1.0;1.0;BRIAND (AVENUE ARISTIDE);49,0217070;1,1376350;4;BRIAND (AVENUE ARISTIDE);0.0;;2.0;2;2.0;1.0;0;0;1.0;;;1.0;0.0;1.0;50.0;Eure;28;Normandie
201900002275;138Â 302Â 283;A01;1.0;1;1.0;2.0;1951.0;0.0;1.0;6.0;;0.0;0;;;0.0;7.0;0.0;2.0;2.0;0.0;1.0;;18;9;2019;16:45;1.0;27;27229;2;2.0;1.0;1.0;BRIAND (AVENUE ARISTIDE);49,0217070;1,1376350;4;BRIAND (AVENUE ARISTIDE);0.0;;2.0;2;2.0;1.0;0;0;1.0;;;1.0;0.0;1.0;50.0;Eure;28;Normandie
201900002276;138Â 302Â 281;A01;1.0;1;2.0;1.0;1941.0;5.0;1.0;0.0;;;0;;;0.0;7.0;15.0;0.0;2.0;1.0;1.0;;19;9;2019;18:13;1.0;17;17300;2;1.0;1.0;6.0;JOFFRE   BOULEVARD (79 et 18);46,1597800; -1,1413600;4;JOFFRE   BOULEVARD (79 et 18);0.0;;3.0;4;0.0;1.0;1;0;1.0;;;1.0;0.0;1.0;50.0;Charente-Maritime;75;Nouvelle-Aquitaine
201900002277;138Â 302Â 279;A01;1.0;1;1.0;1.0;1947.0;5.0;1.0;8.0;;;0;;;2.0;7.0;0.0;2.0;8.0;11.0;1.0;;18;9;2019;07:50;1.0;95;95582;1;1.0;1.0;3.0;AUTOROUTE A15;48,9678800;2,2524000;1;15;0.0;;3.0;8;0.0;1.0;8;899;2.0;;;1.0;0.0;1.0;110.0;Val-d'Oise;11;Île-de-France
201900002277;138Â 302Â 280;B01;1.0;1;2.0;1.0;1983.0;1.0;2.0;8.0;;;0;;;2.0;33.0;0.0;2.0;7.0;1.0;1.0;;18;9;2019;07:50;1.0;95;95582;1;1.0;1.0;3.0;AUTOROUTE A15;48,9678800;2,2524000;1;15;0.0;;3.0;8;0.0;1.0;8;899;2.0;;;1.0;0.0;1.0;110.0;Val-d'Oise;11;Île-de-France
201900002278;138Â 302Â 278;A01;1.0;1;2.0;1.0;1989.0;5.0;1.0;8.0;;;0;;;1.0;7.0;0.0;2.0;4.0;2.0;1.0;;17;9;2019;21:45;3.0;95;95678;1;1.0;1.0;2.0;RN 184;49,0693100;2,2199500;2;184;0.0;;3.0;6;0.0;1.0;12;699;1.0;;;1.0;0.0;1.0;110.0;Val-d'Oise;11;Île-de-France
201900002279;138Â 302Â 275;A01;1.0;1;2.0;1.0;1954.0;0.0;2.0;8.0;;;0;;;2.0;30.0;0.0;2.0;1.0;21.0;1.0;;19;9;2019;09:23;1.0;976;97611;2;1.0;1.0;3.0;kaweni-Europe (avenue); -12,7688871;45,2241898;2;1;0.0;;2.0;0;0.0;1.0;0;0;1.0;;;1.0;0.0;1.0;50.0;Mayotte;06;Mayotte
201900002279;138Â 302Â 276;B01;1.0;1;1.0;1.0;1975.0;0.0;1.0;8.0;;;0;;;2.0;7.0;0.0;2.0;3.0;1.0;1.0;;19;9;2019;09:23;1.0;976;97611;2;1.0;1.0;3.0;kaweni-Europe (avenue); -12,7688871;45,2241898;2;1;0.0;;2.0;0;0.0;1.0;0;0;1.0;;;1.0;0.0;1.0;50.0;Mayotte;06;Mayotte
201900002280;138Â 302Â 273;Y01;1.0;1;2.0;1.0;2007.0;5.0;8.0;0.0;;; -1;;;0.0;60.0;0.0;2.0;1.0;1.0;5.0;;18;9;2019;19:05;5.0;974;97411;2;5.0;1.0;3.0;GAULLE (DU GENERAL DE); -20,8850000;55,4596000;4;APRES (RUE D');0.0;;1.0;1;0.0;2.0;0;0;1.0;;;1.0;0.0;1.0;50.0;La Réunion;04;La Réunion
201900002280;138Â 302Â 274;A01;1.0;1;1.0;1.0;1960.0;3.0;1.0;0.0;;; -1;;;3.0;7.0;0.0;1.0;3.0;9.0;1.0;;18;9;2019;19:05;5.0;974;97411;2;5.0;1.0;3.0;GAULLE (DU GENERAL DE); -20,8850000;55,4596000;4;APRES (RUE D');0.0;;1.0;1;0.0;2.0;0;0;1.0;;;1.0;0.0;1.0;50.0;La Réunion;04;La Réunion
201900002281;138Â 302Â 270;C01;1.0;1;1.0;1.0;1982.0;9.0;1.0;8.0;;; -1;;;2.0;7.0;0.0;2.0;3.0;1.0;1.0;;19;9;2019;15:15;1.0;973;97302;2;1.0;1.0;4.0;MONTABO (ROUTE DE) 2;4,9423419; -52,3052216;3;1;0.0;;2.0;2;0.0;1.0;2;0;1.0;;;1.0;9.0;1.0;50.0;Guyane;03;Guyane
201900002281;138Â 302Â 271;B01;1.0;1;1.0;1.0;1963.0;9.0;1.0;8.0;;; -1;;;1.0;7.0;0.0;2.0;1.0;1.0;4.0;;19;9;2019;15:15;1.0;973;97302;2;1.0;1.0;4.0;MONTABO (ROUTE DE) 2;4,9423419; -52,3052216;3;1;0.0;;2.0;2;0.0;1.0;2;0;1.0;;;1.0;9.0;1.0;50.0;Guyane;03;Guyane
201900002281;138Â 302Â 272;A01;10.0;3;2.0;2.0;2011.0;9.0;8.0;0.0;;1.0;1;1.0;;1.0;7.0;0.0;2.0;1.0;1.0;4.0;;19;9;2019;15:15;1.0;973;97302;2;1.0;1.0;4.0;MONTABO (ROUTE DE) 2;4,9423419; -52,3052216;3;1;0.0;;2.0;2;0.0;1.0;2;0;1.0;;;1.0;9.0;1.0;50.0;Guyane;03;Guyane
201900002281;138Â 302Â 272;A01;1.0;1;1.0;1.0;1979.0;9.0;1.0;8.0;;0.0;0;;;1.0;7.0;0.0;2.0;1.0;1.0;4.0;;19;9;2019;15:15;1.0;973;97302;2;1.0;1.0;4.0;MONTABO (ROUTE DE) 2;4,9423419; -52,3052216;3;1;0.0;;2.0;2;0.0;1.0;2;0;1.0;;;1.0;9.0;1.0;50.0;Guyane;03;Guyane
201900002281;138Â 302Â 272;A01;10.0;3;2.0;1.0;1957.0;9.0;8.0;0.0;;2.0;3;2.0;;1.0;7.0;0.0;2.0;1.0;1.0;4.0;;19;9;2019;15:15;1.0;973;97302;2;1.0;1.0;4.0;MONTABO (ROUTE DE) 2;4,9423419; -52,3052216;3;1;0.0;;2.0;2;0.0;1.0;2;0;1.0;;;1.0;9.0;1.0;50.0;Guyane;03;Guyane
201900002282;138Â 302Â 268;B01;1.0;1;3.0;1.0;1977.0;9.0;2.0;8.0;;;0;;;1.0;32.0;0.0;2.0;0.0;0.0;1.0;;18;9;2019;20:40;5.0;973;97302;2;9.0;1.0;3.0;FELIX EBOUE(ROCADE);4,9262656; -52,3211002;3;18;0.0;;2.0;2;1.0;1.0;1;0;1.0;;;1.0;9.0;1.0;50.0;Guyane;03;Guyane
201900002282;138Â 302Â 269;Z01;1.0;1;1.0;1.0;1985.0;9.0;8.0;8.0;;;0;;;1.0;7.0;0.0;2.0;0.0;0.0;6.0;;18;9;2019;20:40;5.0;973;97302;2;9.0;1.0;3.0;FELIX EBOUE(ROCADE);4,9262656; -52,3211002;3;18;0.0;;2.0;2;1.0;1.0;1;0;1.0;;;1.0;9.0;1.0;50.0;Guyane;03;Guyane
201900002283;138Â 302Â 266;A01;1.0;1;3.0;2.0;1996.0;0.0;1.0;0.0;;;0;;;1.0;7.0;0.0;2.0;2.0;15.0;0.0;;19;9;2019;18:35;1.0;69;69387;2;3.0;1.0;3.0;CROIX BARRET (DE LA)                (R );45,7367000;4,8423600;4;CROIX BARRET (DE LA)                (R );0.0;;2.0;2;1.0;1.0;1;0;1.0;;;1.0;0.0;1.0;50.0;Rhône;84;Auvergne-Rhône-Alpes
201900002283;138Â 302Â 267;B01;1.0;1;1.0;1.0;1990.0;0.0;1.0;0.0;;;0;;;2.0;7.0;0.0;2.0;1.0;1.0;0.0;;19;9;2019;18:35;1.0;69;69387;2;3.0;1.0;3.0;CROIX BARRET (DE LA)                (R );45,7367000;4,8423600;4;CROIX BARRET (DE LA)                (R );0.0;;2.0;2;1.0;1.0;1;0;1.0;;;1.0;0.0;1.0;50.0;Rhône;84;Auvergne-Rhône-Alpes
201900002284;138Â 302Â 265;A01;10.0;3;2.0;1.0;2012.0;2.0;0.0;;;3.0;3;1.0;;1.0;7.0;0.0;1.0;3.0;15.0;1.0;;19;9;2019;16:55;1.0;69;69388;2;2.0;1.0;6.0;PAUL CAZENEUVE                      (R );45,7390200;4,8665200;4;PAUL CAZENEUVE                      (R );0.0;;2.0;4;3.0;1.0;1;0;1.0;;;1.0;0.0;1.0;50.0;Rhône;84;Auvergne-Rhône-Alpes
201900002284;138Â 302Â 265;A01;1.0;1;1.0;1.0;1942.0;4.0;1.0;0.0;;0.0;0;;;1.0;7.0;0.0;1.0;3.0;15.0;1.0;;19;9;2019;16:55;1.0;69;69388;2;2.0;1.0;6.0;PAUL CAZENEUVE                      (R );45,7390200;4,8665200;4;PAUL CAZENEUVE                      (R );0.0;;2.0;4;3.0;1.0;1;0;1.0;;;1.0;0.0;1.0;50.0;Rhône;84;Auvergne-Rhône-Alpes
201900002285;138Â 302Â 263;A01;1.0;1;2.0;1.0;2001.0;5.0;8.0;0.0;;;0;;;2.0;50.0;0.0;2.0;3.0;13.0;3.0;;19;9;2019;10:30;1.0;69;69386;2;1.0;1.0;3.0;LAFAYETTE                           (CO);45,7636300;4,8420000;4;LAFAYETTE                           (CO);0.0;;2.0;2;3.0;1.0;0;0;1.0;;;1.0;0.0;1.0;50.0;Rhône;84;Auvergne-Rhône-Alpes
201900002285;138Â 302Â 264;B01;1.0;1;1.0;1.0;1983.0;4.0;1.0;8.0;;;0;;;2.0;37.0;0.0;2.0;2.0;1.0;1.0;1.0;19;9;2019;10:30;1.0;69;69386;2;1.0;1.0;3.0;LAFAYETTE                           (CO);45,7636300;4,8420000;4;LAFAYETTE                           (CO);0.0;;2.0;2;3.0;1.0;0;0;1.0;;;1.0;0.0;1.0;50.0;Rhône;84;Auvergne-Rhône-Alpes
201900002286;138Â 302Â 261;B01;1.0;1;1.0;1.0;1971.0;4.0;8.0;0.0;;;0;;;1.0;37.0;0.0;2.0;3.0;15.0;1.0;1.0;19;9;2019;16:15;1.0;972;97213;2;3.0;1.0;6.0;NELSON MANDELA;14,6125650; -60,9967460;3;15;2.0;;2.0;2;0.0;2.0;0;500;1.0;;;1.0;0.0;2.0;30.0;Martinique;02;Martinique
201900002286;138Â 302Â 262;A01;1.0;1;2.0;1.0;1996.0;9.0;2.0;8.0;;;0;;;1.0;33.0;0.0;2.0;1.0;17.0;1.0;;19;9;2019;16:15;1.0;972;97213;2;3.0;1.0;6.0;NELSON MANDELA;14,6125650; -60,9967460;3;15;2.0;;2.0;2;0.0;2.0;0;500;1.0;;;1.0;0.0;2.0;30.0;Martinique;02;Martinique
201900002287;138Â 302Â 259;B01;1.0;1;2.0;1.0;1994.0;1.0;2.0;6.0;;;0;;;2.0;33.0;0.0;2.0;1.0;15.0;1.0;;19;9;2019;19:05;1.0;69;69389;2;3.0;1.0;3.0;PIERRE TERMIER                      (R );45,8024300;4,8375100;4;PIERRE TERMIER                      (R );0.0;;2.0;3;0.0;1.0;0;1;1.0;;;1.0;0.0;1.0;50.0;Rhône;84;Auvergne-Rhône-Alpes
201900002287;138Â 302Â 260;A01;1.0;1;1.0;2.0;1945.0;5.0;1.0;0.0;;;0;;;2.0;7.0;0.0;2.0;2.0;15.0;1.0;;19;9;2019;19:05;1.0;69;69389;2;3.0;1.0;3.0;PIERRE TERMIER                      (R );45,8024300;4,8375100;4;PIERRE TERMIER                      (R );0.0;;2.0;3;0.0;1.0;0;1;1.0;;;1.0;0.0;1.0;50.0;Rhône;84;Auvergne-Rhône-Alpes
201900002288;138Â 302Â 257;B01;1.0;1;3.0;1.0;1986.0;0.0;2.0;8.0;;;0;;;3.0;1.0;0.0;2.0;7.0;18.0;5.0;;19;9;2019;18:25;1.0;69;69034;2;1.0;1.0;6.0;SOLDATS (DES)                       (MO);45,7916400;4,8605300;4;SOLDATS (DES)                       (MO);0.0;;1.0;2;0.0;2.0;0;1;1.0;;;1.0;0.0;1.0;50.0;Rhône;84;Auvergne-Rhône-Alpes
201900002288;138Â 302Â 258;A01;1.0;1;1.0;1.0;2000.0;0.0;1.0;0.0;;;0;;;3.0;7.0;0.0;2.0;7.0;22.0;1.0;;19;9;2019;18:25;1.0;69;69034;2;1.0;1.0;6.0;SOLDATS (DES)                       (MO);45,7916400;4,8605300;4;SOLDATS (DES)                       (MO);0.0;;1.0;2;0.0;2.0;0;1;1.0;;;1.0;0.0;1.0;50.0;Rhône;84;Auvergne-Rhône-Alpes
201900002288;138Â 302Â 258;A01;2.0;2;1.0;1.0;1992.0;0.0;1.0;0.0;;; -1;;;3.0;7.0;0.0;2.0;7.0;22.0;1.0;;19;9;2019;18:25;1.0;69;69034;2;1.0;1.0;6.0;SOLDATS (DES)                       (MO);45,7916400;4,8605300;4;SOLDATS (DES)                       (MO);0.0;;1.0;2;0.0;2.0;0;1;1.0;;;1.0;0.0;1.0;50.0;Rhône;84;Auvergne-Rhône-Alpes
201900002289;138Â 302Â 255;B01;2.0;2;2.0;1.0;1996.0;9.0;1.0;0.0;;0.0;0;;;2.0;7.0;0.0;2.0;5.0;1.0;1.0;;18;9;2019;19:55;5.0;2B;2B033;2;6.0;1.0;3.0;IMPERIALE - ROUTE;42,6659700;9,4394100;4;IMPERIALE - ROUTE;0.0;;2.0;2;0.0;1.0;1;0;1.0;;;1.0;0.0;1.0;50.0;Haute-Corse;94;Corse
201900002289;138Â 302Â 255;B01;1.0;1;2.0;2.0;1998.0;0.0;1.0;0.0;;0.0;0;;;2.0;7.0;0.0;2.0;5.0;1.0;1.0;;18;9;2019;19:55;5.0;2B;2B033;2;6.0;1.0;3.0;IMPERIALE - ROUTE;42,6659700;9,4394100;4;IMPERIALE - ROUTE;0.0;;2.0;2;0.0;1.0;1;0;1.0;;;1.0;0.0;1.0;50.0;Haute-Corse;94;Corse
201900002289;138Â 302Â 256;A01;1.0;1;1.0;1.0;1958.0;1.0;1.0;0.0;;0.0;0;;;2.0;7.0;0.0;2.0;1.0;9.0;1.0;;18;9;2019;19:55;5.0;2B;2B033;2;6.0;1.0;3.0;IMPERIALE - ROUTE;42,6659700;9,4394100;4;IMPERIALE - ROUTE;0.0;;2.0;2;0.0;1.0;1;0;1.0;;;1.0;0.0;1.0;50.0;Haute-Corse;94;Corse
201900002290;138Â 302Â 253;A01;1.0;1;2.0;1.0;1997.0;0.0;2.0;8.0;;; -1;;;1.0;30.0;0.0;2.0;1.0;2.0;1.0;;18;9;2019;11:30;1.0;2B;2B037;2;1.0;1.0;2.0;TOUTES RUES;42,6220800;9,4369600;2;11;0.0;;3.0;4;0.0;2.0;1;0;1.0;;;1.0;1.0;1.0;50.0;Haute-Corse;94;Corse
201900002290;138Â 302Â 254;B01;1.0;1;1.0;2.0;1968.0;9.0;1.0;8.0;;; -1;;;1.0;7.0;0.0;0.0;4.0;2.0;1.0;;18;9;2019;11:30;1.0;2B;2B037;2;1.0;1.0;2.0;TOUTES RUES;42,6220800;9,4369600;2;11;0.0;;3.0;4;0.0;2.0;1;0;1.0;;;1.0;1.0;1.0;50.0;Haute-Corse;94;Corse
201900002291;138Â 302Â 251;B01;1.0;1;2.0;1.0;1993.0;0.0;1.0;0.0;;0.0;0;;;2.0;7.0;0.0;0.0;0.0;0.0;1.0;;19;9;2019;19:05;5.0;971;97103;2;3.0;1.0;3.0;FELIX EBOUE (BOULVARD G.GENERAL);16,2681377; -61,5860361;4;FELIX EBOUE (BOULVARD G.GENERAL);0.0;;2.0;2;0.0;2.0;1;0;1.0;;;1.0;0.0;1.0;50.0;Guadeloupe;01;Guadeloupe
201900002291;138Â 302Â 252;A01;1.0;1;2.0;2.0;1990.0;1.0;1.0;0.0;;; -1;;;1.0;7.0;0.0;0.0;0.0;0.0;1.0;;19;9;2019;19:05;5.0;971;97103;2;3.0;1.0;3.0;FELIX EBOUE (BOULVARD G.GENERAL);16,2681377; -61,5860361;4;FELIX EBOUE (BOULVARD G.GENERAL);0.0;;2.0;2;0.0;2.0;1;0;1.0;;;1.0;0.0;1.0;50.0;Guadeloupe;01;Guadeloupe
201900002292;138Â 302Â 249;B01;1.0;1;2.0;1.0;1977.0;0.0;1.0;0.0;;;0;;;1.0;7.0;0.0;2.0;1.0;0.0;1.0;;19;9;2019;11:20;1.0;2A;2A004;2;1.0;1.0;2.0;ILES SANGUINAIRES ROUTE DES;41,9087800;8,7123700;3;111;0.0;;2.0;2;0.0;1.0;(1);(1);1.0;;;1.0;0.0;1.0;50.0;Corse-du-Sud;94;Corse
201900002292;138Â 302Â 250;A01;1.0;1;2.0;2.0;1932.0;0.0;1.0;0.0;;; -1;;;1.0;7.0;0.0;2.0;1.0;0.0;1.0;;19;9;2019;11:20;1.0;2A;2A004;2;1.0;1.0;2.0;ILES SANGUINAIRES ROUTE DES;41,9087800;8,7123700;3;111;0.0;;2.0;2;0.0;1.0;(1);(1);1.0;;;1.0;0.0;1.0;50.0;Corse-du-Sud;94;Corse
201900002293;138Â 302Â 247;A01;1.0;1;1.0;1.0;1989.0;1.0;1.0;0.0;;; -1;;;2.0;7.0;0.0;2.0;8.0;10.0;1.0;;17;9;2019;07:56;1.0;95;95268;2;1.0;1.0;3.0;AV DE STALINGRAD;48,9646930;2,4067990;3;84;0.0;;2.0;4;0.0;1.0;0;800;1.0;;;1.0;0.0;1.0;50.0;Val-d'Oise;11;Île-de-France
201900002293;138Â 302Â 247;A01;2.0;2;1.0;1.0;1990.0;1.0;1.0;0.0;;; -1;;;2.0;7.0;0.0;2.0;8.0;10.0;1.0;;17;9;2019;07:56;1.0;95;95268;2;1.0;1.0;3.0;AV DE STALINGRAD;48,9646930;2,4067990;3;84;0.0;;2.0;4;0.0;1.0;0;800;1.0;;;1.0;0.0;1.0;50.0;Val-d'Oise;11;Île-de-France
201900002293;138Â 302Â 248;B01;1.0;1;4.0;1.0;1981.0;1.0;2.0;6.0;;; -1;;;2.0;33.0;0.0;2.0;1.0;17.0;1.0;;17;9;2019;07:56;1.0;95;95268;2;1.0;1.0;3.0;AV DE STALINGRAD;48,9646930;2,4067990;3;84;0.0;;2.0;4;0.0;1.0;0;800;1.0;;;1.0;0.0;1.0;50.0;Val-d'Oise;11;Île-de-France
201900002294;138Â 302Â 246;A01;10.0;3;3.0;1.0;1979.0;4.0;8.0;4.0;;2.0;9;3.0;;3.0;13.0;0.0;1.0;4.0;23.0;1.0;;19;9;2019;09:00;1.0;91;91027;2;1.0;1.0;7.0;MORANGIS (AVENUE DE);48,7056300;2,3612200;4;MORANGIS (AVENUE DE);0.0;;1.0;0;0.0;1.0;0;0;1.0;;;1.0;0.0;1.0;50.0;Essonne;11;Île-de-France
201900002294;138Â 302Â 246;A01;1.0;1;1.0;1.0;1988.0;4.0;1.0;0.0;;0.0;0;;;3.0;13.0;0.0;1.0;4.0;23.0;1.0;;19;9;2019;09:00;1.0;91;91027;2;1.0;1.0;7.0;MORANGIS (AVENUE DE);48,7056300;2,3612200;4;MORANGIS (AVENUE DE);0.0;;1.0;0;0.0;1.0;0;0;1.0;;;1.0;0.0;1.0;50.0;Essonne;11;Île-de-France
201900002295;138Â 302Â 245;A01;1.0;1;2.0;1.0;1981.0;0.0;1.0;8.0;;0.0;0;;;3.0;7.0;12.0;0.0;1.0;2.0;0.0;;19;9;2019;05:11;3.0;91;91103;2;9.0;1.0;7.0;CD 19;48,5940000;2,3110000;3;19;0.0;;;4;0.0;1.0;(1);(1);1.0;;;1.0;0.0;1.0;50.0;Essonne;11;Île-de-France
201900002296;138Â 302Â 243;A01;1.0;1;3.0;1.0;1999.0;9.0;2.0;0.0;;0.0;0;;;0.0;33.0;0.0;2.0;7.0;5.0;0.0;;19;9;2019;17:57;1.0;90;90032;2;1.0;1.0;3.0;VERDUN (RUE DE);47,6177600;6,8523300;4;VERDUN (RUE DE);0.0;;2.0;2;0.0;2.0;0;0;1.0;;;1.0;0.0;1.0;50.0;Territoire de Belfort;27;Bourgogne-Franche-Comté
201900002296;138Â 302Â 244;B01;2.0;2;1.0;2.0;1986.0;9.0;1.0;8.0;;; -1;;;0.0;3.0;0.0;6.0;8.0;2.0;1.0;;19;9;2019;17:57;1.0;90;90032;2;1.0;1.0;3.0;VERDUN (RUE DE);47,6177600;6,8523300;4;VERDUN (RUE DE);0.0;;2.0;2;0.0;2.0;0;0;1.0;;;1.0;0.0;1.0;50.0;Territoire de Belfort;27;Bourgogne-Franche-Comté