Num_Acc;id_vehicule;num_veh;place;catu;grav;sexe;an_nais;trajet;secu1;secu2;secu3;locp;actp;etatp;id_usager;senc;catv;obs;obsm;choc;manv;motor;occutc;jour;mois;an;hrmn;lum;dep;com;agg;int;atm;col;adr;lat;long;catr;voie;v1;v2;circ;nbv;vosp;prof;pr;pr1;plan;lartpc;larrout;surf;infra;situ;vma;nom_departement;reg;nom_region
201900002296;138Â 302Â 244;B01;1.0;1;1.0;1.0;1989.0;9.0;1.0;8.0;;; -1;;;0.0;3.0;0.0;6.0;8.0;2.0;1.0;;19;9;2019;17:57;1.0;90;90032;2;1.0;1.0;3.0;VERDUN (RUE DE);47,6177600;6,8523300;4;VERDUN (RUE DE);0.0;;2.0;2;0.0;2.0;0;0;1.0;;;1.0;0.0;1.0;50.0;Territoire de Belfort;27;Bourgogne-Franche-Comté
201900002297;138Â 302Â 241;B01;2.0;2;1.0;2.0;1991.0;5.0;1.0;0.0;;; -1;;;1.0;7.0;0.0;2.0;3.0;15.0;1.0;;18;9;2019;18:35;1.0;88;88160;2;2.0;1.0;3.0;CORVEES (RUE DES);48,1661800;6,4570900;4;CORVEES (RUE DES);0.0;;2.0;2;0.0;3.0;0;0;1.0;;;1.0;0.0;1.0;50.0;Vosges;44;Grand Est
201900002297;138Â 302Â 241;B01;1.0;1;1.0;1.0;1985.0;5.0;1.0;0.0;;; -1;;;1.0;7.0;0.0;2.0;3.0;15.0;1.0;;18;9;2019;18:35;1.0;88;88160;2;2.0;1.0;3.0;CORVEES (RUE DES);48,1661800;6,4570900;4;CORVEES (RUE DES);0.0;;2.0;2;0.0;3.0;0;0;1.0;;;1.0;0.0;1.0;50.0;Vosges;44;Grand Est
201900002297;138Â 302Â 242;A01;1.0;1;2.0;1.0;1967.0;4.0;2.0;8.0;;; -1;;;1.0;33.0;0.0;2.0;1.0;1.0;1.0;;18;9;2019;18:35;1.0;88;88160;2;2.0;1.0;3.0;CORVEES (RUE DES);48,1661800;6,4570900;4;CORVEES (RUE DES);0.0;;2.0;2;0.0;3.0;0;0;1.0;;;1.0;0.0;1.0;50.0;Vosges;44;Grand Est
201900002298;138Â 302Â 240;A01;10.0;3;2.0;2.0;1959.0;5.0;0.0;;;2.0;3;1.0;;1.0;7.0;0.0;1.0;3.0;1.0;1.0;;19;9;2019;08:28;1.0;87;87085;2;1.0;1.0;6.0;CARMES (PLACE DES);45,8300100;1,2502200;4;CARMES (PLACE DES);0.0;;4.0;2;0.0;1.0;0;0;1.0;;;1.0;0.0;1.0;50.0;Haute-Vienne;75;Nouvelle-Aquitaine
201900002298;138Â 302Â 240;A01;1.0;1;1.0;1.0;1996.0;2.0;1.0;;;0.0;0;;;1.0;7.0;0.0;1.0;3.0;1.0;1.0;;19;9;2019;08:28;1.0;87;87085;2;1.0;1.0;6.0;CARMES (PLACE DES);45,8300100;1,2502200;4;CARMES (PLACE DES);0.0;;4.0;2;0.0;1.0;0;0;1.0;;;1.0;0.0;1.0;50.0;Haute-Vienne;75;Nouvelle-Aquitaine
201900002299;138Â 302Â 239;A01;1.0;1;3.0;1.0;1985.0;5.0;1.0;8.0;;0.0;0;;;2.0;7.0;6.0;0.0;2.0;13.0;1.0;;17;9;2019;21:15;3.0;82;82121;1;1.0;1.0;6.0;ROUTE DE BORDEAUX;44,0464000;1,2984900;3;927 ;0.0;;2.0;2;0.0;1.0;5;330;2.0;;;1.0;0.0;1.0;70.0;Tarn-et-Garonne;76;Occitanie
201900002300;138Â 302Â 234;A01;1.0;1;3.0;2.0;1983.0;2.0;1.0;8.0;;0.0;3;;;2.0;7.0;0.0;1.0;2.0;16.0;1.0;;19;9;2019;16:50;1.0;78;78440;2;6.0;1.0;6.0;PLÃIADES (RUE DES);48,9779200;1,9139500;3;43;;;2.0;;;1.0;3;920;1.0;;;1.0;5.0;1.0;;Yvelines;11;Île-de-France
201900002300;138Â 302Â 234;A01;10.0;3;3.0;2.0;1951.0;3.0;8.0;0.0;;3.0;3;1.0;;2.0;7.0;0.0;1.0;2.0;16.0;1.0;;19;9;2019;16:50;1.0;78;78440;2;6.0;1.0;6.0;PLÃIADES (RUE DES);48,9779200;1,9139500;3;43;;;2.0;;;1.0;3;920;1.0;;;1.0;5.0;1.0;;Yvelines;11;Île-de-France
201900002301;138Â 302Â 231;C01;1.0;1;1.0;2.0;1985.0;9.0;1.0;0.0;;; -1;;;1.0;7.0;0.0;2.0;4.0;23.0;1.0;;18;9;2019;12:40;1.0;78;78440;2;3.0;1.0;4.0;MARECHAL FOCH (AVENUE DU);48,9890800;1,8983100;3;14;0.0;;4.0;3;0.0;1.0;4;600;1.0;;;1.0;5.0;1.0;50.0;Yvelines;11;Île-de-France
201900002301;138Â 302Â 231;C01;2.0;2;2.0;2.0;1948.0;0.0;1.0;0.0;;; -1;;;1.0;7.0;0.0;2.0;4.0;23.0;1.0;;18;9;2019;12:40;1.0;78;78440;2;3.0;1.0;4.0;MARECHAL FOCH (AVENUE DU);48,9890800;1,8983100;3;14;0.0;;4.0;3;0.0;1.0;4;600;1.0;;;1.0;5.0;1.0;50.0;Yvelines;11;Île-de-France
201900002301;138Â 302Â 232;B01;2.0;2;1.0;1.0;2009.0;9.0;1.0;0.0;;; -1;;;1.0;7.0;0.0;2.0;4.0;2.0;1.0;;18;9;2019;12:40;1.0;78;78440;2;3.0;1.0;4.0;MARECHAL FOCH (AVENUE DU);48,9890800;1,8983100;3;14;0.0;;4.0;3;0.0;1.0;4;600;1.0;;;1.0;5.0;1.0;50.0;Yvelines;11;Île-de-France
201900002301;138Â 302Â 232;B01;1.0;1;1.0;1.0;1959.0;5.0;1.0;0.0;;; -1;;;1.0;7.0;0.0;2.0;4.0;2.0;1.0;;18;9;2019;12:40;1.0;78;78440;2;3.0;1.0;4.0;MARECHAL FOCH (AVENUE DU);48,9890800;1,8983100;3;14;0.0;;4.0;3;0.0;1.0;4;600;1.0;;;1.0;5.0;1.0;50.0;Yvelines;11;Île-de-France
201900002301;138Â 302Â 233;A01;1.0;1;1.0;1.0;1994.0;9.0;1.0;0.0;;; -1;;;1.0;7.0;0.0;2.0;1.0;2.0;1.0;;18;9;2019;12:40;1.0;78;78440;2;3.0;1.0;4.0;MARECHAL FOCH (AVENUE DU);48,9890800;1,8983100;3;14;0.0;;4.0;3;0.0;1.0;4;600;1.0;;;1.0;5.0;1.0;50.0;Yvelines;11;Île-de-France
201900002302;138Â 302Â 227;A01;1.0;1;1.0;1.0;1984.0;1.0;1.0;8.0;;; -1;;;1.0;7.0;0.0;2.0;1.0;2.0;1.0;;19;9;2019;17:00;1.0;77;77284;2;1.0;1.0;2.0;BRIAND (RUE ARISTIDE);48,9562556;2,8859146;4;BRIAND (RUE ARISTIDE);0.0;;1.0;2;0.0;1.0;(1);(1);1.0;;;1.0;0.0;1.0;50.0;Seine-et-Marne;11;Île-de-France
201900002302;138Â 302Â 228;B01;1.0;1;1.0;2.0;1980.0;2.0;1.0;8.0;;;0;;;1.0;7.0;0.0;2.0;4.0;2.0;1.0;;19;9;2019;17:00;1.0;77;77284;2;1.0;1.0;2.0;BRIAND (RUE ARISTIDE);48,9562556;2,8859146;4;BRIAND (RUE ARISTIDE);0.0;;1.0;2;0.0;1.0;(1);(1);1.0;;;1.0;0.0;1.0;50.0;Seine-et-Marne;11;Île-de-France
201900002302;138Â 302Â 228;B01;3.0;2;2.0;2.0;2011.0;2.0;3.0;8.0;;;0;;;1.0;7.0;0.0;2.0;4.0;2.0;1.0;;19;9;2019;17:00;1.0;77;77284;2;1.0;1.0;2.0;BRIAND (RUE ARISTIDE);48,9562556;2,8859146;4;BRIAND (RUE ARISTIDE);0.0;;1.0;2;0.0;1.0;(1);(1);1.0;;;1.0;0.0;1.0;50.0;Seine-et-Marne;11;Île-de-France
201900002303;138Â 302Â 226;Z01;10.0;3;2.0;1.0;2017.0;9.0;0.0;0.0;0.0;3.0;3;2.0;;1.0;7.0;0.0;1.0;1.0;1.0;0.0;;13;9;2019;17:50;1.0;77;77464;2;1.0;1.0;6.0;D418-CLAYE  (RUE DE  );48,8840000;2,7080800;3;418;0.0;;2.0;2;0.0;2.0;9;340;1.0;;;1.0;0.0;1.0;50.0;Seine-et-Marne;11;Île-de-France
201900002304;138Â 302Â 223;B01;2.0;2;2.0;2.0;1997.0;5.0;2.0;8.0;;0.0;0;;;1.0;2.0;0.0;2.0;8.0;1.0;1.0;;18;9;2019;13:50;1.0;76;76351;2;2.0;1.0;3.0;STRASBOURG (BD);49,4927000;0,1166000;4;STRASBOURG (BD);0.0;;2.0;4;0.0;1.0;0;0;1.0;;;1.0;4.0;1.0;50.0;Seine-Maritime;28;Normandie
201900002304;138Â 302Â 223;B01;1.0;1;2.0;1.0;1992.0;5.0;2.0;8.0;;0.0;0;;;1.0;2.0;0.0;2.0;8.0;1.0;1.0;;18;9;2019;13:50;1.0;76;76351;2;2.0;1.0;3.0;STRASBOURG (BD);49,4927000;0,1166000;4;STRASBOURG (BD);0.0;;2.0;4;0.0;1.0;0;0;1.0;;;1.0;4.0;1.0;50.0;Seine-Maritime;28;Normandie
201900002304;138Â 302Â 224;A01;1.0;1;1.0;2.0;1971.0;4.0;1.0;8.0;;0.0;0;;;2.0;10.0;0.0;2.0;2.0;15.0;1.0;;18;9;2019;13:50;1.0;76;76351;2;2.0;1.0;3.0;STRASBOURG (BD);49,4927000;0,1166000;4;STRASBOURG (BD);0.0;;2.0;4;0.0;1.0;0;0;1.0;;;1.0;4.0;1.0;50.0;Seine-Maritime;28;Normandie
201900002305;138Â 302Â 219;A01;1.0;1;2.0;1.0;1959.0;4.0;1.0;8.0;;; -1;;;1.0;15.0;11.0;0.0;3.0;1.0;1.0;;18;9;2019;02:30;5.0;76;76351;2;3.0;1.0;6.0;JULES DURAND (BD);49,4894000;0,1547200;3;481;0.0;;;2;0.0;1.0;1;870;1.0;;;1.0;0.0;1.0;50.0;Seine-Maritime;28;Normandie
201900002306;138Â 302Â 218;A01;10.0;3;2.0;1.0;1994.0;9.0;8.0;0.0;;9.0;0;;;2.0;7.0;1.0;1.0;3.0;1.0;1.0;;17;9;2019;19:45;1.0;76;76351;2;1.0;1.0;6.0;JULES DURAND (BD);49,4893000;0,1540000;3;481;0.0;;2.0;2;0.0;1.0;1;800;1.0;;;1.0;0.0;1.0;50.0;Seine-Maritime;28;Normandie
201900002306;138Â 302Â 218;A01;10.0;3;2.0;1.0;1974.0;9.0;8.0;0.0;;9.0;0;;;2.0;7.0;1.0;1.0;3.0;1.0;1.0;;17;9;2019;19:45;1.0;76;76351;2;1.0;1.0;6.0;JULES DURAND (BD);49,4893000;0,1540000;3;481;0.0;;2.0;2;0.0;1.0;1;800;1.0;;;1.0;0.0;1.0;50.0;Seine-Maritime;28;Normandie
201900002306;138Â 302Â 218;A01;1.0;1;1.0;1.0;1999.0;5.0;1.0;7.0;;0.0;0;;;2.0;7.0;1.0;1.0;3.0;1.0;1.0;;17;9;2019;19:45;1.0;76;76351;2;1.0;1.0;6.0;JULES DURAND (BD);49,4893000;0,1540000;3;481;0.0;;2.0;2;0.0;1.0;1;800;1.0;;;1.0;0.0;1.0;50.0;Seine-Maritime;28;Normandie
201900002307;138Â 302Â 212;A01;1.0;1;1.0;1.0;1983.0;1.0;1.0;8.0;;;0;;;3.0;7.0;0.0;2.0;3.0;19.0;1.0;;19;9;2019;17:40;1.0;74;74118;2;3.0;1.0;3.0;DE GAULLE (RUE CHARLES);46,1656900;6,1879000;3;1206;0.0;;2.0;2;0.0;1.0;26;600;1.0;;;1.0;0.0;1.0;50.0;Haute-Savoie;84;Auvergne-Rhône-Alpes
201900002307;138Â 302Â 213;B01;2.0;2;1.0;1.0;2003.0;5.0;2.0;8.0;;;0;;;2.0;33.0;0.0;2.0;1.0;17.0;1.0;;19;9;2019;17:40;1.0;74;74118;2;3.0;1.0;3.0;DE GAULLE (RUE CHARLES);46,1656900;6,1879000;3;1206;0.0;;2.0;2;0.0;1.0;26;600;1.0;;;1.0;0.0;1.0;50.0;Haute-Savoie;84;Auvergne-Rhône-Alpes
201900002307;138Â 302Â 213;B01;1.0;1;2.0;1.0;1960.0;5.0;2.0;8.0;;;0;;;2.0;33.0;0.0;2.0;1.0;17.0;1.0;;19;9;2019;17:40;1.0;74;74118;2;3.0;1.0;3.0;DE GAULLE (RUE CHARLES);46,1656900;6,1879000;3;1206;0.0;;2.0;2;0.0;1.0;26;600;1.0;;;1.0;0.0;1.0;50.0;Haute-Savoie;84;Auvergne-Rhône-Alpes
201900002308;138Â 302Â 210;A01;1.0;1;1.0;1.0;1974.0;1.0;1.0;8.0;;;0;;;2.0;7.0;0.0;2.0;3.0;19.0;1.0;;19;9;2019;13:20;1.0;74;74012;2;4.0;1.0;3.0;VERDUN (AVENUE DE);46,1905300;6,2426200;4;VERDUN (AVENUE DE);0.0;;3.0;4;0.0;1.0;0;1;1.0;;;1.0;0.0;2.0;50.0;Haute-Savoie;84;Auvergne-Rhône-Alpes
201900002308;138Â 302Â 211;B01;1.0;1;2.0;1.0;2001.0;5.0;2.0;8.0;;;0;;;2.0;2.0;0.0;2.0;1.0;1.0;1.0;;19;9;2019;13:20;1.0;74;74012;2;4.0;1.0;3.0;VERDUN (AVENUE DE);46,1905300;6,2426200;4;VERDUN (AVENUE DE);0.0;;3.0;4;0.0;1.0;0;1;1.0;;;1.0;0.0;2.0;50.0;Haute-Savoie;84;Auvergne-Rhône-Alpes
201900002309;138Â 302Â 208;A01;1.0;1;2.0;2.0;1959.0;0.0;1.0;0.0;;0.0;0;;;2.0;7.0;0.0;2.0;2.0;1.0;1.0;;19;9;2019;10:05;1.0;72;72181;2;2.0;1.0;3.0;COQUELICOTS (RUE DES);47,9959300;0,2067400;7;COQUELICOTS (RUE DES);0.0;;2.0;2;0.0;1.0;0;0;1.0;;;1.0;0.0;1.0;50.0;Sarthe;52;Pays de la Loire
201900002309;138Â 302Â 209;B01;1.0;1;2.0;1.0;1970.0;4.0;1.0;0.0;;0.0;0;;;2.0;10.0;0.0;2.0;3.0;1.0;1.0;;19;9;2019;10:05;1.0;72;72181;2;2.0;1.0;3.0;COQUELICOTS (RUE DES);47,9959300;0,2067400;7;COQUELICOTS (RUE DES);0.0;;2.0;2;0.0;1.0;0;0;1.0;;;1.0;0.0;1.0;50.0;Sarthe;52;Pays de la Loire
201900002310;138Â 302Â 206;A01;1.0;1;1.0;2.0;1970.0;1.0;1.0;0.0;;0.0;0;;;3.0;7.0;0.0;2.0;1.0;1.0;1.0;;18;9;2019;18:00;1.0;72;72181;2;6.0;1.0;3.0;BEAUGE (RUE DE);48,0115500;0,1580100;7;BEAUGE (RUE DE);0.0;;2.0;4;2.0;1.0;0;0;1.0;;;1.0;0.0;1.0;50.0;Sarthe;52;Pays de la Loire
201900002310;138Â 302Â 207;B01;1.0;1;2.0;2.0;1977.0;0.0;1.0;0.0;;0.0;0;;;3.0;7.0;0.0;2.0;7.0;1.0;1.0;;18;9;2019;18:00;1.0;72;72181;2;6.0;1.0;3.0;BEAUGE (RUE DE);48,0115500;0,1580100;7;BEAUGE (RUE DE);0.0;;2.0;4;2.0;1.0;0;0;1.0;;;1.0;0.0;1.0;50.0;Sarthe;52;Pays de la Loire
201900002311;138Â 302Â 205;A01;1.0;1;1.0;1.0;1997.0;0.0;1.0;0.0;;0.0;0;;;1.0;7.0;0.0;1.0;3.0;17.0;1.0;;14;9;2019;22:43;5.0;69;69266;2;1.0;1.0;6.0;ROGER SALENGRO     (Avenue);45,7815600;4,8864500;4;ROGER SALENGRO     (Avenue);0.0;;2.0;4;0.0;1.0;0;0;1.0;;;1.0;0.0;1.0;50.0;Rhône;84;Auvergne-Rhône-Alpes
201900002311;138Â 302Â 205;A01;10.0;3;3.0;1.0;1973.0;0.0;0.0;;;4.0;3;1.0;;1.0;7.0;0.0;1.0;3.0;17.0;1.0;;14;9;2019;22:43;5.0;69;69266;2;1.0;1.0;6.0;ROGER SALENGRO     (Avenue);45,7815600;4,8864500;4;ROGER SALENGRO     (Avenue);0.0;;2.0;4;0.0;1.0;0;0;1.0;;;1.0;0.0;1.0;50.0;Rhône;84;Auvergne-Rhône-Alpes
201900002312;138Â 302Â 201;A01;10.0;3;2.0;1.0;2006.0;2.0;8.0;0.0;;8.0;1;1.0;;3.0;7.0;0.0;1.0;0.0;0.0;0.0;;10;9;2019;15:30;1.0;68;68066;2;1.0;1.0;6.0;9 rue de zurich;48,0730760;7,3319320;9;;0.0;;;0;0.0;1.0;1;0;1.0;;;1.0;6.0;1.0;1.0;Haut-Rhin;44;Grand Est
201900002313;138Â 302Â 199;B01;1.0;1;1.0;2.0;1993.0;0.0;1.0;8.0;;;0;;;2.0;7.0;0.0;2.0;3.0;1.0;1.0;;18;9;2019;21:05;5.0;67;67482;2;3.0;1.0;3.0;ENGELBREIT (RUE DE L );48,5809140;7,7075000;4;ENGELBREIT (RUE DE L );0.0;;2.0;2;0.0;1.0;0;0;1.0;;;1.0;0.0;1.0;50.0;Bas-Rhin;44;Grand Est
201900002313;138Â 302Â 200;A01;1.0;1;2.0;1.0;1981.0;0.0;8.0;0.0;;;0;;;1.0;30.0;0.0;2.0;0.0;1.0;1.0;;18;9;2019;21:05;5.0;67;67482;2;3.0;1.0;3.0;ENGELBREIT (RUE DE L );48,5809140;7,7075000;4;ENGELBREIT (RUE DE L );0.0;;2.0;2;0.0;1.0;0;0;1.0;;;1.0;0.0;1.0;50.0;Bas-Rhin;44;Grand Est
201900002314;138Â 302Â 197;A01;1.0;1;3.0;1.0;1974.0;0.0;8.0;0.0;;;0;;;1.0;50.0;0.0;2.0;1.0;19.0;3.0;;18;9;2019;17:11;1.0;67;67482;2;1.0;1.0;3.0;NEUHOF (ROUTE);48,5557850;7,7666840;4;NEUHOF (ROUTE);0.0;;2.0;2;1.0;1.0;0;0;3.0;;;1.0;0.0;1.0;50.0;Bas-Rhin;44;Grand Est
201900002314;138Â 302Â 198;B01;1.0;1;1.0;2.0;1988.0;4.0;1.0;8.0;;;0;;;2.0;37.0;0.0;2.0;7.0;16.0;6.0;1.0;18;9;2019;17:11;1.0;67;67482;2;1.0;1.0;3.0;NEUHOF (ROUTE);48,5557850;7,7666840;4;NEUHOF (ROUTE);0.0;;2.0;2;1.0;1.0;0;0;3.0;;;1.0;0.0;1.0;50.0;Bas-Rhin;44;Grand Est
201900002315;138Â 302Â 195;B01;1.0;1;1.0;1.0;2001.0;0.0;1.0;8.0;;;0;;;2.0;7.0;0.0;2.0;2.0;1.0;1.0;;18;9;2019;14:25;1.0;67;67482;2;1.0;1.0;3.0;PERIGUEUX (RUE DE);48,5484370;7,7687140;4;PERIGUEUX (RUE DE);0.0;;;2;0.0;1.0;0;0;1.0;;;1.0;0.0;1.0;50.0;Bas-Rhin;44;Grand Est
201900002315;138Â 302Â 196;A01;1.0;1;2.0;1.0;2000.0;0.0;8.0;8.0;;;0;;;1.0;2.0;0.0;2.0;1.0;25.0;1.0;;18;9;2019;14:25;1.0;67;67482;2;1.0;1.0;3.0;PERIGUEUX (RUE DE);48,5484370;7,7687140;4;PERIGUEUX (RUE DE);0.0;;;2;0.0;1.0;0;0;1.0;;;1.0;0.0;1.0;50.0;Bas-Rhin;44;Grand Est
201900002316;138Â 302Â 194;A01;10.0;3;3.0;2.0;1943.0;5.0;8.0;0.0;;2.0;3;1.0;;1.0;7.0;0.0;1.0;1.0;15.0;1.0;;19;9;2019;07:35;1.0;66;66136;2;1.0;1.0;6.0;SAINT-ASSISCLE (BOULEVARD DE);42,6987000;2,8778100;4;SAINT-ASSISCLE (BOULEVARD DE);0.0;;2.0;1;0.0;1.0;0;0;1.0;;;1.0;0.0;1.0;50.0;Pyrénées-Orientales;76;Occitanie
201900002316;138Â 302Â 194;A01;1.0;1;1.0;1.0;1996.0;9.0;1.0;8.0;;0.0;0;;;1.0;7.0;0.0;1.0;1.0;15.0;1.0;;19;9;2019;07:35;1.0;66;66136;2;1.0;1.0;6.0;SAINT-ASSISCLE (BOULEVARD DE);42,6987000;2,8778100;4;SAINT-ASSISCLE (BOULEVARD DE);0.0;;2.0;1;0.0;1.0;0;0;1.0;;;1.0;0.0;1.0;50.0;Pyrénées-Orientales;76;Occitanie
201900002317;138Â 302Â 190;B01;1.0;1;2.0;2.0;1973.0;1.0;2.0;0.0;;0.0;0;;;1.0;30.0;0.0;2.0;4.0;1.0;1.0;;19;9;2019;13:50;1.0;64;64445;2;6.0;1.0;2.0;D817;43,3188185; -0,3073158;3;817;0.0;;2.0;2;0.0;1.0;23;753;1.0;;;1.0;0.0;3.0;50.0;Pyrénées-Atlantiques;75;Nouvelle-Aquitaine
201900002317;138Â 302Â 191;A01;1.0;1;1.0;2.0;1978.0;4.0;1.0;0.0;;0.0;0;;;1.0;7.0;0.0;2.0;2.0;2.0;1.0;;19;9;2019;13:50;1.0;64;64445;2;6.0;1.0;2.0;D817;43,3188185; -0,3073158;3;817;0.0;;2.0;2;0.0;1.0;23;753;1.0;;;1.0;0.0;3.0;50.0;Pyrénées-Atlantiques;75;Nouvelle-Aquitaine
201900002318;138Â 302Â 188;B01;1.0;1;2.0;2.0;1979.0;5.0;8.0;0.0;;0.0;0;;;1.0;1.0;0.0;0.0;0.0;1.0;5.0;;17;9;2019;11:40;1.0;64;64122;2;1.0;1.0;6.0;MADRID (RUE DE);43,4703700; -1,5688600;4;MADRID (RUE DE);0.0;;1.0;2;1.0;2.0;0;0;1.0;;;1.0;0.0;1.0;50.0;Pyrénées-Atlantiques;75;Nouvelle-Aquitaine
201900002318;138Â 302Â 189;A01;1.0;1;1.0;1.0;1948.0;4.0;1.0;0.0;;0.0;0;;;1.0;7.0;0.0;0.0;0.0;16.0;1.0;;17;9;2019;11:40;1.0;64;64122;2;1.0;1.0;6.0;MADRID (RUE DE);43,4703700; -1,5688600;4;MADRID (RUE DE);0.0;;1.0;2;1.0;2.0;0;0;1.0;;;1.0;0.0;1.0;50.0;Pyrénées-Atlantiques;75;Nouvelle-Aquitaine
201900002319;138Â 302Â 186;B01;1.0;1;1.0;2.0;1968.0;1.0;1.0;0.0;;0.0;0;;;1.0;7.0;0.0;2.0;3.0;15.0;1.0;;18;9;2019;17:40;1.0;64;64024;2;3.0;1.0;3.0;CHAMBRE D'AMOUR (AVENUE DE LA);43,4950697; -1,5336365;4;CHAMBRE D'AMOUR (AVENUE DE LA);0.0;;2.0;2;0.0;1.0;0;0;1.0;;;1.0;0.0;3.0;50.0;Pyrénées-Atlantiques;75;Nouvelle-Aquitaine
201900002319;138Â 302Â 187;A01;1.0;1;2.0;1.0;2003.0;5.0;2.0;6.0;;0.0;0;;;1.0;30.0;0.0;2.0;1.0;17.0;1.0;;18;9;2019;17:40;1.0;64;64024;2;3.0;1.0;3.0;CHAMBRE D'AMOUR (AVENUE DE LA);43,4950697; -1,5336365;4;CHAMBRE D'AMOUR (AVENUE DE LA);0.0;;2.0;2;0.0;1.0;0;0;1.0;;;1.0;0.0;3.0;50.0;Pyrénées-Atlantiques;75;Nouvelle-Aquitaine
201900002320;138Â 302Â 185;A01;1.0;1;2.0;1.0;1991.0;0.0;8.0;0.0;;0.0;0;;;1.0;32.0;0.0;0.0;0.0;1.0;1.0;;18;9;2019;16:05;1.0;64;64024;2;1.0;1.0;7.0;EUSKADI (RUE DE L');43,4924200; -1,5021800;4;EUSKADI (RUE DE L');0.0;;1.0;1;0.0;1.0;0;0;1.0;;;1.0;0.0;1.0;50.0;Pyrénées-Atlantiques;75;Nouvelle-Aquitaine
201900002321;138Â 302Â 183;A01;1.0;1;2.0;1.0;1987.0;1.0;1.0;8.0;;0.0;0;;;1.0;7.0;0.0;2.0;7.0;1.0;1.0;;6;9;2019;17:45;1.0;61;61006;2;2.0;1.0;3.0;PETITS FOSSES (RUE DES) NÂ° 1 A NÂ° 9;48,7493400; -0,0232480;3;926;0.0;;2.0;4;0.0;1.0;63;800;1.0;;;1.0;5.0;1.0;70.0;Orne;28;Normandie
201900002321;138Â 302Â 184;B01;1.0;1;1.0;1.0;1956.0;5.0;1.0;8.0;;0.0;0;;;1.0;7.0;0.0;2.0;7.0;15.0;2.0;;6;9;2019;17:45;1.0;61;61006;2;2.0;1.0;3.0;PETITS FOSSES (RUE DES) NÂ° 1 A NÂ° 9;48,7493400; -0,0232480;3;926;0.0;;2.0;4;0.0;1.0;63;800;1.0;;;1.0;5.0;1.0;70.0;Orne;28;Normandie
201900002322;138Â 302Â 180;A01;1.0;1;1.0;2.0;1930.0;5.0;1.0;8.0;;0.0;0;;;3.0;7.0;0.0;1.0;4.0;20.0;1.0;;18;9;2019;14:45;1.0;56;56098;2;1.0;1.0;6.0;Rue Paul Claudel;47,7733655; -3,3433414;6;Rue Paul Claudel;0.0;;;0;0.0;1.0;0;0;1.0;;;1.0;9.0;1.0;30.0;Morbihan;53;Bretagne
201900002322;138Â 302Â 180;A01;10.0;3;2.0;1.0;1988.0;4.0;8.0;0.0;;2.0;9;2.0;;3.0;7.0;0.0;1.0;4.0;20.0;1.0;;18;9;2019;14:45;1.0;56;56098;2;1.0;1.0;6.0;Rue Paul Claudel;47,7733655; -3,3433414;6;Rue Paul Claudel;0.0;;;0;0.0;1.0;0;0;1.0;;;1.0;9.0;1.0;30.0;Morbihan;53;Bretagne
201900002323;138Â 302Â 179;A01;1.0;1;1.0;2.0;1997.0;5.0;1.0;8.0;;0.0;0;;;1.0;7.0;0.0;1.0;1.0;1.0;1.0;;18;9;2019;10:24;1.0;56;56121;2;2.0;1.0;6.0;BOVE ( COURS DE LA );47,7464100; -3,3597300;4;BOVE ( COURS DE LA );0.0;;2.0;2;0.0;2.0;0;0;1.0;;;1.0;0.0;1.0;50.0;Morbihan;53;Bretagne
201900002323;138Â 302Â 179;A01;10.0;3;3.0;2.0;1933.0;5.0;8.0;0.0;;3.0;3;1.0;;1.0;7.0;0.0;1.0;1.0;1.0;1.0;;18;9;2019;10:24;1.0;56;56121;2;2.0;1.0;6.0;BOVE ( COURS DE LA );47,7464100; -3,3597300;4;BOVE ( COURS DE LA );0.0;;2.0;2;0.0;2.0;0;0;1.0;;;1.0;0.0;1.0;50.0;Morbihan;53;Bretagne
201900002324;138Â 302Â 177;B01;1.0;1;1.0;1.0;1952.0;0.0;1.0;0.0;;;0;;;1.0;7.0;0.0;2.0;1.0;1.0;1.0;;19;9;2019;18:30;1.0;54;54395;2;1.0;1.0;3.0;MOUILLERON (RUE GABRIEL);48,6853000;6,1770000;4;MOUILLERON (RUE GABRIEL);0.0;;;2;1.0;1.0;0;0;1.0;;;1.0;0.0;1.0;30.0;Meurthe-et-Moselle;44;Grand Est
201900002324;138Â 302Â 178;A01;1.0;1;2.0;1.0;1992.0;0.0;2.0;0.0;;;0;;;1.0;31.0;0.0;2.0;1.0;9.0;1.0;;19;9;2019;18:30;1.0;54;54395;2;1.0;1.0;3.0;MOUILLERON (RUE GABRIEL);48,6853000;6,1770000;4;MOUILLERON (RUE GABRIEL);0.0;;;2;1.0;1.0;0;0;1.0;;;1.0;0.0;1.0;30.0;Meurthe-et-Moselle;44;Grand Est
201900002325;138Â 302Â 176;A01;1.0;1;1.0;1.0;1998.0;0.0;1.0;0.0;;0.0;0;;;1.0;7.0;0.0;1.0;0.0;1.0;1.0;;19;9;2019;12:00;1.0;54;54304;2;3.0;1.0;7.0;VOLTAIRE (RUE);48,6813200;6,1612700;4;VOLTAIRE (RUE);0.0;;1.0;2;0.0;1.0;0;0;1.0;;;1.0;0.0;1.0;50.0;Meurthe-et-Moselle;44;Grand Est
201900002325;138Â 302Â 176;A01;10.0;3;2.0;2.0;1995.0;0.0;8.0;0.0;;2.0;3;1.0;;1.0;7.0;0.0;1.0;0.0;1.0;1.0;;19;9;2019;12:00;1.0;54;54304;2;3.0;1.0;7.0;VOLTAIRE (RUE);48,6813200;6,1612700;4;VOLTAIRE (RUE);0.0;;1.0;2;0.0;1.0;0;0;1.0;;;1.0;0.0;1.0;50.0;Meurthe-et-Moselle;44;Grand Est