Num_Acc;id_vehicule;num_veh;place;catu;grav;sexe;an_nais;trajet;secu1;secu2;secu3;locp;actp;etatp;id_usager;senc;catv;obs;obsm;choc;manv;motor;occutc;jour;mois;an;hrmn;lum;dep;com;agg;int;atm;col;adr;lat;long;catr;voie;v1;v2;circ;nbv;vosp;prof;pr;pr1;plan;lartpc;larrout;surf;infra;situ;vma;nom_departement;reg;nom_region
201900002326;138Â 302Â 174;B01;1.0;1;2.0;1.0;1976.0;4.0;1.0;0.0;;;0;;;1.0;37.0;0.0;2.0;1.0;1.0;1.0;1.0;19;9;2019;09:22;1.0;54;54395;2;1.0;1.0;1.0;HUGO (RUE VICTOR);48,6899400;6,1693800;4;HUGO (RUE VICTOR);0.0;;1.0;3;3.0;1.0;0;0;1.0;;;1.0;0.0;1.0;50.0;Meurthe-et-Moselle;44;Grand Est
201900002326;138Â 302Â 175;A01;1.0;1;1.0;2.0;1978.0;0.0;1.0;0.0;;;0;;;1.0;7.0;0.0;2.0;1.0;5.0;1.0;;19;9;2019;09:22;1.0;54;54395;2;1.0;1.0;1.0;HUGO (RUE VICTOR);48,6899400;6,1693800;4;HUGO (RUE VICTOR);0.0;;1.0;3;3.0;1.0;0;0;1.0;;;1.0;0.0;1.0;50.0;Meurthe-et-Moselle;44;Grand Est
201900002327;138Â 302Â 172;A01;1.0;1;2.0;1.0;2001.0;0.0;2.0;0.0;;;0;;;3.0;2.0;0.0;2.0;3.0;2.0;1.0;;18;9;2019;12:00;1.0;51;51454;2;3.0;1.0;3.0;AVENUE BREBANT;49,2583986;4,0107103;4;AVENUE BREBANT;0.0;;2.0;2;0.0;1.0;(1);(1);1.0;;;1.0;0.0;1.0;50.0;Marne;44;Grand Est
201900002327;138Â 302Â 173;B01;1.0;1;1.0;2.0;1961.0;0.0;1.0;0.0;;;0;;;3.0;7.0;0.0;2.0;7.0;16.0;1.0;;18;9;2019;12:00;1.0;51;51454;2;3.0;1.0;3.0;AVENUE BREBANT;49,2583986;4,0107103;4;AVENUE BREBANT;0.0;;2.0;2;0.0;1.0;(1);(1);1.0;;;1.0;0.0;1.0;50.0;Marne;44;Grand Est
201900002328;138Â 302Â 170;A01;1.0;1;1.0;2.0;1988.0;1.0;1.0;8.0;;0.0;0;;;1.0;7.0;0.0;2.0;2.0;1.0;1.0;;17;9;2019;20:20;5.0;50;50602;2;2.0;1.0;3.0;BECQUET (RUE DU);49,6529700; -1,5522800;3;116;0.0;;2.0;2;0.0;1.0;0;0;1.0;;;1.0;0.0;1.0;50.0;Manche;28;Normandie
201900002328;138Â 302Â 171;B01;1.0;1;2.0;1.0;1963.0;5.0;1.0;8.0;;0.0;0;;;1.0;7.0;0.0;2.0;2.0;16.0;1.0;;17;9;2019;20:20;5.0;50;50602;2;2.0;1.0;3.0;BECQUET (RUE DU);49,6529700; -1,5522800;3;116;0.0;;2.0;2;0.0;1.0;0;0;1.0;;;1.0;0.0;1.0;50.0;Manche;28;Normandie
201900002329;138Â 302Â 168;A01;1.0;1;1.0;1.0;1960.0;0.0;1.0;8.0;;;0;;;1.0;7.0;0.0;2.0;8.0;0.0;1.0;;18;9;2019;18:25;1.0;49;49007;2;1.0;1.0;3.0;VILLOUTREYS;47,4599500; -0,5243300;4;VILLOUTREYS;0.0;;2.0;2;0.0;1.0;0;0;1.0;;;1.0;0.0;1.0;60.0;Maine-et-Loire;52;Pays de la Loire
201900002329;138Â 302Â 169;B01;1.0;1;3.0;2.0;1996.0;5.0;8.0;0.0;;;0;;;1.0;80.0;0.0;2.0;4.0;0.0;3.0;;18;9;2019;18:25;1.0;49;49007;2;1.0;1.0;3.0;VILLOUTREYS;47,4599500; -0,5243300;4;VILLOUTREYS;0.0;;2.0;2;0.0;1.0;0;0;1.0;;;1.0;0.0;1.0;60.0;Maine-et-Loire;52;Pays de la Loire
201900002330;138Â 302Â 165;C01;3.0;2;2.0;1.0;2013.0;5.0;1.0;8.0;;;0;;;1.0;7.0;0.0;2.0;4.0;0.0;1.0;;18;9;2019;17:49;1.0;49;49007;2;1.0;1.0;4.0;MONPLAISIR BOULEVARD;47,4910100; -0,5277800;4;MONPLAISIR BOULEVARD;0.0;;2.0;2;0.0;1.0;0;0;1.0;;;1.0;0.0;1.0;60.0;Maine-et-Loire;52;Pays de la Loire
201900002330;138Â 302Â 165;C01;1.0;1;2.0;2.0;1983.0;5.0;1.0;8.0;;;0;;;1.0;7.0;0.0;2.0;4.0;0.0;1.0;;18;9;2019;17:49;1.0;49;49007;2;1.0;1.0;4.0;MONPLAISIR BOULEVARD;47,4910100; -0,5277800;4;MONPLAISIR BOULEVARD;0.0;;2.0;2;0.0;1.0;0;0;1.0;;;1.0;0.0;1.0;60.0;Maine-et-Loire;52;Pays de la Loire
201900002330;138Â 302Â 166;B01;1.0;1;1.0;2.0;1956.0;5.0;1.0;8.0;;;0;;;1.0;7.0;0.0;2.0;9.0;0.0;1.0;;18;9;2019;17:49;1.0;49;49007;2;1.0;1.0;4.0;MONPLAISIR BOULEVARD;47,4910100; -0,5277800;4;MONPLAISIR BOULEVARD;0.0;;2.0;2;0.0;1.0;0;0;1.0;;;1.0;0.0;1.0;60.0;Maine-et-Loire;52;Pays de la Loire
201900002330;138Â 302Â 167;A01;1.0;1;1.0;2.0;1987.0;5.0;1.0;8.0;;;0;;;1.0;7.0;0.0;2.0;1.0;0.0;1.0;;18;9;2019;17:49;1.0;49;49007;2;1.0;1.0;4.0;MONPLAISIR BOULEVARD;47,4910100; -0,5277800;4;MONPLAISIR BOULEVARD;0.0;;2.0;2;0.0;1.0;0;0;1.0;;;1.0;0.0;1.0;60.0;Maine-et-Loire;52;Pays de la Loire
201900002331;138Â 302Â 163;B01;2.0;2;2.0;2.0;1979.0;5.0;2.0;6.0;;0.0;0;;;1.0;33.0;0.0;2.0;8.0;1.0;1.0;;20;9;2019;01:45;5.0;45;45234;2;3.0;1.0;3.0;BD A MARTIN - PLACE DU DOCTEUR HALMAGRAND;47,9052328;1,9097789;4;PLACE DU DOCTEUR HALMAGRAND;0.0;;2.0;3;;1.0;(1);(1);1.0;;;1.0;5.0;1.0;50.0;Loiret;24;Centre-Val de Loire
201900002331;138Â 302Â 163;B01;1.0;1;3.0;1.0;1969.0;5.0;2.0;6.0;;0.0;0;;;1.0;33.0;0.0;2.0;8.0;1.0;1.0;;20;9;2019;01:45;5.0;45;45234;2;3.0;1.0;3.0;BD A MARTIN - PLACE DU DOCTEUR HALMAGRAND;47,9052328;1,9097789;4;PLACE DU DOCTEUR HALMAGRAND;0.0;;2.0;3;;1.0;(1);(1);1.0;;;1.0;5.0;1.0;50.0;Loiret;24;Centre-Val de Loire
201900002331;138Â 302Â 164;A01;1.0;1;1.0;1.0;1989.0;5.0;1.0;0.0;;0.0;0;;;2.0;7.0;0.0;2.0;1.0;26.0;1.0;;20;9;2019;01:45;5.0;45;45234;2;3.0;1.0;3.0;BD A MARTIN - PLACE DU DOCTEUR HALMAGRAND;47,9052328;1,9097789;4;PLACE DU DOCTEUR HALMAGRAND;0.0;;2.0;3;;1.0;(1);(1);1.0;;;1.0;5.0;1.0;50.0;Loiret;24;Centre-Val de Loire
201900002332;138Â 302Â 162;A01;10.0;3;2.0;2.0;2001.0;2.0;8.0;0.0;;3.0;3;1.0;;0.0;7.0;0.0;1.0;1.0;26.0;1.0;;19;9;2019;18:20;1.0;44;44162;2;1.0;1.0;6.0;RUE BENOIT FRACHON;47,2196300; -1,6214600;4;;0.0;;2.0;0;0.0;1.0;1;0;1.0;;;1.0;0.0;1.0;50.0;Loire-Atlantique;52;Pays de la Loire
201900002332;138Â 302Â 162;A01;1.0;1;1.0;2.0;1975.0;1.0;1.0;0.0;;0.0;0;;;0.0;7.0;0.0;1.0;1.0;26.0;1.0;;19;9;2019;18:20;1.0;44;44162;2;1.0;1.0;6.0;RUE BENOIT FRACHON;47,2196300; -1,6214600;4;;0.0;;2.0;0;0.0;1.0;1;0;1.0;;;1.0;0.0;1.0;50.0;Loire-Atlantique;52;Pays de la Loire
201900002333;138Â 302Â 160;B01;1.0;1;2.0;1.0;2002.0;5.0;2.0;6.0;;0.0; -1;;;2.0;2.0;0.0;2.0;7.0;1.0;1.0;;19;9;2019;08:00;1.0;41;41212;2;2.0;1.0;1.0;NATIONALE (ROUTE);47,5694100;1,3607900;3;956;0.0;B;2.0;4;1.0;3.0;2;532;1.0;;;1.0;0.0;1.0;50.0;Loir-et-Cher;24;Centre-Val de Loire
201900002333;138Â 302Â 161;A01;1.0;1;2.0;2.0;1974.0;1.0;1.0;0.0;;0.0; -1;;;1.0;7.0;0.0;2.0;3.0;15.0;1.0;;19;9;2019;08:00;1.0;41;41212;2;2.0;1.0;1.0;NATIONALE (ROUTE);47,5694100;1,3607900;3;956;0.0;B;2.0;4;1.0;3.0;2;532;1.0;;;1.0;0.0;1.0;50.0;Loir-et-Cher;24;Centre-Val de Loire
201900002334;138Â 302Â 158;B01;1.0;1;2.0;1.0;1986.0;0.0;2.0;0.0;;;0;;;3.0;30.0;0.0;2.0;7.0;2.0;1.0;;18;9;2019;15:50;1.0;35;35281;2;6.0;1.0;3.0;DODIN (AVENUE ROGER);48,0869000; -1,7070000;3;177;0.0;;1.0;2;0.0;1.0;23;900;2.0;;;1.0;0.0;1.0;50.0;Ille-et-Vilaine;53;Bretagne
201900002334;138Â 302Â 159;A01;1.0;1;1.0;1.0;1992.0;0.0;1.0;0.0;;; -1;;;1.0;7.0;0.0;2.0;2.0;2.0;1.0;;18;9;2019;15:50;1.0;35;35281;2;6.0;1.0;3.0;DODIN (AVENUE ROGER);48,0869000; -1,7070000;3;177;0.0;;1.0;2;0.0;1.0;23;900;2.0;;;1.0;0.0;1.0;50.0;Ille-et-Vilaine;53;Bretagne
201900002335;138Â 302Â 156;A01;1.0;1;1.0;1.0;1979.0;;1.0;;;0.0;0;;;1.0;7.0;0.0;2.0;1.0;12.0;1.0;;19;9;2019;21:20;5.0;34;34172;2;1.0;1.0;2.0;CHAMPLAIN (AVENUE SAMUEL);43,6070742;3,8892293;4;CHAMPLAIN (AVENUE SAMUEL);0.0;;3.0;4;0.0;1.0;(1);(1);1.0;;;1.0;0.0;1.0;50.0;Hérault;76;Occitanie
201900002335;138Â 302Â 157;B01;1.0;1;2.0;1.0;1983.0;5.0;2.0;8.0;;0.0;0;;;1.0;2.0;0.0;2.0;4.0;1.0;1.0;;19;9;2019;21:20;5.0;34;34172;2;1.0;1.0;2.0;CHAMPLAIN (AVENUE SAMUEL);43,6070742;3,8892293;4;CHAMPLAIN (AVENUE SAMUEL);0.0;;3.0;4;0.0;1.0;(1);(1);1.0;;;1.0;0.0;1.0;50.0;Hérault;76;Occitanie
201900002336;138Â 302Â 154;A01;1.0;1;1.0;1.0;1949.0;5.0;1.0;8.0;;0.0;0;;;2.0;7.0;0.0;2.0;8.0;13.0;1.0;;19;9;2019;18:30;1.0;34;34172;2;1.0;1.0;3.0;LIBERTE (AVENUE DE LA;43,6121600;3,8240200;3;15;0.0;;2.0;4;0.0;1.0;15;750;2.0;;;1.0;0.0;1.0;50.0;Hérault;76;Occitanie
201900002336;138Â 302Â 155;B01;2.0;2;2.0;1.0;1991.0;5.0;2.0;6.0;;0.0;0;;;2.0;30.0;0.0;2.0;2.0;17.0;1.0;;19;9;2019;18:30;1.0;34;34172;2;1.0;1.0;3.0;LIBERTE (AVENUE DE LA;43,6121600;3,8240200;3;15;0.0;;2.0;4;0.0;1.0;15;750;2.0;;;1.0;0.0;1.0;50.0;Hérault;76;Occitanie
201900002336;138Â 302Â 155;B01;1.0;1;1.0;1.0;2000.0;5.0;2.0;6.0;;0.0;0;;;2.0;30.0;0.0;2.0;2.0;17.0;1.0;;19;9;2019;18:30;1.0;34;34172;2;1.0;1.0;3.0;LIBERTE (AVENUE DE LA;43,6121600;3,8240200;3;15;0.0;;2.0;4;0.0;1.0;15;750;2.0;;;1.0;0.0;1.0;50.0;Hérault;76;Occitanie
201900002337;138Â 302Â 152;A01;1.0;1;2.0;2.0;1990.0;0.0;1.0;8.0;;0.0;0;;;1.0;7.0;0.0;4.0;1.0;13.0;1.0;;18;9;2019;17:45;1.0;34;34172;2;3.0;1.0;1.0;MAC LAREN (ALLEE AGNES);43,6387900;3,8593700;4;MAC LAREN (ALLEE AGNES);0.0;;1.0;1;0.0;1.0;(1);(1);1.0;;;1.0;0.0;1.0;50.0;Hérault;76;Occitanie
201900002337;138Â 302Â 152;A01;4.0;2;2.0;1.0;2019.0;0.0;1.0;0.0;;0.0;0;;;1.0;7.0;0.0;4.0;1.0;13.0;1.0;;18;9;2019;17:45;1.0;34;34172;2;3.0;1.0;1.0;MAC LAREN (ALLEE AGNES);43,6387900;3,8593700;4;MAC LAREN (ALLEE AGNES);0.0;;1.0;1;0.0;1.0;(1);(1);1.0;;;1.0;0.0;1.0;50.0;Hérault;76;Occitanie
201900002337;138Â 302Â 153;B01;1.0;1;2.0;1.0;2002.0;0.0;1.0;8.0;;0.0;0;;;2.0;3.0;0.0;2.0;1.0;1.0;1.0;;18;9;2019;17:45;1.0;34;34172;2;3.0;1.0;1.0;MAC LAREN (ALLEE AGNES);43,6387900;3,8593700;4;MAC LAREN (ALLEE AGNES);0.0;;1.0;1;0.0;1.0;(1);(1);1.0;;;1.0;0.0;1.0;50.0;Hérault;76;Occitanie
201900002338;138Â 302Â 151;A01;1.0;1;1.0;1.0;1941.0;0.0;8.0;0.0;;; -1;;;2.0;7.0;0.0;1.0;1.0;15.0;1.0;;11;7;2019;10:35;1.0;33;33063;2;3.0;1.0;6.0;R. du Grand Maurian / R. Frantz Schrader;44,8322250; -0,6098940;4;RUE DU GRAND MAURIAN;0.0;;1.0;2;2.0;1.0;0;0;1.0;;;1.0;0.0;1.0;50.0;Gironde;75;Nouvelle-Aquitaine
201900002338;138Â 302Â 151;A01;10.0;3;4.0;2.0;1930.0;5.0;8.0;0.0;;3.0;3;1.0;;2.0;7.0;0.0;1.0;1.0;15.0;1.0;;11;7;2019;10:35;1.0;33;33063;2;3.0;1.0;6.0;R. du Grand Maurian / R. Frantz Schrader;44,8322250; -0,6098940;4;RUE DU GRAND MAURIAN;0.0;;1.0;2;2.0;1.0;0;0;1.0;;;1.0;0.0;1.0;50.0;Gironde;75;Nouvelle-Aquitaine
201900002339;138Â 302Â 147;A01;1.0;1;1.0;1.0;1986.0;5.0;1.0;0.0;;; -1;;;2.0;7.0;0.0;2.0;1.0;1.0;1.0;;19;9;2019;22:50;5.0;13;13215;2;9.0;1.0;1.0;LE CHATELIER;43,3463200;5,3661200;4;LE CHATELIER;0.0;;2.0;3;0.0;2.0;0;0;1.0;;;1.0;9.0;1.0;50.0;Bouches-du-Rhône;93;Provence-Alpes-Côte d'Azur
201900002339;138Â 302Â 148;B01;1.0;1;2.0;2.0;1984.0;5.0;1.0;0.0;;; -1;;;1.0;7.0;0.0;2.0;1.0;15.0;1.0;;19;9;2019;22:50;5.0;13;13215;2;9.0;1.0;1.0;LE CHATELIER;43,3463200;5,3661200;4;LE CHATELIER;0.0;;2.0;3;0.0;2.0;0;0;1.0;;;1.0;9.0;1.0;50.0;Bouches-du-Rhône;93;Provence-Alpes-Côte d'Azur
201900002340;138Â 302Â 145;B01;1.0;1;1.0;2.0;1980.0;1.0;1.0;8.0;;;0;;;1.0;7.0;0.0;2.0;3.0;15.0;1.0;;19;9;2019;16:30;1.0;13;13206;2;3.0;1.0;3.0;LOUIS SALVATOR (BOULEVARD);43,2910848;5,3817818;4;LOUIS SALVATOR (BOULEVARD);0.0;;2.0;4;0.0;2.0;0;0;1.0;;;1.0;0.0;1.0;50.0;Bouches-du-Rhône;93;Provence-Alpes-Côte d'Azur
201900002340;138Â 302Â 146;A01;1.0;1;2.0;1.0;1987.0;1.0;2.0;8.0;;;0;;;1.0;32.0;0.0;2.0;2.0;17.0;1.0;;19;9;2019;16:30;1.0;13;13206;2;3.0;1.0;3.0;LOUIS SALVATOR (BOULEVARD);43,2910848;5,3817818;4;LOUIS SALVATOR (BOULEVARD);0.0;;2.0;4;0.0;2.0;0;0;1.0;;;1.0;0.0;1.0;50.0;Bouches-du-Rhône;93;Provence-Alpes-Côte d'Azur
201900002341;138Â 302Â 143;B01;1.0;1;2.0;1.0;1942.0;0.0;2.0;0.0;;; -1;;;0.0;34.0;0.0;0.0;3.0;0.0;0.0;;23;6;2019;10:00;1.0;13;13209;2;6.0;1.0;3.0;ROBERT BOUVIER (ROND-POINT);43,2525000;5,4217220;9;ROBERT BOUVIER (ROND-POINT);0.0;;1.0;0;0.0;1.0;1;0;2.0;;;1.0;0.0;1.0;50.0;Bouches-du-Rhône;93;Provence-Alpes-Côte d'Azur
201900002341;138Â 302Â 144;A01;1.0;1;1.0;1.0;1943.0;0.0;1.0;0.0;;; -1;;;0.0;7.0;0.0;2.0;1.0;0.0;0.0;;23;6;2019;10:00;1.0;13;13209;2;6.0;1.0;3.0;ROBERT BOUVIER (ROND-POINT);43,2525000;5,4217220;9;ROBERT BOUVIER (ROND-POINT);0.0;;1.0;0;0.0;1.0;1;0;2.0;;;1.0;0.0;1.0;50.0;Bouches-du-Rhône;93;Provence-Alpes-Côte d'Azur
201900002342;138Â 302Â 141;A01;1.0;1;2.0;1.0;1996.0;1.0;2.0;0.0;;;0;;;2.0;30.0;0.0;6.0;1.0;0.0;1.0;;18;9;2019;17:40;1.0;13;13207;2;1.0;1.0;1.0;VALLON (TRAVERSE DU);43,2856680;5,3530210;4;VALLON (TRAVERSE DU);0.0;;2.0;1;0.0;2.0;0;0;1.0;;;1.0;0.0;1.0;50.0;Bouches-du-Rhône;93;Provence-Alpes-Côte d'Azur
201900002342;138Â 302Â 141;A01;2.0;2;1.0;1.0;2000.0;1.0;8.0;0.0;;; -1;;;2.0;30.0;0.0;6.0;1.0;0.0;1.0;;18;9;2019;17:40;1.0;13;13207;2;1.0;1.0;1.0;VALLON (TRAVERSE DU);43,2856680;5,3530210;4;VALLON (TRAVERSE DU);0.0;;2.0;1;0.0;2.0;0;0;1.0;;;1.0;0.0;1.0;50.0;Bouches-du-Rhône;93;Provence-Alpes-Côte d'Azur
201900002342;138Â 302Â 142;B01;1.0;1;2.0;1.0;2005.0;5.0;8.0;0.0;;; -1;;;2.0;1.0;0.0;2.0;1.0;0.0;5.0;;18;9;2019;17:40;1.0;13;13207;2;1.0;1.0;1.0;VALLON (TRAVERSE DU);43,2856680;5,3530210;4;VALLON (TRAVERSE DU);0.0;;2.0;1;0.0;2.0;0;0;1.0;;;1.0;0.0;1.0;50.0;Bouches-du-Rhône;93;Provence-Alpes-Côte d'Azur
201900002343;138Â 302Â 139;B01;1.0;1;2.0;1.0;2002.0;9.0;2.0;6.0;;; -1;;;1.0;2.0;0.0;2.0;0.0;0.0;0.0;;14;9;2019;17:00;1.0;13;13063;2;1.0;1.0;3.0;SAINT SUSPY CHEMIN DE;43,5859370;5,0134400;4;SAINT SUSPY CHEMIN DE;0.0;;2.0;2;0.0;1.0;0;0;1.0;;;1.0;0.0;1.0;50.0;Bouches-du-Rhône;93;Provence-Alpes-Côte d'Azur
201900002343;138Â 302Â 139;B01;2.0;2;2.0;1.0;2002.0;0.0;2.0;0.0;;; -1;;;1.0;2.0;0.0;2.0;0.0;0.0;0.0;;14;9;2019;17:00;1.0;13;13063;2;1.0;1.0;3.0;SAINT SUSPY CHEMIN DE;43,5859370;5,0134400;4;SAINT SUSPY CHEMIN DE;0.0;;2.0;2;0.0;1.0;0;0;1.0;;;1.0;0.0;1.0;50.0;Bouches-du-Rhône;93;Provence-Alpes-Côte d'Azur
201900002343;138Â 302Â 140;A01;1.0;1;1.0;1.0;1978.0;0.0;1.0;8.0;;; -1;;;1.0;7.0;0.0;2.0;2.0;15.0;0.0;;14;9;2019;17:00;1.0;13;13063;2;1.0;1.0;3.0;SAINT SUSPY CHEMIN DE;43,5859370;5,0134400;4;SAINT SUSPY CHEMIN DE;0.0;;2.0;2;0.0;1.0;0;0;1.0;;;1.0;0.0;1.0;50.0;Bouches-du-Rhône;93;Provence-Alpes-Côte d'Azur
201900002344;138Â 302Â 137;A01;1.0;1;2.0;1.0;1998.0;0.0;1.0;8.0;;; -1;;;1.0;7.0;0.0;2.0;2.0;17.0;1.0;;19;9;2019;06:20;3.0;13;13004;1;1.0;1.0;1.0;RTE DE TARASCON;43,6975700;4,6458500;3;570;0.0;N;2.0;2;0.0;1.0;0;0;1.0;;;1.0;0.0;1.0;80.0;Bouches-du-Rhône;93;Provence-Alpes-Côte d'Azur
201900002344;138Â 302Â 138;B01;1.0;1;1.0;1.0;1965.0;0.0;2.0;8.0;;; -1;;;2.0;33.0;0.0;2.0;1.0;2.0;1.0;;19;9;2019;06:20;3.0;13;13004;1;1.0;1.0;1.0;RTE DE TARASCON;43,6975700;4,6458500;3;570;0.0;N;2.0;2;0.0;1.0;0;0;1.0;;;1.0;0.0;1.0;80.0;Bouches-du-Rhône;93;Provence-Alpes-Côte d'Azur
201900002345;138Â 302Â 134;C01;1.0;1;1.0;2.0;1981.0;0.0;1.0;0.0;;; -1;;;1.0;7.0;0.0;2.0;4.0;23.0;1.0;;17;9;2019;19:50;2.0;13;13001;2;3.0;1.0;4.0;PETIT MOULIN (RTE DU);43,5046000;5,3374600;3;65;0.0;;2.0;2;0.0;1.0;0;0;1.0;;;1.0;4.0;1.0;50.0;Bouches-du-Rhône;93;Provence-Alpes-Côte d'Azur
201900002345;138Â 302Â 135;B01;2.0;2;2.0;2.0;1989.0;0.0;1.0;0.0;;; -1;;;1.0;7.0;0.0;2.0;4.0;23.0;1.0;;17;9;2019;19:50;2.0;13;13001;2;3.0;1.0;4.0;PETIT MOULIN (RTE DU);43,5046000;5,3374600;3;65;0.0;;2.0;2;0.0;1.0;0;0;1.0;;;1.0;4.0;1.0;50.0;Bouches-du-Rhône;93;Provence-Alpes-Côte d'Azur
201900002345;138Â 302Â 135;B01;1.0;1;2.0;1.0;1987.0;0.0;1.0;0.0;;; -1;;;1.0;7.0;0.0;2.0;4.0;23.0;1.0;;17;9;2019;19:50;2.0;13;13001;2;3.0;1.0;4.0;PETIT MOULIN (RTE DU);43,5046000;5,3374600;3;65;0.0;;2.0;2;0.0;1.0;0;0;1.0;;;1.0;4.0;1.0;50.0;Bouches-du-Rhône;93;Provence-Alpes-Côte d'Azur
201900002345;138Â 302Â 136;A01;1.0;1;2.0;1.0;1981.0;0.0;8.0;0.0;;;0;;;1.0;7.0;0.0;2.0;1.0;2.0;1.0;;17;9;2019;19:50;2.0;13;13001;2;3.0;1.0;4.0;PETIT MOULIN (RTE DU);43,5046000;5,3374600;3;65;0.0;;2.0;2;0.0;1.0;0;0;1.0;;;1.0;4.0;1.0;50.0;Bouches-du-Rhône;93;Provence-Alpes-Côte d'Azur
201900002346;138Â 302Â 132;B01;2.0;2;1.0;1.0;1976.0;9.0;1.0;0.0;;; -1;;;0.0;7.0;0.0;0.0;7.0;23.0;1.0;;18;9;2019;23:15;3.0;11;11069;1;1.0;3.0;3.0;RD 6113;43,2279000;2,3779000;3;6113;0.0;;2.0;2;0.0;1.0;1;0;1.0;;;2.0;0.0;1.0;80.0;Aude;76;Occitanie
201900002346;138Â 302Â 132;B01;1.0;1;1.0;1.0;1973.0;4.0;1.0;0.0;;; -1;;;0.0;7.0;0.0;0.0;7.0;23.0;1.0;;18;9;2019;23:15;3.0;11;11069;1;1.0;3.0;3.0;RD 6113;43,2279000;2,3779000;3;6113;0.0;;2.0;2;0.0;1.0;1;0;1.0;;;2.0;0.0;1.0;80.0;Aude;76;Occitanie
201900002346;138Â 302Â 133;A01;1.0;1;3.0;1.0;1970.0;1.0;2.0;0.0;;; -1;;;0.0;2.0;1.0;2.0;1.0;1.0;1.0;;18;9;2019;23:15;3.0;11;11069;1;1.0;3.0;3.0;RD 6113;43,2279000;2,3779000;3;6113;0.0;;2.0;2;0.0;1.0;1;0;1.0;;;2.0;0.0;1.0;80.0;Aude;76;Occitanie
201900002347;138Â 302Â 130;A01;1.0;1;1.0;1.0;1978.0;1.0;1.0;0.0;;0.0;0;;;3.0;7.0;0.0;2.0;3.0;9.0;1.0;;18;9;2019;07:30;1.0;06;06027;2;1.0;1.0;3.0;CANNES AVENUE DE (RN7);43,6538730;7,1470290;9;CANNES AVENUE DE (RN7);0.0;;1.0;0;0.0;1.0;0;0;1.0;;;1.0;9.0;1.0;30.0;Alpes-Maritimes;93;Provence-Alpes-Côte d'Azur
201900002347;138Â 302Â 131;B01;1.0;1;2.0;1.0;1967.0;1.0;2.0;6.0;;0.0;0;;;3.0;33.0;0.0;2.0;1.0;2.0;1.0;;18;9;2019;07:30;1.0;06;06027;2;1.0;1.0;3.0;CANNES AVENUE DE (RN7);43,6538730;7,1470290;9;CANNES AVENUE DE (RN7);0.0;;1.0;0;0.0;1.0;0;0;1.0;;;1.0;9.0;1.0;30.0;Alpes-Maritimes;93;Provence-Alpes-Côte d'Azur
201900002348;138Â 302Â 128;A01;1.0;1;1.0;2.0;1950.0;5.0;1.0;8.0;;0.0;0;;;1.0;7.0;0.0;2.0;8.0;15.0;1.0;;17;9;2019;16:50;1.0;06;06027;2;9.0;1.0;3.0;KENNEDY BOULEVARD J.F.;43,6525450;7,1518160;7;(341)    KENNEDY BOULEVARD J.F.;0.0;;3.0;2;0.0;1.0;0;204;1.0;;;1.0;0.0;1.0;50.0;Alpes-Maritimes;93;Provence-Alpes-Côte d'Azur
201900002348;138Â 302Â 128;A01;2.0;2;1.0;1.0;1977.0;0.0;1.0;0.0;;0.0;0;;;1.0;7.0;0.0;2.0;8.0;15.0;1.0;;17;9;2019;16:50;1.0;06;06027;2;9.0;1.0;3.0;KENNEDY BOULEVARD J.F.;43,6525450;7,1518160;7;(341)    KENNEDY BOULEVARD J.F.;0.0;;3.0;2;0.0;1.0;0;204;1.0;;;1.0;0.0;1.0;50.0;Alpes-Maritimes;93;Provence-Alpes-Côte d'Azur
201900002348;138Â 302Â 129;B01;1.0;1;2.0;2.0;1999.0;0.0;2.0;6.0;;0.0;0;;;1.0;33.0;0.0;2.0;2.0;26.0;1.0;;17;9;2019;16:50;1.0;06;06027;2;9.0;1.0;3.0;KENNEDY BOULEVARD J.F.;43,6525450;7,1518160;7;(341)    KENNEDY BOULEVARD J.F.;0.0;;3.0;2;0.0;1.0;0;204;1.0;;;1.0;0.0;1.0;50.0;Alpes-Maritimes;93;Provence-Alpes-Côte d'Azur
201900002349;138Â 302Â 125;A01;1.0;1;2.0;1.0;1965.0;4.0;2.0;6.0;;0.0;0;;;2.0;42.0;0.0;2.0;1.0;3.0;1.0;;19;9;2019;10:00;1.0;75;75113;2;1.0;1.0;4.0;BD PERIPHERIQUE EXTERIEUR;48,8241170;2,3833990;4;BD PERIPHERIQUE EXTERIEUR;0.0;;1.0;4;0.0;1.0;0;600;1.0;;;1.0;0.0;1.0;70.0;Paris;11;Île-de-France
201900002349;138Â 302Â 126;B01;1.0;1;1.0;1.0;1959.0;1.0;2.0;6.0;;0.0;0;;;2.0;33.0;0.0;2.0;4.0;3.0;1.0;;19;9;2019;10:00;1.0;75;75113;2;1.0;1.0;4.0;BD PERIPHERIQUE EXTERIEUR;48,8241170;2,3833990;4;BD PERIPHERIQUE EXTERIEUR;0.0;;1.0;4;0.0;1.0;0;600;1.0;;;1.0;0.0;1.0;70.0;Paris;11;Île-de-France
201900002349;138Â 302Â 127;C01;1.0;1;1.0;1.0;1962.0;4.0;1.0;0.0;;0.0;0;;;2.0;10.0;0.0;2.0;8.0;1.0;1.0;;19;9;2019;10:00;1.0;75;75113;2;1.0;1.0;4.0;BD PERIPHERIQUE EXTERIEUR;48,8241170;2,3833990;4;BD PERIPHERIQUE EXTERIEUR;0.0;;1.0;4;0.0;1.0;0;600;1.0;;;1.0;0.0;1.0;70.0;Paris;11;Île-de-France