Num_Acc;id_vehicule;num_veh;place;catu;grav;sexe;an_nais;trajet;secu1;secu2;secu3;locp;actp;etatp;id_usager;senc;catv;obs;obsm;choc;manv;motor;occutc;jour;mois;an;hrmn;lum;dep;com;agg;int;atm;col;adr;lat;long;catr;voie;v1;v2;circ;nbv;vosp;prof;pr;pr1;plan;lartpc;larrout;surf;infra;situ;vma;nom_departement;reg;nom_region
201900002350;138Â 302Â 123;B01;1.0;1;1.0;1.0;1967.0;4.0;1.0;;;0.0;0;;;1.0;7.0;0.0;2.0;8.0;11.0;1.0;;17;9;2019;08:15;1.0;75;75116;2;1.0;1.0;3.0;BD PERIPHERIQUE INTERIEUR;48,8481510;2,2535690;4;BD PERIPHERIQUE INTERIEUR;0.0;;1.0;4;0.0;1.0;12;200;1.0;;;1.0;0.0;1.0;70.0;Paris;11;Île-de-France
201900002350;138Â 302Â 124;A01;1.0;1;2.0;1.0;1990.0;1.0;2.0;6.0;;0.0;0;;;1.0;33.0;0.0;2.0;2.0;3.0;1.0;;17;9;2019;08:15;1.0;75;75116;2;1.0;1.0;3.0;BD PERIPHERIQUE INTERIEUR;48,8481510;2,2535690;4;BD PERIPHERIQUE INTERIEUR;0.0;;1.0;4;0.0;1.0;12;200;1.0;;;1.0;0.0;1.0;70.0;Paris;11;Île-de-France
201900002351;138Â 302Â 121;B01;1.0;1;2.0;1.0;1971.0;4.0;2.0;6.0;;0.0;0;;;1.0;33.0;0.0;2.0;8.0;1.0;1.0;;19;9;2019;11:50;1.0;75;75104;2;2.0;1.0;3.0;RUE DE LA CITE;48,8556450;2,3483530;4;RUE DE LA CITE;0.0;;1.0;4;0.0;1.0;0;0;1.0;;;1.0;0.0;1.0;30.0;Paris;11;Île-de-France
201900002351;138Â 302Â 122;A01;5.0;2;1.0;1.0;1988.0;0.0;1.0;0.0;;0.0;0;;;1.0;7.0;0.0;2.0;7.0;22.0;1.0;;19;9;2019;11:50;1.0;75;75104;2;2.0;1.0;3.0;RUE DE LA CITE;48,8556450;2,3483530;4;RUE DE LA CITE;0.0;;1.0;4;0.0;1.0;0;0;1.0;;;1.0;0.0;1.0;30.0;Paris;11;Île-de-France
201900002351;138Â 302Â 122;A01;1.0;1;1.0;1.0;1967.0;4.0;1.0;0.0;;0.0;0;;;1.0;7.0;0.0;2.0;7.0;22.0;1.0;;19;9;2019;11:50;1.0;75;75104;2;2.0;1.0;3.0;RUE DE LA CITE;48,8556450;2,3483530;4;RUE DE LA CITE;0.0;;1.0;4;0.0;1.0;0;0;1.0;;;1.0;0.0;1.0;30.0;Paris;11;Île-de-France
201900002352;138Â 302Â 119;A01;1.0;1;2.0;1.0;1971.0;1.0;8.0;2.0;;0.0;0;;;2.0;1.0;0.0;2.0;1.0;1.0;5.0;;19;9;2019;18:50;1.0;75;75120;2;3.0;1.0;6.0;AVENUE GAMBETTA;48,8641600;2,3922300;4;AVENUE GAMBETTA;0.0;;2.0;2;0.0;2.0;0;0;1.0;;;1.0;0.0;1.0;50.0;Paris;11;Île-de-France
201900002353;138Â 302Â 118;A01;1.0;1;2.0;2.0;1986.0;3.0;1.0;0.0;;0.0;0;;;2.0;7.0;0.0;2.0;4.0;2.0;1.0;;19;9;2019;13:30;1.0;75;75119;2;4.0;1.0;6.0;RUE DE ROMAINVILLE;48,8755560;2,3992390;4;RUE DE ROMAINVILLE;0.0;;1.0;1;0.0;3.0;1;0;1.0;;;1.0;0.0;1.0;50.0;Paris;11;Île-de-France
201900002353;138Â 302Â 118;A01;2.0;2;2.0;2.0;1982.0;3.0;1.0;0.0;;0.0;0;;;2.0;7.0;0.0;2.0;4.0;2.0;1.0;;19;9;2019;13:30;1.0;75;75119;2;4.0;1.0;6.0;RUE DE ROMAINVILLE;48,8755560;2,3992390;4;RUE DE ROMAINVILLE;0.0;;1.0;1;0.0;3.0;1;0;1.0;;;1.0;0.0;1.0;50.0;Paris;11;Île-de-France
201900002354;138Â 302Â 116;Z01;10.0;3;2.0;2.0;2004.0;5.0;0.0;0.0;0.0;3.0;3;1.0;;1.0;34.0;0.0;1.0;1.0;1.0;1.0;;18;9;2019;13:30;1.0;75;75119;2;4.0;1.0;6.0;RUE DE BELLEVILLE;48,8768002;2,4052459;4;RUE DE BELLEVILLE;0.0;;2.0;2;0.0;1.0;0;0;1.0;;;1.0;0.0;1.0;30.0;Paris;11;Île-de-France
201900002355;138Â 302Â 115;Z01;10.0;3;2.0;1.0;1987.0;0.0;0.0;0.0;0.0;1.0;3;3.0;;1.0;31.0;0.0;1.0;4.0;1.0;1.0;;19;9;2019;19:35;1.0;75;75118;2;1.0;1.0;6.0;RUE JEAN HENRI FABRE;48,9012374;2,3416970;4;RUE JEAN HENRI FABRE;0.0;;1.0;1;0.0;1.0;0;0;1.0;;;1.0;0.0;1.0;50.0;Paris;11;Île-de-France
201900002356;138Â 302Â 114;A01;1.0;1;2.0;1.0;1967.0;1.0;2.0;8.0;;0.0;0;;;1.0;50.0;0.0;2.0;8.0;1.0;3.0;;19;9;2019;17:00;1.0;75;75117;2;2.0;1.0;6.0;AVENUE DE LA PORTE DE SAINT OUEN;48,8976390;2,3289890;4;AVENUE DE LA PORTE DE SAINT OUEN;0.0;;3.0;5;1.0;1.0;158;0;1.0;;;1.0;0.0;5.0;50.0;Paris;11;Île-de-France
201900002357;138Â 302Â 112;A01;10.0;3;2.0;1.0;1981.0;1.0;0.0;0.0;0.0;4.0;3;1.0;;2.0;7.0;0.0;1.0;1.0;15.0;2.0;;19;9;2019;17:20;1.0;75;75117;2;5.0;1.0;6.0;RUE PIERRE DEMOURS;48,8819380;2,2959230;4;RUE PIERRE DEMOURS;0.0;;;1;0.0;1.0;0;0;1.0;;;1.0;0.0;1.0;50.0;Paris;11;Île-de-France
201900002357;138Â 302Â 112;A01;1.0;1;1.0;1.0;1957.0;4.0;1.0;0.0;;0.0;0;;;2.0;7.0;0.0;1.0;1.0;15.0;2.0;;19;9;2019;17:20;1.0;75;75117;2;5.0;1.0;6.0;RUE PIERRE DEMOURS;48,8819380;2,2959230;4;RUE PIERRE DEMOURS;0.0;;;1;0.0;1.0;0;0;1.0;;;1.0;0.0;1.0;50.0;Paris;11;Île-de-France
201900002358;138Â 302Â 110;B01;1.0;1;2.0;2.0;1996.0;9.0;8.0;2.0;;0.0;0;;;2.0;50.0;0.0;2.0;1.0;1.0;3.0;;19;9;2019;13:10;1.0;75;75117;2;4.0;1.0;3.0;AVENUE DE WAGRAM;48,8806980;2,3000630;4;AVENUE DE WAGRAM;2.0;;2.0;3;0.0;1.0;85;0;1.0;;;1.0;0.0;1.0;30.0;Paris;11;Île-de-France
201900002358;138Â 302Â 111;A01;1.0;1;1.0;1.0;1985.0;4.0;1.0;8.0;;0.0;0;;;2.0;7.0;0.0;2.0;8.0;22.0;2.0;;19;9;2019;13:10;1.0;75;75117;2;4.0;1.0;3.0;AVENUE DE WAGRAM;48,8806980;2,3000630;4;AVENUE DE WAGRAM;2.0;;2.0;3;0.0;1.0;85;0;1.0;;;1.0;0.0;1.0;30.0;Paris;11;Île-de-France
201900002359;138Â 302Â 109;A01;10.0;3;2.0;2.0;2005.0;2.0;0.0;0.0;0.0;3.0;3;1.0;;2.0;30.0;0.0;1.0;1.0;1.0;1.0;;19;9;2019;12:45;1.0;75;75117;2;3.0;1.0;6.0;BOULEVARD MALESHERBES;48,8846120;2,3079870;4;BOULEVARD MALESHERBES;0.0;;;2;0.0;1.0;0;0;1.0;;;1.0;0.0;1.0;30.0;Paris;11;Île-de-France
201900002359;138Â 302Â 109;A01;1.0;1;1.0;1.0;2001.0;4.0;2.0;6.0;;0.0;0;;;2.0;30.0;0.0;1.0;1.0;1.0;1.0;;19;9;2019;12:45;1.0;75;75117;2;3.0;1.0;6.0;BOULEVARD MALESHERBES;48,8846120;2,3079870;4;BOULEVARD MALESHERBES;0.0;;;2;0.0;1.0;0;0;1.0;;;1.0;0.0;1.0;30.0;Paris;11;Île-de-France
201900002360;138Â 302Â 107;B01;1.0;1;2.0;1.0;2006.0;5.0;8.0;2.0;;0.0;0;;;1.0;60.0;0.0;2.0;7.0;19.0;5.0;;19;9;2019;16:40;1.0;75;75116;2;4.0;1.0;3.0;AVENUE HENRI MARTIN;48,8640031;2,2717819;4;AVENUE HENRI MARTIN;0.0;;1.0;2;0.0;1.0;84;0;1.0;;;1.0;0.0;1.0;50.0;Paris;11;Île-de-France
201900002360;138Â 302Â 108;A01;1.0;1;1.0;1.0;1980.0;4.0;1.0;0.0;;0.0;0;;;2.0;7.0;0.0;2.0;2.0;1.0;1.0;;19;9;2019;16:40;1.0;75;75116;2;4.0;1.0;3.0;AVENUE HENRI MARTIN;48,8640031;2,2717819;4;AVENUE HENRI MARTIN;0.0;;1.0;2;0.0;1.0;84;0;1.0;;;1.0;0.0;1.0;50.0;Paris;11;Île-de-France
201900002361;138Â 302Â 105;B01;1.0;1;2.0;1.0;1958.0;1.0;2.0;6.0;;0.0;0;;;1.0;33.0;0.0;2.0;1.0;1.0;1.0;;19;9;2019;13:30;1.0;75;75116;2;2.0;1.0;3.0;BOULEVARD MURAT;48,8453640;2,2575560;4;BOULEVARD MURAT;0.0;;2.0;4;0.0;1.0;0;0;1.0;;;1.0;0.0;1.0;50.0;Paris;11;Île-de-France
201900002361;138Â 302Â 106;A01;1.0;1;1.0;1.0;1965.0;9.0;1.0;0.0;;0.0;0;;;2.0;7.0;0.0;2.0;2.0;15.0;1.0;;19;9;2019;13:30;1.0;75;75116;2;2.0;1.0;3.0;BOULEVARD MURAT;48,8453640;2,2575560;4;BOULEVARD MURAT;0.0;;2.0;4;0.0;1.0;0;0;1.0;;;1.0;0.0;1.0;50.0;Paris;11;Île-de-France
201900002362;138Â 302Â 104;A01;2.0;2;2.0;1.0;1977.0;4.0;1.0;0.0;;0.0;0;;;2.0;7.0;1.0;0.0;7.0;4.0;1.0;;19;9;2019;03:43;5.0;75;75108;2;4.0;1.0;6.0;RUE LARRIBE;48,8806400;2,3183780;4;RUE LARRIBE;0.0;;1.0;1;0.0;1.0;0;0;1.0;;;1.0;0.0;1.0;50.0;Paris;11;Île-de-France
201900002362;138Â 302Â 104;A01;1.0;1;1.0;1.0;1982.0;4.0;1.0;0.0;;0.0;0;;;2.0;7.0;1.0;0.0;7.0;4.0;1.0;;19;9;2019;03:43;5.0;75;75108;2;4.0;1.0;6.0;RUE LARRIBE;48,8806400;2,3183780;4;RUE LARRIBE;0.0;;1.0;1;0.0;1.0;0;0;1.0;;;1.0;0.0;1.0;50.0;Paris;11;Île-de-France
201900002363;138Â 302Â 102;A01;1.0;1;1.0;1.0;1966.0;1.0;1.0;0.0;;0.0;0;;;2.0;7.0;0.0;2.0;5.0;16.0;1.0;;18;9;2019;09:20;1.0;75;75116;2;7.0;1.0;3.0;PLACE DE LA PORTE DE SAINT CLOUD;48,8375241;2,2567195;4;PLACE DE LA PORTE DE SAINT CLOUD;0.0;;4.0;3;0.0;1.0;0;0;3.0;;;1.0;0.0;1.0;50.0;Paris;11;Île-de-France
201900002363;138Â 302Â 103;B01;1.0;1;2.0;2.0;1977.0;1.0;8.0;2.0;;0.0;0;;;2.0;1.0;0.0;2.0;8.0;1.0;5.0;;18;9;2019;09:20;1.0;75;75116;2;7.0;1.0;3.0;PLACE DE LA PORTE DE SAINT CLOUD;48,8375241;2,2567195;4;PLACE DE LA PORTE DE SAINT CLOUD;0.0;;4.0;3;0.0;1.0;0;0;3.0;;;1.0;0.0;1.0;50.0;Paris;11;Île-de-France
201900002364;138Â 302Â 100;A01;2.0;2;2.0;1.0;2001.0;0.0;1.0;0.0;;0.0;0;;;2.0;7.0;0.0;2.0;1.0;15.0;1.0;;18;9;2019;21:30;5.0;75;75107;2;3.0;1.0;3.0;BOULEVARD DES INVALIDES;48,8536960;2,3147220;4;BOULEVARD DES INVALIDES;0.0;;2.0;4;0.0;1.0;0;0;1.0;;;1.0;0.0;1.0;50.0;Paris;11;Île-de-France
201900002364;138Â 302Â 100;A01;1.0;1;1.0;2.0;1949.0;9.0;1.0;0.0;;0.0;0;;;2.0;7.0;0.0;2.0;1.0;15.0;1.0;;18;9;2019;21:30;5.0;75;75107;2;3.0;1.0;3.0;BOULEVARD DES INVALIDES;48,8536960;2,3147220;4;BOULEVARD DES INVALIDES;0.0;;2.0;4;0.0;1.0;0;0;1.0;;;1.0;0.0;1.0;50.0;Paris;11;Île-de-France
201900002364;138Â 302Â 101;B01;1.0;1;2.0;1.0;1975.0;9.0;2.0;6.0;;0.0;0;;;1.0;33.0;0.0;2.0;1.0;1.0;1.0;;18;9;2019;21:30;5.0;75;75107;2;3.0;1.0;3.0;BOULEVARD DES INVALIDES;48,8536960;2,3147220;4;BOULEVARD DES INVALIDES;0.0;;2.0;4;0.0;1.0;0;0;1.0;;;1.0;0.0;1.0;50.0;Paris;11;Île-de-France
201900002365;138Â 302Â 098;A01;1.0;1;2.0;2.0;2005.0;5.0;2.0;8.0;;0.0;0;;;1.0;1.0;0.0;2.0;8.0;16.0;5.0;;19;9;2019;20:00;2.0;75;75120;2;7.0;1.0;3.0;AVENUE DE LA PORTE DE VINCENNES;48,8470311;2,4114947;4;AVENUE DE LA PORTE DE VINCENNES;0.0;;2.0;6;0.0;1.0;0;0;1.0;;;1.0;0.0;1.0;50.0;Paris;11;Île-de-France
201900002365;138Â 302Â 099;B01;1.0;1;1.0;2.0;1957.0;1.0;1.0;0.0;;0.0;0;;;1.0;32.0;0.0;2.0;7.0;1.0;1.0;;19;9;2019;20:00;2.0;75;75120;2;7.0;1.0;3.0;AVENUE DE LA PORTE DE VINCENNES;48,8470311;2,4114947;4;AVENUE DE LA PORTE DE VINCENNES;0.0;;2.0;6;0.0;1.0;0;0;1.0;;;1.0;0.0;1.0;50.0;Paris;11;Île-de-France
201900002366;138Â 302Â 095;C01;1.0;1;2.0;1.0;2001.0;1.0;1.0;0.0;;0.0;0;;;2.0;7.0;0.0;2.0;0.0;2.0;1.0;;19;9;2019;17:50;1.0;75;75112;2;2.0;1.0;5.0;AVENUE DU TREMBLAY;48,8298490;2,4610770;4;AVENUE DU TREMBLAY;0.0;;2.0;4;0.0;1.0;0;0;1.0;;;1.0;0.0;1.0;50.0;Paris;11;Île-de-France
201900002366;138Â 302Â 096;B01;1.0;1;2.0;1.0;1992.0;0.0;1.0;0.0;;0.0;0;;;2.0;10.0;9.0;2.0;8.0;1.0;1.0;;19;9;2019;17:50;1.0;75;75112;2;2.0;1.0;5.0;AVENUE DU TREMBLAY;48,8298490;2,4610770;4;AVENUE DU TREMBLAY;0.0;;2.0;4;0.0;1.0;0;0;1.0;;;1.0;0.0;1.0;50.0;Paris;11;Île-de-France
201900002366;138Â 302Â 097;A01;2.0;2;2.0;1.0;1973.0;0.0;1.0;0.0;;0.0;0;;;1.0;7.0;0.0;2.0;1.0;15.0;1.0;;19;9;2019;17:50;1.0;75;75112;2;2.0;1.0;5.0;AVENUE DU TREMBLAY;48,8298490;2,4610770;4;AVENUE DU TREMBLAY;0.0;;2.0;4;0.0;1.0;0;0;1.0;;;1.0;0.0;1.0;50.0;Paris;11;Île-de-France
201900002366;138Â 302Â 097;A01;1.0;1;2.0;1.0;1969.0;0.0;1.0;0.0;;0.0;0;;;1.0;7.0;0.0;2.0;1.0;15.0;1.0;;19;9;2019;17:50;1.0;75;75112;2;2.0;1.0;5.0;AVENUE DU TREMBLAY;48,8298490;2,4610770;4;AVENUE DU TREMBLAY;0.0;;2.0;4;0.0;1.0;0;0;1.0;;;1.0;0.0;1.0;50.0;Paris;11;Île-de-France
201900002367;138Â 302Â 093;A01;1.0;1;1.0;1.0;1965.0;4.0;1.0;0.0;;0.0;0;;;1.0;7.0;0.0;2.0;2.0;16.0;1.0;;19;9;2019;14:40;1.0;75;75112;2;2.0;1.0;3.0;BOULEVARD DE PICPUS;48,8429430;2,4017120;4;BOULEVARD DE PICPUS;0.0;;3.0;1;0.0;1.0;0;0;1.0;;;1.0;0.0;1.0;50.0;Paris;11;Île-de-France
201900002367;138Â 302Â 094;B01;1.0;1;2.0;1.0;1963.0;0.0;2.0;6.0;;0.0;0;;;1.0;34.0;0.0;2.0;3.0;1.0;1.0;;19;9;2019;14:40;1.0;75;75112;2;2.0;1.0;3.0;BOULEVARD DE PICPUS;48,8429430;2,4017120;4;BOULEVARD DE PICPUS;0.0;;3.0;1;0.0;1.0;0;0;1.0;;;1.0;0.0;1.0;50.0;Paris;11;Île-de-France
201900002368;138Â 302Â 091;B01;1.0;1;2.0;1.0;1976.0;0.0;2.0;8.0;;0.0;0;;;2.0;50.0;0.0;2.0;2.0;19.0;3.0;;19;9;2019;16:45;1.0;75;75110;2;2.0;1.0;3.0;RUE DU FAUBOURG SAINT DENIS;48,8795290;2,3571940;4;RUE DU FAUBOURG SAINT DENIS;0.0;;2.0;3;0.0;2.0;166;0;1.0;;;1.0;0.0;1.0;50.0;Paris;11;Île-de-France
201900002368;138Â 302Â 092;A01;1.0;1;2.0;1.0;1976.0;5.0;2.0;6.0;;0.0;0;;;1.0;34.0;0.0;2.0;3.0;1.0;1.0;;19;9;2019;16:45;1.0;75;75110;2;2.0;1.0;3.0;RUE DU FAUBOURG SAINT DENIS;48,8795290;2,3571940;4;RUE DU FAUBOURG SAINT DENIS;0.0;;2.0;3;0.0;2.0;166;0;1.0;;;1.0;0.0;1.0;50.0;Paris;11;Île-de-France
201900002369;138Â 302Â 090;Z01;10.0;3;2.0;1.0;1942.0;3.0;0.0;;;5.0;2;1.0;;2.0;1.0;0.0;1.0;7.0;1.0;5.0;;19;9;2019;18:41;1.0;75;75110;2;1.0;1.0;6.0;BOULEVARD DE LA VILLETTE;48,8748100;2,3736260;4;BOULEVARD DE LA VILLETTE;0.0;;3.0;2;;1.0;41;0;1.0;;;1.0;0.0;4.0;50.0;Paris;11;Île-de-France
201900002370;138Â 302Â 088;B01;1.0;1;2.0;1.0;1965.0;9.0;2.0;6.0;;0.0;0;;;2.0;33.0;0.0;2.0;3.0;1.0;1.0;;19;9;2019;12:34;1.0;75;75108;2;7.0;1.0;3.0;PLACE DE LA CONCORDE;48,8667690;2,3220420;4;PLACE DE LA CONCORDE;0.0;;2.0;8;0.0;1.0;0;0;1.0;;;1.0;0.0;1.0;50.0;Paris;11;Île-de-France
201900002370;138Â 302Â 089;A01;1.0;1;1.0;2.0;1995.0;9.0;1.0;0.0;;0.0;0;;;1.0;7.0;0.0;2.0;2.0;15.0;1.0;;19;9;2019;12:34;1.0;75;75108;2;7.0;1.0;3.0;PLACE DE LA CONCORDE;48,8667690;2,3220420;4;PLACE DE LA CONCORDE;0.0;;2.0;8;0.0;1.0;0;0;1.0;;;1.0;0.0;1.0;50.0;Paris;11;Île-de-France
201900002371;138Â 302Â 086;A01;1.0;1;1.0;1.0;1988.0;4.0;1.0;0.0;;0.0;0;;;1.0;37.0;0.0;2.0;0.0;7.0;1.0;1.0;19;9;2019;10:30;1.0;75;75104;2;2.0;1.0;3.0;BOULEVARD DU PALAIS;48,8543470;2,3449290;4;BOULEVARD DU PALAIS;0.0;;2.0;4;3.0;1.0;0;0;1.0;;;1.0;0.0;6.0;50.0;Paris;11;Île-de-France
201900002371;138Â 302Â 087;B01;1.0;1;2.0;2.0;2002.0;0.0;8.0;2.0;;0.0;0;;;1.0;1.0;0.0;2.0;0.0;13.0;5.0;;19;9;2019;10:30;1.0;75;75104;2;2.0;1.0;3.0;BOULEVARD DU PALAIS;48,8543470;2,3449290;4;BOULEVARD DU PALAIS;0.0;;2.0;4;3.0;1.0;0;0;1.0;;;1.0;0.0;6.0;50.0;Paris;11;Île-de-France
201900002372;138Â 302Â 083;A01;1.0;1;1.0;1.0;1984.0;0.0;1.0;0.0;;; -1;;;1.0;7.0;0.0;2.0;5.0;12.0;1.0;;19;9;2019;18:42;2.0;94;94078;2;1.0;1.0;5.0;PARIS (R DE);48,7287988;2,4470481;2;6;0.0;;1.0;2;0.0;1.0;0;0;1.0;;;1.0;0.0;1.0;50.0;Val-de-Marne;11;Île-de-France
201900002372;138Â 302Â 084;B01;1.0;1;2.0;1.0;1974.0;5.0;2.0;0.0;;; -1;;;1.0;2.0;0.0;2.0;1.0;3.0;1.0;;19;9;2019;18:42;2.0;94;94078;2;1.0;1.0;5.0;PARIS (R DE);48,7287988;2,4470481;2;6;0.0;;1.0;2;0.0;1.0;0;0;1.0;;;1.0;0.0;1.0;50.0;Val-de-Marne;11;Île-de-France
201900002372;138Â 302Â 085;C01;1.0;1;1.0;1.0;1986.0;1.0;1.0;0.0;;; -1;;;1.0;7.0;0.0;1.0;6.0;2.0;1.0;;19;9;2019;18:42;2.0;94;94078;2;1.0;1.0;5.0;PARIS (R DE);48,7287988;2,4470481;2;6;0.0;;1.0;2;0.0;1.0;0;0;1.0;;;1.0;0.0;1.0;50.0;Val-de-Marne;11;Île-de-France
201900002373;138Â 302Â 081;A01;1.0;1;3.0;2.0;1949.0;5.0;1.0;0.0;;; -1;;;1.0;7.0;1.0;0.0;2.0;2.0;0.0;;19;9;2019;19:10;2.0;94;94076;2;1.0;1.0;1.0;MAXIME GORKI (BD);48,7896500;2,3685500;3;7;0.0;;2.0;2;0.0;1.0;0;0;1.0;;;1.0;0.0;1.0;50.0;Val-de-Marne;11;Île-de-France
201900002373;138Â 302Â 082;B01;1.0;1;1.0;1.0;1985.0;1.0;8.0;0.0;;; -1;;;1.0;10.0;0.0;2.0;6.0;24.0;0.0;;19;9;2019;19:10;2.0;94;94076;2;1.0;1.0;1.0;MAXIME GORKI (BD);48,7896500;2,3685500;3;7;0.0;;2.0;2;0.0;1.0;0;0;1.0;;;1.0;0.0;1.0;50.0;Val-de-Marne;11;Île-de-France
201900002374;138Â 302Â 079;A01;10.0;3;2.0;1.0;2005.0;2.0;8.0;0.0;;2.0;3;3.0;;2.0;30.0;0.0;1.0;1.0;21.0;1.0;;19;9;2019;14:35;1.0;94;94041;2;1.0;1.0;6.0;FOUILLOUX (R);48,8076000;2,3922900;4;TRUILLOT (R);0.0;;2.0;2;0.0;1.0;0;0;1.0;;;1.0;0.0;2.0;50.0;Val-de-Marne;11;Île-de-France
201900002374;138Â 302Â 079;A01;1.0;1;1.0;1.0;2000.0;5.0;2.0;0.0;;; -1;;;2.0;30.0;0.0;1.0;1.0;21.0;1.0;;19;9;2019;14:35;1.0;94;94041;2;1.0;1.0;6.0;FOUILLOUX (R);48,8076000;2,3922900;4;TRUILLOT (R);0.0;;2.0;2;0.0;1.0;0;0;1.0;;;1.0;0.0;2.0;50.0;Val-de-Marne;11;Île-de-France
201900002375;138Â 302Â 077;A01;1.0;1;3.0;1.0;1986.0;5.0;2.0;6.0;;0.0;0;;;3.0;30.0;0.0;0.0;0.0;15.0;1.0;;18;9;2019;23:20;5.0;94;94041;2;2.0;1.0;6.0;NELSON MANDELA;48,8189800;2,3992700;4;NELSON MANDELA;0.0;;1.0;2;0.0;2.0;0;0;1.0;;;1.0;2.0;3.0;50.0;Val-de-Marne;11;Île-de-France
201900002376;138Â 302Â 076;A01;2.0;2;1.0;1.0;1994.0;4.0;1.0;8.0;;; -1;;;1.0;10.0;0.0;1.0;1.0;1.0;1.0;;16;9;2019;17:10;1.0;94;94041;2;2.0;1.0;6.0;HENRI BARBUSSE (AV);48,8090000;2,3760000;3;223B;0.0;;1.0;2;0.0;1.0;0;0;1.0;;;1.0;5.0;1.0;50.0;Val-de-Marne;11;Île-de-France
201900002376;138Â 302Â 076;A01;1.0;1;1.0;1.0;1994.0;4.0;1.0;8.0;;0.0;0;;;1.0;10.0;0.0;1.0;1.0;1.0;1.0;;16;9;2019;17:10;1.0;94;94041;2;2.0;1.0;6.0;HENRI BARBUSSE (AV);48,8090000;2,3760000;3;223B;0.0;;1.0;2;0.0;1.0;0;0;1.0;;;1.0;5.0;1.0;50.0;Val-de-Marne;11;Île-de-France
201900002376;138Â 302Â 076;A01;10.0;3;4.0;2.0;1956.0;1.0;8.0;0.0;;4.0;3;1.0;;1.0;10.0;0.0;1.0;1.0;1.0;1.0;;16;9;2019;17:10;1.0;94;94041;2;2.0;1.0;6.0;HENRI BARBUSSE (AV);48,8090000;2,3760000;3;223B;0.0;;1.0;2;0.0;1.0;0;0;1.0;;;1.0;5.0;1.0;50.0;Val-de-Marne;11;Île-de-France
201900002377;138Â 302Â 074;B01;1.0;1;2.0;1.0;1985.0;9.0;1.0;0.0;;;0;;;1.0;7.0;0.0;2.0;1.0;26.0;1.0;;19;9;2019;17:03;1.0;94;94073;2;9.0;1.0;2.0;RENE PANHARD (AV);48,7633500;2,3995900;3;160;0.0;;;2;0.0;1.0;0;0;1.0;;;1.0;0.0;1.0;50.0;Val-de-Marne;11;Île-de-France
201900002377;138Â 302Â 075;A01;1.0;1;1.0;1.0;1984.0;9.0;1.0;0.0;;;0;;;1.0;7.0;1.0;0.0;6.0;15.0;1.0;;19;9;2019;17:03;1.0;94;94073;2;9.0;1.0;2.0;RENE PANHARD (AV);48,7633500;2,3995900;3;160;0.0;;;2;0.0;1.0;0;0;1.0;;;1.0;0.0;1.0;50.0;Val-de-Marne;11;Île-de-France
201900002378;138Â 302Â 073;Z01;10.0;3;2.0;2.0;2014.0;2.0;8.0;0.0;;5.0;1;2.0;;3.0;0.0;0.0;1.0;1.0;0.0;0.0;;19;9;2019;11:40;1.0;94;94073;2;1.0;1.0;6.0;GENERAL DE GAULLE (AV DU);48,7679000;2,3742700;4;GENERAL DE GAULLE (AV DU);0.0;;2.0;2;2.0;1.0;0;0;1.0;;;1.0;0.0;2.0;50.0;Val-de-Marne;11;Île-de-France
201900002379;138Â 302Â 071;B01;1.0;1;2.0;2.0;1985.0;1.0;1.0;0.0;;;0;;;2.0;7.0;0.0;2.0;4.0;1.0;1.0;;19;9;2019;07:40;2.0;94;94038;2;1.0;1.0;2.0;PAUL VAILLANT COUTURIER (BD);48,7790973;2,3406358;3; 126;0.0;;1.0;2;0.0;1.0;0;0;1.0;;;1.0;0.0;2.0;50.0;Val-de-Marne;11;Île-de-France
201900002379;138Â 302Â 072;A01;1.0;1;1.0;1.0;1990.0;1.0;1.0;8.0;;;0;;;2.0;7.0;0.0;2.0;1.0;1.0;1.0;;19;9;2019;07:40;2.0;94;94038;2;1.0;1.0;2.0;PAUL VAILLANT COUTURIER (BD);48,7790973;2,3406358;3; 126;0.0;;1.0;2;0.0;1.0;0;0;1.0;;;1.0;0.0;2.0;50.0;Val-de-Marne;11;Île-de-France
201900002380;138Â 302Â 069;A01;1.0;1;1.0;1.0;1978.0;0.0;1.0;0.0;;; -1;;;1.0;7.0;0.0;2.0;7.0;15.0;1.0;;19;9;2019;21:00;5.0;94;94017;2;1.0;1.0;3.0;ALEXANDRE FOURNY (R);48,8187800;2,5210924;4;ALEXANDRE FOURNY (R);0.0;;2.0;2;0.0;1.0;0;0;1.0;;;1.0;0.0;1.0;30.0;Val-de-Marne;11;Île-de-France
201900002380;138Â 302Â 069;A01;2.0;2;1.0;2.0;1974.0;0.0;1.0;0.0;;;0;;;1.0;7.0;0.0;2.0;7.0;15.0;1.0;;19;9;2019;21:00;5.0;94;94017;2;1.0;1.0;3.0;ALEXANDRE FOURNY (R);48,8187800;2,5210924;4;ALEXANDRE FOURNY (R);0.0;;2.0;2;0.0;1.0;0;0;1.0;;;1.0;0.0;1.0;30.0;Val-de-Marne;11;Île-de-France
201900002380;138Â 302Â 070;B01;1.0;1;2.0;1.0;1981.0;0.0;2.0;0.0;;;0;;;2.0;33.0;0.0;2.0;1.0;1.0;1.0;;19;9;2019;21:00;5.0;94;94017;2;1.0;1.0;3.0;ALEXANDRE FOURNY (R);48,8187800;2,5210924;4;ALEXANDRE FOURNY (R);0.0;;2.0;2;0.0;1.0;0;0;1.0;;;1.0;0.0;1.0;30.0;Val-de-Marne;11;Île-de-France