Num_Acc;id_vehicule;num_veh;place;catu;grav;sexe;an_nais;trajet;secu1;secu2;secu3;locp;actp;etatp;id_usager;senc;catv;obs;obsm;choc;manv;motor;occutc;jour;mois;an;hrmn;lum;dep;com;agg;int;atm;col;adr;lat;long;catr;voie;v1;v2;circ;nbv;vosp;prof;pr;pr1;plan;lartpc;larrout;surf;infra;situ;vma;nom_departement;reg;nom_region
201900002381;138Â 302Â 067;A01;1.0;1;1.0;1.0;1977.0;5.0;1.0;0.0;;0.0;0;;;1.0;7.0;0.0;2.0;1.0;2.0;1.0;;17;9;2019;18:20;1.0;94;94017;2;1.0;1.0;2.0;GENERAL DE GAULLE (AV DU);48,8207200;2,4866300;3;3;0.0;;2.0;4;0.0;1.0;0;0;1.0;;;1.0;0.0;1.0;50.0;Val-de-Marne;11;Île-de-France
201900002381;138Â 302Â 068;B01;1.0;1;2.0;1.0;1967.0;4.0;2.0;6.0;;; -1;;;1.0;34.0;0.0;2.0;4.0;2.0;1.0;;17;9;2019;18:20;1.0;94;94017;2;1.0;1.0;2.0;GENERAL DE GAULLE (AV DU);48,8207200;2,4866300;3;3;0.0;;2.0;4;0.0;1.0;0;0;1.0;;;1.0;0.0;1.0;50.0;Val-de-Marne;11;Île-de-France
201900002382;138Â 302Â 065;A01;1.0;1;1.0;1.0;1943.0;0.0;1.0;8.0;;;0;;;1.0;7.0;0.0;2.0;8.0;13.0;1.0;;19;9;2019;16:40;1.0;94;94047;2;1.0;1.0;3.0;ROSES (R DES);48,6995862;2,5427100;4;ROSES (R DES);0.0;;2.0;2;0.0;1.0;0;0;1.0;;;1.0;0.0;1.0;50.0;Val-de-Marne;11;Île-de-France
201900002382;138Â 302Â 066;B01;1.0;1;3.0;1.0;1978.0;9.0;2.0;8.0;;;0;;;1.0;32.0;0.0;2.0;7.0;17.0;1.0;;19;9;2019;16:40;1.0;94;94047;2;1.0;1.0;3.0;ROSES (R DES);48,6995862;2,5427100;4;ROSES (R DES);0.0;;2.0;2;0.0;1.0;0;0;1.0;;;1.0;0.0;1.0;50.0;Val-de-Marne;11;Île-de-France
201900002383;138Â 302Â 063;B01;1.0;1;2.0;1.0;1978.0;1.0;2.0;8.0;;; -1;;;1.0;33.0;0.0;2.0;1.0;2.0;1.0;;19;9;2019;08:00;1.0;94;94075;2;1.0;1.0;6.0;MARECHAL DE LATTRE DE TASSIGNY (AV);48,7333600;2,5213800;2;19;0.0;;2.0;4;0.0;1.0;0;0;1.0;;;1.0;0.0;1.0;50.0;Val-de-Marne;11;Île-de-France
201900002383;138Â 302Â 064;A01;1.0;1;1.0;1.0;1986.0;1.0;1.0;8.0;;; -1;;;3.0;7.0;0.0;2.0;2.0;10.0;1.0;;19;9;2019;08:00;1.0;94;94075;2;1.0;1.0;6.0;MARECHAL DE LATTRE DE TASSIGNY (AV);48,7333600;2,5213800;2;19;0.0;;2.0;4;0.0;1.0;0;0;1.0;;;1.0;0.0;1.0;50.0;Val-de-Marne;11;Île-de-France
201900002384;138Â 302Â 061;B01;1.0;1;2.0;1.0;1987.0;0.0;2.0;6.0;;;0;;;2.0;33.0;7.0;0.0;4.0;0.0;0.0;;19;9;2019;10:12;1.0;94;94004;2;1.0;1.0;2.0;MARECHAL DE LATTRE DE TASSIGNY (AV DU);48,7410000;2,5140000;2;19;0.0;;1.0;1;0.0;1.0;0;0;4.0;;;1.0;0.0;1.0;50.0;Val-de-Marne;11;Île-de-France
201900002384;138Â 302Â 062;A01;1.0;1;1.0;1.0;1976.0;1.0;1.0;0.0;;;0;;;2.0;7.0;0.0;2.0;1.0;0.0;0.0;;19;9;2019;10:12;1.0;94;94004;2;1.0;1.0;2.0;MARECHAL DE LATTRE DE TASSIGNY (AV DU);48,7410000;2,5140000;2;19;0.0;;1.0;1;0.0;1.0;0;0;4.0;;;1.0;0.0;1.0;50.0;Val-de-Marne;11;Île-de-France
201900002385;138Â 302Â 060;A01;1.0;1;2.0;1.0;1992.0;4.0;2.0;0.0;;; -1;;;1.0;32.0;0.0;2.0;4.0;11.0;1.0;;19;9;2019;16:10;1.0;93;93066;2;1.0;1.0;2.0;WILSON (AVENUE DU PRESIDENT);48,9049967;2,3588886;3;931;0.0;;1.0;2;0.0;1.0;0;1;1.0;;;1.0;0.0;1.0;50.0;Seine-Saint-Denis;11;Île-de-France
201900002386;138Â 302Â 057;B01;1.0;1;2.0;1.0;1949.0;0.0;2.0;6.0;;; -1;;;3.0;33.0;0.0;2.0;7.0;1.0;1.0;;19;9;2019;11:15;1.0;93;93066;2;2.0;1.0;3.0;GUYNEMER;48,9478800;2,3575500;4;SEMAT ROGER;0.0;;3.0;4;0.0;1.0;0;1;1.0;;;1.0;0.0;1.0;50.0;Seine-Saint-Denis;11;Île-de-France
201900002387;138Â 302Â 055;B01;1.0;1;1.0;1.0;1982.0;2.0;2.0;0.0;;; -1;;;1.0;33.0;0.0;2.0;7.0;16.0;1.0;;19;9;2019;01:30;5.0;93;93001;2;1.0;1.0;3.0;EDOUARD VAILLANT (BLD);48,9183350;2,3983970;4;EDOUARD VAILLANT (BLD);0.0;;1.0;1;0.0;1.0;0;9;1.0;;;1.0;0.0;1.0;50.0;Seine-Saint-Denis;11;Île-de-France
201900002387;138Â 302Â 056;A01;1.0;1;2.0;1.0;1976.0;9.0;2.0;6.0;;; -1;;;2.0;33.0;0.0;2.0;1.0;1.0;1.0;;19;9;2019;01:30;5.0;93;93001;2;1.0;1.0;3.0;EDOUARD VAILLANT (BLD);48,9183350;2,3983970;4;EDOUARD VAILLANT (BLD);0.0;;1.0;1;0.0;1.0;0;9;1.0;;;1.0;0.0;1.0;50.0;Seine-Saint-Denis;11;Île-de-France
201900002388;138Â 302Â 053;B01;1.0;1;2.0;1.0;1963.0;1.0;1.0;0.0;;; -1;;;3.0;3.0;0.0;2.0;0.0;0.0;1.0;;19;9;2019;08:00;1.0;93;93051;2;2.0;8.0;3.0;MEDERIC (AVENUE);48,8303300;2,5849000;3;903;0.0;;4.0;2;0.0;1.0;0;0;1.0;;;1.0;5.0;1.0;50.0;Seine-Saint-Denis;11;Île-de-France
201900002388;138Â 302Â 054;A01;1.0;1;1.0;2.0;1992.0;1.0;8.0;0.0;;; -1;;;3.0;3.0;0.0;2.0;1.0;1.0;1.0;;19;9;2019;08:00;1.0;93;93051;2;2.0;8.0;3.0;MEDERIC (AVENUE);48,8303300;2,5849000;3;903;0.0;;4.0;2;0.0;1.0;0;0;1.0;;;1.0;5.0;1.0;50.0;Seine-Saint-Denis;11;Île-de-France
201900002389;138Â 302Â 051;A01;1.0;1;1.0;1.0;1996.0;5.0;8.0;0.0;;; -1;;;1.0;10.0;0.0;2.0;1.0;15.0;0.0;;19;9;2019;18:25;1.0;93;93050;2;3.0;1.0;3.0;DAUPHINE (PLACE);48,8600000;2,5300000;4;DAUPHINE (PLACE);0.0;;2.0;2;1.0;1.0;1;0;1.0;;;1.0;0.0;1.0;50.0;Seine-Saint-Denis;11;Île-de-France
201900002389;138Â 302Â 052;B01;2.0;1;2.0;1.0;1994.0;0.0;2.0;0.0;;; -1;;;1.0;33.0;0.0;2.0;8.0;1.0;0.0;;19;9;2019;18:25;1.0;93;93050;2;3.0;1.0;3.0;DAUPHINE (PLACE);48,8600000;2,5300000;4;DAUPHINE (PLACE);0.0;;2.0;2;1.0;1.0;1;0;1.0;;;1.0;0.0;1.0;50.0;Seine-Saint-Denis;11;Île-de-France
201900002390;138Â 302Â 050;A01;10.0;3;2.0;2.0;2013.0;5.0;8.0;0.0;;5.0;3;1.0;;2.0;10.0;0.0;1.0;3.0;1.0;1.0;;19;9;2019;18:00;1.0;93;93029;2;1.0;1.0;6.0;ROGER SALENGRO NÂ° 94 - FIN;48,9171600;2,4361300;4;ROGER SALENGRO NÂ° 94 - FIN;0.0;;2.0;2;0.0;1.0;0;0;1.0;;;1.0;0.0;1.0;50.0;Seine-Saint-Denis;11;Île-de-France
201900002390;138Â 302Â 050;A01;1.0;1;1.0;1.0;1990.0;0.0;1.0;0.0;;;0;;;2.0;10.0;0.0;1.0;3.0;1.0;1.0;;19;9;2019;18:00;1.0;93;93029;2;1.0;1.0;6.0;ROGER SALENGRO NÂ° 94 - FIN;48,9171600;2,4361300;4;ROGER SALENGRO NÂ° 94 - FIN;0.0;;2.0;2;0.0;1.0;0;0;1.0;;;1.0;0.0;1.0;50.0;Seine-Saint-Denis;11;Île-de-France
201900002391;138Â 302Â 049;A01;1.0;1;1.0;1.0;1935.0;0.0;1.0;0.0;;; -1;;;2.0;3.0;1.0;2.0;3.0;1.0;1.0;;19;9;2019;17:40;1.0;93;93014;2;3.0;1.0;3.0;CHENE POINTU (ALLEE DU);48,9010900;2,5474500;4;CHENE POINTU (ALLEE DU);0.0;;2.0;2;0.0;2.0;0;0;1.0;;;1.0;0.0;1.0;50.0;Seine-Saint-Denis;11;Île-de-France
201900002391;138Â 302Â 049;A01;10.0;3;2.0;1.0;2014.0;0.0;8.0;0.0;;3.0;3;2.0;;2.0;3.0;1.0;2.0;3.0;1.0;1.0;;19;9;2019;17:40;1.0;93;93014;2;3.0;1.0;3.0;CHENE POINTU (ALLEE DU);48,9010900;2,5474500;4;CHENE POINTU (ALLEE DU);0.0;;2.0;2;0.0;2.0;0;0;1.0;;;1.0;0.0;1.0;50.0;Seine-Saint-Denis;11;Île-de-France
201900002392;138Â 302Â 047;A01;1.0;1;1.0;2.0;1990.0;1.0;1.0;8.0;;; -1;;;2.0;7.0;0.0;1.0;3.0;16.0;1.0;;19;9;2019;08:10;2.0;93;93047;2;6.0;1.0;6.0;FRENES (AVENUE DES);48,8897100;2,5585600;4;FRENES (AVENUE DES);0.0;;2.0;2;0.0;1.0;0;0;1.0;;;1.0;5.0;1.0;30.0;Seine-Saint-Denis;11;Île-de-France
201900002392;138Â 302Â 047;A01;10.0;3;2.0;2.0;1973.0;1.0;8.0;0.0;;2.0;3;1.0;;2.0;7.0;0.0;1.0;3.0;16.0;1.0;;19;9;2019;08:10;2.0;93;93047;2;6.0;1.0;6.0;FRENES (AVENUE DES);48,8897100;2,5585600;4;FRENES (AVENUE DES);0.0;;2.0;2;0.0;1.0;0;0;1.0;;;1.0;5.0;1.0;30.0;Seine-Saint-Denis;11;Île-de-France
201900002393;138Â 302Â 045;A01;1.0;1;1.0;1.0;1975.0;4.0;2.0;6.0;;; -1;;;0.0;33.0;0.0;0.0;0.0;0.0;0.0;;19;9;2019;17:10;1.0;93;93010;2;1.0;1.0;2.0;VERDUN (AV. DE) 1 A 33;48,9052330;2,4903640;4;VERDUN (AV. DE) 1 A 33;0.0;;2.0;1;0.0;1.0;0;0;1.0;;;1.0;0.0;1.0;30.0;Seine-Saint-Denis;11;Île-de-France
201900002393;138Â 302Â 046;B01;1.0;1;2.0;1.0;2007.0;2.0;8.0;0.0;;; -1;;;1.0;1.0;0.0;2.0;4.0;2.0;5.0;;19;9;2019;17:10;1.0;93;93010;2;1.0;1.0;2.0;VERDUN (AV. DE) 1 A 33;48,9052330;2,4903640;4;VERDUN (AV. DE) 1 A 33;0.0;;2.0;1;0.0;1.0;0;0;1.0;;;1.0;0.0;1.0;30.0;Seine-Saint-Denis;11;Île-de-France
201900002394;138Â 302Â 041;A01;10.0;3;2.0;2.0;2002.0;0.0;8.0;0.0;;1.0;3;1.0;;1.0;7.0;0.0;1.0;3.0;1.0;2.0;;19;9;2019;10:30;1.0;93;93001;2;1.0;1.0;6.0;REPUBLIQUE (AVE DE LA ) => NO 41/50;48,9068600;2,3886600;3;20;0.0;;2.0;2;0.0;1.0;0;1;1.0;;;1.0;0.0;1.0;50.0;Seine-Saint-Denis;11;Île-de-France
201900002394;138Â 302Â 041;A01;1.0;1;1.0;1.0;1958.0;0.0;1.0;0.0;;; -1;;;1.0;7.0;0.0;1.0;3.0;1.0;2.0;;19;9;2019;10:30;1.0;93;93001;2;1.0;1.0;6.0;REPUBLIQUE (AVE DE LA ) => NO 41/50;48,9068600;2,3886600;3;20;0.0;;2.0;2;0.0;1.0;0;1;1.0;;;1.0;0.0;1.0;50.0;Seine-Saint-Denis;11;Île-de-France
201900002395;138Â 302Â 040;A01;10.0;3;2.0;2.0;1997.0;5.0;8.0;0.0;;1.0;3;1.0;;3.0;7.0;0.0;1.0;1.0;1.0;2.0;;19;9;2019;15:45;1.0;92;92072;2;1.0;1.0;6.0;GRANDE RUE;48,8250862;2,2151095;3;910;0.0;;3.0;4;0.0;1.0;0;0;1.0;;;1.0;0.0;1.0;50.0;Hauts-de-Seine;11;Île-de-France
201900002395;138Â 302Â 040;A01;1.0;1;1.0;1.0;1959.0;9.0;8.0;0.0;;0.0;0;;;3.0;7.0;0.0;1.0;1.0;1.0;2.0;;19;9;2019;15:45;1.0;92;92072;2;1.0;1.0;6.0;GRANDE RUE;48,8250862;2,2151095;3;910;0.0;;3.0;4;0.0;1.0;0;0;1.0;;;1.0;0.0;1.0;50.0;Hauts-de-Seine;11;Île-de-France
201900002396;138Â 302Â 039;A01;1.0;1;2.0;2.0;1961.0;5.0;1.0;0.0;;;0;;;3.0;7.0;15.0;0.0;2.0;14.0;1.0;;18;9;2019;17:50;1.0;92;92064;2;1.0;1.0;6.0;DAILLY;48,8454000;2,2176000;3;907;0.0;;3.0;3;0.0;3.0;0;0;1.0;;;1.0;0.0;1.0;50.0;Hauts-de-Seine;11;Île-de-France
201900002397;138Â 302Â 037;A01;1.0;1;1.0;1.0;1981.0;1.0;1.0;0.0;;;0;;;3.0;7.0;0.0;2.0;3.0;11.0;1.0;;17;9;2019;10:20;1.0;92;92073;2;1.0;1.0;3.0;RD 914;48,8966707;2,2304606;3;914;0.0;;1.0;3;0.0;1.0;0;0;1.0;;;1.0;0.0;1.0;70.0;Hauts-de-Seine;11;Île-de-France
201900002397;138Â 302Â 038;B01;1.0;1;2.0;2.0;1981.0;1.0;2.0;6.0;;;0;;;3.0;33.0;0.0;2.0;7.0;1.0;1.0;;17;9;2019;10:20;1.0;92;92073;2;1.0;1.0;3.0;RD 914;48,8966707;2,2304606;3;914;0.0;;1.0;3;0.0;1.0;0;0;1.0;;;1.0;0.0;1.0;70.0;Hauts-de-Seine;11;Île-de-France
201900002398;138Â 302Â 036;A01;10.0;3;2.0;1.0;2012.0;5.0;8.0;0.0;;3.0;3;2.0;;1.0;7.0;0.0;1.0;2.0;15.0;1.0;;19;9;2019;15:50;1.0;92;92036;2;3.0;1.0;6.0;GABRIEL PERI (AVENUE) (147/177);48,9170700;2,2956700;3;109;0.0;;2.0;2;0.0;1.0;0;0;1.0;;;1.0;0.0;1.0;50.0;Hauts-de-Seine;11;Île-de-France
201900002398;138Â 302Â 036;A01;10.0;3;2.0;2.0;1984.0;5.0;8.0;0.0;;3.0;3;2.0;;1.0;7.0;0.0;1.0;2.0;15.0;1.0;;19;9;2019;15:50;1.0;92;92036;2;3.0;1.0;6.0;GABRIEL PERI (AVENUE) (147/177);48,9170700;2,2956700;3;109;0.0;;2.0;2;0.0;1.0;0;0;1.0;;;1.0;0.0;1.0;50.0;Hauts-de-Seine;11;Île-de-France
201900002398;138Â 302Â 036;A01;1.0;1;1.0;1.0;1958.0;4.0;1.0;8.0;;;0;;;1.0;7.0;0.0;1.0;2.0;15.0;1.0;;19;9;2019;15:50;1.0;92;92036;2;3.0;1.0;6.0;GABRIEL PERI (AVENUE) (147/177);48,9170700;2,2956700;3;109;0.0;;2.0;2;0.0;1.0;0;0;1.0;;;1.0;0.0;1.0;50.0;Hauts-de-Seine;11;Île-de-France
201900002399;138Â 302Â 034;B01;1.0;1;2.0;1.0;1983.0;0.0;2.0;8.0;;;0;;;1.0;2.0;0.0;2.0;3.0;18.0;1.0;;19;9;2019;06:50;5.0;92;92036;2;3.0;1.0;3.0;LAURENT CELY (AVENUE) (145/329);48,9277089;2,3028440;3;17;0.0;;3.0;2;1.0;1.0;0;0;1.0;;;1.0;0.0;1.0;50.0;Hauts-de-Seine;11;Île-de-France
201900002399;138Â 302Â 035;A01;1.0;1;1.0;1.0;1958.0;0.0;1.0;8.0;;;0;;;1.0;10.0;0.0;2.0;2.0;16.0;1.0;;19;9;2019;06:50;5.0;92;92036;2;3.0;1.0;3.0;LAURENT CELY (AVENUE) (145/329);48,9277089;2,3028440;3;17;0.0;;3.0;2;1.0;1.0;0;0;1.0;;;1.0;0.0;1.0;50.0;Hauts-de-Seine;11;Île-de-France
201900002400;138Â 302Â 032;B01;1.0;1;2.0;1.0;1994.0;0.0;8.0;0.0;;;0;;;3.0;0.0;0.0;2.0;9.0;1.0;0.0;;18;9;2019;21:30;5.0;92;92023;2;6.0;1.0;3.0;HUIT MAI 1945 (CARREFOUR DU) S103;48,7914100;2,2629200;3;130;0.0;;2.0;2;0.0;1.0;0;0;1.0;;;1.0;0.0;1.0;50.0;Hauts-de-Seine;11;Île-de-France
201900002400;138Â 302Â 033;A01;1.0;1;1.0;1.0;1986.0;1.0;1.0;0.0;;;0;;;3.0;7.0;0.0;2.0;3.0;9.0;1.0;;18;9;2019;21:30;5.0;92;92023;2;6.0;1.0;3.0;HUIT MAI 1945 (CARREFOUR DU) S103;48,7914100;2,2629200;3;130;0.0;;2.0;2;0.0;1.0;0;0;1.0;;;1.0;0.0;1.0;50.0;Hauts-de-Seine;11;Île-de-France
201900002401;138Â 302Â 030;A01;1.0;1;1.0;2.0;1963.0;1.0;1.0;0.0;;;0;;;1.0;7.0;0.0;1.0;1.0;15.0;6.0;;19;9;2019;09:05;1.0;92;92032;2;2.0;7.0;6.0;BLANCHARD (RUE);48,7945073;2,2879371;3;68;0.0;A;2.0;2;0.0;1.0;1;0;2.0;;;1.0;6.0;1.0;30.0;Hauts-de-Seine;11;Île-de-France
201900002401;138Â 302Â 031;B01;10.0;3;3.0;1.0;1968.0;1.0;8.0;0.0;;3.0;1;1.0;;1.0;99.0;0.0;2.0;0.0;0.0;6.0;;19;9;2019;09:05;1.0;92;92032;2;2.0;7.0;6.0;BLANCHARD (RUE);48,7945073;2,2879371;3;68;0.0;A;2.0;2;0.0;1.0;1;0;2.0;;;1.0;6.0;1.0;30.0;Hauts-de-Seine;11;Île-de-France
201900002402;138Â 302Â 028;A01;1.0;1;2.0;1.0;2004.0;2.0;2.0;6.0;;; -1;;;2.0;30.0;0.0;2.0;8.0;21.0;1.0;;19;9;2019;08:40;1.0;92;92007;2;3.0;1.0;2.0;FOCH (AVENUE DU MARECHAL) AUTRES NUMEROS;48,7866900;2,3023800;4;FOCH (AVENUE DU MARECHAL) AUTRES NUMEROS;0.0;;2.0;2;0.0;1.0;0;0;1.0;;;1.0;0.0;1.0;50.0;Hauts-de-Seine;11;Île-de-France
201900002402;138Â 302Â 029;B01;1.0;1;1.0;1.0;1986.0;1.0;1.0;0.0;;; -1;;;2.0;7.0;0.0;2.0;4.0;23.0;1.0;;19;9;2019;08:40;1.0;92;92007;2;3.0;1.0;2.0;FOCH (AVENUE DU MARECHAL) AUTRES NUMEROS;48,7866900;2,3023800;4;FOCH (AVENUE DU MARECHAL) AUTRES NUMEROS;0.0;;2.0;2;0.0;1.0;0;0;1.0;;;1.0;0.0;1.0;50.0;Hauts-de-Seine;11;Île-de-France
201900002403;138Â 302Â 026;B01;1.0;1;2.0;2.0;1943.0;5.0;1.0;;;0.0;0;;;2.0;7.0;0.0;2.0;3.0;1.0;0.0;;19;9;2019;15:15;1.0;08;08343;1;1.0;1.0;1.0;D217;49,6786910;5,0880880;3;217;0.0;;;2;0.0;2.0;(1);(1);2.0;;;1.0;0.0;1.0;80.0;Ardennes;44;Grand Est
201900002403;138Â 302Â 027;A01;1.0;1;1.0;1.0;1994.0;5.0;1.0;;;0.0;0;;;1.0;7.0;0.0;2.0;1.0;1.0;0.0;;19;9;2019;15:15;1.0;08;08343;1;1.0;1.0;1.0;D217;49,6786910;5,0880880;3;217;0.0;;;2;0.0;2.0;(1);(1);2.0;;;1.0;0.0;1.0;80.0;Ardennes;44;Grand Est
201900002404;138Â 302Â 025;A01;1.0;1;3.0;2.0;1992.0;1.0;1.0;;;0.0;0;;;2.0;7.0;2.0;0.0;2.0;1.0;0.0;;20;9;2019;12:15;1.0;62;62254;1;1.0;1.0;6.0;rue principale;50,6135670;2,1938160;3;157;;;2.0;2;0.0;1.0;10;10;1.0;;;1.0;0.0;3.0;80.0;Pas-de-Calais;32;Hauts-de-France
201900002405;138Â 302Â 023;A01;1.0;1;3.0;1.0;1959.0;5.0;1.0;;;0.0;0;;;1.0;10.0;0.0;2.0;6.0;13.0;1.0;;18;9;2019;11:00;1.0;76;76249;1;1.0;9.0;3.0;A 29;49,6354900;1,1597470;1;29;0.0;A;3.0;4;0.0;1.0;99;50;1.0;;;1.0;0.0;1.0;130.0;Seine-Maritime;28;Normandie
201900002405;138Â 302Â 024;B01;1.0;1;1.0;2.0;1999.0;4.0;1.0;;;0.0;0;;;1.0;10.0;0.0;2.0;7.0;1.0;1.0;;18;9;2019;11:00;1.0;76;76249;1;1.0;9.0;3.0;A 29;49,6354900;1,1597470;1;29;0.0;A;3.0;4;0.0;1.0;99;50;1.0;;;1.0;0.0;1.0;130.0;Seine-Maritime;28;Normandie
201900002405;138Â 302Â 024;B01;2.0;2;1.0;1.0;1970.0;4.0;1.0;;;0.0;0;;;1.0;10.0;0.0;2.0;7.0;1.0;1.0;;18;9;2019;11:00;1.0;76;76249;1;1.0;9.0;3.0;A 29;49,6354900;1,1597470;1;29;0.0;A;3.0;4;0.0;1.0;99;50;1.0;;;1.0;0.0;1.0;130.0;Seine-Maritime;28;Normandie
201900002406;138Â 302Â 021;B01;1.0;1;1.0;1.0;1971.0;4.0;8.0;;;0.0;0;;;2.0;14.0;0.0;0.0;5.0;1.0;1.0;;20;9;2019;07:30;1.0;74;74090;1;1.0;1.0;2.0;A 410;46,0923720;6,2896890;1;410;;;3.0;4;0.0;1.0;160;830;1.0;;;1.0;0.0;1.0;130.0;Haute-Savoie;84;Auvergne-Rhône-Alpes
201900002406;138Â 302Â 022;A01;1.0;1;2.0;1.0;1987.0;4.0;8.0;;;0.0;0;;;2.0;10.0;0.0;2.0;3.0;2.0;1.0;;20;9;2019;07:30;1.0;74;74090;1;1.0;1.0;2.0;A 410;46,0923720;6,2896890;1;410;;;3.0;4;0.0;1.0;160;830;1.0;;;1.0;0.0;1.0;130.0;Haute-Savoie;84;Auvergne-Rhône-Alpes
201900002407;138Â 302Â 018;C01;1.0;1;1.0;1.0;1997.0;4.0;1.0;;;0.0;0;;;2.0;10.0;6.0;2.0;1.0;13.0;1.0;;17;9;2019;10:30;1.0;64;64254;1;2.0;1.0;4.0;3320 Chemin Departemental 945;43,5106716; -0,6142430;3;945;;;2.0;2;0.0;1.0;6;500;1.0;;;1.0;0.0;1.0;80.0;Pyrénées-Atlantiques;75;Nouvelle-Aquitaine
201900002407;138Â 302Â 019;B01;1.0;1;3.0;2.0;1961.0;3.0;1.0;;;0.0;0;;;2.0;7.0;6.0;0.0;4.0;13.0;1.0;;17;9;2019;10:30;1.0;64;64254;1;2.0;1.0;4.0;3320 Chemin Departemental 945;43,5106716; -0,6142430;3;945;;;2.0;2;0.0;1.0;6;500;1.0;;;1.0;0.0;1.0;80.0;Pyrénées-Atlantiques;75;Nouvelle-Aquitaine
201900002407;138Â 302Â 020;A01;1.0;1;2.0;1.0;1948.0;4.0;1.0;;;0.0;0;;;1.0;10.0;6.0;0.0;4.0;13.0;1.0;;17;9;2019;10:30;1.0;64;64254;1;2.0;1.0;4.0;3320 Chemin Departemental 945;43,5106716; -0,6142430;3;945;;;2.0;2;0.0;1.0;6;500;1.0;;;1.0;0.0;1.0;80.0;Pyrénées-Atlantiques;75;Nouvelle-Aquitaine
201900002408;138Â 302Â 016;B01;1.0;1;3.0;2.0;1954.0;4.0;0.0;;;0.0;0;;;3.0;7.0;0.0;2.0;3.0;1.0;1.0;;17;7;2019;06:00;2.0;35;35176;1;2.0;1.0;3.0;La Cottaie;47,7945390; -1,8599130;4;;;;2.0;2;0.0;3.0;(1);(1);1.0;;;1.0;0.0;1.0;80.0;Ille-et-Vilaine;53;Bretagne
201900002408;138Â 302Â 017;A01;1.0;1;1.0;1.0;1990.0;1.0;1.0;;;0.0;0;;;3.0;7.0;0.0;2.0;2.0;1.0;1.0;;17;7;2019;06:00;2.0;35;35176;1;2.0;1.0;3.0;La Cottaie;47,7945390; -1,8599130;4;;;;2.0;2;0.0;3.0;(1);(1);1.0;;;1.0;0.0;1.0;80.0;Ille-et-Vilaine;53;Bretagne
201900002409;138Â 302Â 014;A01;1.0;1;1.0;1.0;1998.0;1.0;1.0;;;0.0;0;;;1.0;7.0;0.0;2.0;1.0;15.0;1.0;;18;9;2019;17:20;1.0;59;59478;1;3.0;1.0;1.0;Route de Looweg;50,9554390;2,4612010;3;110;0.0;D;2.0;2;0.0;1.0;(1);(1);2.0;;;1.0;0.0;1.0;80.0;Nord;32;Hauts-de-France
201900002409;138Â 302Â 014;A01;2.0;2;1.0;1.0;1997.0;1.0;1.0;;;0.0;0;;;1.0;7.0;0.0;2.0;1.0;15.0;1.0;;18;9;2019;17:20;1.0;59;59478;1;3.0;1.0;1.0;Route de Looweg;50,9554390;2,4612010;3;110;0.0;D;2.0;2;0.0;1.0;(1);(1);2.0;;;1.0;0.0;1.0;80.0;Nord;32;Hauts-de-France
201900002409;138Â 302Â 015;B01;1.0;1;2.0;1.0;1982.0;4.0;1.0;;;0.0;0;;;2.0;7.0;0.0;2.0;1.0;1.0;1.0;;18;9;2019;17:20;1.0;59;59478;1;3.0;1.0;1.0;Route de Looweg;50,9554390;2,4612010;3;110;0.0;D;2.0;2;0.0;1.0;(1);(1);2.0;;;1.0;0.0;1.0;80.0;Nord;32;Hauts-de-France
201900002410;138Â 302Â 012;A01;1.0;1;1.0;1.0;2000.0;5.0;1.0;;;0.0;0;;;1.0;7.0;0.0;2.0;1.0;19.0;1.0;;12;9;2019;19:00;1.0;84;84099;1;2.0;1.0;3.0;route d gordese;43,8624000;5,1033660;3;15;;;2.0;2;0.0;1.0;(1);(1);1.0;;;1.0;0.0;1.0;70.0;Vaucluse;93;Provence-Alpes-Côte d'Azur
201900002410;138Â 302Â 013;B01;1.0;1;3.0;1.0;1979.0;1.0;1.0;;;0.0;0;;;2.0;7.0;0.0;2.0;8.0;1.0;1.0;;12;9;2019;19:00;1.0;84;84099;1;2.0;1.0;3.0;route d gordese;43,8624000;5,1033660;3;15;;;2.0;2;0.0;1.0;(1);(1);1.0;;;1.0;0.0;1.0;70.0;Vaucluse;93;Provence-Alpes-Côte d'Azur
201900002411;138Â 302Â 010;A01;1.0;1;3.0;1.0;1999.0;5.0;2.0;;;0.0;0;;;1.0;33.0;0.0;2.0;1.0;1.0;1.0;;20;9;2019;00:00;5.0;72;72008;2;1.0;1.0;6.0;boulevard pierre lefaucheux;47,9458850;0,1822300;3;147;0.0;D;4.0;5;0.0;1.0;1;1;1.0;;;1.0;0.0;5.0;70.0;Sarthe;52;Pays de la Loire
201900002411;138Â 302Â 011;B01;3.0;2;1.0;1.0;2002.0;5.0;1.0;;;0.0;0;;;1.0;7.0;0.0;0.0;6.0;15.0;1.0;;20;9;2019;00:00;5.0;72;72008;2;1.0;1.0;6.0;boulevard pierre lefaucheux;47,9458850;0,1822300;3;147;0.0;D;4.0;5;0.0;1.0;1;1;1.0;;;1.0;0.0;5.0;70.0;Sarthe;52;Pays de la Loire
201900002411;138Â 302Â 011;B01;2.0;2;1.0;1.0;1999.0;5.0;1.0;;;0.0;0;;;1.0;7.0;0.0;0.0;6.0;15.0;1.0;;20;9;2019;00:00;5.0;72;72008;2;1.0;1.0;6.0;boulevard pierre lefaucheux;47,9458850;0,1822300;3;147;0.0;D;4.0;5;0.0;1.0;1;1;1.0;;;1.0;0.0;5.0;70.0;Sarthe;52;Pays de la Loire