Num_Acc;id_vehicule;num_veh;place;catu;grav;sexe;an_nais;trajet;secu1;secu2;secu3;locp;actp;etatp;id_usager;senc;catv;obs;obsm;choc;manv;motor;occutc;jour;mois;an;hrmn;lum;dep;com;agg;int;atm;col;adr;lat;long;catr;voie;v1;v2;circ;nbv;vosp;prof;pr;pr1;plan;lartpc;larrout;surf;infra;situ;vma;nom_departement;reg;nom_region
201900002411;138Â 302Â 011;B01;1.0;1;1.0;1.0;1996.0;5.0;1.0;;;0.0;0;;;1.0;7.0;0.0;0.0;6.0;15.0;1.0;;20;9;2019;00:00;5.0;72;72008;2;1.0;1.0;6.0;boulevard pierre lefaucheux;47,9458850;0,1822300;3;147;0.0;D;4.0;5;0.0;1.0;1;1;1.0;;;1.0;0.0;5.0;70.0;Sarthe;52;Pays de la Loire
201900002412;138Â 302Â 009;A01;1.0;1;3.0;1.0;1950.0;5.0;1.0;;;0.0;0;;;1.0;7.0;4.0;0.0;3.0;0.0;1.0;;19;9;2019;14:00;1.0;37;37179;1;1.0;1.0;6.0;Autoroute A10;47,4421023;0,7381741;1;10;;;3.0;5;0.0;1.0;200;800;1.0;;;1.0;0.0;1.0;130.0;Indre-et-Loire;24;Centre-Val de Loire
201900002413;138Â 302Â 008;A01;1.0;1;2.0;1.0;1989.0;0.0;1.0;;;0.0;0;;;3.0;7.0;2.0;0.0;7.0;13.0;1.0;;19;9;2019;18:30;1.0;19;19117;1;1.0;1.0;6.0;RD59;45,1175830;1,4647260;3;59;0.0;;2.0;2;0.0;2.0;(1);(1);3.0;;;1.0;0.0;3.0;;Corrèze;75;Nouvelle-Aquitaine
201900002413;138Â 302Â 008;A01;2.0;2;2.0;1.0;1989.0;0.0;1.0;;;0.0;0;;;3.0;7.0;2.0;0.0;7.0;13.0;1.0;;19;9;2019;18:30;1.0;19;19117;1;1.0;1.0;6.0;RD59;45,1175830;1,4647260;3;59;0.0;;2.0;2;0.0;2.0;(1);(1);3.0;;;1.0;0.0;3.0;;Corrèze;75;Nouvelle-Aquitaine
201900002413;138Â 302Â 008;A01;4.0;2;3.0;1.0;1989.0;0.0;1.0;;;0.0;0;;;3.0;7.0;2.0;0.0;7.0;13.0;1.0;;19;9;2019;18:30;1.0;19;19117;1;1.0;1.0;6.0;RD59;45,1175830;1,4647260;3;59;0.0;;2.0;2;0.0;2.0;(1);(1);3.0;;;1.0;0.0;3.0;;Corrèze;75;Nouvelle-Aquitaine
201900002414;138Â 302Â 007;A01;1.0;1;3.0;2.0;1998.0;5.0;1.0;;;0.0;0;;;2.0;7.0;2.0;0.0;3.0;1.0;1.0;;19;9;2019;17:20;1.0;56;56244;1;1.0;1.0;7.0;Le GlÃ©tin;47,8350650; -2,5383200;3;10;;;2.0;2;0.0;1.0;13;350;3.0;;;9.0;0.0;3.0;80.0;Morbihan;53;Bretagne
201900002415;138Â 302Â 003;A01;1.0;1;3.0;2.0;1964.0;0.0;1.0;5.0;;0.0;0;;;2.0;7.0;0.0;2.0;2.0;15.0;1.0;;17;9;2019;15:30;1.0;67;67314;1;4.0;1.0;3.0;D130;48,4502683;7,2255029;3;130;0.0;;2.0;2;0.0;2.0;1;700;1.0;;;1.0;0.0;1.0;80.0;Bas-Rhin;44;Grand Est
201900002415;138Â 302Â 004;B01;1.0;1;2.0;1.0;1988.0;4.0;1.0;5.0;;0.0;0;;;1.0;10.0;0.0;2.0;1.0;1.0;1.0;;17;9;2019;15:30;1.0;67;67314;1;4.0;1.0;3.0;D130;48,4502683;7,2255029;3;130;0.0;;2.0;2;0.0;2.0;1;700;1.0;;;1.0;0.0;1.0;80.0;Bas-Rhin;44;Grand Est
201900002416;138Â 302Â 000;C01;3.0;2;2.0;2.0;2001.0;5.0;1.0;;;0.0;0;;;2.0;7.0;0.0;2.0;3.0;1.0;1.0;;31;8;2019;02:30;5.0;2B;2B305;1;1.0;1.0;5.0;Grisgione;42,7335670;9,4608780;3;80;0.0;;2.0;2;0.0;2.0;(1);(1);4.0;;;1.0;0.0;1.0;80.0;Haute-Corse;94;Corse
201900002416;138Â 302Â 000;C01;4.0;2;1.0;1.0;2005.0;5.0;1.0;;;0.0;0;;;2.0;7.0;0.0;2.0;3.0;1.0;1.0;;31;8;2019;02:30;5.0;2B;2B305;1;1.0;1.0;5.0;Grisgione;42,7335670;9,4608780;3;80;0.0;;2.0;2;0.0;2.0;(1);(1);4.0;;;1.0;0.0;1.0;80.0;Haute-Corse;94;Corse
201900002416;138Â 302Â 000;C01;2.0;2;2.0;2.0;2001.0;5.0;1.0;;;0.0;0;;;2.0;7.0;0.0;2.0;3.0;1.0;1.0;;31;8;2019;02:30;5.0;2B;2B305;1;1.0;1.0;5.0;Grisgione;42,7335670;9,4608780;3;80;0.0;;2.0;2;0.0;2.0;(1);(1);4.0;;;1.0;0.0;1.0;80.0;Haute-Corse;94;Corse
201900002416;138Â 302Â 000;C01;1.0;1;2.0;2.0;2001.0;5.0;1.0;;;0.0;0;;;2.0;7.0;0.0;2.0;3.0;1.0;1.0;;31;8;2019;02:30;5.0;2B;2B305;1;1.0;1.0;5.0;Grisgione;42,7335670;9,4608780;3;80;0.0;;2.0;2;0.0;2.0;(1);(1);4.0;;;1.0;0.0;1.0;80.0;Haute-Corse;94;Corse
201900002416;138Â 302Â 001;B01;1.0;1;3.0;1.0;1967.0;5.0;9.0;;;0.0;0;;;1.0;7.0;0.0;2.0;3.0;1.0;1.0;;31;8;2019;02:30;5.0;2B;2B305;1;1.0;1.0;5.0;Grisgione;42,7335670;9,4608780;3;80;0.0;;2.0;2;0.0;2.0;(1);(1);4.0;;;1.0;0.0;1.0;80.0;Haute-Corse;94;Corse
201900002416;138Â 302Â 002;A01;1.0;1;2.0;1.0;2000.0;5.0;1.0;;;0.0;0;;;2.0;7.0;0.0;2.0;3.0;1.0;1.0;;31;8;2019;02:30;5.0;2B;2B305;1;1.0;1.0;5.0;Grisgione;42,7335670;9,4608780;3;80;0.0;;2.0;2;0.0;2.0;(1);(1);4.0;;;1.0;0.0;1.0;80.0;Haute-Corse;94;Corse
201900002416;138Â 302Â 002;A01;2.0;2;1.0;1.0;2000.0;5.0;1.0;;;0.0;0;;;2.0;7.0;0.0;2.0;3.0;1.0;1.0;;31;8;2019;02:30;5.0;2B;2B305;1;1.0;1.0;5.0;Grisgione;42,7335670;9,4608780;3;80;0.0;;2.0;2;0.0;2.0;(1);(1);4.0;;;1.0;0.0;1.0;80.0;Haute-Corse;94;Corse
201900002417;138Â 301Â 999;A01;1.0;1;2.0;1.0;2004.0;2.0;2.0;6.0;;0.0;0;;;0.0;2.0;13.0;0.0;1.0;1.0;1.0;;20;9;2019;09:05;1.0;82;82134;1;1.0;1.0;6.0;Chemin des Tempets Revel;44,0651980;1,5428530;4;;;;2.0;2;0.0;1.0;(1);(1);2.0;;;1.0;0.0;3.0;70.0;Tarn-et-Garonne;76;Occitanie
201900002418;138Â 301Â 997;A01;1.0;1;4.0;1.0;1956.0;5.0;2.0;6.0;9.0;0.0;0;;;1.0;33.0;0.0;2.0;1.0;1.0;1.0;;20;9;2019;16:10;1.0;82;82134;2;1.0;1.0;2.0;1145 Avenue du 8 Mai 1945;44,0714420;1,5088430;3;958;;;2.0;2;1.0;1.0;51;120;1.0;;;1.0;0.0;1.0;50.0;Tarn-et-Garonne;76;Occitanie
201900002418;138Â 301Â 998;B01;1.0;1;1.0;2.0;1966.0;5.0;1.0;;;0.0;0;;;1.0;7.0;0.0;2.0;4.0;23.0;1.0;;20;9;2019;16:10;1.0;82;82134;2;1.0;1.0;2.0;1145 Avenue du 8 Mai 1945;44,0714420;1,5088430;3;958;;;2.0;2;1.0;1.0;51;120;1.0;;;1.0;0.0;1.0;50.0;Tarn-et-Garonne;76;Occitanie
201900002419;138Â 301Â 996;A01;1.0;1;3.0;2.0;1938.0;3.0;1.0;;;0.0;0;;;1.0;7.0;2.0;0.0;1.0;1.0;1.0;;18;9;2019;11:30;1.0;65;65455;2;1.0;1.0;6.0;Route de Saint-Laurent;43,0747643;0,4398493;3;938;0.0;;2.0;2;0.0;1.0;8;470;1.0;;;1.0;0.0;8.0;50.0;Hautes-Pyrénées;76;Occitanie
201900002420;138Â 301Â 995;A01;1.0;1;3.0;1.0;1993.0;5.0;1.0;5.0;;0.0;0;;;0.0;7.0;6.0;0.0;1.0;0.0;1.0;;19;9;2019;21:03;3.0;89;89142;2;1.0;1.0;6.0;Route des MarniÃ¨res;48,0761900;3,4516800;3;201;0.0;;2.0;2;0.0;1.0;0;120;3.0;;;1.0;0.0;1.0;50.0;Yonne;27;Bourgogne-Franche-Comté
201900002421;138Â 301Â 993;B01;1.0;1;4.0;1.0;1955.0;0.0;2.0;;;0.0;0;;;1.0;33.0;0.0;2.0;1.0;17.0;1.0;;20;9;2019;16:50;1.0;89;89352;1;3.0;7.0;3.0;CD90 X CD92;47,6581270;3,0405720;3;90;;;2.0;2;0.0;1.0;2;950;1.0;;;1.0;0.0;1.0;80.0;Yonne;27;Bourgogne-Franche-Comté
201900002421;138Â 301Â 994;A01;1.0;1;2.0;2.0;1977.0;0.0;1.0;;;0.0;0;;;1.0;3.0;0.0;2.0;3.0;15.0;1.0;;20;9;2019;16:50;1.0;89;89352;1;3.0;7.0;3.0;CD90 X CD92;47,6581270;3,0405720;3;90;;;2.0;2;0.0;1.0;2;950;1.0;;;1.0;0.0;1.0;80.0;Yonne;27;Bourgogne-Franche-Comté
201900002422;138Â 301Â 992;A01;2.0;2;3.0;2.0;1961.0;5.0;2.0;6.0;;0.0;0;;;2.0;33.0;0.0;0.0;8.0;17.0;1.0;;20;9;2019;14:45;1.0;42;42215;1;3.0;1.0;7.0;D4;46,1640510;4,1943850;3;4;;;2.0;2;1.0;1.0;26;250;1.0;;;1.0;0.0;1.0;80.0;Loire;84;Auvergne-Rhône-Alpes
201900002422;138Â 301Â 992;A01;1.0;1;2.0;1.0;1958.0;5.0;2.0;6.0;;0.0;0;;;2.0;33.0;0.0;0.0;8.0;17.0;1.0;;20;9;2019;14:45;1.0;42;42215;1;3.0;1.0;7.0;D4;46,1640510;4,1943850;3;4;;;2.0;2;1.0;1.0;26;250;1.0;;;1.0;0.0;1.0;80.0;Loire;84;Auvergne-Rhône-Alpes
201900002423;138Â 301Â 990;B01;1.0;1;1.0;2.0;1964.0;4.0;1.0;;;0.0;0;;;1.0;7.0;0.0;2.0;5.0;1.0;1.0;;20;9;2019;10:25;1.0;34;34096;1;4.0;1.0;6.0;D909;43,5624760;3,1806360;3;909;;;2.0;3;0.0;2.0;27;0;2.0;;;1.0;0.0;1.0;90.0;Hérault;76;Occitanie
201900002423;138Â 301Â 991;A01;1.0;1;4.0;1.0;1936.0;5.0;2.0;;;0.0;0;;;1.0;1.0;0.0;2.0;8.0;19.0;6.0;;20;9;2019;10:25;1.0;34;34096;1;4.0;1.0;6.0;D909;43,5624760;3,1806360;3;909;;;2.0;3;0.0;2.0;27;0;2.0;;;1.0;0.0;1.0;90.0;Hérault;76;Occitanie
201900002424;138Â 301Â 988;B01;1.0;1;2.0;1.0;1992.0;5.0;1.0;;;0.0;0;;;2.0;7.0;0.0;2.0;3.0;1.0;1.0;;18;9;2019;17:08;1.0;25;25512;1;1.0;1.0;1.0;Rue des Fuottes, PR18+450;47,1519420;6,7388850;3;242;;;2.0;2;0.0;3.0;18;480;4.0;;;1.0;0.0;1.0;80.0;Doubs;27;Bourgogne-Franche-Comté
201900002424;138Â 301Â 988;B01;2.0;2;1.0;1.0;1986.0;5.0;1.0;;;0.0;0;;;2.0;7.0;0.0;2.0;3.0;1.0;1.0;;18;9;2019;17:08;1.0;25;25512;1;1.0;1.0;1.0;Rue des Fuottes, PR18+450;47,1519420;6,7388850;3;242;;;2.0;2;0.0;3.0;18;480;4.0;;;1.0;0.0;1.0;80.0;Doubs;27;Bourgogne-Franche-Comté
201900002424;138Â 301Â 989;A01;1.0;1;2.0;1.0;1987.0;5.0;1.0;;;0.0;0;;;1.0;7.0;0.0;2.0;3.0;13.0;1.0;;18;9;2019;17:08;1.0;25;25512;1;1.0;1.0;1.0;Rue des Fuottes, PR18+450;47,1519420;6,7388850;3;242;;;2.0;2;0.0;3.0;18;480;4.0;;;1.0;0.0;1.0;80.0;Doubs;27;Bourgogne-Franche-Comté
201900002425;138Â 301Â 987;A01;1.0;1;3.0;1.0;1992.0;1.0;2.0;;;0.0;0;;;1.0;33.0;0.0;6.0;1.0;1.0;1.0;;16;9;2019;04:45;3.0;44;44175;1;1.0;1.0;6.0;Le Pont d'Os;47,3879820; -2,3241290;3;51;0.0;;2.0;2;0.0;1.0;7;300;1.0;;;1.0;0.0;1.0;80.0;Loire-Atlantique;52;Pays de la Loire
201900002426;138Â 301Â 986;A01;2.0;2;2.0;1.0;1992.0;5.0;8.0;;;0.0;0;;;1.0;7.0;2.0;0.0;1.0;1.0;1.0;;20;9;2019;03:25;3.0;44;44169;1;6.0;1.0;6.0;carrefour CD 215 et C9;47,2324970; -1,4395990;3;215;0.0;;2.0;2;0.0;1.0;2;600;1.0;;;1.0;5.0;1.0;80.0;Loire-Atlantique;52;Pays de la Loire
201900002426;138Â 301Â 986;A01;7.0;2;4.0;1.0;1985.0;5.0;1.0;;;0.0;0;;;1.0;7.0;2.0;0.0;1.0;1.0;1.0;;20;9;2019;03:25;3.0;44;44169;1;6.0;1.0;6.0;carrefour CD 215 et C9;47,2324970; -1,4395990;3;215;0.0;;2.0;2;0.0;1.0;2;600;1.0;;;1.0;5.0;1.0;80.0;Loire-Atlantique;52;Pays de la Loire
201900002426;138Â 301Â 986;A01;9.0;2;4.0;1.0;1983.0;5.0;1.0;;;0.0;0;;;1.0;7.0;2.0;0.0;1.0;1.0;1.0;;20;9;2019;03:25;3.0;44;44169;1;6.0;1.0;6.0;carrefour CD 215 et C9;47,2324970; -1,4395990;3;215;0.0;;2.0;2;0.0;1.0;2;600;1.0;;;1.0;5.0;1.0;80.0;Loire-Atlantique;52;Pays de la Loire
201900002426;138Â 301Â 986;A01;1.0;1;4.0;1.0;1993.0;5.0;1.0;;;0.0;0;;;1.0;7.0;2.0;0.0;1.0;1.0;1.0;;20;9;2019;03:25;3.0;44;44169;1;6.0;1.0;6.0;carrefour CD 215 et C9;47,2324970; -1,4395990;3;215;0.0;;2.0;2;0.0;1.0;2;600;1.0;;;1.0;5.0;1.0;80.0;Loire-Atlantique;52;Pays de la Loire
201900002427;138Â 301Â 984;A01;1.0;1;3.0;1.0;1999.0;1.0;5.0;;;0.0;0;;;1.0;7.0;4.0;2.0;3.0;5.0;1.0;;18;9;2019;20:10;2.0;44;44064;1;1.0;1.0;1.0;D917;47,0956370; -1,2932360;3;917;0.0;;2.0;2;3.0;1.0;1;350;4.0;;;1.0;0.0;1.0;80.0;Loire-Atlantique;52;Pays de la Loire
201900002427;138Â 301Â 985;B01;1.0;1;3.0;2.0;1966.0;5.0;5.0;;;0.0;0;;;2.0;7.0;0.0;2.0;3.0;1.0;1.0;;18;9;2019;20:10;2.0;44;44064;1;1.0;1.0;1.0;D917;47,0956370; -1,2932360;3;917;0.0;;2.0;2;3.0;1.0;1;350;4.0;;;1.0;0.0;1.0;80.0;Loire-Atlantique;52;Pays de la Loire
201900002428;138Â 301Â 982;A01;1.0;1;1.0;1.0;1988.0;1.0;1.0;;;0.0;0;;;0.0;7.0;0.0;2.0;2.0;15.0;1.0;;19;9;2019;20:30;5.0;38;38175;2;3.0;1.0;3.0;Boulevard Paul Langevin;45,2596170;5,9096940;3;523;0.0;;2.0;2;0.0;1.0;(1);(1);1.0;;;1.0;0.0;1.0;50.0;Isère;84;Auvergne-Rhône-Alpes
201900002428;138Â 301Â 983;B01;1.0;1;3.0;1.0;2002.0;0.0;8.0;;;0.0;0;;;2.0;2.0;0.0;2.0;1.0;1.0;1.0;;19;9;2019;20:30;5.0;38;38175;2;3.0;1.0;3.0;Boulevard Paul Langevin;45,2596170;5,9096940;3;523;0.0;;2.0;2;0.0;1.0;(1);(1);1.0;;;1.0;0.0;1.0;50.0;Isère;84;Auvergne-Rhône-Alpes
201900002429;138Â 301Â 981;A01;1.0;1;3.0;1.0;1968.0;1.0;1.0;;;0.0;0;;;1.0;7.0;0.0;0.0;9.0;1.0;1.0;;18;9;2019;21:30;3.0;03;03200;1;1.0;1.0;7.0;Patry;46,5709231;3,2771486;3;953;0.0;;2.0;2;0.0;1.0;56;926;1.0;;;1.0;0.0;1.0;80.0;Allier;84;Auvergne-Rhône-Alpes
201900002430;138Â 301Â 980;A01;10.0;3;3.0;2.0;1958.0;3.0;8.0;;;2.0;9;2.0;;3.0;7.0;0.0;1.0;1.0;24.0;1.0;;20;9;2019;10:25;1.0;15;15265;2;9.0;1.0;6.0;avenue de la rÃ©publique;45,3411240;2,4344110;6;;;;;;;1.0;(1);(1);1.0;;;1.0;9.0;8.0;;Cantal;84;Auvergne-Rhône-Alpes
201900002430;138Â 301Â 980;A01;2.0;2;1.0;2.0;1979.0;3.0;8.0;;;0.0;0;;;3.0;7.0;0.0;1.0;1.0;24.0;1.0;;20;9;2019;10:25;1.0;15;15265;2;9.0;1.0;6.0;avenue de la rÃ©publique;45,3411240;2,4344110;6;;;;;;;1.0;(1);(1);1.0;;;1.0;9.0;8.0;;Cantal;84;Auvergne-Rhône-Alpes
201900002431;138Â 301Â 977;A01;2.0;2;3.0;2.0;1959.0;5.0;2.0;6.0;9.0;0.0;0;;;1.0;33.0;0.0;0.0;8.0;1.0;1.0;;19;9;2019;12:00;1.0;64;64542;1;1.0;1.0;7.0;N 134;42,7982270; -0,5307350;2;134;;;2.0;2;0.0;2.0;121;180;3.0;;;9.0;0.0;1.0;80.0;Pyrénées-Atlantiques;75;Nouvelle-Aquitaine
201900002431;138Â 301Â 977;A01;1.0;1;3.0;1.0;1951.0;5.0;2.0;6.0;9.0;0.0;0;;;1.0;33.0;0.0;0.0;8.0;1.0;1.0;;19;9;2019;12:00;1.0;64;64542;1;1.0;1.0;7.0;N 134;42,7982270; -0,5307350;2;134;;;2.0;2;0.0;2.0;121;180;3.0;;;9.0;0.0;1.0;80.0;Pyrénées-Atlantiques;75;Nouvelle-Aquitaine
201900002432;138Â 301Â 975;B01;1.0;1;3.0;1.0;1947.0;5.0;2.0;9.0;;0.0;0;;;1.0;1.0;0.0;2.0;4.0;1.0;5.0;;20;9;2019;10:05;1.0;18;18015;1;1.0;7.0;2.0;Route de ClÃ©mont, LES CHAMPS DES PRES;47,5158280;2,4022350;3;923;;;2.0;2;0.0;1.0;23;200;1.0;;;1.0;0.0;1.0;80.0;Cher;24;Centre-Val de Loire
201900002432;138Â 301Â 976;A01;1.0;1;1.0;1.0;1973.0;4.0;1.0;;;0.0;0;;;1.0;14.0;0.0;2.0;2.0;1.0;1.0;;20;9;2019;10:05;1.0;18;18015;1;1.0;7.0;2.0;Route de ClÃ©mont, LES CHAMPS DES PRES;47,5158280;2,4022350;3;923;;;2.0;2;0.0;1.0;23;200;1.0;;;1.0;0.0;1.0;80.0;Cher;24;Centre-Val de Loire
201900002433;138Â 301Â 973;A01;1.0;1;1.0;1.0;1955.0;0.0;1.0;;;0.0;0;;;1.0;7.0;8.0;2.0;2.0;19.0;1.0;;20;9;2019;11:00;1.0;18;18053;1;2.0;1.0;3.0;intersection RD51- RD6;47,1130000;2,8951230;3;51;;;2.0;2;0.0;1.0;(1);(1);1.0;;;1.0;0.0;1.0;80.0;Cher;24;Centre-Val de Loire
201900002433;138Â 301Â 973;A01;2.0;2;3.0;1.0;1970.0;0.0;1.0;;;0.0;0;;;1.0;7.0;8.0;2.0;2.0;19.0;1.0;;20;9;2019;11:00;1.0;18;18053;1;2.0;1.0;3.0;intersection RD51- RD6;47,1130000;2,8951230;3;51;;;2.0;2;0.0;1.0;(1);(1);1.0;;;1.0;0.0;1.0;80.0;Cher;24;Centre-Val de Loire
201900002433;138Â 301Â 974;B01;1.0;1;1.0;1.0;1960.0;0.0;1.0;;;0.0;0;;;1.0;15.0;8.0;2.0;3.0;1.0;1.0;;20;9;2019;11:00;1.0;18;18053;1;2.0;1.0;3.0;intersection RD51- RD6;47,1130000;2,8951230;3;51;;;2.0;2;0.0;1.0;(1);(1);1.0;;;1.0;0.0;1.0;80.0;Cher;24;Centre-Val de Loire
201900002434;138Â 301Â 972;A01;1.0;1;3.0;1.0;1954.0;5.0;2.0;6.0;;0.0;0;;;3.0;33.0;0.0;0.0;9.0;0.0;1.0;;19;9;2019;18:30;1.0;07;07020;1;1.0;1.0;7.0;route des combes;44,5657070;4,6409080;2;102;0.0;;2.0;2;0.0;2.0;8;50;2.0;;;1.0;9.0;8.0;80.0;Ardèche;84;Auvergne-Rhône-Alpes
201900002435;138Â 301Â 971;A01;1.0;1;3.0;1.0;1970.0;5.0;1.0;;;0.0;0;;;2.0;7.0;13.0;0.0;9.0;21.0;1.0;;19;9;2019;16:00;1.0;53;53057;1;1.0;1.0;6.0;CD113;48,3213530; -0,4289830;3;113;;;2.0;2;0.0;1.0;13;30;2.0;;;1.0;0.0;1.0;80.0;Mayenne;52;Pays de la Loire
201900002436;138Â 301Â 970;A01;1.0;1;3.0;1.0;1992.0;0.0;0.0;;;0.0;0;;;3.0;7.0;6.0;0.0;2.0;14.0;1.0;;19;9;2019;20:50;3.0;40;40119;2;1.0;1.0;6.0;Chemin de Largele;43,6482520; -0,5996040;4;;;;1.0;1;0.0;1.0;(1);(1);1.0;;;1.0;0.0;3.0;50.0;Landes;75;Nouvelle-Aquitaine
201900002437;138Â 301Â 968;A01;1.0;1;1.0;1.0;1971.0;1.0;1.0;;;0.0;0;;;3.0;7.0;0.0;2.0;3.0;15.0;1.0;;19;9;2019;20:00;2.0;85;85234;2;6.0;1.0;3.0;Rue du Moulin Casse;46,8023940; -2,0896000;4;;0.0;;2.0;2;0.0;1.0;(1);(1);1.0;;;1.0;0.0;1.0;50.0;Vendée;52;Pays de la Loire
201900002437;138Â 301Â 969;B01;1.0;1;3.0;1.0;2000.0;1.0;2.0;;;0.0;0;;;0.0;2.0;0.0;2.0;1.0;26.0;1.0;;19;9;2019;20:00;2.0;85;85234;2;6.0;1.0;3.0;Rue du Moulin Casse;46,8023940; -2,0896000;4;;0.0;;2.0;2;0.0;1.0;(1);(1);1.0;;;1.0;0.0;1.0;50.0;Vendée;52;Pays de la Loire
201900002438;138Â 301Â 967;A01;1.0;1;2.0;1.0;1986.0;1.0;2.0;6.0;;0.0;0;;;3.0;33.0;13.0;0.0;2.0;15.0;1.0;;20;9;2019;16:20;1.0;27;27043;1;1.0;7.0;7.0;Rue PrÃ©vost;48,8776790;0,8267660;3;833;0.0;D;2.0;2;0.0;2.0;50;900;2.0;;;1.0;0.0;3.0;80.0;Eure;28;Normandie
201900002439;138Â 301Â 965;B01;1.0;1;3.0;1.0;1974.0;1.0;1.0;;;0.0;0;;;2.0;7.0;3.0;2.0;1.0;0.0;1.0;;18;9;2019;06:45;2.0;37;37249;1;1.0;1.0;1.0;La Tonnerie;47,4859260;0,5171370;3;959;;;2.0;2;0.0;4.0;10;600;1.0;;;1.0;0.0;1.0;80.0;Indre-et-Loire;24;Centre-Val de Loire
201900002439;138Â 301Â 966;A01;1.0;1;3.0;1.0;1992.0;1.0;1.0;;;0.0;0;;;1.0;7.0;0.0;2.0;1.0;21.0;1.0;;18;9;2019;06:45;2.0;37;37249;1;1.0;1.0;1.0;La Tonnerie;47,4859260;0,5171370;3;959;;;2.0;2;0.0;4.0;10;600;1.0;;;1.0;0.0;1.0;80.0;Indre-et-Loire;24;Centre-Val de Loire
201900002440;138Â 301Â 963;A01;1.0;1;3.0;1.0;1943.0;0.0;1.0;;;0.0;0;;;2.0;7.0;0.0;2.0;1.0;15.0;1.0;;19;9;2019;15:35;1.0;30;30160;1;3.0;1.0;3.0;D982;44,0046690;4,1297200;3;982;0.0;D;2.0;2;0.0;1.0;28;600;1.0;;;1.0;0.0;1.0;50.0;Gard;76;Occitanie
201900002440;138Â 301Â 964;B01;1.0;1;1.0;1.0;1999.0;5.0;1.0;;;0.0;0;;;1.0;7.0;0.0;2.0;2.0;1.0;1.0;;19;9;2019;15:35;1.0;30;30160;1;3.0;1.0;3.0;D982;44,0046690;4,1297200;3;982;0.0;D;2.0;2;0.0;1.0;28;600;1.0;;;1.0;0.0;1.0;50.0;Gard;76;Occitanie
201900002441;138Â 301Â 962;A01;1.0;1;4.0;1.0;1953.0;0.0;2.0;;;0.0;0;;;1.0;31.0;0.0;0.0;0.0;0.0;1.0;;20;9;2019;13:00;1.0;08;08222;1;1.0;1.0;7.0;D8051;50,0112900;4,7015490;3;8051;0.0;;2.0;2;0.0;1.0;23;100;1.0;;;1.0;0.0;3.0;80.0;Ardennes;44;Grand Est
201900002442;138Â 301Â 961;A01;10.0;3;3.0;1.0;2013.0;0.0;0.0;;;4.0;5;1.0;;1.0;7.0;0.0;1.0;2.0;2.0;1.0;;19;9;2019;16:30;1.0;973;97309;2;1.0;1.0;6.0;Route de Montjoly;4,9134598; -52,2733596;3;3;;;2.0;2;0.0;1.0;7;0;1.0;;;1.0;6.0;1.0;50.0;Guyane;03;Guyane
201900002442;138Â 301Â 961;A01;1.0;1;1.0;2.0;1982.0;0.0;1.0;;;0.0;0;;;1.0;7.0;0.0;1.0;2.0;2.0;1.0;;19;9;2019;16:30;1.0;973;97309;2;1.0;1.0;6.0;Route de Montjoly;4,9134598; -52,2733596;3;3;;;2.0;2;0.0;1.0;7;0;1.0;;;1.0;6.0;1.0;50.0;Guyane;03;Guyane
201900002443;138Â 301Â 959;B01;1.0;1;1.0;2.0;1960.0;1.0;1.0;;;0.0;0;;;2.0;7.0;3.0;0.0;6.0;1.0;1.0;;19;9;2019;17:00;1.0;49;49007;1;9.0;1.0;2.0;A11 PK 262.000;47,4907940; -0,5372160;1;11;;;1.0;1;0.0;2.0;262;0;1.0;;;1.0;3.0;1.0;70.0;Maine-et-Loire;52;Pays de la Loire
201900002443;138Â 301Â 960;A01;1.0;1;2.0;1.0;1972.0;9.0;2.0;6.0;;0.0;0;;;2.0;33.0;0.0;0.0;5.0;2.0;1.0;;19;9;2019;17:00;1.0;49;49007;1;9.0;1.0;2.0;A11 PK 262.000;47,4907940; -0,5372160;1;11;;;1.0;1;0.0;2.0;262;0;1.0;;;1.0;3.0;1.0;70.0;Maine-et-Loire;52;Pays de la Loire
201900002444;138Â 301Â 957;B01;1.0;1;2.0;1.0;1985.0;9.0;1.0;0.0;;0.0;0;;;1.0;7.0;0.0;2.0;1.0;1.0;1.0;;12;2;2019;12:15;1.0;62;62276;1;1.0;1.0;1.0;RD 941;50,5213000;2,8218000;3;941;0.0;;2.0;2;0.0;1.0;0;1;1.0;;;1.0;0.0;1.0;80.0;Pas-de-Calais;32;Hauts-de-France
201900002444;138Â 301Â 958;A01;1.0;1;2.0;2.0;1989.0;0.0;1.0;0.0;;0.0;0;;;1.0;7.0;0.0;2.0;1.0;17.0;1.0;;12;2;2019;12:15;1.0;62;62276;1;1.0;1.0;1.0;RD 941;50,5213000;2,8218000;3;941;0.0;;2.0;2;0.0;1.0;0;1;1.0;;;1.0;0.0;1.0;80.0;Pas-de-Calais;32;Hauts-de-France
201900002445;138Â 301Â 953;A01;1.0;1;2.0;1.0;1987.0;0.0;1.0;0.0;;;0;;;1.0;7.0;1.0;2.0;8.0;1.0;1.0;;12;2;2019;21:50;3.0;59;59648;2;1.0;1.0;2.0;CLEMENCEAU RUE;50,5949365;3,0510711;4;CLEMENCEAU RUE;0.0;;2.0;3;0.0;1.0;0;0;1.0;;;1.0;0.0;1.0;50.0;Nord;32;Hauts-de-France