Num_Acc;id_vehicule;num_veh;place;catu;grav;sexe;an_nais;trajet;secu1;secu2;secu3;locp;actp;etatp;id_usager;senc;catv;obs;obsm;choc;manv;motor;occutc;jour;mois;an;hrmn;lum;dep;com;agg;int;atm;col;adr;lat;long;catr;voie;v1;v2;circ;nbv;vosp;prof;pr;pr1;plan;lartpc;larrout;surf;infra;situ;vma;nom_departement;reg;nom_region
201900002446;138Â 301Â 951;A01;1.0;1;1.0;1.0;1986.0;0.0;8.0;0.0;;; -1;;;1.0;7.0;0.0;2.0;3.0;16.0;1.0;;11;2;2019;16:15;1.0;59;59350;2;1.0;1.0;3.0;LORRAINE BOULEVARD;50,6345500;3,0396100;7;750;0.0;;2.0;2;0.0;1.0;0;0;1.0;;;1.0;0.0;1.0;50.0;Nord;32;Hauts-de-France
201900002446;138Â 301Â 952;B01;1.0;1;4.0;1.0;1973.0;1.0;8.0;0.0;;;0;;;1.0;7.0;0.0;2.0;1.0;2.0;1.0;;11;2;2019;16:15;1.0;59;59350;2;1.0;1.0;3.0;LORRAINE BOULEVARD;50,6345500;3,0396100;7;750;0.0;;2.0;2;0.0;1.0;0;0;1.0;;;1.0;0.0;1.0;50.0;Nord;32;Hauts-de-France
201900002447;138Â 301Â 950;A01;3.0;2;3.0;1.0;2000.0;5.0;1.0;0.0;;; -1;;;2.0;7.0;2.0;0.0;7.0;14.0;1.0;;13;2;2019;05:15;5.0;57;57672;1;1.0;5.0;6.0;METZ (ROUTE DE);49,3368200;6,1584700;3;953;0.0;;2.0;2;0.0;1.0;0;0;3.0;;;7.0;0.0;1.0;80.0;Moselle;44;Grand Est
201900002447;138Â 301Â 950;A01;1.0;1;2.0;1.0;2000.0;5.0;1.0;0.0;;; -1;;;2.0;7.0;2.0;0.0;7.0;14.0;1.0;;13;2;2019;05:15;5.0;57;57672;1;1.0;5.0;6.0;METZ (ROUTE DE);49,3368200;6,1584700;3;953;0.0;;2.0;2;0.0;1.0;0;0;3.0;;;7.0;0.0;1.0;80.0;Moselle;44;Grand Est
201900002447;138Â 301Â 950;A01;2.0;2;2.0;1.0;2001.0;5.0;1.0;0.0;;; -1;;;2.0;7.0;2.0;0.0;7.0;14.0;1.0;;13;2;2019;05:15;5.0;57;57672;1;1.0;5.0;6.0;METZ (ROUTE DE);49,3368200;6,1584700;3;953;0.0;;2.0;2;0.0;1.0;0;0;3.0;;;7.0;0.0;1.0;80.0;Moselle;44;Grand Est
201900002448;138Â 301Â 948;A01;2.0;2;3.0;2.0;1928.0;5.0;1.0;0.0;;; -1;;;1.0;7.0;0.0;2.0;7.0;15.0;1.0;;11;2;2019;17:22;1.0;57;57221;2;2.0;1.0;3.0;LORRAINE (AVENUE DE);49,3255700;6,1226800;3;18;0.0;;2.0;3;0.0;1.0;0;0;1.0;;;1.0;5.0;1.0;50.0;Moselle;44;Grand Est
201900002448;138Â 301Â 948;A01;1.0;1;3.0;2.0;1932.0;5.0;1.0;0.0;;; -1;;;1.0;7.0;0.0;2.0;7.0;15.0;1.0;;11;2;2019;17:22;1.0;57;57221;2;2.0;1.0;3.0;LORRAINE (AVENUE DE);49,3255700;6,1226800;3;18;0.0;;2.0;3;0.0;1.0;0;0;1.0;;;1.0;5.0;1.0;50.0;Moselle;44;Grand Est
201900002448;138Â 301Â 949;B01;1.0;1;1.0;1.0;1960.0;4.0;1.0;0.0;;; -1;;;2.0;17.0;0.0;2.0;2.0;1.0;1.0;;11;2;2019;17:22;1.0;57;57221;2;2.0;1.0;3.0;LORRAINE (AVENUE DE);49,3255700;6,1226800;3;18;0.0;;2.0;3;0.0;1.0;0;0;1.0;;;1.0;5.0;1.0;50.0;Moselle;44;Grand Est
201900002449;138Â 301Â 947;Z01;10.0;3;2.0;2.0;1984.0;0.0;8.0;0.0;;4.0;3;1.0;;1.0;7.0;0.0;1.0;0.0;1.0;0.0;;11;2;2019;18:00;2.0;54;54395;2;1.0;1.0;7.0;MOTHE (RUE DE LA);48,6932000;6,1962300;4;MOTHE (RUE DE LA);0.0;;2.0;2;0.0;1.0;0;0;1.0;;;1.0;0.0;1.0;50.0;Meurthe-et-Moselle;44;Grand Est
201900002450;138Â 301Â 941;B01;1.0;1;1.0;2.0;1991.0;5.0;1.0;0.0;;;0;;;2.0;7.0;0.0;2.0;3.0;1.0;1.0;;12;2;2019;09:50;1.0;49;49007;2;1.0;1.0;1.0;MANSION;47,4778600; -0,5916500;4;MANSION;0.0;;2.0;2;0.0;1.0;0;0;1.0;;;1.0;0.0;1.0;30.0;Maine-et-Loire;52;Pays de la Loire
201900002450;138Â 301Â 942;A01;1.0;1;2.0;1.0;1990.0;4.0;1.0;0.0;;;0;;;2.0;7.0;0.0;2.0;3.0;1.0;1.0;;12;2;2019;09:50;1.0;49;49007;2;1.0;1.0;1.0;MANSION;47,4778600; -0,5916500;4;MANSION;0.0;;2.0;2;0.0;1.0;0;0;1.0;;;1.0;0.0;1.0;30.0;Maine-et-Loire;52;Pays de la Loire
201900002451;138Â 301Â 939;A01;1.0;1;1.0;1.0;1937.0;5.0;1.0;0.0;;;0;;;2.0;7.0;0.0;2.0;8.0;19.0;1.0;;11;2;2019;17:37;1.0;49;49015;1;2.0;1.0;3.0;MEIGNANNE ROUTE DE LA;47,4941400; -0,5989200;4;MEIGNANNE ROUTE DE LA;0.0;;2.0;2;0.0;1.0;0;0;1.0;;;1.0;0.0;1.0;70.0;Maine-et-Loire;52;Pays de la Loire
201900002451;138Â 301Â 940;B01;1.0;1;2.0;1.0;2002.0;9.0;2.0;6.0;;;0;;;1.0;32.0;0.0;2.0;1.0;1.0;1.0;;11;2;2019;17:37;1.0;49;49015;1;2.0;1.0;3.0;MEIGNANNE ROUTE DE LA;47,4941400; -0,5989200;4;MEIGNANNE ROUTE DE LA;0.0;;2.0;2;0.0;1.0;0;0;1.0;;;1.0;0.0;1.0;70.0;Maine-et-Loire;52;Pays de la Loire
201900002452;138Â 301Â 938;A01;1.0;1;2.0;2.0;1984.0;5.0;2.0;8.0;;;0;;;1.0;1.0;15.0;0.0;1.0;2.0;5.0;;11;2;2019;17:55;1.0;49;49007;2;1.0;1.0;6.0;DUPETIT THOUARS;47,4634320; -0,5526160;4;DUPETIT THOUARS;0.0;;2.0;2;0.0;1.0;0;0;2.0;;;1.0;0.0;1.0;30.0;Maine-et-Loire;52;Pays de la Loire
201900002452;138Â 301Â 938;A01;3.0;2;2.0;1.0;2017.0;5.0;3.0;8.0;;;0;;;1.0;1.0;15.0;0.0;1.0;2.0;5.0;;11;2;2019;17:55;1.0;49;49007;2;1.0;1.0;6.0;DUPETIT THOUARS;47,4634320; -0,5526160;4;DUPETIT THOUARS;0.0;;2.0;2;0.0;1.0;0;0;2.0;;;1.0;0.0;1.0;30.0;Maine-et-Loire;52;Pays de la Loire
201900002452;138Â 301Â 938;A01;2.0;2;2.0;2.0;2014.0;5.0;3.0;8.0;;;0;;;1.0;1.0;15.0;0.0;1.0;2.0;5.0;;11;2;2019;17:55;1.0;49;49007;2;1.0;1.0;6.0;DUPETIT THOUARS;47,4634320; -0,5526160;4;DUPETIT THOUARS;0.0;;2.0;2;0.0;1.0;0;0;2.0;;;1.0;0.0;1.0;30.0;Maine-et-Loire;52;Pays de la Loire
201900002453;138Â 301Â 937;A01;1.0;1;2.0;1.0;2000.0;0.0;2.0;6.0;;;0;;;1.0;2.0;0.0;4.0;1.0;1.0;1.0;;11;2;2019;18:17;2.0;49;49007;2;1.0;1.0;6.0;QUILLOT;47,4587900; -0,6131600;4;QUILLOT;0.0;;2.0;2;0.0;1.0;0;0;1.0;;;1.0;0.0;1.0;30.0;Maine-et-Loire;52;Pays de la Loire
201900002454;138Â 301Â 935;A01;1.0;1;2.0;1.0;1994.0;0.0;1.0;0.0;;0.0;0;;;2.0;7.0;6.0;2.0;3.0;21.0;1.0;;12;2;2019;19:30;5.0;47;47323;2;1.0;1.0;1.0;PUJOLS (AVENUE);44,3991000;0,6978300;3;118;0.0;;2.0;2;0.0;1.0;32;670;1.0;;;1.0;0.0;1.0;50.0;Lot-et-Garonne;75;Nouvelle-Aquitaine
201900002454;138Â 301Â 936;B01;1.0;1;1.0;1.0;1956.0;5.0;1.0;0.0;;0.0;0;;;1.0;7.0;0.0;2.0;3.0;16.0;1.0;;12;2;2019;19:30;5.0;47;47323;2;1.0;1.0;1.0;PUJOLS (AVENUE);44,3991000;0,6978300;3;118;0.0;;2.0;2;0.0;1.0;32;670;1.0;;;1.0;0.0;1.0;50.0;Lot-et-Garonne;75;Nouvelle-Aquitaine
201900002455;138Â 301Â 933;A01;1.0;1;3.0;1.0;1981.0;9.0;8.0;0.0;;0.0;0;;;2.0;1.0;0.0;2.0;1.0;1.0;5.0;;11;2;2019;15:07;1.0;47;47001;2;4.0;1.0;3.0;08 PUITS DU SAUMON (RUE DU);44,2056200;0,6165000;4;PUITS DU SAUMON (RUE DU);0.0;;1.0;1;0.0;1.0;(1);0;3.0;;;1.0;0.0;1.0;30.0;Lot-et-Garonne;75;Nouvelle-Aquitaine
201900002455;138Â 301Â 934;B01;1.0;1;1.0;1.0;1975.0;4.0;1.0;0.0;;; -1;;;2.0;7.0;0.0;2.0;3.0;15.0;1.0;;11;2;2019;15:07;1.0;47;47001;2;4.0;1.0;3.0;08 PUITS DU SAUMON (RUE DU);44,2056200;0,6165000;4;PUITS DU SAUMON (RUE DU);0.0;;1.0;1;0.0;1.0;(1);0;3.0;;;1.0;0.0;1.0;30.0;Lot-et-Garonne;75;Nouvelle-Aquitaine
201900002456;138Â 301Â 930;C01;1.0;1;1.0;1.0;1966.0;1.0;1.0;0.0;;;0;;;1.0;7.0;0.0;2.0;3.0;1.0;1.0;;13;2;2019;07:08;3.0;45;45235;1;1.0;5.0;5.0;RD 955;47,9526900;1,8014900;3;955;0.0;;2.0;2;0.0;1.0;9;950;1.0;;;1.0;0.0;1.0;80.0;Loiret;24;Centre-Val de Loire
201900002456;138Â 301Â 931;B01;1.0;1;1.0;1.0;1971.0;1.0;1.0;0.0;;; -1;;;1.0;10.0;0.0;2.0;3.0;1.0;1.0;;13;2;2019;07:08;3.0;45;45235;1;1.0;5.0;5.0;RD 955;47,9526900;1,8014900;3;955;0.0;;2.0;2;0.0;1.0;9;950;1.0;;;1.0;0.0;1.0;80.0;Loiret;24;Centre-Val de Loire
201900002456;138Â 301Â 931;B01;2.0;2;1.0;1.0;1960.0;1.0;1.0;0.0;;;0;;;1.0;10.0;0.0;2.0;3.0;1.0;1.0;;13;2;2019;07:08;3.0;45;45235;1;1.0;5.0;5.0;RD 955;47,9526900;1,8014900;3;955;0.0;;2.0;2;0.0;1.0;9;950;1.0;;;1.0;0.0;1.0;80.0;Loiret;24;Centre-Val de Loire
201900002456;138Â 301Â 932;A01;1.0;1;4.0;1.0;1967.0;0.0;2.0;6.0;;; -1;;;2.0;33.0;0.0;2.0;1.0;17.0;1.0;;13;2;2019;07:08;3.0;45;45235;1;1.0;5.0;5.0;RD 955;47,9526900;1,8014900;3;955;0.0;;2.0;2;0.0;1.0;9;950;1.0;;;1.0;0.0;1.0;80.0;Loiret;24;Centre-Val de Loire
201900002457;138Â 301Â 928;B01;1.0;1;1.0;2.0;1981.0;5.0;1.0;0.0;;; -1;;;1.0;7.0;0.0;2.0;4.0;2.0;1.0;;11;2;2019;11:10;1.0;45;45298;2;1.0;1.0;2.0;R DES CYGNES;47,8757510;1,8737990;4;R DES CYGNES;0.0;;2.0;2;0.0;1.0;(1);(1);1.0;;;1.0;0.0;1.0;50.0;Loiret;24;Centre-Val de Loire
201900002457;138Â 301Â 929;A01;1.0;1;2.0;1.0;2000.0;1.0;2.0;0.0;;; -1;;;1.0;33.0;0.0;2.0;1.0;2.0;1.0;;11;2;2019;11:10;1.0;45;45298;2;1.0;1.0;2.0;R DES CYGNES;47,8757510;1,8737990;4;R DES CYGNES;0.0;;2.0;2;0.0;1.0;(1);(1);1.0;;;1.0;0.0;1.0;50.0;Loiret;24;Centre-Val de Loire
201900002458;138Â 301Â 926;B01;1.0;1;2.0;1.0;2002.0;5.0;2.0;0.0;;0.0;0;;;3.0;30.0;0.0;2.0;7.0;2.0;1.0;;13;2;2019;15:30;1.0;45;45208;2;2.0;1.0;3.0;BD J F KENNEDY-R E MALATRE;47,9957032;2,7203542;4;BD J F KENNEDY;0.0;;2.0;2;0.0;1.0;(1);(1);1.0;;;1.0;0.0;1.0;50.0;Loiret;24;Centre-Val de Loire
201900002458;138Â 301Â 927;A01;1.0;1;1.0;1.0;1965.0;4.0;1.0;0.0;;; -1;;;3.0;10.0;0.0;2.0;1.0;2.0;1.0;;13;2;2019;15:30;1.0;45;45208;2;2.0;1.0;3.0;BD J F KENNEDY-R E MALATRE;47,9957032;2,7203542;4;BD J F KENNEDY;0.0;;2.0;2;0.0;1.0;(1);(1);1.0;;;1.0;0.0;1.0;50.0;Loiret;24;Centre-Val de Loire
201900002458;138Â 301Â 927;A01;2.0;2;1.0;1.0;1977.0;4.0;1.0;0.0;;; -1;;;3.0;10.0;0.0;2.0;1.0;2.0;1.0;;13;2;2019;15:30;1.0;45;45208;2;2.0;1.0;3.0;BD J F KENNEDY-R E MALATRE;47,9957032;2,7203542;4;BD J F KENNEDY;0.0;;2.0;2;0.0;1.0;(1);(1);1.0;;;1.0;0.0;1.0;50.0;Loiret;24;Centre-Val de Loire
201900002459;138Â 301Â 925;A01;10.0;3;2.0;1.0;2004.0;2.0;8.0;0.0;;3.0;3;1.0;;1.0;7.0;0.0;1.0;3.0;15.0;1.0;;8;2;2019;15:50;1.0;44;44184;2;2.0;1.0;6.0; RUES JULES MANSARD/PORNICHET;47,2677000; -2,2220000;4;;0.0;;2.0;2;0.0;1.0;0;1;1.0;;;1.0;0.0;1.0;50.0;Loire-Atlantique;52;Pays de la Loire
201900002459;138Â 301Â 925;A01;1.0;1;1.0;2.0;1944.0;3.0;1.0;0.0;;0.0;0;;;1.0;7.0;0.0;1.0;3.0;15.0;1.0;;8;2;2019;15:50;1.0;44;44184;2;2.0;1.0;6.0; RUES JULES MANSARD/PORNICHET;47,2677000; -2,2220000;4;;0.0;;2.0;2;0.0;1.0;0;1;1.0;;;1.0;0.0;1.0;50.0;Loire-Atlantique;52;Pays de la Loire
201900002460;138Â 301Â 923;B01;1.0;1;2.0;1.0;1987.0;0.0;2.0;0.0;;0.0;0;;;1.0;32.0;0.0;2.0;0.0;0.0;1.0;;13;2;2019;22:30;5.0;44;44109;2;1.0;1.0;1.0;RUE DE STRASBOURG;47,2180000; -1,5529200;4;;0.0;;2.0;0;0.0;1.0;1;0;1.0;;;1.0;0.0;1.0;50.0;Loire-Atlantique;52;Pays de la Loire
201900002460;138Â 301Â 924;A01;2.0;2;2.0;1.0;2000.0;0.0;1.0;0.0;;0.0;0;;;1.0;7.0;0.0;2.0;3.0;15.0;1.0;;13;2;2019;22:30;5.0;44;44109;2;1.0;1.0;1.0;RUE DE STRASBOURG;47,2180000; -1,5529200;4;;0.0;;2.0;0;0.0;1.0;1;0;1.0;;;1.0;0.0;1.0;50.0;Loire-Atlantique;52;Pays de la Loire
201900002460;138Â 301Â 924;A01;1.0;1;2.0;1.0;1999.0;0.0;1.0;0.0;;0.0;0;;;1.0;7.0;0.0;2.0;3.0;15.0;1.0;;13;2;2019;22:30;5.0;44;44109;2;1.0;1.0;1.0;RUE DE STRASBOURG;47,2180000; -1,5529200;4;;0.0;;2.0;0;0.0;1.0;1;0;1.0;;;1.0;0.0;1.0;50.0;Loire-Atlantique;52;Pays de la Loire
201900002461;138Â 301Â 920;B01;3.0;2;1.0;1.0;2015.0;0.0;1.0;8.0;;0.0;0;;;3.0;7.0;0.0;2.0;3.0;5.0;0.0;;11;2;2019;14:30;1.0;44;44162;2;1.0;1.0;5.0;AVENUE DU PARNASSE;47,2350900; -1,5957400;4;;0.0;;2.0;2;0.0;1.0;1;0;1.0;;;1.0;5.0;1.0;50.0;Loire-Atlantique;52;Pays de la Loire
201900002461;138Â 301Â 920;B01;1.0;1;2.0;2.0;1990.0;0.0;1.0;8.0;;0.0;0;;;3.0;7.0;0.0;2.0;3.0;5.0;0.0;;11;2;2019;14:30;1.0;44;44162;2;1.0;1.0;5.0;AVENUE DU PARNASSE;47,2350900; -1,5957400;4;;0.0;;2.0;2;0.0;1.0;1;0;1.0;;;1.0;5.0;1.0;50.0;Loire-Atlantique;52;Pays de la Loire
201900002461;138Â 301Â 921;C01;1.0;1;1.0;1.0;1954.0;0.0;8.0;0.0;;0.0;0;;;3.0;7.0;0.0;2.0;4.0;24.0;1.0;;11;2;2019;14:30;1.0;44;44162;2;1.0;1.0;5.0;AVENUE DU PARNASSE;47,2350900; -1,5957400;4;;0.0;;2.0;2;0.0;1.0;1;0;1.0;;;1.0;5.0;1.0;50.0;Loire-Atlantique;52;Pays de la Loire
201900002462;138Â 301Â 919;A01;1.0;1;1.0;1.0;1985.0;;0.0;;;0.0;0;;;3.0;7.0;0.0;1.0;0.0;0.0;;;11;2;2019;06:00;5.0;42;42218;2;1.0;8.0;6.0;117 RUE PARE AMBROISE;45,4068730;4,3799710;4;;0.0;;2.0;;;;(1);(1);;;;;;1.0;50.0;Loire;84;Auvergne-Rhône-Alpes
201900002462;138Â 301Â 919;A01;10.0;3;4.0;1.0;1932.0;;0.0;;;1.0;3;1.0;;3.0;7.0;0.0;1.0;0.0;0.0;;;11;2;2019;06:00;5.0;42;42218;2;1.0;8.0;6.0;117 RUE PARE AMBROISE;45,4068730;4,3799710;4;;0.0;;2.0;;;;(1);(1);;;;;;1.0;50.0;Loire;84;Auvergne-Rhône-Alpes
201900002463;138Â 301Â 917;A01;1.0;1;1.0;1.0;1993.0;1.0;1.0;0.0;;0.0; -1;;;0.0;7.0;0.0;2.0;5.0;15.0;1.0;;11;2;2019;13:30;1.0;41;41295;2;1.0;1.0;3.0;GRANDE RUE;47,5805800;1,3821500;4;GRANDE RUE;0.0;;2.0;2;0.0;1.0;0;0;1.0;;;1.0;0.0;1.0;50.0;Loir-et-Cher;24;Centre-Val de Loire
201900002463;138Â 301Â 918;B01;1.0;1;3.0;1.0;1994.0;0.0;2.0;0.0;;0.0; -1;;;0.0;33.0;0.0;2.0;1.0;1.0;1.0;;11;2;2019;13:30;1.0;41;41295;2;1.0;1.0;3.0;GRANDE RUE;47,5805800;1,3821500;4;GRANDE RUE;0.0;;2.0;2;0.0;1.0;0;0;1.0;;;1.0;0.0;1.0;50.0;Loir-et-Cher;24;Centre-Val de Loire
201900002464;138Â 301Â 914;A01;1.0;1;3.0;1.0;1999.0;1.0;1.0;8.0;;;0;;;1.0;7.0;0.0;0.0;9.0;1.0;1.0;;13;2;2019;00:50;3.0;37;37233;2;1.0;1.0;7.0;LOIRE (LEVEE DE LA);47,3982498;0,7337973;3;751;0.0;;2.0;2;0.0;1.0;(1);(1);1.0;;;1.0;0.0;1.0;70.0;Indre-et-Loire;24;Centre-Val de Loire
201900002465;138Â 301Â 912;B01;1.0;1;2.0;1.0;1973.0;9.0;2.0;6.0;;;0;;;3.0;33.0;0.0;2.0;1.0;1.0;1.0;;12;2;2019;18:35;5.0;37;37214;2;6.0;1.0;3.0;MARECHAL LECLERC (RD PT);47,4201100;0,6627300;4;MARECHAL LECLERC (RD PT);0.0;;1.0;2;0.0;1.0;0;0;2.0;;;1.0;0.0;1.0;50.0;Indre-et-Loire;24;Centre-Val de Loire
201900002465;138Â 301Â 913;A01;1.0;1;1.0;1.0;1982.0;9.0;1.0;8.0;;;0;;;3.0;7.0;0.0;2.0;3.0;9.0;1.0;;12;2;2019;18:35;5.0;37;37214;2;6.0;1.0;3.0;MARECHAL LECLERC (RD PT);47,4201100;0,6627300;4;MARECHAL LECLERC (RD PT);0.0;;1.0;2;0.0;1.0;0;0;2.0;;;1.0;0.0;1.0;50.0;Indre-et-Loire;24;Centre-Val de Loire
201900002466;138Â 301Â 911;A01;1.0;1;2.0;1.0;1982.0;5.0;1.0;0.0;;;0;;;2.0;7.0;1.0;0.0;3.0;1.0;1.0;;30;1;2019;11:50;1.0;35;35238;2;1.0;2.0;6.0;PALESTINE (RUE DE LA);48,1154400; -1,6697100;4;PALESTINE (RUE DE LA);0.0;;1.0;1;0.0;1.0;0;0;1.0;;;2.0;0.0;1.0;30.0;Ille-et-Vilaine;53;Bretagne
201900002467;138Â 301Â 908;C01;1.0;1;1.0;2.0;1987.0;0.0;1.0;0.0;;;0;;;1.0;7.0;0.0;2.0;3.0;1.0;1.0;;13;2;2019;07:35;1.0;34;34172;2;3.0;1.0;6.0;MARES (AVENUE HENRI);43,6200800;3,8514000;4;MARES (AVENUE HENRI);0.0;;2.0;4;0.0;1.0;0;0;1.0;;;1.0;0.0;1.0;50.0;Hérault;76;Occitanie
201900002467;138Â 301Â 909;B01;1.0;1;1.0;1.0;1962.0;1.0;1.0;0.0;;;0;;;1.0;7.0;0.0;2.0;3.0;1.0;1.0;;13;2;2019;07:35;1.0;34;34172;2;3.0;1.0;6.0;MARES (AVENUE HENRI);43,6200800;3,8514000;4;MARES (AVENUE HENRI);0.0;;2.0;4;0.0;1.0;0;0;1.0;;;1.0;0.0;1.0;50.0;Hérault;76;Occitanie
201900002467;138Â 301Â 910;A01;1.0;1;2.0;1.0;1977.0;1.0;1.0;0.0;;;0;;;2.0;7.0;0.0;2.0;2.0;15.0;1.0;;13;2;2019;07:35;1.0;34;34172;2;3.0;1.0;6.0;MARES (AVENUE HENRI);43,6200800;3,8514000;4;MARES (AVENUE HENRI);0.0;;2.0;4;0.0;1.0;0;0;1.0;;;1.0;0.0;1.0;50.0;Hérault;76;Occitanie
201900002468;138Â 301Â 903;B01;1.0;1;2.0;1.0;1993.0;0.0;2.0;0.0;;; -1;;;2.0;31.0;0.0;2.0;1.0;1.0;1.0;;7;2;2019;07:20;5.0;33;33554;1;4.0;1.0;2.0;AVE DES TABERNOTTES / RN89;44,8682000; -0,4701700;2;89;0.0;;1.0;1;0.0;1.0;47;350;1.0;;;2.0;0.0;8.0;50.0;Gironde;75;Nouvelle-Aquitaine
201900002468;138Â 301Â 904;A01;1.0;1;1.0;1.0;1971.0;0.0;8.0;0.0;;; -1;;;2.0;7.0;0.0;2.0;7.0;9.0;1.0;;7;2;2019;07:20;5.0;33;33554;1;4.0;1.0;2.0;AVE DES TABERNOTTES / RN89;44,8682000; -0,4701700;2;89;0.0;;1.0;1;0.0;1.0;47;350;1.0;;;2.0;0.0;8.0;50.0;Gironde;75;Nouvelle-Aquitaine
201900002469;138Â 301Â 901;A01;1.0;1;1.0;1.0;1994.0;4.0;1.0;0.0;;; -1;;;2.0;15.0;0.0;2.0;2.0;1.0;1.0;;11;2;2019;00:20;3.0;33;33013;1;1.0;1.0;2.0;N 89;44,8660700; -0,4803400;2;89;0.0;;3.0;4;0.0;1.0;48;160;1.0;;;2.0;0.0;1.0;110.0;Gironde;75;Nouvelle-Aquitaine
201900002469;138Â 301Â 902;B01;1.0;1;2.0;1.0;1977.0;0.0;8.0;0.0;;; -1;;;2.0;2.0;0.0;2.0;4.0;1.0;1.0;;11;2;2019;00:20;3.0;33;33013;1;1.0;1.0;2.0;N 89;44,8660700; -0,4803400;2;89;0.0;;3.0;4;0.0;1.0;48;160;1.0;;;2.0;0.0;1.0;110.0;Gironde;75;Nouvelle-Aquitaine
201900002470;138Â 301Â 899;A01;1.0;1;2.0;1.0;1997.0;5.0;8.0;0.0;;; -1;;;2.0;7.0;0.0;2.0;1.0;9.0;1.0;;10;2;2019;15:06;1.0;33;33080;1;2.0;1.0;3.0;RD111 / Chemin Martillac;44,7467100; -0,5638300;3;111;0.0;;2.0;2;0.0;1.0;31;545;1.0;;;1.0;0.0;1.0;70.0;Gironde;75;Nouvelle-Aquitaine
201900002470;138Â 301Â 900;B01;1.0;1;4.0;1.0;1931.0;5.0;8.0;0.0;;; -1;;;2.0;7.0;0.0;2.0;1.0;1.0;1.0;;10;2;2019;15:06;1.0;33;33080;1;2.0;1.0;3.0;RD111 / Chemin Martillac;44,7467100; -0,5638300;3;111;0.0;;2.0;2;0.0;1.0;31;545;1.0;;;1.0;0.0;1.0;70.0;Gironde;75;Nouvelle-Aquitaine
201900002471;138Â 301Â 898;A01;1.0;1;1.0;1.0;1987.0;4.0;8.0;0.0;;; -1;;;0.0;10.0;0.0;1.0;0.0;1.0;1.0;;1;2;2019;11:00;1.0;33;33281;2;1.0;1.0;6.0;Parking CC MONDESIR - VT se dirige vers station de lavage - piÃ©tonne av de la Marne vers CC;44,8375000; -0,6182500;6;CC MONDESIR;0.0;;;0;0.0;1.0;0;0;1.0;;;1.0;0.0;1.0;15.0;Gironde;75;Nouvelle-Aquitaine
201900002471;138Â 301Â 898;A01;2.0;2;1.0;1.0;1970.0;4.0;8.0;0.0;;; -1;;;0.0;10.0;0.0;1.0;0.0;1.0;1.0;;1;2;2019;11:00;1.0;33;33281;2;1.0;1.0;6.0;Parking CC MONDESIR - VT se dirige vers station de lavage - piÃ©tonne av de la Marne vers CC;44,8375000; -0,6182500;6;CC MONDESIR;0.0;;;0;0.0;1.0;0;0;1.0;;;1.0;0.0;1.0;15.0;Gironde;75;Nouvelle-Aquitaine
201900002471;138Â 301Â 898;A01;10.0;3;2.0;2.0;1931.0;3.0;8.0;0.0;;3.0;3;1.0;;0.0;10.0;0.0;1.0;0.0;1.0;1.0;;1;2;2019;11:00;1.0;33;33281;2;1.0;1.0;6.0;Parking CC MONDESIR - VT se dirige vers station de lavage - piÃ©tonne av de la Marne vers CC;44,8375000; -0,6182500;6;CC MONDESIR;0.0;;;0;0.0;1.0;0;0;1.0;;;1.0;0.0;1.0;15.0;Gironde;75;Nouvelle-Aquitaine
201900002472;138Â 301Â 896;A01;1.0;1;2.0;1.0;1985.0;9.0;2.0;0.0;;;0;;;0.0;2.0;0.0;2.0;8.0;9.0;1.0;;13;2;2019;08:15;1.0;31;31555;2;3.0;1.0;3.0;AV DE GRANDE BRETAGNE;43,6012500;1,4122500;4;AV DE GRANDE BRETAGNE;0.0;;2.0;2;0.0;1.0;0;0;1.0;;;1.0;0.0;1.0;50.0;Haute-Garonne;76;Occitanie
201900002472;138Â 301Â 897;B01;1.0;1;1.0;2.0;1972.0;9.0;1.0;0.0;;;0;;;0.0;7.0;0.0;1.0;8.0;0.0;0.0;;13;2;2019;08:15;1.0;31;31555;2;3.0;1.0;3.0;AV DE GRANDE BRETAGNE;43,6012500;1,4122500;4;AV DE GRANDE BRETAGNE;0.0;;2.0;2;0.0;1.0;0;0;1.0;;;1.0;0.0;1.0;50.0;Haute-Garonne;76;Occitanie
201900002473;138Â 301Â 895;A01;1.0;1;1.0;1.0;1999.0;5.0;1.0;0.0;;;0;;;0.0;7.0;0.0;1.0;1.0;26.0;1.0;;12;2;2019;13:54;1.0;31;31149;2;1.0;1.0;6.0;60 Bd VICTOR HUGO;43,6175400;1,3160700;4;;0.0;;2.0;2;1.0;1.0;0;0;1.0;;;1.0;0.0;1.0;50.0;Haute-Garonne;76;Occitanie
201900002473;138Â 301Â 895;A01;10.0;3;2.0;2.0;2001.0;9.0;8.0;0.0;;5.0;2;1.0;;0.0;7.0;0.0;1.0;1.0;26.0;1.0;;12;2;2019;13:54;1.0;31;31149;2;1.0;1.0;6.0;60 Bd VICTOR HUGO;43,6175400;1,3160700;4;;0.0;;2.0;2;1.0;1.0;0;0;1.0;;;1.0;0.0;1.0;50.0;Haute-Garonne;76;Occitanie