Num_Acc;id_vehicule;num_veh;place;catu;grav;sexe;an_nais;trajet;secu1;secu2;secu3;locp;actp;etatp;id_usager;senc;catv;obs;obsm;choc;manv;motor;occutc;jour;mois;an;hrmn;lum;dep;com;agg;int;atm;col;adr;lat;long;catr;voie;v1;v2;circ;nbv;vosp;prof;pr;pr1;plan;lartpc;larrout;surf;infra;situ;vma;nom_departement;reg;nom_region
201900002474;138Â 301Â 892;B01;1.0;1;1.0;1.0;1972.0;0.0;1.0;0.0;;;0;;;1.0;7.0;0.0;2.0;4.0;1.0;1.0;;12;2;2019;10:05;1.0;31;31555;1;1.0;1.0;4.0;VA007331 A620;43,5739900;1,4668800;1;620;0.0;;3.0;4;0.0;1.0;0;0;1.0;;;1.0;0.0;1.0;90.0;Haute-Garonne;76;Occitanie
201900002474;138Â 301Â 893;A01;1.0;1;1.0;1.0;1981.0;4.0;1.0;8.0;;;0;;;1.0;14.0;0.0;2.0;4.0;1.0;1.0;;12;2;2019;10:05;1.0;31;31555;1;1.0;1.0;4.0;VA007331 A620;43,5739900;1,4668800;1;620;0.0;;3.0;4;0.0;1.0;0;0;1.0;;;1.0;0.0;1.0;90.0;Haute-Garonne;76;Occitanie
201900002474;138Â 301Â 894;C01;1.0;1;2.0;1.0;1982.0;9.0;1.0;8.0;;;0;;;1.0;7.0;0.0;2.0;1.0;2.0;1.0;;12;2;2019;10:05;1.0;31;31555;1;1.0;1.0;4.0;VA007331 A620;43,5739900;1,4668800;1;620;0.0;;3.0;4;0.0;1.0;0;0;1.0;;;1.0;0.0;1.0;90.0;Haute-Garonne;76;Occitanie
201900002475;138Â 301Â 889;A01;1.0;1;2.0;2.0;1992.0;0.0;1.0;7.0;;;0;;;2.0;7.0;0.0;2.0;1.0;2.0;1.0;;12;2;2019;07:40;2.0;31;31555;1;1.0;1.0;4.0;VA007331 A620;43,5724100;1,4560200;1;620;0.0;;3.0;4;0.0;1.0;0;0;2.0;;;1.0;0.0;1.0;90.0;Haute-Garonne;76;Occitanie
201900002475;138Â 301Â 890;C01;1.0;1;1.0;2.0;1973.0;9.0;1.0;8.0;;;0;;;2.0;7.0;0.0;2.0;4.0;2.0;1.0;;12;2;2019;07:40;2.0;31;31555;1;1.0;1.0;4.0;VA007331 A620;43,5724100;1,4560200;1;620;0.0;;3.0;4;0.0;1.0;0;0;2.0;;;1.0;0.0;1.0;90.0;Haute-Garonne;76;Occitanie
201900002475;138Â 301Â 891;B01;1.0;1;1.0;1.0;1975.0;9.0;1.0;8.0;;;0;;;2.0;7.0;0.0;2.0;4.0;2.0;1.0;;12;2;2019;07:40;2.0;31;31555;1;1.0;1.0;4.0;VA007331 A620;43,5724100;1,4560200;1;620;0.0;;3.0;4;0.0;1.0;0;0;2.0;;;1.0;0.0;1.0;90.0;Haute-Garonne;76;Occitanie
201900002475;138Â 301Â 891;B01;3.0;2;2.0;2.0;2005.0;2.0;1.0;8.0;;;0;;;2.0;7.0;0.0;2.0;4.0;2.0;1.0;;12;2;2019;07:40;2.0;31;31555;1;1.0;1.0;4.0;VA007331 A620;43,5724100;1,4560200;1;620;0.0;;3.0;4;0.0;1.0;0;0;2.0;;;1.0;0.0;1.0;90.0;Haute-Garonne;76;Occitanie
201900002476;138Â 301Â 886;B01;1.0;1;1.0;1.0;1972.0;1.0;1.0;0.0;;;0;;;1.0;7.0;0.0;2.0;7.0;12.0;1.0;;12;2;2019;07:50;1.0;30;30189;2;1.0;1.0;4.0;Route de montpellier;43,8080949;4,3259472;2;113;0.0;;2.0;4;0.0;1.0;31;300;1.0;;;1.0;0.0;1.0;70.0;Gard;76;Occitanie
201900002476;138Â 301Â 887;C01;1.0;1;1.0;1.0;1971.0;9.0;1.0;0.0;;;0;;;1.0;7.0;0.0;2.0;4.0;1.0;1.0;;12;2;2019;07:50;1.0;30;30189;2;1.0;1.0;4.0;Route de montpellier;43,8080949;4,3259472;2;113;0.0;;2.0;4;0.0;1.0;31;300;1.0;;;1.0;0.0;1.0;70.0;Gard;76;Occitanie
201900002476;138Â 301Â 888;A01;1.0;1;2.0;1.0;2002.0;2.0;2.0;0.0;;;0;;;1.0;30.0;0.0;2.0;1.0;18.0;1.0;;12;2;2019;07:50;1.0;30;30189;2;1.0;1.0;4.0;Route de montpellier;43,8080949;4,3259472;2;113;0.0;;2.0;4;0.0;1.0;31;300;1.0;;;1.0;0.0;1.0;70.0;Gard;76;Occitanie
201900002477;138Â 301Â 885;A01;10.0;3;3.0;1.0;1965.0;4.0;8.0;0.0;;1.0;2;1.0;;1.0;7.0;0.0;1.0;5.0;26.0;1.0;;13;2;2019;15:05;1.0;29;29232;2;1.0;1.0;6.0;SAULES  AVENUE DES;47,9974196; -4,1293401;4;SAULES  AVENUE DES;0.0;;1.0;1;0.0;1.0;0;0;1.0;;;1.0;8.0;1.0;30.0;Finistère;53;Bretagne
201900002477;138Â 301Â 885;A01;1.0;1;1.0;1.0;1946.0;5.0;8.0;0.0;;0.0;0;;;1.0;7.0;0.0;1.0;5.0;26.0;1.0;;13;2;2019;15:05;1.0;29;29232;2;1.0;1.0;6.0;SAULES  AVENUE DES;47,9974196; -4,1293401;4;SAULES  AVENUE DES;0.0;;1.0;1;0.0;1.0;0;0;1.0;;;1.0;8.0;1.0;30.0;Finistère;53;Bretagne
201900002478;138Â 301Â 883;B01;2.0;2;2.0;2.0;1965.0;0.0;1.0;0.0;;0.0;0;;;1.0;7.0;0.0;2.0;4.0;1.0;1.0;;8;2;2019;17:35;2.0;29;29019;2;1.0;3.0;2.0;RN 12 (PEN AR CH'LEUZ A PONT DESFOSSES);48,4154600; -4,4795000;3;112;0.0;;1.0;4;0.0;1.0;73;300;1.0;;;2.0;0.0;1.0;50.0;Finistère;53;Bretagne
201900002478;138Â 301Â 883;B01;1.0;1;2.0;1.0;1966.0;1.0;1.0;0.0;;;0;;;1.0;7.0;0.0;2.0;4.0;1.0;1.0;;8;2;2019;17:35;2.0;29;29019;2;1.0;3.0;2.0;RN 12 (PEN AR CH'LEUZ A PONT DESFOSSES);48,4154600; -4,4795000;3;112;0.0;;1.0;4;0.0;1.0;73;300;1.0;;;2.0;0.0;1.0;50.0;Finistère;53;Bretagne
201900002478;138Â 301Â 884;A01;1.0;1;2.0;1.0;1996.0;5.0;1.0;0.0;;;0;;;1.0;7.0;0.0;2.0;1.0;1.0;1.0;;8;2;2019;17:35;2.0;29;29019;2;1.0;3.0;2.0;RN 12 (PEN AR CH'LEUZ A PONT DESFOSSES);48,4154600; -4,4795000;3;112;0.0;;1.0;4;0.0;1.0;73;300;1.0;;;2.0;0.0;1.0;50.0;Finistère;53;Bretagne
201900002479;138Â 301Â 881;A01;1.0;1;1.0;2.0;2000.0;0.0;1.0;0.0;;0.0;0;;;0.0;7.0;0.0;1.0;1.0;0.0;1.0;;12;2;2019;15:45;1.0;29;29019;2;6.0;1.0;3.0;KERGOAT;48,4018237; -4,5024778;4;KERGOAT;0.0;;;0;0.0;1.0;0;0;1.0;;;1.0;0.0;1.0;50.0;Finistère;53;Bretagne
201900002479;138Â 301Â 881;A01;10.0;3;1.0;2.0;1997.0;2.0;8.0;8.0;;3.0;3;1.0;;0.0;7.0;0.0;1.0;1.0;0.0;1.0;;12;2;2019;15:45;1.0;29;29019;2;6.0;1.0;3.0;KERGOAT;48,4018237; -4,5024778;4;KERGOAT;0.0;;;0;0.0;1.0;0;0;1.0;;;1.0;0.0;1.0;50.0;Finistère;53;Bretagne
201900002479;138Â 301Â 882;B01;1.0;1;2.0;1.0;1997.0;;2.0;8.0;;0.0; -1;;;3.0;1.0;0.0;2.0;8.0;19.0;5.0;;12;2;2019;15:45;1.0;29;29019;2;6.0;1.0;3.0;KERGOAT;48,4018237; -4,5024778;4;KERGOAT;0.0;;;0;0.0;1.0;0;0;1.0;;;1.0;0.0;1.0;50.0;Finistère;53;Bretagne
201900002480;138Â 301Â 879;A01;1.0;1;3.0;2.0;1998.0;1.0;1.0;5.0;;;0;;;2.0;7.0;0.0;2.0;3.0;13.0;1.0;;8;2;2019;18:03;5.0;27;27306;2;1.0;1.0;1.0;CONCORDE (RUE);49,0094800;1,1760500;4;CONCORDE (RUE);0.0;;2.0;2;0.0;1.0;0;0;1.0;;;1.0;0.0;1.0;50.0;Eure;28;Normandie
201900002480;138Â 301Â 880;B01;1.0;1;2.0;2.0;1976.0;0.0;1.0;5.0;;;0;;;1.0;7.0;0.0;2.0;3.0;1.0;1.0;;8;2;2019;18:03;5.0;27;27306;2;1.0;1.0;1.0;CONCORDE (RUE);49,0094800;1,1760500;4;CONCORDE (RUE);0.0;;2.0;2;0.0;1.0;0;0;1.0;;;1.0;0.0;1.0;50.0;Eure;28;Normandie
201900002481;138Â 301Â 876;A01;1.0;1;1.0;2.0;1944.0;3.0;1.0;8.0;;0.0;0;;;2.0;7.0;0.0;1.0;1.0;2.0;1.0;;12;2;2019;12:25;1.0;25;25056;2;2.0;1.0;6.0;CHURCHILL BD WINSTON;47,2503700;6,0050700;4;CHURCHILL BD WINSTON;0.0;;2.0;4;0.0;1.0;0;0;1.0;;;1.0;0.0;2.0;50.0;Doubs;27;Bourgogne-Franche-Comté
201900002481;138Â 301Â 876;A01;10.0;3;3.0;2.0;2006.0;2.0;8.0;8.0;;4.0;3;3.0;;2.0;7.0;0.0;1.0;1.0;2.0;1.0;;12;2;2019;12:25;1.0;25;25056;2;2.0;1.0;6.0;CHURCHILL BD WINSTON;47,2503700;6,0050700;4;CHURCHILL BD WINSTON;0.0;;2.0;4;0.0;1.0;0;0;1.0;;;1.0;0.0;2.0;50.0;Doubs;27;Bourgogne-Franche-Comté
201900002482;138Â 301Â 874;B01;1.0;1;3.0;1.0;1989.0;5.0;2.0;8.0;;;0;;;1.0;31.0;0.0;2.0;7.0;15.0;1.0;;12;2;2019;19:15;5.0;24;24322;2;6.0;1.0;3.0;PLACE YVES GUENA;45,1870800;0,7214300;3;939;0.0;;1.0;0;0.0;1.0;0;469;1.0;;;1.0;0.0;1.0;50.0;Dordogne;75;Nouvelle-Aquitaine
201900002482;138Â 301Â 875;A01;1.0;1;1.0;1.0;1958.0;5.0;1.0;4.0;;0.0;0;;;1.0;7.0;0.0;2.0;1.0;9.0;1.0;;12;2;2019;19:15;5.0;24;24322;2;6.0;1.0;3.0;PLACE YVES GUENA;45,1870800;0,7214300;3;939;0.0;;1.0;0;0.0;1.0;0;469;1.0;;;1.0;0.0;1.0;50.0;Dordogne;75;Nouvelle-Aquitaine
201900002483;138Â 301Â 873;A01;10.0;3;2.0;2.0;1941.0;5.0;8.0;0.0;;3.0;3;1.0;;1.0;7.0;0.0;1.0;8.0;1.0;1.0;;12;2;2019;17:50;1.0;19;19031;2;1.0;1.0;6.0;ALVITRE (AVENUE ABBE);45,1534800;1,5089500;3;1089;0.0;;2.0;2;0.0;1.0;0;0;1.0;;;1.0;0.0;1.0;50.0;Corrèze;75;Nouvelle-Aquitaine
201900002483;138Â 301Â 873;A01;1.0;1;1.0;1.0;2000.0;5.0;1.0;0.0;;; -1;;;1.0;7.0;0.0;1.0;8.0;1.0;1.0;;12;2;2019;17:50;1.0;19;19031;2;1.0;1.0;6.0;ALVITRE (AVENUE ABBE);45,1534800;1,5089500;3;1089;0.0;;2.0;2;0.0;1.0;0;0;1.0;;;1.0;0.0;1.0;50.0;Corrèze;75;Nouvelle-Aquitaine
201900002484;138Â 301Â 870;B01;1.0;1;1.0;1.0;1987.0;1.0;1.0;0.0;;0.0;0;;;1.0;7.0;0.0;2.0;4.0;2.0;1.0;;13;2;2019;01:30;3.0;18;18267;1;1.0;9.0;2.0;SAINT-AMAND (ROUTE DE);47,0315400;2,3896300;3;2144;0.0;D;2.0;2;0.0;1.0;46;200;1.0;;;2.0;0.0;1.0;70.0;Cher;24;Centre-Val de Loire
201900002484;138Â 301Â 871;A01;1.0;1;2.0;1.0;1975.0;1.0;1.0;0.0;;0.0;0;;;1.0;7.0;0.0;2.0;1.0;26.0;1.0;;13;2;2019;01:30;3.0;18;18267;1;1.0;9.0;2.0;SAINT-AMAND (ROUTE DE);47,0315400;2,3896300;3;2144;0.0;D;2.0;2;0.0;1.0;46;200;1.0;;;2.0;0.0;1.0;70.0;Cher;24;Centre-Val de Loire
201900002485;138Â 301Â 868;A01;1.0;1;1.0;1.0;1942.0;5.0;1.0;0.0;;; -1;;;1.0;7.0;0.0;2.0;1.0;9.0;1.0;;13;2;2019;14:37;1.0;17;17415;2;6.0;1.0;3.0;GATERAT LIEU DIT;45,7460020; -0,6915850;4;GATERAT LIEU DIT;0.0;;2.0;0;0.0;1.0;0;0;1.0;;;1.0;5.0;1.0;50.0;Charente-Maritime;75;Nouvelle-Aquitaine
201900002485;138Â 301Â 869;B01;1.0;1;3.0;1.0;1980.0;0.0;2.0;0.0;;; -1;;;1.0;2.0;0.0;2.0;7.0;15.0;1.0;;13;2;2019;14:37;1.0;17;17415;2;6.0;1.0;3.0;GATERAT LIEU DIT;45,7460020; -0,6915850;4;GATERAT LIEU DIT;0.0;;2.0;0;0.0;1.0;0;0;1.0;;;1.0;5.0;1.0;50.0;Charente-Maritime;75;Nouvelle-Aquitaine
201900002486;138Â 301Â 864;B01;2.0;2;2.0;2.0;1960.0;3.0;1.0;8.0;;; -1;;;0.0;7.0;0.0;2.0;6.0;24.0;1.0;;10;2;2019;11:45;1.0;17;17306;2;1.0;1.0;3.0;LECLERC MARECHAL (AVENUE);45,6246520; -1,0187790;4;LECLERC MARECHAL (AVENUE);0.0;;1.0;1;0.0;1.0;0;0;1.0;;;1.0;0.0;1.0;50.0;Charente-Maritime;75;Nouvelle-Aquitaine
201900002486;138Â 301Â 865;A01;1.0;1;1.0;1.0;1931.0;3.0;1.0;8.0;;; -1;;;0.0;7.0;1.0;0.0;1.0;14.0;1.0;;10;2;2019;11:45;1.0;17;17306;2;1.0;1.0;3.0;LECLERC MARECHAL (AVENUE);45,6246520; -1,0187790;4;LECLERC MARECHAL (AVENUE);0.0;;1.0;1;0.0;1.0;0;0;1.0;;;1.0;0.0;1.0;50.0;Charente-Maritime;75;Nouvelle-Aquitaine
201900002487;138Â 301Â 862;B01;1.0;1;1.0;1.0;1996.0;5.0;1.0;0.0;;; -1;;;3.0;7.0;0.0;2.0;8.0;19.0;1.0;;12;2;2019;12:20;1.0;17;17028;2;1.0;1.0;3.0;DOUX   CHEMIN DU PUITS;46,1352000; -1,1471000;4;DOUX   CHEMIN DU PUITS;0.0;;2.0;2;0.0;1.0;0;0;3.0;;;1.0;0.0;1.0;50.0;Charente-Maritime;75;Nouvelle-Aquitaine
201900002487;138Â 301Â 863;A01;2.0;1;2.0;1.0;1973.0;1.0;2.0;6.0;;; -1;;;1.0;33.0;0.0;2.0;1.0;2.0;1.0;;12;2;2019;12:20;1.0;17;17028;2;1.0;1.0;3.0;DOUX   CHEMIN DU PUITS;46,1352000; -1,1471000;4;DOUX   CHEMIN DU PUITS;0.0;;2.0;2;0.0;1.0;0;0;3.0;;;1.0;0.0;1.0;50.0;Charente-Maritime;75;Nouvelle-Aquitaine
201900002488;138Â 301Â 860;B01;1.0;1;2.0;1.0;1970.0;9.0;1.0;0.0;;; -1;;;0.0;7.0;0.0;2.0;1.0;1.0;1.0;;13;2;2019;14:45;1.0;13;13071;2;1.0;1.0;1.0;ROUTE NATIONALE 113 - AGAVON;43,4164500;5,2785600;2;113;0.0;;2.0;2;0.0;1.0;0;0;1.0;;;1.0;0.0;1.0;80.0;Bouches-du-Rhône;93;Provence-Alpes-Côte d'Azur
201900002488;138Â 301Â 861;A01;2.0;2;2.0;2.0;2000.0;9.0;1.0;0.0;;; -1;;;0.0;7.0;0.0;2.0;1.0;5.0;1.0;;13;2;2019;14:45;1.0;13;13071;2;1.0;1.0;1.0;ROUTE NATIONALE 113 - AGAVON;43,4164500;5,2785600;2;113;0.0;;2.0;2;0.0;1.0;0;0;1.0;;;1.0;0.0;1.0;80.0;Bouches-du-Rhône;93;Provence-Alpes-Côte d'Azur
201900002488;138Â 301Â 861;A01;1.0;1;2.0;2.0;1999.0;9.0;1.0;0.0;;; -1;;;0.0;7.0;0.0;2.0;1.0;5.0;1.0;;13;2;2019;14:45;1.0;13;13071;2;1.0;1.0;1.0;ROUTE NATIONALE 113 - AGAVON;43,4164500;5,2785600;2;113;0.0;;2.0;2;0.0;1.0;0;0;1.0;;;1.0;0.0;1.0;80.0;Bouches-du-Rhône;93;Provence-Alpes-Côte d'Azur
201900002489;138Â 301Â 859;A01;1.0;1;4.0;1.0;1995.0;5.0;8.0;0.0;;;0;;;3.0;33.0;0.0;0.0;9.0;26.0;0.0;;9;2;2019;16:00;1.0;13;13043;2;1.0;1.0;7.0;Chemin Carraire de l'Aiguille;43,3914300;5,2067980;9;MEDITERRANEE (AV DE LA );0.0;;2.0;2;0.0;1.0;0;0;1.0;;;1.0;9.0;1.0;50.0;Bouches-du-Rhône;93;Provence-Alpes-Côte d'Azur
201900002490;138Â 301Â 858;A01;1.0;1;2.0;1.0;2000.0;0.0;1.0;8.0;;0.0;0;;;0.0;7.0;9.0;0.0;1.0;14.0;0.0;;14;2;2019;02:20;5.0;13;13209;2;1.0;1.0;6.0;MICHELET (BOULEVARD);43,2632000;5,3965000;4;MICHELET (BOULEVARD);0.0;;2.0;0;0.0;1.0;0;0;1.0;;;1.0;0.0;1.0;50.0;Bouches-du-Rhône;93;Provence-Alpes-Côte d'Azur
201900002490;138Â 301Â 858;A01;2.0;2;2.0;1.0;2000.0;0.0;1.0;0.0;;0.0;0;;;0.0;7.0;9.0;0.0;1.0;14.0;0.0;;14;2;2019;02:20;5.0;13;13209;2;1.0;1.0;6.0;MICHELET (BOULEVARD);43,2632000;5,3965000;4;MICHELET (BOULEVARD);0.0;;2.0;0;0.0;1.0;0;0;1.0;;;1.0;0.0;1.0;50.0;Bouches-du-Rhône;93;Provence-Alpes-Côte d'Azur
201900002491;138Â 301Â 857;A01;1.0;1;3.0;1.0;1994.0;5.0;2.0;0.0;;0.0;0;;;1.0;32.0;8.0;0.0;9.0;0.0;1.0;;13;2;2019;14:40;1.0;13;13210;2;2.0;1.0;7.0;ROMAIN ROLLAND (BOULEVARD);43,2759450;5,4174360;4;ROMAIN ROLLAND (BOULEVARD);0.0;;2.0;4;0.0;1.0;0;0;1.0;;;1.0;0.0;1.0;50.0;Bouches-du-Rhône;93;Provence-Alpes-Côte d'Azur
201900002492;138Â 301Â 855;A01;1.0;1;2.0;1.0;1990.0;0.0;2.0;8.0;;0.0;0;;;1.0;32.0;0.0;2.0;7.0;17.0;6.0;;13;2;2019;00:05;5.0;13;13204;2;1.0;1.0;2.0;MARÃCHAL JUIN (BOULEVARD);43,3121900;5,4041800;3;4;0.0;C;1.0;3;0.0;1.0;0;0;1.0;;;1.0;0.0;1.0;50.0;Bouches-du-Rhône;93;Provence-Alpes-Côte d'Azur
201900002492;138Â 301Â 856;B01;2.0;2;1.0;1.0;1983.0;9.0;1.0;8.0;;0.0;0;;;1.0;10.0;0.0;2.0;8.0;11.0;6.0;;13;2;2019;00:05;5.0;13;13204;2;1.0;1.0;2.0;MARÃCHAL JUIN (BOULEVARD);43,3121900;5,4041800;3;4;0.0;C;1.0;3;0.0;1.0;0;0;1.0;;;1.0;0.0;1.0;50.0;Bouches-du-Rhône;93;Provence-Alpes-Côte d'Azur
201900002492;138Â 301Â 856;B01;1.0;1;1.0;1.0;1983.0;9.0;1.0;8.0;;;0;;;1.0;10.0;0.0;2.0;8.0;11.0;6.0;;13;2;2019;00:05;5.0;13;13204;2;1.0;1.0;2.0;MARÃCHAL JUIN (BOULEVARD);43,3121900;5,4041800;3;4;0.0;C;1.0;3;0.0;1.0;0;0;1.0;;;1.0;0.0;1.0;50.0;Bouches-du-Rhône;93;Provence-Alpes-Côte d'Azur
201900002493;138Â 301Â 853;B01;1.0;1;2.0;1.0;1991.0;0.0;2.0;0.0;;; -1;;;0.0;2.0;0.0;2.0;1.0;1.0;1.0;;12;2;2019;22:00;5.0;13;13212;2;4.0;1.0;1.0;PIERRE CHEVALIER (avenue);43,2949300;5,4185400;4;PIERRE CHEVALIER (avenue);0.0;;2.0;2;0.0;4.0;0;0;2.0;;;2.0;0.0;1.0;50.0;Bouches-du-Rhône;93;Provence-Alpes-Côte d'Azur
201900002493;138Â 301Â 854;A01;1.0;1;1.0;1.0;1992.0;1.0;1.0;0.0;;0.0;0;;;0.0;16.0;0.0;2.0;1.0;15.0;1.0;;12;2;2019;22:00;5.0;13;13212;2;4.0;1.0;1.0;PIERRE CHEVALIER (avenue);43,2949300;5,4185400;4;PIERRE CHEVALIER (avenue);0.0;;2.0;2;0.0;4.0;0;0;2.0;;;2.0;0.0;1.0;50.0;Bouches-du-Rhône;93;Provence-Alpes-Côte d'Azur
201900002494;138Â 301Â 851;B01;1.0;1;3.0;1.0;1977.0;0.0;8.0;0.0;;; -1;;;0.0;32.0;0.0;2.0;1.0;1.0;1.0;;12;2;2019;18:50;5.0;13;13213;2;1.0;1.0;3.0;POILUS (AVENUE DES);43,3191930;5,4592000;3;4;0.0;;2.0;2;0.0;1.0;0;0;1.0;;;1.0;0.0;1.0;50.0;Bouches-du-Rhône;93;Provence-Alpes-Côte d'Azur
201900002494;138Â 301Â 852;A01;1.0;1;1.0;2.0;1993.0;0.0;8.0;0.0;;; -1;;;0.0;7.0;0.0;2.0;1.0;15.0;1.0;;12;2;2019;18:50;5.0;13;13213;2;1.0;1.0;3.0;POILUS (AVENUE DES);43,3191930;5,4592000;3;4;0.0;;2.0;2;0.0;1.0;0;0;1.0;;;1.0;0.0;1.0;50.0;Bouches-du-Rhône;93;Provence-Alpes-Côte d'Azur
201900002495;138Â 301Â 849;B01;1.0;1;1.0;1.0;1990.0;0.0;1.0;0.0;;0.0;0;;;3.0;7.0;0.0;2.0;7.0;14.0;1.0;;12;2;2019;14:40;1.0;13;13210;2;1.0;1.0;3.0;JEAN MOULIN (BOULEVARD);43,3363700;5,4560000;4;JEAN MOULIN (BOULEVARD);0.0;;1.0;1;0.0;2.0;0;0;2.0;;;1.0;3.0;1.0;50.0;Bouches-du-Rhône;93;Provence-Alpes-Côte d'Azur
201900002495;138Â 301Â 850;A01;1.0;1;2.0;1.0;1954.0;0.0;2.0;6.0;;; -1;;;3.0;34.0;0.0;2.0;8.0;18.0;1.0;;12;2;2019;14:40;1.0;13;13210;2;1.0;1.0;3.0;JEAN MOULIN (BOULEVARD);43,3363700;5,4560000;4;JEAN MOULIN (BOULEVARD);0.0;;1.0;1;0.0;2.0;0;0;2.0;;;1.0;3.0;1.0;50.0;Bouches-du-Rhône;93;Provence-Alpes-Côte d'Azur
201900002496;138Â 301Â 848;A01;1.0;1;2.0;2.0;1966.0;5.0;8.0;0.0;;0.0;0;;;0.0;7.0;0.0;2.0;7.0;1.0;1.0;;12;2;2019;15:00;1.0;13;13214;2;6.0;1.0;3.0;Rue de Lyon;43,3285500;5,3657480;4;CAPITAINE GEZE (BOULEVARD);0.0;;3.0;2;0.0;1.0;0;0;1.0;;;1.0;0.0;1.0;50.0;Bouches-du-Rhône;93;Provence-Alpes-Côte d'Azur
201900002497;138Â 301Â 846;A01;1.0;1;1.0;1.0;2001.0;5.0;8.0;0.0;;0.0;0;;;2.0;30.0;0.0;1.0;0.0;1.0;1.0;;11;2;2019;18:05;2.0;13;13203;2;3.0;1.0;6.0;GÃNÃRAL LECLERC (RUE);43,3034900;5,3788500;4;GÃNÃRAL LECLERC (RUE);0.0;;2.0;3;0.0;1.0;0;0;1.0;;;1.0;0.0;1.0;50.0;Bouches-du-Rhône;93;Provence-Alpes-Côte d'Azur
201900002497;138Â 301Â 846;A01;10.0;3;2.0;1.0;1955.0;1.0;8.0;0.0;;4.0;3;3.0;;2.0;30.0;0.0;1.0;0.0;1.0;1.0;;11;2;2019;18:05;2.0;13;13203;2;3.0;1.0;6.0;GÃNÃRAL LECLERC (RUE);43,3034900;5,3788500;4;GÃNÃRAL LECLERC (RUE);0.0;;2.0;3;0.0;1.0;0;0;1.0;;;1.0;0.0;1.0;50.0;Bouches-du-Rhône;93;Provence-Alpes-Côte d'Azur
201900002498;138Â 301Â 845;A01;10.0;3;4.0;1.0;1935.0;0.0;8.0;0.0;;1.0;3;1.0;;1.0;7.0;0.0;1.0;3.0;1.0;1.0;;12;2;2019;09:35;1.0;13;13211;2;1.0;1.0;6.0;BERNARD LECACHE (AVENUE);43,2942800;5,4501800;4;0;0.0;;2.0;2;0.0;3.0;0;0;3.0;;;1.0;0.0;1.0;50.0;Bouches-du-Rhône;93;Provence-Alpes-Côte d'Azur
201900002498;138Â 301Â 845;A01;1.0;1;1.0;2.0;1964.0;0.0;1.0;8.0;;;0;;;1.0;7.0;0.0;1.0;3.0;1.0;1.0;;12;2;2019;09:35;1.0;13;13211;2;1.0;1.0;6.0;BERNARD LECACHE (AVENUE);43,2942800;5,4501800;4;0;0.0;;2.0;2;0.0;3.0;0;0;3.0;;;1.0;0.0;1.0;50.0;Bouches-du-Rhône;93;Provence-Alpes-Côte d'Azur
201900002499;138Â 301Â 843;A01;1.0;1;1.0;2.0;1980.0;1.0;1.0;0.0;;0.0;0;;;1.0;99.0;0.0;2.0;1.0;2.0;1.0;;12;2;2019;08:30;1.0;13;13210;2;1.0;1.0;2.0;SCHLOESING (BOULEVARD);43,2734230;5,4006110;7;SCHLOESING (BOULEVARD);0.0;;2.0;5;0.0;1.0;0;0;1.0;;;1.0;0.0;1.0;50.0;Bouches-du-Rhône;93;Provence-Alpes-Côte d'Azur
201900002499;138Â 301Â 844;B01;1.0;1;2.0;1.0;2000.0;2.0;1.0;0.0;;0.0;0;;;2.0;7.0;0.0;2.0;4.0;2.0;1.0;;12;2;2019;08:30;1.0;13;13210;2;1.0;1.0;2.0;SCHLOESING (BOULEVARD);43,2734230;5,4006110;7;SCHLOESING (BOULEVARD);0.0;;2.0;5;0.0;1.0;0;0;1.0;;;1.0;0.0;1.0;50.0;Bouches-du-Rhône;93;Provence-Alpes-Côte d'Azur
201900002500;138Â 301Â 842;A01;1.0;1;1.0;1.0;1985.0;0.0;1.0;0.0;;0.0;0;;;1.0;7.0;0.0;1.0;8.0;1.0;1.0;;11;2;2019;16:43;1.0;13;13201;2;1.0;1.0;6.0;LÃON GAMBETTA (ALLEE);43,2991100;5,3814100;4;LÃON GAMBETTA (ALLEE);0.0;;2.0;3;0.0;1.0;0;0;1.0;;;1.0;0.0;1.0;50.0;Bouches-du-Rhône;93;Provence-Alpes-Côte d'Azur
201900002500;138Â 301Â 842;A01;10.0;3;2.0;1.0;2001.0;0.0;0.0;0.0;0.0;2.0;3;1.0;;1.0;7.0;0.0;1.0;8.0;1.0;1.0;;11;2;2019;16:43;1.0;13;13201;2;1.0;1.0;6.0;LÃON GAMBETTA (ALLEE);43,2991100;5,3814100;4;LÃON GAMBETTA (ALLEE);0.0;;2.0;3;0.0;1.0;0;0;1.0;;;1.0;0.0;1.0;50.0;Bouches-du-Rhône;93;Provence-Alpes-Côte d'Azur
201900002501;138Â 301Â 840;A01;1.0;1;3.0;1.0;1999.0;0.0;2.0;8.0;;; -1;;;1.0;33.0;0.0;2.0;1.0;26.0;1.0;;27;1;2019;13:30;1.0;13;13004;2;2.0;1.0;3.0;RUE GAMBETTA;43,6752800;4,6260100;4;RUE GAMBETTA;0.0;;2.0;2;0.0;1.0;0;0;1.0;;;1.0;0.0;1.0;50.0;Bouches-du-Rhône;93;Provence-Alpes-Côte d'Azur
201900002501;138Â 301Â 841;B01;1.0;1;2.0;2.0;1990.0;0.0;1.0;8.0;;; -1;;;2.0;7.0;0.0;2.0;3.0;15.0;1.0;;27;1;2019;13:30;1.0;13;13004;2;2.0;1.0;3.0;RUE GAMBETTA;43,6752800;4,6260100;4;RUE GAMBETTA;0.0;;2.0;2;0.0;1.0;0;0;1.0;;;1.0;0.0;1.0;50.0;Bouches-du-Rhône;93;Provence-Alpes-Côte d'Azur