Num_Acc;id_vehicule;num_veh;place;catu;grav;sexe;an_nais;trajet;secu1;secu2;secu3;locp;actp;etatp;id_usager;senc;catv;obs;obsm;choc;manv;motor;occutc;jour;mois;an;hrmn;lum;dep;com;agg;int;atm;col;adr;lat;long;catr;voie;v1;v2;circ;nbv;vosp;prof;pr;pr1;plan;lartpc;larrout;surf;infra;situ;vma;nom_departement;reg;nom_region
201900002502;138Â 301Â 839;Z01;10.0;3;2.0;1.0;2004.0;9.0;8.0;0.0;;2.0;3;1.0;;1.0;7.0;0.0;1.0;0.0;1.0;0.0;;13;2;2019;15:15;1.0;13;13001;2;1.0;1.0;6.0;KENNEDY PRESIDENT (BD DU);43,5188500;5,4308800;4;KENNEDY PRESIDENT (BD DU);0.0;;2.0;2;0.0;1.0;0;0;1.0;;;1.0;0.0;1.0;50.0;Bouches-du-Rhône;93;Provence-Alpes-Côte d'Azur
201900002503;138Â 301Â 838;A01;10.0;3;2.0;2.0;1962.0;9.0;8.0;0.0;;9.0;B;1.0;;1.0;7.0;0.0;1.0;0.0;26.0;1.0;;12;2;2019;18:25;2.0;11;11262;2;1.0;1.0;6.0;LORRAINE (QUAI DE);43,1850580;2,9995830;4;LORRAINE (QUAI DE);0.0;;2.0;2;0.0;1.0;0;0;1.0;;;1.0;0.0;1.0;50.0;Aude;76;Occitanie
201900002503;138Â 301Â 838;A01;1.0;1;1.0;2.0;1987.0;9.0;1.0;8.0;;0.0;0;;;1.0;7.0;0.0;1.0;0.0;26.0;1.0;;12;2;2019;18:25;2.0;11;11262;2;1.0;1.0;6.0;LORRAINE (QUAI DE);43,1850580;2,9995830;4;LORRAINE (QUAI DE);0.0;;2.0;2;0.0;1.0;0;0;1.0;;;1.0;0.0;1.0;50.0;Aude;76;Occitanie
201900002504;138Â 301Â 836;B01;2.0;2;2.0;1.0;1990.0;9.0;1.0;8.0;;0.0;0;;;1.0;7.0;0.0;2.0;4.0;2.0;1.0;;11;2;2019;20:30;3.0;11;11262;1;1.0;1.0;2.0;RD 6009 NARBONNE - PERPIGNAN;43,1935410;2,9816180;2;6009;0.0;;2.0;2;0.0;1.0;0;0;1.0;;;1.0;0.0;1.0;80.0;Aude;76;Occitanie
201900002504;138Â 301Â 836;B01;1.0;1;2.0;1.0;1964.0;9.0;1.0;8.0;;0.0;0;;;1.0;7.0;0.0;2.0;4.0;2.0;1.0;;11;2;2019;20:30;3.0;11;11262;1;1.0;1.0;2.0;RD 6009 NARBONNE - PERPIGNAN;43,1935410;2,9816180;2;6009;0.0;;2.0;2;0.0;1.0;0;0;1.0;;;1.0;0.0;1.0;80.0;Aude;76;Occitanie
201900002504;138Â 301Â 837;A01;1.0;1;2.0;2.0;1969.0;9.0;1.0;8.0;;0.0;0;;;1.0;7.0;0.0;2.0;1.0;2.0;1.0;;11;2;2019;20:30;3.0;11;11262;1;1.0;1.0;2.0;RD 6009 NARBONNE - PERPIGNAN;43,1935410;2,9816180;2;6009;0.0;;2.0;2;0.0;1.0;0;0;1.0;;;1.0;0.0;1.0;80.0;Aude;76;Occitanie
201900002505;138Â 301Â 835;A01;10.0;3;2.0;1.0;1944.0;0.0;8.0;0.0;;4.0;3;1.0;;2.0;7.0;0.0;1.0;1.0;15.0;0.0;;13;2;2019;15:45;1.0;06;06029;2;3.0;1.0;6.0;BRET (AVENUE DU CDT);43,5647500;7,0263000;4;BRET (AVENUE DU CDT);0.0;;1.0;1;0.0;1.0;0;0;1.0;;;1.0;0.0;1.0;50.0;Alpes-Maritimes;93;Provence-Alpes-Côte d'Azur
201900002505;138Â 301Â 835;A01;1.0;1;1.0;1.0;1944.0;0.0;1.0;0.0;;0.0;0;;;2.0;7.0;0.0;1.0;1.0;15.0;0.0;;13;2;2019;15:45;1.0;06;06029;2;3.0;1.0;6.0;BRET (AVENUE DU CDT);43,5647500;7,0263000;4;BRET (AVENUE DU CDT);0.0;;1.0;1;0.0;1.0;0;0;1.0;;;1.0;0.0;1.0;50.0;Alpes-Maritimes;93;Provence-Alpes-Côte d'Azur
201900002506;138Â 301Â 834;A01;10.0;3;2.0;1.0;1942.0;0.0;8.0;0.0;;2.0;3;1.0;;2.0;7.0;0.0;1.0;2.0;17.0;1.0;;12;2;2019;10:25;1.0;06;06027;2;1.0;7.0;6.0;GAUDE AVENUE DE LA;43,6637300;7,1488200;7; - 118 - GAUDE AVENUE DE LA;0.0;;2.0;2;0.0;1.0;0;0;1.0;;;1.0;0.0;1.0;50.0;Alpes-Maritimes;93;Provence-Alpes-Côte d'Azur
201900002506;138Â 301Â 834;A01;1.0;1;1.0;1.0;1940.0;5.0;1.0;0.0;;0.0;0;;;2.0;7.0;0.0;1.0;2.0;17.0;1.0;;12;2;2019;10:25;1.0;06;06027;2;1.0;7.0;6.0;GAUDE AVENUE DE LA;43,6637300;7,1488200;7; - 118 - GAUDE AVENUE DE LA;0.0;;2.0;2;0.0;1.0;0;0;1.0;;;1.0;0.0;1.0;50.0;Alpes-Maritimes;93;Provence-Alpes-Côte d'Azur
201900002507;138Â 301Â 833;A01;1.0;1;1.0;1.0;1997.0;0.0;8.0;0.0;;0.0;0;;;3.0;7.0;11.0;0.0;3.0;0.0;0.0;;9;2;2019;04:05;5.0;06;06004;2;9.0;1.0;6.0;GUILLAUMONT BD CHARLES;43,5696400;7,1070100;4;GUILLAUMONT BD CHARLES;0.0;;2.0;1;0.0;1.0;12;0;1.0;;;1.0;0.0;1.0;50.0;Alpes-Maritimes;93;Provence-Alpes-Côte d'Azur
201900002507;138Â 301Â 833;A01;3.0;2;2.0;1.0;1999.0;0.0;8.0;0.0;;0.0;0;;;3.0;7.0;11.0;0.0;3.0;0.0;0.0;;9;2;2019;04:05;5.0;06;06004;2;9.0;1.0;6.0;GUILLAUMONT BD CHARLES;43,5696400;7,1070100;4;GUILLAUMONT BD CHARLES;0.0;;2.0;1;0.0;1.0;12;0;1.0;;;1.0;0.0;1.0;50.0;Alpes-Maritimes;93;Provence-Alpes-Côte d'Azur
201900002507;138Â 301Â 833;A01;2.0;2;1.0;1.0;1997.0;0.0;1.0;0.0;;0.0;0;;;3.0;7.0;11.0;0.0;3.0;0.0;0.0;;9;2;2019;04:05;5.0;06;06004;2;9.0;1.0;6.0;GUILLAUMONT BD CHARLES;43,5696400;7,1070100;4;GUILLAUMONT BD CHARLES;0.0;;2.0;1;0.0;1.0;12;0;1.0;;;1.0;0.0;1.0;50.0;Alpes-Maritimes;93;Provence-Alpes-Côte d'Azur
201900002507;138Â 301Â 833;A01;4.0;2;2.0;2.0;1999.0;5.0;1.0;8.0;;0.0;0;;;3.0;7.0;11.0;0.0;3.0;0.0;0.0;;9;2;2019;04:05;5.0;06;06004;2;9.0;1.0;6.0;GUILLAUMONT BD CHARLES;43,5696400;7,1070100;4;GUILLAUMONT BD CHARLES;0.0;;2.0;1;0.0;1.0;12;0;1.0;;;1.0;0.0;1.0;50.0;Alpes-Maritimes;93;Provence-Alpes-Côte d'Azur
201900002508;138Â 301Â 831;A01;1.0;1;3.0;1.0;1941.0;5.0;2.0;0.0;;0.0;0;;;2.0;33.0;0.0;2.0;1.0;17.0;1.0;;11;2;2019;15:20;1.0;06;06004;2;1.0;1.0;3.0;JUIN AV.MARECHAL;43,5605000;7,1205400;4;JUIN AV.MARECHAL;0.0;;2.0;2;0.0;1.0;0;0;1.0;;;1.0;0.0;1.0;50.0;Alpes-Maritimes;93;Provence-Alpes-Côte d'Azur
201900002508;138Â 301Â 832;B01;1.0;1;1.0;1.0;1949.0;5.0;1.0;0.0;;0.0;0;;;2.0;7.0;0.0;2.0;3.0;15.0;1.0;;11;2;2019;15:20;1.0;06;06004;2;1.0;1.0;3.0;JUIN AV.MARECHAL;43,5605000;7,1205400;4;JUIN AV.MARECHAL;0.0;;2.0;2;0.0;1.0;0;0;1.0;;;1.0;0.0;1.0;50.0;Alpes-Maritimes;93;Provence-Alpes-Côte d'Azur
201900002509;138Â 301Â 830;A01;10.0;3;2.0;2.0;2004.0;2.0;8.0;0.0;;4.0;3;2.0;;2.0;7.0;0.0;1.0;1.0;1.0;1.0;;12;2;2019;07:56;1.0;01;01344;2;1.0;8.0;6.0;BRESSE (AVENUE DE);46,2032079;5,1977586;3;117;0.0;;3.0;2;2.0;1.0;2;710;1.0;;;1.0;0.0;2.0;50.0;Ain;84;Auvergne-Rhône-Alpes
201900002509;138Â 301Â 830;A01;1.0;1;1.0;1.0;1964.0;4.0;1.0;8.0;;0.0;0;;;2.0;7.0;0.0;1.0;1.0;1.0;1.0;;12;2;2019;07:56;1.0;01;01344;2;1.0;8.0;6.0;BRESSE (AVENUE DE);46,2032079;5,1977586;3;117;0.0;;3.0;2;2.0;1.0;2;710;1.0;;;1.0;0.0;2.0;50.0;Ain;84;Auvergne-Rhône-Alpes
201900002510;138Â 301Â 828;B01;1.0;1;2.0;1.0;1968.0;1.0;2.0;0.0;;0.0;0;;;2.0;33.0;0.0;2.0;3.0;3.0;1.0;;11;2;2019;17:30;1.0;75;75114;2;1.0;1.0;3.0;BOULEVARD PERIPHERIQUE;48,8219220;2,3167330;4;BD PERIPHERIQUE EXTERIEUR;0.0;;1.0;3;0.0;1.0;6;0;1.0;;;1.0;0.0;1.0;70.0;Paris;11;Île-de-France
201900002510;138Â 301Â 829;A01;1.0;1;1.0;1.0;1982.0;1.0;1.0;0.0;;0.0;0;;;2.0;7.0;0.0;2.0;5.0;12.0;1.0;;11;2;2019;17:30;1.0;75;75114;2;1.0;1.0;3.0;BOULEVARD PERIPHERIQUE;48,8219220;2,3167330;4;BD PERIPHERIQUE EXTERIEUR;0.0;;1.0;3;0.0;1.0;6;0;1.0;;;1.0;0.0;1.0;70.0;Paris;11;Île-de-France
201900002511;138Â 301Â 827;A01;1.0;1;2.0;1.0;1984.0;1.0;2.0;6.0;;0.0;0;;;2.0;30.0;0.0;0.0;8.0;1.0;3.0;;13;2;2019;14:35;1.0;75;75120;2;3.0;1.0;7.0;RUE D AVRON;48,8515280;2,3995250;4;RUE D AVRON;0.0;;;0;0.0;1.0;0;0;1.0;;;1.0;0.0;1.0;50.0;Paris;11;Île-de-France
201900002512;138Â 301Â 825;A01;1.0;1;1.0;1.0;1956.0;5.0;1.0;0.0;;0.0;0;;;1.0;7.0;0.0;2.0;3.0;10.0;1.0;;12;2;2019;17:40;2.0;75;75120;2;3.0;1.0;3.0;RUE PELLEPORT;48,8672420;2,4022490;4;RUE PELLEPORT;0.0;;2.0;2;0.0;2.0;0;0;1.0;;;1.0;0.0;1.0;50.0;Paris;11;Île-de-France
201900002512;138Â 301Â 826;B01;1.0;1;2.0;2.0;1974.0;9.0;2.0;6.0;;0.0;0;;;1.0;31.0;0.0;2.0;1.0;17.0;1.0;;12;2;2019;17:40;2.0;75;75120;2;3.0;1.0;3.0;RUE PELLEPORT;48,8672420;2,4022490;4;RUE PELLEPORT;0.0;;2.0;2;0.0;2.0;0;0;1.0;;;1.0;0.0;1.0;50.0;Paris;11;Île-de-France
201900002513;138Â 301Â 823;A01;1.0;1;1.0;1.0;1973.0;1.0;1.0;0.0;;0.0;0;;;1.0;7.0;0.0;2.0;6.0;11.0;1.0;;13;2;2019;16:35;1.0;75;75119;2;7.0;1.0;3.0;PLACE AUGUSTE BARON;48,9004410;2,3870220;4;PLACE AUGUSTE BARON;0.0;;1.0;4;0.0;1.0;0;0;2.0;;;1.0;0.0;1.0;50.0;Paris;11;Île-de-France
201900002513;138Â 301Â 824;B01;1.0;1;2.0;1.0;1981.0;1.0;2.0;6.0;;0.0;0;;;3.0;32.0;0.0;2.0;2.0;1.0;1.0;;13;2;2019;16:35;1.0;75;75119;2;7.0;1.0;3.0;PLACE AUGUSTE BARON;48,9004410;2,3870220;4;PLACE AUGUSTE BARON;0.0;;1.0;4;0.0;1.0;0;0;2.0;;;1.0;0.0;1.0;50.0;Paris;11;Île-de-France
201900002514;138Â 301Â 821;A01;1.0;1;2.0;1.0;1993.0;0.0;2.0;6.0;;0.0;0;;;1.0;34.0;8.0;2.0;2.0;18.0;1.0;;13;2;2019;18:00;1.0;75;75118;2;1.0;1.0;3.0;BOULEVARD DE ROCHECHOUART;48,8836140;2,3474820;4;BOULEVARD DE ROCHECHOUART;0.0;;1.0;2;0.0;1.0;0;0;1.0;;;1.0;0.0;1.0;50.0;Paris;11;Île-de-France
201900002514;138Â 301Â 822;B01;2.0;2;1.0;1.0;1999.0;0.0;1.0;0.0;;0.0;0;;;1.0;7.0;0.0;2.0;7.0;22.0;1.0;;13;2;2019;18:00;1.0;75;75118;2;1.0;1.0;3.0;BOULEVARD DE ROCHECHOUART;48,8836140;2,3474820;4;BOULEVARD DE ROCHECHOUART;0.0;;1.0;2;0.0;1.0;0;0;1.0;;;1.0;0.0;1.0;50.0;Paris;11;Île-de-France
201900002514;138Â 301Â 822;B01;1.0;1;1.0;1.0;1999.0;0.0;1.0;0.0;;0.0;0;;;1.0;7.0;0.0;2.0;7.0;22.0;1.0;;13;2;2019;18:00;1.0;75;75118;2;1.0;1.0;3.0;BOULEVARD DE ROCHECHOUART;48,8836140;2,3474820;4;BOULEVARD DE ROCHECHOUART;0.0;;1.0;2;0.0;1.0;0;0;1.0;;;1.0;0.0;1.0;50.0;Paris;11;Île-de-France
201900002515;138Â 301Â 819;A01;1.0;1;1.0;2.0;1986.0;1.0;1.0;0.0;;0.0;0;;;1.0;7.0;0.0;2.0;5.0;14.0;1.0;;12;2;2019;11:20;1.0;75;75118;2;1.0;1.0;3.0;BOULEVARD NEY;48,8985480;2,3563060;4;BOULEVARD NEY;0.0;;3.0;2;0.0;2.0;0;0;1.0;;;1.0;0.0;1.0;50.0;Paris;11;Île-de-France
201900002515;138Â 301Â 820;B01;1.0;1;2.0;1.0;1991.0;1.0;2.0;6.0;;0.0;0;;;1.0;30.0;0.0;2.0;8.0;1.0;1.0;;12;2;2019;11:20;1.0;75;75118;2;1.0;1.0;3.0;BOULEVARD NEY;48,8985480;2,3563060;4;BOULEVARD NEY;0.0;;3.0;2;0.0;2.0;0;0;1.0;;;1.0;0.0;1.0;50.0;Paris;11;Île-de-France
201900002516;138Â 301Â 818;A01;1.0;1;2.0;2.0;1986.0;4.0;2.0;6.0;;0.0;0;;;1.0;30.0;0.0;0.0;1.0;1.0;3.0;;12;2;2019;17:00;1.0;75;75116;2;1.0;1.0;7.0;ALLEE DE LONGCHAMP;48,8654060;2,2446270;4;ALLEE DE LONGCHAMP;0.0;;2.0;4;0.0;2.0;0;0;1.0;;;9.0;0.0;1.0;50.0;Paris;11;Île-de-France
201900002517;138Â 301Â 816;A01;10.0;3;1.0;1.0;1993.0;9.0;8.0;0.0;;2.0;3;1.0;;2.0;32.0;0.0;1.0;2.0;1.0;1.0;;13;2;2019;02:00;5.0;75;75110;2;1.0;1.0;6.0;BOULEVARD DE MAGENTA;48,8742870;2,3578530;4;BOULEVARD DE MAGENTA;0.0;;2.0;2;0.0;2.0;0;0;1.0;;;1.0;0.0;1.0;50.0;Paris;11;Île-de-France
201900002517;138Â 301Â 816;A01;1.0;1;2.0;1.0;1971.0;5.0;2.0;6.0;;0.0;0;;;2.0;32.0;0.0;1.0;2.0;1.0;1.0;;13;2;2019;02:00;5.0;75;75110;2;1.0;1.0;6.0;BOULEVARD DE MAGENTA;48,8742870;2,3578530;4;BOULEVARD DE MAGENTA;0.0;;2.0;2;0.0;2.0;0;0;1.0;;;1.0;0.0;1.0;50.0;Paris;11;Île-de-France
201900002518;138Â 301Â 814;B01;1.0;1;1.0;1.0;1987.0;9.0;1.0;0.0;;0.0;0;;;2.0;7.0;0.0;2.0;3.0;16.0;1.0;;11;2;2019;11:43;1.0;75;75103;2;3.0;1.0;3.0;RUE SAINT CLAUDE;48,8601140;2,3664630;4;RUE SAINT CLAUDE;0.0;;;2;0.0;2.0;0;0;1.0;;;1.0;0.0;1.0;30.0;Paris;11;Île-de-France
201900002518;138Â 301Â 815;A01;1.0;1;3.0;1.0;1962.0;0.0;8.0;0.0;;0.0;0;;;2.0;1.0;0.0;2.0;2.0;1.0;5.0;;11;2;2019;11:43;1.0;75;75103;2;3.0;1.0;3.0;RUE SAINT CLAUDE;48,8601140;2,3664630;4;RUE SAINT CLAUDE;0.0;;;2;0.0;2.0;0;0;1.0;;;1.0;0.0;1.0;30.0;Paris;11;Île-de-France
201900002519;138Â 301Â 813;A01;1.0;1;2.0;1.0;1993.0;9.0;2.0;6.0;;0.0;0;;;2.0;30.0;1.0;0.0;2.0;9.0;1.0;;13;2;2019;21:10;1.0;75;75103;2;1.0;1.0;6.0;RUE FROISSART;48,8615630;2,3660960;4;RUE FROISSART;0.0;;1.0;1;0.0;1.0;0;0;1.0;;;1.0;0.0;1.0;30.0;Paris;11;Île-de-France
201900002520;138Â 301Â 812;A01;1.0;1;1.0;2.0;1993.0;0.0;8.0;0.0;;0.0;0;;;1.0;0.0;0.0;2.0;0.0;26.0;6.0;;13;2;2019;17:45;1.0;93;93010;2;9.0;1.0;6.0;REPUBLIQUE (PL. DE LA);48,8952960;2,4777450;9;REPUBLIQUE (PL. DE LA);0.0;;;0;0.0;2.0;1;222;1.0;;;1.0;9.0;1.0;50.0;Seine-Saint-Denis;11;Île-de-France
201900002520;138Â 301Â 812;A01;10.0;3;2.0;2.0;2008.0;5.0;0.0;;;2.0;3;1.0;;1.0;0.0;0.0;2.0;0.0;26.0;6.0;;13;2;2019;17:45;1.0;93;93010;2;9.0;1.0;6.0;REPUBLIQUE (PL. DE LA);48,8952960;2,4777450;9;REPUBLIQUE (PL. DE LA);0.0;;;0;0.0;2.0;1;222;1.0;;;1.0;9.0;1.0;50.0;Seine-Saint-Denis;11;Île-de-France
201900002521;138Â 301Â 810;B01;1.0;1;2.0;1.0;1997.0;5.0;2.0;7.0;;;0;;;2.0;31.0;0.0;2.0;1.0;1.0;0.0;;13;2;2019;19:50;5.0;92;92051;2;2.0;1.0;3.0;BINEAU (BOULEVARD, NÂ°133 A 217 ET 134 A;48,8921100;2,2683600;3;908;0.0;;1.0;3;1.0;1.0;0;0;1.0;;;1.0;0.0;3.0;50.0;Hauts-de-Seine;11;Île-de-France
201900002522;138Â 301Â 809;A01;1.0;1;1.0;2.0;1967.0;1.0;1.0;0.0;;;0;;;1.0;7.0;0.0;1.0;1.0;1.0;1.0;;12;2;2019;08:45;1.0;92;92060;2;1.0;1.0;6.0;FERME (RUE DE LA);48,7823900;2,2609900;4;FERME (RUE DE LA);0.0;;2.0;2;0.0;1.0;0;0;1.0;;;1.0;0.0;1.0;30.0;Hauts-de-Seine;11;Île-de-France
201900002522;138Â 301Â 809;A01;10.0;3;2.0;2.0;1969.0;1.0;8.0;0.0;;2.0;3;1.0;;1.0;7.0;0.0;1.0;1.0;1.0;1.0;;12;2;2019;08:45;1.0;92;92060;2;1.0;1.0;6.0;FERME (RUE DE LA);48,7823900;2,2609900;4;FERME (RUE DE LA);0.0;;2.0;2;0.0;1.0;0;0;1.0;;;1.0;0.0;1.0;30.0;Hauts-de-Seine;11;Île-de-France
201900002523;138Â 301Â 807;B01;1.0;1;1.0;2.0;1963.0;1.0;1.0;0.0;;;0;;;2.0;7.0;0.0;2.0;4.0;26.0;3.0;;13;2;2019;13:30;1.0;92;92012;2;1.0;1.0;2.0;ALPHONSE LE GALLO (QUAI) 1/34;48,8309727;2,2279181;3;1;0.0;;3.0;4;0.0;2.0;0;0;1.0;;;1.0;3.0;1.0;50.0;Hauts-de-Seine;11;Île-de-France
201900002523;138Â 301Â 808;A01;1.0;1;2.0;1.0;1968.0;1.0;2.0;8.0;;;0;;;2.0;32.0;0.0;2.0;1.0;2.0;1.0;;13;2;2019;13:30;1.0;92;92012;2;1.0;1.0;2.0;ALPHONSE LE GALLO (QUAI) 1/34;48,8309727;2,2279181;3;1;0.0;;3.0;4;0.0;2.0;0;0;1.0;;;1.0;3.0;1.0;50.0;Hauts-de-Seine;11;Île-de-France
201900002524;138Â 301Â 806;A01;1.0;1;1.0;1.0;1901.0;0.0;1.0;0.0;;;0;;;3.0;7.0;0.0;1.0;1.0;1.0;0.0;;12;2;2019;06:05;5.0;92;92012;2;1.0;8.0;6.0;PONT DE BILLANCOURT (PLACE DU);48,8250729;2,2483915;3;2;0.0;;3.0;6;0.0;1.0;1;0;1.0;;;2.0;0.0;1.0;50.0;Hauts-de-Seine;11;Île-de-France
201900002524;138Â 301Â 806;A01;10.0;3;3.0;1.0;1960.0;0.0;8.0;0.0;;4.0;3;;;3.0;7.0;0.0;1.0;1.0;1.0;0.0;;12;2;2019;06:05;5.0;92;92012;2;1.0;8.0;6.0;PONT DE BILLANCOURT (PLACE DU);48,8250729;2,2483915;3;2;0.0;;3.0;6;0.0;1.0;1;0;1.0;;;2.0;0.0;1.0;50.0;Hauts-de-Seine;11;Île-de-France
201900002525;138Â 301Â 805;A01;1.0;1;2.0;1.0;1985.0;1.0;1.0;;;0.0;0;;;1.0;7.0;0.0;0.0;1.0;1.0;1.0;;13;2;2019;08:15;1.0;54;54587;1;1.0;5.0;6.0;D904 - PR 57+500;48,4931230;6,0479640;3;904;0.0;D;2.0;2;0.0;4.0;57;500;1.0;;;7.0;0.0;1.0;80.0;Meurthe-et-Moselle;44;Grand Est
201900002526;138Â 301Â 804;A01;1.0;1;3.0;1.0;1938.0;5.0;1.0;;;0.0;0;;;1.0;7.0;13.0;0.0;3.0;13.0;1.0;;13;2;2019;20:00;3.0;14;14284;1;1.0;1.0;6.0;RD 44 PR 003+500;48,8662157; -0,2521198;3;44;;;2.0;2;0.0;1.0;3;500;1.0;;;1.0;0.0;3.0;80.0;Calvados;28;Normandie
201900002527;138Â 301Â 802;B01;1.0;1;2.0;1.0;1999.0;5.0;2.0;;;0.0;0;;;2.0;2.0;0.0;2.0;2.0;17.0;1.0;;14;2;2019;15:30;1.0;06;06161;1;1.0;1.0;3.0;3143-2945 route nationale 7;43,6233220;7,1307730;3;6007;;D;2.0;2;1.0;1.0;(1);(1);1.0;;;1.0;0.0;1.0;70.0;Alpes-Maritimes;93;Provence-Alpes-Côte d'Azur
201900002527;138Â 301Â 802;B01;2.0;2;3.0;2.0;2002.0;5.0;2.0;;;0.0;0;;;2.0;2.0;0.0;2.0;2.0;17.0;1.0;;14;2;2019;15:30;1.0;06;06161;1;1.0;1.0;3.0;3143-2945 route nationale 7;43,6233220;7,1307730;3;6007;;D;2.0;2;1.0;1.0;(1);(1);1.0;;;1.0;0.0;1.0;70.0;Alpes-Maritimes;93;Provence-Alpes-Côte d'Azur
201900002527;138Â 301Â 803;A01;1.0;1;1.0;1.0;1992.0;0.0;8.0;;;0.0;0;;;2.0;7.0;0.0;2.0;1.0;10.0;1.0;;14;2;2019;15:30;1.0;06;06161;1;1.0;1.0;3.0;3143-2945 route nationale 7;43,6233220;7,1307730;3;6007;;D;2.0;2;1.0;1.0;(1);(1);1.0;;;1.0;0.0;1.0;70.0;Alpes-Maritimes;93;Provence-Alpes-Côte d'Azur
201900002528;138Â 301Â 800;B01;1.0;1;1.0;2.0;1993.0;5.0;1.0;;;0.0;0;;;0.0;10.0;0.0;0.0;6.0;15.0;0.0;;13;2;2019;17:45;1.0;49;49281;1;9.0;1.0;3.0;lieu dit la penoliÃ¨re;47,1680070; -0,7729090;4;;;;2.0;2;0.0;1.0;(1);(1);3.0;;;1.0;0.0;1.0;80.0;Maine-et-Loire;52;Pays de la Loire
201900002528;138Â 301Â 801;A01;2.0;2;3.0;1.0;2003.0;5.0;2.0;;;0.0;0;;;0.0;31.0;0.0;2.0;1.0;1.0;0.0;;13;2;2019;17:45;1.0;49;49281;1;9.0;1.0;3.0;lieu dit la penoliÃ¨re;47,1680070; -0,7729090;4;;;;2.0;2;0.0;1.0;(1);(1);3.0;;;1.0;0.0;1.0;80.0;Maine-et-Loire;52;Pays de la Loire
201900002528;138Â 301Â 801;A01;1.0;1;1.0;1.0;2000.0;5.0;2.0;;;0.0;0;;;0.0;31.0;0.0;2.0;1.0;1.0;0.0;;13;2;2019;17:45;1.0;49;49281;1;9.0;1.0;3.0;lieu dit la penoliÃ¨re;47,1680070; -0,7729090;4;;;;2.0;2;0.0;1.0;(1);(1);3.0;;;1.0;0.0;1.0;80.0;Maine-et-Loire;52;Pays de la Loire
201900002529;138Â 301Â 799;A01;1.0;1;3.0;1.0;1966.0;1.0;1.0;;;0.0;0;;;1.0;7.0;2.0;0.0;3.0;13.0;0.0;;13;2;2019;08:00;1.0;31;31480;1;1.0;1.0;6.0;D18;43,5534820;1,6042400;3;18;0.0;;2.0;2;0.0;1.0;5;150;1.0;;;1.0;0.0;3.0;80.0;Haute-Garonne;76;Occitanie
201900002530;138Â 301Â 797;A01;1.0;1;2.0;1.0;1963.0;5.0;1.0;;;0.0;0;;;2.0;7.0;4.0;0.0;2.0;1.0;1.0;;10;2;2019;16:15;1.0;34;34259;1;1.0;1.0;6.0;Autoroute A750 PK 11+738;43,6336980;3,7564620;1;750;0.0;A;3.0;4;0.0;1.0;11;738;1.0;;;1.0;2.0;3.0;130.0;Hérault;76;Occitanie
201900002530;138Â 301Â 797;A01;2.0;2;2.0;2.0;1965.0;5.0;1.0;;;0.0;0;;;2.0;7.0;4.0;0.0;2.0;1.0;1.0;;10;2;2019;16:15;1.0;34;34259;1;1.0;1.0;6.0;Autoroute A750 PK 11+738;43,6336980;3,7564620;1;750;0.0;A;3.0;4;0.0;1.0;11;738;1.0;;;1.0;2.0;3.0;130.0;Hérault;76;Occitanie
201900002531;138Â 301Â 796;A01;1.0;1;2.0;1.0;1970.0;4.0;1.0;;;0.0;0;;;1.0;14.0;3.0;0.0;7.0;14.0;1.0;;14;2;2019;14:00;1.0;12;12145;1;1.0;1.0;6.0;A 75 PK 213+322;44,1528310;3,0185540;1;75;0.0;;3.0;4;0.0;1.0;213;322;2.0;;;1.0;2.0;2.0;130.0;Aveyron;76;Occitanie
201900002532;138Â 301Â 794;A01;1.0;1;3.0;2.0;1964.0;0.0;1.0;;;0.0;0;;;0.0;7.0;0.0;2.0;3.0;1.0;1.0;;14;2;2019;10:20;1.0;50;50214;1;1.0;1.0;1.0;lieu-dit beau chÃªne;48,9332090; -1,0700210;4;;;;2.0;2;0.0;1.0;(1);(1);1.0;;;1.0;0.0;1.0;80.0;Manche;28;Normandie
201900002532;138Â 301Â 795;B01;1.0;1;1.0;1.0;1994.0;4.0;8.0;;;0.0;0;;;0.0;21.0;0.0;2.0;3.0;1.0;1.0;;14;2;2019;10:20;1.0;50;50214;1;1.0;1.0;1.0;lieu-dit beau chÃªne;48,9332090; -1,0700210;4;;;;2.0;2;0.0;1.0;(1);(1);1.0;;;1.0;0.0;1.0;80.0;Manche;28;Normandie
201900002532;138Â 301Â 795;B01;2.0;2;1.0;1.0;2004.0;0.0;8.0;;;0.0;0;;;0.0;21.0;0.0;2.0;3.0;1.0;1.0;;14;2;2019;10:20;1.0;50;50214;1;1.0;1.0;1.0;lieu-dit beau chÃªne;48,9332090; -1,0700210;4;;;;2.0;2;0.0;1.0;(1);(1);1.0;;;1.0;0.0;1.0;80.0;Manche;28;Normandie
201900002533;138Â 301Â 792;A01;1.0;1;2.0;1.0;1975.0;4.0;1.0;;;0.0;0;;;1.0;7.0;0.0;2.0;2.0;1.0;1.0;;12;2;2019;14:15;1.0;37;37160;1;1.0;1.0;2.0;A10 pk 175+700;47,5543900;1,0110260;1;10;;;3.0;5;0.0;1.0;175;700;1.0;;;1.0;0.0;1.0;;Indre-et-Loire;24;Centre-Val de Loire
201900002533;138Â 301Â 792;A01;2.0;2;2.0;1.0;1978.0;4.0;1.0;;;0.0;0;;;1.0;7.0;0.0;2.0;2.0;1.0;1.0;;12;2;2019;14:15;1.0;37;37160;1;1.0;1.0;2.0;A10 pk 175+700;47,5543900;1,0110260;1;10;;;3.0;5;0.0;1.0;175;700;1.0;;;1.0;0.0;1.0;;Indre-et-Loire;24;Centre-Val de Loire