Num_Acc;id_vehicule;num_veh;place;catu;grav;sexe;an_nais;trajet;secu1;secu2;secu3;locp;actp;etatp;id_usager;senc;catv;obs;obsm;choc;manv;motor;occutc;jour;mois;an;hrmn;lum;dep;com;agg;int;atm;col;adr;lat;long;catr;voie;v1;v2;circ;nbv;vosp;prof;pr;pr1;plan;lartpc;larrout;surf;infra;situ;vma;nom_departement;reg;nom_region
201900002533;138Â 301Â 793;B01;1.0;1;2.0;2.0;1987.0;4.0;1.0;;;0.0;0;;;1.0;15.0;0.0;0.0;6.0;1.0;1.0;;12;2;2019;14:15;1.0;37;37160;1;1.0;1.0;2.0;A10 pk 175+700;47,5543900;1,0110260;1;10;;;3.0;5;0.0;1.0;175;700;1.0;;;1.0;0.0;1.0;;Indre-et-Loire;24;Centre-Val de Loire
201900002534;138Â 301Â 791;A01;10.0;3;2.0;2.0;1995.0;3.0;0.0;;;5.0;1;2.0;;2.0;7.0;12.0;1.0;3.0;5.0;1.0;;13;2;2019;20:05;5.0;74;74236;2;1.0;1.0;6.0;10 chemin des tulipes;45,8798480;6,7162470;4;0;;;2.0;2;0.0;1.0;(1);(1);1.0;;;1.0;0.0;4.0;50.0;Haute-Savoie;84;Auvergne-Rhône-Alpes
201900002534;138Â 301Â 791;A01;1.0;1;1.0;1.0;1992.0;5.0;8.0;;;0.0;0;;;2.0;7.0;12.0;1.0;3.0;5.0;1.0;;13;2;2019;20:05;5.0;74;74236;2;1.0;1.0;6.0;10 chemin des tulipes;45,8798480;6,7162470;4;0;;;2.0;2;0.0;1.0;(1);(1);1.0;;;1.0;0.0;4.0;50.0;Haute-Savoie;84;Auvergne-Rhône-Alpes
201900002535;138Â 301Â 789;A01;1.0;1;3.0;1.0;1993.0;4.0;1.0;;;0.0;0;;;2.0;15.0;0.0;2.0;3.0;13.0;1.0;;14;2;2019;06:40;3.0;74;74131;1;1.0;1.0;1.0;D1508;46,0229090;5,9045260;3;1508;;;2.0;2;0.0;1.0;13;450;3.0;;;1.0;0.0;1.0;80.0;Haute-Savoie;84;Auvergne-Rhône-Alpes
201900002535;138Â 301Â 789;A01;2.0;2;1.0;1.0;1986.0;4.0;1.0;;;0.0;0;;;2.0;15.0;0.0;2.0;3.0;13.0;1.0;;14;2;2019;06:40;3.0;74;74131;1;1.0;1.0;1.0;D1508;46,0229090;5,9045260;3;1508;;;2.0;2;0.0;1.0;13;450;3.0;;;1.0;0.0;1.0;80.0;Haute-Savoie;84;Auvergne-Rhône-Alpes
201900002535;138Â 301Â 790;B01;1.0;1;2.0;1.0;1969.0;4.0;1.0;;;0.0;0;;;1.0;17.0;0.0;2.0;3.0;1.0;1.0;;14;2;2019;06:40;3.0;74;74131;1;1.0;1.0;1.0;D1508;46,0229090;5,9045260;3;1508;;;2.0;2;0.0;1.0;13;450;3.0;;;1.0;0.0;1.0;80.0;Haute-Savoie;84;Auvergne-Rhône-Alpes
201900002536;138Â 301Â 788;A01;1.0;1;2.0;1.0;1988.0;1.0;1.0;;;0.0;0;;;2.0;7.0;13.0;0.0;1.0;1.0;0.0;;14;2;2019;16:30;1.0;76;76595;1;1.0;1.0;7.0;CD111;49,6488890;0,1641260;3;111;;;2.0;2;0.0;1.0;20;(1);2.0;;;1.0;0.0;3.0;80.0;Seine-Maritime;28;Normandie
201900002537;138Â 301Â 787;A01;1.0;1;2.0;2.0;1997.0;0.0;8.0;;;0.0;0;;;3.0;7.0;0.0;9.0;2.0;1.0;1.0;;13;2;2019;09:00;2.0;69;69217;2;1.0;1.0;6.0;rue de la guille;46,0019200;4,4497400;4;de la GuillÃ© (R);;;2.0;2;0.0;1.0;(1);(1);1.0;;;1.0;0.0;1.0;50.0;Rhône;84;Auvergne-Rhône-Alpes
201900002538;138Â 301Â 786;A01;1.0;1;1.0;2.0;1964.0;0.0;1.0;;;0.0;0;;;1.0;7.0;0.0;1.0;2.0;1.0;1.0;;14;2;2019;19:05;3.0;71;71073;1;1.0;1.0;6.0;D981;46,8912760;4,7522430;3;981;0.0;D;2.0;2;0.0;1.0;1;300;1.0;;;1.0;0.0;1.0;80.0;Saône-et-Loire;27;Bourgogne-Franche-Comté
201900002538;138Â 301Â 786;A01;10.0;3;3.0;1.0;1954.0;5.0;0.0;;;6.0;1;1.0;;1.0;7.0;0.0;1.0;2.0;1.0;1.0;;14;2;2019;19:05;3.0;71;71073;1;1.0;1.0;6.0;D981;46,8912760;4,7522430;3;981;0.0;D;2.0;2;0.0;1.0;1;300;1.0;;;1.0;0.0;1.0;80.0;Saône-et-Loire;27;Bourgogne-Franche-Comté
201900002539;138Â 301Â 784;B01;1.0;1;1.0;1.0;1987.0;4.0;1.0;;;0.0;0;;;1.0;15.0;0.0;2.0;3.0;1.0;1.0;;14;2;2019;07:52;2.0;89;89255;1;1.0;1.0;1.0;d23;48,3102710;3,2433890;3;23;0.0;;2.0;2;0.0;2.0;10;200;1.0;;;1.0;0.0;1.0;80.0;Yonne;27;Bourgogne-Franche-Comté
201900002539;138Â 301Â 785;A01;1.0;1;3.0;2.0;1960.0;1.0;1.0;;;0.0;0;;;2.0;7.0;0.0;2.0;3.0;1.0;1.0;;14;2;2019;07:52;2.0;89;89255;1;1.0;1.0;1.0;d23;48,3102710;3,2433890;3;23;0.0;;2.0;2;0.0;2.0;10;200;1.0;;;1.0;0.0;1.0;80.0;Yonne;27;Bourgogne-Franche-Comté
201900002540;138Â 301Â 782;B01;1.0;1;2.0;2.0;1994.0;1.0;1.0;;;0.0;0;;;2.0;7.0;0.0;2.0;3.0;2.0;1.0;;12;2;2019;07:35;5.0;89;89309;2;1.0;5.0;1.0;RD 606;48,2849580;3,2108640;3;606;0.0;;3.0;2;0.0;1.0;14;830;1.0;;;1.0;0.0;1.0;50.0;Yonne;27;Bourgogne-Franche-Comté
201900002540;138Â 301Â 783;A01;1.0;1;1.0;1.0;1986.0;1.0;1.0;;;0.0;0;;;2.0;7.0;14.0;2.0;3.0;6.0;1.0;;12;2;2019;07:35;5.0;89;89309;2;1.0;5.0;1.0;RD 606;48,2849580;3,2108640;3;606;0.0;;3.0;2;0.0;1.0;14;830;1.0;;;1.0;0.0;1.0;50.0;Yonne;27;Bourgogne-Franche-Comté
201900002541;138Â 301Â 779;C01;1.0;1;3.0;1.0;1969.0;5.0;2.0;;;0.0;0;;;3.0;33.0;5.0;2.0;3.0;1.0;1.0;;14;2;2019;12:25;1.0;63;63040;2;2.0;1.0;4.0;Avenue de la RÃ©publique;45,7276870;3,3376040;3;229;0.0;;2.0;2;0.0;1.0;(1);(1);1.0;;;1.0;0.0;1.0;50.0;Puy-de-Dôme;84;Auvergne-Rhône-Alpes
201900002541;138Â 301Â 779;C01;2.0;2;3.0;2.0;1970.0;5.0;2.0;;;0.0;0;;;3.0;33.0;5.0;2.0;3.0;1.0;1.0;;14;2;2019;12:25;1.0;63;63040;2;2.0;1.0;4.0;Avenue de la RÃ©publique;45,7276870;3,3376040;3;229;0.0;;2.0;2;0.0;1.0;(1);(1);1.0;;;1.0;0.0;1.0;50.0;Puy-de-Dôme;84;Auvergne-Rhône-Alpes
201900002541;138Â 301Â 780;B01;2.0;2;1.0;2.0;2004.0;1.0;1.0;;;0.0;0;;;3.0;7.0;0.0;2.0;2.0;1.0;1.0;;14;2;2019;12:25;1.0;63;63040;2;2.0;1.0;4.0;Avenue de la RÃ©publique;45,7276870;3,3376040;3;229;0.0;;2.0;2;0.0;1.0;(1);(1);1.0;;;1.0;0.0;1.0;50.0;Puy-de-Dôme;84;Auvergne-Rhône-Alpes
201900002541;138Â 301Â 780;B01;1.0;1;1.0;2.0;1967.0;1.0;1.0;;;0.0;0;;;3.0;7.0;0.0;2.0;2.0;1.0;1.0;;14;2;2019;12:25;1.0;63;63040;2;2.0;1.0;4.0;Avenue de la RÃ©publique;45,7276870;3,3376040;3;229;0.0;;2.0;2;0.0;1.0;(1);(1);1.0;;;1.0;0.0;1.0;50.0;Puy-de-Dôme;84;Auvergne-Rhône-Alpes
201900002541;138Â 301Â 781;A01;9.0;2;1.0;1.0;2018.0;9.0;3.0;;;0.0;0;;;3.0;7.0;0.0;0.0;7.0;15.0;1.0;;14;2;2019;12:25;1.0;63;63040;2;2.0;1.0;4.0;Avenue de la RÃ©publique;45,7276870;3,3376040;3;229;0.0;;2.0;2;0.0;1.0;(1);(1);1.0;;;1.0;0.0;1.0;50.0;Puy-de-Dôme;84;Auvergne-Rhône-Alpes
201900002541;138Â 301Â 781;A01;1.0;1;1.0;2.0;1986.0;9.0;1.0;;;0.0;0;;;3.0;7.0;0.0;0.0;7.0;15.0;1.0;;14;2;2019;12:25;1.0;63;63040;2;2.0;1.0;4.0;Avenue de la RÃ©publique;45,7276870;3,3376040;3;229;0.0;;2.0;2;0.0;1.0;(1);(1);1.0;;;1.0;0.0;1.0;50.0;Puy-de-Dôme;84;Auvergne-Rhône-Alpes
201900002542;138Â 301Â 777;A01;1.0;1;1.0;2.0;1950.0;5.0;1.0;;;0.0;0;;;2.0;7.0;0.0;9.0;3.0;9.0;1.0;;12;2;2019;15:10;1.0;44;44010;1;6.0;1.0;3.0;ROND POINT DE LA GOVELLE - CD 45;47,2675270; -2,4542160;3;45;0.0;;2.0;2;0.0;1.0;4;622;3.0;;;1.0;5.0;1.0;70.0;Loire-Atlantique;52;Pays de la Loire
201900002542;138Â 301Â 778;B01;1.0;1;3.0;2.0;1955.0;5.0;0.0;;;0.0;0;;;2.0;1.0;0.0;0.0;7.0;1.0;0.0;;12;2;2019;15:10;1.0;44;44010;1;6.0;1.0;3.0;ROND POINT DE LA GOVELLE - CD 45;47,2675270; -2,4542160;3;45;0.0;;2.0;2;0.0;1.0;4;622;3.0;;;1.0;5.0;1.0;70.0;Loire-Atlantique;52;Pays de la Loire
201900002543;138Â 301Â 775;A01;1.0;1;3.0;1.0;1993.0;1.0;2.0;;;0.0;0;;;1.0;2.0;1.0;0.0;1.0;1.0;1.0;;11;2;2019;15:30;1.0;44;44133;1;1.0;1.0;2.0;LE MOULIN DE CHAPPE;47,1552420; -1,7968280;3;80;0.0;;2.0;2;0.0;2.0;6;627;1.0;;;1.0;0.0;1.0;80.0;Loire-Atlantique;52;Pays de la Loire
201900002543;138Â 301Â 776;B01;1.0;1;1.0;1.0;1961.0;4.0;4.0;;;0.0;0;;;1.0;10.0;0.0;0.0;5.0;23.0;1.0;;11;2;2019;15:30;1.0;44;44133;1;1.0;1.0;2.0;LE MOULIN DE CHAPPE;47,1552420; -1,7968280;3;80;0.0;;2.0;2;0.0;2.0;6;627;1.0;;;1.0;0.0;1.0;80.0;Loire-Atlantique;52;Pays de la Loire
201900002544;138Â 301Â 774;A01;1.0;1;4.0;1.0;1929.0;0.0;1.0;;;0.0;0;;;1.0;7.0;2.0;0.0;1.0;1.0;1.0;;12;2;2019;08:20;2.0;31;31275;1;1.0;5.0;6.0;D41;43,7329440;1,0150570;3;41;;;2.0;2;0.0;1.0;22;100;1.0;;;2.0;0.0;3.0;80.0;Haute-Garonne;76;Occitanie
201900002545;138Â 301Â 772;B01;2.0;2;1.0;1.0;1968.0;4.0;1.0;;;0.0;0;;;0.0;7.0;0.0;2.0;1.0;1.0;1.0;;14;2;2019;16:20;1.0;38;38179;2;1.0;7.0;1.0;rue des Glairons;45,1819350;5,7913920;4;;;;2.0;2;0.0;1.0;(1);(1);1.0;;;1.0;0.0;1.0;30.0;Isère;84;Auvergne-Rhône-Alpes
201900002545;138Â 301Â 772;B01;1.0;1;1.0;1.0;1970.0;4.0;1.0;;;0.0;0;;;0.0;7.0;0.0;2.0;1.0;1.0;1.0;;14;2;2019;16:20;1.0;38;38179;2;1.0;7.0;1.0;rue des Glairons;45,1819350;5,7913920;4;;;;2.0;2;0.0;1.0;(1);(1);1.0;;;1.0;0.0;1.0;30.0;Isère;84;Auvergne-Rhône-Alpes
201900002545;138Â 301Â 772;B01;9.0;2;1.0;1.0;1996.0;4.0;1.0;;;0.0;0;;;0.0;7.0;0.0;2.0;1.0;1.0;1.0;;14;2;2019;16:20;1.0;38;38179;2;1.0;7.0;1.0;rue des Glairons;45,1819350;5,7913920;4;;;;2.0;2;0.0;1.0;(1);(1);1.0;;;1.0;0.0;1.0;30.0;Isère;84;Auvergne-Rhône-Alpes
201900002545;138Â 301Â 773;A01;1.0;1;2.0;1.0;1994.0;0.0;9.0;;;0.0;0;;;0.0;7.0;0.0;2.0;1.0;26.0;1.0;;14;2;2019;16:20;1.0;38;38179;2;1.0;7.0;1.0;rue des Glairons;45,1819350;5,7913920;4;;;;2.0;2;0.0;1.0;(1);(1);1.0;;;1.0;0.0;1.0;30.0;Isère;84;Auvergne-Rhône-Alpes
201900002546;138Â 301Â 769;C01;1.0;1;3.0;1.0;2002.0;1.0;2.0;6.0;;0.0;0;;;2.0;2.0;0.0;2.0;1.0;1.0;1.0;;13;2;2019;07:20;2.0;01;01025;1;1.0;1.0;5.0;1643 route de Pont de Vaux;46,3282288;4,9356990;3;58;;;2.0;2;0.0;1.0;(1);(1);1.0;;;1.0;0.0;1.0;70.0;Ain;84;Auvergne-Rhône-Alpes
201900002546;138Â 301Â 770;B01;1.0;1;1.0;1.0;1977.0;1.0;1.0;;;0.0;0;;;1.0;7.0;0.0;2.0;3.0;1.0;1.0;;13;2;2019;07:20;2.0;01;01025;1;1.0;1.0;5.0;1643 route de Pont de Vaux;46,3282288;4,9356990;3;58;;;2.0;2;0.0;1.0;(1);(1);1.0;;;1.0;0.0;1.0;70.0;Ain;84;Auvergne-Rhône-Alpes
201900002546;138Â 301Â 771;A01;1.0;1;1.0;1.0;1962.0;5.0;1.0;;;0.0;0;;;1.0;7.0;0.0;2.0;3.0;17.0;1.0;;13;2;2019;07:20;2.0;01;01025;1;1.0;1.0;5.0;1643 route de Pont de Vaux;46,3282288;4,9356990;3;58;;;2.0;2;0.0;1.0;(1);(1);1.0;;;1.0;0.0;1.0;70.0;Ain;84;Auvergne-Rhône-Alpes
201900002547;138Â 301Â 768;B01;1.0;1;2.0;1.0;1995.0;5.0;2.0;;;0.0;0;;;0.0;31.0;0.0;2.0;7.0;17.0;1.0;;14;2;2019;16:00;1.0;58;58244;1;1.0;1.0;3.0;RD37;47,0477890;3,8741070;3;37;0.0;;2.0;2;0.0;1.0;30;900;1.0;;;1.0;0.0;1.0;80.0;Nièvre;27;Bourgogne-Franche-Comté
201900002548;138Â 301Â 766;A01;1.0;1;1.0;2.0;1964.0;3.0;1.0;;;0.0;0;;;0.0;7.0;0.0;1.0;3.0;1.0;1.0;;13;2;2019;19:15;5.0;72;72006;2;1.0;1.0;6.0;le petit coudray;48,4084710;0,0879920;6;;;;;;0.0;1.0;(1);(1);1.0;;;1.0;0.0;1.0;;Sarthe;52;Pays de la Loire
201900002548;138Â 301Â 766;A01;10.0;3;3.0;1.0;2002.0;5.0;0.0;;;2.0;3;1.0;;0.0;7.0;0.0;1.0;3.0;1.0;1.0;;13;2;2019;19:15;5.0;72;72006;2;1.0;1.0;6.0;le petit coudray;48,4084710;0,0879920;6;;;;;;0.0;1.0;(1);(1);1.0;;;1.0;0.0;1.0;;Sarthe;52;Pays de la Loire
201900002549;138Â 301Â 764;B01;2.0;2;2.0;2.0;2000.0;0.0;2.0;6.0;;0.0;0;;;1.0;33.0;0.0;2.0;1.0;26.0;0.0;;14;2;2019;08:15;1.0;06;06079;2;1.0;1.0;3.0;237 avenue de Cannes;43,5423180;6,9367490;3;6007;;D;2.0;2;0.0;1.0;237;237;1.0;;;1.0;0.0;1.0;;Alpes-Maritimes;93;Provence-Alpes-Côte d'Azur
201900002549;138Â 301Â 764;B01;1.0;1;1.0;1.0;1983.0;0.0;2.0;6.0;;0.0;0;;;1.0;33.0;0.0;2.0;1.0;26.0;0.0;;14;2;2019;08:15;1.0;06;06079;2;1.0;1.0;3.0;237 avenue de Cannes;43,5423180;6,9367490;3;6007;;D;2.0;2;0.0;1.0;237;237;1.0;;;1.0;0.0;1.0;;Alpes-Maritimes;93;Provence-Alpes-Côte d'Azur
201900002549;138Â 301Â 765;A01;1.0;1;2.0;1.0;1961.0;0.0;2.0;6.0;;0.0;0;;;0.0;34.0;0.0;2.0;3.0;19.0;0.0;;14;2;2019;08:15;1.0;06;06079;2;1.0;1.0;3.0;237 avenue de Cannes;43,5423180;6,9367490;3;6007;;D;2.0;2;0.0;1.0;237;237;1.0;;;1.0;0.0;1.0;;Alpes-Maritimes;93;Provence-Alpes-Côte d'Azur
201900002550;138Â 301Â 758;B01;1.0;1;2.0;1.0;1955.0;4.0;8.0;;;0.0;0;;;1.0;7.0;0.0;2.0;8.0;15.0;1.0;;13;2;2019;06:00;3.0;50;50604;1;3.0;1.0;3.0;La ChaussÃ©e;49,5406700; -1,8374050;3;23;;;2.0;2;0.0;2.0;(1);(1);1.0;;;1.0;0.0;1.0;80.0;Manche;28;Normandie
201900002550;138Â 301Â 759;A01;1.0;1;2.0;1.0;1974.0;1.0;8.0;;;0.0;0;;;2.0;7.0;0.0;2.0;1.0;1.0;1.0;;13;2;2019;06:00;3.0;50;50604;1;3.0;1.0;3.0;La ChaussÃ©e;49,5406700; -1,8374050;3;23;;;2.0;2;0.0;2.0;(1);(1);1.0;;;1.0;0.0;1.0;80.0;Manche;28;Normandie
201900002550;138Â 301Â 759;A01;2.0;2;1.0;1.0;1999.0;1.0;8.0;;;0.0;0;;;2.0;7.0;0.0;2.0;1.0;1.0;1.0;;13;2;2019;06:00;3.0;50;50604;1;3.0;1.0;3.0;La ChaussÃ©e;49,5406700; -1,8374050;3;23;;;2.0;2;0.0;2.0;(1);(1);1.0;;;1.0;0.0;1.0;80.0;Manche;28;Normandie
201900002551;138Â 301Â 757;A01;1.0;1;3.0;2.0;1950.0;3.0;1.0;;;0.0;0;;;2.0;7.0;0.0;0.0;3.0;14.0;1.0;;13;2;2019;11:45;1.0;24;24540;1;1.0;1.0;7.0;RN 21, PK 40+300;45,2753000;0,8615800;2;21;;;2.0;3;0.0;1.0;40;300;2.0;;;1.0;0.0;3.0;90.0;Dordogne;75;Nouvelle-Aquitaine
201900002552;138Â 301Â 756;A01;1.0;1;3.0;2.0;1961.0;5.0;1.0;;;0.0;0;;;2.0;7.0;13.0;0.0;1.0;1.0;1.0;;12;2;2019;15:00;1.0;17;17337;1;1.0;1.0;7.0;D126 - la GibertiÃ¨re;45,9761610; -1,3162550;3;126;0.0;D;2.0;2;0.0;1.0;3;(1);1.0;;;1.0;0.0;8.0;80.0;Charente-Maritime;75;Nouvelle-Aquitaine
201900002553;138Â 301Â 755;A01;1.0;1;4.0;1.0;1943.0;5.0;1.0;;;0.0;0;;;1.0;7.0;0.0;0.0;0.0;1.0;1.0;;14;2;2019;08:47;1.0;17;17236;2;1.0;1.0;7.0;Avenue d'Aquitaine - D137;45,3661730; -0,5699190;3;137;0.0;;2.0;2;0.0;1.0;4;0;1.0;;;1.0;0.0;1.0;50.0;Charente-Maritime;75;Nouvelle-Aquitaine
201900002554;138Â 301Â 754;A01;10.0;3;2.0;1.0;2016.0;5.0;0.0;;;1.0;9;2.0;;3.0;10.0;0.0;1.0;3.0;16.0;1.0;;13;2;2019;17:20;1.0;976;97603;1;1.0;1.0;6.0;rue de la coopÃ©rative, village M TSAMOUDOU; -12,9176060;45,1850640;4;;;;1.0;1;0.0;1.0;(1);(1);1.0;;;1.0;0.0;1.0;;Mayotte;06;Mayotte
201900002554;138Â 301Â 754;A01;1.0;1;1.0;1.0;1975.0;5.0;1.0;;;0.0;0;;;3.0;10.0;0.0;1.0;3.0;16.0;1.0;;13;2;2019;17:20;1.0;976;97603;1;1.0;1.0;6.0;rue de la coopÃ©rative, village M TSAMOUDOU; -12,9176060;45,1850640;4;;;;1.0;1;0.0;1.0;(1);(1);1.0;;;1.0;0.0;1.0;;Mayotte;06;Mayotte
201900002554;138Â 301Â 754;A01;10.0;3;2.0;2.0;2002.0;5.0;0.0;;;1.0;9;2.0;;3.0;10.0;0.0;1.0;3.0;16.0;1.0;;13;2;2019;17:20;1.0;976;97603;1;1.0;1.0;6.0;rue de la coopÃ©rative, village M TSAMOUDOU; -12,9176060;45,1850640;4;;;;1.0;1;0.0;1.0;(1);(1);1.0;;;1.0;0.0;1.0;;Mayotte;06;Mayotte
201900002555;138Â 301Â 753;A01;1.0;1;3.0;1.0;1954.0;4.0;1.0;;;0.0;0;;;1.0;15.0;7.0;0.0;1.0;1.0;1.0;;13;2;2019;17:40;1.0;26;26333;1;2.0;1.0;7.0;RN7;45,1669010;4,8183650;2;7;;;2.0;2;0.0;1.0;15;800;1.0;;;1.0;5.0;1.0;70.0;Drôme;84;Auvergne-Rhône-Alpes
201900002556;138Â 301Â 752;A01;1.0;1;3.0;1.0;1997.0;5.0;1.0;;;0.0;0;;;1.0;7.0;8.0;0.0;3.0;0.0;1.0;;13;2;2019;02:00;5.0;988;98811;2;3.0;1.0;6.0;RT1/RUE MONNIER; -21,0592500;164,8596300;2;1;;;2.0;2;0.0;1.0;(1);(1);2.0;;;1.0;0.0;4.0;;;;
201900002556;138Â 301Â 752;A01;2.0;2;1.0;1.0;1998.0;5.0;1.0;;;0.0;0;;;1.0;7.0;8.0;0.0;3.0;0.0;1.0;;13;2;2019;02:00;5.0;988;98811;2;3.0;1.0;6.0;RT1/RUE MONNIER; -21,0592500;164,8596300;2;1;;;2.0;2;0.0;1.0;(1);(1);2.0;;;1.0;0.0;4.0;;;;
201900002557;138Â 301Â 751;A01;1.0;1;3.0;1.0;1971.0;5.0;1.0;;;0.0;0;;;2.0;7.0;13.0;0.0;9.0;1.0;1.0;;12;2;2019;15:56;1.0;45;45315;1;1.0;1.0;7.0;route de Viglain;47,7574892;2,3259982;3;120;;;2.0;2;0.0;1.0;2;0;1.0;;;1.0;0.0;3.0;80.0;Loiret;24;Centre-Val de Loire
201900002558;138Â 301Â 749;B01;1.0;1;2.0;1.0;2001.0;0.0;8.0;;;0.0;0;;;3.0;2.0;0.0;2.0;1.0;1.0;1.0;;12;2;2019;19:00;3.0;78;78209;1;1.0;1.0;1.0;route d'Orphin;48,5844420;1,7330590;4;;;;2.0;2;0.0;1.0;(1);(1);4.0;;;1.0;0.0;1.0;50.0;Yvelines;11;Île-de-France
201900002558;138Â 301Â 750;A01;1.0;1;1.0;2.0;1965.0;0.0;8.0;;;0.0;0;;;3.0;7.0;0.0;2.0;3.0;1.0;1.0;;12;2;2019;19:00;3.0;78;78209;1;1.0;1.0;1.0;route d'Orphin;48,5844420;1,7330590;4;;;;2.0;2;0.0;1.0;(1);(1);4.0;;;1.0;0.0;1.0;50.0;Yvelines;11;Île-de-France
201900002559;138Â 301Â 747;B01;1.0;1;2.0;2.0;1987.0;1.0;1.0;;;0.0;0;;;1.0;7.0;0.0;2.0;2.0;1.0;1.0;;14;2;2019;17:50;1.0;34;34341;1;1.0;1.0;1.0;D5;43,4945800;3,5824300;3;5;0.0;;2.0;2;0.0;2.0;23;900;1.0;;;1.0;0.0;1.0;80.0;Hérault;76;Occitanie
201900002559;138Â 301Â 748;A01;1.0;1;2.0;1.0;1987.0;1.0;1.0;;;0.0;0;;;2.0;7.0;0.0;2.0;2.0;1.0;1.0;;14;2;2019;17:50;1.0;34;34341;1;1.0;1.0;1.0;D5;43,4945800;3,5824300;3;5;0.0;;2.0;2;0.0;2.0;23;900;1.0;;;1.0;0.0;1.0;80.0;Hérault;76;Occitanie
201900002560;138Â 301Â 745;B01;1.0;1;3.0;2.0;1953.0;0.0;8.0;;;0.0;0;;;2.0;7.0;0.0;2.0;3.0;15.0;0.0;;13;2;2019;18:40;3.0;34;34199;1;9.0;1.0;1.0;boulevard Martin Luther King et Nelson mandela;43,4636370;3,4101510;3;13;;;2.0;2;0.0;1.0;18;700;3.0;;;1.0;0.0;1.0;80.0;Hérault;76;Occitanie
201900002560;138Â 301Â 746;A01;1.0;1;1.0;1.0;1999.0;0.0;8.0;;;0.0;0;;;1.0;7.0;0.0;2.0;3.0;1.0;0.0;;13;2;2019;18:40;3.0;34;34199;1;9.0;1.0;1.0;boulevard Martin Luther King et Nelson mandela;43,4636370;3,4101510;3;13;;;2.0;2;0.0;1.0;18;700;3.0;;;1.0;0.0;1.0;80.0;Hérault;76;Occitanie
201900002561;138Â 301Â 744;A01;1.0;1;2.0;1.0;1967.0;5.0;6.0;2.0;;0.0;0;;;3.0;33.0;0.0;0.0;1.0;1.0;1.0;;14;2;2019;14:15;1.0;83;83107;2;6.0;1.0;7.0;rond point de l'appel du 18 juin 1940 la bouverie;43,4955160;6,6410080;4;Route de marchandise;;;1.0;1;0.0;1.0;3;700;3.0;;;1.0;9.0;1.0;50.0;Var;93;Provence-Alpes-Côte d'Azur
201900002562;138Â 301Â 743;A01;2.0;2;3.0;1.0;1964.0;5.0;1.0;;;0.0;0;;;1.0;7.0;2.0;0.0;3.0;14.0;6.0;;14;2;2019;11:30;1.0;68;68021;1;1.0;1.0;6.0;Rue de Rosenau;47,6385190;7,5194440;3;21;0.0;I;2.0;2;0.0;1.0;4;300;1.0;;;1.0;0.0;3.0;70.0;Haut-Rhin;44;Grand Est
201900002562;138Â 301Â 743;A01;3.0;2;3.0;2.0;1995.0;5.0;1.0;;;0.0;0;;;1.0;7.0;2.0;0.0;3.0;14.0;6.0;;14;2;2019;11:30;1.0;68;68021;1;1.0;1.0;6.0;Rue de Rosenau;47,6385190;7,5194440;3;21;0.0;I;2.0;2;0.0;1.0;4;300;1.0;;;1.0;0.0;3.0;70.0;Haut-Rhin;44;Grand Est
201900002562;138Â 301Â 743;A01;1.0;1;3.0;1.0;1990.0;9.0;1.0;;;0.0;0;;;1.0;7.0;2.0;0.0;3.0;14.0;6.0;;14;2;2019;11:30;1.0;68;68021;1;1.0;1.0;6.0;Rue de Rosenau;47,6385190;7,5194440;3;21;0.0;I;2.0;2;0.0;1.0;4;300;1.0;;;1.0;0.0;3.0;70.0;Haut-Rhin;44;Grand Est
201900002563;138Â 301Â 741;B01;1.0;1;1.0;1.0;1965.0;5.0;1.0;;;0.0;0;;;2.0;7.0;0.0;2.0;8.0;0.0;6.0;;13;2;2019;14:50;1.0;26;26146;1;1.0;1.0;3.0;RD 541 PR 15.100;44,4208698;4,8708923;3;541;;;2.0;2;0.0;2.0;15;100;1.0;;;1.0;0.0;1.0;80.0;Drôme;84;Auvergne-Rhône-Alpes
201900002563;138Â 301Â 742;A01;1.0;1;3.0;1.0;1989.0;5.0;2.0;9.0;;0.0;0;;;1.0;1.0;0.0;2.0;1.0;19.0;6.0;;13;2;2019;14:50;1.0;26;26146;1;1.0;1.0;3.0;RD 541 PR 15.100;44,4208698;4,8708923;3;541;;;2.0;2;0.0;2.0;15;100;1.0;;;1.0;0.0;1.0;80.0;Drôme;84;Auvergne-Rhône-Alpes
201900002564;138Â 301Â 740;A01;2.0;2;2.0;1.0;2004.0;1.0;0.0;;;0.0;0;;;3.0;2.0;0.0;0.0;1.0;0.0;1.0;;14;2;2019;17:00;1.0;69;69010;2;1.0;1.0;7.0;AVENUE DU CHAMP D'AZILE;45,8335800;4,6071650;4;;;;2.0;2;0.0;1.0;(1);(1);1.0;;;1.0;0.0;1.0;50.0;Rhône;84;Auvergne-Rhône-Alpes
201900002564;138Â 301Â 740;A01;1.0;1;1.0;1.0;2002.0;0.0;2.0;;;0.0;0;;;3.0;2.0;0.0;0.0;1.0;0.0;1.0;;14;2;2019;17:00;1.0;69;69010;2;1.0;1.0;7.0;AVENUE DU CHAMP D'AZILE;45,8335800;4,6071650;4;;;;2.0;2;0.0;1.0;(1);(1);1.0;;;1.0;0.0;1.0;50.0;Rhône;84;Auvergne-Rhône-Alpes