Num_Acc;id_vehicule;num_veh;place;catu;grav;sexe;an_nais;trajet;secu1;secu2;secu3;locp;actp;etatp;id_usager;senc;catv;obs;obsm;choc;manv;motor;occutc;jour;mois;an;hrmn;lum;dep;com;agg;int;atm;col;adr;lat;long;catr;voie;v1;v2;circ;nbv;vosp;prof;pr;pr1;plan;lartpc;larrout;surf;infra;situ;vma;nom_departement;reg;nom_region
201900002565;138Â 301Â 738;A01;1.0;1;3.0;1.0;1998.0;5.0;1.0;;;0.0;0;;;1.0;7.0;0.0;2.0;3.0;1.0;1.0;;14;2;2019;11:20;1.0;17;17393;1;1.0;1.0;1.0;57 route des Husseaux;45,6828050; -0,8390810;3;243;;E;2.0;1;0.0;2.0;10;550;3.0;;;1.0;0.0;1.0;80.0;Charente-Maritime;75;Nouvelle-Aquitaine
201900002565;138Â 301Â 739;B01;1.0;1;2.0;1.0;1993.0;5.0;1.0;;;0.0;0;;;2.0;7.0;0.0;2.0;3.0;1.0;1.0;;14;2;2019;11:20;1.0;17;17393;1;1.0;1.0;1.0;57 route des Husseaux;45,6828050; -0,8390810;3;243;;E;2.0;1;0.0;2.0;10;550;3.0;;;1.0;0.0;1.0;80.0;Charente-Maritime;75;Nouvelle-Aquitaine
201900002566;138Â 301Â 736;A01;1.0;1;2.0;1.0;1972.0;5.0;2.0;;;0.0;0;;;2.0;1.0;1.0;0.0;1.0;1.0;5.0;;14;2;2019;16:25;1.0;64;64230;1;1.0;1.0;2.0;RD 217 ROUTE DE LAS HIES;43,2391060; -0,4222360;3;217;;;2.0;2;0.0;1.0;8;50;1.0;;;1.0;0.0;1.0;70.0;Pyrénées-Atlantiques;75;Nouvelle-Aquitaine
201900002566;138Â 301Â 737;B01;1.0;1;1.0;1.0;1976.0;4.0;1.0;;;0.0;0;;;2.0;15.0;0.0;0.0;0.0;23.0;1.0;;14;2;2019;16:25;1.0;64;64230;1;1.0;1.0;2.0;RD 217 ROUTE DE LAS HIES;43,2391060; -0,4222360;3;217;;;2.0;2;0.0;1.0;8;50;1.0;;;1.0;0.0;1.0;70.0;Pyrénées-Atlantiques;75;Nouvelle-Aquitaine
201900002567;138Â 301Â 734;A01;1.0;1;4.0;1.0;1947.0;5.0;2.0;;;0.0;0;;;3.0;1.0;0.0;2.0;8.0;16.0;5.0;;14;2;2019;13:50;1.0;24;24347;1;3.0;1.0;1.0;LA CROIX;44,7169650;0,7994390;3;660;;;2.0;2;0.0;2.0;35;(1);2.0;;;1.0;0.0;1.0;80.0;Dordogne;75;Nouvelle-Aquitaine
201900002567;138Â 301Â 735;B01;1.0;1;1.0;2.0;1957.0;4.0;1.0;;;0.0;0;;;1.0;7.0;0.0;2.0;2.0;1.0;1.0;;14;2;2019;13:50;1.0;24;24347;1;3.0;1.0;1.0;LA CROIX;44,7169650;0,7994390;3;660;;;2.0;2;0.0;2.0;35;(1);2.0;;;1.0;0.0;1.0;80.0;Dordogne;75;Nouvelle-Aquitaine
201900002568;138Â 301Â 732;B01;2.0;2;3.0;1.0;1942.0;5.0;1.0;;;0.0;0;;;2.0;7.0;0.0;2.0;2.0;23.0;0.0;;7;2;2019;14:45;1.0;33;33222;1;3.0;1.0;1.0;D1089 / D245;44,9413100; -0,2076800;3;1089;;;2.0;2;0.0;1.0;22;945;1.0;;;1.0;5.0;1.0;80.0;Gironde;75;Nouvelle-Aquitaine
201900002568;138Â 301Â 732;B01;1.0;1;3.0;2.0;1947.0;5.0;1.0;;;0.0;0;;;2.0;7.0;0.0;2.0;2.0;23.0;0.0;;7;2;2019;14:45;1.0;33;33222;1;3.0;1.0;1.0;D1089 / D245;44,9413100; -0,2076800;3;1089;;;2.0;2;0.0;1.0;22;945;1.0;;;1.0;5.0;1.0;80.0;Gironde;75;Nouvelle-Aquitaine
201900002568;138Â 301Â 733;A01;1.0;1;3.0;1.0;1933.0;0.0;1.0;;;0.0;0;;;1.0;7.0;0.0;2.0;3.0;13.0;0.0;;7;2;2019;14:45;1.0;33;33222;1;3.0;1.0;1.0;D1089 / D245;44,9413100; -0,2076800;3;1089;;;2.0;2;0.0;1.0;22;945;1.0;;;1.0;5.0;1.0;80.0;Gironde;75;Nouvelle-Aquitaine
201900002569;138Â 301Â 726;A01;1.0;1;1.0;1.0;1992.0;0.0;1.0;0.0;;; -1;;;1.0;7.0;0.0;2.0;4.0;26.0;1.0;;2;2;2019;23:10;3.0;59;59043;1;1.0;2.0;2.0;AUTOROUTE A25;50,7266600;2,7221800;1;25;0.0;;3.0;4;0.0;1.0;28;399;1.0;;;2.0;0.0;1.0;110.0;Nord;32;Hauts-de-France
201900002569;138Â 301Â 727;B01;1.0;1;2.0;1.0;1965.0;5.0;1.0;0.0;;; -1;;;1.0;7.0;0.0;2.0;1.0;1.0;1.0;;2;2;2019;23:10;3.0;59;59043;1;1.0;2.0;2.0;AUTOROUTE A25;50,7266600;2,7221800;1;25;0.0;;3.0;4;0.0;1.0;28;399;1.0;;;2.0;0.0;1.0;110.0;Nord;32;Hauts-de-France
201900002570;138Â 301Â 724;A01;1.0;1;2.0;1.0;1977.0;0.0;1.0;0.0;;0.0;0;;;1.0;7.0;0.0;2.0;1.0;1.0;1.0;;26;1;2019;14:20;1.0;62;62274;1;1.0;1.0;2.0;AUTOROUTE A21;50,4275900;2,9790400;1;21;0.0;;3.0;4;0.0;1.0;21;0;1.0;;;1.0;0.0;1.0;110.0;Pas-de-Calais;32;Hauts-de-France
201900002570;138Â 301Â 725;B01;1.0;1;1.0;1.0;1999.0;0.0;1.0;0.0;;0.0;0;;;1.0;7.0;0.0;2.0;4.0;1.0;1.0;;26;1;2019;14:20;1.0;62;62274;1;1.0;1.0;2.0;AUTOROUTE A21;50,4275900;2,9790400;1;21;0.0;;3.0;4;0.0;1.0;21;0;1.0;;;1.0;0.0;1.0;110.0;Pas-de-Calais;32;Hauts-de-France
201900002571;138Â 301Â 722;A01;1.0;1;1.0;1.0;1957.0;4.0;1.0;0.0;;;0;;;1.0;10.0;0.0;2.0;1.0;1.0;1.0;;12;2;2019;18:20;5.0;92;92050;1;1.0;1.0;2.0;A14;48,8988016;2,2157366;1;14;0.0;;1.0;1;0.0;1.0;3;0;1.0;;;1.0;1.0;1.0;90.0;Hauts-de-Seine;11;Île-de-France
201900002571;138Â 301Â 723;B01;1.0;1;2.0;2.0;1989.0;1.0;1.0;0.0;;;0;;;1.0;7.0;0.0;2.0;6.0;1.0;1.0;;12;2;2019;18:20;5.0;92;92050;1;1.0;1.0;2.0;A14;48,8988016;2,2157366;1;14;0.0;;1.0;1;0.0;1.0;3;0;1.0;;;1.0;1.0;1.0;90.0;Hauts-de-Seine;11;Île-de-France
201900002572;138Â 301Â 717;B01;2.0;2;2.0;2.0;1999.0;0.0;1.0;0.0;;;0;;;1.0;7.0;0.0;2.0;4.0;2.0;1.0;;12;2;2019;17:00;1.0;92;92036;1;1.0;1.0;4.0;A86;48,9383700;2,3001300;1;86;0.0;;3.0;9;0.0;1.0;9;0;1.0;;;1.0;0.0;1.0;90.0;Hauts-de-Seine;11;Île-de-France
201900002572;138Â 301Â 717;B01;1.0;1;2.0;2.0;1999.0;0.0;1.0;0.0;;;0;;;1.0;7.0;0.0;2.0;4.0;2.0;1.0;;12;2;2019;17:00;1.0;92;92036;1;1.0;1.0;4.0;A86;48,9383700;2,3001300;1;86;0.0;;3.0;9;0.0;1.0;9;0;1.0;;;1.0;0.0;1.0;90.0;Hauts-de-Seine;11;Île-de-France
201900002572;138Â 301Â 718;C01;1.0;1;1.0;1.0;1971.0;0.0;1.0;0.0;;;0;;;1.0;7.0;0.0;2.0;4.0;2.0;6.0;;12;2;2019;17:00;1.0;92;92036;1;1.0;1.0;4.0;A86;48,9383700;2,3001300;1;86;0.0;;3.0;9;0.0;1.0;9;0;1.0;;;1.0;0.0;1.0;90.0;Hauts-de-Seine;11;Île-de-France
201900002572;138Â 301Â 719;A01;1.0;1;1.0;1.0;1956.0;0.0;1.0;0.0;;;0;;;1.0;7.0;0.0;2.0;2.0;2.0;1.0;;12;2;2019;17:00;1.0;92;92036;1;1.0;1.0;4.0;A86;48,9383700;2,3001300;1;86;0.0;;3.0;9;0.0;1.0;9;0;1.0;;;1.0;0.0;1.0;90.0;Hauts-de-Seine;11;Île-de-France
201900002573;138Â 301Â 715;A01;1.0;1;1.0;2.0;2000.0;9.0;1.0;0.0;;; -1;;;2.0;7.0;0.0;2.0;4.0;12.0;1.0;;12;2;2019;09:10;1.0;93;93008;1;1.0;1.0;2.0;AUTOROUTE A86;48,9102800;2,4441100;1;86;0.0;;3.0;6;0.0;1.0;21;600;1.0;;;1.0;1.0;1.0;90.0;Seine-Saint-Denis;11;Île-de-France
201900002573;138Â 301Â 716;B01;1.0;1;2.0;1.0;1980.0;9.0;2.0;6.0;;; -1;;;2.0;33.0;0.0;2.0;1.0;3.0;1.0;;12;2;2019;09:10;1.0;93;93008;1;1.0;1.0;2.0;AUTOROUTE A86;48,9102800;2,4441100;1;86;0.0;;3.0;6;0.0;1.0;21;600;1.0;;;1.0;1.0;1.0;90.0;Seine-Saint-Denis;11;Île-de-France
201900002574;138Â 301Â 714;A01;1.0;1;2.0;1.0;1993.0;5.0;2.0;6.0;;;0;;;1.0;33.0;4.0;0.0;8.0;1.0;1.0;;13;2;2019;11:15;1.0;94;94081;1;1.0;1.0;6.0;A86 INT;48,7741320;2,4049760;1;86;0.0;INT;1.0;3;0.0;1.0;43;400;1.0;;;1.0;0.0;1.0;90.0;Val-de-Marne;11;Île-de-France
201900002575;138Â 301Â 712;B01;1.0;1;2.0;2.0;1964.0;1.0;1.0;0.0;;;0;;;2.0;7.0;0.0;2.0;8.0;11.0;1.0;;13;2;2019;07:10;5.0;94;94073;1;1.0;1.0;3.0;A86 EXT;48,7630513;2,3813448;1;86;0.0;EXT;1.0;3;0.0;1.0;45;599;1.0;;;1.0;1.0;1.0;90.0;Val-de-Marne;11;Île-de-France
201900002575;138Â 301Â 713;A01;1.0;1;1.0;1.0;1969.0;4.0;1.0;4.0;;;0;;;2.0;15.0;0.0;2.0;7.0;14.0;1.0;;13;2;2019;07:10;5.0;94;94073;1;1.0;1.0;3.0;A86 EXT;48,7630513;2,3813448;1;86;0.0;EXT;1.0;3;0.0;1.0;45;599;1.0;;;1.0;1.0;1.0;90.0;Val-de-Marne;11;Île-de-France
201900002576;138Â 301Â 710;A01;1.0;1;2.0;1.0;1998.0;1.0;2.0;8.0;;0.0;0;;;1.0;33.0;0.0;2.0;3.0;3.0;1.0;;11;2;2019;17:20;2.0;77;77146;1;1.0;1.0;3.0;A4.Y;48,8321300;2,6530900;1;4;0.0;;3.0;8;0.0;1.0;20;500;1.0;;;1.0;0.0;1.0;110.0;Seine-et-Marne;11;Île-de-France
201900002576;138Â 301Â 711;B01;1.0;1;1.0;1.0;1981.0;4.0;1.0;0.0;;0.0;0;;;1.0;7.0;0.0;2.0;2.0;12.0;1.0;;11;2;2019;17:20;2.0;77;77146;1;1.0;1.0;3.0;A4.Y;48,8321300;2,6530900;1;4;0.0;;3.0;8;0.0;1.0;20;500;1.0;;;1.0;0.0;1.0;110.0;Seine-et-Marne;11;Île-de-France
201900002577;138Â 301Â 709;O01;10.0;3;2.0;1.0;1938.0;5.0;8.0;0.0;;3.0;3;1.0;;3.0;7.0;0.0;1.0;0.0;1.0;0.0;;7;2;2019;11:35;1.0;95;95539;2;1.0;1.0;6.0;ROBERT SCHUMANN (AVENUE );49,0066100;2,3520000;4;ROBERT SCHUMANN (AVENUE );0.0;;1.0;1;0.0;1.0;1;0;1.0;;;1.0;0.0;1.0;50.0;Val-d'Oise;11;Île-de-France
201900002578;138Â 301Â 699;A01;10.0;3;2.0;1.0;2007.0;2.0;8.0;0.0;;2.0;5;1.0;;2.0;7.0;0.0;1.0;7.0;1.0;1.0;;8;2;2019;17:00;1.0;71;71076;2;1.0;2.0;6.0;DE LATTRE DE TASSIGNY(MARECHAL);46,7861449;4,8440212;4;DE LATTRE DE TASSIGNY(MARECHAL);0.0;;2.0;2;0.0;1.0;0;0;1.0;;;1.0;0.0;1.0;50.0;Saône-et-Loire;27;Bourgogne-Franche-Comté
201900002578;138Â 301Â 699;A01;1.0;1;1.0;1.0;1965.0;9.0;1.0;8.0;;0.0;0;;;2.0;7.0;0.0;1.0;7.0;1.0;1.0;;8;2;2019;17:00;1.0;71;71076;2;1.0;2.0;6.0;DE LATTRE DE TASSIGNY(MARECHAL);46,7861449;4,8440212;4;DE LATTRE DE TASSIGNY(MARECHAL);0.0;;2.0;2;0.0;1.0;0;0;1.0;;;1.0;0.0;1.0;50.0;Saône-et-Loire;27;Bourgogne-Franche-Comté
201900002579;138Â 301Â 695;B01;2.0;2;2.0;2.0;2012.0;0.0;2.0;0.0;;0.0;0;;;3.0;1.0;0.0;2.0;2.0;19.0;0.0;;5;2;2019;19:10;5.0;42;42187;2;1.0;1.0;1.0;FUYANT (RUE DU);46,0430420;4,0535410;4;FUYANT (RUE DU);0.0;;1.0;2;1.0;1.0;0;0;1.0;;;1.0;0.0;1.0;50.0;Loire;84;Auvergne-Rhône-Alpes
201900002579;138Â 301Â 695;B01;1.0;1;2.0;1.0;1986.0;0.0;8.0;0.0;;0.0;0;;;3.0;1.0;0.0;2.0;2.0;19.0;0.0;;5;2;2019;19:10;5.0;42;42187;2;1.0;1.0;1.0;FUYANT (RUE DU);46,0430420;4,0535410;4;FUYANT (RUE DU);0.0;;1.0;2;1.0;1.0;0;0;1.0;;;1.0;0.0;1.0;50.0;Loire;84;Auvergne-Rhône-Alpes
201900002579;138Â 301Â 696;A01;1.0;1;1.0;2.0;1966.0;3.0;1.0;0.0;;0.0;0;;;3.0;7.0;0.0;2.0;3.0;2.0;1.0;;5;2;2019;19:10;5.0;42;42187;2;1.0;1.0;1.0;FUYANT (RUE DU);46,0430420;4,0535410;4;FUYANT (RUE DU);0.0;;1.0;2;1.0;1.0;0;0;1.0;;;1.0;0.0;1.0;50.0;Loire;84;Auvergne-Rhône-Alpes
201900002580;138Â 301Â 693;B01;1.0;1;1.0;1.0;1972.0;1.0;1.0;0.0;;0.0; -1;;;1.0;7.0;0.0;2.0;4.0;2.0;0.0;;6;2;2019;20:25;5.0;41;41295;2;1.0;1.0;2.0;RD 174;47,5930600;1,3551600;3;174;0.0;;1.0;2;0.0;1.0;(1);(1);1.0;;;1.0;0.0;1.0;70.0;Loir-et-Cher;24;Centre-Val de Loire
201900002580;138Â 301Â 694;A01;1.0;1;2.0;2.0;1992.0;0.0;1.0;0.0;;0.0; -1;;;1.0;7.0;0.0;2.0;1.0;2.0;1.0;;6;2;2019;20:25;5.0;41;41295;2;1.0;1.0;2.0;RD 174;47,5930600;1,3551600;3;174;0.0;;1.0;2;0.0;1.0;(1);(1);1.0;;;1.0;0.0;1.0;70.0;Loir-et-Cher;24;Centre-Val de Loire
201900002581;138Â 301Â 692;A01;1.0;1;1.0;2.0;1949.0;3.0;1.0;8.0;;0.0;0;;;3.0;7.0;0.0;1.0;6.0;20.0;2.0;;8;2;2019;15:50;1.0;29;29039;2;1.0;2.0;7.0;QUIMPER ( RUE DE);47,8888704; -3,9177871;6;;0.0;;;;;1.0;0;0;1.0;;;1.0;0.0;1.0;30.0;Finistère;53;Bretagne
201900002581;138Â 301Â 692;A01;10.0;3;1.0;1.0;1944.0;3.0;8.0;0.0;;2.0;1;2.0;;3.0;7.0;0.0;1.0;6.0;20.0;2.0;;8;2;2019;15:50;1.0;29;29039;2;1.0;2.0;7.0;QUIMPER ( RUE DE);47,8888704; -3,9177871;6;;0.0;;;;;1.0;0;0;1.0;;;1.0;0.0;1.0;30.0;Finistère;53;Bretagne
201900002581;138Â 301Â 692;A01;10.0;3;2.0;2.0;1950.0;3.0;8.0;0.0;;2.0;1;2.0;;3.0;7.0;0.0;1.0;6.0;20.0;2.0;;8;2;2019;15:50;1.0;29;29039;2;1.0;2.0;7.0;QUIMPER ( RUE DE);47,8888704; -3,9177871;6;;0.0;;;;;1.0;0;0;1.0;;;1.0;0.0;1.0;30.0;Finistère;53;Bretagne
201900002582;138Â 301Â 690;A01;3.0;2;2.0;1.0;2018.0;0.0;3.0;8.0;;0.0;0;;;0.0;7.0;0.0;2.0;1.0;2.0;1.0;;7;2;2019;15:15;1.0;27;27229;2;1.0;1.0;2.0;CONCHES (ROUTE DE);49,0175100;1,1146300;3;830;0.0;;2.0;2;0.0;1.0;1;10;1.0;;;1.0;0.0;1.0;50.0;Eure;28;Normandie
201900002582;138Â 301Â 690;A01;1.0;1;2.0;2.0;1993.0;0.0;1.0;8.0;;0.0;0;;;0.0;7.0;0.0;2.0;1.0;2.0;1.0;;7;2;2019;15:15;1.0;27;27229;2;1.0;1.0;2.0;CONCHES (ROUTE DE);49,0175100;1,1146300;3;830;0.0;;2.0;2;0.0;1.0;1;10;1.0;;;1.0;0.0;1.0;50.0;Eure;28;Normandie
201900002582;138Â 301Â 691;B01;1.0;1;2.0;1.0;1984.0;0.0;1.0;8.0;;0.0;0;;;0.0;7.0;0.0;0.0;4.0;1.0;1.0;;7;2;2019;15:15;1.0;27;27229;2;1.0;1.0;2.0;CONCHES (ROUTE DE);49,0175100;1,1146300;3;830;0.0;;2.0;2;0.0;1.0;1;10;1.0;;;1.0;0.0;1.0;50.0;Eure;28;Normandie
201900002583;138Â 301Â 689;A01;10.0;3;2.0;2.0;1976.0;0.0;0.0;0.0;0.0;1.0;9;1.0;;3.0;7.0;0.0;1.0;4.0;20.0;1.0;;8;2;2019;17:30;1.0;11;11069;2;1.0;1.0;6.0;RADIGUET;43,2102300;2,3298800;4;RADIGUET;0.0;;2.0;2;0.0;1.0;1;0;1.0;;;1.0;0.0;1.0;30.0;Aude;76;Occitanie
201900002583;138Â 301Â 689;A01;1.0;1;1.0;2.0;1985.0;5.0;1.0;0.0;;0.0;0;;;3.0;7.0;0.0;1.0;4.0;20.0;1.0;;8;2;2019;17:30;1.0;11;11069;2;1.0;1.0;6.0;RADIGUET;43,2102300;2,3298800;4;RADIGUET;0.0;;2.0;2;0.0;1.0;1;0;1.0;;;1.0;0.0;1.0;30.0;Aude;76;Occitanie
201900002584;138Â 301Â 686;A01;1.0;1;2.0;2.0;2001.0;1.0;2.0;6.0;;0.0;0;;;1.0;2.0;0.0;0.0;0.0;1.0;1.0;;5;2;2019;09:00;1.0;05;05061;2;1.0;9.0;7.0;MALCOMBE ( ROUTE DE );44,5579100;6,0442200;4;MALCOMBE ( ROUTE DE );0.0;;;2;0.0;2.0;0;1;1.0;;;7.0;0.0;1.0;50.0;Hautes-Alpes;93;Provence-Alpes-Côte d'Azur
201900002585;138Â 301Â 681;B01;1.0;1;2.0;1.0;1960.0;5.0;1.0;0.0;;;0;;;1.0;7.0;0.0;2.0;9.0;2.0;0.0;;7;2;2019;10:15;1.0;94;94004;2;1.0;1.0;5.0;GENERAL LECLERC (AV DU);48,7607500;2,4977100;2;19;0.0;;1.0;4;0.0;1.0;17;0;1.0;;;1.0;0.0;1.0;70.0;Val-de-Marne;11;Île-de-France
201900002585;138Â 301Â 682;C01;1.0;1;1.0;2.0;1978.0;5.0;1.0;0.0;;;0;;;1.0;7.0;0.0;2.0;4.0;2.0;1.0;;7;2;2019;10:15;1.0;94;94004;2;1.0;1.0;5.0;GENERAL LECLERC (AV DU);48,7607500;2,4977100;2;19;0.0;;1.0;4;0.0;1.0;17;0;1.0;;;1.0;0.0;1.0;70.0;Val-de-Marne;11;Île-de-France
201900002585;138Â 301Â 683;A01;1.0;1;1.0;1.0;1962.0;5.0;1.0;0.0;;;0;;;1.0;7.0;0.0;2.0;1.0;2.0;1.0;;7;2;2019;10:15;1.0;94;94004;2;1.0;1.0;5.0;GENERAL LECLERC (AV DU);48,7607500;2,4977100;2;19;0.0;;1.0;4;0.0;1.0;17;0;1.0;;;1.0;0.0;1.0;70.0;Val-de-Marne;11;Île-de-France
201900002586;138Â 301Â 680;A01;1.0;1;1.0;1.0;1993.0;1.0;1.0;0.0;;;0;;;3.0;7.0;0.0;1.0;1.0;15.0;1.0;;6;2;2019;20:25;5.0;94;94071;2;3.0;2.0;6.0;GRAND VAL (R DU);48,7737900;2,5172400;3;206;0.0;;2.0;2;0.0;2.0;0;0;1.0;;;2.0;0.0;1.0;50.0;Val-de-Marne;11;Île-de-France
201900002586;138Â 301Â 680;A01;10.0;3;3.0;1.0;1972.0;0.0;8.0;0.0;;4.0;3;1.0;;3.0;7.0;0.0;1.0;1.0;15.0;1.0;;6;2;2019;20:25;5.0;94;94071;2;3.0;2.0;6.0;GRAND VAL (R DU);48,7737900;2,5172400;3;206;0.0;;2.0;2;0.0;2.0;0;0;1.0;;;2.0;0.0;1.0;50.0;Val-de-Marne;11;Île-de-France
201900002587;138Â 301Â 678;A01;2.0;2;2.0;1.0;1989.0;5.0;1.0;0.0;;; -1;;;3.0;7.0;0.0;2.0;5.0;1.0;1.0;;9;2;2019;23:25;5.0;93;93047;2;7.0;2.0;3.0;PERVENCHES (AVENUE DES);48,8872000;2,5514700;4;PERVENCHES (AVENUE DES);0.0;;2.0;2;0.0;1.0;0;0;1.0;;;2.0;0.0;1.0;50.0;Seine-Saint-Denis;11;Île-de-France
201900002587;138Â 301Â 678;A01;1.0;1;1.0;1.0;1990.0;5.0;1.0;0.0;;; -1;;;3.0;7.0;0.0;2.0;5.0;1.0;1.0;;9;2;2019;23:25;5.0;93;93047;2;7.0;2.0;3.0;PERVENCHES (AVENUE DES);48,8872000;2,5514700;4;PERVENCHES (AVENUE DES);0.0;;2.0;2;0.0;1.0;0;0;1.0;;;2.0;0.0;1.0;50.0;Seine-Saint-Denis;11;Île-de-France
201900002587;138Â 301Â 679;B01;1.0;1;1.0;1.0;1968.0;1.0;1.0;0.0;;; -1;;;3.0;10.0;0.0;2.0;1.0;1.0;1.0;;9;2;2019;23:25;5.0;93;93047;2;7.0;2.0;3.0;PERVENCHES (AVENUE DES);48,8872000;2,5514700;4;PERVENCHES (AVENUE DES);0.0;;2.0;2;0.0;1.0;0;0;1.0;;;2.0;0.0;1.0;50.0;Seine-Saint-Denis;11;Île-de-France
201900002588;138Â 301Â 674;D01;1.0;1;1.0;2.0;1960.0;0.0;1.0;0.0;;0.0;0;;;2.0;7.0;0.0;2.0;4.0;2.0;0.0;;5;2;2019;13:55;1.0;83;83137;1;1.0;1.0;4.0;;43,1213200;5,9533100;1;57;0.0;;3.0;6;0.0;1.0;0;10;1.0;;;1.0;0.0;1.0;90.0;Var;93;Provence-Alpes-Côte d'Azur
201900002588;138Â 301Â 675;C01;1.0;1;1.0;1.0;1969.0;0.0;1.0;0.0;;0.0;0;;;2.0;7.0;0.0;2.0;4.0;2.0;0.0;;5;2;2019;13:55;1.0;83;83137;1;1.0;1.0;4.0;;43,1213200;5,9533100;1;57;0.0;;3.0;6;0.0;1.0;0;10;1.0;;;1.0;0.0;1.0;90.0;Var;93;Provence-Alpes-Côte d'Azur
201900002588;138Â 301Â 676;B01;2.0;2;2.0;2.0;1938.0;0.0;1.0;0.0;;0.0;0;;;2.0;7.0;0.0;2.0;4.0;2.0;0.0;;5;2;2019;13:55;1.0;83;83137;1;1.0;1.0;4.0;;43,1213200;5,9533100;1;57;0.0;;3.0;6;0.0;1.0;0;10;1.0;;;1.0;0.0;1.0;90.0;Var;93;Provence-Alpes-Côte d'Azur
201900002588;138Â 301Â 676;B01;1.0;1;1.0;1.0;1944.0;0.0;1.0;0.0;;0.0;0;;;2.0;7.0;0.0;2.0;4.0;2.0;0.0;;5;2;2019;13:55;1.0;83;83137;1;1.0;1.0;4.0;;43,1213200;5,9533100;1;57;0.0;;3.0;6;0.0;1.0;0;10;1.0;;;1.0;0.0;1.0;90.0;Var;93;Provence-Alpes-Côte d'Azur
201900002588;138Â 301Â 677;A01;1.0;1;1.0;2.0;1989.0;9.0;1.0;0.0;;0.0;0;;;2.0;7.0;0.0;2.0;1.0;2.0;0.0;;5;2;2019;13:55;1.0;83;83137;1;1.0;1.0;4.0;;43,1213200;5,9533100;1;57;0.0;;3.0;6;0.0;1.0;0;10;1.0;;;1.0;0.0;1.0;90.0;Var;93;Provence-Alpes-Côte d'Azur
201900002589;138Â 301Â 672;A01;1.0;1;2.0;1.0;1964.0;9.0;2.0;0.0;;; -1;;;1.0;33.0;0.0;2.0;2.0;12.0;1.0;;2;2;2019;00:20;3.0;93;93066;1;1.0;2.0;3.0;AUTOROUTE A1;48,9298900;2,3642100;1;1;0.0;;3.0;10;0.0;1.0;3;500;1.0;;;2.0;0.0;1.0;90.0;Seine-Saint-Denis;11;Île-de-France
201900002589;138Â 301Â 673;B01;1.0;1;1.0;1.0;1987.0;9.0;1.0;0.0;;; -1;;;1.0;7.0;0.0;2.0;3.0;1.0;2.0;;2;2;2019;00:20;3.0;93;93066;1;1.0;2.0;3.0;AUTOROUTE A1;48,9298900;2,3642100;1;1;0.0;;3.0;10;0.0;1.0;3;500;1.0;;;2.0;0.0;1.0;90.0;Seine-Saint-Denis;11;Île-de-France
201900002590;138Â 301Â 671;A01;1.0;1;2.0;1.0;1976.0;0.0;1.0;0.0;;;0;;;2.0;7.0;3.0;0.0;0.0;26.0;1.0;;7;2;2019;02:40;3.0;92;92036;1;1.0;2.0;6.0;AUTOROUTE A15;48,9370439;2,2948571;1;15;0.0;;1.0;2;0.0;2.0;4;14;2.0;;;2.0;3.0;1.0;50.0;Hauts-de-Seine;11;Île-de-France
201900002590;138Â 301Â 671;A01;2.0;2;2.0;2.0;1984.0;0.0;1.0;0.0;;;0;;;2.0;7.0;3.0;0.0;0.0;26.0;1.0;;7;2;2019;02:40;3.0;92;92036;1;1.0;2.0;6.0;AUTOROUTE A15;48,9370439;2,2948571;1;15;0.0;;1.0;2;0.0;2.0;4;14;2.0;;;2.0;3.0;1.0;50.0;Hauts-de-Seine;11;Île-de-France
201900002591;138Â 301Â 670;A01;1.0;1;3.0;1.0;1993.0;5.0;1.0;1.0;;0.0;0;;;0.0;7.0;16.0;0.0;0.0;17.0;1.0;;9;2;2019;05:00;3.0;988;98818;2;1.0;1.0;7.0;COOK (AVENUE JAMES); -22,2658500;166,4180100;4;173;0.0;;2.0;2;0.0;1.0;0;0;3.0;;;1.0;0.0;1.0;50.0;;;
201900002591;138Â 301Â 670;A01;2.0;2;3.0;1.0;1996.0;5.0;1.0;1.0;;0.0;0;;;0.0;7.0;16.0;0.0;0.0;17.0;1.0;;9;2;2019;05:00;3.0;988;98818;2;1.0;1.0;7.0;COOK (AVENUE JAMES); -22,2658500;166,4180100;4;173;0.0;;2.0;2;0.0;1.0;0;0;3.0;;;1.0;0.0;1.0;50.0;;;
201900002591;138Â 301Â 670;A01;8.0;2;3.0;1.0;1998.0;5.0;0.0;0.0;;0.0;0;;;0.0;7.0;16.0;0.0;0.0;17.0;1.0;;9;2;2019;05:00;3.0;988;98818;2;1.0;1.0;7.0;COOK (AVENUE JAMES); -22,2658500;166,4180100;4;173;0.0;;2.0;2;0.0;1.0;0;0;3.0;;;1.0;0.0;1.0;50.0;;;
201900002592;138Â 301Â 668;B01;1.0;1;2.0;2.0;2000.0;0.0;2.0;0.0;;; -1;;;0.0;30.0;0.0;2.0;1.0;16.0;1.0;;28;1;2019;15:26;1.0;987;98735;2;3.0;1.0;1.0;CLEMENCEAU (RUE); -17,5352900; -149,5562400;4;CLEMENCEAU (RUE);0.0;;2.0;2;0.0;1.0;0;0;1.0;;;1.0;0.0;1.0;50.0;;;
201900002592;138Â 301Â 669;A01;1.0;1;1.0;1.0;1969.0;0.0;1.0;8.0;;; -1;;;0.0;10.0;0.0;2.0;3.0;15.0;1.0;;28;1;2019;15:26;1.0;987;98735;2;3.0;1.0;1.0;CLEMENCEAU (RUE); -17,5352900; -149,5562400;4;CLEMENCEAU (RUE);0.0;;2.0;2;0.0;1.0;0;0;1.0;;;1.0;0.0;1.0;50.0;;;