Num_Acc;id_vehicule;num_veh;place;catu;grav;sexe;an_nais;trajet;secu1;secu2;secu3;locp;actp;etatp;id_usager;senc;catv;obs;obsm;choc;manv;motor;occutc;jour;mois;an;hrmn;lum;dep;com;agg;int;atm;col;adr;lat;long;catr;voie;v1;v2;circ;nbv;vosp;prof;pr;pr1;plan;lartpc;larrout;surf;infra;situ;vma;nom_departement;reg;nom_region
201900002593;138Â 301Â 667;A01;2.0;2;2.0;2.0;1990.0;9.0;0.0;0.0;0.0;;0;;;1.0;0.0;5.0;6.0;0.0;26.0;0.0;;10;2;2019;21:25;5.0;976;97611;2;6.0;1.0;7.0;kaweni-Kaweni nord ( Z I ); -12,7636800;45,2255600;2;1;0.0;;2.0;2;0.0;1.0;0;0;1.0;;;1.0;9.0;1.0;45.0;Mayotte;06;Mayotte
201900002594;138Â 301Â 665;A01;1.0;1;1.0;1.0;1969.0;9.0;1.0;8.0;;;0;;;1.0;7.0;14.0;2.0;3.0;9.0;6.0;;9;2;2019;12:15;1.0;976;97611;2;1.0;1.0;3.0;kaweni-Kaweni nord ( Z I ); -12,7754700;45,2234600;2;1;0.0;;2.0;2;0.0;1.0;0;0;1.0;;;1.0;9.0;1.0;40.0;Mayotte;06;Mayotte
201900002594;138Â 301Â 666;B01;1.0;1;2.0;2.0;1975.0;9.0;2.0;8.0;;;0;;;1.0;32.0;0.0;2.0;3.0;1.0;6.0;;9;2;2019;12:15;1.0;976;97611;2;1.0;1.0;3.0;kaweni-Kaweni nord ( Z I ); -12,7754700;45,2234600;2;1;0.0;;2.0;2;0.0;1.0;0;0;1.0;;;1.0;9.0;1.0;40.0;Mayotte;06;Mayotte
201900002595;138Â 301Â 664;A01;10.0;3;2.0;1.0;2007.0;9.0;8.0;0.0;;1.0;3;1.0;;2.0;33.0;0.0;1.0;1.0;1.0;6.0;;7;2;2019;07:15;1.0;976;97611;2;1.0;1.0;6.0;passamanty-VahibÃ© ( route ); -12,8010500;45,2091300;3;3;2.0;;2.0;2;0.0;1.0;0;0;1.0;;;1.0;0.0;1.0;50.0;Mayotte;06;Mayotte
201900002595;138Â 301Â 664;A01;1.0;1;1.0;1.0;1987.0;9.0;2.0;8.0;;;0;;;2.0;33.0;0.0;1.0;1.0;1.0;6.0;;7;2;2019;07:15;1.0;976;97611;2;1.0;1.0;6.0;passamanty-VahibÃ© ( route ); -12,8010500;45,2091300;3;3;2.0;;2.0;2;0.0;1.0;0;0;1.0;;;1.0;0.0;1.0;50.0;Mayotte;06;Mayotte
201900002596;138Â 301Â 663;A01;10.0;3;2.0;2.0;2012.0;9.0;8.0;0.0;;0.0;3;1.0;;2.0;30.0;0.0;1.0;7.0;0.0;0.0;;7;2;2019;07:00;2.0;976;97611;2;1.0;1.0;6.0;mgombani-Baobab ( Bd ); -12,7841900;45,2295300;2;2;0.0;;2.0;2;0.0;2.0;0;0;1.0;;;1.0;0.0;1.0;50.0;Mayotte;06;Mayotte
201900002596;138Â 301Â 663;A01;1.0;1;2.0;1.0;1954.0;9.0;2.0;8.0;;;0;;;2.0;30.0;0.0;1.0;7.0;0.0;0.0;;7;2;2019;07:00;2.0;976;97611;2;1.0;1.0;6.0;mgombani-Baobab ( Bd ); -12,7841900;45,2295300;2;2;0.0;;2.0;2;0.0;2.0;0;0;1.0;;;1.0;0.0;1.0;50.0;Mayotte;06;Mayotte
201900002597;138Â 301Â 661;A01;1.0;1;1.0;1.0;1981.0;5.0;1.0;0.0;;;0;;;2.0;7.0;0.0;2.0;2.0;1.0;1.0;;6;2;2019;21:00;3.0;976;97611;2;1.0;1.0;3.0;m'tsapere-Nationale 2 (route); -12,7832800;45,2340300;2;2;0.0;;2.0;2;0.0;1.0;0;0;1.0;;;1.0;0.0;1.0;50.0;Mayotte;06;Mayotte
201900002597;138Â 301Â 661;A01;2.0;2;2.0;1.0;1990.0;5.0;1.0;8.0;;;0;;;2.0;7.0;0.0;2.0;2.0;1.0;1.0;;6;2;2019;21:00;3.0;976;97611;2;1.0;1.0;3.0;m'tsapere-Nationale 2 (route); -12,7832800;45,2340300;2;2;0.0;;2.0;2;0.0;1.0;0;0;1.0;;;1.0;0.0;1.0;50.0;Mayotte;06;Mayotte
201900002597;138Â 301Â 662;B01;4.0;2;3.0;2.0;1987.0;9.0;1.0;0.0;;;0;;;2.0;7.0;0.0;2.0;3.0;1.0;1.0;;6;2;2019;21:00;3.0;976;97611;2;1.0;1.0;3.0;m'tsapere-Nationale 2 (route); -12,7832800;45,2340300;2;2;0.0;;2.0;2;0.0;1.0;0;0;1.0;;;1.0;0.0;1.0;50.0;Mayotte;06;Mayotte
201900002597;138Â 301Â 662;B01;1.0;1;1.0;1.0;1987.0;5.0;1.0;0.0;;;0;;;2.0;7.0;0.0;2.0;3.0;1.0;1.0;;6;2;2019;21:00;3.0;976;97611;2;1.0;1.0;3.0;m'tsapere-Nationale 2 (route); -12,7832800;45,2340300;2;2;0.0;;2.0;2;0.0;1.0;0;0;1.0;;;1.0;0.0;1.0;50.0;Mayotte;06;Mayotte
201900002598;138Â 301Â 659;A01;1.0;1;1.0;1.0;1984.0;5.0;1.0;;;0.0;0;;;1.0;7.0;0.0;2.0;1.0;17.0;1.0;;8;2;2019;22:30;5.0;974;97416;2;2.0;2.0;1.0;Rue Hippolyte Piot; -21,2986098;55,4538183;3;38;0.0;;2.0;2;0.0;1.0;0;0;1.0;;;2.0;0.0;1.0;50.0;La Réunion;04;La Réunion
201900002598;138Â 301Â 659;A01;2.0;2;1.0;1.0;2008.0;5.0;1.0;0.0;;0.0;0;;;1.0;7.0;0.0;2.0;1.0;17.0;1.0;;8;2;2019;22:30;5.0;974;97416;2;2.0;2.0;1.0;Rue Hippolyte Piot; -21,2986098;55,4538183;3;38;0.0;;2.0;2;0.0;1.0;0;0;1.0;;;2.0;0.0;1.0;50.0;La Réunion;04;La Réunion
201900002598;138Â 301Â 660;B01;1.0;1;3.0;1.0;2001.0;5.0;2.0;6.0;;0.0;0;;;2.0;30.0;0.0;2.0;1.0;1.0;1.0;;8;2;2019;22:30;5.0;974;97416;2;2.0;2.0;1.0;Rue Hippolyte Piot; -21,2986098;55,4538183;3;38;0.0;;2.0;2;0.0;1.0;0;0;1.0;;;2.0;0.0;1.0;50.0;La Réunion;04;La Réunion
201900002599;138Â 301Â 655;A01;1.0;1;1.0;1.0;1984.0;5.0;1.0;0.0;;0.0;0;;;2.0;7.0;0.0;2.0;1.0;21.0;1.0;;9;2;2019;13:10;1.0;974;97416;2;1.0;1.0;5.0;Rue Marius et Ary Leblond; -21,3353500;55,4662500;4;Route de la Ligne Paradis;0.0;;2.0;2;0.0;1.0;0;0;1.0;;;1.0;0.0;1.0;50.0;La Réunion;04;La Réunion
201900002599;138Â 301Â 656;C01;1.0;1;2.0;1.0;1984.0;5.0;1.0;0.0;;0.0;0;;;2.0;7.0;0.0;2.0;4.0;2.0;1.0;;9;2;2019;13:10;1.0;974;97416;2;1.0;1.0;5.0;Rue Marius et Ary Leblond; -21,3353500;55,4662500;4;Route de la Ligne Paradis;0.0;;2.0;2;0.0;1.0;0;0;1.0;;;1.0;0.0;1.0;50.0;La Réunion;04;La Réunion
201900002599;138Â 301Â 657;D01;1.0;1;2.0;2.0;1900.0;0.0;1.0;0.0;;0.0;0;;;2.0;7.0;0.0;2.0;4.0;2.0;1.0;;9;2;2019;13:10;1.0;974;97416;2;1.0;1.0;5.0;Rue Marius et Ary Leblond; -21,3353500;55,4662500;4;Route de la Ligne Paradis;0.0;;2.0;2;0.0;1.0;0;0;1.0;;;1.0;0.0;1.0;50.0;La Réunion;04;La Réunion
201900002599;138Â 301Â 658;B01;1.0;1;2.0;1.0;1975.0;5.0;1.0;0.0;;0.0;0;;;2.0;7.0;0.0;2.0;4.0;2.0;1.0;;9;2;2019;13:10;1.0;974;97416;2;1.0;1.0;5.0;Rue Marius et Ary Leblond; -21,3353500;55,4662500;4;Route de la Ligne Paradis;0.0;;2.0;2;0.0;1.0;0;0;1.0;;;1.0;0.0;1.0;50.0;La Réunion;04;La Réunion
201900002600;138Â 301Â 653;B01;1.0;1;2.0;1.0;1997.0;1.0;2.0;8.0;;0.0;0;;;1.0;33.0;0.0;2.0;1.0;17.0;1.0;;8;2;2019;20:50;5.0;974;97411;2;1.0;1.0;1.0;Chemin du Ruisseau blanc; -20,8929500;55,4157300;4;Chemin du Ruisseau blanc;0.0;;2.0;2;0.0;2.0;0;0;1.0;;;1.0;0.0;1.0;50.0;La Réunion;04;La Réunion
201900002600;138Â 301Â 654;A01;1.0;1;3.0;1.0;1996.0;0.0;8.0;8.0;;; -1;;;2.0;33.0;0.0;2.0;1.0;1.0;1.0;;8;2;2019;20:50;5.0;974;97411;2;1.0;1.0;1.0;Chemin du Ruisseau blanc; -20,8929500;55,4157300;4;Chemin du Ruisseau blanc;0.0;;2.0;2;0.0;2.0;0;0;1.0;;;1.0;0.0;1.0;50.0;La Réunion;04;La Réunion
201900002601;138Â 301Â 652;A01;1.0;1;1.0;2.0;1976.0;9.0;1.0;0.0;;0.0;0;;;1.0;7.0;0.0;1.0;1.0;0.0;1.0;;8;2;2019;09:20;5.0;974;97411;2;1.0;2.0;6.0;Avenue de la Victoire; -20,8769070;55,4479550;4;Avenue de la Victoire;0.0;;2.0;3;0.0;2.0;0;0;1.0;;;1.0;0.0;1.0;50.0;La Réunion;04;La Réunion
201900002601;138Â 301Â 652;A01;10.0;3;3.0;2.0;1975.0;0.0;0.0;0.0;0.0;1.0;3;1.0;;1.0;7.0;0.0;1.0;1.0;0.0;1.0;;8;2;2019;09:20;5.0;974;97411;2;1.0;2.0;6.0;Avenue de la Victoire; -20,8769070;55,4479550;4;Avenue de la Victoire;0.0;;2.0;3;0.0;2.0;0;0;1.0;;;1.0;0.0;1.0;50.0;La Réunion;04;La Réunion
201900002602;138Â 301Â 651;A01;10.0;3;3.0;2.0;1934.0;0.0;8.0;0.0;;4.0;3;1.0;;1.0;7.0;0.0;1.0;1.0;26.0;3.0;;8;2;2019;08:30;1.0;974;97411;2;3.0;1.0;6.0;DECAEN (DE L'AMIRAL); -20,8856000;55,4572100;4;DECAEN (DE L'AMIRAL);0.0;;2.0;2;0.0;1.0;0;0;2.0;;;1.0;0.0;1.0;50.0;La Réunion;04;La Réunion
201900002602;138Â 301Â 651;A01;1.0;1;1.0;1.0;1929.0;0.0;1.0;0.0;;0.0;0;;;1.0;7.0;0.0;1.0;1.0;26.0;3.0;;8;2;2019;08:30;1.0;974;97411;2;3.0;1.0;6.0;DECAEN (DE L'AMIRAL); -20,8856000;55,4572100;4;DECAEN (DE L'AMIRAL);0.0;;2.0;2;0.0;1.0;0;0;2.0;;;1.0;0.0;1.0;50.0;La Réunion;04;La Réunion
201900002603;138Â 301Â 649;B01;1.0;1;2.0;1.0;1966.0;1.0;1.0;8.0;;; -1;;;3.0;7.0;0.0;2.0;4.0;23.0;1.0;;7;2;2019;15:15;1.0;974;97411;2;1.0;1.0;2.0;MACE (BOULEVARD GABRIEL); -20,8746900;55,4461500;4;MACE (BOULEVARD GABRIEL);0.0;;2.0;2;0.0;1.0;0;0;1.0;;;1.0;5.0;1.0;50.0;La Réunion;04;La Réunion
201900002603;138Â 301Â 650;A01;1.0;1;1.0;2.0;1993.0;5.0;1.0;8.0;;; -1;;;3.0;7.0;1.0;0.0;1.0;2.0;1.0;;7;2;2019;15:15;1.0;974;97411;2;1.0;1.0;2.0;MACE (BOULEVARD GABRIEL); -20,8746900;55,4461500;4;MACE (BOULEVARD GABRIEL);0.0;;2.0;2;0.0;1.0;0;0;1.0;;;1.0;5.0;1.0;50.0;La Réunion;04;La Réunion
201900002604;138Â 301Â 647;A01;1.0;1;3.0;1.0;1965.0;9.0;2.0;0.0;;; -1;;;1.0;30.0;0.0;2.0;1.0;18.0;1.0;;11;2;2019;09:35;1.0;973;97302;2;3.0;1.0;3.0;MADELEINE (ROUTE DE LA);4,9297502; -52,3258209;3;17;0.0;;2.0;2;0.0;1.0;1;200;1.0;;;1.0;0.0;1.0;50.0;Guyane;03;Guyane
201900002604;138Â 301Â 648;B01;1.0;1;1.0;1.0;1956.0;9.0;1.0;0.0;;; -1;;;1.0;7.0;0.0;2.0;7.0;0.0;1.0;;11;2;2019;09:35;1.0;973;97302;2;3.0;1.0;3.0;MADELEINE (ROUTE DE LA);4,9297502; -52,3258209;3;17;0.0;;2.0;2;0.0;1.0;1;200;1.0;;;1.0;0.0;1.0;50.0;Guyane;03;Guyane
201900002605;138Â 301Â 644;A01;1.0;1;1.0;1.0;1954.0;0.0;1.0;0.0;;0.0;0;;;1.0;7.0;0.0;1.0;0.0;1.0;0.0;;7;2;2019;06:11;2.0;973;97302;2;1.0;1.0;6.0;VIRGILE (AVENUE);4,9323370; -52,3080969;3;3;0.0;;;2;0.0;1.0;2;660;1.0;;;1.0;0.0;1.0;50.0;Guyane;03;Guyane
201900002605;138Â 301Â 644;A01;10.0;3;2.0;1.0;2002.0;2.0;8.0;0.0;;4.0;3;1.0;;1.0;7.0;0.0;1.0;0.0;1.0;0.0;;7;2;2019;06:11;2.0;973;97302;2;1.0;1.0;6.0;VIRGILE (AVENUE);4,9323370; -52,3080969;3;3;0.0;;;2;0.0;1.0;2;660;1.0;;;1.0;0.0;1.0;50.0;Guyane;03;Guyane
201900002606;138Â 301Â 642;B01;1.0;1;1.0;1.0;1996.0;9.0;1.0;0.0;;0.0;0;;;1.0;7.0;0.0;2.0;2.0;1.0;1.0;;11;2;2019;07:30;2.0;69;69383;2;2.0;1.0;3.0;ABONDANCE (DE L')                   (R );45,7539200;4,8562900;4;ABONDANCE (DE L')                   (R );0.0;;1.0;1;0.0;1.0;0;0;1.0;;;1.0;0.0;1.0;50.0;Rhône;84;Auvergne-Rhône-Alpes
201900002606;138Â 301Â 642;B01;2.0;2;2.0;2.0;1987.0;9.0;1.0;0.0;;0.0;0;;;1.0;7.0;0.0;2.0;2.0;1.0;1.0;;11;2;2019;07:30;2.0;69;69383;2;2.0;1.0;3.0;ABONDANCE (DE L')                   (R );45,7539200;4,8562900;4;ABONDANCE (DE L')                   (R );0.0;;1.0;1;0.0;1.0;0;0;1.0;;;1.0;0.0;1.0;50.0;Rhône;84;Auvergne-Rhône-Alpes
201900002606;138Â 301Â 643;A01;1.0;1;1.0;1.0;1996.0;9.0;1.0;0.0;;0.0;0;;;1.0;7.0;0.0;2.0;1.0;1.0;1.0;;11;2;2019;07:30;2.0;69;69383;2;2.0;1.0;3.0;ABONDANCE (DE L')                   (R );45,7539200;4,8562900;4;ABONDANCE (DE L')                   (R );0.0;;1.0;1;0.0;1.0;0;0;1.0;;;1.0;0.0;1.0;50.0;Rhône;84;Auvergne-Rhône-Alpes
201900002607;138Â 301Â 640;A01;1.0;1;2.0;1.0;1973.0;0.0;2.0;6.0;;0.0;0;;;2.0;34.0;0.0;2.0;1.0;18.0;1.0;;10;2;2019;17:15;1.0;69;69387;2;6.0;1.0;3.0;DEBOURG                             (AV);45,7317000;4,8242500;4;DEBOURG                             (AV);0.0;;2.0;1;0.0;1.0;0;0;1.0;;;2.0;0.0;1.0;50.0;Rhône;84;Auvergne-Rhône-Alpes
201900002607;138Â 301Â 641;B01;1.0;1;1.0;1.0;1991.0;0.0;1.0;0.0;;0.0;0;;;2.0;7.0;0.0;2.0;2.0;16.0;1.0;;10;2;2019;17:15;1.0;69;69387;2;6.0;1.0;3.0;DEBOURG                             (AV);45,7317000;4,8242500;4;DEBOURG                             (AV);0.0;;2.0;1;0.0;1.0;0;0;1.0;;;2.0;0.0;1.0;50.0;Rhône;84;Auvergne-Rhône-Alpes
201900002608;138Â 301Â 638;A01;1.0;1;1.0;1.0;1994.0;5.0;1.0;0.0;;0.0;0;;;2.0;7.0;0.0;2.0;1.0;1.0;1.0;;10;2;2019;05:35;5.0;69;69387;2;2.0;1.0;3.0;BERTHELOT                           (AV);45,7423500;4,8506500;4;BERTHELOT                           (AV);0.0;;1.0;2;0.0;1.0;0;0;1.0;;;1.0;0.0;1.0;50.0;Rhône;84;Auvergne-Rhône-Alpes
201900002608;138Â 301Â 638;A01;2.0;2;1.0;1.0;1986.0;0.0;1.0;0.0;;0.0;0;;;2.0;7.0;0.0;2.0;1.0;1.0;1.0;;10;2;2019;05:35;5.0;69;69387;2;2.0;1.0;3.0;BERTHELOT                           (AV);45,7423500;4,8506500;4;BERTHELOT                           (AV);0.0;;1.0;2;0.0;1.0;0;0;1.0;;;1.0;0.0;1.0;50.0;Rhône;84;Auvergne-Rhône-Alpes
201900002608;138Â 301Â 638;A01;4.0;2;1.0;1.0;1994.0;0.0;1.0;0.0;;0.0;0;;;2.0;7.0;0.0;2.0;1.0;1.0;1.0;;10;2;2019;05:35;5.0;69;69387;2;2.0;1.0;3.0;BERTHELOT                           (AV);45,7423500;4,8506500;4;BERTHELOT                           (AV);0.0;;1.0;2;0.0;1.0;0;0;1.0;;;1.0;0.0;1.0;50.0;Rhône;84;Auvergne-Rhône-Alpes
201900002608;138Â 301Â 639;B01;1.0;1;2.0;1.0;1993.0;5.0;1.0;0.0;;0.0;0;;;1.0;7.0;0.0;2.0;8.0;1.0;1.0;;10;2;2019;05:35;5.0;69;69387;2;2.0;1.0;3.0;BERTHELOT                           (AV);45,7423500;4,8506500;4;BERTHELOT                           (AV);0.0;;1.0;2;0.0;1.0;0;0;1.0;;;1.0;0.0;1.0;50.0;Rhône;84;Auvergne-Rhône-Alpes
201900002608;138Â 301Â 639;B01;2.0;2;2.0;2.0;1996.0;0.0;1.0;0.0;;0.0;0;;;1.0;7.0;0.0;2.0;8.0;1.0;1.0;;10;2;2019;05:35;5.0;69;69387;2;2.0;1.0;3.0;BERTHELOT                           (AV);45,7423500;4,8506500;4;BERTHELOT                           (AV);0.0;;1.0;2;0.0;1.0;0;0;1.0;;;1.0;0.0;1.0;50.0;Rhône;84;Auvergne-Rhône-Alpes
201900002609;138Â 301Â 636;A01;1.0;1;1.0;1.0;2000.0;9.0;8.0;8.0;;0.0;0;;;1.0;7.0;0.0;2.0;2.0;1.0;1.0;;10;2;2019;05:45;5.0;69;69387;2;2.0;1.0;3.0;LECLERC                             (AV);45,7477900;4,8336200;4;LECLERC                             (AV);0.0;;2.0;4;0.0;1.0;1;0;1.0;;;1.0;0.0;1.0;50.0;Rhône;84;Auvergne-Rhône-Alpes
201900002609;138Â 301Â 637;B01;1.0;1;2.0;2.0;1987.0;9.0;1.0;0.0;;0.0;0;;;1.0;7.0;0.0;2.0;1.0;1.0;1.0;;10;2;2019;05:45;5.0;69;69387;2;2.0;1.0;3.0;LECLERC                             (AV);45,7477900;4,8336200;4;LECLERC                             (AV);0.0;;2.0;4;0.0;1.0;1;0;1.0;;;1.0;0.0;1.0;50.0;Rhône;84;Auvergne-Rhône-Alpes
201900002610;138Â 301Â 632;B01;1.0;1;2.0;2.0;1965.0;0.0;1.0;0.0;;0.0;0;;;1.0;7.0;0.0;2.0;4.0;2.0;1.0;;9;2;2019;15:35;1.0;69;69387;2;1.0;8.0;4.0;LECLERC                             (AV);45,7434600;4,8295800;4;LECLERC                             (AV);0.0;;1.0;2;3.0;1.0;1;0;1.0;;;1.0;0.0;1.0;50.0;Rhône;84;Auvergne-Rhône-Alpes
201900002610;138Â 301Â 633;D01;1.0;1;1.0;2.0;1989.0;0.0;1.0;0.0;;0.0;0;;;1.0;7.0;0.0;2.0;4.0;1.0;1.0;;9;2;2019;15:35;1.0;69;69387;2;1.0;8.0;4.0;LECLERC                             (AV);45,7434600;4,8295800;4;LECLERC                             (AV);0.0;;1.0;2;3.0;1.0;1;0;1.0;;;1.0;0.0;1.0;50.0;Rhône;84;Auvergne-Rhône-Alpes
201900002610;138Â 301Â 634;C01;2.0;2;2.0;2.0;1996.0;0.0;1.0;0.0;;0.0;0;;;1.0;7.0;0.0;2.0;4.0;2.0;0.0;;9;2;2019;15:35;1.0;69;69387;2;1.0;8.0;4.0;LECLERC                             (AV);45,7434600;4,8295800;4;LECLERC                             (AV);0.0;;1.0;2;3.0;1.0;1;0;1.0;;;1.0;0.0;1.0;50.0;Rhône;84;Auvergne-Rhône-Alpes
201900002610;138Â 301Â 634;C01;1.0;1;1.0;1.0;1991.0;0.0;1.0;0.0;;0.0;0;;;1.0;7.0;0.0;2.0;4.0;2.0;0.0;;9;2;2019;15:35;1.0;69;69387;2;1.0;8.0;4.0;LECLERC                             (AV);45,7434600;4,8295800;4;LECLERC                             (AV);0.0;;1.0;2;3.0;1.0;1;0;1.0;;;1.0;0.0;1.0;50.0;Rhône;84;Auvergne-Rhône-Alpes
201900002610;138Â 301Â 635;A01;1.0;1;1.0;1.0;1999.0;0.0;1.0;0.0;;0.0;0;;;1.0;7.0;0.0;2.0;1.0;2.0;1.0;;9;2;2019;15:35;1.0;69;69387;2;1.0;8.0;4.0;LECLERC                             (AV);45,7434600;4,8295800;4;LECLERC                             (AV);0.0;;1.0;2;3.0;1.0;1;0;1.0;;;1.0;0.0;1.0;50.0;Rhône;84;Auvergne-Rhône-Alpes
201900002611;138Â 301Â 631;A01;10.0;3;3.0;1.0;2011.0;0.0;8.0;0.0;;3.0;3;2.0;;1.0;7.0;0.0;1.0;2.0;16.0;0.0;;9;2;2019;14:30;1.0;69;69387;2;2.0;1.0;6.0;BERTHELOT                           (AV);45,7451700;4,8418800;4;BERTHELOT                           (AV);0.0;;1.0;2;0.0;1.0;1;0;1.0;;;1.0;2.0;1.0;50.0;Rhône;84;Auvergne-Rhône-Alpes
201900002611;138Â 301Â 631;A01;1.0;1;1.0;2.0;1980.0;0.0;1.0;0.0;;0.0;0;;;1.0;7.0;0.0;1.0;2.0;16.0;0.0;;9;2;2019;14:30;1.0;69;69387;2;2.0;1.0;6.0;BERTHELOT                           (AV);45,7451700;4,8418800;4;BERTHELOT                           (AV);0.0;;1.0;2;0.0;1.0;1;0;1.0;;;1.0;2.0;1.0;50.0;Rhône;84;Auvergne-Rhône-Alpes
201900002612;138Â 301Â 630;A01;1.0;1;2.0;1.0;1988.0;0.0;8.0;0.0;;0.0;0;;;3.0;99.0;8.0;0.0;1.0;0.0;6.0;;8;2;2019;22:10;5.0;69;69383;2;1.0;1.0;6.0;VICTOR AUGAGNEUR                    (QU);45,7583100;4,8408300;9;VICTOR AUGAGNEUR                    (QU);0.0;;2.0;1;1.0;1.0;1;0;1.0;;;1.0;0.0;1.0;25.0;Rhône;84;Auvergne-Rhône-Alpes
201900002613;138Â 301Â 629;A01;10.0;3;2.0;1.0;2003.0;0.0;8.0;0.0;;4.0;3;1.0;;2.0;7.0;0.0;1.0;2.0;1.0;1.0;;8;2;2019;13:08;1.0;69;69383;2;1.0;1.0;6.0;GAMBETTA                            (CO);45,7538100;4,8473600;4;GAMBETTA                            (CO);0.0;;1.0;3;3.0;1.0;1;0;1.0;;;1.0;0.0;1.0;50.0;Rhône;84;Auvergne-Rhône-Alpes
201900002613;138Â 301Â 629;A01;1.0;1;1.0;2.0;1996.0;0.0;1.0;8.0;;0.0;0;;;2.0;7.0;0.0;1.0;2.0;1.0;1.0;;8;2;2019;13:08;1.0;69;69383;2;1.0;1.0;6.0;GAMBETTA                            (CO);45,7538100;4,8473600;4;GAMBETTA                            (CO);0.0;;1.0;3;3.0;1.0;1;0;1.0;;;1.0;0.0;1.0;50.0;Rhône;84;Auvergne-Rhône-Alpes
201900002614;138Â 301Â 627;B01;2.0;2;2.0;1.0;1974.0;9.0;1.0;0.0;;0.0;0;;;1.0;7.0;1.0;0.0;4.0;23.0;0.0;;8;2;2019;11:40;1.0;69;69388;2;1.0;1.0;2.0;LAENNEC                             (R );45,7377900;4,8849300;4;LAENNEC                             (R );0.0;;1.0;1;1.0;1.0;0;0;1.0;;;1.0;0.0;1.0;50.0;Rhône;84;Auvergne-Rhône-Alpes
201900002614;138Â 301Â 627;B01;1.0;1;2.0;2.0;1978.0;9.0;1.0;0.0;;0.0;0;;;1.0;7.0;1.0;0.0;4.0;23.0;0.0;;8;2;2019;11:40;1.0;69;69388;2;1.0;1.0;2.0;LAENNEC                             (R );45,7377900;4,8849300;4;LAENNEC                             (R );0.0;;1.0;1;1.0;1.0;0;0;1.0;;;1.0;0.0;1.0;50.0;Rhône;84;Auvergne-Rhône-Alpes
201900002614;138Â 301Â 628;A01;1.0;1;1.0;2.0;1991.0;9.0;1.0;0.0;;0.0;0;;;1.0;7.0;0.0;2.0;1.0;1.0;0.0;;8;2;2019;11:40;1.0;69;69388;2;1.0;1.0;2.0;LAENNEC                             (R );45,7377900;4,8849300;4;LAENNEC                             (R );0.0;;1.0;1;1.0;1.0;0;0;1.0;;;1.0;0.0;1.0;50.0;Rhône;84;Auvergne-Rhône-Alpes
201900002615;138Â 301Â 626;A01;10.0;3;2.0;1.0;2010.0;2.0;8.0;0.0;;2.0;5;2.0;;1.0;7.0;0.0;1.0;2.0;1.0;1.0;;8;2;2019;08:20;1.0;69;69259;2;1.0;1.0;6.0;PRESIDENT EDOUARD HERRIOT (DU)      (R );45,6963800;4,8768200;4;PRESIDENT EDOUARD HERRIOT (DU)      (R );0.0;;2.0;2;0.0;1.0;1;0;1.0;;;1.0;0.0;1.0;15.0;Rhône;84;Auvergne-Rhône-Alpes
201900002615;138Â 301Â 626;A01;1.0;1;1.0;1.0;1975.0;0.0;8.0;0.0;;0.0;0;;;1.0;7.0;0.0;1.0;2.0;1.0;1.0;;8;2;2019;08:20;1.0;69;69259;2;1.0;1.0;6.0;PRESIDENT EDOUARD HERRIOT (DU)      (R );45,6963800;4,8768200;4;PRESIDENT EDOUARD HERRIOT (DU)      (R );0.0;;2.0;2;0.0;1.0;1;0;1.0;;;1.0;0.0;1.0;15.0;Rhône;84;Auvergne-Rhône-Alpes
201900002616;138Â 301Â 625;A01;10.0;3;2.0;1.0;1994.0;0.0;8.0;0.0;;2.0;3;1.0;;1.0;10.0;0.0;1.0;3.0;15.0;0.0;;7;2;2019;20:00;3.0;69;69259;2;9.0;1.0;6.0;FRERES LAFRANCHI (DES)                  ;45,7131300;4,8768200;4;FRERES LAFRANCHI (DES)                  ;0.0;;1.0;1;0.0;1.0;1;0;1.0;;;2.0;0.0;1.0;50.0;Rhône;84;Auvergne-Rhône-Alpes