Num_Acc;id_vehicule;num_veh;place;catu;grav;sexe;an_nais;trajet;secu1;secu2;secu3;locp;actp;etatp;id_usager;senc;catv;obs;obsm;choc;manv;motor;occutc;jour;mois;an;hrmn;lum;dep;com;agg;int;atm;col;adr;lat;long;catr;voie;v1;v2;circ;nbv;vosp;prof;pr;pr1;plan;lartpc;larrout;surf;infra;situ;vma;nom_departement;reg;nom_region
201900002616;138Â 301Â 625;A01;1.0;1;1.0;1.0;1982.0;0.0;1.0;4.0;;0.0;0;;;1.0;10.0;0.0;1.0;3.0;15.0;0.0;;7;2;2019;20:00;3.0;69;69259;2;9.0;1.0;6.0;FRERES LAFRANCHI (DES)                  ;45,7131300;4,8768200;4;FRERES LAFRANCHI (DES)                  ;0.0;;1.0;1;0.0;1.0;1;0;1.0;;;2.0;0.0;1.0;50.0;Rhône;84;Auvergne-Rhône-Alpes
201900002617;138Â 301Â 624;A01;1.0;1;1.0;1.0;1965.0;4.0;1.0;0.0;;0.0;0;;;2.0;7.0;0.0;1.0;2.0;1.0;3.0;;7;2;2019;09:40;1.0;69;69383;2;1.0;2.0;6.0;ST PHILIPPE                         (R );45,7504100;4,8663200;4;ST PHILIPPE                         (R );0.0;;1.0;1;0.0;1.0;0;0;1.0;;;2.0;0.0;1.0;50.0;Rhône;84;Auvergne-Rhône-Alpes
201900002617;138Â 301Â 624;A01;10.0;3;2.0;2.0;1958.0;5.0;8.0;0.0;;4.0;3;1.0;;2.0;7.0;0.0;1.0;2.0;1.0;3.0;;7;2;2019;09:40;1.0;69;69383;2;1.0;2.0;6.0;ST PHILIPPE                         (R );45,7504100;4,8663200;4;ST PHILIPPE                         (R );0.0;;1.0;1;0.0;1.0;0;0;1.0;;;2.0;0.0;1.0;50.0;Rhône;84;Auvergne-Rhône-Alpes
201900002618;138Â 301Â 622;A01;1.0;1;2.0;1.0;1970.0;0.0;1.0;0.0;0.0;;0;;;1.0;7.0;0.0;2.0;1.0;0.0;1.0;;9;2;2019;15:50;1.0;972;97213;1;1.0;1.0;3.0;PELLETIER (ROUTE DE);14,6566850; -60,9785100;3;3;2.0;;2.0;2;0.0;2.0;2;750;3.0;;;1.0;0.0;1.0;50.0;Martinique;02;Martinique
201900002618;138Â 301Â 623;B01;1.0;1;3.0;1.0;2001.0;0.0;2.0;8.0;;;0;;;2.0;1.0;0.0;2.0;0.0;0.0;5.0;;9;2;2019;15:50;1.0;972;97213;1;1.0;1.0;3.0;PELLETIER (ROUTE DE);14,6566850; -60,9785100;3;3;2.0;;2.0;2;0.0;2.0;2;750;3.0;;;1.0;0.0;1.0;50.0;Martinique;02;Martinique
201900002619;138Â 301Â 620;A01;1.0;1;1.0;1.0;1995.0;1.0;1.0;0.0;;;0;;;2.0;7.0;0.0;2.0;4.0;2.0;1.0;;9;7;2019;13:15;1.0;94;94017;1;1.0;1.0;2.0;A4;48,8280945;2,5033698;1;4;0.0;;3.0;8;0.0;1.0;9;800;1.0;;;1.0;1.0;1.0;90.0;Val-de-Marne;11;Île-de-France
201900002619;138Â 301Â 621;B01;1.0;1;2.0;1.0;1962.0;0.0;1.0;0.0;;;0;;;2.0;7.0;0.0;2.0;1.0;1.0;1.0;;9;7;2019;13:15;1.0;94;94017;1;1.0;1.0;2.0;A4;48,8280945;2,5033698;1;4;0.0;;3.0;8;0.0;1.0;9;800;1.0;;;1.0;1.0;1.0;90.0;Val-de-Marne;11;Île-de-France
201900002620;138Â 301Â 618;B01;3.0;2;1.0;2.0;2014.0;0.0;1.0;0.0;;0.0;0;;;3.0;7.0;0.0;2.0;4.0;23.0;1.0;;7;7;2019;09:48;1.0;91;91421;2;1.0;1.0;2.0;NATIONALE 6 (PARTIE FORET);48,6838000;2,4895000;2;6;0.0;;3.0;4;0.0;1.0;(1);(1);1.0;;;1.0;0.0;3.0;50.0;Essonne;11;Île-de-France
201900002620;138Â 301Â 618;B01;4.0;2;1.0;1.0;2010.0;0.0;1.0;0.0;;0.0;0;;;3.0;7.0;0.0;2.0;4.0;23.0;1.0;;7;7;2019;09:48;1.0;91;91421;2;1.0;1.0;2.0;NATIONALE 6 (PARTIE FORET);48,6838000;2,4895000;2;6;0.0;;3.0;4;0.0;1.0;(1);(1);1.0;;;1.0;0.0;3.0;50.0;Essonne;11;Île-de-France
201900002620;138Â 301Â 618;B01;4.0;2;1.0;1.0;2007.0;0.0;1.0;0.0;;0.0;0;;;3.0;7.0;0.0;2.0;4.0;23.0;1.0;;7;7;2019;09:48;1.0;91;91421;2;1.0;1.0;2.0;NATIONALE 6 (PARTIE FORET);48,6838000;2,4895000;2;6;0.0;;3.0;4;0.0;1.0;(1);(1);1.0;;;1.0;0.0;3.0;50.0;Essonne;11;Île-de-France
201900002620;138Â 301Â 618;B01;1.0;1;2.0;2.0;1979.0;5.0;1.0;0.0;;0.0;0;;;3.0;7.0;0.0;2.0;4.0;23.0;1.0;;7;7;2019;09:48;1.0;91;91421;2;1.0;1.0;2.0;NATIONALE 6 (PARTIE FORET);48,6838000;2,4895000;2;6;0.0;;3.0;4;0.0;1.0;(1);(1);1.0;;;1.0;0.0;3.0;50.0;Essonne;11;Île-de-France
201900002620;138Â 301Â 619;A01;1.0;1;1.0;1.0;1987.0;0.0;1.0;0.0;;0.0;0;;;3.0;7.0;0.0;2.0;1.0;26.0;1.0;;7;7;2019;09:48;1.0;91;91421;2;1.0;1.0;2.0;NATIONALE 6 (PARTIE FORET);48,6838000;2,4895000;2;6;0.0;;3.0;4;0.0;1.0;(1);(1);1.0;;;1.0;0.0;3.0;50.0;Essonne;11;Île-de-France
201900002621;138Â 301Â 613;B01;1.0;1;2.0;1.0;1995.0;0.0;1.0;8.0;;; -1;;;0.0;7.0;0.0;2.0;4.0;23.0;1.0;;8;7;2019;18:00;1.0;27;27229;2;1.0;1.0;2.0;VULCAIN (RUE);49,0203900;1,1815500;4;VULCAIN (RUE);0.0;;2.0;2;0.0;1.0;0;0;1.0;;;1.0;0.0;1.0;50.0;Eure;28;Normandie
201900002621;138Â 301Â 614;A01;1.0;1;1.0;2.0;1992.0;0.0;1.0;8.0;;; -1;;;0.0;7.0;1.0;0.0;1.0;2.0;1.0;;8;7;2019;18:00;1.0;27;27229;2;1.0;1.0;2.0;VULCAIN (RUE);49,0203900;1,1815500;4;VULCAIN (RUE);0.0;;2.0;2;0.0;1.0;0;0;1.0;;;1.0;0.0;1.0;50.0;Eure;28;Normandie
201900002622;138Â 301Â 612;A01;1.0;1;3.0;1.0;1991.0;5.0;2.0;0.0;;; -1;;;3.0;34.0;0.0;0.0;0.0;23.0;1.0;;7;7;2019;23:50;5.0;13;13207;2;9.0;1.0;6.0;ROUCAS BLAN (CHEMIN);43,2786060;5,3674890;4;ROUCAS BLAN (CHEMIN);0.0;;2.0;2;0.0;2.0;0;0;3.0;;;1.0;0.0;1.0;50.0;Bouches-du-Rhône;93;Provence-Alpes-Côte d'Azur
201900002623;138Â 301Â 610;B01;1.0;1;1.0;1.0;1987.0;0.0;8.0;0.0;;; -1;;;0.0;7.0;0.0;2.0;8.0;26.0;0.0;;19;6;2019;19:15;1.0;13;13210;2;1.0;1.0;3.0;PONT DE VIVAUX (BOULEVARD);43,2815400;5,4245900;4;PONT DE VIVAUX (BOULEVARD);0.0;;2.0;2;0.0;1.0;0;0;1.0;;;1.0;0.0;1.0;50.0;Bouches-du-Rhône;93;Provence-Alpes-Côte d'Azur
201900002623;138Â 301Â 611;A01;1.0;1;2.0;1.0;1989.0;1.0;2.0;6.0;;; -1;;;1.0;31.0;0.0;2.0;7.0;26.0;0.0;;19;6;2019;19:15;1.0;13;13210;2;1.0;1.0;3.0;PONT DE VIVAUX (BOULEVARD);43,2815400;5,4245900;4;PONT DE VIVAUX (BOULEVARD);0.0;;2.0;2;0.0;1.0;0;0;1.0;;;1.0;0.0;1.0;50.0;Bouches-du-Rhône;93;Provence-Alpes-Côte d'Azur
201900002624;138Â 301Â 608;A01;1.0;1;3.0;1.0;1999.0;0.0;2.0;0.0;;;0;;;0.0;32.0;0.0;2.0;3.0;13.0;1.0;;19;6;2019;19:20;1.0;13;13209;2;6.0;1.0;1.0;ANTOINE FORTUNE MARION (RUE);43,2386140;5,4041700;4;ANTOINE FORTUNE MARION (RUE);0.0;;2.0;2;0.0;2.0;1;0;2.0;;;1.0;0.0;1.0;50.0;Bouches-du-Rhône;93;Provence-Alpes-Côte d'Azur
201900002624;138Â 301Â 609;B01;1.0;1;1.0;1.0;1974.0;5.0;1.0;0.0;;; -1;;;3.0;7.0;0.0;2.0;3.0;1.0;1.0;;19;6;2019;19:20;1.0;13;13209;2;6.0;1.0;1.0;ANTOINE FORTUNE MARION (RUE);43,2386140;5,4041700;4;ANTOINE FORTUNE MARION (RUE);0.0;;2.0;2;0.0;2.0;1;0;2.0;;;1.0;0.0;1.0;50.0;Bouches-du-Rhône;93;Provence-Alpes-Côte d'Azur
201900002625;138Â 301Â 606;A01;1.0;1;2.0;2.0;2001.0;5.0;2.0;6.0;;; -1;;;3.0;30.0;0.0;2.0;1.0;16.0;1.0;;8;7;2019;20:14;1.0;10;10333;2;4.0;1.0;2.0;FREDERIC MISTRAL (RUE);48,2805400;4,0462000;3;41;0.0;;;0;0.0;1.0;0;0;3.0;;;1.0;0.0;1.0;50.0;Aube;44;Grand Est
201900002625;138Â 301Â 607;B01;1.0;1;1.0;1.0;1999.0;5.0;2.0;6.0;;; -1;;;3.0;30.0;0.0;0.0;4.0;2.0;1.0;;8;7;2019;20:14;1.0;10;10333;2;4.0;1.0;2.0;FREDERIC MISTRAL (RUE);48,2805400;4,0462000;3;41;0.0;;;0;0.0;1.0;0;0;3.0;;;1.0;0.0;1.0;50.0;Aube;44;Grand Est
201900002626;138Â 301Â 605;A01;1.0;1;2.0;2.0;1997.0;0.0;1.0;0.0;;; -1;;;1.0;7.0;4.0;0.0;1.0;0.0;1.0;;7;7;2019;04:00;3.0;93;93027;1;1.0;1.0;6.0;AUTOROUTE A86;48,9258700;2,3993100;1;86;0.0;;3.0;10;0.0;1.0;17;200;1.0;;;1.0;0.0;1.0;90.0;Seine-Saint-Denis;11;Île-de-France
201900002627;138Â 301Â 604;A01;10.0;3;3.0;2.0;2013.0;;0.0;;;2.0;3;1.0;;2.0;7.0;0.0;1.0;2.0;1.0;1.0;;9;7;2019;16:15;1.0;988;98818;2;2.0;1.0;6.0;RUE DE VERDUN/GEORGES CLEMENCEAU; -22,2725900;166,4414200;4;617;0.0;;1.0;1;0.0;1.0;0;0;1.0;;;1.0;0.0;1.0;50.0;;;
201900002627;138Â 301Â 604;A01;1.0;1;1.0;2.0;1943.0;3.0;1.0;8.0;;0.0;0;;;2.0;7.0;0.0;1.0;2.0;1.0;1.0;;9;7;2019;16:15;1.0;988;98818;2;2.0;1.0;6.0;RUE DE VERDUN/GEORGES CLEMENCEAU; -22,2725900;166,4414200;4;617;0.0;;1.0;1;0.0;1.0;0;0;1.0;;;1.0;0.0;1.0;50.0;;;
201900002628;138Â 301Â 602;B01;1.0;1;2.0;1.0;1955.0;5.0;8.0;0.0;;;0;;;1.0;1.0;0.0;2.0;4.0;1.0;5.0;;9;7;2019;16:50;1.0;973;97302;2;1.0;1.0;2.0;MANGO (CITE);4,9325935; -52,3185575;4;MANGO (CITE);0.0;;2.0;2;0.0;1.0;(1);(1);1.0;;;1.0;0.0;1.0;50.0;Guyane;03;Guyane
201900002628;138Â 301Â 603;A01;1.0;1;1.0;1.0;1978.0;5.0;1.0;0.0;;;0;;;1.0;7.0;0.0;2.0;1.0;1.0;0.0;;9;7;2019;16:50;1.0;973;97302;2;1.0;1.0;2.0;MANGO (CITE);4,9325935; -52,3185575;4;MANGO (CITE);0.0;;2.0;2;0.0;1.0;(1);(1);1.0;;;1.0;0.0;1.0;50.0;Guyane;03;Guyane
201900002629;138Â 301Â 600;A01;1.0;1;1.0;1.0;1977.0;0.0;1.0;0.0;;; -1;;;2.0;7.0;0.0;2.0;2.0;19.0;1.0;;9;7;2019;19:15;1.0;69;69387;2;2.0;1.0;3.0;CAMILLE ROY                         (R );45,7451300;4,8466100;4;CAMILLE ROY                         (R );0.0;;1.0;1;0.0;1.0;0;0;1.0;;;1.0;0.0;1.0;50.0;Rhône;84;Auvergne-Rhône-Alpes
201900002629;138Â 301Â 601;B01;1.0;1;2.0;1.0;2000.0;0.0;2.0;6.0;;0.0;0;;;1.0;32.0;0.0;2.0;7.0;1.0;1.0;;9;7;2019;19:15;1.0;69;69387;2;2.0;1.0;3.0;CAMILLE ROY                         (R );45,7451300;4,8466100;4;CAMILLE ROY                         (R );0.0;;1.0;1;0.0;1.0;0;0;1.0;;;1.0;0.0;1.0;50.0;Rhône;84;Auvergne-Rhône-Alpes
201900002630;138Â 301Â 597;C01;1.0;1;1.0;2.0;1978.0;0.0;1.0;0.0;;0.0;0;;;1.0;7.0;0.0;2.0;3.0;2.0;1.0;;9;7;2019;15:25;1.0;69;69383;2;2.0;1.0;6.0;ARSONVAL (D')                       (PL);45,7428200;4,8782200;4;ARSONVAL (D')                       (PL);0.0;;;2;0.0;1.0;1;0;1.0;;;1.0;0.0;1.0;50.0;Rhône;84;Auvergne-Rhône-Alpes
201900002630;138Â 301Â 598;B01;1.0;1;2.0;1.0;1984.0;0.0;1.0;0.0;;0.0;0;;;1.0;7.0;0.0;2.0;6.0;2.0;1.0;;9;7;2019;15:25;1.0;69;69383;2;2.0;1.0;6.0;ARSONVAL (D')                       (PL);45,7428200;4,8782200;4;ARSONVAL (D')                       (PL);0.0;;;2;0.0;1.0;1;0;1.0;;;1.0;0.0;1.0;50.0;Rhône;84;Auvergne-Rhône-Alpes
201900002630;138Â 301Â 599;A01;1.0;1;1.0;2.0;1953.0;9.0;1.0;0.0;;0.0;0;;;0.0;7.0;0.0;2.0;1.0;19.0;1.0;;9;7;2019;15:25;1.0;69;69383;2;2.0;1.0;6.0;ARSONVAL (D')                       (PL);45,7428200;4,8782200;4;ARSONVAL (D')                       (PL);0.0;;;2;0.0;1.0;1;0;1.0;;;1.0;0.0;1.0;50.0;Rhône;84;Auvergne-Rhône-Alpes
201900002631;138Â 301Â 593;D01;2.0;2;2.0;2.0;2018.0;0.0;1.0;8.0;;;0;;;1.0;7.0;0.0;2.0;4.0;2.0;1.0;;8;7;2019;19:20;4.0;972;97213;2;1.0;3.0;4.0;AUTOROUTE A1;14,6152000; -61,0136000;1;1;0.0;;2.0;6;0.0;2.0;4;505;1.0;;;2.0;0.0;1.0;90.0;Martinique;02;Martinique
201900002631;138Â 301Â 593;D01;1.0;1;2.0;2.0;1986.0;0.0;1.0;8.0;;;0;;;1.0;7.0;0.0;2.0;4.0;2.0;1.0;;8;7;2019;19:20;4.0;972;97213;2;1.0;3.0;4.0;AUTOROUTE A1;14,6152000; -61,0136000;1;1;0.0;;2.0;6;0.0;2.0;4;505;1.0;;;2.0;0.0;1.0;90.0;Martinique;02;Martinique
201900002631;138Â 301Â 594;C01;1.0;1;1.0;1.0;1985.0;0.0;1.0;8.0;;; -1;;;1.0;7.0;0.0;2.0;6.0;2.0;1.0;;8;7;2019;19:20;4.0;972;97213;2;1.0;3.0;4.0;AUTOROUTE A1;14,6152000; -61,0136000;1;1;0.0;;2.0;6;0.0;2.0;4;505;1.0;;;2.0;0.0;1.0;90.0;Martinique;02;Martinique
201900002631;138Â 301Â 595;B01;1.0;1;1.0;2.0;1998.0;0.0;1.0;8.0;;;0;;;1.0;7.0;0.0;2.0;4.0;2.0;1.0;;8;7;2019;19:20;4.0;972;97213;2;1.0;3.0;4.0;AUTOROUTE A1;14,6152000; -61,0136000;1;1;0.0;;2.0;6;0.0;2.0;4;505;1.0;;;2.0;0.0;1.0;90.0;Martinique;02;Martinique
201900002631;138Â 301Â 595;B01;2.0;2;1.0;1.0;1998.0;0.0;1.0;8.0;;;0;;;1.0;7.0;0.0;2.0;4.0;2.0;1.0;;8;7;2019;19:20;4.0;972;97213;2;1.0;3.0;4.0;AUTOROUTE A1;14,6152000; -61,0136000;1;1;0.0;;2.0;6;0.0;2.0;4;505;1.0;;;2.0;0.0;1.0;90.0;Martinique;02;Martinique
201900002631;138Â 301Â 596;A01;1.0;1;1.0;1.0;1998.0;0.0;1.0;8.0;;;0;;;1.0;7.0;0.0;2.0;1.0;2.0;1.0;;8;7;2019;19:20;4.0;972;97213;2;1.0;3.0;4.0;AUTOROUTE A1;14,6152000; -61,0136000;1;1;0.0;;2.0;6;0.0;2.0;4;505;1.0;;;2.0;0.0;1.0;90.0;Martinique;02;Martinique
201900002632;138Â 301Â 591;A01;1.0;1;2.0;1.0;1947.0;0.0;2.0;0.0;;0.0;0;;;2.0;33.0;0.0;2.0;8.0;1.0;1.0;;9;7;2019;15:00;1.0;69;69149;2;4.0;1.0;3.0;CELESTINS (DES)                     (CH);45,7200800;4,7980600;4;CELESTINS (DES)                     (CH);0.0;;2.0;2;0.0;1.0;0;0;1.0;;;1.0;5.0;1.0;50.0;Rhône;84;Auvergne-Rhône-Alpes
201900002632;138Â 301Â 592;B01;1.0;1;1.0;1.0;1943.0;3.0;1.0;0.0;;0.0;0;;;2.0;7.0;0.0;2.0;7.0;16.0;1.0;;9;7;2019;15:00;1.0;69;69149;2;4.0;1.0;3.0;CELESTINS (DES)                     (CH);45,7200800;4,7980600;4;CELESTINS (DES)                     (CH);0.0;;2.0;2;0.0;1.0;0;0;1.0;;;1.0;5.0;1.0;50.0;Rhône;84;Auvergne-Rhône-Alpes
201900002633;138Â 301Â 589;B01;1.0;1;3.0;1.0;1998.0;0.0;2.0;8.0;;0.0;0;;;2.0;34.0;0.0;2.0;1.0;26.0;1.0;;8;7;2019;15:15;1.0;2A;2A004;1;1.0;1.0;1.0;T20;41,9429366;8,8098426;2;20;0.0;;2.0;2;0.0;1.0;(1);(1);2.0;;;1.0;0.0;1.0;80.0;Corse-du-Sud;94;Corse
201900002633;138Â 301Â 590;A01;1.0;1;2.0;1.0;1992.0;0.0;2.0;8.0;;0.0;0;;;2.0;33.0;0.0;2.0;1.0;13.0;1.0;;8;7;2019;15:15;1.0;2A;2A004;1;1.0;1.0;1.0;T20;41,9429366;8,8098426;2;20;0.0;;2.0;2;0.0;1.0;(1);(1);2.0;;;1.0;0.0;1.0;80.0;Corse-du-Sud;94;Corse
201900002634;138Â 301Â 586;A01;2.0;2;3.0;2.0;1991.0;1.0;2.0;0.0;;0.0; -1;;;1.0;30.0;0.0;2.0;1.0;2.0;1.0;;9;7;2019;07:05;1.0;95;95018;1;1.0;7.0;4.0;RD 311;48,9453500;2,2634300;3;311;0.0;;1.0;2;0.0;1.0;5;250;1.0;;;1.0;0.0;1.0;90.0;Val-d'Oise;11;Île-de-France
201900002634;138Â 301Â 586;A01;1.0;1;3.0;2.0;1989.0;1.0;2.0;8.0;;; -1;;;1.0;30.0;0.0;2.0;1.0;2.0;1.0;;9;7;2019;07:05;1.0;95;95018;1;1.0;7.0;4.0;RD 311;48,9453500;2,2634300;3;311;0.0;;1.0;2;0.0;1.0;5;250;1.0;;;1.0;0.0;1.0;90.0;Val-d'Oise;11;Île-de-France
201900002634;138Â 301Â 587;B01;1.0;1;1.0;1.0;1956.0;5.0;1.0;0.0;;0.0; -1;;;1.0;7.0;0.0;2.0;4.0;21.0;1.0;;9;7;2019;07:05;1.0;95;95018;1;1.0;7.0;4.0;RD 311;48,9453500;2,2634300;3;311;0.0;;1.0;2;0.0;1.0;5;250;1.0;;;1.0;0.0;1.0;90.0;Val-d'Oise;11;Île-de-France
201900002635;138Â 301Â 584;B01;1.0;1;2.0;1.0;1973.0;3.0;1.0;0.0;;;0;;;1.0;7.0;0.0;2.0;7.0;17.0;1.0;;9;7;2019;13:00;1.0;91;91687;2;3.0;1.0;3.0;GENERAL DE GAULLE (AVENUE DU);48,6834800;2,3763900;2;7;0.0;;3.0;4;0.0;1.0;1;0;1.0;;;1.0;9.0;3.0;50.0;Essonne;11;Île-de-France
201900002635;138Â 301Â 585;A01;1.0;1;1.0;1.0;1991.0;4.0;1.0;0.0;;;0;;;1.0;15.0;0.0;2.0;8.0;11.0;1.0;;9;7;2019;13:00;1.0;91;91687;2;3.0;1.0;3.0;GENERAL DE GAULLE (AVENUE DU);48,6834800;2,3763900;2;7;0.0;;3.0;4;0.0;1.0;1;0;1.0;;;1.0;9.0;3.0;50.0;Essonne;11;Île-de-France
201900002636;138Â 301Â 582;B01;1.0;1;1.0;2.0;1988.0;5.0;1.0;8.0;;0.0;0;;;3.0;7.0;0.0;2.0;3.0;15.0;1.0;;8;7;2019;12:25;1.0;91;91521;2;3.0;1.0;3.0;GRIGNY (ROUTE DE);48,6519300;2,4000000;4;GRIGNY (ROUTE DE);0.0;;2.0;2;0.0;1.0;0;0;1.0;;;1.0;0.0;2.0;30.0;Essonne;11;Île-de-France
201900002636;138Â 301Â 583;A01;1.0;1;3.0;1.0;1974.0;1.0;2.0;6.0;;0.0;0;;;3.0;33.0;0.0;2.0;1.0;2.0;1.0;;8;7;2019;12:25;1.0;91;91521;2;3.0;1.0;3.0;GRIGNY (ROUTE DE);48,6519300;2,4000000;4;GRIGNY (ROUTE DE);0.0;;2.0;2;0.0;1.0;0;0;1.0;;;1.0;0.0;2.0;30.0;Essonne;11;Île-de-France
201900002637;138Â 301Â 579;C01;1.0;1;1.0;2.0;1951.0;0.0;1.0;0.0;;0.0;0;;;1.0;7.0;0.0;2.0;4.0;2.0;1.0;;8;7;2019;12:50;1.0;91;91223;2;1.0;1.0;4.0;MAI 1945 (AVENUE DU 8);48,4168500;2,1779300;4;MAI 1945 (AVENUE DU 8);0.0;;2.0;2;0.0;2.0;(1);(1);1.0;;;1.0;0.0;3.0;50.0;Essonne;11;Île-de-France
201900002637;138Â 301Â 580;B01;1.0;1;1.0;2.0;1972.0;0.0;1.0;0.0;;0.0;0;;;2.0;7.0;0.0;2.0;4.0;2.0;1.0;;8;7;2019;12:50;1.0;91;91223;2;1.0;1.0;4.0;MAI 1945 (AVENUE DU 8);48,4168500;2,1779300;4;MAI 1945 (AVENUE DU 8);0.0;;2.0;2;0.0;2.0;(1);(1);1.0;;;1.0;0.0;3.0;50.0;Essonne;11;Île-de-France
201900002637;138Â 301Â 580;B01;2.0;2;1.0;2.0;1933.0;0.0;1.0;0.0;;0.0;0;;;2.0;7.0;0.0;2.0;4.0;2.0;1.0;;8;7;2019;12:50;1.0;91;91223;2;1.0;1.0;4.0;MAI 1945 (AVENUE DU 8);48,4168500;2,1779300;4;MAI 1945 (AVENUE DU 8);0.0;;2.0;2;0.0;2.0;(1);(1);1.0;;;1.0;0.0;3.0;50.0;Essonne;11;Île-de-France
201900002637;138Â 301Â 580;B01;4.0;2;1.0;2.0;1962.0;0.0;1.0;0.0;;0.0;0;;;2.0;7.0;0.0;2.0;4.0;2.0;1.0;;8;7;2019;12:50;1.0;91;91223;2;1.0;1.0;4.0;MAI 1945 (AVENUE DU 8);48,4168500;2,1779300;4;MAI 1945 (AVENUE DU 8);0.0;;2.0;2;0.0;2.0;(1);(1);1.0;;;1.0;0.0;3.0;50.0;Essonne;11;Île-de-France
201900002637;138Â 301Â 581;A01;1.0;1;2.0;1.0;1935.0;0.0;1.0;0.0;;0.0;0;;;2.0;7.0;0.0;2.0;1.0;2.0;1.0;;8;7;2019;12:50;1.0;91;91223;2;1.0;1.0;4.0;MAI 1945 (AVENUE DU 8);48,4168500;2,1779300;4;MAI 1945 (AVENUE DU 8);0.0;;2.0;2;0.0;2.0;(1);(1);1.0;;;1.0;0.0;3.0;50.0;Essonne;11;Île-de-France
201900002637;138Â 301Â 581;A01;2.0;2;2.0;2.0;1938.0;0.0;1.0;0.0;;0.0;0;;;2.0;7.0;0.0;2.0;1.0;2.0;1.0;;8;7;2019;12:50;1.0;91;91223;2;1.0;1.0;4.0;MAI 1945 (AVENUE DU 8);48,4168500;2,1779300;4;MAI 1945 (AVENUE DU 8);0.0;;2.0;2;0.0;2.0;(1);(1);1.0;;;1.0;0.0;3.0;50.0;Essonne;11;Île-de-France
201900002638;138Â 301Â 578;A01;1.0;1;2.0;1.0;1972.0;0.0;1.0;0.0;;0.0;0;;;0.0;7.0;0.0;0.0;7.0;1.0;1.0;;8;7;2019;17:15;1.0;91;91223;1;1.0;1.0;7.0;RUE DU LT COLONEL ARNAUD BELTRAME;48,4488900;2,1405800;4;RUE DU LT COLONEL ARNAUD BELTRAME;0.0;;2.0;3;0.0;3.0;0;0;2.0;;;1.0;0.0;3.0;70.0;Essonne;11;Île-de-France
201900002639;138Â 301Â 577;A01;1.0;1;2.0;1.0;1986.0;1.0;2.0;6.0;;0.0;0;;;2.0;33.0;0.0;0.0;8.0;21.0;1.0;;9;7;2019;16:20;1.0;91;91174;2;1.0;7.0;7.0;RUE PAUL MAINTENANT;48,6142100;2,4570000;4;RUE PAUL MAINTENANT;0.0;;2.0;4;0.0;2.0;0;0;1.0;;;1.0;9.0;2.0;50.0;Essonne;11;Île-de-France
201900002640;138Â 301Â 575;A01;1.0;1;1.0;2.0;1946.0;3.0;1.0;0.0;;0.0;0;;;2.0;7.0;0.0;1.0;1.0;1.0;1.0;;9;7;2019;11:20;1.0;91;91215;2;6.0;1.0;1.0;ANATOLE FRANCE (RUE);48,6962000;2,5258600;4;ANATOLE FRANCE (RUE);0.0;;2.0;2;0.0;1.0;0;0;1.0;;;1.0;0.0;3.0;50.0;Essonne;11;Île-de-France
201900002640;138Â 301Â 576;A01;10.0;3;2.0;1.0;1962.0;0.0;8.0;0.0;;3.0;3;1.0;;;0.0;;;;;;;9;7;2019;11:20;1.0;91;91215;2;6.0;1.0;1.0;ANATOLE FRANCE (RUE);48,6962000;2,5258600;4;ANATOLE FRANCE (RUE);0.0;;2.0;2;0.0;1.0;0;0;1.0;;;1.0;0.0;3.0;50.0;Essonne;11;Île-de-France
201900002641;138Â 301Â 572;C01;1.0;1;1.0;1.0;1964.0;1.0;1.0;0.0;;0.0;0;;;1.0;10.0;0.0;2.0;5.0;1.0;1.0;;9;7;2019;07:20;1.0;91;91425;2;1.0;1.0;4.0;NATIONALE 20 (ROUTE);48,6423800;2,2697000;4;NATIONALE 20 (ROUTE);0.0;;3.0;4;0.0;1.0;0;0;1.0;;;1.0;0.0;3.0;70.0;Essonne;11;Île-de-France
201900002641;138Â 301Â 573;B01;1.0;1;1.0;1.0;1968.0;0.0;1.0;0.0;;0.0;0;;;1.0;37.0;0.0;2.0;6.0;1.0;1.0;1.0;9;7;2019;07:20;1.0;91;91425;2;1.0;1.0;4.0;NATIONALE 20 (ROUTE);48,6423800;2,2697000;4;NATIONALE 20 (ROUTE);0.0;;3.0;4;0.0;1.0;0;0;1.0;;;1.0;0.0;3.0;70.0;Essonne;11;Île-de-France
201900002641;138Â 301Â 574;A01;1.0;1;3.0;1.0;1991.0;1.0;2.0;0.0;;0.0;0;;;1.0;33.0;0.0;2.0;1.0;3.0;1.0;;9;7;2019;07:20;1.0;91;91425;2;1.0;1.0;4.0;NATIONALE 20 (ROUTE);48,6423800;2,2697000;4;NATIONALE 20 (ROUTE);0.0;;3.0;4;0.0;1.0;0;0;1.0;;;1.0;0.0;3.0;70.0;Essonne;11;Île-de-France