Num_Acc;id_vehicule;num_veh;place;catu;grav;sexe;an_nais;trajet;secu1;secu2;secu3;locp;actp;etatp;id_usager;senc;catv;obs;obsm;choc;manv;motor;occutc;jour;mois;an;hrmn;lum;dep;com;agg;int;atm;col;adr;lat;long;catr;voie;v1;v2;circ;nbv;vosp;prof;pr;pr1;plan;lartpc;larrout;surf;infra;situ;vma;nom_departement;reg;nom_region
201900002642;138Â 301Â 570;A01;1.0;1;2.0;1.0;1999.0;0.0;8.0;0.0;;0.0;0;;;1.0;1.0;0.0;2.0;1.0;2.0;6.0;;8;7;2019;17:25;1.0;88;88413;2;1.0;1.0;2.0;Avenue de l'egalitÃ©;48,2927070;6,9357530;4;Avenue de l'egalitÃ©;0.0;;3.0;2;0.0;1.0;0;0;1.0;;;1.0;0.0;1.0;50.0;Vosges;44;Grand Est
201900002642;138Â 301Â 571;B01;1.0;1;1.0;2.0;1988.0;0.0;1.0;8.0;;0.0;0;;;1.0;10.0;0.0;2.0;4.0;2.0;1.0;;8;7;2019;17:25;1.0;88;88413;2;1.0;1.0;2.0;Avenue de l'egalitÃ©;48,2927070;6,9357530;4;Avenue de l'egalitÃ©;0.0;;3.0;2;0.0;1.0;0;0;1.0;;;1.0;0.0;1.0;50.0;Vosges;44;Grand Est
201900002643;138Â 301Â 568;B01;1.0;1;1.0;1.0;1946.0;5.0;1.0;;;0.0;0;;;1.0;7.0;0.0;2.0;4.0;23.0;1.0;;8;7;2019;19:45;1.0;87;87085;1;1.0;1.0;2.0;RN520;45,8903700;1,2681800;2;520;0.0;;2.0;2;0.0;1.0;1;891;1.0;;;1.0;0.0;1.0;80.0;Haute-Vienne;75;Nouvelle-Aquitaine
201900002643;138Â 301Â 569;A01;1.0;1;2.0;2.0;1995.0;5.0;1.0;;;0.0;0;;;1.0;7.0;0.0;2.0;1.0;2.0;1.0;;8;7;2019;19:45;1.0;87;87085;1;1.0;1.0;2.0;RN520;45,8903700;1,2681800;2;520;0.0;;2.0;2;0.0;1.0;1;891;1.0;;;1.0;0.0;1.0;80.0;Haute-Vienne;75;Nouvelle-Aquitaine
201900002644;138Â 301Â 566;B01;1.0;1;2.0;2.0;1962.0;5.0;1.0;0.0;;0.0;0;;;2.0;7.0;2.0;2.0;6.0;1.0;1.0;;8;7;2019;14:21;1.0;87;87085;2;3.0;1.0;6.0;106 RUBEN (AVENUE ERNEST);45,8235500;1,2511600;4;RUBEN (AVENUE ERNEST);0.0;;1.0;1;0.0;2.0;0;0;1.0;;;1.0;0.0;1.0;50.0;Haute-Vienne;75;Nouvelle-Aquitaine
201900002644;138Â 301Â 567;A01;1.0;1;1.0;1.0;1980.0;4.0;1.0;0.0;;0.0;0;;;1.0;7.0;0.0;2.0;1.0;9.0;1.0;;8;7;2019;14:21;1.0;87;87085;2;3.0;1.0;6.0;106 RUBEN (AVENUE ERNEST);45,8235500;1,2511600;4;RUBEN (AVENUE ERNEST);0.0;;1.0;1;0.0;2.0;0;0;1.0;;;1.0;0.0;1.0;50.0;Haute-Vienne;75;Nouvelle-Aquitaine
201900002645;138Â 301Â 565;A01;10.0;3;2.0;1.0;1980.0;5.0;8.0;0.0;;2.0;3;1.0;;1.0;7.0;0.0;1.0;1.0;1.0;1.0;;8;6;2019;09:15;1.0;84;84007;1;1.0;1.0;6.0;MONTFAVET (Route);43,9410500;4,8263100;4;MONTFAVET (Route);0.0;;2.0;2;0.0;1.0;0;0;1.0;;;1.0;0.0;1.0;50.0;Vaucluse;93;Provence-Alpes-Côte d'Azur
201900002645;138Â 301Â 565;A01;1.0;1;1.0;1.0;1961.0;0.0;1.0;0.0;;0.0;0;;;1.0;7.0;0.0;1.0;1.0;1.0;1.0;;8;6;2019;09:15;1.0;84;84007;1;1.0;1.0;6.0;MONTFAVET (Route);43,9410500;4,8263100;4;MONTFAVET (Route);0.0;;2.0;2;0.0;1.0;0;0;1.0;;;1.0;0.0;1.0;50.0;Vaucluse;93;Provence-Alpes-Côte d'Azur
201900002646;138Â 301Â 564;A01;1.0;1;2.0;1.0;1995.0;5.0;1.0;0.0;;0.0;0;;;0.0;7.0;0.0;1.0;1.0;1.0;1.0;;8;7;2019;22:10;2.0;80;80021;2;1.0;1.0;6.0;146, BD DE SAINT QUENTIN;49,8789300;2,3012700;4;SAINT QUENTIN (BOULEVARD);0.0;;2.0;4;0.0;1.0;0;0;1.0;;;1.0;0.0;1.0;50.0;Somme;32;Hauts-de-France
201900002646;138Â 301Â 564;A01;10.0;3;2.0;1.0;1999.0;5.0;8.0;0.0;;3.0;3;2.0;;0.0;7.0;0.0;1.0;1.0;1.0;1.0;;8;7;2019;22:10;2.0;80;80021;2;1.0;1.0;6.0;146, BD DE SAINT QUENTIN;49,8789300;2,3012700;4;SAINT QUENTIN (BOULEVARD);0.0;;2.0;4;0.0;1.0;0;0;1.0;;;1.0;0.0;1.0;50.0;Somme;32;Hauts-de-France
201900002646;138Â 301Â 564;A01;10.0;3;2.0;2.0;1999.0;5.0;8.0;0.0;;3.0;3;2.0;;0.0;7.0;0.0;1.0;1.0;1.0;1.0;;8;7;2019;22:10;2.0;80;80021;2;1.0;1.0;6.0;146, BD DE SAINT QUENTIN;49,8789300;2,3012700;4;SAINT QUENTIN (BOULEVARD);0.0;;2.0;4;0.0;1.0;0;0;1.0;;;1.0;0.0;1.0;50.0;Somme;32;Hauts-de-France
201900002647;138Â 301Â 563;A01;1.0;1;2.0;1.0;1966.0;5.0;1.0;0.0;;0.0;0;;;1.0;7.0;0.0;1.0;1.0;1.0;1.0;;6;7;2019;15:30;1.0;78;78327;2;1.0;1.0;6.0;RUE DE LA POSTE, nÂ° 29;48,9914100;1,8440500;4;RUE DE LA POSTE;0.0;;2.0;2;0.0;1.0;31;0;1.0;;;1.0;0.0;3.0;30.0;Yvelines;11;Île-de-France
201900002647;138Â 301Â 563;A01;10.0;3;3.0;1.0;2003.0;5.0;8.0;0.0;;2.0;5;1.0;;1.0;7.0;0.0;1.0;1.0;1.0;1.0;;6;7;2019;15:30;1.0;78;78327;2;1.0;1.0;6.0;RUE DE LA POSTE, nÂ° 29;48,9914100;1,8440500;4;RUE DE LA POSTE;0.0;;2.0;2;0.0;1.0;31;0;1.0;;;1.0;0.0;3.0;30.0;Yvelines;11;Île-de-France
201900002648;138Â 301Â 561;A01;1.0;1;1.0;1.0;1982.0;5.0;1.0;0.0;;;0;;;2.0;7.0;0.0;2.0;1.0;17.0;6.0;;6;7;2019;16:10;1.0;77;77114;1;9.0;1.0;3.0;D216 X ACCES NO LIMIT AVENTURE;48,7320358;2,6887816;3;216;0.0;;2.0;2;0.0;1.0;27;781;1.0;;;1.0;0.0;1.0;80.0;Seine-et-Marne;11;Île-de-France
201900002648;138Â 301Â 562;B01;2.0;2;1.0;2.0;1991.0;5.0;1.0;0.0;;;0;;;2.0;7.0;0.0;2.0;3.0;15.0;1.0;;6;7;2019;16:10;1.0;77;77114;1;9.0;1.0;3.0;D216 X ACCES NO LIMIT AVENTURE;48,7320358;2,6887816;3;216;0.0;;2.0;2;0.0;1.0;27;781;1.0;;;1.0;0.0;1.0;80.0;Seine-et-Marne;11;Île-de-France
201900002648;138Â 301Â 562;B01;1.0;1;2.0;2.0;1991.0;5.0;1.0;0.0;;;0;;;2.0;7.0;0.0;2.0;3.0;15.0;1.0;;6;7;2019;16:10;1.0;77;77114;1;9.0;1.0;3.0;D216 X ACCES NO LIMIT AVENTURE;48,7320358;2,6887816;3;216;0.0;;2.0;2;0.0;1.0;27;781;1.0;;;1.0;0.0;1.0;80.0;Seine-et-Marne;11;Île-de-France
201900002648;138Â 301Â 562;B01;3.0;2;2.0;2.0;1986.0;5.0;1.0;0.0;;;0;;;2.0;7.0;0.0;2.0;3.0;15.0;1.0;;6;7;2019;16:10;1.0;77;77114;1;9.0;1.0;3.0;D216 X ACCES NO LIMIT AVENTURE;48,7320358;2,6887816;3;216;0.0;;2.0;2;0.0;1.0;27;781;1.0;;;1.0;0.0;1.0;80.0;Seine-et-Marne;11;Île-de-France
201900002648;138Â 301Â 562;B01;4.0;2;1.0;2.0;1991.0;9.0;1.0;0.0;;;0;;;2.0;7.0;0.0;2.0;3.0;15.0;1.0;;6;7;2019;16:10;1.0;77;77114;1;9.0;1.0;3.0;D216 X ACCES NO LIMIT AVENTURE;48,7320358;2,6887816;3;216;0.0;;2.0;2;0.0;1.0;27;781;1.0;;;1.0;0.0;1.0;80.0;Seine-et-Marne;11;Île-de-France
201900002649;138Â 301Â 559;A01;1.0;1;2.0;1.0;1964.0;4.0;1.0;0.0;;;0;;;2.0;7.0;0.0;2.0;1.0;15.0;1.0;;9;7;2019;14:25;1.0;77;77059;1;3.0;1.0;3.0;D418 X RUE DU GUE LANGLOIS;48,8439200;2,6668600;3;418;0.0;;2.0;2;0.0;1.0;15;80;1.0;;;1.0;0.0;1.0;70.0;Seine-et-Marne;11;Île-de-France
201900002649;138Â 301Â 560;B01;1.0;1;2.0;1.0;1946.0;9.0;1.0;0.0;;;0;;;1.0;7.0;0.0;2.0;8.0;1.0;1.0;;9;7;2019;14:25;1.0;77;77059;1;3.0;1.0;3.0;D418 X RUE DU GUE LANGLOIS;48,8439200;2,6668600;3;418;0.0;;2.0;2;0.0;1.0;15;80;1.0;;;1.0;0.0;1.0;70.0;Seine-et-Marne;11;Île-de-France
201900002650;138Â 301Â 557;A01;1.0;1;2.0;1.0;1997.0;5.0;2.0;6.0;;0.0;0;;;2.0;33.0;0.0;2.0;8.0;3.0;1.0;;8;7;2019;17:20;1.0;76;76498;1;1.0;1.0;6.0;SUD III (RN 338);49,4296400;1,0566500;2;338;0.0;;3.0;4;0.0;1.0;6;500;3.0;;;1.0;0.0;1.0;90.0;Seine-Maritime;28;Normandie
201900002651;138Â 301Â 556;A01;2.0;2;2.0;2.0;1999.0;0.0;1.0;8.0;;0.0;0;;;2.0;7.0;3.0;0.0;2.0;14.0;1.0;;7;7;2019;06:55;1.0;76;76351;1;1.0;1.0;6.0;RD 6382;49,5237500;0,1673700;3;6382;0.0;;3.0;4;0.0;1.0;5;400;2.0;;;1.0;0.0;1.0;90.0;Seine-Maritime;28;Normandie
201900002651;138Â 301Â 556;A01;4.0;2;2.0;2.0;2000.0;0.0;1.0;0.0;;0.0;0;;;2.0;7.0;3.0;0.0;2.0;14.0;1.0;;7;7;2019;06:55;1.0;76;76351;1;1.0;1.0;6.0;RD 6382;49,5237500;0,1673700;3;6382;0.0;;3.0;4;0.0;1.0;5;400;2.0;;;1.0;0.0;1.0;90.0;Seine-Maritime;28;Normandie
201900002651;138Â 301Â 556;A01;1.0;1;2.0;2.0;2000.0;0.0;1.0;8.0;;0.0;0;;;2.0;7.0;3.0;0.0;2.0;14.0;1.0;;7;7;2019;06:55;1.0;76;76351;1;1.0;1.0;6.0;RD 6382;49,5237500;0,1673700;3;6382;0.0;;3.0;4;0.0;1.0;5;400;2.0;;;1.0;0.0;1.0;90.0;Seine-Maritime;28;Normandie
201900002652;138Â 301Â 553;A01;1.0;1;2.0;1.0;2004.0;5.0;2.0;0.0;;0.0;0;;;1.0;30.0;0.0;2.0;4.0;1.0;1.0;;9;7;2019;11:00;1.0;71;71499;2;1.0;1.0;5.0;TOULON (RUE DE);46,6600000;4,2700000;4;TOULON (RUE DE);0.0;;2.0;2;0.0;1.0;0;0;1.0;;;1.0;0.0;1.0;50.0;Saône-et-Loire;27;Bourgogne-Franche-Comté
201900002652;138Â 301Â 554;B01;1.0;1;2.0;1.0;2004.0;5.0;2.0;0.0;;0.0;0;;;0.0;30.0;0.0;2.0;1.0;1.0;1.0;;9;7;2019;11:00;1.0;71;71499;2;1.0;1.0;5.0;TOULON (RUE DE);46,6600000;4,2700000;4;TOULON (RUE DE);0.0;;2.0;2;0.0;1.0;0;0;1.0;;;1.0;0.0;1.0;50.0;Saône-et-Loire;27;Bourgogne-Franche-Comté
201900002652;138Â 301Â 555;C01;1.0;1;2.0;1.0;2004.0;5.0;2.0;0.0;;0.0;0;;;1.0;30.0;0.0;2.0;1.0;1.0;1.0;;9;7;2019;11:00;1.0;71;71499;2;1.0;1.0;5.0;TOULON (RUE DE);46,6600000;4,2700000;4;TOULON (RUE DE);0.0;;2.0;2;0.0;1.0;0;0;1.0;;;1.0;0.0;1.0;50.0;Saône-et-Loire;27;Bourgogne-Franche-Comté
201900002653;138Â 301Â 552;A01;1.0;1;2.0;1.0;1999.0;0.0;1.0;0.0;;0.0;0;;;3.0;7.0;6.0;0.0;1.0;13.0;1.0;;8;7;2019;18:20;1.0;71;71059;2;2.0;1.0;6.0;BEAUSOLEIL (RUE);46,8075900;4,4642500;4;BEAUSOLEIL (RUE);0.0;;2.0;2;0.0;2.0;0;0;1.0;;;1.0;0.0;1.0;50.0;Saône-et-Loire;27;Bourgogne-Franche-Comté
201900002654;138Â 301Â 551;A01;10.0;3;2.0;1.0;1941.0;0.0;8.0;0.0;;1.0;3;1.0;;2.0;7.0;0.0;1.0;7.0;1.0;1.0;;9;7;2019;15:15;1.0;69;69266;2;1.0;1.0;6.0;REPUBLIQUE   (Cours de la);45,7711900;4,8737360;4;REPUBLIQUE   (Cours de la);0.0;;2.0;2;0.0;1.0;0;0;1.0;;;1.0;0.0;1.0;50.0;Rhône;84;Auvergne-Rhône-Alpes
201900002655;138Â 301Â 549;A01;1.0;1;1.0;1.0;1996.0;0.0;1.0;0.0;;0.0;0;;;1.0;10.0;0.0;2.0;8.0;1.0;0.0;;8;7;2019;19:40;1.0;69;69266;2;2.0;1.0;3.0;PAUL VERLAINE       (Rue);45,7647500;4,8803900;4;PAUL VERLAINE       (Rue);0.0;;2.0;2;0.0;1.0;0;0;1.0;;;1.0;0.0;1.0;50.0;Rhône;84;Auvergne-Rhône-Alpes
201900002655;138Â 301Â 550;B01;1.0;1;3.0;1.0;1950.0;0.0;1.0;0.0;;0.0;0;;;1.0;7.0;0.0;2.0;1.0;1.0;0.0;;8;7;2019;19:40;1.0;69;69266;2;2.0;1.0;3.0;PAUL VERLAINE       (Rue);45,7647500;4,8803900;4;PAUL VERLAINE       (Rue);0.0;;2.0;2;0.0;1.0;0;0;1.0;;;1.0;0.0;1.0;50.0;Rhône;84;Auvergne-Rhône-Alpes
201900002656;138Â 301Â 548;A01;1.0;1;1.0;2.0;1972.0;3.0;1.0;0.0;;0.0;0;;;3.0;7.0;0.0;1.0;1.0;1.0;1.0;;9;7;2019;10:15;1.0;69;69091;2;6.0;1.0;6.0;PAIX (DE LA) ( R );45,5843700;4,7498800;4;PAIX (DE LA) ( R );0.0;;2.0;1;0.0;1.0;0;0;2.0;;;1.0;9.0;1.0;50.0;Rhône;84;Auvergne-Rhône-Alpes
201900002656;138Â 301Â 548;A01;10.0;3;3.0;2.0;1956.0;1.0;8.0;0.0;;1.0;3;1.0;;3.0;7.0;0.0;1.0;1.0;1.0;1.0;;9;7;2019;10:15;1.0;69;69091;2;6.0;1.0;6.0;PAIX (DE LA) ( R );45,5843700;4,7498800;4;PAIX (DE LA) ( R );0.0;;2.0;1;0.0;1.0;0;0;2.0;;;1.0;9.0;1.0;50.0;Rhône;84;Auvergne-Rhône-Alpes
201900002657;138Â 301Â 545;A01;1.0;1;2.0;1.0;1979.0;1.0;1.0;8.0;;0.0;0;;;1.0;7.0;0.0;2.0;5.0;1.0;1.0;;5;7;2019;23:30;5.0;67;67482;2;3.0;1.0;3.0;PAUL ELUARD (RUE);48,5874910;7,6994230;4;PAUL ELUARD (RUE);0.0;;1.0;2;1.0;1.0;0;0;1.0;;;1.0;0.0;1.0;50.0;Bas-Rhin;44;Grand Est
201900002657;138Â 301Â 546;B01;1.0;1;2.0;1.0;1989.0;0.0;2.0;8.0;;0.0;0;;;2.0;2.0;0.0;2.0;1.0;1.0;1.0;;5;7;2019;23:30;5.0;67;67482;2;3.0;1.0;3.0;PAUL ELUARD (RUE);48,5874910;7,6994230;4;PAUL ELUARD (RUE);0.0;;1.0;2;1.0;1.0;0;0;1.0;;;1.0;0.0;1.0;50.0;Bas-Rhin;44;Grand Est
201900002658;138Â 301Â 543;B01;1.0;1;2.0;1.0;1984.0;0.0;2.0;6.0;;; -1;;;2.0;32.0;0.0;2.0;3.0;1.0;1.0;;5;7;2019;12:05;1.0;67;67482;2;3.0;1.0;3.0;JACOUTOT (QUAI);48,5916220;7,7823580;4;JACOUTOT (QUAI);0.0;;2.0;3;0.0;1.0;0;0;1.0;;;1.0;0.0;1.0;50.0;Bas-Rhin;44;Grand Est
201900002658;138Â 301Â 544;A01;1.0;1;1.0;1.0;1962.0;1.0;1.0;8.0;;; -1;;;1.0;10.0;0.0;2.0;1.0;15.0;1.0;;5;7;2019;12:05;1.0;67;67482;2;3.0;1.0;3.0;JACOUTOT (QUAI);48,5916220;7,7823580;4;JACOUTOT (QUAI);0.0;;2.0;3;0.0;1.0;0;0;1.0;;;1.0;0.0;1.0;50.0;Bas-Rhin;44;Grand Est
201900002659;138Â 301Â 541;B01;1.0;1;2.0;1.0;1976.0;1.0;1.0;0.0;;0.0;0;;;1.0;7.0;0.0;2.0;4.0;2.0;1.0;;8;7;2019;17:28;1.0;66;66136;2;1.0;1.0;2.0;FRANCE LIBRE (BOULEVARD DE LA);42,7058900;2,9030600;4;FRANCE LIBRE (BOULEVARD DE LA);0.0;;2.0;2;0.0;1.0;0;0;1.0;;;1.0;0.0;1.0;50.0;Pyrénées-Orientales;76;Occitanie
201900002659;138Â 301Â 542;A01;1.0;1;1.0;1.0;1968.0;9.0;1.0;8.0;;0.0;0;;;3.0;7.0;0.0;2.0;1.0;2.0;1.0;;8;7;2019;17:28;1.0;66;66136;2;1.0;1.0;2.0;FRANCE LIBRE (BOULEVARD DE LA);42,7058900;2,9030600;4;FRANCE LIBRE (BOULEVARD DE LA);0.0;;2.0;2;0.0;1.0;0;0;1.0;;;1.0;0.0;1.0;50.0;Pyrénées-Orientales;76;Occitanie
201900002660;138Â 301Â 538;A01;1.0;1;1.0;1.0;1976.0;1.0;1.0;0.0;;0.0;0;;;2.0;10.0;0.0;2.0;1.0;1.0;1.0;;9;7;2019;16:40;1.0;64;64348;2;1.0;1.0;4.0;CHARLES DE GAULLE;43,3156000; -0,4208600;4;CHARLES DE GAULLE;0.0;;2.0;2;0.0;1.0;0;0;1.0;;;1.0;0.0;1.0;50.0;Pyrénées-Atlantiques;75;Nouvelle-Aquitaine
201900002660;138Â 301Â 539;B01;1.0;1;2.0;2.0;1968.0;5.0;1.0;0.0;;0.0;0;;;2.0;7.0;0.0;2.0;4.0;1.0;1.0;;9;7;2019;16:40;1.0;64;64348;2;1.0;1.0;4.0;CHARLES DE GAULLE;43,3156000; -0,4208600;4;CHARLES DE GAULLE;0.0;;2.0;2;0.0;1.0;0;0;1.0;;;1.0;0.0;1.0;50.0;Pyrénées-Atlantiques;75;Nouvelle-Aquitaine
201900002660;138Â 301Â 539;B01;2.0;2;2.0;2.0;1993.0;5.0;1.0;0.0;;0.0;0;;;2.0;7.0;0.0;2.0;4.0;1.0;1.0;;9;7;2019;16:40;1.0;64;64348;2;1.0;1.0;4.0;CHARLES DE GAULLE;43,3156000; -0,4208600;4;CHARLES DE GAULLE;0.0;;2.0;2;0.0;1.0;0;0;1.0;;;1.0;0.0;1.0;50.0;Pyrénées-Atlantiques;75;Nouvelle-Aquitaine
201900002660;138Â 301Â 540;C01;1.0;1;2.0;2.0;1978.0;5.0;1.0;0.0;;0.0;0;;;2.0;7.0;0.0;2.0;4.0;1.0;1.0;;9;7;2019;16:40;1.0;64;64348;2;1.0;1.0;4.0;CHARLES DE GAULLE;43,3156000; -0,4208600;4;CHARLES DE GAULLE;0.0;;2.0;2;0.0;1.0;0;0;1.0;;;1.0;0.0;1.0;50.0;Pyrénées-Atlantiques;75;Nouvelle-Aquitaine
201900002661;138Â 301Â 535;A01;1.0;1;1.0;1.0;1979.0;1.0;1.0;0.0;;;0;;;1.0;10.0;0.0;2.0;3.0;1.0;1.0;;8;7;2019;08:25;1.0;64;64284;2;1.0;2.0;4.0;8 MAI 1945 DU;43,2811000; -0,3865000;3;802;0.0;;2.0;3;0.0;1.0;0;0;1.0;;;2.0;4.0;1.0;50.0;Pyrénées-Atlantiques;75;Nouvelle-Aquitaine
201900002661;138Â 301Â 536;B01;2.0;2;2.0;1.0;1996.0;1.0;1.0;0.0;;;0;;;1.0;7.0;0.0;2.0;1.0;1.0;1.0;;8;7;2019;08:25;1.0;64;64284;2;1.0;2.0;4.0;8 MAI 1945 DU;43,2811000; -0,3865000;3;802;0.0;;2.0;3;0.0;1.0;0;0;1.0;;;2.0;4.0;1.0;50.0;Pyrénées-Atlantiques;75;Nouvelle-Aquitaine
201900002661;138Â 301Â 536;B01;1.0;1;1.0;1.0;1997.0;1.0;1.0;0.0;;;0;;;1.0;7.0;0.0;2.0;1.0;1.0;1.0;;8;7;2019;08:25;1.0;64;64284;2;1.0;2.0;4.0;8 MAI 1945 DU;43,2811000; -0,3865000;3;802;0.0;;2.0;3;0.0;1.0;0;0;1.0;;;2.0;4.0;1.0;50.0;Pyrénées-Atlantiques;75;Nouvelle-Aquitaine
201900002661;138Â 301Â 537;C01;1.0;1;1.0;1.0;1966.0;1.0;1.0;0.0;;;0;;;1.0;7.0;0.0;2.0;4.0;1.0;1.0;;8;7;2019;08:25;1.0;64;64284;2;1.0;2.0;4.0;8 MAI 1945 DU;43,2811000; -0,3865000;3;802;0.0;;2.0;3;0.0;1.0;0;0;1.0;;;2.0;4.0;1.0;50.0;Pyrénées-Atlantiques;75;Nouvelle-Aquitaine
201900002662;138Â 301Â 534;A01;1.0;1;1.0;2.0;2004.0;5.0;2.0;6.0;;0.0;0;;;1.0;30.0;0.0;1.0;1.0;17.0;1.0;;8;7;2019;12:15;1.0;64;64125;2;1.0;1.0;6.0;CHABADENIA (AVENUE);43,4382496; -1,5892107;3;810;0.0;;2.0;2;0.0;4.0;17;700;1.0;;;1.0;0.0;1.0;30.0;Pyrénées-Atlantiques;75;Nouvelle-Aquitaine
201900002662;138Â 301Â 534;A01;1.0;2;1.0;2.0;2004.0;5.0;2.0;6.0;;0.0;0;;;1.0;30.0;0.0;1.0;1.0;17.0;1.0;;8;7;2019;12:15;1.0;64;64125;2;1.0;1.0;6.0;CHABADENIA (AVENUE);43,4382496; -1,5892107;3;810;0.0;;2.0;2;0.0;4.0;17;700;1.0;;;1.0;0.0;1.0;30.0;Pyrénées-Atlantiques;75;Nouvelle-Aquitaine
201900002662;138Â 301Â 534;A01;10.0;3;3.0;2.0;1966.0;5.0;8.0;0.0;;4.0;3;2.0;;1.0;30.0;0.0;1.0;1.0;17.0;1.0;;8;7;2019;12:15;1.0;64;64125;2;1.0;1.0;6.0;CHABADENIA (AVENUE);43,4382496; -1,5892107;3;810;0.0;;2.0;2;0.0;4.0;17;700;1.0;;;1.0;0.0;1.0;30.0;Pyrénées-Atlantiques;75;Nouvelle-Aquitaine
201900002663;138Â 301Â 533;A01;1.0;1;2.0;2.0;1980.0;1.0;2.0;6.0;;0.0;0;;;2.0;33.0;0.0;0.0;0.0;14.0;1.0;;9;7;2019;13:15;1.0;61;61117;1;1.0;1.0;7.0;D 112;48,4359250;0,0209730;3;112;0.0;;2.0;2;0.0;2.0;9;200;2.0;;;1.0;0.0;1.0;70.0;Orne;28;Normandie
201900002664;138Â 301Â 532;A01;1.0;1;1.0;1.0;1968.0;4.0;1.0;0.0;;;0;;;0.0;10.0;0.0;1.0;3.0;1.0;6.0;;8;7;2019;09:25;1.0;60;60463;2;1.0;7.0;6.0;EUROPE (AVENUE DE L');49,2702800;2,4824500;9;EUROPE (AVENUE DE L');0.0;;1.0;1;0.0;1.0;(1);(1);1.0;;;1.0;6.0;1.0;50.0;Oise;32;Hauts-de-France
201900002664;138Â 301Â 532;A01;10.0;3;3.0;1.0;1957.0;3.0;8.0;0.0;;3.0;3;1.0;;0.0;10.0;0.0;1.0;3.0;1.0;6.0;;8;7;2019;09:25;1.0;60;60463;2;1.0;7.0;6.0;EUROPE (AVENUE DE L');49,2702800;2,4824500;9;EUROPE (AVENUE DE L');0.0;;1.0;1;0.0;1.0;(1);(1);1.0;;;1.0;6.0;1.0;50.0;Oise;32;Hauts-de-France
201900002665;138Â 301Â 530;B01;1.0;1;1.0;2.0;1989.0;0.0;1.0;0.0;;;0;;;2.0;7.0;0.0;2.0;7.0;1.0;1.0;;9;7;2019;23:20;5.0;59;59599;2;2.0;1.0;3.0;WATT (CHAUSSEE);50,7243980;3,1340220;4;WATT (CHAUSSEE);0.0;;3.0;4;0.0;4.0;0;100;1.0;;;1.0;0.0;1.0;50.0;Nord;32;Hauts-de-France
201900002665;138Â 301Â 531;Z01;1.0;1;1.0;1.0;2001.0;0.0;8.0;0.0;;;0;;;2.0;99.0;0.0;2.0;1.0;19.0;0.0;;9;7;2019;23:20;5.0;59;59599;2;2.0;1.0;3.0;WATT (CHAUSSEE);50,7243980;3,1340220;4;WATT (CHAUSSEE);0.0;;3.0;4;0.0;4.0;0;100;1.0;;;1.0;0.0;1.0;50.0;Nord;32;Hauts-de-France
201900002665;138Â 301Â 531;Z01;2.0;2;3.0;1.0;2004.0;0.0;8.0;0.0;;;0;;;2.0;99.0;0.0;2.0;1.0;19.0;0.0;;9;7;2019;23:20;5.0;59;59599;2;2.0;1.0;3.0;WATT (CHAUSSEE);50,7243980;3,1340220;4;WATT (CHAUSSEE);0.0;;3.0;4;0.0;4.0;0;100;1.0;;;1.0;0.0;1.0;50.0;Nord;32;Hauts-de-France
201900002666;138Â 301Â 529;A01;2.0;2;1.0;2.0;1999.0;9.0;8.0;0.0;;;0;;;1.0;7.0;1.0;0.0;1.0;13.0;1.0;;6;7;2019;05:40;2.0;59;59392;2;1.0;1.0;1.0;MONS (ROUTE DE);50,3130690;3,9774790;2;2;0.0;;2.0;2;0.0;1.0;1;0;1.0;;;1.0;9.0;3.0;50.0;Nord;32;Hauts-de-France
201900002666;138Â 301Â 529;A01;1.0;1;3.0;1.0;1996.0;9.0;8.0;0.0;;;0;;;1.0;7.0;1.0;0.0;1.0;13.0;1.0;;6;7;2019;05:40;2.0;59;59392;2;1.0;1.0;1.0;MONS (ROUTE DE);50,3130690;3,9774790;2;2;0.0;;2.0;2;0.0;1.0;1;0;1.0;;;1.0;9.0;3.0;50.0;Nord;32;Hauts-de-France
201900002667;138Â 301Â 527;A01;10.0;3;4.0;2.0;1980.0;1.0;8.0;0.0;;2.0;3;1.0;;3.0;7.0;0.0;1.0;1.0;26.0;6.0;;9;7;2019;06:40;2.0;59;59043;2;1.0;1.0;6.0;NATIONS UNIES (AVENUE DES);50,7259120;2,7394900;4;NATIONS UNIES (AVENUE DES);0.0;;2.0;2;0.0;1.0;10;0;1.0;;;1.0;6.0;1.0;30.0;Nord;32;Hauts-de-France
201900002667;138Â 301Â 527;A01;1.0;1;1.0;1.0;1982.0;1.0;1.0;0.0;;; -1;;;3.0;7.0;0.0;1.0;1.0;26.0;6.0;;9;7;2019;06:40;2.0;59;59043;2;1.0;1.0;6.0;NATIONS UNIES (AVENUE DES);50,7259120;2,7394900;4;NATIONS UNIES (AVENUE DES);0.0;;2.0;2;0.0;1.0;10;0;1.0;;;1.0;6.0;1.0;30.0;Nord;32;Hauts-de-France
201900002668;138Â 301Â 526;A01;1.0;1;1.0;1.0;1964.0;5.0;1.0;8.0;;; -1;;;1.0;7.0;0.0;1.0;3.0;15.0;1.0;;8;7;2019;21:35;1.0;57;57463;2;1.0;1.0;6.0;FOCH (AVENUE );49,1113900;6,1738100;4;FOCH (AVENUE );0.0;;1.0;1;3.0;1.0;0;0;2.0;;;1.0;0.0;1.0;30.0;Moselle;44;Grand Est
201900002668;138Â 301Â 526;A01;10.0;3;4.0;2.0;1980.0;0.0;8.0;0.0;;8.0;4;1.0;;1.0;7.0;0.0;1.0;3.0;15.0;1.0;;8;7;2019;21:35;1.0;57;57463;2;1.0;1.0;6.0;FOCH (AVENUE );49,1113900;6,1738100;4;FOCH (AVENUE );0.0;;1.0;1;3.0;1.0;0;0;2.0;;;1.0;0.0;1.0;30.0;Moselle;44;Grand Est