Num_Acc;id_vehicule;num_veh;place;catu;grav;sexe;an_nais;trajet;secu1;secu2;secu3;locp;actp;etatp;id_usager;senc;catv;obs;obsm;choc;manv;motor;occutc;jour;mois;an;hrmn;lum;dep;com;agg;int;atm;col;adr;lat;long;catr;voie;v1;v2;circ;nbv;vosp;prof;pr;pr1;plan;lartpc;larrout;surf;infra;situ;vma;nom_departement;reg;nom_region
201900002669;138Â 301Â 524;B01;1.0;1;2.0;2.0;1981.0;0.0;1.0;8.0;;0.0;0;;;1.0;7.0;0.0;2.0;2.0;1.0;1.0;;8;7;2019;08:45;1.0;56;56121;2;1.0;1.0;3.0;MULLER ( DU COLONEL JEAN );47,7629900; -3,3932800;4;MULLER ( DU COLONEL JEAN );0.0;;2.0;2;0.0;1.0;(1);(1);1.0;;;1.0;0.0;1.0;50.0;Morbihan;53;Bretagne
201900002669;138Â 301Â 525;A01;1.0;1;1.0;1.0;1997.0;0.0;1.0;8.0;;0.0;0;;;1.0;7.0;0.0;2.0;1.0;9.0;1.0;;8;7;2019;08:45;1.0;56;56121;2;1.0;1.0;3.0;MULLER ( DU COLONEL JEAN );47,7629900; -3,3932800;4;MULLER ( DU COLONEL JEAN );0.0;;2.0;2;0.0;1.0;(1);(1);1.0;;;1.0;0.0;1.0;50.0;Morbihan;53;Bretagne
201900002670;138Â 301Â 522;A01;10.0;3;2.0;1.0;1938.0;0.0;8.0;0.0;;3.0;3;1.0;;1.0;7.0;0.0;1.0;2.0;1.0;0.0;;27;6;2019;10:29;1.0;51;51230;2;1.0;1.0;7.0;AVENUE DU MARECHAL FOCH;49,0381043;3,9492263;3;951;0.0;;;2;0.0;1.0;(1);(1);1.0;;;1.0;0.0;1.0;50.0;Marne;44;Grand Est
201900002670;138Â 301Â 522;A01;1.0;1;1.0;2.0;1990.0;0.0;1.0;0.0;;0.0;0;;;1.0;7.0;0.0;1.0;2.0;1.0;0.0;;27;6;2019;10:29;1.0;51;51230;2;1.0;1.0;7.0;AVENUE DU MARECHAL FOCH;49,0381043;3,9492263;3;951;0.0;;;2;0.0;1.0;(1);(1);1.0;;;1.0;0.0;1.0;50.0;Marne;44;Grand Est
201900002671;138Â 301Â 521;A01;1.0;1;2.0;1.0;1998.0;1.0;2.0;0.0;;0.0;0;;;0.0;1.0;0.0;0.0;1.0;15.0;6.0;;27;5;2019;17:45;1.0;50;50647;2;6.0;1.0;7.0;CONILLOT (RUE DU);48,8403800; -1,5591900;3;135;0.0;;2.0;2;0.0;1.0;3;710;1.0;;;1.0;0.0;3.0;50.0;Manche;28;Normandie
201900002672;138Â 301Â 519;B01;1.0;1;1.0;1.0;1996.0;5.0;1.0;0.0;;0.0;0;;;3.0;7.0;0.0;2.0;1.0;1.0;1.0;;9;7;2019;14:50;1.0;45;45286;2;2.0;1.0;3.0;AV G GALLOUX - R DE LA CORNAILLERE;47,8704515;1,9322094;4;AV G GALLOUX;0.0;;1.0;2;0.0;2.0;(1);(1);1.0;;;1.0;0.0;1.0;50.0;Loiret;24;Centre-Val de Loire
201900002672;138Â 301Â 520;A01;2.0;2;2.0;2.0;1944.0;5.0;1.0;0.0;;0.0;0;;;3.0;7.0;0.0;2.0;8.0;16.0;1.0;;9;7;2019;14:50;1.0;45;45286;2;2.0;1.0;3.0;AV G GALLOUX - R DE LA CORNAILLERE;47,8704515;1,9322094;4;AV G GALLOUX;0.0;;1.0;2;0.0;2.0;(1);(1);1.0;;;1.0;0.0;1.0;50.0;Loiret;24;Centre-Val de Loire
201900002672;138Â 301Â 520;A01;1.0;1;2.0;2.0;1942.0;5.0;1.0;0.0;;0.0;0;;;3.0;7.0;0.0;2.0;8.0;16.0;1.0;;9;7;2019;14:50;1.0;45;45286;2;2.0;1.0;3.0;AV G GALLOUX - R DE LA CORNAILLERE;47,8704515;1,9322094;4;AV G GALLOUX;0.0;;1.0;2;0.0;2.0;(1);(1);1.0;;;1.0;0.0;1.0;50.0;Loiret;24;Centre-Val de Loire
201900002673;138Â 301Â 518;A01;1.0;1;2.0;1.0;1967.0;0.0;1.0;0.0;;0.0;0;;;1.0;7.0;0.0;0.0;0.0;26.0;1.0;;9;7;2019;16:55;1.0;45;45302;1;1.0;1.0;6.0; RD 970102 - bretelle accÃ¨s tangentielle;47,9400900;1,8878800;3;970102;0.0;;1.0;1;0.0;2.0;1;200;3.0;;;1.0;3.0;1.0;70.0;Loiret;24;Centre-Val de Loire
201900002674;138Â 301Â 517;A01;1.0;1;1.0;1.0;1974.0;4.0;1.0;0.0;;0.0;0;;;3.0;20.0;0.0;1.0;2.0;15.0;1.0;;9;7;2019;08:10;2.0;45;45286;2;1.0;7.0;6.0;RUE DE LA CORNAILLERE;47,8704845;1,9323103;4;RUE DE LA CORNAILLERE;0.0;;1.0;1;0.0;1.0;(1);(1);1.0;;;1.0;5.0;1.0;50.0;Loiret;24;Centre-Val de Loire
201900002674;138Â 301Â 517;A01;10.0;3;3.0;1.0;1983.0;0.0;8.0;0.0;;3.0;3;1.0;;3.0;20.0;0.0;1.0;2.0;15.0;1.0;;9;7;2019;08:10;2.0;45;45286;2;1.0;7.0;6.0;RUE DE LA CORNAILLERE;47,8704845;1,9323103;4;RUE DE LA CORNAILLERE;0.0;;1.0;1;0.0;1.0;(1);(1);1.0;;;1.0;5.0;1.0;50.0;Loiret;24;Centre-Val de Loire
201900002675;138Â 301Â 515;A01;1.0;1;3.0;2.0;1995.0;5.0;2.0;6.0;;;0;;;2.0;31.0;0.0;2.0;1.0;2.0;1.0;;8;7;2019;09:40;1.0;44;44184;2;1.0;1.0;1.0;RTE DES BASSINS;47,2838780; -2,2415380;4;;0.0;;2.0;2;0.0;4.0;0;1;1.0;;;1.0;0.0;1.0;50.0;Loire-Atlantique;52;Pays de la Loire
201900002675;138Â 301Â 516;B01;2.0;2;1.0;2.0;1995.0;5.0;1.0;8.0;;;0;;;2.0;7.0;0.0;2.0;6.0;1.0;1.0;;8;7;2019;09:40;1.0;44;44184;2;1.0;1.0;1.0;RTE DES BASSINS;47,2838780; -2,2415380;4;;0.0;;2.0;2;0.0;4.0;0;1;1.0;;;1.0;0.0;1.0;50.0;Loire-Atlantique;52;Pays de la Loire
201900002675;138Â 301Â 516;B01;1.0;1;1.0;2.0;1995.0;5.0;1.0;8.0;;;0;;;2.0;7.0;0.0;2.0;6.0;1.0;1.0;;8;7;2019;09:40;1.0;44;44184;2;1.0;1.0;1.0;RTE DES BASSINS;47,2838780; -2,2415380;4;;0.0;;2.0;2;0.0;4.0;0;1;1.0;;;1.0;0.0;1.0;50.0;Loire-Atlantique;52;Pays de la Loire
201900002676;138Â 301Â 511;B01;1.0;1;1.0;1.0;1961.0;9.0;1.0;8.0;;;0;;;3.0;10.0;0.0;2.0;8.0;1.0;1.0;;9;7;2019;17:30;1.0;37;37208;2;2.0;1.0;3.0;BELLERIE (RUE DE LA);47,3502651;0,7404631;4;BELLERIE (RUE DE LA);0.0;;2.0;2;0.0;2.0;0;0;1.0;;;1.0;0.0;1.0;50.0;Indre-et-Loire;24;Centre-Val de Loire
201900002676;138Â 301Â 512;A01;1.0;1;2.0;2.0;2007.0;5.0;2.0;0.0;;;0;;;3.0;1.0;0.0;2.0;1.0;16.0;5.0;;9;7;2019;17:30;1.0;37;37208;2;2.0;1.0;3.0;BELLERIE (RUE DE LA);47,3502651;0,7404631;4;BELLERIE (RUE DE LA);0.0;;2.0;2;0.0;2.0;0;0;1.0;;;1.0;0.0;1.0;50.0;Indre-et-Loire;24;Centre-Val de Loire
201900002677;138Â 301Â 510;A01;1.0;1;2.0;2.0;2000.0;9.0;2.0;6.0;;0.0;0;;;0.0;30.0;0.0;0.0;8.0;1.0;1.0;;8;7;2019;10:01;1.0;36;36044;2;6.0;1.0;7.0;GIRATOIRE LUCIE AUBRAC;46,8113800;1,6850200;4;GIRATOIRE LUCIE AUBRAC;0.0;;1.0;1;0.0;1.0;0;0;2.0;;;1.0;0.0;1.0;50.0;Indre;24;Centre-Val de Loire
201900002678;138Â 301Â 509;A01;10.0;3;2.0;1.0;1997.0;9.0;8.0;0.0;;4.0;3;1.0;;1.0;7.0;0.0;1.0;1.0;1.0;1.0;;9;7;2019;17:50;1.0;35;35238;2;2.0;1.0;6.0;JANVIER (AVENUE JEAN);48,1097800; -1,6740500;4;JANVIER (AVENUE JEAN);0.0;;3.0;4;1.0;1.0;0;0;1.0;;;1.0;0.0;1.0;50.0;Ille-et-Vilaine;53;Bretagne
201900002678;138Â 301Â 509;A01;1.0;1;1.0;1.0;1994.0;1.0;1.0;0.0;;; -1;;;1.0;7.0;0.0;1.0;1.0;1.0;1.0;;9;7;2019;17:50;1.0;35;35238;2;2.0;1.0;6.0;JANVIER (AVENUE JEAN);48,1097800; -1,6740500;4;JANVIER (AVENUE JEAN);0.0;;3.0;4;1.0;1.0;0;0;1.0;;;1.0;0.0;1.0;50.0;Ille-et-Vilaine;53;Bretagne
201900002679;138Â 301Â 508;A01;1.0;1;1.0;1.0;1963.0;4.0;8.0;0.0;;;0;;;2.0;38.0;1.0;1.0;8.0;21.0;1.0;1.0;9;7;2019;08:35;1.0;35;35238;2;9.0;1.0;6.0;MAGENTA (BD);48,1043240; -1,6735080;4;MAGENTA (BD);0.0;;2.0;2;0.0;1.0;0;0;1.0;;;1.0;0.0;1.0;30.0;Ille-et-Vilaine;53;Bretagne
201900002679;138Â 301Â 508;A01;10.0;3;3.0;1.0;1973.0;4.0;8.0;0.0;;1.0;1;1.0;;2.0;38.0;1.0;1.0;8.0;21.0;1.0;1.0;9;7;2019;08:35;1.0;35;35238;2;9.0;1.0;6.0;MAGENTA (BD);48,1043240; -1,6735080;4;MAGENTA (BD);0.0;;2.0;2;0.0;1.0;0;0;1.0;;;1.0;0.0;1.0;30.0;Ille-et-Vilaine;53;Bretagne
201900002680;138Â 301Â 506;B01;1.0;1;1.0;1.0;1958.0;0.0;1.0;0.0;;;0;;;1.0;7.0;0.0;1.0;2.0;1.0;1.0;;8;7;2019;17:15;1.0;35;35281;2;2.0;7.0;3.0;ALBERT 1ER (BD);48,0902936; -1,6927318;4;ALBERT 1ER (BD);0.0;;2.0;4;0.0;1.0;0;0;1.0;;;1.0;0.0;1.0;50.0;Ille-et-Vilaine;53;Bretagne
201900002680;138Â 301Â 507;A01;1.0;1;2.0;1.0;1993.0;1.0;2.0;6.0;;;0;;;2.0;1.0;0.0;2.0;1.0;15.0;5.0;;8;7;2019;17:15;1.0;35;35281;2;2.0;7.0;3.0;ALBERT 1ER (BD);48,0902936; -1,6927318;4;ALBERT 1ER (BD);0.0;;2.0;4;0.0;1.0;0;0;1.0;;;1.0;0.0;1.0;50.0;Ille-et-Vilaine;53;Bretagne
201900002681;138Â 301Â 503;C01;1.0;1;2.0;2.0;1988.0;1.0;1.0;0.0;;; -1;;;2.0;7.0;0.0;2.0;4.0;2.0;1.0;;8;7;2019;08:50;1.0;35;35206;1;1.0;1.0;4.0;ROCADE 6-7;48,0797900; -1,6833800;2;136;0.0;;3.0;4;0.0;1.0;9;700;1.0;;;1.0;0.0;1.0;90.0;Ille-et-Vilaine;53;Bretagne
201900002681;138Â 301Â 504;B01;1.0;1;1.0;1.0;1962.0;1.0;1.0;4.0;;;0;;;2.0;7.0;0.0;2.0;4.0;2.0;1.0;;8;7;2019;08:50;1.0;35;35206;1;1.0;1.0;4.0;ROCADE 6-7;48,0797900; -1,6833800;2;136;0.0;;3.0;4;0.0;1.0;9;700;1.0;;;1.0;0.0;1.0;90.0;Ille-et-Vilaine;53;Bretagne
201900002681;138Â 301Â 505;A01;1.0;1;2.0;1.0;1975.0;1.0;1.0;8.0;;;0;;;2.0;10.0;0.0;2.0;1.0;2.0;1.0;;8;7;2019;08:50;1.0;35;35206;1;1.0;1.0;4.0;ROCADE 6-7;48,0797900; -1,6833800;2;136;0.0;;3.0;4;0.0;1.0;9;700;1.0;;;1.0;0.0;1.0;90.0;Ille-et-Vilaine;53;Bretagne
201900002682;138Â 301Â 501;B01;1.0;1;2.0;2.0;1983.0;5.0;1.0;8.0;;0.0;0;;;1.0;7.0;0.0;2.0;1.0;1.0;1.0;;9;7;2019;16:50;1.0;34;34172;2;9.0;1.0;2.0;GANGES (ROUTE DE;43,6462900;3,8422400;3;986;0.0;;3.0;5;0.0;1.0;40;872;1.0;;;1.0;3.0;1.0;70.0;Hérault;76;Occitanie
201900002682;138Â 301Â 502;A01;1.0;1;2.0;2.0;1994.0;5.0;1.0;8.0;;0.0;0;;;1.0;7.0;0.0;2.0;6.0;9.0;1.0;;9;7;2019;16:50;1.0;34;34172;2;9.0;1.0;2.0;GANGES (ROUTE DE;43,6462900;3,8422400;3;986;0.0;;3.0;5;0.0;1.0;40;872;1.0;;;1.0;3.0;1.0;70.0;Hérault;76;Occitanie
201900002683;138Â 301Â 499;B01;1.0;1;2.0;1.0;1988.0;9.0;8.0;0.0;;0.0;0;;;1.0;1.0;0.0;2.0;0.0;1.0;0.0;;9;7;2019;13:10;1.0;34;34172;2;9.0;1.0;3.0;PONT DE LATTES (RUE DU);43,6042871;3,8835333;4;PONT DE LATTES (RUE DU);0.0;;2.0;2;3.0;2.0;(1);(1);1.0;;;2.0;0.0;1.0;50.0;Hérault;76;Occitanie
201900002683;138Â 301Â 500;A01;1.0;1;1.0;1.0;1988.0;4.0;1.0;0.0;;0.0;0;;;1.0;7.0;0.0;1.0;0.0;0.0;6.0;;9;7;2019;13:10;1.0;34;34172;2;9.0;1.0;3.0;PONT DE LATTES (RUE DU);43,6042871;3,8835333;4;PONT DE LATTES (RUE DU);0.0;;2.0;2;3.0;2.0;(1);(1);1.0;;;2.0;0.0;1.0;50.0;Hérault;76;Occitanie
201900002684;138Â 301Â 497;A01;1.0;1;3.0;1.0;1992.0;0.0;2.0;6.0;;0.0;0;;;0.0;32.0;0.0;2.0;2.0;17.0;1.0;;8;7;2019;18:35;1.0;34;34003;1;1.0;1.0;3.0;NEUF AGDE-LA TAMARISSIERE (L6 A G10;43,3051900;3,4575600;4;NEUF AGDE-LA TAMARISSIERE (L6 A G10;0.0;;2.0;0;0.0;1.0;(1);(1);1.0;;;1.0;0.0;1.0;70.0;Hérault;76;Occitanie
201900002684;138Â 301Â 498;B01;1.0;1;1.0;1.0;1975.0;5.0;1.0;8.0;;0.0;0;;;0.0;7.0;0.0;2.0;8.0;15.0;1.0;;8;7;2019;18:35;1.0;34;34003;1;1.0;1.0;3.0;NEUF AGDE-LA TAMARISSIERE (L6 A G10;43,3051900;3,4575600;4;NEUF AGDE-LA TAMARISSIERE (L6 A G10;0.0;;2.0;0;0.0;1.0;(1);(1);1.0;;;1.0;0.0;1.0;70.0;Hérault;76;Occitanie
201900002685;138Â 301Â 495;B01;1.0;1;2.0;1.0;1999.0;1.0;2.0;8.0;;0.0;0;;;1.0;30.0;0.0;2.0;5.0;1.0;1.0;;14;6;2019;19:00;1.0;33;33063;2;2.0;1.0;3.0;CRS PORTAL;44,8543100; -0,5722400;4;CRS PORTAL;0.0;;2.0;2;0.0;1.0;0;0;1.0;;;1.0;0.0;1.0;50.0;Gironde;75;Nouvelle-Aquitaine
201900002685;138Â 301Â 496;A01;1.0;1;1.0;1.0;1991.0;0.0;1.0;0.0;;0.0;0;;;1.0;7.0;0.0;2.0;3.0;13.0;1.0;;14;6;2019;19:00;1.0;33;33063;2;2.0;1.0;3.0;CRS PORTAL;44,8543100; -0,5722400;4;CRS PORTAL;0.0;;2.0;2;0.0;1.0;0;0;1.0;;;1.0;0.0;1.0;50.0;Gironde;75;Nouvelle-Aquitaine
201900002686;138Â 301Â 493;A01;1.0;1;4.0;1.0;1999.0;5.0;2.0;0.0;;; -1;;;1.0;30.0;0.0;2.0;1.0;15.0;1.0;;8;7;2019;23:05;5.0;33;33069;2;2.0;1.0;3.0;Bd Pierre 1er / Av de Tivoli;44,8570500; -0,5911200;4;BD PIERRE 1ER;0.0;;2.0;8;2.0;1.0;0;0;1.0;;;1.0;0.0;1.0;50.0;Gironde;75;Nouvelle-Aquitaine
201900002686;138Â 301Â 494;B01;1.0;1;1.0;1.0;1996.0;5.0;1.0;0.0;;; -1;;;2.0;7.0;0.0;2.0;1.0;1.0;1.0;;8;7;2019;23:05;5.0;33;33069;2;2.0;1.0;3.0;Bd Pierre 1er / Av de Tivoli;44,8570500; -0,5911200;4;BD PIERRE 1ER;0.0;;2.0;8;2.0;1.0;0;0;1.0;;;1.0;0.0;1.0;50.0;Gironde;75;Nouvelle-Aquitaine
201900002687;138Â 301Â 491;A01;1.0;1;2.0;1.0;2000.0;5.0;1.0;0.0;;0.0;0;;;2.0;7.0;12.0;0.0;1.0;13.0;1.0;;8;7;2019;19:45;1.0;33;33063;2;2.0;1.0;3.0;Fin du Pont Jacques Chaban Delmas - sens Quai de Brazza vers Bacalan;44,8601700; -0,5535500;4;BACALAN (QUAI DE);0.0;;2.0;7;2.0;2.0;0;0;1.0;;;1.0;0.0;8.0;50.0;Gironde;75;Nouvelle-Aquitaine
201900002687;138Â 301Â 491;A01;2.0;2;1.0;1.0;2000.0;5.0;1.0;;;; -1;;;2.0;7.0;12.0;0.0;1.0;13.0;1.0;;8;7;2019;19:45;1.0;33;33063;2;2.0;1.0;3.0;Fin du Pont Jacques Chaban Delmas - sens Quai de Brazza vers Bacalan;44,8601700; -0,5535500;4;BACALAN (QUAI DE);0.0;;2.0;7;2.0;2.0;0;0;1.0;;;1.0;0.0;8.0;50.0;Gironde;75;Nouvelle-Aquitaine
201900002688;138Â 301Â 490;A01;1.0;1;2.0;1.0;1991.0;0.0;8.0;0.0;;; -1;;;0.0;7.0;1.0;0.0;3.0;1.0;1.0;;7;7;2019;00:25;5.0;33;33550;2;1.0;1.0;6.0;RUE DE CHAMBERY;44,7638300; -0,5630600;4;RUE DE CHAMBERY;0.0;;2.0;2;0.0;1.0;0;0;1.0;;;1.0;0.0;1.0;50.0;Gironde;75;Nouvelle-Aquitaine
201900002689;138Â 301Â 488;A01;1.0;1;1.0;1.0;1944.0;5.0;1.0;0.0;;0.0;0;;;2.0;7.0;0.0;2.0;3.0;15.0;1.0;;8;7;2019;10:20;1.0;33;33063;2;3.0;1.0;3.0;Crs Victor Hugo / Pl de la Ferme de Richemont;44,8349960; -0,5720710;4;CRS VICTOR HUGO;0.0;;3.0;4;2.0;1.0;0;0;1.0;;;1.0;0.0;1.0;30.0;Gironde;75;Nouvelle-Aquitaine
201900002689;138Â 301Â 489;B01;1.0;1;3.0;1.0;1975.0;5.0;8.0;0.0;;0.0;0;;;1.0;32.0;0.0;2.0;6.0;18.0;1.0;;8;7;2019;10:20;1.0;33;33063;2;3.0;1.0;3.0;Crs Victor Hugo / Pl de la Ferme de Richemont;44,8349960; -0,5720710;4;CRS VICTOR HUGO;0.0;;3.0;4;2.0;1.0;0;0;1.0;;;1.0;0.0;1.0;30.0;Gironde;75;Nouvelle-Aquitaine
201900002690;138Â 301Â 486;B01;1.0;1;2.0;1.0;1988.0;1.0;2.0;0.0;;;0;;;2.0;33.0;0.0;2.0;8.0;1.0;1.0;;8;7;2019;17:58;1.0;31;31555;2;1.0;1.0;3.0;EISENHOWER (AVENUE DU GENERAL);43,5589500;1,3985100;3;120;0.0;A;2.0;4;0.0;1.0;0;0;1.0;;;1.0;0.0;1.0;30.0;Haute-Garonne;76;Occitanie
201900002690;138Â 301Â 487;A01;1.0;1;1.0;2.0;1969.0;1.0;1.0;0.0;;;0;;;1.0;7.0;0.0;2.0;1.0;15.0;1.0;;8;7;2019;17:58;1.0;31;31555;2;1.0;1.0;3.0;EISENHOWER (AVENUE DU GENERAL);43,5589500;1,3985100;3;120;0.0;A;2.0;4;0.0;1.0;0;0;1.0;;;1.0;0.0;1.0;30.0;Haute-Garonne;76;Occitanie
201900002691;138Â 301Â 481;E01;1.0;1;2.0;1.0;1996.0;9.0;1.0;8.0;;;0;;;2.0;7.0;0.0;2.0;1.0;1.0;1.0;;8;7;2019;07:40;1.0;31;31557;1;1.0;1.0;5.0;RAMELET MOUNDI (CH DE);43,5797300;1,3606900;3;50;0.0;;2.0;2;0.0;1.0;0;0;1.0;;;1.0;0.0;1.0;50.0;Haute-Garonne;76;Occitanie
201900002691;138Â 301Â 482;D01;1.0;1;1.0;1.0;1972.0;9.0;1.0;8.0;;;0;;;2.0;7.0;0.0;2.0;3.0;1.0;1.0;;8;7;2019;07:40;1.0;31;31557;1;1.0;1.0;5.0;RAMELET MOUNDI (CH DE);43,5797300;1,3606900;3;50;0.0;;2.0;2;0.0;1.0;0;0;1.0;;;1.0;0.0;1.0;50.0;Haute-Garonne;76;Occitanie
201900002691;138Â 301Â 483;C01;1.0;1;1.0;1.0;1961.0;4.0;1.0;7.0;;;0;;;2.0;14.0;0.0;2.0;8.0;1.0;1.0;;8;7;2019;07:40;1.0;31;31557;1;1.0;1.0;5.0;RAMELET MOUNDI (CH DE);43,5797300;1,3606900;3;50;0.0;;2.0;2;0.0;1.0;0;0;1.0;;;1.0;0.0;1.0;50.0;Haute-Garonne;76;Occitanie
201900002691;138Â 301Â 484;B01;1.0;1;1.0;1.0;1960.0;9.0;1.0;8.0;;;0;;;2.0;7.0;0.0;2.0;3.0;0.0;1.0;;8;7;2019;07:40;1.0;31;31557;1;1.0;1.0;5.0;RAMELET MOUNDI (CH DE);43,5797300;1,3606900;3;50;0.0;;2.0;2;0.0;1.0;0;0;1.0;;;1.0;0.0;1.0;50.0;Haute-Garonne;76;Occitanie
201900002691;138Â 301Â 485;A01;1.0;1;2.0;1.0;1992.0;5.0;1.0;8.0;;;0;;;1.0;7.0;0.0;2.0;9.0;17.0;1.0;;8;7;2019;07:40;1.0;31;31557;1;1.0;1.0;5.0;RAMELET MOUNDI (CH DE);43,5797300;1,3606900;3;50;0.0;;2.0;2;0.0;1.0;0;0;1.0;;;1.0;0.0;1.0;50.0;Haute-Garonne;76;Occitanie
201900002692;138Â 301Â 480;A01;1.0;1;2.0;1.0;1997.0;4.0;2.0;6.0;;;0;;;3.0;30.0;0.0;0.0;7.0;18.0;1.0;;9;7;2019;13:05;1.0;29;29232;2;6.0;1.0;7.0;FRUGY Rond-Point du;47,9876900; -4,1085700;4;FRUGY Rond-Point du;0.0;;1.0;2;0.0;1.0;0;0;3.0;;;1.0;5.0;1.0;50.0;Finistère;53;Bretagne
201900002693;138Â 301Â 478;A01;1.0;1;1.0;1.0;1970.0;1.0;1.0;8.0;;;0;;;1.0;7.0;0.0;2.0;6.0;9.0;1.0;;22;5;2019;18:25;1.0;29;29019;2;6.0;1.0;3.0;PEN AR CH'LEUZ (ROND POINT);48,4143353; -4,4788085;4;PEN AR CH'LEUZ (ROND POINT);0.0;;1.0;3;0.0;1.0;0;0;2.0;;;1.0;5.0;1.0;50.0;Finistère;53;Bretagne
201900002693;138Â 301Â 479;B01;1.0;1;2.0;1.0;1993.0;1.0;2.0;8.0;;0.0;0;;;1.0;33.0;0.0;2.0;1.0;1.0;1.0;;22;5;2019;18:25;1.0;29;29019;2;6.0;1.0;3.0;PEN AR CH'LEUZ (ROND POINT);48,4143353; -4,4788085;4;PEN AR CH'LEUZ (ROND POINT);0.0;;1.0;3;0.0;1.0;0;0;2.0;;;1.0;5.0;1.0;50.0;Finistère;53;Bretagne
201900002694;138Â 301Â 476;A01;1.0;1;2.0;1.0;1994.0;4.0;2.0;8.0;;0.0;0;;;1.0;30.0;0.0;2.0;3.0;18.0;1.0;;2;5;2019;20:08;1.0;29;29019;2;1.0;1.0;2.0;COLLET YVES (DE 1 A 27 ET 2 A 26);48,3922400; -4,4797900;4;COLLET YVES (DE 1 A 27 ET 2 A 26);0.0;;2.0;2;0.0;2.0;0;0;1.0;;;1.0;0.0;1.0;50.0;Finistère;53;Bretagne
201900002694;138Â 301Â 477;B01;1.0;1;1.0;2.0;1983.0;1.0;1.0;0.0;;;0;;;1.0;7.0;0.0;2.0;2.0;1.0;0.0;;2;5;2019;20:08;1.0;29;29019;2;1.0;1.0;2.0;COLLET YVES (DE 1 A 27 ET 2 A 26);48,3922400; -4,4797900;4;COLLET YVES (DE 1 A 27 ET 2 A 26);0.0;;2.0;2;0.0;2.0;0;0;1.0;;;1.0;0.0;1.0;50.0;Finistère;53;Bretagne
201900002695;138Â 301Â 474;B01;1.0;1;2.0;2.0;1977.0;0.0;1.0;0.0;;; -1;;;3.0;7.0;0.0;2.0;0.0;0.0;0.0;;6;7;2019;18:20;1.0;28;28404;2;1.0;1.0;2.0;ROME (RUE DE);48,7179000;1,3714000;4;ROME (RUE DE);0.0;;;2;0.0;1.0;0;0;1.0;;;1.0;0.0;1.0;50.0;Eure-et-Loir;24;Centre-Val de Loire
201900002695;138Â 301Â 475;A01;1.0;1;1.0;1.0;1992.0;0.0;1.0;0.0;;; -1;;;3.0;7.0;0.0;2.0;0.0;0.0;0.0;;6;7;2019;18:20;1.0;28;28404;2;1.0;1.0;2.0;ROME (RUE DE);48,7179000;1,3714000;4;ROME (RUE DE);0.0;;;2;0.0;1.0;0;0;1.0;;;1.0;0.0;1.0;50.0;Eure-et-Loir;24;Centre-Val de Loire
201900002696;138Â 301Â 472;Z01;1.0;1;1.0;1.0;1960.0;0.0;1.0;0.0;;0.0;0;;;2.0;7.0;0.0;2.0;0.0;0.0;1.0;;6;7;2019;14:00;1.0;22;22360;2;1.0;1.0;3.0;RD 700;48,4930900; -2,7626764;3;700;0.0;;1.0;2;0.0;1.0;48;0;2.0;;;2.0;0.0;1.0;50.0;Côtes-d'Armor;53;Bretagne
201900002696;138Â 301Â 473;A01;1.0;1;2.0;2.0;1987.0;5.0;1.0;0.0;;0.0;0;;;1.0;7.0;0.0;2.0;0.0;0.0;1.0;;6;7;2019;14:00;1.0;22;22360;2;1.0;1.0;3.0;RD 700;48,4930900; -2,7626764;3;700;0.0;;1.0;2;0.0;1.0;48;0;2.0;;;2.0;0.0;1.0;50.0;Côtes-d'Armor;53;Bretagne
201900002697;138Â 301Â 468;A01;1.0;1;2.0;1.0;2001.0;1.0;2.0;0.0;;; -1;;;2.0;2.0;0.0;2.0;1.0;2.0;1.0;;8;7;2019;17:20;1.0;19;19031;2;1.0;1.0;2.0;KENNEDY (AVENUE JOHN);45,1673000;1,5501500;4;KENNEDY (AVENUE JOHN);0.0;;2.0;2;0.0;1.0;0;0;1.0;;;1.0;0.0;1.0;50.0;Corrèze;75;Nouvelle-Aquitaine
201900002697;138Â 301Â 469;B01;1.0;1;1.0;1.0;1963.0;9.0;1.0;0.0;;; -1;;;2.0;7.0;0.0;2.0;4.0;2.0;1.0;;8;7;2019;17:20;1.0;19;19031;2;1.0;1.0;2.0;KENNEDY (AVENUE JOHN);45,1673000;1,5501500;4;KENNEDY (AVENUE JOHN);0.0;;2.0;2;0.0;1.0;0;0;1.0;;;1.0;0.0;1.0;50.0;Corrèze;75;Nouvelle-Aquitaine
201900002698;138Â 301Â 466;A01;1.0;1;2.0;1.0;1994.0;0.0;1.0;5.0;;;0;;;2.0;7.0;0.0;2.0;1.0;26.0;1.0;;25;5;2019;02:57;3.0;78;78571;1;1.0;1.0;2.0;A13;48,8631000;2,0419000;1;13;0.0;;1.0;2;0.0;1.0;17;350;1.0;;;1.0;0.0;1.0;110.0;Yvelines;11;Île-de-France
201900002698;138Â 301Â 467;B01;1.0;1;2.0;1.0;1974.0;9.0;1.0;5.0;;;0;;;2.0;7.0;0.0;2.0;4.0;26.0;1.0;;25;5;2019;02:57;3.0;78;78571;1;1.0;1.0;2.0;A13;48,8631000;2,0419000;1;13;0.0;;1.0;2;0.0;1.0;17;350;1.0;;;1.0;0.0;1.0;110.0;Yvelines;11;Île-de-France
201900002699;138Â 301Â 464;B01;2.0;2;2.0;2.0;1950.0;5.0;1.0;0.0;;;0;;;2.0;7.0;0.0;2.0;5.0;1.0;1.0;;24;5;2019;17:55;1.0;92;92048;1;1.0;1.0;2.0;N118;48,8001603;2,2157509;2;118;0.0;;3.0;2;0.0;1.0;3;500;1.0;;;1.0;0.0;1.0;90.0;Hauts-de-Seine;11;Île-de-France