Num_Acc;id_vehicule;num_veh;place;catu;grav;sexe;an_nais;trajet;secu1;secu2;secu3;locp;actp;etatp;id_usager;senc;catv;obs;obsm;choc;manv;motor;occutc;jour;mois;an;hrmn;lum;dep;com;agg;int;atm;col;adr;lat;long;catr;voie;v1;v2;circ;nbv;vosp;prof;pr;pr1;plan;lartpc;larrout;surf;infra;situ;vma;nom_departement;reg;nom_region
201900002699;138Â 301Â 464;B01;1.0;1;1.0;1.0;1956.0;5.0;1.0;0.0;;;0;;;2.0;7.0;0.0;2.0;5.0;1.0;1.0;;24;5;2019;17:55;1.0;92;92048;1;1.0;1.0;2.0;N118;48,8001603;2,2157509;2;118;0.0;;3.0;2;0.0;1.0;3;500;1.0;;;1.0;0.0;1.0;90.0;Hauts-de-Seine;11;Île-de-France
201900002699;138Â 301Â 465;A01;2.0;1;2.0;1.0;1970.0;5.0;2.0;0.0;;;0;;;2.0;33.0;0.0;2.0;1.0;3.0;1.0;;24;5;2019;17:55;1.0;92;92048;1;1.0;1.0;2.0;N118;48,8001603;2,2157509;2;118;0.0;;3.0;2;0.0;1.0;3;500;1.0;;;1.0;0.0;1.0;90.0;Hauts-de-Seine;11;Île-de-France
201900002700;138Â 301Â 460;D01;2.0;2;2.0;1.0;1948.0;5.0;1.0;0.0;;;0;;;1.0;7.0;0.0;2.0;4.0;1.0;1.0;;22;5;2019;19:10;1.0;92;92064;1;1.0;1.0;4.0;A13;48,8397716;2,2039180;1;13;0.0;;1.0;3;0.0;1.0;4;300;1.0;;;1.0;1.0;1.0;90.0;Hauts-de-Seine;11;Île-de-France
201900002700;138Â 301Â 460;D01;1.0;1;1.0;1.0;1976.0;5.0;1.0;0.0;;;0;;;1.0;7.0;0.0;2.0;4.0;1.0;1.0;;22;5;2019;19:10;1.0;92;92064;1;1.0;1.0;4.0;A13;48,8397716;2,2039180;1;13;0.0;;1.0;3;0.0;1.0;4;300;1.0;;;1.0;1.0;1.0;90.0;Hauts-de-Seine;11;Île-de-France
201900002700;138Â 301Â 460;D01;3.0;2;1.0;2.0;1951.0;5.0;1.0;0.0;;;0;;;1.0;7.0;0.0;2.0;4.0;1.0;1.0;;22;5;2019;19:10;1.0;92;92064;1;1.0;1.0;4.0;A13;48,8397716;2,2039180;1;13;0.0;;1.0;3;0.0;1.0;4;300;1.0;;;1.0;1.0;1.0;90.0;Hauts-de-Seine;11;Île-de-France
201900002700;138Â 301Â 461;C01;1.0;1;1.0;1.0;1979.0;1.0;1.0;0.0;;;0;;;1.0;7.0;0.0;2.0;1.0;1.0;1.0;;22;5;2019;19:10;1.0;92;92064;1;1.0;1.0;4.0;A13;48,8397716;2,2039180;1;13;0.0;;1.0;3;0.0;1.0;4;300;1.0;;;1.0;1.0;1.0;90.0;Hauts-de-Seine;11;Île-de-France
201900002700;138Â 301Â 462;B01;1.0;1;1.0;1.0;1979.0;0.0;1.0;0.0;;;0;;;1.0;7.0;0.0;2.0;1.0;1.0;1.0;;22;5;2019;19:10;1.0;92;92064;1;1.0;1.0;4.0;A13;48,8397716;2,2039180;1;13;0.0;;1.0;3;0.0;1.0;4;300;1.0;;;1.0;1.0;1.0;90.0;Hauts-de-Seine;11;Île-de-France
201900002700;138Â 301Â 463;A01;1.0;1;1.0;1.0;1986.0;4.0;1.0;0.0;;;0;;;1.0;7.0;0.0;2.0;1.0;1.0;1.0;;22;5;2019;19:10;1.0;92;92064;1;1.0;1.0;4.0;A13;48,8397716;2,2039180;1;13;0.0;;1.0;3;0.0;1.0;4;300;1.0;;;1.0;1.0;1.0;90.0;Hauts-de-Seine;11;Île-de-France
201900002701;138Â 301Â 459;A01;1.0;1;2.0;1.0;1937.0;0.0;1.0;8.0;;;0;;;2.0;7.0;10.0;0.0;1.0;2.0;1.0;;22;5;2019;14:30;1.0;92;92063;1;1.0;1.0;6.0;A86;48,8865596;2,1657333;1;86;0.0;;1.0;3;0.0;1.0;77;0;1.0;;;1.0;0.0;1.0;70.0;Hauts-de-Seine;11;Île-de-France
201900002702;138Â 301Â 458;A01;1.0;1;2.0;1.0;1996.0;1.0;1.0;0.0;;;0;;;2.0;7.0;3.0;0.0;2.0;2.0;1.0;;22;5;2019;03:50;5.0;78;78133;1;1.0;1.0;6.0;A14;48,9142000;2,0414000;1;14;0.0;;1.0;2;0.0;1.0;17;299;1.0;;;1.0;0.0;1.0;90.0;Yvelines;11;Île-de-France
201900002703;138Â 301Â 456;B01;1.0;1;2.0;1.0;1979.0;1.0;1.0;0.0;;;0;;;2.0;7.0;0.0;2.0;6.0;1.0;1.0;;21;5;2019;07:00;5.0;78;78242;1;1.0;1.0;6.0;A14;48,8059790;2,0512000;1;12;0.0;;1.0;4;0.0;1.0;5;500;1.0;;;1.0;1.0;1.0;90.0;Yvelines;11;Île-de-France
201900002703;138Â 301Â 457;A01;1.0;1;1.0;1.0;1968.0;4.0;1.0;0.0;;;0;;;2.0;15.0;0.0;2.0;2.0;12.0;1.0;;21;5;2019;07:00;5.0;78;78242;1;1.0;1.0;6.0;A14;48,8059790;2,0512000;1;12;0.0;;1.0;4;0.0;1.0;5;500;1.0;;;1.0;1.0;1.0;90.0;Yvelines;11;Île-de-France
201900002704;138Â 301Â 454;B01;1.0;1;1.0;1.0;1988.0;0.0;1.0;8.0;;; -1;;;2.0;7.0;0.0;2.0;5.0;0.0;1.0;;20;5;2019;17:00;1.0;78;78043;1;1.0;1.0;2.0;A12 W;48,8336590;2,0856400;1;12;0.0;;;4;0.0;1.0;1;399;1.0;;;1.0;0.0;1.0;110.0;Yvelines;11;Île-de-France
201900002704;138Â 301Â 455;A01;1.0;1;3.0;1.0;1984.0;0.0;2.0;8.0;;; -1;;;2.0;31.0;0.0;2.0;3.0;0.0;1.0;;20;5;2019;17:00;1.0;78;78043;1;1.0;1.0;2.0;A12 W;48,8336590;2,0856400;1;12;0.0;;;4;0.0;1.0;1;399;1.0;;;1.0;0.0;1.0;110.0;Yvelines;11;Île-de-France
201900002705;138Â 301Â 453;A01;2.0;2;2.0;1.0;1992.0;5.0;1.0;0.0;;;0;;;2.0;10.0;4.0;0.0;3.0;2.0;1.0;;19;5;2019;20:45;1.0;92;92036;1;1.0;2.0;7.0;A86;48,9351447;2,2832133;1;86;0.0;;1.0;2;0.0;1.0;7;199;3.0;;;2.0;0.0;1.0;50.0;Hauts-de-Seine;11;Île-de-France
201900002705;138Â 301Â 453;A01;1.0;1;2.0;1.0;1992.0;5.0;1.0;0.0;;;0;;;2.0;10.0;4.0;0.0;3.0;2.0;1.0;;19;5;2019;20:45;1.0;92;92036;1;1.0;2.0;7.0;A86;48,9351447;2,2832133;1;86;0.0;;1.0;2;0.0;1.0;7;199;3.0;;;2.0;0.0;1.0;50.0;Hauts-de-Seine;11;Île-de-France
201900002706;138Â 301Â 451;B01;1.0;1;2.0;2.0;1981.0;5.0;1.0;0.0;;;0;;;2.0;7.0;0.0;2.0;4.0;1.0;0.0;;19;5;2019;17:40;1.0;92;92025;1;1.0;2.0;2.0;A86;48,9190208;2,2238188;1;86;0.0;;;2;0.0;1.0;2;500;1.0;;;2.0;0.0;1.0;90.0;Hauts-de-Seine;11;Île-de-France
201900002706;138Â 301Â 452;A01;1.0;1;1.0;1.0;1997.0;4.0;1.0;0.0;;;0;;;2.0;10.0;0.0;2.0;1.0;1.0;0.0;;19;5;2019;17:40;1.0;92;92025;1;1.0;2.0;2.0;A86;48,9190208;2,2238188;1;86;0.0;;;2;0.0;1.0;2;500;1.0;;;2.0;0.0;1.0;90.0;Hauts-de-Seine;11;Île-de-France
201900002707;138Â 301Â 450;A01;1.0;1;2.0;2.0;1996.0;5.0;2.0;6.0;;;0;;;2.0;33.0;0.0;0.0;8.0;21.0;1.0;;18;5;2019;22:30;3.0;78;78007;1;1.0;3.0;7.0;A13W;48,8975000;2,0063000;1;13;0.0;;1.0;2;0.0;2.0;22;200;1.0;;;2.0;0.0;1.0;110.0;Yvelines;11;Île-de-France
201900002708;138Â 301Â 447;C01;1.0;1;1.0;1.0;1970.0;4.0;1.0;0.0;;;0;;;1.0;10.0;0.0;2.0;4.0;1.0;1.0;;16;5;2019;16:02;1.0;78;78402;1;1.0;1.0;5.0;A13;48,9648000;1,8009500;1;13;0.0;;1.0;3;0.0;1.0;42;0;1.0;;;1.0;0.0;1.0;130.0;Yvelines;11;Île-de-France
201900002708;138Â 301Â 448;B01;1.0;1;2.0;1.0;1986.0;1.0;1.0;0.0;;;0;;;1.0;7.0;0.0;2.0;5.0;1.0;1.0;;16;5;2019;16:02;1.0;78;78402;1;1.0;1.0;5.0;A13;48,9648000;1,8009500;1;13;0.0;;1.0;3;0.0;1.0;42;0;1.0;;;1.0;0.0;1.0;130.0;Yvelines;11;Île-de-France
201900002708;138Â 301Â 449;A01;1.0;1;1.0;1.0;1951.0;5.0;1.0;0.0;;;0;;;1.0;7.0;3.0;2.0;1.0;0.0;1.0;;16;5;2019;16:02;1.0;78;78402;1;1.0;1.0;5.0;A13;48,9648000;1,8009500;1;13;0.0;;1.0;3;0.0;1.0;42;0;1.0;;;1.0;0.0;1.0;130.0;Yvelines;11;Île-de-France
201900002709;138Â 301Â 443;A01;1.0;1;2.0;1.0;1975.0;1.0;8.0;0.0;;;0;;;2.0;33.0;0.0;2.0;1.0;3.0;1.0;;15;5;2019;07:00;1.0;78;78640;1;1.0;1.0;2.0;N118;48,7820000;2,2231100;2;118;0.0;;;3;0.0;1.0;5;500;1.0;;;1.0;0.0;1.0;90.0;Yvelines;11;Île-de-France
201900002709;138Â 301Â 444;B01;1.0;1;1.0;1.0;1986.0;1.0;1.0;8.0;;;0;;;2.0;7.0;0.0;2.0;4.0;11.0;1.0;;15;5;2019;07:00;1.0;78;78640;1;1.0;1.0;2.0;N118;48,7820000;2,2231100;2;118;0.0;;;3;0.0;1.0;5;500;1.0;;;1.0;0.0;1.0;90.0;Yvelines;11;Île-de-France
201900002710;138Â 301Â 441;A01;1.0;1;2.0;1.0;1977.0;1.0;2.0;0.0;;;0;;;1.0;31.0;0.0;2.0;1.0;3.0;0.0;;14;5;2019;08:30;1.0;92;92064;1;1.0;1.0;2.0;A13;48,8441880;2,2228779;1;13;0.0;;;2;0.0;1.0;2;700;1.0;;;1.0;2.0;1.0;70.0;Hauts-de-Seine;11;Île-de-France
201900002710;138Â 301Â 442;B01;1.0;1;1.0;1.0;1960.0;4.0;1.0;0.0;;;0;;;1.0;7.0;0.0;2.0;5.0;1.0;0.0;;14;5;2019;08:30;1.0;92;92064;1;1.0;1.0;2.0;A13;48,8441880;2,2228779;1;13;0.0;;;2;0.0;1.0;2;700;1.0;;;1.0;2.0;1.0;70.0;Hauts-de-Seine;11;Île-de-France
201900002711;138Â 301Â 439;B01;1.0;1;2.0;1.0;1986.0;1.0;2.0;8.0;;;0;;;1.0;31.0;0.0;2.0;7.0;1.0;6.0;;13;5;2019;20:00;1.0;92;92012;1;1.0;1.0;3.0;A13;48,8484311;2,2396766;1;13;0.0;;3.0;3;0.0;1.0;1;500;1.0;;;1.0;1.0;1.0;70.0;Hauts-de-Seine;11;Île-de-France
201900002711;138Â 301Â 440;A01;1.0;1;1.0;2.0;1950.0;5.0;1.0;0.0;;;0;;;1.0;7.0;0.0;2.0;8.0;11.0;6.0;;13;5;2019;20:00;1.0;92;92012;1;1.0;1.0;3.0;A13;48,8484311;2,2396766;1;13;0.0;;3.0;3;0.0;1.0;1;500;1.0;;;1.0;1.0;1.0;70.0;Hauts-de-Seine;11;Île-de-France
201900002712;138Â 301Â 437;A01;1.0;1;2.0;1.0;1960.0;0.0;1.0;0.0;;;0;;;2.0;10.0;0.0;2.0;1.0;2.0;1.0;;13;5;2019;11:50;1.0;78;78498;1;1.0;1.0;2.0;A13;48,9113500;2,0053100;1;13;0.0;;1.0;3;0.0;1.0;23;799;1.0;;;1.0;0.0;1.0;110.0;Yvelines;11;Île-de-France
201900002712;138Â 301Â 437;A01;2.0;2;2.0;2.0;1963.0;0.0;1.0;0.0;;;0;;;2.0;10.0;0.0;2.0;1.0;2.0;1.0;;13;5;2019;11:50;1.0;78;78498;1;1.0;1.0;2.0;A13;48,9113500;2,0053100;1;13;0.0;;1.0;3;0.0;1.0;23;799;1.0;;;1.0;0.0;1.0;110.0;Yvelines;11;Île-de-France
201900002712;138Â 301Â 438;B01;1.0;1;1.0;1.0;1970.0;0.0;1.0;0.0;;;0;;;2.0;10.0;0.0;2.0;4.0;23.0;1.0;;13;5;2019;11:50;1.0;78;78498;1;1.0;1.0;2.0;A13;48,9113500;2,0053100;1;13;0.0;;1.0;3;0.0;1.0;23;799;1.0;;;1.0;0.0;1.0;110.0;Yvelines;11;Île-de-France
201900002713;138Â 301Â 436;A01;1.0;1;2.0;1.0;1982.0;4.0;1.0;0.0;;;0;;;2.0;14.0;3.0;0.0;7.0;0.0;1.0;;13;5;2019;06:05;2.0;92;92047;1;1.0;1.0;6.0;A13;48,8362525;2,1843919;1;13;0.0;;1.0;3;0.0;1.0;6;0;1.0;;;1.0;0.0;1.0;110.0;Hauts-de-Seine;11;Île-de-France
201900002714;138Â 301Â 434;A01;1.0;1;2.0;1.0;1964.0;5.0;1.0;0.0;;;0;;;1.0;7.0;0.0;2.0;1.0;1.0;0.0;;12;5;2019;16:35;1.0;92;92025;1;1.0;1.0;2.0;A86;48,9320633;2,2473601;1;86;0.0;;;2;0.0;1.0;4;199;1.0;;;1.0;0.0;1.0;90.0;Hauts-de-Seine;11;Île-de-France
201900002714;138Â 301Â 435;B01;1.0;1;2.0;1.0;1986.0;5.0;1.0;0.0;;;0;;;1.0;7.0;0.0;2.0;4.0;1.0;0.0;;12;5;2019;16:35;1.0;92;92025;1;1.0;1.0;2.0;A86;48,9320633;2,2473601;1;86;0.0;;;2;0.0;1.0;4;199;1.0;;;1.0;0.0;1.0;90.0;Hauts-de-Seine;11;Île-de-France
201900002714;138Â 301Â 435;B01;2.0;2;2.0;2.0;1985.0;5.0;1.0;0.0;;;0;;;1.0;7.0;0.0;2.0;4.0;1.0;0.0;;12;5;2019;16:35;1.0;92;92025;1;1.0;1.0;2.0;A86;48,9320633;2,2473601;1;86;0.0;;;2;0.0;1.0;4;199;1.0;;;1.0;0.0;1.0;90.0;Hauts-de-Seine;11;Île-de-France
201900002715;138Â 301Â 432;A01;1.0;1;1.0;1.0;1983.0;5.0;1.0;4.0;;;0;;;2.0;10.0;0.0;2.0;1.0;2.0;1.0;;11;5;2019;00:45;5.0;92;92025;1;1.0;3.0;2.0;A86;48,9343011;2,2564031;1;86;0.0;;1.0;2;0.0;1.0;5;500;1.0;;;2.0;2.0;1.0;70.0;Hauts-de-Seine;11;Île-de-France
201900002715;138Â 301Â 433;B01;1.0;1;2.0;2.0;1973.0;5.0;1.0;4.0;;;0;;;2.0;10.0;0.0;2.0;4.0;2.0;1.0;;11;5;2019;00:45;5.0;92;92025;1;1.0;3.0;2.0;A86;48,9343011;2,2564031;1;86;0.0;;1.0;2;0.0;1.0;5;500;1.0;;;2.0;2.0;1.0;70.0;Hauts-de-Seine;11;Île-de-France
201900002716;138Â 301Â 431;A01;1.0;1;2.0;1.0;1977.0;1.0;1.0;0.0;;;0;;;1.0;15.0;4.0;0.0;0.0;1.0;1.0;;10;5;2019;18:00;1.0;78;78423;1;1.0;3.0;6.0;A12 Y;48,7952100;2,0439300;1;9012;0.0;;1.0;2;0.0;1.0;6;104;2.0;;;2.0;3.0;1.0;70.0;Yvelines;11;Île-de-France
201900002717;138Â 301Â 430;A01;1.0;1;3.0;2.0;1990.0;0.0;2.0;6.0;;;0;;;1.0;32.0;3.0;0.0;1.0;26.0;1.0;;10;5;2019;03:15;3.0;78;78640;1;1.0;1.0;6.0;N118;48,7780000;2,2213000;2;118;0.0;;1.0;2;0.0;3.0;6;0;2.0;;;1.0;2.0;1.0;70.0;Yvelines;11;Île-de-France
201900002718;138Â 301Â 429;A01;1.0;1;2.0;1.0;1953.0;1.0;2.0;0.0;;;0;;;2.0;33.0;0.0;0.0;3.0;26.0;1.0;;9;5;2019;09:30;1.0;92;92072;1;1.0;2.0;7.0;N118;48,8263791;2,2234205;2;118;0.0;;1.0;2;0.0;2.0;0;200;2.0;;;2.0;0.0;1.0;50.0;Hauts-de-Seine;11;Île-de-France
201900002719;138Â 301Â 425;C01;1.0;1;1.0;1.0;1991.0;1.0;1.0;0.0;;;0;;;1.0;7.0;0.0;2.0;5.0;0.0;1.0;;9;5;2019;08:10;1.0;78;78524;1;1.0;2.0;5.0;A13;48,8409360;2,1085400;1;13;0.0;;3.0;2;0.0;1.0;11;899;1.0;;;2.0;0.0;1.0;50.0;Yvelines;11;Île-de-France
201900002719;138Â 301Â 426;B01;1.0;1;2.0;1.0;1977.0;1.0;1.0;0.0;;;0;;;1.0;7.0;0.0;2.0;6.0;2.0;1.0;;9;5;2019;08:10;1.0;78;78524;1;1.0;2.0;5.0;A13;48,8409360;2,1085400;1;13;0.0;;3.0;2;0.0;1.0;11;899;1.0;;;2.0;0.0;1.0;50.0;Yvelines;11;Île-de-France
201900002719;138Â 301Â 427;A01;1.0;1;2.0;1.0;1992.0;1.0;1.0;0.0;;;0;;;1.0;7.0;3.0;2.0;1.0;17.0;1.0;;9;5;2019;08:10;1.0;78;78524;1;1.0;2.0;5.0;A13;48,8409360;2,1085400;1;13;0.0;;3.0;2;0.0;1.0;11;899;1.0;;;2.0;0.0;1.0;50.0;Yvelines;11;Île-de-France
201900002720;138Â 301Â 421;D01;1.0;1;1.0;1.0;1984.0;5.0;1.0;0.0;;;0;;;2.0;7.0;0.0;2.0;5.0;0.0;1.0;;9;5;2019;06:50;1.0;92;92047;1;1.0;2.0;4.0;A13;48,8359825;2,1821722;1;13;0.0;;3.0;3;0.0;1.0;6;199;1.0;;;2.0;0.0;1.0;110.0;Hauts-de-Seine;11;Île-de-France
201900002720;138Â 301Â 421;D01;2.0;2;1.0;2.0;1985.0;5.0;1.0;0.0;;;0;;;2.0;7.0;0.0;2.0;5.0;0.0;1.0;;9;5;2019;06:50;1.0;92;92047;1;1.0;2.0;4.0;A13;48,8359825;2,1821722;1;13;0.0;;3.0;3;0.0;1.0;6;199;1.0;;;2.0;0.0;1.0;110.0;Hauts-de-Seine;11;Île-de-France
201900002720;138Â 301Â 422;B01;1.0;1;1.0;1.0;1965.0;4.0;1.0;0.0;;;0;;;2.0;10.0;0.0;2.0;4.0;1.0;1.0;;9;5;2019;06:50;1.0;92;92047;1;1.0;2.0;4.0;A13;48,8359825;2,1821722;1;13;0.0;;3.0;3;0.0;1.0;6;199;1.0;;;2.0;0.0;1.0;110.0;Hauts-de-Seine;11;Île-de-France
201900002720;138Â 301Â 423;C01;1.0;1;1.0;2.0;1977.0;1.0;1.0;0.0;;;0;;;2.0;7.0;0.0;2.0;5.0;0.0;1.0;;9;5;2019;06:50;1.0;92;92047;1;1.0;2.0;4.0;A13;48,8359825;2,1821722;1;13;0.0;;3.0;3;0.0;1.0;6;199;1.0;;;2.0;0.0;1.0;110.0;Hauts-de-Seine;11;Île-de-France
201900002720;138Â 301Â 424;A01;1.0;1;2.0;1.0;1941.0;5.0;1.0;0.0;;;0;;;2.0;7.0;0.0;2.0;1.0;26.0;1.0;;9;5;2019;06:50;1.0;92;92047;1;1.0;2.0;4.0;A13;48,8359825;2,1821722;1;13;0.0;;3.0;3;0.0;1.0;6;199;1.0;;;2.0;0.0;1.0;110.0;Hauts-de-Seine;11;Île-de-France
201900002721;138Â 301Â 419;B01;1.0;1;2.0;2.0;1965.0;0.0;1.0;0.0;;;0;;;1.0;7.0;0.0;2.0;4.0;1.0;1.0;;7;5;2019;13:00;1.0;78;78362;1;1.0;1.0;2.0;A13;48,9780000;1,7103000;1;13;0.0;;1.0;3;0.0;1.0;48;1050;1.0;;;1.0;0.0;1.0;110.0;Yvelines;11;Île-de-France
201900002721;138Â 301Â 420;A01;1.0;1;1.0;1.0;1962.0;5.0;1.0;0.0;;;0;;;1.0;7.0;0.0;2.0;1.0;2.0;1.0;;7;5;2019;13:00;1.0;78;78362;1;1.0;1.0;2.0;A13;48,9780000;1,7103000;1;13;0.0;;1.0;3;0.0;1.0;48;1050;1.0;;;1.0;0.0;1.0;110.0;Yvelines;11;Île-de-France
201900002722;138Â 301Â 416;B01;1.0;1;1.0;1.0;1963.0;1.0;1.0;0.0;;;0;;;1.0;10.0;0.0;2.0;4.0;2.0;1.0;;6;5;2019;15:45;1.0;92;92064;1;1.0;1.0;4.0;A13;48,8430108;2,2224862;1;13;0.0;;3.0;2;0.0;1.0;2;799;1.0;;;1.0;0.0;1.0;70.0;Hauts-de-Seine;11;Île-de-France
201900002722;138Â 301Â 417;C01;1.0;1;1.0;1.0;1969.0;1.0;1.0;0.0;;;0;;;1.0;7.0;0.0;2.0;4.0;2.0;1.0;;6;5;2019;15:45;1.0;92;92064;1;1.0;1.0;4.0;A13;48,8430108;2,2224862;1;13;0.0;;3.0;2;0.0;1.0;2;799;1.0;;;1.0;0.0;1.0;70.0;Hauts-de-Seine;11;Île-de-France
201900002722;138Â 301Â 418;A01;1.0;1;2.0;2.0;1986.0;1.0;1.0;0.0;;;0;;;1.0;7.0;0.0;2.0;1.0;2.0;1.0;;6;5;2019;15:45;1.0;92;92064;1;1.0;1.0;4.0;A13;48,8430108;2,2224862;1;13;0.0;;3.0;2;0.0;1.0;2;799;1.0;;;1.0;0.0;1.0;70.0;Hauts-de-Seine;11;Île-de-France
201900002723;138Â 301Â 412;A01;1.0;1;3.0;2.0;1982.0;0.0;1.0;0.0;;; -1;;;1.0;7.0;4.0;0.0;0.0;0.0;0.0;;5;5;2019;02:45;3.0;78;78158;1;1.0;1.0;6.0;A13;48,8315440;2,1461350;1;13;0.0;;;5;0.0;1.0;9;100;1.0;;;1.0;0.0;1.0;110.0;Yvelines;11;Île-de-France
201900002723;138Â 301Â 413;B01;1.0;1;3.0;1.0;1995.0;0.0;1.0;0.0;;; -1;;;1.0;7.0;0.0;2.0;1.0;2.0;0.0;;5;5;2019;02:45;3.0;78;78158;1;1.0;1.0;6.0;A13;48,8315440;2,1461350;1;13;0.0;;;5;0.0;1.0;9;100;1.0;;;1.0;0.0;1.0;110.0;Yvelines;11;Île-de-France
201900002723;138Â 301Â 413;B01;2.0;2;1.0;1.0;2000.0;0.0;1.0;0.0;;; -1;;;1.0;7.0;0.0;2.0;1.0;2.0;0.0;;5;5;2019;02:45;3.0;78;78158;1;1.0;1.0;6.0;A13;48,8315440;2,1461350;1;13;0.0;;;5;0.0;1.0;9;100;1.0;;;1.0;0.0;1.0;110.0;Yvelines;11;Île-de-France
201900002723;138Â 301Â 414;C01;1.0;1;2.0;1.0;1975.0;0.0;1.0;0.0;;; -1;;;1.0;10.0;0.0;2.0;1.0;1.0;1.0;;5;5;2019;02:45;3.0;78;78158;1;1.0;1.0;6.0;A13;48,8315440;2,1461350;1;13;0.0;;;5;0.0;1.0;9;100;1.0;;;1.0;0.0;1.0;110.0;Yvelines;11;Île-de-France
201900002724;138Â 301Â 411;A01;1.0;1;2.0;2.0;1990.0;5.0;1.0;0.0;;;0;;;2.0;7.0;6.0;0.0;0.0;0.0;1.0;;4;5;2019;16:37;1.0;78;78423;1;1.0;8.0;6.0;RN12;48,7949300;2,0475500;2;12;0.0;;1.0;1;0.0;1.0;27;399;3.0;;;2.0;0.0;1.0;50.0;Yvelines;11;Île-de-France
201900002725;138Â 301Â 409;B01;1.0;1;1.0;1.0;1989.0;5.0;1.0;0.0;;; -1;;;1.0;7.0;4.0;2.0;1.0;14.0;1.0;;4;5;2019;14:30;1.0;78;78545;1;1.0;2.0;6.0;A12 Y;48,8170300;2,0639200;1;12;0.0;;1.0;4;0.0;1.0;3;599;1.0;;;2.0;0.0;1.0;110.0;Yvelines;11;Île-de-France
201900002725;138Â 301Â 409;B01;2.0;2;1.0;2.0;1990.0;5.0;1.0;0.0;;; -1;;;1.0;7.0;4.0;2.0;1.0;14.0;1.0;;4;5;2019;14:30;1.0;78;78545;1;1.0;2.0;6.0;A12 Y;48,8170300;2,0639200;1;12;0.0;;1.0;4;0.0;1.0;3;599;1.0;;;2.0;0.0;1.0;110.0;Yvelines;11;Île-de-France
201900002725;138Â 301Â 410;A01;1.0;1;2.0;2.0;1982.0;5.0;1.0;0.0;;; -1;;;1.0;7.0;4.0;2.0;4.0;1.0;1.0;;4;5;2019;14:30;1.0;78;78545;1;1.0;2.0;6.0;A12 Y;48,8170300;2,0639200;1;12;0.0;;1.0;4;0.0;1.0;3;599;1.0;;;2.0;0.0;1.0;110.0;Yvelines;11;Île-de-France
201900002725;138Â 301Â 410;A01;2.0;2;2.0;1.0;2013.0;5.0;1.0;0.0;;; -1;;;1.0;7.0;4.0;2.0;4.0;1.0;1.0;;4;5;2019;14:30;1.0;78;78545;1;1.0;2.0;6.0;A12 Y;48,8170300;2,0639200;1;12;0.0;;1.0;4;0.0;1.0;3;599;1.0;;;2.0;0.0;1.0;110.0;Yvelines;11;Île-de-France
201900002726;138Â 301Â 407;A01;1.0;1;2.0;2.0;1997.0;0.0;1.0;0.0;;; -1;;;2.0;7.0;0.0;2.0;1.0;1.0;1.0;;4;5;2019;04:15;3.0;78;78043;1;1.0;1.0;2.0;A12 W;48,8312000;2,0829000;1;12;0.0;;1.0;3;3.0;2.0;1;799;1.0;;;1.0;0.0;1.0;110.0;Yvelines;11;Île-de-France
201900002726;138Â 301Â 408;B01;1.0;1;1.0;2.0;1993.0;0.0;1.0;0.0;;; -1;;;2.0;7.0;0.0;2.0;4.0;1.0;1.0;;4;5;2019;04:15;3.0;78;78043;1;1.0;1.0;2.0;A12 W;48,8312000;2,0829000;1;12;0.0;;1.0;3;3.0;2.0;1;799;1.0;;;1.0;0.0;1.0;110.0;Yvelines;11;Île-de-France
201900002726;138Â 301Â 408;B01;2.0;2;1.0;1.0;1997.0;0.0;1.0;0.0;;; -1;;;2.0;7.0;0.0;2.0;4.0;1.0;1.0;;4;5;2019;04:15;3.0;78;78043;1;1.0;1.0;2.0;A12 W;48,8312000;2,0829000;1;12;0.0;;1.0;3;3.0;2.0;1;799;1.0;;;1.0;0.0;1.0;110.0;Yvelines;11;Île-de-France
201900002727;138Â 301Â 406;A01;1.0;1;2.0;2.0;1993.0;0.0;1.0;0.0;;; -1;;;1.0;10.0;0.0;2.0;8.0;1.0;1.0;;3;5;2019;23:00;4.0;92;92048;1;1.0;1.0;6.0;N118;48,7951000;2,2179000;2;118;0.0;;1.0;3;0.0;1.0;4;99;1.0;;;1.0;0.0;1.0;90.0;Hauts-de-Seine;11;Île-de-France
201900002728;138Â 301Â 404;B01;1.0;1;1.0;1.0;1962.0;1.0;1.0;0.0;;;0;;;2.0;7.0;0.0;2.0;3.0;11.0;1.0;;2;5;2019;08:30;1.0;92;92050;1;1.0;1.0;2.0;A86;48,9142632;2,2194308;1;86;0.0;;3.0;2;0.0;1.0;1;799;1.0;;;1.0;0.0;1.0;90.0;Hauts-de-Seine;11;Île-de-France
201900002728;138Â 301Â 405;A01;1.0;1;2.0;1.0;1958.0;1.0;2.0;0.0;;;0;;;2.0;33.0;0.0;2.0;1.0;3.0;1.0;;2;5;2019;08:30;1.0;92;92050;1;1.0;1.0;2.0;A86;48,9142632;2,2194308;1;86;0.0;;3.0;2;0.0;1.0;1;799;1.0;;;1.0;0.0;1.0;90.0;Hauts-de-Seine;11;Île-de-France
201900002729;138Â 301Â 403;A01;1.0;1;2.0;2.0;1995.0;0.0;1.0;0.0;;;0;;;2.0;7.0;6.0;0.0;1.0;1.0;1.0;;1;5;2019;23:00;5.0;92;92036;1;1.0;1.0;6.0;RN315 W;48,9248619;2,2321858;1;86;0.0;;;2;0.0;1.0;3;500;1.0;;;1.0;1.0;2.0;70.0;Hauts-de-Seine;11;Île-de-France