Num_Acc;id_vehicule;num_veh;place;catu;grav;sexe;an_nais;trajet;secu1;secu2;secu3;locp;actp;etatp;id_usager;senc;catv;obs;obsm;choc;manv;motor;occutc;jour;mois;an;hrmn;lum;dep;com;agg;int;atm;col;adr;lat;long;catr;voie;v1;v2;circ;nbv;vosp;prof;pr;pr1;plan;lartpc;larrout;surf;infra;situ;vma;nom_departement;reg;nom_region
201900002730;138Â 301Â 400;C01;1.0;1;1.0;1.0;1965.0;0.0;1.0;0.0;;;0;;;1.0;10.0;0.0;2.0;8.0;2.0;1.0;;1;5;2019;15:55;1.0;78;78043;1;1.0;1.0;5.0;A12 Y;48,8234700;2,0725500;1;12;0.0;;1.0;4;0.0;2.0;2;900;1.0;;;1.0;0.0;1.0;110.0;Yvelines;11;Île-de-France
201900002730;138Â 301Â 401;B01;2.0;2;2.0;2.0;1950.0;0.0;1.0;0.0;;;0;;;1.0;7.0;4.0;2.0;4.0;2.0;1.0;;1;5;2019;15:55;1.0;78;78043;1;1.0;1.0;5.0;A12 Y;48,8234700;2,0725500;1;12;0.0;;1.0;4;0.0;2.0;2;900;1.0;;;1.0;0.0;1.0;110.0;Yvelines;11;Île-de-France
201900002730;138Â 301Â 401;B01;1.0;1;1.0;1.0;1969.0;0.0;1.0;0.0;;;0;;;1.0;7.0;4.0;2.0;4.0;2.0;1.0;;1;5;2019;15:55;1.0;78;78043;1;1.0;1.0;5.0;A12 Y;48,8234700;2,0725500;1;12;0.0;;1.0;4;0.0;2.0;2;900;1.0;;;1.0;0.0;1.0;110.0;Yvelines;11;Île-de-France
201900002731;138Â 301Â 398;A01;1.0;1;2.0;1.0;1990.0;5.0;2.0;0.0;;;0;;;1.0;33.0;3.0;2.0;2.0;3.0;0.0;;30;4;2019;18:15;1.0;78;78238;1;1.0;1.0;3.0;A13;48,9705580;1,8862700;1;13;0.0;;;3;0.0;1.0;35;599;1.0;;;1.0;0.0;1.0;130.0;Yvelines;11;Île-de-France
201900002731;138Â 301Â 399;B01;1.0;1;1.0;1.0;1990.0;1.0;1.0;0.0;;;0;;;1.0;10.0;0.0;2.0;2.0;1.0;0.0;;30;4;2019;18:15;1.0;78;78238;1;1.0;1.0;3.0;A13;48,9705580;1,8862700;1;13;0.0;;;3;0.0;1.0;35;599;1.0;;;1.0;0.0;1.0;130.0;Yvelines;11;Île-de-France
201900002732;138Â 301Â 396;B01;1.0;1;2.0;1.0;1977.0;0.0;1.0;0.0;;;0;;;1.0;7.0;0.0;2.0;6.0;2.0;1.0;;30;4;2019;14:10;1.0;92;92050;1;1.0;1.0;3.0;A86;48,9023632;2,2040518;1;86;0.0;;1.0;2;0.0;1.0;0;200;1.0;;;1.0;0.0;1.0;90.0;Hauts-de-Seine;11;Île-de-France
201900002732;138Â 301Â 397;A01;1.0;1;1.0;1.0;1990.0;4.0;1.0;0.0;;;0;;;1.0;14.0;0.0;2.0;2.0;14.0;1.0;;30;4;2019;14:10;1.0;92;92050;1;1.0;1.0;3.0;A86;48,9023632;2,2040518;1;86;0.0;;1.0;2;0.0;1.0;0;200;1.0;;;1.0;0.0;1.0;90.0;Hauts-de-Seine;11;Île-de-France
201900002733;138Â 301Â 393;A01;1.0;1;2.0;1.0;1974.0;0.0;1.0;8.0;;;0;;;1.0;10.0;0.0;2.0;2.0;14.0;1.0;;29;4;2019;12:10;1.0;78;78217;1;1.0;1.0;5.0;A13;48,9650620;1,8187830;1;13;0.0;;1.0;3;0.0;1.0;40;700;1.0;;;1.0;0.0;1.0;130.0;Yvelines;11;Île-de-France
201900002733;138Â 301Â 394;B01;1.0;1;1.0;1.0;1989.0;0.0;1.0;8.0;;;0;;;1.0;15.0;0.0;2.0;3.0;13.0;1.0;;29;4;2019;12:10;1.0;78;78217;1;1.0;1.0;5.0;A13;48,9650620;1,8187830;1;13;0.0;;1.0;3;0.0;1.0;40;700;1.0;;;1.0;0.0;1.0;130.0;Yvelines;11;Île-de-France
201900002733;138Â 301Â 395;C01;1.0;1;2.0;2.0;1971.0;0.0;1.0;0.0;;;0;;;1.0;10.0;0.0;2.0;1.0;1.0;1.0;;29;4;2019;12:10;1.0;78;78217;1;1.0;1.0;5.0;A13;48,9650620;1,8187830;1;13;0.0;;1.0;3;0.0;1.0;40;700;1.0;;;1.0;0.0;1.0;130.0;Yvelines;11;Île-de-France
201900002734;138Â 301Â 392;A01;1.0;1;2.0;2.0;1995.0;0.0;1.0;8.0;;;0;;;2.0;7.0;4.0;0.0;0.0;1.0;1.0;;27;4;2019;19:30;1.0;78;78423;1;1.0;3.0;7.0;A12 Y;48,7954400;2,0446100;1;9012;0.0;;;1;0.0;1.0;6;104;2.0;;;2.0;3.0;1.0;30.0;Yvelines;11;Île-de-France
201900002735;138Â 301Â 390;A01;1.0;1;1.0;1.0;1995.0;1.0;1.0;0.0;;;0;;;2.0;7.0;0.0;2.0;7.0;17.0;1.0;;29;5;2019;07:32;1.0;95;95491;1;1.0;1.0;3.0;AUTOROUTE A115;48,9975400;2,2461700;1;115;0.0;;1.0;1;0.0;2.0;2;934;3.0;;;1.0;0.0;1.0;70.0;Val-d'Oise;11;Île-de-France
201900002735;138Â 301Â 391;B01;1.0;1;2.0;1.0;1966.0;1.0;2.0;6.0;;;0;;;2.0;31.0;0.0;2.0;8.0;1.0;1.0;;29;5;2019;07:32;1.0;95;95491;1;1.0;1.0;3.0;AUTOROUTE A115;48,9975400;2,2461700;1;115;0.0;;1.0;1;0.0;2.0;2;934;3.0;;;1.0;0.0;1.0;70.0;Val-d'Oise;11;Île-de-France
201900002736;138Â 301Â 388;B01;1.0;1;2.0;2.0;1990.0;1.0;1.0;8.0;;;0;;;1.0;7.0;0.0;2.0;5.0;2.0;1.0;;28;5;2019;18:40;1.0;95;95018;1;1.0;1.0;2.0;AUTOROUTE A15;48,9532100;2,2793700;1;15;0.0;;3.0;9;0.0;1.0;6;400;1.0;;;1.0;0.0;1.0;110.0;Val-d'Oise;11;Île-de-France
201900002736;138Â 301Â 389;A01;1.0;1;1.0;2.0;1958.0;3.0;1.0;8.0;;;0;;;1.0;7.0;0.0;2.0;3.0;12.0;1.0;;28;5;2019;18:40;1.0;95;95018;1;1.0;1.0;2.0;AUTOROUTE A15;48,9532100;2,2793700;1;15;0.0;;3.0;9;0.0;1.0;6;400;1.0;;;1.0;0.0;1.0;110.0;Val-d'Oise;11;Île-de-France
201900002737;138Â 301Â 386;B01;1.0;1;1.0;2.0;1999.0;5.0;8.0;0.0;;;0;;;2.0;7.0;0.0;2.0;4.0;23.0;1.0;;27;5;2019;23:00;3.0;95;95678;1;1.0;1.0;2.0;RN 184;49,0731700;2,2341200;2;184;0.0;;3.0;8;0.0;1.0;13;899;1.0;;;1.0;0.0;1.0;110.0;Val-d'Oise;11;Île-de-France
201900002737;138Â 301Â 387;A01;1.0;1;1.0;1.0;2000.0;5.0;1.0;0.0;;;0;;;2.0;7.0;1.0;0.0;1.0;1.0;1.0;;27;5;2019;23:00;3.0;95;95678;1;1.0;1.0;2.0;RN 184;49,0731700;2,2341200;2;184;0.0;;3.0;8;0.0;1.0;13;899;1.0;;;1.0;0.0;1.0;110.0;Val-d'Oise;11;Île-de-France
201900002737;138Â 301Â 387;A01;2.0;2;2.0;2.0;2000.0;5.0;1.0;0.0;;;0;;;2.0;7.0;1.0;0.0;1.0;1.0;1.0;;27;5;2019;23:00;3.0;95;95678;1;1.0;1.0;2.0;RN 184;49,0731700;2,2341200;2;184;0.0;;3.0;8;0.0;1.0;13;899;1.0;;;1.0;0.0;1.0;110.0;Val-d'Oise;11;Île-de-France
201900002738;138Â 301Â 383;C01;1.0;1;1.0;1.0;1977.0;0.0;1.0;0.0;;; -1;;;1.0;7.0;14.0;0.0;2.0;21.0;1.0;;26;5;2019;19:30;1.0;93;93005;1;1.0;1.0;5.0;AUTOROUTE A104;48,9718100;2,4959000;1;104;0.0;;3.0;7;0.0;1.0;0;800;1.0;;;1.0;0.0;1.0;110.0;Seine-Saint-Denis;11;Île-de-France
201900002738;138Â 301Â 384;B01;1.0;1;1.0;1.0;1996.0;5.0;1.0;0.0;;; -1;;;1.0;7.0;0.0;2.0;5.0;11.0;1.0;;26;5;2019;19:30;1.0;93;93005;1;1.0;1.0;5.0;AUTOROUTE A104;48,9718100;2,4959000;1;104;0.0;;3.0;7;0.0;1.0;0;800;1.0;;;1.0;0.0;1.0;110.0;Seine-Saint-Denis;11;Île-de-France
201900002738;138Â 301Â 385;A01;2.0;2;2.0;1.0;1984.0;5.0;1.0;0.0;;; -1;;;1.0;7.0;0.0;2.0;3.0;13.0;1.0;;26;5;2019;19:30;1.0;93;93005;1;1.0;1.0;5.0;AUTOROUTE A104;48,9718100;2,4959000;1;104;0.0;;3.0;7;0.0;1.0;0;800;1.0;;;1.0;0.0;1.0;110.0;Seine-Saint-Denis;11;Île-de-France
201900002738;138Â 301Â 385;A01;1.0;1;1.0;1.0;1979.0;5.0;1.0;0.0;;; -1;;;1.0;7.0;0.0;2.0;3.0;13.0;1.0;;26;5;2019;19:30;1.0;93;93005;1;1.0;1.0;5.0;AUTOROUTE A104;48,9718100;2,4959000;1;104;0.0;;3.0;7;0.0;1.0;0;800;1.0;;;1.0;0.0;1.0;110.0;Seine-Saint-Denis;11;Île-de-France
201900002739;138Â 301Â 381;B01;1.0;1;1.0;1.0;1964.0;0.0;1.0;0.0;;; -1;;;1.0;7.0;0.0;2.0;4.0;2.0;1.0;;26;5;2019;21:20;3.0;93;93053;1;1.0;1.0;2.0;AUTOROUTE A86;48,8920300;2,4728400;1;86;0.0;;3.0;10;0.0;1.0;25;0;1.0;;;1.0;2.0;1.0;70.0;Seine-Saint-Denis;11;Île-de-France
201900002739;138Â 301Â 381;B01;4.0;2;2.0;2.0;2001.0;0.0;1.0;0.0;;; -1;;;1.0;7.0;0.0;2.0;4.0;2.0;1.0;;26;5;2019;21:20;3.0;93;93053;1;1.0;1.0;2.0;AUTOROUTE A86;48,8920300;2,4728400;1;86;0.0;;3.0;10;0.0;1.0;25;0;1.0;;;1.0;2.0;1.0;70.0;Seine-Saint-Denis;11;Île-de-France
201900002739;138Â 301Â 381;B01;2.0;2;2.0;2.0;1969.0;0.0;1.0;0.0;;; -1;;;1.0;7.0;0.0;2.0;4.0;2.0;1.0;;26;5;2019;21:20;3.0;93;93053;1;1.0;1.0;2.0;AUTOROUTE A86;48,8920300;2,4728400;1;86;0.0;;3.0;10;0.0;1.0;25;0;1.0;;;1.0;2.0;1.0;70.0;Seine-Saint-Denis;11;Île-de-France
201900002739;138Â 301Â 382;A01;1.0;1;1.0;2.0;1998.0;0.0;1.0;0.0;;; -1;;;1.0;7.0;0.0;2.0;1.0;2.0;1.0;;26;5;2019;21:20;3.0;93;93053;1;1.0;1.0;2.0;AUTOROUTE A86;48,8920300;2,4728400;1;86;0.0;;3.0;10;0.0;1.0;25;0;1.0;;;1.0;2.0;1.0;70.0;Seine-Saint-Denis;11;Île-de-France
201900002740;138Â 301Â 379;A01;1.0;1;2.0;2.0;1991.0;0.0;1.0;0.0;;;0;;;1.0;7.0;0.0;2.0;2.0;14.0;1.0;;25;5;2019;22:15;3.0;92;92078;1;1.0;1.0;3.0;AUTOROUTE A86;48,9288861;2,3300066;1;86;0.0;;3.0;6;0.0;1.0;11;699;3.0;;;1.0;2.0;1.0;90.0;Hauts-de-Seine;11;Île-de-France
201900002740;138Â 301Â 380;B01;1.0;1;1.0;1.0;1975.0;0.0;1.0;0.0;;;0;;;1.0;10.0;0.0;2.0;8.0;1.0;1.0;;25;5;2019;22:15;3.0;92;92078;1;1.0;1.0;3.0;AUTOROUTE A86;48,9288861;2,3300066;1;86;0.0;;3.0;6;0.0;1.0;11;699;3.0;;;1.0;2.0;1.0;90.0;Hauts-de-Seine;11;Île-de-France
201900002741;138Â 301Â 377;A01;1.0;1;2.0;1.0;1966.0;0.0;2.0;6.0;;; -1;;;1.0;43.0;0.0;2.0;0.0;1.0;1.0;;25;5;2019;16:45;1.0;93;93066;1;1.0;1.0;3.0;AUTOROUTE A1;48,9076200;2,3584800;1;1;0.0;;3.0;8;0.0;1.0;0;699;1.0;;;1.0;1.0;1.0;90.0;Seine-Saint-Denis;11;Île-de-France
201900002742;138Â 301Â 373;D01;1.0;1;1.0;1.0;1984.0;0.0;1.0;0.0;;; -1;;;2.0;7.0;0.0;2.0;4.0;23.0;1.0;;25;5;2019;14:00;1.0;93;93053;1;1.0;1.0;4.0;AUTOROUTE A3;48,8840600;2,4635600;1;3;0.0;;3.0;8;0.0;2.0;4;800;1.0;;;1.0;0.0;1.0;90.0;Seine-Saint-Denis;11;Île-de-France
201900002742;138Â 301Â 374;B01;1.0;1;2.0;1.0;1982.0;0.0;1.0;0.0;;; -1;;;2.0;7.0;0.0;2.0;4.0;23.0;1.0;;25;5;2019;14:00;1.0;93;93053;1;1.0;1.0;4.0;AUTOROUTE A3;48,8840600;2,4635600;1;3;0.0;;3.0;8;0.0;2.0;4;800;1.0;;;1.0;0.0;1.0;90.0;Seine-Saint-Denis;11;Île-de-France
201900002742;138Â 301Â 374;B01;2.0;2;2.0;1.0;1994.0;0.0;1.0;0.0;;; -1;;;2.0;7.0;0.0;2.0;4.0;23.0;1.0;;25;5;2019;14:00;1.0;93;93053;1;1.0;1.0;4.0;AUTOROUTE A3;48,8840600;2,4635600;1;3;0.0;;3.0;8;0.0;2.0;4;800;1.0;;;1.0;0.0;1.0;90.0;Seine-Saint-Denis;11;Île-de-France
201900002742;138Â 301Â 375;C01;1.0;1;2.0;1.0;1975.0;0.0;1.0;0.0;;; -1;;;2.0;10.0;0.0;2.0;4.0;23.0;1.0;;25;5;2019;14:00;1.0;93;93053;1;1.0;1.0;4.0;AUTOROUTE A3;48,8840600;2,4635600;1;3;0.0;;3.0;8;0.0;2.0;4;800;1.0;;;1.0;0.0;1.0;90.0;Seine-Saint-Denis;11;Île-de-France
201900002742;138Â 301Â 376;A01;1.0;1;1.0;1.0;1992.0;4.0;1.0;0.0;;; -1;;;2.0;15.0;1.0;0.0;1.0;2.0;1.0;;25;5;2019;14:00;1.0;93;93053;1;1.0;1.0;4.0;AUTOROUTE A3;48,8840600;2,4635600;1;3;0.0;;3.0;8;0.0;2.0;4;800;1.0;;;1.0;0.0;1.0;90.0;Seine-Saint-Denis;11;Île-de-France
201900002743;138Â 301Â 372;A01;1.0;1;2.0;2.0;1993.0;0.0;1.0;8.0;;; -1;;;2.0;7.0;4.0;0.0;5.0;0.0;1.0;;25;5;2019;07:15;1.0;93;93064;1;1.0;1.0;6.0;AUTOROUTE A86;48,8840500;2,4715600;1;86;0.0;;1.0;2;0.0;1.0;26;0;3.0;;;1.0;8.0;1.0;70.0;Seine-Saint-Denis;11;Île-de-France
201900002743;138Â 301Â 372;A01;2.0;2;2.0;2.0;1992.0;0.0;1.0;8.0;;; -1;;;2.0;7.0;4.0;0.0;5.0;0.0;1.0;;25;5;2019;07:15;1.0;93;93064;1;1.0;1.0;6.0;AUTOROUTE A86;48,8840500;2,4715600;1;86;0.0;;1.0;2;0.0;1.0;26;0;3.0;;;1.0;8.0;1.0;70.0;Seine-Saint-Denis;11;Île-de-France
201900002744;138Â 301Â 371;A01;1.0;1;2.0;1.0;1970.0;5.0;1.0;8.0;;;0;;;1.0;7.0;0.0;0.0;9.0;21.0;1.0;;25;5;2019;03:00;4.0;95;95563;1;1.0;1.0;7.0;AUTOROUTE A115;49,0106600;2,2289300;1;115;0.0;;3.0;4;0.0;1.0;5;199;1.0;;;1.0;0.0;1.0;90.0;Val-d'Oise;11;Île-de-France
201900002745;138Â 301Â 370;A01;4.0;2;2.0;2.0;2006.0;5.0;1.0;0.0;;;0;;;1.0;7.0;4.0;0.0;3.0;13.0;1.0;;24;5;2019;21:30;2.0;95;95641;1;9.0;1.0;6.0;AUTOROUTE A1;49,0698800;2,5528800;1;1;0.0;;1.0;1;0.0;1.0;26;49;2.0;;;1.0;0.0;1.0;30.0;Val-d'Oise;11;Île-de-France
201900002745;138Â 301Â 370;A01;5.0;2;2.0;1.0;2007.0;5.0;1.0;0.0;;;0;;;1.0;7.0;4.0;0.0;3.0;13.0;1.0;;24;5;2019;21:30;2.0;95;95641;1;9.0;1.0;6.0;AUTOROUTE A1;49,0698800;2,5528800;1;1;0.0;;1.0;1;0.0;1.0;26;49;2.0;;;1.0;0.0;1.0;30.0;Val-d'Oise;11;Île-de-France
201900002745;138Â 301Â 370;A01;3.0;2;2.0;1.0;2012.0;5.0;3.0;0.0;;;0;;;1.0;7.0;4.0;0.0;3.0;13.0;1.0;;24;5;2019;21:30;2.0;95;95641;1;9.0;1.0;6.0;AUTOROUTE A1;49,0698800;2,5528800;1;1;0.0;;1.0;1;0.0;1.0;26;49;2.0;;;1.0;0.0;1.0;30.0;Val-d'Oise;11;Île-de-France
201900002745;138Â 301Â 370;A01;1.0;1;1.0;1.0;1984.0;5.0;1.0;0.0;;;0;;;1.0;7.0;4.0;0.0;3.0;13.0;1.0;;24;5;2019;21:30;2.0;95;95641;1;9.0;1.0;6.0;AUTOROUTE A1;49,0698800;2,5528800;1;1;0.0;;1.0;1;0.0;1.0;26;49;2.0;;;1.0;0.0;1.0;30.0;Val-d'Oise;11;Île-de-France
201900002745;138Â 301Â 370;A01;2.0;2;1.0;2.0;1984.0;5.0;1.0;0.0;;;0;;;1.0;7.0;4.0;0.0;3.0;13.0;1.0;;24;5;2019;21:30;2.0;95;95641;1;9.0;1.0;6.0;AUTOROUTE A1;49,0698800;2,5528800;1;1;0.0;;1.0;1;0.0;1.0;26;49;2.0;;;1.0;0.0;1.0;30.0;Val-d'Oise;11;Île-de-France
201900002746;138Â 301Â 368;A01;1.0;1;1.0;1.0;1998.0;9.0;1.0;8.0;;;0;;;1.0;7.0;0.0;2.0;1.0;2.0;1.0;;24;5;2019;10:45;1.0;92;92036;1;1.0;1.0;2.0;AUTOROUTE A86;48,9389169;2,3054721;1;86;0.0;;3.0;7;0.0;1.0;9;399;3.0;;;1.0;0.0;1.0;90.0;Hauts-de-Seine;11;Île-de-France
201900002746;138Â 301Â 369;B01;1.0;1;1.0;1.0;1994.0;9.0;1.0;0.0;;;0;;;1.0;7.0;0.0;2.0;4.0;2.0;1.0;;24;5;2019;10:45;1.0;92;92036;1;1.0;1.0;2.0;AUTOROUTE A86;48,9389169;2,3054721;1;86;0.0;;3.0;7;0.0;1.0;9;399;3.0;;;1.0;0.0;1.0;90.0;Hauts-de-Seine;11;Île-de-France
201900002746;138Â 301Â 369;B01;2.0;2;2.0;2.0;1968.0;9.0;1.0;8.0;;;0;;;1.0;7.0;0.0;2.0;4.0;2.0;1.0;;24;5;2019;10:45;1.0;92;92036;1;1.0;1.0;2.0;AUTOROUTE A86;48,9389169;2,3054721;1;86;0.0;;3.0;7;0.0;1.0;9;399;3.0;;;1.0;0.0;1.0;90.0;Hauts-de-Seine;11;Île-de-France
201900002747;138Â 301Â 367;A01;1.0;1;2.0;1.0;1983.0;0.0;2.0;6.0;;;0;;;1.0;33.0;0.0;0.0;9.0;3.0;1.0;;24;5;2019;08:45;1.0;92;92078;1;1.0;1.0;7.0;AUTOROUTE A86;48,9273404;2,3333850;1;86;0.0;;3.0;8;0.0;1.0;12;0;2.0;;;1.0;2.0;1.0;90.0;Hauts-de-Seine;11;Île-de-France
201900002748;138Â 301Â 365;Z01;1.0;1;1.0;1.0;1980.0;1.0;1.0;;;; -1;;;2.0;7.0;0.0;2.0;8.0;11.0;1.0;;24;5;2019;09:10;1.0;95;95219;1;1.0;1.0;3.0;AUTOROUTE A115;48,9936400;2,2458900;1;115;0.0;;3.0;4;0.0;1.0;2;500;1.0;;;1.0;0.0;1.0;90.0;Val-d'Oise;11;Île-de-France
201900002748;138Â 301Â 366;A01;1.0;1;2.0;1.0;1989.0;5.0;2.0;6.0;;;0;;;2.0;33.0;0.0;2.0;7.0;3.0;1.0;;24;5;2019;09:10;1.0;95;95219;1;1.0;1.0;3.0;AUTOROUTE A115;48,9936400;2,2458900;1;115;0.0;;3.0;4;0.0;1.0;2;500;1.0;;;1.0;0.0;1.0;90.0;Val-d'Oise;11;Île-de-France
201900002749;138Â 301Â 363;A01;1.0;1;2.0;1.0;1983.0;1.0;2.0;6.0;;;0;;;2.0;33.0;0.0;2.0;7.0;3.0;1.0;;24;5;2019;07:30;1.0;95;95018;1;1.0;1.0;3.0;AUTOROUTE A15;48,9572900;2,2759700;1;15;0.0;;3.0;8;0.0;1.0;6;800;1.0;;;1.0;0.0;1.0;110.0;Val-d'Oise;11;Île-de-France
201900002749;138Â 301Â 364;B01;1.0;1;1.0;2.0;1988.0;1.0;1.0;0.0;;;0;;;2.0;7.0;0.0;2.0;8.0;11.0;1.0;;24;5;2019;07:30;1.0;95;95018;1;1.0;1.0;3.0;AUTOROUTE A15;48,9572900;2,2759700;1;15;0.0;;3.0;8;0.0;1.0;6;800;1.0;;;1.0;0.0;1.0;110.0;Val-d'Oise;11;Île-de-France
201900002750;138Â 301Â 360;C01;1.0;1;1.0;1.0;1986.0;9.0;1.0;8.0;;;0;;;1.0;7.0;14.0;0.0;2.0;1.0;1.0;;24;5;2019;03:20;3.0;95;95582;1;1.0;1.0;5.0;AUTOROUTE A15;48,9748100;2,2437800;1;15;0.0;;3.0;6;0.0;2.0;9;920;2.0;;;1.0;0.0;1.0;110.0;Val-d'Oise;11;Île-de-France
201900002750;138Â 301Â 361;B01;1.0;1;4.0;1.0;1999.0;5.0;1.0;8.0;;;0;;;1.0;7.0;0.0;2.0;4.0;23.0;1.0;;24;5;2019;03:20;3.0;95;95582;1;1.0;1.0;5.0;AUTOROUTE A15;48,9748100;2,2437800;1;15;0.0;;3.0;6;0.0;2.0;9;920;2.0;;;1.0;0.0;1.0;110.0;Val-d'Oise;11;Île-de-France
201900002750;138Â 301Â 362;A01;1.0;1;2.0;1.0;1985.0;5.0;1.0;8.0;;;0;;;1.0;7.0;1.0;0.0;1.0;1.0;1.0;;24;5;2019;03:20;3.0;95;95582;1;1.0;1.0;5.0;AUTOROUTE A15;48,9748100;2,2437800;1;15;0.0;;3.0;6;0.0;2.0;9;920;2.0;;;1.0;0.0;1.0;110.0;Val-d'Oise;11;Île-de-France
201900002751;138Â 301Â 358;B01;1.0;1;2.0;1.0;1982.0;0.0;2.0;8.0;;; -1;;;2.0;32.0;0.0;2.0;3.0;3.0;1.0;;23;5;2019;19:30;1.0;93;93007;1;1.0;1.0;3.0;AUTOROUTE A3;48,9421300;2,4781600;1;3;0.0;;3.0;6;0.0;1.0;12;0;1.0;;;1.0;2.0;1.0;110.0;Seine-Saint-Denis;11;Île-de-France
201900002751;138Â 301Â 359;A01;1.0;1;1.0;1.0;1998.0;0.0;1.0;8.0;;; -1;;;2.0;7.0;0.0;2.0;2.0;12.0;1.0;;23;5;2019;19:30;1.0;93;93007;1;1.0;1.0;3.0;AUTOROUTE A3;48,9421300;2,4781600;1;3;0.0;;3.0;6;0.0;1.0;12;0;1.0;;;1.0;2.0;1.0;110.0;Seine-Saint-Denis;11;Île-de-France
201900002752;138Â 301Â 355;B01;1.0;1;2.0;1.0;1989.0;0.0;1.0;8.0;;; -1;;;2.0;7.0;0.0;2.0;4.0;2.0;1.0;;23;5;2019;18:00;1.0;93;93005;1;1.0;1.0;4.0;AUTOROUTE A3;48,9602400;2,4733100;1;3;0.0;;3.0;6;0.0;1.0;14;0;1.0;;;1.0;0.0;1.0;110.0;Seine-Saint-Denis;11;Île-de-France
201900002752;138Â 301Â 356;C01;1.0;1;2.0;2.0;1981.0;0.0;1.0;8.0;;; -1;;;2.0;7.0;0.0;2.0;4.0;2.0;1.0;;23;5;2019;18:00;1.0;93;93005;1;1.0;1.0;4.0;AUTOROUTE A3;48,9602400;2,4733100;1;3;0.0;;3.0;6;0.0;1.0;14;0;1.0;;;1.0;0.0;1.0;110.0;Seine-Saint-Denis;11;Île-de-France
201900002752;138Â 301Â 357;A01;1.0;1;1.0;1.0;1959.0;0.0;1.0;8.0;;; -1;;;2.0;7.0;0.0;2.0;1.0;2.0;1.0;;23;5;2019;18:00;1.0;93;93005;1;1.0;1.0;4.0;AUTOROUTE A3;48,9602400;2,4733100;1;3;0.0;;3.0;6;0.0;1.0;14;0;1.0;;;1.0;0.0;1.0;110.0;Seine-Saint-Denis;11;Île-de-France
201900002753;138Â 301Â 353;A01;1.0;1;1.0;1.0;1998.0;1.0;1.0;0.0;;;0;;;2.0;10.0;0.0;2.0;8.0;11.0;1.0;;23;5;2019;09:20;1.0;95;95572;1;1.0;1.0;3.0;RN 184;49,0411200;2,1280300;2;184;0.0;;3.0;4;0.0;1.0;4;500;3.0;;;1.0;0.0;1.0;90.0;Val-d'Oise;11;Île-de-France
201900002753;138Â 301Â 354;B01;1.0;1;2.0;1.0;1981.0;1.0;2.0;6.0;;;0;;;2.0;33.0;0.0;2.0;2.0;1.0;1.0;;23;5;2019;09:20;1.0;95;95572;1;1.0;1.0;3.0;RN 184;49,0411200;2,1280300;2;184;0.0;;3.0;4;0.0;1.0;4;500;3.0;;;1.0;0.0;1.0;90.0;Val-d'Oise;11;Île-de-France
201900002754;138Â 301Â 350;B01;1.0;1;2.0;1.0;1974.0;0.0;1.0;0.0;;; -1;;;2.0;7.0;0.0;2.0;4.0;2.0;1.0;;23;5;2019;06:00;2.0;93;93066;1;1.0;1.0;4.0;AUTOROUTE A86;48,9229300;2,3450300;1;86;0.0;;3.0;10;0.0;1.0;13;0;3.0;;;1.0;2.0;1.0;90.0;Seine-Saint-Denis;11;Île-de-France
201900002754;138Â 301Â 351;C01;1.0;1;1.0;1.0;1993.0;0.0;1.0;0.0;;; -1;;;2.0;14.0;0.0;2.0;4.0;2.0;1.0;;23;5;2019;06:00;2.0;93;93066;1;1.0;1.0;4.0;AUTOROUTE A86;48,9229300;2,3450300;1;86;0.0;;3.0;10;0.0;1.0;13;0;3.0;;;1.0;2.0;1.0;90.0;Seine-Saint-Denis;11;Île-de-France
201900002754;138Â 301Â 352;A01;1.0;1;1.0;1.0;1980.0;0.0;1.0;0.0;;; -1;;;2.0;17.0;0.0;2.0;1.0;2.0;1.0;;23;5;2019;06:00;2.0;93;93066;1;1.0;1.0;4.0;AUTOROUTE A86;48,9229300;2,3450300;1;86;0.0;;3.0;10;0.0;1.0;13;0;3.0;;;1.0;2.0;1.0;90.0;Seine-Saint-Denis;11;Île-de-France
201900002755;138Â 301Â 349;A01;1.0;1;1.0;1.0;1978.0;4.0;1.0;0.0;;; -1;;;2.0;17.0;0.0;1.0;1.0;1.0;1.0;;23;5;2019;03:30;3.0;93;93007;1;1.0;1.0;6.0;AUTOROUTE A3;48,9206700;2,4793400;1;3;0.0;;3.0;6;0.0;1.0;9;699;1.0;;;1.0;0.0;1.0;110.0;Seine-Saint-Denis;11;Île-de-France
201900002755;138Â 301Â 349;A01;10.0;3;4.0;1.0;1944.0;0.0;8.0;0.0;;6.0;3;1.0;;2.0;17.0;0.0;1.0;1.0;1.0;1.0;;23;5;2019;03:30;3.0;93;93007;1;1.0;1.0;6.0;AUTOROUTE A3;48,9206700;2,4793400;1;3;0.0;;3.0;6;0.0;1.0;9;699;1.0;;;1.0;0.0;1.0;110.0;Seine-Saint-Denis;11;Île-de-France
201900002756;138Â 301Â 348;A01;1.0;1;2.0;1.0;2000.0;0.0;1.0;8.0;;; -1;;;1.0;7.0;4.0;0.0;1.0;1.0;1.0;;23;5;2019;02:20;4.0;93;93078;1;1.0;1.0;6.0;AUTOROUTE A104;48,9586000;2,5346000;1;104;0.0;;3.0;8;0.0;1.0;4;99;1.0;;;1.0;0.0;1.0;90.0;Seine-Saint-Denis;11;Île-de-France
201900002757;138Â 301Â 346;B01;1.0;1;2.0;1.0;1963.0;0.0;2.0;0.0;;; -1;;;1.0;33.0;0.0;2.0;2.0;1.0;1.0;;22;5;2019;23:30;5.0;93;93066;1;1.0;1.0;3.0;AUTOROUTE A1;48,9148200;2,3579700;1;1;0.0;;3.0;8;0.0;1.0;1;500;1.0;;;1.0;1.0;1.0;90.0;Seine-Saint-Denis;11;Île-de-France