Num_Acc;id_vehicule;num_veh;place;catu;grav;sexe;an_nais;trajet;secu1;secu2;secu3;locp;actp;etatp;id_usager;senc;catv;obs;obsm;choc;manv;motor;occutc;jour;mois;an;hrmn;lum;dep;com;agg;int;atm;col;adr;lat;long;catr;voie;v1;v2;circ;nbv;vosp;prof;pr;pr1;plan;lartpc;larrout;surf;infra;situ;vma;nom_departement;reg;nom_region
201900002757;138Â 301Â 347;A01;1.0;1;1.0;1.0;1972.0;0.0;1.0;0.0;;; -1;;;1.0;7.0;0.0;2.0;6.0;11.0;1.0;;22;5;2019;23:30;5.0;93;93066;1;1.0;1.0;3.0;AUTOROUTE A1;48,9148200;2,3579700;1;1;0.0;;3.0;8;0.0;1.0;1;500;1.0;;;1.0;1.0;1.0;90.0;Seine-Saint-Denis;11;Île-de-France
201900002758;138Â 301Â 343;C01;1.0;1;1.0;1.0;1978.0;0.0;1.0;0.0;;; -1;;;1.0;7.0;0.0;2.0;4.0;2.0;1.0;;22;5;2019;17:00;1.0;93;93010;1;1.0;1.0;4.0;AUTOROUTE A3;48,9147300;2,4776200;1;3;0.0;;3.0;7;0.0;1.0;9;0;1.0;;;1.0;0.0;1.0;110.0;Seine-Saint-Denis;11;Île-de-France
201900002758;138Â 301Â 344;B01;1.0;1;1.0;1.0;1990.0;0.0;1.0;0.0;;; -1;;;1.0;10.0;0.0;2.0;4.0;2.0;1.0;;22;5;2019;17:00;1.0;93;93010;1;1.0;1.0;4.0;AUTOROUTE A3;48,9147300;2,4776200;1;3;0.0;;3.0;7;0.0;1.0;9;0;1.0;;;1.0;0.0;1.0;110.0;Seine-Saint-Denis;11;Île-de-France
201900002758;138Â 301Â 345;A01;1.0;1;3.0;1.0;1967.0;9.0;1.0;0.0;;; -1;;;1.0;7.0;0.0;2.0;1.0;11.0;1.0;;22;5;2019;17:00;1.0;93;93010;1;1.0;1.0;4.0;AUTOROUTE A3;48,9147300;2,4776200;1;3;0.0;;3.0;7;0.0;1.0;9;0;1.0;;;1.0;0.0;1.0;110.0;Seine-Saint-Denis;11;Île-de-France
201900002759;138Â 301Â 342;A01;1.0;1;3.0;1.0;1967.0;0.0;2.0;0.0;;; -1;;;2.0;33.0;14.0;0.0;1.0;1.0;1.0;;21;5;2019;13:00;1.0;93;93005;1;1.0;1.0;6.0;AUTOROUTE A104;48,9726620;2,4928987;1;104;0.0;;3.0;3;0.0;1.0;0;400;1.0;;;1.0;2.0;1.0;70.0;Seine-Saint-Denis;11;Île-de-France
201900002760;138Â 301Â 341;A01;1.0;1;2.0;1.0;1963.0;4.0;1.0;0.0;;;0;;;2.0;17.0;3.0;0.0;1.0;14.0;1.0;;21;5;2019;10:00;1.0;60;60494;1;1.0;1.0;6.0;AUTOROUTE A1;49,1143800;2,5540600;1;1;0.0;;3.0;6;0.0;1.0;31;0;1.0;;;1.0;0.0;1.0;130.0;Oise;32;Hauts-de-France
201900002761;138Â 301Â 340;A01;1.0;1;2.0;1.0;1975.0;1.0;2.0;6.0;;; -1;;;2.0;43.0;0.0;0.0;9.0;1.0;1.0;;21;5;2019;06:15;2.0;93;93064;1;1.0;1.0;7.0;AUTOROUTE A86;48,8840300;2,4715400;1;86;0.0;;1.0;3;0.0;2.0;26;0;3.0;;;9.0;2.0;1.0;70.0;Seine-Saint-Denis;11;Île-de-France
201900002762;138Â 301Â 338;B01;1.0;1;2.0;1.0;1967.0;0.0;1.0;0.0;;; -1;;;2.0;7.0;4.0;2.0;4.0;2.0;1.0;;20;5;2019;20:30;1.0;93;93013;1;1.0;1.0;2.0;AUTOROUTE A1;48,9402300;2,4227700;1;1;0.0;;3.0;8;0.0;1.0;8;0;1.0;;;1.0;0.0;1.0;110.0;Seine-Saint-Denis;11;Île-de-France
201900002762;138Â 301Â 338;B01;2.0;2;2.0;2.0;1964.0;0.0;1.0;0.0;;; -1;;;2.0;7.0;4.0;2.0;4.0;2.0;1.0;;20;5;2019;20:30;1.0;93;93013;1;1.0;1.0;2.0;AUTOROUTE A1;48,9402300;2,4227700;1;1;0.0;;3.0;8;0.0;1.0;8;0;1.0;;;1.0;0.0;1.0;110.0;Seine-Saint-Denis;11;Île-de-France
201900002762;138Â 301Â 339;A01;1.0;1;2.0;1.0;1962.0;9.0;1.0;0.0;;; -1;;;2.0;7.0;0.0;2.0;1.0;2.0;1.0;;20;5;2019;20:30;1.0;93;93013;1;1.0;1.0;2.0;AUTOROUTE A1;48,9402300;2,4227700;1;1;0.0;;3.0;8;0.0;1.0;8;0;1.0;;;1.0;0.0;1.0;110.0;Seine-Saint-Denis;11;Île-de-France
201900002763;138Â 301Â 335;B01;1.0;1;1.0;1.0;1966.0;0.0;1.0;0.0;;; -1;;;1.0;7.0;0.0;2.0;3.0;1.0;1.0;;20;5;2019;17:10;1.0;93;93008;1;1.0;1.0;5.0;AUTOROUTE A86;48,9069200;2,4558300;1;86;0.0;;3.0;8;0.0;1.0;22;500;1.0;;;1.0;0.0;1.0;90.0;Seine-Saint-Denis;11;Île-de-France
201900002763;138Â 301Â 336;C01;1.0;1;1.0;2.0;1967.0;0.0;1.0;0.0;;; -1;;;1.0;7.0;0.0;2.0;5.0;1.0;1.0;;20;5;2019;17:10;1.0;93;93008;1;1.0;1.0;5.0;AUTOROUTE A86;48,9069200;2,4558300;1;86;0.0;;3.0;8;0.0;1.0;22;500;1.0;;;1.0;0.0;1.0;90.0;Seine-Saint-Denis;11;Île-de-France
201900002763;138Â 301Â 337;A01;1.0;1;2.0;1.0;1998.0;0.0;2.0;6.0;;; -1;;;1.0;33.0;0.0;2.0;2.0;3.0;1.0;;20;5;2019;17:10;1.0;93;93008;1;1.0;1.0;5.0;AUTOROUTE A86;48,9069200;2,4558300;1;86;0.0;;3.0;8;0.0;1.0;22;500;1.0;;;1.0;0.0;1.0;90.0;Seine-Saint-Denis;11;Île-de-France
201900002764;138Â 301Â 333;A01;2.0;2;2.0;1.0;1985.0;0.0;1.0;0.0;;; -1;;;2.0;7.0;0.0;2.0;4.0;0.0;1.0;;20;5;2019;14:15;1.0;93;93048;1;1.0;1.0;2.0;AUTOROUTE A86;48,8667000;2,4816300;1;86;0.0;;3.0;6;0.0;1.0;28;500;3.0;;;1.0;2.0;1.0;90.0;Seine-Saint-Denis;11;Île-de-France
201900002764;138Â 301Â 333;A01;1.0;1;2.0;2.0;1997.0;0.0;1.0;0.0;;; -1;;;2.0;7.0;0.0;2.0;4.0;0.0;1.0;;20;5;2019;14:15;1.0;93;93048;1;1.0;1.0;2.0;AUTOROUTE A86;48,8667000;2,4816300;1;86;0.0;;3.0;6;0.0;1.0;28;500;3.0;;;1.0;2.0;1.0;90.0;Seine-Saint-Denis;11;Île-de-France
201900002764;138Â 301Â 334;B01;1.0;1;1.0;1.0;1962.0;0.0;1.0;0.0;;; -1;;;2.0;17.0;0.0;2.0;1.0;0.0;1.0;;20;5;2019;14:15;1.0;93;93048;1;1.0;1.0;2.0;AUTOROUTE A86;48,8667000;2,4816300;1;86;0.0;;3.0;6;0.0;1.0;28;500;3.0;;;1.0;2.0;1.0;90.0;Seine-Saint-Denis;11;Île-de-France
201900002765;138Â 301Â 329;A01;1.0;1;1.0;1.0;1981.0;4.0;1.0;4.0;;; -1;;;1.0;7.0;0.0;2.0;3.0;18.0;1.0;;20;5;2019;11:30;1.0;93;93039;1;1.0;1.0;4.0;AUTOROUTE A86;48,9273000;2,3333700;1;86;0.0;;3.0;8;0.0;1.0;12;0;1.0;;;1.0;2.0;1.0;90.0;Seine-Saint-Denis;11;Île-de-France
201900002765;138Â 301Â 330;C01;1.0;1;1.0;1.0;1956.0;9.0;1.0;0.0;;; -1;;;1.0;7.0;0.0;2.0;4.0;2.0;1.0;;20;5;2019;11:30;1.0;93;93039;1;1.0;1.0;4.0;AUTOROUTE A86;48,9273000;2,3333700;1;86;0.0;;3.0;8;0.0;1.0;12;0;1.0;;;1.0;2.0;1.0;90.0;Seine-Saint-Denis;11;Île-de-France
201900002765;138Â 301Â 331;D01;1.0;1;1.0;2.0;1977.0;9.0;1.0;0.0;;; -1;;;1.0;7.0;0.0;2.0;4.0;2.0;1.0;;20;5;2019;11:30;1.0;93;93039;1;1.0;1.0;4.0;AUTOROUTE A86;48,9273000;2,3333700;1;86;0.0;;3.0;8;0.0;1.0;12;0;1.0;;;1.0;2.0;1.0;90.0;Seine-Saint-Denis;11;Île-de-France
201900002765;138Â 301Â 332;B01;1.0;1;2.0;1.0;1966.0;9.0;1.0;0.0;;; -1;;;1.0;7.0;3.0;2.0;5.0;2.0;1.0;;20;5;2019;11:30;1.0;93;93039;1;1.0;1.0;4.0;AUTOROUTE A86;48,9273000;2,3333700;1;86;0.0;;3.0;8;0.0;1.0;12;0;1.0;;;1.0;2.0;1.0;90.0;Seine-Saint-Denis;11;Île-de-France
201900002766;138Â 301Â 327;A01;2.0;2;2.0;2.0;1989.0;0.0;1.0;0.0;;; -1;;;1.0;7.0;0.0;2.0;2.0;1.0;1.0;;19;5;2019;22:10;3.0;93;93039;1;1.0;2.0;2.0;AUTOROUTE A86;48,9273000;2,3334000;1;86;0.0;;3.0;8;0.0;1.0;12;0;1.0;;;2.0;2.0;1.0;70.0;Seine-Saint-Denis;11;Île-de-France
201900002766;138Â 301Â 327;A01;1.0;1;2.0;2.0;1990.0;0.0;1.0;0.0;;; -1;;;1.0;7.0;0.0;2.0;2.0;1.0;1.0;;19;5;2019;22:10;3.0;93;93039;1;1.0;2.0;2.0;AUTOROUTE A86;48,9273000;2,3334000;1;86;0.0;;3.0;8;0.0;1.0;12;0;1.0;;;2.0;2.0;1.0;70.0;Seine-Saint-Denis;11;Île-de-France
201900002766;138Â 301Â 328;B01;1.0;1;1.0;1.0;1967.0;5.0;8.0;0.0;;; -1;;;1.0;7.0;0.0;2.0;6.0;11.0;1.0;;19;5;2019;22:10;3.0;93;93039;1;1.0;2.0;2.0;AUTOROUTE A86;48,9273000;2,3334000;1;86;0.0;;3.0;8;0.0;1.0;12;0;1.0;;;2.0;2.0;1.0;70.0;Seine-Saint-Denis;11;Île-de-France
201900002767;138Â 301Â 325;B01;1.0;1;1.0;1.0;1992.0;0.0;1.0;0.0;;; -1;;;1.0;7.0;0.0;2.0;4.0;2.0;1.0;;19;5;2019;18:50;1.0;93;93064;1;1.0;3.0;2.0;AUTOROUTE A103;48,8867000;2,4778300;1;103;0.0;;3.0;7;0.0;1.0;1;0;1.0;;;2.0;0.0;1.0;90.0;Seine-Saint-Denis;11;Île-de-France
201900002767;138Â 301Â 326;A01;1.0;1;2.0;2.0;1987.0;0.0;1.0;0.0;;; -1;;;1.0;7.0;0.0;2.0;1.0;2.0;1.0;;19;5;2019;18:50;1.0;93;93064;1;1.0;3.0;2.0;AUTOROUTE A103;48,8867000;2,4778300;1;103;0.0;;3.0;7;0.0;1.0;1;0;1.0;;;2.0;0.0;1.0;90.0;Seine-Saint-Denis;11;Île-de-France
201900002768;138Â 301Â 323;A01;1.0;1;1.0;1.0;1968.0;0.0;1.0;0.0;;; -1;;;2.0;7.0;1.0;0.0;2.0;1.0;1.0;;19;5;2019;14:10;1.0;93;93010;1;1.0;3.0;2.0;AUTOROUTE A3;48,9053700;2,4718300;1;3;0.0;;3.0;6;0.0;1.0;7;900;1.0;;;2.0;2.0;1.0;90.0;Seine-Saint-Denis;11;Île-de-France
201900002768;138Â 301Â 324;B01;1.0;1;2.0;2.0;1960.0;0.0;1.0;0.0;;; -1;;;2.0;7.0;0.0;2.0;4.0;23.0;1.0;;19;5;2019;14:10;1.0;93;93010;1;1.0;3.0;2.0;AUTOROUTE A3;48,9053700;2,4718300;1;3;0.0;;3.0;6;0.0;1.0;7;900;1.0;;;2.0;2.0;1.0;90.0;Seine-Saint-Denis;11;Île-de-France
201900002769;138Â 301Â 322;A01;1.0;1;1.0;1.0;1989.0;5.0;1.0;0.0;;; -1;;;1.0;7.0;4.0;0.0;1.0;1.0;1.0;;19;5;2019;12:30;1.0;93;93053;1;1.0;1.0;6.0;AUTOROUTE A103;48,8884800;2,4722200;1;103;0.0;;3.0;4;0.0;3.0;0;500;2.0;;;1.0;0.0;1.0;90.0;Seine-Saint-Denis;11;Île-de-France
201900002769;138Â 301Â 322;A01;2.0;2;2.0;1.0;2010.0;5.0;1.0;0.0;;; -1;;;1.0;7.0;4.0;0.0;1.0;1.0;1.0;;19;5;2019;12:30;1.0;93;93053;1;1.0;1.0;6.0;AUTOROUTE A103;48,8884800;2,4722200;1;103;0.0;;3.0;4;0.0;3.0;0;500;2.0;;;1.0;0.0;1.0;90.0;Seine-Saint-Denis;11;Île-de-France
201900002770;138Â 301Â 320;B01;1.0;1;2.0;1.0;1994.0;5.0;1.0;0.0;;0.0;0;;;1.0;7.0;0.0;2.0;7.0;1.0;1.0;;19;5;2019;11:00;1.0;93;93005;1;1.0;1.0;3.0;AUTOROUTE A104;48,9728870;2,4922690;1;104;0.0;;1.0;2;0.0;2.0;0;400;3.0;;;2.0;0.0;1.0;90.0;Seine-Saint-Denis;11;Île-de-France
201900002770;138Â 301Â 321;A01;3.0;2;2.0;1.0;1901.0;5.0;3.0;0.0;;0.0;0;;;1.0;7.0;0.0;2.0;8.0;14.0;1.0;;19;5;2019;11:00;1.0;93;93005;1;1.0;1.0;3.0;AUTOROUTE A104;48,9728870;2,4922690;1;104;0.0;;1.0;2;0.0;2.0;0;400;3.0;;;2.0;0.0;1.0;90.0;Seine-Saint-Denis;11;Île-de-France
201900002770;138Â 301Â 321;A01;2.0;2;2.0;2.0;1985.0;5.0;1.0;0.0;;0.0;0;;;1.0;7.0;0.0;2.0;8.0;14.0;1.0;;19;5;2019;11:00;1.0;93;93005;1;1.0;1.0;3.0;AUTOROUTE A104;48,9728870;2,4922690;1;104;0.0;;1.0;2;0.0;2.0;0;400;3.0;;;2.0;0.0;1.0;90.0;Seine-Saint-Denis;11;Île-de-France
201900002770;138Â 301Â 321;A01;1.0;1;1.0;1.0;1986.0;5.0;1.0;0.0;;0.0;0;;;1.0;7.0;0.0;2.0;8.0;14.0;1.0;;19;5;2019;11:00;1.0;93;93005;1;1.0;1.0;3.0;AUTOROUTE A104;48,9728870;2,4922690;1;104;0.0;;1.0;2;0.0;2.0;0;400;3.0;;;2.0;0.0;1.0;90.0;Seine-Saint-Denis;11;Île-de-France
201900002771;138Â 301Â 318;B01;1.0;1;1.0;1.0;1988.0;0.0;1.0;0.0;;; -1;;;2.0;7.0;0.0;2.0;4.0;1.0;1.0;;18;5;2019;17:20;1.0;93;93006;1;1.0;1.0;2.0;AUTOROUTE A3;48,8678400;2,4276300;1;3;0.0;;3.0;8;0.0;1.0;1;200;1.0;;;1.0;1.0;1.0;90.0;Seine-Saint-Denis;11;Île-de-France
201900002771;138Â 301Â 319;A01;1.0;1;2.0;1.0;1998.0;0.0;2.0;0.0;;; -1;;;2.0;33.0;0.0;2.0;1.0;3.0;1.0;;18;5;2019;17:20;1.0;93;93006;1;1.0;1.0;2.0;AUTOROUTE A3;48,8678400;2,4276300;1;3;0.0;;3.0;8;0.0;1.0;1;200;1.0;;;1.0;1.0;1.0;90.0;Seine-Saint-Denis;11;Île-de-France
201900002772;138Â 301Â 316;C01;1.0;1;2.0;1.0;1968.0;;0.0;;;;0;;;;7.0;;;;;;;18;5;2019;18:00;1.0;93;93078;1;1.0;1.0;2.0;AUTOROUTE A104;48,9633581;2,5502835;1;104;;;3.0;;;1.0;(1);(1);1.0;;;;3.0;;;Seine-Saint-Denis;11;Île-de-France
201900002772;138Â 301Â 317;D01;1.0;1;1.0;1.0;1965.0;;0.0;;;; -1;;;;7.0;;;;;;;18;5;2019;18:00;1.0;93;93078;1;1.0;1.0;2.0;AUTOROUTE A104;48,9633581;2,5502835;1;104;;;3.0;;;1.0;(1);(1);1.0;;;;3.0;;;Seine-Saint-Denis;11;Île-de-France
201900002773;138Â 301Â 313;B01;2.0;2;1.0;1.0;1967.0;0.0;1.0;0.0;;; -1;;;1.0;7.0;0.0;2.0;3.0;1.0;1.0;;17;5;2019;21:20;3.0;93;93005;1;1.0;1.0;5.0;AUTOROUTE A1;48,9640900;2,4734500;1;1;0.0;;3.0;11;0.0;1.0;12;555;1.0;;;1.0;0.0;1.0;110.0;Seine-Saint-Denis;11;Île-de-France
201900002773;138Â 301Â 313;B01;1.0;1;1.0;2.0;1968.0;0.0;1.0;0.0;;; -1;;;1.0;7.0;0.0;2.0;3.0;1.0;1.0;;17;5;2019;21:20;3.0;93;93005;1;1.0;1.0;5.0;AUTOROUTE A1;48,9640900;2,4734500;1;1;0.0;;3.0;11;0.0;1.0;12;555;1.0;;;1.0;0.0;1.0;110.0;Seine-Saint-Denis;11;Île-de-France
201900002773;138Â 301Â 314;C01;1.0;1;2.0;2.0;1972.0;0.0;1.0;0.0;;; -1;;;1.0;7.0;0.0;2.0;1.0;1.0;1.0;;17;5;2019;21:20;3.0;93;93005;1;1.0;1.0;5.0;AUTOROUTE A1;48,9640900;2,4734500;1;1;0.0;;3.0;11;0.0;1.0;12;555;1.0;;;1.0;0.0;1.0;110.0;Seine-Saint-Denis;11;Île-de-France
201900002773;138Â 301Â 315;A01;4.0;2;1.0;1.0;2000.0;0.0;1.0;0.0;;; -1;;;1.0;7.0;0.0;2.0;2.0;12.0;1.0;;17;5;2019;21:20;3.0;93;93005;1;1.0;1.0;5.0;AUTOROUTE A1;48,9640900;2,4734500;1;1;0.0;;3.0;11;0.0;1.0;12;555;1.0;;;1.0;0.0;1.0;110.0;Seine-Saint-Denis;11;Île-de-France
201900002773;138Â 301Â 315;A01;5.0;2;1.0;2.0;1978.0;0.0;1.0;0.0;;; -1;;;1.0;7.0;0.0;2.0;2.0;12.0;1.0;;17;5;2019;21:20;3.0;93;93005;1;1.0;1.0;5.0;AUTOROUTE A1;48,9640900;2,4734500;1;1;0.0;;3.0;11;0.0;1.0;12;555;1.0;;;1.0;0.0;1.0;110.0;Seine-Saint-Denis;11;Île-de-France
201900002773;138Â 301Â 315;A01;1.0;1;1.0;2.0;1995.0;5.0;1.0;0.0;;; -1;;;1.0;7.0;0.0;2.0;2.0;12.0;1.0;;17;5;2019;21:20;3.0;93;93005;1;1.0;1.0;5.0;AUTOROUTE A1;48,9640900;2,4734500;1;1;0.0;;3.0;11;0.0;1.0;12;555;1.0;;;1.0;0.0;1.0;110.0;Seine-Saint-Denis;11;Île-de-France
201900002773;138Â 301Â 315;A01;2.0;2;1.0;1.0;2001.0;0.0;1.0;0.0;;; -1;;;1.0;7.0;0.0;2.0;2.0;12.0;1.0;;17;5;2019;21:20;3.0;93;93005;1;1.0;1.0;5.0;AUTOROUTE A1;48,9640900;2,4734500;1;1;0.0;;3.0;11;0.0;1.0;12;555;1.0;;;1.0;0.0;1.0;110.0;Seine-Saint-Denis;11;Île-de-France
201900002773;138Â 301Â 315;A01;3.0;2;1.0;1.0;2000.0;0.0;1.0;0.0;;; -1;;;1.0;7.0;0.0;2.0;2.0;12.0;1.0;;17;5;2019;21:20;3.0;93;93005;1;1.0;1.0;5.0;AUTOROUTE A1;48,9640900;2,4734500;1;1;0.0;;3.0;11;0.0;1.0;12;555;1.0;;;1.0;0.0;1.0;110.0;Seine-Saint-Denis;11;Île-de-France
201900002774;138Â 301Â 312;A01;1.0;1;2.0;1.0;1992.0;0.0;2.0;6.0;;; -1;;;1.0;33.0;0.0;0.0;9.0;1.0;1.0;;17;5;2019;15:15;1.0;93;93006;1;1.0;1.0;7.0;AUTOROUTE A3;48,8644000;2,4143300;1;3;0.0;;3.0;3;0.0;2.0;0;200;2.0;;;1.0;3.0;1.0;50.0;Seine-Saint-Denis;11;Île-de-France
201900002774;138Â 301Â 312;A01;2.0;2;2.0;2.0;1990.0;0.0;2.0;6.0;;; -1;;;1.0;33.0;0.0;0.0;9.0;1.0;1.0;;17;5;2019;15:15;1.0;93;93006;1;1.0;1.0;7.0;AUTOROUTE A3;48,8644000;2,4143300;1;3;0.0;;3.0;3;0.0;2.0;0;200;2.0;;;1.0;3.0;1.0;50.0;Seine-Saint-Denis;11;Île-de-France
201900002775;138Â 301Â 310;B01;1.0;1;2.0;1.0;1988.0;1.0;2.0;0.0;;; -1;;;2.0;33.0;0.0;2.0;3.0;3.0;1.0;;17;5;2019;07:30;1.0;93;93063;1;1.0;1.0;3.0;AUTOROUTE A3;48,8783500;2,4464800;1;3;0.0;;3.0;7;0.0;1.0;3;0;1.0;;;1.0;1.0;1.0;70.0;Seine-Saint-Denis;11;Île-de-France
201900002775;138Â 301Â 311;A01;1.0;1;1.0;1.0;1996.0;1.0;1.0;0.0;;; -1;;;2.0;7.0;0.0;2.0;5.0;12.0;1.0;;17;5;2019;07:30;1.0;93;93063;1;1.0;1.0;3.0;AUTOROUTE A3;48,8783500;2,4464800;1;3;0.0;;3.0;7;0.0;1.0;3;0;1.0;;;1.0;1.0;1.0;70.0;Seine-Saint-Denis;11;Île-de-France
201900002776;138Â 301Â 307;A01;1.0;1;1.0;1.0;1971.0;0.0;1.0;8.0;;; -1;;;2.0;7.0;0.0;2.0;1.0;9.0;1.0;;16;5;2019;16:40;1.0;93;93007;1;1.0;1.0;4.0;AUTOROUTE A3;48,9348300;2,4804800;1;3;0.0;;3.0;6;0.0;1.0;11;399;1.0;;;1.0;0.0;1.0;110.0;Seine-Saint-Denis;11;Île-de-France
201900002776;138Â 301Â 308;C01;1.0;1;1.0;1.0;1948.0;0.0;1.0;8.0;;; -1;;;2.0;7.0;0.0;2.0;4.0;2.0;1.0;;16;5;2019;16:40;1.0;93;93007;1;1.0;1.0;4.0;AUTOROUTE A3;48,9348300;2,4804800;1;3;0.0;;3.0;6;0.0;1.0;11;399;1.0;;;1.0;0.0;1.0;110.0;Seine-Saint-Denis;11;Île-de-France
201900002776;138Â 301Â 309;B01;1.0;1;2.0;2.0;1960.0;0.0;1.0;8.0;;; -1;;;2.0;7.0;0.0;2.0;4.0;2.0;1.0;;16;5;2019;16:40;1.0;93;93007;1;1.0;1.0;4.0;AUTOROUTE A3;48,9348300;2,4804800;1;3;0.0;;3.0;6;0.0;1.0;11;399;1.0;;;1.0;0.0;1.0;110.0;Seine-Saint-Denis;11;Île-de-France
201900002777;138Â 301Â 305;A01;1.0;1;1.0;1.0;1980.0;4.0;1.0;0.0;;; -1;;;2.0;14.0;0.0;2.0;7.0;0.0;1.0;;16;5;2019;17:30;1.0;93;93007;1;1.0;1.0;3.0;AUTOROUTE A1;48,9439900;2,4365800;1;1;0.0;;3.0;9;0.0;1.0;9;100;1.0;;;1.0;0.0;1.0;110.0;Seine-Saint-Denis;11;Île-de-France
201900002777;138Â 301Â 306;B01;1.0;1;2.0;2.0;1987.0;0.0;1.0;0.0;;; -1;;;2.0;7.0;0.0;2.0;8.0;0.0;1.0;;16;5;2019;17:30;1.0;93;93007;1;1.0;1.0;3.0;AUTOROUTE A1;48,9439900;2,4365800;1;1;0.0;;3.0;9;0.0;1.0;9;100;1.0;;;1.0;0.0;1.0;110.0;Seine-Saint-Denis;11;Île-de-France
201900002778;138Â 301Â 300;A01;1.0;1;1.0;1.0;1970.0;4.0;1.0;8.0;;; -1;;;2.0;17.0;0.0;2.0;3.0;2.0;1.0;;16;5;2019;13:45;1.0;93;93048;1;1.0;1.0;4.0;AUTOROUTE A3;48,8724500;2,4342000;1;3;0.0;;3.0;10;0.0;1.0;2;99;1.0;;;1.0;0.0;1.0;70.0;Seine-Saint-Denis;11;Île-de-France
201900002778;138Â 301Â 301;C01;1.0;1;1.0;2.0;1983.0;0.0;1.0;8.0;;; -1;;;2.0;7.0;0.0;2.0;7.0;2.0;1.0;;16;5;2019;13:45;1.0;93;93048;1;1.0;1.0;4.0;AUTOROUTE A3;48,8724500;2,4342000;1;3;0.0;;3.0;10;0.0;1.0;2;99;1.0;;;1.0;0.0;1.0;70.0;Seine-Saint-Denis;11;Île-de-France
201900002778;138Â 301Â 302;E01;1.0;1;1.0;1.0;1989.0;4.0;1.0;8.0;;; -1;;;2.0;17.0;0.0;2.0;4.0;2.0;1.0;;16;5;2019;13:45;1.0;93;93048;1;1.0;1.0;4.0;AUTOROUTE A3;48,8724500;2,4342000;1;3;0.0;;3.0;10;0.0;1.0;2;99;1.0;;;1.0;0.0;1.0;70.0;Seine-Saint-Denis;11;Île-de-France
201900002778;138Â 301Â 303;B01;1.0;1;1.0;1.0;1999.0;4.0;1.0;8.0;;; -1;;;2.0;10.0;0.0;2.0;2.0;2.0;1.0;;16;5;2019;13:45;1.0;93;93048;1;1.0;1.0;4.0;AUTOROUTE A3;48,8724500;2,4342000;1;3;0.0;;3.0;10;0.0;1.0;2;99;1.0;;;1.0;0.0;1.0;70.0;Seine-Saint-Denis;11;Île-de-France
201900002778;138Â 301Â 304;D01;1.0;1;2.0;1.0;1942.0;0.0;1.0;8.0;;; -1;;;2.0;7.0;0.0;2.0;4.0;2.0;1.0;;16;5;2019;13:45;1.0;93;93048;1;1.0;1.0;4.0;AUTOROUTE A3;48,8724500;2,4342000;1;3;0.0;;3.0;10;0.0;1.0;2;99;1.0;;;1.0;0.0;1.0;70.0;Seine-Saint-Denis;11;Île-de-France
201900002779;138Â 301Â 299;A01;1.0;1;2.0;2.0;1982.0;3.0;1.0;8.0;;;0;;;1.0;7.0;4.0;0.0;1.0;21.0;1.0;;16;5;2019;10:50;1.0;95;95018;1;1.0;1.0;6.0;AUTOROUTE A15;48,9602900;2,2711500;1;15;0.0;;3.0;11;0.0;1.0;7;300;1.0;;;1.0;0.0;1.0;110.0;Val-d'Oise;11;Île-de-France
201900002780;138Â 301Â 296;A01;1.0;1;2.0;2.0;1994.0;9.0;1.0;8.0;;; -1;;;1.0;7.0;0.0;2.0;1.0;2.0;1.0;;14;5;2019;19:00;1.0;93;93007;1;1.0;1.0;4.0;AUTOROUTE A3;48,9431600;2,4779200;1;3;0.0;;3.0;6;0.0;1.0;12;100;1.0;;;1.0;0.0;1.0;110.0;Seine-Saint-Denis;11;Île-de-France
201900002780;138Â 301Â 297;C01;1.0;1;1.0;1.0;1980.0;4.0;1.0;8.0;;; -1;;;1.0;17.0;0.0;2.0;4.0;2.0;1.0;;14;5;2019;19:00;1.0;93;93007;1;1.0;1.0;4.0;AUTOROUTE A3;48,9431600;2,4779200;1;3;0.0;;3.0;6;0.0;1.0;12;100;1.0;;;1.0;0.0;1.0;110.0;Seine-Saint-Denis;11;Île-de-France
201900002780;138Â 301Â 298;B01;1.0;1;1.0;1.0;1992.0;9.0;1.0;0.0;;; -1;;;1.0;7.0;0.0;2.0;4.0;2.0;1.0;;14;5;2019;19:00;1.0;93;93007;1;1.0;1.0;4.0;AUTOROUTE A3;48,9431600;2,4779200;1;3;0.0;;3.0;6;0.0;1.0;12;100;1.0;;;1.0;0.0;1.0;110.0;Seine-Saint-Denis;11;Île-de-France
201900002781;138Â 301Â 295;A01;1.0;1;2.0;1.0;1959.0;5.0;1.0;8.0;;;0;;;2.0;7.0;3.0;0.0;1.0;14.0;1.0;;14;5;2019;14:15;1.0;95;95527;1;1.0;1.0;6.0;AUTOROUTE A1;48,9972600;2,5184900;1;1;0.0;;3.0;6;0.0;1.0;17;500;1.0;;;1.0;0.0;1.0;110.0;Val-d'Oise;11;Île-de-France
201900002782;138Â 301Â 293;A01;1.0;1;2.0;1.0;1987.0;0.0;2.0;8.0;;; -1;;;2.0;33.0;0.0;2.0;3.0;3.0;1.0;;15;5;2019;17:20;1.0;93;93078;1;1.0;7.0;3.0;AUTOROUTE A104;48,9656700;2,5169700;1;104;0.0;;3.0;6;0.0;1.0;2;500;1.0;;;1.0;0.0;1.0;90.0;Seine-Saint-Denis;11;Île-de-France