Num_Acc;id_vehicule;num_veh;place;catu;grav;sexe;an_nais;trajet;secu1;secu2;secu3;locp;actp;etatp;id_usager;senc;catv;obs;obsm;choc;manv;motor;occutc;jour;mois;an;hrmn;lum;dep;com;agg;int;atm;col;adr;lat;long;catr;voie;v1;v2;circ;nbv;vosp;prof;pr;pr1;plan;lartpc;larrout;surf;infra;situ;vma;nom_departement;reg;nom_region
201900002782;138Â 301Â 294;B01;1.0;1;1.0;1.0;1999.0;0.0;1.0;8.0;;; -1;;;2.0;7.0;0.0;2.0;5.0;12.0;1.0;;15;5;2019;17:20;1.0;93;93078;1;1.0;7.0;3.0;AUTOROUTE A104;48,9656700;2,5169700;1;104;0.0;;3.0;6;0.0;1.0;2;500;1.0;;;1.0;0.0;1.0;90.0;Seine-Saint-Denis;11;Île-de-France
201900002783;138Â 301Â 292;A01;1.0;1;2.0;2.0;1967.0;0.0;1.0;0.0;;;0;;;2.0;7.0;4.0;0.0;3.0;1.0;1.0;;15;5;2019;12:35;1.0;60;60494;1;1.0;1.0;6.0;AUTOROUTE A1;49,1394200;2,5693400;1;1;0.0;;3.0;6;0.0;1.0;34;99;1.0;;;1.0;0.0;1.0;130.0;Oise;32;Hauts-de-France
201900002784;138Â 301Â 290;A01;1.0;1;2.0;1.0;1975.0;0.0;2.0;6.0;;; -1;;;2.0;43.0;0.0;2.0;8.0;12.0;1.0;;15;5;2019;10:10;1.0;93;93078;1;1.0;1.0;3.0;AUTOROUTE A104;48,9621400;2,5463200;1;104;0.0;;;6;0.0;1.0;5;99;1.0;;;1.0;0.0;1.0;110.0;Seine-Saint-Denis;11;Île-de-France
201900002785;138Â 301Â 289;B01;1.0;1;2.0;2.0;1988.0;0.0;1.0;0.0;;; -1;;;1.0;7.0;0.0;2.0;4.0;2.0;1.0;;15;5;2019;09:45;1.0;93;93048;1;1.0;1.0;2.0;AUTOROUTE A86;48,8650700;2,4818000;1;86;0.0;;3.0;6;0.0;2.0;28;700;1.0;;;1.0;1.0;1.0;90.0;Seine-Saint-Denis;11;Île-de-France
201900002786;138Â 301Â 286;Z01;1.0;1;1.0;1.0;1990.0;4.0;8.0;;;0.0; -1;;;1.0;15.0;0.0;2.0;4.0;1.0;0.0;;14;5;2019;21:50;3.0;95;95154;1;1.0;1.0;2.0;AUTOROUTE A1;49,0456900;2,5458800;1;1;0.0;;3.0;6;0.0;1.0;23;299;1.0;;;1.0;0.0;1.0;110.0;Val-d'Oise;11;Île-de-France
201900002786;138Â 301Â 287;A01;1.0;1;2.0;1.0;1990.0;9.0;1.0;0.0;;;0;;;1.0;7.0;0.0;2.0;1.0;24.0;1.0;;14;5;2019;21:50;3.0;95;95154;1;1.0;1.0;2.0;AUTOROUTE A1;49,0456900;2,5458800;1;1;0.0;;3.0;6;0.0;1.0;23;299;1.0;;;1.0;0.0;1.0;110.0;Val-d'Oise;11;Île-de-France
201900002787;138Â 301Â 283;B01;1.0;1;1.0;1.0;1981.0;1.0;1.0;0.0;;; -1;;;1.0;7.0;0.0;2.0;4.0;1.0;1.0;;14;5;2019;18:15;1.0;93;93001;1;1.0;1.0;5.0;AUTOROUTE A86;48,9210800;2,3744600;1;86;0.0;;3.0;8;0.0;2.0;15;199;2.0;;;1.0;2.0;1.0;90.0;Seine-Saint-Denis;11;Île-de-France
201900002787;138Â 301Â 284;C01;1.0;1;1.0;1.0;1963.0;1.0;1.0;0.0;;; -1;;;1.0;7.0;0.0;2.0;5.0;1.0;1.0;;14;5;2019;18:15;1.0;93;93001;1;1.0;1.0;5.0;AUTOROUTE A86;48,9210800;2,3744600;1;86;0.0;;3.0;8;0.0;2.0;15;199;2.0;;;1.0;2.0;1.0;90.0;Seine-Saint-Denis;11;Île-de-France
201900002787;138Â 301Â 285;A01;1.0;1;2.0;1.0;1981.0;1.0;2.0;0.0;;; -1;;;1.0;33.0;0.0;2.0;8.0;3.0;1.0;;14;5;2019;18:15;1.0;93;93001;1;1.0;1.0;5.0;AUTOROUTE A86;48,9210800;2,3744600;1;86;0.0;;3.0;8;0.0;2.0;15;199;2.0;;;1.0;2.0;1.0;90.0;Seine-Saint-Denis;11;Île-de-France
201900002788;138Â 301Â 281;A01;1.0;1;1.0;1.0;1971.0;1.0;1.0;8.0;;;0;;;1.0;7.0;0.0;2.0;6.0;1.0;1.0;;14;5;2019;17:45;1.0;95;95018;1;1.0;1.0;3.0;AUTOROUTE A15;48,9619400;2,2678800;1;15;0.0;;3.0;10;0.0;2.0;7;599;1.0;;;1.0;0.0;1.0;110.0;Val-d'Oise;11;Île-de-France
201900002788;138Â 301Â 282;B01;1.0;1;2.0;1.0;1994.0;1.0;2.0;6.0;;;0;;;1.0;33.0;0.0;2.0;2.0;3.0;1.0;;14;5;2019;17:45;1.0;95;95018;1;1.0;1.0;3.0;AUTOROUTE A15;48,9619400;2,2678800;1;15;0.0;;3.0;10;0.0;2.0;7;599;1.0;;;1.0;0.0;1.0;110.0;Val-d'Oise;11;Île-de-France
201900002789;138Â 301Â 278;A01;1.0;1;3.0;1.0;1998.0;0.0;2.0;6.0;;; -1;;;2.0;33.0;0.0;2.0;8.0;3.0;1.0;;14;5;2019;17:45;1.0;93;93010;1;1.0;1.0;5.0;AUTOROUTE A3;48,8889400;2,4737400;1;3;0.0;;3.0;9;0.0;4.0;6;0;3.0;;;1.0;0.0;1.0;70.0;Seine-Saint-Denis;11;Île-de-France
201900002789;138Â 301Â 279;C01;1.0;1;1.0;2.0;1982.0;0.0;1.0;0.0;;; -1;;;2.0;7.0;0.0;2.0;3.0;1.0;1.0;;14;5;2019;17:45;1.0;93;93010;1;1.0;1.0;5.0;AUTOROUTE A3;48,8889400;2,4737400;1;3;0.0;;3.0;9;0.0;4.0;6;0;3.0;;;1.0;0.0;1.0;70.0;Seine-Saint-Denis;11;Île-de-France
201900002789;138Â 301Â 280;B01;1.0;1;1.0;2.0;1996.0;4.0;1.0;4.0;;; -1;;;2.0;7.0;0.0;2.0;4.0;1.0;1.0;;14;5;2019;17:45;1.0;93;93010;1;1.0;1.0;5.0;AUTOROUTE A3;48,8889400;2,4737400;1;3;0.0;;3.0;9;0.0;4.0;6;0;3.0;;;1.0;0.0;1.0;70.0;Seine-Saint-Denis;11;Île-de-France
201900002790;138Â 301Â 276;A01;1.0;1;3.0;1.0;1972.0;4.0;1.0;0.0;;;0;;;2.0;17.0;1.0;0.0;2.0;2.0;1.0;;14;5;2019;09:20;1.0;95;95394;1;1.0;1.0;2.0;RN 184;49,0515100;2,1514000;2; 184;0.0;;3.0;6;0.0;1.0;6;699;1.0;;;1.0;0.0;1.0;90.0;Val-d'Oise;11;Île-de-France
201900002790;138Â 301Â 277;B01;1.0;1;1.0;1.0;1980.0;4.0;1.0;0.0;;;0;;;2.0;14.0;0.0;2.0;4.0;23.0;1.0;;14;5;2019;09:20;1.0;95;95394;1;1.0;1.0;2.0;RN 184;49,0515100;2,1514000;2; 184;0.0;;3.0;6;0.0;1.0;6;699;1.0;;;1.0;0.0;1.0;90.0;Val-d'Oise;11;Île-de-France
201900002791;138Â 301Â 274;A01;1.0;1;2.0;1.0;1968.0;0.0;1.0;0.0;;; -1;;;1.0;7.0;0.0;2.0;1.0;2.0;1.0;;14;5;2019;08:50;1.0;93;93078;1;1.0;1.0;2.0;AUTOROUTE A104;48,9714700;2,4971400;1;104;0.0;;3.0;8;0.0;1.0;0;899;1.0;;;1.0;0.0;1.0;110.0;Seine-Saint-Denis;11;Île-de-France
201900002791;138Â 301Â 274;A01;2.0;2;2.0;2.0;1969.0;0.0;1.0;0.0;;; -1;;;1.0;7.0;0.0;2.0;1.0;2.0;1.0;;14;5;2019;08:50;1.0;93;93078;1;1.0;1.0;2.0;AUTOROUTE A104;48,9714700;2,4971400;1;104;0.0;;3.0;8;0.0;1.0;0;899;1.0;;;1.0;0.0;1.0;110.0;Seine-Saint-Denis;11;Île-de-France
201900002791;138Â 301Â 275;B01;1.0;1;1.0;1.0;1997.0;0.0;1.0;0.0;;; -1;;;1.0;7.0;0.0;2.0;4.0;2.0;1.0;;14;5;2019;08:50;1.0;93;93078;1;1.0;1.0;2.0;AUTOROUTE A104;48,9714700;2,4971400;1;104;0.0;;3.0;8;0.0;1.0;0;899;1.0;;;1.0;0.0;1.0;110.0;Seine-Saint-Denis;11;Île-de-France
201900002792;138Â 301Â 270;D01;1.0;1;1.0;2.0;1975.0;0.0;1.0;0.0;;; -1;;;2.0;7.0;0.0;2.0;4.0;2.0;1.0;;13;5;2019;15:50;1.0;93;93007;1;1.0;1.0;5.0;AUTOROUTE A1;48,9521100;2,4520600;1;1;0.0;;3.0;8;0.0;1.0;10;500;1.0;;;1.0;0.0;1.0;110.0;Seine-Saint-Denis;11;Île-de-France
201900002792;138Â 301Â 271;B01;1.0;1;1.0;1.0;1983.0;0.0;1.0;0.0;;; -1;;;2.0;10.0;0.0;2.0;5.0;2.0;1.0;;13;5;2019;15:50;1.0;93;93007;1;1.0;1.0;5.0;AUTOROUTE A1;48,9521100;2,4520600;1;1;0.0;;3.0;8;0.0;1.0;10;500;1.0;;;1.0;0.0;1.0;110.0;Seine-Saint-Denis;11;Île-de-France
201900002792;138Â 301Â 272;C01;1.0;1;1.0;1.0;1953.0;0.0;1.0;0.0;;; -1;;;2.0;7.0;0.0;2.0;1.0;2.0;1.0;;13;5;2019;15:50;1.0;93;93007;1;1.0;1.0;5.0;AUTOROUTE A1;48,9521100;2,4520600;1;1;0.0;;3.0;8;0.0;1.0;10;500;1.0;;;1.0;0.0;1.0;110.0;Seine-Saint-Denis;11;Île-de-France
201900002792;138Â 301Â 273;A01;1.0;1;2.0;1.0;1990.0;0.0;2.0;6.0;;; -1;;;2.0;33.0;0.0;2.0;1.0;2.0;1.0;;13;5;2019;15:50;1.0;93;93007;1;1.0;1.0;5.0;AUTOROUTE A1;48,9521100;2,4520600;1;1;0.0;;3.0;8;0.0;1.0;10;500;1.0;;;1.0;0.0;1.0;110.0;Seine-Saint-Denis;11;Île-de-France
201900002793;138Â 301Â 268;A01;1.0;1;2.0;1.0;1970.0;0.0;2.0;0.0;;; -1;;;1.0;33.0;0.0;2.0;1.0;12.0;1.0;;12;5;2019;19:50;1.0;93;93066;1;1.0;1.0;2.0;AUTOROUTE A1;48,9238600;2,3573400;1;1;0.0;;3.0;8;0.0;1.0;2;500;1.0;;;1.0;0.0;1.0;90.0;Seine-Saint-Denis;11;Île-de-France
201900002793;138Â 301Â 269;B01;1.0;1;1.0;2.0;1992.0;0.0;1.0;0.0;;; -1;;;1.0;7.0;0.0;2.0;4.0;1.0;1.0;;12;5;2019;19:50;1.0;93;93066;1;1.0;1.0;2.0;AUTOROUTE A1;48,9238600;2,3573400;1;1;0.0;;3.0;8;0.0;1.0;2;500;1.0;;;1.0;0.0;1.0;90.0;Seine-Saint-Denis;11;Île-de-France
201900002794;138Â 301Â 267;A01;1.0;1;2.0;1.0;1985.0;5.0;1.0;0.0;;;0;;;2.0;7.0;4.0;0.0;3.0;13.0;1.0;;12;5;2019;17:50;1.0;95;95028;1;1.0;1.0;6.0;RN 104;49,0632700;2,3353400;2;104;0.0;;3.0;5;0.0;2.0;8;500;1.0;;;1.0;0.0;1.0;70.0;Val-d'Oise;11;Île-de-France
201900002794;138Â 301Â 267;A01;5.0;2;2.0;1.0;2009.0;5.0;1.0;0.0;;;0;;;2.0;7.0;4.0;0.0;3.0;13.0;1.0;;12;5;2019;17:50;1.0;95;95028;1;1.0;1.0;6.0;RN 104;49,0632700;2,3353400;2;104;0.0;;3.0;5;0.0;2.0;8;500;1.0;;;1.0;0.0;1.0;70.0;Val-d'Oise;11;Île-de-France
201900002794;138Â 301Â 267;A01;2.0;2;2.0;2.0;1991.0;5.0;1.0;0.0;;;0;;;2.0;7.0;4.0;0.0;3.0;13.0;1.0;;12;5;2019;17:50;1.0;95;95028;1;1.0;1.0;6.0;RN 104;49,0632700;2,3353400;2;104;0.0;;3.0;5;0.0;2.0;8;500;1.0;;;1.0;0.0;1.0;70.0;Val-d'Oise;11;Île-de-France
201900002794;138Â 301Â 267;A01;4.0;2;2.0;2.0;2016.0;5.0;3.0;0.0;;;0;;;2.0;7.0;4.0;0.0;3.0;13.0;1.0;;12;5;2019;17:50;1.0;95;95028;1;1.0;1.0;6.0;RN 104;49,0632700;2,3353400;2;104;0.0;;3.0;5;0.0;2.0;8;500;1.0;;;1.0;0.0;1.0;70.0;Val-d'Oise;11;Île-de-France
201900002794;138Â 301Â 267;A01;3.0;2;2.0;2.0;2012.0;5.0;3.0;0.0;;;0;;;2.0;7.0;4.0;0.0;3.0;13.0;1.0;;12;5;2019;17:50;1.0;95;95028;1;1.0;1.0;6.0;RN 104;49,0632700;2,3353400;2;104;0.0;;3.0;5;0.0;2.0;8;500;1.0;;;1.0;0.0;1.0;70.0;Val-d'Oise;11;Île-de-France
201900002795;138Â 301Â 266;A01;1.0;1;2.0;1.0;1982.0;0.0;2.0;6.0;;; -1;;;1.0;31.0;0.0;2.0;8.0;3.0;1.0;;12;5;2019;16:10;1.0;93;93053;1;1.0;1.0;3.0;AUTOROUTE A86;48,8908900;2,4730800;1;86;0.0;;3.0;10;0.0;1.0;25;0;1.0;;;1.0;0.0;1.0;70.0;Seine-Saint-Denis;11;Île-de-France
201900002796;138Â 301Â 263;A01;1.0;1;2.0;1.0;1992.0;0.0;1.0;0.0;;; -1;;;1.0;7.0;0.0;2.0;1.0;12.0;1.0;;12;5;2019;15:45;1.0;93;93064;1;1.0;1.0;2.0;AUTOROUTE A86;48,8677100;2,4817700;1;86;0.0;;3.0;6;0.0;1.0;28;399;1.0;;;1.0;0.0;1.0;90.0;Seine-Saint-Denis;11;Île-de-France
201900002796;138Â 301Â 264;B01;1.0;1;1.0;2.0;1994.0;0.0;1.0;0.0;;; -1;;;1.0;7.0;0.0;2.0;4.0;1.0;1.0;;12;5;2019;15:45;1.0;93;93064;1;1.0;1.0;2.0;AUTOROUTE A86;48,8677100;2,4817700;1;86;0.0;;3.0;6;0.0;1.0;28;399;1.0;;;1.0;0.0;1.0;90.0;Seine-Saint-Denis;11;Île-de-France
201900002797;138Â 301Â 262;Z01;1.0;1;1.0;1.0;1991.0;9.0;8.0;8.0;;0.0;0;;;1.0;7.0;0.0;1.0;2.0;26.0;1.0;;12;5;2019;05:40;2.0;93;93066;1;9.0;1.0;6.0;AUTOROUTE A1;48,9208900;2,3573500;1;1;0.0;;3.0;8;0.0;1.0;2;200;1.0;;;1.0;9.0;1.0;90.0;Seine-Saint-Denis;11;Île-de-France
201900002797;138Â 301Â 262;Z01;10.0;3;3.0;1.0;1991.0;9.0;8.0;0.0;;9.0;3;1.0;;1.0;7.0;0.0;1.0;2.0;26.0;1.0;;12;5;2019;05:40;2.0;93;93066;1;9.0;1.0;6.0;AUTOROUTE A1;48,9208900;2,3573500;1;1;0.0;;3.0;8;0.0;1.0;2;200;1.0;;;1.0;9.0;1.0;90.0;Seine-Saint-Denis;11;Île-de-France
201900002798;138Â 301Â 261;A01;1.0;1;2.0;1.0;1992.0;1.0;1.0;0.0;;;0;;;2.0;7.0;3.0;2.0;1.0;14.0;1.0;;12;5;2019;04:30;3.0;95;95306;1;1.0;1.0;6.0;AUTOROUTE A15;49,0088300;2,1584100;1;15;0.0;;3.0;6;0.0;1.0;17;299;1.0;;;1.0;0.0;1.0;110.0;Val-d'Oise;11;Île-de-France
201900002799;138Â 301Â 258;B01;1.0;1;1.0;1.0;1985.0;0.0;1.0;8.0;;; -1;;;2.0;7.0;0.0;2.0;4.0;2.0;1.0;;11;5;2019;19:00;1.0;93;93053;1;1.0;2.0;4.0;AUTOROUTE A3;48,8828100;2,4568500;1;3;0.0;;3.0;7;0.0;1.0;3;900;1.0;;;2.0;0.0;1.0;90.0;Seine-Saint-Denis;11;Île-de-France
201900002799;138Â 301Â 259;C01;1.0;1;2.0;1.0;1979.0;0.0;1.0;8.0;;; -1;;;2.0;7.0;0.0;2.0;4.0;2.0;1.0;;11;5;2019;19:00;1.0;93;93053;1;1.0;2.0;4.0;AUTOROUTE A3;48,8828100;2,4568500;1;3;0.0;;3.0;7;0.0;1.0;3;900;1.0;;;2.0;0.0;1.0;90.0;Seine-Saint-Denis;11;Île-de-France
201900002799;138Â 301Â 260;A01;1.0;1;1.0;1.0;1990.0;0.0;1.0;8.0;;; -1;;;2.0;7.0;0.0;2.0;1.0;2.0;1.0;;11;5;2019;19:00;1.0;93;93053;1;1.0;2.0;4.0;AUTOROUTE A3;48,8828100;2,4568500;1;3;0.0;;3.0;7;0.0;1.0;3;900;1.0;;;2.0;0.0;1.0;90.0;Seine-Saint-Denis;11;Île-de-France
201900002800;138Â 301Â 257;A01;1.0;1;2.0;1.0;1973.0;5.0;2.0;0.0;;;0;;;2.0;33.0;4.0;0.0;1.0;14.0;1.0;;11;5;2019;14:15;1.0;95;95394;1;1.0;1.0;6.0;AUTOROUTE A115;49,0508100;2,1816600;1;115;0.0;;3.0;4;0.0;1.0;11;0;2.0;;;1.0;0.0;1.0;70.0;Val-d'Oise;11;Île-de-France
201900002801;138Â 301Â 256;A01;1.0;1;2.0;1.0;1946.0;5.0;1.0;8.0;;;0;;;2.0;7.0;4.0;0.0;3.0;13.0;1.0;;11;5;2019;06:45;2.0;95;95582;1;1.0;3.0;6.0;AUTOROUTE A15;48,9657200;2,2583700;1;15;0.0;;3.0;10;0.0;1.0;8;399;1.0;;;2.0;0.0;1.0;110.0;Val-d'Oise;11;Île-de-France
201900002802;138Â 301Â 255;A01;1.0;1;2.0;2.0;1983.0;0.0;1.0;0.0;;; -1;;;2.0;7.0;4.0;0.0;1.0;1.0;1.0;;11;5;2019;09:00;1.0;93;93078;1;1.0;3.0;6.0;AUTOROUTE A104;48,9636200;2,5214100;1;104;0.0;;3.0;6;0.0;1.0;2;900;1.0;;;8.0;0.0;1.0;90.0;Seine-Saint-Denis;11;Île-de-France
201900002802;138Â 301Â 255;A01;4.0;2;2.0;1.0;2013.0;0.0;3.0;0.0;;; -1;;;2.0;7.0;4.0;0.0;1.0;1.0;1.0;;11;5;2019;09:00;1.0;93;93078;1;1.0;3.0;6.0;AUTOROUTE A104;48,9636200;2,5214100;1;104;0.0;;3.0;6;0.0;1.0;2;900;1.0;;;8.0;0.0;1.0;90.0;Seine-Saint-Denis;11;Île-de-France
201900002803;138Â 301Â 254;A01;1.0;1;2.0;1.0;1985.0;9.0;1.0;0.0;;;0;;;2.0;7.0;13.0;0.0;1.0;14.0;1.0;;10;5;2019;07:35;1.0;95;95028;1;1.0;1.0;6.0;RN 104;49,0619700;2,3609900;2;104;0.0;;3.0;4;0.0;1.0;10;500;1.0;;;1.0;0.0;1.0;110.0;Val-d'Oise;11;Île-de-France
201900002804;138Â 301Â 253;A01;1.0;1;2.0;2.0;1968.0;0.0;8.0;0.0;;; -1;;;1.0;7.0;0.0;6.0;2.0;21.0;1.0;;10;5;2019;14:50;1.0;93;93005;1;9.0;1.0;6.0;AUTOROUTE A3;48,9443300;2,4772800;1;3;0.0;;1.0;;0.0;1.0;14;899;1.0;;;1.0;0.0;1.0;90.0;Seine-Saint-Denis;11;Île-de-France
201900002805;138Â 301Â 249;A01;1.0;1;1.0;1.0;1970.0;0.0;1.0;0.0;;; -1;;;1.0;7.0;0.0;2.0;1.0;2.0;1.0;;10;5;2019;17:20;1.0;93;93066;1;1.0;2.0;4.0;AUTOROUTE A1;48,9060900;2,3585700;1;1;0.0;;3.0;8;0.0;1.0;0;500;1.0;;;1.0;1.0;1.0;90.0;Seine-Saint-Denis;11;Île-de-France
201900002805;138Â 301Â 250;C01;1.0;1;1.0;1.0;1989.0;0.0;1.0;0.0;;; -1;;;1.0;7.0;0.0;2.0;4.0;2.0;1.0;;10;5;2019;17:20;1.0;93;93066;1;1.0;2.0;4.0;AUTOROUTE A1;48,9060900;2,3585700;1;1;0.0;;3.0;8;0.0;1.0;0;500;1.0;;;1.0;1.0;1.0;90.0;Seine-Saint-Denis;11;Île-de-France
201900002805;138Â 301Â 251;B01;1.0;1;1.0;1.0;1998.0;9.0;1.0;0.0;;; -1;;;1.0;7.0;0.0;2.0;4.0;2.0;1.0;;10;5;2019;17:20;1.0;93;93066;1;1.0;2.0;4.0;AUTOROUTE A1;48,9060900;2,3585700;1;1;0.0;;3.0;8;0.0;1.0;0;500;1.0;;;1.0;1.0;1.0;90.0;Seine-Saint-Denis;11;Île-de-France
201900002805;138Â 301Â 251;B01;2.0;2;2.0;1.0;1998.0;9.0;1.0;0.0;;; -1;;;1.0;7.0;0.0;2.0;4.0;2.0;1.0;;10;5;2019;17:20;1.0;93;93066;1;1.0;2.0;4.0;AUTOROUTE A1;48,9060900;2,3585700;1;1;0.0;;3.0;8;0.0;1.0;0;500;1.0;;;1.0;1.0;1.0;90.0;Seine-Saint-Denis;11;Île-de-France
201900002805;138Â 301Â 252;D01;1.0;1;1.0;1.0;1993.0;0.0;1.0;0.0;;; -1;;;1.0;7.0;0.0;2.0;4.0;2.0;1.0;;10;5;2019;17:20;1.0;93;93066;1;1.0;2.0;4.0;AUTOROUTE A1;48,9060900;2,3585700;1;1;0.0;;3.0;8;0.0;1.0;0;500;1.0;;;1.0;1.0;1.0;90.0;Seine-Saint-Denis;11;Île-de-France
201900002806;138Â 301Â 248;A01;1.0;1;2.0;1.0;1973.0;5.0;9.0;6.0;;;0;;;1.0;43.0;4.0;0.0;1.0;13.0;1.0;;10;5;2019;13:25;1.0;95;95277;1;1.0;1.0;6.0;AUTOROUTE A104;48,9731900;2,4883600;1;104;0.0;;1.0;2;0.0;3.0;0;200;3.0;;;1.0;3.0;1.0;90.0;Val-d'Oise;11;Île-de-France
201900002807;138Â 301Â 246;A01;1.0;1;1.0;1.0;1964.0;4.0;1.0;8.0;;; -1;;;2.0;15.0;0.0;2.0;1.0;12.0;1.0;;10;5;2019;14:45;1.0;93;93048;1;1.0;1.0;2.0;AUTOROUTE A86;48,8645900;2,4823700;1;86;0.0;;3.0;6;0.0;1.0;28;600;1.0;;;1.0;0.0;1.0;90.0;Seine-Saint-Denis;11;Île-de-France
201900002807;138Â 301Â 247;B01;2.0;2;2.0;1.0;1990.0;4.0;1.0;8.0;;0.0;0;;;2.0;7.0;0.0;2.0;6.0;1.0;1.0;;10;5;2019;14:45;1.0;93;93048;1;1.0;1.0;2.0;AUTOROUTE A86;48,8645900;2,4823700;1;86;0.0;;3.0;6;0.0;1.0;28;600;1.0;;;1.0;0.0;1.0;90.0;Seine-Saint-Denis;11;Île-de-France
201900002807;138Â 301Â 247;B01;1.0;1;2.0;2.0;1999.0;9.0;1.0;8.0;;; -1;;;2.0;7.0;0.0;2.0;6.0;1.0;1.0;;10;5;2019;14:45;1.0;93;93048;1;1.0;1.0;2.0;AUTOROUTE A86;48,8645900;2,4823700;1;86;0.0;;3.0;6;0.0;1.0;28;600;1.0;;;1.0;0.0;1.0;90.0;Seine-Saint-Denis;11;Île-de-France
201900002808;138Â 301Â 243;A01;1.0;1;1.0;1.0;1975.0;4.0;1.0;8.0;;; -1;;;2.0;14.0;0.0;2.0;2.0;2.0;1.0;;10;5;2019;13:00;1.0;93;93010;1;1.0;1.0;4.0;AUTOROUTE A3;48,9144100;2,4771900;1;3;0.0;;3.0;6;0.0;1.0;8;0;1.0;;;1.0;2.0;1.0;110.0;Seine-Saint-Denis;11;Île-de-France
201900002808;138Â 301Â 244;C01;1.0;1;1.0;1.0;1969.0;0.0;1.0;8.0;;; -1;;;2.0;7.0;0.0;2.0;4.0;2.0;1.0;;10;5;2019;13:00;1.0;93;93010;1;1.0;1.0;4.0;AUTOROUTE A3;48,9144100;2,4771900;1;3;0.0;;3.0;6;0.0;1.0;8;0;1.0;;;1.0;2.0;1.0;110.0;Seine-Saint-Denis;11;Île-de-France
201900002808;138Â 301Â 245;B01;1.0;1;2.0;2.0;1961.0;1.0;1.0;0.0;;; -1;;;2.0;7.0;4.0;2.0;6.0;2.0;1.0;;10;5;2019;13:00;1.0;93;93010;1;1.0;1.0;4.0;AUTOROUTE A3;48,9144100;2,4771900;1;3;0.0;;3.0;6;0.0;1.0;8;0;1.0;;;1.0;2.0;1.0;110.0;Seine-Saint-Denis;11;Île-de-France
201900002809;138Â 301Â 242;A01;1.0;1;3.0;2.0;1996.0;0.0;1.0;8.0;;; -1;;;1.0;7.0;4.0;0.0;2.0;14.0;1.0;;10;5;2019;05:40;5.0;93;93027;1;1.0;1.0;6.0;AUTOROUTE A86;48,9227400;2,3808100;1;86;0.0;;3.0;9;0.0;1.0;15;800;1.0;;;1.0;0.0;1.0;90.0;Seine-Saint-Denis;11;Île-de-France
201900002809;138Â 301Â 242;A01;2.0;2;2.0;1.0;1991.0;0.0;1.0;8.0;;; -1;;;1.0;7.0;4.0;0.0;2.0;14.0;1.0;;10;5;2019;05:40;5.0;93;93027;1;1.0;1.0;6.0;AUTOROUTE A86;48,9227400;2,3808100;1;86;0.0;;3.0;9;0.0;1.0;15;800;1.0;;;1.0;0.0;1.0;90.0;Seine-Saint-Denis;11;Île-de-France
201900002809;138Â 301Â 242;A01;3.0;2;2.0;2.0;1995.0;0.0;1.0;8.0;;; -1;;;1.0;7.0;4.0;0.0;2.0;14.0;1.0;;10;5;2019;05:40;5.0;93;93027;1;1.0;1.0;6.0;AUTOROUTE A86;48,9227400;2,3808100;1;86;0.0;;3.0;9;0.0;1.0;15;800;1.0;;;1.0;0.0;1.0;90.0;Seine-Saint-Denis;11;Île-de-France
201900002809;138Â 301Â 242;A01;4.0;2;2.0;1.0;1989.0;0.0;1.0;8.0;;; -1;;;1.0;7.0;4.0;0.0;2.0;14.0;1.0;;10;5;2019;05:40;5.0;93;93027;1;1.0;1.0;6.0;AUTOROUTE A86;48,9227400;2,3808100;1;86;0.0;;3.0;9;0.0;1.0;15;800;1.0;;;1.0;0.0;1.0;90.0;Seine-Saint-Denis;11;Île-de-France
201900002810;138Â 301Â 240;B01;1.0;1;2.0;1.0;1965.0;1.0;2.0;8.0;;; -1;;;1.0;33.0;0.0;2.0;2.0;3.0;1.0;;9;5;2019;16:50;1.0;93;93005;1;1.0;1.0;3.0;AUTOROUTE A3;48,9601700;2,4735100;1;3;0.0;;3.0;6;0.0;1.0;14;0;1.0;;;1.0;0.0;1.0;90.0;Seine-Saint-Denis;11;Île-de-France
201900002810;138Â 301Â 241;A01;1.0;1;1.0;1.0;1960.0;1.0;1.0;8.0;;; -1;;;1.0;7.0;0.0;2.0;3.0;11.0;1.0;;9;5;2019;16:50;1.0;93;93005;1;1.0;1.0;3.0;AUTOROUTE A3;48,9601700;2,4735100;1;3;0.0;;3.0;6;0.0;1.0;14;0;1.0;;;1.0;0.0;1.0;90.0;Seine-Saint-Denis;11;Île-de-France
201900002811;138Â 301Â 238;A01;1.0;1;1.0;1.0;1980.0;4.0;1.0;0.0;;; -1;;;2.0;15.0;0.0;2.0;2.0;12.0;1.0;;9;5;2019;11:30;1.0;93;93048;1;1.0;2.0;3.0;AUTOROUTE A86;48,8675800;2,4819000;1;86;0.0;;3.0;6;0.0;1.0;28;600;1.0;;;2.0;0.0;1.0;90.0;Seine-Saint-Denis;11;Île-de-France
201900002811;138Â 301Â 239;B01;1.0;1;2.0;1.0;1958.0;1.0;1.0;0.0;;; -1;;;2.0;7.0;0.0;2.0;8.0;2.0;1.0;;9;5;2019;11:30;1.0;93;93048;1;1.0;2.0;3.0;AUTOROUTE A86;48,8675800;2,4819000;1;86;0.0;;3.0;6;0.0;1.0;28;600;1.0;;;2.0;0.0;1.0;90.0;Seine-Saint-Denis;11;Île-de-France