Num_Acc;id_vehicule;num_veh;place;catu;grav;sexe;an_nais;trajet;secu1;secu2;secu3;locp;actp;etatp;id_usager;senc;catv;obs;obsm;choc;manv;motor;occutc;jour;mois;an;hrmn;lum;dep;com;agg;int;atm;col;adr;lat;long;catr;voie;v1;v2;circ;nbv;vosp;prof;pr;pr1;plan;lartpc;larrout;surf;infra;situ;vma;nom_departement;reg;nom_region
201900002812;138Â 301Â 236;A01;1.0;1;2.0;1.0;1959.0;0.0;2.0;6.0;;; -1;;;2.0;43.0;0.0;2.0;1.0;1.0;1.0;;9;5;2019;07:50;1.0;93;93064;1;1.0;2.0;2.0;AUTOROUTE A86;48,8840100;2,4715600;1;86;0.0;;1.0;3;0.0;4.0;26;0;3.0;;;2.0;0.0;1.0;90.0;Seine-Saint-Denis;11;Île-de-France
201900002812;138Â 301Â 237;B01;1.0;1;1.0;1.0;1965.0;0.0;1.0;0.0;;; -1;;;2.0;7.0;0.0;2.0;5.0;12.0;1.0;;9;5;2019;07:50;1.0;93;93064;1;1.0;2.0;2.0;AUTOROUTE A86;48,8840100;2,4715600;1;86;0.0;;1.0;3;0.0;4.0;26;0;3.0;;;2.0;0.0;1.0;90.0;Seine-Saint-Denis;11;Île-de-France
201900002813;138Â 301Â 235;A01;1.0;1;2.0;1.0;2000.0;1.0;1.0;0.0;;; -1;;;2.0;7.0;4.0;0.0;3.0;1.0;1.0;;9;5;2019;09:00;1.0;93;93027;1;1.0;2.0;6.0;AUTOROUTE A86;48,9278500;2,4095700;1;86;0.0;;3.0;7;0.0;1.0;18;0;1.0;;;2.0;0.0;1.0;90.0;Seine-Saint-Denis;11;Île-de-France
201900002814;138Â 301Â 234;A01;1.0;1;2.0;1.0;1976.0;0.0;2.0;6.0;;; -1;;;2.0;33.0;0.0;0.0;9.0;3.0;1.0;;9;5;2019;09:25;1.0;93;93005;1;1.0;2.0;7.0;AUTOROUTE A3;48,9602400;2,4733100;1;3;0.0;;3.0;6;0.0;1.0;14;0;1.0;;;2.0;0.0;1.0;110.0;Seine-Saint-Denis;11;Île-de-France
201900002815;138Â 301Â 232;B01;1.0;1;2.0;1.0;1964.0;1.0;1.0;0.0;;;0;;;2.0;7.0;0.0;2.0;4.0;2.0;1.0;;9;5;2019;08:50;1.0;95;95154;1;1.0;2.0;2.0;AUTOROUTE A1;49,0345500;2,5404800;1;1;0.0;;3.0;6;0.0;1.0;22;0;1.0;;;2.0;0.0;1.0;110.0;Val-d'Oise;11;Île-de-France
201900002815;138Â 301Â 233;A01;1.0;1;1.0;1.0;1980.0;4.0;1.0;0.0;;;0;;;2.0;15.0;0.0;2.0;1.0;1.0;1.0;;9;5;2019;08:50;1.0;95;95154;1;1.0;2.0;2.0;AUTOROUTE A1;49,0345500;2,5404800;1;1;0.0;;3.0;6;0.0;1.0;22;0;1.0;;;2.0;0.0;1.0;110.0;Val-d'Oise;11;Île-de-France
201900002816;138Â 301Â 230;A01;1.0;1;1.0;1.0;1996.0;0.0;1.0;0.0;;; -1;;;2.0;7.0;0.0;2.0;8.0;11.0;1.0;;9;5;2019;08:00;1.0;93;93066;1;1.0;2.0;3.0;AUTOROUTE A1;48,9332200;2,3764400;1;1;0.0;;3.0;10;0.0;1.0;4;500;1.0;;;2.0;0.0;1.0;90.0;Seine-Saint-Denis;11;Île-de-France
201900002816;138Â 301Â 231;B01;1.0;1;2.0;1.0;1991.0;0.0;2.0;6.0;;; -1;;;2.0;32.0;0.0;2.0;7.0;1.0;1.0;;9;5;2019;08:00;1.0;93;93066;1;1.0;2.0;3.0;AUTOROUTE A1;48,9332200;2,3764400;1;1;0.0;;3.0;10;0.0;1.0;4;500;1.0;;;2.0;0.0;1.0;90.0;Seine-Saint-Denis;11;Île-de-France
201900002817;138Â 301Â 228;B01;1.0;1;1.0;2.0;1998.0;0.0;1.0;0.0;;; -1;;;1.0;7.0;3.0;2.0;1.0;1.0;1.0;;8;5;2019;12:45;1.0;93;93027;1;1.0;2.0;3.0;BDL;48,9287100;2,4030000;1;16;0.0;;3.0;4;0.0;1.0;0;579;2.0;;;2.0;3.0;1.0;50.0;Seine-Saint-Denis;11;Île-de-France
201900002817;138Â 301Â 229;A01;1.0;1;1.0;2.0;1967.0;0.0;1.0;0.0;;; -1;;;1.0;7.0;3.0;2.0;5.0;1.0;1.0;;8;5;2019;12:45;1.0;93;93027;1;1.0;2.0;3.0;BDL;48,9287100;2,4030000;1;16;0.0;;3.0;4;0.0;1.0;0;579;2.0;;;2.0;3.0;1.0;50.0;Seine-Saint-Denis;11;Île-de-France
201900002817;138Â 301Â 229;A01;4.0;2;2.0;2.0;1940.0;0.0;1.0;0.0;;; -1;;;1.0;7.0;3.0;2.0;5.0;1.0;1.0;;8;5;2019;12:45;1.0;93;93027;1;1.0;2.0;3.0;BDL;48,9287100;2,4030000;1;16;0.0;;3.0;4;0.0;1.0;0;579;2.0;;;2.0;3.0;1.0;50.0;Seine-Saint-Denis;11;Île-de-France
201900002818;138Â 301Â 227;A01;1.0;1;2.0;1.0;1950.0;5.0;1.0;0.0;;;0;;;2.0;7.0;4.0;0.0;3.0;13.0;1.0;;9;5;2019;03:00;3.0;95;95277;1;1.0;2.0;6.0;AUTOROUTE A104;48,9715900;2,4838100;1;104;0.0;;3.0;;0.0;1.0;0;1;1.0;;;2.0;0.0;1.0;70.0;Val-d'Oise;11;Île-de-France
201900002819;138Â 301Â 222;E01;2.0;2;2.0;2.0;1994.0;5.0;1.0;0.0;;;0;;;1.0;7.0;0.0;2.0;1.0;2.0;1.0;;8;5;2019;23:40;3.0;95;95527;1;1.0;2.0;5.0;AUTOROUTE A3;48,9862200;2,5079800;1;3;0.0;;1.0;4;0.0;1.0;18;0;1.0;;;2.0;0.0;1.0;90.0;Val-d'Oise;11;Île-de-France
201900002819;138Â 301Â 222;E01;1.0;1;2.0;1.0;1994.0;5.0;1.0;0.0;;;0;;;1.0;7.0;0.0;2.0;1.0;2.0;1.0;;8;5;2019;23:40;3.0;95;95527;1;1.0;2.0;5.0;AUTOROUTE A3;48,9862200;2,5079800;1;3;0.0;;1.0;4;0.0;1.0;18;0;1.0;;;2.0;0.0;1.0;90.0;Val-d'Oise;11;Île-de-France
201900002819;138Â 301Â 223;D01;1.0;1;1.0;1.0;1976.0;4.0;1.0;0.0;;;0;;;1.0;15.0;0.0;2.0;1.0;2.0;1.0;;8;5;2019;23:40;3.0;95;95527;1;1.0;2.0;5.0;AUTOROUTE A3;48,9862200;2,5079800;1;3;0.0;;1.0;4;0.0;1.0;18;0;1.0;;;2.0;0.0;1.0;90.0;Val-d'Oise;11;Île-de-France
201900002819;138Â 301Â 224;C01;4.0;2;1.0;1.0;2010.0;5.0;3.0;0.0;;;0;;;1.0;7.0;0.0;2.0;1.0;2.0;1.0;;8;5;2019;23:40;3.0;95;95527;1;1.0;2.0;5.0;AUTOROUTE A3;48,9862200;2,5079800;1;3;0.0;;1.0;4;0.0;1.0;18;0;1.0;;;2.0;0.0;1.0;90.0;Val-d'Oise;11;Île-de-France
201900002819;138Â 301Â 224;C01;3.0;2;1.0;1.0;2009.0;5.0;3.0;0.0;;;0;;;1.0;7.0;0.0;2.0;1.0;2.0;1.0;;8;5;2019;23:40;3.0;95;95527;1;1.0;2.0;5.0;AUTOROUTE A3;48,9862200;2,5079800;1;3;0.0;;1.0;4;0.0;1.0;18;0;1.0;;;2.0;0.0;1.0;90.0;Val-d'Oise;11;Île-de-France
201900002819;138Â 301Â 224;C01;2.0;2;1.0;2.0;1987.0;5.0;1.0;0.0;;;0;;;1.0;7.0;0.0;2.0;1.0;2.0;1.0;;8;5;2019;23:40;3.0;95;95527;1;1.0;2.0;5.0;AUTOROUTE A3;48,9862200;2,5079800;1;3;0.0;;1.0;4;0.0;1.0;18;0;1.0;;;2.0;0.0;1.0;90.0;Val-d'Oise;11;Île-de-France
201900002819;138Â 301Â 224;C01;1.0;1;1.0;1.0;1973.0;5.0;1.0;0.0;;;0;;;1.0;7.0;0.0;2.0;1.0;2.0;1.0;;8;5;2019;23:40;3.0;95;95527;1;1.0;2.0;5.0;AUTOROUTE A3;48,9862200;2,5079800;1;3;0.0;;1.0;4;0.0;1.0;18;0;1.0;;;2.0;0.0;1.0;90.0;Val-d'Oise;11;Île-de-France
201900002819;138Â 301Â 225;B01;1.0;1;1.0;1.0;1979.0;5.0;1.0;0.0;;;0;;;1.0;7.0;0.0;2.0;1.0;2.0;1.0;;8;5;2019;23:40;3.0;95;95527;1;1.0;2.0;5.0;AUTOROUTE A3;48,9862200;2,5079800;1;3;0.0;;1.0;4;0.0;1.0;18;0;1.0;;;2.0;0.0;1.0;90.0;Val-d'Oise;11;Île-de-France
201900002819;138Â 301Â 226;A01;1.0;1;2.0;2.0;1986.0;5.0;1.0;0.0;;;0;;;1.0;7.0;0.0;2.0;3.0;1.0;1.0;;8;5;2019;23:40;3.0;95;95527;1;1.0;2.0;5.0;AUTOROUTE A3;48,9862200;2,5079800;1;3;0.0;;1.0;4;0.0;1.0;18;0;1.0;;;2.0;0.0;1.0;90.0;Val-d'Oise;11;Île-de-France
201900002820;138Â 301Â 218;B01;1.0;1;1.0;1.0;1978.0;0.0;1.0;0.0;;;0;;;1.0;7.0;0.0;2.0;5.0;2.0;1.0;;9;5;2019;00:00;4.0;92;92036;1;9.0;1.0;5.0;AUTOROUTE A86;48,9387802;2,3073401;1;86;0.0;;3.0;7;0.0;1.0;9;500;1.0;;;2.0;0.0;1.0;90.0;Hauts-de-Seine;11;Île-de-France
201900002820;138Â 301Â 219;C01;1.0;1;1.0;1.0;1965.0;0.0;1.0;0.0;;;0;;;1.0;17.0;0.0;2.0;6.0;11.0;1.0;;9;5;2019;00:00;4.0;92;92036;1;9.0;1.0;5.0;AUTOROUTE A86;48,9387802;2,3073401;1;86;0.0;;3.0;7;0.0;1.0;9;500;1.0;;;2.0;0.0;1.0;90.0;Hauts-de-Seine;11;Île-de-France
201900002820;138Â 301Â 220;A01;1.0;1;2.0;1.0;1996.0;0.0;1.0;0.0;;;0;;;1.0;10.0;0.0;2.0;3.0;2.0;1.0;;9;5;2019;00:00;4.0;92;92036;1;9.0;1.0;5.0;AUTOROUTE A86;48,9387802;2,3073401;1;86;0.0;;3.0;7;0.0;1.0;9;500;1.0;;;2.0;0.0;1.0;90.0;Hauts-de-Seine;11;Île-de-France
201900002821;138Â 301Â 217;A01;1.0;1;2.0;2.0;1997.0;5.0;1.0;8.0;;;0;;;2.0;7.0;4.0;0.0;3.0;0.0;1.0;;8;5;2019;23:00;3.0;95;95018;1;1.0;2.0;6.0;RD 170;48,9614100;2,2607600;3;170;0.0;;3.0;2;0.0;1.0;0;200;1.0;;;2.0;0.0;1.0;70.0;Val-d'Oise;11;Île-de-France
201900002822;138Â 301Â 216;A01;1.0;1;2.0;1.0;1999.0;0.0;1.0;0.0;;; -1;;;2.0;7.0;4.0;0.0;1.0;1.0;1.0;;8;5;2019;22:10;3.0;93;93027;1;1.0;2.0;6.0;AUTOROUTE A86;48,9286400;2,4149200;1;86;0.0;;3.0;9;0.0;1.0;18;399;2.0;;;2.0;2.0;1.0;70.0;Seine-Saint-Denis;11;Île-de-France
201900002823;138Â 301Â 213;B01;1.0;1;2.0;1.0;1995.0;1.0;1.0;0.0;;; -1;;;2.0;7.0;1.0;2.0;5.0;14.0;1.0;;8;5;2019;20:00;1.0;93;93027;1;1.0;2.0;5.0;AUTOROUTE A86;48,9286600;2,4147900;1;86;0.0;;3.0;9;0.0;1.0;18;399;2.0;;;2.0;0.0;1.0;70.0;Seine-Saint-Denis;11;Île-de-France
201900002823;138Â 301Â 214;C01;1.0;1;1.0;1.0;1977.0;1.0;1.0;0.0;;; -1;;;2.0;10.0;0.0;2.0;3.0;23.0;1.0;;8;5;2019;20:00;1.0;93;93027;1;1.0;2.0;5.0;AUTOROUTE A86;48,9286600;2,4147900;1;86;0.0;;3.0;9;0.0;1.0;18;399;2.0;;;2.0;0.0;1.0;70.0;Seine-Saint-Denis;11;Île-de-France
201900002823;138Â 301Â 215;A01;1.0;1;2.0;1.0;1990.0;1.0;1.0;0.0;;; -1;;;2.0;7.0;4.0;2.0;1.0;13.0;1.0;;8;5;2019;20:00;1.0;93;93027;1;1.0;2.0;5.0;AUTOROUTE A86;48,9286600;2,4147900;1;86;0.0;;3.0;9;0.0;1.0;18;399;2.0;;;2.0;0.0;1.0;70.0;Seine-Saint-Denis;11;Île-de-France
201900002824;138Â 301Â 211;A01;1.0;1;1.0;1.0;1983.0;0.0;1.0;0.0;;; -1;;;2.0;7.0;0.0;2.0;3.0;13.0;1.0;;8;5;2019;18:15;1.0;93;93078;1;1.0;1.0;3.0;AUTOROUTE A104;48,9665200;2,5145500;1;104;0.0;;3.0;8;0.0;1.0;2;299;1.0;;;1.0;0.0;1.0;90.0;Seine-Saint-Denis;11;Île-de-France
201900002824;138Â 301Â 212;B01;1.0;1;2.0;1.0;1974.0;0.0;1.0;0.0;;; -1;;;2.0;7.0;4.0;2.0;7.0;1.0;1.0;;8;5;2019;18:15;1.0;93;93078;1;1.0;1.0;3.0;AUTOROUTE A104;48,9665200;2,5145500;1;104;0.0;;3.0;8;0.0;1.0;2;299;1.0;;;1.0;0.0;1.0;90.0;Seine-Saint-Denis;11;Île-de-France
201900002825;138Â 301Â 210;A01;1.0;1;2.0;1.0;1988.0;0.0;1.0;8.0;;; -1;;;2.0;7.0;4.0;0.0;2.0;14.0;1.0;;8;5;2019;20:00;1.0;93;93027;1;1.0;2.0;6.0;AUTOROUTE A86;48,9285500;2,4159700;1;86;0.0;;3.0;6;0.0;1.0;18;475;2.0;;;2.0;0.0;1.0;70.0;Seine-Saint-Denis;11;Île-de-France
201900002826;138Â 301Â 209;A01;3.0;2;2.0;1.0;1988.0;5.0;1.0;0.0;;;0;;;1.0;7.0;4.0;0.0;1.0;13.0;1.0;;8;5;2019;17:00;1.0;95;95488;1;1.0;1.0;6.0;AUTOROUTE A15;49,0275000;2,1292700;1;15;0.0;;3.0;6;0.0;1.0;20;299;1.0;;;2.0;0.0;1.0;110.0;Val-d'Oise;11;Île-de-France
201900002826;138Â 301Â 209;A01;1.0;1;2.0;2.0;1972.0;5.0;1.0;0.0;;;0;;;1.0;7.0;4.0;0.0;1.0;13.0;1.0;;8;5;2019;17:00;1.0;95;95488;1;1.0;1.0;6.0;AUTOROUTE A15;49,0275000;2,1292700;1;15;0.0;;3.0;6;0.0;1.0;20;299;1.0;;;2.0;0.0;1.0;110.0;Val-d'Oise;11;Île-de-France
201900002826;138Â 301Â 209;A01;2.0;2;2.0;1.0;2005.0;5.0;1.0;0.0;;;0;;;1.0;7.0;4.0;0.0;1.0;13.0;1.0;;8;5;2019;17:00;1.0;95;95488;1;1.0;1.0;6.0;AUTOROUTE A15;49,0275000;2,1292700;1;15;0.0;;3.0;6;0.0;1.0;20;299;1.0;;;2.0;0.0;1.0;110.0;Val-d'Oise;11;Île-de-France
201900002827;138Â 301Â 207;A01;1.0;1;1.0;1.0;1990.0;0.0;1.0;0.0;;; -1;;;2.0;7.0;0.0;2.0;1.0;11.0;1.0;;8;5;2019;15:30;1.0;93;93013;1;1.0;2.0;3.0;AUTOROUTE A1;48,9399000;2,4215200;1;1;0.0;;3.0;8;0.0;1.0;7;900;1.0;;;2.0;0.0;1.0;110.0;Seine-Saint-Denis;11;Île-de-France
201900002827;138Â 301Â 208;B01;1.0;1;2.0;1.0;1979.0;0.0;1.0;0.0;;; -1;;;2.0;7.0;0.0;2.0;2.0;2.0;1.0;;8;5;2019;15:30;1.0;93;93013;1;1.0;2.0;3.0;AUTOROUTE A1;48,9399000;2,4215200;1;1;0.0;;3.0;8;0.0;1.0;7;900;1.0;;;2.0;0.0;1.0;110.0;Seine-Saint-Denis;11;Île-de-France
201900002828;138Â 301Â 206;A01;1.0;1;2.0;2.0;1995.0;0.0;1.0;8.0;;; -1;;;1.0;7.0;4.0;0.0;1.0;14.0;1.0;;8;5;2019;09:55;1.0;93;93053;1;1.0;2.0;6.0;AUTOROUTE A86;48,8996600;2,4692100;1;86;0.0;;3.0;10;0.0;1.0;23;899;1.0;;;2.0;2.0;1.0;70.0;Seine-Saint-Denis;11;Île-de-France
201900002829;138Â 301Â 205;A01;1.0;1;2.0;1.0;1991.0;0.0;1.0;0.0;;;0;;;2.0;7.0;4.0;0.0;1.0;1.0;1.0;;8;5;2019;09:50;1.0;92;92078;1;1.0;2.0;6.0;AUTOROUTE A86;48,9292341;2,3295641;1;86;0.0;;3.0;7;0.0;1.0;11;500;2.0;;;2.0;1.0;1.0;70.0;Hauts-de-Seine;11;Île-de-France
201900002830;138Â 301Â 203;B01;1.0;1;2.0;1.0;1954.0;5.0;1.0;4.0;;; -1;;;1.0;7.0;0.0;2.0;3.0;1.0;1.0;;8;5;2019;10:20;1.0;93;93027;1;1.0;2.0;6.0;AUTOROUTE A86;48,9265800;2,4031200;1;86;0.0;;1.0;4;0.0;3.0;0;330;2.0;;;2.0;2.0;1.0;50.0;Seine-Saint-Denis;11;Île-de-France
201900002830;138Â 301Â 204;A01;1.0;1;1.0;2.0;1963.0;5.0;1.0;4.0;;; -1;;;1.0;7.0;0.0;2.0;2.0;17.0;1.0;;8;5;2019;10:20;1.0;93;93027;1;1.0;2.0;6.0;AUTOROUTE A86;48,9265800;2,4031200;1;86;0.0;;1.0;4;0.0;3.0;0;330;2.0;;;2.0;2.0;1.0;50.0;Seine-Saint-Denis;11;Île-de-France
201900002831;138Â 301Â 202;A01;1.0;1;2.0;2.0;1992.0;0.0;1.0;0.0;;;0;;;2.0;7.0;4.0;0.0;4.0;1.0;1.0;;8;5;2019;08:50;1.0;92;92036;1;1.0;2.0;6.0;AUTOROUTE A15;48,9370807;2,2921737;1;15;0.0;;3.0;8;0.0;2.0;4;0;3.0;;;2.0;3.0;1.0;50.0;Hauts-de-Seine;11;Île-de-France
201900002832;138Â 301Â 200;A01;1.0;1;1.0;1.0;1996.0;5.0;1.0;8.0;;; -1;;;1.0;7.0;0.0;2.0;1.0;5.0;1.0;;7;5;2019;19:05;1.0;93;93078;1;1.0;1.0;1.0;AUTOROUTE A104;48,9651100;2,5543400;1;104;0.0;;3.0;9;0.0;2.0;5;800;1.0;;;1.0;3.0;1.0;70.0;Seine-Saint-Denis;11;Île-de-France
201900002832;138Â 301Â 201;B01;1.0;1;2.0;1.0;1969.0;5.0;1.0;8.0;;; -1;;;2.0;7.0;0.0;2.0;1.0;21.0;1.0;;7;5;2019;19:05;1.0;93;93078;1;1.0;1.0;1.0;AUTOROUTE A104;48,9651100;2,5543400;1;104;0.0;;3.0;9;0.0;2.0;5;800;1.0;;;1.0;3.0;1.0;70.0;Seine-Saint-Denis;11;Île-de-France
201900002832;138Â 301Â 201;B01;3.0;2;2.0;2.0;2015.0;5.0;3.0;8.0;;; -1;;;2.0;7.0;0.0;2.0;1.0;21.0;1.0;;7;5;2019;19:05;1.0;93;93078;1;1.0;1.0;1.0;AUTOROUTE A104;48,9651100;2,5543400;1;104;0.0;;3.0;9;0.0;2.0;5;800;1.0;;;1.0;3.0;1.0;70.0;Seine-Saint-Denis;11;Île-de-France
201900002832;138Â 301Â 201;B01;2.0;2;2.0;2.0;1982.0;5.0;1.0;0.0;;; -1;;;2.0;7.0;0.0;2.0;1.0;21.0;1.0;;7;5;2019;19:05;1.0;93;93078;1;1.0;1.0;1.0;AUTOROUTE A104;48,9651100;2,5543400;1;104;0.0;;3.0;9;0.0;2.0;5;800;1.0;;;1.0;3.0;1.0;70.0;Seine-Saint-Denis;11;Île-de-France
201900002833;138Â 301Â 199;A01;1.0;1;2.0;1.0;1997.0;1.0;2.0;0.0;;;0;;;2.0;33.0;0.0;0.0;9.0;0.0;1.0;;7;5;2019;18:55;1.0;95;95127;1;1.0;1.0;7.0;AUTOROUTE A15;49,0435600;2,0767300;1;15;0.0;;1.0;1;0.0;2.0;24;600;1.0;;;1.0;0.0;1.0;90.0;Val-d'Oise;11;Île-de-France
201900002834;138Â 301Â 197;A01;1.0;1;2.0;1.0;1998.0;0.0;2.0;6.0;;;0;;;1.0;33.0;0.0;2.0;1.0;3.0;1.0;;7;5;2019;18:30;1.0;92;92036;1;1.0;1.0;2.0;AUTOROUTE A86;48,9383694;2,3000890;1;86;0.0;;3.0;9;0.0;1.0;9;0;1.0;;;1.0;0.0;1.0;90.0;Hauts-de-Seine;11;Île-de-France
201900002834;138Â 301Â 198;B01;1.0;1;1.0;1.0;1987.0;1.0;1.0;0.0;;;0;;;1.0;7.0;0.0;2.0;4.0;11.0;1.0;;7;5;2019;18:30;1.0;92;92036;1;1.0;1.0;2.0;AUTOROUTE A86;48,9383694;2,3000890;1;86;0.0;;3.0;9;0.0;1.0;9;0;1.0;;;1.0;0.0;1.0;90.0;Hauts-de-Seine;11;Île-de-France
201900002835;138Â 301Â 195;B01;1.0;1;2.0;1.0;1996.0;1.0;2.0;0.0;;;0;;;2.0;33.0;0.0;2.0;7.0;3.0;1.0;;7;5;2019;19:15;1.0;95;95351;1;1.0;1.0;3.0;RN 104;49,0321100;2,4920900;2;104;0.0;;3.0;4;0.0;1.0;21;899;1.0;;;1.0;0.0;1.0;110.0;Val-d'Oise;11;Île-de-France
201900002835;138Â 301Â 196;A01;1.0;1;1.0;1.0;1965.0;0.0;1.0;8.0;;;0;;;2.0;7.0;0.0;2.0;8.0;11.0;1.0;;7;5;2019;19:15;1.0;95;95351;1;1.0;1.0;3.0;RN 104;49,0321100;2,4920900;2;104;0.0;;3.0;4;0.0;1.0;21;899;1.0;;;1.0;0.0;1.0;110.0;Val-d'Oise;11;Île-de-France
201900002836;138Â 301Â 193;A01;1.0;1;1.0;2.0;1981.0;0.0;1.0;0.0;;; -1;;;1.0;7.0;0.0;2.0;1.0;9.0;1.0;;7;5;2019;18:30;1.0;93;93027;1;1.0;1.0;2.0;AUTOROUTE A86;48,9226900;2,3808400;1;86;0.0;;3.0;10;0.0;1.0;15;800;1.0;;;1.0;0.0;1.0;90.0;Seine-Saint-Denis;11;Île-de-France
201900002836;138Â 301Â 194;B01;1.0;1;2.0;2.0;1991.0;0.0;8.0;0.0;;; -1;;;1.0;7.0;0.0;2.0;4.0;9.0;1.0;;7;5;2019;18:30;1.0;93;93027;1;1.0;1.0;2.0;AUTOROUTE A86;48,9226900;2,3808400;1;86;0.0;;3.0;10;0.0;1.0;15;800;1.0;;;1.0;0.0;1.0;90.0;Seine-Saint-Denis;11;Île-de-France
201900002837;138Â 301Â 191;B01;1.0;1;2.0;1.0;1975.0;0.0;2.0;6.0;;;0;;;1.0;33.0;0.0;2.0;1.0;1.0;1.0;;7;5;2019;16:00;1.0;95;95582;1;1.0;1.0;2.0;AUTOROUTE A15;48,9715000;2,2487000;1;15;0.0;;3.0;8;0.0;1.0;9;399;1.0;;;1.0;0.0;1.0;110.0;Val-d'Oise;11;Île-de-France
201900002837;138Â 301Â 192;A01;1.0;1;1.0;1.0;1992.0;0.0;1.0;0.0;;;0;;;1.0;10.0;0.0;2.0;4.0;2.0;1.0;;7;5;2019;16:00;1.0;95;95582;1;1.0;1.0;2.0;AUTOROUTE A15;48,9715000;2,2487000;1;15;0.0;;3.0;8;0.0;1.0;9;399;1.0;;;1.0;0.0;1.0;110.0;Val-d'Oise;11;Île-de-France
201900002838;138Â 301Â 189;A01;1.0;1;2.0;2.0;1986.0;1.0;1.0;8.0;;; -1;;;1.0;7.0;0.0;2.0;7.0;12.0;1.0;;6;5;2019;10:00;1.0;93;93007;1;1.0;1.0;3.0;AUTOROUTE A1;48,9462500;2,4415500;1;1;0.0;;3.0;8;0.0;1.0;9;500;1.0;;;1.0;1.0;1.0;110.0;Seine-Saint-Denis;11;Île-de-France
201900002838;138Â 301Â 189;A01;3.0;2;2.0;2.0;2012.0;0.0;3.0;0.0;;; -1;;;1.0;7.0;0.0;2.0;7.0;12.0;1.0;;6;5;2019;10:00;1.0;93;93007;1;1.0;1.0;3.0;AUTOROUTE A1;48,9462500;2,4415500;1;1;0.0;;3.0;8;0.0;1.0;9;500;1.0;;;1.0;1.0;1.0;110.0;Seine-Saint-Denis;11;Île-de-France
201900002838;138Â 301Â 189;A01;2.0;2;2.0;2.0;2007.0;9.0;1.0;0.0;;; -1;;;1.0;7.0;0.0;2.0;7.0;12.0;1.0;;6;5;2019;10:00;1.0;93;93007;1;1.0;1.0;3.0;AUTOROUTE A1;48,9462500;2,4415500;1;1;0.0;;3.0;8;0.0;1.0;9;500;1.0;;;1.0;1.0;1.0;110.0;Seine-Saint-Denis;11;Île-de-France
201900002838;138Â 301Â 189;A01;4.0;2;2.0;1.0;2015.0;0.0;3.0;0.0;;; -1;;;1.0;7.0;0.0;2.0;7.0;12.0;1.0;;6;5;2019;10:00;1.0;93;93007;1;1.0;1.0;3.0;AUTOROUTE A1;48,9462500;2,4415500;1;1;0.0;;3.0;8;0.0;1.0;9;500;1.0;;;1.0;1.0;1.0;110.0;Seine-Saint-Denis;11;Île-de-France
201900002838;138Â 301Â 190;B01;1.0;1;1.0;1.0;1969.0;1.0;1.0;8.0;;; -1;;;1.0;14.0;0.0;2.0;6.0;11.0;1.0;;6;5;2019;10:00;1.0;93;93007;1;1.0;1.0;3.0;AUTOROUTE A1;48,9462500;2,4415500;1;1;0.0;;3.0;8;0.0;1.0;9;500;1.0;;;1.0;1.0;1.0;110.0;Seine-Saint-Denis;11;Île-de-France
201900002839;138Â 301Â 187;B01;1.0;1;2.0;2.0;1984.0;1.0;1.0;8.0;;;0;;;2.0;10.0;0.0;2.0;6.0;2.0;1.0;;6;5;2019;19:30;1.0;95;95306;1;1.0;1.0;2.0;AUTOROUTE A15;49,0073000;2,1617400;1;15;0.0;;3.0;8;0.0;1.0;17;0;1.0;;;1.0;0.0;1.0;110.0;Val-d'Oise;11;Île-de-France
201900002839;138Â 301Â 188;A01;1.0;1;2.0;1.0;1979.0;1.0;1.0;8.0;;;0;;;2.0;7.0;0.0;2.0;1.0;1.0;1.0;;6;5;2019;19:30;1.0;95;95306;1;1.0;1.0;2.0;AUTOROUTE A15;49,0073000;2,1617400;1;15;0.0;;3.0;8;0.0;1.0;17;0;1.0;;;1.0;0.0;1.0;110.0;Val-d'Oise;11;Île-de-France
201900002840;138Â 301Â 184;B01;1.0;1;2.0;1.0;1993.0;0.0;2.0;0.0;;; -1;;;1.0;34.0;0.0;2.0;3.0;3.0;1.0;;6;5;2019;19:10;1.0;93;93078;1;1.0;1.0;5.0;AUTOROUTE A104;48,9666900;2,5130500;1;104;0.0;;3.0;8;0.0;1.0;2;200;1.0;;;1.0;0.0;1.0;110.0;Seine-Saint-Denis;11;Île-de-France
201900002840;138Â 301Â 185;C01;1.0;1;1.0;1.0;1963.0;0.0;1.0;0.0;;; -1;;;1.0;7.0;0.0;2.0;8.0;1.0;1.0;;6;5;2019;19:10;1.0;93;93078;1;1.0;1.0;5.0;AUTOROUTE A104;48,9666900;2,5130500;1;104;0.0;;3.0;8;0.0;1.0;2;200;1.0;;;1.0;0.0;1.0;110.0;Seine-Saint-Denis;11;Île-de-France
201900002840;138Â 301Â 186;A01;1.0;1;1.0;1.0;1997.0;0.0;1.0;0.0;;; -1;;;1.0;10.0;0.0;2.0;2.0;12.0;1.0;;6;5;2019;19:10;1.0;93;93078;1;1.0;1.0;5.0;AUTOROUTE A104;48,9666900;2,5130500;1;104;0.0;;3.0;8;0.0;1.0;2;200;1.0;;;1.0;0.0;1.0;110.0;Seine-Saint-Denis;11;Île-de-France
201900002841;138Â 301Â 181;A01;1.0;1;1.0;1.0;1989.0;0.0;1.0;4.0;;; -1;;;1.0;10.0;0.0;2.0;1.0;2.0;1.0;;6;5;2019;10:10;1.0;93;93064;1;9.0;1.0;4.0;AUTOROUTE A86;48,8694700;2,4824500;1;86;0.0;;3.0;6;0.0;1.0;28;200;3.0;;;1.0;0.0;1.0;90.0;Seine-Saint-Denis;11;Île-de-France