Num_Acc;id_vehicule;num_veh;place;catu;grav;sexe;an_nais;trajet;secu1;secu2;secu3;locp;actp;etatp;id_usager;senc;catv;obs;obsm;choc;manv;motor;occutc;jour;mois;an;hrmn;lum;dep;com;agg;int;atm;col;adr;lat;long;catr;voie;v1;v2;circ;nbv;vosp;prof;pr;pr1;plan;lartpc;larrout;surf;infra;situ;vma;nom_departement;reg;nom_region
201900002841;138Â 301Â 182;C01;1.0;1;1.0;1.0;1995.0;0.0;1.0;4.0;;; -1;;;1.0;15.0;0.0;2.0;4.0;2.0;1.0;;6;5;2019;10:10;1.0;93;93064;1;9.0;1.0;4.0;AUTOROUTE A86;48,8694700;2,4824500;1;86;0.0;;3.0;6;0.0;1.0;28;200;3.0;;;1.0;0.0;1.0;90.0;Seine-Saint-Denis;11;Île-de-France
201900002841;138Â 301Â 183;B01;1.0;1;2.0;1.0;1977.0;0.0;1.0;4.0;;; -1;;;1.0;7.0;0.0;2.0;4.0;2.0;1.0;;6;5;2019;10:10;1.0;93;93064;1;9.0;1.0;4.0;AUTOROUTE A86;48,8694700;2,4824500;1;86;0.0;;3.0;6;0.0;1.0;28;200;3.0;;;1.0;0.0;1.0;90.0;Seine-Saint-Denis;11;Île-de-France
201900002842;138Â 301Â 180;A01;1.0;1;2.0;1.0;1992.0;1.0;1.0;8.0;;;0;;;2.0;7.0;4.0;0.0;8.0;13.0;1.0;;6;5;2019;07:20;1.0;95;95607;1;1.0;1.0;6.0;AUTOROUTE A115;49,0312200;2,2005000;1;115;0.0;;3.0;5;0.0;1.0;8;399;1.0;;;1.0;0.0;1.0;90.0;Val-d'Oise;11;Île-de-France
201900002843;138Â 301Â 177;B01;1.0;1;1.0;1.0;1950.0;0.0;1.0;0.0;;; -1;;;1.0;7.0;0.0;2.0;4.0;2.0;1.0;;5;5;2019;20:40;1.0;93;93053;1;1.0;1.0;4.0;AUTOROUTE A3;48,8958200;2,4707300;1;3;0.0;;3.0;10;0.0;1.0;6;800;3.0;;;1.0;2.0;1.0;70.0;Seine-Saint-Denis;11;Île-de-France
201900002843;138Â 301Â 178;C01;1.0;1;1.0;2.0;1995.0;0.0;1.0;0.0;;; -1;;;1.0;7.0;0.0;2.0;4.0;2.0;1.0;;5;5;2019;20:40;1.0;93;93053;1;1.0;1.0;4.0;AUTOROUTE A3;48,8958200;2,4707300;1;3;0.0;;3.0;10;0.0;1.0;6;800;3.0;;;1.0;2.0;1.0;70.0;Seine-Saint-Denis;11;Île-de-France
201900002843;138Â 301Â 179;A01;1.0;1;2.0;1.0;1987.0;0.0;1.0;8.0;;; -1;;;1.0;7.0;0.0;2.0;1.0;2.0;1.0;;5;5;2019;20:40;1.0;93;93053;1;1.0;1.0;4.0;AUTOROUTE A3;48,8958200;2,4707300;1;3;0.0;;3.0;10;0.0;1.0;6;800;3.0;;;1.0;2.0;1.0;70.0;Seine-Saint-Denis;11;Île-de-France
201900002844;138Â 301Â 175;A01;1.0;1;1.0;1.0;1997.0;0.0;1.0;0.0;;; -1;;;2.0;7.0;0.0;2.0;1.0;2.0;1.0;;5;5;2019;22:50;3.0;93;93078;1;1.0;1.0;2.0;AUTOROUTE A104;48,9601300;2,5399500;1;104;0.0;;3.0;6;0.0;1.0;4;500;1.0;;;1.0;0.0;1.0;90.0;Seine-Saint-Denis;11;Île-de-France
201900002844;138Â 301Â 176;B01;1.0;1;2.0;1.0;1983.0;0.0;1.0;0.0;;; -1;;;2.0;7.0;0.0;2.0;4.0;2.0;1.0;;5;5;2019;22:50;3.0;93;93078;1;1.0;1.0;2.0;AUTOROUTE A104;48,9601300;2,5399500;1;104;0.0;;3.0;6;0.0;1.0;4;500;1.0;;;1.0;0.0;1.0;90.0;Seine-Saint-Denis;11;Île-de-France
201900002845;138Â 301Â 174;A01;1.0;1;1.0;1.0;1957.0;5.0;1.0;4.0;;;0;;;2.0;7.0;0.0;0.0;0.0;1.0;1.0;;5;5;2019;22:00;1.0;93;93029;1;1.0;1.0;6.0;AUTOROUTE A3;48,9259400;2,4234100;1;86;0.0;;3.0;6;0.0;1.0;19;100;1.0;;;1.0;1.0;1.0;90.0;Seine-Saint-Denis;11;Île-de-France
201900002845;138Â 301Â 174;A01;2.0;2;2.0;2.0;1960.0;5.0;1.0;0.0;;;0;;;2.0;7.0;0.0;0.0;0.0;1.0;1.0;;5;5;2019;22:00;1.0;93;93029;1;1.0;1.0;6.0;AUTOROUTE A3;48,9259400;2,4234100;1;86;0.0;;3.0;6;0.0;1.0;19;100;1.0;;;1.0;1.0;1.0;90.0;Seine-Saint-Denis;11;Île-de-France
201900002846;138Â 301Â 173;A01;1.0;1;2.0;1.0;1973.0;0.0;1.0;4.0;;; -1;;;1.0;10.0;0.0;2.0;4.0;0.0;4.0;;5;5;2019;15:00;1.0;93;93007;1;1.0;1.0;2.0;AUTOROUTE A1;48,9457000;2,4402400;1;1;0.0;;3.0;6;0.0;1.0;11;0;1.0;;;1.0;1.0;1.0;110.0;Seine-Saint-Denis;11;Île-de-France
201900002847;138Â 301Â 171;A01;1.0;1;2.0;2.0;1991.0;5.0;1.0;0.0;;;0;;;2.0;7.0;4.0;0.0;1.0;14.0;1.0;;4;5;2019;12:45;1.0;95;95277;1;1.0;1.0;6.0;AUTOROUTE A104;48,9731100;2,4852800;1;104;0.0;;1.0;3;0.0;2.0;0;200;2.0;;;2.0;0.0;1.0;70.0;Val-d'Oise;11;Île-de-France
201900002848;138Â 301Â 164;B01;1.0;1;1.0;2.0;1998.0;0.0;1.0;8.0;;; -1;;;1.0;7.0;0.0;2.0;4.0;0.0;1.0;;5;5;2019;03:40;3.0;93;93007;1;1.0;1.0;5.0;AUTOROUTE A3;48,9431400;2,4779300;1;3;0.0;;3.0;6;0.0;1.0;12;100;1.0;;;1.0;0.0;1.0;110.0;Seine-Saint-Denis;11;Île-de-France
201900002848;138Â 301Â 165;A01;1.0;1;1.0;1.0;2000.0;0.0;8.0;0.0;;; -1;;;1.0;7.0;3.0;0.0;1.0;23.0;1.0;;5;5;2019;03:40;3.0;93;93007;1;1.0;1.0;5.0;AUTOROUTE A3;48,9431400;2,4779300;1;3;0.0;;3.0;6;0.0;1.0;12;100;1.0;;;1.0;0.0;1.0;110.0;Seine-Saint-Denis;11;Île-de-France
201900002848;138Â 301Â 166;E01;2.0;2;2.0;2.0;1966.0;0.0;1.0;8.0;;; -1;;;1.0;7.0;0.0;2.0;4.0;0.0;1.0;;5;5;2019;03:40;3.0;93;93007;1;1.0;1.0;5.0;AUTOROUTE A3;48,9431400;2,4779300;1;3;0.0;;3.0;6;0.0;1.0;12;100;1.0;;;1.0;0.0;1.0;110.0;Seine-Saint-Denis;11;Île-de-France
201900002848;138Â 301Â 166;E01;1.0;1;4.0;1.0;1974.0;0.0;1.0;0.0;;;0;;;1.0;7.0;0.0;2.0;4.0;0.0;1.0;;5;5;2019;03:40;3.0;93;93007;1;1.0;1.0;5.0;AUTOROUTE A3;48,9431400;2,4779300;1;3;0.0;;3.0;6;0.0;1.0;12;100;1.0;;;1.0;0.0;1.0;110.0;Seine-Saint-Denis;11;Île-de-France
201900002848;138Â 301Â 166;E01;3.0;2;2.0;1.0;1964.0;0.0;1.0;8.0;;; -1;;;1.0;7.0;0.0;2.0;4.0;0.0;1.0;;5;5;2019;03:40;3.0;93;93007;1;1.0;1.0;5.0;AUTOROUTE A3;48,9431400;2,4779300;1;3;0.0;;3.0;6;0.0;1.0;12;100;1.0;;;1.0;0.0;1.0;110.0;Seine-Saint-Denis;11;Île-de-France
201900002848;138Â 301Â 167;G01;1.0;1;1.0;1.0;1993.0;0.0;1.0;8.0;;;0;;;2.0;10.0;0.0;1.0;1.0;1.0;1.0;;5;5;2019;03:40;3.0;93;93007;1;1.0;1.0;5.0;AUTOROUTE A3;48,9431400;2,4779300;1;3;0.0;;3.0;6;0.0;1.0;12;100;1.0;;;1.0;0.0;1.0;110.0;Seine-Saint-Denis;11;Île-de-France
201900002848;138Â 301Â 167;G01;6.0;2;1.0;1.0;1995.0;0.0;1.0;8.0;;; -1;;;2.0;10.0;0.0;1.0;1.0;1.0;1.0;;5;5;2019;03:40;3.0;93;93007;1;1.0;1.0;5.0;AUTOROUTE A3;48,9431400;2,4779300;1;3;0.0;;3.0;6;0.0;1.0;12;100;1.0;;;1.0;0.0;1.0;110.0;Seine-Saint-Denis;11;Île-de-France
201900002848;138Â 301Â 167;G01;2.0;2;1.0;1.0;1994.0;0.0;1.0;8.0;;; -1;;;2.0;10.0;0.0;1.0;1.0;1.0;1.0;;5;5;2019;03:40;3.0;93;93007;1;1.0;1.0;5.0;AUTOROUTE A3;48,9431400;2,4779300;1;3;0.0;;3.0;6;0.0;1.0;12;100;1.0;;;1.0;0.0;1.0;110.0;Seine-Saint-Denis;11;Île-de-France
201900002848;138Â 301Â 168;C01;3.0;2;1.0;2.0;2006.0;0.0;1.0;8.0;;; -1;;;1.0;7.0;0.0;2.0;8.0;0.0;1.0;;5;5;2019;03:40;3.0;93;93007;1;1.0;1.0;5.0;AUTOROUTE A3;48,9431400;2,4779300;1;3;0.0;;3.0;6;0.0;1.0;12;100;1.0;;;1.0;0.0;1.0;110.0;Seine-Saint-Denis;11;Île-de-France
201900002848;138Â 301Â 168;C01;2.0;2;1.0;1.0;2001.0;0.0;1.0;8.0;;; -1;;;1.0;7.0;0.0;2.0;8.0;0.0;1.0;;5;5;2019;03:40;3.0;93;93007;1;1.0;1.0;5.0;AUTOROUTE A3;48,9431400;2,4779300;1;3;0.0;;3.0;6;0.0;1.0;12;100;1.0;;;1.0;0.0;1.0;110.0;Seine-Saint-Denis;11;Île-de-France
201900002848;138Â 301Â 168;C01;1.0;1;1.0;2.0;1971.0;0.0;1.0;8.0;;;0;;;1.0;7.0;0.0;2.0;8.0;0.0;1.0;;5;5;2019;03:40;3.0;93;93007;1;1.0;1.0;5.0;AUTOROUTE A3;48,9431400;2,4779300;1;3;0.0;;3.0;6;0.0;1.0;12;100;1.0;;;1.0;0.0;1.0;110.0;Seine-Saint-Denis;11;Île-de-France
201900002848;138Â 301Â 169;D01;2.0;2;3.0;2.0;1990.0;0.0;1.0;0.0;;; -1;;;1.0;7.0;0.0;2.0;1.0;0.0;1.0;;5;5;2019;03:40;3.0;93;93007;1;1.0;1.0;5.0;AUTOROUTE A3;48,9431400;2,4779300;1;3;0.0;;3.0;6;0.0;1.0;12;100;1.0;;;1.0;0.0;1.0;110.0;Seine-Saint-Denis;11;Île-de-France
201900002848;138Â 301Â 169;D01;1.0;1;2.0;1.0;1985.0;0.0;1.0;8.0;;;0;;;1.0;7.0;0.0;2.0;1.0;0.0;1.0;;5;5;2019;03:40;3.0;93;93007;1;1.0;1.0;5.0;AUTOROUTE A3;48,9431400;2,4779300;1;3;0.0;;3.0;6;0.0;1.0;12;100;1.0;;;1.0;0.0;1.0;110.0;Seine-Saint-Denis;11;Île-de-France
201900002848;138Â 301Â 169;D01;5.0;2;2.0;2.0;2007.0;0.0;1.0;8.0;;; -1;;;1.0;7.0;0.0;2.0;1.0;0.0;1.0;;5;5;2019;03:40;3.0;93;93007;1;1.0;1.0;5.0;AUTOROUTE A3;48,9431400;2,4779300;1;3;0.0;;3.0;6;0.0;1.0;12;100;1.0;;;1.0;0.0;1.0;110.0;Seine-Saint-Denis;11;Île-de-France
201900002848;138Â 301Â 169;D01;3.0;2;2.0;2.0;1990.0;0.0;1.0;8.0;;; -1;;;1.0;7.0;0.0;2.0;1.0;0.0;1.0;;5;5;2019;03:40;3.0;93;93007;1;1.0;1.0;5.0;AUTOROUTE A3;48,9431400;2,4779300;1;3;0.0;;3.0;6;0.0;1.0;12;100;1.0;;;1.0;0.0;1.0;110.0;Seine-Saint-Denis;11;Île-de-France
201900002848;138Â 301Â 169;D01;4.0;2;2.0;1.0;2010.0;0.0;1.0;8.0;;; -1;;;1.0;7.0;0.0;2.0;1.0;0.0;1.0;;5;5;2019;03:40;3.0;93;93007;1;1.0;1.0;5.0;AUTOROUTE A3;48,9431400;2,4779300;1;3;0.0;;3.0;6;0.0;1.0;12;100;1.0;;;1.0;0.0;1.0;110.0;Seine-Saint-Denis;11;Île-de-France
201900002848;138Â 301Â 170;F01;10.0;3;4.0;1.0;1998.0;0.0;8.0;0.0;;6.0;A;1.0;;2.0;7.0;0.0;1.0;1.0;1.0;1.0;;5;5;2019;03:40;3.0;93;93007;1;1.0;1.0;5.0;AUTOROUTE A3;48,9431400;2,4779300;1;3;0.0;;3.0;6;0.0;1.0;12;100;1.0;;;1.0;0.0;1.0;110.0;Seine-Saint-Denis;11;Île-de-France
201900002848;138Â 301Â 170;F01;1.0;1;1.0;1.0;1970.0;0.0;1.0;8.0;;; -1;;;2.0;7.0;0.0;1.0;1.0;1.0;1.0;;5;5;2019;03:40;3.0;93;93007;1;1.0;1.0;5.0;AUTOROUTE A3;48,9431400;2,4779300;1;3;0.0;;3.0;6;0.0;1.0;12;100;1.0;;;1.0;0.0;1.0;110.0;Seine-Saint-Denis;11;Île-de-France
201900002849;138Â 301Â 163;A01;2.0;2;2.0;1.0;1987.0;5.0;1.0;8.0;;;0;;;1.0;7.0;4.0;0.0;2.0;2.0;1.0;;5;5;2019;06:15;2.0;95;95527;1;1.0;1.0;6.0;AUTOROUTE A3;48,9824000;2,5023400;1;3;0.0;;3.0;;0.0;1.0;17;399;1.0;;;1.0;0.0;1.0;90.0;Val-d'Oise;11;Île-de-France
201900002850;138Â 301Â 161;A01;1.0;1;1.0;1.0;1996.0;5.0;1.0;0.0;;;0;;;2.0;7.0;0.0;2.0;1.0;14.0;1.0;;4;5;2019;12:45;1.0;92;92036;1;1.0;2.0;3.0;AUTOROUTE A86;48,9369731;2,3180434;1;86;0.0;;3.0;8;0.0;1.0;10;399;2.0;;;2.0;0.0;1.0;90.0;Hauts-de-Seine;11;Île-de-France
201900002850;138Â 301Â 162;B01;1.0;1;2.0;2.0;1989.0;5.0;1.0;0.0;;;0;;;2.0;7.0;3.0;2.0;8.0;1.0;1.0;;4;5;2019;12:45;1.0;92;92036;1;1.0;2.0;3.0;AUTOROUTE A86;48,9369731;2,3180434;1;86;0.0;;3.0;8;0.0;1.0;10;399;2.0;;;2.0;0.0;1.0;90.0;Hauts-de-Seine;11;Île-de-France
201900002851;138Â 301Â 159;A01;1.0;1;1.0;1.0;1994.0;0.0;1.0;8.0;;; -1;;;1.0;7.0;0.0;2.0;5.0;23.0;1.0;;4;5;2019;21:55;4.0;93;93010;1;1.0;1.0;3.0;AUTOROUTE A3;48,8911300;2,4733800;1;3;0.0;;3.0;10;0.0;1.0;6;199;1.0;;;1.0;2.0;1.0;70.0;Seine-Saint-Denis;11;Île-de-France
201900002851;138Â 301Â 159;A01;2.0;2;2.0;2.0;1993.0;0.0;1.0;8.0;;; -1;;;1.0;7.0;0.0;2.0;5.0;23.0;1.0;;4;5;2019;21:55;4.0;93;93010;1;1.0;1.0;3.0;AUTOROUTE A3;48,8911300;2,4733800;1;3;0.0;;3.0;10;0.0;1.0;6;199;1.0;;;1.0;2.0;1.0;70.0;Seine-Saint-Denis;11;Île-de-France
201900002851;138Â 301Â 160;B01;1.0;1;2.0;1.0;1987.0;0.0;1.0;8.0;;; -1;;;1.0;7.0;1.0;0.0;3.0;1.0;1.0;;4;5;2019;21:55;4.0;93;93010;1;1.0;1.0;3.0;AUTOROUTE A3;48,8911300;2,4733800;1;3;0.0;;3.0;10;0.0;1.0;6;199;1.0;;;1.0;2.0;1.0;70.0;Seine-Saint-Denis;11;Île-de-France
201900002852;138Â 301Â 158;A01;1.0;1;2.0;2.0;1971.0;5.0;1.0;0.0;;;0;;;2.0;7.0;4.0;0.0;1.0;13.0;1.0;;4;5;2019;16:25;1.0;95;95572;1;1.0;3.0;6.0;AUTOROUTE A15;49,0319900;2,1071700;1;15;0.0;;1.0;8;0.0;2.0;22;0;2.0;;;2.0;3.0;1.0;70.0;Val-d'Oise;11;Île-de-France
201900002853;138Â 301Â 155;B01;1.0;1;2.0;2.0;1991.0;0.0;1.0;0.0;;;0;;;1.0;7.0;14.0;0.0;0.0;21.0;1.0;;3;5;2019;22:04;3.0;95;95488;1;1.0;1.0;6.0;AUTOROUTE A15;49,0118600;2,1517100;1;15;0.0;;3.0;8;0.0;1.0;17;899;1.0;;;1.0;0.0;1.0;110.0;Val-d'Oise;11;Île-de-France
201900002853;138Â 301Â 156;A01;1.0;1;1.0;1.0;1996.0;0.0;1.0;4.0;;;0;;;1.0;10.0;0.0;0.0;0.0;1.0;1.0;;3;5;2019;22:04;3.0;95;95488;1;1.0;1.0;6.0;AUTOROUTE A15;49,0118600;2,1517100;1;15;0.0;;3.0;8;0.0;1.0;17;899;1.0;;;1.0;0.0;1.0;110.0;Val-d'Oise;11;Île-de-France
201900002854;138Â 301Â 152;A01;1.0;1;2.0;1.0;1998.0;0.0;2.0;6.0;;;0;;;1.0;33.0;0.0;2.0;3.0;3.0;1.0;;2;5;2019;17:20;1.0;92;92036;1;1.0;2.0;5.0;AUTOROUTE A15;48,9419236;2,2908630;1;15;0.0;;3.0;8;0.0;1.0;4;699;1.0;;;2.0;2.0;1.0;110.0;Hauts-de-Seine;11;Île-de-France
201900002854;138Â 301Â 153;C01;1.0;1;1.0;2.0;1971.0;0.0;1.0;0.0;;;0;;;1.0;7.0;0.0;2.0;3.0;1.0;1.0;;2;5;2019;17:20;1.0;92;92036;1;1.0;2.0;5.0;AUTOROUTE A15;48,9419236;2,2908630;1;15;0.0;;3.0;8;0.0;1.0;4;699;1.0;;;2.0;2.0;1.0;110.0;Hauts-de-Seine;11;Île-de-France
201900002854;138Â 301Â 154;B01;1.0;1;1.0;2.0;1977.0;0.0;1.0;0.0;;;0;;;1.0;7.0;0.0;2.0;7.0;12.0;1.0;;2;5;2019;17:20;1.0;92;92036;1;1.0;2.0;5.0;AUTOROUTE A15;48,9419236;2,2908630;1;15;0.0;;3.0;8;0.0;1.0;4;699;1.0;;;2.0;2.0;1.0;110.0;Hauts-de-Seine;11;Île-de-France
201900002855;138Â 301Â 151;A01;1.0;1;2.0;1.0;1995.0;0.0;1.0;0.0;;;0;;;2.0;7.0;0.0;0.0;9.0;1.0;1.0;;2;5;2019;18:10;1.0;92;92036;1;1.0;1.0;7.0;AUTOROUTE A15;48,9383981;2,2942127;1;15;0.0;;3.0;4;0.0;2.0;4;199;3.0;;;2.0;3.0;1.0;50.0;Hauts-de-Seine;11;Île-de-France
201900002856;138Â 301Â 150;A01;1.0;1;2.0;1.0;1993.0;0.0;1.0;0.0;;;0;;;2.0;7.0;4.0;0.0;1.0;21.0;1.0;;2;5;2019;13:00;1.0;60;60631;1;1.0;1.0;6.0;AUTOROUTE A1;49,1561000;2,5904400;1;1;0.0;;3.0;6;0.0;1.0;36;500;1.0;;;1.0;0.0;1.0;130.0;Oise;32;Hauts-de-France
201900002857;138Â 301Â 149;A01;1.0;1;2.0;1.0;1950.0;9.0;1.0;0.0;;;0;;;2.0;14.0;3.0;0.0;1.0;1.0;1.0;;2;5;2019;13:00;1.0;95;95641;1;1.0;1.0;6.0;AUTOROUTE A1;49,0740500;2,5519500;1;1;0.0;;3.0;6;0.0;1.0;26;500;1.0;;;1.0;0.0;1.0;130.0;Val-d'Oise;11;Île-de-France
201900002858;138Â 301Â 146;A01;1.0;1;1.0;1.0;1988.0;0.0;1.0;0.0;;; -1;;;2.0;7.0;0.0;2.0;1.0;2.0;1.0;;2;5;2019;07:15;1.0;93;93013;1;1.0;1.0;4.0;AUTOROUTE A1;48,9403000;2,4229000;1;1;0.0;;3.0;8;0.0;1.0;8;0;1.0;;;1.0;0.0;1.0;110.0;Seine-Saint-Denis;11;Île-de-France
201900002858;138Â 301Â 147;C01;1.0;1;1.0;1.0;1992.0;0.0;1.0;0.0;;; -1;;;2.0;7.0;0.0;2.0;4.0;2.0;1.0;;2;5;2019;07:15;1.0;93;93013;1;1.0;1.0;4.0;AUTOROUTE A1;48,9403000;2,4229000;1;1;0.0;;3.0;8;0.0;1.0;8;0;1.0;;;1.0;0.0;1.0;110.0;Seine-Saint-Denis;11;Île-de-France
201900002858;138Â 301Â 148;B01;1.0;1;1.0;1.0;1998.0;0.0;1.0;0.0;;; -1;;;2.0;7.0;0.0;2.0;4.0;2.0;1.0;;2;5;2019;07:15;1.0;93;93013;1;1.0;1.0;4.0;AUTOROUTE A1;48,9403000;2,4229000;1;1;0.0;;3.0;8;0.0;1.0;8;0;1.0;;;1.0;0.0;1.0;110.0;Seine-Saint-Denis;11;Île-de-France
201900002858;138Â 301Â 148;B01;2.0;2;2.0;1.0;1972.0;0.0;1.0;0.0;;; -1;;;2.0;7.0;0.0;2.0;4.0;2.0;1.0;;2;5;2019;07:15;1.0;93;93013;1;1.0;1.0;4.0;AUTOROUTE A1;48,9403000;2,4229000;1;1;0.0;;3.0;8;0.0;1.0;8;0;1.0;;;1.0;0.0;1.0;110.0;Seine-Saint-Denis;11;Île-de-France
201900002859;138Â 301Â 144;B01;1.0;1;1.0;1.0;2000.0;5.0;1.0;0.0;;;0;;;1.0;7.0;0.0;2.0;2.0;2.0;1.0;;1;5;2019;19:45;1.0;95;95394;1;1.0;1.0;3.0;RN 184;49,0505200;2,1902500;2;184;0.0;;3.0;4;0.0;2.0;9;600;2.0;;;1.0;0.0;1.0;90.0;Val-d'Oise;11;Île-de-France
201900002859;138Â 301Â 145;A01;1.0;1;2.0;1.0;1980.0;1.0;1.0;0.0;;;0;;;1.0;7.0;0.0;2.0;1.0;1.0;1.0;;1;5;2019;19:45;1.0;95;95394;1;1.0;1.0;3.0;RN 184;49,0505200;2,1902500;2;184;0.0;;3.0;4;0.0;2.0;9;600;2.0;;;1.0;0.0;1.0;90.0;Val-d'Oise;11;Île-de-France
201900002860;138Â 301Â 143;A01;1.0;1;2.0;2.0;1987.0;0.0;1.0;0.0;;; -1;;;1.0;7.0;4.0;0.0;1.0;1.0;1.0;;1;5;2019;14:00;1.0;93;93001;1;1.0;1.0;6.0;AUTOROUTE A86;48,9216100;2,3770800;1;86;0.0;;3.0;8;0.0;1.0;15;399;1.0;;;1.0;0.0;1.0;90.0;Seine-Saint-Denis;11;Île-de-France
201900002861;138Â 301Â 141;A01;1.0;1;1.0;1.0;1998.0;0.0;1.0;0.0;;; -1;;;2.0;7.0;0.0;2.0;4.0;2.0;1.0;;30;4;2019;18:00;1.0;93;93007;1;1.0;1.0;2.0;AUTOROUTE A3;48,9330500;2,4807500;1;3;0.0;;3.0;7;0.0;1.0;11;199;1.0;;;1.0;0.0;1.0;110.0;Seine-Saint-Denis;11;Île-de-France
201900002861;138Â 301Â 142;B01;1.0;1;2.0;1.0;1988.0;9.0;1.0;0.0;;; -1;;;2.0;7.0;0.0;2.0;1.0;2.0;1.0;;30;4;2019;18:00;1.0;93;93007;1;1.0;1.0;2.0;AUTOROUTE A3;48,9330500;2,4807500;1;3;0.0;;3.0;7;0.0;1.0;11;199;1.0;;;1.0;0.0;1.0;110.0;Seine-Saint-Denis;11;Île-de-France
201900002862;138Â 301Â 139;B01;1.0;1;2.0;2.0;1964.0;1.0;1.0;0.0;;;0;;;1.0;7.0;0.0;2.0;3.0;1.0;1.0;;30;4;2019;17:00;1.0;95;95678;1;1.0;1.0;3.0;RN 184;49,0601700;2,2114800;2;184;0.0;;3.0;6;0.0;1.0;11;500;2.0;;;1.0;0.0;1.0;90.0;Val-d'Oise;11;Île-de-France
201900002862;138Â 301Â 140;A01;1.0;1;1.0;1.0;1966.0;4.0;1.0;0.0;;;0;;;1.0;14.0;0.0;2.0;2.0;12.0;1.0;;30;4;2019;17:00;1.0;95;95678;1;1.0;1.0;3.0;RN 184;49,0601700;2,2114800;2;184;0.0;;3.0;6;0.0;1.0;11;500;2.0;;;1.0;0.0;1.0;90.0;Val-d'Oise;11;Île-de-France
201900002863;138Â 301Â 136;A01;1.0;1;1.0;1.0;1988.0;9.0;2.0;6.0;;;0;;;1.0;33.0;0.0;2.0;1.0;1.0;1.0;;30;4;2019;09:15;1.0;92;92078;1;1.0;1.0;4.0;AUTOROUTE A86;48,9273411;2,3333828;1;86;0.0;;3.0;8;0.0;1.0;12;0;2.0;;;1.0;2.0;1.0;90.0;Hauts-de-Seine;11;Île-de-France
201900002863;138Â 301Â 137;C01;1.0;1;2.0;1.0;1984.0;9.0;2.0;6.0;;;0;;;1.0;31.0;0.0;2.0;4.0;1.0;1.0;;30;4;2019;09:15;1.0;92;92078;1;1.0;1.0;4.0;AUTOROUTE A86;48,9273411;2,3333828;1;86;0.0;;3.0;8;0.0;1.0;12;0;2.0;;;1.0;2.0;1.0;90.0;Hauts-de-Seine;11;Île-de-France
201900002863;138Â 301Â 138;B01;1.0;1;1.0;1.0;1967.0;9.0;2.0;6.0;;;0;;;1.0;33.0;0.0;2.0;4.0;1.0;1.0;;30;4;2019;09:15;1.0;92;92078;1;1.0;1.0;4.0;AUTOROUTE A86;48,9273411;2,3333828;1;86;0.0;;3.0;8;0.0;1.0;12;0;2.0;;;1.0;2.0;1.0;90.0;Hauts-de-Seine;11;Île-de-France
201900002864;138Â 301Â 134;B01;1.0;1;2.0;1.0;1983.0;1.0;1.0;0.0;;;0;;;2.0;7.0;0.0;2.0;4.0;1.0;1.0;;29;4;2019;17:45;1.0;95;95252;1;1.0;1.0;2.0;AUTOROUTE A115;48,9839200;2,2406800;1;115;0.0;;1.0;2;0.0;2.0;1;370;1.0;;;1.0;0.0;1.0;50.0;Val-d'Oise;11;Île-de-France
201900002864;138Â 301Â 135;A01;1.0;1;1.0;1.0;1996.0;4.0;1.0;0.0;;;0;;;2.0;10.0;0.0;2.0;1.0;9.0;1.0;;29;4;2019;17:45;1.0;95;95252;1;1.0;1.0;2.0;AUTOROUTE A115;48,9839200;2,2406800;1;115;0.0;;1.0;2;0.0;2.0;1;370;1.0;;;1.0;0.0;1.0;50.0;Val-d'Oise;11;Île-de-France
201900002865;138Â 301Â 131;A01;1.0;1;2.0;1.0;1955.0;9.0;2.0;6.0;;; -1;;;2.0;33.0;0.0;2.0;1.0;2.0;1.0;;29;4;2019;13:00;1.0;93;93064;1;1.0;1.0;4.0;AUTOROUTE A86;48,8812500;2,4748500;1;86;0.0;;3.0;6;0.0;1.0;26;399;2.0;;;1.0;8.0;1.0;70.0;Seine-Saint-Denis;11;Île-de-France
201900002865;138Â 301Â 132;C01;1.0;1;1.0;1.0;1986.0;0.0;1.0;0.0;;; -1;;;2.0;7.0;0.0;2.0;4.0;2.0;1.0;;29;4;2019;13:00;1.0;93;93064;1;1.0;1.0;4.0;AUTOROUTE A86;48,8812500;2,4748500;1;86;0.0;;3.0;6;0.0;1.0;26;399;2.0;;;1.0;8.0;1.0;70.0;Seine-Saint-Denis;11;Île-de-France
201900002865;138Â 301Â 133;B01;1.0;1;1.0;1.0;1998.0;0.0;1.0;0.0;;; -1;;;2.0;7.0;0.0;2.0;4.0;2.0;1.0;;29;4;2019;13:00;1.0;93;93064;1;1.0;1.0;4.0;AUTOROUTE A86;48,8812500;2,4748500;1;86;0.0;;3.0;6;0.0;1.0;26;399;2.0;;;1.0;8.0;1.0;70.0;Seine-Saint-Denis;11;Île-de-France
201900002866;138Â 301Â 129;B01;1.0;1;2.0;1.0;1962.0;1.0;2.0;6.0;;;0;;;1.0;32.0;0.0;2.0;4.0;1.0;1.0;;29;4;2019;07:30;1.0;95;95306;1;1.0;1.0;2.0;AUTOROUTE A15;49,0038900;2,1681800;1;15;0.0;;3.0;6;0.0;1.0;16;399;1.0;;;1.0;0.0;1.0;110.0;Val-d'Oise;11;Île-de-France
201900002866;138Â 301Â 130;A01;1.0;1;1.0;1.0;1995.0;1.0;1.0;0.0;;;0;;;1.0;7.0;0.0;2.0;2.0;12.0;1.0;;29;4;2019;07:30;1.0;95;95306;1;1.0;1.0;2.0;AUTOROUTE A15;49,0038900;2,1681800;1;15;0.0;;3.0;6;0.0;1.0;16;399;1.0;;;1.0;0.0;1.0;110.0;Val-d'Oise;11;Île-de-France