Num_Acc;id_vehicule;num_veh;place;catu;grav;sexe;an_nais;trajet;secu1;secu2;secu3;locp;actp;etatp;id_usager;senc;catv;obs;obsm;choc;manv;motor;occutc;jour;mois;an;hrmn;lum;dep;com;agg;int;atm;col;adr;lat;long;catr;voie;v1;v2;circ;nbv;vosp;prof;pr;pr1;plan;lartpc;larrout;surf;infra;situ;vma;nom_departement;reg;nom_region
201900002867;138Â 301Â 128;A01;1.0;1;2.0;2.0;1995.0;1.0;1.0;0.0;;; -1;;;1.0;7.0;4.0;0.0;1.0;1.0;1.0;;29;4;2019;08:30;1.0;93;93064;1;1.0;1.0;6.0;AUTOROUTE A103;48,8866900;2,4760300;1;103;0.0;;3.0;8;0.0;2.0;0;939;3.0;;;1.0;0.0;1.0;70.0;Seine-Saint-Denis;11;Île-de-France
201900002868;138Â 301Â 127;A01;3.0;2;2.0;2.0;1998.0;5.0;1.0;4.0;;;0;;;1.0;7.0;0.0;2.0;2.0;1.0;1.0;;27;4;2019;23:20;3.0;95;95424;1;1.0;2.0;2.0;AUTOROUTE A15;48,9905000;2,1955000;1;15;0.0;;3.0;8;0.0;1.0;13;800;1.0;;;2.0;0.0;1.0;110.0;Val-d'Oise;11;Île-de-France
201900002868;138Â 301Â 127;A01;2.0;2;2.0;2.0;1998.0;5.0;1.0;4.0;;;0;;;1.0;7.0;0.0;2.0;2.0;1.0;1.0;;27;4;2019;23:20;3.0;95;95424;1;1.0;2.0;2.0;AUTOROUTE A15;48,9905000;2,1955000;1;15;0.0;;3.0;8;0.0;1.0;13;800;1.0;;;2.0;0.0;1.0;110.0;Val-d'Oise;11;Île-de-France
201900002868;138Â 301Â 127;A01;1.0;1;2.0;2.0;1998.0;5.0;1.0;4.0;;;0;;;1.0;7.0;0.0;2.0;2.0;1.0;1.0;;27;4;2019;23:20;3.0;95;95424;1;1.0;2.0;2.0;AUTOROUTE A15;48,9905000;2,1955000;1;15;0.0;;3.0;8;0.0;1.0;13;800;1.0;;;2.0;0.0;1.0;110.0;Val-d'Oise;11;Île-de-France
201900002869;138Â 301Â 124;A01;1.0;1;1.0;1.0;1963.0;0.0;1.0;0.0;;; -1;;;1.0;10.0;0.0;2.0;1.0;2.0;1.0;;28;4;2019;00:20;5.0;93;93066;1;1.0;2.0;2.0;AUTOROUTE A1;48,9193700;2,3575400;1;1;0.0;;3.0;8;0.0;1.0;2;0;1.0;;;2.0;0.0;1.0;90.0;Seine-Saint-Denis;11;Île-de-France
201900002869;138Â 301Â 125;B01;1.0;1;2.0;1.0;1971.0;0.0;1.0;0.0;;; -1;;;1.0;7.0;0.0;2.0;4.0;2.0;1.0;;28;4;2019;00:20;5.0;93;93066;1;1.0;2.0;2.0;AUTOROUTE A1;48,9193700;2,3575400;1;1;0.0;;3.0;8;0.0;1.0;2;0;1.0;;;2.0;0.0;1.0;90.0;Seine-Saint-Denis;11;Île-de-France
201900002870;138Â 301Â 122;A01;1.0;1;1.0;2.0;1995.0;5.0;1.0;4.0;;;0;;;2.0;7.0;4.0;2.0;3.0;1.0;1.0;;27;4;2019;22:40;3.0;95;95277;1;1.0;2.0;3.0;RD 170 ;48,9773000;2,4728000;3; 170 ;0.0;;3.0;4;0.0;1.0;17;299;1.0;;;2.0;0.0;1.0;110.0;Val-d'Oise;11;Île-de-France
201900002870;138Â 301Â 122;A01;2.0;2;2.0;2.0;1992.0;5.0;1.0;0.0;;;0;;;2.0;7.0;4.0;2.0;3.0;1.0;1.0;;27;4;2019;22:40;3.0;95;95277;1;1.0;2.0;3.0;RD 170 ;48,9773000;2,4728000;3; 170 ;0.0;;3.0;4;0.0;1.0;17;299;1.0;;;2.0;0.0;1.0;110.0;Val-d'Oise;11;Île-de-France
201900002871;138Â 301Â 119;C01;1.0;1;1.0;1.0;1967.0;1.0;1.0;0.0;;;0;;;1.0;7.0;0.0;2.0;4.0;1.0;1.0;;28;5;2019;08:30;1.0;94;94073;1;1.0;1.0;4.0;A86 INT;48,7598000;2,3831000;1;86;0.0;INT;3.0;4;0.0;1.0;43;900;1.0;;;1.0;1.0;1.0;90.0;Val-de-Marne;11;Île-de-France
201900002871;138Â 301Â 120;A01;1.0;1;2.0;1.0;1973.0;1.0;2.0;6.0;;;0;;;1.0;34.0;0.0;2.0;4.0;1.0;1.0;;28;5;2019;08:30;1.0;94;94073;1;1.0;1.0;4.0;A86 INT;48,7598000;2,3831000;1;86;0.0;INT;3.0;4;0.0;1.0;43;900;1.0;;;1.0;1.0;1.0;90.0;Val-de-Marne;11;Île-de-France
201900002871;138Â 301Â 121;B01;1.0;1;1.0;1.0;1968.0;0.0;8.0;0.0;;;0;;;1.0;10.0;0.0;2.0;1.0;11.0;1.0;;28;5;2019;08:30;1.0;94;94073;1;1.0;1.0;4.0;A86 INT;48,7598000;2,3831000;1;86;0.0;INT;3.0;4;0.0;1.0;43;900;1.0;;;1.0;1.0;1.0;90.0;Val-de-Marne;11;Île-de-France
201900002872;138Â 301Â 117;A01;1.0;1;1.0;1.0;1963.0;1.0;1.0;0.0;;;0;;;2.0;7.0;0.0;2.0;4.0;12.0;0.0;;28;5;2019;06:50;1.0;94;94028;1;1.0;1.0;2.0;A86 EXT;48,7834000;2,4402000;1;86;0.0;EXT;3.0;4;0.0;1.0;37;799;1.0;;;1.0;0.0;1.0;90.0;Val-de-Marne;11;Île-de-France
201900002872;138Â 301Â 118;B01;1.0;1;2.0;1.0;1973.0;1.0;2.0;6.0;;; -1;;;2.0;33.0;0.0;2.0;1.0;3.0;1.0;;28;5;2019;06:50;1.0;94;94028;1;1.0;1.0;2.0;A86 EXT;48,7834000;2,4402000;1;86;0.0;EXT;3.0;4;0.0;1.0;37;799;1.0;;;1.0;0.0;1.0;90.0;Val-de-Marne;11;Île-de-France
201900002873;138Â 301Â 115;A01;1.0;1;2.0;1.0;1979.0;4.0;1.0;8.0;;;0;;;2.0;16.0;1.0;0.0;2.0;2.0;0.0;;27;5;2019;20:15;1.0;77;77249;1;1.0;1.0;2.0;RN104;48,7448437;2,6132618;2;104;0.0;;1.0;2;0.0;1.0;10;500;1.0;;;1.0;0.0;1.0;110.0;Seine-et-Marne;11;Île-de-France
201900002873;138Â 301Â 116;B01;1.0;1;1.0;1.0;1972.0;4.0;1.0;0.0;;;0;;;2.0;17.0;1.0;0.0;0.0;0.0;1.0;;27;5;2019;20:15;1.0;77;77249;1;1.0;1.0;2.0;RN104;48,7448437;2,6132618;2;104;0.0;;1.0;2;0.0;1.0;10;500;1.0;;;1.0;0.0;1.0;110.0;Seine-et-Marne;11;Île-de-France
201900002874;138Â 301Â 114;A01;1.0;1;2.0;1.0;1974.0;1.0;2.0;6.0;;;0;;;1.0;33.0;0.0;2.0;8.0;3.0;1.0;;27;5;2019;15:30;1.0;94;94069;1;1.0;1.0;6.0;A86 INT;48,8207600;2,4234500;1;86;0.0;INT;1.0;2;0.0;1.0;36;0;1.0;;;1.0;0.0;1.0;70.0;Val-de-Marne;11;Île-de-France
201900002875;138Â 301Â 112;A01;1.0;1;2.0;2.0;2001.0;5.0;1.0;0.0;;;0;;;2.0;7.0;0.0;2.0;4.0;2.0;1.0;;26;5;2019;02:00;3.0;77;77294;1;1.0;1.0;2.0;A104;48,9601400;2,6206200;1;104;0.0;;1.0;2;0.0;3.0;12;600;2.0;;;2.0;0.0;1.0;90.0;Seine-et-Marne;11;Île-de-France
201900002876;138Â 301Â 110;B01;1.0;1;1.0;1.0;1981.0;5.0;1.0;0.0;;;0;;;1.0;7.0;4.0;2.0;1.0;1.0;1.0;;24;5;2019;21:25;2.0;77;77181;1;1.0;1.0;2.0;A4;48,8307778;2,6904394;1;4;0.0;;;3;0.0;1.0;23;299;1.0;;;1.0;0.0;1.0;110.0;Seine-et-Marne;11;Île-de-France
201900002876;138Â 301Â 111;A01;1.0;1;2.0;1.0;1987.0;5.0;1.0;0.0;;;0;;;1.0;7.0;0.0;2.0;4.0;0.0;1.0;;24;5;2019;21:25;2.0;77;77181;1;1.0;1.0;2.0;A4;48,8307778;2,6904394;1;4;0.0;;;3;0.0;1.0;23;299;1.0;;;1.0;0.0;1.0;110.0;Seine-et-Marne;11;Île-de-France
201900002877;138Â 301Â 108;B01;1.0;1;1.0;1.0;1954.0;5.0;1.0;8.0;;; -1;;;2.0;7.0;0.0;2.0;3.0;1.0;1.0;;24;5;2019;17:10;1.0;93;93051;1;1.0;1.0;6.0;A4;48,8351600;2,5708700;1;4;0.0;;3.0;3;0.0;1.0;14;399;1.0;;;1.0;0.0;1.0;110.0;Seine-Saint-Denis;11;Île-de-France
201900002877;138Â 301Â 109;A01;1.0;1;3.0;1.0;1981.0;5.0;1.0;8.0;;; -1;;;2.0;7.0;4.0;2.0;5.0;1.0;1.0;;24;5;2019;17:10;1.0;93;93051;1;1.0;1.0;6.0;A4;48,8351600;2,5708700;1;4;0.0;;3.0;3;0.0;1.0;14;399;1.0;;;1.0;0.0;1.0;110.0;Seine-Saint-Denis;11;Île-de-France
201900002878;138Â 301Â 106;B01;1.0;1;1.0;1.0;1958.0;5.0;1.0;0.0;;;0;;;1.0;7.0;0.0;2.0;4.0;2.0;1.0;;24;5;2019;16:30;1.0;94;94073;1;1.0;1.0;2.0;A86 INT;48,7704951;2,3833269;1;86;0.0;INT;3.0;3;0.0;1.0;46;200;1.0;;;1.0;0.0;1.0;90.0;Val-de-Marne;11;Île-de-France
201900002878;138Â 301Â 107;A01;1.0;1;2.0;2.0;1983.0;1.0;1.0;8.0;;;0;;;1.0;7.0;0.0;2.0;1.0;1.0;1.0;;24;5;2019;16:30;1.0;94;94073;1;1.0;1.0;2.0;A86 INT;48,7704951;2,3833269;1;86;0.0;INT;3.0;3;0.0;1.0;46;200;1.0;;;1.0;0.0;1.0;90.0;Val-de-Marne;11;Île-de-France
201900002879;138Â 301Â 104;B01;1.0;1;1.0;1.0;1978.0;4.0;1.0;8.0;;0.0;0;;;1.0;10.0;0.0;2.0;2.0;11.0;1.0;;24;5;2019;15:55;1.0;75;75112;1;1.0;1.0;3.0;A4;48,8261010;2,4654600;1;4;0.0;;3.0;4;0.0;1.0;6;600;1.0;;;1.0;0.0;1.0;90.0;Paris;11;Île-de-France
201900002879;138Â 301Â 105;A01;1.0;1;2.0;1.0;1972.0;1.0;2.0;6.0;;0.0;0;;;1.0;33.0;0.0;2.0;1.0;3.0;1.0;;24;5;2019;15:55;1.0;75;75112;1;1.0;1.0;3.0;A4;48,8261010;2,4654600;1;4;0.0;;3.0;4;0.0;1.0;6;600;1.0;;;1.0;0.0;1.0;90.0;Paris;11;Île-de-France
201900002880;138Â 301Â 102;A01;1.0;1;3.0;1.0;1958.0;1.0;2.0;8.0;;; -1;;;1.0;33.0;0.0;2.0;3.0;3.0;1.0;;24;5;2019;14:30;1.0;94;94018;1;1.0;1.0;3.0;A4;48,8214000;2,4120000;1;4;0.0;;3.0;5;0.0;1.0;0;500;1.0;;;1.0;0.0;1.0;90.0;Val-de-Marne;11;Île-de-France
201900002880;138Â 301Â 103;B01;1.0;1;1.0;1.0;1990.0;1.0;1.0;8.0;;;0;;;1.0;7.0;0.0;2.0;5.0;1.0;1.0;;24;5;2019;14:30;1.0;94;94018;1;1.0;1.0;3.0;A4;48,8214000;2,4120000;1;4;0.0;;3.0;5;0.0;1.0;0;500;1.0;;;1.0;0.0;1.0;90.0;Val-de-Marne;11;Île-de-France
201900002881;138Â 301Â 100;B01;1.0;1;1.0;1.0;1982.0;4.0;1.0;0.0;;; -1;;;1.0;14.0;0.0;2.0;1.0;2.0;1.0;;24;5;2019;10:15;1.0;94;94052;1;1.0;1.0;2.0;A86 INT;48,8451048;2,4920793;1;86;0.0;INT;3.0;2;0.0;1.0;30;600;1.0;;;1.0;1.0;1.0;70.0;Val-de-Marne;11;Île-de-France
201900002881;138Â 301Â 101;A01;2.0;2;2.0;1.0;1943.0;5.0;1.0;0.0;;;0;;;1.0;7.0;0.0;2.0;4.0;2.0;1.0;;24;5;2019;10:15;1.0;94;94052;1;1.0;1.0;2.0;A86 INT;48,8451048;2,4920793;1;86;0.0;INT;3.0;2;0.0;1.0;30;600;1.0;;;1.0;1.0;1.0;70.0;Val-de-Marne;11;Île-de-France
201900002881;138Â 301Â 101;A01;1.0;1;2.0;2.0;1975.0;5.0;1.0;0.0;;;0;;;1.0;7.0;0.0;2.0;4.0;2.0;1.0;;24;5;2019;10:15;1.0;94;94052;1;1.0;1.0;2.0;A86 INT;48,8451048;2,4920793;1;86;0.0;INT;3.0;2;0.0;1.0;30;600;1.0;;;1.0;1.0;1.0;70.0;Val-de-Marne;11;Île-de-France
201900002881;138Â 301Â 101;A01;2.0;2;2.0;1.0;1976.0;5.0;1.0;0.0;;;0;;;1.0;7.0;0.0;2.0;4.0;2.0;1.0;;24;5;2019;10:15;1.0;94;94052;1;1.0;1.0;2.0;A86 INT;48,8451048;2,4920793;1;86;0.0;INT;3.0;2;0.0;1.0;30;600;1.0;;;1.0;1.0;1.0;70.0;Val-de-Marne;11;Île-de-France
201900002881;138Â 301Â 101;A01;2.0;2;2.0;2.0;1957.0;5.0;1.0;0.0;;;0;;;1.0;7.0;0.0;2.0;4.0;2.0;1.0;;24;5;2019;10:15;1.0;94;94052;1;1.0;1.0;2.0;A86 INT;48,8451048;2,4920793;1;86;0.0;INT;3.0;2;0.0;1.0;30;600;1.0;;;1.0;1.0;1.0;70.0;Val-de-Marne;11;Île-de-France
201900002881;138Â 301Â 101;A01;2.0;2;1.0;2.0;2016.0;5.0;3.0;0.0;;;0;;;1.0;7.0;0.0;2.0;4.0;2.0;1.0;;24;5;2019;10:15;1.0;94;94052;1;1.0;1.0;2.0;A86 INT;48,8451048;2,4920793;1;86;0.0;INT;3.0;2;0.0;1.0;30;600;1.0;;;1.0;1.0;1.0;70.0;Val-de-Marne;11;Île-de-France
201900002882;138Â 301Â 098;B01;1.0;1;1.0;1.0;1975.0;1.0;1.0;8.0;;; -1;;;1.0;10.0;0.0;2.0;3.0;21.0;1.0;;24;5;2019;05:00;3.0;93;93051;1;1.0;1.0;3.0;A4;48,8356830;2,5644820;1;4;0.0;;3.0;8;0.0;1.0;14;0;1.0;;;1.0;0.0;1.0;110.0;Seine-Saint-Denis;11;Île-de-France
201900002882;138Â 301Â 099;A01;1.0;1;2.0;1.0;1994.0;5.0;1.0;8.0;;; -1;;;1.0;7.0;4.0;0.0;8.0;13.0;1.0;;24;5;2019;05:00;3.0;93;93051;1;1.0;1.0;3.0;A4;48,8356830;2,5644820;1;4;0.0;;3.0;8;0.0;1.0;14;0;1.0;;;1.0;0.0;1.0;110.0;Seine-Saint-Denis;11;Île-de-France
201900002883;138Â 301Â 096;A01;1.0;1;1.0;1.0;1998.0;1.0;1.0;4.0;;; -1;;;1.0;7.0;0.0;2.0;7.0;12.0;1.0;;23;5;2019;17:50;1.0;94;94018;1;1.0;1.0;3.0;A4;48,8184600;2,4090800;1;4;0.0;;3.0;10;0.0;1.0;1;500;1.0;;;1.0;0.0;1.0;110.0;Val-de-Marne;11;Île-de-France
201900002883;138Â 301Â 097;B01;1.0;1;2.0;1.0;1999.0;5.0;2.0;6.0;;;0;;;1.0;31.0;0.0;2.0;1.0;3.0;1.0;;23;5;2019;17:50;1.0;94;94018;1;1.0;1.0;3.0;A4;48,8184600;2,4090800;1;4;0.0;;3.0;10;0.0;1.0;1;500;1.0;;;1.0;0.0;1.0;110.0;Val-de-Marne;11;Île-de-France
201900002884;138Â 301Â 091;C01;1.0;1;1.0;2.0;1994.0;5.0;1.0;8.0;;; -1;;;1.0;7.0;0.0;2.0;4.0;1.0;1.0;;22;5;2019;23:30;4.0;94;94042;1;1.0;1.0;4.0;A4;48,8290000;2,4698000;1;4;0.0;;3.0;4;0.0;1.0;6;599;1.0;;;1.0;0.0;1.0;90.0;Val-de-Marne;11;Île-de-France
201900002884;138Â 301Â 092;B01;1.0;1;2.0;1.0;1955.0;5.0;1.0;8.0;;; -1;;;1.0;10.0;0.0;2.0;4.0;1.0;1.0;;22;5;2019;23:30;4.0;94;94042;1;1.0;1.0;4.0;A4;48,8290000;2,4698000;1;4;0.0;;3.0;4;0.0;1.0;6;599;1.0;;;1.0;0.0;1.0;90.0;Val-de-Marne;11;Île-de-France
201900002884;138Â 301Â 093;A01;1.0;1;1.0;2.0;1988.0;5.0;1.0;8.0;;;0;;;1.0;7.0;0.0;1.0;1.0;1.0;1.0;;22;5;2019;23:30;4.0;94;94042;1;1.0;1.0;4.0;A4;48,8290000;2,4698000;1;4;0.0;;3.0;4;0.0;1.0;6;599;1.0;;;1.0;0.0;1.0;90.0;Val-de-Marne;11;Île-de-France
201900002884;138Â 301Â 094;D01;1.0;1;1.0;1.0;1989.0;5.0;1.0;8.0;;; -1;;;1.0;7.0;0.0;1.0;4.0;1.0;1.0;;22;5;2019;23:30;4.0;94;94042;1;1.0;1.0;4.0;A4;48,8290000;2,4698000;1;4;0.0;;3.0;4;0.0;1.0;6;599;1.0;;;1.0;0.0;1.0;90.0;Val-de-Marne;11;Île-de-France
201900002885;138Â 301Â 088;A01;1.0;1;2.0;1.0;1982.0;0.0;2.0;6.0;;; -1;;;2.0;33.0;0.0;2.0;1.0;2.0;1.0;;22;5;2019;10:15;1.0;94;94018;1;1.0;1.0;4.0;A4;48,8202000;2,4027000;1;4;0.0;;3.0;5;0.0;1.0;1;0;1.0;;;1.0;0.0;1.0;90.0;Val-de-Marne;11;Île-de-France
201900002885;138Â 301Â 089;B01;1.0;1;1.0;2.0;1993.0;0.0;1.0;0.0;;; -1;;;2.0;7.0;0.0;2.0;6.0;2.0;1.0;;22;5;2019;10:15;1.0;94;94018;1;1.0;1.0;4.0;A4;48,8202000;2,4027000;1;4;0.0;;3.0;5;0.0;1.0;1;0;1.0;;;1.0;0.0;1.0;90.0;Val-de-Marne;11;Île-de-France
201900002885;138Â 301Â 090;C01;1.0;1;1.0;1.0;1959.0;5.0;1.0;0.0;;;0;;;2.0;7.0;0.0;2.0;7.0;1.0;1.0;;22;5;2019;10:15;1.0;94;94018;1;1.0;1.0;4.0;A4;48,8202000;2,4027000;1;4;0.0;;3.0;5;0.0;1.0;1;0;1.0;;;1.0;0.0;1.0;90.0;Val-de-Marne;11;Île-de-France
201900002886;138Â 301Â 086;B01;1.0;1;1.0;1.0;1992.0;5.0;1.0;0.0;;;0;;;2.0;7.0;0.0;2.0;7.0;1.0;1.0;;21;5;2019;14:20;1.0;77;77058;1;1.0;1.0;3.0;A4;48,8288500;2,7266200;1;4;0.0;;3.0;3;0.0;1.0;25;899;1.0;;;1.0;0.0;1.0;130.0;Seine-et-Marne;11;Île-de-France
201900002886;138Â 301Â 087;A01;1.0;1;2.0;1.0;1999.0;1.0;1.0;0.0;;;0;;;2.0;7.0;0.0;2.0;8.0;11.0;1.0;;21;5;2019;14:20;1.0;77;77058;1;1.0;1.0;3.0;A4;48,8288500;2,7266200;1;4;0.0;;3.0;3;0.0;1.0;25;899;1.0;;;1.0;0.0;1.0;130.0;Seine-et-Marne;11;Île-de-France
201900002887;138Â 301Â 084;B01;1.0;1;1.0;1.0;1935.0;5.0;1.0;4.0;;;0;;;1.0;7.0;0.0;2.0;6.0;2.0;1.0;;21;5;2019;12:15;1.0;94;94022;1;1.0;1.0;2.0;A4;48,7762300;2,4263500;1;86;0.0;INT;3.0;3;0.0;1.0;41;500;1.0;;;1.0;0.0;1.0;90.0;Val-de-Marne;11;Île-de-France
201900002887;138Â 301Â 085;A01;1.0;1;2.0;1.0;1984.0;1.0;2.0;6.0;;;0;;;1.0;31.0;0.0;2.0;2.0;3.0;1.0;;21;5;2019;12:15;1.0;94;94022;1;1.0;1.0;2.0;A4;48,7762300;2,4263500;1;86;0.0;INT;3.0;3;0.0;1.0;41;500;1.0;;;1.0;0.0;1.0;90.0;Val-de-Marne;11;Île-de-France
201900002888;138Â 301Â 082;A01;1.0;1;1.0;2.0;1996.0;1.0;1.0;0.0;;0.0;0;;;1.0;7.0;0.0;2.0;4.0;12.0;1.0;;20;5;2019;18:10;1.0;75;75112;1;1.0;1.0;3.0;A4;48,8194574;2,4589716;1;4;0.0;;;4;0.0;1.0;5;200;1.0;;;1.0;0.0;1.0;90.0;Paris;11;Île-de-France
201900002888;138Â 301Â 083;B01;1.0;1;2.0;1.0;1970.0;0.0;2.0;0.0;;0.0;0;;;1.0;33.0;0.0;2.0;1.0;1.0;1.0;;20;5;2019;18:10;1.0;75;75112;1;1.0;1.0;3.0;A4;48,8194574;2,4589716;1;4;0.0;;;4;0.0;1.0;5;200;1.0;;;1.0;0.0;1.0;90.0;Paris;11;Île-de-France
201900002889;138Â 301Â 079;A01;1.0;1;2.0;1.0;1982.0;5.0;1.0;4.0;;;0;;;2.0;7.0;0.0;2.0;5.0;1.0;1.0;;19;5;2019;12:45;1.0;77;77514;1;1.0;1.0;2.0;A104;48,9520100;2,6286300;1;104;0.0;;3.0;4;0.0;2.0;13;800;1.0;;;1.0;0.0;1.0;90.0;Seine-et-Marne;11;Île-de-France
201900002889;138Â 301Â 080;B01;1.0;1;1.0;1.0;1959.0;5.0;1.0;4.0;;;0;;;2.0;7.0;0.0;2.0;8.0;2.0;1.0;;19;5;2019;12:45;1.0;77;77514;1;1.0;1.0;2.0;A104;48,9520100;2,6286300;1;104;0.0;;3.0;4;0.0;2.0;13;800;1.0;;;1.0;0.0;1.0;90.0;Seine-et-Marne;11;Île-de-France
201900002890;138Â 301Â 077;B01;1.0;1;1.0;2.0;1983.0;1.0;1.0;0.0;;;0;;;1.0;7.0;0.0;2.0;1.0;2.0;1.0;;17;5;2019;16:35;1.0;77;77514;1;1.0;1.0;2.0;A104;48,9415900;2,6282500;1;104;0.0;;1.0;2;0.0;1.0;14;899;1.0;;;1.0;0.0;1.0;90.0;Seine-et-Marne;11;Île-de-France
201900002890;138Â 301Â 078;A01;1.0;1;2.0;2.0;1985.0;1.0;1.0;0.0;;;0;;;1.0;7.0;0.0;2.0;4.0;2.0;1.0;;17;5;2019;16:35;1.0;77;77514;1;1.0;1.0;2.0;A104;48,9415900;2,6282500;1;104;0.0;;1.0;2;0.0;1.0;14;899;1.0;;;1.0;0.0;1.0;90.0;Seine-et-Marne;11;Île-de-France
201900002891;138Â 301Â 075;A01;1.0;1;2.0;1.0;1965.0;4.0;2.0;6.0;;;0;;;1.0;33.0;0.0;2.0;3.0;3.0;1.0;;17;5;2019;17:05;1.0;77;77294;1;1.0;1.0;6.0;A104;48,9631840;2,6132410;1;104;0.0;;;4;0.0;1.0;12;0;1.0;;;1.0;0.0;1.0;90.0;Seine-et-Marne;11;Île-de-France
201900002891;138Â 301Â 075;A01;2.0;2;2.0;1.0;1969.0;4.0;2.0;6.0;;;0;;;1.0;33.0;0.0;2.0;3.0;3.0;1.0;;17;5;2019;17:05;1.0;77;77294;1;1.0;1.0;6.0;A104;48,9631840;2,6132410;1;104;0.0;;;4;0.0;1.0;12;0;1.0;;;1.0;0.0;1.0;90.0;Seine-et-Marne;11;Île-de-France
201900002891;138Â 301Â 076;B01;1.0;1;1.0;1.0;1967.0;1.0;1.0;8.0;;;0;;;1.0;7.0;0.0;2.0;7.0;12.0;1.0;;17;5;2019;17:05;1.0;77;77294;1;1.0;1.0;6.0;A104;48,9631840;2,6132410;1;104;0.0;;;4;0.0;1.0;12;0;1.0;;;1.0;0.0;1.0;90.0;Seine-et-Marne;11;Île-de-France
201900002892;138Â 301Â 073;A01;1.0;1;2.0;1.0;2000.0;5.0;2.0;;;0.0;0;;;3.0;31.0;0.0;2.0;1.0;13.0;1.0;;24;10;2019;10:00;1.0;78;78415;2;1.0;1.0;1.0;Route de Mareil;48,8833570;1,8597400;4;;;;2.0;2;0.0;3.0;(1);(1);2.0;;;2.0;0.0;1.0;50.0;Yvelines;11;Île-de-France
201900002892;138Â 301Â 074;B01;1.0;1;1.0;1.0;1990.0;3.0;1.0;;;0.0;0;;;3.0;7.0;0.0;2.0;1.0;1.0;1.0;;24;10;2019;10:00;1.0;78;78415;2;1.0;1.0;1.0;Route de Mareil;48,8833570;1,8597400;4;;;;2.0;2;0.0;3.0;(1);(1);2.0;;;2.0;0.0;1.0;50.0;Yvelines;11;Île-de-France
201900002893;138Â 301Â 071;B01;1.0;1;1.0;2.0;1969.0;4.0;1.0;;;0.0;0;;;2.0;7.0;0.0;2.0;2.0;1.0;1.0;;23;10;2019;17:45;1.0;21;21699;1;1.0;1.0;1.0;D905;47,2013510;5,3473620;3;905;0.0;;2.0;2;0.0;1.0;110;166;1.0;;;1.0;0.0;1.0;80.0;Côte-d'Or;27;Bourgogne-Franche-Comté
201900002893;138Â 301Â 072;A01;1.0;1;3.0;1.0;1961.0;0.0;1.0;;;0.0;0;;;1.0;3.0;0.0;2.0;1.0;13.0;1.0;;23;10;2019;17:45;1.0;21;21699;1;1.0;1.0;1.0;D905;47,2013510;5,3473620;3;905;0.0;;2.0;2;0.0;1.0;110;166;1.0;;;1.0;0.0;1.0;80.0;Côte-d'Or;27;Bourgogne-Franche-Comté
201900002894;138Â 301Â 068;A01;1.0;1;2.0;2.0;1937.0;5.0;1.0;;;0.0;0;;;3.0;7.0;0.0;4.0;5.0;1.0;0.0;;24;10;2019;17:30;1.0;42;42147;2;8.0;7.0;5.0;4 Avenue Louis Lepine;45,6188960;4,0674620;4;;0.0;;2.0;2;0.0;1.0;(1);(1);1.0;;;1.0;4.0;8.0;50.0;Loire;84;Auvergne-Rhône-Alpes
201900002894;138Â 301Â 068;A01;7.0;2;2.0;1.0;2007.0;5.0;0.0;;;0.0;0;;;3.0;7.0;0.0;4.0;5.0;1.0;0.0;;24;10;2019;17:30;1.0;42;42147;2;8.0;7.0;5.0;4 Avenue Louis Lepine;45,6188960;4,0674620;4;;0.0;;2.0;2;0.0;1.0;(1);(1);1.0;;;1.0;4.0;8.0;50.0;Loire;84;Auvergne-Rhône-Alpes
201900002894;138Â 301Â 069;B01;9.0;2;1.0;1.0;1993.0;0.0;8.0;;;0.0;0;;;3.0;39.0;0.0;2.0;1.0;1.0;0.0;;24;10;2019;17:30;1.0;42;42147;2;8.0;7.0;5.0;4 Avenue Louis Lepine;45,6188960;4,0674620;4;;0.0;;2.0;2;0.0;1.0;(1);(1);1.0;;;1.0;4.0;8.0;50.0;Loire;84;Auvergne-Rhône-Alpes
201900002894;138Â 301Â 069;B01;3.0;2;1.0;1.0;2005.0;0.0;8.0;;;0.0;0;;;3.0;39.0;0.0;2.0;1.0;1.0;0.0;;24;10;2019;17:30;1.0;42;42147;2;8.0;7.0;5.0;4 Avenue Louis Lepine;45,6188960;4,0674620;4;;0.0;;2.0;2;0.0;1.0;(1);(1);1.0;;;1.0;4.0;8.0;50.0;Loire;84;Auvergne-Rhône-Alpes
201900002894;138Â 301Â 069;B01;1.0;1;1.0;1.0;1982.0;4.0;8.0;;;0.0;0;;;3.0;39.0;0.0;2.0;1.0;1.0;0.0;;24;10;2019;17:30;1.0;42;42147;2;8.0;7.0;5.0;4 Avenue Louis Lepine;45,6188960;4,0674620;4;;0.0;;2.0;2;0.0;1.0;(1);(1);1.0;;;1.0;4.0;8.0;50.0;Loire;84;Auvergne-Rhône-Alpes
201900002894;138Â 301Â 069;B01;4.0;2;1.0;2.0;1985.0;0.0;8.0;;;0.0;0;;;3.0;39.0;0.0;2.0;1.0;1.0;0.0;;24;10;2019;17:30;1.0;42;42147;2;8.0;7.0;5.0;4 Avenue Louis Lepine;45,6188960;4,0674620;4;;0.0;;2.0;2;0.0;1.0;(1);(1);1.0;;;1.0;4.0;8.0;50.0;Loire;84;Auvergne-Rhône-Alpes