Num_Acc;id_vehicule;num_veh;place;catu;grav;sexe;an_nais;trajet;secu1;secu2;secu3;locp;actp;etatp;id_usager;senc;catv;obs;obsm;choc;manv;motor;occutc;jour;mois;an;hrmn;lum;dep;com;agg;int;atm;col;adr;lat;long;catr;voie;v1;v2;circ;nbv;vosp;prof;pr;pr1;plan;lartpc;larrout;surf;infra;situ;vma;nom_departement;reg;nom_region
201900002894;138Â 301Â 070;C01;1.0;1;1.0;2.0;1969.0;5.0;8.0;;;0.0;0;;;3.0;7.0;0.0;9.0;1.0;23.0;0.0;;24;10;2019;17:30;1.0;42;42147;2;8.0;7.0;5.0;4 Avenue Louis Lepine;45,6188960;4,0674620;4;;0.0;;2.0;2;0.0;1.0;(1);(1);1.0;;;1.0;4.0;8.0;50.0;Loire;84;Auvergne-Rhône-Alpes
201900002895;138Â 301Â 066;B01;1.0;1;1.0;1.0;1997.0;0.0;1.0;5.0;;0.0;0;;;2.0;7.0;0.0;2.0;2.0;1.0;1.0;;23;10;2019;19:20;5.0;38;38377;2;9.0;3.0;6.0;Avenue de Savoie;45,5735570;5,4780070;3;1516;0.0;;2.0;2;0.0;1.0;3;100;1.0;;;2.0;0.0;1.0;50.0;Isère;84;Auvergne-Rhône-Alpes
201900002895;138Â 301Â 067;A01;1.0;1;2.0;2.0;1981.0;1.0;1.0;5.0;;0.0;0;;;0.0;7.0;0.0;2.0;1.0;26.0;1.0;;23;10;2019;19:20;5.0;38;38377;2;9.0;3.0;6.0;Avenue de Savoie;45,5735570;5,4780070;3;1516;0.0;;2.0;2;0.0;1.0;3;100;1.0;;;2.0;0.0;1.0;50.0;Isère;84;Auvergne-Rhône-Alpes
201900002896;138Â 301Â 065;A01;1.0;1;3.0;1.0;1932.0;5.0;1.0;;;0.0;0;;;1.0;7.0;13.0;0.0;3.0;17.0;1.0;;23;10;2019;14:45;1.0;09;09109;1;1.0;1.0;7.0;RD 14;43,2026040;1,4812700;3;14;;;2.0;2;0.0;4.0;(1);(1);3.0;;;1.0;0.0;3.0;80.0;Ariège;76;Occitanie
201900002897;138Â 301Â 063;A01;1.0;1;3.0;2.0;1950.0;5.0;1.0;;;0.0;0;;;2.0;7.0;0.0;2.0;3.0;19.0;1.0;;10;10;2019;15:30;1.0;33;33436;1;2.0;1.0;3.0;D651 / RD110E6;44,5214570; -0,6268500;3;110E6;0.0;E;2.0;2;0.0;1.0;4;980;1.0;;;1.0;5.0;8.0;80.0;Gironde;75;Nouvelle-Aquitaine
201900002897;138Â 301Â 063;A01;2.0;2;1.0;1.0;1948.0;5.0;1.0;;;0.0;0;;;2.0;7.0;0.0;2.0;3.0;19.0;1.0;;10;10;2019;15:30;1.0;33;33436;1;2.0;1.0;3.0;D651 / RD110E6;44,5214570; -0,6268500;3;110E6;0.0;E;2.0;2;0.0;1.0;4;980;1.0;;;1.0;5.0;8.0;80.0;Gironde;75;Nouvelle-Aquitaine
201900002897;138Â 301Â 064;B01;1.0;1;3.0;1.0;1972.0;5.0;1.0;;;0.0;0;;;1.0;7.0;0.0;2.0;1.0;1.0;4.0;;10;10;2019;15:30;1.0;33;33436;1;2.0;1.0;3.0;D651 / RD110E6;44,5214570; -0,6268500;3;110E6;0.0;E;2.0;2;0.0;1.0;4;980;1.0;;;1.0;5.0;8.0;80.0;Gironde;75;Nouvelle-Aquitaine
201900002898;138Â 301Â 060;A01;1.0;1;1.0;2.0;1950.0;0.0;1.0;;;0.0;0;;;0.0;7.0;0.0;0.0;3.0;15.0;1.0;;23;10;2019;17:58;1.0;49;49301;1;2.0;1.0;6.0;D146;47,1374870; -1,0456560;3;146;0.0;D;2.0;2;0.0;1.0;(1);(1);1.0;;;1.0;0.0;1.0;80.0;Maine-et-Loire;52;Pays de la Loire
201900002898;138Â 301Â 061;B01;1.0;1;2.0;2.0;1974.0;0.0;1.0;;;0.0;0;;;0.0;7.0;0.0;0.0;3.0;1.0;1.0;;23;10;2019;17:58;1.0;49;49301;1;2.0;1.0;6.0;D146;47,1374870; -1,0456560;3;146;0.0;D;2.0;2;0.0;1.0;(1);(1);1.0;;;1.0;0.0;1.0;80.0;Maine-et-Loire;52;Pays de la Loire
201900002898;138Â 301Â 062;C01;1.0;1;1.0;1.0;1969.0;0.0;1.0;;;0.0;0;;;0.0;7.0;0.0;0.0;8.0;23.0;1.0;;23;10;2019;17:58;1.0;49;49301;1;2.0;1.0;6.0;D146;47,1374870; -1,0456560;3;146;0.0;D;2.0;2;0.0;1.0;(1);(1);1.0;;;1.0;0.0;1.0;80.0;Maine-et-Loire;52;Pays de la Loire
201900002898;138Â 301Â 062;C01;2.0;2;1.0;2.0;1970.0;3.0;1.0;;;0.0;0;;;0.0;7.0;0.0;0.0;8.0;23.0;1.0;;23;10;2019;17:58;1.0;49;49301;1;2.0;1.0;6.0;D146;47,1374870; -1,0456560;3;146;0.0;D;2.0;2;0.0;1.0;(1);(1);1.0;;;1.0;0.0;1.0;80.0;Maine-et-Loire;52;Pays de la Loire
201900002899;138Â 301Â 058;A01;1.0;1;1.0;1.0;1972.0;4.0;1.0;;;0.0;0;;;3.0;37.0;0.0;2.0;2.0;1.0;1.0;1.0;25;7;2019;18:30;1.0;29;29103;2;4.0;1.0;3.0;Rue HervÃ© de GuÃ©briant;48,4474450; -4,2700320;4;;0.0;;2.0;2;0.0;1.0;(1);(1);1.0;;;1.0;5.0;5.0;50.0;Finistère;53;Bretagne
201900002899;138Â 301Â 059;B01;1.0;1;2.0;1.0;2003.0;5.0;0.0;;;0.0;0;;;3.0;1.0;0.0;2.0;3.0;11.0;5.0;;25;7;2019;18:30;1.0;29;29103;2;4.0;1.0;3.0;Rue HervÃ© de GuÃ©briant;48,4474450; -4,2700320;4;;0.0;;2.0;2;0.0;1.0;(1);(1);1.0;;;1.0;5.0;5.0;50.0;Finistère;53;Bretagne
201900002900;138Â 301Â 055;A01;1.0;1;2.0;1.0;1993.0;5.0;1.0;;;0.0;0;;;1.0;7.0;0.0;2.0;3.0;13.0;1.0;;1;9;2019;18:45;1.0;35;35076;1;1.0;1.0;5.0;Le PÃ¢tis des Friches;48,0606990; -1,7743460;3;34;;;2.0;2;0.0;2.0;10;500;1.0;;;1.0;0.0;1.0;80.0;Ille-et-Vilaine;53;Bretagne
201900002900;138Â 301Â 056;B01;1.0;1;2.0;2.0;1969.0;5.0;1.0;;;0.0;0;;;2.0;7.0;0.0;2.0;3.0;1.0;6.0;;1;9;2019;18:45;1.0;35;35076;1;1.0;1.0;5.0;Le PÃ¢tis des Friches;48,0606990; -1,7743460;3;34;;;2.0;2;0.0;2.0;10;500;1.0;;;1.0;0.0;1.0;80.0;Ille-et-Vilaine;53;Bretagne
201900002900;138Â 301Â 057;C01;1.0;1;3.0;2.0;1939.0;5.0;1.0;;;0.0;0;;;2.0;7.0;0.0;2.0;1.0;1.0;1.0;;1;9;2019;18:45;1.0;35;35076;1;1.0;1.0;5.0;Le PÃ¢tis des Friches;48,0606990; -1,7743460;3;34;;;2.0;2;0.0;2.0;10;500;1.0;;;1.0;0.0;1.0;80.0;Ille-et-Vilaine;53;Bretagne
201900002901;138Â 301Â 050;B01;1.0;1;2.0;1.0;1979.0;4.0;2.0;;;0.0;0;;;2.0;33.0;0.0;2.0;1.0;1.0;1.0;;23;10;2019;22:00;3.0;60;60695;1;6.0;1.0;3.0;D924;49,1981365;2,5113111;3;924;;;2.0;2;0.0;1.0;1;800;1.0;;;1.0;0.0;1.0;;Oise;32;Hauts-de-France
201900002901;138Â 301Â 051;A01;1.0;1;1.0;2.0;1996.0;5.0;1.0;;;0.0;0;;;2.0;10.0;0.0;2.0;8.0;9.0;1.0;;23;10;2019;22:00;3.0;60;60695;1;6.0;1.0;3.0;D924;49,1981365;2,5113111;3;924;;;2.0;2;0.0;1.0;1;800;1.0;;;1.0;0.0;1.0;;Oise;32;Hauts-de-France
201900002902;138Â 301Â 045;A01;1.0;1;1.0;1.0;1962.0;4.0;0.0;;;0.0;0;;;1.0;16.0;0.0;0.0;1.0;1.0;1.0;;24;10;2019;08:00;2.0;60;60090;1;1.0;1.0;1.0;D53;49,1692465;1,8845686;3;53;;;2.0;2;0.0;1.0;0;750;2.0;;;2.0;0.0;1.0;80.0;Oise;32;Hauts-de-France
201900002902;138Â 301Â 046;B01;1.0;1;3.0;1.0;1998.0;0.0;1.0;;;0.0;0;;;2.0;10.0;0.0;0.0;1.0;17.0;1.0;;24;10;2019;08:00;2.0;60;60090;1;1.0;1.0;1.0;D53;49,1692465;1,8845686;3;53;;;2.0;2;0.0;1.0;0;750;2.0;;;2.0;0.0;1.0;80.0;Oise;32;Hauts-de-France
201900002903;138Â 301Â 042;C01;1.0;1;1.0;1.0;1992.0;4.0;1.0;;;0.0;0;;;1.0;7.0;3.0;2.0;1.0;1.0;1.0;;5;8;2019;13:00;1.0;80;80288;1;1.0;1.0;4.0;Rue Marie Anne;49,8835300;2,8378700;1;1;0.0;A;3.0;4;0.0;1.0;121;900;1.0;;;1.0;0.0;1.0;130.0;Somme;32;Hauts-de-France
201900002903;138Â 301Â 043;B01;7.0;2;1.0;2.0;2016.0;5.0;1.0;3.0;;0.0;0;;;1.0;7.0;0.0;2.0;8.0;11.0;1.0;;5;8;2019;13:00;1.0;80;80288;1;1.0;1.0;4.0;Rue Marie Anne;49,8835300;2,8378700;1;1;0.0;A;3.0;4;0.0;1.0;121;900;1.0;;;1.0;0.0;1.0;130.0;Somme;32;Hauts-de-France
201900002903;138Â 301Â 043;B01;9.0;2;1.0;2.0;2019.0;5.0;1.0;3.0;;0.0;0;;;1.0;7.0;0.0;2.0;8.0;11.0;1.0;;5;8;2019;13:00;1.0;80;80288;1;1.0;1.0;4.0;Rue Marie Anne;49,8835300;2,8378700;1;1;0.0;A;3.0;4;0.0;1.0;121;900;1.0;;;1.0;0.0;1.0;130.0;Somme;32;Hauts-de-France
201900002903;138Â 301Â 043;B01;2.0;2;1.0;2.0;1993.0;5.0;1.0;;;0.0;0;;;1.0;7.0;0.0;2.0;8.0;11.0;1.0;;5;8;2019;13:00;1.0;80;80288;1;1.0;1.0;4.0;Rue Marie Anne;49,8835300;2,8378700;1;1;0.0;A;3.0;4;0.0;1.0;121;900;1.0;;;1.0;0.0;1.0;130.0;Somme;32;Hauts-de-France
201900002903;138Â 301Â 043;B01;1.0;1;1.0;1.0;1989.0;5.0;1.0;;;0.0;0;;;1.0;7.0;0.0;2.0;8.0;11.0;1.0;;5;8;2019;13:00;1.0;80;80288;1;1.0;1.0;4.0;Rue Marie Anne;49,8835300;2,8378700;1;1;0.0;A;3.0;4;0.0;1.0;121;900;1.0;;;1.0;0.0;1.0;130.0;Somme;32;Hauts-de-France
201900002903;138Â 301Â 044;A01;1.0;1;2.0;1.0;1969.0;4.0;1.0;;;0.0;0;;;1.0;7.0;3.0;2.0;4.0;2.0;1.0;;5;8;2019;13:00;1.0;80;80288;1;1.0;1.0;4.0;Rue Marie Anne;49,8835300;2,8378700;1;1;0.0;A;3.0;4;0.0;1.0;121;900;1.0;;;1.0;0.0;1.0;130.0;Somme;32;Hauts-de-France
201900002904;138Â 301Â 040;D01;1.0;1;2.0;1.0;1945.0;;1.0;0.0;0.0;0.0;0;;;1.0;0.0;0.0;2.0;2.0;1.0;;;24;10;2019;16:45;2.0;59;59435;1;2.0;1.0;3.0;CD 549 / CD 127;50,5004259;3,2451595;3;549;;;2.0;;;1.0;(1);(1);1.0;;;1.0;0.0;1.0;;Nord;32;Hauts-de-France
201900002904;138Â 301Â 041;C01;1.0;1;2.0;1.0;1969.0;4.0;1.0;0.0;0.0;0.0;0;;;1.0;10.0;0.0;2.0;1.0;1.0;;;24;10;2019;16:45;2.0;59;59435;1;2.0;1.0;3.0;CD 549 / CD 127;50,5004259;3,2451595;3;549;;;2.0;;;1.0;(1);(1);1.0;;;1.0;0.0;1.0;;Nord;32;Hauts-de-France
201900002905;138Â 301Â 038;A01;1.0;1;1.0;1.0;1997.0;5.0;1.0;;;0.0;0;;;1.0;7.0;0.0;2.0;8.0;9.0;0.0;;22;10;2019;19:35;5.0;59;59249;1;3.0;1.0;3.0;intersection D20 - D42;49,9993610;4,0378450;3;42;;;2.0;2;0.0;1.0;7;700;2.0;;;1.0;0.0;1.0;80.0;Nord;32;Hauts-de-France
201900002905;138Â 301Â 039;B01;1.0;1;2.0;1.0;1996.0;5.0;2.0;6.0;;0.0;0;;;2.0;30.0;0.0;2.0;1.0;1.0;0.0;;22;10;2019;19:35;5.0;59;59249;1;3.0;1.0;3.0;intersection D20 - D42;49,9993610;4,0378450;3;42;;;2.0;2;0.0;1.0;7;700;2.0;;;1.0;0.0;1.0;80.0;Nord;32;Hauts-de-France
201900002906;138Â 301Â 036;A01;1.0;1;1.0;2.0;1990.0;0.0;1.0;0.0;;0.0;0;;;3.0;7.0;0.0;2.0;3.0;2.0;1.0;;15;10;2019;13:10;1.0;38;38087;1;1.0;2.0;2.0;A7   20.110 A 22.950;45,5743500;4,8054600;1;7;0.0;;1.0;1;0.0;1.0;21;600;1.0;;;2.0;3.0;1.0;50.0;Isère;84;Auvergne-Rhône-Alpes
201900002906;138Â 301Â 037;B01;2.0;2;2.0;2.0;1955.0;5.0;1.0;0.0;;; -1;;;3.0;7.0;0.0;2.0;5.0;2.0;1.0;;15;10;2019;13:10;1.0;38;38087;1;1.0;2.0;2.0;A7   20.110 A 22.950;45,5743500;4,8054600;1;7;0.0;;1.0;1;0.0;1.0;21;600;1.0;;;2.0;3.0;1.0;50.0;Isère;84;Auvergne-Rhône-Alpes
201900002906;138Â 301Â 037;B01;1.0;1;2.0;1.0;1953.0;5.0;1.0;0.0;;; -1;;;3.0;7.0;0.0;2.0;5.0;2.0;1.0;;15;10;2019;13:10;1.0;38;38087;1;1.0;2.0;2.0;A7   20.110 A 22.950;45,5743500;4,8054600;1;7;0.0;;1.0;1;0.0;1.0;21;600;1.0;;;2.0;3.0;1.0;50.0;Isère;84;Auvergne-Rhône-Alpes
201900002907;138Â 301Â 034;B01;4.0;2;2.0;2.0;2001.0;5.0;1.0;0.0;;; -1;;;2.0;7.0;0.0;2.0;4.0;2.0;1.0;;20;10;2019;20:35;3.0;42;42044;1;1.0;2.0;2.0;RN88;45,3935440;4,3257590;2;88;0.0;;3.0;4;0.0;1.0;46;0;1.0;;;4.0;0.0;1.0;110.0;Loire;84;Auvergne-Rhône-Alpes
201900002907;138Â 301Â 034;B01;2.0;2;2.0;1.0;2001.0;0.0;1.0;0.0;;; -1;;;2.0;7.0;0.0;2.0;4.0;2.0;1.0;;20;10;2019;20:35;3.0;42;42044;1;1.0;2.0;2.0;RN88;45,3935440;4,3257590;2;88;0.0;;3.0;4;0.0;1.0;46;0;1.0;;;4.0;0.0;1.0;110.0;Loire;84;Auvergne-Rhône-Alpes
201900002907;138Â 301Â 034;B01;3.0;2;2.0;2.0;2001.0;0.0;1.0;8.0;;; -1;;;2.0;7.0;0.0;2.0;4.0;2.0;1.0;;20;10;2019;20:35;3.0;42;42044;1;1.0;2.0;2.0;RN88;45,3935440;4,3257590;2;88;0.0;;3.0;4;0.0;1.0;46;0;1.0;;;4.0;0.0;1.0;110.0;Loire;84;Auvergne-Rhône-Alpes
201900002907;138Â 301Â 034;B01;1.0;1;2.0;1.0;2001.0;5.0;1.0;0.0;;; -1;;;2.0;7.0;0.0;2.0;4.0;2.0;1.0;;20;10;2019;20:35;3.0;42;42044;1;1.0;2.0;2.0;RN88;45,3935440;4,3257590;2;88;0.0;;3.0;4;0.0;1.0;46;0;1.0;;;4.0;0.0;1.0;110.0;Loire;84;Auvergne-Rhône-Alpes
201900002907;138Â 301Â 035;A01;1.0;1;1.0;1.0;1989.0;5.0;1.0;8.0;;; -1;;;2.0;7.0;0.0;2.0;1.0;2.0;6.0;;20;10;2019;20:35;3.0;42;42044;1;1.0;2.0;2.0;RN88;45,3935440;4,3257590;2;88;0.0;;3.0;4;0.0;1.0;46;0;1.0;;;4.0;0.0;1.0;110.0;Loire;84;Auvergne-Rhône-Alpes
201900002908;138Â 301Â 033;A01;1.0;1;2.0;2.0;1981.0;1.0;1.0;0.0;;;0;;;1.0;7.0;6.0;0.0;1.0;16.0;1.0;;20;10;2019;07:00;3.0;67;67482;1;1.0;2.0;7.0;Autoroute A.35;48,5882800;7,7286500;1;35;0.0;;1.0;8;3.0;1.0;301;899;3.0;;;2.0;0.0;1.0;50.0;Bas-Rhin;44;Grand Est
201900002909;138Â 301Â 030;A01;1.0;1;1.0;1.0;1989.0;3.0;1.0;0.0;;0.0;0;;;2.0;7.0;0.0;2.0;2.0;1.0;1.0;;21;10;2019;18:10;2.0;67;67482;1;1.0;2.0;4.0;Autoroute A.35;48,5912154;7,7348325;1;35;0.0;;1.0;2;0.0;1.0;301;200;1.0;;;2.0;0.0;1.0;90.0;Bas-Rhin;44;Grand Est
201900002909;138Â 301Â 031;B01;1.0;1;2.0;2.0;1982.0;3.0;1.0;0.0;;0.0;0;;;2.0;7.0;3.0;2.0;6.0;1.0;1.0;;21;10;2019;18:10;2.0;67;67482;1;1.0;2.0;4.0;Autoroute A.35;48,5912154;7,7348325;1;35;0.0;;1.0;2;0.0;1.0;301;200;1.0;;;2.0;0.0;1.0;90.0;Bas-Rhin;44;Grand Est
201900002909;138Â 301Â 032;C01;1.0;1;2.0;2.0;1986.0;9.0;1.0;0.0;;0.0;0;;;2.0;7.0;0.0;2.0;5.0;1.0;1.0;;21;10;2019;18:10;2.0;67;67482;1;1.0;2.0;4.0;Autoroute A.35;48,5912154;7,7348325;1;35;0.0;;1.0;2;0.0;1.0;301;200;1.0;;;2.0;0.0;1.0;90.0;Bas-Rhin;44;Grand Est
201900002910;138Â 301Â 025;B01;1.0;1;1.0;2.0;1991.0;9.0;1.0;8.0;;;0;;;2.0;7.0;0.0;2.0;9.0;0.0;1.0;;23;10;2019;20:40;5.0;33;33143;1;1.0;3.0;4.0;AUTOROUTE A 10;44,9569500; -0,4502100;1;10;0.0;;3.0;6;0.0;1.0;533;400;1.0;;;2.0;0.0;1.0;130.0;Gironde;75;Nouvelle-Aquitaine
201900002910;138Â 301Â 026;C01;1.0;1;2.0;1.0;1986.0;5.0;1.0;8.0;;;0;;;2.0;7.0;3.0;2.0;9.0;0.0;1.0;;23;10;2019;20:40;5.0;33;33143;1;1.0;3.0;4.0;AUTOROUTE A 10;44,9569500; -0,4502100;1;10;0.0;;3.0;6;0.0;1.0;533;400;1.0;;;2.0;0.0;1.0;130.0;Gironde;75;Nouvelle-Aquitaine
201900002910;138Â 301Â 027;D01;1.0;1;1.0;1.0;1975.0;4.0;1.0;8.0;;;0;;;2.0;17.0;0.0;2.0;8.0;1.0;1.0;;23;10;2019;20:40;5.0;33;33143;1;1.0;3.0;4.0;AUTOROUTE A 10;44,9569500; -0,4502100;1;10;0.0;;3.0;6;0.0;1.0;533;400;1.0;;;2.0;0.0;1.0;130.0;Gironde;75;Nouvelle-Aquitaine
201900002910;138Â 301Â 028;E01;1.0;1;1.0;1.0;1964.0;0.0;1.0;8.0;;;0;;;2.0;10.0;0.0;2.0;4.0;1.0;1.0;;23;10;2019;20:40;5.0;33;33143;1;1.0;3.0;4.0;AUTOROUTE A 10;44,9569500; -0,4502100;1;10;0.0;;3.0;6;0.0;1.0;533;400;1.0;;;2.0;0.0;1.0;130.0;Gironde;75;Nouvelle-Aquitaine
201900002910;138Â 301Â 029;A01;1.0;1;1.0;1.0;1986.0;0.0;1.0;8.0;;; -1;;;2.0;7.0;0.0;2.0;1.0;0.0;1.0;;23;10;2019;20:40;5.0;33;33143;1;1.0;3.0;4.0;AUTOROUTE A 10;44,9569500; -0,4502100;1;10;0.0;;3.0;6;0.0;1.0;533;400;1.0;;;2.0;0.0;1.0;130.0;Gironde;75;Nouvelle-Aquitaine
201900002911;138Â 301Â 024;A01;1.0;1;2.0;1.0;1964.0;1.0;1.0;8.0;;; -1;;;1.0;10.0;4.0;0.0;0.0;0.0;1.0;;23;10;2019;20:40;5.0;33;33143;1;1.0;3.0;6.0;AUTOROUTE A 10;44,9570200; -0,4503900;1;10;0.0;;3.0;6;0.0;2.0;533;400;1.0;;;2.0;2.0;1.0;130.0;Gironde;75;Nouvelle-Aquitaine
201900002912;138Â 301Â 021;A01;1.0;1;1.0;1.0;1974.0;9.0;1.0;0.0;;0.0;0;;;2.0;7.0;0.0;2.0;3.0;11.0;1.0;;23;10;2019;18:30;1.0;91;91064;1;1.0;2.0;4.0;RN 118;48,7488600;2,2150600;2;118;0.0;;3.0;2;0.0;1.0;2;980;1.0;;;2.0;0.0;1.0;90.0;Essonne;11;Île-de-France
201900002912;138Â 301Â 022;B01;1.0;1;2.0;1.0;1960.0;9.0;2.0;6.0;;0.0;0;;;2.0;33.0;0.0;2.0;7.0;3.0;1.0;;23;10;2019;18:30;1.0;91;91064;1;1.0;2.0;4.0;RN 118;48,7488600;2,2150600;2;118;0.0;;3.0;2;0.0;1.0;2;980;1.0;;;2.0;0.0;1.0;90.0;Essonne;11;Île-de-France
201900002912;138Â 301Â 023;C01;1.0;1;1.0;1.0;1980.0;9.0;1.0;0.0;;0.0;0;;;2.0;7.0;0.0;2.0;5.0;1.0;1.0;;23;10;2019;18:30;1.0;91;91064;1;1.0;2.0;4.0;RN 118;48,7488600;2,2150600;2;118;0.0;;3.0;2;0.0;1.0;2;980;1.0;;;2.0;0.0;1.0;90.0;Essonne;11;Île-de-France
201900002913;138Â 301Â 019;B01;1.0;1;2.0;1.0;1986.0;0.0;2.0;0.0;;;0;;;2.0;33.0;0.0;2.0;8.0;3.0;1.0;;23;10;2019;08:15;3.0;92;92002;1;1.0;2.0;3.0;AUTOROUTE A86;48,7614695;2,2972064;1;86;0.0;;3.0;2;0.0;1.0;52;500;1.0;;;1.0;0.0;1.0;90.0;Hauts-de-Seine;11;Île-de-France
201900002913;138Â 301Â 020;A01;1.0;1;1.0;1.0;1957.0;0.0;1.0;0.0;;;0;;;2.0;7.0;0.0;2.0;7.0;12.0;1.0;;23;10;2019;08:15;3.0;92;92002;1;1.0;2.0;3.0;AUTOROUTE A86;48,7614695;2,2972064;1;86;0.0;;3.0;2;0.0;1.0;52;500;1.0;;;1.0;0.0;1.0;90.0;Hauts-de-Seine;11;Île-de-France
201900002914;138Â 301Â 015;D01;1.0;1;2.0;1.0;1992.0;9.0;1.0;0.0;;; -1;;;2.0;99.0;0.0;2.0;1.0;0.0;1.0;;21;10;2019;22:32;3.0;94;94021;1;1.0;1.0;5.0;AUTOROUTE A6B;48,7687000;2,3441000;1;6;0.0;B;1.0;2;0.0;1.0;1;0;2.0;;;1.0;3.0;1.0;70.0;Val-de-Marne;11;Île-de-France
201900002914;138Â 301Â 016;C01;2.0;2;1.0;1.0;1985.0;0.0;1.0;0.0;;; -1;;;2.0;7.0;0.0;2.0;4.0;0.0;2.0;;21;10;2019;22:32;3.0;94;94021;1;1.0;1.0;5.0;AUTOROUTE A6B;48,7687000;2,3441000;1;6;0.0;B;1.0;2;0.0;1.0;1;0;2.0;;;1.0;3.0;1.0;70.0;Val-de-Marne;11;Île-de-France
201900002914;138Â 301Â 016;C01;1.0;1;1.0;1.0;1984.0;0.0;1.0;0.0;;; -1;;;2.0;7.0;0.0;2.0;4.0;0.0;2.0;;21;10;2019;22:32;3.0;94;94021;1;1.0;1.0;5.0;AUTOROUTE A6B;48,7687000;2,3441000;1;6;0.0;B;1.0;2;0.0;1.0;1;0;2.0;;;1.0;3.0;1.0;70.0;Val-de-Marne;11;Île-de-France
201900002914;138Â 301Â 017;B01;1.0;1;2.0;2.0;1991.0;9.0;1.0;0.0;;; -1;;;2.0;7.0;0.0;2.0;4.0;0.0;1.0;;21;10;2019;22:32;3.0;94;94021;1;1.0;1.0;5.0;AUTOROUTE A6B;48,7687000;2,3441000;1;6;0.0;B;1.0;2;0.0;1.0;1;0;2.0;;;1.0;3.0;1.0;70.0;Val-de-Marne;11;Île-de-France
201900002914;138Â 301Â 018;A01;1.0;1;1.0;1.0;1983.0;9.0;1.0;0.0;;;0;;;2.0;7.0;0.0;2.0;1.0;0.0;1.0;;21;10;2019;22:32;3.0;94;94021;1;1.0;1.0;5.0;AUTOROUTE A6B;48,7687000;2,3441000;1;6;0.0;B;1.0;2;0.0;1.0;1;0;2.0;;;1.0;3.0;1.0;70.0;Val-de-Marne;11;Île-de-France
201900002915;138Â 301Â 013;A01;1.0;1;3.0;2.0;1975.0;5.0;1.0;0.0;;; -1;;;1.0;7.0;0.0;2.0;1.0;12.0;1.0;;22;10;2019;19:45;2.0;95;95641;1;1.0;1.0;2.0;AUTOROUTE A1;49,0757800;2,5520700;1;1;0.0;;3.0;8;0.0;1.0;26;700;1.0;;;1.0;0.0;1.0;130.0;Val-d'Oise;11;Île-de-France
201900002915;138Â 301Â 014;B01;1.0;1;2.0;2.0;1976.0;5.0;1.0;0.0;;; -1;;;1.0;7.0;0.0;2.0;4.0;9.0;1.0;;22;10;2019;19:45;2.0;95;95641;1;1.0;1.0;2.0;AUTOROUTE A1;49,0757800;2,5520700;1;1;0.0;;3.0;8;0.0;1.0;26;700;1.0;;;1.0;0.0;1.0;130.0;Val-d'Oise;11;Île-de-France
201900002916;138Â 301Â 010;C01;1.0;1;1.0;1.0;1950.0;0.0;1.0;0.0;;; -1;;;1.0;7.0;0.0;2.0;5.0;1.0;1.0;;22;10;2019;18:30;1.0;93;93053;1;1.0;1.0;5.0;AUTOROUTE A3;48,8808900;2,4528600;1;3;0.0;;3.0;7;0.0;2.0;3;500;1.0;;;1.0;0.0;1.0;90.0;Seine-Saint-Denis;11;Île-de-France
201900002916;138Â 301Â 011;B01;1.0;1;2.0;1.0;1979.0;0.0;2.0;0.0;;; -1;;;1.0;32.0;0.0;2.0;7.0;1.0;1.0;;22;10;2019;18:30;1.0;93;93053;1;1.0;1.0;5.0;AUTOROUTE A3;48,8808900;2,4528600;1;3;0.0;;3.0;7;0.0;2.0;3;500;1.0;;;1.0;0.0;1.0;90.0;Seine-Saint-Denis;11;Île-de-France
201900002916;138Â 301Â 012;A01;1.0;1;1.0;1.0;1987.0;0.0;1.0;0.0;;; -1;;;1.0;7.0;0.0;2.0;3.0;11.0;1.0;;22;10;2019;18:30;1.0;93;93053;1;1.0;1.0;5.0;AUTOROUTE A3;48,8808900;2,4528600;1;3;0.0;;3.0;7;0.0;2.0;3;500;1.0;;;1.0;0.0;1.0;90.0;Seine-Saint-Denis;11;Île-de-France
201900002917;138Â 301Â 008;B01;1.0;1;2.0;1.0;1988.0;1.0;2.0;6.0;;; -1;;;1.0;33.0;0.0;2.0;8.0;3.0;1.0;;22;10;2019;18:50;2.0;93;93064;1;1.0;1.0;3.0;AUTOROUTE A86;48,8767700;2,4776600;1;86;0.0;;3.0;6;0.0;1.0;27;299;1.0;;;1.0;0.0;1.0;90.0;Seine-Saint-Denis;11;Île-de-France
201900002917;138Â 301Â 009;A01;1.0;1;1.0;1.0;1999.0;1.0;1.0;0.0;;; -1;;;1.0;10.0;0.0;2.0;2.0;12.0;1.0;;22;10;2019;18:50;2.0;93;93064;1;1.0;1.0;3.0;AUTOROUTE A86;48,8767700;2,4776600;1;86;0.0;;3.0;6;0.0;1.0;27;299;1.0;;;1.0;0.0;1.0;90.0;Seine-Saint-Denis;11;Île-de-France
201900002918;138Â 301Â 005;A01;1.0;1;1.0;1.0;1990.0;5.0;1.0;0.0;;;0;;;2.0;7.0;0.0;2.0;2.0;12.0;1.0;;22;10;2019;09:15;1.0;95;95582;1;1.0;5.0;5.0;AUTOROUTE A15;48,9707000;2,2490700;1;15;0.0;;3.0;8;0.0;1.0;9;300;1.0;;;1.0;0.0;1.0;110.0;Val-d'Oise;11;Île-de-France
201900002918;138Â 301Â 006;B01;1.0;1;2.0;1.0;1963.0;1.0;2.0;6.0;;;0;;;2.0;33.0;0.0;2.0;1.0;3.0;1.0;;22;10;2019;09:15;1.0;95;95582;1;1.0;5.0;5.0;AUTOROUTE A15;48,9707000;2,2490700;1;15;0.0;;3.0;8;0.0;1.0;9;300;1.0;;;1.0;0.0;1.0;110.0;Val-d'Oise;11;Île-de-France