Num_Acc;id_vehicule;num_veh;place;catu;grav;sexe;an_nais;trajet;secu1;secu2;secu3;locp;actp;etatp;id_usager;senc;catv;obs;obsm;choc;manv;motor;occutc;jour;mois;an;hrmn;lum;dep;com;agg;int;atm;col;adr;lat;long;catr;voie;v1;v2;circ;nbv;vosp;prof;pr;pr1;plan;lartpc;larrout;surf;infra;situ;vma;nom_departement;reg;nom_region
201900002918;138Â 301Â 007;C01;1.0;1;1.0;2.0;1988.0;1.0;1.0;0.0;;;0;;;2.0;7.0;0.0;2.0;4.0;1.0;1.0;;22;10;2019;09:15;1.0;95;95582;1;1.0;5.0;5.0;AUTOROUTE A15;48,9707000;2,2490700;1;15;0.0;;3.0;8;0.0;1.0;9;300;1.0;;;1.0;0.0;1.0;110.0;Val-d'Oise;11;Île-de-France
201900002919;138Â 301Â 003;B01;1.0;1;2.0;1.0;1974.0;0.0;1.0;0.0;;; -1;;;2.0;7.0;0.0;2.0;8.0;1.0;3.0;;22;10;2019;07:50;2.0;93;93013;1;1.0;5.0;3.0;AUTOROUTE A1;48,9424000;2,4311700;1;1;0.0;;3.0;8;0.0;1.0;8;699;1.0;;;1.0;0.0;1.0;110.0;Seine-Saint-Denis;11;Île-de-France
201900002919;138Â 301Â 004;A01;1.0;1;1.0;1.0;1962.0;4.0;1.0;4.0;;; -1;;;2.0;17.0;0.0;2.0;2.0;12.0;1.0;;22;10;2019;07:50;2.0;93;93013;1;1.0;5.0;3.0;AUTOROUTE A1;48,9424000;2,4311700;1;1;0.0;;3.0;8;0.0;1.0;8;699;1.0;;;1.0;0.0;1.0;110.0;Seine-Saint-Denis;11;Île-de-France
201900002920;138Â 301Â 000;A01;1.0;1;2.0;2.0;1984.0;1.0;1.0;0.0;;; -1;;;1.0;7.0;0.0;2.0;1.0;11.0;1.0;;23;10;2019;19:50;3.0;94;94028;1;1.0;1.0;5.0;A86 INT;48,7700000;2,4400000;1;86;0.0;INT;1.0;4;0.0;1.0;39;0;1.0;;;2.0;0.0;1.0;90.0;Val-de-Marne;11;Île-de-France
201900002920;138Â 301Â 001;B01;1.0;1;1.0;1.0;1977.0;1.0;1.0;0.0;;; -1;;;1.0;7.0;0.0;2.0;4.0;1.0;1.0;;23;10;2019;19:50;3.0;94;94028;1;1.0;1.0;5.0;A86 INT;48,7700000;2,4400000;1;86;0.0;INT;1.0;4;0.0;1.0;39;0;1.0;;;2.0;0.0;1.0;90.0;Val-de-Marne;11;Île-de-France
201900002920;138Â 301Â 002;C01;1.0;1;1.0;1.0;1963.0;5.0;1.0;0.0;;; -1;;;1.0;7.0;0.0;2.0;4.0;1.0;1.0;;23;10;2019;19:50;3.0;94;94028;1;1.0;1.0;5.0;A86 INT;48,7700000;2,4400000;1;86;0.0;INT;1.0;4;0.0;1.0;39;0;1.0;;;2.0;0.0;1.0;90.0;Val-de-Marne;11;Île-de-France
201900002920;138Â 301Â 002;C01;2.0;2;2.0;2.0;1963.0;5.0;1.0;0.0;;; -1;;;1.0;7.0;0.0;2.0;4.0;1.0;1.0;;23;10;2019;19:50;3.0;94;94028;1;1.0;1.0;5.0;A86 INT;48,7700000;2,4400000;1;86;0.0;INT;1.0;4;0.0;1.0;39;0;1.0;;;2.0;0.0;1.0;90.0;Val-de-Marne;11;Île-de-France
201900002921;138Â 300Â 998;A01;1.0;1;1.0;1.0;1976.0;1.0;2.0;6.0;;; -1;;;1.0;33.0;0.0;2.0;8.0;1.0;1.0;;23;10;2019;20:00;5.0;94;94017;1;1.0;1.0;3.0;A4;48,8291000;2,5001300;1;4;0.0;;3.0;4;0.0;1.0;9;0;1.0;;;1.0;1.0;1.0;90.0;Val-de-Marne;11;Île-de-France
201900002921;138Â 300Â 999;B01;1.0;1;2.0;1.0;1991.0;1.0;2.0;6.0;;; -1;;;1.0;33.0;0.0;2.0;7.0;14.0;1.0;;23;10;2019;20:00;5.0;94;94017;1;1.0;1.0;3.0;A4;48,8291000;2,5001300;1;4;0.0;;3.0;4;0.0;1.0;9;0;1.0;;;1.0;1.0;1.0;90.0;Val-de-Marne;11;Île-de-France
201900002922;138Â 300Â 997;A01;1.0;1;4.0;1.0;1952.0;5.0;;;;; -1;;;2.0;7.0;3.0;0.0;3.0;13.0;;;11;5;2019;10:45;1.0;33;33321;1;1.0;1.0;6.0;A10;45,0539200; -0,4538900;1;10;;;3.0;4;;1.0;521;700;1.0;;;1.0;0.0;1.0;130.0;Gironde;75;Nouvelle-Aquitaine
201900002922;138Â 300Â 997;A01;2.0;2;1.0;2.0;1957.0;5.0;;;;; -1;;;2.0;7.0;3.0;0.0;3.0;13.0;;;11;5;2019;10:45;1.0;33;33321;1;1.0;1.0;6.0;A10;45,0539200; -0,4538900;1;10;;;3.0;4;;1.0;521;700;1.0;;;1.0;0.0;1.0;130.0;Gironde;75;Nouvelle-Aquitaine
201900002923;138Â 300Â 996;A01;1.0;1;4.0;1.0;1985.0;5.0;;;;; -1;;;0.0;7.0;0.0;0.0;0.0;4.0;1.0;;9;5;2019;01:00;3.0;33;33348;1;1.0;1.0;7.0;;45,3601900; -0,9943700;9;Chemin de terre;;;;;;1.0;(1);(1);1.0;;;9.0;0.0;8.0;;Gironde;75;Nouvelle-Aquitaine
201900002924;138Â 300Â 995;A01;1.0;1;2.0;1.0;1980.0;5.0;1.0;0.0;;0.0;0;;;1.0;7.0;2.0;0.0;1.0;1.0;1.0;;20;10;2019;06:50;5.0;69;69264;2;1.0;1.0;6.0;JAQUEMAIRE LEON (R);45,9942000;4,7441500;4;JACQUEMAIRE LEON  R;0.0;;2.0;2;0.0;1.0;1;0;3.0;;;1.0;0.0;1.0;50.0;Rhône;84;Auvergne-Rhône-Alpes
201900002925;138Â 300Â 992;A01;1.0;1;1.0;1.0;1990.0;4.0;1.0;0.0;;0.0;0;;;1.0;10.0;0.0;2.0;1.0;1.0;1.0;;21;10;2019;07:40;2.0;69;69013;1;1.0;1.0;4.0;D 306;46,0178000;4,7204000;3;306;0.0;;2.0;2;0.0;2.0;1;0;3.0;;;2.0;2.0;1.0;70.0;Rhône;84;Auvergne-Rhône-Alpes
201900002925;138Â 300Â 993;B01;1.0;1;2.0;1.0;1968.0;5.0;1.0;0.0;;; -1;;;1.0;7.0;0.0;2.0;4.0;1.0;1.0;;21;10;2019;07:40;2.0;69;69013;1;1.0;1.0;4.0;D 306;46,0178000;4,7204000;3;306;0.0;;2.0;2;0.0;2.0;1;0;3.0;;;2.0;2.0;1.0;70.0;Rhône;84;Auvergne-Rhône-Alpes
201900002925;138Â 300Â 994;C01;1.0;1;1.0;1.0;1976.0;4.0;1.0;0.0;;0.0;0;;;1.0;15.0;0.0;0.0;4.0;1.0;1.0;;21;10;2019;07:40;2.0;69;69013;1;1.0;1.0;4.0;D 306;46,0178000;4,7204000;3;306;0.0;;2.0;2;0.0;2.0;1;0;3.0;;;2.0;2.0;1.0;70.0;Rhône;84;Auvergne-Rhône-Alpes
201900002926;138Â 300Â 987;B01;1.0;1;1.0;1.0;1990.0;0.0;1.0;0.0;;0.0; -1;;;0.0;7.0;0.0;1.0;3.0;1.0;1.0;;17;10;2019;14:55;1.0;41;41018;2;1.0;1.0;2.0;MAUNOURY (AVENUE DE MARECHAL);47,6006800;1,3467700;4;MAUNOURY (AVENUE DE MARECHAL);0.0;;2.0;2;0.0;1.0;0;0;1.0;;;1.0;0.0;1.0;50.0;Loir-et-Cher;24;Centre-Val de Loire
201900002926;138Â 300Â 988;A01;1.0;1;2.0;2.0;1964.0;1.0;1.0;0.0;;0.0; -1;;;0.0;7.0;0.0;2.0;2.0;2.0;1.0;;17;10;2019;14:55;1.0;41;41018;2;1.0;1.0;2.0;MAUNOURY (AVENUE DE MARECHAL);47,6006800;1,3467700;4;MAUNOURY (AVENUE DE MARECHAL);0.0;;2.0;2;0.0;1.0;0;0;1.0;;;1.0;0.0;1.0;50.0;Loir-et-Cher;24;Centre-Val de Loire
201900002927;138Â 300Â 986;A01;1.0;1;2.0;1.0;1973.0;0.0;2.0;8.0;;0.0;0;;;2.0;33.0;0.0;0.0;1.0;21.0;1.0;;19;10;2019;19:10;1.0;22;22215;1;1.0;1.0;7.0;RD 712;48,4977400; -2,7709900;3;712;0.0;;3.0;4;0.0;1.0;25;750;1.0;;;1.0;2.0;1.0;90.0;Côtes-d'Armor;53;Bretagne
201900002928;138Â 300Â 984;A01;1.0;1;2.0;1.0;2001.0;1.0;2.0;0.0;;; -1;;;3.0;30.0;0.0;0.0;7.0;1.0;1.0;;20;10;2019;14:20;1.0;10;10357;2;1.0;3.0;7.0;GENERAL DE GAULLE (RUE DU);48,2960500;4,1322400;4;GENERAL DE GAULLE (RUE DU);0.0;;3.0;0;0.0;1.0;0;0;3.0;;;2.0;0.0;1.0;50.0;Aube;44;Grand Est
201900002929;138Â 300Â 982;A01;1.0;1;2.0;1.0;1992.0;5.0;2.0;8.0;;; -1;;;3.0;2.0;0.0;2.0;7.0;1.0;1.0;;19;10;2019;23:20;5.0;93;93055;2;9.0;2.0;3.0;JEAN JAURES (AVENUE) (76/128);48,9035600;2,3921300;3;932;0.0;;2.0;2;0.0;1.0;0;0;1.0;;;2.0;0.0;1.0;50.0;Seine-Saint-Denis;11;Île-de-France
201900002929;138Â 300Â 983;B01;1.0;1;1.0;1.0;1986.0;5.0;1.0;0.0;;; -1;;;3.0;7.0;0.0;2.0;3.0;1.0;1.0;;19;10;2019;23:20;5.0;93;93055;2;9.0;2.0;3.0;JEAN JAURES (AVENUE) (76/128);48,9035600;2,3921300;3;932;0.0;;2.0;2;0.0;1.0;0;0;1.0;;;2.0;0.0;1.0;50.0;Seine-Saint-Denis;11;Île-de-France
201900002930;138Â 300Â 980;B01;1.0;1;2.0;2.0;1992.0;5.0;2.0;6.0;;;0;;;2.0;34.0;0.0;2.0;1.0;1.0;0.0;;21;10;2019;20:30;5.0;92;92049;2;2.0;1.0;3.0;PERI RUE GABRIEL AUTRES NÂ°/  REPUBLIQUE AVENUE DE LA NÂ°1 A 79;48,8185095;2,3196199;3;50;0.0;;2.0;2;0.0;1.0;92;0;1.0;;;1.0;0.0;1.0;50.0;Hauts-de-Seine;11;Île-de-France
201900002930;138Â 300Â 981;A01;1.0;1;1.0;1.0;1998.0;4.0;1.0;0.0;;;0;;;1.0;7.0;0.0;2.0;2.0;15.0;0.0;;21;10;2019;20:30;5.0;92;92049;2;2.0;1.0;3.0;PERI RUE GABRIEL AUTRES NÂ°/  REPUBLIQUE AVENUE DE LA NÂ°1 A 79;48,8185095;2,3196199;3;50;0.0;;2.0;2;0.0;1.0;92;0;1.0;;;1.0;0.0;1.0;50.0;Hauts-de-Seine;11;Île-de-France
201900002931;138Â 300Â 979;A01;1.0;1;4.0;1.0;1977.0;5.0;0.0;;;0.0;0;;;2.0;34.0;0.0;1.0;1.0;2.0;1.0;;14;7;2019;01:00;4.0;987;98740;2;1.0;1.0;6.0;village de AVATORU; -15,8484720; -148,2511790;9;RT321;0.0;A;2.0;2;0.0;1.0;8;800;1.0;;;1.0;0.0;1.0;50.0;;;
201900002931;138Â 300Â 979;A01;10.0;3;2.0;2.0;1994.0;5.0;0.0;;;5.0;1;2.0;;2.0;34.0;0.0;1.0;1.0;2.0;1.0;;14;7;2019;01:00;4.0;987;98740;2;1.0;1.0;6.0;village de AVATORU; -15,8484720; -148,2511790;9;RT321;0.0;A;2.0;2;0.0;1.0;8;800;1.0;;;1.0;0.0;1.0;50.0;;;
201900002932;138Â 300Â 977;A01;1.0;1;2.0;1.0;1965.0;0.0;2.0;8.0;;;0;;;1.0;33.0;0.0;2.0;1.0;1.0;1.0;;22;10;2019;07:20;1.0;976;97611;2;1.0;1.0;2.0;kaweni-Mangrove ( rue de la ); -12,7758700;45,2258400;2;2;0.0;;2.0;0;0.0;1.0;0;0;1.0;;;1.0;0.0;1.0;50.0;Mayotte;06;Mayotte
201900002932;138Â 300Â 978;B01;1.0;1;1.0;1.0;1986.0;0.0;1.0;8.0;;;0;;;1.0;7.0;0.0;2.0;4.0;1.0;1.0;;22;10;2019;07:20;1.0;976;97611;2;1.0;1.0;2.0;kaweni-Mangrove ( rue de la ); -12,7758700;45,2258400;2;2;0.0;;2.0;0;0.0;1.0;0;0;1.0;;;1.0;0.0;1.0;50.0;Mayotte;06;Mayotte
201900002933;138Â 300Â 976;A01;1.0;1;1.0;1.0;1981.0;0.0;1.0;0.0;;;0;;;2.0;7.0;0.0;1.0;4.0;4.0;1.0;;22;10;2019;10:30;1.0;69;69383;2;1.0;2.0;6.0;GAMBETTA                            (CO);45,7558600;4,8412400;4;GAMBETTA                            (CO);0.0;;2.0;4;3.0;1.0;1;0;1.0;;;2.0;0.0;1.0;50.0;Rhône;84;Auvergne-Rhône-Alpes
201900002933;138Â 300Â 976;A01;10.0;3;2.0;1.0;1949.0;0.0;8.0;0.0;;4.0;3;1.0;;2.0;7.0;0.0;1.0;4.0;4.0;1.0;;22;10;2019;10:30;1.0;69;69383;2;1.0;2.0;6.0;GAMBETTA                            (CO);45,7558600;4,8412400;4;GAMBETTA                            (CO);0.0;;2.0;4;3.0;1.0;1;0;1.0;;;2.0;0.0;1.0;50.0;Rhône;84;Auvergne-Rhône-Alpes
201900002934;138Â 300Â 974;A01;1.0;1;1.0;2.0;1982.0;0.0;8.0;0.0;;; -1;;;2.0;7.0;0.0;2.0;8.0;24.0;0.0;;22;10;2019;15:00;1.0;69;69034;2;1.0;8.0;6.0;PASTEUR                             (R );45,7905100;4,8420100;4;PASTEUR                             (R );0.0;;2.0;2;0.0;1.0;0;0;1.0;;;1.0;0.0;1.0;50.0;Rhône;84;Auvergne-Rhône-Alpes
201900002934;138Â 300Â 975;B01;1.0;1;2.0;1.0;1963.0;0.0;8.0;0.0;;; -1;;;2.0;80.0;1.0;0.0;1.0;1.0;3.0;;22;10;2019;15:00;1.0;69;69034;2;1.0;8.0;6.0;PASTEUR                             (R );45,7905100;4,8420100;4;PASTEUR                             (R );0.0;;2.0;2;0.0;1.0;0;0;1.0;;;1.0;0.0;1.0;50.0;Rhône;84;Auvergne-Rhône-Alpes
201900002935;138Â 300Â 972;A01;1.0;1;2.0;2.0;1951.0;3.0;1.0;8.0;;; -1;;;2.0;7.0;0.0;2.0;1.0;2.0;1.0;;22;10;2019;16:30;1.0;2A;2A004;2;6.0;1.0;2.0;MEZZAVIA ROUTE DE;41,9452500;8,7585700;2;22;0.0;;1.0;2;0.0;4.0;0;0;2.0;;;1.0;0.0;1.0;50.0;Corse-du-Sud;94;Corse
201900002935;138Â 300Â 973;B01;4.0;2;2.0;2.0;2002.0;9.0;1.0;8.0;;; -1;;;2.0;7.0;0.0;2.0;4.0;2.0;1.0;;22;10;2019;16:30;1.0;2A;2A004;2;6.0;1.0;2.0;MEZZAVIA ROUTE DE;41,9452500;8,7585700;2;22;0.0;;1.0;2;0.0;4.0;0;0;2.0;;;1.0;0.0;1.0;50.0;Corse-du-Sud;94;Corse
201900002935;138Â 300Â 973;B01;2.0;2;2.0;1.0;1995.0;0.0;1.0;8.0;;; -1;;;2.0;7.0;0.0;2.0;4.0;2.0;1.0;;22;10;2019;16:30;1.0;2A;2A004;2;6.0;1.0;2.0;MEZZAVIA ROUTE DE;41,9452500;8,7585700;2;22;0.0;;1.0;2;0.0;4.0;0;0;2.0;;;1.0;0.0;1.0;50.0;Corse-du-Sud;94;Corse
201900002935;138Â 300Â 973;B01;1.0;1;2.0;2.0;1964.0;9.0;1.0;8.0;;; -1;;;2.0;7.0;0.0;2.0;4.0;2.0;1.0;;22;10;2019;16:30;1.0;2A;2A004;2;6.0;1.0;2.0;MEZZAVIA ROUTE DE;41,9452500;8,7585700;2;22;0.0;;1.0;2;0.0;4.0;0;0;2.0;;;1.0;0.0;1.0;50.0;Corse-du-Sud;94;Corse
201900002936;138Â 300Â 971;A01;10.0;3;2.0;2.0;1948.0;0.0;8.0;0.0;;4.0;3;1.0;;2.0;7.0;0.0;1.0;1.0;15.0;1.0;;22;10;2019;10:50;1.0;2A;2A004;2;4.0;1.0;6.0;NAPOLEON COURS AVANT BEVERINI;41,9259105;8,7382253;2;21;0.0;;2.0;3;0.0;1.0;(1);(1);1.0;;;1.0;0.0;1.0;50.0;Corse-du-Sud;94;Corse
201900002936;138Â 300Â 971;A01;1.0;1;1.0;2.0;1945.0;0.0;1.0;0.0;;; -1;;;2.0;7.0;0.0;1.0;1.0;15.0;1.0;;22;10;2019;10:50;1.0;2A;2A004;2;4.0;1.0;6.0;NAPOLEON COURS AVANT BEVERINI;41,9259105;8,7382253;2;21;0.0;;2.0;3;0.0;1.0;(1);(1);1.0;;;1.0;0.0;1.0;50.0;Corse-du-Sud;94;Corse
201900002937;138Â 300Â 969;A01;1.0;1;1.0;1.0;2000.0;0.0;8.0;5.0;;0.0;0;;;1.0;7.0;0.0;2.0;7.0;11.0;1.0;;22;10;2019;22:25;5.0;91;91589;2;6.0;1.0;3.0;OUZILLO (AVENUE HENRI);48,6732900;2,3403100;4;OUZILLO (AVENUE HENRI);0.0;;3.0;1;0.0;2.0;0;0;3.0;;;1.0;0.0;1.0;50.0;Essonne;11;Île-de-France
201900002937;138Â 300Â 969;A01;2.0;2;1.0;1.0;2000.0;0.0;8.0;0.0;;0.0;0;;;1.0;7.0;0.0;2.0;7.0;11.0;1.0;;22;10;2019;22:25;5.0;91;91589;2;6.0;1.0;3.0;OUZILLO (AVENUE HENRI);48,6732900;2,3403100;4;OUZILLO (AVENUE HENRI);0.0;;3.0;1;0.0;2.0;0;0;3.0;;;1.0;0.0;1.0;50.0;Essonne;11;Île-de-France
201900002937;138Â 300Â 970;B01;1.0;1;2.0;1.0;1984.0;9.0;8.0;0.0;;0.0;0;;;1.0;7.0;0.0;2.0;1.0;1.0;1.0;;22;10;2019;22:25;5.0;91;91589;2;6.0;1.0;3.0;OUZILLO (AVENUE HENRI);48,6732900;2,3403100;4;OUZILLO (AVENUE HENRI);0.0;;3.0;1;0.0;2.0;0;0;3.0;;;1.0;0.0;1.0;50.0;Essonne;11;Île-de-France
201900002938;138Â 300Â 967;A01;1.0;1;1.0;2.0;1979.0;0.0;8.0;0.0;;0.0;0;;;1.0;7.0;0.0;2.0;1.0;18.0;1.0;;19;10;2019;17:50;1.0;91;91377;2;3.0;1.0;3.0;DE LATTRE DE TASSIGNY (AVENUE DU MARECHA;48,7230400;2,2870700;3;120;0.0;;2.0;5;0.0;1.0;(1);(1);1.0;;;1.0;0.0;1.0;50.0;Essonne;11;Île-de-France
201900002938;138Â 300Â 968;B01;1.0;1;2.0;2.0;1950.0;0.0;8.0;0.0;;0.0;0;;;2.0;10.0;0.0;2.0;7.0;0.0;1.0;;19;10;2019;17:50;1.0;91;91377;2;3.0;1.0;3.0;DE LATTRE DE TASSIGNY (AVENUE DU MARECHA;48,7230400;2,2870700;3;120;0.0;;2.0;5;0.0;1.0;(1);(1);1.0;;;1.0;0.0;1.0;50.0;Essonne;11;Île-de-France
201900002939;138Â 300Â 965;A01;2.0;2;1.0;1.0;1991.0;5.0;1.0;0.0;;0.0;0;;;2.0;7.0;0.0;2.0;3.0;2.0;1.0;;22;10;2019;20:20;5.0;91;91687;2;2.0;1.0;2.0;GENERAL DE GAULLE (AVENUE DU);48,6760000;2,3854000;2;7;0.0;;3.0;0;0.0;1.0;(1);(1);1.0;;;1.0;5.0;3.0;50.0;Essonne;11;Île-de-France
201900002939;138Â 300Â 965;A01;1.0;1;1.0;1.0;1997.0;5.0;1.0;0.0;;; -1;;;2.0;7.0;0.0;2.0;3.0;2.0;1.0;;22;10;2019;20:20;5.0;91;91687;2;2.0;1.0;2.0;GENERAL DE GAULLE (AVENUE DU);48,6760000;2,3854000;2;7;0.0;;3.0;0;0.0;1.0;(1);(1);1.0;;;1.0;5.0;3.0;50.0;Essonne;11;Île-de-France
201900002939;138Â 300Â 966;B01;1.0;1;2.0;1.0;1980.0;5.0;1.0;0.0;;0.0;0;;;2.0;7.0;0.0;2.0;5.0;15.0;1.0;;22;10;2019;20:20;5.0;91;91687;2;2.0;1.0;2.0;GENERAL DE GAULLE (AVENUE DU);48,6760000;2,3854000;2;7;0.0;;3.0;0;0.0;1.0;(1);(1);1.0;;;1.0;5.0;3.0;50.0;Essonne;11;Île-de-France
201900002939;138Â 300Â 966;B01;2.0;2;2.0;1.0;1980.0;5.0;1.0;0.0;;0.0;0;;;2.0;7.0;0.0;2.0;5.0;15.0;1.0;;22;10;2019;20:20;5.0;91;91687;2;2.0;1.0;2.0;GENERAL DE GAULLE (AVENUE DU);48,6760000;2,3854000;2;7;0.0;;3.0;0;0.0;1.0;(1);(1);1.0;;;1.0;5.0;3.0;50.0;Essonne;11;Île-de-France
201900002940;138Â 300Â 961;A01;1.0;1;3.0;1.0;1983.0;1.0;2.0;6.0;;; -1;;;2.0;33.0;16.0;0.0;1.0;1.0;1.0;;22;10;2019;07:45;5.0;91;91347;2;1.0;5.0;7.0;MONTLHERY (ROUTE DE);48,6346700;2,2887300;4;MONTLHERY (ROUTE DE);0.0;;3.0;4;0.0;2.0;0;0;1.0;;;2.0;0.0;1.0;50.0;Essonne;11;Île-de-France
201900002941;138Â 300Â 960;A01;10.0;3;2.0;1.0;1946.0;5.0;0.0;;;3.0;3;2.0;;3.0;7.0;0.0;1.0;1.0;1.0;1.0;;11;10;2019;07:10;2.0;84;84007;2;1.0;1.0;6.0;BOCCACE (avenue);43,9493100;4,8295300;4;BOCCACE (avenue);0.0;;2.0;4;1.0;1.0;0;1;1.0;;;1.0;0.0;1.0;50.0;Vaucluse;93;Provence-Alpes-Côte d'Azur
201900002941;138Â 300Â 960;A01;1.0;1;1.0;2.0;1941.0;5.0;1.0;0.0;;; -1;;;3.0;7.0;0.0;1.0;1.0;1.0;1.0;;11;10;2019;07:10;2.0;84;84007;2;1.0;1.0;6.0;BOCCACE (avenue);43,9493100;4,8295300;4;BOCCACE (avenue);0.0;;2.0;4;1.0;1.0;0;1;1.0;;;1.0;0.0;1.0;50.0;Vaucluse;93;Provence-Alpes-Côte d'Azur
201900002941;138Â 300Â 960;A01;10.0;3;3.0;2.0;1948.0;0.0;0.0;;;3.0;3;2.0;;3.0;7.0;0.0;1.0;1.0;1.0;1.0;;11;10;2019;07:10;2.0;84;84007;2;1.0;1.0;6.0;BOCCACE (avenue);43,9493100;4,8295300;4;BOCCACE (avenue);0.0;;2.0;4;1.0;1.0;0;1;1.0;;;1.0;0.0;1.0;50.0;Vaucluse;93;Provence-Alpes-Côte d'Azur
201900002942;138Â 300Â 957;A01;10.0;3;2.0;2.0;1947.0;9.0;8.0;0.0;;2.0;3;1.0;;1.0;7.0;12.0;1.0;2.0;13.0;1.0;;22;10;2019;18:20;4.0;81;81163;2;1.0;3.0;6.0;BARBEY (EDOUARD);43,4903997;2,3752988;3;118;0.0;;2.0;2;0.0;1.0;42;0;1.0;;;2.0;6.0;1.0;50.0;Tarn;76;Occitanie
201900002942;138Â 300Â 957;A01;1.0;1;1.0;1.0;1970.0;0.0;1.0;0.0;;0.0;0;;;1.0;7.0;12.0;1.0;2.0;13.0;1.0;;22;10;2019;18:20;4.0;81;81163;2;1.0;3.0;6.0;BARBEY (EDOUARD);43,4903997;2,3752988;3;118;0.0;;2.0;2;0.0;1.0;42;0;1.0;;;2.0;6.0;1.0;50.0;Tarn;76;Occitanie
201900002943;138Â 300Â 955;A01;1.0;1;4.0;2.0;1957.0;0.0;1.0;;;0.0;0;;;1.0;7.0;0.0;2.0;1.0;13.0;1.0;;16;8;2019;09:58;1.0;35;35085;1;1.0;1.0;1.0;pk 13 - RD82;48,3756590; -1,7264100;3;82;;;2.0;2;0.0;1.0;13;5;1.0;;;1.0;0.0;1.0;80.0;Ille-et-Vilaine;53;Bretagne
201900002943;138Â 300Â 956;B01;1.0;1;1.0;1.0;1977.0;4.0;1.0;;;0.0;0;;;2.0;14.0;0.0;2.0;1.0;1.0;1.0;;16;8;2019;09:58;1.0;35;35085;1;1.0;1.0;1.0;pk 13 - RD82;48,3756590; -1,7264100;3;82;;;2.0;2;0.0;1.0;13;5;1.0;;;1.0;0.0;1.0;80.0;Ille-et-Vilaine;53;Bretagne
201900002944;138Â 300Â 951;A01;1.0;1;3.0;1.0;1966.0;0.0;2.0;;;0.0;0;;;0.0;33.0;0.0;0.0;8.0;1.0;1.0;;14;8;2019;16:45;1.0;84;84029;1;2.0;1.0;3.0;D43;44,1649790;4,8579220;3;43;0.0;;2.0;2;0.0;1.0;8;630;1.0;;;1.0;8.0;1.0;80.0;Vaucluse;93;Provence-Alpes-Côte d'Azur
201900002944;138Â 300Â 952;B01;1.0;1;1.0;1.0;1942.0;0.0;1.0;;;0.0;0;;;0.0;7.0;0.0;2.0;1.0;19.0;1.0;;14;8;2019;16:45;1.0;84;84029;1;2.0;1.0;3.0;D43;44,1649790;4,8579220;3;43;0.0;;2.0;2;0.0;1.0;8;630;1.0;;;1.0;8.0;1.0;80.0;Vaucluse;93;Provence-Alpes-Côte d'Azur
201900002945;138Â 300Â 948;A01;1.0;1;2.0;1.0;1988.0;0.0;8.0;;;0.0;0;;;2.0;33.0;0.0;0.0;0.0;1.0;1.0;;16;8;2019;14:55;1.0;63;63248;1;1.0;1.0;7.0;D942;45,7342307;2,9292709;3;942;0.0;;2.0;2;0.0;2.0;9;500;2.0;;;1.0;0.0;3.0;50.0;Puy-de-Dôme;84;Auvergne-Rhône-Alpes
201900002946;138Â 300Â 946;B01;1.0;1;1.0;1.0;1970.0;4.0;1.0;;;0.0;0;;;1.0;17.0;0.0;0.0;4.0;2.0;1.0;;15;8;2019;08:30;1.0;52;52258;1;1.0;8.0;2.0;A5 - PK 190+380;48,0890730;4,8410310;1;5;;;3.0;4;0.0;2.0;190;380;1.0;;;1.0;0.0;1.0;130.0;Haute-Marne;44;Grand Est
201900002946;138Â 300Â 947;A01;1.0;1;2.0;2.0;1987.0;5.0;1.0;;;0.0;0;;;1.0;7.0;0.0;2.0;1.0;2.0;1.0;;15;8;2019;08:30;1.0;52;52258;1;1.0;8.0;2.0;A5 - PK 190+380;48,0890730;4,8410310;1;5;;;3.0;4;0.0;2.0;190;380;1.0;;;1.0;0.0;1.0;130.0;Haute-Marne;44;Grand Est
201900002947;138Â 300Â 944;A01;1.0;1;2.0;2.0;1967.0;5.0;8.0;;;0.0;0;;;2.0;7.0;4.0;0.0;1.0;17.0;1.0;;12;8;2019;13:10;1.0;21;21298;1;1.0;1.0;6.0;A6 PK 253+600 sens LYON vers PARIS;47,3274980;4,4841500;1;6;;;3.0;4;0.0;1.0;253;600;1.0;;;1.0;0.0;1.0;130.0;Côte-d'Or;27;Bourgogne-Franche-Comté
201900002947;138Â 300Â 944;A01;7.0;2;2.0;2.0;2000.0;5.0;8.0;;;0.0;0;;;2.0;7.0;4.0;0.0;1.0;17.0;1.0;;12;8;2019;13:10;1.0;21;21298;1;1.0;1.0;6.0;A6 PK 253+600 sens LYON vers PARIS;47,3274980;4,4841500;1;6;;;3.0;4;0.0;1.0;253;600;1.0;;;1.0;0.0;1.0;130.0;Côte-d'Or;27;Bourgogne-Franche-Comté
201900002947;138Â 300Â 944;A01;2.0;2;2.0;1.0;1967.0;5.0;8.0;;;0.0;0;;;2.0;7.0;4.0;0.0;1.0;17.0;1.0;;12;8;2019;13:10;1.0;21;21298;1;1.0;1.0;6.0;A6 PK 253+600 sens LYON vers PARIS;47,3274980;4,4841500;1;6;;;3.0;4;0.0;1.0;253;600;1.0;;;1.0;0.0;1.0;130.0;Côte-d'Or;27;Bourgogne-Franche-Comté