Num_Acc;id_vehicule;num_veh;place;catu;grav;sexe;an_nais;trajet;secu1;secu2;secu3;locp;actp;etatp;id_usager;senc;catv;obs;obsm;choc;manv;motor;occutc;jour;mois;an;hrmn;lum;dep;com;agg;int;atm;col;adr;lat;long;catr;voie;v1;v2;circ;nbv;vosp;prof;pr;pr1;plan;lartpc;larrout;surf;infra;situ;vma;nom_departement;reg;nom_region
201900002948;138Â 300Â 943;A01;1.0;1;1.0;1.0;1946.0;0.0;1.0;0.0;;0.0;0;;;0.0;7.0;0.0;2.0;7.0;17.0;1.0;;18;10;2019;21:00;5.0;80;80256;1;1.0;1.0;3.0;;49,9164500;2,2254400;3;1235;0.0;;2.0;2;0.0;1.0;0;0;1.0;;;1.0;0.0;1.0;80.0;Somme;32;Hauts-de-France
201900002948;138Â 300Â 945;B01;2.0;2;2.0;1.0;2004.0;0.0;2.0;0.0;;; -1;;;0.0;2.0;0.0;2.0;6.0;1.0;1.0;;18;10;2019;21:00;5.0;80;80256;1;1.0;1.0;3.0;;49,9164500;2,2254400;3;1235;0.0;;2.0;2;0.0;1.0;0;0;1.0;;;1.0;0.0;1.0;80.0;Somme;32;Hauts-de-France
201900002948;138Â 300Â 945;B01;1.0;1;2.0;1.0;2001.0;0.0;2.0;0.0;;; -1;;;0.0;2.0;0.0;2.0;6.0;1.0;1.0;;18;10;2019;21:00;5.0;80;80256;1;1.0;1.0;3.0;;49,9164500;2,2254400;3;1235;0.0;;2.0;2;0.0;1.0;0;0;1.0;;;1.0;0.0;1.0;80.0;Somme;32;Hauts-de-France
201900002949;138Â 300Â 940;A01;1.0;1;1.0;1.0;1938.0;9.0;1.0;;;0.0;0;;;2.0;7.0;0.0;9.0;0.0;1.0;1.0;;14;8;2019;09:00;1.0;06;06026;1;1.0;1.0;6.0;Boulevard des 5 Communes/Boulevard Jean Marais;43,6487643;6,8776448;3;13;0.0;;2.0;2;0.0;2.0;6;130;2.0;;;1.0;0.0;1.0;70.0;Alpes-Maritimes;93;Provence-Alpes-Côte d'Azur
201900002949;138Â 300Â 940;A01;2.0;2;1.0;1.0;1972.0;9.0;1.0;;;0.0;0;;;2.0;7.0;0.0;9.0;0.0;1.0;1.0;;14;8;2019;09:00;1.0;06;06026;1;1.0;1.0;6.0;Boulevard des 5 Communes/Boulevard Jean Marais;43,6487643;6,8776448;3;13;0.0;;2.0;2;0.0;2.0;6;130;2.0;;;1.0;0.0;1.0;70.0;Alpes-Maritimes;93;Provence-Alpes-Côte d'Azur
201900002949;138Â 300Â 942;B01;1.0;1;4.0;1.0;1940.0;5.0;2.0;6.0;;0.0;0;;;2.0;80.0;0.0;2.0;8.0;1.0;3.0;;14;8;2019;09:00;1.0;06;06026;1;1.0;1.0;6.0;Boulevard des 5 Communes/Boulevard Jean Marais;43,6487643;6,8776448;3;13;0.0;;2.0;2;0.0;2.0;6;130;2.0;;;1.0;0.0;1.0;70.0;Alpes-Maritimes;93;Provence-Alpes-Côte d'Azur
201900002950;138Â 300Â 937;A01;1.0;1;4.0;1.0;1961.0;5.0;2.0;6.0;;0.0;0;;;2.0;33.0;0.0;2.0;3.0;13.0;1.0;;14;8;2019;18:11;1.0;51;51544;1;1.0;8.0;1.0;RD 977;49,2863066;4,5525896;3;977;0.0;;2.0;2;0.0;1.0;70;800;3.0;;;1.0;0.0;1.0;80.0;Marne;44;Grand Est
201900002950;138Â 300Â 938;B01;1.0;1;1.0;1.0;1967.0;4.0;1.0;;;0.0;0;;;1.0;15.0;0.0;2.0;3.0;14.0;1.0;;14;8;2019;18:11;1.0;51;51544;1;1.0;8.0;1.0;RD 977;49,2863066;4,5525896;3;977;0.0;;2.0;2;0.0;1.0;70;800;3.0;;;1.0;0.0;1.0;80.0;Marne;44;Grand Est
201900002951;138Â 300Â 934;A01;1.0;1;1.0;2.0;1994.0;1.0;1.0;0.0;;0.0;0;;;2.0;7.0;0.0;2.0;1.0;2.0;1.0;;22;10;2019;07:25;3.0;74;74118;1;1.0;8.0;4.0;REIGNIER (ROUTE DE);46,1771700;6,2350900;3;906;0.0;A;2.0;2;0.0;1.0;54;200;1.0;;;2.0;0.0;1.0;50.0;Haute-Savoie;84;Auvergne-Rhône-Alpes
201900002951;138Â 300Â 935;B01;2.0;2;2.0;2.0;1993.0;0.0;1.0;0.0;;0.0;0;;;2.0;7.0;0.0;2.0;4.0;2.0;1.0;;22;10;2019;07:25;3.0;74;74118;1;1.0;8.0;4.0;REIGNIER (ROUTE DE);46,1771700;6,2350900;3;906;0.0;A;2.0;2;0.0;1.0;54;200;1.0;;;2.0;0.0;1.0;50.0;Haute-Savoie;84;Auvergne-Rhône-Alpes
201900002951;138Â 300Â 935;B01;1.0;1;1.0;2.0;1985.0;1.0;1.0;0.0;;0.0;0;;;2.0;7.0;0.0;2.0;4.0;2.0;1.0;;22;10;2019;07:25;3.0;74;74118;1;1.0;8.0;4.0;REIGNIER (ROUTE DE);46,1771700;6,2350900;3;906;0.0;A;2.0;2;0.0;1.0;54;200;1.0;;;2.0;0.0;1.0;50.0;Haute-Savoie;84;Auvergne-Rhône-Alpes
201900002951;138Â 300Â 936;C01;1.0;1;1.0;2.0;1982.0;1.0;1.0;0.0;;0.0;0;;;2.0;7.0;0.0;2.0;4.0;2.0;1.0;;22;10;2019;07:25;3.0;74;74118;1;1.0;8.0;4.0;REIGNIER (ROUTE DE);46,1771700;6,2350900;3;906;0.0;A;2.0;2;0.0;1.0;54;200;1.0;;;2.0;0.0;1.0;50.0;Haute-Savoie;84;Auvergne-Rhône-Alpes
201900002952;138Â 300Â 933;A01;1.0;1;3.0;1.0;1965.0;0.0;1.0;;;0.0;0;;;3.0;7.0;0.0;0.0;0.0;0.0;1.0;;17;8;2019;02:00;3.0;58;58086;1;1.0;1.0;7.0;Route des CarriÃ¨res;47,4297710;2,9756140;4;6;0.0;C;2.0;2;0.0;1.0;(1);(1);3.0;;;1.0;0.0;8.0;80.0;Nièvre;27;Bourgogne-Franche-Comté
201900002952;138Â 300Â 933;A01;9.0;2;3.0;1.0;1993.0;0.0;1.0;;;0.0;0;;;3.0;7.0;0.0;0.0;0.0;0.0;1.0;;17;8;2019;02:00;3.0;58;58086;1;1.0;1.0;7.0;Route des CarriÃ¨res;47,4297710;2,9756140;4;6;0.0;C;2.0;2;0.0;1.0;(1);(1);3.0;;;1.0;0.0;8.0;80.0;Nièvre;27;Bourgogne-Franche-Comté
201900002952;138Â 300Â 933;A01;2.0;2;3.0;1.0;1995.0;0.0;1.0;;;0.0;0;;;3.0;7.0;0.0;0.0;0.0;0.0;1.0;;17;8;2019;02:00;3.0;58;58086;1;1.0;1.0;7.0;Route des CarriÃ¨res;47,4297710;2,9756140;4;6;0.0;C;2.0;2;0.0;1.0;(1);(1);3.0;;;1.0;0.0;8.0;80.0;Nièvre;27;Bourgogne-Franche-Comté
201900002953;138Â 300Â 931;A01;1.0;1;3.0;1.0;1997.0;5.0;2.0;;;0.0;0;;;1.0;31.0;8.0;0.0;1.0;17.0;1.0;;16;8;2019;13:45;1.0;62;62408;1;1.0;1.0;6.0;route de guines;50,8861000;1,8766070;3;127;;;2.0;2;0.0;1.0;50;800;3.0;;;1.0;0.0;4.0;70.0;Pas-de-Calais;32;Hauts-de-France
201900002954;138Â 300Â 932;A01;1.0;1;3.0;1.0;1973.0;5.0;2.0;8.0;;0.0;0;;;2.0;33.0;11.0;0.0;1.0;1.0;1.0;;2;9;2019;23:18;5.0;73;73008;2;6.0;1.0;6.0;GENEVE RUE DE;45,6918263;5,9124376;4;GENEVE RUE DE;0.0;;2.0;2;0.0;1.0;(1);(1);1.0;;;1.0;5.0;1.0;50.0;Savoie;84;Auvergne-Rhône-Alpes
201900002955;138Â 300Â 928;A01;1.0;1;3.0;1.0;1960.0;0.0;1.0;0.0;;; -1;;;3.0;7.0;2.0;0.0;1.0;26.0;1.0;;21;10;2019;23:40;5.0;72;72181;2;1.0;1.0;6.0;ESTIENNE D'ORVES (BD D');47,9817800;0,1893300;4;ESTIENNE D'ORVES (BD D');0.0;;3.0;4;0.0;1.0;0;0;2.0;;;1.0;0.0;1.0;70.0;Sarthe;52;Pays de la Loire
201900002955;138Â 300Â 928;A01;4.0;2;2.0;2.0;2016.0;0.0;3.0;0.0;;; -1;;;3.0;7.0;2.0;0.0;1.0;26.0;1.0;;21;10;2019;23:40;5.0;72;72181;2;1.0;1.0;6.0;ESTIENNE D'ORVES (BD D');47,9817800;0,1893300;4;ESTIENNE D'ORVES (BD D');0.0;;3.0;4;0.0;1.0;0;0;2.0;;;1.0;0.0;1.0;70.0;Sarthe;52;Pays de la Loire
201900002955;138Â 300Â 928;A01;3.0;2;2.0;1.0;1986.0;0.0;1.0;0.0;;; -1;;;3.0;7.0;2.0;0.0;1.0;26.0;1.0;;21;10;2019;23:40;5.0;72;72181;2;1.0;1.0;6.0;ESTIENNE D'ORVES (BD D');47,9817800;0,1893300;4;ESTIENNE D'ORVES (BD D');0.0;;3.0;4;0.0;1.0;0;0;2.0;;;1.0;0.0;1.0;70.0;Sarthe;52;Pays de la Loire
201900002955;138Â 300Â 928;A01;2.0;2;2.0;2.0;1986.0;0.0;1.0;0.0;;; -1;;;3.0;7.0;2.0;0.0;1.0;26.0;1.0;;21;10;2019;23:40;5.0;72;72181;2;1.0;1.0;6.0;ESTIENNE D'ORVES (BD D');47,9817800;0,1893300;4;ESTIENNE D'ORVES (BD D');0.0;;3.0;4;0.0;1.0;0;0;2.0;;;1.0;0.0;1.0;70.0;Sarthe;52;Pays de la Loire
201900002956;138Â 300Â 926;A01;1.0;1;2.0;2.0;1973.0;0.0;1.0;0.0;;0.0;0;;;1.0;7.0;0.0;2.0;2.0;15.0;1.0;;21;10;2019;22:15;5.0;71;71270;2;1.0;1.0;3.0;GAULLE (AVENUE DU GENERAL DE);46,3312600;4,8428400;3;906;0.0;;2.0;5;0.0;1.0;72;519;1.0;;;2.0;0.0;1.0;50.0;Saône-et-Loire;27;Bourgogne-Franche-Comté
201900002956;138Â 300Â 927;B01;1.0;1;2.0;2.0;1952.0;0.0;1.0;0.0;;0.0;0;;;1.0;7.0;0.0;2.0;3.0;1.0;1.0;;21;10;2019;22:15;5.0;71;71270;2;1.0;1.0;3.0;GAULLE (AVENUE DU GENERAL DE);46,3312600;4,8428400;3;906;0.0;;2.0;5;0.0;1.0;72;519;1.0;;;2.0;0.0;1.0;50.0;Saône-et-Loire;27;Bourgogne-Franche-Comté
201900002957;138Â 300Â 922;C01;1.0;1;2.0;1.0;1926.0;1.0;1.0;0.0;;; -1;;;1.0;7.0;0.0;2.0;1.0;1.0;1.0;;21;10;2019;16:45;1.0;71;71153;2;1.0;1.0;5.0;MONTCENIS (ROUTE DE);46,8033700;4,4131100;4;MONTCENIS (ROUTE DE);0.0;;2.0;3;0.0;1.0;0;0;1.0;;;1.0;0.0;1.0;50.0;Saône-et-Loire;27;Bourgogne-Franche-Comté
201900002957;138Â 300Â 924;B01;1.0;1;1.0;2.0;1961.0;1.0;1.0;0.0;;; -1;;;1.0;37.0;0.0;2.0;1.0;1.0;1.0;2.0;21;10;2019;16:45;1.0;71;71153;2;1.0;1.0;5.0;MONTCENIS (ROUTE DE);46,8033700;4,4131100;4;MONTCENIS (ROUTE DE);0.0;;2.0;3;0.0;1.0;0;0;1.0;;;1.0;0.0;1.0;50.0;Saône-et-Loire;27;Bourgogne-Franche-Comté
201900002957;138Â 300Â 924;B01;2.0;2;2.0;2.0;1926.0;5.0;8.0;0.0;;0.0;0;;;1.0;37.0;0.0;2.0;1.0;1.0;1.0;2.0;21;10;2019;16:45;1.0;71;71153;2;1.0;1.0;5.0;MONTCENIS (ROUTE DE);46,8033700;4,4131100;4;MONTCENIS (ROUTE DE);0.0;;2.0;3;0.0;1.0;0;0;1.0;;;1.0;0.0;1.0;50.0;Saône-et-Loire;27;Bourgogne-Franche-Comté
201900002957;138Â 300Â 925;A01;1.0;1;1.0;1.0;1991.0;1.0;1.0;8.0;;; -1;;;2.0;7.0;0.0;2.0;1.0;13.0;1.0;;21;10;2019;16:45;1.0;71;71153;2;1.0;1.0;5.0;MONTCENIS (ROUTE DE);46,8033700;4,4131100;4;MONTCENIS (ROUTE DE);0.0;;2.0;3;0.0;1.0;0;0;1.0;;;1.0;0.0;1.0;50.0;Saône-et-Loire;27;Bourgogne-Franche-Comté
201900002958;138Â 300Â 921;A01;1.0;1;1.0;1.0;1973.0;1.0;1.0;;;0.0;0;;;2.0;7.0;0.0;2.0;2.0;15.0;1.0;;13;8;2019;18:10;1.0;84;84091;1;3.0;1.0;3.0;Le Crepon Sud;44,1638700;4,7751380;2;7;0.0;N;2.0;3;0.0;1.0;20;100;1.0;;;1.0;5.0;1.0;70.0;Vaucluse;93;Provence-Alpes-Côte d'Azur
201900002958;138Â 300Â 923;B01;1.0;1;3.0;1.0;1974.0;5.0;2.0;;;0.0;0;;;1.0;33.0;0.0;2.0;1.0;1.0;1.0;;13;8;2019;18:10;1.0;84;84091;1;3.0;1.0;3.0;Le Crepon Sud;44,1638700;4,7751380;2;7;0.0;N;2.0;3;0.0;1.0;20;100;1.0;;;1.0;5.0;1.0;70.0;Vaucluse;93;Provence-Alpes-Côte d'Azur
201900002959;138Â 300Â 920;A01;10.0;3;2.0;2.0;1953.0;0.0;0.0;0.0;;3.0;3;1.0;;2.0;10.0;0.0;1.0;3.0;15.0;1.0;;22;10;2019;17:25;2.0;69;69275;2;3.0;8.0;6.0;JEAN JAURES                         (AV);45,7709500;4,9627400;7;JEAN JAURES                         (AV);0.0;;2.0;2;1.0;2.0;0;0;1.0;;;2.0;0.0;1.0;50.0;Rhône;84;Auvergne-Rhône-Alpes
201900002959;138Â 300Â 920;A01;1.0;1;1.0;1.0;1981.0;1.0;1.0;0.0;;; -1;;;2.0;10.0;0.0;1.0;3.0;15.0;1.0;;22;10;2019;17:25;2.0;69;69275;2;3.0;8.0;6.0;JEAN JAURES                         (AV);45,7709500;4,9627400;7;JEAN JAURES                         (AV);0.0;;2.0;2;1.0;2.0;0;0;1.0;;;2.0;0.0;1.0;50.0;Rhône;84;Auvergne-Rhône-Alpes
201900002960;138Â 300Â 918;B01;1.0;1;3.0;1.0;1942.0;5.0;2.0;;;0.0;0;;;1.0;1.0;0.0;2.0;1.0;1.0;5.0;;16;8;2019;18:35;1.0;62;62571;1;1.0;1.0;3.0;Route de Berck;50,4350510;1,6093290;3;940;;D;2.0;2;1.0;1.0;14;500;1.0;;;1.0;0.0;5.0;80.0;Pas-de-Calais;32;Hauts-de-France
201900002960;138Â 300Â 919;A01;1.0;1;1.0;2.0;1981.0;5.0;1.0;;;0.0;0;;;2.0;7.0;0.0;2.0;5.0;15.0;1.0;;16;8;2019;18:35;1.0;62;62571;1;1.0;1.0;3.0;Route de Berck;50,4350510;1,6093290;3;940;;D;2.0;2;1.0;1.0;14;500;1.0;;;1.0;0.0;5.0;80.0;Pas-de-Calais;32;Hauts-de-France
201900002961;138Â 300Â 917;A01;10.0;3;2.0;1.0;1942.0;0.0;0.0;0.0;0.0;2.0;3;1.0;;1.0;1.0;0.0;1.0;2.0;17.0;0.0;;22;10;2019;09:35;1.0;69;69266;2;1.0;8.0;6.0;ROGER SALENGRO     (Avenue);45,7785600;4,8798600;4;AVENUE ROGER SALENGRO;0.0;;2.0;0;0.0;1.0;0;0;1.0;;;2.0;0.0;1.0;50.0;Rhône;84;Auvergne-Rhône-Alpes
201900002961;138Â 300Â 917;A01;1.0;1;1.0;2.0;1977.0;0.0;2.0;0.0;;; -1;;;1.0;1.0;0.0;1.0;2.0;17.0;0.0;;22;10;2019;09:35;1.0;69;69266;2;1.0;8.0;6.0;ROGER SALENGRO     (Avenue);45,7785600;4,8798600;4;AVENUE ROGER SALENGRO;0.0;;2.0;0;0.0;1.0;0;0;1.0;;;2.0;0.0;1.0;50.0;Rhône;84;Auvergne-Rhône-Alpes
201900002962;138Â 300Â 915;B01;1.0;1;1.0;1.0;1971.0;4.0;1.0;;;0.0;0;;;1.0;17.0;0.0;2.0;2.0;1.0;1.0;;15;8;2019;17:00;1.0;79;79150;1;2.0;1.0;3.0;RD 948;46,1400890;0,1969390;3;948;0.0;;2.0;2;0.0;1.0;1;700;1.0;;68.0;1.0;0.0;1.0;80.0;Deux-Sèvres;75;Nouvelle-Aquitaine
201900002962;138Â 300Â 916;A01;2.0;2;4.0;2.0;1936.0;5.0;1.0;;;; -1;;;3.0;7.0;0.0;2.0;8.0;19.0;1.0;;15;8;2019;17:00;1.0;79;79150;1;2.0;1.0;3.0;RD 948;46,1400890;0,1969390;3;948;0.0;;2.0;2;0.0;1.0;1;700;1.0;;68.0;1.0;0.0;1.0;80.0;Deux-Sèvres;75;Nouvelle-Aquitaine
201900002962;138Â 300Â 916;A01;1.0;1;4.0;1.0;1931.0;5.0;1.0;;;; -1;;;3.0;7.0;0.0;2.0;8.0;19.0;1.0;;15;8;2019;17:00;1.0;79;79150;1;2.0;1.0;3.0;RD 948;46,1400890;0,1969390;3;948;0.0;;2.0;2;0.0;1.0;1;700;1.0;;68.0;1.0;0.0;1.0;80.0;Deux-Sèvres;75;Nouvelle-Aquitaine
201900002963;138Â 300Â 913;A01;1.0;1;2.0;1.0;1969.0;0.0;1.0;0.0;;0.0;0;;;1.0;7.0;0.0;2.0;1.0;15.0;1.0;;22;10;2019;07:50;2.0;69;69264;2;3.0;2.0;3.0;GRANGE BLAZET;45,9806100;4,7188700;4;RUE DE LA GRANGE BLAZET;0.0;;2.0;2;0.0;1.0;0;0;1.0;;;2.0;0.0;1.0;50.0;Rhône;84;Auvergne-Rhône-Alpes
201900002963;138Â 300Â 914;B01;1.0;1;1.0;1.0;1998.0;0.0;1.0;0.0;;0.0;0;;;1.0;7.0;0.0;2.0;2.0;1.0;1.0;;22;10;2019;07:50;2.0;69;69264;2;3.0;2.0;3.0;GRANGE BLAZET;45,9806100;4,7188700;4;RUE DE LA GRANGE BLAZET;0.0;;2.0;2;0.0;1.0;0;0;1.0;;;2.0;0.0;1.0;50.0;Rhône;84;Auvergne-Rhône-Alpes
201900002963;138Â 300Â 914;B01;2.0;2;2.0;2.0;1999.0;0.0;1.0;0.0;;0.0;0;;;1.0;7.0;0.0;2.0;2.0;1.0;1.0;;22;10;2019;07:50;2.0;69;69264;2;3.0;2.0;3.0;GRANGE BLAZET;45,9806100;4,7188700;4;RUE DE LA GRANGE BLAZET;0.0;;2.0;2;0.0;1.0;0;0;1.0;;;2.0;0.0;1.0;50.0;Rhône;84;Auvergne-Rhône-Alpes
201900002964;138Â 300Â 911;B01;2.0;2;1.0;2.0;1967.0;5.0;1.0;;;0.0;0;;;3.0;7.0;0.0;2.0;3.0;1.0;1.0;;13;8;2019;10:10;1.0;85;85109;2;1.0;1.0;1.0;Route de la GoriandiÃ¨re;46,8746600; -0,9969400;4;;;;2.0;2;0.0;2.0;(1);(1);2.0;;;1.0;0.0;1.0;50.0;Vendée;52;Pays de la Loire
201900002964;138Â 300Â 911;B01;4.0;2;1.0;2.0;1972.0;5.0;1.0;;;0.0;0;;;3.0;7.0;0.0;2.0;3.0;1.0;1.0;;13;8;2019;10:10;1.0;85;85109;2;1.0;1.0;1.0;Route de la GoriandiÃ¨re;46,8746600; -0,9969400;4;;;;2.0;2;0.0;2.0;(1);(1);2.0;;;1.0;0.0;1.0;50.0;Vendée;52;Pays de la Loire
201900002964;138Â 300Â 911;B01;1.0;1;1.0;1.0;1969.0;5.0;1.0;;;0.0;0;;;3.0;7.0;0.0;2.0;3.0;1.0;1.0;;13;8;2019;10:10;1.0;85;85109;2;1.0;1.0;1.0;Route de la GoriandiÃ¨re;46,8746600; -0,9969400;4;;;;2.0;2;0.0;2.0;(1);(1);2.0;;;1.0;0.0;1.0;50.0;Vendée;52;Pays de la Loire
201900002964;138Â 300Â 911;B01;3.0;2;1.0;2.0;1971.0;5.0;1.0;;;0.0;0;;;3.0;7.0;0.0;2.0;3.0;1.0;1.0;;13;8;2019;10:10;1.0;85;85109;2;1.0;1.0;1.0;Route de la GoriandiÃ¨re;46,8746600; -0,9969400;4;;;;2.0;2;0.0;2.0;(1);(1);2.0;;;1.0;0.0;1.0;50.0;Vendée;52;Pays de la Loire
201900002964;138Â 300Â 912;A01;1.0;1;3.0;2.0;1997.0;5.0;1.0;;;0.0;0;;;0.0;7.0;13.0;2.0;1.0;1.0;1.0;;13;8;2019;10:10;1.0;85;85109;2;1.0;1.0;1.0;Route de la GoriandiÃ¨re;46,8746600; -0,9969400;4;;;;2.0;2;0.0;2.0;(1);(1);2.0;;;1.0;0.0;1.0;50.0;Vendée;52;Pays de la Loire
201900002964;138Â 300Â 912;A01;2.0;2;1.0;2.0;1995.0;5.0;1.0;;;0.0;0;;;0.0;7.0;13.0;2.0;1.0;1.0;1.0;;13;8;2019;10:10;1.0;85;85109;2;1.0;1.0;1.0;Route de la GoriandiÃ¨re;46,8746600; -0,9969400;4;;;;2.0;2;0.0;2.0;(1);(1);2.0;;;1.0;0.0;1.0;50.0;Vendée;52;Pays de la Loire
201900002965;138Â 300Â 909;A01;1.0;1;3.0;2.0;1977.0;0.0;8.0;0.0;;;0;;;1.0;80.0;0.0;2.0;6.0;15.0;3.0;;21;10;2019;09:00;1.0;67;67482;2;3.0;2.0;6.0;TILLEULS (RUE DES);48,6080400;7,7818800;4;TILLEULS (RUE DES);0.0;;2.0;2;0.0;2.0;0;0;1.0;;;2.0;0.0;1.0;30.0;Bas-Rhin;44;Grand Est
201900002965;138Â 300Â 909;A01;2.0;2;1.0;1.0;2010.0;0.0;1.0;0.0;;;0;;;1.0;80.0;0.0;2.0;6.0;15.0;3.0;;21;10;2019;09:00;1.0;67;67482;2;3.0;2.0;6.0;TILLEULS (RUE DES);48,6080400;7,7818800;4;TILLEULS (RUE DES);0.0;;2.0;2;0.0;2.0;0;0;1.0;;;2.0;0.0;1.0;30.0;Bas-Rhin;44;Grand Est
201900002966;138Â 300Â 908;A01;3.0;2;3.0;1.0;2002.0;5.0;1.0;;;0.0;0;;;3.0;7.0;6.0;2.0;1.0;1.0;1.0;;16;8;2019;01:35;5.0;67;67405;2;1.0;1.0;6.0;37 rue principale;48,8296440;8,0379860;3;468;;D;2.0;2;1.0;1.0;(1);(1);1.0;;;1.0;0.0;1.0;50.0;Bas-Rhin;44;Grand Est
201900002966;138Â 300Â 908;A01;4.0;2;2.0;1.0;2000.0;5.0;1.0;;;0.0;0;;;3.0;7.0;6.0;2.0;1.0;1.0;1.0;;16;8;2019;01:35;5.0;67;67405;2;1.0;1.0;6.0;37 rue principale;48,8296440;8,0379860;3;468;;D;2.0;2;1.0;1.0;(1);(1);1.0;;;1.0;0.0;1.0;50.0;Bas-Rhin;44;Grand Est
201900002966;138Â 300Â 908;A01;1.0;1;3.0;1.0;2001.0;5.0;1.0;;;0.0;0;;;3.0;7.0;6.0;2.0;1.0;1.0;1.0;;16;8;2019;01:35;5.0;67;67405;2;1.0;1.0;6.0;37 rue principale;48,8296440;8,0379860;3;468;;D;2.0;2;1.0;1.0;(1);(1);1.0;;;1.0;0.0;1.0;50.0;Bas-Rhin;44;Grand Est
201900002966;138Â 300Â 908;A01;2.0;2;2.0;1.0;2002.0;5.0;1.0;;;0.0;0;;;3.0;7.0;6.0;2.0;1.0;1.0;1.0;;16;8;2019;01:35;5.0;67;67405;2;1.0;1.0;6.0;37 rue principale;48,8296440;8,0379860;3;468;;D;2.0;2;1.0;1.0;(1);(1);1.0;;;1.0;0.0;1.0;50.0;Bas-Rhin;44;Grand Est
201900002967;138Â 300Â 907;A01;1.0;1;1.0;1.0;1992.0;2.0;1.0;0.0;;; -1;;;1.0;7.0;0.0;1.0;3.0;1.0;1.0;;21;10;2019;07:50;2.0;67;67482;2;1.0;2.0;6.0;COLMAR (AVENUE DE);48,5612600;7,7515400;4;COLMAR (AVENUE DE);0.0;;2.0;2;2.0;1.0;0;0;1.0;;;2.0;0.0;1.0;50.0;Bas-Rhin;44;Grand Est
201900002967;138Â 300Â 907;A01;10.0;3;2.0;1.0;1999.0;0.0;0.0;0.0;;1.0;5;1.0;;1.0;7.0;0.0;1.0;3.0;1.0;1.0;;21;10;2019;07:50;2.0;67;67482;2;1.0;2.0;6.0;COLMAR (AVENUE DE);48,5612600;7,7515400;4;COLMAR (AVENUE DE);0.0;;2.0;2;2.0;1.0;0;0;1.0;;;2.0;0.0;1.0;50.0;Bas-Rhin;44;Grand Est
201900002968;138Â 300Â 903;A01;1.0;1;1.0;2.0;1927.0;3.0;1.0;;;0.0;0;;;0.0;7.0;0.0;2.0;1.0;19.0;1.0;;14;8;2019;10:15;1.0;71;71054;1;2.0;1.0;3.0;Intersection RD 5 / RD 171;46,9210390;5,0223080;3;5;;;2.0;2;0.0;1.0;(1);(1);1.0;;;1.0;5.0;1.0;70.0;Saône-et-Loire;27;Bourgogne-Franche-Comté
201900002968;138Â 300Â 904;B01;1.0;1;2.0;1.0;1971.0;5.0;2.0;;;0.0;0;;;0.0;33.0;0.0;2.0;1.0;1.0;1.0;;14;8;2019;10:15;1.0;71;71054;1;2.0;1.0;3.0;Intersection RD 5 / RD 171;46,9210390;5,0223080;3;5;;;2.0;2;0.0;1.0;(1);(1);1.0;;;1.0;5.0;1.0;70.0;Saône-et-Loire;27;Bourgogne-Franche-Comté
201900002969;138Â 300Â 902;C01;2.0;2;1.0;1.0;1997.0;9.0;1.0;0.0;;; -1;;;1.0;7.0;0.0;2.0;3.0;2.0;1.0;;21;10;2019;17:30;1.0;66;66136;2;1.0;1.0;5.0;R D 900;42,6784600;2,8717900;4;R D 900;0.0;;2.0;4;0.0;1.0;0;0;1.0;;;1.0;0.0;1.0;90.0;Pyrénées-Orientales;76;Occitanie
201900002969;138Â 300Â 902;C01;1.0;1;2.0;2.0;1995.0;9.0;1.0;0.0;;; -1;;;1.0;7.0;0.0;2.0;3.0;2.0;1.0;;21;10;2019;17:30;1.0;66;66136;2;1.0;1.0;5.0;R D 900;42,6784600;2,8717900;4;R D 900;0.0;;2.0;4;0.0;1.0;0;0;1.0;;;1.0;0.0;1.0;90.0;Pyrénées-Orientales;76;Occitanie
201900002969;138Â 300Â 905;B01;2.0;2;2.0;2.0;1972.0;9.0;1.0;0.0;;; -1;;;1.0;7.0;0.0;2.0;6.0;2.0;1.0;;21;10;2019;17:30;1.0;66;66136;2;1.0;1.0;5.0;R D 900;42,6784600;2,8717900;4;R D 900;0.0;;2.0;4;0.0;1.0;0;0;1.0;;;1.0;0.0;1.0;90.0;Pyrénées-Orientales;76;Occitanie
201900002969;138Â 300Â 905;B01;1.0;1;1.0;1.0;1986.0;9.0;1.0;0.0;;; -1;;;1.0;7.0;0.0;2.0;6.0;2.0;1.0;;21;10;2019;17:30;1.0;66;66136;2;1.0;1.0;5.0;R D 900;42,6784600;2,8717900;4;R D 900;0.0;;2.0;4;0.0;1.0;0;0;1.0;;;1.0;0.0;1.0;90.0;Pyrénées-Orientales;76;Occitanie
201900002969;138Â 300Â 906;A01;1.0;1;2.0;2.0;1987.0;1.0;1.0;0.0;;; -1;;;1.0;7.0;0.0;2.0;1.0;2.0;1.0;;21;10;2019;17:30;1.0;66;66136;2;1.0;1.0;5.0;R D 900;42,6784600;2,8717900;4;R D 900;0.0;;2.0;4;0.0;1.0;0;0;1.0;;;1.0;0.0;1.0;90.0;Pyrénées-Orientales;76;Occitanie