Num_Acc;id_vehicule;num_veh;place;catu;grav;sexe;an_nais;trajet;secu1;secu2;secu3;locp;actp;etatp;id_usager;senc;catv;obs;obsm;choc;manv;motor;occutc;jour;mois;an;hrmn;lum;dep;com;agg;int;atm;col;adr;lat;long;catr;voie;v1;v2;circ;nbv;vosp;prof;pr;pr1;plan;lartpc;larrout;surf;infra;situ;vma;nom_departement;reg;nom_region
201900002970;138Â 300Â 901;A01;10.0;3;2.0;2.0;1954.0;5.0;0.0;;;2.0;3;2.0;;2.0;7.0;0.0;1.0;3.0;1.0;1.0;;16;8;2019;10:45;1.0;2B;2B009;2;1.0;1.0;6.0;310 Avenue Saint-Alexandre Sauli;42,1157640;9,5132720;2;10;;;2.0;2;0.0;1.0;98;20;1.0;;;1.0;0.0;1.0;50.0;Haute-Corse;94;Corse
201900002970;138Â 300Â 901;A01;1.0;1;1.0;1.0;1938.0;5.0;1.0;;;0.0;0;;;2.0;7.0;0.0;1.0;3.0;1.0;1.0;;16;8;2019;10:45;1.0;2B;2B009;2;1.0;1.0;6.0;310 Avenue Saint-Alexandre Sauli;42,1157640;9,5132720;2;10;;;2.0;2;0.0;1.0;98;20;1.0;;;1.0;0.0;1.0;50.0;Haute-Corse;94;Corse
201900002971;138Â 300Â 896;C01;1.0;1;1.0;1.0;1950.0;9.0;1.0;0.0;;; -1;;;1.0;7.0;0.0;2.0;1.0;2.0;1.0;;19;10;2019;18:00;1.0;66;66136;2;1.0;1.0;4.0;DÃ©partementale 914;42,6720100;2,8920000;4;DÃ©partementale 914;0.0;;2.0;2;0.0;1.0;0;0;1.0;;;1.0;0.0;1.0;50.0;Pyrénées-Orientales;76;Occitanie
201900002971;138Â 300Â 898;B01;1.0;1;2.0;1.0;1994.0;9.0;1.0;0.0;;; -1;;;1.0;7.0;0.0;2.0;1.0;2.0;1.0;;19;10;2019;18:00;1.0;66;66136;2;1.0;1.0;4.0;DÃ©partementale 914;42,6720100;2,8920000;4;DÃ©partementale 914;0.0;;2.0;2;0.0;1.0;0;0;1.0;;;1.0;0.0;1.0;50.0;Pyrénées-Orientales;76;Occitanie
201900002971;138Â 300Â 900;A01;1.0;1;1.0;1.0;1985.0;9.0;1.0;0.0;;; -1;;;1.0;7.0;0.0;2.0;1.0;2.0;1.0;;19;10;2019;18:00;1.0;66;66136;2;1.0;1.0;4.0;DÃ©partementale 914;42,6720100;2,8920000;4;DÃ©partementale 914;0.0;;2.0;2;0.0;1.0;0;0;1.0;;;1.0;0.0;1.0;50.0;Pyrénées-Orientales;76;Occitanie
201900002972;138Â 300Â 894;B01;4.0;2;1.0;1.0;2002.0;5.0;1.0;5.0;;0.0;0;;;1.0;7.0;0.0;2.0;2.0;1.0;0.0;;14;8;2019;18:55;1.0;62;62870;1;2.0;3.0;3.0;D303;50,4241330;1,7166180;3;303;0.0;D;2.0;2;0.0;4.0;2;400;1.0;;;2.0;0.0;1.0;80.0;Pas-de-Calais;32;Hauts-de-France
201900002972;138Â 300Â 894;B01;3.0;2;1.0;1.0;2003.0;5.0;1.0;5.0;;0.0;0;;;1.0;7.0;0.0;2.0;2.0;1.0;0.0;;14;8;2019;18:55;1.0;62;62870;1;2.0;3.0;3.0;D303;50,4241330;1,7166180;3;303;0.0;D;2.0;2;0.0;4.0;2;400;1.0;;;2.0;0.0;1.0;80.0;Pas-de-Calais;32;Hauts-de-France
201900002972;138Â 300Â 894;B01;2.0;2;3.0;2.0;1967.0;5.0;1.0;5.0;;0.0;0;;;1.0;7.0;0.0;2.0;2.0;1.0;0.0;;14;8;2019;18:55;1.0;62;62870;1;2.0;3.0;3.0;D303;50,4241330;1,7166180;3;303;0.0;D;2.0;2;0.0;4.0;2;400;1.0;;;2.0;0.0;1.0;80.0;Pas-de-Calais;32;Hauts-de-France
201900002972;138Â 300Â 894;B01;1.0;1;1.0;1.0;2001.0;5.0;1.0;5.0;;0.0;0;;;1.0;7.0;0.0;2.0;2.0;1.0;0.0;;14;8;2019;18:55;1.0;62;62870;1;2.0;3.0;3.0;D303;50,4241330;1,7166180;3;303;0.0;D;2.0;2;0.0;4.0;2;400;1.0;;;2.0;0.0;1.0;80.0;Pas-de-Calais;32;Hauts-de-France
201900002972;138Â 300Â 895;A01;1.0;1;1.0;1.0;1964.0;0.0;1.0;5.0;;0.0;0;;;2.0;7.0;0.0;2.0;7.0;15.0;0.0;;14;8;2019;18:55;1.0;62;62870;1;2.0;3.0;3.0;D303;50,4241330;1,7166180;3;303;0.0;D;2.0;2;0.0;4.0;2;400;1.0;;;2.0;0.0;1.0;80.0;Pas-de-Calais;32;Hauts-de-France
201900002973;138Â 300Â 890;A01;1.0;1;1.0;2.0;1980.0;5.0;1.0;;;; -1;;;1.0;7.0;0.0;2.0;1.0;2.0;1.0;;19;10;2019;17:00;1.0;66;66136;2;1.0;1.0;6.0;64 Av Panchot;42,6917100;2,8829800;4;JULIEN PANCHOT (AVENUE);0.0;;2.0;3;0.0;1.0;0;0;1.0;;;1.0;0.0;1.0;50.0;Pyrénées-Orientales;76;Occitanie
201900002973;138Â 300Â 892;B01;1.0;1;2.0;2.0;1986.0;5.0;1.0;0.0;;; -1;;;1.0;7.0;0.0;2.0;4.0;1.0;1.0;;19;10;2019;17:00;1.0;66;66136;2;1.0;1.0;6.0;64 Av Panchot;42,6917100;2,8829800;4;JULIEN PANCHOT (AVENUE);0.0;;2.0;3;0.0;1.0;0;0;1.0;;;1.0;0.0;1.0;50.0;Pyrénées-Orientales;76;Occitanie
201900002973;138Â 300Â 893;C01;1.0;1;1.0;1.0;1976.0;9.0;1.0;0.0;;; -1;;;1.0;7.0;0.0;2.0;4.0;1.0;1.0;;19;10;2019;17:00;1.0;66;66136;2;1.0;1.0;6.0;64 Av Panchot;42,6917100;2,8829800;4;JULIEN PANCHOT (AVENUE);0.0;;2.0;3;0.0;1.0;0;0;1.0;;;1.0;0.0;1.0;50.0;Pyrénées-Orientales;76;Occitanie
201900002974;138Â 300Â 891;A01;1.0;1;3.0;1.0;1985.0;0.0;2.0;;;0.0;0;;;2.0;33.0;3.0;0.0;1.0;0.0;1.0;;15;8;2019;18:45;1.0;83;83018;1;1.0;1.0;6.0;D2013;43,3484080;6,1762710;3;2013;0.0;D;2.0;2;0.0;1.0;(1);(1);3.0;;;1.0;0.0;3.0;80.0;Var;93;Provence-Alpes-Côte d'Azur
201900002975;138Â 300Â 887;A01;1.0;1;2.0;1.0;1959.0;5.0;2.0;6.0;;0.0;0;;;1.0;33.0;0.0;6.0;1.0;0.0;1.0;;16;6;2019;16:35;1.0;68;68044;1;1.0;1.0;7.0;route departementale 148;48,1827030;7,0911980;3;148;;;;2;0.0;2.0;10;0;1.0;;;1.0;0.0;1.0;80.0;Haut-Rhin;44;Grand Est
201900002976;138Â 300Â 888;A01;1.0;1;2.0;2.0;1994.0;5.0;2.0;6.0;;; -1;;;1.0;30.0;0.0;2.0;1.0;1.0;1.0;;21;10;2019;17:00;1.0;64;64122;2;1.0;1.0;2.0;ESPAGNE (RUE D');43,4765900; -1,5651900;4;ESPAGNE (RUE D');0.0;;;0;0.0;1.0;0;0;1.0;;;1.0;0.0;1.0;30.0;Pyrénées-Atlantiques;75;Nouvelle-Aquitaine
201900002976;138Â 300Â 889;B01;1.0;1;1.0;1.0;1978.0;5.0;1.0;5.0;;0.0;0;;;1.0;7.0;0.0;2.0;4.0;1.0;1.0;;21;10;2019;17:00;1.0;64;64122;2;1.0;1.0;2.0;ESPAGNE (RUE D');43,4765900; -1,5651900;4;ESPAGNE (RUE D');0.0;;;0;0.0;1.0;0;0;1.0;;;1.0;0.0;1.0;30.0;Pyrénées-Atlantiques;75;Nouvelle-Aquitaine
201900002977;138Â 300Â 886;A01;1.0;1;3.0;2.0;1982.0;5.0;2.0;6.0;9.0;0.0;0;;;1.0;33.0;0.0;0.0;2.0;14.0;1.0;;15;8;2019;16:45;1.0;57;57089;1;1.0;1.0;7.0;RD662;49,0331140;7,4771380;3;662;;;2.0;3;0.0;2.0;12;700;2.0;;;1.0;0.0;3.0;70.0;Moselle;44;Grand Est
201900002978;138Â 300Â 883;A01;2.0;2;1.0;2.0;2005.0;5.0;2.0;6.0;;0.0;0;;;0.0;36.0;8.0;0.0;5.0;1.0;1.0;;13;8;2019;17:48;1.0;19;19225;1;1.0;1.0;7.0;Route de Saint-Privat;45,2301270;2,0946600;3;13;0.0;;2.0;2;0.0;1.0;49;160;1.0;;;1.0;0.0;1.0;50.0;Corrèze;75;Nouvelle-Aquitaine
201900002978;138Â 300Â 883;A01;1.0;1;3.0;1.0;1958.0;5.0;2.0;6.0;;0.0;0;;;0.0;36.0;8.0;0.0;5.0;1.0;1.0;;13;8;2019;17:48;1.0;19;19225;1;1.0;1.0;7.0;Route de Saint-Privat;45,2301270;2,0946600;3;13;0.0;;2.0;2;0.0;1.0;49;160;1.0;;;1.0;0.0;1.0;50.0;Corrèze;75;Nouvelle-Aquitaine
201900002979;138Â 300Â 881;A01;1.0;1;3.0;1.0;1970.0;5.0;2.0;6.0;9.0;0.0;0;;;1.0;2.0;0.0;0.0;2.0;1.0;1.0;;16;8;2019;15:25;1.0;56;56200;1;1.0;1.0;7.0;Botrel;47,8380760; -2,3085030;3;776;0.0;;2.0;2;0.0;2.0;16;450;3.0;;;1.0;0.0;3.0;80.0;Morbihan;53;Bretagne
201900002980;138Â 300Â 882;B01;2.0;2;1.0;1.0;1985.0;5.0;1.0;;;0.0;0;;;2.0;7.0;0.0;0.0;2.0;1.0;1.0;;10;6;2019;11:35;1.0;68;68023;1;3.0;2.0;3.0;D3;48,1611140;7,3411650;3;3;0.0;;2.0;2;0.0;1.0;(1);(1);1.0;;;2.0;0.0;1.0;80.0;Haut-Rhin;44;Grand Est
201900002980;138Â 300Â 882;B01;1.0;1;1.0;1.0;1949.0;5.0;1.0;;;0.0;0;;;2.0;7.0;0.0;0.0;2.0;1.0;1.0;;10;6;2019;11:35;1.0;68;68023;1;3.0;2.0;3.0;D3;48,1611140;7,3411650;3;3;0.0;;2.0;2;0.0;1.0;(1);(1);1.0;;;2.0;0.0;1.0;80.0;Haut-Rhin;44;Grand Est
201900002980;138Â 300Â 885;A01;1.0;1;1.0;2.0;1973.0;5.0;1.0;;;0.0;0;;;1.0;7.0;0.0;0.0;3.0;19.0;1.0;;10;6;2019;11:35;1.0;68;68023;1;3.0;2.0;3.0;D3;48,1611140;7,3411650;3;3;0.0;;2.0;2;0.0;1.0;(1);(1);1.0;;;2.0;0.0;1.0;80.0;Haut-Rhin;44;Grand Est
201900002980;138Â 300Â 885;A01;2.0;2;2.0;1.0;2006.0;5.0;1.0;;;0.0;0;;;1.0;7.0;0.0;0.0;3.0;19.0;1.0;;10;6;2019;11:35;1.0;68;68023;1;3.0;2.0;3.0;D3;48,1611140;7,3411650;3;3;0.0;;2.0;2;0.0;1.0;(1);(1);1.0;;;2.0;0.0;1.0;80.0;Haut-Rhin;44;Grand Est
201900002981;138Â 300Â 879;A01;1.0;1;3.0;1.0;2002.0;5.0;0.0;;;0.0;0;;;2.0;50.0;0.0;2.0;1.0;5.0;3.0;;13;8;2019;14:50;1.0;56;56234;2;2.0;1.0;1.0;Rue Georges Clemenceau;47,5204510; -3,1355320;4;Rue G. Clemenceau;;;2.0;2;0.0;1.0;(1);(1);1.0;;;1.0;0.0;1.0;50.0;Morbihan;53;Bretagne
201900002981;138Â 300Â 880;B01;1.0;1;1.0;1.0;1949.0;5.0;1.0;;;0.0;0;;;1.0;7.0;0.0;2.0;1.0;1.0;1.0;;13;8;2019;14:50;1.0;56;56234;2;2.0;1.0;1.0;Rue Georges Clemenceau;47,5204510; -3,1355320;4;Rue G. Clemenceau;;;2.0;2;0.0;1.0;(1);(1);1.0;;;1.0;0.0;1.0;50.0;Morbihan;53;Bretagne
201900002982;138Â 300Â 884;A01;1.0;1;2.0;2.0;1986.0;0.0;1.0;0.0;;;0;;;1.0;7.0;0.0;0.0;2.0;1.0;1.0;;22;10;2019;09:15;1.0;64;64102;2;1.0;8.0;7.0;D'ARROUSETS (RUE);43,4934599; -1,4503472;3;74;0.0;;2.0;2;0.0;2.0;0;0;1.0;;;2.0;0.0;1.0;50.0;Pyrénées-Atlantiques;75;Nouvelle-Aquitaine
201900002983;138Â 300Â 878;A01;1.0;1;3.0;1.0;1964.0;5.0;2.0;6.0;9.0;0.0;0;;;1.0;33.0;0.0;0.0;8.0;15.0;1.0;;9;6;2019;14:00;1.0;68;68249;1;1.0;1.0;7.0;CD11.6 - PK 4.900;48,0822060;7,1620100;3;11.6;;;2.0;2;0.0;1.0;6;0;2.0;;;1.0;0.0;1.0;80.0;Haut-Rhin;44;Grand Est
201900002984;138Â 300Â 873;A01;10.0;3;2.0;2.0;1925.0;0.0;0.0;;;2.0;3;1.0;;3.0;7.0;0.0;1.0;1.0;1.0;;;22;10;2019;11:40;1.0;60;60057;2;1.0;1.0;6.0;GASCOGNE (RUE DE);49,4359700;2,0964300;4;;;;2.0;;;1.0;(1);(1);1.0;;;1.0;0.0;1.0;;Oise;32;Hauts-de-France
201900002984;138Â 300Â 873;A01;1.0;1;1.0;1.0;1939.0;0.0;0.0;;;;0;;;3.0;7.0;0.0;1.0;1.0;1.0;;;22;10;2019;11:40;1.0;60;60057;2;1.0;1.0;6.0;GASCOGNE (RUE DE);49,4359700;2,0964300;4;;;;2.0;;;1.0;(1);(1);1.0;;;1.0;0.0;1.0;;Oise;32;Hauts-de-France
201900002985;138Â 300Â 874;A01;1.0;1;1.0;1.0;1948.0;5.0;1.0;;;0.0;0;;;1.0;7.0;0.0;2.0;3.0;13.0;2.0;;15;8;2019;16:40;1.0;56;56231;1;1.0;1.0;5.0;Lieu-dit Kerboulard;47,6958900; -2,6336900;3;775;0.0;;2.0;2;0.0;1.0;43;800;1.0;;;1.0;0.0;1.0;50.0;Morbihan;53;Bretagne
201900002985;138Â 300Â 875;B01;1.0;1;3.0;1.0;1964.0;5.0;2.0;;;0.0;0;;;2.0;33.0;0.0;2.0;8.0;14.0;0.0;;15;8;2019;16:40;1.0;56;56231;1;1.0;1.0;5.0;Lieu-dit Kerboulard;47,6958900; -2,6336900;3;775;0.0;;2.0;2;0.0;1.0;43;800;1.0;;;1.0;0.0;1.0;50.0;Morbihan;53;Bretagne
201900002985;138Â 300Â 876;C01;1.0;1;1.0;1.0;1991.0;5.0;1.0;;;0.0;0;;;2.0;7.0;0.0;2.0;3.0;1.0;0.0;;15;8;2019;16:40;1.0;56;56231;1;1.0;1.0;5.0;Lieu-dit Kerboulard;47,6958900; -2,6336900;3;775;0.0;;2.0;2;0.0;1.0;43;800;1.0;;;1.0;0.0;1.0;50.0;Morbihan;53;Bretagne
201900002985;138Â 300Â 877;D01;1.0;1;1.0;1.0;1989.0;5.0;1.0;;;0.0;0;;;2.0;7.0;0.0;2.0;3.0;1.0;0.0;;15;8;2019;16:40;1.0;56;56231;1;1.0;1.0;5.0;Lieu-dit Kerboulard;47,6958900; -2,6336900;3;775;0.0;;2.0;2;0.0;1.0;43;800;1.0;;;1.0;0.0;1.0;50.0;Morbihan;53;Bretagne
201900002986;138Â 300Â 872;A01;1.0;1;3.0;2.0;1995.0;4.0;1.0;;;0.0;0;;;2.0;7.0;0.0;0.0;9.0;1.0;1.0;;4;6;2019;10:20;1.0;68;68155;1;1.0;1.0;7.0;D10;48,1138990;7,3054330;3;10;0.0;;2.0;2;0.0;1.0;25;500;1.0;;;1.0;0.0;1.0;80.0;Haut-Rhin;44;Grand Est
201900002987;138Â 300Â 871;A01;1.0;1;3.0;1.0;2002.0;1.0;2.0;;;0.0;0;;;2.0;31.0;0.0;0.0;0.0;15.0;6.0;;13;8;2019;18:49;2.0;59;59089;1;1.0;1.0;7.0;1382 route de volckerinckhoe;50,8584960;2,3175910;3;246;0.0;;2.0;2;0.0;1.0;3;300;2.0;;;1.0;0.0;8.0;80.0;Nord;32;Hauts-de-France
201900002988;138Â 300Â 869;B01;1.0;1;2.0;1.0;2006.0;0.0;8.0;0.0;;; -1;;;3.0;1.0;0.0;2.0;7.0;9.0;5.0;;22;10;2019;11:10;1.0;59;59350;2;9.0;1.0;3.0;DEFRENNE ADOLPHE RUE;50,6495500;2,9866700;4;DEFRENNE ADOLPHE RUE;0.0;;2.0;0;0.0;1.0;0;0;1.0;;;1.0;0.0;1.0;50.0;Nord;32;Hauts-de-France
201900002988;138Â 300Â 870;A01;1.0;1;1.0;1.0;1956.0;0.0;1.0;0.0;;; -1;;;3.0;7.0;0.0;2.0;1.0;26.0;0.0;;22;10;2019;11:10;1.0;59;59350;2;9.0;1.0;3.0;DEFRENNE ADOLPHE RUE;50,6495500;2,9866700;4;DEFRENNE ADOLPHE RUE;0.0;;2.0;0;0.0;1.0;0;0;1.0;;;1.0;0.0;1.0;50.0;Nord;32;Hauts-de-France
201900002989;138Â 300Â 868;A01;1.0;1;3.0;2.0;1993.0;5.0;1.0;;;0.0;0;;;2.0;7.0;16.0;0.0;9.0;14.0;1.0;;31;5;2019;06:30;1.0;68;68005;1;1.0;1.0;7.0;rd10;48,1181820;7,3064410;3;10;0.0;;2.0;2;0.0;1.0;24;900;1.0;;;1.0;0.0;3.0;80.0;Haut-Rhin;44;Grand Est
201900002990;138Â 300Â 867;A01;1.0;1;2.0;1.0;1992.0;1.0;2.0;6.0;9.0;0.0;0;;;3.0;33.0;0.0;0.0;7.0;26.0;1.0;;14;8;2019;19:00;1.0;67;67066;1;1.0;1.0;6.0;axe 1420 entre ROTHAU et DEVANT FOUDAY;48,4431059;7,1876163;3;1420;0.0;;2.0;2;0.0;1.0;(1);(1);1.0;;;1.0;0.0;3.0;80.0;Bas-Rhin;44;Grand Est
201900002991;138Â 300Â 864;A01;1.0;1;3.0;1.0;2000.0;3.0;2.0;6.0;9.0;0.0;0;;;2.0;2.0;3.0;0.0;2.0;1.0;1.0;;16;8;2019;16:55;1.0;76;76367;1;1.0;1.0;6.0;D121;49,5045990;1,0996010;3;121;0.0;D;2.0;2;0.0;2.0;5;500;3.0;;;1.0;0.0;3.0;80.0;Seine-Maritime;28;Normandie
201900002992;138Â 300Â 862;A01;1.0;1;1.0;1.0;1974.0;5.0;8.0;;;0.0;0;;;1.0;2.0;12.0;0.0;1.0;0.0;1.0;;8;6;2019;13:55;1.0;68;68019;1;3.0;1.0;1.0;CD 468;48,0959810;7,5334860;3;468;;;2.0;1;0.0;1.0;53;900;1.0;;;1.0;0.0;1.0;80.0;Haut-Rhin;44;Grand Est
201900002992;138Â 300Â 865;B01;1.0;1;3.0;1.0;2012.0;5.0;2.0;;;0.0;0;;;2.0;1.0;0.0;0.0;8.0;0.0;5.0;;8;6;2019;13:55;1.0;68;68019;1;3.0;1.0;1.0;CD 468;48,0959810;7,5334860;3;468;;;2.0;1;0.0;1.0;53;900;1.0;;;1.0;0.0;1.0;80.0;Haut-Rhin;44;Grand Est
201900002993;138Â 300Â 863;B01;1.0;1;2.0;1.0;1955.0;5.0;2.0;8.0;;;0;;;2.0;2.0;0.0;2.0;1.0;1.0;1.0;;21;10;2019;15:00;1.0;59;59239;1;2.0;8.0;3.0;RD 938;50,4275700;3,1554100;3;938;0.0;;2.0;2;0.0;1.0;1;0;1.0;;;2.0;0.0;3.0;80.0;Nord;32;Hauts-de-France
201900002993;138Â 300Â 866;A01;1.0;1;1.0;1.0;1979.0;4.0;1.0;8.0;;;0;;;1.0;14.0;0.0;2.0;7.0;19.0;1.0;;21;10;2019;15:00;1.0;59;59239;1;2.0;8.0;3.0;RD 938;50,4275700;3,1554100;3;938;0.0;;2.0;2;0.0;1.0;1;0;1.0;;;2.0;0.0;3.0;80.0;Nord;32;Hauts-de-France
201900002994;138Â 300Â 860;A01;1.0;1;1.0;1.0;1966.0;4.0;1.0;;;0.0;0;;;2.0;13.0;0.0;2.0;0.0;2.0;1.0;;13;8;2019;14:40;1.0;79;79213;2;1.0;1.0;3.0;31 avenue de lauzon;46,6096020; -0,2355090;3;938;;;2.0;2;0.0;1.0;48;985;1.0;18.0;65.0;1.0;0.0;1.0;50.0;Deux-Sèvres;75;Nouvelle-Aquitaine
201900002994;138Â 300Â 861;B01;1.0;1;3.0;1.0;1936.0;5.0;9.0;;;0.0;0;;;2.0;1.0;0.0;0.0;0.0;2.0;5.0;;13;8;2019;14:40;1.0;79;79213;2;1.0;1.0;3.0;31 avenue de lauzon;46,6096020; -0,2355090;3;938;;;2.0;2;0.0;1.0;48;985;1.0;18.0;65.0;1.0;0.0;1.0;50.0;Deux-Sèvres;75;Nouvelle-Aquitaine
201900002995;138Â 300Â 858;B01;1.0;1;1.0;1.0;1970.0;4.0;1.0;;;0.0;0;;;1.0;21.0;0.0;2.0;3.0;1.0;1.0;;19;6;2019;11:15;1.0;10;10350;2;1.0;1.0;1.0;Rue Charles Petit;48,1743950;3,7986180;3;374;0.0;;2.0;2;0.0;1.0;(1);(1);3.0;;;1.0;0.0;1.0;50.0;Aube;44;Grand Est
201900002995;138Â 300Â 859;A01;1.0;1;3.0;2.0;1974.0;4.0;1.0;;;0.0;0;;;2.0;10.0;0.0;2.0;3.0;1.0;1.0;;19;6;2019;11:15;1.0;10;10350;2;1.0;1.0;1.0;Rue Charles Petit;48,1743950;3,7986180;3;374;0.0;;2.0;2;0.0;1.0;(1);(1);3.0;;;1.0;0.0;1.0;50.0;Aube;44;Grand Est
201900002996;138Â 300Â 856;A01;1.0;1;3.0;2.0;1959.0;5.0;1.0;0.0;;;0;;;2.0;7.0;0.0;2.0;3.0;15.0;1.0;;22;10;2019;17:50;1.0;59;59431;1;9.0;1.0;3.0;HOUCKE (AVENUE JULES);50,6833000;2,8408100;3;945;0.0;;2.0;2;0.0;3.0;0;0;1.0;;;1.0;5.0;1.0;70.0;Nord;32;Hauts-de-France
201900002996;138Â 300Â 857;B01;1.0;1;1.0;1.0;1993.0;4.0;1.0;0.0;;;0;;;1.0;17.0;0.0;2.0;1.0;1.0;1.0;;22;10;2019;17:50;1.0;59;59431;1;9.0;1.0;3.0;HOUCKE (AVENUE JULES);50,6833000;2,8408100;3;945;0.0;;2.0;2;0.0;3.0;0;0;1.0;;;1.0;5.0;1.0;70.0;Nord;32;Hauts-de-France
201900002997;138Â 300Â 855;A01;1.0;1;1.0;1.0;1993.0;5.0;1.0;;;0.0;0;;;2.0;7.0;17.0;0.0;2.0;0.0;1.0;;31;7;2019;01:00;3.0;79;79340;1;1.0;1.0;6.0;La Fonzille;46,5321740; -0,1141680;3;21;;;2.0;2;0.0;2.0;7;290;2.0;;49.0;1.0;0.0;1.0;80.0;Deux-Sèvres;75;Nouvelle-Aquitaine
201900002997;138Â 300Â 855;A01;2.0;2;3.0;2.0;1993.0;5.0;1.0;;;0.0;0;;;2.0;7.0;17.0;0.0;2.0;0.0;1.0;;31;7;2019;01:00;3.0;79;79340;1;1.0;1.0;6.0;La Fonzille;46,5321740; -0,1141680;3;21;;;2.0;2;0.0;2.0;7;290;2.0;;49.0;1.0;0.0;1.0;80.0;Deux-Sèvres;75;Nouvelle-Aquitaine
201900002998;138Â 300Â 852;B01;2.0;2;1.0;2.0;2010.0;5.0;2.0;6.0;;0.0;0;;;1.0;2.0;0.0;2.0;1.0;1.0;1.0;;7;6;2019;16:50;1.0;10;10003;2;3.0;1.0;6.0;Avenue Georges Clemenceau (Aix-en-Othe);48,2211480;3,7273790;3;31;;;2.0;2;0.0;2.0;(1);(1);1.0;;;1.0;0.0;1.0;50.0;Aube;44;Grand Est
201900002998;138Â 300Â 852;B01;1.0;1;3.0;1.0;2005.0;5.0;2.0;6.0;;0.0;0;;;1.0;2.0;0.0;2.0;1.0;1.0;1.0;;7;6;2019;16:50;1.0;10;10003;2;3.0;1.0;6.0;Avenue Georges Clemenceau (Aix-en-Othe);48,2211480;3,7273790;3;31;;;2.0;2;0.0;2.0;(1);(1);1.0;;;1.0;0.0;1.0;50.0;Aube;44;Grand Est
201900002998;138Â 300Â 854;A01;2.0;2;1.0;2.0;2003.0;2.0;1.0;;;0.0;0;;;1.0;7.0;0.0;2.0;6.0;15.0;1.0;;7;6;2019;16:50;1.0;10;10003;2;3.0;1.0;6.0;Avenue Georges Clemenceau (Aix-en-Othe);48,2211480;3,7273790;3;31;;;2.0;2;0.0;2.0;(1);(1);1.0;;;1.0;0.0;1.0;50.0;Aube;44;Grand Est
201900002998;138Â 300Â 854;A01;1.0;1;1.0;2.0;1944.0;2.0;1.0;;;0.0;0;;;1.0;7.0;0.0;2.0;6.0;15.0;1.0;;7;6;2019;16:50;1.0;10;10003;2;3.0;1.0;6.0;Avenue Georges Clemenceau (Aix-en-Othe);48,2211480;3,7273790;3;31;;;2.0;2;0.0;2.0;(1);(1);1.0;;;1.0;0.0;1.0;50.0;Aube;44;Grand Est
201900002999;138Â 300Â 850;B01;1.0;1;1.0;1.0;1970.0;4.0;8.0;;;0.0;0;;;1.0;21.0;0.0;2.0;3.0;15.0;1.0;;13;8;2019;18:00;1.0;79;79168;1;2.0;1.0;2.0;;47,0028840; -0,3367150;3;759;0.0;;2.0;2;0.0;4.0;25;23;2.0;;68.0;1.0;0.0;1.0;80.0;Deux-Sèvres;75;Nouvelle-Aquitaine
201900002999;138Â 300Â 853;A01;1.0;1;3.0;1.0;1999.0;5.0;2.0;6.0;;0.0;0;;;1.0;33.0;0.0;2.0;1.0;17.0;0.0;;13;8;2019;18:00;1.0;79;79168;1;2.0;1.0;2.0;;47,0028840; -0,3367150;3;759;0.0;;2.0;2;0.0;4.0;25;23;2.0;;68.0;1.0;0.0;1.0;80.0;Deux-Sèvres;75;Nouvelle-Aquitaine
201900003000;138Â 300Â 851;A01;1.0;1;2.0;1.0;1992.0;5.0;1.0;8.0;;;0;;;1.0;7.0;0.0;0.0;9.0;1.0;1.0;;19;10;2019;04:30;5.0;56;56121;2;1.0;1.0;7.0;MULLER ( DU COLONEL JEAN );47,7625400; -3,3914400;4;Rue du Colonel Jean Muller;0.0;;2.0;2;0.0;1.0;(1);(1);1.0;;;1.0;0.0;1.0;50.0;Morbihan;53;Bretagne
201900003000;138Â 300Â 851;A01;2.0;2;2.0;1.0;1996.0;5.0;1.0;8.0;;;0;;;1.0;7.0;0.0;0.0;9.0;1.0;1.0;;19;10;2019;04:30;5.0;56;56121;2;1.0;1.0;7.0;MULLER ( DU COLONEL JEAN );47,7625400; -3,3914400;4;Rue du Colonel Jean Muller;0.0;;2.0;2;0.0;1.0;(1);(1);1.0;;;1.0;0.0;1.0;50.0;Morbihan;53;Bretagne
201900003001;138Â 300Â 849;A01;2.0;2;3.0;1.0;2002.0;5.0;2.0;;;0.0;0;;;2.0;2.0;0.0;0.0;0.0;0.0;1.0;;15;8;2019;19:25;1.0;2A;2A085;1;1.0;1.0;7.0;T40;41,9120250;8,9352220;2;40;;;;2;0.0;2.0;18;250;3.0;;;1.0;0.0;1.0;80.0;Corse-du-Sud;94;Corse
201900003001;138Â 300Â 849;A01;1.0;1;3.0;1.0;2005.0;5.0;2.0;;;0.0;0;;;2.0;2.0;0.0;0.0;0.0;0.0;1.0;;15;8;2019;19:25;1.0;2A;2A085;1;1.0;1.0;7.0;T40;41,9120250;8,9352220;2;40;;;;2;0.0;2.0;18;250;3.0;;;1.0;0.0;1.0;80.0;Corse-du-Sud;94;Corse
201900003002;138Â 300Â 847;B01;1.0;1;1.0;1.0;1947.0;5.0;1.0;8.0;;;0;;;2.0;7.0;0.0;2.0;5.0;1.0;1.0;;18;10;2019;17:22;1.0;56;56162;2;2.0;1.0;3.0;RACINE (RUE JEAN);47,7395300; -3,4362800;4;RACINE (RUE JEAN);0.0;;2.0;2;0.0;1.0;0;0;1.0;;;1.0;0.0;1.0;50.0;Morbihan;53;Bretagne