Num_Acc;id_vehicule;num_veh;place;catu;grav;sexe;an_nais;trajet;secu1;secu2;secu3;locp;actp;etatp;id_usager;senc;catv;obs;obsm;choc;manv;motor;occutc;jour;mois;an;hrmn;lum;dep;com;agg;int;atm;col;adr;lat;long;catr;voie;v1;v2;circ;nbv;vosp;prof;pr;pr1;plan;lartpc;larrout;surf;infra;situ;vma;nom_departement;reg;nom_region
201900003002;138Â 300Â 848;A01;1.0;1;2.0;2.0;1947.0;5.0;1.0;8.0;;;0;;;1.0;7.0;0.0;2.0;1.0;9.0;1.0;;18;10;2019;17:22;1.0;56;56162;2;2.0;1.0;3.0;RACINE (RUE JEAN);47,7395300; -3,4362800;4;RACINE (RUE JEAN);0.0;;2.0;2;0.0;1.0;0;0;1.0;;;1.0;0.0;1.0;50.0;Morbihan;53;Bretagne
201900003003;138Â 300Â 846;A01;1.0;1;1.0;1.0;1964.0;5.0;2.0;6.0;;0.0;0;;;3.0;33.0;0.0;0.0;8.0;14.0;1.0;;14;8;2019;09:25;1.0;2B;2B207;1;1.0;1.0;7.0;Lieu dit MAJO D206;42,4609770;9,4635870;3;206;;;2.0;2;0.0;2.0;(1);(1);2.0;;;9.0;0.0;3.0;80.0;Haute-Corse;94;Corse
201900003003;138Â 300Â 846;A01;2.0;2;2.0;2.0;1959.0;5.0;2.0;6.0;;0.0;0;;;3.0;33.0;0.0;0.0;8.0;14.0;1.0;;14;8;2019;09:25;1.0;2B;2B207;1;1.0;1.0;7.0;Lieu dit MAJO D206;42,4609770;9,4635870;3;206;;;2.0;2;0.0;2.0;(1);(1);2.0;;;9.0;0.0;3.0;80.0;Haute-Corse;94;Corse
201900003004;138Â 300Â 845;A01;10.0;3;2.0;1.0;1972.0;0.0;0.0;0.0;;1.0;3;1.0;;1.0;7.0;0.0;1.0;1.0;1.0;1.0;;22;10;2019;19:50;2.0;54;54357;2;1.0;1.0;7.0;METZ (ROUTE DE);48,7131990;6,1681460;4;METZ (ROUTE DE);0.0;;2.0;3;3.0;1.0;0;0;1.0;;;1.0;0.0;1.0;50.0;Meurthe-et-Moselle;44;Grand Est
201900003004;138Â 300Â 845;A01;1.0;1;1.0;1.0;1968.0;5.0;8.0;0.0;;;0;;;1.0;7.0;0.0;1.0;1.0;1.0;1.0;;22;10;2019;19:50;2.0;54;54357;2;1.0;1.0;7.0;METZ (ROUTE DE);48,7131990;6,1681460;4;METZ (ROUTE DE);0.0;;2.0;3;3.0;1.0;0;0;1.0;;;1.0;0.0;1.0;50.0;Meurthe-et-Moselle;44;Grand Est
201900003005;138Â 300Â 844;A01;1.0;1;2.0;1.0;2001.0;1.0;2.0;;;0.0;0;;;2.0;2.0;0.0;0.0;2.0;1.0;1.0;;13;8;2019;08:30;1.0;80;80444;1;1.0;1.0;7.0;Rue de la VallÃ©e;50,0365770;1,7898750;3;173;0.0;;2.0;2;0.0;2.0;12;760;4.0;;;1.0;0.0;1.0;80.0;Somme;32;Hauts-de-France
201900003006;138Â 300Â 841;A01;1.0;1;2.0;1.0;2000.0;5.0;2.0;;;0.0;0;;;2.0;2.0;0.0;2.0;1.0;5.0;0.0;;10;5;2019;18:30;1.0;10;10003;2;9.0;2.0;1.0;Rue du Docteur Georgel (Aix-en-Othe);48,2223590;3,7402800;4;;;;2.0;2;0.0;1.0;(1);(1);1.0;;;2.0;5.0;1.0;50.0;Aube;44;Grand Est
201900003006;138Â 300Â 843;B01;1.0;1;3.0;1.0;2003.0;5.0;2.0;;;0.0;0;;;1.0;2.0;0.0;2.0;1.0;9.0;0.0;;10;5;2019;18:30;1.0;10;10003;2;9.0;2.0;1.0;Rue du Docteur Georgel (Aix-en-Othe);48,2223590;3,7402800;4;;;;2.0;2;0.0;1.0;(1);(1);1.0;;;2.0;5.0;1.0;50.0;Aube;44;Grand Est
201900003007;138Â 300Â 840;A01;1.0;1;1.0;1.0;1994.0;0.0;1.0;0.0;;; -1;;;1.0;7.0;0.0;2.0;0.0;1.0;1.0;;22;10;2019;17:30;1.0;54;54526;2;1.0;1.0;2.0;POTIER (RUE EUGENE);48,6885370;6,2161560;4;POTIER (RUE EUGENE);0.0;;2.0;2;0.0;1.0;0;0;1.0;;;1.0;0.0;1.0;50.0;Meurthe-et-Moselle;44;Grand Est
201900003007;138Â 300Â 842;B01;1.0;1;1.0;1.0;1977.0;0.0;1.0;0.0;;;0;;;1.0;7.0;0.0;2.0;1.0;1.0;1.0;;22;10;2019;17:30;1.0;54;54526;2;1.0;1.0;2.0;POTIER (RUE EUGENE);48,6885370;6,2161560;4;POTIER (RUE EUGENE);0.0;;2.0;2;0.0;1.0;0;0;1.0;;;1.0;0.0;1.0;50.0;Meurthe-et-Moselle;44;Grand Est
201900003007;138Â 300Â 842;B01;2.0;2;2.0;2.0;2004.0;0.0;1.0;0.0;;;0;;;1.0;7.0;0.0;2.0;1.0;1.0;1.0;;22;10;2019;17:30;1.0;54;54526;2;1.0;1.0;2.0;POTIER (RUE EUGENE);48,6885370;6,2161560;4;POTIER (RUE EUGENE);0.0;;2.0;2;0.0;1.0;0;0;1.0;;;1.0;0.0;1.0;50.0;Meurthe-et-Moselle;44;Grand Est
201900003008;138Â 300Â 835;A01;1.0;1;2.0;1.0;1982.0;5.0;2.0;;;0.0;0;;;2.0;1.0;0.0;2.0;1.0;2.0;5.0;;14;8;2019;12:00;1.0;65;65006;1;1.0;1.0;2.0;PK 6+800- D113;42,8877072;0,3213380;3;113;0.0;;2.0;2;0.0;2.0;6;800;1.0;;;1.0;0.0;1.0;80.0;Hautes-Pyrénées;76;Occitanie
201900003008;138Â 300Â 839;B01;9.0;2;1.0;2.0;2013.0;5.0;1.0;;;0.0;0;;;2.0;7.0;0.0;0.0;4.0;2.0;0.0;;14;8;2019;12:00;1.0;65;65006;1;1.0;1.0;2.0;PK 6+800- D113;42,8877072;0,3213380;3;113;0.0;;2.0;2;0.0;2.0;6;800;1.0;;;1.0;0.0;1.0;80.0;Hautes-Pyrénées;76;Occitanie
201900003008;138Â 300Â 839;B01;1.0;1;1.0;1.0;1969.0;5.0;1.0;;;0.0;0;;;2.0;7.0;0.0;0.0;4.0;2.0;0.0;;14;8;2019;12:00;1.0;65;65006;1;1.0;1.0;2.0;PK 6+800- D113;42,8877072;0,3213380;3;113;0.0;;2.0;2;0.0;2.0;6;800;1.0;;;1.0;0.0;1.0;80.0;Hautes-Pyrénées;76;Occitanie
201900003008;138Â 300Â 839;B01;8.0;2;1.0;1.0;2010.0;5.0;1.0;;;0.0;0;;;2.0;7.0;0.0;0.0;4.0;2.0;0.0;;14;8;2019;12:00;1.0;65;65006;1;1.0;1.0;2.0;PK 6+800- D113;42,8877072;0,3213380;3;113;0.0;;2.0;2;0.0;2.0;6;800;1.0;;;1.0;0.0;1.0;80.0;Hautes-Pyrénées;76;Occitanie
201900003008;138Â 300Â 839;B01;7.0;2;1.0;2.0;2009.0;5.0;1.0;;;0.0;0;;;2.0;7.0;0.0;0.0;4.0;2.0;0.0;;14;8;2019;12:00;1.0;65;65006;1;1.0;1.0;2.0;PK 6+800- D113;42,8877072;0,3213380;3;113;0.0;;2.0;2;0.0;2.0;6;800;1.0;;;1.0;0.0;1.0;80.0;Hautes-Pyrénées;76;Occitanie
201900003008;138Â 300Â 839;B01;2.0;2;1.0;2.0;1973.0;5.0;1.0;;;0.0;0;;;2.0;7.0;0.0;0.0;4.0;2.0;0.0;;14;8;2019;12:00;1.0;65;65006;1;1.0;1.0;2.0;PK 6+800- D113;42,8877072;0,3213380;3;113;0.0;;2.0;2;0.0;2.0;6;800;1.0;;;1.0;0.0;1.0;80.0;Hautes-Pyrénées;76;Occitanie
201900003009;138Â 300Â 834;B01;1.0;1;1.0;1.0;1962.0;5.0;0.0;;;0.0;0;;;0.0;7.0;0.0;0.0;8.0;0.0;1.0;;2;6;2019;09:45;1.0;10;10067;2;1.0;1.0;3.0;Route de Maisons Blanches;48,2313360;4,1127430;3;444;;A;2.0;2;0.0;1.0;(1);(1);1.0;;;1.0;0.0;1.0;50.0;Aube;44;Grand Est
201900003009;138Â 300Â 838;A01;10.0;3;3.0;2.0;1941.0;5.0;0.0;;;1.0;1;1.0;;3.0;7.0;0.0;1.0;2.0;1.0;1.0;;2;6;2019;09:45;1.0;10;10067;2;1.0;1.0;3.0;Route de Maisons Blanches;48,2313360;4,1127430;3;444;;A;2.0;2;0.0;1.0;(1);(1);1.0;;;1.0;0.0;1.0;50.0;Aube;44;Grand Est
201900003009;138Â 300Â 838;A01;1.0;1;1.0;1.0;1991.0;9.0;1.0;;;0.0;0;;;3.0;7.0;0.0;1.0;2.0;1.0;1.0;;2;6;2019;09:45;1.0;10;10067;2;1.0;1.0;3.0;Route de Maisons Blanches;48,2313360;4,1127430;3;444;;A;2.0;2;0.0;1.0;(1);(1);1.0;;;1.0;0.0;1.0;50.0;Aube;44;Grand Est
201900003010;138Â 300Â 831;B01;1.0;1;3.0;1.0;1986.0;5.0;2.0;;;0.0;0;;;2.0;1.0;13.0;0.0;2.0;21.0;5.0;;14;8;2019;12:00;1.0;65;65138;1;1.0;1.0;6.0;D 920;42,8556290; -0,1280500;3;920;0.0;;2.0;2;0.0;2.0;17;0;3.0;;;1.0;0.0;1.0;80.0;Hautes-Pyrénées;76;Occitanie
201900003010;138Â 300Â 832;A01;1.0;1;1.0;1.0;1983.0;5.0;8.0;;;0.0;0;;;1.0;7.0;0.0;0.0;0.0;10.0;1.0;;14;8;2019;12:00;1.0;65;65138;1;1.0;1.0;6.0;D 920;42,8556290; -0,1280500;3;920;0.0;;2.0;2;0.0;2.0;17;0;3.0;;;1.0;0.0;1.0;80.0;Hautes-Pyrénées;76;Occitanie
201900003011;138Â 300Â 829;B01;2.0;2;2.0;1.0;1962.0;9.0;1.0;0.0;;;0;;;1.0;7.0;0.0;2.0;2.0;1.0;1.0;;22;10;2019;21:30;5.0;51;51055;2;3.0;1.0;3.0;RUE ALAIN COLAS;49,2713472;4,0449361;4;RUE ALAIN COLAS;0.0;;2.0;2;0.0;1.0;(1);(1);1.0;;;1.0;0.0;1.0;30.0;Marne;44;Grand Est
201900003011;138Â 300Â 829;B01;1.0;1;1.0;1.0;1999.0;9.0;1.0;0.0;;;0;;;1.0;7.0;0.0;2.0;2.0;1.0;1.0;;22;10;2019;21:30;5.0;51;51055;2;3.0;1.0;3.0;RUE ALAIN COLAS;49,2713472;4,0449361;4;RUE ALAIN COLAS;0.0;;2.0;2;0.0;1.0;(1);(1);1.0;;;1.0;0.0;1.0;30.0;Marne;44;Grand Est
201900003011;138Â 300Â 829;B01;4.0;2;2.0;1.0;1990.0;9.0;1.0;0.0;;;0;;;1.0;7.0;0.0;2.0;2.0;1.0;1.0;;22;10;2019;21:30;5.0;51;51055;2;3.0;1.0;3.0;RUE ALAIN COLAS;49,2713472;4,0449361;4;RUE ALAIN COLAS;0.0;;2.0;2;0.0;1.0;(1);(1);1.0;;;1.0;0.0;1.0;30.0;Marne;44;Grand Est
201900003011;138Â 300Â 833;A01;1.0;1;1.0;1.0;1979.0;9.0;1.0;5.0;;;0;;;1.0;7.0;0.0;2.0;3.0;15.0;1.0;;22;10;2019;21:30;5.0;51;51055;2;3.0;1.0;3.0;RUE ALAIN COLAS;49,2713472;4,0449361;4;RUE ALAIN COLAS;0.0;;2.0;2;0.0;1.0;(1);(1);1.0;;;1.0;0.0;1.0;30.0;Marne;44;Grand Est
201900003012;138Â 300Â 830;A01;7.0;2;3.0;2.0;1988.0;5.0;1.0;;;0.0;0;;;3.0;7.0;6.0;0.0;1.0;1.0;1.0;;19;6;2019;14:30;1.0;28;28123;1;1.0;1.0;6.0;Thoreau;48,2208500;1,1014030;3;955;0.0; -;2.0;1;0.0;2.0;74;0;1.0;;;1.0;0.0;3.0;80.0;Eure-et-Loir;24;Centre-Val de Loire
201900003012;138Â 300Â 830;A01;1.0;1;2.0;2.0;1953.0;5.0;1.0;;;0.0;0;;;3.0;7.0;6.0;0.0;1.0;1.0;1.0;;19;6;2019;14:30;1.0;28;28123;1;1.0;1.0;6.0;Thoreau;48,2208500;1,1014030;3;955;0.0; -;2.0;1;0.0;2.0;74;0;1.0;;;1.0;0.0;3.0;80.0;Eure-et-Loir;24;Centre-Val de Loire
201900003012;138Â 300Â 830;A01;2.0;2;3.0;2.0;1956.0;5.0;1.0;;;0.0;0;;;3.0;7.0;6.0;0.0;1.0;1.0;1.0;;19;6;2019;14:30;1.0;28;28123;1;1.0;1.0;6.0;Thoreau;48,2208500;1,1014030;3;955;0.0; -;2.0;1;0.0;2.0;74;0;1.0;;;1.0;0.0;3.0;80.0;Eure-et-Loir;24;Centre-Val de Loire
201900003012;138Â 300Â 830;A01;9.0;2;2.0;2.0;2000.0;5.0;1.0;;;0.0;0;;;3.0;7.0;6.0;0.0;1.0;1.0;1.0;;19;6;2019;14:30;1.0;28;28123;1;1.0;1.0;6.0;Thoreau;48,2208500;1,1014030;3;955;0.0; -;2.0;1;0.0;2.0;74;0;1.0;;;1.0;0.0;3.0;80.0;Eure-et-Loir;24;Centre-Val de Loire
201900003013;138Â 300Â 827;A01;1.0;1;2.0;1.0;1983.0;5.0;0.0;;;0.0;0;;;3.0;1.0;0.0;1.0;1.0;17.0;5.0;;4;6;2019;16:15;1.0;974;97422;2;1.0;1.0;6.0;161 Rue Georges Pompidou; -21,2557370;55,5226000;2;3;;;2.0;2;0.0;2.0;(1);(1);1.0;;;1.0;6.0;1.0;50.0;La Réunion;04;La Réunion
201900003013;138Â 300Â 827;A01;10.0;3;1.0;1.0;1988.0;5.0;0.0;;;3.0;3;1.0;;3.0;1.0;0.0;1.0;1.0;17.0;5.0;;4;6;2019;16:15;1.0;974;97422;2;1.0;1.0;6.0;161 Rue Georges Pompidou; -21,2557370;55,5226000;2;3;;;2.0;2;0.0;2.0;(1);(1);1.0;;;1.0;6.0;1.0;50.0;La Réunion;04;La Réunion
201900003014;138Â 300Â 826;B01;1.0;1;2.0;2.0;1969.0;0.0;1.0;0.0;;0.0;0;;;1.0;7.0;0.0;2.0;1.0;1.0;1.0;;22;10;2019;17:20;1.0;45;45234;2;2.0;1.0;3.0;AV DES DROITS DE L'HOMME - R DU PETIT PONT;47,9226165;1,9296393;4;AV DES DROITS DE L'HOMME;0.0;;3.0;4;0.0;1.0;(1);(1);1.0;;;1.0;0.0;1.0;50.0;Loiret;24;Centre-Val de Loire
201900003014;138Â 300Â 828;A01;1.0;1;2.0;2.0;1982.0;0.0;1.0;0.0;;0.0;0;;;2.0;7.0;0.0;2.0;2.0;15.0;1.0;;22;10;2019;17:20;1.0;45;45234;2;2.0;1.0;3.0;AV DES DROITS DE L'HOMME - R DU PETIT PONT;47,9226165;1,9296393;4;AV DES DROITS DE L'HOMME;0.0;;3.0;4;0.0;1.0;(1);(1);1.0;;;1.0;0.0;1.0;50.0;Loiret;24;Centre-Val de Loire
201900003014;138Â 300Â 828;A01;3.0;2;1.0;2.0;2010.0;0.0;1.0;0.0;;; -1;;;2.0;7.0;0.0;2.0;2.0;15.0;1.0;;22;10;2019;17:20;1.0;45;45234;2;2.0;1.0;3.0;AV DES DROITS DE L'HOMME - R DU PETIT PONT;47,9226165;1,9296393;4;AV DES DROITS DE L'HOMME;0.0;;3.0;4;0.0;1.0;(1);(1);1.0;;;1.0;0.0;1.0;50.0;Loiret;24;Centre-Val de Loire
201900003015;138Â 300Â 824;A01;10.0;3;2.0;1.0;2009.0;5.0;0.0;;;1.0;3;1.0;;2.0;7.0;0.0;1.0;3.0;1.0;1.0;;14;8;2019;08:50;1.0;33;33514;2;1.0;1.0;6.0;RD101E1 59 Boulevard de l'AmÃ©lie;45,4881470; -1,1462500;3;101E1;;E;2.0;2;1.0;2.0;3;400;1.0;;;1.0;0.0;1.0;50.0;Gironde;75;Nouvelle-Aquitaine
201900003015;138Â 300Â 824;A01;1.0;1;1.0;1.0;1977.0;5.0;1.0;;;0.0;0;;;2.0;7.0;0.0;1.0;3.0;1.0;1.0;;14;8;2019;08:50;1.0;33;33514;2;1.0;1.0;6.0;RD101E1 59 Boulevard de l'AmÃ©lie;45,4881470; -1,1462500;3;101E1;;E;2.0;2;1.0;2.0;3;400;1.0;;;1.0;0.0;1.0;50.0;Gironde;75;Nouvelle-Aquitaine
201900003016;138Â 300Â 822;B01;9.0;2;1.0;1.0;2010.0;5.0;1.0;;;0.0;0;;;1.0;7.0;0.0;2.0;2.0;1.0;1.0;;15;6;2019;07:50;1.0;974;97405;1;1.0;1.0;1.0;RN2; -21,3651010;55,5507910;2;2;0.0;;2.0;3;0.0;2.0;120;20;1.0;;;1.0;0.0;1.0;80.0;La Réunion;04;La Réunion
201900003016;138Â 300Â 822;B01;7.0;2;2.0;1.0;2011.0;5.0;1.0;;;0.0;0;;;1.0;7.0;0.0;2.0;2.0;1.0;1.0;;15;6;2019;07:50;1.0;974;97405;1;1.0;1.0;1.0;RN2; -21,3651010;55,5507910;2;2;0.0;;2.0;3;0.0;2.0;120;20;1.0;;;1.0;0.0;1.0;80.0;La Réunion;04;La Réunion
201900003016;138Â 300Â 822;B01;1.0;1;1.0;1.0;1967.0;4.0;1.0;;;0.0;0;;;1.0;7.0;0.0;2.0;2.0;1.0;1.0;;15;6;2019;07:50;1.0;974;97405;1;1.0;1.0;1.0;RN2; -21,3651010;55,5507910;2;2;0.0;;2.0;3;0.0;2.0;120;20;1.0;;;1.0;0.0;1.0;80.0;La Réunion;04;La Réunion
201900003016;138Â 300Â 825;A01;1.0;1;1.0;1.0;1995.0;1.0;1.0;;;0.0;0;;;1.0;7.0;0.0;2.0;1.0;5.0;1.0;;15;6;2019;07:50;1.0;974;97405;1;1.0;1.0;1.0;RN2; -21,3651010;55,5507910;2;2;0.0;;2.0;3;0.0;2.0;120;20;1.0;;;1.0;0.0;1.0;80.0;La Réunion;04;La Réunion
201900003017;138Â 300Â 819;A01;1.0;1;3.0;1.0;1993.0;5.0;8.0;;;0.0;0;;;3.0;7.0;10.0;0.0;1.0;0.0;1.0;;13;6;2019;00:45;3.0;974;97412;1;1.0;2.0;6.0;Rue Marcel Pagnol; -21,3741530;55,6684520;2;2;;;2.0;2;0.0;1.0;102;750;2.0;;;2.0;0.0;1.0;70.0;La Réunion;04;La Réunion
201900003018;138Â 300Â 817;A01;1.0;1;1.0;2.0;1960.0;5.0;1.0;;;0.0;0;;;2.0;7.0;0.0;2.0;1.0;17.0;1.0;;12;8;2019;13:45;1.0;33;33125;1;3.0;1.0;2.0;CD 1215  route de Margales;45,2287600; -0,8798900;3;1215;;;2.0;2;0.0;1.0;52;785;1.0;;;1.0;0.0;1.0;80.0;Gironde;75;Nouvelle-Aquitaine
201900003018;138Â 300Â 820;B01;1.0;1;3.0;1.0;2004.0;5.0;2.0;6.0;;0.0;0;;;2.0;2.0;0.0;2.0;8.0;15.0;1.0;;12;8;2019;13:45;1.0;33;33125;1;3.0;1.0;2.0;CD 1215  route de Margales;45,2287600; -0,8798900;3;1215;;;2.0;2;0.0;1.0;52;785;1.0;;;1.0;0.0;1.0;80.0;Gironde;75;Nouvelle-Aquitaine
201900003019;138Â 300Â 816;A01;1.0;1;1.0;1.0;1982.0;4.0;1.0;0.0;;; -1;;;3.0;7.0;0.0;2.0;1.0;12.0;1.0;;22;10;2019;09:10;1.0;38;38185;2;1.0;2.0;4.0;AUTOROUTE A 480;45,1871400;5,7027400;1;480;0.0;;1.0;3;0.0;1.0;4;199;1.0;;;2.0;3.0;1.0;70.0;Isère;84;Auvergne-Rhône-Alpes
201900003019;138Â 300Â 818;B01;1.0;1;3.0;1.0;1971.0;0.0;1.0;0.0;;; -1;;;3.0;7.0;0.0;2.0;4.0;1.0;1.0;;22;10;2019;09:10;1.0;38;38185;2;1.0;2.0;4.0;AUTOROUTE A 480;45,1871400;5,7027400;1;480;0.0;;1.0;3;0.0;1.0;4;199;1.0;;;2.0;3.0;1.0;70.0;Isère;84;Auvergne-Rhône-Alpes
201900003019;138Â 300Â 818;B01;2.0;2;2.0;2.0;1971.0;0.0;1.0;0.0;;; -1;;;3.0;7.0;0.0;2.0;4.0;1.0;1.0;;22;10;2019;09:10;1.0;38;38185;2;1.0;2.0;4.0;AUTOROUTE A 480;45,1871400;5,7027400;1;480;0.0;;1.0;3;0.0;1.0;4;199;1.0;;;2.0;3.0;1.0;70.0;Isère;84;Auvergne-Rhône-Alpes
201900003019;138Â 300Â 821;C01;1.0;1;1.0;1.0;1900.0;0.0;1.0;0.0;;; -1;;;3.0;10.0;0.0;2.0;0.0;0.0;1.0;;22;10;2019;09:10;1.0;38;38185;2;1.0;2.0;4.0;AUTOROUTE A 480;45,1871400;5,7027400;1;480;0.0;;1.0;3;0.0;1.0;4;199;1.0;;;2.0;3.0;1.0;70.0;Isère;84;Auvergne-Rhône-Alpes
201900003020;138Â 300Â 814;A01;1.0;1;1.0;1.0;1997.0;5.0;1.0;;;0.0;0;;;3.0;7.0;15.0;0.0;2.0;1.0;1.0;;16;8;2019;13:45;1.0;33;33382;1;1.0;1.0;6.0;La Perotine;45,1389210; -0,4960560;4;22;0.0;;2.0;2;0.0;1.0;1;500;3.0;;;1.0;0.0;1.0;50.0;Gironde;75;Nouvelle-Aquitaine
201900003020;138Â 300Â 814;A01;2.0;2;3.0;1.0;1999.0;5.0;1.0;;;0.0;0;;;3.0;7.0;15.0;0.0;2.0;1.0;1.0;;16;8;2019;13:45;1.0;33;33382;1;1.0;1.0;6.0;La Perotine;45,1389210; -0,4960560;4;22;0.0;;2.0;2;0.0;1.0;1;500;3.0;;;1.0;0.0;1.0;50.0;Gironde;75;Nouvelle-Aquitaine
201900003021;138Â 300Â 813;A01;2.0;2;1.0;1.0;2006.0;9.0;1.0;;;0.0;0;;;2.0;7.0;0.0;2.0;3.0;15.0;1.0;;19;6;2019;15:25;1.0;972;97222;1;1.0;1.0;3.0;RN1 - AUGRAIN;14,6697000; -60,9596610;2;1;;;2.0;2;0.0;2.0;11;0;1.0;;;1.0;0.0;1.0;;Martinique;02;Martinique
201900003021;138Â 300Â 813;A01;1.0;1;1.0;1.0;1969.0;9.0;1.0;;;0.0;0;;;2.0;7.0;0.0;2.0;3.0;15.0;1.0;;19;6;2019;15:25;1.0;972;97222;1;1.0;1.0;3.0;RN1 - AUGRAIN;14,6697000; -60,9596610;2;1;;;2.0;2;0.0;2.0;11;0;1.0;;;1.0;0.0;1.0;;Martinique;02;Martinique
201900003021;138Â 300Â 815;B01;1.0;1;3.0;1.0;1968.0;9.0;2.0;6.0;;0.0;0;;;2.0;33.0;0.0;2.0;2.0;17.0;1.0;;19;6;2019;15:25;1.0;972;97222;1;1.0;1.0;3.0;RN1 - AUGRAIN;14,6697000; -60,9596610;2;1;;;2.0;2;0.0;2.0;11;0;1.0;;;1.0;0.0;1.0;;Martinique;02;Martinique
201900003022;138Â 300Â 812;A01;10.0;3;2.0;2.0;1995.0;1.0;8.0;0.0;;3.0;3;1.0;;2.0;10.0;0.0;1.0;2.0;15.0;1.0;;22;10;2019;09:44;1.0;37;37261;2;1.0;1.0;6.0;VAILLANT (RUE EDOUARD);47,3854798;0,6997778;4;VAILLANT (RUE EDOUARD);0.0;;2.0;2;0.0;1.0;0;0;1.0;;;1.0;0.0;1.0;50.0;Indre-et-Loire;24;Centre-Val de Loire
201900003022;138Â 300Â 812;A01;1.0;1;1.0;1.0;1986.0;1.0;1.0;0.0;;; -1;;;2.0;10.0;0.0;1.0;2.0;15.0;1.0;;22;10;2019;09:44;1.0;37;37261;2;1.0;1.0;6.0;VAILLANT (RUE EDOUARD);47,3854798;0,6997778;4;VAILLANT (RUE EDOUARD);0.0;;2.0;2;0.0;1.0;0;0;1.0;;;1.0;0.0;1.0;50.0;Indre-et-Loire;24;Centre-Val de Loire
201900003023;138Â 300Â 809;A01;1.0;1;3.0;1.0;1961.0;0.0;1.0;;;0.0;0;;;1.0;7.0;0.0;2.0;1.0;17.0;1.0;;11;6;2019;06:00;1.0;972;97212;1;1.0;1.0;5.0;Chemin Gond;14,7321750; -61,0207600;3;15;;;2.0;2;0.0;4.0;12;0;3.0;;;1.0;0.0;1.0;70.0;Martinique;02;Martinique
201900003023;138Â 300Â 810;B01;1.0;1;4.0;1.0;1989.0;0.0;0.0;;;0.0;0;;;1.0;7.0;0.0;2.0;1.0;1.0;1.0;;11;6;2019;06:00;1.0;972;97212;1;1.0;1.0;5.0;Chemin Gond;14,7321750; -61,0207600;3;15;;;2.0;2;0.0;4.0;12;0;3.0;;;1.0;0.0;1.0;70.0;Martinique;02;Martinique
201900003023;138Â 300Â 811;C01;1.0;1;1.0;1.0;1974.0;0.0;1.0;;;0.0;0;;;2.0;10.0;0.0;2.0;8.0;1.0;1.0;;11;6;2019;06:00;1.0;972;97212;1;1.0;1.0;5.0;Chemin Gond;14,7321750; -61,0207600;3;15;;;2.0;2;0.0;4.0;12;0;3.0;;;1.0;0.0;1.0;70.0;Martinique;02;Martinique
201900003024;138Â 300Â 807;A01;1.0;1;2.0;1.0;1957.0;5.0;2.0;6.0;;0.0;0;;;2.0;34.0;0.0;2.0;1.0;1.0;1.0;;16;8;2019;17:28;1.0;81;81055;2;1.0;1.0;3.0;42 Rue de la Fontaine;43,4125216;2,0770370;3;629;0.0;;2.0;2;0.0;1.0;6;500;1.0;;;1.0;0.0;1.0;50.0;Tarn;76;Occitanie
201900003024;138Â 300Â 808;B01;1.0;1;1.0;1.0;1983.0;5.0;1.0;;;0.0;0;;;2.0;7.0;0.0;2.0;3.0;10.0;1.0;;16;8;2019;17:28;1.0;81;81055;2;1.0;1.0;3.0;42 Rue de la Fontaine;43,4125216;2,0770370;3;629;0.0;;2.0;2;0.0;1.0;6;500;1.0;;;1.0;0.0;1.0;50.0;Tarn;76;Occitanie
201900003025;138Â 300Â 805;A01;10.0;3;4.0;1.0;1938.0;5.0;0.0;;;6.0;B;1.0;;1.0;0.0;0.0;1.0;0.0;0.0;0.0;;10;6;2019;01:48;5.0;972;97207;2;1.0;1.0;6.0;ROUTE DEPARTEMENTALE 5;14,5716570; -60,9613350;3;5;;;2.0;2;0.0;2.0;1;0;1.0;;;1.0;0.0;3.0;50.0;Martinique;02;Martinique
201900003026;138Â 300Â 801;B01;1.0;1;2.0;2.0;1987.0;5.0;1.0;;;0.0;0;;;2.0;7.0;0.0;2.0;3.0;1.0;1.0;;14;8;2019;00:45;3.0;11;11337;1;1.0;1.0;1.0;D111;43,2027770;2,6286640;3;111;;;2.0;2;0.0;1.0;40;(1);1.0;;;1.0;0.0;1.0;80.0;Aude;76;Occitanie
201900003026;138Â 300Â 803;A01;1.0;1;2.0;1.0;1983.0;5.0;1.0;;;0.0;0;;;2.0;7.0;2.0;2.0;3.0;1.0;1.0;;14;8;2019;00:45;3.0;11;11337;1;1.0;1.0;1.0;D111;43,2027770;2,6286640;3;111;;;2.0;2;0.0;1.0;40;(1);1.0;;;1.0;0.0;1.0;80.0;Aude;76;Occitanie
201900003027;138Â 300Â 802;A01;1.0;1;1.0;1.0;1928.0;5.0;1.0;8.0;;;0;;;1.0;7.0;0.0;2.0;3.0;15.0;1.0;;22;10;2019;14:45;1.0;35;35238;2;4.0;1.0;3.0;VALLES (JULES);48,1028325; -1,7152196;2;136;0.0;;1.0;1;0.0;1.0;13;600;3.0;;;1.0;3.0;1.0;50.0;Ille-et-Vilaine;53;Bretagne
201900003027;138Â 300Â 804;B01;1.0;1;2.0;1.0;1990.0;4.0;1.0;8.0;;; -1;;;1.0;10.0;0.0;2.0;7.0;1.0;1.0;;22;10;2019;14:45;1.0;35;35238;2;4.0;1.0;3.0;VALLES (JULES);48,1028325; -1,7152196;2;136;0.0;;1.0;1;0.0;1.0;13;600;3.0;;;1.0;3.0;1.0;50.0;Ille-et-Vilaine;53;Bretagne