Num_Acc;id_vehicule;num_veh;place;catu;grav;sexe;an_nais;trajet;secu1;secu2;secu3;locp;actp;etatp;id_usager;senc;catv;obs;obsm;choc;manv;motor;occutc;jour;mois;an;hrmn;lum;dep;com;agg;int;atm;col;adr;lat;long;catr;voie;v1;v2;circ;nbv;vosp;prof;pr;pr1;plan;lartpc;larrout;surf;infra;situ;vma;nom_departement;reg;nom_region
201900003028;138Â 300Â 798;B01;1.0;1;3.0;1.0;1955.0;9.0;1.0;;;0.0;0;;;1.0;7.0;0.0;2.0;3.0;1.0;1.0;;14;8;2019;11:20;1.0;71;71183;1;1.0;1.0;1.0;D225 PK 12+800;46,8897260;4,5805050;3;225;0.0;D;2.0;2;0.0;2.0;12;800;3.0;;;1.0;0.0;1.0;80.0;Saône-et-Loire;27;Bourgogne-Franche-Comté
201900003028;138Â 300Â 799;A01;1.0;1;2.0;1.0;1987.0;4.0;1.0;;;0.0;0;;;2.0;7.0;0.0;2.0;1.0;13.0;1.0;;14;8;2019;11:20;1.0;71;71183;1;1.0;1.0;1.0;D225 PK 12+800;46,8897260;4,5805050;3;225;0.0;D;2.0;2;0.0;2.0;12;800;3.0;;;1.0;0.0;1.0;80.0;Saône-et-Loire;27;Bourgogne-Franche-Comté
201900003029;138Â 300Â 797;B01;9.0;2;2.0;2.0;1962.0;5.0;1.0;;;0.0;0;;;1.0;7.0;0.0;2.0;1.0;1.0;1.0;;9;6;2019;19:00;3.0;972;97210;1;1.0;1.0;1.0;Petite France;14,5899170; -60,8814790;2;6;0.0;;3.0;2;0.0;1.0;17;310;1.0;;;1.0;0.0;1.0;50.0;Martinique;02;Martinique
201900003029;138Â 300Â 797;B01;2.0;2;2.0;2.0;1937.0;5.0;1.0;;;0.0;0;;;1.0;7.0;0.0;2.0;1.0;1.0;1.0;;9;6;2019;19:00;3.0;972;97210;1;1.0;1.0;1.0;Petite France;14,5899170; -60,8814790;2;6;0.0;;3.0;2;0.0;1.0;17;310;1.0;;;1.0;0.0;1.0;50.0;Martinique;02;Martinique
201900003029;138Â 300Â 797;B01;1.0;1;2.0;2.0;1941.0;5.0;1.0;;;0.0;0;;;1.0;7.0;0.0;2.0;1.0;1.0;1.0;;9;6;2019;19:00;3.0;972;97210;1;1.0;1.0;1.0;Petite France;14,5899170; -60,8814790;2;6;0.0;;3.0;2;0.0;1.0;17;310;1.0;;;1.0;0.0;1.0;50.0;Martinique;02;Martinique
201900003029;138Â 300Â 800;A01;1.0;1;3.0;1.0;1965.0;5.0;1.0;;;0.0;0;;;2.0;7.0;0.0;2.0;1.0;5.0;1.0;;9;6;2019;19:00;3.0;972;97210;1;1.0;1.0;1.0;Petite France;14,5899170; -60,8814790;2;6;0.0;;3.0;2;0.0;1.0;17;310;1.0;;;1.0;0.0;1.0;50.0;Martinique;02;Martinique
201900003030;138Â 300Â 793;A01;1.0;1;3.0;1.0;1971.0;5.0;0.0;;;0.0;0;;;1.0;7.0;2.0;0.0;1.0;0.0;1.0;;9;6;2019;00:15;4.0;972;97232;1;1.0;2.0;6.0;Beaujolais;14,5209370; -60,8607410;3;32;0.0;;2.0;2;0.0;2.0;3;655;2.0;;;2.0;0.0;3.0;;Martinique;02;Martinique
201900003031;138Â 300Â 792;A01;1.0;1;3.0;1.0;1997.0;0.0;2.0;6.0;9.0;0.0;0;;;1.0;33.0;0.0;2.0;1.0;1.0;1.0;;13;8;2019;13:45;1.0;61;61156;1;1.0;1.0;2.0;D42 entre Essay et le Mele Sur Sarthe;48,5348800;0,2693650;3;42;;;2.0;2;0.0;1.0;6;600;1.0;;;1.0;0.0;1.0;80.0;Orne;28;Normandie
201900003031;138Â 300Â 795;B01;1.0;1;1.0;1.0;1962.0;1.0;1.0;;;0.0;0;;;1.0;7.0;0.0;2.0;4.0;23.0;1.0;;13;8;2019;13:45;1.0;61;61156;1;1.0;1.0;2.0;D42 entre Essay et le Mele Sur Sarthe;48,5348800;0,2693650;3;42;;;2.0;2;0.0;1.0;6;600;1.0;;;1.0;0.0;1.0;80.0;Orne;28;Normandie
201900003032;138Â 300Â 790;A01;1.0;1;4.0;1.0;1939.0;9.0;1.0;;;0.0;0;;;1.0;7.0;6.0;0.0;1.0;0.0;1.0;;14;8;2019;15:00;1.0;55;55334;1;1.0;1.0;6.0;RN4 sens PARIS - NANCY au PK : 44+120;48,7047910;5,5246350;2;4;;;3.0;4;0.0;2.0;44;120;1.0;;;1.0;2.0;8.0;110.0;Meuse;44;Grand Est
201900003032;138Â 300Â 790;A01;2.0;2;3.0;2.0;1963.0;9.0;1.0;;;0.0;0;;;1.0;7.0;6.0;0.0;1.0;0.0;1.0;;14;8;2019;15:00;1.0;55;55334;1;1.0;1.0;6.0;RN4 sens PARIS - NANCY au PK : 44+120;48,7047910;5,5246350;2;4;;;3.0;4;0.0;2.0;44;120;1.0;;;1.0;2.0;8.0;110.0;Meuse;44;Grand Est
201900003033;138Â 300Â 789;B01;1.0;1;1.0;1.0;1959.0;4.0;1.0;;;0.0;0;;;2.0;38.0;0.0;2.0;3.0;1.0;1.0;1.0;5;6;2019;17:50;1.0;972;97210;1;1.0;1.0;1.0;Cotonnerie Sud;14,6064190; -60,9095360;3;6;;;2.0;2;0.0;1.0;10;310;2.0;;;1.0;0.0;1.0;80.0;Martinique;02;Martinique
201900003033;138Â 300Â 791;A01;1.0;1;2.0;2.0;1973.0;5.0;1.0;;;0.0;0;;;1.0;7.0;0.0;2.0;1.0;13.0;1.0;;5;6;2019;17:50;1.0;972;97210;1;1.0;1.0;1.0;Cotonnerie Sud;14,6064190; -60,9095360;3;6;;;2.0;2;0.0;1.0;10;310;2.0;;;1.0;0.0;1.0;80.0;Martinique;02;Martinique
201900003033;138Â 300Â 791;A01;2.0;2;3.0;2.0;1949.0;5.0;1.0;;;0.0;0;;;1.0;7.0;0.0;2.0;1.0;13.0;1.0;;5;6;2019;17:50;1.0;972;97210;1;1.0;1.0;1.0;Cotonnerie Sud;14,6064190; -60,9095360;3;6;;;2.0;2;0.0;1.0;10;310;2.0;;;1.0;0.0;1.0;80.0;Martinique;02;Martinique
201900003034;138Â 300Â 788;A01;1.0;1;3.0;1.0;1976.0;4.0;1.0;;;0.0;0;;;1.0;7.0;13.0;0.0;9.0;1.0;1.0;;14;8;2019;19:10;1.0;12;12004;1;1.0;1.0;6.0;RD 508;44,6053920;2,2888530;3;508;0.0;;2.0;2;0.0;1.0;4;680;1.0;;;1.0;0.0;1.0;80.0;Aveyron;76;Occitanie
201900003035;138Â 300Â 787;A01;1.0;1;3.0;1.0;1976.0;5.0;2.0;6.0;;0.0;0;;;1.0;33.0;12.0;0.0;7.0;1.0;1.0;;9;6;2019;15:50;1.0;62;62078;2;1.0;1.0;6.0;1250 Rue du Camp du Drap d'Or;50,8599020;1,9435660;3;228;0.0;;2.0;2;0.0;1.0;4;100;3.0;;;2.0;0.0;1.0;50.0;Pas-de-Calais;32;Hauts-de-France
201900003036;138Â 300Â 785;A01;1.0;1;1.0;1.0;1950.0;5.0;8.0;;;0.0;0;;;1.0;7.0;0.0;9.0;2.0;15.0;1.0;;15;8;2019;07:55;1.0;12;12239;1;2.0;2.0;3.0;RD 45 - PK 13+322;44,4290190;2,9628180;3;45;0.0;;2.0;2;0.0;1.0;13;322;1.0;;;1.0;0.0;1.0;80.0;Aveyron;76;Occitanie
201900003036;138Â 300Â 786;B01;1.0;1;4.0;1.0;1952.0;5.0;2.0;;;0.0;0;;;2.0;1.0;0.0;2.0;1.0;1.0;5.0;;15;8;2019;07:55;1.0;12;12239;1;2.0;2.0;3.0;RD 45 - PK 13+322;44,4290190;2,9628180;3;45;0.0;;2.0;2;0.0;1.0;13;322;1.0;;;1.0;0.0;1.0;80.0;Aveyron;76;Occitanie
201900003037;138Â 300Â 784;A01;1.0;1;1.0;2.0;1994.0;3.0;1.0;;;0.0;0;;;1.0;7.0;13.0;0.0;2.0;14.0;1.0;;14;6;2019;14:25;1.0;27;27278;1;1.0;1.0;7.0;D836;48,9027390;1,4484560;3;836;0.0;D;2.0;2;0.0;1.0;2;415;1.0;;;1.0;0.0;3.0;80.0;Eure;28;Normandie
201900003037;138Â 300Â 784;A01;9.0;2;3.0;2.0;1999.0;3.0;1.0;;;0.0;0;;;1.0;7.0;13.0;0.0;2.0;14.0;1.0;;14;6;2019;14:25;1.0;27;27278;1;1.0;1.0;7.0;D836;48,9027390;1,4484560;3;836;0.0;D;2.0;2;0.0;1.0;2;415;1.0;;;1.0;0.0;3.0;80.0;Eure;28;Normandie
201900003037;138Â 300Â 784;A01;3.0;2;1.0;1.0;2018.0;3.0;3.0;;;0.0;0;;;1.0;7.0;13.0;0.0;2.0;14.0;1.0;;14;6;2019;14:25;1.0;27;27278;1;1.0;1.0;7.0;D836;48,9027390;1,4484560;3;836;0.0;D;2.0;2;0.0;1.0;2;415;1.0;;;1.0;0.0;3.0;80.0;Eure;28;Normandie
201900003038;138Â 300Â 783;A01;1.0;1;3.0;1.0;1992.0;5.0;1.0;;;0.0;0;;;2.0;7.0;10.0;0.0;3.0;5.0;1.0;;8;6;2019;06:30;1.0;11;11041;1;1.0;1.0;6.0;la tuilerie;43,3082330;2,8603150;3;607;;;2.0;2;0.0;1.0;1;908;1.0;;;1.0;2.0;3.0;80.0;Aude;76;Occitanie
201900003039;138Â 300Â 781;A01;8.0;2;2.0;2.0;2013.0;5.0;0.0;;;0.0;0;;;1.0;7.0;0.0;2.0;1.0;13.0;1.0;;15;8;2019;11:10;1.0;12;12238;1;1.0;1.0;1.0;D911  PR 021+460;44,2362100;2,9779460;3;911;0.0;;2.0;2;0.0;2.0;21;460;1.0;;;1.0;0.0;1.0;80.0;Aveyron;76;Occitanie
201900003039;138Â 300Â 781;A01;7.0;2;2.0;2.0;2016.0;5.0;0.0;;;0.0;0;;;1.0;7.0;0.0;2.0;1.0;13.0;1.0;;15;8;2019;11:10;1.0;12;12238;1;1.0;1.0;1.0;D911  PR 021+460;44,2362100;2,9779460;3;911;0.0;;2.0;2;0.0;2.0;21;460;1.0;;;1.0;0.0;1.0;80.0;Aveyron;76;Occitanie
201900003039;138Â 300Â 781;A01;1.0;1;2.0;2.0;1967.0;5.0;1.0;;;0.0;0;;;1.0;7.0;0.0;2.0;1.0;13.0;1.0;;15;8;2019;11:10;1.0;12;12238;1;1.0;1.0;1.0;D911  PR 021+460;44,2362100;2,9779460;3;911;0.0;;2.0;2;0.0;2.0;21;460;1.0;;;1.0;0.0;1.0;80.0;Aveyron;76;Occitanie
201900003039;138Â 300Â 782;B01;1.0;1;3.0;1.0;1961.0;5.0;1.0;;;0.0;0;;;2.0;7.0;0.0;2.0;1.0;1.0;1.0;;15;8;2019;11:10;1.0;12;12238;1;1.0;1.0;1.0;D911  PR 021+460;44,2362100;2,9779460;3;911;0.0;;2.0;2;0.0;2.0;21;460;1.0;;;1.0;0.0;1.0;80.0;Aveyron;76;Occitanie
201900003039;138Â 300Â 782;B01;2.0;2;2.0;1.0;1996.0;5.0;1.0;;;0.0;0;;;2.0;7.0;0.0;2.0;1.0;1.0;1.0;;15;8;2019;11:10;1.0;12;12238;1;1.0;1.0;1.0;D911  PR 021+460;44,2362100;2,9779460;3;911;0.0;;2.0;2;0.0;2.0;21;460;1.0;;;1.0;0.0;1.0;80.0;Aveyron;76;Occitanie
201900003039;138Â 300Â 782;B01;9.0;2;2.0;2.0;1968.0;5.0;1.0;;;0.0;0;;;2.0;7.0;0.0;2.0;1.0;1.0;1.0;;15;8;2019;11:10;1.0;12;12238;1;1.0;1.0;1.0;D911  PR 021+460;44,2362100;2,9779460;3;911;0.0;;2.0;2;0.0;2.0;21;460;1.0;;;1.0;0.0;1.0;80.0;Aveyron;76;Occitanie
201900003040;138Â 300Â 777;C01;1.0;1;1.0;1.0;1996.0;5.0;1.0;;;0.0;0;;;1.0;7.0;0.0;2.0;8.0;1.0;1.0;;13;8;2019;19:50;1.0;12;12120;1;1.0;1.0;5.0;RN 88 - PK 25+800;44,3844030;2,8081300;2;88;;;2.0;2;0.0;1.0;25;720;1.0;;;1.0;0.0;1.0;80.0;Aveyron;76;Occitanie
201900003040;138Â 300Â 777;C01;9.0;2;1.0;2.0;1998.0;5.0;1.0;;;0.0;0;;;1.0;7.0;0.0;2.0;8.0;1.0;1.0;;13;8;2019;19:50;1.0;12;12120;1;1.0;1.0;5.0;RN 88 - PK 25+800;44,3844030;2,8081300;2;88;;;2.0;2;0.0;1.0;25;720;1.0;;;1.0;0.0;1.0;80.0;Aveyron;76;Occitanie
201900003040;138Â 300Â 777;C01;2.0;2;1.0;2.0;1998.0;5.0;1.0;;;0.0;0;;;1.0;7.0;0.0;2.0;8.0;1.0;1.0;;13;8;2019;19:50;1.0;12;12120;1;1.0;1.0;5.0;RN 88 - PK 25+800;44,3844030;2,8081300;2;88;;;2.0;2;0.0;1.0;25;720;1.0;;;1.0;0.0;1.0;80.0;Aveyron;76;Occitanie
201900003040;138Â 300Â 778;B01;2.0;2;1.0;1.0;1953.0;5.0;1.0;;;0.0;0;;;1.0;7.0;0.0;2.0;8.0;1.0;1.0;;13;8;2019;19:50;1.0;12;12120;1;1.0;1.0;5.0;RN 88 - PK 25+800;44,3844030;2,8081300;2;88;;;2.0;2;0.0;1.0;25;720;1.0;;;1.0;0.0;1.0;80.0;Aveyron;76;Occitanie
201900003040;138Â 300Â 778;B01;1.0;1;1.0;1.0;1952.0;5.0;1.0;;;0.0;0;;;1.0;7.0;0.0;2.0;8.0;1.0;1.0;;13;8;2019;19:50;1.0;12;12120;1;1.0;1.0;5.0;RN 88 - PK 25+800;44,3844030;2,8081300;2;88;;;2.0;2;0.0;1.0;25;720;1.0;;;1.0;0.0;1.0;80.0;Aveyron;76;Occitanie
201900003040;138Â 300Â 779;A01;1.0;1;2.0;1.0;1981.0;0.0;8.0;;;0.0;0;;;2.0;7.0;0.0;2.0;8.0;13.0;1.0;;13;8;2019;19:50;1.0;12;12120;1;1.0;1.0;5.0;RN 88 - PK 25+800;44,3844030;2,8081300;2;88;;;2.0;2;0.0;1.0;25;720;1.0;;;1.0;0.0;1.0;80.0;Aveyron;76;Occitanie
201900003041;138Â 300Â 794;B01;1.0;1;4.0;1.0;1983.0;0.0;8.0;0.0;;; -1;;;3.0;1.0;0.0;2.0;1.0;19.0;5.0;;21;10;2019;09:20;1.0;35;35238;2;3.0;1.0;3.0;LECLERC (AVENUE DU GENERAL);48,1138900; -1,6397900;4;LECLERC (AVENUE DU GENERAL);0.0;;3.0;4;3.0;1.0;0;0;1.0;;;1.0;5.0;1.0;30.0;Ille-et-Vilaine;53;Bretagne
201900003041;138Â 300Â 796;A01;1.0;1;1.0;2.0;1968.0;4.0;1.0;0.0;;;0;;;3.0;37.0;0.0;6.0;2.0;1.0;1.0;3.0;21;10;2019;09:20;1.0;35;35238;2;3.0;1.0;3.0;LECLERC (AVENUE DU GENERAL);48,1138900; -1,6397900;4;LECLERC (AVENUE DU GENERAL);0.0;;3.0;4;3.0;1.0;0;0;1.0;;;1.0;5.0;1.0;30.0;Ille-et-Vilaine;53;Bretagne
201900003041;138Â 300Â 796;A01;8.0;2;2.0;2.0;1972.0;9.0;8.0;0.0;;;0;;;3.0;37.0;0.0;6.0;2.0;1.0;1.0;3.0;21;10;2019;09:20;1.0;35;35238;2;3.0;1.0;3.0;LECLERC (AVENUE DU GENERAL);48,1138900; -1,6397900;4;LECLERC (AVENUE DU GENERAL);0.0;;3.0;4;3.0;1.0;0;0;1.0;;;1.0;5.0;1.0;30.0;Ille-et-Vilaine;53;Bretagne
201900003041;138Â 300Â 796;A01;8.0;2;2.0;2.0;1970.0;1.0;8.0;0.0;;;0;;;3.0;37.0;0.0;6.0;2.0;1.0;1.0;3.0;21;10;2019;09:20;1.0;35;35238;2;3.0;1.0;3.0;LECLERC (AVENUE DU GENERAL);48,1138900; -1,6397900;4;LECLERC (AVENUE DU GENERAL);0.0;;3.0;4;3.0;1.0;0;0;1.0;;;1.0;5.0;1.0;30.0;Ille-et-Vilaine;53;Bretagne
201900003042;138Â 300Â 780;A01;1.0;1;4.0;1.0;1969.0;5.0;2.0;;;0.0;0;;;1.0;32.0;2.0;0.0;1.0;1.0;1.0;;1;6;2019;01:30;3.0;11;11077;1;1.0;1.0;6.0;Avenue des CorbiÃ¨res;43,2314680;2,6753460;3;127;0.0;D;2.0;2;0.0;1.0;7;(1);1.0;;;1.0;0.0;3.0;80.0;Aude;76;Occitanie
201900003043;138Â 300Â 774;A01;10.0;3;2.0;2.0;1963.0;5.0;8.0;0.0;;3.0;3;1.0;;1.0;7.0;0.0;1.0;1.0;1.0;1.0;;22;10;2019;09:10;1.0;34;34172;2;1.0;2.0;6.0;SAINT LAZARE (AVENUE DE);43,6191600;3,8865800;4;SAINT LAZARE (AVENUE DE);0.0;;2.0;2;0.0;1.0;(1);(1);1.0;;;2.0;0.0;1.0;50.0;Hérault;76;Occitanie
201900003043;138Â 300Â 774;A01;1.0;1;1.0;2.0;1960.0;5.0;1.0;0.0;;0.0;0;;;1.0;7.0;0.0;1.0;1.0;1.0;1.0;;22;10;2019;09:10;1.0;34;34172;2;1.0;2.0;6.0;SAINT LAZARE (AVENUE DE);43,6191600;3,8865800;4;SAINT LAZARE (AVENUE DE);0.0;;2.0;2;0.0;1.0;(1);(1);1.0;;;2.0;0.0;1.0;50.0;Hérault;76;Occitanie
201900003044;138Â 300Â 775;A01;2.0;2;2.0;1.0;2001.0;5.0;1.0;;;0.0;0;;;3.0;7.0;0.0;2.0;1.0;1.0;1.0;;15;8;2019;03:45;3.0;42;42081;1;8.0;1.0;1.0;Route Bellegarde;45,6200030;4,2694120;4;;;;2.0;2;0.0;3.0;0;0;1.0;;;1.0;4.0;1.0;70.0;Loire;84;Auvergne-Rhône-Alpes
201900003044;138Â 300Â 775;A01;1.0;1;2.0;1.0;2001.0;5.0;1.0;;;0.0;0;;;3.0;7.0;0.0;2.0;1.0;1.0;1.0;;15;8;2019;03:45;3.0;42;42081;1;8.0;1.0;1.0;Route Bellegarde;45,6200030;4,2694120;4;;;;2.0;2;0.0;3.0;0;0;1.0;;;1.0;4.0;1.0;70.0;Loire;84;Auvergne-Rhône-Alpes
201900003044;138Â 300Â 776;B01;2.0;2;3.0;2.0;1998.0;5.0;1.0;;;0.0;0;;;3.0;7.0;0.0;2.0;1.0;1.0;1.0;;15;8;2019;03:45;3.0;42;42081;1;8.0;1.0;1.0;Route Bellegarde;45,6200030;4,2694120;4;;;;2.0;2;0.0;3.0;0;0;1.0;;;1.0;4.0;1.0;70.0;Loire;84;Auvergne-Rhône-Alpes
201900003044;138Â 300Â 776;B01;1.0;1;1.0;1.0;2000.0;5.0;1.0;;;0.0;0;;;3.0;7.0;0.0;2.0;1.0;1.0;1.0;;15;8;2019;03:45;3.0;42;42081;1;8.0;1.0;1.0;Route Bellegarde;45,6200030;4,2694120;4;;;;2.0;2;0.0;3.0;0;0;1.0;;;1.0;4.0;1.0;70.0;Loire;84;Auvergne-Rhône-Alpes
201900003044;138Â 300Â 776;B01;7.0;2;2.0;1.0;2000.0;5.0;1.0;;;0.0;0;;;3.0;7.0;0.0;2.0;1.0;1.0;1.0;;15;8;2019;03:45;3.0;42;42081;1;8.0;1.0;1.0;Route Bellegarde;45,6200030;4,2694120;4;;;;2.0;2;0.0;3.0;0;0;1.0;;;1.0;4.0;1.0;70.0;Loire;84;Auvergne-Rhône-Alpes
201900003045;138Â 300Â 772;B01;1.0;1;2.0;2.0;1966.0;5.0;2.0;;;0.0;0;;;1.0;1.0;0.0;2.0;4.0;1.0;5.0;;8;6;2019;15:45;1.0;84;84029;1;1.0;1.0;2.0;Route de JonquiÃ¨res;44,1520630;4,8849160;3;43;;;2.0;2;0.0;1.0;(1);(1);1.0;;;1.0;0.0;1.0;80.0;Vaucluse;93;Provence-Alpes-Côte d'Azur
201900003045;138Â 300Â 773;A01;1.0;1;1.0;1.0;1977.0;5.0;1.0;;;0.0;0;;;1.0;7.0;0.0;2.0;2.0;1.0;1.0;;8;6;2019;15:45;1.0;84;84029;1;1.0;1.0;2.0;Route de JonquiÃ¨res;44,1520630;4,8849160;3;43;;;2.0;2;0.0;1.0;(1);(1);1.0;;;1.0;0.0;1.0;80.0;Vaucluse;93;Provence-Alpes-Côte d'Azur
201900003046;138Â 300Â 771;A01;1.0;1;3.0;1.0;1968.0;5.0;2.0;6.0;9.0;0.0;0;;;1.0;33.0;3.0;0.0;3.0;13.0;1.0;;8;6;2019;20:20;2.0;26;26166;1;9.0;1.0;6.0;AUTOROUTE A7;44,7588300;4,7942140;1;7;0.0;;3.0;5;0.0;1.0;92;100;3.0;;;1.0;3.0;2.0;50.0;Drôme;84;Auvergne-Rhône-Alpes
201900003047;138Â 300Â 768;A01;1.0;1;4.0;1.0;1999.0;5.0;1.0;;;0.0;0;;;3.0;7.0;2.0;0.0;3.0;14.0;1.0;;14;8;2019;02:45;3.0;42;42100;1;1.0;1.0;6.0;Le Mazot;45,5560710;4,4068700;4;;;;2.0;2;0.0;2.0;(1);(1);2.0;;;1.0;0.0;3.0;50.0;Loire;84;Auvergne-Rhône-Alpes
201900003047;138Â 300Â 768;A01;2.0;2;2.0;1.0;2001.0;5.0;1.0;;;0.0;0;;;3.0;7.0;2.0;0.0;3.0;14.0;1.0;;14;8;2019;02:45;3.0;42;42100;1;1.0;1.0;6.0;Le Mazot;45,5560710;4,4068700;4;;;;2.0;2;0.0;2.0;(1);(1);2.0;;;1.0;0.0;3.0;50.0;Loire;84;Auvergne-Rhône-Alpes
201900003048;138Â 300Â 769;A01;1.0;1;3.0;1.0;1962.0;5.0;1.0;;;0.0;0;;;0.0;7.0;6.0;0.0;1.0;1.0;1.0;;17;6;2019;17:50;1.0;63;63248;1;3.0;1.0;6.0;Rue Charles de Gaulle;45,7151394;2,9015869;4;bretelle rd2009;;;2.0;2;0.0;4.0;84;900;2.0;;;1.0;0.0;3.0;80.0;Puy-de-Dôme;84;Auvergne-Rhône-Alpes
201900003049;138Â 300Â 766;A01;2.0;2;1.0;1.0;1989.0;5.0;8.0;0.0;;0.0;0;;;1.0;7.0;0.0;2.0;1.0;17.0;1.0;;20;10;2019;19:25;3.0;34;34032;1;1.0;1.0;5.0;ROUTE DEPARTEMENTALE 612;43,3562500;3,2499000;3;612;0.0;;2.0;2;0.0;1.0;67;378;1.0;;;1.0;0.0;1.0;80.0;Hérault;76;Occitanie
201900003049;138Â 300Â 766;A01;1.0;1;1.0;2.0;1967.0;5.0;8.0;0.0;;0.0;0;;;1.0;7.0;0.0;2.0;1.0;17.0;1.0;;20;10;2019;19:25;3.0;34;34032;1;1.0;1.0;5.0;ROUTE DEPARTEMENTALE 612;43,3562500;3,2499000;3;612;0.0;;2.0;2;0.0;1.0;67;378;1.0;;;1.0;0.0;1.0;80.0;Hérault;76;Occitanie
201900003049;138Â 300Â 767;B01;3.0;2;3.0;1.0;1957.0;5.0;1.0;8.0;;0.0;0;;;2.0;7.0;0.0;2.0;2.0;1.0;1.0;;20;10;2019;19:25;3.0;34;34032;1;1.0;1.0;5.0;ROUTE DEPARTEMENTALE 612;43,3562500;3,2499000;3;612;0.0;;2.0;2;0.0;1.0;67;378;1.0;;;1.0;0.0;1.0;80.0;Hérault;76;Occitanie
201900003049;138Â 300Â 767;B01;2.0;2;3.0;2.0;1953.0;5.0;1.0;8.0;;0.0;0;;;2.0;7.0;0.0;2.0;2.0;1.0;1.0;;20;10;2019;19:25;3.0;34;34032;1;1.0;1.0;5.0;ROUTE DEPARTEMENTALE 612;43,3562500;3,2499000;3;612;0.0;;2.0;2;0.0;1.0;67;378;1.0;;;1.0;0.0;1.0;80.0;Hérault;76;Occitanie
201900003049;138Â 300Â 767;B01;1.0;1;3.0;2.0;1965.0;5.0;1.0;8.0;;0.0;0;;;2.0;7.0;0.0;2.0;2.0;1.0;1.0;;20;10;2019;19:25;3.0;34;34032;1;1.0;1.0;5.0;ROUTE DEPARTEMENTALE 612;43,3562500;3,2499000;3;612;0.0;;2.0;2;0.0;1.0;67;378;1.0;;;1.0;0.0;1.0;80.0;Hérault;76;Occitanie
201900003049;138Â 300Â 770;C01;1.0;1;2.0;2.0;1961.0;5.0;1.0;8.0;;0.0;0;;;1.0;7.0;0.0;2.0;8.0;1.0;1.0;;20;10;2019;19:25;3.0;34;34032;1;1.0;1.0;5.0;ROUTE DEPARTEMENTALE 612;43,3562500;3,2499000;3;612;0.0;;2.0;2;0.0;1.0;67;378;1.0;;;1.0;0.0;1.0;80.0;Hérault;76;Occitanie
201900003050;138Â 300Â 763;B01;1.0;1;3.0;2.0;1964.0;3.0;8.0;;;0.0;0;;;1.0;7.0;0.0;2.0;1.0;1.0;1.0;;14;8;2019;10:20;1.0;47;47217;1;1.0;1.0;1.0;Marmounet RD 110;44,1995710;0,7983640;3;110;;D;2.0;2;0.0;4.0;0;500;2.0;;;1.0;0.0;1.0;80.0;Lot-et-Garonne;75;Nouvelle-Aquitaine
201900003050;138Â 300Â 765;A01;2.0;1;1.0;1.0;1971.0;5.0;1.0;;;0.0;0;;;2.0;7.0;0.0;2.0;1.0;5.0;1.0;;14;8;2019;10:20;1.0;47;47217;1;1.0;1.0;1.0;Marmounet RD 110;44,1995710;0,7983640;3;110;;D;2.0;2;0.0;4.0;0;500;2.0;;;1.0;0.0;1.0;80.0;Lot-et-Garonne;75;Nouvelle-Aquitaine
201900003050;138Â 300Â 765;A01;1.0;2;1.0;2.0;1970.0;5.0;1.0;;;0.0;0;;;2.0;7.0;0.0;2.0;1.0;5.0;1.0;;14;8;2019;10:20;1.0;47;47217;1;1.0;1.0;1.0;Marmounet RD 110;44,1995710;0,7983640;3;110;;D;2.0;2;0.0;4.0;0;500;2.0;;;1.0;0.0;1.0;80.0;Lot-et-Garonne;75;Nouvelle-Aquitaine
201900003051;138Â 300Â 761;A01;1.0;1;4.0;1.0;1956.0;5.0;1.0;;;0.0;0;;;1.0;7.0;8.0;0.0;3.0;17.0;1.0;;26;7;2019;16:30;1.0;41;41154;1;1.0;1.0;6.0;La Guizonniere;47,9042230;1,2551800;3;357;;;2.0;2;0.0;1.0;22;50;1.0;;;1.0;0.0;3.0;80.0;Loir-et-Cher;24;Centre-Val de Loire
201900003052;138Â 300Â 760;B01;1.0;1;2.0;2.0;1973.0;5.0;2.0;;;0.0;0;;;1.0;33.0;0.0;2.0;1.0;23.0;1.0;;12;6;2019;15:40;1.0;63;63071;2;4.0;1.0;1.0;le bourg  RD68 t R52;45,7674780;2,8974150;3;52;;;2.0;2;0.0;1.0;9;100;1.0;;;1.0;9.0;1.0;50.0;Puy-de-Dôme;84;Auvergne-Rhône-Alpes
201900003052;138Â 300Â 764;A01;1.0;1;1.0;1.0;2001.0;5.0;1.0;;;0.0;0;;;1.0;7.0;0.0;2.0;3.0;13.0;1.0;;12;6;2019;15:40;1.0;63;63071;2;4.0;1.0;1.0;le bourg  RD68 t R52;45,7674780;2,8974150;3;52;;;2.0;2;0.0;1.0;9;100;1.0;;;1.0;9.0;1.0;50.0;Puy-de-Dôme;84;Auvergne-Rhône-Alpes
201900003053;138Â 300Â 759;A01;1.0;1;1.0;1.0;1978.0;4.0;1.0;;;0.0;0;;;0.0;7.0;0.0;1.0;1.0;1.0;1.0;;15;8;2019;01:45;5.0;34;34332;2;1.0;1.0;6.0;Avenue de la MÃ©diterranÃ©e;43,2968800;3,4177440;3;137;;;2.0;2;0.0;1.0;(1);(1);1.0;;;1.0;6.0;1.0;50.0;Hérault;76;Occitanie