Num_Acc;id_vehicule;num_veh;place;catu;grav;sexe;an_nais;trajet;secu1;secu2;secu3;locp;actp;etatp;id_usager;senc;catv;obs;obsm;choc;manv;motor;occutc;jour;mois;an;hrmn;lum;dep;com;agg;int;atm;col;adr;lat;long;catr;voie;v1;v2;circ;nbv;vosp;prof;pr;pr1;plan;lartpc;larrout;surf;infra;situ;vma;nom_departement;reg;nom_region
201900003053;138Â 300Â 759;A01;10.0;3;3.0;1.0;2002.0;4.0;0.0;;;4.0;5;1.0;;0.0;7.0;0.0;1.0;1.0;1.0;1.0;;15;8;2019;01:45;5.0;34;34332;2;1.0;1.0;6.0;Avenue de la MÃ©diterranÃ©e;43,2968800;3,4177440;3;137;;;2.0;2;0.0;1.0;(1);(1);1.0;;;1.0;6.0;1.0;50.0;Hérault;76;Occitanie
201900003054;138Â 300Â 757;B01;2.0;2;3.0;2.0;2001.0;5.0;8.0;0.0;;;0;;;1.0;50.0;0.0;0.0;0.0;1.0;3.0;;20;10;2019;02:52;5.0;33;33063;2;1.0;3.0;2.0;82 QUAI DES CHARTRONS;44,8534800; -0,5667000;4;QUAI DES CHARTRONS;0.0;;3.0;9;;1.0;0;0;1.0;;;2.0;9.0;1.0;50.0;Gironde;75;Nouvelle-Aquitaine
201900003054;138Â 300Â 757;B01;1.0;1;4.0;1.0;1994.0;5.0;8.0;0.0;;;0;;;1.0;50.0;0.0;0.0;0.0;1.0;3.0;;20;10;2019;02:52;5.0;33;33063;2;1.0;3.0;2.0;82 QUAI DES CHARTRONS;44,8534800; -0,5667000;4;QUAI DES CHARTRONS;0.0;;3.0;9;;1.0;0;0;1.0;;;2.0;9.0;1.0;50.0;Gironde;75;Nouvelle-Aquitaine
201900003054;138Â 300Â 758;A01;1.0;1;1.0;1.0;1992.0;5.0;8.0;0.0;;;0;;;1.0;7.0;0.0;9.0;2.0;1.0;4.0;;20;10;2019;02:52;5.0;33;33063;2;1.0;3.0;2.0;82 QUAI DES CHARTRONS;44,8534800; -0,5667000;4;QUAI DES CHARTRONS;0.0;;3.0;9;;1.0;0;0;1.0;;;2.0;9.0;1.0;50.0;Gironde;75;Nouvelle-Aquitaine
201900003055;138Â 300Â 756;A01;1.0;1;3.0;1.0;1979.0;4.0;1.0;;;0.0;0;;;1.0;15.0;0.0;0.0;7.0;1.0;1.0;;22;7;2019;08:45;1.0;34;34284;2;1.0;1.0;7.0;col de saint colombe;43,4250860;2,7375340;3;907;;;2.0;2;0.0;2.0;43;600;2.0;;;1.0;0.0;1.0;80.0;Hérault;76;Occitanie
201900003056;138Â 300Â 751;A01;2.0;2;1.0;1.0;2001.0;1.0;1.0;;;0.0;0;;;0.0;7.0;0.0;2.0;1.0;19.0;1.0;;30;5;2019;20:00;1.0;63;63116;2;2.0;1.0;4.0;Avenue Ãtienne Clementel;45,9827990;3,0880460;3;2144;;;2.0;2;0.0;1.0;9;750;1.0;;;1.0;5.0;1.0;50.0;Puy-de-Dôme;84;Auvergne-Rhône-Alpes
201900003056;138Â 300Â 751;A01;9.0;2;2.0;2.0;2004.0;1.0;1.0;;;0.0;0;;;0.0;7.0;0.0;2.0;1.0;19.0;1.0;;30;5;2019;20:00;1.0;63;63116;2;2.0;1.0;4.0;Avenue Ãtienne Clementel;45,9827990;3,0880460;3;2144;;;2.0;2;0.0;1.0;9;750;1.0;;;1.0;5.0;1.0;50.0;Puy-de-Dôme;84;Auvergne-Rhône-Alpes
201900003056;138Â 300Â 751;A01;1.0;1;1.0;1.0;1996.0;1.0;1.0;;;0.0;0;;;0.0;7.0;0.0;2.0;1.0;19.0;1.0;;30;5;2019;20:00;1.0;63;63116;2;2.0;1.0;4.0;Avenue Ãtienne Clementel;45,9827990;3,0880460;3;2144;;;2.0;2;0.0;1.0;9;750;1.0;;;1.0;5.0;1.0;50.0;Puy-de-Dôme;84;Auvergne-Rhône-Alpes
201900003056;138Â 300Â 754;B01;1.0;1;1.0;1.0;1949.0;5.0;1.0;;;0.0;0;;;1.0;7.0;0.0;2.0;3.0;23.0;1.0;;30;5;2019;20:00;1.0;63;63116;2;2.0;1.0;4.0;Avenue Ãtienne Clementel;45,9827990;3,0880460;3;2144;;;2.0;2;0.0;1.0;9;750;1.0;;;1.0;5.0;1.0;50.0;Puy-de-Dôme;84;Auvergne-Rhône-Alpes
201900003056;138Â 300Â 755;C01;2.0;2;1.0;1.0;1971.0;4.0;1.0;;;0.0;0;;;1.0;20.0;0.0;2.0;7.0;19.0;1.0;;30;5;2019;20:00;1.0;63;63116;2;2.0;1.0;4.0;Avenue Ãtienne Clementel;45,9827990;3,0880460;3;2144;;;2.0;2;0.0;1.0;9;750;1.0;;;1.0;5.0;1.0;50.0;Puy-de-Dôme;84;Auvergne-Rhône-Alpes
201900003056;138Â 300Â 755;C01;8.0;2;2.0;1.0;1997.0;9.0;9.0;;;0.0;0;;;1.0;20.0;0.0;2.0;7.0;19.0;1.0;;30;5;2019;20:00;1.0;63;63116;2;2.0;1.0;4.0;Avenue Ãtienne Clementel;45,9827990;3,0880460;3;2144;;;2.0;2;0.0;1.0;9;750;1.0;;;1.0;5.0;1.0;50.0;Puy-de-Dôme;84;Auvergne-Rhône-Alpes
201900003056;138Â 300Â 755;C01;7.0;2;2.0;1.0;1983.0;9.0;1.0;;;0.0;0;;;1.0;20.0;0.0;2.0;7.0;19.0;1.0;;30;5;2019;20:00;1.0;63;63116;2;2.0;1.0;4.0;Avenue Ãtienne Clementel;45,9827990;3,0880460;3;2144;;;2.0;2;0.0;1.0;9;750;1.0;;;1.0;5.0;1.0;50.0;Puy-de-Dôme;84;Auvergne-Rhône-Alpes
201900003056;138Â 300Â 755;C01;1.0;1;1.0;1.0;1971.0;4.0;1.0;;;0.0;0;;;1.0;20.0;0.0;2.0;7.0;19.0;1.0;;30;5;2019;20:00;1.0;63;63116;2;2.0;1.0;4.0;Avenue Ãtienne Clementel;45,9827990;3,0880460;3;2144;;;2.0;2;0.0;1.0;9;750;1.0;;;1.0;5.0;1.0;50.0;Puy-de-Dôme;84;Auvergne-Rhône-Alpes
201900003057;138Â 300Â 747;B01;1.0;1;3.0;1.0;1980.0;5.0;1.0;;;0.0;0;;;2.0;7.0;0.0;2.0;1.0;1.0;1.0;;16;6;2019;18:43;1.0;88;88256;1;1.0;1.0;1.0;11 Rue des Champs d'Armenil;48,1732420;6,7587700;3;50;0.0;D;2.0;2;0.0;1.0;1;0;1.0;;;1.0;0.0;1.0;;Vosges;44;Grand Est
201900003057;138Â 300Â 749;A01;1.0;1;3.0;1.0;1972.0;5.0;0.0;;;0.0;0;;;1.0;7.0;0.0;2.0;1.0;13.0;1.0;;16;6;2019;18:43;1.0;88;88256;1;1.0;1.0;1.0;11 Rue des Champs d'Armenil;48,1732420;6,7587700;3;50;0.0;D;2.0;2;0.0;1.0;1;0;1.0;;;1.0;0.0;1.0;;Vosges;44;Grand Est
201900003058;138Â 300Â 748;B01;1.0;1;2.0;1.0;1993.0;5.0;2.0;6.0;;0.0;0;;;2.0;31.0;0.0;2.0;1.0;1.0;1.0;;14;8;2019;09:55;1.0;68;68258;1;2.0;1.0;3.0;Route DÃ©partementale 2;47,8268540;7,2866680;3;2;;;4.0;2;0.0;3.0;10;0;1.0;;;1.0;2.0;1.0;80.0;Haut-Rhin;44;Grand Est
201900003058;138Â 300Â 752;A01;1.0;1;1.0;1.0;1988.0;4.0;1.0;;;0.0;0;;;2.0;7.0;0.0;2.0;8.0;15.0;1.0;;14;8;2019;09:55;1.0;68;68258;1;2.0;1.0;3.0;Route DÃ©partementale 2;47,8268540;7,2866680;3;2;;;4.0;2;0.0;3.0;10;0;1.0;;;1.0;2.0;1.0;80.0;Haut-Rhin;44;Grand Est
201900003059;138Â 300Â 750;A01;1.0;1;1.0;2.0;1990.0;0.0;1.0;0.0;;; -1;;;1.0;7.0;0.0;2.0;5.0;11.0;1.0;;19;10;2019;14:54;1.0;31;31555;2;1.0;1.0;3.0;BD LAZARE CARNOT;43,6037100;1,4508000;4;;0.0;;3.0;2;3.0;1.0;0;0;1.0;;;1.0;0.0;1.0;50.0;Haute-Garonne;76;Occitanie
201900003059;138Â 300Â 753;B01;2.0;2;2.0;1.0;1989.0;9.0;2.0;0.0;;; -1;;;1.0;32.0;0.0;2.0;8.0;1.0;1.0;;19;10;2019;14:54;1.0;31;31555;2;1.0;1.0;3.0;BD LAZARE CARNOT;43,6037100;1,4508000;4;;0.0;;3.0;2;3.0;1.0;0;0;1.0;;;1.0;0.0;1.0;50.0;Haute-Garonne;76;Occitanie
201900003059;138Â 300Â 753;B01;1.0;1;1.0;1.0;1988.0;9.0;2.0;0.0;;; -1;;;1.0;32.0;0.0;2.0;8.0;1.0;1.0;;19;10;2019;14:54;1.0;31;31555;2;1.0;1.0;3.0;BD LAZARE CARNOT;43,6037100;1,4508000;4;;0.0;;3.0;2;3.0;1.0;0;0;1.0;;;1.0;0.0;1.0;50.0;Haute-Garonne;76;Occitanie
201900003060;138Â 300Â 744;A01;1.0;1;2.0;2.0;2001.0;5.0;2.0;6.0;;; -1;;;3.0;30.0;12.0;0.0;0.0;15.0;1.0;;22;10;2019;09:40;1.0;31;31344;1;9.0;2.0;7.0;ASPET (ROUTE);43,0935000;0,7536000;3;905;0.0;;1.0;1;0.0;1.0;0;0;2.0;;;2.0;0.0;1.0;70.0;Haute-Garonne;76;Occitanie
201900003061;138Â 300Â 741;B01;1.0;1;1.0;1.0;1957.0;0.0;1.0;7.0;;; -1;;;3.0;10.0;0.0;2.0;1.0;1.0;1.0;;22;10;2019;13:30;1.0;30;30007;2;1.0;2.0;3.0;CASSIN (RUE RENE);44,1076200;4,0978000;4;CASSIN (RUE RENE);0.0;;2.0;2;0.0;1.0;0;0;1.0;;;2.0;0.0;1.0;50.0;Gard;76;Occitanie
201900003061;138Â 300Â 742;A01;1.0;1;2.0;2.0;2001.0;0.0;1.0;8.0;;; -1;;;3.0;7.0;0.0;2.0;2.0;13.0;1.0;;22;10;2019;13:30;1.0;30;30007;2;1.0;2.0;3.0;CASSIN (RUE RENE);44,1076200;4,0978000;4;CASSIN (RUE RENE);0.0;;2.0;2;0.0;1.0;0;0;1.0;;;2.0;0.0;1.0;50.0;Gard;76;Occitanie
201900003061;138Â 300Â 742;A01;2.0;2;3.0;2.0;2000.0;0.0;1.0;8.0;;; -1;;;3.0;7.0;0.0;2.0;2.0;13.0;1.0;;22;10;2019;13:30;1.0;30;30007;2;1.0;2.0;3.0;CASSIN (RUE RENE);44,1076200;4,0978000;4;CASSIN (RUE RENE);0.0;;2.0;2;0.0;1.0;0;0;1.0;;;2.0;0.0;1.0;50.0;Gard;76;Occitanie
201900003061;138Â 300Â 742;A01;3.0;2;3.0;2.0;1998.0;0.0;1.0;8.0;;; -1;;;3.0;7.0;0.0;2.0;2.0;13.0;1.0;;22;10;2019;13:30;1.0;30;30007;2;1.0;2.0;3.0;CASSIN (RUE RENE);44,1076200;4,0978000;4;CASSIN (RUE RENE);0.0;;2.0;2;0.0;1.0;0;0;1.0;;;2.0;0.0;1.0;50.0;Gard;76;Occitanie
201900003062;138Â 300Â 746;A01;1.0;1;1.0;2.0;1946.0;5.0;1.0;;;0.0;0;;;1.0;7.0;13.0;0.0;1.0;14.0;1.0;;16;6;2019;14:50;1.0;46;46201;1;1.0;1.0;6.0;Route du lac;44,3415720;1,1925550;3;4;;;2.0;2;0.0;2.0;27;200;1.0;;;1.0;0.0;3.0;80.0;Lot;76;Occitanie
201900003062;138Â 300Â 746;A01;2.0;2;3.0;1.0;1944.0;5.0;1.0;;;0.0;0;;;1.0;7.0;13.0;0.0;1.0;14.0;1.0;;16;6;2019;14:50;1.0;46;46201;1;1.0;1.0;6.0;Route du lac;44,3415720;1,1925550;3;4;;;2.0;2;0.0;2.0;27;200;1.0;;;1.0;0.0;3.0;80.0;Lot;76;Occitanie
201900003063;138Â 300Â 739;B01;2.0;2;1.0;2.0;1953.0;0.0;1.0;0.0;;; -1;;;3.0;7.0;0.0;0.0;2.0;16.0;1.0;;19;10;2019;12:20;1.0;28;28085;2;1.0;1.0;3.0;FRANCE (MAIL ANATOLE);48,4460000;1,5260000;4;FRANCE (MAIL ANATOLE);0.0;;2.0;2;0.0;2.0;0;0;3.0;;;2.0;0.0;1.0;50.0;Eure-et-Loir;24;Centre-Val de Loire
201900003063;138Â 300Â 739;B01;1.0;1;1.0;1.0;1947.0;0.0;1.0;0.0;;; -1;;;3.0;7.0;0.0;0.0;2.0;16.0;1.0;;19;10;2019;12:20;1.0;28;28085;2;1.0;1.0;3.0;FRANCE (MAIL ANATOLE);48,4460000;1,5260000;4;FRANCE (MAIL ANATOLE);0.0;;2.0;2;0.0;2.0;0;0;3.0;;;2.0;0.0;1.0;50.0;Eure-et-Loir;24;Centre-Val de Loire
201900003063;138Â 300Â 740;Y01;1.0;1;3.0;1.0;1951.0;0.0;8.0;0.0;;;0;;;3.0;1.0;0.0;2.0;1.0;19.0;5.0;;19;10;2019;12:20;1.0;28;28085;2;1.0;1.0;3.0;FRANCE (MAIL ANATOLE);48,4460000;1,5260000;4;FRANCE (MAIL ANATOLE);0.0;;2.0;2;0.0;2.0;0;0;3.0;;;2.0;0.0;1.0;50.0;Eure-et-Loir;24;Centre-Val de Loire
201900003064;138Â 300Â 737;A01;2.0;2;2.0;1.0;1933.0;0.0;1.0;;;0.0;0;;;2.0;7.0;3.0;2.0;1.0;11.0;1.0;;3;6;2019;15:30;1.0;41;41161;1;1.0;1.0;3.0;Autoroute A71;47,5475180;2,0086470;1;71;;A;3.0;2;0.0;1.0;142;0;1.0;;;1.0;0.0;1.0;130.0;Loir-et-Cher;24;Centre-Val de Loire
201900003064;138Â 300Â 737;A01;9.0;2;2.0;2.0;1965.0;0.0;1.0;;;0.0;0;;;2.0;7.0;3.0;2.0;1.0;11.0;1.0;;3;6;2019;15:30;1.0;41;41161;1;1.0;1.0;3.0;Autoroute A71;47,5475180;2,0086470;1;71;;A;3.0;2;0.0;1.0;142;0;1.0;;;1.0;0.0;1.0;130.0;Loir-et-Cher;24;Centre-Val de Loire
201900003064;138Â 300Â 737;A01;1.0;1;2.0;1.0;1956.0;0.0;1.0;;;0.0;0;;;2.0;7.0;3.0;2.0;1.0;11.0;1.0;;3;6;2019;15:30;1.0;41;41161;1;1.0;1.0;3.0;Autoroute A71;47,5475180;2,0086470;1;71;;A;3.0;2;0.0;1.0;142;0;1.0;;;1.0;0.0;1.0;130.0;Loir-et-Cher;24;Centre-Val de Loire
201900003064;138Â 300Â 737;A01;7.0;2;2.0;2.0;1965.0;0.0;1.0;;;0.0;0;;;2.0;7.0;3.0;2.0;1.0;11.0;1.0;;3;6;2019;15:30;1.0;41;41161;1;1.0;1.0;3.0;Autoroute A71;47,5475180;2,0086470;1;71;;A;3.0;2;0.0;1.0;142;0;1.0;;;1.0;0.0;1.0;130.0;Loir-et-Cher;24;Centre-Val de Loire
201900003064;138Â 300Â 738;B01;1.0;1;1.0;1.0;1966.0;4.0;1.0;;;0.0;0;;;2.0;15.0;0.0;0.0;6.0;1.0;1.0;;3;6;2019;15:30;1.0;41;41161;1;1.0;1.0;3.0;Autoroute A71;47,5475180;2,0086470;1;71;;A;3.0;2;0.0;1.0;142;0;1.0;;;1.0;0.0;1.0;130.0;Loir-et-Cher;24;Centre-Val de Loire
201900003065;138Â 300Â 736;A01;2.0;2;1.0;1.0;1965.0;5.0;1.0;0.0;;;0;;;0.0;7.0;0.0;1.0;2.0;1.0;1.0;;17;10;2019;18:50;2.0;24;24037;2;1.0;1.0;6.0;boulevard J.SANTRAILLE;44,8594600;0,4840400;4;boulevard J.SANTRAILLE;0.0;;2.0;2;0.0;1.0;0;0;1.0;;;1.0;0.0;1.0;50.0;Dordogne;75;Nouvelle-Aquitaine
201900003065;138Â 300Â 736;A01;10.0;3;3.0;1.0;1972.0;0.0;8.0;0.0;;1.0;3;1.0;;0.0;7.0;0.0;1.0;2.0;1.0;1.0;;17;10;2019;18:50;2.0;24;24037;2;1.0;1.0;6.0;boulevard J.SANTRAILLE;44,8594600;0,4840400;4;boulevard J.SANTRAILLE;0.0;;2.0;2;0.0;1.0;0;0;1.0;;;1.0;0.0;1.0;50.0;Dordogne;75;Nouvelle-Aquitaine
201900003065;138Â 300Â 736;A01;1.0;1;1.0;2.0;2003.0;5.0;1.0;0.0;;;0;;;0.0;7.0;0.0;1.0;2.0;1.0;1.0;;17;10;2019;18:50;2.0;24;24037;2;1.0;1.0;6.0;boulevard J.SANTRAILLE;44,8594600;0,4840400;4;boulevard J.SANTRAILLE;0.0;;2.0;2;0.0;1.0;0;0;1.0;;;1.0;0.0;1.0;50.0;Dordogne;75;Nouvelle-Aquitaine
201900003066;138Â 300Â 743;A01;1.0;1;1.0;1.0;1997.0;5.0;1.0;;;0.0;0;;;1.0;7.0;0.0;2.0;3.0;2.0;0.0;;15;8;2019;15:25;1.0;68;68338;2;6.0;2.0;2.0;Route de Colmar;48,0849230;7,2868930;3;11;0.0;D;2.0;2;0.0;1.0;5;400;1.0;;;2.0;5.0;1.0;50.0;Haut-Rhin;44;Grand Est
201900003066;138Â 300Â 745;B01;1.0;1;1.0;2.0;1998.0;0.0;1.0;;;0.0;0;;;1.0;7.0;0.0;2.0;5.0;26.0;0.0;;15;8;2019;15:25;1.0;68;68338;2;6.0;2.0;2.0;Route de Colmar;48,0849230;7,2868930;3;11;0.0;D;2.0;2;0.0;1.0;5;400;1.0;;;2.0;5.0;1.0;50.0;Haut-Rhin;44;Grand Est
201900003066;138Â 300Â 745;B01;2.0;2;2.0;2.0;1996.0;0.0;1.0;;;0.0;0;;;1.0;7.0;0.0;2.0;5.0;26.0;0.0;;15;8;2019;15:25;1.0;68;68338;2;6.0;2.0;2.0;Route de Colmar;48,0849230;7,2868930;3;11;0.0;D;2.0;2;0.0;1.0;5;400;1.0;;;2.0;5.0;1.0;50.0;Haut-Rhin;44;Grand Est
201900003066;138Â 300Â 745;B01;3.0;2;1.0;2.0;1998.0;0.0;1.0;;;0.0;0;;;1.0;7.0;0.0;2.0;5.0;26.0;0.0;;15;8;2019;15:25;1.0;68;68338;2;6.0;2.0;2.0;Route de Colmar;48,0849230;7,2868930;3;11;0.0;D;2.0;2;0.0;1.0;5;400;1.0;;;2.0;5.0;1.0;50.0;Haut-Rhin;44;Grand Est
201900003067;138Â 300Â 735;A01;1.0;1;2.0;2.0;1945.0;0.0;1.0;;;0.0;0;;;1.0;7.0;17.0;0.0;1.0;1.0;1.0;;28;5;2019;16:40;1.0;41;41046;1;1.0;1.0;6.0;autoroute A71;47,6259430;1,9590640;1;71;;;1.0;4;0.0;1.0;132;300;1.0;;;1.0;0.0;3.0;;Loir-et-Cher;24;Centre-Val de Loire
201900003068;138Â 300Â 731;A01;1.0;1;1.0;1.0;2002.0;4.0;0.0;;;0.0;0;;;2.0;21.0;0.0;2.0;3.0;1.0;1.0;;13;8;2019;11:30;1.0;22;22131;1;1.0;8.0;6.0;Le Dresnay;48,5033200; -3,4622680;3;50;;;2.0;2;0.0;2.0;16;1140;3.0;;;1.0;0.0;1.0;80.0;Côtes-d'Armor;53;Bretagne
201900003068;138Â 300Â 733;B01;1.0;2;2.0;2.0;1944.0;5.0;1.0;;;0.0;0;;;1.0;7.0;0.0;2.0;3.0;1.0;1.0;;13;8;2019;11:30;1.0;22;22131;1;1.0;8.0;6.0;Le Dresnay;48,5033200; -3,4622680;3;50;;;2.0;2;0.0;2.0;16;1140;3.0;;;1.0;0.0;1.0;80.0;Côtes-d'Armor;53;Bretagne
201900003068;138Â 300Â 733;B01;2.0;1;1.0;1.0;1944.0;5.0;1.0;;;0.0;0;;;1.0;7.0;0.0;2.0;3.0;1.0;1.0;;13;8;2019;11:30;1.0;22;22131;1;1.0;8.0;6.0;Le Dresnay;48,5033200; -3,4622680;3;50;;;2.0;2;0.0;2.0;16;1140;3.0;;;1.0;0.0;1.0;80.0;Côtes-d'Armor;53;Bretagne
201900003069;138Â 300Â 729;B01;1.0;1;2.0;1.0;1983.0;5.0;2.0;;;0.0;0;;;0.0;1.0;0.0;2.0;1.0;16.0;5.0;;16;6;2019;11:20;1.0;76;76167;2;3.0;1.0;3.0;Rue d'Ecqueville;49,5857000;0,1207000;4;;;;2.0;;;1.0;(1);(1);1.0;;;1.0;0.0;1.0;;Seine-Maritime;28;Normandie
201900003069;138Â 300Â 730;A01;2.0;2;1.0;2.0;1967.0;5.0;1.0;;;0.0;0;;;0.0;7.0;0.0;2.0;3.0;1.0;1.0;;16;6;2019;11:20;1.0;76;76167;2;3.0;1.0;3.0;Rue d'Ecqueville;49,5857000;0,1207000;4;;;;2.0;;;1.0;(1);(1);1.0;;;1.0;0.0;1.0;;Seine-Maritime;28;Normandie
201900003069;138Â 300Â 730;A01;1.0;1;1.0;1.0;1967.0;5.0;1.0;;;0.0;0;;;0.0;7.0;0.0;2.0;3.0;1.0;1.0;;16;6;2019;11:20;1.0;76;76167;2;3.0;1.0;3.0;Rue d'Ecqueville;49,5857000;0,1207000;4;;;;2.0;;;1.0;(1);(1);1.0;;;1.0;0.0;1.0;;Seine-Maritime;28;Normandie
201900003070;138Â 300Â 726;B01;1.0;1;1.0;1.0;1978.0;0.0;1.0;;;0.0;0;;;2.0;7.0;0.0;0.0;1.0;1.0;1.0;;13;8;2019;17:40;1.0;22;22122;1;3.0;1.0;2.0;N164;48,1847220; -2,5360890;2;164;;;2.0;2;0.0;1.0;24;465;1.0;;;1.0;0.0;1.0;80.0;Côtes-d'Armor;53;Bretagne
201900003070;138Â 300Â 728;A01;1.0;1;1.0;2.0;1983.0;0.0;1.0;;;0.0;0;;;2.0;7.0;0.0;0.0;4.0;15.0;1.0;;13;8;2019;17:40;1.0;22;22122;1;3.0;1.0;2.0;N164;48,1847220; -2,5360890;2;164;;;2.0;2;0.0;1.0;24;465;1.0;;;1.0;0.0;1.0;80.0;Côtes-d'Armor;53;Bretagne
201900003070;138Â 300Â 728;A01;3.0;2;1.0;1.0;2011.0;0.0;1.0;3.0;;0.0;0;;;2.0;7.0;0.0;0.0;4.0;15.0;1.0;;13;8;2019;17:40;1.0;22;22122;1;3.0;1.0;2.0;N164;48,1847220; -2,5360890;2;164;;;2.0;2;0.0;1.0;24;465;1.0;;;1.0;0.0;1.0;80.0;Côtes-d'Armor;53;Bretagne
201900003070;138Â 300Â 728;A01;2.0;2;2.0;1.0;1982.0;0.0;1.0;;;0.0;0;;;2.0;7.0;0.0;0.0;4.0;15.0;1.0;;13;8;2019;17:40;1.0;22;22122;1;3.0;1.0;2.0;N164;48,1847220; -2,5360890;2;164;;;2.0;2;0.0;1.0;24;465;1.0;;;1.0;0.0;1.0;80.0;Côtes-d'Armor;53;Bretagne
201900003071;138Â 300Â 725;A01;1.0;1;1.0;2.0;1948.0;0.0;1.0;0.0;;;0;;;3.0;7.0;0.0;2.0;2.0;15.0;1.0;;22;10;2019;14:50;1.0;17;17200;2;1.0;1.0;3.0;GONTHIERES   RUE DES (99 et 11);46,1788890; -1,1463100;4;GONTHIERES   RUE DES (99 et 11);0.0;;2.0;2;0.0;1.0;1;0;1.0;;;1.0;0.0;1.0;50.0;Charente-Maritime;75;Nouvelle-Aquitaine
201900003071;138Â 300Â 727;B01;1.0;1;2.0;1.0;2003.0;5.0;2.0;8.0;;;0;;;3.0;2.0;0.0;2.0;1.0;1.0;1.0;;22;10;2019;14:50;1.0;17;17200;2;1.0;1.0;3.0;GONTHIERES   RUE DES (99 et 11);46,1788890; -1,1463100;4;GONTHIERES   RUE DES (99 et 11);0.0;;2.0;2;0.0;1.0;1;0;1.0;;;1.0;0.0;1.0;50.0;Charente-Maritime;75;Nouvelle-Aquitaine
201900003071;138Â 300Â 727;B01;2.0;2;2.0;1.0;2003.0;5.0;2.0;8.0;;;0;;;3.0;2.0;0.0;2.0;1.0;1.0;1.0;;22;10;2019;14:50;1.0;17;17200;2;1.0;1.0;3.0;GONTHIERES   RUE DES (99 et 11);46,1788890; -1,1463100;4;GONTHIERES   RUE DES (99 et 11);0.0;;2.0;2;0.0;1.0;1;0;1.0;;;1.0;0.0;1.0;50.0;Charente-Maritime;75;Nouvelle-Aquitaine
201900003072;138Â 300Â 724;A01;1.0;1;3.0;2.0;1989.0;5.0;8.0;;;0.0;0;;;1.0;7.0;13.0;0.0;8.0;1.0;1.0;;10;6;2019;23:10;3.0;28;28006;1;6.0;1.0;7.0;N123;48,4367170;1,4303720;2;123;0.0;;3.0;2;0.0;1.0;11;500;1.0;;;1.0;5.0;3.0;90.0;Eure-et-Loir;24;Centre-Val de Loire
201900003073;138Â 300Â 723;A01;1.0;1;1.0;2.0;1981.0;3.0;1.0;0.0;;;0;;;3.0;7.0;0.0;1.0;4.0;4.0;1.0;;22;10;2019;12:55;1.0;17;17291;2;1.0;1.0;6.0;LIBERATION   RUE DE LA;46,1768000; -1,1143900;6;LIBERATION   RUE DE LA;0.0;;;0;0.0;1.0;0;0;1.0;;;1.0;0.0;8.0;50.0;Charente-Maritime;75;Nouvelle-Aquitaine
201900003073;138Â 300Â 723;A01;10.0;3;2.0;2.0;1953.0;3.0;8.0;0.0;;9.0;3;1.0;;3.0;7.0;0.0;1.0;4.0;4.0;1.0;;22;10;2019;12:55;1.0;17;17291;2;1.0;1.0;6.0;LIBERATION   RUE DE LA;46,1768000; -1,1143900;6;LIBERATION   RUE DE LA;0.0;;;0;0.0;1.0;0;0;1.0;;;1.0;0.0;8.0;50.0;Charente-Maritime;75;Nouvelle-Aquitaine
201900003074;138Â 300Â 722;A01;1.0;1;3.0;2.0;2000.0;9.0;1.0;;;0.0;0;;;1.0;7.0;6.0;0.0;3.0;21.0;1.0;;2;6;2019;15:18;1.0;28;28022;1;1.0;1.0;6.0;RD 939;48,4983430;1,3654950;3;939;0.0;;2.0;2;0.0;2.0;54;800;1.0;;;1.0;0.0;8.0;80.0;Eure-et-Loir;24;Centre-Val de Loire
201900003075;138Â 300Â 721;A01;1.0;1;3.0;1.0;1994.0;5.0;1.0;8.0;;; -1;;;0.0;7.0;6.0;0.0;8.0;1.0;1.0;;22;10;2019;00:00;3.0;30;30032;1;1.0;2.0;6.0;COMPS ROUTE DE;43,8154000;4,6306000;4;COMPS ROUTE DE;0.0;;;2;0.0;1.0;0;0;1.0;;;2.0;0.0;1.0;50.0;Gard;76;Occitanie
201900003076;138Â 300Â 719;A01;1.0;1;3.0;1.0;1928.0;5.0;4.0;;;0.0;0;;;3.0;1.0;0.0;2.0;1.0;19.0;5.0;;1;6;2019;15:00;1.0;28;28269;2;2.0;1.0;3.0;Rue de Chartres;48,3955660;1,4928140;3;114.3;;;2.0;2;0.0;1.0;5;50;1.0;;;1.0;0.0;1.0;50.0;Eure-et-Loir;24;Centre-Val de Loire
201900003076;138Â 300Â 720;C01;1.0;1;1.0;1.0;1995.0;0.0;1.0;;;0.0;0;;;2.0;7.0;0.0;2.0;1.0;1.0;1.0;;1;6;2019;15:00;1.0;28;28269;2;2.0;1.0;3.0;Rue de Chartres;48,3955660;1,4928140;3;114.3;;;2.0;2;0.0;1.0;5;50;1.0;;;1.0;0.0;1.0;50.0;Eure-et-Loir;24;Centre-Val de Loire
201900003077;138Â 300Â 715;B01;1.0;1;2.0;1.0;1969.0;1.0;0.0;;;0.0;0;;;1.0;50.0;0.0;0.0;4.0;1.0;3.0;;12;6;2019;07:45;1.0;68;68300;2;6.0;2.0;2.0;Rue de la Fabrique;47,7796590;7,3650750;3;38;;;2.0;2;1.0;1.0;4;766;1.0;;;2.0;5.0;1.0;50.0;Haut-Rhin;44;Grand Est
201900003077;138Â 300Â 717;A01;1.0;1;1.0;1.0;1965.0;1.0;1.0;;;0.0;0;;;1.0;7.0;0.0;2.0;1.0;9.0;1.0;;12;6;2019;07:45;1.0;68;68300;2;6.0;2.0;2.0;Rue de la Fabrique;47,7796590;7,3650750;3;38;;;2.0;2;1.0;1.0;4;766;1.0;;;2.0;5.0;1.0;50.0;Haut-Rhin;44;Grand Est