Num_Acc;id_vehicule;num_veh;place;catu;grav;sexe;an_nais;trajet;secu1;secu2;secu3;locp;actp;etatp;id_usager;senc;catv;obs;obsm;choc;manv;motor;occutc;jour;mois;an;hrmn;lum;dep;com;agg;int;atm;col;adr;lat;long;catr;voie;v1;v2;circ;nbv;vosp;prof;pr;pr1;plan;lartpc;larrout;surf;infra;situ;vma;nom_departement;reg;nom_region
201900003131;138Â 300Â 622;A01;1.0;1;2.0;1.0;2001.0;2.0;0.0;;;0.0;0;;;1.0;1.0;0.0;2.0;1.0;26.0;0.0;;6;6;2019;17:45;1.0;62;62261;2;9.0;1.0;3.0;Avenue d'Ãtaples;50,5069470;1,6273140;3;940;;;1.0;1;0.0;1.0;23;100;1.0;;;1.0;0.0;1.0;50.0;Pas-de-Calais;32;Hauts-de-France
201900003132;138Â 300Â 620;A01;1.0;1;2.0;2.0;1981.0;5.0;2.0;6.0;9.0;0.0;0;;;3.0;33.0;0.0;0.0;0.0;26.0;1.0;;15;8;2019;15:00;1.0;26;26069;1;1.0;1.0;7.0;D518, 200 mÃ¨tes de la borne kilomÃ©trique 49;44,7986400;5,3839460;3;518;;;2.0;2;0.0;2.0;49;200;1.0;;;1.0;0.0;1.0;80.0;Drôme;84;Auvergne-Rhône-Alpes
201900003133;138Â 300Â 619;A01;10.0;3;2.0;2.0;1941.0;5.0;0.0;;;3.0;3;1.0;;2.0;7.0;0.0;1.0;3.0;15.0;1.0;;20;10;2019;18:55;5.0;75;75116;2;2.0;2.0;6.0;AVENUE KLEBER;48,8690260;2,2915810;4;AVENUE KLEBER;0.0;;2.0;3;;1.0;0;0;1.0;;;2.0;0.0;1.0;50.0;Paris;11;Île-de-France
201900003133;138Â 300Â 619;A01;1.0;1;1.0;1.0;1987.0;4.0;1.0;0.0;;0.0;0;;;2.0;7.0;0.0;1.0;3.0;15.0;1.0;;20;10;2019;18:55;5.0;75;75116;2;2.0;2.0;6.0;AVENUE KLEBER;48,8690260;2,2915810;4;AVENUE KLEBER;0.0;;2.0;3;;1.0;0;0;1.0;;;2.0;0.0;1.0;50.0;Paris;11;Île-de-France
201900003134;138Â 300Â 617;B01;1.0;1;1.0;2.0;1945.0;5.0;1.0;;;0.0;0;;;0.0;7.0;0.0;2.0;4.0;2.0;0.0;;28;5;2019;18:15;1.0;62;62571;2;1.0;1.0;2.0;Rue Joseph Daubrege;50,4610180;1,6135560;3;940;;;2.0;2;0.0;1.0;(1);(1);1.0;;;1.0;0.0;1.0;50.0;Pas-de-Calais;32;Hauts-de-France
201900003134;138Â 300Â 618;A01;1.0;1;2.0;1.0;2005.0;5.0;2.0;;;0.0;0;;;0.0;2.0;0.0;2.0;1.0;2.0;0.0;;28;5;2019;18:15;1.0;62;62571;2;1.0;1.0;2.0;Rue Joseph Daubrege;50,4610180;1,6135560;3;940;;;2.0;2;0.0;1.0;(1);(1);1.0;;;1.0;0.0;1.0;50.0;Pas-de-Calais;32;Hauts-de-France
201900003135;138Â 300Â 615;A01;1.0;1;1.0;2.0;1974.0;1.0;1.0;0.0;;0.0;0;;;1.0;7.0;0.0;2.0;7.0;16.0;1.0;;22;10;2019;08:30;1.0;75;75115;2;4.0;1.0;3.0;BOULEVARD DE GRENELLE;48,8509254;2,2920938;4;BOULEVARD DE GRENELLE;0.0;;1.0;1;0.0;1.0;0;0;1.0;;;1.0;0.0;1.0;50.0;Paris;11;Île-de-France
201900003135;138Â 300Â 616;B01;1.0;1;2.0;1.0;1986.0;0.0;2.0;6.0;;0.0;0;;;1.0;2.0;0.0;2.0;8.0;18.0;1.0;;22;10;2019;08:30;1.0;75;75115;2;4.0;1.0;3.0;BOULEVARD DE GRENELLE;48,8509254;2,2920938;4;BOULEVARD DE GRENELLE;0.0;;1.0;1;0.0;1.0;0;0;1.0;;;1.0;0.0;1.0;50.0;Paris;11;Île-de-France
201900003136;138Â 300Â 612;A01;1.0;1;1.0;2.0;2000.0;1.0;1.0;;;0.0;0;;;1.0;7.0;0.0;2.0;3.0;1.0;1.0;;15;8;2019;18:15;1.0;58;58157;1;1.0;1.0;1.0;RD 286;47,3215060;3,9350040;3;286;0.0;;2.0;2;0.0;1.0;3;100;1.0;;;1.0;0.0;1.0;80.0;Nièvre;27;Bourgogne-Franche-Comté
201900003136;138Â 300Â 613;B01;1.0;1;3.0;2.0;1970.0;1.0;1.0;;;0.0;0;;;2.0;7.0;0.0;2.0;3.0;1.0;1.0;;15;8;2019;18:15;1.0;58;58157;1;1.0;1.0;1.0;RD 286;47,3215060;3,9350040;3;286;0.0;;2.0;2;0.0;1.0;3;100;1.0;;;1.0;0.0;1.0;80.0;Nièvre;27;Bourgogne-Franche-Comté
201900003137;138Â 300Â 609;B01;1.0;1;1.0;1.0;1980.0;4.0;8.0;;;0.0;0;;;2.0;15.0;0.0;2.0;6.0;15.0;0.0;;31;5;2019;20:00;1.0;69;69228;1;3.0;1.0;3.0;route de givors;45,5439910;4,6579160;1;47;;;1.0;1;0.0;1.0;12;850;3.0;;;1.0;0.0;1.0;70.0;Rhône;84;Auvergne-Rhône-Alpes
201900003137;138Â 300Â 611;A01;1.0;1;2.0;1.0;1985.0;5.0;2.0;6.0;;0.0;0;;;1.0;33.0;0.0;2.0;1.0;1.0;0.0;;31;5;2019;20:00;1.0;69;69228;1;3.0;1.0;3.0;route de givors;45,5439910;4,6579160;1;47;;;1.0;1;0.0;1.0;12;850;3.0;;;1.0;0.0;1.0;70.0;Rhône;84;Auvergne-Rhône-Alpes
201900003138;138Â 300Â 608;B01;1.0;1;1.0;1.0;1992.0;5.0;1.0;0.0;;0.0;0;;;1.0;7.0;0.0;2.0;6.0;1.0;1.0;;21;10;2019;14:45;1.0;75;75115;2;2.0;1.0;3.0;RUE LOUIS VICAT;48,8254250;2,3005206;4;RUE LOUIS VICAT;0.0;;2.0;2;0.0;1.0;0;0;1.0;;;1.0;0.0;1.0;50.0;Paris;11;Île-de-France
201900003138;138Â 300Â 610;A01;3.0;2;1.0;2.0;2019.0;5.0;3.0;;;0.0;0;;;1.0;7.0;0.0;2.0;2.0;14.0;1.0;;21;10;2019;14:45;1.0;75;75115;2;2.0;1.0;3.0;RUE LOUIS VICAT;48,8254250;2,3005206;4;RUE LOUIS VICAT;0.0;;2.0;2;0.0;1.0;0;0;1.0;;;1.0;0.0;1.0;50.0;Paris;11;Île-de-France
201900003138;138Â 300Â 610;A01;5.0;2;1.0;1.0;2015.0;5.0;3.0;0.0;;0.0;0;;;1.0;7.0;0.0;2.0;2.0;14.0;1.0;;21;10;2019;14:45;1.0;75;75115;2;2.0;1.0;3.0;RUE LOUIS VICAT;48,8254250;2,3005206;4;RUE LOUIS VICAT;0.0;;2.0;2;0.0;1.0;0;0;1.0;;;1.0;0.0;1.0;50.0;Paris;11;Île-de-France
201900003138;138Â 300Â 610;A01;4.0;2;2.0;2.0;2012.0;5.0;3.0;;;0.0;0;;;1.0;7.0;0.0;2.0;2.0;14.0;1.0;;21;10;2019;14:45;1.0;75;75115;2;2.0;1.0;3.0;RUE LOUIS VICAT;48,8254250;2,3005206;4;RUE LOUIS VICAT;0.0;;2.0;2;0.0;1.0;0;0;1.0;;;1.0;0.0;1.0;50.0;Paris;11;Île-de-France
201900003138;138Â 300Â 610;A01;1.0;1;1.0;2.0;1988.0;5.0;1.0;0.0;;0.0;0;;;1.0;7.0;0.0;2.0;2.0;14.0;1.0;;21;10;2019;14:45;1.0;75;75115;2;2.0;1.0;3.0;RUE LOUIS VICAT;48,8254250;2,3005206;4;RUE LOUIS VICAT;0.0;;2.0;2;0.0;1.0;0;0;1.0;;;1.0;0.0;1.0;50.0;Paris;11;Île-de-France
201900003139;138Â 300Â 604;A01;1.0;1;3.0;1.0;1964.0;0.0;2.0;6.0;;0.0;0;;;1.0;33.0;1.0;0.0;2.0;2.0;0.0;;15;8;2019;11:10;1.0;54;54211;2;5.0;1.0;4.0;2 rue du faubourg frÃ©monville;48,5965960;6,8912660;3;993;0.0;D;2.0;2;0.0;1.0;3;895;2.0;;;1.0;0.0;1.0;50.0;Meurthe-et-Moselle;44;Grand Est
201900003139;138Â 300Â 606;B01;1.0;1;1.0;1.0;1981.0;;8.0;;;; -1;;;1.0;7.0;1.0;0.0;8.0;26.0;0.0;;15;8;2019;11:10;1.0;54;54211;2;5.0;1.0;4.0;2 rue du faubourg frÃ©monville;48,5965960;6,8912660;3;993;0.0;D;2.0;2;0.0;1.0;3;895;2.0;;;1.0;0.0;1.0;50.0;Meurthe-et-Moselle;44;Grand Est
201900003139;138Â 300Â 607;C01;1.0;1;1.0;2.0;1983.0;;8.0;;;; -1;;;1.0;7.0;1.0;0.0;5.0;26.0;0.0;;15;8;2019;11:10;1.0;54;54211;2;5.0;1.0;4.0;2 rue du faubourg frÃ©monville;48,5965960;6,8912660;3;993;0.0;D;2.0;2;0.0;1.0;3;895;2.0;;;1.0;0.0;1.0;50.0;Meurthe-et-Moselle;44;Grand Est
201900003140;138Â 300Â 603;B01;1.0;1;1.0;1.0;1973.0;5.0;1.0;;;0.0;0;;;1.0;7.0;0.0;2.0;4.0;2.0;1.0;;2;6;2019;17:00;1.0;59;59107;1;1.0;7.0;1.0;D947;51,0699460;2,5113690;3;947;;;2.0;2;0.0;1.0;(1);(1);1.0;;;1.0;0.0;1.0;80.0;Nord;32;Hauts-de-France
201900003140;138Â 300Â 605;A01;2.0;2;3.0;2.0;1976.0;5.0;2.0;6.0;;0.0;0;;;1.0;33.0;0.0;2.0;1.0;1.0;1.0;;2;6;2019;17:00;1.0;59;59107;1;1.0;7.0;1.0;D947;51,0699460;2,5113690;3;947;;;2.0;2;0.0;1.0;(1);(1);1.0;;;1.0;0.0;1.0;80.0;Nord;32;Hauts-de-France
201900003140;138Â 300Â 605;A01;1.0;1;3.0;1.0;1956.0;5.0;2.0;6.0;;0.0;0;;;1.0;33.0;0.0;2.0;1.0;1.0;1.0;;2;6;2019;17:00;1.0;59;59107;1;1.0;7.0;1.0;D947;51,0699460;2,5113690;3;947;;;2.0;2;0.0;1.0;(1);(1);1.0;;;1.0;0.0;1.0;80.0;Nord;32;Hauts-de-France
201900003141;138Â 300Â 602;A01;1.0;1;4.0;1.0;1966.0;1.0;0.0;;;0.0;0;;;1.0;21.0;6.0;0.0;2.0;1.0;1.0;;14;8;2019;16:19;1.0;54;54177;2;9.0;1.0;7.0;D19;48,6289580;6,6949870;3;19;0.0;D;;1;0.0;1.0;20;21;1.0;;;1.0;2.0;1.0;50.0;Meurthe-et-Moselle;44;Grand Est
201900003142;138Â 300Â 598;B01;1.0;1;2.0;1.0;1987.0;5.0;0.0;;;0.0;0;;;2.0;1.0;0.0;2.0;1.0;1.0;5.0;;3;6;2019;16:20;1.0;974;97413;2;3.0;1.0;3.0;Rue Adrien Lagourgue, LE PITON; -21,2166610;55,3080870;3;11;0.0;D;2.0;2;0.0;2.0;(1);(1);1.0;;;1.0;0.0;1.0;50.0;La Réunion;04;La Réunion
201900003142;138Â 300Â 600;A01;1.0;1;1.0;1.0;1940.0;5.0;1.0;;;0.0;0;;;1.0;7.0;0.0;9.0;7.0;15.0;1.0;;3;6;2019;16:20;1.0;974;97413;2;3.0;1.0;3.0;Rue Adrien Lagourgue, LE PITON; -21,2166610;55,3080870;3;11;0.0;D;2.0;2;0.0;2.0;(1);(1);1.0;;;1.0;0.0;1.0;50.0;La Réunion;04;La Réunion
201900003143;138Â 300Â 597;B01;1.0;1;2.0;2.0;1994.0;9.0;1.0;;;0.0;0;;;1.0;7.0;0.0;2.0;3.0;1.0;1.0;;14;8;2019;20:08;2.0;72;72239;1;1.0;2.0;1.0;La croix;47,9228910; -0,2648960;3;4;;;2.0;2;0.0;2.0;(1);(1);4.0;;;2.0;0.0;1.0;70.0;Sarthe;52;Pays de la Loire
201900003143;138Â 300Â 599;A01;1.0;1;2.0;1.0;1968.0;0.0;1.0;;;0.0;0;;;2.0;7.0;3.0;2.0;3.0;1.0;1.0;;14;8;2019;20:08;2.0;72;72239;1;1.0;2.0;1.0;La croix;47,9228910; -0,2648960;3;4;;;2.0;2;0.0;2.0;(1);(1);4.0;;;2.0;0.0;1.0;70.0;Sarthe;52;Pays de la Loire
201900003144;138Â 300Â 596;A01;1.0;1;3.0;1.0;1943.0;5.0;1.0;;;0.0;0;;;1.0;7.0;0.0;0.0;1.0;0.0;1.0;;14;6;2019;20:14;2.0;65;65062;1;1.0;1.0;7.0;D119;43,1863911;0,1170945;3;119;0.0;;2.0;2;0.0;1.0;5;350;3.0;;;1.0;0.0;8.0;80.0;Hautes-Pyrénées;76;Occitanie
201900003145;138Â 300Â 601;A01;10.0;3;2.0;2.0;1980.0;0.0;0.0;;;3.0;3;1.0;;1.0;7.0;0.0;1.0;1.0;15.0;1.0;;21;10;2019;12:55;1.0;75;75115;2;4.0;1.0;6.0;RUE DE LA FEDERATION;48,8527996;2,2983367;4;RUE DE LA FEDERATION;0.0;;1.0;1;0.0;1.0;0;0;2.0;;;1.0;0.0;1.0;50.0;Paris;11;Île-de-France
201900003145;138Â 300Â 601;A01;1.0;1;1.0;1.0;1942.0;5.0;1.0;0.0;;0.0;0;;;1.0;7.0;0.0;1.0;1.0;15.0;1.0;;21;10;2019;12:55;1.0;75;75115;2;4.0;1.0;6.0;RUE DE LA FEDERATION;48,8527996;2,2983367;4;RUE DE LA FEDERATION;0.0;;1.0;1;0.0;1.0;0;0;2.0;;;1.0;0.0;1.0;50.0;Paris;11;Île-de-France
201900003146;138Â 300Â 591;A01;5.0;2;2.0;1.0;1988.0;5.0;8.0;;;0.0;0;;;2.0;7.0;6.0;0.0;1.0;1.0;1.0;;8;6;2019;22:30;3.0;65;65146;2;1.0;1.0;6.0;RN21;43,2933090;0,1148420;2;21;0.0;;2.0;2;0.0;1.0;13;100;1.0;;;1.0;9.0;3.0;70.0;Hautes-Pyrénées;76;Occitanie
201900003146;138Â 300Â 591;A01;1.0;1;1.0;1.0;1987.0;5.0;1.0;;;0.0;0;;;2.0;7.0;6.0;0.0;1.0;1.0;1.0;;8;6;2019;22:30;3.0;65;65146;2;1.0;1.0;6.0;RN21;43,2933090;0,1148420;2;21;0.0;;2.0;2;0.0;1.0;13;100;1.0;;;1.0;9.0;3.0;70.0;Hautes-Pyrénées;76;Occitanie
201900003146;138Â 300Â 591;A01;4.0;2;3.0;1.0;1988.0;5.0;8.0;;;0.0;0;;;2.0;7.0;6.0;0.0;1.0;1.0;1.0;;8;6;2019;22:30;3.0;65;65146;2;1.0;1.0;6.0;RN21;43,2933090;0,1148420;2;21;0.0;;2.0;2;0.0;1.0;13;100;1.0;;;1.0;9.0;3.0;70.0;Hautes-Pyrénées;76;Occitanie
201900003147;138Â 300Â 590;A01;1.0;1;2.0;2.0;1972.0;1.0;8.0;;;0.0;0;;;1.0;7.0;0.0;2.0;3.0;1.0;1.0;;14;8;2019;14:50;1.0;06;06136;1;1.0;1.0;5.0;RD2204;43,8877440;7,4754850;3;2204;0.0;;2.0;2;0.0;2.0;44;897;2.0;;;1.0;0.0;1.0;80.0;Alpes-Maritimes;93;Provence-Alpes-Côte d'Azur
201900003147;138Â 300Â 592;B01;1.0;1;1.0;1.0;1948.0;5.0;2.0;6.0;;0.0;0;;;2.0;33.0;0.0;2.0;1.0;13.0;1.0;;14;8;2019;14:50;1.0;06;06136;1;1.0;1.0;5.0;RD2204;43,8877440;7,4754850;3;2204;0.0;;2.0;2;0.0;2.0;44;897;2.0;;;1.0;0.0;1.0;80.0;Alpes-Maritimes;93;Provence-Alpes-Côte d'Azur
201900003147;138Â 300Â 593;C01;1.0;1;3.0;1.0;1956.0;5.0;2.0;6.0;;0.0;0;;;2.0;33.0;14.0;0.0;1.0;1.0;1.0;;14;8;2019;14:50;1.0;06;06136;1;1.0;1.0;5.0;RD2204;43,8877440;7,4754850;3;2204;0.0;;2.0;2;0.0;2.0;44;897;2.0;;;1.0;0.0;1.0;80.0;Alpes-Maritimes;93;Provence-Alpes-Côte d'Azur
201900003148;138Â 300Â 589;Z01;10.0;3;2.0;2.0;1983.0;5.0;0.0;;;5.0;9;1.0;;2.0;1.0;0.0;1.0;0.0;1.0;5.0;;22;10;2019;11:30;1.0;75;75112;2;7.0;1.0;6.0;PLACE EDOUARD RENARD;48,8353580;2,4065948;4;PLACE EDOUARD RENARD;0.0;;2.0;2;;1.0;0;0;2.0;;;1.0;0.0;4.0;50.0;Paris;11;Île-de-France
201900003149;138Â 300Â 587;A01;2.0;2;3.0;2.0;1977.0;5.0;2.0;6.0;;0.0;0;;;1.0;33.0;10.0;0.0;7.0;1.0;1.0;;15;8;2019;15:50;1.0;06;06136;1;1.0;1.0;7.0;route dÃ©partementale 2204;43,9112180;7,4784870;3;2204;;;2.0;2;0.0;1.0;48;900;1.0;;;1.0;0.0;1.0;90.0;Alpes-Maritimes;93;Provence-Alpes-Côte d'Azur
201900003149;138Â 300Â 587;A01;1.0;1;3.0;1.0;1976.0;5.0;2.0;6.0;;0.0;0;;;1.0;33.0;10.0;0.0;7.0;1.0;1.0;;15;8;2019;15:50;1.0;06;06136;1;1.0;1.0;7.0;route dÃ©partementale 2204;43,9112180;7,4784870;3;2204;;;2.0;2;0.0;1.0;48;900;1.0;;;1.0;0.0;1.0;90.0;Alpes-Maritimes;93;Provence-Alpes-Côte d'Azur
201900003150;138Â 300Â 586;A01;1.0;1;2.0;1.0;1969.0;0.0;2.0;8.0;;0.0;0;;;1.0;50.0;12.0;2.0;8.0;18.0;3.0;;22;10;2019;18:20;2.0;75;75111;2;1.0;1.0;6.0;BOULEVARD VOLTAIRE;48,8569071;2,3816180;4;BOULEVARD VOLTAIRE;0.0;;1.0;2;1.0;1.0;0;0;1.0;;;1.0;0.0;5.0;50.0;Paris;11;Île-de-France
201900003151;138Â 300Â 582;A01;1.0;1;1.0;1.0;1996.0;5.0;8.0;;;0.0;0;;;1.0;7.0;0.0;2.0;3.0;17.0;1.0;;14;8;2019;00:45;3.0;06;06010;1;1.0;1.0;1.0;1258 route de grasse;43,6896920;6,9795690;3;2210;;;2.0;2;0.0;2.0;(1);(1);1.0;;;1.0;0.0;1.0;70.0;Alpes-Maritimes;93;Provence-Alpes-Côte d'Azur
201900003151;138Â 300Â 583;B01;1.0;1;3.0;1.0;1986.0;0.0;8.0;;;0.0;0;;;2.0;31.0;0.0;2.0;3.0;1.0;1.0;;14;8;2019;00:45;3.0;06;06010;1;1.0;1.0;1.0;1258 route de grasse;43,6896920;6,9795690;3;2210;;;2.0;2;0.0;2.0;(1);(1);1.0;;;1.0;0.0;1.0;70.0;Alpes-Maritimes;93;Provence-Alpes-Côte d'Azur
201900003152;138Â 300Â 580;A01;1.0;1;1.0;2.0;1972.0;1.0;8.0;0.0;;0.0;0;;;2.0;1.0;0.0;1.0;1.0;1.0;5.0;;22;10;2019;16:15;1.0;75;75111;2;2.0;1.0;6.0;RUE DE CHARONNE;48,8535785;2,3804157;4;RUE DE CHARONNE;0.0;;2.0;2;;1.0;0;0;1.0;;;1.0;0.0;1.0;30.0;Paris;11;Île-de-France
201900003152;138Â 300Â 580;A01;10.0;3;2.0;1.0;2014.0;0.0;0.0;;;4.0;3;2.0;;2.0;1.0;0.0;1.0;1.0;1.0;5.0;;22;10;2019;16:15;1.0;75;75111;2;2.0;1.0;6.0;RUE DE CHARONNE;48,8535785;2,3804157;4;RUE DE CHARONNE;0.0;;2.0;2;;1.0;0;0;1.0;;;1.0;0.0;1.0;30.0;Paris;11;Île-de-France
201900003153;138Â 300Â 577;A01;3.0;2;3.0;1.0;1999.0;5.0;1.0;;;0.0;0;;;0.0;7.0;9.0;0.0;7.0;14.0;1.0;;16;8;2019;06:00;2.0;14;14177;1;1.0;1.0;6.0;route du torquesne;49,2056170;0,2000050;4;;;;2.0;2;0.0;2.0;(1);(1);4.0;;;1.0;0.0;3.0;80.0;Calvados;28;Normandie
201900003153;138Â 300Â 577;A01;4.0;2;1.0;1.0;1998.0;5.0;1.0;;;0.0;0;;;0.0;7.0;9.0;0.0;7.0;14.0;1.0;;16;8;2019;06:00;2.0;14;14177;1;1.0;1.0;6.0;route du torquesne;49,2056170;0,2000050;4;;;;2.0;2;0.0;2.0;(1);(1);4.0;;;1.0;0.0;3.0;80.0;Calvados;28;Normandie
201900003153;138Â 300Â 577;A01;2.0;2;1.0;1.0;1999.0;5.0;1.0;;;0.0;0;;;0.0;7.0;9.0;0.0;7.0;14.0;1.0;;16;8;2019;06:00;2.0;14;14177;1;1.0;1.0;6.0;route du torquesne;49,2056170;0,2000050;4;;;;2.0;2;0.0;2.0;(1);(1);4.0;;;1.0;0.0;3.0;80.0;Calvados;28;Normandie
201900003153;138Â 300Â 577;A01;1.0;1;1.0;1.0;1966.0;5.0;1.0;;;0.0;0;;;0.0;7.0;9.0;0.0;7.0;14.0;1.0;;16;8;2019;06:00;2.0;14;14177;1;1.0;1.0;6.0;route du torquesne;49,2056170;0,2000050;4;;;;2.0;2;0.0;2.0;(1);(1);4.0;;;1.0;0.0;3.0;80.0;Calvados;28;Normandie
201900003154;138Â 300Â 575;B01;1.0;1;2.0;1.0;1969.0;1.0;2.0;;;0.0;0;;;1.0;33.0;0.0;0.0;3.0;6.0;1.0;;4;6;2019;08:35;1.0;72;72124;2;6.0;1.0;6.0;LE SOLEIL;47,8345110;0,2667090;3;338;;D;;1;0.0;1.0;(1);(1);1.0;;;1.0;0.0;1.0;50.0;Sarthe;52;Pays de la Loire
201900003154;138Â 300Â 578;A01;1.0;1;1.0;2.0;1984.0;1.0;1.0;;;0.0;0;;;2.0;7.0;0.0;0.0;0.0;9.0;1.0;;4;6;2019;08:35;1.0;72;72124;2;6.0;1.0;6.0;LE SOLEIL;47,8345110;0,2667090;3;338;;D;;1;0.0;1.0;(1);(1);1.0;;;1.0;0.0;1.0;50.0;Sarthe;52;Pays de la Loire
201900003155;138Â 300Â 574;A01;2.0;2;1.0;2.0;2003.0;0.0;1.0;0.0;;0.0;0;;;1.0;7.0;0.0;2.0;2.0;2.0;1.0;;22;10;2019;00:45;5.0;75;75114;2;2.0;1.0;2.0;BOULEVARD BRUNE;48,8245899;2,3193970;4;BOULEVARD BRUNE;0.0;;3.0;6;0.0;1.0;0;0;1.0;;;1.0;5.0;1.0;50.0;Paris;11;Île-de-France
201900003155;138Â 300Â 574;A01;1.0;1;1.0;2.0;1995.0;9.0;1.0;0.0;;0.0;0;;;1.0;7.0;0.0;2.0;2.0;2.0;1.0;;22;10;2019;00:45;5.0;75;75114;2;2.0;1.0;2.0;BOULEVARD BRUNE;48,8245899;2,3193970;4;BOULEVARD BRUNE;0.0;;3.0;6;0.0;1.0;0;0;1.0;;;1.0;5.0;1.0;50.0;Paris;11;Île-de-France
201900003155;138Â 300Â 576;B01;1.0;1;2.0;1.0;1990.0;0.0;2.0;0.0;;0.0;0;;;1.0;1.0;0.0;2.0;4.0;2.0;5.0;;22;10;2019;00:45;5.0;75;75114;2;2.0;1.0;2.0;BOULEVARD BRUNE;48,8245899;2,3193970;4;BOULEVARD BRUNE;0.0;;3.0;6;0.0;1.0;0;0;1.0;;;1.0;5.0;1.0;50.0;Paris;11;Île-de-France
201900003156;138Â 300Â 573;A01;1.0;1;4.0;1.0;2002.0;5.0;2.0;;;0.0;0;;;3.0;36.0;13.0;0.0;0.0;1.0;1.0;;16;8;2019;17:55;1.0;05;05011;1;1.0;1.0;7.0;terre droite;44,5534540;6,1949530;4;;;;2.0;2;0.0;1.0;(1);(1);1.0;;;1.0;0.0;1.0;50.0;Hautes-Alpes;93;Provence-Alpes-Côte d'Azur
201900003157;138Â 300Â 569;B01;2.0;2;1.0;1.0;1975.0;0.0;1.0;0.0;;; -1;;;1.0;7.0;0.0;2.0;4.0;2.0;1.0;;22;10;2019;15:51;1.0;94;94074;2;9.0;1.0;2.0;LOUISE MICHEL (R);48,7442722;2,4647570;4;LOUISE MICHEL (R);0.0;;3.0;2;0.0;3.0;0;0;1.0;;;1.0;0.0;1.0;50.0;Val-de-Marne;11;Île-de-France
201900003157;138Â 300Â 569;B01;1.0;1;2.0;2.0;1976.0;0.0;1.0;8.0;;; -1;;;1.0;7.0;0.0;2.0;4.0;2.0;1.0;;22;10;2019;15:51;1.0;94;94074;2;9.0;1.0;2.0;LOUISE MICHEL (R);48,7442722;2,4647570;4;LOUISE MICHEL (R);0.0;;3.0;2;0.0;3.0;0;0;1.0;;;1.0;0.0;1.0;50.0;Val-de-Marne;11;Île-de-France
201900003157;138Â 300Â 571;A01;1.0;1;1.0;2.0;1978.0;0.0;1.0;0.0;;; -1;;;1.0;7.0;0.0;2.0;4.0;2.0;1.0;;22;10;2019;15:51;1.0;94;94074;2;9.0;1.0;2.0;LOUISE MICHEL (R);48,7442722;2,4647570;4;LOUISE MICHEL (R);0.0;;3.0;2;0.0;3.0;0;0;1.0;;;1.0;0.0;1.0;50.0;Val-de-Marne;11;Île-de-France
201900003158;138Â 300Â 570;A01;1.0;1;3.0;2.0;2002.0;5.0;2.0;6.0;9.0;0.0;0;;;2.0;2.0;0.0;2.0;6.0;15.0;1.0;;18;6;2019;17:00;1.0;44;44149;1;3.0;1.0;2.0;bel air;47,4993770; -1,5647400;3;121;0.0;;2.0;2;0.0;1.0;11;495;1.0;;;1.0;5.0;1.0;80.0;Loire-Atlantique;52;Pays de la Loire
201900003158;138Â 300Â 572;B01;1.0;1;1.0;2.0;1982.0;1.0;1.0;;;0.0;0;;;2.0;7.0;8.0;2.0;1.0;1.0;1.0;;18;6;2019;17:00;1.0;44;44149;1;3.0;1.0;2.0;bel air;47,4993770; -1,5647400;3;121;0.0;;2.0;2;0.0;1.0;11;495;1.0;;;1.0;5.0;1.0;80.0;Loire-Atlantique;52;Pays de la Loire
201900003159;138Â 300Â 565;A01;1.0;1;1.0;1.0;1965.0;9.0;1.0;8.0;;; -1;;;1.0;7.0;0.0;2.0;3.0;15.0;1.0;;22;10;2019;10:40;1.0;94;94016;2;3.0;8.0;3.0;DIVISION LECLERC (AV DE LA);48,7881900;2,3304000;3;127;0.0;;1.0;0;0.0;1.0;0;0;1.0;;;1.0;0.0;2.0;50.0;Val-de-Marne;11;Île-de-France
201900003159;138Â 300Â 566;B01;5.0;2;2.0;1.0;1942.0;9.0;8.0;0.0;;; -1;;;2.0;37.0;0.0;2.0;1.0;1.0;1.0;3.0;22;10;2019;10:40;1.0;94;94016;2;3.0;8.0;3.0;DIVISION LECLERC (AV DE LA);48,7881900;2,3304000;3;127;0.0;;1.0;0;0.0;1.0;0;0;1.0;;;1.0;0.0;2.0;50.0;Val-de-Marne;11;Île-de-France
201900003159;138Â 300Â 566;B01;5.0;2;2.0;1.0;1989.0;9.0;8.0;0.0;;; -1;;;2.0;37.0;0.0;2.0;1.0;1.0;1.0;3.0;22;10;2019;10:40;1.0;94;94016;2;3.0;8.0;3.0;DIVISION LECLERC (AV DE LA);48,7881900;2,3304000;3;127;0.0;;1.0;0;0.0;1.0;0;0;1.0;;;1.0;0.0;2.0;50.0;Val-de-Marne;11;Île-de-France
201900003159;138Â 300Â 566;B01;1.0;1;1.0;1.0;1972.0;4.0;1.0;8.0;;; -1;;;2.0;37.0;0.0;2.0;1.0;1.0;1.0;3.0;22;10;2019;10:40;1.0;94;94016;2;3.0;8.0;3.0;DIVISION LECLERC (AV DE LA);48,7881900;2,3304000;3;127;0.0;;1.0;0;0.0;1.0;0;0;1.0;;;1.0;0.0;2.0;50.0;Val-de-Marne;11;Île-de-France