Num_Acc;id_vehicule;num_veh;place;catu;grav;sexe;an_nais;trajet;secu1;secu2;secu3;locp;actp;etatp;id_usager;senc;catv;obs;obsm;choc;manv;motor;occutc;jour;mois;an;hrmn;lum;dep;com;agg;int;atm;col;adr;lat;long;catr;voie;v1;v2;circ;nbv;vosp;prof;pr;pr1;plan;lartpc;larrout;surf;infra;situ;vma;nom_departement;reg;nom_region
201900003160;138Â 300Â 568;A01;1.0;1;3.0;2.0;1988.0;0.0;8.0;;;0.0;0;;;2.0;7.0;0.0;0.0;0.0;1.0;1.0;;14;8;2019;08:45;1.0;05;05124;1;1.0;1.0;7.0;RD14;44,6102960;6,1397420;3;14;;;2.0;2;0.0;2.0;7;880;1.0;;;1.0;0.0;1.0;80.0;Hautes-Alpes;93;Provence-Alpes-Côte d'Azur
201900003161;138Â 300Â 562;A01;1.0;1;3.0;1.0;1963.0;1.0;2.0;8.0;;; -1;;;3.0;31.0;0.0;2.0;1.0;18.0;1.0;;22;10;2019;09:40;1.0;94;94065;2;9.0;8.0;3.0;avenue de la villette;48,7674800;2,3470200;5;avenue de la villette;0.0;;;2;0.0;1.0;0;0;1.0;;;1.0;0.0;8.0;30.0;Val-de-Marne;11;Île-de-France
201900003161;138Â 300Â 563;B01;1.0;1;1.0;1.0;1993.0;0.0;1.0;0.0;;; -1;;;3.0;15.0;0.0;2.0;2.0;14.0;0.0;;22;10;2019;09:40;1.0;94;94065;2;9.0;8.0;3.0;avenue de la villette;48,7674800;2,3470200;5;avenue de la villette;0.0;;;2;0.0;1.0;0;0;1.0;;;1.0;0.0;8.0;30.0;Val-de-Marne;11;Île-de-France
201900003162;138Â 300Â 561;A01;1.0;1;3.0;2.0;1947.0;5.0;1.0;;;0.0;0;;;3.0;7.0;0.0;2.0;3.0;9.0;0.0;;8;5;2019;18:30;1.0;44;44113;1;2.0;2.0;3.0;La Touche d'Aguenais;47,6033128; -1,5615196;3;771;0.0;;2.0;2;0.0;2.0;(1);(1);1.0;;;2.0;5.0;1.0;80.0;Loire-Atlantique;52;Pays de la Loire
201900003162;138Â 300Â 564;B01;2.0;2;1.0;1.0;1987.0;5.0;1.0;;;0.0;0;;;1.0;7.0;0.0;2.0;1.0;1.0;0.0;;8;5;2019;18:30;1.0;44;44113;1;2.0;2.0;3.0;La Touche d'Aguenais;47,6033128; -1,5615196;3;771;0.0;;2.0;2;0.0;2.0;(1);(1);1.0;;;2.0;5.0;1.0;80.0;Loire-Atlantique;52;Pays de la Loire
201900003162;138Â 300Â 564;B01;1.0;1;1.0;2.0;1987.0;5.0;1.0;;;0.0;0;;;1.0;7.0;0.0;2.0;1.0;1.0;0.0;;8;5;2019;18:30;1.0;44;44113;1;2.0;2.0;3.0;La Touche d'Aguenais;47,6033128; -1,5615196;3;771;0.0;;2.0;2;0.0;2.0;(1);(1);1.0;;;2.0;5.0;1.0;80.0;Loire-Atlantique;52;Pays de la Loire
201900003163;138Â 300Â 560;A01;1.0;1;2.0;2.0;1963.0;5.0;1.0;;;0.0;0;;;3.0;7.0;2.0;0.0;3.0;13.0;1.0;;17;8;2019;11:35;1.0;50;50236;1;1.0;7.0;6.0;D650;49,2741000; -1,6547130;3;650;;;2.0;2;0.0;1.0;(1);(1);1.0;;;1.0;0.0;3.0;80.0;Manche;28;Normandie
201900003163;138Â 300Â 560;A01;2.0;2;4.0;2.0;1936.0;5.0;1.0;;;0.0;0;;;3.0;7.0;2.0;0.0;3.0;13.0;1.0;;17;8;2019;11:35;1.0;50;50236;1;1.0;7.0;6.0;D650;49,2741000; -1,6547130;3;650;;;2.0;2;0.0;1.0;(1);(1);1.0;;;1.0;0.0;3.0;80.0;Manche;28;Normandie
201900003164;138Â 300Â 559;A01;1.0;1;2.0;1.0;1997.0;5.0;1.0;;;0.0;0;;;2.0;7.0;15.0;0.0;9.0;1.0;1.0;;16;6;2019;05:55;2.0;50;50087;1;1.0;1.0;6.0;N13;49,5594560; -1,5666500;2;13;;;3.0;4;0.0;2.0;47;200;2.0;;;1.0;0.0;3.0;90.0;Manche;28;Normandie
201900003165;138Â 300Â 557;A01;1.0;1;2.0;2.0;1952.0;5.0;1.0;8.0;;;0;;;3.0;7.0;0.0;2.0;1.0;1.0;1.0;;20;10;2019;22:00;5.0;94;94028;2;1.0;2.0;2.0;SAVAR.(RUE JULIETTE);48,7820000;2,4645600;4;SAVAR.(RUE JULIETTE);0.0;;2.0;2;0.0;1.0;0;0;1.0;;;2.0;0.0;1.0;50.0;Val-de-Marne;11;Île-de-France
201900003165;138Â 300Â 558;B01;1.0;1;1.0;1.0;1987.0;5.0;1.0;8.0;;; -1;;;3.0;7.0;0.0;2.0;4.0;23.0;1.0;;20;10;2019;22:00;5.0;94;94028;2;1.0;2.0;2.0;SAVAR.(RUE JULIETTE);48,7820000;2,4645600;4;SAVAR.(RUE JULIETTE);0.0;;2.0;2;0.0;1.0;0;0;1.0;;;2.0;0.0;1.0;50.0;Val-de-Marne;11;Île-de-France
201900003166;138Â 300Â 551;E01;1.0;1;3.0;1.0;1950.0;5.0;2.0;;;0.0;0;;;2.0;1.0;0.0;2.0;4.0;1.0;0.0;;17;8;2019;12:05;1.0;50;50487;1;1.0;2.0;4.0;Grande BoussardiÃ¨re;48,5248470; -1,3100960;3;30;0.0;;2.0;2;0.0;2.0;(1);(1);1.0;;;2.0;0.0;1.0;80.0;Manche;28;Normandie
201900003166;138Â 300Â 553;D01;1.0;1;3.0;1.0;1959.0;5.0;2.0;;;0.0;0;;;2.0;1.0;0.0;2.0;4.0;2.0;0.0;;17;8;2019;12:05;1.0;50;50487;1;1.0;2.0;4.0;Grande BoussardiÃ¨re;48,5248470; -1,3100960;3;30;0.0;;2.0;2;0.0;2.0;(1);(1);1.0;;;2.0;0.0;1.0;80.0;Manche;28;Normandie
201900003166;138Â 300Â 554;C01;1.0;1;2.0;1.0;1943.0;5.0;2.0;;;0.0;0;;;2.0;1.0;0.0;2.0;4.0;2.0;0.0;;17;8;2019;12:05;1.0;50;50487;1;1.0;2.0;4.0;Grande BoussardiÃ¨re;48,5248470; -1,3100960;3;30;0.0;;2.0;2;0.0;2.0;(1);(1);1.0;;;2.0;0.0;1.0;80.0;Manche;28;Normandie
201900003166;138Â 300Â 555;B01;1.0;1;1.0;1.0;2000.0;1.0;1.0;;;0.0;0;;;2.0;7.0;0.0;2.0;1.0;2.0;0.0;;17;8;2019;12:05;1.0;50;50487;1;1.0;2.0;4.0;Grande BoussardiÃ¨re;48,5248470; -1,3100960;3;30;0.0;;2.0;2;0.0;2.0;(1);(1);1.0;;;2.0;0.0;1.0;80.0;Manche;28;Normandie
201900003166;138Â 300Â 556;A01;1.0;1;2.0;1.0;1968.0;5.0;1.0;;;0.0;0;;;2.0;7.0;0.0;0.0;4.0;1.0;0.0;;17;8;2019;12:05;1.0;50;50487;1;1.0;2.0;4.0;Grande BoussardiÃ¨re;48,5248470; -1,3100960;3;30;0.0;;2.0;2;0.0;2.0;(1);(1);1.0;;;2.0;0.0;1.0;80.0;Manche;28;Normandie
201900003167;138Â 300Â 548;A01;1.0;1;1.0;2.0;1962.0;1.0;1.0;;;0.0;0;;;1.0;7.0;0.0;2.0;2.0;10.0;1.0;;22;10;2019;08:10;1.0;93;93066;2;1.0;8.0;3.0;FRANCE ANATOLE (BOULEVARD) NR AUTRES;48,9262000;2,3515700;3;941;0.0;;2.0;3;0.0;1.0;0;0;1.0;;;1.0;8.0;1.0;50.0;Seine-Saint-Denis;11;Île-de-France
201900003167;138Â 300Â 552;B01;1.0;1;2.0;1.0;1995.0;1.0;2.0;6.0;;; -1;;;1.0;34.0;0.0;2.0;9.0;2.0;1.0;;22;10;2019;08:10;1.0;93;93066;2;1.0;8.0;3.0;FRANCE ANATOLE (BOULEVARD) NR AUTRES;48,9262000;2,3515700;3;941;0.0;;2.0;3;0.0;1.0;0;0;1.0;;;1.0;8.0;1.0;50.0;Seine-Saint-Denis;11;Île-de-France
201900003168;138Â 300Â 547;B01;1.0;1;1.0;1.0;1981.0;0.0;1.0;;;0.0;0;;;3.0;7.0;0.0;2.0;6.0;15.0;1.0;;14;8;2019;07:35;1.0;64;64038;2;3.0;1.0;3.0;Chemin d'Adamenia;43,4407588; -1,5206758;3;3;;;2.0;2;0.0;2.0;7;500;1.0;;;1.0;0.0;1.0;50.0;Pyrénées-Atlantiques;75;Nouvelle-Aquitaine
201900003168;138Â 300Â 549;A01;1.0;1;2.0;1.0;1998.0;4.0;2.0;;;0.0;0;;;1.0;2.0;0.0;2.0;1.0;1.0;1.0;;14;8;2019;07:35;1.0;64;64038;2;3.0;1.0;3.0;Chemin d'Adamenia;43,4407588; -1,5206758;3;3;;;2.0;2;0.0;2.0;7;500;1.0;;;1.0;0.0;1.0;50.0;Pyrénées-Atlantiques;75;Nouvelle-Aquitaine
201900003169;138Â 300Â 545;A01;10.0;3;3.0;1.0;2014.0;0.0;8.0;0.0;;0.0;0;;;1.0;7.0;0.0;1.0;2.0;19.0;1.0;;22;10;2019;18:00;1.0;93;93047;2;9.0;1.0;6.0;PAUL DE KOCH  (RUE);48,9005000;2,5596400;4;PAUL DE KOCH  (RUE);0.0;;1.0;1;0.0;1.0;0;0;1.0;;;1.0;0.0;2.0;30.0;Seine-Saint-Denis;11;Île-de-France
201900003169;138Â 300Â 545;A01;1.0;1;1.0;1.0;1990.0;1.0;1.0;0.0;;; -1;;;1.0;7.0;0.0;1.0;2.0;19.0;1.0;;22;10;2019;18:00;1.0;93;93047;2;9.0;1.0;6.0;PAUL DE KOCH  (RUE);48,9005000;2,5596400;4;PAUL DE KOCH  (RUE);0.0;;1.0;1;0.0;1.0;0;0;1.0;;;1.0;0.0;2.0;30.0;Seine-Saint-Denis;11;Île-de-France
201900003170;138Â 300Â 542;A01;10.0;3;3.0;1.0;1923.0;0.0;0.0;0.0;;5.0;9;1.0;;2.0;7.0;12.0;0.0;2.0;26.0;1.0;;22;10;2019;18:20;1.0;93;93008;2;1.0;1.0;6.0;LENINE (BOULEVARD);48,9067600;2,4442000;4;LENINE (BOULEVARD);0.0;;;2;0.0;1.0;1;0;1.0;;;1.0;0.0;1.0;50.0;Seine-Saint-Denis;11;Île-de-France
201900003170;138Â 300Â 542;A01;1.0;1;1.0;2.0;1975.0;1.0;1.0;0.0;;; -1;;;2.0;7.0;12.0;0.0;2.0;26.0;1.0;;22;10;2019;18:20;1.0;93;93008;2;1.0;1.0;6.0;LENINE (BOULEVARD);48,9067600;2,4442000;4;LENINE (BOULEVARD);0.0;;;2;0.0;1.0;1;0;1.0;;;1.0;0.0;1.0;50.0;Seine-Saint-Denis;11;Île-de-France
201900003171;138Â 300Â 543;A01;1.0;1;3.0;1.0;1992.0;5.0;1.0;;;0.0;0;;;2.0;7.0;3.0;0.0;3.0;13.0;1.0;;8;6;2019;22:50;3.0;14;14449;1;1.0;1.0;6.0;A84;49,1099020; -0,5977830;1;84;;;3.0;4;0.0;1.0;247;430;1.0;;;1.0;0.0;1.0;130.0;Calvados;28;Normandie
201900003172;138Â 300Â 541;B01;1.0;1;3.0;1.0;1976.0;3.0;2.0;6.0;9.0;0.0;0;;;1.0;33.0;0.0;2.0;8.0;1.0;1.0;;16;8;2019;12:55;1.0;73;73151;1;2.0;7.0;3.0;D12;45,4981817;5,9688417;3;12;0.0;;2.0;2;0.0;4.0;7;380;1.0;;;1.0;0.0;1.0;70.0;Savoie;84;Auvergne-Rhône-Alpes
201900003172;138Â 300Â 544;A01;2.0;2;1.0;1.0;1983.0;1.0;1.0;;;0.0;0;;;3.0;7.0;0.0;2.0;1.0;19.0;1.0;;16;8;2019;12:55;1.0;73;73151;1;2.0;7.0;3.0;D12;45,4981817;5,9688417;3;12;0.0;;2.0;2;0.0;4.0;7;380;1.0;;;1.0;0.0;1.0;70.0;Savoie;84;Auvergne-Rhône-Alpes
201900003172;138Â 300Â 544;A01;1.0;1;1.0;1.0;2001.0;1.0;1.0;;;0.0;0;;;3.0;7.0;0.0;2.0;1.0;19.0;1.0;;16;8;2019;12:55;1.0;73;73151;1;2.0;7.0;3.0;D12;45,4981817;5,9688417;3;12;0.0;;2.0;2;0.0;4.0;7;380;1.0;;;1.0;0.0;1.0;70.0;Savoie;84;Auvergne-Rhône-Alpes
201900003173;138Â 300Â 537;A01;1.0;1;3.0;2.0;1956.0;4.0;1.0;5.0;;0.0;0;;;2.0;7.0;0.0;0.0;3.0;14.0;1.0;;14;8;2019;12:00;1.0;43;43244;1;1.0;1.0;6.0;Les Hostes;45,1220530;4,3381800;3;18;0.0;;2.0;1;0.0;1.0;27;500;1.0;;;1.0;0.0;1.0;80.0;Haute-Loire;84;Auvergne-Rhône-Alpes
201900003173;138Â 300Â 538;B01;1.0;1;1.0;2.0;1960.0;3.0;1.0;;;0.0;0;;;1.0;7.0;0.0;2.0;3.0;21.0;1.0;;14;8;2019;12:00;1.0;43;43244;1;1.0;1.0;6.0;Les Hostes;45,1220530;4,3381800;3;18;0.0;;2.0;1;0.0;1.0;27;500;1.0;;;1.0;0.0;1.0;80.0;Haute-Loire;84;Auvergne-Rhône-Alpes
201900003174;138Â 300Â 539;B01;1.0;1;2.0;1.0;1998.0;9.0;2.0;0.0;;; -1;;;3.0;32.0;0.0;2.0;1.0;1.0;0.0;;22;10;2019;15:09;1.0;93;93007;2;1.0;1.0;2.0;DESCARTES (CES);48,9500300;2,4656100;3;932;0.0;;1.0;2;0.0;1.0;0;0;1.0;;;1.0;0.0;1.0;70.0;Seine-Saint-Denis;11;Île-de-France
201900003174;138Â 300Â 540;A01;1.0;1;1.0;1.0;1991.0;9.0;1.0;0.0;;; -1;;;3.0;7.0;0.0;2.0;6.0;11.0;0.0;;22;10;2019;15:09;1.0;93;93007;2;1.0;1.0;2.0;DESCARTES (CES);48,9500300;2,4656100;3;932;0.0;;1.0;2;0.0;1.0;0;0;1.0;;;1.0;0.0;1.0;70.0;Seine-Saint-Denis;11;Île-de-France
201900003175;138Â 300Â 535;A01;1.0;1;3.0;1.0;2000.0;0.0;1.0;;;0.0;0;;;0.0;7.0;0.0;0.0;1.0;0.0;1.0;;17;8;2019;04:15;3.0;10;10111;1;1.0;1.0;7.0;RD 671;48,0209090;4,4348830;3;671;0.0;;2.0;2;0.0;1.0;(1);(1);2.0;;;1.0;0.0;8.0;80.0;Aube;44;Grand Est
201900003176;138Â 300Â 534;B01;1.0;1;3.0;1.0;1981.0;1.0;2.0;6.0;;0.0;0;;;2.0;33.0;0.0;2.0;1.0;1.0;1.0;;17;6;2019;04:30;4.0;85;85109;2;3.0;1.0;3.0;Avenue des Sables;46,8677600; -1,0247800;4;;0.0;;2.0;2;0.0;2.0;(1);(1);1.0;;;1.0;0.0;1.0;50.0;Vendée;52;Pays de la Loire
201900003176;138Â 300Â 536;A01;1.0;1;1.0;2.0;1974.0;0.0;1.0;;;0.0;0;;;1.0;7.0;0.0;2.0;8.0;15.0;1.0;;17;6;2019;04:30;4.0;85;85109;2;3.0;1.0;3.0;Avenue des Sables;46,8677600; -1,0247800;4;;0.0;;2.0;2;0.0;2.0;(1);(1);1.0;;;1.0;0.0;1.0;50.0;Vendée;52;Pays de la Loire
201900003176;138Â 300Â 536;A01;2.0;2;1.0;1.0;1976.0;1.0;1.0;;;0.0;0;;;1.0;7.0;0.0;2.0;8.0;15.0;1.0;;17;6;2019;04:30;4.0;85;85109;2;3.0;1.0;3.0;Avenue des Sables;46,8677600; -1,0247800;4;;0.0;;2.0;2;0.0;2.0;(1);(1);1.0;;;1.0;0.0;1.0;50.0;Vendée;52;Pays de la Loire
201900003177;138Â 300Â 531;A01;1.0;1;2.0;1.0;2000.0;3.0;2.0;8.0;;; -1;;;2.0;30.0;0.0;2.0;1.0;13.0;1.0;;21;10;2019;22:50;5.0;93;93007;2;1.0;8.0;2.0;ARISTIDE BRIAND (AVENUE COTE IMPAIRS);48,9470400;2,4580900;3;41;0.0;;2.0;2;0.0;1.0;1;0;1.0;;;1.0;0.0;1.0;50.0;Seine-Saint-Denis;11;Île-de-France
201900003177;138Â 300Â 533;B01;1.0;1;1.0;1.0;1999.0;0.0;1.0;0.0;;; -1;;;2.0;7.0;0.0;2.0;6.0;0.0;1.0;;21;10;2019;22:50;5.0;93;93007;2;1.0;8.0;2.0;ARISTIDE BRIAND (AVENUE COTE IMPAIRS);48,9470400;2,4580900;3;41;0.0;;2.0;2;0.0;1.0;1;0;1.0;;;1.0;0.0;1.0;50.0;Seine-Saint-Denis;11;Île-de-France
201900003178;138Â 300Â 529;A01;1.0;1;1.0;2.0;1977.0;1.0;1.0;;;0.0;0;;;3.0;7.0;0.0;0.0;0.0;9.0;1.0;;16;8;2019;19:20;2.0;07;07188;1;3.0;1.0;6.0;Chemin de Chizaret / D 578;45,1802370;4,6919990;3;578;;;2.0;2;0.0;2.0;8;30;3.0;;;1.0;0.0;1.0;80.0;Ardèche;84;Auvergne-Rhône-Alpes
201900003178;138Â 300Â 532;B01;1.0;1;2.0;1.0;1976.0;5.0;2.0;6.0;;0.0;0;;;2.0;33.0;0.0;0.0;7.0;1.0;1.0;;16;8;2019;19:20;2.0;07;07188;1;3.0;1.0;6.0;Chemin de Chizaret / D 578;45,1802370;4,6919990;3;578;;;2.0;2;0.0;2.0;8;30;3.0;;;1.0;0.0;1.0;80.0;Ardèche;84;Auvergne-Rhône-Alpes
201900003179;138Â 300Â 528;A01;1.0;1;3.0;1.0;2003.0;1.0;2.0;6.0;;0.0;0;;;3.0;2.0;0.0;2.0;3.0;1.0;1.0;;13;6;2019;07:40;1.0;85;85017;1;1.0;1.0;1.0;La Souchais;46,9019100; -1,0734400;4;;;;2.0;2;0.0;1.0;(1);(1);1.0;;;1.0;0.0;1.0;80.0;Vendée;52;Pays de la Loire
201900003179;138Â 300Â 530;B01;1.0;1;1.0;1.0;1960.0;4.0;1.0;;;0.0;0;;;0.0;14.0;0.0;2.0;3.0;19.0;1.0;;13;6;2019;07:40;1.0;85;85017;1;1.0;1.0;1.0;La Souchais;46,9019100; -1,0734400;4;;;;2.0;2;0.0;1.0;(1);(1);1.0;;;1.0;0.0;1.0;80.0;Vendée;52;Pays de la Loire
201900003180;138Â 300Â 527;A01;1.0;1;2.0;1.0;1984.0;5.0;2.0;0.0;;0.0; -1;;;0.0;32.0;1.0;0.0;6.0;1.0;0.0;;21;10;2019;23:00;5.0;93;93070;2;1.0;1.0;6.0;JEAN-JAURES (BD);48,9149090;2,3370570;3;410;0.0;;3.0;4;0.0;1.0;0;0;1.0;;;1.0;0.0;1.0;50.0;Seine-Saint-Denis;11;Île-de-France
201900003181;138Â 300Â 524;A01;1.0;1;2.0;2.0;1939.0;5.0;1.0;;;0.0;0;;;2.0;7.0;13.0;2.0;1.0;2.0;1.0;;17;8;2019;09:45;1.0;07;07338;1;3.0;1.0;2.0;la gondole;44,9047800;4,6278740;3;21;;;2.0;2;0.0;1.0;18;970;4.0;;;1.0;0.0;1.0;80.0;Ardèche;84;Auvergne-Rhône-Alpes
201900003181;138Â 300Â 526;B01;1.0;1;2.0;1.0;1955.0;5.0;1.0;;;0.0;0;;;2.0;7.0;0.0;0.0;4.0;16.0;1.0;;17;8;2019;09:45;1.0;07;07338;1;3.0;1.0;2.0;la gondole;44,9047800;4,6278740;3;21;;;2.0;2;0.0;1.0;18;970;4.0;;;1.0;0.0;1.0;80.0;Ardèche;84;Auvergne-Rhône-Alpes
201900003182;138Â 300Â 522;A01;1.0;1;2.0;1.0;1982.0;1.0;1.0;;;0.0;0;;;2.0;7.0;0.0;2.0;1.0;1.0;6.0;;5;6;2019;07:15;2.0;85;85215;1;1.0;1.0;5.0;Le Bois Bertrand ;46,8677200; -1,1604000;3;37;;;2.0;2;0.0;1.0;33;330;1.0;;;1.0;0.0;1.0;80.0;Vendée;52;Pays de la Loire
201900003182;138Â 300Â 523;C01;1.0;1;1.0;2.0;1996.0;9.0;1.0;;;0.0;0;;;1.0;7.0;0.0;2.0;1.0;1.0;6.0;;5;6;2019;07:15;2.0;85;85215;1;1.0;1.0;5.0;Le Bois Bertrand ;46,8677200; -1,1604000;3;37;;;2.0;2;0.0;1.0;33;330;1.0;;;1.0;0.0;1.0;80.0;Vendée;52;Pays de la Loire
201900003182;138Â 300Â 525;B01;1.0;1;4.0;1.0;1976.0;9.0;1.0;;;0.0;0;;;1.0;7.0;0.0;2.0;3.0;1.0;6.0;;5;6;2019;07:15;2.0;85;85215;1;1.0;1.0;5.0;Le Bois Bertrand ;46,8677200; -1,1604000;3;37;;;2.0;2;0.0;1.0;33;330;1.0;;;1.0;0.0;1.0;80.0;Vendée;52;Pays de la Loire
201900003182;138Â 300Â 525;B01;7.0;2;2.0;1.0;2017.0;0.0;1.0;;;0.0;0;;;1.0;7.0;0.0;2.0;3.0;1.0;6.0;;5;6;2019;07:15;2.0;85;85215;1;1.0;1.0;5.0;Le Bois Bertrand ;46,8677200; -1,1604000;3;37;;;2.0;2;0.0;1.0;33;330;1.0;;;1.0;0.0;1.0;80.0;Vendée;52;Pays de la Loire
201900003183;138Â 300Â 517;A01;1.0;1;3.0;1.0;1983.0;5.0;1.0;;;0.0;0;;;2.0;7.0;0.0;0.0;9.0;1.0;6.0;;8;6;2019;16:36;1.0;08;08111;1;1.0;1.0;7.0;Route nationale 51;49,4168160;4,2771860;2;51;0.0;;3.0;4;0.0;1.0;87;500;1.0;;;1.0;0.0;8.0;110.0;Ardennes;44;Grand Est
201900003183;138Â 300Â 517;A01;2.0;2;2.0;2.0;1996.0;5.0;1.0;;;0.0;0;;;2.0;7.0;0.0;0.0;9.0;1.0;6.0;;8;6;2019;16:36;1.0;08;08111;1;1.0;1.0;7.0;Route nationale 51;49,4168160;4,2771860;2;51;0.0;;3.0;4;0.0;1.0;87;500;1.0;;;1.0;0.0;8.0;110.0;Ardennes;44;Grand Est
201900003184;138Â 300Â 520;B01;1.0;1;2.0;2.0;1962.0;1.0;1.0;8.0;;;0;;;2.0;7.0;0.0;2.0;4.0;2.0;1.0;;21;10;2019;08:40;1.0;92;92063;2;1.0;1.0;2.0;BONAPARTE (AVENUE NAPOLEON) SUD;48,8702300;2,1586600;3;913;0.0;;3.0;6;0.0;1.0;0;0;1.0;;;2.0;0.0;1.0;50.0;Hauts-de-Seine;11;Île-de-France
201900003184;138Â 300Â 521;A01;1.0;1;1.0;1.0;1979.0;1.0;1.0;8.0;;;0;;;2.0;7.0;0.0;2.0;1.0;2.0;1.0;;21;10;2019;08:40;1.0;92;92063;2;1.0;1.0;2.0;BONAPARTE (AVENUE NAPOLEON) SUD;48,8702300;2,1586600;3;913;0.0;;3.0;6;0.0;1.0;0;0;1.0;;;2.0;0.0;1.0;50.0;Hauts-de-Seine;11;Île-de-France
201900003185;138Â 300Â 516;A01;1.0;1;2.0;1.0;1980.0;1.0;2.0;6.0;;0.0;0;;;0.0;33.0;0.0;2.0;3.0;17.0;1.0;;14;8;2019;08:20;1.0;07;07172;1;1.0;1.0;5.0;D820;45,2798380;4,7233820;3;820;;;2.0;2;0.0;1.0;10;550;1.0;;;1.0;0.0;1.0;80.0;Ardèche;84;Auvergne-Rhône-Alpes
201900003185;138Â 300Â 518;B01;1.0;1;1.0;1.0;1982.0;1.0;1.0;;;0.0;0;;;0.0;7.0;0.0;2.0;3.0;1.0;1.0;;14;8;2019;08:20;1.0;07;07172;1;1.0;1.0;5.0;D820;45,2798380;4,7233820;3;820;;;2.0;2;0.0;1.0;10;550;1.0;;;1.0;0.0;1.0;80.0;Ardèche;84;Auvergne-Rhône-Alpes
201900003185;138Â 300Â 519;C01;1.0;1;1.0;1.0;1979.0;4.0;1.0;;;0.0;0;;;0.0;15.0;0.0;2.0;8.0;1.0;1.0;;14;8;2019;08:20;1.0;07;07172;1;1.0;1.0;5.0;D820;45,2798380;4,7233820;3;820;;;2.0;2;0.0;1.0;10;550;1.0;;;1.0;0.0;1.0;80.0;Ardèche;84;Auvergne-Rhône-Alpes
201900003186;138Â 300Â 512;B01;1.0;1;3.0;1.0;1959.0;0.0;2.0;0.0;;;0;;;1.0;33.0;0.0;0.0;2.0;2.0;0.0;;22;10;2019;09:00;1.0;92;92062;2;1.0;1.0;3.0;DE DION BOUTON (QUAI) DU 29 AU 65;48,8830100;2,2485300;3;7;0.0;;1.0;3;0.0;1.0;0;0;1.0;;;1.0;0.0;1.0;50.0;Hauts-de-Seine;11;Île-de-France
201900003186;138Â 300Â 514;A01;1.0;1;1.0;1.0;1966.0;0.0;1.0;0.0;;;0;;;1.0;7.0;0.0;2.0;3.0;11.0;0.0;;22;10;2019;09:00;1.0;92;92062;2;1.0;1.0;3.0;DE DION BOUTON (QUAI) DU 29 AU 65;48,8830100;2,2485300;3;7;0.0;;1.0;3;0.0;1.0;0;0;1.0;;;1.0;0.0;1.0;50.0;Hauts-de-Seine;11;Île-de-France
201900003187;138Â 300Â 511;A01;1.0;1;2.0;2.0;1999.0;1.0;1.0;;;0.0;0;;;0.0;7.0;0.0;2.0;3.0;13.0;0.0;;15;8;2019;12:45;1.0;07;07076;1;1.0;1.0;1.0;RD 86;44,6562750;4,7621910;3;86;;;2.0;2;0.0;1.0;88;30;1.0;;;1.0;0.0;1.0;80.0;Ardèche;84;Auvergne-Rhône-Alpes
201900003187;138Â 300Â 513;B01;7.0;2;2.0;2.0;2010.0;5.0;1.0;;;0.0;0;;;0.0;7.0;0.0;2.0;3.0;1.0;1.0;;15;8;2019;12:45;1.0;07;07076;1;1.0;1.0;1.0;RD 86;44,6562750;4,7621910;3;86;;;2.0;2;0.0;1.0;88;30;1.0;;;1.0;0.0;1.0;80.0;Ardèche;84;Auvergne-Rhône-Alpes
201900003187;138Â 300Â 513;B01;1.0;1;2.0;1.0;1982.0;5.0;1.0;;;0.0;0;;;0.0;7.0;0.0;2.0;3.0;1.0;1.0;;15;8;2019;12:45;1.0;07;07076;1;1.0;1.0;1.0;RD 86;44,6562750;4,7621910;3;86;;;2.0;2;0.0;1.0;88;30;1.0;;;1.0;0.0;1.0;80.0;Ardèche;84;Auvergne-Rhône-Alpes
201900003187;138Â 300Â 513;B01;2.0;2;2.0;2.0;1986.0;5.0;1.0;;;0.0;0;;;0.0;7.0;0.0;2.0;3.0;1.0;1.0;;15;8;2019;12:45;1.0;07;07076;1;1.0;1.0;1.0;RD 86;44,6562750;4,7621910;3;86;;;2.0;2;0.0;1.0;88;30;1.0;;;1.0;0.0;1.0;80.0;Ardèche;84;Auvergne-Rhône-Alpes
201900003187;138Â 300Â 513;B01;9.0;2;2.0;1.0;2014.0;5.0;1.0;;;0.0;0;;;0.0;7.0;0.0;2.0;3.0;1.0;1.0;;15;8;2019;12:45;1.0;07;07076;1;1.0;1.0;1.0;RD 86;44,6562750;4,7621910;3;86;;;2.0;2;0.0;1.0;88;30;1.0;;;1.0;0.0;1.0;80.0;Ardèche;84;Auvergne-Rhône-Alpes
201900003188;138Â 300Â 510;B01;9.0;2;3.0;1.0;1997.0;5.0;0.0;;;0.0;0;;;2.0;7.0;0.0;0.0;4.0;24.0;0.0;;1;6;2019;06:06;2.0;08;08330;1;1.0;1.0;2.0;A34;49,5427370;4,4326080;1;34;;;3.0;4;0.0;1.0;64;100;1.0;;;1.0;0.0;2.0;130.0;Ardennes;44;Grand Est
201900003188;138Â 300Â 510;B01;8.0;2;4.0;2.0;1997.0;5.0;0.0;;;0.0;0;;;2.0;7.0;0.0;0.0;4.0;24.0;0.0;;1;6;2019;06:06;2.0;08;08330;1;1.0;1.0;2.0;A34;49,5427370;4,4326080;1;34;;;3.0;4;0.0;1.0;64;100;1.0;;;1.0;0.0;2.0;130.0;Ardennes;44;Grand Est