Num_Acc;id_vehicule;num_veh;place;catu;grav;sexe;an_nais;trajet;secu1;secu2;secu3;locp;actp;etatp;id_usager;senc;catv;obs;obsm;choc;manv;motor;occutc;jour;mois;an;hrmn;lum;dep;com;agg;int;atm;col;adr;lat;long;catr;voie;v1;v2;circ;nbv;vosp;prof;pr;pr1;plan;lartpc;larrout;surf;infra;situ;vma;nom_departement;reg;nom_region
201900003188;138Â 300Â 510;B01;7.0;2;3.0;1.0;2018.0;5.0;0.0;;;0.0;0;;;2.0;7.0;0.0;0.0;4.0;24.0;0.0;;1;6;2019;06:06;2.0;08;08330;1;1.0;1.0;2.0;A34;49,5427370;4,4326080;1;34;;;3.0;4;0.0;1.0;64;100;1.0;;;1.0;0.0;2.0;130.0;Ardennes;44;Grand Est
201900003188;138Â 300Â 510;B01;6.0;2;2.0;2.0;2009.0;5.0;1.0;;;0.0;0;;;2.0;7.0;0.0;0.0;4.0;24.0;0.0;;1;6;2019;06:06;2.0;08;08330;1;1.0;1.0;2.0;A34;49,5427370;4,4326080;1;34;;;3.0;4;0.0;1.0;64;100;1.0;;;1.0;0.0;2.0;130.0;Ardennes;44;Grand Est
201900003188;138Â 300Â 510;B01;5.0;2;4.0;2.0;1995.0;5.0;0.0;;;0.0;0;;;2.0;7.0;0.0;0.0;4.0;24.0;0.0;;1;6;2019;06:06;2.0;08;08330;1;1.0;1.0;2.0;A34;49,5427370;4,4326080;1;34;;;3.0;4;0.0;1.0;64;100;1.0;;;1.0;0.0;2.0;130.0;Ardennes;44;Grand Est
201900003188;138Â 300Â 510;B01;4.0;2;4.0;2.0;2017.0;5.0;0.0;;;0.0;0;;;2.0;7.0;0.0;0.0;4.0;24.0;0.0;;1;6;2019;06:06;2.0;08;08330;1;1.0;1.0;2.0;A34;49,5427370;4,4326080;1;34;;;3.0;4;0.0;1.0;64;100;1.0;;;1.0;0.0;2.0;130.0;Ardennes;44;Grand Est
201900003188;138Â 300Â 510;B01;2.0;1;3.0;1.0;1989.0;5.0;0.0;;;0.0;0;;;2.0;7.0;0.0;0.0;4.0;24.0;0.0;;1;6;2019;06:06;2.0;08;08330;1;1.0;1.0;2.0;A34;49,5427370;4,4326080;1;34;;;3.0;4;0.0;1.0;64;100;1.0;;;1.0;0.0;2.0;130.0;Ardennes;44;Grand Est
201900003188;138Â 300Â 515;A01;1.0;1;1.0;1.0;2000.0;4.0;1.0;;;0.0;0;;;2.0;17.0;1.0;0.0;1.0;2.0;1.0;;1;6;2019;06:06;2.0;08;08330;1;1.0;1.0;2.0;A34;49,5427370;4,4326080;1;34;;;3.0;4;0.0;1.0;64;100;1.0;;;1.0;0.0;2.0;130.0;Ardennes;44;Grand Est
201900003189;138Â 300Â 505;B01;1.0;1;1.0;1.0;1963.0;5.0;1.0;;;0.0;0;;;1.0;7.0;0.0;0.0;7.0;1.0;1.0;;15;6;2019;19:40;1.0;71;71456;1;2.0;1.0;3.0;Intersection RD 35 / RD 139 - Lieu-dit Perrigny;46,8090110;5,0271210;3;35;0.0;;2.0;2;0.0;2.0;(1);(1);1.0;;;2.0;0.0;1.0;70.0;Saône-et-Loire;27;Bourgogne-Franche-Comté
201900003189;138Â 300Â 506;A01;1.0;1;2.0;1.0;2002.0;5.0;2.0;;;0.0;0;;;3.0;2.0;0.0;2.0;1.0;19.0;1.0;;15;6;2019;19:40;1.0;71;71456;1;2.0;1.0;3.0;Intersection RD 35 / RD 139 - Lieu-dit Perrigny;46,8090110;5,0271210;3;35;0.0;;2.0;2;0.0;2.0;(1);(1);1.0;;;2.0;0.0;1.0;70.0;Saône-et-Loire;27;Bourgogne-Franche-Comté
201900003190;138Â 300Â 508;B01;1.0;1;1.0;1.0;1966.0;0.0;1.0;0.0;;;0;;;2.0;7.0;12.0;0.0;5.0;16.0;1.0;;22;10;2019;14:50;1.0;92;92051;2;1.0;8.0;2.0;CHARLES DE GAULLE (AVENUE,NÂ°118 A 192 +;48,8836000;2,2634000;2;13;0.0;;1.0;2;0.0;1.0;0;0;1.0;;;1.0;8.0;1.0;50.0;Hauts-de-Seine;11;Île-de-France
201900003190;138Â 300Â 509;A01;1.0;1;2.0;1.0;1991.0;4.0;2.0;6.0;;;0;;;2.0;30.0;0.0;2.0;1.0;1.0;1.0;;22;10;2019;14:50;1.0;92;92051;2;1.0;8.0;2.0;CHARLES DE GAULLE (AVENUE,NÂ°118 A 192 +;48,8836000;2,2634000;2;13;0.0;;1.0;2;0.0;1.0;0;0;1.0;;;1.0;8.0;1.0;50.0;Hauts-de-Seine;11;Île-de-France
201900003191;138Â 300Â 504;A01;1.0;1;1.0;2.0;1957.0;5.0;1.0;;;0.0;0;;;1.0;7.0;0.0;2.0;2.0;15.0;1.0;;13;8;2019;10:00;1.0;21;21073;1;2.0;1.0;3.0;Rue d'Aisy;47,4195440;4,3109540;3;10;0.0;F;2.0;2;0.0;1.0;3;200;1.0;;;1.0;5.0;1.0;80.0;Côte-d'Or;27;Bourgogne-Franche-Comté
201900003191;138Â 300Â 504;A01;2.0;2;1.0;1.0;2003.0;5.0;1.0;;;0.0;0;;;1.0;7.0;0.0;2.0;2.0;15.0;1.0;;13;8;2019;10:00;1.0;21;21073;1;2.0;1.0;3.0;Rue d'Aisy;47,4195440;4,3109540;3;10;0.0;F;2.0;2;0.0;1.0;3;200;1.0;;;1.0;5.0;1.0;80.0;Côte-d'Or;27;Bourgogne-Franche-Comté
201900003191;138Â 300Â 507;B01;2.0;2;2.0;2.0;1992.0;5.0;1.0;;;0.0;0;;;2.0;7.0;0.0;2.0;3.0;1.0;1.0;;13;8;2019;10:00;1.0;21;21073;1;2.0;1.0;3.0;Rue d'Aisy;47,4195440;4,3109540;3;10;0.0;F;2.0;2;0.0;1.0;3;200;1.0;;;1.0;5.0;1.0;80.0;Côte-d'Or;27;Bourgogne-Franche-Comté
201900003191;138Â 300Â 507;B01;1.0;1;1.0;1.0;1987.0;5.0;1.0;;;0.0;0;;;2.0;7.0;0.0;2.0;3.0;1.0;1.0;;13;8;2019;10:00;1.0;21;21073;1;2.0;1.0;3.0;Rue d'Aisy;47,4195440;4,3109540;3;10;0.0;F;2.0;2;0.0;1.0;3;200;1.0;;;1.0;5.0;1.0;80.0;Côte-d'Or;27;Bourgogne-Franche-Comté
201900003192;138Â 300Â 501;A01;10.0;3;2.0;1.0;1963.0;1.0;0.0;0.0;0.0;2.0;B;1.0;;0.0;7.0;0.0;1.0;2.0;15.0;1.0;;22;10;2019;16:20;5.0;92;92040;2;2.0;3.0;6.0;CHARLES DE GAULLE (AVENUE, NÂ° 18 A 116);48,8283548;2,2658443;3;50;0.0;;3.0;4;1.0;1.0;0;0;1.0;;;1.0;5.0;3.0;50.0;Hauts-de-Seine;11;Île-de-France
201900003193;138Â 300Â 498;B01;7.0;2;1.0;2.0;1938.0;9.0;1.0;;;0.0;0;;;0.0;7.0;0.0;2.0;8.0;15.0;0.0;;14;8;2019;17:50;1.0;21;21599;1;3.0;1.0;3.0;D974;47,6063520;5,2457000;3;974;;;2.0;2;0.0;1.0;(1);(1);1.0;;;1.0;0.0;1.0;90.0;Côte-d'Or;27;Bourgogne-Franche-Comté
201900003193;138Â 300Â 498;B01;2.0;2;1.0;1.0;1938.0;9.0;1.0;;;0.0;0;;;0.0;7.0;0.0;2.0;8.0;15.0;0.0;;14;8;2019;17:50;1.0;21;21599;1;3.0;1.0;3.0;D974;47,6063520;5,2457000;3;974;;;2.0;2;0.0;1.0;(1);(1);1.0;;;1.0;0.0;1.0;90.0;Côte-d'Or;27;Bourgogne-Franche-Comté
201900003193;138Â 300Â 498;B01;1.0;1;1.0;2.0;1967.0;9.0;1.0;;;0.0;0;;;0.0;7.0;0.0;2.0;8.0;15.0;0.0;;14;8;2019;17:50;1.0;21;21599;1;3.0;1.0;3.0;D974;47,6063520;5,2457000;3;974;;;2.0;2;0.0;1.0;(1);(1);1.0;;;1.0;0.0;1.0;90.0;Côte-d'Or;27;Bourgogne-Franche-Comté
201900003193;138Â 300Â 502;A01;2.0;2;2.0;2.0;1956.0;5.0;1.0;;;0.0;0;;;0.0;7.0;3.0;2.0;2.0;17.0;0.0;;14;8;2019;17:50;1.0;21;21599;1;3.0;1.0;3.0;D974;47,6063520;5,2457000;3;974;;;2.0;2;0.0;1.0;(1);(1);1.0;;;1.0;0.0;1.0;90.0;Côte-d'Or;27;Bourgogne-Franche-Comté
201900003193;138Â 300Â 502;A01;1.0;1;2.0;1.0;1956.0;5.0;1.0;;;0.0;0;;;0.0;7.0;3.0;2.0;2.0;17.0;0.0;;14;8;2019;17:50;1.0;21;21599;1;3.0;1.0;3.0;D974;47,6063520;5,2457000;3;974;;;2.0;2;0.0;1.0;(1);(1);1.0;;;1.0;0.0;1.0;90.0;Côte-d'Or;27;Bourgogne-Franche-Comté
201900003194;138Â 300Â 500;B01;1.0;1;1.0;1.0;1972.0;5.0;0.0;;;0.0;0;;;0.0;21.0;0.0;2.0;5.0;19.0;1.0;;8;6;2019;16:53;1.0;71;71004;1;2.0;1.0;3.0;Route de Dole;46,8033670;4,9404910;3;673;;;2.0;2;0.0;4.0;7;900;1.0;;;1.0;0.0;1.0;80.0;Saône-et-Loire;27;Bourgogne-Franche-Comté
201900003194;138Â 300Â 503;A01;1.0;1;4.0;1.0;1991.0;5.0;2.0;;;0.0;0;;;1.0;33.0;0.0;9.0;1.0;1.0;1.0;;8;6;2019;16:53;1.0;71;71004;1;2.0;1.0;3.0;Route de Dole;46,8033670;4,9404910;3;673;;;2.0;2;0.0;4.0;7;900;1.0;;;1.0;0.0;1.0;80.0;Saône-et-Loire;27;Bourgogne-Franche-Comté
201900003195;138Â 300Â 494;A01;1.0;1;3.0;1.0;1985.0;5.0;8.0;;;0.0;0;;;1.0;7.0;3.0;0.0;3.0;1.0;1.0;;4;6;2019;23:40;3.0;71;71215;2;1.0;1.0;6.0;122 Route de Chalon;46,8678380;4,9481090;3;5;0.0;;2.0;2;0.0;2.0;12;850;2.0;;;1.0;9.0;3.0;50.0;Saône-et-Loire;27;Bourgogne-Franche-Comté
201900003196;138Â 300Â 495;B01;1.0;1;3.0;1.0;1974.0;0.0;1.0;;;0.0;0;;;0.0;7.0;0.0;2.0;3.0;1.0;1.0;;13;8;2019;18:30;1.0;40;40091;1;1.0;1.0;1.0;3778 rout de Aire;43,7116450; -0,2854740;3;39;0.0;;2.0;2;0.0;2.0;3;870;1.0;;;1.0;0.0;1.0;80.0;Landes;75;Nouvelle-Aquitaine
201900003196;138Â 300Â 496;A01;1.0;1;3.0;1.0;1983.0;0.0;1.0;;;0.0;0;;;0.0;7.0;0.0;2.0;1.0;13.0;1.0;;13;8;2019;18:30;1.0;40;40091;1;1.0;1.0;1.0;3778 rout de Aire;43,7116450; -0,2854740;3;39;0.0;;2.0;2;0.0;2.0;3;870;1.0;;;1.0;0.0;1.0;80.0;Landes;75;Nouvelle-Aquitaine
201900003197;138Â 300Â 497;A01;1.0;1;1.0;2.0;1969.0;1.0;8.0;0.0;;;0;;;1.0;7.0;0.0;2.0;3.0;26.0;1.0;;22;10;2019;20:15;5.0;92;92019;2;1.0;1.0;2.0;DIVISION LECLERC (AVENUE DE LA);48,7642252;2,2695224;3;986;0.0;;2.0;2;0.0;2.0;0;0;1.0;;;1.0;0.0;1.0;50.0;Hauts-de-Seine;11;Île-de-France
201900003197;138Â 300Â 499;B01;1.0;1;1.0;1.0;1991.0;5.0;8.0;0.0;;;0;;;1.0;7.0;0.0;0.0;4.0;15.0;1.0;;22;10;2019;20:15;5.0;92;92019;2;1.0;1.0;2.0;DIVISION LECLERC (AVENUE DE LA);48,7642252;2,2695224;3;986;0.0;;2.0;2;0.0;2.0;0;0;1.0;;;1.0;0.0;1.0;50.0;Hauts-de-Seine;11;Île-de-France
201900003197;138Â 300Â 499;B01;2.0;2;2.0;2.0;1989.0;5.0;8.0;0.0;;;0;;;1.0;7.0;0.0;0.0;4.0;15.0;1.0;;22;10;2019;20:15;5.0;92;92019;2;1.0;1.0;2.0;DIVISION LECLERC (AVENUE DE LA);48,7642252;2,2695224;3;986;0.0;;2.0;2;0.0;2.0;0;0;1.0;;;1.0;0.0;1.0;50.0;Hauts-de-Seine;11;Île-de-France
201900003198;138Â 300Â 489;B01;1.0;1;1.0;1.0;1986.0;4.0;0.0;;;0.0;0;;;1.0;15.0;0.0;2.0;4.0;23.0;1.0;;28;6;2019;08:00;1.0;40;40284;2;1.0;1.0;2.0;114 Route de Bayonne;43,6576990; -1,3118400;3;810;;D;2.0;3;3.0;1.0;97;0;1.0;;;1.0;0.0;1.0;;Landes;75;Nouvelle-Aquitaine
201900003198;138Â 300Â 491;A01;1.0;1;3.0;1.0;1978.0;1.0;2.0;6.0;;0.0;0;;;1.0;31.0;1.0;0.0;1.0;2.0;1.0;;28;6;2019;08:00;1.0;40;40284;2;1.0;1.0;2.0;114 Route de Bayonne;43,6576990; -1,3118400;3;810;;D;2.0;3;3.0;1.0;97;0;1.0;;;1.0;0.0;1.0;;Landes;75;Nouvelle-Aquitaine
201900003199;138Â 300Â 485;A01;1.0;1;3.0;2.0;1958.0;0.0;8.0;;;0.0;0;;;1.0;7.0;0.0;2.0;1.0;5.0;1.0;;9;6;2019;19:20;1.0;58;58086;1;1.0;1.0;5.0;Autoroute A77;47,3629300;2,9234010;1;77;0.0;;3.0;4;0.0;1.0;106;350;1.0;;;1.0;0.0;1.0;130.0;Nièvre;27;Bourgogne-Franche-Comté
201900003199;138Â 300Â 486;B01;1.0;1;1.0;1.0;1994.0;5.0;1.0;;;0.0;0;;;2.0;7.0;3.0;0.0;1.0;16.0;1.0;;9;6;2019;19:20;1.0;58;58086;1;1.0;1.0;5.0;Autoroute A77;47,3629300;2,9234010;1;77;0.0;;3.0;4;0.0;1.0;106;350;1.0;;;1.0;0.0;1.0;130.0;Nièvre;27;Bourgogne-Franche-Comté
201900003199;138Â 300Â 488;C01;1.0;1;1.0;1.0;1994.0;5.0;1.0;;;0.0;0;;;2.0;7.0;3.0;0.0;2.0;16.0;1.0;;9;6;2019;19:20;1.0;58;58086;1;1.0;1.0;5.0;Autoroute A77;47,3629300;2,9234010;1;77;0.0;;3.0;4;0.0;1.0;106;350;1.0;;;1.0;0.0;1.0;130.0;Nièvre;27;Bourgogne-Franche-Comté
201900003199;138Â 300Â 490;D01;1.0;1;1.0;1.0;1965.0;5.0;1.0;;;0.0;0;;;2.0;7.0;0.0;2.0;3.0;0.0;1.0;;9;6;2019;19:20;1.0;58;58086;1;1.0;1.0;5.0;Autoroute A77;47,3629300;2,9234010;1;77;0.0;;3.0;4;0.0;1.0;106;350;1.0;;;1.0;0.0;1.0;130.0;Nièvre;27;Bourgogne-Franche-Comté
201900003199;138Â 300Â 492;E01;1.0;1;1.0;2.0;1971.0;0.0;1.0;;;0.0;0;;;2.0;7.0;0.0;2.0;8.0;0.0;1.0;;9;6;2019;19:20;1.0;58;58086;1;1.0;1.0;5.0;Autoroute A77;47,3629300;2,9234010;1;77;0.0;;3.0;4;0.0;1.0;106;350;1.0;;;1.0;0.0;1.0;130.0;Nièvre;27;Bourgogne-Franche-Comté
201900003199;138Â 300Â 493;F01;1.0;1;2.0;2.0;1954.0;0.0;8.0;;;0.0;0;;;2.0;7.0;0.0;2.0;1.0;0.0;1.0;;9;6;2019;19:20;1.0;58;58086;1;1.0;1.0;5.0;Autoroute A77;47,3629300;2,9234010;1;77;0.0;;3.0;4;0.0;1.0;106;350;1.0;;;1.0;0.0;1.0;130.0;Nièvre;27;Bourgogne-Franche-Comté
201900003199;138Â 300Â 493;F01;2.0;2;3.0;1.0;1955.0;0.0;8.0;;;0.0;0;;;2.0;7.0;0.0;2.0;1.0;0.0;1.0;;9;6;2019;19:20;1.0;58;58086;1;1.0;1.0;5.0;Autoroute A77;47,3629300;2,9234010;1;77;0.0;;3.0;4;0.0;1.0;106;350;1.0;;;1.0;0.0;1.0;130.0;Nièvre;27;Bourgogne-Franche-Comté
201900003200;138Â 300Â 484;B01;7.0;2;3.0;2.0;1956.0;4.0;0.0;;;0.0;0;;;2.0;14.0;0.0;2.0;1.0;2.0;6.0;;23;10;2019;09:16;1.0;60;60403;1;1.0;1.0;1.0;D901;49,5056300;2,0187430;3;901;0.0;;2.0;2;0.0;1.0;9;500;1.0;;;1.0;0.0;1.0;80.0;Oise;32;Hauts-de-France
201900003200;138Â 300Â 484;B01;1.0;1;2.0;2.0;1965.0;4.0;1.0;;;0.0;0;;;2.0;14.0;0.0;2.0;1.0;2.0;6.0;;23;10;2019;09:16;1.0;60;60403;1;1.0;1.0;1.0;D901;49,5056300;2,0187430;3;901;0.0;;2.0;2;0.0;1.0;9;500;1.0;;;1.0;0.0;1.0;80.0;Oise;32;Hauts-de-France
201900003200;138Â 300Â 487;A01;1.0;1;2.0;1.0;1976.0;4.0;1.0;;;0.0;0;;;1.0;7.0;0.0;2.0;1.0;2.0;6.0;;23;10;2019;09:16;1.0;60;60403;1;1.0;1.0;1.0;D901;49,5056300;2,0187430;3;901;0.0;;2.0;2;0.0;1.0;9;500;1.0;;;1.0;0.0;1.0;80.0;Oise;32;Hauts-de-France
201900003201;138Â 300Â 482;B01;2.0;2;1.0;1.0;1963.0;4.0;1.0;;;0.0;0;;;1.0;10.0;0.0;2.0;8.0;1.0;1.0;;14;8;2019;14:50;1.0;24;24305;1;1.0;1.0;3.0;la lande;45,4076210;0,9851080;3;707;;;2.0;2;0.0;2.0;16;0;2.0;;;1.0;0.0;1.0;80.0;Dordogne;75;Nouvelle-Aquitaine
201900003201;138Â 300Â 482;B01;1.0;1;1.0;1.0;1982.0;4.0;1.0;;;0.0;0;;;1.0;10.0;0.0;2.0;8.0;1.0;1.0;;14;8;2019;14:50;1.0;24;24305;1;1.0;1.0;3.0;la lande;45,4076210;0,9851080;3;707;;;2.0;2;0.0;2.0;16;0;2.0;;;1.0;0.0;1.0;80.0;Dordogne;75;Nouvelle-Aquitaine
201900003201;138Â 300Â 483;A01;1.0;1;3.0;1.0;2004.0;5.0;2.0;6.0;;0.0;0;;;2.0;2.0;0.0;2.0;3.0;13.0;1.0;;14;8;2019;14:50;1.0;24;24305;1;1.0;1.0;3.0;la lande;45,4076210;0,9851080;3;707;;;2.0;2;0.0;2.0;16;0;2.0;;;1.0;0.0;1.0;80.0;Dordogne;75;Nouvelle-Aquitaine
201900003202;138Â 300Â 481;A01;1.0;1;3.0;1.0;1988.0;4.0;1.0;;;0.0;0;;;1.0;10.0;3.0;0.0;3.0;1.0;1.0;;5;6;2019;18:35;1.0;12;12291;1;1.0;3.0;6.0;a75 pk 205+600;44,2267470;3,0690990;1;75;0.0;;3.0;4;3.0;2.0;203;500;1.0;;;2.0;0.0;2.0;130.0;Aveyron;76;Occitanie
201900003203;138Â 300Â 480;A01;1.0;1;3.0;1.0;1934.0;0.0;8.0;;;0.0;0;;;3.0;3.0;6.0;0.0;1.0;0.0;0.0;;19;10;2019;16:30;1.0;37;37261;2;1.0;1.0;6.0;ALOUETTE (AVENUE);47,3628986;0,6969874;4;;;;2.0;2;0.0;1.0;(1);(1);1.0;;;2.0;0.0;1.0;50.0;Indre-et-Loire;24;Centre-Val de Loire
201900003204;138Â 300Â 479;A01;1.0;1;3.0;1.0;1995.0;5.0;1.0;;;0.0;0;;;0.0;7.0;2.0;0.0;1.0;0.0;0.0;;18;7;2019;00:40;3.0;24;24312;2;1.0;1.0;7.0;106 route de jargues;45,1504070;0,7231170;4;7;0.0;;2.0;2;0.0;1.0;(1);(1);1.0;;;1.0;0.0;8.0;50.0;Dordogne;75;Nouvelle-Aquitaine
201900003205;138Â 300Â 473;C01;1.0;1;1.0;1.0;1997.0;4.0;1.0;0.0;;0.0;0;;;2.0;7.0;0.0;2.0;2.0;2.0;1.0;;17;6;2019;08:00;1.0;30;30217;2;9.0;1.0;4.0;Plateau de Signargues, PLT DE SIGNARGUES;43,9648680;4,6695490;3;976;;D;2.0;2;1.0;1.0;1;800;1.0;;;1.0;0.0;5.0;50.0;Gard;76;Occitanie
201900003205;138Â 300Â 473;C01;2.0;2;2.0;1.0;1993.0;4.0;1.0;0.0;;0.0;0;;;2.0;7.0;0.0;2.0;2.0;2.0;1.0;;17;6;2019;08:00;1.0;30;30217;2;9.0;1.0;4.0;Plateau de Signargues, PLT DE SIGNARGUES;43,9648680;4,6695490;3;976;;D;2.0;2;1.0;1.0;1;800;1.0;;;1.0;0.0;5.0;50.0;Gard;76;Occitanie
201900003205;138Â 300Â 476;B01;1.0;1;2.0;1.0;1994.0;4.0;1.0;0.0;0.0;0.0;0;;;2.0;7.0;13.0;0.0;6.0;2.0;1.0;;17;6;2019;08:00;1.0;30;30217;2;9.0;1.0;4.0;Plateau de Signargues, PLT DE SIGNARGUES;43,9648680;4,6695490;3;976;;D;2.0;2;1.0;1.0;1;800;1.0;;;1.0;0.0;5.0;50.0;Gard;76;Occitanie
201900003205;138Â 300Â 476;B01;2.0;2;2.0;1.0;1993.0;4.0;1.0;0.0;;0.0;0;;;2.0;7.0;13.0;0.0;6.0;2.0;1.0;;17;6;2019;08:00;1.0;30;30217;2;9.0;1.0;4.0;Plateau de Signargues, PLT DE SIGNARGUES;43,9648680;4,6695490;3;976;;D;2.0;2;1.0;1.0;1;800;1.0;;;1.0;0.0;5.0;50.0;Gard;76;Occitanie
201900003205;138Â 300Â 478;A01;1.0;1;1.0;1.0;1972.0;1.0;1.0;;;0.0;0;;;2.0;7.0;0.0;0.0;0.0;2.0;1.0;;17;6;2019;08:00;1.0;30;30217;2;9.0;1.0;4.0;Plateau de Signargues, PLT DE SIGNARGUES;43,9648680;4,6695490;3;976;;D;2.0;2;1.0;1.0;1;800;1.0;;;1.0;0.0;5.0;50.0;Gard;76;Occitanie
201900003206;138Â 300Â 475;B01;1.0;1;3.0;1.0;1972.0;1.0;2.0;;;0.0;0;;;3.0;50.0;0.0;2.0;1.0;0.0;3.0;;22;10;2019;16:45;1.0;74;74181;2;6.0;1.0;1.0;Route de Tessy;45,9509180;6,1086990;4;;0.0;;1.0;1;0.0;1.0;(1);(1);2.0;;;1.0;5.0;1.0;50.0;Haute-Savoie;84;Auvergne-Rhône-Alpes
201900003206;138Â 300Â 477;A01;1.0;1;1.0;1.0;1958.0;4.0;1.0;;;0.0;0;;;3.0;37.0;0.0;2.0;3.0;16.0;0.0;1.0;22;10;2019;16:45;1.0;74;74181;2;6.0;1.0;1.0;Route de Tessy;45,9509180;6,1086990;4;;0.0;;1.0;1;0.0;1.0;(1);(1);2.0;;;1.0;5.0;1.0;50.0;Haute-Savoie;84;Auvergne-Rhône-Alpes
201900003207;138Â 300Â 471;B01;1.0;1;1.0;1.0;1975.0;5.0;1.0;;;0.0;0;;;2.0;7.0;0.0;2.0;3.0;1.0;1.0;;16;8;2019;14:25;1.0;04;04157;1;1.0;1.0;1.0;RD 56;43,8629180;6,1366090;3;56;0.0;;2.0;2;0.0;2.0;15;600;3.0;;;1.0;0.0;1.0;80.0;Alpes-de-Haute-Provence;93;Provence-Alpes-Côte d'Azur
201900003207;138Â 300Â 474;A01;1.0;1;2.0;1.0;1982.0;5.0;2.0;6.0;;0.0;0;;;1.0;33.0;0.0;2.0;1.0;13.0;1.0;;16;8;2019;14:25;1.0;04;04157;1;1.0;1.0;1.0;RD 56;43,8629180;6,1366090;3;56;0.0;;2.0;2;0.0;2.0;15;600;3.0;;;1.0;0.0;1.0;80.0;Alpes-de-Haute-Provence;93;Provence-Alpes-Côte d'Azur
201900003208;138Â 300Â 469;C01;1.0;1;1.0;2.0;1978.0;0.0;1.0;;;0.0;0;;;1.0;7.0;0.0;2.0;1.0;2.0;0.0;;14;6;2019;07:50;1.0;30;30221;1;1.0;2.0;5.0;RN580;44,0302720;4,7358280;2;580;0.0;;2.0;2;0.0;1.0;17;500;1.0;;;2.0;0.0;1.0;;Gard;76;Occitanie
201900003208;138Â 300Â 470;B01;1.0;1;3.0;1.0;1963.0;0.0;1.0;;;0.0;0;;;1.0;7.0;0.0;2.0;4.0;15.0;0.0;;14;6;2019;07:50;1.0;30;30221;1;1.0;2.0;5.0;RN580;44,0302720;4,7358280;2;580;0.0;;2.0;2;0.0;1.0;17;500;1.0;;;2.0;0.0;1.0;;Gard;76;Occitanie
201900003208;138Â 300Â 472;A01;1.0;1;1.0;1.0;1996.0;0.0;1.0;;;0.0;0;;;2.0;7.0;0.0;2.0;1.0;1.0;0.0;;14;6;2019;07:50;1.0;30;30221;1;1.0;2.0;5.0;RN580;44,0302720;4,7358280;2;580;0.0;;2.0;2;0.0;1.0;17;500;1.0;;;2.0;0.0;1.0;;Gard;76;Occitanie
201900003209;138Â 300Â 467;A01;1.0;1;3.0;2.0;1977.0;1.0;1.0;;;0.0;0;;;2.0;7.0;2.0;0.0;3.0;1.0;1.0;;16;8;2019;00:45;3.0;04;04230;1;1.0;1.0;6.0;RD 8;43,8111897;5,9537673;3;8;0.0;;2.0;2;0.0;1.0;41;0;3.0;;;1.0;0.0;3.0;80.0;Alpes-de-Haute-Provence;93;Provence-Alpes-Côte d'Azur
201900003210;138Â 300Â 466;A01;2.0;2;2.0;2.0;2002.0;0.0;1.0;;;0.0;0;;;2.0;7.0;0.0;2.0;0.0;2.0;1.0;;21;10;2019;10:00;1.0;22;22337;1;1.0;1.0;2.0;SÃ©vignac;48,3531943; -2,3006569;2;12;;;3.0;4;0.0;2.0;17;300;1.0;;;2.0;0.0;1.0;110.0;Côtes-d'Armor;53;Bretagne
201900003210;138Â 300Â 466;A01;1.0;1;2.0;1.0;2000.0;0.0;1.0;;;0.0;0;;;2.0;7.0;0.0;2.0;0.0;2.0;1.0;;21;10;2019;10:00;1.0;22;22337;1;1.0;1.0;2.0;SÃ©vignac;48,3531943; -2,3006569;2;12;;;3.0;4;0.0;2.0;17;300;1.0;;;2.0;0.0;1.0;110.0;Côtes-d'Armor;53;Bretagne
201900003210;138Â 300Â 468;B01;1.0;1;1.0;1.0;1993.0;4.0;1.0;;;0.0;0;;;2.0;13.0;0.0;2.0;4.0;2.0;1.0;;21;10;2019;10:00;1.0;22;22337;1;1.0;1.0;2.0;SÃ©vignac;48,3531943; -2,3006569;2;12;;;3.0;4;0.0;2.0;17;300;1.0;;;2.0;0.0;1.0;110.0;Côtes-d'Armor;53;Bretagne
201900003211;138Â 300Â 465;A01;7.0;2;2.0;1.0;2003.0;5.0;8.0;;;0.0;0;;;0.0;7.0;2.0;0.0;1.0;1.0;0.0;;10;6;2019;21:30;3.0;30;30315;1;1.0;1.0;6.0;Route Nationale 100;43,9473838;4,6867636;2;100;;;2.0;2;0.0;1.0;11;500;1.0;;;1.0;0.0;8.0;80.0;Gard;76;Occitanie
201900003211;138Â 300Â 465;A01;1.0;1;1.0;1.0;1992.0;5.0;1.0;;;0.0;0;;;0.0;7.0;2.0;0.0;1.0;1.0;0.0;;10;6;2019;21:30;3.0;30;30315;1;1.0;1.0;6.0;Route Nationale 100;43,9473838;4,6867636;2;100;;;2.0;2;0.0;1.0;11;500;1.0;;;1.0;0.0;8.0;80.0;Gard;76;Occitanie
201900003211;138Â 300Â 465;A01;9.0;2;3.0;1.0;2003.0;5.0;8.0;;;0.0;0;;;0.0;7.0;2.0;0.0;1.0;1.0;0.0;;10;6;2019;21:30;3.0;30;30315;1;1.0;1.0;6.0;Route Nationale 100;43,9473838;4,6867636;2;100;;;2.0;2;0.0;1.0;11;500;1.0;;;1.0;0.0;8.0;80.0;Gard;76;Occitanie
201900003212;138Â 300Â 464;A01;1.0;1;3.0;1.0;1988.0;5.0;2.0;6.0;9.0;0.0;0;;;1.0;33.0;4.0;0.0;7.0;1.0;1.0;;16;8;2019;20:30;2.0;04;04001;1;6.0;1.0;7.0;RN 85 RP des ammonites;44,0656290;6,1726580;2;85;0.0;;1.0;1;0.0;1.0;40;50;2.0;;;1.0;0.0;1.0;80.0;Alpes-de-Haute-Provence;93;Provence-Alpes-Côte d'Azur