Num_Acc;id_vehicule;num_veh;place;catu;grav;sexe;an_nais;trajet;secu1;secu2;secu3;locp;actp;etatp;id_usager;senc;catv;obs;obsm;choc;manv;motor;occutc;jour;mois;an;hrmn;lum;dep;com;agg;int;atm;col;adr;lat;long;catr;voie;v1;v2;circ;nbv;vosp;prof;pr;pr1;plan;lartpc;larrout;surf;infra;situ;vma;nom_departement;reg;nom_region
201900003213;138Â 300Â 460;A01;1.0;1;3.0;2.0;1938.0;5.0;1.0;;;0.0;0;;;1.0;7.0;13.0;2.0;2.0;15.0;1.0;;6;5;2019;18:00;1.0;30;30096;1;3.0;1.0;3.0;D980;44,2116450;4,4946640;3;980;0.0;D;2.0;2;0.0;1.0;(1);(1);1.0;;;1.0;0.0;1.0;80.0;Gard;76;Occitanie
201900003213;138Â 300Â 462;B01;1.0;1;1.0;1.0;1990.0;5.0;1.0;;;0.0;0;;;2.0;7.0;0.0;2.0;1.0;1.0;1.0;;6;5;2019;18:00;1.0;30;30096;1;3.0;1.0;3.0;D980;44,2116450;4,4946640;3;980;0.0;D;2.0;2;0.0;1.0;(1);(1);1.0;;;1.0;0.0;1.0;80.0;Gard;76;Occitanie
201900003214;138Â 300Â 461;A01;1.0;1;2.0;2.0;1980.0;2.0;1.0;;;0.0;0;;;3.0;7.0;0.0;2.0;4.0;2.0;1.0;;17;10;2019;16:35;1.0;60;60176;2;3.0;1.0;2.0;Rue Saint Germain;49,2307380;2,9096070;9;;;;1.0;1;0.0;1.0;(1);(1);1.0;;;1.0;0.0;1.0;50.0;Oise;32;Hauts-de-France
201900003214;138Â 300Â 463;B01;1.0;1;1.0;1.0;1968.0;4.0;8.0;;;0.0;0;;;0.0;7.0;0.0;2.0;1.0;2.0;0.0;;17;10;2019;16:35;1.0;60;60176;2;3.0;1.0;2.0;Rue Saint Germain;49,2307380;2,9096070;9;;;;1.0;1;0.0;1.0;(1);(1);1.0;;;1.0;0.0;1.0;50.0;Oise;32;Hauts-de-France
201900003215;138Â 300Â 456;B01;1.0;1;2.0;1.0;1983.0;1.0;1.0;;;0.0;0;;;1.0;10.0;2.0;2.0;3.0;1.0;1.0;;8;6;2019;18:15;1.0;30;30334;1;1.0;1.0;1.0;Route de Bagnols;44,0212070;4,4384040;3;982;;;2.0;2;0.0;1.0;50;30;1.0;;;1.0;0.0;1.0;80.0;Gard;76;Occitanie
201900003215;138Â 300Â 457;A01;1.0;1;4.0;1.0;1959.0;0.0;8.0;;;0.0;0;;;2.0;7.0;0.0;2.0;2.0;1.0;1.0;;8;6;2019;18:15;1.0;30;30334;1;1.0;1.0;1.0;Route de Bagnols;44,0212070;4,4384040;3;982;;;2.0;2;0.0;1.0;50;30;1.0;;;1.0;0.0;1.0;80.0;Gard;76;Occitanie
201900003216;138Â 300Â 451;A01;2.0;2;1.0;2.0;1964.0;5.0;1.0;;;0.0;0;;;3.0;7.0;12.0;2.0;1.0;1.0;0.0;;23;10;2019;16:49;1.0;31;31157;2;1.0;1.0;1.0;15 Rue Alfred Sauvy;43,5381960;1,3574690;3;924A;;D;2.0;2;1.0;1.0;(1);(1);1.0;;;1.0;6.0;1.0;70.0;Haute-Garonne;76;Occitanie
201900003216;138Â 300Â 451;A01;1.0;1;3.0;1.0;1972.0;5.0;1.0;;;0.0;0;;;3.0;7.0;12.0;2.0;1.0;1.0;0.0;;23;10;2019;16:49;1.0;31;31157;2;1.0;1.0;1.0;15 Rue Alfred Sauvy;43,5381960;1,3574690;3;924A;;D;2.0;2;1.0;1.0;(1);(1);1.0;;;1.0;6.0;1.0;70.0;Haute-Garonne;76;Occitanie
201900003216;138Â 300Â 451;A01;3.0;2;1.0;1.0;2015.0;5.0;1.0;;;0.0;0;;;3.0;7.0;12.0;2.0;1.0;1.0;0.0;;23;10;2019;16:49;1.0;31;31157;2;1.0;1.0;1.0;15 Rue Alfred Sauvy;43,5381960;1,3574690;3;924A;;D;2.0;2;1.0;1.0;(1);(1);1.0;;;1.0;6.0;1.0;70.0;Haute-Garonne;76;Occitanie
201900003216;138Â 300Â 455;B01;1.0;1;2.0;1.0;1974.0;1.0;1.0;;;0.0;0;;;3.0;7.0;0.0;2.0;1.0;1.0;1.0;;23;10;2019;16:49;1.0;31;31157;2;1.0;1.0;1.0;15 Rue Alfred Sauvy;43,5381960;1,3574690;3;924A;;D;2.0;2;1.0;1.0;(1);(1);1.0;;;1.0;6.0;1.0;70.0;Haute-Garonne;76;Occitanie
201900003217;138Â 300Â 450;C01;1.0;1;2.0;1.0;1984.0;1.0;1.0;;;0.0;0;;;2.0;7.0;0.0;2.0;4.0;1.0;1.0;;3;6;2019;17:30;1.0;30;30151;1;1.0;1.0;5.0;D979;44,1523100;4,3652070;3;979;0.0;D;2.0;1;0.0;1.0;(1);(1);1.0;;;1.0;0.0;1.0;80.0;Gard;76;Occitanie
201900003217;138Â 300Â 453;B01;1.0;1;2.0;1.0;1955.0;5.0;1.0;;;0.0;0;;;1.0;7.0;0.0;2.0;1.0;1.0;1.0;;3;6;2019;17:30;1.0;30;30151;1;1.0;1.0;5.0;D979;44,1523100;4,3652070;3;979;0.0;D;2.0;1;0.0;1.0;(1);(1);1.0;;;1.0;0.0;1.0;80.0;Gard;76;Occitanie
201900003217;138Â 300Â 453;B01;9.0;2;3.0;2.0;1930.0;5.0;1.0;;;0.0;0;;;1.0;7.0;0.0;2.0;1.0;1.0;1.0;;3;6;2019;17:30;1.0;30;30151;1;1.0;1.0;5.0;D979;44,1523100;4,3652070;3;979;0.0;D;2.0;1;0.0;1.0;(1);(1);1.0;;;1.0;0.0;1.0;80.0;Gard;76;Occitanie
201900003217;138Â 300Â 453;B01;2.0;2;2.0;1.0;1954.0;5.0;1.0;;;0.0;0;;;1.0;7.0;0.0;2.0;1.0;1.0;1.0;;3;6;2019;17:30;1.0;30;30151;1;1.0;1.0;5.0;D979;44,1523100;4,3652070;3;979;0.0;D;2.0;1;0.0;1.0;(1);(1);1.0;;;1.0;0.0;1.0;80.0;Gard;76;Occitanie
201900003217;138Â 300Â 454;A01;1.0;1;1.0;1.0;1978.0;1.0;1.0;;;0.0;0;;;2.0;7.0;0.0;2.0;1.0;17.0;1.0;;3;6;2019;17:30;1.0;30;30151;1;1.0;1.0;5.0;D979;44,1523100;4,3652070;3;979;0.0;D;2.0;1;0.0;1.0;(1);(1);1.0;;;1.0;0.0;1.0;80.0;Gard;76;Occitanie
201900003218;138Â 300Â 449;A01;1.0;1;3.0;1.0;1999.0;5.0;1.0;;;0.0;0;;;2.0;7.0;13.0;0.0;1.0;1.0;1.0;;29;9;2019;03:00;3.0;56;56094;1;1.0;2.0;6.0;Locadour RD 194;47,7604500; -3,2698140;3;194;;;2.0;2;0.0;1.0;2;630;1.0;;;2.0;0.0;3.0;80.0;Morbihan;53;Bretagne
201900003219;138Â 300Â 446;A01;1.0;1;3.0;1.0;1980.0;5.0;1.0;9.0;;0.0;0;;;2.0;7.0;0.0;2.0;1.0;13.0;1.0;;12;8;2019;18:30;1.0;85;85026;1;1.0;1.0;5.0;D747;46,5922500; -1,4439900;3;747;;;2.0;3;0.0;1.0;9;0;2.0;;;1.0;0.0;1.0;90.0;Vendée;52;Pays de la Loire
201900003219;138Â 300Â 446;A01;2.0;2;3.0;2.0;1980.0;5.0;1.0;9.0;;0.0;0;;;2.0;7.0;0.0;2.0;1.0;13.0;1.0;;12;8;2019;18:30;1.0;85;85026;1;1.0;1.0;5.0;D747;46,5922500; -1,4439900;3;747;;;2.0;3;0.0;1.0;9;0;2.0;;;1.0;0.0;1.0;90.0;Vendée;52;Pays de la Loire
201900003219;138Â 300Â 446;A01;2.0;2;4.0;1.0;2019.0;5.0;9.0;;;0.0;0;;;2.0;7.0;0.0;2.0;1.0;13.0;1.0;;12;8;2019;18:30;1.0;85;85026;1;1.0;1.0;5.0;D747;46,5922500; -1,4439900;3;747;;;2.0;3;0.0;1.0;9;0;2.0;;;1.0;0.0;1.0;90.0;Vendée;52;Pays de la Loire
201900003219;138Â 300Â 447;B01;2.0;2;1.0;2.0;2000.0;5.0;1.0;;;0.0;0;;;1.0;7.0;0.0;2.0;8.0;1.0;1.0;;12;8;2019;18:30;1.0;85;85026;1;1.0;1.0;5.0;D747;46,5922500; -1,4439900;3;747;;;2.0;3;0.0;1.0;9;0;2.0;;;1.0;0.0;1.0;90.0;Vendée;52;Pays de la Loire
201900003219;138Â 300Â 447;B01;1.0;1;1.0;2.0;1983.0;5.0;1.0;;;0.0;0;;;1.0;7.0;0.0;2.0;8.0;1.0;1.0;;12;8;2019;18:30;1.0;85;85026;1;1.0;1.0;5.0;D747;46,5922500; -1,4439900;3;747;;;2.0;3;0.0;1.0;9;0;2.0;;;1.0;0.0;1.0;90.0;Vendée;52;Pays de la Loire
201900003219;138Â 300Â 448;C01;1.0;1;3.0;2.0;1967.0;1.0;1.0;8.0;;0.0;0;;;1.0;7.0;0.0;2.0;1.0;1.0;1.0;;12;8;2019;18:30;1.0;85;85026;1;1.0;1.0;5.0;D747;46,5922500; -1,4439900;3;747;;;2.0;3;0.0;1.0;9;0;2.0;;;1.0;0.0;1.0;90.0;Vendée;52;Pays de la Loire
201900003219;138Â 300Â 452;D01;2.0;2;2.0;2.0;2003.0;5.0;1.0;;;0.0;0;;;1.0;7.0;0.0;2.0;1.0;1.0;1.0;;12;8;2019;18:30;1.0;85;85026;1;1.0;1.0;5.0;D747;46,5922500; -1,4439900;3;747;;;2.0;3;0.0;1.0;9;0;2.0;;;1.0;0.0;1.0;90.0;Vendée;52;Pays de la Loire
201900003219;138Â 300Â 452;D01;9.0;2;1.0;1.0;2013.0;5.0;1.0;;;0.0;0;;;1.0;7.0;0.0;2.0;1.0;1.0;1.0;;12;8;2019;18:30;1.0;85;85026;1;1.0;1.0;5.0;D747;46,5922500; -1,4439900;3;747;;;2.0;3;0.0;1.0;9;0;2.0;;;1.0;0.0;1.0;90.0;Vendée;52;Pays de la Loire
201900003219;138Â 300Â 452;D01;7.0;2;1.0;1.0;2004.0;5.0;1.0;;;0.0;0;;;1.0;7.0;0.0;2.0;1.0;1.0;1.0;;12;8;2019;18:30;1.0;85;85026;1;1.0;1.0;5.0;D747;46,5922500; -1,4439900;3;747;;;2.0;3;0.0;1.0;9;0;2.0;;;1.0;0.0;1.0;90.0;Vendée;52;Pays de la Loire
201900003219;138Â 300Â 452;D01;1.0;1;2.0;2.0;1982.0;5.0;1.0;9.0;;0.0;0;;;1.0;7.0;0.0;2.0;1.0;1.0;1.0;;12;8;2019;18:30;1.0;85;85026;1;1.0;1.0;5.0;D747;46,5922500; -1,4439900;3;747;;;2.0;3;0.0;1.0;9;0;2.0;;;1.0;0.0;1.0;90.0;Vendée;52;Pays de la Loire
201900003219;138Â 300Â 452;D01;8.0;2;2.0;2.0;2003.0;5.0;1.0;;;0.0;0;;;1.0;7.0;0.0;2.0;1.0;1.0;1.0;;12;8;2019;18:30;1.0;85;85026;1;1.0;1.0;5.0;D747;46,5922500; -1,4439900;3;747;;;2.0;3;0.0;1.0;9;0;2.0;;;1.0;0.0;1.0;90.0;Vendée;52;Pays de la Loire
201900003220;138Â 300Â 443;B01;1.0;1;1.0;1.0;1965.0;4.0;0.0;;;0.0;0;;;2.0;21.0;0.0;2.0;6.0;15.0;1.0;;5;6;2019;10:05;1.0;2B;2B320;1;2.0;1.0;3.0;RT10;42,1371930;9,5090340;2;10;;;2.0;2;0.0;4.0;101;0;1.0;;;1.0;0.0;1.0;80.0;Haute-Corse;94;Corse
201900003220;138Â 300Â 445;A01;1.0;1;4.0;1.0;1953.0;5.0;2.0;6.0;;0.0;0;;;2.0;33.0;0.0;2.0;2.0;17.0;1.0;;5;6;2019;10:05;1.0;2B;2B320;1;2.0;1.0;3.0;RT10;42,1371930;9,5090340;2;10;;;2.0;2;0.0;4.0;101;0;1.0;;;1.0;0.0;1.0;80.0;Haute-Corse;94;Corse
201900003221;138Â 300Â 444;A01;1.0;1;4.0;1.0;1949.0;1.0;1.0;;;0.0;0;;;2.0;7.0;8.0;0.0;3.0;1.0;1.0;;15;10;2019;14:45;1.0;59;59111;1;1.0;1.0;6.0;9 Route de Saint Omer;50,8317550;2,3159000;3;928;0.0;;2.0;2;0.0;1.0;7;500;1.0;;;1.0;0.0;3.0;80.0;Nord;32;Hauts-de-France
201900003222;138Â 300Â 440;B01;1.0;1;3.0;1.0;1954.0;5.0;2.0;4.0;;0.0;0;;;2.0;1.0;0.0;2.0;4.0;1.0;5.0;;13;8;2019;18:20;1.0;27;27260;1;1.0;2.0;2.0;D6178;49,4121830;0,4241120;3;6178;0.0;D;2.0;2;0.0;1.0;7;400;1.0;;;1.0;0.0;1.0;80.0;Eure;28;Normandie
201900003222;138Â 300Â 441;A01;1.0;1;1.0;2.0;1973.0;5.0;1.0;;;0.0;0;;;2.0;7.0;0.0;9.0;2.0;1.0;1.0;;13;8;2019;18:20;1.0;27;27260;1;1.0;2.0;2.0;D6178;49,4121830;0,4241120;3;6178;0.0;D;2.0;2;0.0;1.0;7;400;1.0;;;1.0;0.0;1.0;80.0;Eure;28;Normandie
201900003223;138Â 300Â 437;A01;1.0;1;4.0;1.0;1969.0;5.0;1.0;;;0.0;0;;;1.0;7.0;8.0;0.0;3.0;0.0;0.0;;12;8;2019;13:35;1.0;27;27672;1;1.0;1.0;6.0;Route de Rouen;49,4465350;1,3593680;2;31;0.0;;2.0;2;0.0;2.0;1;29;2.0;;;1.0;0.0;3.0;80.0;Eure;28;Normandie
201900003223;138Â 300Â 437;A01;7.0;2;1.0;1.0;2014.0;5.0;3.0;;;0.0;0;;;1.0;7.0;8.0;0.0;3.0;0.0;0.0;;12;8;2019;13:35;1.0;27;27672;1;1.0;1.0;6.0;Route de Rouen;49,4465350;1,3593680;2;31;0.0;;2.0;2;0.0;2.0;1;29;2.0;;;1.0;0.0;3.0;80.0;Eure;28;Normandie
201900003224;138Â 300Â 435;A01;1.0;1;1.0;2.0;1976.0;5.0;1.0;;;0.0;0;;;1.0;7.0;0.0;2.0;7.0;1.0;1.0;;14;8;2019;11:35;1.0;17;17459;1;1.0;1.0;3.0;Lieu dit Le Moulin Ã  vent.;45,9174380; -0,4453770;3;939;;;2.0;2;0.0;1.0;27;400;1.0;;;1.0;0.0;1.0;80.0;Charente-Maritime;75;Nouvelle-Aquitaine
201900003224;138Â 300Â 436;B01;1.0;1;3.0;1.0;1951.0;5.0;0.0;;;0.0;0;;;1.0;1.0;0.0;2.0;8.0;1.0;5.0;;14;8;2019;11:35;1.0;17;17459;1;1.0;1.0;3.0;Lieu dit Le Moulin Ã  vent.;45,9174380; -0,4453770;3;939;;;2.0;2;0.0;1.0;27;400;1.0;;;1.0;0.0;1.0;80.0;Charente-Maritime;75;Nouvelle-Aquitaine
201900003225;138Â 300Â 434;A01;10.0;3;4.0;2.0;1939.0;0.0;0.0;;;2.0;3;1.0;;3.0;7.0;0.0;1.0;5.0;4.0;1.0;;14;8;2019;16:50;1.0;17;17347;2;2.0;1.0;6.0;rue des marÃ©chaux;45,9466930; -0,5301720;4;;0.0;;1.0;1;0.0;1.0;(1);(1);1.0;;;1.0;6.0;1.0;50.0;Charente-Maritime;75;Nouvelle-Aquitaine
201900003225;138Â 300Â 434;A01;1.0;1;1.0;1.0;1969.0;9.0;8.0;;;0.0;0;;;3.0;7.0;0.0;1.0;5.0;4.0;1.0;;14;8;2019;16:50;1.0;17;17347;2;2.0;1.0;6.0;rue des marÃ©chaux;45,9466930; -0,5301720;4;;0.0;;1.0;1;0.0;1.0;(1);(1);1.0;;;1.0;6.0;1.0;50.0;Charente-Maritime;75;Nouvelle-Aquitaine
201900003225;138Â 300Â 434;A01;2.0;2;1.0;1.0;1999.0;9.0;8.0;;;0.0;0;;;3.0;7.0;0.0;1.0;5.0;4.0;1.0;;14;8;2019;16:50;1.0;17;17347;2;2.0;1.0;6.0;rue des marÃ©chaux;45,9466930; -0,5301720;4;;0.0;;1.0;1;0.0;1.0;(1);(1);1.0;;;1.0;6.0;1.0;50.0;Charente-Maritime;75;Nouvelle-Aquitaine
201900003226;138Â 300Â 432;B01;1.0;1;2.0;1.0;1995.0;1.0;1.0;;;0.0;0;;;2.0;7.0;0.0;2.0;1.0;1.0;1.0;;14;8;2019;12:00;1.0;37;37016;1;1.0;1.0;1.0;RD943;47,2083620;0,9441060;3;943;0.0;;2.0;2;0.0;1.0;25;150;1.0;;;1.0;0.0;1.0;80.0;Indre-et-Loire;24;Centre-Val de Loire
201900003226;138Â 300Â 433;A01;1.0;1;4.0;1.0;1973.0;5.0;2.0;9.0;6.0;0.0;0;;;1.0;33.0;0.0;2.0;1.0;17.0;1.0;;14;8;2019;12:00;1.0;37;37016;1;1.0;1.0;1.0;RD943;47,2083620;0,9441060;3;943;0.0;;2.0;2;0.0;1.0;25;150;1.0;;;1.0;0.0;1.0;80.0;Indre-et-Loire;24;Centre-Val de Loire
201900003227;138Â 300Â 430;B01;2.0;2;3.0;2.0;1964.0;5.0;1.0;;;0.0;0;;;1.0;7.0;0.0;2.0;1.0;1.0;1.0;;14;8;2019;16:10;1.0;37;37273;1;1.0;1.0;1.0;Route dÃ©partementale 140;47,3811680;0,7662770;3;140;0.0;D;2.0;2;0.0;1.0;3;800;1.0;;;1.0;0.0;1.0;80.0;Indre-et-Loire;24;Centre-Val de Loire
201900003227;138Â 300Â 430;B01;1.0;1;2.0;1.0;1962.0;4.0;1.0;;;0.0;0;;;1.0;7.0;0.0;2.0;1.0;1.0;1.0;;14;8;2019;16:10;1.0;37;37273;1;1.0;1.0;1.0;Route dÃ©partementale 140;47,3811680;0,7662770;3;140;0.0;D;2.0;2;0.0;1.0;3;800;1.0;;;1.0;0.0;1.0;80.0;Indre-et-Loire;24;Centre-Val de Loire
201900003227;138Â 300Â 431;A01;1.0;1;2.0;1.0;1981.0;5.0;1.0;;;0.0;0;;;2.0;7.0;0.0;2.0;1.0;13.0;2.0;;14;8;2019;16:10;1.0;37;37273;1;1.0;1.0;1.0;Route dÃ©partementale 140;47,3811680;0,7662770;3;140;0.0;D;2.0;2;0.0;1.0;3;800;1.0;;;1.0;0.0;1.0;80.0;Indre-et-Loire;24;Centre-Val de Loire
201900003228;138Â 300Â 439;A01;1.0;1;2.0;1.0;2002.0;1.0;2.0;6.0;;0.0;0;;;1.0;2.0;0.0;0.0;8.0;26.0;1.0;;23;10;2019;08:12;1.0;59;59094;2;1.0;1.0;7.0;9 Rue Pasteur;50,9469620;2,1972610;3;2;0.0;D;2.0;2;0.0;1.0;(1);(1);1.0;;;1.0;0.0;1.0;50.0;Nord;32;Hauts-de-France
201900003229;138Â 300Â 428;B01;1.0;1;1.0;1.0;1992.0;4.0;1.0;;;0.0;0;;;1.0;7.0;0.0;2.0;3.0;1.0;1.0;;13;8;2019;14:25;1.0;37;37152;1;1.0;1.0;1.0;D2;47,4722030;0,6662190;3;2;;;2.0;2;0.0;1.0;7;500;1.0;;;1.0;0.0;1.0;80.0;Indre-et-Loire;24;Centre-Val de Loire
201900003229;138Â 300Â 429;A01;1.0;1;3.0;1.0;1989.0;4.0;1.0;;;0.0;0;;;2.0;7.0;0.0;2.0;3.0;1.0;1.0;;13;8;2019;14:25;1.0;37;37152;1;1.0;1.0;1.0;D2;47,4722030;0,6662190;3;2;;;2.0;2;0.0;1.0;7;500;1.0;;;1.0;0.0;1.0;80.0;Indre-et-Loire;24;Centre-Val de Loire
201900003230;138Â 300Â 426;A01;1.0;1;3.0;2.0;1964.0;5.0;1.0;;;0.0;0;;;2.0;7.0;0.0;2.0;8.0;9.0;1.0;;22;10;2019;13:30;1.0;76;76211;1;2.0;7.0;3.0;D16;49,8968700;1,5364380;3;214;;;2.0;2;0.0;1.0;(1);(1);1.0;;;1.0;0.0;1.0;80.0;Seine-Maritime;28;Normandie
201900003230;138Â 300Â 427;B01;1.0;1;1.0;1.0;1979.0;4.0;1.0;;;0.0;0;;;1.0;15.0;0.0;0.0;1.0;1.0;1.0;;22;10;2019;13:30;1.0;76;76211;1;2.0;7.0;3.0;D16;49,8968700;1,5364380;3;214;;;2.0;2;0.0;1.0;(1);(1);1.0;;;1.0;0.0;1.0;80.0;Seine-Maritime;28;Normandie
201900003231;138Â 300Â 424;A01;7.0;2;2.0;2.0;2004.0;5.0;1.0;;;0.0;0;;;2.0;7.0;0.0;2.0;1.0;1.0;1.0;;13;8;2019;17:50;1.0;30;30341;2;2.0;1.0;3.0;Rue Fernand Granon;43,6929510;4,2741090;4;;;;2.0;2;0.0;1.0;(1);(1);1.0;;;1.0;0.0;1.0;50.0;Gard;76;Occitanie
201900003231;138Â 300Â 424;A01;1.0;1;1.0;1.0;2001.0;5.0;1.0;;;0.0;0;;;2.0;7.0;0.0;2.0;1.0;1.0;1.0;;13;8;2019;17:50;1.0;30;30341;2;2.0;1.0;3.0;Rue Fernand Granon;43,6929510;4,2741090;4;;;;2.0;2;0.0;1.0;(1);(1);1.0;;;1.0;0.0;1.0;50.0;Gard;76;Occitanie
201900003231;138Â 300Â 424;A01;2.0;2;1.0;1.0;2002.0;5.0;1.0;;;0.0;0;;;2.0;7.0;0.0;2.0;1.0;1.0;1.0;;13;8;2019;17:50;1.0;30;30341;2;2.0;1.0;3.0;Rue Fernand Granon;43,6929510;4,2741090;4;;;;2.0;2;0.0;1.0;(1);(1);1.0;;;1.0;0.0;1.0;50.0;Gard;76;Occitanie
201900003231;138Â 300Â 424;A01;9.0;2;2.0;2.0;2002.0;5.0;1.0;;;0.0;0;;;2.0;7.0;0.0;2.0;1.0;1.0;1.0;;13;8;2019;17:50;1.0;30;30341;2;2.0;1.0;3.0;Rue Fernand Granon;43,6929510;4,2741090;4;;;;2.0;2;0.0;1.0;(1);(1);1.0;;;1.0;0.0;1.0;50.0;Gard;76;Occitanie
201900003231;138Â 300Â 425;B01;1.0;1;2.0;1.0;1986.0;0.0;1.0;;;0.0;0;;;1.0;7.0;0.0;2.0;7.0;1.0;1.0;;13;8;2019;17:50;1.0;30;30341;2;2.0;1.0;3.0;Rue Fernand Granon;43,6929510;4,2741090;4;;;;2.0;2;0.0;1.0;(1);(1);1.0;;;1.0;0.0;1.0;50.0;Gard;76;Occitanie
201900003232;138Â 300Â 438;A01;1.0;1;3.0;1.0;1997.0;5.0;2.0;;;0.0;0;;;1.0;33.0;0.0;2.0;1.0;1.0;1.0;;2;6;2019;14:45;1.0;87;87166;1;1.0;7.0;1.0;Le PÃ¢tural;45,7404030;1,1107830;3;20;;D;2.0;2;0.0;1.0;17;479;1.0;;;1.0;0.0;1.0;80.0;Haute-Vienne;75;Nouvelle-Aquitaine
201900003232;138Â 300Â 442;B01;1.0;1;2.0;1.0;1996.0;5.0;2.0;;;0.0;0;;;2.0;33.0;0.0;2.0;1.0;15.0;1.0;;2;6;2019;14:45;1.0;87;87166;1;1.0;7.0;1.0;Le PÃ¢tural;45,7404030;1,1107830;3;20;;D;2.0;2;0.0;1.0;17;479;1.0;;;1.0;0.0;1.0;80.0;Haute-Vienne;75;Nouvelle-Aquitaine
201900003233;138Â 300Â 422;A01;3.0;2;3.0;1.0;1968.0;1.0;1.0;;;0.0;0;;;2.0;7.0;2.0;0.0;1.0;1.0;0.0;;21;10;2019;07:45;3.0;79;79147;1;1.0;5.0;7.0;;46,6425850; -0,5105650;3;143;0.0;;2.0;2;0.0;1.0;6;0;2.0;;55.0;2.0;0.0;3.0;80.0;Deux-Sèvres;75;Nouvelle-Aquitaine
201900003233;138Â 300Â 422;A01;1.0;1;2.0;1.0;1954.0;1.0;1.0;;;0.0;0;;;2.0;7.0;2.0;0.0;1.0;1.0;0.0;;21;10;2019;07:45;3.0;79;79147;1;1.0;5.0;7.0;;46,6425850; -0,5105650;3;143;0.0;;2.0;2;0.0;1.0;6;0;2.0;;55.0;2.0;0.0;3.0;80.0;Deux-Sèvres;75;Nouvelle-Aquitaine
201900003233;138Â 300Â 422;A01;4.0;2;2.0;1.0;1971.0;1.0;1.0;;;0.0;0;;;2.0;7.0;2.0;0.0;1.0;1.0;0.0;;21;10;2019;07:45;3.0;79;79147;1;1.0;5.0;7.0;;46,6425850; -0,5105650;3;143;0.0;;2.0;2;0.0;1.0;6;0;2.0;;55.0;2.0;0.0;3.0;80.0;Deux-Sèvres;75;Nouvelle-Aquitaine
201900003233;138Â 300Â 422;A01;2.0;2;2.0;1.0;1957.0;1.0;1.0;;;0.0;0;;;2.0;7.0;2.0;0.0;1.0;1.0;0.0;;21;10;2019;07:45;3.0;79;79147;1;1.0;5.0;7.0;;46,6425850; -0,5105650;3;143;0.0;;2.0;2;0.0;1.0;6;0;2.0;;55.0;2.0;0.0;3.0;80.0;Deux-Sèvres;75;Nouvelle-Aquitaine
201900003234;138Â 300Â 420;A01;1.0;1;1.0;1.0;1992.0;5.0;1.0;;;0.0;0;;;0.0;7.0;0.0;2.0;1.0;17.0;1.0;;13;8;2019;23:30;3.0;30;30006;1;1.0;1.0;5.0;RN 113;43,6843310;4,2077280;4;113;;;2.0;2;0.0;1.0;(1);(1);1.0;;;1.0;0.0;1.0;80.0;Gard;76;Occitanie
201900003234;138Â 300Â 421;B01;1.0;1;1.0;2.0;1969.0;1.0;2.0;6.0;;0.0;0;;;0.0;32.0;3.0;2.0;0.0;1.0;1.0;;13;8;2019;23:30;3.0;30;30006;1;1.0;1.0;5.0;RN 113;43,6843310;4,2077280;4;113;;;2.0;2;0.0;1.0;(1);(1);1.0;;;1.0;0.0;1.0;80.0;Gard;76;Occitanie
201900003234;138Â 300Â 423;C01;2.0;2;3.0;2.0;1991.0;5.0;1.0;;;0.0;0;;;0.0;7.0;3.0;2.0;1.0;1.0;1.0;;13;8;2019;23:30;3.0;30;30006;1;1.0;1.0;5.0;RN 113;43,6843310;4,2077280;4;113;;;2.0;2;0.0;1.0;(1);(1);1.0;;;1.0;0.0;1.0;80.0;Gard;76;Occitanie
201900003234;138Â 300Â 423;C01;1.0;1;1.0;1.0;1985.0;5.0;1.0;;;0.0;0;;;0.0;7.0;3.0;2.0;1.0;1.0;1.0;;13;8;2019;23:30;3.0;30;30006;1;1.0;1.0;5.0;RN 113;43,6843310;4,2077280;4;113;;;2.0;2;0.0;1.0;(1);(1);1.0;;;1.0;0.0;1.0;80.0;Gard;76;Occitanie
201900003235;138Â 300Â 418;B01;2.0;2;3.0;1.0;2005.0;5.0;2.0;;;0.0;0;;;2.0;32.0;0.0;2.0;6.0;1.0;1.0;;15;6;2019;14:40;1.0;83;83054;1;1.0;1.0;3.0;Route de la Crau;43,1609060;6,0603480;3;554;;;2.0;2;0.0;1.0;97;803;3.0;;;1.0;9.0;1.0;80.0;Var;93;Provence-Alpes-Côte d'Azur
201900003235;138Â 300Â 418;B01;1.0;1;3.0;1.0;1972.0;5.0;2.0;;;0.0;0;;;2.0;32.0;0.0;2.0;6.0;1.0;1.0;;15;6;2019;14:40;1.0;83;83054;1;1.0;1.0;3.0;Route de la Crau;43,1609060;6,0603480;3;554;;;2.0;2;0.0;1.0;97;803;3.0;;;1.0;9.0;1.0;80.0;Var;93;Provence-Alpes-Côte d'Azur
201900003235;138Â 300Â 419;A01;1.0;1;1.0;2.0;1969.0;5.0;1.0;;;0.0;0;;;1.0;7.0;3.0;2.0;3.0;6.0;1.0;;15;6;2019;14:40;1.0;83;83054;1;1.0;1.0;3.0;Route de la Crau;43,1609060;6,0603480;3;554;;;2.0;2;0.0;1.0;97;803;3.0;;;1.0;9.0;1.0;80.0;Var;93;Provence-Alpes-Côte d'Azur
201900003236;138Â 300Â 415;A01;10.0;3;4.0;2.0;1928.0;5.0;0.0;;;1.0;1;1.0;;3.0;7.0;0.0;1.0;3.0;1.0;1.0;;15;8;2019;12:00;1.0;30;30325;2;1.0;1.0;6.0;Place de l'Eglise;43,9802620;3,7154180;4;sans;0.0;X;2.0;5;0.0;2.0;0;0;1.0;;;1.0;0.0;1.0;50.0;Gard;76;Occitanie