Num_Acc;id_vehicule;num_veh;place;catu;grav;sexe;an_nais;trajet;secu1;secu2;secu3;locp;actp;etatp;id_usager;senc;catv;obs;obsm;choc;manv;motor;occutc;jour;mois;an;hrmn;lum;dep;com;agg;int;atm;col;adr;lat;long;catr;voie;v1;v2;circ;nbv;vosp;prof;pr;pr1;plan;lartpc;larrout;surf;infra;situ;vma;nom_departement;reg;nom_region
201900003236;138Â 300Â 415;A01;1.0;1;1.0;1.0;1935.0;5.0;1.0;;;0.0;0;;;3.0;7.0;0.0;1.0;3.0;1.0;1.0;;15;8;2019;12:00;1.0;30;30325;2;1.0;1.0;6.0;Place de l'Eglise;43,9802620;3,7154180;4;sans;0.0;X;2.0;5;0.0;2.0;0;0;1.0;;;1.0;0.0;1.0;50.0;Gard;76;Occitanie
201900003237;138Â 300Â 416;B01;6.0;2;3.0;2.0;1997.0;5.0;1.0;;;0.0;0;;;2.0;10.0;0.0;2.0;1.0;1.0;1.0;;22;10;2019;19:55;5.0;2A;2A362;1;3.0;1.0;3.0;Lieu Dit Acqua Gelata;41,7042675;9,3620077;2;10;;;2.0;2;0.0;1.0;41;250;1.0;;;1.0;8.0;1.0;80.0;Corse-du-Sud;94;Corse
201900003237;138Â 300Â 416;B01;1.0;1;2.0;1.0;1982.0;5.0;1.0;;;0.0;0;;;2.0;10.0;0.0;2.0;1.0;1.0;1.0;;22;10;2019;19:55;5.0;2A;2A362;1;3.0;1.0;3.0;Lieu Dit Acqua Gelata;41,7042675;9,3620077;2;10;;;2.0;2;0.0;1.0;41;250;1.0;;;1.0;8.0;1.0;80.0;Corse-du-Sud;94;Corse
201900003237;138Â 300Â 416;B01;2.0;2;2.0;1.0;2010.0;5.0;1.0;;;0.0;0;;;2.0;10.0;0.0;2.0;1.0;1.0;1.0;;22;10;2019;19:55;5.0;2A;2A362;1;3.0;1.0;3.0;Lieu Dit Acqua Gelata;41,7042675;9,3620077;2;10;;;2.0;2;0.0;1.0;41;250;1.0;;;1.0;8.0;1.0;80.0;Corse-du-Sud;94;Corse
201900003237;138Â 300Â 417;A01;1.0;1;2.0;1.0;1967.0;5.0;1.0;;;0.0;0;;;1.0;7.0;0.0;2.0;2.0;15.0;1.0;;22;10;2019;19:55;5.0;2A;2A362;1;3.0;1.0;3.0;Lieu Dit Acqua Gelata;41,7042675;9,3620077;2;10;;;2.0;2;0.0;1.0;41;250;1.0;;;1.0;8.0;1.0;80.0;Corse-du-Sud;94;Corse
201900003237;138Â 300Â 417;A01;2.0;2;2.0;2.0;1972.0;3.0;1.0;;;0.0;0;;;1.0;7.0;0.0;2.0;2.0;15.0;1.0;;22;10;2019;19:55;5.0;2A;2A362;1;3.0;1.0;3.0;Lieu Dit Acqua Gelata;41,7042675;9,3620077;2;10;;;2.0;2;0.0;1.0;41;250;1.0;;;1.0;8.0;1.0;80.0;Corse-du-Sud;94;Corse
201900003238;138Â 300Â 413;A01;1.0;1;3.0;2.0;1998.0;5.0;1.0;;;0.0;0;;;2.0;7.0;0.0;2.0;1.0;13.0;1.0;;5;6;2019;19:00;1.0;83;83130;1;1.0;7.0;1.0;;43,2077500;6,0500490;3;97;0.0;D;2.0;2;0.0;1.0;16;0;4.0;;;1.0;0.0;1.0;50.0;Var;93;Provence-Alpes-Côte d'Azur
201900003238;138Â 300Â 413;A01;2.0;2;3.0;2.0;1994.0;5.0;0.0;;;0.0;0;;;2.0;7.0;0.0;2.0;1.0;13.0;1.0;;5;6;2019;19:00;1.0;83;83130;1;1.0;7.0;1.0;;43,2077500;6,0500490;3;97;0.0;D;2.0;2;0.0;1.0;16;0;4.0;;;1.0;0.0;1.0;50.0;Var;93;Provence-Alpes-Côte d'Azur
201900003238;138Â 300Â 414;B01;2.0;2;3.0;2.0;1940.0;3.0;1.0;;;0.0;0;;;1.0;7.0;0.0;2.0;1.0;1.0;1.0;;5;6;2019;19:00;1.0;83;83130;1;1.0;7.0;1.0;;43,2077500;6,0500490;3;97;0.0;D;2.0;2;0.0;1.0;16;0;4.0;;;1.0;0.0;1.0;50.0;Var;93;Provence-Alpes-Côte d'Azur
201900003238;138Â 300Â 414;B01;1.0;1;3.0;1.0;1941.0;3.0;1.0;;;0.0;0;;;1.0;7.0;0.0;2.0;1.0;1.0;1.0;;5;6;2019;19:00;1.0;83;83130;1;1.0;7.0;1.0;;43,2077500;6,0500490;3;97;0.0;D;2.0;2;0.0;1.0;16;0;4.0;;;1.0;0.0;1.0;50.0;Var;93;Provence-Alpes-Côte d'Azur
201900003239;138Â 300Â 411;A01;1.0;1;3.0;1.0;1949.0;5.0;1.0;;;0.0;0;;;1.0;7.0;13.0;0.0;1.0;14.0;1.0;;22;10;2019;18:20;2.0;32;32254;1;1.0;2.0;6.0;Lieu-dit Bile;43,5391060;0,4510090;2;21;;;2.0;2;0.0;1.0;68;(1);1.0;;;2.0;0.0;3.0;80.0;Gers;76;Occitanie
201900003240;138Â 300Â 410;B01;1.0;1;2.0;2.0;1994.0;5.0;1.0;;;0.0;0;;;1.0;7.0;0.0;2.0;3.0;10.0;0.0;;14;8;2019;20:50;2.0;30;30281;1;2.0;1.0;3.0;D22 / D1;43,8871286;4,1889220;3;1;;;2.0;2;2.0;1.0;3;700;1.0;;;1.0;0.0;1.0;80.0;Gard;76;Occitanie
201900003240;138Â 300Â 412;A01;1.0;1;3.0;1.0;1995.0;5.0;2.0;;;0.0;0;;;0.0;33.0;0.0;2.0;1.0;11.0;1.0;;14;8;2019;20:50;2.0;30;30281;1;2.0;1.0;3.0;D22 / D1;43,8871286;4,1889220;3;1;;;2.0;2;2.0;1.0;3;700;1.0;;;1.0;0.0;1.0;80.0;Gard;76;Occitanie
201900003241;138Â 300Â 409;B01;1.0;1;3.0;1.0;1999.0;1.0;1.0;;;0.0;0;;;3.0;7.0;13.0;0.0;9.0;1.0;1.0;;18;6;2019;14:35;1.0;62;62805;1;1.0;1.0;7.0;Rue de Saint-Omer;50,4567640;2,3613480;3;77;;D;2.0;2;0.0;1.0;(1);(1);4.0;;;1.0;0.0;1.0;80.0;Pas-de-Calais;32;Hauts-de-France
201900003242;138Â 300Â 407;A01;1.0;1;1.0;1.0;1942.0;9.0;1.0;;;0.0;0;;;1.0;7.0;0.0;1.0;1.0;17.0;1.0;;15;6;2019;10:00;1.0;62;62652;2;1.0;1.0;6.0;route nationale;50,4838770;2,4105200;3;916;0.0;;2.0;2;0.0;1.0;(1);(1);1.0;;;1.0;0.0;1.0;50.0;Pas-de-Calais;32;Hauts-de-France
201900003242;138Â 300Â 407;A01;10.0;3;3.0;2.0;1960.0;9.0;0.0;0.0;0.0;2.0;3;1.0;;1.0;7.0;0.0;1.0;1.0;17.0;1.0;;15;6;2019;10:00;1.0;62;62652;2;1.0;1.0;6.0;route nationale;50,4838770;2,4105200;3;916;0.0;;2.0;2;0.0;1.0;(1);(1);1.0;;;1.0;0.0;1.0;50.0;Pas-de-Calais;32;Hauts-de-France
201900003243;138Â 300Â 406;B01;1.0;1;3.0;1.0;1942.0;5.0;9.0;;;0.0;0;;;3.0;1.0;0.0;2.0;3.0;1.0;5.0;;2;8;2019;10:05;1.0;30;30241;1;1.0;1.0;1.0;Chemin du moulin de baguet;43,9706260;4,2786000;4;;0.0;;2.0;2;0.0;1.0;(1);(1);4.0;;;1.0;0.0;1.0;80.0;Gard;76;Occitanie
201900003243;138Â 300Â 408;A01;1.0;1;1.0;2.0;1974.0;4.0;1.0;;;0.0;0;;;3.0;7.0;0.0;9.0;3.0;13.0;1.0;;2;8;2019;10:05;1.0;30;30241;1;1.0;1.0;1.0;Chemin du moulin de baguet;43,9706260;4,2786000;4;;0.0;;2.0;2;0.0;1.0;(1);(1);4.0;;;1.0;0.0;1.0;80.0;Gard;76;Occitanie
201900003244;138Â 300Â 405;A01;1.0;1;3.0;1.0;1974.0;5.0;2.0;;;0.0;0;;;2.0;2.0;0.0;0.0;0.0;0.0;1.0;;1;6;2019;18:20;1.0;62;62202;1;1.0;1.0;7.0;DÃ©partementale 131;50,6123910;1,9970550;3;131;0.0;;2.0;1;0.0;2.0;14;500;2.0;;;1.0;0.0;3.0;80.0;Pas-de-Calais;32;Hauts-de-France
201900003244;138Â 300Â 405;A01;2.0;2;1.0;1.0;2010.0;0.0;2.0;;;0.0;0;;;2.0;2.0;0.0;0.0;0.0;0.0;1.0;;1;6;2019;18:20;1.0;62;62202;1;1.0;1.0;7.0;DÃ©partementale 131;50,6123910;1,9970550;3;131;0.0;;2.0;1;0.0;2.0;14;500;2.0;;;1.0;0.0;3.0;80.0;Pas-de-Calais;32;Hauts-de-France
201900003245;138Â 300Â 401;A01;1.0;1;2.0;1.0;2007.0;5.0;0.0;;;0.0;0;;;3.0;1.0;0.0;2.0;1.0;11.0;5.0;;19;10;2019;18:38;2.0;49;49026;2;2.0;2.0;3.0;Rue Roche Bleue;47,4983010; -0,8072340;9;;;;2.0;2;0.0;1.0;(1);(1);1.0;;;1.0;0.0;1.0;50.0;Maine-et-Loire;52;Pays de la Loire
201900003245;138Â 300Â 404;B01;2.0;2;1.0;2.0;1964.0;3.0;1.0;;;0.0;0;;;3.0;7.0;0.0;2.0;2.0;1.0;1.0;;19;10;2019;18:38;2.0;49;49026;2;2.0;2.0;3.0;Rue Roche Bleue;47,4983010; -0,8072340;9;;;;2.0;2;0.0;1.0;(1);(1);1.0;;;1.0;0.0;1.0;50.0;Maine-et-Loire;52;Pays de la Loire
201900003245;138Â 300Â 404;B01;1.0;1;1.0;1.0;1958.0;3.0;1.0;;;0.0;0;;;3.0;7.0;0.0;2.0;2.0;1.0;1.0;;19;10;2019;18:38;2.0;49;49026;2;2.0;2.0;3.0;Rue Roche Bleue;47,4983010; -0,8072340;9;;;;2.0;2;0.0;1.0;(1);(1);1.0;;;1.0;0.0;1.0;50.0;Maine-et-Loire;52;Pays de la Loire
201900003246;138Â 300Â 400;A01;1.0;1;4.0;1.0;1990.0;0.0;1.0;;;0.0;0;;;3.0;7.0;3.0;0.0;9.0;11.0;1.0;;8;6;2019;06:26;2.0;62;62864;1;1.0;6.0;6.0;d 939;50,2464590;2,9397890;3;939;0.0;D;2.0;2;0.0;2.0;12;230;3.0;;;2.0;2.0;3.0;80.0;Pas-de-Calais;32;Hauts-de-France
201900003247;138Â 300Â 402;B01;1.0;1;1.0;2.0;1945.0;5.0;1.0;;;0.0;0;;;2.0;7.0;0.0;2.0;3.0;1.0;1.0;;17;8;2019;10:30;1.0;48;48061;1;3.0;1.0;3.0;Route Nationale 106;44,3315040;3,5912720;2;106;;;2.0;2;0.0;1.0;46;700;1.0;;;1.0;0.0;1.0;70.0;Lozère;76;Occitanie
201900003247;138Â 300Â 403;A01;1.0;1;3.0;1.0;1966.0;5.0;2.0;6.0;9.0;0.0;0;;;1.0;33.0;0.0;2.0;8.0;19.0;1.0;;17;8;2019;10:30;1.0;48;48061;1;3.0;1.0;3.0;Route Nationale 106;44,3315040;3,5912720;2;106;;;2.0;2;0.0;1.0;46;700;1.0;;;1.0;0.0;1.0;70.0;Lozère;76;Occitanie
201900003248;138Â 300Â 398;A01;1.0;1;1.0;2.0;1963.0;0.0;8.0;;;0.0;0;;;1.0;7.0;0.0;2.0;3.0;1.0;1.0;;23;10;2019;09:00;1.0;46;46045;1;1.0;3.0;1.0;lieu dit charrux;44,5020270;1,8396970;3;17;;;2.0;2;0.0;2.0;2;700;2.0;;;2.0;0.0;1.0;80.0;Lot;76;Occitanie
201900003248;138Â 300Â 399;B01;1.0;1;4.0;2.0;1937.0;5.0;8.0;;;0.0;0;;;2.0;7.0;0.0;2.0;3.0;1.0;1.0;;23;10;2019;09:00;1.0;46;46045;1;1.0;3.0;1.0;lieu dit charrux;44,5020270;1,8396970;3;17;;;2.0;2;0.0;2.0;2;700;2.0;;;2.0;0.0;1.0;80.0;Lot;76;Occitanie
201900003249;138Â 300Â 397;A01;1.0;1;2.0;1.0;1968.0;0.0;2.0;6.0;9.0;0.0;0;;;1.0;33.0;0.0;0.0;0.0;17.0;1.0;;4;6;2019;13:30;1.0;77;77385;1;1.0;1.0;7.0;D222;48,8512500;3,2492900;3;222;;;2.0;2;0.0;1.0;13;450;2.0;;;1.0;0.0;3.0;80.0;Seine-et-Marne;11;Île-de-France
201900003250;138Â 300Â 392;A01;1.0;1;4.0;1.0;1930.0;5.0;1.0;5.0;;0.0;0;;;2.0;7.0;2.0;0.0;1.0;14.0;1.0;;13;8;2019;17:05;1.0;48;48129;1;1.0;1.0;6.0;D34;44,7199940;3,8196470;3;34;0.0;;2.0;2;0.0;2.0;2;400;1.0;;;1.0;0.0;3.0;80.0;Lozère;76;Occitanie
201900003251;138Â 300Â 394;B01;1.0;1;1.0;1.0;1969.0;4.0;1.0;;;0.0;0;;;2.0;13.0;0.0;2.0;1.0;1.0;1.0;;23;10;2019;10:00;1.0;41;41185;1;1.0;2.0;1.0;1356 Rue des CheviniÃ¨res;47,3735030;1,6954390;3;765;;D;2.0;2;0.0;1.0;31;290;3.0;;;2.0;0.0;1.0;80.0;Loir-et-Cher;24;Centre-Val de Loire
201900003251;138Â 300Â 395;A01;1.0;1;4.0;2.0;1995.0;0.0;1.0;5.0;;0.0;0;;;1.0;7.0;0.0;2.0;1.0;13.0;1.0;;23;10;2019;10:00;1.0;41;41185;1;1.0;2.0;1.0;1356 Rue des CheviniÃ¨res;47,3735030;1,6954390;3;765;;D;2.0;2;0.0;1.0;31;290;3.0;;;2.0;0.0;1.0;80.0;Loir-et-Cher;24;Centre-Val de Loire
201900003252;138Â 300Â 391;A01;2.0;2;2.0;2.0;2011.0;5.0;2.0;;;0.0;0;;;1.0;33.0;3.0;2.0;1.0;17.0;1.0;;8;6;2019;17:30;1.0;66;66050;1;9.0;7.0;2.0;RD 83;42,7774000;2,9498000;3;83;;;3.0;4;0.0;1.0;12;150;1.0;;;1.0;0.0;1.0;110.0;Pyrénées-Orientales;76;Occitanie
201900003252;138Â 300Â 391;A01;1.0;1;3.0;1.0;1983.0;5.0;2.0;6.0;;0.0;0;;;1.0;33.0;3.0;2.0;1.0;17.0;1.0;;8;6;2019;17:30;1.0;66;66050;1;9.0;7.0;2.0;RD 83;42,7774000;2,9498000;3;83;;;3.0;4;0.0;1.0;12;150;1.0;;;1.0;0.0;1.0;110.0;Pyrénées-Orientales;76;Occitanie
201900003252;138Â 300Â 393;B01;1.0;1;1.0;1.0;1955.0;5.0;1.0;;;0.0;0;;;1.0;7.0;0.0;0.0;6.0;17.0;1.0;;8;6;2019;17:30;1.0;66;66050;1;9.0;7.0;2.0;RD 83;42,7774000;2,9498000;3;83;;;3.0;4;0.0;1.0;12;150;1.0;;;1.0;0.0;1.0;110.0;Pyrénées-Orientales;76;Occitanie
201900003253;138Â 300Â 390;A01;1.0;1;3.0;2.0;1958.0;1.0;2.0;6.0;9.0;0.0;0;;;0.0;31.0;13.0;0.0;1.0;1.0;1.0;;9;8;2019;17:30;1.0;88;88438;1;1.0;1.0;6.0;Route de Saint-Die;48,3294140;6,8117120;3;32;;;2.0;2;0.0;2.0;(1);(1);2.0;;;1.0;0.0;3.0;80.0;Vosges;44;Grand Est
201900003254;138Â 300Â 387;A01;1.0;1;2.0;2.0;1968.0;5.0;1.0;;;0.0;0;;;2.0;7.0;3.0;2.0;8.0;13.0;1.0;;16;6;2019;15:30;1.0;34;34095;1;1.0;1.0;3.0;Route DÃ©partementale 613;43,5293600;3,7458430;3;613;0.0;;2.0;2;0.0;1.0;41;300;1.0;;;1.0;0.0;1.0;80.0;Hérault;76;Occitanie
201900003254;138Â 300Â 389;B01;1.0;1;2.0;1.0;1976.0;5.0;1.0;;;0.0;0;;;1.0;7.0;0.0;2.0;1.0;1.0;1.0;;16;6;2019;15:30;1.0;34;34095;1;1.0;1.0;3.0;Route DÃ©partementale 613;43,5293600;3,7458430;3;613;0.0;;2.0;2;0.0;1.0;41;300;1.0;;;1.0;0.0;1.0;80.0;Hérault;76;Occitanie
201900003255;138Â 300Â 386;B01;1.0;1;2.0;1.0;1961.0;5.0;8.0;;;0.0;0;;;1.0;7.0;0.0;2.0;3.0;15.0;1.0;;21;10;2019;18:15;5.0;68;68082;2;1.0;3.0;3.0;39 Rue de la Gare;47,8674530;7,3382680;3;4;0.0;B;2.0;2;0.0;1.0;15;500;1.0;;;2.0;5.0;1.0;50.0;Haut-Rhin;44;Grand Est
201900003255;138Â 300Â 388;A01;9.0;2;1.0;1.0;1994.0;4.0;1.0;;;0.0;0;;;2.0;7.0;0.0;2.0;2.0;5.0;1.0;;21;10;2019;18:15;5.0;68;68082;2;1.0;3.0;3.0;39 Rue de la Gare;47,8674530;7,3382680;3;4;0.0;B;2.0;2;0.0;1.0;15;500;1.0;;;2.0;5.0;1.0;50.0;Haut-Rhin;44;Grand Est
201900003255;138Â 300Â 388;A01;2.0;2;1.0;1.0;1981.0;4.0;1.0;;;0.0;0;;;2.0;7.0;0.0;2.0;2.0;5.0;1.0;;21;10;2019;18:15;5.0;68;68082;2;1.0;3.0;3.0;39 Rue de la Gare;47,8674530;7,3382680;3;4;0.0;B;2.0;2;0.0;1.0;15;500;1.0;;;2.0;5.0;1.0;50.0;Haut-Rhin;44;Grand Est
201900003255;138Â 300Â 388;A01;1.0;1;1.0;1.0;1999.0;4.0;1.0;;;0.0;0;;;2.0;7.0;0.0;2.0;2.0;5.0;1.0;;21;10;2019;18:15;5.0;68;68082;2;1.0;3.0;3.0;39 Rue de la Gare;47,8674530;7,3382680;3;4;0.0;B;2.0;2;0.0;1.0;15;500;1.0;;;2.0;5.0;1.0;50.0;Haut-Rhin;44;Grand Est
201900003256;138Â 300Â 384;B01;1.0;1;2.0;1.0;1993.0;1.0;2.0;;;0.0;0;;;2.0;1.0;0.0;2.0;1.0;1.0;5.0;;30;7;2019;17:50;1.0;88;88358;2;3.0;8.0;1.0;26 Place de la LibÃ©ration;48,1083330;6,5668530;3;157;0.0;;2.0;2;0.0;1.0;46;200;3.0;;;1.0;5.0;1.0;30.0;Vosges;44;Grand Est
201900003256;138Â 300Â 385;A01;1.0;1;1.0;2.0;1964.0;0.0;1.0;;;0.0;0;;;1.0;7.0;0.0;2.0;3.0;15.0;0.0;;30;7;2019;17:50;1.0;88;88358;2;3.0;8.0;1.0;26 Place de la LibÃ©ration;48,1083330;6,5668530;3;157;0.0;;2.0;2;0.0;1.0;46;200;3.0;;;1.0;5.0;1.0;30.0;Vosges;44;Grand Est
201900003257;138Â 300Â 381;B01;1.0;1;1.0;1.0;1999.0;0.0;1.0;;;0.0;0;;;1.0;7.0;0.0;2.0;1.0;15.0;1.0;;22;10;2019;17:10;1.0;25;25463;2;3.0;8.0;3.0;1 Rue du GÃ©nÃ©ral Herr;47,3821450;6,7730450;3;437;0.0;;2.0;2;0.0;1.0;121;280;2.0;;;1.0;0.0;1.0;50.0;Doubs;27;Bourgogne-Franche-Comté
201900003257;138Â 300Â 382;A01;1.0;1;3.0;1.0;2004.0;5.0;2.0;6.0;;0.0;0;;;2.0;2.0;0.0;2.0;7.0;15.0;1.0;;22;10;2019;17:10;1.0;25;25463;2;3.0;8.0;3.0;1 Rue du GÃ©nÃ©ral Herr;47,3821450;6,7730450;3;437;0.0;;2.0;2;0.0;1.0;121;280;2.0;;;1.0;0.0;1.0;50.0;Doubs;27;Bourgogne-Franche-Comté
201900003258;138Â 300Â 383;A01;1.0;1;3.0;1.0;1991.0;1.0;2.0;;;0.0;0;;;0.0;33.0;0.0;2.0;1.0;1.0;1.0;;8;6;2019;07:00;1.0;34;34270;2;1.0;1.0;7.0;Rue Jean Bene;43,5751860;3,8609740;4;;;;2.0;2;0.0;2.0;(1);(1);2.0;;;1.0;0.0;1.0;50.0;Hérault;76;Occitanie
201900003259;138Â 300Â 379;A01;10.0;3;2.0;2.0;1936.0;5.0;0.0;;;2.0;2;1.0;;1.0;7.0;0.0;1.0;5.0;20.0;1.0;;22;10;2019;11:00;1.0;29;29184;2;1.0;1.0;6.0;Rue de Saint Pol de Leon;48,6192075; -3,9844450;3;75;;;;1;0.0;1.0;(1);(1);1.0;;;1.0;0.0;8.0;50.0;Finistère;53;Bretagne
201900003259;138Â 300Â 379;A01;1.0;1;1.0;1.0;1971.0;5.0;1.0;;;0.0;0;;;1.0;7.0;0.0;1.0;5.0;20.0;1.0;;22;10;2019;11:00;1.0;29;29184;2;1.0;1.0;6.0;Rue de Saint Pol de Leon;48,6192075; -3,9844450;3;75;;;;1;0.0;1.0;(1);(1);1.0;;;1.0;0.0;8.0;50.0;Finistère;53;Bretagne
201900003260;138Â 300Â 380;A01;1.0;1;3.0;1.0;1998.0;4.0;1.0;;;0.0;0;;;1.0;7.0;3.0;0.0;9.0;1.0;1.0;;14;8;2019;03:55;3.0;45;45332;1;1.0;1.0;6.0;Autoroute A77 - pk 041+300;47,8652795;2,6942485;1;77;0.0;;3.0;4;0.0;1.0;41;300;1.0;;;1.0;0.0;3.0;130.0;Loiret;24;Centre-Val de Loire
201900003261;138Â 300Â 376;B01;1.0;1;2.0;1.0;1983.0;5.0;1.0;;;0.0;0;;;3.0;7.0;0.0;2.0;3.0;9.0;1.0;;21;10;2019;15:15;1.0;29;29076;2;3.0;1.0;3.0;AllÃ©e des Moulins;48,4873720; -4,5739400;4;12;0.0;;2.0;2;0.0;1.0;(1);(1);1.0;;;1.0;0.0;1.0;50.0;Finistère;53;Bretagne
201900003261;138Â 300Â 378;A01;1.0;1;1.0;1.0;1961.0;0.0;1.0;;;0.0;0;;;3.0;15.0;0.0;2.0;3.0;1.0;1.0;;21;10;2019;15:15;1.0;29;29076;2;3.0;1.0;3.0;AllÃ©e des Moulins;48,4873720; -4,5739400;4;12;0.0;;2.0;2;0.0;1.0;(1);(1);1.0;;;1.0;0.0;1.0;50.0;Finistère;53;Bretagne
201900003262;138Â 300Â 375;A01;1.0;1;1.0;2.0;1980.0;5.0;1.0;;;0.0;0;;;3.0;7.0;0.0;2.0;5.0;19.0;1.0;;31;5;2019;21:30;2.0;40;40227;1;2.0;1.0;3.0;Route de Commensacq;44,2535260; -0,8130980;3;34;0.0;;2.0;2;0.0;1.0;4;800;1.0;;;1.0;5.0;1.0;80.0;Landes;75;Nouvelle-Aquitaine
201900003262;138Â 300Â 377;B01;4.0;2;1.0;1.0;1989.0;5.0;1.0;;;0.0;0;;;1.0;7.0;0.0;2.0;3.0;1.0;1.0;;31;5;2019;21:30;2.0;40;40227;1;2.0;1.0;3.0;Route de Commensacq;44,2535260; -0,8130980;3;34;0.0;;2.0;2;0.0;1.0;4;800;1.0;;;1.0;5.0;1.0;80.0;Landes;75;Nouvelle-Aquitaine
201900003262;138Â 300Â 377;B01;3.0;2;1.0;2.0;1966.0;5.0;1.0;;;0.0;0;;;1.0;7.0;0.0;2.0;3.0;1.0;1.0;;31;5;2019;21:30;2.0;40;40227;1;2.0;1.0;3.0;Route de Commensacq;44,2535260; -0,8130980;3;34;0.0;;2.0;2;0.0;1.0;4;800;1.0;;;1.0;5.0;1.0;80.0;Landes;75;Nouvelle-Aquitaine
201900003262;138Â 300Â 377;B01;2.0;2;2.0;2.0;1959.0;5.0;1.0;;;0.0;0;;;1.0;7.0;0.0;2.0;3.0;1.0;1.0;;31;5;2019;21:30;2.0;40;40227;1;2.0;1.0;3.0;Route de Commensacq;44,2535260; -0,8130980;3;34;0.0;;2.0;2;0.0;1.0;4;800;1.0;;;1.0;5.0;1.0;80.0;Landes;75;Nouvelle-Aquitaine
201900003262;138Â 300Â 377;B01;1.0;1;1.0;2.0;1962.0;5.0;1.0;;;0.0;0;;;1.0;7.0;0.0;2.0;3.0;1.0;1.0;;31;5;2019;21:30;2.0;40;40227;1;2.0;1.0;3.0;Route de Commensacq;44,2535260; -0,8130980;3;34;0.0;;2.0;2;0.0;1.0;4;800;1.0;;;1.0;5.0;1.0;80.0;Landes;75;Nouvelle-Aquitaine
201900003263;138Â 300Â 374;A01;1.0;1;3.0;1.0;2001.0;5.0;1.0;;;0.0;0;;;1.0;7.0;4.0;0.0;3.0;1.0;1.0;;17;8;2019;04:00;4.0;38;38193;1;1.0;1.0;6.0;Boulevard de l'Isle d'Abeau;45,6112900;5,2208800;3;312;;;2.0;2;0.0;3.0;4;500;3.0;;;1.0;2.0;3.0;80.0;Isère;84;Auvergne-Rhône-Alpes
201900003263;138Â 300Â 374;A01;9.0;2;3.0;2.0;2002.0;5.0;1.0;;;0.0;0;;;1.0;7.0;4.0;0.0;3.0;1.0;1.0;;17;8;2019;04:00;4.0;38;38193;1;1.0;1.0;6.0;Boulevard de l'Isle d'Abeau;45,6112900;5,2208800;3;312;;;2.0;2;0.0;3.0;4;500;3.0;;;1.0;2.0;3.0;80.0;Isère;84;Auvergne-Rhône-Alpes
201900003263;138Â 300Â 374;A01;8.0;2;4.0;2.0;2002.0;5.0;0.0;;;0.0;0;;;1.0;7.0;4.0;0.0;3.0;1.0;1.0;;17;8;2019;04:00;4.0;38;38193;1;1.0;1.0;6.0;Boulevard de l'Isle d'Abeau;45,6112900;5,2208800;3;312;;;2.0;2;0.0;3.0;4;500;3.0;;;1.0;2.0;3.0;80.0;Isère;84;Auvergne-Rhône-Alpes
201900003263;138Â 300Â 374;A01;2.0;2;3.0;1.0;2001.0;5.0;1.0;;;0.0;0;;;1.0;7.0;4.0;0.0;3.0;1.0;1.0;;17;8;2019;04:00;4.0;38;38193;1;1.0;1.0;6.0;Boulevard de l'Isle d'Abeau;45,6112900;5,2208800;3;312;;;2.0;2;0.0;3.0;4;500;3.0;;;1.0;2.0;3.0;80.0;Isère;84;Auvergne-Rhône-Alpes
201900003263;138Â 300Â 374;A01;7.0;2;3.0;2.0;2001.0;5.0;1.0;;;0.0;0;;;1.0;7.0;4.0;0.0;3.0;1.0;1.0;;17;8;2019;04:00;4.0;38;38193;1;1.0;1.0;6.0;Boulevard de l'Isle d'Abeau;45,6112900;5,2208800;3;312;;;2.0;2;0.0;3.0;4;500;3.0;;;1.0;2.0;3.0;80.0;Isère;84;Auvergne-Rhône-Alpes
201900003264;138Â 300Â 373;A01;1.0;1;1.0;1.0;1936.0;5.0;1.0;;;0.0;0;;;0.0;7.0;0.0;1.0;1.0;1.0;1.0;;17;6;2019;09:45;1.0;34;34309;2;1.0;1.0;6.0;Avenue de Vendargues;43,6801890;3,9264200;3;145;;;2.0;2;0.0;1.0;(1);(1);1.0;;;1.0;9.0;1.0;50.0;Hérault;76;Occitanie
201900003264;138Â 300Â 373;A01;10.0;3;2.0;2.0;1951.0;5.0;0.0;;;3.0;3;1.0;;0.0;7.0;0.0;1.0;1.0;1.0;1.0;;17;6;2019;09:45;1.0;34;34309;2;1.0;1.0;6.0;Avenue de Vendargues;43,6801890;3,9264200;3;145;;;2.0;2;0.0;1.0;(1);(1);1.0;;;1.0;9.0;1.0;50.0;Hérault;76;Occitanie
201900003265;138Â 300Â 370;B01;1.0;1;2.0;1.0;1976.0;0.0;2.0;;;0.0;0;;;3.0;1.0;0.0;2.0;1.0;1.0;5.0;;13;8;2019;08:20;1.0;69;69244;2;1.0;1.0;1.0;Avenue Franklin Roosevelt;45,7638100;4,7735220;4;FRANKLIN ROOSVELT (AV);;;1.0;1;0.0;2.0;(1);(1);2.0;;;1.0;0.0;1.0;30.0;Rhône;84;Auvergne-Rhône-Alpes