Num_Acc;id_vehicule;num_veh;place;catu;grav;sexe;an_nais;trajet;secu1;secu2;secu3;locp;actp;etatp;id_usager;senc;catv;obs;obsm;choc;manv;motor;occutc;jour;mois;an;hrmn;lum;dep;com;agg;int;atm;col;adr;lat;long;catr;voie;v1;v2;circ;nbv;vosp;prof;pr;pr1;plan;lartpc;larrout;surf;infra;situ;vma;nom_departement;reg;nom_region
201900003266;138Â 300Â 372;A01;1.0;1;3.0;1.0;1999.0;5.0;0.0;;;0.0;0;;;1.0;7.0;0.0;0.0;0.0;1.0;1.0;;19;10;2019;19:10;3.0;31;31585;1;1.0;1.0;7.0;D21;43,1084020;0,6744160;3;21;0.0;;2.0;2;0.0;1.0;2;500;2.0;;;1.0;0.0;1.0;80.0;Haute-Garonne;76;Occitanie
201900003266;138Â 300Â 372;A01;9.0;2;1.0;1.0;2001.0;5.0;1.0;;;0.0;0;;;1.0;7.0;0.0;0.0;0.0;1.0;1.0;;19;10;2019;19:10;3.0;31;31585;1;1.0;1.0;7.0;D21;43,1084020;0,6744160;3;21;0.0;;2.0;2;0.0;1.0;2;500;2.0;;;1.0;0.0;1.0;80.0;Haute-Garonne;76;Occitanie
201900003266;138Â 300Â 372;A01;2.0;2;1.0;2.0;2002.0;5.0;1.0;;;0.0;0;;;1.0;7.0;0.0;0.0;0.0;1.0;1.0;;19;10;2019;19:10;3.0;31;31585;1;1.0;1.0;7.0;D21;43,1084020;0,6744160;3;21;0.0;;2.0;2;0.0;1.0;2;500;2.0;;;1.0;0.0;1.0;80.0;Haute-Garonne;76;Occitanie
201900003267;138Â 300Â 367;A01;1.0;1;1.0;1.0;1968.0;5.0;1.0;;;0.0;0;;;0.0;7.0;0.0;1.0;7.0;1.0;1.0;;14;8;2019;10:55;1.0;06;06152;2;1.0;1.0;6.0;14 Avenue Saint-Roch;43,6404590;7,0069490;3;3;0.0;D;2.0;2;0.0;1.0;(1);(1);1.0;;;1.0;9.0;1.0;50.0;Alpes-Maritimes;93;Provence-Alpes-Côte d'Azur
201900003267;138Â 300Â 367;A01;10.0;3;2.0;2.0;1941.0;5.0;0.0;;;3.0;3;1.0;;0.0;7.0;0.0;1.0;7.0;1.0;1.0;;14;8;2019;10:55;1.0;06;06152;2;1.0;1.0;6.0;14 Avenue Saint-Roch;43,6404590;7,0069490;3;3;0.0;D;2.0;2;0.0;1.0;(1);(1);1.0;;;1.0;9.0;1.0;50.0;Alpes-Maritimes;93;Provence-Alpes-Côte d'Azur
201900003268;138Â 300Â 366;A01;1.0;1;1.0;1.0;1953.0;5.0;1.0;;;0.0;0;;;1.0;7.0;0.0;2.0;1.0;15.0;1.0;;17;10;2019;12:00;1.0;02;02032;1;9.0;1.0;1.0;6 Route de la Guinguette;49,7787660;3,1149640;3;930;;;2.0;2;0.0;1.0;2;510;1.0;;;1.0;0.0;1.0;80.0;Aisne;32;Hauts-de-France
201900003268;138Â 300Â 368;B01;1.0;1;3.0;1.0;1996.0;5.0;2.0;;;0.0;0;;;2.0;33.0;0.0;2.0;1.0;1.0;1.0;;17;10;2019;12:00;1.0;02;02032;1;9.0;1.0;1.0;6 Route de la Guinguette;49,7787660;3,1149640;3;930;;;2.0;2;0.0;1.0;2;510;1.0;;;1.0;0.0;1.0;80.0;Aisne;32;Hauts-de-France
201900003269;138Â 300Â 369;A01;10.0;3;4.0;1.0;1925.0;5.0;0.0;;;3.0;3;1.0;;2.0;10.0;0.0;1.0;1.0;1.0;1.0;;17;6;2019;18:05;1.0;34;34217;2;6.0;1.0;6.0;AllÃ©e des Platanes;43,7007359;3,8622941;3;145;;;;2;0.0;1.0;(1);(1);1.0;;;1.0;0.0;1.0;50.0;Hérault;76;Occitanie
201900003269;138Â 300Â 369;A01;1.0;1;1.0;1.0;1960.0;1.0;1.0;;;0.0;0;;;2.0;10.0;0.0;1.0;1.0;1.0;1.0;;17;6;2019;18:05;1.0;34;34217;2;6.0;1.0;6.0;AllÃ©e des Platanes;43,7007359;3,8622941;3;145;;;;2;0.0;1.0;(1);(1);1.0;;;1.0;0.0;1.0;50.0;Hérault;76;Occitanie
201900003270;138Â 300Â 365;A01;1.0;1;4.0;1.0;1970.0;5.0;2.0;9.0;;0.0;0;;;0.0;33.0;0.0;0.0;7.0;13.0;1.0;;16;8;2019;15:10;1.0;42;42169;1;9.0;1.0;7.0;jourde;45,4413910;4,1550890;4;;;;2.0;2;0.0;1.0;(1);(1);2.0;;;1.0;0.0;3.0;80.0;Loire;84;Auvergne-Rhône-Alpes
201900003271;138Â 300Â 362;A01;1.0;1;3.0;1.0;2002.0;5.0;2.0;;;0.0;0;;;3.0;2.0;1.0;1.0;1.0;2.0;1.0;;15;6;2019;16:00;1.0;83;83073;1;1.0;1.0;1.0;Chemin de Bel Amant;43,3446700;6,3404980;4;;;;2.0;2;0.0;1.0;(1);(1);1.0;;;1.0;0.0;1.0;30.0;Var;93;Provence-Alpes-Côte d'Azur
201900003271;138Â 300Â 362;A01;10.0;3;3.0;1.0;2003.0;0.0;0.0;;;1.0;3;2.0;;3.0;2.0;1.0;1.0;1.0;2.0;1.0;;15;6;2019;16:00;1.0;83;83073;1;1.0;1.0;1.0;Chemin de Bel Amant;43,3446700;6,3404980;4;;;;2.0;2;0.0;1.0;(1);(1);1.0;;;1.0;0.0;1.0;30.0;Var;93;Provence-Alpes-Côte d'Azur
201900003271;138Â 300Â 364;B01;10.0;3;1.0;1.0;2000.0;5.0;0.0;;;6.0;9;3.0;;0.0;7.0;0.0;2.0;3.0;24.0;1.0;;15;6;2019;16:00;1.0;83;83073;1;1.0;1.0;1.0;Chemin de Bel Amant;43,3446700;6,3404980;4;;;;2.0;2;0.0;1.0;(1);(1);1.0;;;1.0;0.0;1.0;30.0;Var;93;Provence-Alpes-Côte d'Azur
201900003272;138Â 300Â 361;A01;1.0;1;3.0;1.0;1961.0;5.0;8.0;;;0.0;0;;;2.0;7.0;13.0;0.0;3.0;12.0;1.0;;15;8;2019;08:30;1.0;82;82037;1;1.0;1.0;6.0;A20;44,1917090;1,5364160;1;20;0.0;A;3.0;4;0.0;1.0;391;900;1.0;;;1.0;0.0;3.0;130.0;Tarn-et-Garonne;76;Occitanie
201900003273;138Â 300Â 360;A01;1.0;1;4.0;1.0;1930.0;5.0;1.0;;;0.0;0;;;3.0;7.0;13.0;0.0;1.0;0.0;1.0;;23;10;2019;16:00;1.0;50;50185;1;1.0;1.0;7.0;3 Route du Petit Pont;48,8419630; -1,2472360;3;924;;;2.0;2;0.0;1.0;(1);(1);1.0;;;1.0;9.0;3.0;80.0;Manche;28;Normandie
201900003274;138Â 300Â 359;A01;1.0;1;1.0;1.0;1965.0;1.0;1.0;;;0.0;0;;;1.0;7.0;0.0;1.0;3.0;14.0;1.0;;3;6;2019;08:30;1.0;83;83073;2;1.0;1.0;6.0;Avenue Pablo Picasso;43,3975190;6,3084550;4;DN7;0.0;;2.0;2;0.0;1.0;56;500;1.0;;;1.0;2.0;1.0;50.0;Var;93;Provence-Alpes-Côte d'Azur
201900003274;138Â 300Â 359;A01;10.0;3;2.0;2.0;1988.0;5.0;0.0;;;1.0;3;2.0;;1.0;7.0;0.0;1.0;3.0;14.0;1.0;;3;6;2019;08:30;1.0;83;83073;2;1.0;1.0;6.0;Avenue Pablo Picasso;43,3975190;6,3084550;4;DN7;0.0;;2.0;2;0.0;1.0;56;500;1.0;;;1.0;2.0;1.0;50.0;Var;93;Provence-Alpes-Côte d'Azur
201900003274;138Â 300Â 359;A01;10.0;3;2.0;2.0;2016.0;5.0;0.0;;;1.0;3;2.0;;1.0;7.0;0.0;1.0;3.0;14.0;1.0;;3;6;2019;08:30;1.0;83;83073;2;1.0;1.0;6.0;Avenue Pablo Picasso;43,3975190;6,3084550;4;DN7;0.0;;2.0;2;0.0;1.0;56;500;1.0;;;1.0;2.0;1.0;50.0;Var;93;Provence-Alpes-Côte d'Azur
201900003274;138Â 300Â 359;A01;10.0;3;2.0;1.0;1986.0;5.0;0.0;;;1.0;3;2.0;;1.0;7.0;0.0;1.0;3.0;14.0;1.0;;3;6;2019;08:30;1.0;83;83073;2;1.0;1.0;6.0;Avenue Pablo Picasso;43,3975190;6,3084550;4;DN7;0.0;;2.0;2;0.0;1.0;56;500;1.0;;;1.0;2.0;1.0;50.0;Var;93;Provence-Alpes-Côte d'Azur
201900003275;138Â 300Â 356;B01;1.0;1;1.0;2.0;1999.0;1.0;1.0;;;0.0;0;;;1.0;7.0;3.0;0.0;3.0;1.0;1.0;;17;8;2019;11:35;1.0;68;68309;1;1.0;1.0;3.0;A 35 - PK 113+100;47,6739460;7,4688970;1;35;;;3.0;4;0.0;1.0;113;100;1.0;;;1.0;0.0;1.0;130.0;Haut-Rhin;44;Grand Est
201900003275;138Â 300Â 358;A01;3.0;2;2.0;2.0;2002.0;5.0;1.0;;;0.0;0;;;1.0;7.0;3.0;2.0;5.0;12.0;1.0;;17;8;2019;11:35;1.0;68;68309;1;1.0;1.0;3.0;A 35 - PK 113+100;47,6739460;7,4688970;1;35;;;3.0;4;0.0;1.0;113;100;1.0;;;1.0;0.0;1.0;130.0;Haut-Rhin;44;Grand Est
201900003275;138Â 300Â 358;A01;1.0;1;2.0;1.0;1997.0;5.0;1.0;;;0.0;0;;;1.0;7.0;3.0;2.0;5.0;12.0;1.0;;17;8;2019;11:35;1.0;68;68309;1;1.0;1.0;3.0;A 35 - PK 113+100;47,6739460;7,4688970;1;35;;;3.0;4;0.0;1.0;113;100;1.0;;;1.0;0.0;1.0;130.0;Haut-Rhin;44;Grand Est
201900003275;138Â 300Â 358;A01;4.0;2;1.0;1.0;2000.0;5.0;1.0;;;0.0;0;;;1.0;7.0;3.0;2.0;5.0;12.0;1.0;;17;8;2019;11:35;1.0;68;68309;1;1.0;1.0;3.0;A 35 - PK 113+100;47,6739460;7,4688970;1;35;;;3.0;4;0.0;1.0;113;100;1.0;;;1.0;0.0;1.0;130.0;Haut-Rhin;44;Grand Est
201900003275;138Â 300Â 358;A01;2.0;2;2.0;2.0;1997.0;5.0;1.0;;;0.0;0;;;1.0;7.0;3.0;2.0;5.0;12.0;1.0;;17;8;2019;11:35;1.0;68;68309;1;1.0;1.0;3.0;A 35 - PK 113+100;47,6739460;7,4688970;1;35;;;3.0;4;0.0;1.0;113;100;1.0;;;1.0;0.0;1.0;130.0;Haut-Rhin;44;Grand Est
201900003276;138Â 300Â 355;B01;1.0;1;1.0;1.0;1992.0;4.0;1.0;;;0.0;0;;;2.0;17.0;0.0;2.0;4.0;2.0;1.0;;22;10;2019;20:10;3.0;50;50239;1;1.0;1.0;2.0;Rue de Bohon;49,1363240; -1,1760870;2;174;0.0;;3.0;4;0.0;1.0;29;20;1.0;;;1.0;0.0;1.0;110.0;Manche;28;Normandie
201900003276;138Â 300Â 357;A01;1.0;1;3.0;1.0;1983.0;5.0;1.0;;;0.0;0;;;2.0;7.0;0.0;2.0;1.0;2.0;1.0;;22;10;2019;20:10;3.0;50;50239;1;1.0;1.0;2.0;Rue de Bohon;49,1363240; -1,1760870;2;174;0.0;;3.0;4;0.0;1.0;29;20;1.0;;;1.0;0.0;1.0;110.0;Manche;28;Normandie
201900003277;138Â 300Â 351;A01;1.0;1;1.0;1.0;1944.0;5.0;1.0;;;0.0;0;;;1.0;7.0;0.0;2.0;3.0;11.0;1.0;;8;6;2019;08:55;1.0;83;83140;1;1.0;1.0;3.0;;43,4080660;5,9136630;3;N7;;;2.0;4;0.0;4.0;21;500;1.0;;;1.0;0.0;1.0;90.0;Var;93;Provence-Alpes-Côte d'Azur
201900003277;138Â 300Â 354;B01;1.0;1;3.0;2.0;1971.0;5.0;2.0;6.0;9.0;0.0;0;;;1.0;33.0;1.0;2.0;7.0;1.0;1.0;;8;6;2019;08:55;1.0;83;83140;1;1.0;1.0;3.0;;43,4080660;5,9136630;3;N7;;;2.0;4;0.0;4.0;21;500;1.0;;;1.0;0.0;1.0;90.0;Var;93;Provence-Alpes-Côte d'Azur
201900003278;138Â 300Â 349;A01;1.0;1;3.0;1.0;1979.0;5.0;2.0;;;0.0;0;;;2.0;2.0;0.0;0.0;0.0;1.0;1.0;;17;6;2019;21:30;3.0;62;62792;1;1.0;1.0;7.0;route de saint omer;50,8080620;2,2252950;3;213;;;2.0;2;0.0;1.0;2;500;1.0;;;1.0;0.0;1.0;70.0;Pas-de-Calais;32;Hauts-de-France
201900003279;138Â 300Â 350;A01;1.0;1;4.0;2.0;1999.0;3.0;1.0;;;0.0;0;;;2.0;7.0;0.0;2.0;1.0;13.0;1.0;;21;10;2019;14:20;1.0;09;09159;1;1.0;1.0;1.0;RN 20 ;42,7702350;1,7339740;2;20;0.0;;2.0;2;0.0;1.0;68;555;4.0;;;1.0;0.0;1.0;80.0;Ariège;76;Occitanie
201900003279;138Â 300Â 353;B01;1.0;1;1.0;1.0;1956.0;4.0;1.0;;;0.0;0;;;1.0;14.0;0.0;2.0;1.0;1.0;1.0;;21;10;2019;14:20;1.0;09;09159;1;1.0;1.0;1.0;RN 20 ;42,7702350;1,7339740;2;20;0.0;;2.0;2;0.0;1.0;68;555;4.0;;;1.0;0.0;1.0;80.0;Ariège;76;Occitanie
201900003280;138Â 300Â 347;A01;7.0;2;2.0;2.0;2006.0;5.0;0.0;;;0.0;0;;;2.0;10.0;3.0;2.0;5.0;13.0;1.0;;16;8;2019;12:45;1.0;89;89208;1;1.0;1.0;3.0;Autoroute A6 - PK 192+800;47,6438002;3,9070528;1;6;;;3.0;4;0.0;1.0;192;800;1.0;;;1.0;0.0;1.0;130.0;Yonne;27;Bourgogne-Franche-Comté
201900003280;138Â 300Â 347;A01;1.0;1;1.0;2.0;1968.0;5.0;1.0;;;0.0;0;;;2.0;10.0;3.0;2.0;5.0;13.0;1.0;;16;8;2019;12:45;1.0;89;89208;1;1.0;1.0;3.0;Autoroute A6 - PK 192+800;47,6438002;3,9070528;1;6;;;3.0;4;0.0;1.0;192;800;1.0;;;1.0;0.0;1.0;130.0;Yonne;27;Bourgogne-Franche-Comté
201900003280;138Â 300Â 347;A01;2.0;2;2.0;1.0;1954.0;5.0;1.0;;;0.0;0;;;2.0;10.0;3.0;2.0;5.0;13.0;1.0;;16;8;2019;12:45;1.0;89;89208;1;1.0;1.0;3.0;Autoroute A6 - PK 192+800;47,6438002;3,9070528;1;6;;;3.0;4;0.0;1.0;192;800;1.0;;;1.0;0.0;1.0;130.0;Yonne;27;Bourgogne-Franche-Comté
201900003280;138Â 300Â 347;A01;4.0;2;3.0;1.0;2003.0;5.0;0.0;;;0.0;0;;;2.0;10.0;3.0;2.0;5.0;13.0;1.0;;16;8;2019;12:45;1.0;89;89208;1;1.0;1.0;3.0;Autoroute A6 - PK 192+800;47,6438002;3,9070528;1;6;;;3.0;4;0.0;1.0;192;800;1.0;;;1.0;0.0;1.0;130.0;Yonne;27;Bourgogne-Franche-Comté
201900003280;138Â 300Â 348;B01;2.0;2;1.0;2.0;1991.0;5.0;1.0;;;0.0;0;;;2.0;7.0;0.0;2.0;1.0;1.0;1.0;;16;8;2019;12:45;1.0;89;89208;1;1.0;1.0;3.0;Autoroute A6 - PK 192+800;47,6438002;3,9070528;1;6;;;3.0;4;0.0;1.0;192;800;1.0;;;1.0;0.0;1.0;130.0;Yonne;27;Bourgogne-Franche-Comté
201900003280;138Â 300Â 348;B01;1.0;1;1.0;1.0;1991.0;5.0;1.0;;;0.0;0;;;2.0;7.0;0.0;2.0;1.0;1.0;1.0;;16;8;2019;12:45;1.0;89;89208;1;1.0;1.0;3.0;Autoroute A6 - PK 192+800;47,6438002;3,9070528;1;6;;;3.0;4;0.0;1.0;192;800;1.0;;;1.0;0.0;1.0;130.0;Yonne;27;Bourgogne-Franche-Comté
201900003281;138Â 300Â 344;B01;1.0;1;2.0;1.0;1962.0;5.0;1.0;;;0.0;0;;;3.0;7.0;0.0;0.0;4.0;24.0;1.0;;17;6;2019;09:00;1.0;57;57038;2;1.0;1.0;2.0;Quartier Saint-Larent;49,4728790;5,9563230;4;16;;;2.0;2;0.0;2.0;(1);(1);1.0;;;1.0;0.0;1.0;50.0;Moselle;44;Grand Est
201900003281;138Â 300Â 346;A01;1.0;1;1.0;1.0;1984.0;1.0;1.0;;;0.0;0;;;3.0;7.0;1.0;0.0;1.0;1.0;1.0;;17;6;2019;09:00;1.0;57;57038;2;1.0;1.0;2.0;Quartier Saint-Larent;49,4728790;5,9563230;4;16;;;2.0;2;0.0;2.0;(1);(1);1.0;;;1.0;0.0;1.0;50.0;Moselle;44;Grand Est
201900003282;138Â 300Â 343;A01;1.0;1;2.0;2.0;1974.0;9.0;1.0;;;0.0;0;;;2.0;7.0;0.0;2.0;1.0;16.0;1.0;;23;10;2019;19:40;3.0;60;60254;1;9.0;1.0;1.0;La Ferme de Fresnel;49,4448050;2,6564990;9;;0.0;;2.0;2;0.0;1.0;(1);(1);2.0;;;9.0;0.0;1.0;;Oise;32;Hauts-de-France
201900003282;138Â 300Â 345;B01;1.0;1;1.0;1.0;1975.0;1.0;1.0;;;0.0;0;;;2.0;10.0;0.0;2.0;1.0;15.0;1.0;;23;10;2019;19:40;3.0;60;60254;1;9.0;1.0;1.0;La Ferme de Fresnel;49,4448050;2,6564990;9;;0.0;;2.0;2;0.0;1.0;(1);(1);2.0;;;9.0;0.0;1.0;;Oise;32;Hauts-de-France
201900003283;138Â 300Â 342;A01;1.0;1;3.0;1.0;1952.0;0.0;1.0;;;0.0;0;;;0.0;7.0;0.0;0.0;1.0;0.0;1.0;;14;8;2019;05:50;2.0;74;74169;2;1.0;1.0;6.0;Avenue du Mole;46,0717463;6,5200457;4;;0.0;;2.0;2;0.0;1.0;(1);(1);1.0;;;1.0;0.0;8.0;50.0;Haute-Savoie;84;Auvergne-Rhône-Alpes
201900003284;138Â 300Â 338;B01;1.0;1;2.0;1.0;1984.0;5.0;2.0;9.0;;0.0;0;;;2.0;33.0;0.0;2.0;8.0;17.0;1.0;;17;8;2019;15:00;1.0;976;97606;2;1.0;1.0;3.0;Rue du lycÃ©e; -12,9369240;45,1461000;2;3;;;2.0;2;0.0;1.0;(1);(1);1.0;;;1.0;0.0;1.0;50.0;Mayotte;06;Mayotte
201900003284;138Â 300Â 339;A01;1.0;1;1.0;1.0;1965.0;5.0;1.0;;;0.0;0;;;2.0;7.0;0.0;0.0;6.0;13.0;1.0;;17;8;2019;15:00;1.0;976;97606;2;1.0;1.0;3.0;Rue du lycÃ©e; -12,9369240;45,1461000;2;3;;;2.0;2;0.0;1.0;(1);(1);1.0;;;1.0;0.0;1.0;50.0;Mayotte;06;Mayotte
201900003285;138Â 300Â 341;A01;2.0;2;2.0;2.0;1995.0;5.0;2.0;;;0.0;0;;;2.0;33.0;0.0;0.0;0.0;1.0;1.0;;13;6;2019;23:45;3.0;57;57489;1;1.0;1.0;7.0;RD36;48,9828440;7,4439430;3;36;;;2.0;2;0.0;1.0;3;(1);2.0;;;1.0;0.0;1.0;80.0;Moselle;44;Grand Est
201900003285;138Â 300Â 341;A01;1.0;1;2.0;1.0;1985.0;5.0;2.0;6.0;;0.0;0;;;2.0;33.0;0.0;0.0;0.0;1.0;1.0;;13;6;2019;23:45;3.0;57;57489;1;1.0;1.0;7.0;RD36;48,9828440;7,4439430;3;36;;;2.0;2;0.0;1.0;3;(1);2.0;;;1.0;0.0;1.0;80.0;Moselle;44;Grand Est
201900003286;138Â 300Â 336;B01;2.0;2;2.0;1.0;1958.0;5.0;1.0;;;0.0;0;;;1.0;7.0;0.0;2.0;2.0;17.0;1.0;;16;8;2019;00:15;3.0;22;22158;1;3.0;1.0;3.0;rn164 pr 56+200;48,2097740; -2,9205250;2;164;;;2.0;2;0.0;1.0;56;100;1.0;;;1.0;0.0;1.0;80.0;Côtes-d'Armor;53;Bretagne
201900003286;138Â 300Â 336;B01;1.0;1;2.0;2.0;1961.0;5.0;1.0;;;0.0;0;;;1.0;7.0;0.0;2.0;2.0;17.0;1.0;;16;8;2019;00:15;3.0;22;22158;1;3.0;1.0;3.0;rn164 pr 56+200;48,2097740; -2,9205250;2;164;;;2.0;2;0.0;1.0;56;100;1.0;;;1.0;0.0;1.0;80.0;Côtes-d'Armor;53;Bretagne
201900003286;138Â 300Â 337;A01;1.0;1;1.0;1.0;1962.0;4.0;0.0;;;0.0;0;;;1.0;21.0;0.0;2.0;6.0;15.0;1.0;;16;8;2019;00:15;3.0;22;22158;1;3.0;1.0;3.0;rn164 pr 56+200;48,2097740; -2,9205250;2;164;;;2.0;2;0.0;1.0;56;100;1.0;;;1.0;0.0;1.0;80.0;Côtes-d'Armor;53;Bretagne
201900003287;138Â 300Â 332;B01;2.0;2;2.0;1.0;1980.0;9.0;1.0;;;0.0;0;;;0.0;10.0;0.0;2.0;4.0;0.0;0.0;;15;8;2019;18:15;1.0;34;34294;1;9.0;1.0;2.0;sortie d'autoroute 27;43,7027732;4,1156191;1;9;0.0;;;5;0.0;1.0;(1);(1);1.0;;;1.0;9.0;8.0;50.0;Hérault;76;Occitanie
201900003287;138Â 300Â 332;B01;1.0;1;2.0;1.0;1976.0;5.0;1.0;;;0.0;0;;;0.0;10.0;0.0;2.0;4.0;0.0;0.0;;15;8;2019;18:15;1.0;34;34294;1;9.0;1.0;2.0;sortie d'autoroute 27;43,7027732;4,1156191;1;9;0.0;;;5;0.0;1.0;(1);(1);1.0;;;1.0;9.0;8.0;50.0;Hérault;76;Occitanie
201900003288;138Â 300Â 334;B01;1.0;1;3.0;1.0;1970.0;5.0;2.0;6.0;;0.0;0;;;1.0;33.0;0.0;2.0;1.0;1.0;1.0;;9;6;2019;15:55;1.0;57;57750;1;1.0;1.0;3.0;RD662;49,0850620;7,1729440;3;662;0.0;;2.0;2;0.0;1.0;42;(1);1.0;;;1.0;0.0;1.0;80.0;Moselle;44;Grand Est
201900003288;138Â 300Â 335;A01;1.0;1;1.0;2.0;1971.0;5.0;1.0;;;0.0;0;;;2.0;7.0;0.0;2.0;6.0;9.0;1.0;;9;6;2019;15:55;1.0;57;57750;1;1.0;1.0;3.0;RD662;49,0850620;7,1729440;3;662;0.0;;2.0;2;0.0;1.0;42;(1);1.0;;;1.0;0.0;1.0;80.0;Moselle;44;Grand Est
201900003288;138Â 300Â 335;A01;2.0;2;1.0;2.0;1947.0;5.0;1.0;;;0.0;0;;;2.0;7.0;0.0;2.0;6.0;9.0;1.0;;9;6;2019;15:55;1.0;57;57750;1;1.0;1.0;3.0;RD662;49,0850620;7,1729440;3;662;0.0;;2.0;2;0.0;1.0;42;(1);1.0;;;1.0;0.0;1.0;80.0;Moselle;44;Grand Est
201900003289;138Â 300Â 330;B01;1.0;1;1.0;1.0;1968.0;4.0;1.0;;;0.0;0;;;1.0;17.0;0.0;0.0;0.0;21.0;1.0;;14;8;2019;07:15;1.0;30;30034;1;1.0;1.0;3.0;Autoroute A54 - PK12 - Sens NIMES/ARLES;43,7435067;4,4431516;1;54;0.0;;3.0;4;0.0;1.0;12;0;1.0;;;1.0;0.0;1.0;130.0;Gard;76;Occitanie
201900003289;138Â 300Â 331;A01;1.0;1;3.0;1.0;1997.0;4.0;1.0;;;0.0;0;;;2.0;14.0;3.0;2.0;3.0;6.0;1.0;;14;8;2019;07:15;1.0;30;30034;1;1.0;1.0;3.0;Autoroute A54 - PK12 - Sens NIMES/ARLES;43,7435067;4,4431516;1;54;0.0;;3.0;4;0.0;1.0;12;0;1.0;;;1.0;0.0;1.0;130.0;Gard;76;Occitanie
201900003290;138Â 300Â 340;A01;10.0;3;2.0;1.0;1999.0;9.0;0.0;;;1.0;1;1.0;;0.0;7.0;0.0;1.0;3.0;1.0;1.0;;22;10;2019;23:00;3.0;60;60477;2;1.0;1.0;6.0;Route Nationale 31;49,4346300;1,9195120;2;31;;;2.0;2;0.0;1.0;12;200;1.0;;;1.0;0.0;1.0;70.0;Oise;32;Hauts-de-France
201900003290;138Â 300Â 340;A01;1.0;1;1.0;1.0;1990.0;0.0;1.0;;;0.0;0;;;0.0;7.0;0.0;1.0;3.0;1.0;1.0;;22;10;2019;23:00;3.0;60;60477;2;1.0;1.0;6.0;Route Nationale 31;49,4346300;1,9195120;2;31;;;2.0;2;0.0;1.0;12;200;1.0;;;1.0;0.0;1.0;70.0;Oise;32;Hauts-de-France
201900003291;138Â 300Â 329;A01;1.0;1;1.0;1.0;1948.0;5.0;1.0;;;0.0;0;;;1.0;7.0;0.0;2.0;3.0;1.0;1.0;;2;6;2019;12:00;1.0;57;57427;2;3.0;1.0;3.0;Rue Koeberle;48,7295170;7,2499490;3;98;0.0;;2.0;2;0.0;1.0;(1);(1);1.0;;;1.0;0.0;1.0;30.0;Moselle;44;Grand Est
201900003291;138Â 300Â 329;A01;2.0;2;1.0;2.0;1951.0;5.0;1.0;;;0.0;0;;;1.0;7.0;0.0;2.0;3.0;1.0;1.0;;2;6;2019;12:00;1.0;57;57427;2;3.0;1.0;3.0;Rue Koeberle;48,7295170;7,2499490;3;98;0.0;;2.0;2;0.0;1.0;(1);(1);1.0;;;1.0;0.0;1.0;30.0;Moselle;44;Grand Est
201900003291;138Â 300Â 329;A01;7.0;2;2.0;2.0;1938.0;5.0;1.0;;;0.0;0;;;1.0;7.0;0.0;2.0;3.0;1.0;1.0;;2;6;2019;12:00;1.0;57;57427;2;3.0;1.0;3.0;Rue Koeberle;48,7295170;7,2499490;3;98;0.0;;2.0;2;0.0;1.0;(1);(1);1.0;;;1.0;0.0;1.0;30.0;Moselle;44;Grand Est
201900003292;138Â 300Â 325;B01;1.0;1;1.0;1.0;1961.0;4.0;0.0;;;0.0;0;;;1.0;10.0;0.0;0.0;4.0;23.0;1.0;;13;8;2019;18:00;1.0;83;83116;1;1.0;1.0;2.0;autoroute A8;43,4567140;5,8728080;1;8;;A;3.0;5;3.0;1.0;56;700;1.0;;;1.0;0.0;1.0;;Var;93;Provence-Alpes-Côte d'Azur
201900003292;138Â 300Â 327;A01;1.0;1;2.0;1.0;1972.0;5.0;1.0;;;0.0;0;;;1.0;7.0;1.0;0.0;1.0;1.0;1.0;;13;8;2019;18:00;1.0;83;83116;1;1.0;1.0;2.0;autoroute A8;43,4567140;5,8728080;1;8;;A;3.0;5;3.0;1.0;56;700;1.0;;;1.0;0.0;1.0;;Var;93;Provence-Alpes-Côte d'Azur
201900003293;138Â 300Â 324;B01;1.0;1;2.0;1.0;1989.0;5.0;0.0;;;0.0;0;;;3.0;1.0;0.0;2.0;3.0;1.0;5.0;;23;10;2019;19:30;3.0;73;73252;2;1.0;2.0;3.0;D74;45,4358454;6,2800275;3;74;;;2.0;2;0.0;1.0;2;830;4.0;;;2.0;0.0;1.0;50.0;Savoie;84;Auvergne-Rhône-Alpes
201900003293;138Â 300Â 326;A01;1.0;1;1.0;1.0;1968.0;5.0;8.0;;;0.0;0;;;0.0;7.0;0.0;2.0;3.0;1.0;1.0;;23;10;2019;19:30;3.0;73;73252;2;1.0;2.0;3.0;D74;45,4358454;6,2800275;3;74;;;2.0;2;0.0;1.0;2;830;4.0;;;2.0;0.0;1.0;50.0;Savoie;84;Auvergne-Rhône-Alpes
201900003294;138Â 300Â 323;A01;1.0;1;3.0;2.0;1991.0;5.0;2.0;6.0;9.0;0.0;0;;;1.0;33.0;0.0;6.0;1.0;1.0;1.0;;1;6;2019;00:50;3.0;57;57383;1;1.0;1.0;6.0;RELAIS DES ETANGS;48,7311510;6,8898180;3;955;0.0;;2.0;2;0.0;1.0;79;850;1.0;;;1.0;0.0;1.0;80.0;Moselle;44;Grand Est
201900003295;138Â 300Â 320;A01;1.0;1;3.0;1.0;1975.0;0.0;1.0;;;0.0;0;;;1.0;7.0;8.0;0.0;1.0;1.0;1.0;;23;10;2019;01:00;3.0;73;73063;1;1.0;1.0;6.0;D990  route de la gare;45,5970378;6,4479907;3;990;;;2.0;2;0.0;2.0;37;585;1.0;;;1.0;0.0;8.0;80.0;Savoie;84;Auvergne-Rhône-Alpes