Num_Acc;id_vehicule;num_veh;place;catu;grav;sexe;an_nais;trajet;secu1;secu2;secu3;locp;actp;etatp;id_usager;senc;catv;obs;obsm;choc;manv;motor;occutc;jour;mois;an;hrmn;lum;dep;com;agg;int;atm;col;adr;lat;long;catr;voie;v1;v2;circ;nbv;vosp;prof;pr;pr1;plan;lartpc;larrout;surf;infra;situ;vma;nom_departement;reg;nom_region
201900003296;138Â 300Â 319;A01;1.0;1;3.0;1.0;1958.0;5.0;2.0;6.0;9.0;0.0;0;;;1.0;33.0;5.0;0.0;2.0;1.0;1.0;;1;6;2019;17:50;1.0;57;57623;1;1.0;1.0;6.0;RD 96;48,6250310;7,0933020;3;96;0.0;;2.0;2;0.0;2.0;21;100;2.0;;;1.0;0.0;3.0;80.0;Moselle;44;Grand Est
201900003297;138Â 300Â 321;B01;1.0;1;1.0;1.0;1989.0;4.0;1.0;;;0.0;0;;;1.0;7.0;0.0;2.0;1.0;1.0;1.0;;13;8;2019;13:45;1.0;27;27598;1;1.0;1.0;2.0;Autoroute A13;49,2143220;1,2171570;1;13;;A;3.0;5;0.0;1.0;93;500;1.0;;;2.0;0.0;1.0;130.0;Eure;28;Normandie
201900003297;138Â 300Â 322;A01;1.0;1;1.0;1.0;1948.0;5.0;1.0;;;0.0;0;;;1.0;7.0;3.0;0.0;4.0;9.0;1.0;;13;8;2019;13:45;1.0;27;27598;1;1.0;1.0;2.0;Autoroute A13;49,2143220;1,2171570;1;13;;A;3.0;5;0.0;1.0;93;500;1.0;;;2.0;0.0;1.0;130.0;Eure;28;Normandie
201900003297;138Â 300Â 322;A01;2.0;2;2.0;2.0;1951.0;5.0;1.0;;;0.0;0;;;1.0;7.0;3.0;0.0;4.0;9.0;1.0;;13;8;2019;13:45;1.0;27;27598;1;1.0;1.0;2.0;Autoroute A13;49,2143220;1,2171570;1;13;;A;3.0;5;0.0;1.0;93;500;1.0;;;2.0;0.0;1.0;130.0;Eure;28;Normandie
201900003297;138Â 300Â 322;A01;9.0;2;1.0;2.0;2010.0;5.0;1.0;3.0;;0.0;0;;;1.0;7.0;3.0;0.0;4.0;9.0;1.0;;13;8;2019;13:45;1.0;27;27598;1;1.0;1.0;2.0;Autoroute A13;49,2143220;1,2171570;1;13;;A;3.0;5;0.0;1.0;93;500;1.0;;;2.0;0.0;1.0;130.0;Eure;28;Normandie
201900003298;138Â 300Â 318;A01;1.0;1;4.0;1.0;1982.0;5.0;1.0;;;0.0;0;;;2.0;7.0;6.0;0.0;1.0;13.0;1.0;;18;10;2019;02:40;5.0;36;36121;2;1.0;2.0;6.0;place de l'Eglise;46,8373369;1,9561392;3;918;;;2.0;2;0.0;4.0;(1);(1);3.0;;;2.0;0.0;4.0;30.0;Indre;24;Centre-Val de Loire
201900003299;138Â 300Â 315;B01;1.0;1;2.0;1.0;1996.0;9.0;2.0;6.0;;0.0;0;;;2.0;33.0;0.0;2.0;3.0;2.0;1.0;;17;6;2019;17:35;1.0;57;57311;1;1.0;1.0;2.0;DÃ©partementale 29;49,0038720;6,8315390;3;29;;;2.0;2;0.0;1.0;6;600;1.0;;;1.0;0.0;1.0;80.0;Moselle;44;Grand Est
201900003299;138Â 300Â 317;A01;1.0;1;1.0;2.0;1990.0;9.0;1.0;;;0.0;0;;;2.0;7.0;0.0;2.0;5.0;2.0;1.0;;17;6;2019;17:35;1.0;57;57311;1;1.0;1.0;2.0;DÃ©partementale 29;49,0038720;6,8315390;3;29;;;2.0;2;0.0;1.0;6;600;1.0;;;1.0;0.0;1.0;80.0;Moselle;44;Grand Est
201900003300;138Â 300Â 312;A01;1.0;1;1.0;2.0;1961.0;0.0;1.0;;;0.0;0;;;1.0;7.0;0.0;1.0;1.0;14.0;1.0;;1;6;2019;17:09;1.0;57;57262;2;1.0;1.0;6.0;22 Rue Nationale;48,9799470;6,7386920;3;674;0.0;D;2.0;2;0.0;1.0;35;400;1.0;;;1.0;5.0;4.0;50.0;Moselle;44;Grand Est
201900003300;138Â 300Â 312;A01;10.0;3;3.0;1.0;1989.0;5.0;0.0;;;5.0;9;3.0;;1.0;7.0;0.0;1.0;1.0;14.0;1.0;;1;6;2019;17:09;1.0;57;57262;2;1.0;1.0;6.0;22 Rue Nationale;48,9799470;6,7386920;3;674;0.0;D;2.0;2;0.0;1.0;35;400;1.0;;;1.0;5.0;4.0;50.0;Moselle;44;Grand Est
201900003301;138Â 300Â 313;A01;1.0;1;3.0;1.0;1946.0;0.0;8.0;;;0.0;0;;;0.0;7.0;0.0;0.0;9.0;1.0;1.0;;19;10;2019;19:45;3.0;36;36074;1;1.0;3.0;7.0;FlÃ©rÃ©-la-RiviÃ¨re;47,0120720;1,0845380;4;;;;2.0;2;0.0;1.0;(1);(1);1.0;;;2.0;0.0;8.0;80.0;Indre;24;Centre-Val de Loire
201900003302;138Â 300Â 311;A01;1.0;1;2.0;2.0;1999.0;5.0;1.0;;;0.0;0;;;2.0;7.0;13.0;0.0;2.0;1.0;0.0;;16;6;2019;00:40;3.0;57;57132;1;1.0;2.0;6.0;D955;48,8134420;6,5238140;3;955;;;2.0;2;0.0;2.0;46;600;3.0;;;2.0;0.0;3.0;80.0;Moselle;44;Grand Est
201900003302;138Â 300Â 311;A01;9.0;2;2.0;2.0;2001.0;5.0;0.0;;;0.0;0;;;2.0;7.0;13.0;0.0;2.0;1.0;0.0;;16;6;2019;00:40;3.0;57;57132;1;1.0;2.0;6.0;D955;48,8134420;6,5238140;3;955;;;2.0;2;0.0;2.0;46;600;3.0;;;2.0;0.0;3.0;80.0;Moselle;44;Grand Est
201900003302;138Â 300Â 311;A01;7.0;2;2.0;1.0;1998.0;5.0;1.0;;;0.0;0;;;2.0;7.0;13.0;0.0;2.0;1.0;0.0;;16;6;2019;00:40;3.0;57;57132;1;1.0;2.0;6.0;D955;48,8134420;6,5238140;3;955;;;2.0;2;0.0;2.0;46;600;3.0;;;2.0;0.0;3.0;80.0;Moselle;44;Grand Est
201900003302;138Â 300Â 311;A01;2.0;2;2.0;1.0;2000.0;5.0;1.0;;;0.0;0;;;2.0;7.0;13.0;0.0;2.0;1.0;0.0;;16;6;2019;00:40;3.0;57;57132;1;1.0;2.0;6.0;D955;48,8134420;6,5238140;3;955;;;2.0;2;0.0;2.0;46;600;3.0;;;2.0;0.0;3.0;80.0;Moselle;44;Grand Est
201900003303;138Â 300Â 310;A01;10.0;3;2.0;1.0;1939.0;5.0;0.0;;;2.0;3;2.0;;3.0;7.0;0.0;1.0;1.0;1.0;0.0;;12;7;2019;17:00;1.0;974;97415;2;4.0;1.0;6.0;101 Avenue de Bourbon; -21,0683320;55,2228310;4;Avenue de Bourbon;;;1.0;1;0.0;1.0;(1);(1);1.0;;;1.0;0.0;1.0;50.0;La Réunion;04;La Réunion
201900003303;138Â 300Â 310;A01;10.0;3;3.0;2.0;1941.0;5.0;0.0;;;2.0;3;2.0;;3.0;7.0;0.0;1.0;1.0;1.0;0.0;;12;7;2019;17:00;1.0;974;97415;2;4.0;1.0;6.0;101 Avenue de Bourbon; -21,0683320;55,2228310;4;Avenue de Bourbon;;;1.0;1;0.0;1.0;(1);(1);1.0;;;1.0;0.0;1.0;50.0;La Réunion;04;La Réunion
201900003303;138Â 300Â 310;A01;1.0;1;1.0;2.0;1969.0;5.0;1.0;;;0.0;0;;;3.0;7.0;0.0;1.0;1.0;1.0;0.0;;12;7;2019;17:00;1.0;974;97415;2;4.0;1.0;6.0;101 Avenue de Bourbon; -21,0683320;55,2228310;4;Avenue de Bourbon;;;1.0;1;0.0;1.0;(1);(1);1.0;;;1.0;0.0;1.0;50.0;La Réunion;04;La Réunion
201900003304;138Â 300Â 308;B01;1.0;1;3.0;1.0;2002.0;2.0;2.0;;;0.0;0;;;3.0;32.0;1.0;0.0;1.0;1.0;1.0;;27;9;2019;17:30;1.0;07;07319;2;9.0;1.0;3.0;Chemin du DÃ©pÃ´t;44,5594640;4,6907980;4;;;;2.0;2;0.0;1.0;(1);(1);1.0;;;1.0;0.0;1.0;50.0;Ardèche;84;Auvergne-Rhône-Alpes
201900003304;138Â 300Â 309;A01;1.0;1;1.0;1.0;1960.0;5.0;8.0;;;0.0;0;;;0.0;7.0;0.0;2.0;3.0;9.0;0.0;;27;9;2019;17:30;1.0;07;07319;2;9.0;1.0;3.0;Chemin du DÃ©pÃ´t;44,5594640;4,6907980;4;;;;2.0;2;0.0;1.0;(1);(1);1.0;;;1.0;0.0;1.0;50.0;Ardèche;84;Auvergne-Rhône-Alpes
201900003305;138Â 300Â 307;A01;10.0;3;1.0;1.0;1960.0;9.0;0.0;;;2.0;9;2.0;;2.0;7.0;0.0;1.0;2.0;1.0;0.0;;2;6;2019;17:40;1.0;91;91577;2;1.0;1.0;6.0;59 Route de Morsang;48,5909510;2,4908220;4;;;;2.0;2;0.0;1.0;(1);(1);1.0;;;1.0;0.0;1.0;50.0;Essonne;11;Île-de-France
201900003305;138Â 300Â 307;A01;10.0;3;3.0;1.0;1972.0;9.0;0.0;;;2.0;B;2.0;;2.0;7.0;0.0;1.0;2.0;1.0;0.0;;2;6;2019;17:40;1.0;91;91577;2;1.0;1.0;6.0;59 Route de Morsang;48,5909510;2,4908220;4;;;;2.0;2;0.0;1.0;(1);(1);1.0;;;1.0;0.0;1.0;50.0;Essonne;11;Île-de-France
201900003306;138Â 300Â 306;A01;1.0;1;1.0;1.0;1936.0;5.0;1.0;;;0.0;0;;;2.0;7.0;0.0;1.0;1.0;1.0;1.0;;16;7;2019;17:30;2.0;971;97128;2;1.0;1.0;6.0;Les Galbas;16,2243360; -61,3931070;2;4;0.0;N;2.0;2;0.0;1.0;19;0;1.0;;;1.0;0.0;1.0;50.0;Guadeloupe;01;Guadeloupe
201900003306;138Â 300Â 306;A01;10.0;3;3.0;2.0;1957.0;5.0;0.0;;;3.0;3;1.0;;2.0;7.0;0.0;1.0;1.0;1.0;1.0;;16;7;2019;17:30;2.0;971;97128;2;1.0;1.0;6.0;Les Galbas;16,2243360; -61,3931070;2;4;0.0;N;2.0;2;0.0;1.0;19;0;1.0;;;1.0;0.0;1.0;50.0;Guadeloupe;01;Guadeloupe
201900003307;138Â 300Â 304;A01;1.0;1;3.0;1.0;1989.0;5.0;1.0;;;0.0;0;;;2.0;7.0;2.0;0.0;1.0;1.0;1.0;;8;6;2019;20:55;1.0;51;51105;1;1.0;8.0;7.0;RD 64;49,2614423;4,1074193;3;64;;;2.0;2;0.0;1.0;0;200;1.0;;;1.0;0.0;1.0;80.0;Marne;44;Grand Est
201900003308;138Â 300Â 301;B01;1.0;1;1.0;1.0;1996.0;4.0;1.0;;;0.0;0;;;2.0;10.0;0.0;2.0;1.0;1.0;1.0;;22;10;2019;07:45;3.0;40;40111;1;1.0;1.0;1.0;D834;43,9789770; -0,6011600;3;834;0.0;;2.0;2;0.0;1.0;55;(1);1.0;;;1.0;0.0;1.0;80.0;Landes;75;Nouvelle-Aquitaine
201900003308;138Â 300Â 301;B01;2.0;2;1.0;1.0;1982.0;4.0;1.0;;;0.0;0;;;2.0;10.0;0.0;2.0;1.0;1.0;1.0;;22;10;2019;07:45;3.0;40;40111;1;1.0;1.0;1.0;D834;43,9789770; -0,6011600;3;834;0.0;;2.0;2;0.0;1.0;55;(1);1.0;;;1.0;0.0;1.0;80.0;Landes;75;Nouvelle-Aquitaine
201900003308;138Â 300Â 305;A01;1.0;1;2.0;2.0;1989.0;1.0;1.0;;;0.0;0;;;1.0;7.0;0.0;2.0;1.0;17.0;1.0;;22;10;2019;07:45;3.0;40;40111;1;1.0;1.0;1.0;D834;43,9789770; -0,6011600;3;834;0.0;;2.0;2;0.0;1.0;55;(1);1.0;;;1.0;0.0;1.0;80.0;Landes;75;Nouvelle-Aquitaine
201900003309;138Â 300Â 302;A01;1.0;1;3.0;1.0;2001.0;5.0;2.0;;;0.0;0;;;3.0;33.0;0.0;0.0;4.0;26.0;1.0;;15;6;2019;16:15;1.0;51;51291;2;1.0;1.0;6.0;RUE THERESE ET ROBERT CHAPELLE;49,3332140;3,9142750;4;RUE THERESE ET ROBERT CHAPELLE;0.0;C;2.0;2;0.0;1.0;1;0;1.0;;;1.0;0.0;1.0;50.0;Marne;44;Grand Est
201900003310;138Â 300Â 297;A01;1.0;1;1.0;1.0;1974.0;5.0;1.0;;;0.0;0;;;1.0;10.0;0.0;2.0;3.0;13.0;1.0;;1;6;2019;19:40;1.0;51;51518;1;1.0;1.0;5.0;RD 944;49,2970502;3,9964985;2;944;;;2.0;2;0.0;1.0;12;700;2.0;;;1.0;2.0;1.0;80.0;Marne;44;Grand Est
201900003310;138Â 300Â 298;B01;1.0;1;3.0;1.0;1957.0;5.0;2.0;6.0;;0.0;0;;;2.0;33.0;0.0;2.0;3.0;3.0;1.0;;1;6;2019;19:40;1.0;51;51518;1;1.0;1.0;5.0;RD 944;49,2970502;3,9964985;2;944;;;2.0;2;0.0;1.0;12;700;2.0;;;1.0;2.0;1.0;80.0;Marne;44;Grand Est
201900003310;138Â 300Â 299;C01;1.0;1;1.0;2.0;1986.0;5.0;1.0;;;0.0;0;;;2.0;7.0;0.0;2.0;8.0;1.0;1.0;;1;6;2019;19:40;1.0;51;51518;1;1.0;1.0;5.0;RD 944;49,2970502;3,9964985;2;944;;;2.0;2;0.0;1.0;12;700;2.0;;;1.0;2.0;1.0;80.0;Marne;44;Grand Est
201900003311;138Â 300Â 294;C01;1.0;1;1.0;2.0;1949.0;5.0;1.0;;;0.0;0;;;2.0;7.0;0.0;2.0;3.0;1.0;1.0;;10;6;2019;16:00;1.0;51;51413;1;1.0;2.0;4.0;RD 3;49,0211979;4,0420064;3;3;;;2.0;1;0.0;1.0;36;100;1.0;;;2.0;0.0;1.0;80.0;Marne;44;Grand Est
201900003311;138Â 300Â 295;B01;1.0;1;3.0;2.0;1969.0;5.0;6.0;2.0;;0.0;0;;;1.0;33.0;0.0;2.0;1.0;17.0;1.0;;10;6;2019;16:00;1.0;51;51413;1;1.0;2.0;4.0;RD 3;49,0211979;4,0420064;3;3;;;2.0;1;0.0;1.0;36;100;1.0;;;2.0;0.0;1.0;80.0;Marne;44;Grand Est
201900003311;138Â 300Â 296;A01;1.0;1;1.0;1.0;1996.0;5.0;1.0;;;0.0;0;;;1.0;7.0;0.0;2.0;3.0;10.0;1.0;;10;6;2019;16:00;1.0;51;51413;1;1.0;2.0;4.0;RD 3;49,0211979;4,0420064;3;3;;;2.0;1;0.0;1.0;36;100;1.0;;;2.0;0.0;1.0;80.0;Marne;44;Grand Est
201900003312;138Â 300Â 300;A01;1.0;1;1.0;1.0;1950.0;0.0;8.0;;;0.0;0;;;2.0;99.0;0.0;2.0;8.0;1.0;1.0;;15;8;2019;13:00;1.0;971;97107;1;1.0;1.0;3.0;Route Haute Paine;16,0007270; -61,6177050;3;5;;;2.0;2;0.0;2.0;(1);(1);1.0;;;1.0;0.0;1.0;;Guadeloupe;01;Guadeloupe
201900003312;138Â 300Â 303;B01;1.0;1;2.0;1.0;1986.0;0.0;8.0;;;0.0;0;;;1.0;42.0;0.0;2.0;8.0;1.0;1.0;;15;8;2019;13:00;1.0;971;97107;1;1.0;1.0;3.0;Route Haute Paine;16,0007270; -61,6177050;3;5;;;2.0;2;0.0;2.0;(1);(1);1.0;;;1.0;0.0;1.0;;Guadeloupe;01;Guadeloupe
201900003313;138Â 300Â 293;A01;1.0;1;2.0;2.0;2000.0;1.0;1.0;;;0.0;0;;;2.0;7.0;2.0;0.0;0.0;1.0;0.0;;17;6;2019;04:30;2.0;51;51409;1;1.0;1.0;7.0;RD 977;48,8533557;4,2680054;3;977;;;2.0;2;0.0;1.0;17;500;1.0;;;1.0;0.0;1.0;80.0;Marne;44;Grand Est
201900003314;138Â 300Â 290;B01;1.0;1;3.0;1.0;2003.0;5.0;2.0;6.0;;0.0;0;;;2.0;30.0;0.0;2.0;1.0;2.0;1.0;;14;8;2019;15:00;1.0;33;33349;1;3.0;1.0;2.0;D10;44,7401800; -0,4819900;3;10;0.0;;2.0;2;0.0;1.0;87;620;1.0;;;1.0;0.0;1.0;70.0;Gironde;75;Nouvelle-Aquitaine
201900003314;138Â 300Â 292;A01;1.0;1;1.0;1.0;1964.0;0.0;1.0;;;0.0;0;;;2.0;7.0;0.0;2.0;4.0;15.0;1.0;;14;8;2019;15:00;1.0;33;33349;1;3.0;1.0;2.0;D10;44,7401800; -0,4819900;3;10;0.0;;2.0;2;0.0;1.0;87;620;1.0;;;1.0;0.0;1.0;70.0;Gironde;75;Nouvelle-Aquitaine
201900003315;138Â 300Â 289;A01;1.0;1;2.0;2.0;1995.0;1.0;1.0;;;0.0;0;;;3.0;7.0;0.0;2.0;2.0;15.0;1.0;;23;10;2019;13:15;1.0;85;85047;2;2.0;1.0;3.0;Rte de Commequiers;46,8243810; -1,8562220;4;;;;2.0;2;0.0;2.0;(1);(1);1.0;;;1.0;5.0;1.0;50.0;Vendée;52;Pays de la Loire
201900003315;138Â 300Â 289;A01;9.0;2;2.0;2.0;2017.0;0.0;9.0;;;0.0;0;;;3.0;7.0;0.0;2.0;2.0;15.0;1.0;;23;10;2019;13:15;1.0;85;85047;2;2.0;1.0;3.0;Rte de Commequiers;46,8243810; -1,8562220;4;;;;2.0;2;0.0;2.0;(1);(1);1.0;;;1.0;5.0;1.0;50.0;Vendée;52;Pays de la Loire
201900003315;138Â 300Â 289;A01;2.0;2;3.0;2.0;1996.0;1.0;1.0;;;0.0;0;;;3.0;7.0;0.0;2.0;2.0;15.0;1.0;;23;10;2019;13:15;1.0;85;85047;2;2.0;1.0;3.0;Rte de Commequiers;46,8243810; -1,8562220;4;;;;2.0;2;0.0;2.0;(1);(1);1.0;;;1.0;5.0;1.0;50.0;Vendée;52;Pays de la Loire
201900003315;138Â 300Â 291;B01;1.0;1;2.0;1.0;1996.0;1.0;1.0;;;0.0;0;;;3.0;7.0;0.0;2.0;1.0;1.0;1.0;;23;10;2019;13:15;1.0;85;85047;2;2.0;1.0;3.0;Rte de Commequiers;46,8243810; -1,8562220;4;;;;2.0;2;0.0;2.0;(1);(1);1.0;;;1.0;5.0;1.0;50.0;Vendée;52;Pays de la Loire
201900003316;138Â 300Â 286;A01;1.0;1;2.0;1.0;2001.0;9.0;2.0;6.0;;0.0;0;;;1.0;32.0;1.0;0.0;2.0;1.0;1.0;;12;8;2019;13:30;1.0;77;77483;2;1.0;1.0;7.0;D97 - rue du four;49,0004400;2,9297900;3;97;0.0;;1.0;1;0.0;1.0;12;520;2.0;;;1.0;0.0;1.0;50.0;Seine-et-Marne;11;Île-de-France
201900003317;138Â 300Â 285;A01;1.0;1;2.0;1.0;1997.0;0.0;1.0;;;0.0;0;;;1.0;7.0;0.0;2.0;2.0;15.0;0.0;;11;6;2019;17:45;1.0;51;51617;1;3.0;1.0;5.0;RD 21;49,0448777;4,3253760;1;4;;;1.0;;;1.0;(1);(1);1.0;;;1.0;0.0;1.0;;Marne;44;Grand Est
201900003317;138Â 300Â 285;A01;7.0;2;2.0;1.0;1993.0;5.0;1.0;;;0.0;0;;;1.0;7.0;0.0;2.0;2.0;15.0;0.0;;11;6;2019;17:45;1.0;51;51617;1;3.0;1.0;5.0;RD 21;49,0448777;4,3253760;1;4;;;1.0;;;1.0;(1);(1);1.0;;;1.0;0.0;1.0;;Marne;44;Grand Est
201900003317;138Â 300Â 285;A01;9.0;2;1.0;2.0;2018.0;5.0;1.0;;;0.0;0;;;1.0;7.0;0.0;2.0;2.0;15.0;0.0;;11;6;2019;17:45;1.0;51;51617;1;3.0;1.0;5.0;RD 21;49,0448777;4,3253760;1;4;;;1.0;;;1.0;(1);(1);1.0;;;1.0;0.0;1.0;;Marne;44;Grand Est
201900003317;138Â 300Â 287;B01;1.0;1;2.0;2.0;1970.0;0.0;1.0;;;0.0;0;;;2.0;7.0;0.0;2.0;3.0;1.0;0.0;;11;6;2019;17:45;1.0;51;51617;1;3.0;1.0;5.0;RD 21;49,0448777;4,3253760;1;4;;;1.0;;;1.0;(1);(1);1.0;;;1.0;0.0;1.0;;Marne;44;Grand Est
201900003317;138Â 300Â 287;B01;2.0;2;2.0;2.0;1970.0;0.0;1.0;;;0.0;0;;;2.0;7.0;0.0;2.0;3.0;1.0;0.0;;11;6;2019;17:45;1.0;51;51617;1;3.0;1.0;5.0;RD 21;49,0448777;4,3253760;1;4;;;1.0;;;1.0;(1);(1);1.0;;;1.0;0.0;1.0;;Marne;44;Grand Est
201900003317;138Â 300Â 288;C01;1.0;1;1.0;1.0;1966.0;0.0;1.0;;;0.0;0;;;1.0;7.0;0.0;2.0;3.0;1.0;0.0;;11;6;2019;17:45;1.0;51;51617;1;3.0;1.0;5.0;RD 21;49,0448777;4,3253760;1;4;;;1.0;;;1.0;(1);(1);1.0;;;1.0;0.0;1.0;;Marne;44;Grand Est
201900003318;138Â 300Â 283;A01;1.0;1;1.0;1.0;1993.0;0.0;1.0;;;0.0;0;;;1.0;7.0;0.0;2.0;1.0;1.0;1.0;;22;10;2019;23:30;3.0;27;27467;2;1.0;1.0;1.0;2 Rue du Pont Marchand;49,3511890;0,5211220;4;2;;;1.0;1;0.0;1.0;(1);(1);2.0;;;1.0;0.0;1.0;50.0;Eure;28;Normandie
201900003318;138Â 300Â 284;B01;1.0;1;3.0;1.0;2003.0;5.0;2.0;;;0.0;0;;;2.0;30.0;0.0;2.0;1.0;1.0;1.0;;22;10;2019;23:30;3.0;27;27467;2;1.0;1.0;1.0;2 Rue du Pont Marchand;49,3511890;0,5211220;4;2;;;1.0;1;0.0;1.0;(1);(1);2.0;;;1.0;0.0;1.0;50.0;Eure;28;Normandie
201900003319;138Â 300Â 279;B01;1.0;1;3.0;1.0;1989.0;5.0;2.0;9.0;;0.0;0;;;2.0;31.0;0.0;2.0;1.0;5.0;1.0;;14;8;2019;19:15;1.0;77;77317;2;3.0;1.0;3.0;D619 X D215;48,6068100;2,8906000;3;619;;;2.0;2;0.0;1.0;26;761;1.0;;;1.0;5.0;1.0;50.0;Seine-et-Marne;11;Île-de-France
201900003319;138Â 300Â 282;A01;1.0;1;1.0;1.0;1989.0;1.0;8.0;;;0.0;0;;;2.0;7.0;0.0;2.0;8.0;15.0;1.0;;14;8;2019;19:15;1.0;77;77317;2;3.0;1.0;3.0;D619 X D215;48,6068100;2,8906000;3;619;;;2.0;2;0.0;1.0;26;761;1.0;;;1.0;5.0;1.0;50.0;Seine-et-Marne;11;Île-de-France
201900003320;138Â 300Â 280;A01;1.0;1;1.0;1.0;1977.0;5.0;1.0;;;0.0;0;;;2.0;7.0;13.0;0.0;3.0;1.0;1.0;;7;5;2019;02:30;3.0;19;19241;1;1.0;1.0;6.0;Vieille Maison;45,6906380;2,1032860;3;36;0.0;A;2.0;2;0.0;2.0;28;800;3.0;;;1.0;0.0;3.0;80.0;Corrèze;75;Nouvelle-Aquitaine
201900003320;138Â 300Â 280;A01;7.0;2;3.0;1.0;1969.0;5.0;1.0;;;0.0;0;;;2.0;7.0;13.0;0.0;3.0;1.0;1.0;;7;5;2019;02:30;3.0;19;19241;1;1.0;1.0;6.0;Vieille Maison;45,6906380;2,1032860;3;36;0.0;A;2.0;2;0.0;2.0;28;800;3.0;;;1.0;0.0;3.0;80.0;Corrèze;75;Nouvelle-Aquitaine
201900003320;138Â 300Â 280;A01;2.0;2;2.0;1.0;1982.0;5.0;1.0;;;0.0;0;;;2.0;7.0;13.0;0.0;3.0;1.0;1.0;;7;5;2019;02:30;3.0;19;19241;1;1.0;1.0;6.0;Vieille Maison;45,6906380;2,1032860;3;36;0.0;A;2.0;2;0.0;2.0;28;800;3.0;;;1.0;0.0;3.0;80.0;Corrèze;75;Nouvelle-Aquitaine
201900003321;138Â 300Â 273;A01;1.0;1;1.0;1.0;1972.0;4.0;8.0;;;0.0;0;;;2.0;15.0;1.0;1.0;2.0;1.0;1.0;;12;8;2019;15:00;1.0;78;78623;1;1.0;1.0;5.0;N12;48,7942660;1,8765260;2;12;;;3.0;4;0.0;1.0;39;900;1.0;;;1.0;0.0;3.0;110.0;Yvelines;11;Île-de-France
201900003321;138Â 300Â 274;B01;2.0;2;2.0;2.0;1984.0;9.0;0.0;;;0.0;0;;;2.0;10.0;0.0;0.0;6.0;24.0;1.0;;12;8;2019;15:00;1.0;78;78623;1;1.0;1.0;5.0;N12;48,7942660;1,8765260;2;12;;;3.0;4;0.0;1.0;39;900;1.0;;;1.0;0.0;3.0;110.0;Yvelines;11;Île-de-France
201900003321;138Â 300Â 274;B01;10.0;3;2.0;1.0;1984.0;4.0;0.0;;;6.0;4;2.0;;2.0;10.0;0.0;0.0;6.0;24.0;1.0;;12;8;2019;15:00;1.0;78;78623;1;1.0;1.0;5.0;N12;48,7942660;1,8765260;2;12;;;3.0;4;0.0;1.0;39;900;1.0;;;1.0;0.0;3.0;110.0;Yvelines;11;Île-de-France
201900003321;138Â 300Â 276;C01;10.0;3;2.0;1.0;1982.0;4.0;0.0;;;6.0;4;2.0;;2.0;10.0;0.0;0.0;6.0;23.0;1.0;;12;8;2019;15:00;1.0;78;78623;1;1.0;1.0;5.0;N12;48,7942660;1,8765260;2;12;;;3.0;4;0.0;1.0;39;900;1.0;;;1.0;0.0;3.0;110.0;Yvelines;11;Île-de-France
201900003321;138Â 300Â 276;C01;10.0;3;2.0;1.0;1960.0;4.0;0.0;;;6.0;4;2.0;;2.0;10.0;0.0;0.0;6.0;23.0;1.0;;12;8;2019;15:00;1.0;78;78623;1;1.0;1.0;5.0;N12;48,7942660;1,8765260;2;12;;;3.0;4;0.0;1.0;39;900;1.0;;;1.0;0.0;3.0;110.0;Yvelines;11;Île-de-France
201900003322;138Â 300Â 271;A01;1.0;1;3.0;1.0;1983.0;5.0;0.0;;;0.0;0;;;3.0;31.0;0.0;0.0;0.0;0.0;1.0;;16;8;2019;16:30;1.0;2B;2B023;1;1.0;1.0;7.0;D 147;42,4458100;9,0167510;3;147;0.0;;2.0;2;0.0;2.0;(1);(1);3.0;;;1.0;0.0;1.0;80.0;Haute-Corse;94;Corse
201900003323;138Â 300Â 269;B01;1.0;1;4.0;2.0;1971.0;1.0;1.0;;;0.0;0;;;2.0;37.0;0.0;2.0;3.0;1.0;1.0;1.0;11;6;2019;18:00;1.0;19;19005;1;1.0;8.0;1.0;cd 901;45,2339207;1,4252776;3;901;0.0;;2.0;2;0.0;1.0;40;400;1.0;;;1.0;0.0;1.0;90.0;Corrèze;75;Nouvelle-Aquitaine
201900003323;138Â 300Â 270;A01;9.0;2;1.0;1.0;2002.0;2.0;1.0;;;0.0;0;;;1.0;37.0;0.0;2.0;3.0;11.0;1.0;17.0;11;6;2019;18:00;1.0;19;19005;1;1.0;8.0;1.0;cd 901;45,2339207;1,4252776;3;901;0.0;;2.0;2;0.0;1.0;40;400;1.0;;;1.0;0.0;1.0;90.0;Corrèze;75;Nouvelle-Aquitaine
201900003323;138Â 300Â 270;A01;2.0;2;1.0;2.0;1997.0;2.0;1.0;;;0.0;0;;;1.0;37.0;0.0;2.0;3.0;11.0;1.0;17.0;11;6;2019;18:00;1.0;19;19005;1;1.0;8.0;1.0;cd 901;45,2339207;1,4252776;3;901;0.0;;2.0;2;0.0;1.0;40;400;1.0;;;1.0;0.0;1.0;90.0;Corrèze;75;Nouvelle-Aquitaine
201900003323;138Â 300Â 270;A01;9.0;2;1.0;1.0;2003.0;2.0;1.0;;;0.0;0;;;1.0;37.0;0.0;2.0;3.0;11.0;1.0;17.0;11;6;2019;18:00;1.0;19;19005;1;1.0;8.0;1.0;cd 901;45,2339207;1,4252776;3;901;0.0;;2.0;2;0.0;1.0;40;400;1.0;;;1.0;0.0;1.0;90.0;Corrèze;75;Nouvelle-Aquitaine