Num_Acc;id_vehicule;num_veh;place;catu;grav;sexe;an_nais;trajet;secu1;secu2;secu3;locp;actp;etatp;id_usager;senc;catv;obs;obsm;choc;manv;motor;occutc;jour;mois;an;hrmn;lum;dep;com;agg;int;atm;col;adr;lat;long;catr;voie;v1;v2;circ;nbv;vosp;prof;pr;pr1;plan;lartpc;larrout;surf;infra;situ;vma;nom_departement;reg;nom_region
201900003323;138Â 300Â 270;A01;1.0;1;2.0;1.0;1961.0;4.0;1.0;;;0.0;0;;;1.0;37.0;0.0;2.0;3.0;11.0;1.0;17.0;11;6;2019;18:00;1.0;19;19005;1;1.0;8.0;1.0;cd 901;45,2339207;1,4252776;3;901;0.0;;2.0;2;0.0;1.0;40;400;1.0;;;1.0;0.0;1.0;90.0;Corrèze;75;Nouvelle-Aquitaine
201900003323;138Â 300Â 270;A01;7.0;2;1.0;1.0;2004.0;2.0;1.0;;;0.0;0;;;1.0;37.0;0.0;2.0;3.0;11.0;1.0;17.0;11;6;2019;18:00;1.0;19;19005;1;1.0;8.0;1.0;cd 901;45,2339207;1,4252776;3;901;0.0;;2.0;2;0.0;1.0;40;400;1.0;;;1.0;0.0;1.0;90.0;Corrèze;75;Nouvelle-Aquitaine
201900003323;138Â 300Â 270;A01;8.0;2;1.0;1.0;2004.0;2.0;1.0;;;0.0;0;;;1.0;37.0;0.0;2.0;3.0;11.0;1.0;17.0;11;6;2019;18:00;1.0;19;19005;1;1.0;8.0;1.0;cd 901;45,2339207;1,4252776;3;901;0.0;;2.0;2;0.0;1.0;40;400;1.0;;;1.0;0.0;1.0;90.0;Corrèze;75;Nouvelle-Aquitaine
201900003323;138Â 300Â 270;A01;1.0;2;1.0;1.0;2003.0;2.0;1.0;;;0.0;0;;;1.0;37.0;0.0;2.0;3.0;11.0;1.0;17.0;11;6;2019;18:00;1.0;19;19005;1;1.0;8.0;1.0;cd 901;45,2339207;1,4252776;3;901;0.0;;2.0;2;0.0;1.0;40;400;1.0;;;1.0;0.0;1.0;90.0;Corrèze;75;Nouvelle-Aquitaine
201900003323;138Â 300Â 270;A01;2.0;2;1.0;1.0;2003.0;2.0;1.0;;;0.0;0;;;1.0;37.0;0.0;2.0;3.0;11.0;1.0;17.0;11;6;2019;18:00;1.0;19;19005;1;1.0;8.0;1.0;cd 901;45,2339207;1,4252776;3;901;0.0;;2.0;2;0.0;1.0;40;400;1.0;;;1.0;0.0;1.0;90.0;Corrèze;75;Nouvelle-Aquitaine
201900003323;138Â 300Â 270;A01;3.0;2;1.0;1.0;2001.0;2.0;1.0;;;0.0;0;;;1.0;37.0;0.0;2.0;3.0;11.0;1.0;17.0;11;6;2019;18:00;1.0;19;19005;1;1.0;8.0;1.0;cd 901;45,2339207;1,4252776;3;901;0.0;;2.0;2;0.0;1.0;40;400;1.0;;;1.0;0.0;1.0;90.0;Corrèze;75;Nouvelle-Aquitaine
201900003323;138Â 300Â 270;A01;6.0;2;1.0;2.0;1999.0;2.0;1.0;;;0.0;0;;;1.0;37.0;0.0;2.0;3.0;11.0;1.0;17.0;11;6;2019;18:00;1.0;19;19005;1;1.0;8.0;1.0;cd 901;45,2339207;1,4252776;3;901;0.0;;2.0;2;0.0;1.0;40;400;1.0;;;1.0;0.0;1.0;90.0;Corrèze;75;Nouvelle-Aquitaine
201900003323;138Â 300Â 270;A01;5.0;2;1.0;1.0;2005.0;2.0;1.0;;;0.0;0;;;1.0;37.0;0.0;2.0;3.0;11.0;1.0;17.0;11;6;2019;18:00;1.0;19;19005;1;1.0;8.0;1.0;cd 901;45,2339207;1,4252776;3;901;0.0;;2.0;2;0.0;1.0;40;400;1.0;;;1.0;0.0;1.0;90.0;Corrèze;75;Nouvelle-Aquitaine
201900003323;138Â 300Â 270;A01;6.0;2;1.0;1.0;2003.0;2.0;1.0;;;0.0;0;;;1.0;37.0;0.0;2.0;3.0;11.0;1.0;17.0;11;6;2019;18:00;1.0;19;19005;1;1.0;8.0;1.0;cd 901;45,2339207;1,4252776;3;901;0.0;;2.0;2;0.0;1.0;40;400;1.0;;;1.0;0.0;1.0;90.0;Corrèze;75;Nouvelle-Aquitaine
201900003323;138Â 300Â 270;A01;3.0;2;1.0;1.0;2006.0;2.0;1.0;;;0.0;0;;;1.0;37.0;0.0;2.0;3.0;11.0;1.0;17.0;11;6;2019;18:00;1.0;19;19005;1;1.0;8.0;1.0;cd 901;45,2339207;1,4252776;3;901;0.0;;2.0;2;0.0;1.0;40;400;1.0;;;1.0;0.0;1.0;90.0;Corrèze;75;Nouvelle-Aquitaine
201900003323;138Â 300Â 270;A01;5.0;2;1.0;1.0;2003.0;2.0;1.0;;;0.0;0;;;1.0;37.0;0.0;2.0;3.0;11.0;1.0;17.0;11;6;2019;18:00;1.0;19;19005;1;1.0;8.0;1.0;cd 901;45,2339207;1,4252776;3;901;0.0;;2.0;2;0.0;1.0;40;400;1.0;;;1.0;0.0;1.0;90.0;Corrèze;75;Nouvelle-Aquitaine
201900003323;138Â 300Â 270;A01;9.0;2;1.0;1.0;2006.0;2.0;1.0;;;0.0;0;;;1.0;37.0;0.0;2.0;3.0;11.0;1.0;17.0;11;6;2019;18:00;1.0;19;19005;1;1.0;8.0;1.0;cd 901;45,2339207;1,4252776;3;901;0.0;;2.0;2;0.0;1.0;40;400;1.0;;;1.0;0.0;1.0;90.0;Corrèze;75;Nouvelle-Aquitaine
201900003323;138Â 300Â 270;A01;5.0;2;1.0;2.0;2004.0;2.0;1.0;;;0.0;0;;;1.0;37.0;0.0;2.0;3.0;11.0;1.0;17.0;11;6;2019;18:00;1.0;19;19005;1;1.0;8.0;1.0;cd 901;45,2339207;1,4252776;3;901;0.0;;2.0;2;0.0;1.0;40;400;1.0;;;1.0;0.0;1.0;90.0;Corrèze;75;Nouvelle-Aquitaine
201900003323;138Â 300Â 270;A01;5.0;2;1.0;1.0;2005.0;2.0;1.0;;;; -1;;;1.0;37.0;0.0;2.0;3.0;11.0;1.0;17.0;11;6;2019;18:00;1.0;19;19005;1;1.0;8.0;1.0;cd 901;45,2339207;1,4252776;3;901;0.0;;2.0;2;0.0;1.0;40;400;1.0;;;1.0;0.0;1.0;90.0;Corrèze;75;Nouvelle-Aquitaine
201900003324;138Â 300Â 272;B01;1.0;1;3.0;1.0;1989.0;0.0;2.0;;;0.0;0;;;3.0;31.0;0.0;0.0;5.0;17.0;1.0;;21;10;2019;19:30;3.0;974;97415;2;1.0;1.0;3.0;85 Rue Auguste Vinson; -21,0303630;55,2704190;4;;;;2.0;2;0.0;2.0;(1);(1);1.0;;;1.0;0.0;1.0;50.0;La Réunion;04;La Réunion
201900003324;138Â 300Â 275;A01;1.0;1;1.0;2.0;1965.0;5.0;8.0;;;0.0;0;;;3.0;7.0;0.0;2.0;3.0;15.0;1.0;;21;10;2019;19:30;3.0;974;97415;2;1.0;1.0;3.0;85 Rue Auguste Vinson; -21,0303630;55,2704190;4;;;;2.0;2;0.0;2.0;(1);(1);1.0;;;1.0;0.0;1.0;50.0;La Réunion;04;La Réunion
201900003325;138Â 300Â 265;A01;2.0;2;3.0;1.0;1970.0;5.0;8.0;;;0.0;0;;;3.0;7.0;16.0;0.0;1.0;14.0;1.0;;10;6;2019;22:00;3.0;19;19117;1;1.0;1.0;7.0;Les Carrieres de Puymege;45,1246380;1,4691600;3;59;;D;2.0;2;0.0;2.0;6;620;2.0;;;1.0;0.0;3.0;80.0;Corrèze;75;Nouvelle-Aquitaine
201900003325;138Â 300Â 265;A01;1.0;1;3.0;1.0;1988.0;5.0;8.0;;;0.0;0;;;3.0;7.0;16.0;0.0;1.0;14.0;1.0;;10;6;2019;22:00;3.0;19;19117;1;1.0;1.0;7.0;Les Carrieres de Puymege;45,1246380;1,4691600;3;59;;D;2.0;2;0.0;2.0;6;620;2.0;;;1.0;0.0;3.0;80.0;Corrèze;75;Nouvelle-Aquitaine
201900003326;138Â 300Â 261;A01;1.0;1;1.0;1.0;1984.0;9.0;1.0;;;0.0;0;;;2.0;7.0;0.0;2.0;1.0;13.0;1.0;;31;5;2019;16:50;1.0;56;56131;1;1.0;1.0;5.0;La Roche Piriou;48,0157490; -3,4687700;3;769;;;2.0;2;0.0;1.0;29;830;1.0;;;1.0;0.0;1.0;80.0;Morbihan;53;Bretagne
201900003326;138Â 300Â 262;B01;1.0;1;3.0;1.0;1963.0;0.0;1.0;;;0.0;0;;;1.0;7.0;0.0;2.0;1.0;1.0;1.0;;31;5;2019;16:50;1.0;56;56131;1;1.0;1.0;5.0;La Roche Piriou;48,0157490; -3,4687700;3;769;;;2.0;2;0.0;1.0;29;830;1.0;;;1.0;0.0;1.0;80.0;Morbihan;53;Bretagne
201900003326;138Â 300Â 263;C01;2.0;2;1.0;2.0;1947.0;0.0;1.0;;;0.0;0;;;1.0;7.0;0.0;2.0;8.0;1.0;1.0;;31;5;2019;16:50;1.0;56;56131;1;1.0;1.0;5.0;La Roche Piriou;48,0157490; -3,4687700;3;769;;;2.0;2;0.0;1.0;29;830;1.0;;;1.0;0.0;1.0;80.0;Morbihan;53;Bretagne
201900003326;138Â 300Â 263;C01;1.0;1;1.0;1.0;1942.0;0.0;1.0;;;0.0;0;;;1.0;7.0;0.0;2.0;8.0;1.0;1.0;;31;5;2019;16:50;1.0;56;56131;1;1.0;1.0;5.0;La Roche Piriou;48,0157490; -3,4687700;3;769;;;2.0;2;0.0;1.0;29;830;1.0;;;1.0;0.0;1.0;80.0;Morbihan;53;Bretagne
201900003327;138Â 300Â 267;A01;1.0;1;1.0;1.0;1996.0;4.0;1.0;;;0.0;0;;;0.0;37.0;0.0;0.0;4.0;23.0;0.0;1.0;16;8;2019;16:45;1.0;34;34113;2;1.0;1.0;2.0;Issanka;43,4908136;3,7016416;3;2;;;2.0;2;0.0;1.0;(1);(1);1.0;;;1.0;0.0;1.0;50.0;Hérault;76;Occitanie
201900003327;138Â 300Â 268;B01;2.0;2;1.0;2.0;1999.0;5.0;2.0;;;0.0;0;;;0.0;32.0;0.0;2.0;1.0;26.0;0.0;;16;8;2019;16:45;1.0;34;34113;2;1.0;1.0;2.0;Issanka;43,4908136;3,7016416;3;2;;;2.0;2;0.0;1.0;(1);(1);1.0;;;1.0;0.0;1.0;50.0;Hérault;76;Occitanie
201900003327;138Â 300Â 268;B01;1.0;1;2.0;2.0;1972.0;5.0;2.0;;;0.0;0;;;0.0;32.0;0.0;2.0;1.0;26.0;0.0;;16;8;2019;16:45;1.0;34;34113;2;1.0;1.0;2.0;Issanka;43,4908136;3,7016416;3;2;;;2.0;2;0.0;1.0;(1);(1);1.0;;;1.0;0.0;1.0;50.0;Hérault;76;Occitanie
201900003328;138Â 300Â 259;A01;1.0;1;2.0;1.0;1969.0;1.0;2.0;;;0.0;0;;;1.0;2.0;6.0;0.0;8.0;1.0;1.0;;15;8;2019;04:45;3.0;34;34244;2;1.0;1.0;6.0;route nationale 113;43,6619990;4,0306840;2;113;;;2.0;2;0.0;1.0;12;500;1.0;;;1.0;0.0;3.0;90.0;Hérault;76;Occitanie
201900003329;138Â 300Â 258;B01;1.0;1;2.0;1.0;1957.0;5.0;1.0;;;0.0;0;;;1.0;7.0;0.0;2.0;1.0;1.0;1.0;;13;6;2019;14:00;1.0;56;56207;1;1.0;1.0;1.0;Saint Thuriau;47,9448650; -3,0498720;3;142;;;2.0;2;0.0;1.0;8;330;4.0;;;1.0;0.0;1.0;50.0;Morbihan;53;Bretagne
201900003329;138Â 300Â 260;A01;1.0;1;1.0;1.0;1944.0;5.0;1.0;;;0.0;0;;;2.0;7.0;0.0;2.0;1.0;13.0;1.0;;13;6;2019;14:00;1.0;56;56207;1;1.0;1.0;1.0;Saint Thuriau;47,9448650; -3,0498720;3;142;;;2.0;2;0.0;1.0;8;330;4.0;;;1.0;0.0;1.0;50.0;Morbihan;53;Bretagne
201900003330;138Â 300Â 255;B01;1.0;1;3.0;1.0;2001.0;1.0;2.0;6.0;;0.0;0;;;3.0;31.0;0.0;2.0;1.0;1.0;0.0;;13;6;2019;18:00;1.0;56;56017;1;1.0;1.0;1.0;kergal;47,8782810; -2,7868330;4;Route de Moustoir Ac;;;2.0;2;0.0;1.0;(1);(1);1.0;;;1.0;0.0;1.0;70.0;Morbihan;53;Bretagne
201900003330;138Â 300Â 256;A01;1.0;1;1.0;2.0;1988.0;1.0;1.0;;;0.0;0;;;3.0;7.0;0.0;2.0;3.0;0.0;0.0;;13;6;2019;18:00;1.0;56;56017;1;1.0;1.0;1.0;kergal;47,8782810; -2,7868330;4;Route de Moustoir Ac;;;2.0;2;0.0;1.0;(1);(1);1.0;;;1.0;0.0;1.0;70.0;Morbihan;53;Bretagne
201900003331;138Â 300Â 254;B01;7.0;2;1.0;2.0;1972.0;5.0;1.0;;;0.0;0;;;1.0;99.0;0.0;9.0;0.0;1.0;1.0;;15;8;2019;09:30;1.0;84;84136;1;1.0;1.0;6.0;d7;44,1442570;4,9860670;3;7;;;2.0;2;0.0;1.0;(1);(1);1.0;;;1.0;0.0;1.0;80.0;Vaucluse;93;Provence-Alpes-Côte d'Azur
201900003331;138Â 300Â 254;B01;2.0;2;1.0;1.0;1969.0;5.0;1.0;;;0.0;0;;;1.0;99.0;0.0;9.0;0.0;1.0;1.0;;15;8;2019;09:30;1.0;84;84136;1;1.0;1.0;6.0;d7;44,1442570;4,9860670;3;7;;;2.0;2;0.0;1.0;(1);(1);1.0;;;1.0;0.0;1.0;80.0;Vaucluse;93;Provence-Alpes-Côte d'Azur
201900003331;138Â 300Â 254;B01;1.0;1;1.0;1.0;1949.0;5.0;1.0;;;0.0;0;;;1.0;99.0;0.0;9.0;0.0;1.0;1.0;;15;8;2019;09:30;1.0;84;84136;1;1.0;1.0;6.0;d7;44,1442570;4,9860670;3;7;;;2.0;2;0.0;1.0;(1);(1);1.0;;;1.0;0.0;1.0;80.0;Vaucluse;93;Provence-Alpes-Côte d'Azur
201900003331;138Â 300Â 257;A01;1.0;1;4.0;1.0;1993.0;5.0;2.0;;;0.0;0;;;1.0;33.0;0.0;0.0;0.0;17.0;1.0;;15;8;2019;09:30;1.0;84;84136;1;1.0;1.0;6.0;d7;44,1442570;4,9860670;3;7;;;2.0;2;0.0;1.0;(1);(1);1.0;;;1.0;0.0;1.0;80.0;Vaucluse;93;Provence-Alpes-Côte d'Azur
201900003332;138Â 300Â 253;A01;2.0;2;1.0;1.0;1971.0;0.0;0.0;;;0.0;0;;;1.0;35.0;16.0;0.0;5.0;26.0;1.0;;30;5;2019;17:45;1.0;56;56024;1;1.0;1.0;7.0;Queuvre;48,0475390; -2,7061630;4;Queuvre;;;;2;0.0;1.0;(1);(1);1.0;;;1.0;0.0;3.0;50.0;Morbihan;53;Bretagne
201900003332;138Â 300Â 253;A01;1.0;1;3.0;2.0;1975.0;1.0;0.0;;;0.0;0;;;1.0;35.0;16.0;0.0;5.0;26.0;1.0;;30;5;2019;17:45;1.0;56;56024;1;1.0;1.0;7.0;Queuvre;48,0475390; -2,7061630;4;Queuvre;;;;2;0.0;1.0;(1);(1);1.0;;;1.0;0.0;3.0;50.0;Morbihan;53;Bretagne
201900003333;138Â 300Â 252;A01;7.0;2;3.0;1.0;1997.0;5.0;8.0;;;0.0;0;;;0.0;7.0;0.0;0.0;0.0;12.0;0.0;;14;8;2019;06:40;2.0;84;84122;1;1.0;1.0;7.0;Route d'Orange;44,0997060;4,9402980;3;950;0.0;D;2.0;2;0.0;1.0;0;0;1.0;;;1.0;0.0;1.0;80.0;Vaucluse;93;Provence-Alpes-Côte d'Azur
201900003333;138Â 300Â 252;A01;9.0;2;2.0;1.0;1989.0;5.0;1.0;;;0.0;0;;;0.0;7.0;0.0;0.0;0.0;12.0;0.0;;14;8;2019;06:40;2.0;84;84122;1;1.0;1.0;7.0;Route d'Orange;44,0997060;4,9402980;3;950;0.0;D;2.0;2;0.0;1.0;0;0;1.0;;;1.0;0.0;1.0;80.0;Vaucluse;93;Provence-Alpes-Côte d'Azur
201900003333;138Â 300Â 252;A01;1.0;1;1.0;1.0;1999.0;5.0;0.0;;;0.0;0;;;0.0;7.0;0.0;0.0;0.0;12.0;0.0;;14;8;2019;06:40;2.0;84;84122;1;1.0;1.0;7.0;Route d'Orange;44,0997060;4,9402980;3;950;0.0;D;2.0;2;0.0;1.0;0;0;1.0;;;1.0;0.0;1.0;80.0;Vaucluse;93;Provence-Alpes-Côte d'Azur
201900003334;138Â 300Â 264;A01;1.0;1;1.0;2.0;1982.0;5.0;1.0;;;0.0;0;;;2.0;7.0;0.0;2.0;8.0;15.0;1.0;;22;10;2019;12:10;1.0;978;97801;1;3.0;1.0;3.0;Route Nationale 7;18,0989500; -63,0515690;2;7;;;2.0;2;0.0;1.0;8;500;1.0;;;1.0;0.0;8.0;70.0;;;
201900003334;138Â 300Â 266;B01;1.0;1;3.0;1.0;2002.0;5.0;2.0;;;0.0;0;;;2.0;2.0;0.0;2.0;1.0;17.0;1.0;;22;10;2019;12:10;1.0;978;97801;1;3.0;1.0;3.0;Route Nationale 7;18,0989500; -63,0515690;2;7;;;2.0;2;0.0;1.0;8;500;1.0;;;1.0;0.0;8.0;70.0;;;
201900003335;138Â 300Â 251;A01;1.0;1;1.0;1.0;1998.0;5.0;1.0;;;0.0;0;;;3.0;7.0;2.0;0.0;2.0;1.0;1.0;;26;5;2019;04:15;3.0;56;56060;1;1.0;1.0;6.0;La Hallais;47,7377100; -2,1917710;4;La Hallais;;;;2;0.0;1.0;(1);(1);3.0;;;1.0;0.0;3.0;80.0;Morbihan;53;Bretagne
201900003335;138Â 300Â 251;A01;9.0;2;2.0;2.0;1990.0;5.0;1.0;;;0.0;0;;;3.0;7.0;2.0;0.0;2.0;1.0;1.0;;26;5;2019;04:15;3.0;56;56060;1;1.0;1.0;6.0;La Hallais;47,7377100; -2,1917710;4;La Hallais;;;;2;0.0;1.0;(1);(1);3.0;;;1.0;0.0;3.0;80.0;Morbihan;53;Bretagne
201900003335;138Â 300Â 251;A01;7.0;2;3.0;2.0;1998.0;5.0;1.0;;;0.0;0;;;3.0;7.0;2.0;0.0;2.0;1.0;1.0;;26;5;2019;04:15;3.0;56;56060;1;1.0;1.0;6.0;La Hallais;47,7377100; -2,1917710;4;La Hallais;;;;2;0.0;1.0;(1);(1);3.0;;;1.0;0.0;3.0;80.0;Morbihan;53;Bretagne
201900003336;138Â 300Â 249;A01;2.0;2;1.0;2.0;1939.0;5.0;1.0;;;0.0;0;;;1.0;7.0;0.0;2.0;3.0;16.0;1.0;;14;8;2019;16:10;1.0;05;05065;2;6.0;1.0;3.0;Rond point du chateau;44,6549470;6,6521250;3;902;;;;1;0.0;4.0;58;579;1.0;;;1.0;0.0;1.0;50.0;Hautes-Alpes;93;Provence-Alpes-Côte d'Azur
201900003336;138Â 300Â 249;A01;1.0;1;1.0;1.0;1939.0;5.0;1.0;;;0.0;0;;;1.0;7.0;0.0;2.0;3.0;16.0;1.0;;14;8;2019;16:10;1.0;05;05065;2;6.0;1.0;3.0;Rond point du chateau;44,6549470;6,6521250;3;902;;;;1;0.0;4.0;58;579;1.0;;;1.0;0.0;1.0;50.0;Hautes-Alpes;93;Provence-Alpes-Côte d'Azur
201900003336;138Â 300Â 250;B01;1.0;1;2.0;1.0;1959.0;5.0;2.0;;;0.0;0;;;1.0;1.0;0.0;2.0;5.0;1.0;5.0;;14;8;2019;16:10;1.0;05;05065;2;6.0;1.0;3.0;Rond point du chateau;44,6549470;6,6521250;3;902;;;;1;0.0;4.0;58;579;1.0;;;1.0;0.0;1.0;50.0;Hautes-Alpes;93;Provence-Alpes-Côte d'Azur
201900003337;138Â 300Â 247;B01;1.0;1;2.0;1.0;1998.0;1.0;1.0;5.0;;0.0;0;;;0.0;7.0;0.0;2.0;3.0;21.0;1.0;;23;10;2019;18:00;2.0;13;13051;1;1.0;3.0;1.0;dÃ©partementale 19;43,5743250;5,1741000;3;19;;;2.0;2;0.0;1.0;17;850;1.0;;;2.0;0.0;1.0;80.0;Bouches-du-Rhône;93;Provence-Alpes-Côte d'Azur
201900003337;138Â 300Â 248;A01;1.0;1;1.0;1.0;1980.0;1.0;1.0;5.0;;0.0;0;;;0.0;7.0;2.0;2.0;3.0;17.0;1.0;;23;10;2019;18:00;2.0;13;13051;1;1.0;3.0;1.0;dÃ©partementale 19;43,5743250;5,1741000;3;19;;;2.0;2;0.0;1.0;17;850;1.0;;;2.0;0.0;1.0;80.0;Bouches-du-Rhône;93;Provence-Alpes-Côte d'Azur
201900003338;138Â 300Â 246;A01;1.0;1;4.0;1.0;1951.0;5.0;1.0;;;0.0;0;;;3.0;7.0;8.0;0.0;1.0;11.0;1.0;;17;6;2019;17:00;1.0;56;56130;1;1.0;1.0;6.0;ZA de bellevue;47,7395450; -3,2220060;4;Rue des HÃªtres;;;2.0;2;0.0;1.0;(1);(1);1.0;;;1.0;0.0;3.0;50.0;Morbihan;53;Bretagne
201900003339;138Â 300Â 243;B01;1.0;1;3.0;1.0;1975.0;5.0;2.0;6.0;;0.0;0;;;2.0;33.0;0.0;2.0;3.0;1.0;1.0;;15;8;2019;14:40;1.0;05;05079;1;1.0;1.0;1.0;RD1091;45,0305610;6,4434828;3;1091;;;2.0;2;0.0;2.0;24;849;3.0;;;1.0;0.0;1.0;80.0;Hautes-Alpes;93;Provence-Alpes-Côte d'Azur
201900003339;138Â 300Â 243;B01;2.0;2;3.0;2.0;1976.0;5.0;2.0;6.0;;0.0;0;;;2.0;33.0;0.0;2.0;3.0;1.0;1.0;;15;8;2019;14:40;1.0;05;05079;1;1.0;1.0;1.0;RD1091;45,0305610;6,4434828;3;1091;;;2.0;2;0.0;2.0;24;849;3.0;;;1.0;0.0;1.0;80.0;Hautes-Alpes;93;Provence-Alpes-Côte d'Azur
201900003339;138Â 300Â 245;A01;1.0;1;1.0;1.0;1989.0;1.0;1.0;;;0.0;0;;;1.0;7.0;0.0;2.0;3.0;17.0;1.0;;15;8;2019;14:40;1.0;05;05079;1;1.0;1.0;1.0;RD1091;45,0305610;6,4434828;3;1091;;;2.0;2;0.0;2.0;24;849;3.0;;;1.0;0.0;1.0;80.0;Hautes-Alpes;93;Provence-Alpes-Côte d'Azur
201900003339;138Â 300Â 245;A01;2.0;2;1.0;2.0;2001.0;5.0;1.0;;;0.0;0;;;1.0;7.0;0.0;2.0;3.0;17.0;1.0;;15;8;2019;14:40;1.0;05;05079;1;1.0;1.0;1.0;RD1091;45,0305610;6,4434828;3;1091;;;2.0;2;0.0;2.0;24;849;3.0;;;1.0;0.0;1.0;80.0;Hautes-Alpes;93;Provence-Alpes-Côte d'Azur
201900003340;138Â 300Â 242;A01;1.0;1;1.0;1.0;1978.0;5.0;8.0;;;0.0;0;;;2.0;10.0;0.0;1.0;3.0;1.0;1.0;;16;6;2019;19:45;1.0;56;56169;2;1.0;1.0;6.0;Rue GÃ©nÃ©ral de Gaulle;47,6986410; -3,2541250;3;781;0.0;;2.0;2;0.0;1.0;20;795;1.0;;;1.0;0.0;1.0;50.0;Morbihan;53;Bretagne
201900003340;138Â 300Â 242;A01;10.0;3;3.0;1.0;1968.0;5.0;0.0;;;2.0;1;1.0;;2.0;10.0;0.0;1.0;3.0;1.0;1.0;;16;6;2019;19:45;1.0;56;56169;2;1.0;1.0;6.0;Rue GÃ©nÃ©ral de Gaulle;47,6986410; -3,2541250;3;781;0.0;;2.0;2;0.0;1.0;20;795;1.0;;;1.0;0.0;1.0;50.0;Morbihan;53;Bretagne
201900003341;138Â 300Â 241;B01;2.0;2;1.0;1.0;2001.0;0.0;1.0;;;0.0;0;;;3.0;7.0;0.0;2.0;6.0;19.0;2.0;;22;10;2019;18:10;1.0;78;78043;1;3.0;1.0;3.0;Route de Saint Cyr;48,8343220;2,0847900;3;7;0.0;;2.0;2;2.0;1.0;4;20;2.0;;;1.0;0.0;1.0;70.0;Yvelines;11;Île-de-France
201900003341;138Â 300Â 241;B01;1.0;1;1.0;2.0;1966.0;0.0;1.0;;;0.0;0;;;3.0;7.0;0.0;2.0;6.0;19.0;2.0;;22;10;2019;18:10;1.0;78;78043;1;3.0;1.0;3.0;Route de Saint Cyr;48,8343220;2,0847900;3;7;0.0;;2.0;2;2.0;1.0;4;20;2.0;;;1.0;0.0;1.0;70.0;Yvelines;11;Île-de-France
201900003341;138Â 300Â 244;A01;1.0;1;3.0;2.0;1985.0;1.0;2.0;6.0;9.0;0.0;0;;;2.0;33.0;0.0;2.0;1.0;1.0;1.0;;22;10;2019;18:10;1.0;78;78043;1;3.0;1.0;3.0;Route de Saint Cyr;48,8343220;2,0847900;3;7;0.0;;2.0;2;2.0;1.0;4;20;2.0;;;1.0;0.0;1.0;70.0;Yvelines;11;Île-de-France
201900003342;138Â 300Â 235;D01;1.0;1;3.0;1.0;1976.0;5.0;2.0;6.0;9.0;0.0;0;;;1.0;33.0;0.0;2.0;1.0;1.0;1.0;;16;8;2019;16:20;1.0;04;04039;1;1.0;1.0;5.0;RD 952;43,8304050;6,4728950;3;952;;;2.0;2;0.0;1.0;7;500;1.0;;;1.0;0.0;1.0;80.0;Alpes-de-Haute-Provence;93;Provence-Alpes-Côte d'Azur
201900003342;138Â 300Â 238;C01;1.0;1;3.0;1.0;1977.0;5.0;2.0;6.0;9.0;0.0;0;;;1.0;33.0;0.0;2.0;1.0;1.0;1.0;;16;8;2019;16:20;1.0;04;04039;1;1.0;1.0;5.0;RD 952;43,8304050;6,4728950;3;952;;;2.0;2;0.0;1.0;7;500;1.0;;;1.0;0.0;1.0;80.0;Alpes-de-Haute-Provence;93;Provence-Alpes-Côte d'Azur
201900003342;138Â 300Â 239;B01;1.0;1;1.0;1.0;1963.0;4.0;1.0;;;0.0;0;;;2.0;7.0;13.0;2.0;3.0;1.0;1.0;;16;8;2019;16:20;1.0;04;04039;1;1.0;1.0;5.0;RD 952;43,8304050;6,4728950;3;952;;;2.0;2;0.0;1.0;7;500;1.0;;;1.0;0.0;1.0;80.0;Alpes-de-Haute-Provence;93;Provence-Alpes-Côte d'Azur
201900003342;138Â 300Â 239;B01;9.0;2;1.0;2.0;1977.0;4.0;1.0;;;0.0;0;;;2.0;7.0;13.0;2.0;3.0;1.0;1.0;;16;8;2019;16:20;1.0;04;04039;1;1.0;1.0;5.0;RD 952;43,8304050;6,4728950;3;952;;;2.0;2;0.0;1.0;7;500;1.0;;;1.0;0.0;1.0;80.0;Alpes-de-Haute-Provence;93;Provence-Alpes-Côte d'Azur
201900003342;138Â 300Â 239;B01;2.0;2;1.0;2.0;1990.0;4.0;1.0;;;0.0;0;;;2.0;7.0;13.0;2.0;3.0;1.0;1.0;;16;8;2019;16:20;1.0;04;04039;1;1.0;1.0;5.0;RD 952;43,8304050;6,4728950;3;952;;;2.0;2;0.0;1.0;7;500;1.0;;;1.0;0.0;1.0;80.0;Alpes-de-Haute-Provence;93;Provence-Alpes-Côte d'Azur
201900003342;138Â 300Â 240;A01;2.0;2;1.0;2.0;1960.0;5.0;1.0;;;0.0;0;;;1.0;7.0;0.0;2.0;3.0;13.0;1.0;;16;8;2019;16:20;1.0;04;04039;1;1.0;1.0;5.0;RD 952;43,8304050;6,4728950;3;952;;;2.0;2;0.0;1.0;7;500;1.0;;;1.0;0.0;1.0;80.0;Alpes-de-Haute-Provence;93;Provence-Alpes-Côte d'Azur
201900003342;138Â 300Â 240;A01;1.0;1;1.0;1.0;1960.0;5.0;1.0;;;0.0;0;;;1.0;7.0;0.0;2.0;3.0;13.0;1.0;;16;8;2019;16:20;1.0;04;04039;1;1.0;1.0;5.0;RD 952;43,8304050;6,4728950;3;952;;;2.0;2;0.0;1.0;7;500;1.0;;;1.0;0.0;1.0;80.0;Alpes-de-Haute-Provence;93;Provence-Alpes-Côte d'Azur