Num_Acc;id_vehicule;num_veh;place;catu;grav;sexe;an_nais;trajet;secu1;secu2;secu3;locp;actp;etatp;id_usager;senc;catv;obs;obsm;choc;manv;motor;occutc;jour;mois;an;hrmn;lum;dep;com;agg;int;atm;col;adr;lat;long;catr;voie;v1;v2;circ;nbv;vosp;prof;pr;pr1;plan;lartpc;larrout;surf;infra;situ;vma;nom_departement;reg;nom_region
201900003343;138Â 300Â 233;B01;1.0;1;2.0;2.0;1994.0;0.0;1.0;;;0.0;0;;;2.0;7.0;0.0;2.0;7.0;1.0;1.0;;23;10;2019;18:45;5.0;74;74268;2;2.0;1.0;3.0;15 Rue du PrÃ© Fornet;45,8831850;6,1061010;4;1;0.0;A;2.0;2;0.0;1.0;1;1;1.0;;;1.0;0.0;1.0;50.0;Haute-Savoie;84;Auvergne-Rhône-Alpes
201900003343;138Â 300Â 236;A01;1.0;1;2.0;1.0;2002.0;0.0;2.0;6.0;;0.0;0;;;3.0;2.0;0.0;2.0;1.0;9.0;1.0;;23;10;2019;18:45;5.0;74;74268;2;2.0;1.0;3.0;15 Rue du PrÃ© Fornet;45,8831850;6,1061010;4;1;0.0;A;2.0;2;0.0;1.0;1;1;1.0;;;1.0;0.0;1.0;50.0;Haute-Savoie;84;Auvergne-Rhône-Alpes
201900003344;138Â 300Â 234;A01;2.0;2;3.0;2.0;1959.0;5.0;0.0;;;0.0;0;;;1.0;7.0;0.0;2.0;1.0;5.0;1.0;;13;6;2019;07:20;2.0;56;56040;1;1.0;2.0;1.0;Kerchopine;47,8907430; -3,3401100;3;769;;;2.0;2;0.0;1.0;12;148;1.0;;;2.0;0.0;1.0;80.0;Morbihan;53;Bretagne
201900003344;138Â 300Â 234;A01;1.0;1;3.0;1.0;1954.0;5.0;1.0;5.0;;0.0;0;;;1.0;7.0;0.0;2.0;1.0;5.0;1.0;;13;6;2019;07:20;2.0;56;56040;1;1.0;2.0;1.0;Kerchopine;47,8907430; -3,3401100;3;769;;;2.0;2;0.0;1.0;12;148;1.0;;;2.0;0.0;1.0;80.0;Morbihan;53;Bretagne
201900003344;138Â 300Â 237;B01;1.0;1;1.0;1.0;1997.0;1.0;1.0;;;0.0;0;;;2.0;10.0;0.0;2.0;2.0;1.0;1.0;;13;6;2019;07:20;2.0;56;56040;1;1.0;2.0;1.0;Kerchopine;47,8907430; -3,3401100;3;769;;;2.0;2;0.0;1.0;12;148;1.0;;;2.0;0.0;1.0;80.0;Morbihan;53;Bretagne
201900003345;138Â 300Â 231;A01;1.0;1;2.0;1.0;1996.0;5.0;2.0;6.0;9.0;0.0;0;;;2.0;33.0;0.0;2.0;1.0;17.0;1.0;;16;8;2019;15:25;1.0;04;04183;1;1.0;1.0;3.0;RD 955;43,9128070;6,5484040;3;955;;;2.0;2;0.0;2.0;17;300;1.0;;;1.0;0.0;1.0;80.0;Alpes-de-Haute-Provence;93;Provence-Alpes-Côte d'Azur
201900003345;138Â 300Â 232;B01;2.0;2;1.0;2.0;1997.0;5.0;1.0;;;0.0;0;;;2.0;7.0;0.0;2.0;3.0;15.0;1.0;;16;8;2019;15:25;1.0;04;04183;1;1.0;1.0;3.0;RD 955;43,9128070;6,5484040;3;955;;;2.0;2;0.0;2.0;17;300;1.0;;;1.0;0.0;1.0;80.0;Alpes-de-Haute-Provence;93;Provence-Alpes-Côte d'Azur
201900003345;138Â 300Â 232;B01;1.0;1;1.0;1.0;1997.0;5.0;1.0;;;0.0;0;;;2.0;7.0;0.0;2.0;3.0;15.0;1.0;;16;8;2019;15:25;1.0;04;04183;1;1.0;1.0;3.0;RD 955;43,9128070;6,5484040;3;955;;;2.0;2;0.0;2.0;17;300;1.0;;;1.0;0.0;1.0;80.0;Alpes-de-Haute-Provence;93;Provence-Alpes-Côte d'Azur
201900003346;138Â 300Â 229;A01;1.0;1;4.0;1.0;1980.0;5.0;2.0;;;0.0;0;;;1.0;33.0;2.0;0.0;1.0;1.0;1.0;;15;6;2019;04:30;3.0;56;56248;1;1.0;1.0;7.0;route de Sulniac D183;47,5952000; -2,6218770;3;183;0.0;;2.0;2;0.0;1.0;18;285;1.0;;;1.0;0.0;3.0;80.0;Morbihan;53;Bretagne
201900003347;138Â 300Â 228;B01;1.0;1;1.0;1.0;1982.0;0.0;1.0;;;0.0;0;;;2.0;7.0;1.0;0.0;2.0;1.0;0.0;;23;10;2019;01:20;3.0;06;06085;2;1.0;1.0;1.0;D6185;43,5879010;7,0035760;3;6185;;;3.0;4;0.0;2.0;64;822;1.0;;;1.0;0.0;1.0;90.0;Alpes-Maritimes;93;Provence-Alpes-Côte d'Azur
201900003347;138Â 300Â 230;A01;1.0;1;4.0;1.0;1978.0;0.0;8.0;;;0.0;0;;;2.0;7.0;14.0;0.0;7.0;0.0;0.0;;23;10;2019;01:20;3.0;06;06085;2;1.0;1.0;1.0;D6185;43,5879010;7,0035760;3;6185;;;3.0;4;0.0;2.0;64;822;1.0;;;1.0;0.0;1.0;90.0;Alpes-Maritimes;93;Provence-Alpes-Côte d'Azur
201900003348;138Â 300Â 224;B01;2.0;2;1.0;2.0;1945.0;5.0;1.0;;;0.0;0;;;1.0;7.0;0.0;2.0;3.0;1.0;1.0;;15;8;2019;11:00;1.0;04;04148;1;1.0;1.0;1.0;RD 4085;43,7973677;6,6257821;3;4085;;;2.0;2;0.0;1.0;115;300;3.0;;;1.0;0.0;1.0;80.0;Alpes-de-Haute-Provence;93;Provence-Alpes-Côte d'Azur
201900003348;138Â 300Â 224;B01;1.0;1;1.0;1.0;1950.0;5.0;1.0;;;0.0;0;;;1.0;7.0;0.0;2.0;3.0;1.0;1.0;;15;8;2019;11:00;1.0;04;04148;1;1.0;1.0;1.0;RD 4085;43,7973677;6,6257821;3;4085;;;2.0;2;0.0;1.0;115;300;3.0;;;1.0;0.0;1.0;80.0;Alpes-de-Haute-Provence;93;Provence-Alpes-Côte d'Azur
201900003348;138Â 300Â 227;A01;1.0;1;2.0;1.0;1984.0;5.0;2.0;6.0;9.0;0.0;0;;;2.0;33.0;0.0;2.0;1.0;17.0;1.0;;15;8;2019;11:00;1.0;04;04148;1;1.0;1.0;1.0;RD 4085;43,7973677;6,6257821;3;4085;;;2.0;2;0.0;1.0;115;300;3.0;;;1.0;0.0;1.0;80.0;Alpes-de-Haute-Provence;93;Provence-Alpes-Côte d'Azur
201900003349;138Â 300Â 223;B01;1.0;1;1.0;1.0;1999.0;5.0;1.0;;;0.0;0;;;2.0;7.0;0.0;2.0;2.0;15.0;6.0;;20;6;2019;12:20;1.0;56;56143;2;3.0;1.0;1.0;Route de Billiers;47,5518730; -2,4821010;3;5;;;2.0;2;0.0;2.0;28;924;3.0;;;1.0;0.0;1.0;50.0;Morbihan;53;Bretagne
201900003349;138Â 300Â 226;A01;1.0;1;3.0;1.0;2003.0;5.0;2.0;;;0.0;0;;;1.0;2.0;0.0;2.0;1.0;1.0;6.0;;20;6;2019;12:20;1.0;56;56143;2;3.0;1.0;1.0;Route de Billiers;47,5518730; -2,4821010;3;5;;;2.0;2;0.0;2.0;28;924;3.0;;;1.0;0.0;1.0;50.0;Morbihan;53;Bretagne
201900003350;138Â 300Â 222;A01;1.0;1;2.0;1.0;1970.0;4.0;1.0;;;0.0;0;;;2.0;7.0;0.0;2.0;2.0;17.0;1.0;;23;10;2019;15:45;1.0;89;89333;1;1.0;1.0;2.0;A6;47,5045487;4,0459049;1;6;0.0;;3.0;4;0.0;1.0;213;700;1.0;;;1.0;0.0;1.0;130.0;Yonne;27;Bourgogne-Franche-Comté
201900003350;138Â 300Â 222;A01;2.0;2;1.0;1.0;1986.0;4.0;1.0;;;0.0;0;;;2.0;7.0;0.0;2.0;2.0;17.0;1.0;;23;10;2019;15:45;1.0;89;89333;1;1.0;1.0;2.0;A6;47,5045487;4,0459049;1;6;0.0;;3.0;4;0.0;1.0;213;700;1.0;;;1.0;0.0;1.0;130.0;Yonne;27;Bourgogne-Franche-Comté
201900003350;138Â 300Â 222;A01;9.0;2;1.0;1.0;1954.0;9.0;1.0;;;0.0;0;;;2.0;7.0;0.0;2.0;2.0;17.0;1.0;;23;10;2019;15:45;1.0;89;89333;1;1.0;1.0;2.0;A6;47,5045487;4,0459049;1;6;0.0;;3.0;4;0.0;1.0;213;700;1.0;;;1.0;0.0;1.0;130.0;Yonne;27;Bourgogne-Franche-Comté
201900003350;138Â 300Â 222;A01;8.0;2;2.0;1.0;1984.0;9.0;1.0;;;0.0;0;;;2.0;7.0;0.0;2.0;2.0;17.0;1.0;;23;10;2019;15:45;1.0;89;89333;1;1.0;1.0;2.0;A6;47,5045487;4,0459049;1;6;0.0;;3.0;4;0.0;1.0;213;700;1.0;;;1.0;0.0;1.0;130.0;Yonne;27;Bourgogne-Franche-Comté
201900003350;138Â 300Â 225;B01;1.0;1;1.0;1.0;1970.0;4.0;1.0;;;0.0;0;;;2.0;17.0;0.0;2.0;6.0;12.0;1.0;;23;10;2019;15:45;1.0;89;89333;1;1.0;1.0;2.0;A6;47,5045487;4,0459049;1;6;0.0;;3.0;4;0.0;1.0;213;700;1.0;;;1.0;0.0;1.0;130.0;Yonne;27;Bourgogne-Franche-Comté
201900003351;138Â 300Â 221;A01;1.0;1;2.0;2.0;2001.0;1.0;1.0;;;0.0;0;;;1.0;7.0;7.0;0.0;7.0;1.0;1.0;;31;5;2019;14:15;1.0;56;56157;1;1.0;1.0;6.0;Kerhorno;47,7981280; -2,7293370;3;778;0.0;;2.0;2;0.0;2.0;32;928;1.0;;;1.0;0.0;3.0;80.0;Morbihan;53;Bretagne
201900003352;138Â 300Â 218;A01;1.0;1;3.0;1.0;1964.0;5.0;2.0;6.0;;0.0;0;;;2.0;33.0;14.0;2.0;1.0;17.0;1.0;;17;8;2019;11:29;1.0;04;04195;1;3.0;1.0;2.0;RD 900 Karting;44,3893180;6,5937020;3;900;;;2.0;2;0.0;1.0;83;200;1.0;;;1.0;0.0;1.0;80.0;Alpes-de-Haute-Provence;93;Provence-Alpes-Côte d'Azur
201900003352;138Â 300Â 220;B01;2.0;2;1.0;1.0;1991.0;5.0;1.0;;;0.0;0;;;2.0;7.0;0.0;0.0;6.0;15.0;1.0;;17;8;2019;11:29;1.0;04;04195;1;3.0;1.0;2.0;RD 900 Karting;44,3893180;6,5937020;3;900;;;2.0;2;0.0;1.0;83;200;1.0;;;1.0;0.0;1.0;80.0;Alpes-de-Haute-Provence;93;Provence-Alpes-Côte d'Azur
201900003352;138Â 300Â 220;B01;1.0;1;1.0;1.0;1991.0;5.0;1.0;;;0.0;0;;;2.0;7.0;0.0;0.0;6.0;15.0;1.0;;17;8;2019;11:29;1.0;04;04195;1;3.0;1.0;2.0;RD 900 Karting;44,3893180;6,5937020;3;900;;;2.0;2;0.0;1.0;83;200;1.0;;;1.0;0.0;1.0;80.0;Alpes-de-Haute-Provence;93;Provence-Alpes-Côte d'Azur
201900003353;138Â 300Â 216;A01;1.0;1;3.0;1.0;1962.0;0.0;1.0;;;0.0;0;;;2.0;7.0;15.0;0.0;1.0;14.0;1.0;;15;6;2019;03:00;5.0;74;74256;2;1.0;1.0;6.0;525 route du Fayet;45,9294350;6,6370310;3;1205;0.0;D;2.0;2;0.0;1.0;53;900;1.0;;;1.0;9.0;4.0;50.0;Haute-Savoie;84;Auvergne-Rhône-Alpes
201900003354;138Â 300Â 217;B01;1.0;1;2.0;1.0;1961.0;4.0;1.0;;;0.0;0;;;2.0;17.0;0.0;0.0;4.0;2.0;1.0;;23;10;2019;07:50;3.0;51;51480;1;1.0;1.0;2.0;A4;49,1438556;3,6325280;1;4;0.0;A;1.0;4;0.0;3.0;104;700;1.0;;;1.0;0.0;1.0;130.0;Marne;44;Grand Est
201900003354;138Â 300Â 219;A01;1.0;1;3.0;1.0;1985.0;4.0;1.0;9.0;;0.0;0;;;2.0;10.0;0.0;2.0;1.0;2.0;1.0;;23;10;2019;07:50;3.0;51;51480;1;1.0;1.0;2.0;A4;49,1438556;3,6325280;1;4;0.0;A;1.0;4;0.0;3.0;104;700;1.0;;;1.0;0.0;1.0;130.0;Marne;44;Grand Est
201900003355;138Â 300Â 215;A01;1.0;1;1.0;2.0;1933.0;5.0;1.0;;;0.0;0;;;3.0;7.0;0.0;0.0;1.0;1.0;1.0;;16;8;2019;18:30;1.0;13;13086;2;1.0;1.0;6.0;18 Avenue des AlliÃ©s;43,3503730;5,6041840;3;96;0.0;;2.0;2;0.0;1.0;7;250;1.0;;;1.0;0.0;1.0;50.0;Bouches-du-Rhône;93;Provence-Alpes-Côte d'Azur
201900003355;138Â 300Â 215;A01;10.0;3;3.0;2.0;1954.0;5.0;0.0;;;3.0;3;1.0;;3.0;7.0;0.0;0.0;1.0;1.0;1.0;;16;8;2019;18:30;1.0;13;13086;2;1.0;1.0;6.0;18 Avenue des AlliÃ©s;43,3503730;5,6041840;3;96;0.0;;2.0;2;0.0;1.0;7;250;1.0;;;1.0;0.0;1.0;50.0;Bouches-du-Rhône;93;Provence-Alpes-Côte d'Azur
201900003356;138Â 300Â 213;B01;1.0;1;1.0;1.0;1957.0;4.0;1.0;;;0.0;0;;;2.0;15.0;0.0;0.0;4.0;2.0;0.0;;20;10;2019;07:30;3.0;84;84078;1;1.0;1.0;2.0;A7;44,2446420;4,7081250;1;7;0.0;A;3.0;4;0.0;1.0;152;200;1.0;;;1.0;0.0;1.0;130.0;Vaucluse;93;Provence-Alpes-Côte d'Azur
201900003356;138Â 300Â 214;A01;1.0;1;1.0;1.0;2000.0;5.0;1.0;;;0.0;0;;;2.0;7.0;0.0;2.0;1.0;2.0;1.0;;20;10;2019;07:30;3.0;84;84078;1;1.0;1.0;2.0;A7;44,2446420;4,7081250;1;7;0.0;A;3.0;4;0.0;1.0;152;200;1.0;;;1.0;0.0;1.0;130.0;Vaucluse;93;Provence-Alpes-Côte d'Azur
201900003356;138Â 300Â 214;A01;2.0;2;3.0;1.0;1999.0;5.0;1.0;;;0.0;0;;;2.0;7.0;0.0;2.0;1.0;2.0;1.0;;20;10;2019;07:30;3.0;84;84078;1;1.0;1.0;2.0;A7;44,2446420;4,7081250;1;7;0.0;A;3.0;4;0.0;1.0;152;200;1.0;;;1.0;0.0;1.0;130.0;Vaucluse;93;Provence-Alpes-Côte d'Azur
201900003357;138Â 300Â 210;B01;1.0;1;3.0;1.0;1998.0;5.0;2.0;;;0.0;0;;;3.0;2.0;0.0;2.0;1.0;17.0;0.0;;15;8;2019;22:55;3.0;13;13100;1;1.0;1.0;3.0;133 voie aurÃ©lia;43,7822290;4,8456230;4;133;0.0;;2.0;1;0.0;1.0;(1);(1);1.0;;;1.0;0.0;1.0;50.0;Bouches-du-Rhône;93;Provence-Alpes-Côte d'Azur
201900003357;138Â 300Â 211;A01;1.0;1;1.0;1.0;1978.0;5.0;8.0;;;0.0;0;;;3.0;7.0;0.0;2.0;8.0;15.0;0.0;;15;8;2019;22:55;3.0;13;13100;1;1.0;1.0;3.0;133 voie aurÃ©lia;43,7822290;4,8456230;4;133;0.0;;2.0;1;0.0;1.0;(1);(1);1.0;;;1.0;0.0;1.0;50.0;Bouches-du-Rhône;93;Provence-Alpes-Côte d'Azur
201900003358;138Â 300Â 206;A01;1.0;1;2.0;1.0;1990.0;2.0;1.0;;;0.0;0;;;2.0;7.0;0.0;2.0;1.0;13.0;1.0;;29;5;2019;08:40;1.0;74;74313;1;1.0;1.0;1.0;Route de Body;46,0521620;6,1471550;3;27;;;2.0;2;0.0;1.0;15;100;3.0;;;1.0;0.0;1.0;80.0;Haute-Savoie;84;Auvergne-Rhône-Alpes
201900003358;138Â 300Â 208;B01;1.0;1;3.0;1.0;1954.0;4.0;0.0;;;0.0;0;;;1.0;7.0;0.0;2.0;1.0;1.0;1.0;;29;5;2019;08:40;1.0;74;74313;1;1.0;1.0;1.0;Route de Body;46,0521620;6,1471550;3;27;;;2.0;2;0.0;1.0;15;100;3.0;;;1.0;0.0;1.0;80.0;Haute-Savoie;84;Auvergne-Rhône-Alpes
201900003359;138Â 300Â 204;B01;1.0;1;1.0;1.0;1996.0;5.0;2.0;;;0.0;0;;;3.0;33.0;0.0;2.0;4.0;11.0;1.0;;4;8;2019;16:30;1.0;89;89206;2;1.0;1.0;3.0;rue du luxembourg 89300;47,9842235;3,4051084;4;;;;2.0;2;0.0;1.0;(1);(1);1.0;;;1.0;0.0;1.0;50.0;Yonne;27;Bourgogne-Franche-Comté
201900003359;138Â 300Â 205;A01;1.0;1;2.0;1.0;1970.0;4.0;2.0;7.0;;0.0;0;;;3.0;33.0;0.0;2.0;1.0;1.0;1.0;;4;8;2019;16:30;1.0;89;89206;2;1.0;1.0;3.0;rue du luxembourg 89300;47,9842235;3,4051084;4;;;;2.0;2;0.0;1.0;(1);(1);1.0;;;1.0;0.0;1.0;50.0;Yonne;27;Bourgogne-Franche-Comté
201900003360;138Â 300Â 207;B01;1.0;1;2.0;2.0;2001.0;3.0;2.0;;;0.0;0;;;2.0;2.0;0.0;2.0;2.0;0.0;1.0;;22;10;2019;13:45;1.0;987;98729;1;1.0;1.0;2.0;RT 91; -17,5111840; -149,8504570;2;91;;;2.0;2;1.0;1.0;16;(1);1.0;;;1.0;0.0;1.0;60.0;;;
201900003360;138Â 300Â 209;A01;1.0;1;1.0;2.0;1976.0;5.0;1.0;;;0.0;0;;;2.0;7.0;0.0;0.0;6.0;10.0;1.0;;22;10;2019;13:45;1.0;987;98729;1;1.0;1.0;2.0;RT 91; -17,5111840; -149,8504570;2;91;;;2.0;2;1.0;1.0;16;(1);1.0;;;1.0;0.0;1.0;60.0;;;
201900003361;138Â 300Â 201;B01;1.0;1;3.0;1.0;1983.0;1.0;2.0;6.0;;0.0;0;;;1.0;33.0;0.0;2.0;1.0;1.0;1.0;;18;6;2019;17:00;1.0;74;74275;1;1.0;1.0;3.0;D909A;45,8042130;6,2311300;3;909;;A;2.0;2;0.0;1.0;10;500;1.0;;;1.0;0.0;1.0;80.0;Haute-Savoie;84;Auvergne-Rhône-Alpes
201900003361;138Â 300Â 203;A01;1.0;1;1.0;1.0;1947.0;5.0;1.0;;;0.0;0;;;2.0;7.0;0.0;2.0;3.0;19.0;1.0;;18;6;2019;17:00;1.0;74;74275;1;1.0;1.0;3.0;D909A;45,8042130;6,2311300;3;909;;A;2.0;2;0.0;1.0;10;500;1.0;;;1.0;0.0;1.0;80.0;Haute-Savoie;84;Auvergne-Rhône-Alpes
201900003362;138Â 300Â 199;B01;1.0;1;3.0;1.0;2003.0;5.0;0.0;;;0.0;0;;;2.0;1.0;0.0;2.0;1.0;13.0;5.0;;25;9;2019;17:53;1.0;974;97415;1;1.0;1.0;1.0;25 Chemin Bras Canot; -21,0687800;55,2893260;3;110;;;2.0;2;0.0;2.0;5;(1);2.0;;;1.0;0.0;1.0;90.0;La Réunion;04;La Réunion
201900003362;138Â 300Â 200;A01;1.0;1;1.0;1.0;1976.0;1.0;1.0;;;0.0;0;;;1.0;7.0;0.0;9.0;2.0;1.0;1.0;;25;9;2019;17:53;1.0;974;97415;1;1.0;1.0;1.0;25 Chemin Bras Canot; -21,0687800;55,2893260;3;110;;;2.0;2;0.0;2.0;5;(1);2.0;;;1.0;0.0;1.0;90.0;La Réunion;04;La Réunion
201900003363;138Â 300Â 196;B01;1.0;1;1.0;1.0;2000.0;0.0;0.0;;;0.0;0;;;0.0;2.0;0.0;9.0;0.0;0.0;1.0;;21;10;2019;19:30;5.0;973;97304;2;1.0;1.0;1.0;Avenue de Pariacabo;5,1559780; -52,6598860;4;;;;2.0;2;1.0;1.0;(1);(1);1.0;;;1.0;0.0;5.0;;Guyane;03;Guyane
201900003363;138Â 300Â 197;A01;1.0;1;3.0;1.0;2006.0;5.0;0.0;;;0.0;0;;;3.0;1.0;0.0;2.0;0.0;0.0;0.0;;21;10;2019;19:30;5.0;973;97304;2;1.0;1.0;1.0;Avenue de Pariacabo;5,1559780; -52,6598860;4;;;;2.0;2;1.0;1.0;(1);(1);1.0;;;1.0;0.0;5.0;;Guyane;03;Guyane
201900003364;138Â 300Â 198;B01;2.0;2;4.0;2.0;1954.0;5.0;1.0;;;0.0;0;;;1.0;7.0;0.0;2.0;1.0;1.0;1.0;;17;8;2019;04:20;3.0;89;89438;1;9.0;2.0;1.0;A6 PK 166+600;47,7915550;3,6681770;1;6;0.0;;3.0;5;0.0;2.0;166;600;1.0;;;2.0;0.0;1.0;110.0;Yonne;27;Bourgogne-Franche-Comté
201900003364;138Â 300Â 198;B01;1.0;1;3.0;1.0;1952.0;5.0;1.0;;;0.0;0;;;1.0;7.0;0.0;2.0;1.0;1.0;1.0;;17;8;2019;04:20;3.0;89;89438;1;9.0;2.0;1.0;A6 PK 166+600;47,7915550;3,6681770;1;6;0.0;;3.0;5;0.0;2.0;166;600;1.0;;;2.0;0.0;1.0;110.0;Yonne;27;Bourgogne-Franche-Comté
201900003364;138Â 300Â 198;B01;3.0;2;4.0;1.0;1996.0;5.0;0.0;;;0.0;0;;;1.0;7.0;0.0;2.0;1.0;1.0;1.0;;17;8;2019;04:20;3.0;89;89438;1;9.0;2.0;1.0;A6 PK 166+600;47,7915550;3,6681770;1;6;0.0;;3.0;5;0.0;2.0;166;600;1.0;;;2.0;0.0;1.0;110.0;Yonne;27;Bourgogne-Franche-Comté
201900003364;138Â 300Â 202;A01;1.0;1;3.0;2.0;1989.0;5.0;1.0;;;0.0;0;;;2.0;7.0;0.0;2.0;1.0;5.0;1.0;;17;8;2019;04:20;3.0;89;89438;1;9.0;2.0;1.0;A6 PK 166+600;47,7915550;3,6681770;1;6;0.0;;3.0;5;0.0;2.0;166;600;1.0;;;2.0;0.0;1.0;110.0;Yonne;27;Bourgogne-Franche-Comté
201900003365;138Â 300Â 194;A01;1.0;1;4.0;1.0;1985.0;1.0;2.0;6.0;;0.0;0;;;1.0;33.0;0.0;2.0;1.0;13.0;1.0;;23;10;2019;08:00;2.0;45;45072;1;1.0;1.0;1.0;D101;47,9645965;1,9781479;3;101;0.0;;2.0;2;0.0;2.0;8;500;3.0;;;2.0;0.0;1.0;80.0;Loiret;24;Centre-Val de Loire
201900003365;138Â 300Â 195;B01;1.0;1;2.0;2.0;1972.0;1.0;1.0;;;0.0;0;;;1.0;7.0;0.0;2.0;2.0;0.0;1.0;;23;10;2019;08:00;2.0;45;45072;1;1.0;1.0;1.0;D101;47,9645965;1,9781479;3;101;0.0;;2.0;2;0.0;2.0;8;500;3.0;;;2.0;0.0;1.0;80.0;Loiret;24;Centre-Val de Loire
201900003366;138Â 300Â 193;A01;1.0;1;3.0;1.0;2005.0;5.0;2.0;6.0;;0.0;0;;;3.0;2.0;8.0;0.0;1.0;1.0;1.0;;15;8;2019;17:13;1.0;52;52545;1;1.0;1.0;6.0;Route de Vauxbons;47,8661610;5,1787580;4;4;0.0;;2.0;2;0.0;2.0;(1);(1);2.0;;;1.0;0.0;3.0;80.0;Haute-Marne;44;Grand Est
201900003367;138Â 300Â 192;A01;1.0;1;2.0;1.0;1998.0;3.0;2.0;6.0;;0.0;0;;;3.0;33.0;15.0;0.0;1.0;1.0;1.0;;14;8;2019;18:30;1.0;52;52269;2;1.0;1.0;6.0;Rue EugÃ¨ne Gallion;47,8676440;5,3424800;4;;0.0;;2.0;2;0.0;2.0;(1);(1);1.0;;;1.0;0.0;3.0;30.0;Haute-Marne;44;Grand Est
201900003368;138Â 300Â 189;A01;1.0;1;1.0;1.0;1996.0;5.0;1.0;;;0.0;0;;;1.0;7.0;0.0;2.0;7.0;5.0;6.0;;4;8;2019;19:20;1.0;51;51250;1;1.0;1.0;1.0;RN 31;49,3080806;3,7024461;2;31;;;2.0;3;0.0;1.0;4;300;2.0;;;1.0;0.0;1.0;80.0;Marne;44;Grand Est
201900003368;138Â 300Â 190;B01;1.0;1;2.0;2.0;1991.0;5.0;2.0;;;0.0;0;;;2.0;33.0;0.0;2.0;7.0;1.0;0.0;;4;8;2019;19:20;1.0;51;51250;1;1.0;1.0;1.0;RN 31;49,3080806;3,7024461;2;31;;;2.0;3;0.0;1.0;4;300;2.0;;;1.0;0.0;1.0;80.0;Marne;44;Grand Est
201900003369;138Â 300Â 188;B01;1.0;1;1.0;1.0;1954.0;0.0;1.0;;;0.0;0;;;1.0;7.0;0.0;2.0;3.0;0.0;1.0;;21;10;2019;13:55;1.0;77;77318;1;2.0;1.0;3.0;RD216 X D20;48,7925670;2,9348700;3;216;0.0;;2.0;2;0.0;1.0;9;655;1.0;;;1.0;0.0;1.0;70.0;Seine-et-Marne;11;Île-de-France
201900003369;138Â 300Â 188;B01;2.0;2;2.0;2.0;1960.0;5.0;1.0;;;0.0;0;;;1.0;7.0;0.0;2.0;3.0;0.0;1.0;;21;10;2019;13:55;1.0;77;77318;1;2.0;1.0;3.0;RD216 X D20;48,7925670;2,9348700;3;216;0.0;;2.0;2;0.0;1.0;9;655;1.0;;;1.0;0.0;1.0;70.0;Seine-et-Marne;11;Île-de-France
201900003369;138Â 300Â 191;A01;1.0;1;1.0;1.0;1961.0;0.0;1.0;;;0.0;0;;;1.0;7.0;0.0;2.0;2.0;19.0;1.0;;21;10;2019;13:55;1.0;77;77318;1;2.0;1.0;3.0;RD216 X D20;48,7925670;2,9348700;3;216;0.0;;2.0;2;0.0;1.0;9;655;1.0;;;1.0;0.0;1.0;70.0;Seine-et-Marne;11;Île-de-France
201900003370;138Â 300Â 186;A01;1.0;1;2.0;1.0;2001.0;2.0;2.0;6.0;;0.0;0;;;2.0;31.0;0.0;2.0;1.0;1.0;1.0;;17;6;2019;07:10;1.0;74;74242;2;2.0;1.0;3.0;Route d'Ãpagny;45,8317101;6,1509828;3;10;0.0;;2.0;2;0.0;1.0;1;300;1.0;;;1.0;5.0;1.0;50.0;Haute-Savoie;84;Auvergne-Rhône-Alpes
201900003370;138Â 300Â 187;B01;1.0;1;1.0;1.0;1982.0;4.0;1.0;;;0.0;0;;;2.0;7.0;0.0;2.0;8.0;1.0;1.0;;17;6;2019;07:10;1.0;74;74242;2;2.0;1.0;3.0;Route d'Ãpagny;45,8317101;6,1509828;3;10;0.0;;2.0;2;0.0;1.0;1;300;1.0;;;1.0;5.0;1.0;50.0;Haute-Savoie;84;Auvergne-Rhône-Alpes
201900003371;138Â 300Â 185;A01;1.0;1;3.0;2.0;1972.0;5.0;2.0;9.0;;0.0;0;;;3.0;1.0;0.0;0.0;9.0;1.0;5.0;;16;8;2019;16:30;1.0;68;68193;1;1.0;1.0;7.0;route du petit ballon;47,9924620;7,1303060;9;;;;2.0;2;0.0;2.0;(1);(1);2.0;;;9.0;0.0;1.0;80.0;Haut-Rhin;44;Grand Est
201900003372;138Â 300Â 181;A01;1.0;1;2.0;1.0;1986.0;5.0;1.0;;;0.0;0;;;2.0;7.0;0.0;2.0;1.0;1.0;0.0;;13;6;2019;18:10;1.0;74;74282;1;1.0;1.0;1.0;Route de Groisy (Ãvires);46,0425252;6,2170459;3;102;0.0;;2.0;2;0.0;1.0;11;800;1.0;;;1.0;0.0;1.0;80.0;Haute-Savoie;84;Auvergne-Rhône-Alpes
201900003372;138Â 300Â 183;B01;1.0;1;3.0;2.0;1992.0;1.0;1.0;;;0.0;0;;;1.0;7.0;0.0;2.0;1.0;1.0;0.0;;13;6;2019;18:10;1.0;74;74282;1;1.0;1.0;1.0;Route de Groisy (Ãvires);46,0425252;6,2170459;3;102;0.0;;2.0;2;0.0;1.0;11;800;1.0;;;1.0;0.0;1.0;80.0;Haute-Savoie;84;Auvergne-Rhône-Alpes