Num_Acc;id_vehicule;num_veh;place;catu;grav;sexe;an_nais;trajet;secu1;secu2;secu3;locp;actp;etatp;id_usager;senc;catv;obs;obsm;choc;manv;motor;occutc;jour;mois;an;hrmn;lum;dep;com;agg;int;atm;col;adr;lat;long;catr;voie;v1;v2;circ;nbv;vosp;prof;pr;pr1;plan;lartpc;larrout;surf;infra;situ;vma;nom_departement;reg;nom_region
201900003373;138Â 300Â 182;A01;1.0;1;1.0;2.0;1945.0;5.0;1.0;;;0.0;0;;;2.0;7.0;0.0;2.0;1.0;15.0;1.0;;17;10;2019;18:25;3.0;34;34027;1;2.0;2.0;3.0;D120;43,7325250;4,0096760;3;120;0.0;;2.0;2;0.0;1.0;(1);(1);1.0;;;2.0;0.0;1.0;70.0;Hérault;76;Occitanie
201900003373;138Â 300Â 184;B01;1.0;1;3.0;1.0;1993.0;1.0;1.0;;;0.0;0;;;1.0;7.0;0.0;2.0;8.0;1.0;1.0;;17;10;2019;18:25;3.0;34;34027;1;2.0;2.0;3.0;D120;43,7325250;4,0096760;3;120;0.0;;2.0;2;0.0;1.0;(1);(1);1.0;;;2.0;0.0;1.0;70.0;Hérault;76;Occitanie
201900003374;138Â 300Â 180;A01;1.0;1;3.0;1.0;1968.0;5.0;8.0;;;0.0;0;;;1.0;33.0;4.0;0.0;2.0;0.0;1.0;;14;8;2019;18:00;1.0;68;68329;1;1.0;1.0;7.0;CD 417 PK 1,4;48,0608490;7,0430470;3;417;;;2.0;2;0.0;2.0;1;400;2.0;;;1.0;0.0;3.0;80.0;Haut-Rhin;44;Grand Est
201900003375;138Â 300Â 176;B01;1.0;1;3.0;1.0;1976.0;1.0;2.0;6.0;;0.0;0;;;3.0;33.0;0.0;2.0;1.0;2.0;1.0;;22;10;2019;16:15;1.0;84;84122;2;1.0;2.0;2.0;Boulevard du Comtat Venaissin;44,0872570;4,9682150;3;950;0.0;D;2.0;2;0.0;1.0;(1);(1);1.0;;;2.0;0.0;1.0;50.0;Vaucluse;93;Provence-Alpes-Côte d'Azur
201900003375;138Â 300Â 178;A01;1.0;1;1.0;1.0;1997.0;1.0;1.0;;;0.0;0;;;3.0;7.0;0.0;0.0;5.0;15.0;1.0;;22;10;2019;16:15;1.0;84;84122;2;1.0;2.0;2.0;Boulevard du Comtat Venaissin;44,0872570;4,9682150;3;950;0.0;D;2.0;2;0.0;1.0;(1);(1);1.0;;;2.0;0.0;1.0;50.0;Vaucluse;93;Provence-Alpes-Côte d'Azur
201900003376;138Â 300Â 174;B01;1.0;1;2.0;1.0;2010.0;5.0;2.0;;;0.0;0;;;3.0;1.0;0.0;2.0;1.0;16.0;5.0;;16;8;2019;16:25;1.0;67;67184;2;1.0;1.0;3.0;rue du stade;48,9012060;7,9779990;4;;;;2.0;2;0.0;1.0;(1);(1);1.0;;;1.0;0.0;1.0;50.0;Bas-Rhin;44;Grand Est
201900003376;138Â 300Â 175;A01;1.0;1;1.0;1.0;1963.0;1.0;1.0;;;0.0;0;;;3.0;7.0;0.0;2.0;2.0;1.0;1.0;;16;8;2019;16:25;1.0;67;67184;2;1.0;1.0;3.0;rue du stade;48,9012060;7,9779990;4;;;;2.0;2;0.0;1.0;(1);(1);1.0;;;1.0;0.0;1.0;50.0;Bas-Rhin;44;Grand Est
201900003377;138Â 300Â 173;A01;1.0;1;3.0;2.0;2001.0;0.0;1.0;;;0.0;0;;;2.0;7.0;13.0;0.0;3.0;1.0;1.0;;3;6;2019;08:57;1.0;77;77311;1;1.0;1.0;6.0;D210;48,4425000;3,0395600;3;210;;;2.0;2;0.0;1.0;26;800;1.0;;;1.0;0.0;3.0;80.0;Seine-et-Marne;11;Île-de-France
201900003378;138Â 300Â 170;A01;1.0;1;1.0;2.0;1999.0;5.0;1.0;;;0.0;0;;;0.0;7.0;0.0;2.0;2.0;13.0;1.0;;11;8;2019;01:30;3.0;67;67339;1;1.0;1.0;1.0;CD 263;48,9164548;7,8803403;3;263;;;2.0;2;0.0;1.0;(1);(1);1.0;;;1.0;0.0;1.0;;Bas-Rhin;44;Grand Est
201900003378;138Â 300Â 172;B01;2.0;2;2.0;2.0;1965.0;5.0;1.0;;;0.0;0;;;0.0;7.0;0.0;1.0;2.0;1.0;1.0;;11;8;2019;01:30;3.0;67;67339;1;1.0;1.0;1.0;CD 263;48,9164548;7,8803403;3;263;;;2.0;2;0.0;1.0;(1);(1);1.0;;;1.0;0.0;1.0;;Bas-Rhin;44;Grand Est
201900003378;138Â 300Â 172;B01;1.0;1;2.0;1.0;1966.0;5.0;1.0;;;0.0;0;;;0.0;7.0;0.0;1.0;2.0;1.0;1.0;;11;8;2019;01:30;3.0;67;67339;1;1.0;1.0;1.0;CD 263;48,9164548;7,8803403;3;263;;;2.0;2;0.0;1.0;(1);(1);1.0;;;1.0;0.0;1.0;;Bas-Rhin;44;Grand Est
201900003379;138Â 300Â 169;B01;1.0;1;3.0;1.0;1942.0;5.0;2.0;;;0.0;0;;;1.0;1.0;0.0;2.0;8.0;1.0;5.0;;31;5;2019;09:50;1.0;78;78300;1;2.0;7.0;3.0;RD 11;48,8895320;1,7223260;3;11;0.0;D;;2;0.0;1.0;30;943;1.0;;;1.0;5.0;1.0;80.0;Yvelines;11;Île-de-France
201900003379;138Â 300Â 171;A01;1.0;1;1.0;2.0;1947.0;0.0;1.0;;;0.0;0;;;2.0;7.0;0.0;0.0;2.0;15.0;1.0;;31;5;2019;09:50;1.0;78;78300;1;2.0;7.0;3.0;RD 11;48,8895320;1,7223260;3;11;0.0;D;;2;0.0;1.0;30;943;1.0;;;1.0;5.0;1.0;80.0;Yvelines;11;Île-de-France
201900003380;138Â 300Â 167;A01;1.0;1;1.0;1.0;1984.0;5.0;1.0;;;0.0;0;;;3.0;7.0;0.0;2.0;5.0;26.0;1.0;;11;8;2019;11:35;1.0;67;67545;2;1.0;1.0;3.0;2 A Rue des Fleurs;48,3106410;7,6141440;4;;0.0;;2.0;2;0.0;1.0;(1);(1);1.0;;;1.0;0.0;1.0;50.0;Bas-Rhin;44;Grand Est
201900003380;138Â 300Â 168;B01;1.0;1;3.0;1.0;1960.0;5.0;0.0;;;0.0;0;;;3.0;2.0;0.0;2.0;1.0;1.0;1.0;;11;8;2019;11:35;1.0;67;67545;2;1.0;1.0;3.0;2 A Rue des Fleurs;48,3106410;7,6141440;4;;0.0;;2.0;2;0.0;1.0;(1);(1);1.0;;;1.0;0.0;1.0;50.0;Bas-Rhin;44;Grand Est
201900003381;138Â 300Â 166;A01;1.0;1;3.0;1.0;1982.0;1.0;1.0;;;0.0;0;;;2.0;7.0;13.0;0.0;1.0;1.0;6.0;;14;6;2019;05:45;1.0;67;67088;1;1.0;1.0;6.0;93 Ferme Klappbach;48,9800280;7,2067920;3;8;;;;2;0.0;2.0;18;600;1.0;;;9.0;0.0;1.0;80.0;Bas-Rhin;44;Grand Est
201900003382;138Â 300Â 165;A01;1.0;1;3.0;1.0;1998.0;1.0;1.0;;;0.0;0;;;1.0;7.0;2.0;0.0;1.0;0.0;1.0;;6;6;2019;06:40;2.0;67;67234;1;1.0;1.0;6.0;rd 92;48,9574540;7,0464860;3;92;0.0;;2.0;2;0.0;1.0;13;500;1.0;;;1.0;0.0;3.0;80.0;Bas-Rhin;44;Grand Est
201900003383;138Â 300Â 164;A01;1.0;1;1.0;1.0;1982.0;5.0;1.0;;;0.0;0;;;0.0;7.0;6.0;0.0;9.0;1.0;1.0;;12;8;2019;22:40;5.0;67;67285;2;1.0;1.0;6.0;1 Quartier de la Gare;48,3990850;7,6217410;3;1083;0.0;D;3.0;4;0.0;1.0;2;700;2.0;;;1.0;0.0;8.0;110.0;Bas-Rhin;44;Grand Est
201900003383;138Â 300Â 164;A01;3.0;2;1.0;2.0;2015.0;5.0;1.0;;;0.0;0;;;0.0;7.0;6.0;0.0;9.0;1.0;1.0;;12;8;2019;22:40;5.0;67;67285;2;1.0;1.0;6.0;1 Quartier de la Gare;48,3990850;7,6217410;3;1083;0.0;D;3.0;4;0.0;1.0;2;700;2.0;;;1.0;0.0;8.0;110.0;Bas-Rhin;44;Grand Est
201900003383;138Â 300Â 164;A01;4.0;2;2.0;1.0;2008.0;5.0;1.0;;;0.0;0;;;0.0;7.0;6.0;0.0;9.0;1.0;1.0;;12;8;2019;22:40;5.0;67;67285;2;1.0;1.0;6.0;1 Quartier de la Gare;48,3990850;7,6217410;3;1083;0.0;D;3.0;4;0.0;1.0;2;700;2.0;;;1.0;0.0;8.0;110.0;Bas-Rhin;44;Grand Est
201900003384;138Â 300Â 161;B01;1.0;1;2.0;2.0;1971.0;1.0;1.0;;;0.0;0;;;2.0;7.0;0.0;2.0;3.0;1.0;1.0;;18;6;2019;05:55;1.0;67;67414;1;1.0;1.0;1.0;RD 130;48,4568220;7,2113190;3;130;;;2.0;2;0.0;2.0;0;800;4.0;;;1.0;0.0;1.0;70.0;Bas-Rhin;44;Grand Est
201900003384;138Â 300Â 163;A01;1.0;1;3.0;1.0;1993.0;1.0;1.0;;;0.0;0;;;1.0;7.0;0.0;2.0;3.0;1.0;1.0;;18;6;2019;05:55;1.0;67;67414;1;1.0;1.0;1.0;RD 130;48,4568220;7,2113190;3;130;;;2.0;2;0.0;2.0;0;800;4.0;;;1.0;0.0;1.0;70.0;Bas-Rhin;44;Grand Est
201900003385;138Â 300Â 162;A01;2.0;2;3.0;2.0;1933.0;3.0;1.0;;;0.0;0;;;2.0;7.0;15.0;0.0;1.0;1.0;1.0;;14;8;2019;14:20;1.0;88;88133;1;1.0;1.0;6.0;140 Villancote;48,2396870;6,5061860;3;66;;;2.0;2;0.0;1.0;0;600;2.0;;;1.0;0.0;3.0;80.0;Vosges;44;Grand Est
201900003385;138Â 300Â 162;A01;1.0;1;1.0;1.0;1931.0;3.0;1.0;;;0.0;0;;;2.0;7.0;15.0;0.0;1.0;1.0;1.0;;14;8;2019;14:20;1.0;88;88133;1;1.0;1.0;6.0;140 Villancote;48,2396870;6,5061860;3;66;;;2.0;2;0.0;1.0;0;600;2.0;;;1.0;0.0;3.0;80.0;Vosges;44;Grand Est
201900003386;138Â 300Â 160;A01;1.0;1;3.0;1.0;1981.0;5.0;2.0;6.0;;0.0;0;;;1.0;33.0;13.0;0.0;1.0;1.0;1.0;;8;6;2019;14:50;1.0;67;67165;1;1.0;1.0;6.0;D993;48,4920160;7,1596200;3;993;;;2.0;2;0.0;2.0;2;900;1.0;;;1.0;0.0;1.0;80.0;Bas-Rhin;44;Grand Est
201900003387;138Â 300Â 159;A01;9.0;2;1.0;1.0;2010.0;3.0;1.0;;;0.0;0;;;1.0;10.0;0.0;0.0;9.0;14.0;1.0;;17;8;2019;15:30;1.0;57;57355;1;1.0;2.0;7.0;lieu dit grand bois;49,0208870;7,1540920;3;33;0.0;;;2;0.0;1.0;(1);(1);1.0;;;2.0;0.0;1.0;80.0;Moselle;44;Grand Est
201900003387;138Â 300Â 159;A01;7.0;2;1.0;2.0;2004.0;3.0;1.0;;;0.0;0;;;1.0;10.0;0.0;0.0;9.0;14.0;1.0;;17;8;2019;15:30;1.0;57;57355;1;1.0;2.0;7.0;lieu dit grand bois;49,0208870;7,1540920;3;33;0.0;;;2;0.0;1.0;(1);(1);1.0;;;2.0;0.0;1.0;80.0;Moselle;44;Grand Est
201900003387;138Â 300Â 159;A01;1.0;1;3.0;2.0;2000.0;3.0;0.0;;;0.0;0;;;1.0;10.0;0.0;0.0;9.0;14.0;1.0;;17;8;2019;15:30;1.0;57;57355;1;1.0;2.0;7.0;lieu dit grand bois;49,0208870;7,1540920;3;33;0.0;;;2;0.0;1.0;(1);(1);1.0;;;2.0;0.0;1.0;80.0;Moselle;44;Grand Est
201900003387;138Â 300Â 159;A01;2.0;2;1.0;2.0;1994.0;3.0;1.0;;;0.0;0;;;1.0;10.0;0.0;0.0;9.0;14.0;1.0;;17;8;2019;15:30;1.0;57;57355;1;1.0;2.0;7.0;lieu dit grand bois;49,0208870;7,1540920;3;33;0.0;;;2;0.0;1.0;(1);(1);1.0;;;2.0;0.0;1.0;80.0;Moselle;44;Grand Est
201900003388;138Â 300Â 157;B01;1.0;1;1.0;1.0;2000.0;5.0;8.0;;;0.0;0;;;2.0;7.0;0.0;2.0;2.0;1.0;1.0;;4;6;2019;23:54;5.0;67;67448;2;1.0;1.0;2.0;101 Grand-rue;48,4782390;7,2181460;3;392;0.0;;2.0;2;0.0;1.0;(1);(1);1.0;;;1.0;0.0;1.0;30.0;Bas-Rhin;44;Grand Est
201900003388;138Â 300Â 158;A01;1.0;1;3.0;1.0;1975.0;1.0;0.0;;;0.0;0;;;2.0;1.0;0.0;2.0;4.0;1.0;5.0;;4;6;2019;23:54;5.0;67;67448;2;1.0;1.0;2.0;101 Grand-rue;48,4782390;7,2181460;3;392;0.0;;2.0;2;0.0;1.0;(1);(1);1.0;;;1.0;0.0;1.0;30.0;Bas-Rhin;44;Grand Est
201900003389;138Â 300Â 156;A01;1.0;1;3.0;1.0;2001.0;5.0;5.0;;;0.0;0;;;1.0;7.0;6.0;0.0;1.0;15.0;1.0;;14;8;2019;01:05;5.0;57;57669;2;1.0;1.0;6.0;6 Rue de Folkling;49,1297400;6,8925350;3;30;0.0;D;2.0;2;0.0;4.0;(1);(1);2.0;;;1.0;0.0;4.0;50.0;Moselle;44;Grand Est
201900003389;138Â 300Â 156;A01;9.0;2;3.0;1.0;2004.0;5.0;0.0;;;0.0;0;;;1.0;7.0;6.0;0.0;1.0;15.0;1.0;;14;8;2019;01:05;5.0;57;57669;2;1.0;1.0;6.0;6 Rue de Folkling;49,1297400;6,8925350;3;30;0.0;D;2.0;2;0.0;4.0;(1);(1);2.0;;;1.0;0.0;4.0;50.0;Moselle;44;Grand Est
201900003389;138Â 300Â 156;A01;7.0;2;3.0;1.0;2004.0;5.0;0.0;;;0.0;0;;;1.0;7.0;6.0;0.0;1.0;15.0;1.0;;14;8;2019;01:05;5.0;57;57669;2;1.0;1.0;6.0;6 Rue de Folkling;49,1297400;6,8925350;3;30;0.0;D;2.0;2;0.0;4.0;(1);(1);2.0;;;1.0;0.0;4.0;50.0;Moselle;44;Grand Est
201900003389;138Â 300Â 156;A01;2.0;2;3.0;1.0;2001.0;5.0;5.0;;;0.0;0;;;1.0;7.0;6.0;0.0;1.0;15.0;1.0;;14;8;2019;01:05;5.0;57;57669;2;1.0;1.0;6.0;6 Rue de Folkling;49,1297400;6,8925350;3;30;0.0;D;2.0;2;0.0;4.0;(1);(1);2.0;;;1.0;0.0;4.0;50.0;Moselle;44;Grand Est
201900003390;138Â 300Â 155;A01;1.0;1;1.0;1.0;1954.0;5.0;1.0;;;0.0;0;;;3.0;3.0;1.0;1.0;1.0;1.0;0.0;;1;6;2019;20:00;2.0;76;76655;2;1.0;1.0;6.0;Rue des remparts;49,8693690;0,7161640;6;;0.0;;;;0.0;1.0;(1);(1);1.0;;;1.0;0.0;1.0;50.0;Seine-Maritime;28;Normandie
201900003390;138Â 300Â 155;A01;10.0;3;3.0;2.0;1963.0;5.0;0.0;;;2.0;A;2.0;;3.0;3.0;1.0;1.0;1.0;1.0;0.0;;1;6;2019;20:00;2.0;76;76655;2;1.0;1.0;6.0;Rue des remparts;49,8693690;0,7161640;6;;0.0;;;;0.0;1.0;(1);(1);1.0;;;1.0;0.0;1.0;50.0;Seine-Maritime;28;Normandie
201900003391;138Â 300Â 153;A01;1.0;1;3.0;1.0;1966.0;5.0;2.0;6.0;;0.0;0;;;1.0;31.0;7.0;0.0;1.0;1.0;1.0;;16;6;2019;11:45;1.0;76;76419;1;2.0;1.0;6.0;RD265;49,3945000;0,8972000;3;265;0.0; -;2.0;2;0.0;1.0;4;250;3.0;;;1.0;0.0;1.0;80.0;Seine-Maritime;28;Normandie
201900003392;138Â 300Â 152;B01;1.0;1;2.0;1.0;1963.0;9.0;8.0;;;0.0;0;;;1.0;15.0;0.0;2.0;1.0;1.0;1.0;;14;8;2019;16:24;1.0;03;03286;1;1.0;1.0;1.0;;46,4947912;3,3611205;2;79;;;2.0;2;0.0;1.0;35;1500;2.0;;;1.0;0.0;1.0;80.0;Allier;84;Auvergne-Rhône-Alpes
201900003392;138Â 300Â 154;A01;2.0;2;3.0;2.0;2013.0;5.0;8.0;;;0.0;0;;;2.0;7.0;0.0;2.0;1.0;9.0;1.0;;14;8;2019;16:24;1.0;03;03286;1;1.0;1.0;1.0;;46,4947912;3,3611205;2;79;;;2.0;2;0.0;1.0;35;1500;2.0;;;1.0;0.0;1.0;80.0;Allier;84;Auvergne-Rhône-Alpes
201900003392;138Â 300Â 154;A01;9.0;2;4.0;2.0;2015.0;5.0;8.0;;;0.0;0;;;2.0;7.0;0.0;2.0;1.0;9.0;1.0;;14;8;2019;16:24;1.0;03;03286;1;1.0;1.0;1.0;;46,4947912;3,3611205;2;79;;;2.0;2;0.0;1.0;35;1500;2.0;;;1.0;0.0;1.0;80.0;Allier;84;Auvergne-Rhône-Alpes
201900003392;138Â 300Â 154;A01;1.0;1;3.0;1.0;1985.0;5.0;8.0;;;0.0;0;;;2.0;7.0;0.0;2.0;1.0;9.0;1.0;;14;8;2019;16:24;1.0;03;03286;1;1.0;1.0;1.0;;46,4947912;3,3611205;2;79;;;2.0;2;0.0;1.0;35;1500;2.0;;;1.0;0.0;1.0;80.0;Allier;84;Auvergne-Rhône-Alpes
201900003393;138Â 300Â 151;A01;1.0;1;1.0;1.0;1985.0;5.0;1.0;;;0.0;0;;;2.0;7.0;0.0;1.0;1.0;1.0;1.0;;13;6;2019;22:50;3.0;76;76263;1;1.0;1.0;6.0;PK 29+200, R.N. 31;49,4635000;1,4734000;2;31;;;2.0;2;0.0;1.0;29;200;2.0;;;1.0;0.0;1.0;80.0;Seine-Maritime;28;Normandie
201900003393;138Â 300Â 151;A01;10.0;3;4.0;1.0;1951.0;5.0;0.0;;;1.0;0;;;2.0;7.0;0.0;1.0;1.0;1.0;1.0;;13;6;2019;22:50;3.0;76;76263;1;1.0;1.0;6.0;PK 29+200, R.N. 31;49,4635000;1,4734000;2;31;;;2.0;2;0.0;1.0;29;200;2.0;;;1.0;0.0;1.0;80.0;Seine-Maritime;28;Normandie
201900003394;138Â 300Â 150;A01;1.0;1;1.0;1.0;1963.0;4.0;1.0;;;0.0;0;;;1.0;7.0;0.0;1.0;1.0;1.0;1.0;;14;8;2019;14:25;1.0;73;73054;2;1.0;1.0;6.0;D1090 avenue du marÃ©chal Leclerc;45,6199310;6,7709390;3;1090;0.0;;2.0;2;2.0;1.0;77;760;1.0;;;1.0;0.0;1.0;50.0;Savoie;84;Auvergne-Rhône-Alpes
201900003394;138Â 300Â 150;A01;10.0;3;3.0;2.0;1948.0;3.0;0.0;;;3.0;3;1.0;;1.0;7.0;0.0;1.0;1.0;1.0;1.0;;14;8;2019;14:25;1.0;73;73054;2;1.0;1.0;6.0;D1090 avenue du marÃ©chal Leclerc;45,6199310;6,7709390;3;1090;0.0;;2.0;2;2.0;1.0;77;760;1.0;;;1.0;0.0;1.0;50.0;Savoie;84;Auvergne-Rhône-Alpes
201900003395;138Â 300Â 145;A01;1.0;1;3.0;1.0;1988.0;9.0;2.0;6.0;;0.0;0;;;1.0;33.0;0.0;2.0;1.0;1.0;1.0;;18;6;2019;21:20;1.0;76;76248;1;1.0;1.0;1.0;route de roquemont;49,5937260;1,3334690;3;57;;;2.0;2;0.0;1.0;22;600;1.0;;;1.0;0.0;1.0;80.0;Seine-Maritime;28;Normandie
201900003395;138Â 300Â 146;B01;1.0;1;1.0;1.0;1992.0;9.0;1.0;;;0.0;0;;;2.0;7.0;0.0;2.0;3.0;13.0;1.0;;18;6;2019;21:20;1.0;76;76248;1;1.0;1.0;1.0;route de roquemont;49,5937260;1,3334690;3;57;;;2.0;2;0.0;1.0;22;600;1.0;;;1.0;0.0;1.0;80.0;Seine-Maritime;28;Normandie
201900003396;138Â 300Â 142;A01;1.0;1;3.0;1.0;1985.0;1.0;2.0;6.0;;0.0;0;;;1.0;34.0;0.0;2.0;1.0;17.0;0.0;;19;6;2019;17:45;1.0;76;76555;1;2.0;2.0;3.0;route de neufchatel;49,5455210;1,2331860;3;928;0.0;;2.0;2;0.0;1.0;16;800;1.0;;;2.0;0.0;1.0;80.0;Seine-Maritime;28;Normandie
201900003396;138Â 300Â 144;B01;1.0;1;1.0;1.0;1972.0;1.0;1.0;;;0.0;0;;;1.0;7.0;0.0;2.0;8.0;15.0;1.0;;19;6;2019;17:45;1.0;76;76555;1;2.0;2.0;3.0;route de neufchatel;49,5455210;1,2331860;3;928;0.0;;2.0;2;0.0;1.0;16;800;1.0;;;2.0;0.0;1.0;80.0;Seine-Maritime;28;Normandie
201900003397;138Â 300Â 141;B01;2.0;2;1.0;2.0;1975.0;5.0;1.0;;;0.0;0;;;2.0;7.0;0.0;2.0;3.0;1.0;1.0;;16;8;2019;15:00;1.0;73;73211;1;1.0;1.0;1.0;D925 Route d'ALBERTVILLE - LIEU DIT LES ROENGERS;45,7007598;6,4286115;3;925;;;2.0;2;0.0;1.0;42;750;4.0;;;1.0;0.0;1.0;80.0;Savoie;84;Auvergne-Rhône-Alpes
201900003397;138Â 300Â 141;B01;1.0;1;2.0;1.0;1966.0;5.0;1.0;;;0.0;0;;;2.0;7.0;0.0;2.0;3.0;1.0;1.0;;16;8;2019;15:00;1.0;73;73211;1;1.0;1.0;1.0;D925 Route d'ALBERTVILLE - LIEU DIT LES ROENGERS;45,7007598;6,4286115;3;925;;;2.0;2;0.0;1.0;42;750;4.0;;;1.0;0.0;1.0;80.0;Savoie;84;Auvergne-Rhône-Alpes
201900003397;138Â 300Â 143;A01;1.0;1;3.0;2.0;1996.0;5.0;2.0;6.0;;0.0;0;;;1.0;33.0;0.0;2.0;1.0;13.0;1.0;;16;8;2019;15:00;1.0;73;73211;1;1.0;1.0;1.0;D925 Route d'ALBERTVILLE - LIEU DIT LES ROENGERS;45,7007598;6,4286115;3;925;;;2.0;2;0.0;1.0;42;750;4.0;;;1.0;0.0;1.0;80.0;Savoie;84;Auvergne-Rhône-Alpes
201900003398;138Â 300Â 138;B01;1.0;1;2.0;2.0;1980.0;1.0;1.0;;;0.0;0;;;2.0;7.0;0.0;0.0;1.0;1.0;1.0;;12;6;2019;18:09;1.0;76;76271;1;1.0;1.0;1.0;route du Bolhard;49,5813030;1,1683090;3;151;0.0;;2.0;2;0.0;2.0;10;570;3.0;;;1.0;0.0;1.0;80.0;Seine-Maritime;28;Normandie
201900003398;138Â 300Â 140;A01;1.0;1;4.0;1.0;1969.0;9.0;2.0;6.0;;0.0;0;;;1.0;33.0;0.0;2.0;1.0;13.0;1.0;;12;6;2019;18:09;1.0;76;76271;1;1.0;1.0;1.0;route du Bolhard;49,5813030;1,1683090;3;151;0.0;;2.0;2;0.0;2.0;10;570;3.0;;;1.0;0.0;1.0;80.0;Seine-Maritime;28;Normandie
201900003399;138Â 300Â 137;A01;1.0;1;1.0;2.0;1968.0;0.0;1.0;;;0.0;0;;;3.0;7.0;0.0;2.0;1.0;26.0;1.0;;13;8;2019;15:20;1.0;73;73150;2;4.0;1.0;3.0;Route de Pierrolaz (La CÃ´te-d'Aime);45,5659803;6,6662855;4;;0.0;;2.0;2;0.0;2.0;(1);(1);1.0;;;1.0;0.0;1.0;50.0;Savoie;84;Auvergne-Rhône-Alpes
201900003399;138Â 300Â 139;B01;1.0;1;3.0;1.0;2003.0;5.0;2.0;;;0.0;0;;;3.0;2.0;0.0;2.0;8.0;13.0;1.0;;13;8;2019;15:20;1.0;73;73150;2;4.0;1.0;3.0;Route de Pierrolaz (La CÃ´te-d'Aime);45,5659803;6,6662855;4;;0.0;;2.0;2;0.0;2.0;(1);(1);1.0;;;1.0;0.0;1.0;50.0;Savoie;84;Auvergne-Rhône-Alpes
201900003399;138Â 300Â 139;B01;2.0;2;3.0;1.0;2004.0;5.0;2.0;;;0.0;0;;;3.0;2.0;0.0;2.0;8.0;13.0;1.0;;13;8;2019;15:20;1.0;73;73150;2;4.0;1.0;3.0;Route de Pierrolaz (La CÃ´te-d'Aime);45,5659803;6,6662855;4;;0.0;;2.0;2;0.0;2.0;(1);(1);1.0;;;1.0;0.0;1.0;50.0;Savoie;84;Auvergne-Rhône-Alpes
201900003400;138Â 300Â 133;B01;9.0;2;3.0;1.0;1998.0;5.0;1.0;;;0.0;0;;;2.0;7.0;0.0;2.0;1.0;1.0;1.0;;4;6;2019;18:30;1.0;76;76517;1;2.0;8.0;5.0;route de dieppe;49,5218610;1,1415080;3;151;;;2.0;2;0.0;1.0;2;711;1.0;;;2.0;0.0;1.0;80.0;Seine-Maritime;28;Normandie
201900003400;138Â 300Â 133;B01;1.0;1;1.0;1.0;1998.0;5.0;1.0;;;0.0;0;;;2.0;7.0;0.0;2.0;1.0;1.0;1.0;;4;6;2019;18:30;1.0;76;76517;1;2.0;8.0;5.0;route de dieppe;49,5218610;1,1415080;3;151;;;2.0;2;0.0;1.0;2;711;1.0;;;2.0;0.0;1.0;80.0;Seine-Maritime;28;Normandie
201900003400;138Â 300Â 133;B01;2.0;2;2.0;2.0;1997.0;5.0;1.0;;;0.0;0;;;2.0;7.0;0.0;2.0;1.0;1.0;1.0;;4;6;2019;18:30;1.0;76;76517;1;2.0;8.0;5.0;route de dieppe;49,5218610;1,1415080;3;151;;;2.0;2;0.0;1.0;2;711;1.0;;;2.0;0.0;1.0;80.0;Seine-Maritime;28;Normandie
201900003400;138Â 300Â 135;A01;1.0;1;2.0;2.0;1953.0;0.0;1.0;;;0.0;0;;;1.0;7.0;0.0;2.0;1.0;15.0;1.0;;4;6;2019;18:30;1.0;76;76517;1;2.0;8.0;5.0;route de dieppe;49,5218610;1,1415080;3;151;;;2.0;2;0.0;1.0;2;711;1.0;;;2.0;0.0;1.0;80.0;Seine-Maritime;28;Normandie
201900003400;138Â 300Â 136;C01;1.0;1;1.0;2.0;1974.0;0.0;1.0;;;0.0;0;;;1.0;7.0;0.0;2.0;3.0;23.0;1.0;;4;6;2019;18:30;1.0;76;76517;1;2.0;8.0;5.0;route de dieppe;49,5218610;1,1415080;3;151;;;2.0;2;0.0;1.0;2;711;1.0;;;2.0;0.0;1.0;80.0;Seine-Maritime;28;Normandie
201900003401;138Â 300Â 134;A01;2.0;2;2.0;2.0;1964.0;5.0;2.0;6.0;9.0;0.0;0;;;2.0;33.0;13.0;0.0;8.0;16.0;1.0;;15;8;2019;17:00;1.0;26;26163;1;3.0;1.0;7.0;route du col de la bataille;44,9215520;5,2026860;3;199;;;2.0;2;0.0;2.0;2;685;4.0;;;9.0;0.0;1.0;80.0;Drôme;84;Auvergne-Rhône-Alpes
201900003401;138Â 300Â 134;A01;1.0;1;1.0;1.0;1961.0;5.0;2.0;6.0;9.0;0.0;0;;;2.0;33.0;13.0;0.0;8.0;16.0;1.0;;15;8;2019;17:00;1.0;26;26163;1;3.0;1.0;7.0;route du col de la bataille;44,9215520;5,2026860;3;199;;;2.0;2;0.0;2.0;2;685;4.0;;;9.0;0.0;1.0;80.0;Drôme;84;Auvergne-Rhône-Alpes
201900003402;138Â 300Â 131;A01;1.0;1;4.0;1.0;1977.0;5.0;1.0;;;0.0;0;;;1.0;7.0;16.0;0.0;0.0;13.0;1.0;;15;8;2019;22:17;3.0;01;01060;1;1.0;1.0;7.0;Le Pontet;46,0484910;5,6032490;3;21;;;2.0;2;0.0;1.0;(1);(1);1.0;;;1.0;0.0;8.0;80.0;Ain;84;Auvergne-Rhône-Alpes