Num_Acc;id_vehicule;num_veh;place;catu;grav;sexe;an_nais;trajet;secu1;secu2;secu3;locp;actp;etatp;id_usager;senc;catv;obs;obsm;choc;manv;motor;occutc;jour;mois;an;hrmn;lum;dep;com;agg;int;atm;col;adr;lat;long;catr;voie;v1;v2;circ;nbv;vosp;prof;pr;pr1;plan;lartpc;larrout;surf;infra;situ;vma;nom_departement;reg;nom_region
201900003403;138Â 300Â 130;B01;1.0;1;3.0;2.0;1969.0;5.0;1.0;;;0.0;0;;;1.0;99.0;0.0;0.0;4.0;13.0;3.0;;14;6;2019;18:00;1.0;79;79202;2;1.0;1.0;2.0;8 avenue victor hugo;46,6477770; -0,2407600;3;949;0.0;;2.0;2;0.0;1.0;(1);(1);1.0;;70.0;1.0;0.0;1.0;50.0;Deux-Sèvres;75;Nouvelle-Aquitaine
201900003403;138Â 300Â 132;A01;1.0;1;1.0;1.0;1958.0;5.0;1.0;;;0.0;0;;;1.0;7.0;0.0;9.0;2.0;17.0;1.0;;14;6;2019;18:00;1.0;79;79202;2;1.0;1.0;2.0;8 avenue victor hugo;46,6477770; -0,2407600;3;949;0.0;;2.0;2;0.0;1.0;(1);(1);1.0;;70.0;1.0;0.0;1.0;50.0;Deux-Sèvres;75;Nouvelle-Aquitaine
201900003404;138Â 300Â 128;A01;7.0;2;1.0;1.0;2001.0;5.0;1.0;;;0.0;0;;;3.0;7.0;2.0;0.0;2.0;1.0;1.0;;3;6;2019;19:45;1.0;79;79250;1;1.0;1.0;6.0;Route de St Varent;46,9002820; -0,2674220;4;Route de St Varent;;;2.0;2;0.0;1.0;(1);(1);1.0;;;1.0;0.0;3.0;80.0;Deux-Sèvres;75;Nouvelle-Aquitaine
201900003404;138Â 300Â 128;A01;1.0;1;3.0;1.0;1999.0;5.0;1.0;;;0.0;0;;;3.0;7.0;2.0;0.0;2.0;1.0;1.0;;3;6;2019;19:45;1.0;79;79250;1;1.0;1.0;6.0;Route de St Varent;46,9002820; -0,2674220;4;Route de St Varent;;;2.0;2;0.0;1.0;(1);(1);1.0;;;1.0;0.0;3.0;80.0;Deux-Sèvres;75;Nouvelle-Aquitaine
201900003404;138Â 300Â 128;A01;2.0;2;1.0;1.0;2001.0;5.0;1.0;;;0.0;0;;;3.0;7.0;2.0;0.0;2.0;1.0;1.0;;3;6;2019;19:45;1.0;79;79250;1;1.0;1.0;6.0;Route de St Varent;46,9002820; -0,2674220;4;Route de St Varent;;;2.0;2;0.0;1.0;(1);(1);1.0;;;1.0;0.0;3.0;80.0;Deux-Sèvres;75;Nouvelle-Aquitaine
201900003405;138Â 300Â 127;A01;1.0;1;4.0;1.0;1955.0;5.0;1.0;;;0.0;0;;;1.0;7.0;3.0;0.0;1.0;2.0;1.0;;7;6;2019;16:25;1.0;79;79079;1;1.0;6.0;6.0;N249;46,9703290; -0,8038060;2;249;0.0;N;3.0;4;0.0;1.0;75;800;1.0;35.0;140.0;3.0;0.0;3.0;110.0;Deux-Sèvres;75;Nouvelle-Aquitaine
201900003406;138Â 300Â 126;A01;1.0;1;3.0;1.0;1999.0;5.0;2.0;6.0;;0.0;0;;;3.0;33.0;12.0;0.0;2.0;1.0;1.0;;2;6;2019;14:20;1.0;79;79079;1;1.0;1.0;6.0;Rue Louis Bordier;46,9842670; -0,8461250;4;Rue Louis Bordier;;;2.0;2;0.0;1.0;(1);(1);1.0;;58.0;1.0;0.0;1.0;80.0;Deux-Sèvres;75;Nouvelle-Aquitaine
201900003407;138Â 300Â 125;A01;1.0;1;1.0;1.0;1991.0;1.0;1.0;;;0.0;0;;;2.0;7.0;7.0;0.0;1.0;1.0;1.0;;4;5;2019;07:00;1.0;2A;2A362;2;1.0;1.0;7.0;RT 10 STE LUCIE DE PORTO VECCHIO;41,6995129;9,3470713;2;10;;;2.0;2;0.0;1.0;39;0;1.0;;;1.0;0.0;3.0;50.0;Corse-du-Sud;94;Corse
201900003407;138Â 300Â 125;A01;2.0;2;3.0;1.0;1970.0;1.0;1.0;;;0.0;0;;;2.0;7.0;7.0;0.0;1.0;1.0;1.0;;4;5;2019;07:00;1.0;2A;2A362;2;1.0;1.0;7.0;RT 10 STE LUCIE DE PORTO VECCHIO;41,6995129;9,3470713;2;10;;;2.0;2;0.0;1.0;39;0;1.0;;;1.0;0.0;3.0;50.0;Corse-du-Sud;94;Corse
201900003408;138Â 300Â 123;A01;1.0;1;1.0;2.0;1975.0;5.0;1.0;;;0.0;0;;;2.0;7.0;0.0;2.0;3.0;15.0;1.0;;13;6;2019;19:35;1.0;2B;2B123;2;3.0;7.0;3.0;route de la mer;42,0164135;9,4045955;3;144;2.0;D;2.0;2;0.0;1.0;(1);(1);1.0;;;1.0;0.0;1.0;50.0;Haute-Corse;94;Corse
201900003408;138Â 300Â 124;B01;1.0;1;3.0;1.0;1971.0;5.0;2.0;;;0.0;0;;;2.0;33.0;0.0;2.0;1.0;0.0;1.0;;13;6;2019;19:35;1.0;2B;2B123;2;3.0;7.0;3.0;route de la mer;42,0164135;9,4045955;3;144;2.0;D;2.0;2;0.0;1.0;(1);(1);1.0;;;1.0;0.0;1.0;50.0;Haute-Corse;94;Corse
201900003409;138Â 300Â 121;B01;1.0;1;1.0;1.0;1958.0;5.0;2.0;;;0.0;0;;;1.0;33.0;0.0;2.0;0.0;0.0;1.0;;15;6;2019;14:25;1.0;2B;2B315;2;1.0;1.0;1.0;RT20;42,2482950;9,1765470;2;20;;;2.0;2;0.0;1.0;74;200;1.0;;;1.0;0.0;1.0;50.0;Haute-Corse;94;Corse
201900003409;138Â 300Â 121;B01;2.0;2;2.0;2.0;1957.0;5.0;2.0;;;0.0;0;;;1.0;33.0;0.0;2.0;0.0;0.0;1.0;;15;6;2019;14:25;1.0;2B;2B315;2;1.0;1.0;1.0;RT20;42,2482950;9,1765470;2;20;;;2.0;2;0.0;1.0;74;200;1.0;;;1.0;0.0;1.0;50.0;Haute-Corse;94;Corse
201900003409;138Â 300Â 122;A01;1.0;1;2.0;1.0;2004.0;5.0;2.0;;;0.0;0;;;2.0;2.0;0.0;2.0;0.0;0.0;1.0;;15;6;2019;14:25;1.0;2B;2B315;2;1.0;1.0;1.0;RT20;42,2482950;9,1765470;2;20;;;2.0;2;0.0;1.0;74;200;1.0;;;1.0;0.0;1.0;50.0;Haute-Corse;94;Corse
201900003409;138Â 300Â 122;A01;2.0;2;2.0;1.0;2003.0;5.0;2.0;;;0.0;0;;;2.0;2.0;0.0;2.0;0.0;0.0;1.0;;15;6;2019;14:25;1.0;2B;2B315;2;1.0;1.0;1.0;RT20;42,2482950;9,1765470;2;20;;;2.0;2;0.0;1.0;74;200;1.0;;;1.0;0.0;1.0;50.0;Haute-Corse;94;Corse
201900003410;138Â 300Â 119;B01;1.0;1;3.0;1.0;1983.0;4.0;2.0;;;0.0;0;;;1.0;1.0;0.0;2.0;1.0;13.0;5.0;;6;6;2019;11:25;1.0;2B;2B096;2;1.0;1.0;3.0;RT 50;42,3047450;9,1574920;2;50;;;2.0;2;0.0;2.0;0;150;3.0;;;1.0;1.0;1.0;50.0;Haute-Corse;94;Corse
201900003410;138Â 300Â 120;A01;1.0;1;1.0;1.0;1986.0;4.0;1.0;;;0.0;0;;;2.0;14.0;0.0;2.0;6.0;1.0;1.0;;6;6;2019;11:25;1.0;2B;2B096;2;1.0;1.0;3.0;RT 50;42,3047450;9,1574920;2;50;;;2.0;2;0.0;2.0;0;150;3.0;;;1.0;1.0;1.0;50.0;Haute-Corse;94;Corse
201900003411;138Â 300Â 117;A01;1.0;1;2.0;1.0;1994.0;5.0;2.0;;;0.0;0;;;1.0;31.0;0.0;2.0;2.0;13.0;3.0;;15;6;2019;19:15;1.0;2B;2B150;1;1.0;1.0;3.0;rt 30;42,5996340;8,8398480;2;30;;;2.0;2;0.0;1.0;(1);(1);1.0;;;1.0;0.0;1.0;70.0;Haute-Corse;94;Corse
201900003411;138Â 300Â 118;B01;1.0;1;1.0;2.0;1987.0;1.0;1.0;;;0.0;0;;;1.0;7.0;0.0;2.0;3.0;15.0;1.0;;15;6;2019;19:15;1.0;2B;2B150;1;1.0;1.0;3.0;rt 30;42,5996340;8,8398480;2;30;;;2.0;2;0.0;1.0;(1);(1);1.0;;;1.0;0.0;1.0;70.0;Haute-Corse;94;Corse
201900003412;138Â 300Â 115;B01;1.0;1;2.0;1.0;2002.0;1.0;2.0;6.0;;0.0;0;;;1.0;2.0;5.0;2.0;4.0;15.0;1.0;;3;6;2019;08:45;1.0;2B;2B049;1;1.0;1.0;2.0;Route de Calenzana;42,5296420;8,8343710;3;151;;;2.0;2;0.0;1.0;32;300;1.0;;;1.0;0.0;1.0;80.0;Haute-Corse;94;Corse
201900003412;138Â 300Â 116;A01;1.0;1;1.0;1.0;1984.0;0.0;1.0;;;0.0;0;;;1.0;7.0;0.0;2.0;1.0;1.0;1.0;;3;6;2019;08:45;1.0;2B;2B049;1;1.0;1.0;2.0;Route de Calenzana;42,5296420;8,8343710;3;151;;;2.0;2;0.0;1.0;32;300;1.0;;;1.0;0.0;1.0;80.0;Haute-Corse;94;Corse
201900003413;138Â 300Â 129;A01;1.0;1;3.0;1.0;1979.0;5.0;2.0;6.0;9.0;0.0;0;;;1.0;33.0;3.0;0.0;0.0;1.0;1.0;;29;7;2019;17:40;1.0;69;69093;1;1.0;1.0;6.0;CD504 les brosses 69870;46,0479330;4,4590800;3;504;0.0;;2.0;2;0.0;2.0;28;900;4.0;;;1.0;9.0;1.0;80.0;Rhône;84;Auvergne-Rhône-Alpes
201900003414;138Â 300Â 113;B01;1.0;1;2.0;2.0;1941.0;3.0;8.0;;;0.0;0;;;2.0;7.0;0.0;2.0;3.0;1.0;1.0;;17;6;2019;16:35;1.0;2B;2B246;1;1.0;1.0;1.0;RD 205;42,4343130;9,3760390;3;205;;;2.0;2;0.0;2.0;4;300;2.0;;;1.0;0.0;1.0;80.0;Haute-Corse;94;Corse
201900003414;138Â 300Â 114;A01;1.0;1;2.0;1.0;1988.0;3.0;1.0;;;0.0;0;;;1.0;7.0;0.0;2.0;3.0;13.0;1.0;;17;6;2019;16:35;1.0;2B;2B246;1;1.0;1.0;1.0;RD 205;42,4343130;9,3760390;3;205;;;2.0;2;0.0;2.0;4;300;2.0;;;1.0;0.0;1.0;80.0;Haute-Corse;94;Corse
201900003415;138Â 300Â 112;A01;1.0;1;3.0;1.0;1962.0;5.0;2.0;6.0;;0.0;0;;;0.0;33.0;15.0;0.0;1.0;17.0;1.0;;16;8;2019;17:00;1.0;69;69243;1;1.0;1.0;6.0;route de valsonne;45,9028600;4,4318400;3;56;0.0;D;2.0;2;0.0;2.0;0;0;2.0;;;1.0;0.0;1.0;80.0;Rhône;84;Auvergne-Rhône-Alpes
201900003416;138Â 300Â 108;A01;1.0;1;2.0;2.0;1998.0;5.0;1.0;;;0.0;0;;;2.0;7.0;4.0;2.0;3.0;11.0;1.0;;16;8;2019;18:15;1.0;69;69227;1;1.0;1.0;1.0;RD 311 PK 19;45,6633800;4,5792720;3;311;0.0;;2.0;3;2.0;2.0;19;(1);2.0;;;1.0;0.0;1.0;80.0;Rhône;84;Auvergne-Rhône-Alpes
201900003416;138Â 300Â 109;B01;1.0;1;3.0;1.0;1976.0;4.0;1.0;;;0.0;0;;;1.0;7.0;0.0;2.0;3.0;17.0;1.0;;16;8;2019;18:15;1.0;69;69227;1;1.0;1.0;1.0;RD 311 PK 19;45,6633800;4,5792720;3;311;0.0;;2.0;3;2.0;2.0;19;(1);2.0;;;1.0;0.0;1.0;80.0;Rhône;84;Auvergne-Rhône-Alpes
201900003417;138Â 300Â 107;C01;1.0;1;1.0;1.0;1953.0;5.0;1.0;;;0.0;0;;;1.0;7.0;0.0;2.0;1.0;1.0;1.0;;16;6;2019;18:30;1.0;2B;2B319;1;4.0;1.0;5.0;RT 10;42,4259030;9,5272520;2;10;0.0;R;2.0;2;0.0;1.0;133;950;3.0;;;1.0;0.0;1.0;80.0;Haute-Corse;94;Corse
201900003417;138Â 300Â 107;C01;2.0;2;1.0;2.0;1951.0;5.0;1.0;;;0.0;0;;;1.0;7.0;0.0;2.0;1.0;1.0;1.0;;16;6;2019;18:30;1.0;2B;2B319;1;4.0;1.0;5.0;RT 10;42,4259030;9,5272520;2;10;0.0;R;2.0;2;0.0;1.0;133;950;3.0;;;1.0;0.0;1.0;80.0;Haute-Corse;94;Corse
201900003417;138Â 300Â 110;B01;1.0;1;2.0;1.0;1977.0;5.0;1.0;;;0.0;0;;;2.0;7.0;0.0;2.0;1.0;21.0;1.0;;16;6;2019;18:30;1.0;2B;2B319;1;4.0;1.0;5.0;RT 10;42,4259030;9,5272520;2;10;0.0;R;2.0;2;0.0;1.0;133;950;3.0;;;1.0;0.0;1.0;80.0;Haute-Corse;94;Corse
201900003417;138Â 300Â 111;A01;1.0;1;1.0;2.0;1966.0;5.0;1.0;;;0.0;0;;;2.0;7.0;0.0;0.0;6.0;1.0;1.0;;16;6;2019;18:30;1.0;2B;2B319;1;4.0;1.0;5.0;RT 10;42,4259030;9,5272520;2;10;0.0;R;2.0;2;0.0;1.0;133;950;3.0;;;1.0;0.0;1.0;80.0;Haute-Corse;94;Corse
201900003417;138Â 300Â 111;A01;2.0;2;1.0;1.0;1958.0;5.0;1.0;;;0.0;0;;;2.0;7.0;0.0;0.0;6.0;1.0;1.0;;16;6;2019;18:30;1.0;2B;2B319;1;4.0;1.0;5.0;RT 10;42,4259030;9,5272520;2;10;0.0;R;2.0;2;0.0;1.0;133;950;3.0;;;1.0;0.0;1.0;80.0;Haute-Corse;94;Corse
201900003418;138Â 300Â 105;A01;1.0;1;4.0;1.0;1994.0;1.0;0.0;;;0.0;0;;;3.0;7.0;2.0;9.0;7.0;0.0;1.0;;15;6;2019;02:30;3.0;2B;2B077;1;1.0;1.0;6.0;Route d'Anghione;42,4739560;9,5116300;3;106;0.0;D;2.0;2;0.0;2.0;0;0;3.0;;;1.0;0.0;3.0;80.0;Haute-Corse;94;Corse
201900003419;138Â 300Â 104;A01;1.0;1;3.0;1.0;1992.0;5.0;2.0;;;0.0;0;;;1.0;33.0;12.0;0.0;1.0;0.0;1.0;;7;6;2019;02:30;5.0;2B;2B207;2;6.0;1.0;6.0;Folelli;42,4445590;9,5080040;2;10;;;2.0;2;0.0;1.0;(1);(1);1.0;;;1.0;0.0;1.0;50.0;Haute-Corse;94;Corse
201900003420;138Â 300Â 103;A01;1.0;1;2.0;2.0;1997.0;9.0;1.0;;;0.0;0;;;1.0;7.0;2.0;0.0;1.0;0.0;0.0;;16;8;2019;00:15;3.0;81;81105;1;1.0;1.0;6.0;Avenue de Gaillac;43,7735790;1,9994000;3;964;0.0;;2.0;2;0.0;2.0;45;120;3.0;;;1.0;0.0;1.0;80.0;Tarn;76;Occitanie
201900003421;138Â 300Â 101;B01;4.0;2;3.0;2.0;2013.0;5.0;0.0;;;0.0;0;;;1.0;7.0;0.0;2.0;1.0;17.0;1.0;;4;6;2019;17:20;1.0;2B;2B319;1;3.0;1.0;3.0;RT 10 lieu dt miloni  - vallÃ©e longhe;42,4203750;9,5287110;2;10;;;2.0;2;0.0;2.0;133;4;1.0;;;1.0;0.0;1.0;70.0;Haute-Corse;94;Corse
201900003421;138Â 300Â 101;B01;2.0;2;3.0;2.0;1981.0;5.0;1.0;;;0.0;0;;;1.0;7.0;0.0;2.0;1.0;17.0;1.0;;4;6;2019;17:20;1.0;2B;2B319;1;3.0;1.0;3.0;RT 10 lieu dt miloni  - vallÃ©e longhe;42,4203750;9,5287110;2;10;;;2.0;2;0.0;2.0;133;4;1.0;;;1.0;0.0;1.0;70.0;Haute-Corse;94;Corse
201900003421;138Â 300Â 101;B01;1.0;1;3.0;1.0;1948.0;5.0;1.0;;;0.0;0;;;1.0;7.0;0.0;2.0;1.0;17.0;1.0;;4;6;2019;17:20;1.0;2B;2B319;1;3.0;1.0;3.0;RT 10 lieu dt miloni  - vallÃ©e longhe;42,4203750;9,5287110;2;10;;;2.0;2;0.0;2.0;133;4;1.0;;;1.0;0.0;1.0;70.0;Haute-Corse;94;Corse
201900003421;138Â 300Â 102;A01;1.0;1;2.0;1.0;1985.0;1.0;1.0;;;0.0;0;;;1.0;7.0;0.0;2.0;8.0;15.0;1.0;;4;6;2019;17:20;1.0;2B;2B319;1;3.0;1.0;3.0;RT 10 lieu dt miloni  - vallÃ©e longhe;42,4203750;9,5287110;2;10;;;2.0;2;0.0;2.0;133;4;1.0;;;1.0;0.0;1.0;70.0;Haute-Corse;94;Corse
201900003422;138Â 300Â 099;B01;1.0;1;1.0;2.0;1975.0;4.0;1.0;;;0.0;0;;;1.0;7.0;0.0;2.0;5.0;15.0;1.0;;14;8;2019;05:25;3.0;17;17360;1;3.0;1.0;3.0;RD 201;46,1595210; -1,3352430;3;201;0.0;D;2.0;2;0.0;1.0;6;200;1.0;;;1.0;5.0;1.0;70.0;Charente-Maritime;75;Nouvelle-Aquitaine
201900003422;138Â 300Â 100;A01;1.0;1;3.0;1.0;2001.0;1.0;2.0;6.0;;0.0;0;;;2.0;2.0;0.0;2.0;1.0;1.0;1.0;;14;8;2019;05:25;3.0;17;17360;1;3.0;1.0;3.0;RD 201;46,1595210; -1,3352430;3;201;0.0;D;2.0;2;0.0;1.0;6;200;1.0;;;1.0;5.0;1.0;70.0;Charente-Maritime;75;Nouvelle-Aquitaine
201900003423;138Â 300Â 097;B01;10.0;3;2.0;1.0;1974.0;3.0;0.0;;;1.0;9;1.0;;0.0;7.0;0.0;0.0;2.0;24.0;0.0;;15;6;2019;11:25;1.0;80;80274;2;1.0;1.0;1.0;48 rue Jean MOULN;49,7383860;3,0663300;3;186;0.0;D;2.0;2;0.0;1.0;2;400;1.0;;;1.0;0.0;1.0;50.0;Somme;32;Hauts-de-France
201900003423;138Â 300Â 098;A01;1.0;1;1.0;1.0;1949.0;5.0;1.0;;;0.0;0;;;2.0;7.0;1.0;1.0;2.0;1.0;0.0;;15;6;2019;11:25;1.0;80;80274;2;1.0;1.0;1.0;48 rue Jean MOULN;49,7383860;3,0663300;3;186;0.0;D;2.0;2;0.0;1.0;2;400;1.0;;;1.0;0.0;1.0;50.0;Somme;32;Hauts-de-France
201900003424;138Â 300Â 094;B01;1.0;1;3.0;1.0;1958.0;9.0;1.0;;;0.0;0;;;2.0;7.0;0.0;2.0;1.0;1.0;1.0;;17;6;2019;19:25;2.0;80;80177;1;1.0;7.0;1.0;D44;49,8959160;3,0217200;3;44;;D;2.0;2;0.0;1.0;6;500;1.0;;;1.0;0.0;1.0;80.0;Somme;32;Hauts-de-France
201900003424;138Â 300Â 096;A01;1.0;1;3.0;2.0;1963.0;0.0;1.0;;;0.0;0;;;1.0;7.0;0.0;2.0;1.0;5.0;1.0;;17;6;2019;19:25;2.0;80;80177;1;1.0;7.0;1.0;D44;49,8959160;3,0217200;3;44;;D;2.0;2;0.0;1.0;6;500;1.0;;;1.0;0.0;1.0;80.0;Somme;32;Hauts-de-France
201900003425;138Â 300Â 093;B01;1.0;1;3.0;2.0;1974.0;5.0;1.0;;;0.0;0;;;1.0;7.0;0.0;2.0;3.0;1.0;1.0;;13;8;2019;15:00;1.0;40;40278;1;1.0;1.0;3.0;3173 Route de Sainte-Eulalie;44,2467380; -1,1690430;3;652;0.0;D;2.0;2;0.0;1.0;45;200;3.0;;;1.0;0.0;1.0;80.0;Landes;75;Nouvelle-Aquitaine
201900003425;138Â 300Â 095;A01;1.0;1;1.0;2.0;1972.0;5.0;1.0;;;0.0;0;;;2.0;10.0;0.0;2.0;3.0;13.0;1.0;;13;8;2019;15:00;1.0;40;40278;1;1.0;1.0;3.0;3173 Route de Sainte-Eulalie;44,2467380; -1,1690430;3;652;0.0;D;2.0;2;0.0;1.0;45;200;3.0;;;1.0;0.0;1.0;80.0;Landes;75;Nouvelle-Aquitaine
201900003425;138Â 300Â 095;A01;2.0;2;2.0;2.0;1946.0;5.0;1.0;;;0.0;0;;;2.0;10.0;0.0;2.0;3.0;13.0;1.0;;13;8;2019;15:00;1.0;40;40278;1;1.0;1.0;3.0;3173 Route de Sainte-Eulalie;44,2467380; -1,1690430;3;652;0.0;D;2.0;2;0.0;1.0;45;200;3.0;;;1.0;0.0;1.0;80.0;Landes;75;Nouvelle-Aquitaine
201900003426;138Â 300Â 092;A01;1.0;1;1.0;1.0;1972.0;5.0;1.0;;;0.0;0;;;1.0;7.0;8.0;0.0;4.0;17.0;1.0;;4;6;2019;20:00;1.0;80;80802;2;1.0;1.0;6.0;59 Rue d'Ãpehy;49,9848610;3,1230780;3;24;;D;2.0;2;0.0;4.0;8;0;1.0;;;2.0;0.0;3.0;50.0;Somme;32;Hauts-de-France
201900003426;138Â 300Â 092;A01;2.0;2;2.0;2.0;1974.0;5.0;1.0;;;0.0;0;;;1.0;7.0;8.0;0.0;4.0;17.0;1.0;;4;6;2019;20:00;1.0;80;80802;2;1.0;1.0;6.0;59 Rue d'Ãpehy;49,9848610;3,1230780;3;24;;D;2.0;2;0.0;4.0;8;0;1.0;;;2.0;0.0;3.0;50.0;Somme;32;Hauts-de-France
201900003427;138Â 300Â 090;B01;1.0;1;2.0;1.0;1963.0;3.0;1.0;;;0.0;0;;;2.0;7.0;0.0;0.0;5.0;16.0;1.0;;11;8;2019;09:35;1.0;33;33501;1;1.0;1.0;3.0;D111;44,6260500; -0,6120500;3;111;;;2.0;2;0.0;1.0;19;985;1.0;;;1.0;0.0;1.0;80.0;Gironde;75;Nouvelle-Aquitaine
201900003427;138Â 300Â 090;B01;2.0;2;3.0;1.0;1987.0;3.0;1.0;;;0.0;0;;;2.0;7.0;0.0;0.0;5.0;16.0;1.0;;11;8;2019;09:35;1.0;33;33501;1;1.0;1.0;3.0;D111;44,6260500; -0,6120500;3;111;;;2.0;2;0.0;1.0;19;985;1.0;;;1.0;0.0;1.0;80.0;Gironde;75;Nouvelle-Aquitaine
201900003427;138Â 300Â 091;A01;1.0;1;1.0;1.0;1946.0;5.0;1.0;;;0.0;0;;;2.0;7.0;0.0;2.0;3.0;1.0;1.0;;11;8;2019;09:35;1.0;33;33501;1;1.0;1.0;3.0;D111;44,6260500; -0,6120500;3;111;;;2.0;2;0.0;1.0;19;985;1.0;;;1.0;0.0;1.0;80.0;Gironde;75;Nouvelle-Aquitaine
201900003428;138Â 300Â 089;A01;1.0;1;2.0;1.0;1995.0;5.0;2.0;6.0;;0.0;0;;;2.0;33.0;7.0;0.0;0.0;1.0;1.0;;8;6;2019;03:45;3.0;80;80494;1;1.0;6.0;6.0;CD 134;49,7329850;2,3942200;3;134;;;2.0;2;0.0;2.0;9;900;2.0;;;1.0;0.0;3.0;80.0;Somme;32;Hauts-de-France
201900003428;138Â 300Â 089;A01;2.0;2;3.0;1.0;1994.0;5.0;2.0;6.0;;0.0;0;;;2.0;33.0;7.0;0.0;0.0;1.0;1.0;;8;6;2019;03:45;3.0;80;80494;1;1.0;6.0;6.0;CD 134;49,7329850;2,3942200;3;134;;;2.0;2;0.0;2.0;9;900;2.0;;;1.0;0.0;3.0;80.0;Somme;32;Hauts-de-France
201900003429;138Â 300Â 085;B01;1.0;1;3.0;2.0;1952.0;5.0;1.0;;;0.0;0;;;1.0;7.0;0.0;2.0;3.0;1.0;1.0;;15;8;2019;18:30;1.0;33;33019;2;3.0;1.0;1.0;D5E5 Rte de bordeaux;44,6954600; -0,9809450;3;5E5;;E;2.0;2;0.0;1.0;8;394;1.0;;;1.0;5.0;1.0;50.0;Gironde;75;Nouvelle-Aquitaine
201900003429;138Â 300Â 087;A01;2.0;2;1.0;1.0;1996.0;5.0;1.0;;;0.0;0;;;2.0;7.0;0.0;2.0;1.0;15.0;1.0;;15;8;2019;18:30;1.0;33;33019;2;3.0;1.0;1.0;D5E5 Rte de bordeaux;44,6954600; -0,9809450;3;5E5;;E;2.0;2;0.0;1.0;8;394;1.0;;;1.0;5.0;1.0;50.0;Gironde;75;Nouvelle-Aquitaine
201900003429;138Â 300Â 087;A01;1.0;1;2.0;2.0;1999.0;5.0;1.0;;;0.0;0;;;2.0;7.0;0.0;2.0;1.0;15.0;1.0;;15;8;2019;18:30;1.0;33;33019;2;3.0;1.0;1.0;D5E5 Rte de bordeaux;44,6954600; -0,9809450;3;5E5;;E;2.0;2;0.0;1.0;8;394;1.0;;;1.0;5.0;1.0;50.0;Gironde;75;Nouvelle-Aquitaine
201900003430;138Â 300Â 083;A01;1.0;1;1.0;1.0;1978.0;5.0;1.0;;;0.0;0;;;1.0;7.0;0.0;2.0;3.0;13.0;1.0;;13;8;2019;22:45;3.0;85;85302;1;1.0;1.0;1.0;Le Landreau;46,9715800; -0,9690500;3;160;0.0;;2.0;2;0.0;1.0;4;500;1.0;;;1.0;0.0;1.0;80.0;Vendée;52;Pays de la Loire
201900003430;138Â 300Â 084;B01;7.0;2;1.0;1.0;2011.0;5.0;1.0;;;0.0;0;;;2.0;7.0;0.0;2.0;1.0;1.0;1.0;;13;8;2019;22:45;3.0;85;85302;1;1.0;1.0;1.0;Le Landreau;46,9715800; -0,9690500;3;160;0.0;;2.0;2;0.0;1.0;4;500;1.0;;;1.0;0.0;1.0;80.0;Vendée;52;Pays de la Loire
201900003430;138Â 300Â 084;B01;9.0;2;1.0;2.0;2005.0;5.0;1.0;;;0.0;0;;;2.0;7.0;0.0;2.0;1.0;1.0;1.0;;13;8;2019;22:45;3.0;85;85302;1;1.0;1.0;1.0;Le Landreau;46,9715800; -0,9690500;3;160;0.0;;2.0;2;0.0;1.0;4;500;1.0;;;1.0;0.0;1.0;80.0;Vendée;52;Pays de la Loire
201900003430;138Â 300Â 084;B01;8.0;2;1.0;1.0;2007.0;5.0;1.0;;;0.0;0;;;2.0;7.0;0.0;2.0;1.0;1.0;1.0;;13;8;2019;22:45;3.0;85;85302;1;1.0;1.0;1.0;Le Landreau;46,9715800; -0,9690500;3;160;0.0;;2.0;2;0.0;1.0;4;500;1.0;;;1.0;0.0;1.0;80.0;Vendée;52;Pays de la Loire
201900003430;138Â 300Â 084;B01;2.0;2;3.0;2.0;1980.0;5.0;1.0;;;0.0;0;;;2.0;7.0;0.0;2.0;1.0;1.0;1.0;;13;8;2019;22:45;3.0;85;85302;1;1.0;1.0;1.0;Le Landreau;46,9715800; -0,9690500;3;160;0.0;;2.0;2;0.0;1.0;4;500;1.0;;;1.0;0.0;1.0;80.0;Vendée;52;Pays de la Loire
201900003430;138Â 300Â 084;B01;1.0;1;3.0;1.0;1978.0;5.0;1.0;;;0.0;0;;;2.0;7.0;0.0;2.0;1.0;1.0;1.0;;13;8;2019;22:45;3.0;85;85302;1;1.0;1.0;1.0;Le Landreau;46,9715800; -0,9690500;3;160;0.0;;2.0;2;0.0;1.0;4;500;1.0;;;1.0;0.0;1.0;80.0;Vendée;52;Pays de la Loire
201900003431;138Â 300Â 081;A01;1.0;1;2.0;1.0;2002.0;5.0;2.0;;;0.0;0;;;3.0;2.0;0.0;0.0;0.0;1.0;1.0;;1;6;2019;22:45;3.0;80;80148;2;1.0;1.0;6.0;37 rue du petit selve;50,0243430;1,5653420;4;;;;2.0;1;0.0;1.0;(1);(1);1.0;;;1.0;0.0;1.0;50.0;Somme;32;Hauts-de-France
201900003432;138Â 300Â 080;A01;1.0;1;2.0;1.0;2000.0;5.0;1.0;;;0.0;0;;;1.0;7.0;0.0;2.0;2.0;1.0;1.0;;7;7;2019;18:00;1.0;72;72025;1;1.0;1.0;3.0;Le ChÃªne Vert (CrÃ©-sur-Loir);47,6731660; -0,1281030;3;37;0.0;D;2.0;2;0.0;1.0;(1);(1);1.0;;;1.0;0.0;1.0;80.0;Sarthe;52;Pays de la Loire
201900003432;138Â 300Â 082;B01;4.0;2;2.0;2.0;2014.0;5.0;1.0;;;0.0;0;;;1.0;7.0;0.0;2.0;1.0;1.0;1.0;;7;7;2019;18:00;1.0;72;72025;1;1.0;1.0;3.0;Le ChÃªne Vert (CrÃ©-sur-Loir);47,6731660; -0,1281030;3;37;0.0;D;2.0;2;0.0;1.0;(1);(1);1.0;;;1.0;0.0;1.0;80.0;Sarthe;52;Pays de la Loire