Num_Acc;id_vehicule;num_veh;place;catu;grav;sexe;an_nais;trajet;secu1;secu2;secu3;locp;actp;etatp;id_usager;senc;catv;obs;obsm;choc;manv;motor;occutc;jour;mois;an;hrmn;lum;dep;com;agg;int;atm;col;adr;lat;long;catr;voie;v1;v2;circ;nbv;vosp;prof;pr;pr1;plan;lartpc;larrout;surf;infra;situ;vma;nom_departement;reg;nom_region
201900003432;138Â 300Â 082;B01;1.0;1;2.0;2.0;1994.0;5.0;1.0;;;0.0;0;;;1.0;7.0;0.0;2.0;1.0;1.0;1.0;;7;7;2019;18:00;1.0;72;72025;1;1.0;1.0;3.0;Le ChÃªne Vert (CrÃ©-sur-Loir);47,6731660; -0,1281030;3;37;0.0;D;2.0;2;0.0;1.0;(1);(1);1.0;;;1.0;0.0;1.0;80.0;Sarthe;52;Pays de la Loire
201900003432;138Â 300Â 082;B01;3.0;2;2.0;1.0;2018.0;5.0;1.0;;;0.0;0;;;1.0;7.0;0.0;2.0;1.0;1.0;1.0;;7;7;2019;18:00;1.0;72;72025;1;1.0;1.0;3.0;Le ChÃªne Vert (CrÃ©-sur-Loir);47,6731660; -0,1281030;3;37;0.0;D;2.0;2;0.0;1.0;(1);(1);1.0;;;1.0;0.0;1.0;80.0;Sarthe;52;Pays de la Loire
201900003433;138Â 300Â 078;B01;1.0;1;3.0;1.0;1948.0;5.0;2.0;6.0;;0.0;0;;;2.0;33.0;0.0;2.0;8.0;1.0;1.0;;17;6;2019;17:40;1.0;80;80656;2;2.0;1.0;3.0;Rue de la Chapelle;49,8258450;2,0858530;3;38;;;2.0;2;0.0;1.0;11;585;1.0;;;1.0;0.0;1.0;50.0;Somme;32;Hauts-de-France
201900003433;138Â 300Â 079;A01;2.0;2;1.0;1.0;1989.0;5.0;8.0;;;0.0;0;;;0.0;7.0;0.0;2.0;2.0;15.0;1.0;;17;6;2019;17:40;1.0;80;80656;2;2.0;1.0;3.0;Rue de la Chapelle;49,8258450;2,0858530;3;38;;;2.0;2;0.0;1.0;11;585;1.0;;;1.0;0.0;1.0;50.0;Somme;32;Hauts-de-France
201900003433;138Â 300Â 079;A01;1.0;1;1.0;1.0;1954.0;5.0;8.0;;;0.0;0;;;0.0;7.0;0.0;2.0;2.0;15.0;1.0;;17;6;2019;17:40;1.0;80;80656;2;2.0;1.0;3.0;Rue de la Chapelle;49,8258450;2,0858530;3;38;;;2.0;2;0.0;1.0;11;585;1.0;;;1.0;0.0;1.0;50.0;Somme;32;Hauts-de-France
201900003434;138Â 300Â 077;A01;1.0;1;1.0;1.0;2000.0;5.0;1.0;;;0.0;0;;;2.0;7.0;15.0;0.0;1.0;16.0;1.0;;15;8;2019;08:30;1.0;49;49301;1;3.0;1.0;7.0;L'Orvoire (TilliÃ¨res);47,1603980; -1,1657120;3;224;;;2.0;2;0.0;1.0;1;200;1.0;;;1.0;0.0;8.0;80.0;Maine-et-Loire;52;Pays de la Loire
201900003434;138Â 300Â 077;A01;4.0;2;1.0;1.0;1999.0;5.0;1.0;;;0.0;0;;;2.0;7.0;15.0;0.0;1.0;16.0;1.0;;15;8;2019;08:30;1.0;49;49301;1;3.0;1.0;7.0;L'Orvoire (TilliÃ¨res);47,1603980; -1,1657120;3;224;;;2.0;2;0.0;1.0;1;200;1.0;;;1.0;0.0;8.0;80.0;Maine-et-Loire;52;Pays de la Loire
201900003434;138Â 300Â 077;A01;2.0;2;3.0;1.0;1999.0;5.0;1.0;;;0.0;0;;;2.0;7.0;15.0;0.0;1.0;16.0;1.0;;15;8;2019;08:30;1.0;49;49301;1;3.0;1.0;7.0;L'Orvoire (TilliÃ¨res);47,1603980; -1,1657120;3;224;;;2.0;2;0.0;1.0;1;200;1.0;;;1.0;0.0;8.0;80.0;Maine-et-Loire;52;Pays de la Loire
201900003434;138Â 300Â 077;A01;5.0;2;2.0;2.0;2000.0;5.0;0.0;;;0.0;0;;;2.0;7.0;15.0;0.0;1.0;16.0;1.0;;15;8;2019;08:30;1.0;49;49301;1;3.0;1.0;7.0;L'Orvoire (TilliÃ¨res);47,1603980; -1,1657120;3;224;;;2.0;2;0.0;1.0;1;200;1.0;;;1.0;0.0;8.0;80.0;Maine-et-Loire;52;Pays de la Loire
201900003435;138Â 300Â 074;A01;1.0;1;3.0;1.0;1984.0;1.0;1.0;;;0.0;0;;;1.0;7.0;0.0;2.0;1.0;1.0;1.0;;14;6;2019;08:45;1.0;82;82001;1;1.0;1.0;1.0;Route de Nivelle;44,0402300;1,2771890;3;72 bis;2.0;;2.0;2;0.0;1.0;10;40;1.0;;;1.0;0.0;1.0;80.0;Tarn-et-Garonne;76;Occitanie
201900003435;138Â 300Â 076;B01;1.0;1;2.0;2.0;1996.0;1.0;1.0;;;0.0;0;;;2.0;7.0;0.0;2.0;1.0;1.0;1.0;;14;6;2019;08:45;1.0;82;82001;1;1.0;1.0;1.0;Route de Nivelle;44,0402300;1,2771890;3;72 bis;2.0;;2.0;2;0.0;1.0;10;40;1.0;;;1.0;0.0;1.0;80.0;Tarn-et-Garonne;76;Occitanie
201900003436;138Â 300Â 071;B01;1.0;1;1.0;1.0;1947.0;5.0;1.0;;;0.0;0;;;3.0;7.0;0.0;2.0;8.0;19.0;1.0;;4;5;2019;11:20;1.0;82;82161;1;2.0;1.0;3.0;cd 115- che de pradelles;44,0462500;1,4484790;3;115;;;2.0;2;0.0;1.0;40;710;1.0;;;1.0;0.0;1.0;80.0;Tarn-et-Garonne;76;Occitanie
201900003436;138Â 300Â 072;A01;1.0;1;3.0;1.0;1985.0;5.0;2.0;6.0;;0.0;0;;;1.0;33.0;0.0;2.0;1.0;1.0;1.0;;4;5;2019;11:20;1.0;82;82161;1;2.0;1.0;3.0;cd 115- che de pradelles;44,0462500;1,4484790;3;115;;;2.0;2;0.0;1.0;40;710;1.0;;;1.0;0.0;1.0;80.0;Tarn-et-Garonne;76;Occitanie
201900003437;138Â 300Â 073;A01;1.0;1;1.0;1.0;1997.0;1.0;1.0;;;0.0;0;;;0.0;7.0;0.0;2.0;7.0;17.0;1.0;;7;8;2019;10:15;1.0;44;44047;2;1.0;1.0;3.0;88 Rue Alexandre Olivier;47,2199920; -1,7246690;7;26;0.0;;2.0;2;0.0;2.0;(1);(1);1.0;;;1.0;0.0;1.0;50.0;Loire-Atlantique;52;Pays de la Loire
201900003437;138Â 300Â 075;B01;1.0;1;3.0;1.0;1955.0;5.0;2.0;;;0.0;0;;;0.0;1.0;0.0;0.0;8.0;1.0;5.0;;7;8;2019;10:15;1.0;44;44047;2;1.0;1.0;3.0;88 Rue Alexandre Olivier;47,2199920; -1,7246690;7;26;0.0;;2.0;2;0.0;2.0;(1);(1);1.0;;;1.0;0.0;1.0;50.0;Loire-Atlantique;52;Pays de la Loire
201900003438;138Â 300Â 067;B01;2.0;2;2.0;2.0;1996.0;1.0;1.0;;;0.0;0;;;1.0;7.0;14.0;2.0;3.0;21.0;1.0;;14;8;2019;05:50;3.0;14;14554;1;1.0;1.0;2.0;N 158 PK 031.400;49,0883290; -0,3057940;2;158;0.0;;3.0;4;0.0;1.0;31;400;1.0;;;1.0;0.0;1.0;110.0;Calvados;28;Normandie
201900003438;138Â 300Â 067;B01;1.0;1;2.0;1.0;1997.0;1.0;1.0;;;0.0;0;;;1.0;7.0;14.0;2.0;3.0;21.0;1.0;;14;8;2019;05:50;3.0;14;14554;1;1.0;1.0;2.0;N 158 PK 031.400;49,0883290; -0,3057940;2;158;0.0;;3.0;4;0.0;1.0;31;400;1.0;;;1.0;0.0;1.0;110.0;Calvados;28;Normandie
201900003438;138Â 300Â 069;A01;1.0;1;3.0;1.0;1999.0;1.0;1.0;;;0.0;0;;;1.0;7.0;13.0;0.0;1.0;23.0;1.0;;14;8;2019;05:50;3.0;14;14554;1;1.0;1.0;2.0;N 158 PK 031.400;49,0883290; -0,3057940;2;158;0.0;;3.0;4;0.0;1.0;31;400;1.0;;;1.0;0.0;1.0;110.0;Calvados;28;Normandie
201900003439;138Â 300Â 066;A01;1.0;1;3.0;1.0;1977.0;5.0;2.0;6.0;;0.0;0;;;1.0;36.0;3.0;0.0;1.0;1.0;1.0;;7;6;2019;17:35;1.0;82;82149;1;1.0;1.0;6.0;D820;44,1413830;1,5134790;3;820;0.0;D;2.0;3;0.0;1.0;20;800;1.0;;;1.0;0.0;2.0;90.0;Tarn-et-Garonne;76;Occitanie
201900003439;138Â 300Â 066;A01;2.0;2;4.0;1.0;2008.0;5.0;2.0;6.0;;0.0;0;;;1.0;36.0;3.0;0.0;1.0;1.0;1.0;;7;6;2019;17:35;1.0;82;82149;1;1.0;1.0;6.0;D820;44,1413830;1,5134790;3;820;0.0;D;2.0;3;0.0;1.0;20;800;1.0;;;1.0;0.0;2.0;90.0;Tarn-et-Garonne;76;Occitanie
201900003440;138Â 300Â 064;A01;2.0;2;2.0;1.0;1996.0;5.0;1.0;;;0.0;0;;;3.0;7.0;0.0;2.0;1.0;19.0;1.0;;15;8;2019;05:35;3.0;22;22154;1;3.0;2.0;3.0;RD786;48,5132190; -2,6028478;3;786;;;2.0;2;0.0;3.0;16;1000;1.0;;;2.0;0.0;1.0;80.0;Côtes-d'Armor;53;Bretagne
201900003440;138Â 300Â 064;A01;1.0;1;2.0;2.0;1998.0;5.0;1.0;;;0.0;0;;;3.0;7.0;0.0;2.0;1.0;19.0;1.0;;15;8;2019;05:35;3.0;22;22154;1;3.0;2.0;3.0;RD786;48,5132190; -2,6028478;3;786;;;2.0;2;0.0;3.0;16;1000;1.0;;;2.0;0.0;1.0;80.0;Côtes-d'Armor;53;Bretagne
201900003440;138Â 300Â 065;B01;1.0;1;2.0;1.0;1974.0;4.0;1.0;;;0.0;0;;;2.0;10.0;0.0;0.0;2.0;1.0;1.0;;15;8;2019;05:35;3.0;22;22154;1;3.0;2.0;3.0;RD786;48,5132190; -2,6028478;3;786;;;2.0;2;0.0;3.0;16;1000;1.0;;;2.0;0.0;1.0;80.0;Côtes-d'Armor;53;Bretagne
201900003441;138Â 300Â 063;A01;1.0;1;2.0;1.0;2001.0;2.0;1.0;;;0.0;0;;;2.0;7.0;6.0;0.0;2.0;1.0;1.0;;6;6;2019;08:15;1.0;82;82090;1;1.0;1.0;6.0;285 Chemin de Pech de Cos;44,0927480;1,4034430;4;;;;2.0;2;0.0;2.0;(1);(1);2.0;;;1.0;0.0;3.0;50.0;Tarn-et-Garonne;76;Occitanie
201900003442;138Â 300Â 062;A01;1.0;1;2.0;1.0;1998.0;1.0;2.0;6.0;9.0;0.0;0;;;2.0;33.0;0.0;0.0;7.0;16.0;1.0;;14;8;2019;15:00;1.0;22;22136;2;6.0;2.0;7.0;Boulevard de Penthievre;48,1909710; -2,7558560;3;700;0.0;;2.0;2;0.0;1.0;8;0;2.0;;;2.0;5.0;1.0;50.0;Côtes-d'Armor;53;Bretagne
201900003443;138Â 300Â 061;A01;1.0;1;3.0;1.0;1961.0;5.0;2.0;6.0;;0.0;0;;;1.0;33.0;8.0;0.0;0.0;20.0;1.0;;5;6;2019;17:00;1.0;41;41185;1;1.0;3.0;7.0;Aire de repos de Romorantin, PK 176+100;47,3377870;1,6661280;1;85;;;1.0;1;0.0;2.0;176;100;4.0;;;2.0;9.0;8.0;50.0;Loir-et-Cher;24;Centre-Val de Loire
201900003443;138Â 300Â 061;A01;2.0;2;3.0;2.0;1953.0;5.0;2.0;6.0;;0.0;0;;;1.0;33.0;8.0;0.0;0.0;20.0;1.0;;5;6;2019;17:00;1.0;41;41185;1;1.0;3.0;7.0;Aire de repos de Romorantin, PK 176+100;47,3377870;1,6661280;1;85;;;1.0;1;0.0;2.0;176;100;4.0;;;2.0;9.0;8.0;50.0;Loir-et-Cher;24;Centre-Val de Loire
201900003444;138Â 300Â 058;A01;1.0;1;1.0;1.0;1951.0;5.0;1.0;;;0.0;0;;;1.0;7.0;0.0;2.0;3.0;1.0;1.0;;2;6;2019;19:00;1.0;65;65031;1;9.0;3.0;1.0;D919;42,8952170;0,3553830;3;919;0.0;;2.0;2;0.0;2.0;0;20;3.0;;;2.0;0.0;1.0;80.0;Hautes-Pyrénées;76;Occitanie
201900003444;138Â 300Â 059;B01;2.0;2;3.0;1.0;1994.0;5.0;2.0;6.0;;0.0;0;;;2.0;33.0;0.0;2.0;8.0;13.0;1.0;;2;6;2019;19:00;1.0;65;65031;1;9.0;3.0;1.0;D919;42,8952170;0,3553830;3;919;0.0;;2.0;2;0.0;2.0;0;20;3.0;;;2.0;0.0;1.0;80.0;Hautes-Pyrénées;76;Occitanie
201900003444;138Â 300Â 059;B01;1.0;1;1.0;1.0;1994.0;5.0;2.0;6.0;;0.0;0;;;2.0;33.0;0.0;2.0;8.0;13.0;1.0;;2;6;2019;19:00;1.0;65;65031;1;9.0;3.0;1.0;D919;42,8952170;0,3553830;3;919;0.0;;2.0;2;0.0;2.0;0;20;3.0;;;2.0;0.0;1.0;80.0;Hautes-Pyrénées;76;Occitanie
201900003445;138Â 300Â 057;A01;1.0;1;3.0;1.0;1968.0;5.0;2.0;6.0;;0.0;0;;;1.0;33.0;13.0;0.0;0.0;1.0;1.0;;1;6;2019;13:40;1.0;65;65257;2;1.0;1.0;7.0;N2021;43,1614067; -0,0148219;2;2021;0.0;;1.0;1;0.0;2.0;32;400;2.0;;;1.0;0.0;3.0;80.0;Hautes-Pyrénées;76;Occitanie
201900003446;138Â 300Â 055;B01;1.0;1;3.0;1.0;1966.0;1.0;8.0;;;0.0;0;;;1.0;7.0;0.0;2.0;1.0;1.0;1.0;;7;6;2019;20:10;1.0;33;33301;1;1.0;1.0;1.0;Le Sabley;44,7876500; -0,1704500;3;128;0.0;X;2.0;2;0.0;2.0;34;450;1.0;;;1.0;0.0;1.0;80.0;Gironde;75;Nouvelle-Aquitaine
201900003446;138Â 300Â 056;A01;1.0;1;3.0;1.0;2000.0;5.0;8.0;;;0.0;0;;;2.0;7.0;0.0;2.0;1.0;13.0;1.0;;7;6;2019;20:10;1.0;33;33301;1;1.0;1.0;1.0;Le Sabley;44,7876500; -0,1704500;3;128;0.0;X;2.0;2;0.0;2.0;34;450;1.0;;;1.0;0.0;1.0;80.0;Gironde;75;Nouvelle-Aquitaine
201900003447;138Â 300Â 054;A01;10.0;3;3.0;2.0;2003.0;3.0;0.0;;;3.0;3;2.0;;1.0;7.0;0.0;1.0;2.0;1.0;1.0;;14;6;2019;19:45;1.0;33;33095;2;1.0;1.0;6.0;35 Route de Bazas - piÃ©tonne traverse des nÂ° impairs vers pairs;44,2931000; -0,2610700;2;524;;;2.0;2;0.0;1.0;31;795;1.0;;;1.0;0.0;1.0;50.0;Gironde;75;Nouvelle-Aquitaine
201900003447;138Â 300Â 054;A01;1.0;1;1.0;1.0;1996.0;5.0;1.0;;;0.0;0;;;1.0;7.0;0.0;1.0;2.0;1.0;1.0;;14;6;2019;19:45;1.0;33;33095;2;1.0;1.0;6.0;35 Route de Bazas - piÃ©tonne traverse des nÂ° impairs vers pairs;44,2931000; -0,2610700;2;524;;;2.0;2;0.0;1.0;31;795;1.0;;;1.0;0.0;1.0;50.0;Gironde;75;Nouvelle-Aquitaine
201900003448;138Â 300Â 050;C01;2.0;2;1.0;2.0;1970.0;5.0;2.0;6.0;9.0;0.0;0;;;1.0;33.0;0.0;2.0;1.0;1.0;0.0;;2;6;2019;12:10;1.0;33;33236;1;3.0;1.0;5.0;RD106 / route forestiÃ¨re du Truc Vert;44,6865300; -1,2462000;3;106;;;2.0;2;0.0;1.0;62;162;1.0;;;1.0;0.0;1.0;70.0;Gironde;75;Nouvelle-Aquitaine
201900003448;138Â 300Â 050;C01;1.0;1;1.0;1.0;1968.0;5.0;2.0;6.0;9.0;0.0;0;;;1.0;33.0;0.0;2.0;1.0;1.0;0.0;;2;6;2019;12:10;1.0;33;33236;1;3.0;1.0;5.0;RD106 / route forestiÃ¨re du Truc Vert;44,6865300; -1,2462000;3;106;;;2.0;2;0.0;1.0;62;162;1.0;;;1.0;0.0;1.0;70.0;Gironde;75;Nouvelle-Aquitaine
201900003448;138Â 300Â 051;B01;1.0;1;3.0;1.0;1960.0;5.0;2.0;6.0;9.0;0.0;0;;;1.0;33.0;0.0;2.0;1.0;1.0;0.0;;2;6;2019;12:10;1.0;33;33236;1;3.0;1.0;5.0;RD106 / route forestiÃ¨re du Truc Vert;44,6865300; -1,2462000;3;106;;;2.0;2;0.0;1.0;62;162;1.0;;;1.0;0.0;1.0;70.0;Gironde;75;Nouvelle-Aquitaine
201900003448;138Â 300Â 051;B01;2.0;2;3.0;2.0;1971.0;5.0;2.0;6.0;9.0;0.0;0;;;1.0;33.0;0.0;2.0;1.0;1.0;0.0;;2;6;2019;12:10;1.0;33;33236;1;3.0;1.0;5.0;RD106 / route forestiÃ¨re du Truc Vert;44,6865300; -1,2462000;3;106;;;2.0;2;0.0;1.0;62;162;1.0;;;1.0;0.0;1.0;70.0;Gironde;75;Nouvelle-Aquitaine
201900003448;138Â 300Â 052;A01;1.0;1;2.0;2.0;1960.0;1.0;1.0;;;0.0;0;;;2.0;7.0;0.0;2.0;2.0;15.0;0.0;;2;6;2019;12:10;1.0;33;33236;1;3.0;1.0;5.0;RD106 / route forestiÃ¨re du Truc Vert;44,6865300; -1,2462000;3;106;;;2.0;2;0.0;1.0;62;162;1.0;;;1.0;0.0;1.0;70.0;Gironde;75;Nouvelle-Aquitaine
201900003449;138Â 300Â 048;A01;1.0;1;3.0;1.0;2001.0;5.0;2.0;6.0;;0.0;0;;;2.0;2.0;0.0;2.0;1.0;13.0;1.0;;24;5;2019;18:15;1.0;69;69066;2;1.0;1.0;1.0;Route de THIZY;46,0956097;4,3164182;3;8;;D;2.0;2;0.0;2.0;26;500;3.0;;;1.0;0.0;1.0;50.0;Rhône;84;Auvergne-Rhône-Alpes
201900003449;138Â 300Â 049;B01;1.0;1;1.0;1.0;1964.0;5.0;1.0;;;0.0;0;;;1.0;7.0;0.0;2.0;3.0;1.0;1.0;;24;5;2019;18:15;1.0;69;69066;2;1.0;1.0;1.0;Route de THIZY;46,0956097;4,3164182;3;8;;D;2.0;2;0.0;2.0;26;500;3.0;;;1.0;0.0;1.0;50.0;Rhône;84;Auvergne-Rhône-Alpes
201900003449;138Â 300Â 049;B01;2.0;2;1.0;1.0;2007.0;5.0;1.0;;;0.0;0;;;1.0;7.0;0.0;2.0;3.0;1.0;1.0;;24;5;2019;18:15;1.0;69;69066;2;1.0;1.0;1.0;Route de THIZY;46,0956097;4,3164182;3;8;;D;2.0;2;0.0;2.0;26;500;3.0;;;1.0;0.0;1.0;50.0;Rhône;84;Auvergne-Rhône-Alpes
201900003450;138Â 300Â 046;A01;1.0;1;3.0;1.0;2002.0;5.0;2.0;;;0.0;0;;;3.0;2.0;0.0;2.0;1.0;1.0;1.0;;13;6;2019;12:15;1.0;81;81120;2;1.0;7.0;1.0;la lande basse;43,5385330;2,2523530;4;;;;2.0;2;0.0;2.0;(1);(1);2.0;;;1.0;0.0;1.0;50.0;Tarn;76;Occitanie
201900003450;138Â 300Â 047;B01;1.0;1;1.0;1.0;1963.0;1.0;1.0;;;0.0;0;;;3.0;7.0;0.0;2.0;3.0;1.0;1.0;;13;6;2019;12:15;1.0;81;81120;2;1.0;7.0;1.0;la lande basse;43,5385330;2,2523530;4;;;;2.0;2;0.0;2.0;(1);(1);2.0;;;1.0;0.0;1.0;50.0;Tarn;76;Occitanie
201900003451;138Â 300Â 043;B01;1.0;1;4.0;1.0;2002.0;1.0;2.0;6.0;;0.0;0;;;1.0;2.0;0.0;2.0;8.0;19.0;1.0;;27;3;2019;18:15;1.0;14;14431;1;2.0;1.0;3.0;Les Quatre Routes (le mesnil mauger);49,0775850; -0,0083920;3;16;;;2.0;2;0.0;1.0;6;600;1.0;;;1.0;5.0;1.0;80.0;Calvados;28;Normandie
201900003451;138Â 300Â 044;A01;1.0;1;1.0;1.0;1974.0;4.0;1.0;;;0.0;0;;;2.0;15.0;0.0;2.0;2.0;1.0;1.0;;27;3;2019;18:15;1.0;14;14431;1;2.0;1.0;3.0;Les Quatre Routes (le mesnil mauger);49,0775850; -0,0083920;3;16;;;2.0;2;0.0;1.0;6;600;1.0;;;1.0;5.0;1.0;80.0;Calvados;28;Normandie
201900003452;138Â 300Â 041;A01;1.0;1;2.0;1.0;1975.0;1.0;2.0;6.0;;0.0;0;;;2.0;33.0;0.0;2.0;1.0;12.0;1.0;;27;3;2019;18:15;1.0;64;64138;1;1.0;1.0;2.0;D938;43,2477426; -0,2754099;3;938;;;2.0;2;0.0;1.0;12;0;1.0;;;1.0;0.0;1.0;80.0;Pyrénées-Atlantiques;75;Nouvelle-Aquitaine
201900003452;138Â 300Â 042;B01;1.0;1;1.0;2.0;1936.0;1.0;1.0;;;0.0;0;;;2.0;7.0;0.0;0.0;4.0;1.0;0.0;;27;3;2019;18:15;1.0;64;64138;1;1.0;1.0;2.0;D938;43,2477426; -0,2754099;3;938;;;2.0;2;0.0;1.0;12;0;1.0;;;1.0;0.0;1.0;80.0;Pyrénées-Atlantiques;75;Nouvelle-Aquitaine
201900003453;138Â 300Â 040;A01;1.0;1;1.0;1.0;1934.0;3.0;1.0;;;0.0;0;;;2.0;7.0;0.0;1.0;1.0;1.0;0.0;;27;3;2019;10:00;1.0;24;24296;2;1.0;7.0;6.0;Rue du Docteur Daude Lagrave;44,8549200;0,5944380;3;660;;;2.0;2;0.0;1.0;9;130;1.0;;;1.0;0.0;1.0;50.0;Dordogne;75;Nouvelle-Aquitaine
201900003453;138Â 300Â 040;A01;10.0;3;3.0;2.0;1930.0;3.0;0.0;;;3.0;3;1.0;;2.0;7.0;0.0;1.0;1.0;1.0;0.0;;27;3;2019;10:00;1.0;24;24296;2;1.0;7.0;6.0;Rue du Docteur Daude Lagrave;44,8549200;0,5944380;3;660;;;2.0;2;0.0;1.0;9;130;1.0;;;1.0;0.0;1.0;50.0;Dordogne;75;Nouvelle-Aquitaine
201900003454;138Â 300Â 038;B01;1.0;1;2.0;2.0;1983.0;1.0;1.0;;;0.0;0;;;2.0;7.0;0.0;2.0;3.0;1.0;1.0;;25;3;2019;07:45;1.0;04;04116;1;3.0;1.0;3.0;RD 4 / VC domaine Saint Georges;43,9937440;5,9329220;3;4;;;2.0;2;0.0;1.0;65;0;1.0;;;1.0;0.0;1.0;80.0;Alpes-de-Haute-Provence;93;Provence-Alpes-Côte d'Azur
201900003454;138Â 300Â 039;A01;1.0;1;2.0;2.0;1981.0;5.0;1.0;;;0.0;0;;;1.0;7.0;0.0;2.0;3.0;15.0;1.0;;25;3;2019;07:45;1.0;04;04116;1;3.0;1.0;3.0;RD 4 / VC domaine Saint Georges;43,9937440;5,9329220;3;4;;;2.0;2;0.0;1.0;65;0;1.0;;;1.0;0.0;1.0;80.0;Alpes-de-Haute-Provence;93;Provence-Alpes-Côte d'Azur
201900003455;138Â 300Â 036;B01;1.0;1;3.0;1.0;1975.0;5.0;1.0;5.0;;0.0;0;;;2.0;7.0;0.0;2.0;3.0;1.0;1.0;;23;3;2019;21:15;2.0;17;17464;1;1.0;1.0;1.0;RD 150;46,0666450; -0,5078140;3;150;0.0;D;2.0;2;0.0;1.0;5;200;1.0;;;1.0;0.0;1.0;80.0;Charente-Maritime;75;Nouvelle-Aquitaine
201900003455;138Â 300Â 037;A01;1.0;1;1.0;1.0;1964.0;1.0;1.0;5.0;;0.0;0;;;1.0;7.0;0.0;2.0;3.0;1.0;1.0;;23;3;2019;21:15;2.0;17;17464;1;1.0;1.0;1.0;RD 150;46,0666450; -0,5078140;3;150;0.0;D;2.0;2;0.0;1.0;5;200;1.0;;;1.0;0.0;1.0;80.0;Charente-Maritime;75;Nouvelle-Aquitaine
201900003456;138Â 300Â 034;B01;6.0;2;1.0;1.0;1988.0;5.0;1.0;;;0.0;0;;;2.0;10.0;0.0;2.0;1.0;21.0;1.0;;26;3;2019;14:30;1.0;87;87115;1;1.0;1.0;3.0;Route dÃ©partementale D6 bis;45,6100130;0,8250150;3;6;2.0;;2.0;2;0.0;1.0;15;389;1.0;;;1.0;0.0;1.0;80.0;Haute-Vienne;75;Nouvelle-Aquitaine
201900003456;138Â 300Â 034;B01;1.0;1;1.0;1.0;1995.0;5.0;1.0;;;0.0;0;;;2.0;10.0;0.0;2.0;1.0;21.0;1.0;;26;3;2019;14:30;1.0;87;87115;1;1.0;1.0;3.0;Route dÃ©partementale D6 bis;45,6100130;0,8250150;3;6;2.0;;2.0;2;0.0;1.0;15;389;1.0;;;1.0;0.0;1.0;80.0;Haute-Vienne;75;Nouvelle-Aquitaine
201900003456;138Â 300Â 034;B01;2.0;2;1.0;1.0;1991.0;5.0;1.0;;;0.0;0;;;2.0;10.0;0.0;2.0;1.0;21.0;1.0;;26;3;2019;14:30;1.0;87;87115;1;1.0;1.0;3.0;Route dÃ©partementale D6 bis;45,6100130;0,8250150;3;6;2.0;;2.0;2;0.0;1.0;15;389;1.0;;;1.0;0.0;1.0;80.0;Haute-Vienne;75;Nouvelle-Aquitaine
201900003456;138Â 300Â 035;A01;1.0;1;3.0;2.0;1955.0;5.0;1.0;;;0.0;0;;;1.0;7.0;0.0;2.0;3.0;19.0;1.0;;26;3;2019;14:30;1.0;87;87115;1;1.0;1.0;3.0;Route dÃ©partementale D6 bis;45,6100130;0,8250150;3;6;2.0;;2.0;2;0.0;1.0;15;389;1.0;;;1.0;0.0;1.0;80.0;Haute-Vienne;75;Nouvelle-Aquitaine
201900003457;138Â 300Â 033;A01;1.0;1;3.0;1.0;1975.0;5.0;1.0;;;0.0;0;;;1.0;7.0;2.0;0.0;1.0;26.0;1.0;;25;3;2019;14:45;1.0;87;87104;1;1.0;7.0;6.0;Chez Thivaud;45,6977420;1,8543340;3;69;;;2.0;2;0.0;1.0;4;673;1.0;;;1.0;0.0;3.0;80.0;Haute-Vienne;75;Nouvelle-Aquitaine
201900003458;138Â 300Â 031;A01;1.0;1;1.0;1.0;1974.0;4.0;1.0;;;0.0;0;;;2.0;7.0;0.0;2.0;2.0;9.0;0.0;;14;3;2019;09:45;1.0;37;37204;1;2.0;1.0;3.0;D2-D48;47,5382720;0,6314580;3;2;0.0;D;2.0;2;0.0;1.0;15;440;1.0;;;2.0;0.0;5.0;80.0;Indre-et-Loire;24;Centre-Val de Loire
201900003458;138Â 300Â 032;B01;1.0;1;2.0;1.0;1971.0;4.0;1.0;;;0.0;0;;;2.0;7.0;0.0;2.0;1.0;1.0;0.0;;14;3;2019;09:45;1.0;37;37204;1;2.0;1.0;3.0;D2-D48;47,5382720;0,6314580;3;2;0.0;D;2.0;2;0.0;1.0;15;440;1.0;;;2.0;0.0;5.0;80.0;Indre-et-Loire;24;Centre-Val de Loire
201900003459;138Â 300Â 030;A01;1.0;1;3.0;1.0;1995.0;0.0;2.0;;;0.0;0;;;1.0;33.0;13.0;0.0;7.0;1.0;1.0;;22;3;2019;18:30;1.0;30;30228;1;1.0;1.0;6.0;D979;43,9426020;4,3763030;3;979;;;2.0;2;0.0;2.0;54;200;2.0;;;1.0;0.0;1.0;80.0;Gard;76;Occitanie
201900003460;138Â 300Â 029;A01;1.0;1;4.0;1.0;1934.0;5.0;1.0;;;0.0;0;;;1.0;7.0;16.0;0.0;1.0;1.0;1.0;;22;3;2019;10:45;1.0;08;08367;1;1.0;7.0;7.0;D1, route de revin;49,9213020;4,5633070;3;1;0.0;;2.0;2;0.0;2.0;41;800;1.0;;;1.0;0.0;3.0;80.0;Ardennes;44;Grand Est