Num_Acc;id_vehicule;num_veh;place;catu;grav;sexe;an_nais;trajet;secu1;secu2;secu3;locp;actp;etatp;id_usager;senc;catv;obs;obsm;choc;manv;motor;occutc;jour;mois;an;hrmn;lum;dep;com;agg;int;atm;col;adr;lat;long;catr;voie;v1;v2;circ;nbv;vosp;prof;pr;pr1;plan;lartpc;larrout;surf;infra;situ;vma;nom_departement;reg;nom_region
201900003461;138Â 300Â 028;A01;2.0;2;3.0;2.0;1941.0;5.0;1.0;;;0.0;0;;;2.0;7.0;13.0;0.0;2.0;1.0;2.0;;27;3;2019;11:50;1.0;31;31324;1;1.0;1.0;6.0;A64 bretelle BOUSSENS PK 000.340;43,1861320;0,9790090;1;64;;A;1.0;1;0.0;1.0;0;340;2.0;;;1.0;3.0;3.0;50.0;Haute-Garonne;76;Occitanie
201900003461;138Â 300Â 028;A01;1.0;1;2.0;1.0;1946.0;5.0;1.0;;;0.0;0;;;2.0;7.0;13.0;0.0;2.0;1.0;2.0;;27;3;2019;11:50;1.0;31;31324;1;1.0;1.0;6.0;A64 bretelle BOUSSENS PK 000.340;43,1861320;0,9790090;1;64;;A;1.0;1;0.0;1.0;0;340;2.0;;;1.0;3.0;3.0;50.0;Haute-Garonne;76;Occitanie
201900003462;138Â 300Â 027;A01;1.0;1;3.0;1.0;2003.0;9.0;0.0;;;0.0;0;;;1.0;31.0;8.0;0.0;1.0;1.0;1.0;;27;3;2019;13:20;1.0;74;74067;1;1.0;1.0;7.0;56 Route de Cran-Gevrier;45,8959460;6,0724940;4;114;0.0;A;2.0;2;0.0;4.0;10;15;2.0;;;1.0;0.0;3.0;80.0;Haute-Savoie;84;Auvergne-Rhône-Alpes
201900003462;138Â 300Â 027;A01;2.0;2;3.0;1.0;2003.0;5.0;0.0;;;0.0;0;;;1.0;31.0;8.0;0.0;1.0;1.0;1.0;;27;3;2019;13:20;1.0;74;74067;1;1.0;1.0;7.0;56 Route de Cran-Gevrier;45,8959460;6,0724940;4;114;0.0;A;2.0;2;0.0;4.0;10;15;2.0;;;1.0;0.0;3.0;80.0;Haute-Savoie;84;Auvergne-Rhône-Alpes
201900003463;138Â 300Â 025;A01;1.0;1;4.0;1.0;1980.0;5.0;1.0;;;0.0;0;;;1.0;7.0;0.0;2.0;1.0;2.0;1.0;;27;3;2019;00:40;3.0;21;21285;1;1.0;1.0;2.0;Autoroute A36;47,0646590;5,2932990;1;36;0.0;;3.0;4;0.0;1.0;186;160;1.0;;;1.0;0.0;1.0;130.0;Côte-d'Or;27;Bourgogne-Franche-Comté
201900003463;138Â 300Â 026;B01;1.0;1;2.0;1.0;1979.0;4.0;8.0;;;0.0;0;;;1.0;17.0;0.0;0.0;4.0;1.0;1.0;;27;3;2019;00:40;3.0;21;21285;1;1.0;1.0;2.0;Autoroute A36;47,0646590;5,2932990;1;36;0.0;;3.0;4;0.0;1.0;186;160;1.0;;;1.0;0.0;1.0;130.0;Côte-d'Or;27;Bourgogne-Franche-Comté
201900003464;138Â 300Â 023;B01;1.0;1;2.0;1.0;1961.0;4.0;1.0;;;0.0;0;;;1.0;7.0;0.0;2.0;5.0;1.0;6.0;;22;3;2019;11:10;1.0;30;30125;1;1.0;1.0;3.0;A54 - PK 007+500;43,7767600;4,4166650;1;54;;A;3.0;4;0.0;1.0;7;500;1.0;;;1.0;0.0;1.0;130.0;Gard;76;Occitanie
201900003464;138Â 300Â 023;B01;2.0;2;2.0;1.0;1979.0;4.0;1.0;;;0.0;0;;;1.0;7.0;0.0;2.0;5.0;1.0;6.0;;22;3;2019;11:10;1.0;30;30125;1;1.0;1.0;3.0;A54 - PK 007+500;43,7767600;4,4166650;1;54;;A;3.0;4;0.0;1.0;7;500;1.0;;;1.0;0.0;1.0;130.0;Gard;76;Occitanie
201900003464;138Â 300Â 024;A01;1.0;1;1.0;1.0;1942.0;0.0;1.0;;;0.0;0;;;1.0;7.0;0.0;2.0;3.0;13.0;6.0;;22;3;2019;11:10;1.0;30;30125;1;1.0;1.0;3.0;A54 - PK 007+500;43,7767600;4,4166650;1;54;;A;3.0;4;0.0;1.0;7;500;1.0;;;1.0;0.0;1.0;130.0;Gard;76;Occitanie
201900003465;138Â 300Â 021;A01;1.0;1;2.0;1.0;1995.0;0.0;1.0;;;0.0;0;;;0.0;7.0;0.0;2.0;3.0;13.0;1.0;;23;3;2019;18:05;1.0;69;69252;2;1.0;7.0;1.0;RD 502;45,5400800;4,6724600;3;502;0.0;;2.0;2;0.0;2.0;(1);(1);3.0;;;1.0;0.0;1.0;50.0;Rhône;84;Auvergne-Rhône-Alpes
201900003465;138Â 300Â 022;B01;4.0;2;2.0;2.0;2011.0;0.0;3.0;;;0.0;0;;;0.0;7.0;0.0;2.0;3.0;1.0;1.0;;23;3;2019;18:05;1.0;69;69252;2;1.0;7.0;1.0;RD 502;45,5400800;4,6724600;3;502;0.0;;2.0;2;0.0;2.0;(1);(1);3.0;;;1.0;0.0;1.0;50.0;Rhône;84;Auvergne-Rhône-Alpes
201900003465;138Â 300Â 022;B01;5.0;2;2.0;2.0;1953.0;0.0;1.0;;;0.0;0;;;0.0;7.0;0.0;2.0;3.0;1.0;1.0;;23;3;2019;18:05;1.0;69;69252;2;1.0;7.0;1.0;RD 502;45,5400800;4,6724600;3;502;0.0;;2.0;2;0.0;2.0;(1);(1);3.0;;;1.0;0.0;1.0;50.0;Rhône;84;Auvergne-Rhône-Alpes
201900003465;138Â 300Â 022;B01;2.0;2;2.0;1.0;1952.0;0.0;1.0;;;0.0;0;;;0.0;7.0;0.0;2.0;3.0;1.0;1.0;;23;3;2019;18:05;1.0;69;69252;2;1.0;7.0;1.0;RD 502;45,5400800;4,6724600;3;502;0.0;;2.0;2;0.0;2.0;(1);(1);3.0;;;1.0;0.0;1.0;50.0;Rhône;84;Auvergne-Rhône-Alpes
201900003465;138Â 300Â 022;B01;1.0;1;2.0;2.0;1990.0;0.0;1.0;;;0.0;0;;;0.0;7.0;0.0;2.0;3.0;1.0;1.0;;23;3;2019;18:05;1.0;69;69252;2;1.0;7.0;1.0;RD 502;45,5400800;4,6724600;3;502;0.0;;2.0;2;0.0;2.0;(1);(1);3.0;;;1.0;0.0;1.0;50.0;Rhône;84;Auvergne-Rhône-Alpes
201900003466;138Â 300Â 019;B01;1.0;1;2.0;1.0;1989.0;1.0;2.0;6.0;;0.0;0;;;3.0;32.0;0.0;2.0;1.0;0.0;0.0;;26;3;2019;13:50;1.0;34;34123;2;1.0;1.0;1.0;24 Avenue des Hauts de Fontcaude;43,6283550;3,7999340;4;;0.0;;2.0;2;0.0;2.0;0;0;1.0;;;1.0;0.0;3.0;50.0;Hérault;76;Occitanie
201900003466;138Â 300Â 020;A01;1.0;1;1.0;1.0;1994.0;1.0;1.0;;;0.0;0;;;3.0;7.0;0.0;2.0;2.0;15.0;0.0;;26;3;2019;13:50;1.0;34;34123;2;1.0;1.0;1.0;24 Avenue des Hauts de Fontcaude;43,6283550;3,7999340;4;;0.0;;2.0;2;0.0;2.0;0;0;1.0;;;1.0;0.0;3.0;50.0;Hérault;76;Occitanie
201900003467;138Â 300Â 018;A01;3.0;2;4.0;2.0;2016.0;9.0;0.0;;;0.0;0;;;2.0;7.0;2.0;0.0;1.0;14.0;1.0;;27;3;2019;02:45;3.0;971;97112;1;1.0;1.0;6.0;Route de Folle Anse;15,9373320; -61,3359440;3;206;;;2.0;2;0.0;1.0;2;100;2.0;;;1.0;0.0;3.0;80.0;Guadeloupe;01;Guadeloupe
201900003467;138Â 300Â 018;A01;1.0;1;3.0;2.0;1988.0;0.0;0.0;;;0.0;0;;;2.0;7.0;2.0;0.0;1.0;14.0;1.0;;27;3;2019;02:45;3.0;971;97112;1;1.0;1.0;6.0;Route de Folle Anse;15,9373320; -61,3359440;3;206;;;2.0;2;0.0;1.0;2;100;2.0;;;1.0;0.0;3.0;80.0;Guadeloupe;01;Guadeloupe
201900003468;138Â 300Â 016;A01;2.0;2;1.0;2.0;1983.0;3.0;1.0;;;0.0;0;;;2.0;7.0;0.0;2.0;3.0;13.0;1.0;;26;3;2019;16:15;1.0;77;77192;1;1.0;1.0;1.0;RD 402 pk 33+169;48,7020554;2,9147265;3;402;0.0;;2.0;2;0.0;1.0;33;169;3.0;;;1.0;0.0;1.0;80.0;Seine-et-Marne;11;Île-de-France
201900003468;138Â 300Â 016;A01;1.0;1;4.0;2.0;1954.0;3.0;1.0;;;0.0;0;;;2.0;7.0;0.0;2.0;3.0;13.0;1.0;;26;3;2019;16:15;1.0;77;77192;1;1.0;1.0;1.0;RD 402 pk 33+169;48,7020554;2,9147265;3;402;0.0;;2.0;2;0.0;1.0;33;169;3.0;;;1.0;0.0;1.0;80.0;Seine-et-Marne;11;Île-de-France
201900003468;138Â 300Â 017;B01;1.0;1;1.0;1.0;1975.0;4.0;1.0;;;0.0;0;;;1.0;14.0;0.0;2.0;3.0;1.0;1.0;;26;3;2019;16:15;1.0;77;77192;1;1.0;1.0;1.0;RD 402 pk 33+169;48,7020554;2,9147265;3;402;0.0;;2.0;2;0.0;1.0;33;169;3.0;;;1.0;0.0;1.0;80.0;Seine-et-Marne;11;Île-de-France
201900003469;138Â 300Â 013;C01;1.0;1;2.0;1.0;1964.0;1.0;1.0;;;0.0;0;;;1.0;7.0;0.0;2.0;1.0;1.0;1.0;;26;3;2019;21:10;3.0;95;95438;1;1.0;1.0;5.0;RD43;49,1337020;1,8881400;3;43;0.0;A;2.0;2;0.0;1.0;22;700;1.0;;;1.0;0.0;1.0;80.0;Val-d'Oise;11;Île-de-France
201900003469;138Â 300Â 014;B01;1.0;1;3.0;1.0;1949.0;5.0;1.0;;;0.0;0;;;1.0;7.0;0.0;2.0;1.0;17.0;1.0;;26;3;2019;21:10;3.0;95;95438;1;1.0;1.0;5.0;RD43;49,1337020;1,8881400;3;43;0.0;A;2.0;2;0.0;1.0;22;700;1.0;;;1.0;0.0;1.0;80.0;Val-d'Oise;11;Île-de-France
201900003469;138Â 300Â 015;A01;1.0;1;2.0;1.0;1989.0;1.0;1.0;;;0.0;0;;;1.0;7.0;0.0;2.0;6.0;1.0;1.0;;26;3;2019;21:10;3.0;95;95438;1;1.0;1.0;5.0;RD43;49,1337020;1,8881400;3;43;0.0;A;2.0;2;0.0;1.0;22;700;1.0;;;1.0;0.0;1.0;80.0;Val-d'Oise;11;Île-de-France
201900003470;138Â 300Â 011;A01;1.0;1;3.0;1.0;1977.0;1.0;2.0;;;0.0;0;;;1.0;33.0;0.0;2.0;3.0;11.0;1.0;;26;3;2019;13:55;1.0;78;78443;1;1.0;7.0;3.0;Route Nationale 12;48,7998470;1,8545700;2;12;;;3.0;4;0.0;1.0;41;750;2.0;;;1.0;0.0;1.0;110.0;Yvelines;11;Île-de-France
201900003470;138Â 300Â 012;B01;1.0;1;1.0;2.0;1947.0;5.0;1.0;;;0.0;0;;;1.0;7.0;0.0;2.0;5.0;17.0;1.0;;26;3;2019;13:55;1.0;78;78443;1;1.0;7.0;3.0;Route Nationale 12;48,7998470;1,8545700;2;12;;;3.0;4;0.0;1.0;41;750;2.0;;;1.0;0.0;1.0;110.0;Yvelines;11;Île-de-France
201900003471;138Â 300Â 010;A01;1.0;1;3.0;1.0;1974.0;1.0;0.0;;;0.0;0;;;2.0;7.0;8.0;0.0;1.0;26.0;1.0;;26;3;2019;21:05;3.0;34;34199;1;1.0;1.0;6.0;Route de Caux;43,4767570;3,3968650;3;13;0.0;E;2.0;2;0.0;1.0;2;200;1.0;;;1.0;0.0;3.0;80.0;Hérault;76;Occitanie
201900003472;138Â 300Â 009;A01;1.0;1;3.0;1.0;1948.0;5.0;1.0;;;0.0;0;;;2.0;7.0;17.0;0.0;2.0;1.0;1.0;;26;3;2019;12:50;1.0;05;05172;1;1.0;1.0;7.0;Lieu-dit La Blache;44,3557810;5,7173470;3;949;;;2.0;2;0.0;1.0;24;114;1.0;;;1.0;0.0;3.0;80.0;Hautes-Alpes;93;Provence-Alpes-Côte d'Azur
201900003473;138Â 300Â 007;A01;1.0;1;2.0;1.0;1972.0;1.0;1.0;;;0.0;0;;;1.0;7.0;0.0;2.0;3.0;9.0;1.0;;27;3;2019;08:55;1.0;81;81099;1;3.0;1.0;3.0;D988;43,8862729;1,8683420;3;988;;;2.0;2;;1.0;59;956;1.0;;;1.0;9.0;1.0;80.0;Tarn;76;Occitanie
201900003473;138Â 300Â 008;B01;1.0;1;2.0;1.0;1933.0;9.0;1.0;;;0.0;0;;;1.0;7.0;2.0;2.0;2.0;1.0;1.0;;27;3;2019;08:55;1.0;81;81099;1;3.0;1.0;3.0;D988;43,8862729;1,8683420;3;988;;;2.0;2;;1.0;59;956;1.0;;;1.0;9.0;1.0;80.0;Tarn;76;Occitanie
201900003474;138Â 300Â 005;B01;1.0;1;3.0;1.0;2002.0;1.0;2.0;;;0.0;0;;;2.0;31.0;0.0;2.0;1.0;1.0;1.0;;26;3;2019;18:14;1.0;09;09099;1;1.0;1.0;1.0;RD 117;42,9833800;1,5719840;3;117;0.0;D;2.0;2;0.0;2.0;44;726;2.0;;;1.0;0.0;1.0;80.0;Ariège;76;Occitanie
201900003474;138Â 300Â 006;A01;1.0;1;1.0;1.0;1996.0;5.0;1.0;;;0.0;0;;;1.0;7.0;0.0;2.0;3.0;11.0;1.0;;26;3;2019;18:14;1.0;09;09099;1;1.0;1.0;1.0;RD 117;42,9833800;1,5719840;3;117;0.0;D;2.0;2;0.0;2.0;44;726;2.0;;;1.0;0.0;1.0;80.0;Ariège;76;Occitanie
201900003475;138Â 300Â 002;A01;1.0;1;2.0;2.0;1984.0;9.0;1.0;;;0.0;0;;;1.0;7.0;0.0;2.0;1.0;13.0;1.0;;25;3;2019;14:57;1.0;44;44176;2;1.0;1.0;5.0;Rue Jules Verne;47,3530750; -2,1823370;3;50;0.0;;2.0;2;0.0;1.0;14;452;3.0;;;1.0;0.0;1.0;50.0;Loire-Atlantique;52;Pays de la Loire
201900003475;138Â 300Â 003;B01;1.0;1;1.0;2.0;1958.0;9.0;1.0;;;0.0;0;;;2.0;7.0;0.0;2.0;8.0;1.0;1.0;;25;3;2019;14:57;1.0;44;44176;2;1.0;1.0;5.0;Rue Jules Verne;47,3530750; -2,1823370;3;50;0.0;;2.0;2;0.0;1.0;14;452;3.0;;;1.0;0.0;1.0;50.0;Loire-Atlantique;52;Pays de la Loire
201900003475;138Â 300Â 004;C01;1.0;1;2.0;2.0;1958.0;5.0;1.0;5.0;;0.0;0;;;2.0;7.0;15.0;2.0;1.0;1.0;1.0;;25;3;2019;14:57;1.0;44;44176;2;1.0;1.0;5.0;Rue Jules Verne;47,3530750; -2,1823370;3;50;0.0;;2.0;2;0.0;1.0;14;452;3.0;;;1.0;0.0;1.0;50.0;Loire-Atlantique;52;Pays de la Loire
201900003476;138Â 300Â 001;A01;1.0;1;4.0;1.0;1940.0;5.0;0.0;;;0.0;0;;;1.0;1.0;0.0;0.0;0.0;0.0;5.0;;27;3;2019;14:00;1.0;22;22282;2;1.0;1.0;7.0;43 Boulevard de Penthievre;48,6273770; -2,2661110;3;13;0.0;;2.0;2;0.0;1.0;(1);(1);1.0;;;1.0;0.0;5.0;50.0;Côtes-d'Armor;53;Bretagne
201900003477;138Â 299Â 999;B01;1.0;1;2.0;1.0;1979.0;5.0;2.0;;;0.0;0;;;1.0;33.0;0.0;2.0;1.0;13.0;1.0;;24;3;2019;17:10;1.0;22;22162;1;1.0;1.0;1.0;Rue de Beauport -D786;48,7651505; -3,0179008;3;786;0.0;;2.0;2;0.0;1.0;(1);(1);2.0;;;1.0;0.0;1.0;70.0;Côtes-d'Armor;53;Bretagne
201900003477;138Â 300Â 000;A01;2.0;2;2.0;2.0;1935.0;5.0;1.0;;;0.0;0;;;2.0;7.0;0.0;2.0;1.0;1.0;1.0;;24;3;2019;17:10;1.0;22;22162;1;1.0;1.0;1.0;Rue de Beauport -D786;48,7651505; -3,0179008;3;786;0.0;;2.0;2;0.0;1.0;(1);(1);2.0;;;1.0;0.0;1.0;70.0;Côtes-d'Armor;53;Bretagne
201900003477;138Â 300Â 000;A01;1.0;1;1.0;1.0;1942.0;5.0;1.0;;;0.0;0;;;2.0;7.0;0.0;2.0;1.0;1.0;1.0;;24;3;2019;17:10;1.0;22;22162;1;1.0;1.0;1.0;Rue de Beauport -D786;48,7651505; -3,0179008;3;786;0.0;;2.0;2;0.0;1.0;(1);(1);2.0;;;1.0;0.0;1.0;70.0;Côtes-d'Armor;53;Bretagne
201900003478;138Â 299Â 997;A01;1.0;1;1.0;1.0;1977.0;1.0;1.0;;;0.0;0;;;1.0;7.0;0.0;2.0;2.0;9.0;1.0;;14;3;2019;12:55;1.0;60;60141;2;1.0;1.0;1.0;Av de verdun;49,1868240;2,4595940;9;;;;1.0;1;2.0;1.0;(1);(1);2.0;;;1.0;0.0;1.0;30.0;Oise;32;Hauts-de-France
201900003478;138Â 299Â 998;B01;1.0;1;3.0;1.0;1942.0;0.0;0.0;;;0.0;0;;;2.0;1.0;0.0;2.0;1.0;13.0;5.0;;14;3;2019;12:55;1.0;60;60141;2;1.0;1.0;1.0;Av de verdun;49,1868240;2,4595940;9;;;;1.0;1;2.0;1.0;(1);(1);2.0;;;1.0;0.0;1.0;30.0;Oise;32;Hauts-de-France
201900003479;138Â 299Â 995;B01;1.0;1;3.0;1.0;1982.0;1.0;2.0;0.0;;; -1;;;2.0;33.0;3.0;2.0;8.0;26.0;1.0;;26;3;2019;08:30;1.0;13;13211;1;1.0;1.0;3.0;A50-Sens Aubagne vers Marseille;43,2878500;5,5023600;1;50;0.0;;3.0;3;0.0;1.0;9;199;1.0;;;1.0;0.0;1.0;90.0;Bouches-du-Rhône;93;Provence-Alpes-Côte d'Azur
201900003479;138Â 299Â 996;A01;2.0;2;1.0;1.0;1962.0;4.0;1.0;0.0;;; -1;;;2.0;10.0;0.0;2.0;7.0;26.0;1.0;;26;3;2019;08:30;1.0;13;13211;1;1.0;1.0;3.0;A50-Sens Aubagne vers Marseille;43,2878500;5,5023600;1;50;0.0;;3.0;3;0.0;1.0;9;199;1.0;;;1.0;0.0;1.0;90.0;Bouches-du-Rhône;93;Provence-Alpes-Côte d'Azur
201900003479;138Â 299Â 996;A01;1.0;1;1.0;1.0;1985.0;4.0;1.0;4.0;;; -1;;;2.0;10.0;0.0;2.0;7.0;26.0;1.0;;26;3;2019;08:30;1.0;13;13211;1;1.0;1.0;3.0;A50-Sens Aubagne vers Marseille;43,2878500;5,5023600;1;50;0.0;;3.0;3;0.0;1.0;9;199;1.0;;;1.0;0.0;1.0;90.0;Bouches-du-Rhône;93;Provence-Alpes-Côte d'Azur
201900003480;138Â 299Â 994;A01;1.0;1;2.0;2.0;1997.0;9.0;1.0;0.0;;; -1;;;1.0;7.0;0.0;0.0;0.0;1.0;1.0;;25;3;2019;09:30;1.0;13;13071;1;1.0;1.0;7.0;A7-Sens Lyon vers Marseille;43,4061700;5,3238200;1;7;0.0;;1.0;2;0.0;1.0;268;0;1.0;;;1.0;0.0;1.0;90.0;Bouches-du-Rhône;93;Provence-Alpes-Côte d'Azur
201900003481;138Â 299Â 993;A01;1.0;1;4.0;1.0;1964.0;4.0;8.0;0.0;;0.0;0;;;1.0;17.0;3.0;0.0;1.0;6.0;1.0;;26;3;2019;15:00;1.0;01;01275;1;1.0;1.0;6.0;A46N 25.180 A 25.680;45,8082600;4,9191100;1;46;0.0;;3.0;3;0.0;2.0;25;270;1.0;;;1.0;2.0;1.0;70.0;Ain;84;Auvergne-Rhône-Alpes
201900003482;138Â 299Â 992;A01;1.0;1;2.0;1.0;2000.0;5.0;1.0;0.0;;; -1;;;2.0;7.0;0.0;2.0;1.0;2.0;1.0;;22;3;2019;00:45;3.0;54;54312;1;1.0;1.0;2.0;Autoroute 31;48,9309200;6,1111000;1;31;0.0;;3.0;4;0.0;1.0;279;850;1.0;;;1.0;0.0;1.0;110.0;Meurthe-et-Moselle;44;Grand Est
201900003483;138Â 299Â 984;A01;1.0;1;2.0;2.0;1973.0;1.0;1.0;0.0;;;0;;;2.0;7.0;0.0;2.0;4.0;11.0;1.0;;23;3;2019;05:59;3.0;78;78545;1;1.0;1.0;5.0;A12 W;48,8062000;2,0517000;1;12;0.0;;1.0;4;0.0;1.0;5;199;1.0;;;1.0;1.0;1.0;90.0;Yvelines;11;Île-de-France
201900003483;138Â 299Â 985;B01;1.0;1;1.0;1.0;1963.0;1.0;1.0;0.0;;;0;;;2.0;15.0;0.0;2.0;1.0;1.0;1.0;;23;3;2019;05:59;3.0;78;78545;1;1.0;1.0;5.0;A12 W;48,8062000;2,0517000;1;12;0.0;;1.0;4;0.0;1.0;5;199;1.0;;;1.0;1.0;1.0;90.0;Yvelines;11;Île-de-France
201900003483;138Â 299Â 986;C01;1.0;1;1.0;1.0;1969.0;1.0;1.0;0.0;;;0;;;2.0;10.0;0.0;2.0;2.0;1.0;1.0;;23;3;2019;05:59;3.0;78;78545;1;1.0;1.0;5.0;A12 W;48,8062000;2,0517000;1;12;0.0;;1.0;4;0.0;1.0;5;199;1.0;;;1.0;1.0;1.0;90.0;Yvelines;11;Île-de-France
201900003483;138Â 299Â 987;D01;1.0;1;1.0;1.0;1985.0;1.0;1.0;0.0;;;0;;;2.0;10.0;0.0;2.0;4.0;1.0;1.0;;23;3;2019;05:59;3.0;78;78545;1;1.0;1.0;5.0;A12 W;48,8062000;2,0517000;1;12;0.0;;1.0;4;0.0;1.0;5;199;1.0;;;1.0;1.0;1.0;90.0;Yvelines;11;Île-de-France
201900003483;138Â 299Â 988;E01;1.0;1;1.0;1.0;1965.0;9.0;1.0;0.0;;;0;;;2.0;10.0;0.0;2.0;1.0;1.0;1.0;;23;3;2019;05:59;3.0;78;78545;1;1.0;1.0;5.0;A12 W;48,8062000;2,0517000;1;12;0.0;;1.0;4;0.0;1.0;5;199;1.0;;;1.0;1.0;1.0;90.0;Yvelines;11;Île-de-France
201900003483;138Â 299Â 989;F01;1.0;1;1.0;2.0;1976.0;9.0;1.0;0.0;;;0;;;2.0;7.0;0.0;2.0;1.0;1.0;1.0;;23;3;2019;05:59;3.0;78;78545;1;1.0;1.0;5.0;A12 W;48,8062000;2,0517000;1;12;0.0;;1.0;4;0.0;1.0;5;199;1.0;;;1.0;1.0;1.0;90.0;Yvelines;11;Île-de-France
201900003484;138Â 299Â 983;A01;1.0;1;2.0;1.0;2000.0;5.0;1.0;0.0;;;0;;;1.0;7.0;4.0;0.0;1.0;0.0;1.0;;25;3;2019;07:00;1.0;95;95252;1;1.0;1.0;6.0;AUTOROUTE A15;48,9822400;2,2210000;1;15;0.0;;3.0;7;0.0;1.0;11;800;1.0;;;1.0;0.0;1.0;110.0;Val-d'Oise;11;Île-de-France
201900003485;138Â 299Â 979;A01;3.0;2;2.0;1.0;2016.0;0.0;3.0;8.0;;; -1;;;2.0;7.0;0.0;2.0;3.0;0.0;1.0;;23;3;2019;17:25;1.0;93;93029;1;1.0;1.0;5.0;AUTOROUTE A86;48,9262400;2,4225200;1;86;0.0;;3.0;6;0.0;1.0;19;0;1.0;;;1.0;0.0;1.0;90.0;Seine-Saint-Denis;11;Île-de-France
201900003485;138Â 299Â 979;A01;4.0;2;2.0;1.0;2017.0;0.0;3.0;8.0;;; -1;;;2.0;7.0;0.0;2.0;3.0;0.0;1.0;;23;3;2019;17:25;1.0;93;93029;1;1.0;1.0;5.0;AUTOROUTE A86;48,9262400;2,4225200;1;86;0.0;;3.0;6;0.0;1.0;19;0;1.0;;;1.0;0.0;1.0;90.0;Seine-Saint-Denis;11;Île-de-France
201900003485;138Â 299Â 979;A01;2.0;2;2.0;1.0;1991.0;0.0;1.0;0.0;;; -1;;;2.0;7.0;0.0;2.0;3.0;0.0;1.0;;23;3;2019;17:25;1.0;93;93029;1;1.0;1.0;5.0;AUTOROUTE A86;48,9262400;2,4225200;1;86;0.0;;3.0;6;0.0;1.0;19;0;1.0;;;1.0;0.0;1.0;90.0;Seine-Saint-Denis;11;Île-de-France
201900003485;138Â 299Â 979;A01;1.0;1;2.0;2.0;1988.0;0.0;1.0;8.0;;; -1;;;2.0;7.0;0.0;2.0;3.0;0.0;1.0;;23;3;2019;17:25;1.0;93;93029;1;1.0;1.0;5.0;AUTOROUTE A86;48,9262400;2,4225200;1;86;0.0;;3.0;6;0.0;1.0;19;0;1.0;;;1.0;0.0;1.0;90.0;Seine-Saint-Denis;11;Île-de-France
201900003485;138Â 299Â 980;C01;3.0;2;2.0;1.0;2017.0;9.0;3.0;0.0;;; -1;;;2.0;7.0;0.0;2.0;5.0;0.0;1.0;;23;3;2019;17:25;1.0;93;93029;1;1.0;1.0;5.0;AUTOROUTE A86;48,9262400;2,4225200;1;86;0.0;;3.0;6;0.0;1.0;19;0;1.0;;;1.0;0.0;1.0;90.0;Seine-Saint-Denis;11;Île-de-France
201900003485;138Â 299Â 980;C01;2.0;2;2.0;2.0;1983.0;9.0;1.0;0.0;;; -1;;;2.0;7.0;0.0;2.0;5.0;0.0;1.0;;23;3;2019;17:25;1.0;93;93029;1;1.0;1.0;5.0;AUTOROUTE A86;48,9262400;2,4225200;1;86;0.0;;3.0;6;0.0;1.0;19;0;1.0;;;1.0;0.0;1.0;90.0;Seine-Saint-Denis;11;Île-de-France
201900003485;138Â 299Â 980;C01;4.0;2;2.0;2.0;2015.0;0.0;3.0;0.0;;; -1;;;2.0;7.0;0.0;2.0;5.0;0.0;1.0;;23;3;2019;17:25;1.0;93;93029;1;1.0;1.0;5.0;AUTOROUTE A86;48,9262400;2,4225200;1;86;0.0;;3.0;6;0.0;1.0;19;0;1.0;;;1.0;0.0;1.0;90.0;Seine-Saint-Denis;11;Île-de-France
201900003485;138Â 299Â 980;C01;1.0;1;2.0;1.0;1983.0;9.0;1.0;0.0;;; -1;;;2.0;7.0;0.0;2.0;5.0;0.0;1.0;;23;3;2019;17:25;1.0;93;93029;1;1.0;1.0;5.0;AUTOROUTE A86;48,9262400;2,4225200;1;86;0.0;;3.0;6;0.0;1.0;19;0;1.0;;;1.0;0.0;1.0;90.0;Seine-Saint-Denis;11;Île-de-France
201900003485;138Â 299Â 981;B01;2.0;2;2.0;2.0;2006.0;0.0;1.0;0.0;;; -1;;;2.0;10.0;0.0;2.0;6.0;0.0;1.0;;23;3;2019;17:25;1.0;93;93029;1;1.0;1.0;5.0;AUTOROUTE A86;48,9262400;2,4225200;1;86;0.0;;3.0;6;0.0;1.0;19;0;1.0;;;1.0;0.0;1.0;90.0;Seine-Saint-Denis;11;Île-de-France
201900003485;138Â 299Â 981;B01;1.0;1;2.0;1.0;1968.0;0.0;1.0;0.0;;; -1;;;2.0;10.0;0.0;2.0;6.0;0.0;1.0;;23;3;2019;17:25;1.0;93;93029;1;1.0;1.0;5.0;AUTOROUTE A86;48,9262400;2,4225200;1;86;0.0;;3.0;6;0.0;1.0;19;0;1.0;;;1.0;0.0;1.0;90.0;Seine-Saint-Denis;11;Île-de-France
201900003486;138Â 299Â 977;B01;1.0;1;2.0;1.0;1979.0;4.0;1.0;4.0;;;0;;;2.0;10.0;0.0;2.0;1.0;1.0;1.0;;26;3;2019;10:00;1.0;77;77055;1;1.0;1.0;6.0;A104.EXT;48,9018500;2,6502900;1;104;0.0;;;2;0.0;1.0;19;899;1.0;;;1.0;0.0;1.0;90.0;Seine-et-Marne;11;Île-de-France
201900003486;138Â 299Â 978;A01;1.0;1;1.0;1.0;1961.0;4.0;1.0;4.0;;;0;;;2.0;17.0;0.0;2.0;4.0;1.0;1.0;;26;3;2019;10:00;1.0;77;77055;1;1.0;1.0;6.0;A104.EXT;48,9018500;2,6502900;1;104;0.0;;;2;0.0;1.0;19;899;1.0;;;1.0;0.0;1.0;90.0;Seine-et-Marne;11;Île-de-France