Num_Acc;id_vehicule;num_veh;place;catu;grav;sexe;an_nais;trajet;secu1;secu2;secu3;locp;actp;etatp;id_usager;senc;catv;obs;obsm;choc;manv;motor;occutc;jour;mois;an;hrmn;lum;dep;com;agg;int;atm;col;adr;lat;long;catr;voie;v1;v2;circ;nbv;vosp;prof;pr;pr1;plan;lartpc;larrout;surf;infra;situ;vma;nom_departement;reg;nom_region
201900003487;138Â 299Â 976;A01;1.0;1;2.0;1.0;1981.0;1.0;2.0;6.0;;;0;;;2.0;33.0;0.0;0.0;0.0;3.0;1.0;;26;3;2019;09:10;1.0;77;77083;1;1.0;1.0;7.0;A4.W;48,8305860;2,6093860;1;4;0.0;W;3.0;6;0.0;1.0;17;299;1.0;;;1.0;0.0;1.0;110.0;Seine-et-Marne;11;Île-de-France
201900003488;138Â 299Â 975;A01;10.0;3;3.0;1.0;1980.0;5.0;8.0;0.0;;2.0;9;1.0;;2.0;7.0;0.0;1.0;1.0;1.0;1.0;;22;3;2019;02:20;5.0;69;69384;2;1.0;1.0;6.0;CROIX-ROUSSE (DE LA)                (PL);45,7756600;4,8326700;4;CROIX-ROUSSE (DE LA)                (PL);0.0;;1.0;1;0.0;1.0;0;0;1.0;;;1.0;0.0;1.0;50.0;Rhône;84;Auvergne-Rhône-Alpes
201900003488;138Â 299Â 975;A01;1.0;1;1.0;1.0;1981.0;5.0;1.0;8.0;;0.0;0;;;2.0;7.0;0.0;1.0;1.0;1.0;1.0;;22;3;2019;02:20;5.0;69;69384;2;1.0;1.0;6.0;CROIX-ROUSSE (DE LA)                (PL);45,7756600;4,8326700;4;CROIX-ROUSSE (DE LA)                (PL);0.0;;1.0;1;0.0;1.0;0;0;1.0;;;1.0;0.0;1.0;50.0;Rhône;84;Auvergne-Rhône-Alpes
201900003489;138Â 299Â 973;A01;2.0;2;2.0;2.0;1974.0;5.0;1.0;0.0;;0.0;0;;;1.0;7.0;0.0;2.0;2.0;13.0;0.0;;13;3;2019;18:45;1.0;91;91421;2;6.0;1.0;3.0;JEAN JAURES (AVENUE);48,7193100;2,4437000;4;CORBEIL (ROUTE DE);0.0;;2.0;2;0.0;1.0;0;0;1.0;;;1.0;0.0;1.0;50.0;Essonne;11;Île-de-France
201900003489;138Â 299Â 973;A01;1.0;1;1.0;2.0;1997.0;5.0;1.0;0.0;;0.0;0;;;1.0;7.0;0.0;2.0;2.0;13.0;0.0;;13;3;2019;18:45;1.0;91;91421;2;6.0;1.0;3.0;JEAN JAURES (AVENUE);48,7193100;2,4437000;4;CORBEIL (ROUTE DE);0.0;;2.0;2;0.0;1.0;0;0;1.0;;;1.0;0.0;1.0;50.0;Essonne;11;Île-de-France
201900003490;138Â 299Â 971;B01;1.0;1;2.0;2.0;1970.0;5.0;1.0;0.0;;0.0;0;;;1.0;10.0;0.0;6.0;3.0;0.0;1.0;;23;3;2019;15:25;1.0;91;91687;2;9.0;1.0;3.0;VICTOR BASCH (RUE);48,6830300;2,3811600;4;VICTOR BASCH (RUE);0.0;;2.0;2;0.0;1.0;0;0;2.0;;;1.0;0.0;1.0;50.0;Essonne;11;Île-de-France
201900003490;138Â 299Â 972;A01;1.0;1;2.0;1.0;1998.0;5.0;2.0;8.0;;; -1;;;1.0;33.0;0.0;2.0;3.0;13.0;1.0;;23;3;2019;15:25;1.0;91;91687;2;9.0;1.0;3.0;VICTOR BASCH (RUE);48,6830300;2,3811600;4;VICTOR BASCH (RUE);0.0;;2.0;2;0.0;1.0;0;0;2.0;;;1.0;0.0;1.0;50.0;Essonne;11;Île-de-France
201900003491;138Â 299Â 969;A01;1.0;1;1.0;1.0;1991.0;3.0;8.0;0.0;;;0;;;2.0;7.0;0.0;2.0;2.0;15.0;1.0;;21;2;2019;18:55;5.0;86;86194;2;3.0;1.0;3.0;PONTREAU (RUE DU);46,5688900;0,3539800;4;PONTREAU (RUE DU);0.0;;2.0;2;0.0;1.0;0;0;1.0;;;1.0;0.0;1.0;50.0;Vienne;75;Nouvelle-Aquitaine
201900003491;138Â 299Â 970;B01;1.0;1;2.0;2.0;1986.0;5.0;8.0;0.0;;;0;;;2.0;1.0;0.0;2.0;1.0;1.0;5.0;;21;2;2019;18:55;5.0;86;86194;2;3.0;1.0;3.0;PONTREAU (RUE DU);46,5688900;0,3539800;4;PONTREAU (RUE DU);0.0;;2.0;2;0.0;1.0;0;0;1.0;;;1.0;0.0;1.0;50.0;Vienne;75;Nouvelle-Aquitaine
201900003492;138Â 299Â 967;B01;1.0;1;2.0;1.0;1992.0;0.0;2.0;8.0;;;0;;;3.0;33.0;0.0;2.0;7.0;1.0;1.0;;20;3;2019;13:15;1.0;79;79191;2;6.0;1.0;3.0;Boulevard de l'Atlantique;46,3168100; -0,4807900;4;Boulevard de l'Atlantique;0.0;;2.0;4;2.0;1.0;0;0;1.0;;;1.0;5.0;1.0;50.0;Deux-Sèvres;75;Nouvelle-Aquitaine
201900003492;138Â 299Â 968;A01;1.0;1;1.0;2.0;1996.0;0.0;1.0;8.0;;; -1;;;3.0;7.0;0.0;2.0;3.0;9.0;1.0;;20;3;2019;13:15;1.0;79;79191;2;6.0;1.0;3.0;Boulevard de l'Atlantique;46,3168100; -0,4807900;4;Boulevard de l'Atlantique;0.0;;2.0;4;2.0;1.0;0;0;1.0;;;1.0;5.0;1.0;50.0;Deux-Sèvres;75;Nouvelle-Aquitaine
201900003493;138Â 299Â 959;A01;1.0;1;2.0;2.0;1962.0;0.0;2.0;8.0;;0.0;0;;;0.0;30.0;0.0;0.0;0.0;0.0;1.0;;20;3;2019;21:05;5.0;76;76351;2;1.0;1.0;7.0;FRANCOIS 1ER (BD);49,4848800;0,1056200;4;FRANCOIS 1ER (BD);0.0;;3.0;4;0.0;1.0;0;0;2.0;;;1.0;0.0;1.0;50.0;Seine-Maritime;28;Normandie
201900003494;138Â 299Â 951;B01;1.0;1;2.0;1.0;1976.0;1.0;1.0;0.0;;0.0;0;;;2.0;7.0;0.0;2.0;1.0;1.0;1.0;;2;3;2019;05:10;5.0;73;73008;2;1.0;1.0;1.0;GARIBALDI BOULEVARD VERS AVENUE DU GRAND;45,6986264;5,8926714;4;GARIBALDI BOULEVARD;0.0;;2.0;2;2.0;1.0;(1);(1);3.0;;;1.0;0.0;1.0;50.0;Savoie;84;Auvergne-Rhône-Alpes
201900003494;138Â 299Â 952;A01;1.0;1;2.0;1.0;1989.0;5.0;1.0;0.0;;0.0;0;;;1.0;7.0;0.0;2.0;1.0;13.0;1.0;;2;3;2019;05:10;5.0;73;73008;2;1.0;1.0;1.0;GARIBALDI BOULEVARD VERS AVENUE DU GRAND;45,6986264;5,8926714;4;GARIBALDI BOULEVARD;0.0;;2.0;2;2.0;1.0;(1);(1);3.0;;;1.0;0.0;1.0;50.0;Savoie;84;Auvergne-Rhône-Alpes
201900003495;138Â 299Â 949;B01;1.0;1;1.0;1.0;1998.0;9.0;1.0;0.0;;0.0;0;;;2.0;7.0;0.0;2.0;3.0;15.0;1.0;;16;1;2019;13:15;1.0;62;62427;2;1.0;1.0;3.0;BLUM (R LEON);50,4306400;2,9488000;4;BLUM (R LEON);0.0;;2.0;2;0.0;1.0;0;0;1.0;;;1.0;0.0;2.0;50.0;Pas-de-Calais;32;Hauts-de-France
201900003495;138Â 299Â 950;A01;1.0;1;2.0;1.0;2002.0;9.0;2.0;6.0;;0.0;0;;;1.0;2.0;0.0;2.0;1.0;1.0;1.0;;16;1;2019;13:15;1.0;62;62427;2;1.0;1.0;3.0;BLUM (R LEON);50,4306400;2,9488000;4;BLUM (R LEON);0.0;;2.0;2;0.0;1.0;0;0;1.0;;;1.0;0.0;2.0;50.0;Pas-de-Calais;32;Hauts-de-France
201900003496;138Â 299Â 947;A01;1.0;1;3.0;1.0;2001.0;5.0;1.0;0.0;;;0;;;2.0;7.0;1.0;0.0;1.0;14.0;1.0;;19;1;2019;22:20;5.0;59;59369;2;1.0;1.0;1.0;SALENGRO (RUE ROGER);50,3042400;3,4767200;3;259;0.0;;2.0;2;0.0;1.0;0;0;3.0;;;1.0;0.0;1.0;50.0;Nord;32;Hauts-de-France
201900003497;138Â 299Â 945;B01;1.0;1;2.0;1.0;2002.0;5.0;2.0;0.0;;;0;;;1.0;2.0;0.0;0.0;4.0;23.0;1.0;;19;3;2019;17:45;1.0;49;49328;2;1.0;1.0;2.0;DESMARETS (RUE);47,2497300; -0,0899500;4;DESMARETS (RUE);0.0;;2.0;2;0.0;1.0;0;0;1.0;;;1.0;0.0;1.0;50.0;Maine-et-Loire;52;Pays de la Loire
201900003497;138Â 299Â 946;A01;1.0;1;1.0;1.0;1959.0;5.0;1.0;0.0;;;0;;;1.0;7.0;0.0;6.0;1.0;2.0;1.0;;19;3;2019;17:45;1.0;49;49328;2;1.0;1.0;2.0;DESMARETS (RUE);47,2497300; -0,0899500;4;DESMARETS (RUE);0.0;;2.0;2;0.0;1.0;0;0;1.0;;;1.0;0.0;1.0;50.0;Maine-et-Loire;52;Pays de la Loire
201900003498;138Â 299Â 942;Z01;10.0;3;2.0;1.0;1981.0;0.0;8.0;0.0;;3.0;3;1.0;;1.0;7.0;0.0;1.0;1.0;0.0;0.0;;24;3;2019;17:57;1.0;25;25031;2;1.0;1.0;6.0;19 avenue de la RÃ©volution;47,4761000;6,8404800;3;437;0.0;;2.0;3;0.0;1.0;136;930;1.0;;;1.0;0.0;2.0;50.0;Doubs;27;Bourgogne-Franche-Comté
201900003499;138Â 299Â 940;B01;1.0;1;2.0;1.0;2001.0;5.0;2.0;8.0;;;0;;;2.0;2.0;0.0;0.0;6.0;1.0;0.0;;22;3;2019;22:15;5.0;18;18033;2;2.0;1.0;3.0;JURANVILLE (PLACE DE);47,0833500;2,3888600;4;JURANVILLE (PLACE DE);0.0;;2.0;2;0.0;1.0;0;0;1.0;;;1.0;5.0;1.0;50.0;Cher;24;Centre-Val de Loire
201900003499;138Â 299Â 941;A01;2.0;2;1.0;1.0;1982.0;5.0;1.0;8.0;;;0;;;1.0;7.0;0.0;2.0;1.0;15.0;1.0;;22;3;2019;22:15;5.0;18;18033;2;2.0;1.0;3.0;JURANVILLE (PLACE DE);47,0833500;2,3888600;4;JURANVILLE (PLACE DE);0.0;;2.0;2;0.0;1.0;0;0;1.0;;;1.0;5.0;1.0;50.0;Cher;24;Centre-Val de Loire
201900003499;138Â 299Â 941;A01;1.0;1;1.0;1.0;1958.0;0.0;1.0;0.0;;;0;;;1.0;7.0;0.0;2.0;1.0;15.0;1.0;;22;3;2019;22:15;5.0;18;18033;2;2.0;1.0;3.0;JURANVILLE (PLACE DE);47,0833500;2,3888600;4;JURANVILLE (PLACE DE);0.0;;2.0;2;0.0;1.0;0;0;1.0;;;1.0;5.0;1.0;50.0;Cher;24;Centre-Val de Loire
201900003500;138Â 299Â 938;B01;2.0;2;3.0;2.0;1989.0;9.0;1.0;0.0;;; -1;;;0.0;7.0;0.0;2.0;1.0;1.0;1.0;;23;3;2019;11:05;1.0;13;13054;2;1.0;1.0;3.0;route de martigues quartier bricard;43,3976700;5,1986500;3;9;0.0;;2.0;2;0.0;1.0;0;0;2.0;;;1.0;0.0;1.0;50.0;Bouches-du-Rhône;93;Provence-Alpes-Côte d'Azur
201900003500;138Â 299Â 938;B01;1.0;1;1.0;1.0;1986.0;9.0;8.0;0.0;;; -1;;;0.0;7.0;0.0;2.0;1.0;1.0;1.0;;23;3;2019;11:05;1.0;13;13054;2;1.0;1.0;3.0;route de martigues quartier bricard;43,3976700;5,1986500;3;9;0.0;;2.0;2;0.0;1.0;0;0;2.0;;;1.0;0.0;1.0;50.0;Bouches-du-Rhône;93;Provence-Alpes-Côte d'Azur
201900003500;138Â 299Â 939;A01;1.0;1;2.0;1.0;1939.0;5.0;1.0;8.0;;;0;;;1.0;7.0;0.0;2.0;7.0;15.0;1.0;;23;3;2019;11:05;1.0;13;13054;2;1.0;1.0;3.0;route de martigues quartier bricard;43,3976700;5,1986500;3;9;0.0;;2.0;2;0.0;1.0;0;0;2.0;;;1.0;0.0;1.0;50.0;Bouches-du-Rhône;93;Provence-Alpes-Côte d'Azur
201900003501;138Â 299Â 937;A01;10.0;3;2.0;1.0;2006.0;0.0;8.0;0.0;;3.0;5;1.0;;2.0;7.0;0.0;1.0;1.0;1.0;1.0;;2;2;2019;10:30;1.0;94;94058;2;1.0;8.0;6.0;GABRIEL PERI (AV);48,8372500;2,5010600;4;GABRIEL PERI (AV);0.0;;2.0;2;0.0;1.0;0;0;1.0;;;2.0;0.0;1.0;50.0;Val-de-Marne;11;Île-de-France
201900003501;138Â 299Â 937;A01;1.0;1;1.0;1.0;1960.0;5.0;1.0;0.0;;;0;;;2.0;7.0;0.0;1.0;1.0;1.0;1.0;;2;2;2019;10:30;1.0;94;94058;2;1.0;8.0;6.0;GABRIEL PERI (AV);48,8372500;2,5010600;4;GABRIEL PERI (AV);0.0;;2.0;2;0.0;1.0;0;0;1.0;;;2.0;0.0;1.0;50.0;Val-de-Marne;11;Île-de-France
201900003502;138Â 299Â 936;A01;10.0;3;2.0;2.0;2003.0;0.0;8.0;0.0;;2.0;2;2.0;;0.0;7.0;0.0;1.0;2.0;26.0;0.0;;17;2;2019;15:55;1.0;93;93070;2;9.0;1.0;6.0;BERT (RUE PAUL);48,9021000;2,3388100;7;BERT (RUE PAUL);0.0;;1.0;1;0.0;1.0;0;0;1.0;;;1.0;0.0;1.0;50.0;Seine-Saint-Denis;11;Île-de-France
201900003503;138Â 299Â 934;A01;1.0;1;1.0;1.0;1985.0;0.0;1.0;8.0;;;0;;;1.0;7.0;0.0;2.0;3.0;26.0;0.0;;1;2;2019;12:13;1.0;93;93070;2;1.0;1.0;1.0;VICTOR-HUGO (BD);48,9058000;2,3237000;3;410;0.0;;1.0;2;0.0;1.0;0;0;1.0;;;1.0;0.0;1.0;50.0;Seine-Saint-Denis;11;Île-de-France
201900003503;138Â 299Â 935;B01;1.0;1;2.0;1.0;1956.0;0.0;2.0;0.0;;;0;;;1.0;31.0;0.0;2.0;3.0;26.0;0.0;;1;2;2019;12:13;1.0;93;93070;2;1.0;1.0;1.0;VICTOR-HUGO (BD);48,9058000;2,3237000;3;410;0.0;;1.0;2;0.0;1.0;0;0;1.0;;;1.0;0.0;1.0;50.0;Seine-Saint-Denis;11;Île-de-France
201900003504;138Â 299Â 931;A01;1.0;1;1.0;2.0;1958.0;0.0;1.0;0.0;;; -1;;;0.0;7.0;0.0;2.0;4.0;26.0;0.0;;22;3;2019;11:35;1.0;93;93050;2;9.0;1.0;4.0;PAUL ET CAMILLE THOMOUX (RUE) COTE IMPAI;48,8638600;2,5299700;3;970;0.0;;1.0;0;0.0;1.0;1;0;1.0;;;1.0;0.0;1.0;50.0;Seine-Saint-Denis;11;Île-de-France
201900003504;138Â 299Â 932;C01;1.0;1;1.0;1.0;1993.0;0.0;1.0;0.0;;; -1;;;3.0;7.0;0.0;2.0;1.0;2.0;0.0;;22;3;2019;11:35;1.0;93;93050;2;9.0;1.0;4.0;PAUL ET CAMILLE THOMOUX (RUE) COTE IMPAI;48,8638600;2,5299700;3;970;0.0;;1.0;0;0.0;1.0;1;0;1.0;;;1.0;0.0;1.0;50.0;Seine-Saint-Denis;11;Île-de-France
201900003504;138Â 299Â 933;B01;1.0;1;2.0;1.0;1979.0;0.0;1.0;0.0;;; -1;;;3.0;7.0;0.0;2.0;1.0;2.0;0.0;;22;3;2019;11:35;1.0;93;93050;2;9.0;1.0;4.0;PAUL ET CAMILLE THOMOUX (RUE) COTE IMPAI;48,8638600;2,5299700;3;970;0.0;;1.0;0;0.0;1.0;1;0;1.0;;;1.0;0.0;1.0;50.0;Seine-Saint-Denis;11;Île-de-France
201900003505;138Â 299Â 930;A01;10.0;3;2.0;1.0;1975.0;5.0;8.0;0.0;;2.0;3;1.0;;1.0;7.0;14.0;1.0;3.0;16.0;1.0;;12;1;2019;17:05;5.0;92;92026;2;6.0;1.0;6.0;GEORGES CLEMENCEAU;48,9026800;2,2745900;4;GEORGES CLEMENCEAU;0.0;;2.0;4;0.0;1.0;0;0;1.0;;;2.0;0.0;1.0;50.0;Hauts-de-Seine;11;Île-de-France
201900003505;138Â 299Â 930;A01;1.0;1;1.0;2.0;1947.0;5.0;1.0;0.0;;;0;;;1.0;7.0;14.0;1.0;3.0;16.0;1.0;;12;1;2019;17:05;5.0;92;92026;2;6.0;1.0;6.0;GEORGES CLEMENCEAU;48,9026800;2,2745900;4;GEORGES CLEMENCEAU;0.0;;2.0;4;0.0;1.0;0;0;1.0;;;2.0;0.0;1.0;50.0;Hauts-de-Seine;11;Île-de-France
201900003506;138Â 299Â 928;A01;1.0;1;2.0;2.0;1997.0;1.0;1.0;0.0;;;0;;;2.0;7.0;0.0;2.0;2.0;2.0;1.0;;17;2;2019;14:55;1.0;92;92002;2;1.0;1.0;2.0;DIVISION LECLERC (1 A 29 -2 A 34);48,7526344;2,3048028;3;920;0.0;;3.0;3;0.0;1.0;0;0;1.0;;;1.0;0.0;1.0;50.0;Hauts-de-Seine;11;Île-de-France
201900003506;138Â 299Â 929;B01;1.0;1;1.0;1.0;1979.0;5.0;1.0;8.0;;;0;;;2.0;7.0;0.0;2.0;6.0;12.0;1.0;;17;2;2019;14:55;1.0;92;92002;2;1.0;1.0;2.0;DIVISION LECLERC (1 A 29 -2 A 34);48,7526344;2,3048028;3;920;0.0;;3.0;3;0.0;1.0;0;0;1.0;;;1.0;0.0;1.0;50.0;Hauts-de-Seine;11;Île-de-France
201900003507;138Â 299Â 924;C01;1.0;1;2.0;2.0;1984.0;4.0;1.0;8.0;;;0;;;2.0;7.0;0.0;2.0;4.0;23.0;1.0;;31;1;2019;14:00;1.0;92;92002;2;1.0;1.0;4.0;GENERAL DE GAULLE (AVENUE DU);48,7634599;2,3082980;3;986;0.0;;1.0;2;0.0;1.0;0;0;1.0;;;1.0;0.0;1.0;50.0;Hauts-de-Seine;11;Île-de-France
201900003507;138Â 299Â 925;D01;1.0;1;1.0;1.0;1966.0;4.0;1.0;0.0;;;0;;;2.0;10.0;0.0;2.0;4.0;23.0;1.0;;31;1;2019;14:00;1.0;92;92002;2;1.0;1.0;4.0;GENERAL DE GAULLE (AVENUE DU);48,7634599;2,3082980;3;986;0.0;;1.0;2;0.0;1.0;0;0;1.0;;;1.0;0.0;1.0;50.0;Hauts-de-Seine;11;Île-de-France
201900003507;138Â 299Â 926;B01;3.0;2;2.0;2.0;1949.0;5.0;1.0;8.0;;;0;;;2.0;7.0;0.0;2.0;4.0;23.0;1.0;;31;1;2019;14:00;1.0;92;92002;2;1.0;1.0;4.0;GENERAL DE GAULLE (AVENUE DU);48,7634599;2,3082980;3;986;0.0;;1.0;2;0.0;1.0;0;0;1.0;;;1.0;0.0;1.0;50.0;Hauts-de-Seine;11;Île-de-France
201900003507;138Â 299Â 926;B01;1.0;1;2.0;1.0;1948.0;5.0;1.0;0.0;;;0;;;2.0;7.0;0.0;2.0;4.0;23.0;1.0;;31;1;2019;14:00;1.0;92;92002;2;1.0;1.0;4.0;GENERAL DE GAULLE (AVENUE DU);48,7634599;2,3082980;3;986;0.0;;1.0;2;0.0;1.0;0;0;1.0;;;1.0;0.0;1.0;50.0;Hauts-de-Seine;11;Île-de-France
201900003507;138Â 299Â 926;B01;2.0;2;2.0;2.0;1969.0;5.0;1.0;8.0;;;0;;;2.0;7.0;0.0;2.0;4.0;23.0;1.0;;31;1;2019;14:00;1.0;92;92002;2;1.0;1.0;4.0;GENERAL DE GAULLE (AVENUE DU);48,7634599;2,3082980;3;986;0.0;;1.0;2;0.0;1.0;0;0;1.0;;;1.0;0.0;1.0;50.0;Hauts-de-Seine;11;Île-de-France
201900003507;138Â 299Â 927;A01;2.0;2;1.0;1.0;1989.0;4.0;1.0;8.0;;;0;;;2.0;10.0;0.0;2.0;1.0;2.0;1.0;;31;1;2019;14:00;1.0;92;92002;2;1.0;1.0;4.0;GENERAL DE GAULLE (AVENUE DU);48,7634599;2,3082980;3;986;0.0;;1.0;2;0.0;1.0;0;0;1.0;;;1.0;0.0;1.0;50.0;Hauts-de-Seine;11;Île-de-France
201900003507;138Â 299Â 927;A01;1.0;1;2.0;1.0;1979.0;4.0;8.0;8.0;;;0;;;2.0;10.0;0.0;2.0;1.0;2.0;1.0;;31;1;2019;14:00;1.0;92;92002;2;1.0;1.0;4.0;GENERAL DE GAULLE (AVENUE DU);48,7634599;2,3082980;3;986;0.0;;1.0;2;0.0;1.0;0;0;1.0;;;1.0;0.0;1.0;50.0;Hauts-de-Seine;11;Île-de-France
201900003508;138Â 299Â 922;A01;1.0;1;1.0;1.0;1975.0;5.0;1.0;8.0;;;0;;;1.0;7.0;0.0;2.0;7.0;16.0;1.0;;5;1;2019;20:00;5.0;92;92014;2;3.0;1.0;6.0;MARECHAL JOFFRE (BD DU) (43 A 97 - 58 A;48,7824769;2,3148093;3;920;0.0;;1.0;3;3.0;2.0;0;0;1.0;;;1.0;0.0;1.0;50.0;Hauts-de-Seine;11;Île-de-France
201900003508;138Â 299Â 922;A01;2.0;2;1.0;1.0;2003.0;5.0;1.0;8.0;;;0;;;1.0;7.0;0.0;2.0;7.0;16.0;1.0;;5;1;2019;20:00;5.0;92;92014;2;3.0;1.0;6.0;MARECHAL JOFFRE (BD DU) (43 A 97 - 58 A;48,7824769;2,3148093;3;920;0.0;;1.0;3;3.0;2.0;0;0;1.0;;;1.0;0.0;1.0;50.0;Hauts-de-Seine;11;Île-de-France
201900003508;138Â 299Â 923;B01;1.0;1;1.0;1.0;2002.0;5.0;2.0;0.0;;;0;;;1.0;2.0;0.0;2.0;8.0;7.0;1.0;;5;1;2019;20:00;5.0;92;92014;2;3.0;1.0;6.0;MARECHAL JOFFRE (BD DU) (43 A 97 - 58 A;48,7824769;2,3148093;3;920;0.0;;1.0;3;3.0;2.0;0;0;1.0;;;1.0;0.0;1.0;50.0;Hauts-de-Seine;11;Île-de-France
201900003508;138Â 299Â 923;B01;2.0;2;2.0;1.0;2001.0;5.0;2.0;8.0;;;0;;;1.0;2.0;0.0;2.0;8.0;7.0;1.0;;5;1;2019;20:00;5.0;92;92014;2;3.0;1.0;6.0;MARECHAL JOFFRE (BD DU) (43 A 97 - 58 A;48,7824769;2,3148093;3;920;0.0;;1.0;3;3.0;2.0;0;0;1.0;;;1.0;0.0;1.0;50.0;Hauts-de-Seine;11;Île-de-France
201900003509;138Â 299Â 920;B01;1.0;1;3.0;1.0;1973.0;1.0;2.0;6.0;;;0;;;1.0;34.0;0.0;2.0;1.0;1.0;1.0;;3;1;2019;08:35;1.0;92;92002;2;3.0;1.0;3.0;ARISTIDE BRIAND (AVENUE);48,7624063;2,3085357;3;920;0.0;;2.0;4;0.0;1.0;(1);(1);1.0;;;1.0;0.0;1.0;50.0;Hauts-de-Seine;11;Île-de-France
201900003509;138Â 299Â 921;A01;1.0;1;1.0;2.0;1987.0;1.0;1.0;8.0;;;0;;;1.0;3.0;0.0;2.0;6.0;15.0;1.0;;3;1;2019;08:35;1.0;92;92002;2;3.0;1.0;3.0;ARISTIDE BRIAND (AVENUE);48,7624063;2,3085357;3;920;0.0;;2.0;4;0.0;1.0;(1);(1);1.0;;;1.0;0.0;1.0;50.0;Hauts-de-Seine;11;Île-de-France
201900003510;138Â 299Â 917;B01;1.0;1;1.0;1.0;1945.0;9.0;1.0;0.0;;;0;;;2.0;7.0;0.0;2.0;4.0;2.0;1.0;;21;3;2019;11:50;1.0;83;83137;1;1.0;1.0;4.0;;43,1213200;5,9533100;1;50 ;0.0;;3.0;6;0.0;1.0;72;500;1.0;;;1.0;0.0;1.0;70.0;Var;93;Provence-Alpes-Côte d'Azur
201900003510;138Â 299Â 918;C01;2.0;2;1.0;2.0;2002.0;4.0;1.0;0.0;;;0;;;2.0;7.0;0.0;2.0;4.0;2.0;1.0;;21;3;2019;11:50;1.0;83;83137;1;1.0;1.0;4.0;;43,1213200;5,9533100;1;50 ;0.0;;3.0;6;0.0;1.0;72;500;1.0;;;1.0;0.0;1.0;70.0;Var;93;Provence-Alpes-Côte d'Azur
201900003510;138Â 299Â 918;C01;1.0;1;2.0;2.0;1966.0;9.0;1.0;0.0;;;0;;;2.0;7.0;0.0;2.0;4.0;2.0;1.0;;21;3;2019;11:50;1.0;83;83137;1;1.0;1.0;4.0;;43,1213200;5,9533100;1;50 ;0.0;;3.0;6;0.0;1.0;72;500;1.0;;;1.0;0.0;1.0;70.0;Var;93;Provence-Alpes-Côte d'Azur
201900003510;138Â 299Â 918;C01;4.0;2;2.0;2.0;2005.0;0.0;1.0;0.0;;;0;;;2.0;7.0;0.0;2.0;4.0;2.0;1.0;;21;3;2019;11:50;1.0;83;83137;1;1.0;1.0;4.0;;43,1213200;5,9533100;1;50 ;0.0;;3.0;6;0.0;1.0;72;500;1.0;;;1.0;0.0;1.0;70.0;Var;93;Provence-Alpes-Côte d'Azur
201900003510;138Â 299Â 919;A01;1.0;1;1.0;1.0;1998.0;5.0;1.0;0.0;;;0;;;2.0;7.0;0.0;2.0;1.0;2.0;1.0;;21;3;2019;11:50;1.0;83;83137;1;1.0;1.0;4.0;;43,1213200;5,9533100;1;50 ;0.0;;3.0;6;0.0;1.0;72;500;1.0;;;1.0;0.0;1.0;70.0;Var;93;Provence-Alpes-Côte d'Azur
201900003511;138Â 299Â 915;B01;1.0;1;3.0;1.0;1984.0;5.0;2.0;6.0;;0.0;0;;;3.0;33.0;0.0;2.0;4.0;23.0;1.0;;24;3;2019;08:36;1.0;988;98818;2;3.0;1.0;2.0;PROMENADE ROGER LAROQUE; -22,3029100;166,4384600;4;358;0.0;;2.0;2;0.0;1.0;0;0;1.0;;;1.0;0.0;1.0;50.0;;;
201900003511;138Â 299Â 916;A01;1.0;1;1.0;1.0;1969.0;5.0;1.0;1.0;;0.0;0;;;3.0;7.0;0.0;2.0;2.0;2.0;1.0;;24;3;2019;08:36;1.0;988;98818;2;3.0;1.0;2.0;PROMENADE ROGER LAROQUE; -22,3029100;166,4384600;4;358;0.0;;2.0;2;0.0;1.0;0;0;1.0;;;1.0;0.0;1.0;50.0;;;
201900003512;138Â 299Â 914;A01;1.0;1;3.0;2.0;1934.0;9.0;1.0;1.0;;0.0;0;;;3.0;7.0;6.0;0.0;1.0;19.0;1.0;;23;3;2019;06:15;1.0;988;98818;2;2.0;1.0;6.0;RUE VICTOR BERNUT/RUE COLNETT; -22,2932600;166,4488100;4;62;0.0;;2.0;2;0.0;1.0;0;0;1.0;;;1.0;0.0;4.0;50.0;;;
201900003513;138Â 299Â 912;B01;1.0;1;1.0;1.0;1991.0;5.0;1.0;0.0;;0.0;0;;;3.0;10.0;0.0;1.0;6.0;2.0;1.0;;22;3;2019;16:40;1.0;988;98818;2;1.0;1.0;2.0;RUE JULES GARNIER; -22,2895400;166,4417100;4;268;0.0;;3.0;2;0.0;1.0;0;0;4.0;;;1.0;0.0;1.0;50.0;;;
201900003513;138Â 299Â 913;A01;1.0;1;2.0;1.0;1986.0;5.0;2.0;0.0;;0.0;0;;;3.0;32.0;0.0;2.0;1.0;2.0;1.0;;22;3;2019;16:40;1.0;988;98818;2;1.0;1.0;2.0;RUE JULES GARNIER; -22,2895400;166,4417100;4;268;0.0;;3.0;2;0.0;1.0;0;0;4.0;;;1.0;0.0;1.0;50.0;;;
201900003514;138Â 299Â 911;A01;1.0;1;1.0;2.0;1998.0;2.0;1.0;1.0;;0.0;0;;;3.0;7.0;0.0;1.0;1.0;1.0;1.0;;21;3;2019;11:30;1.0;988;98818;2;3.0;1.0;6.0;AVENUE DU MARECHAL FOCH/TOURVILLE; -22,2770300;166,4430700;4;251;0.0;;1.0;4;0.0;1.0;0;0;1.0;;;1.0;0.0;1.0;50.0;;;