Num_Acc;id_vehicule;num_veh;place;catu;grav;sexe;an_nais;trajet;secu1;secu2;secu3;locp;actp;etatp;id_usager;senc;catv;obs;obsm;choc;manv;motor;occutc;jour;mois;an;hrmn;lum;dep;com;agg;int;atm;col;adr;lat;long;catr;voie;v1;v2;circ;nbv;vosp;prof;pr;pr1;plan;lartpc;larrout;surf;infra;situ;vma;nom_departement;reg;nom_region
201900003514;138Â 299Â 911;A01;10.0;3;2.0;2.0;1968.0;3.0;0.0;0.0;;3.0;3;1.0;;3.0;7.0;0.0;1.0;1.0;1.0;1.0;;21;3;2019;11:30;1.0;988;98818;2;3.0;1.0;6.0;AVENUE DU MARECHAL FOCH/TOURVILLE; -22,2770300;166,4430700;4;251;0.0;;1.0;4;0.0;1.0;0;0;1.0;;;1.0;0.0;1.0;50.0;;;
201900003515;138Â 299Â 910;A01;2.0;2;2.0;2.0;1996.0;9.0;2.0;8.0;;;0;;;2.0;30.0;0.0;0.0;1.0;1.0;1.0;;24;3;2019;02:25;3.0;976;97610;2;1.0;1.0;7.0;Trois VallÃ©es - Majicavo (rue des ); -12,7559500;45,2329900;9;Trois VallÃ©es - Majicavo (rue des );0.0;;2.0;2;0.0;1.0;0;0;1.0;;;1.0;9.0;1.0;50.0;Mayotte;06;Mayotte
201900003515;138Â 299Â 910;A01;1.0;1;2.0;1.0;1984.0;9.0;2.0;8.0;;;0;;;2.0;30.0;0.0;0.0;1.0;1.0;1.0;;24;3;2019;02:25;3.0;976;97610;2;1.0;1.0;7.0;Trois VallÃ©es - Majicavo (rue des ); -12,7559500;45,2329900;9;Trois VallÃ©es - Majicavo (rue des );0.0;;2.0;2;0.0;1.0;0;0;1.0;;;1.0;9.0;1.0;50.0;Mayotte;06;Mayotte
201900003516;138Â 299Â 908;B01;1.0;1;3.0;1.0;1985.0;0.0;2.0;6.0;;0.0;0;;;3.0;33.0;0.0;2.0;1.0;1.0;1.0;;22;3;2019;18:00;2.0;974;97416;1;1.0;1.0;1.0;ELISLES (ROUTE HUBERT) CD3; -21,3148200;55,5440700;3;3;0.0;;2.0;2;0.0;2.0;0;0;3.0;;;1.0;0.0;1.0;50.0;La Réunion;04;La Réunion
201900003516;138Â 299Â 909;A01;1.0;1;1.0;2.0;1993.0;5.0;1.0;0.0;;0.0;0;;;3.0;7.0;0.0;2.0;1.0;17.0;1.0;;22;3;2019;18:00;2.0;974;97416;1;1.0;1.0;1.0;ELISLES (ROUTE HUBERT) CD3; -21,3148200;55,5440700;3;3;0.0;;2.0;2;0.0;2.0;0;0;3.0;;;1.0;0.0;1.0;50.0;La Réunion;04;La Réunion
201900003517;138Â 299Â 906;A01;1.0;1;1.0;1.0;1970.0;0.0;1.0;8.0;;0.0;0;;;3.0;10.0;0.0;2.0;1.0;15.0;1.0;;23;3;2019;12:35;5.0;974;97416;2;1.0;1.0;1.0;Rue Marcel Hoarau; -20,9097600;55,4864800;3;60;0.0;;2.0;1;0.0;1.0;0;0;1.0;;;1.0;0.0;1.0;50.0;La Réunion;04;La Réunion
201900003517;138Â 299Â 907;B01;1.0;1;3.0;1.0;1992.0;0.0;2.0;6.0;;0.0;0;;;3.0;33.0;0.0;2.0;1.0;1.0;1.0;;23;3;2019;12:35;5.0;974;97416;2;1.0;1.0;1.0;Rue Marcel Hoarau; -20,9097600;55,4864800;3;60;0.0;;2.0;1;0.0;1.0;0;0;1.0;;;1.0;0.0;1.0;50.0;La Réunion;04;La Réunion
201900003518;138Â 299Â 904;B01;4.0;2;2.0;2.0;2000.0;5.0;1.0;0.0;;0.0;0;;;2.0;10.0;0.0;2.0;3.0;1.0;1.0;;24;3;2019;01:20;5.0;974;97411;2;1.0;1.0;1.0;HOARAU (RUE MARCEL); -20,9097600;55,4864800;3;60;0.0;;2.0;2;0.0;2.0;0;0;2.0;;;1.0;9.0;1.0;50.0;La Réunion;04;La Réunion
201900003518;138Â 299Â 904;B01;1.0;1;1.0;1.0;1997.0;5.0;1.0;0.0;;0.0;0;;;2.0;10.0;0.0;2.0;3.0;1.0;1.0;;24;3;2019;01:20;5.0;974;97411;2;1.0;1.0;1.0;HOARAU (RUE MARCEL); -20,9097600;55,4864800;3;60;0.0;;2.0;2;0.0;2.0;0;0;2.0;;;1.0;9.0;1.0;50.0;La Réunion;04;La Réunion
201900003518;138Â 299Â 904;B01;2.0;2;1.0;1.0;1983.0;5.0;1.0;8.0;;0.0;0;;;2.0;10.0;0.0;2.0;3.0;1.0;1.0;;24;3;2019;01:20;5.0;974;97411;2;1.0;1.0;1.0;HOARAU (RUE MARCEL); -20,9097600;55,4864800;3;60;0.0;;2.0;2;0.0;2.0;0;0;2.0;;;1.0;9.0;1.0;50.0;La Réunion;04;La Réunion
201900003518;138Â 299Â 905;A01;1.0;1;1.0;1.0;1998.0;5.0;1.0;0.0;;0.0;0;;;1.0;7.0;0.0;2.0;3.0;17.0;6.0;;24;3;2019;01:20;5.0;974;97411;2;1.0;1.0;1.0;HOARAU (RUE MARCEL); -20,9097600;55,4864800;3;60;0.0;;2.0;2;0.0;2.0;0;0;2.0;;;1.0;9.0;1.0;50.0;La Réunion;04;La Réunion
201900003519;138Â 299Â 902;A01;1.0;1;1.0;1.0;1986.0;0.0;1.0;0.0;;0.0;0;;;1.0;7.0;0.0;2.0;2.0;17.0;1.0;;23;3;2019;17:15;1.0;974;97411;1;1.0;2.0;3.0;Route du Littoral; -20,8834000;55,3940000;2;1;0.0;;1.0;2;0.0;1.0;0;0;1.0;;;2.0;0.0;1.0;90.0;La Réunion;04;La Réunion
201900003519;138Â 299Â 902;A01;2.0;2;1.0;1.0;1992.0;0.0;1.0;0.0;;0.0;0;;;1.0;7.0;0.0;2.0;2.0;17.0;1.0;;23;3;2019;17:15;1.0;974;97411;1;1.0;2.0;3.0;Route du Littoral; -20,8834000;55,3940000;2;1;0.0;;1.0;2;0.0;1.0;0;0;1.0;;;2.0;0.0;1.0;90.0;La Réunion;04;La Réunion
201900003519;138Â 299Â 903;B01;4.0;2;2.0;1.0;2010.0;0.0;1.0;0.0;;0.0;0;;;1.0;7.0;0.0;2.0;8.0;0.0;1.0;;23;3;2019;17:15;1.0;974;97411;1;1.0;2.0;3.0;Route du Littoral; -20,8834000;55,3940000;2;1;0.0;;1.0;2;0.0;1.0;0;0;1.0;;;2.0;0.0;1.0;90.0;La Réunion;04;La Réunion
201900003519;138Â 299Â 903;B01;2.0;2;2.0;2.0;1989.0;0.0;1.0;0.0;;0.0;0;;;1.0;7.0;0.0;2.0;8.0;0.0;1.0;;23;3;2019;17:15;1.0;974;97411;1;1.0;2.0;3.0;Route du Littoral; -20,8834000;55,3940000;2;1;0.0;;1.0;2;0.0;1.0;0;0;1.0;;;2.0;0.0;1.0;90.0;La Réunion;04;La Réunion
201900003519;138Â 299Â 903;B01;1.0;1;1.0;2.0;1983.0;0.0;1.0;0.0;;0.0;0;;;1.0;7.0;0.0;2.0;8.0;0.0;1.0;;23;3;2019;17:15;1.0;974;97411;1;1.0;2.0;3.0;Route du Littoral; -20,8834000;55,3940000;2;1;0.0;;1.0;2;0.0;1.0;0;0;1.0;;;2.0;0.0;1.0;90.0;La Réunion;04;La Réunion
201900003519;138Â 299Â 903;B01;3.0;2;1.0;1.0;2014.0;0.0;1.0;0.0;;0.0;0;;;1.0;7.0;0.0;2.0;8.0;0.0;1.0;;23;3;2019;17:15;1.0;974;97411;1;1.0;2.0;3.0;Route du Littoral; -20,8834000;55,3940000;2;1;0.0;;1.0;2;0.0;1.0;0;0;1.0;;;2.0;0.0;1.0;90.0;La Réunion;04;La Réunion
201900003520;138Â 299Â 901;A01;1.0;1;2.0;2.0;1961.0;1.0;1.0;8.0;;0.0;0;;;2.0;10.0;0.0;2.0;2.0;1.0;1.0;;22;3;2019;05:15;1.0;974;97411;1;2.0;2.0;3.0;Avenue Felix GUYON; -20,8804730;55,4519320;4;Rue FÃ©lix Guyon;0.0;;2.0;2;0.0;2.0;0;0;1.0;;;1.0;9.0;1.0;50.0;La Réunion;04;La Réunion
201900003521;138Â 299Â 898;B01;1.0;1;1.0;1.0;2000.0;9.0;8.0;8.0;;; -1;;;1.0;7.0;0.0;2.0;2.0;26.0;1.0;;19;3;2019;15:30;1.0;974;97409;2;1.0;1.0;1.0;DUMESNIL D'ENGENTE(RUE); -20,9513300;55,6522400;4;DUMESNIL D'ENGENTE(RUE);0.0;;2.0;2;0.0;1.0;0;0;1.0;;;1.0;0.0;1.0;50.0;La Réunion;04;La Réunion
201900003521;138Â 299Â 899;A01;1.0;1;2.0;1.0;2002.0;5.0;2.0;8.0;;; -1;;;2.0;35.0;1.0;0.0;2.0;1.0;1.0;;19;3;2019;15:30;1.0;974;97409;2;1.0;1.0;1.0;DUMESNIL D'ENGENTE(RUE); -20,9513300;55,6522400;4;DUMESNIL D'ENGENTE(RUE);0.0;;2.0;2;0.0;1.0;0;0;1.0;;;1.0;0.0;1.0;50.0;La Réunion;04;La Réunion
201900003522;138Â 299Â 895;B01;1.0;1;2.0;2.0;1991.0;9.0;8.0;0.0;;0.0;0;;;1.0;1.0;0.0;2.0;1.0;5.0;5.0;;25;3;2019;19:40;5.0;69;69387;2;2.0;8.0;3.0;FELIX FAURE                         (AV);45,7521800;4,8472300;7;FELIX FAURE                         (AV);0.0;;1.0;1;1.0;1.0;1;0;1.0;;;1.0;0.0;1.0;50.0;Rhône;84;Auvergne-Rhône-Alpes
201900003522;138Â 299Â 896;A01;1.0;1;1.0;2.0;1991.0;9.0;1.0;0.0;;0.0;0;;;2.0;7.0;0.0;2.0;3.0;15.0;1.0;;25;3;2019;19:40;5.0;69;69387;2;2.0;8.0;3.0;FELIX FAURE                         (AV);45,7521800;4,8472300;7;FELIX FAURE                         (AV);0.0;;1.0;1;1.0;1.0;1;0;1.0;;;1.0;0.0;1.0;50.0;Rhône;84;Auvergne-Rhône-Alpes
201900003523;138Â 299Â 893;B01;1.0;1;1.0;1.0;1964.0;0.0;2.0;8.0;;0.0;0;;;1.0;32.0;0.0;2.0;1.0;1.0;0.0;;25;3;2019;17:50;1.0;69;69387;2;2.0;8.0;3.0;JEAN JAURES                         (AV);45,7381900;4,8376700;4;JEAN JAURES                         (AV);0.0;;2.0;4;0.0;1.0;0;0;1.0;;;1.0;0.0;1.0;50.0;Rhône;84;Auvergne-Rhône-Alpes
201900003523;138Â 299Â 893;B01;2.0;2;2.0;2.0;1968.0;0.0;2.0;0.0;;0.0;0;;;1.0;32.0;0.0;2.0;1.0;1.0;0.0;;25;3;2019;17:50;1.0;69;69387;2;2.0;8.0;3.0;JEAN JAURES                         (AV);45,7381900;4,8376700;4;JEAN JAURES                         (AV);0.0;;2.0;4;0.0;1.0;0;0;1.0;;;1.0;0.0;1.0;50.0;Rhône;84;Auvergne-Rhône-Alpes
201900003523;138Â 299Â 894;A01;1.0;1;1.0;1.0;1985.0;0.0;1.0;0.0;;0.0;0;;;2.0;7.0;0.0;2.0;7.0;15.0;0.0;;25;3;2019;17:50;1.0;69;69387;2;2.0;8.0;3.0;JEAN JAURES                         (AV);45,7381900;4,8376700;4;JEAN JAURES                         (AV);0.0;;2.0;4;0.0;1.0;0;0;1.0;;;1.0;0.0;1.0;50.0;Rhône;84;Auvergne-Rhône-Alpes
201900003524;138Â 299Â 889;A01;1.0;1;1.0;1.0;1958.0;5.0;1.0;4.0;;;0;;;2.0;7.0;0.0;2.0;1.0;1.0;1.0;;26;11;2019;07:45;2.0;95;95252;1;1.0;2.0;4.0;AUTOROUTE A15;48,9774900;2,2328200;1;15;0.0;;3.0;7;0.0;1.0;10;800;1.0;;;2.0;0.0;1.0;110.0;Val-d'Oise;11;Île-de-France
201900003524;138Â 299Â 890;B01;1.0;1;1.0;2.0;1985.0;1.0;1.0;4.0;;;0;;;2.0;7.0;0.0;2.0;4.0;2.0;1.0;;26;11;2019;07:45;2.0;95;95252;1;1.0;2.0;4.0;AUTOROUTE A15;48,9774900;2,2328200;1;15;0.0;;3.0;7;0.0;1.0;10;800;1.0;;;2.0;0.0;1.0;110.0;Val-d'Oise;11;Île-de-France
201900003524;138Â 299Â 891;C01;1.0;1;2.0;1.0;1992.0;1.0;2.0;6.0;;;0;;;2.0;33.0;1.0;0.0;1.0;1.0;1.0;;26;11;2019;07:45;2.0;95;95252;1;1.0;2.0;4.0;AUTOROUTE A15;48,9774900;2,2328200;1;15;0.0;;3.0;7;0.0;1.0;10;800;1.0;;;2.0;0.0;1.0;110.0;Val-d'Oise;11;Île-de-France
201900003524;138Â 299Â 892;D01;1.0;1;1.0;1.0;1956.0;5.0;1.0;4.0;;;0;;;2.0;7.0;0.0;2.0;4.0;1.0;1.0;;26;11;2019;07:45;2.0;95;95252;1;1.0;2.0;4.0;AUTOROUTE A15;48,9774900;2,2328200;1;15;0.0;;3.0;7;0.0;1.0;10;800;1.0;;;2.0;0.0;1.0;110.0;Val-d'Oise;11;Île-de-France
201900003525;138Â 299Â 886;A01;1.0;1;1.0;1.0;1989.0;1.0;1.0;4.0;;;0;;;1.0;7.0;0.0;2.0;3.0;9.0;1.0;;25;11;2019;19:15;3.0;95;95500;1;1.0;2.0;5.0;AUTOROUTE A15;49,0376775;2,0901531;1;15;0.0;;3.0;8;0.0;1.0;23;399;1.0;;;2.0;0.0;1.0;90.0;Val-d'Oise;11;Île-de-France
201900003525;138Â 299Â 887;B01;1.0;1;2.0;1.0;1972.0;1.0;2.0;6.0;;;0;;;1.0;33.0;0.0;2.0;1.0;3.0;1.0;;25;11;2019;19:15;3.0;95;95500;1;1.0;2.0;5.0;AUTOROUTE A15;49,0376775;2,0901531;1;15;0.0;;3.0;8;0.0;1.0;23;399;1.0;;;2.0;0.0;1.0;90.0;Val-d'Oise;11;Île-de-France
201900003525;138Â 299Â 888;C01;1.0;1;1.0;1.0;1992.0;4.0;1.0;4.0;;;0;;;1.0;10.0;0.0;2.0;4.0;1.0;1.0;;25;11;2019;19:15;3.0;95;95500;1;1.0;2.0;5.0;AUTOROUTE A15;49,0376775;2,0901531;1;15;0.0;;3.0;8;0.0;1.0;23;399;1.0;;;2.0;0.0;1.0;90.0;Val-d'Oise;11;Île-de-France
201900003526;138Â 299Â 883;A01;1.0;1;3.0;1.0;1994.0;0.0;2.0;6.0;;;0;;;1.0;33.0;3.0;2.0;1.0;2.0;1.0;;24;11;2019;18:40;4.0;92;92036;1;1.0;1.0;5.0;AUTOROUTE A86;48,9387024;2,3081599;1;86;0.0;;3.0;7;0.0;1.0;9;500;1.0;;;1.0;0.0;1.0;90.0;Hauts-de-Seine;11;Île-de-France
201900003526;138Â 299Â 884;B01;1.0;1;1.0;1.0;1990.0;9.0;1.0;8.0;;;0;;;1.0;7.0;0.0;2.0;4.0;2.0;1.0;;24;11;2019;18:40;4.0;92;92036;1;1.0;1.0;5.0;AUTOROUTE A86;48,9387024;2,3081599;1;86;0.0;;3.0;7;0.0;1.0;9;500;1.0;;;1.0;0.0;1.0;90.0;Hauts-de-Seine;11;Île-de-France
201900003526;138Â 299Â 885;C01;1.0;1;1.0;1.0;1985.0;9.0;1.0;8.0;;;0;;;1.0;7.0;0.0;2.0;6.0;1.0;1.0;;24;11;2019;18:40;4.0;92;92036;1;1.0;1.0;5.0;AUTOROUTE A86;48,9387024;2,3081599;1;86;0.0;;3.0;7;0.0;1.0;9;500;1.0;;;1.0;0.0;1.0;90.0;Hauts-de-Seine;11;Île-de-France
201900003527;138Â 299Â 882;A01;2.0;2;2.0;2.0;1993.0;5.0;1.0;0.0;;;0;;;2.0;7.0;3.0;0.0;7.0;1.0;1.0;;27;11;2019;14:40;1.0;94;94079;1;1.0;2.0;7.0;A4;48,8354705;2,5397302;1;4;0.0;;3.0;4;0.0;4.0;12;500;2.0;;;2.0;0.0;1.0;110.0;Val-de-Marne;11;Île-de-France
201900003527;138Â 299Â 882;A01;1.0;1;1.0;1.0;1992.0;5.0;1.0;4.0;;;0;;;2.0;7.0;3.0;0.0;7.0;1.0;1.0;;27;11;2019;14:40;1.0;94;94079;1;1.0;2.0;7.0;A4;48,8354705;2,5397302;1;4;0.0;;3.0;4;0.0;4.0;12;500;2.0;;;2.0;0.0;1.0;110.0;Val-de-Marne;11;Île-de-France
201900003528;138Â 299Â 880;A01;1.0;1;1.0;2.0;1967.0;1.0;1.0;0.0;;;0;;;1.0;7.0;0.0;2.0;1.0;9.0;1.0;;27;11;2019;10:50;1.0;94;94018;1;1.0;2.0;2.0;A4;48,8193784;2,4052843;1;4;0.0;;3.0;9;0.0;1.0;1;299;1.0;;;2.0;0.0;1.0;80.0;Val-de-Marne;11;Île-de-France
201900003528;138Â 299Â 881;B01;1.0;1;2.0;1.0;1973.0;9.0;2.0;6.0;;; -1;;;1.0;34.0;0.0;2.0;4.0;12.0;1.0;;27;11;2019;10:50;1.0;94;94018;1;1.0;2.0;2.0;A4;48,8193784;2,4052843;1;4;0.0;;3.0;9;0.0;1.0;1;299;1.0;;;2.0;0.0;1.0;80.0;Val-de-Marne;11;Île-de-France
201900003529;138Â 299Â 879;A01;1.0;1;2.0;2.0;1979.0;9.0;1.0;8.0;;;0;;;1.0;7.0;3.0;0.0;1.0;26.0;1.0;;14;11;2019;19:10;5.0;94;94028;1;1.0;1.0;7.0;A86 INT;48,8017265;2,4474144;1;86;0.0;INT;1.0;2;0.0;1.0;37;500;1.0;;;2.0;0.0;1.0;50.0;Val-de-Marne;11;Île-de-France
201900003530;138Â 299Â 877;A01;2.0;2;3.0;2.0;1999.0;0.0;1.0;0.0;;;0;;;1.0;7.0;0.0;2.0;7.0;22.0;1.0;;9;6;2019;20:00;1.0;69;69266;2;1.0;1.0;3.0;8 MAI 1945   (Rue du);45,7760000;4,8920000;4;8 MAI 1945   (Rue du);0.0;;2.0;2;0.0;1.0;0;0;1.0;;;2.0;0.0;1.0;50.0;Rhône;84;Auvergne-Rhône-Alpes
201900003530;138Â 299Â 877;A01;1.0;1;1.0;1.0;1997.0;0.0;1.0;0.0;;;0;;;1.0;7.0;0.0;2.0;7.0;22.0;1.0;;9;6;2019;20:00;1.0;69;69266;2;1.0;1.0;3.0;8 MAI 1945   (Rue du);45,7760000;4,8920000;4;8 MAI 1945   (Rue du);0.0;;2.0;2;0.0;1.0;0;0;1.0;;;2.0;0.0;1.0;50.0;Rhône;84;Auvergne-Rhône-Alpes
201900003530;138Â 299Â 878;B01;1.0;1;1.0;1.0;1995.0;0.0;1.0;0.0;;;0;;;2.0;7.0;1.0;0.0;2.0;1.0;1.0;;9;6;2019;20:00;1.0;69;69266;2;1.0;1.0;3.0;8 MAI 1945   (Rue du);45,7760000;4,8920000;4;8 MAI 1945   (Rue du);0.0;;2.0;2;0.0;1.0;0;0;1.0;;;2.0;0.0;1.0;50.0;Rhône;84;Auvergne-Rhône-Alpes
201900003531;138Â 299Â 876;A01;10.0;3;2.0;2.0;1961.0;5.0;8.0;0.0;;1.0;3;1.0;;0.0;7.0;0.0;1.0;7.0;9.0;1.0;;4;11;2019;07:30;1.0;45;45234;2;1.0;8.0;6.0;RUE STANISLAS JULIEN;47,8985686;1,8979150;4;RUE STANISLAS JULIEN;0.0;;1.0;1;0.0;2.0;1;0;1.0;;;2.0;0.0;1.0;50.0;Loiret;24;Centre-Val de Loire
201900003531;138Â 299Â 876;A01;1.0;1;1.0;1.0;1974.0;1.0;8.0;0.0;;0.0;0;;;0.0;7.0;0.0;1.0;7.0;9.0;1.0;;4;11;2019;07:30;1.0;45;45234;2;1.0;8.0;6.0;RUE STANISLAS JULIEN;47,8985686;1,8979150;4;RUE STANISLAS JULIEN;0.0;;1.0;1;0.0;2.0;1;0;1.0;;;2.0;0.0;1.0;50.0;Loiret;24;Centre-Val de Loire
201900003532;138Â 299Â 874;B01;1.0;1;2.0;1.0;1997.0;5.0;2.0;6.0;;0.0;0;;;1.0;33.0;0.0;2.0;1.0;1.0;1.0;;3;11;2019;13:15;1.0;45;45234;2;1.0;2.0;3.0;QUAI DU ROI;47,8994809;1,9241183;4;QUAI DU ROI;0.0;;2.0;2;0.0;1.0;(1);(1);1.0;;;2.0;0.0;1.0;50.0;Loiret;24;Centre-Val de Loire
201900003532;138Â 299Â 875;A01;1.0;1;1.0;1.0;1993.0;5.0;1.0;0.0;;0.0;0;;;1.0;7.0;0.0;2.0;8.0;10.0;1.0;;3;11;2019;13:15;1.0;45;45234;2;1.0;2.0;3.0;QUAI DU ROI;47,8994809;1,9241183;4;QUAI DU ROI;0.0;;2.0;2;0.0;1.0;(1);(1);1.0;;;2.0;0.0;1.0;50.0;Loiret;24;Centre-Val de Loire
201900003533;138Â 299Â 872;B01;1.0;1;1.0;1.0;1985.0;5.0;1.0;8.0;;0.0;0;;;1.0;7.0;0.0;6.0;3.0;1.0;1.0;;4;11;2019;13:35;1.0;34;34172;2;9.0;1.0;3.0;BECQUEREL (RUE HENRI);43,6181500;3,9135300;4;BECQUEREL (RUE HENRI);0.0;;1.0;2;1.0;1.0;(1);(1);1.0;;;1.0;5.0;1.0;50.0;Hérault;76;Occitanie
201900003533;138Â 299Â 873;A01;1.0;1;2.0;1.0;1976.0;5.0;2.0;8.0;;0.0;0;;;3.0;80.0;0.0;2.0;8.0;19.0;3.0;;4;11;2019;13:35;1.0;34;34172;2;9.0;1.0;3.0;BECQUEREL (RUE HENRI);43,6181500;3,9135300;4;BECQUEREL (RUE HENRI);0.0;;1.0;2;1.0;1.0;(1);(1);1.0;;;1.0;5.0;1.0;50.0;Hérault;76;Occitanie
201900003534;138Â 299Â 871;A01;10.0;3;2.0;2.0;1996.0;5.0;8.0;0.0;;5.0;1;2.0;;1.0;7.0;0.0;1.0;7.0;1.0;1.0;;26;7;2019;18:25;1.0;02;02408;2;9.0;9.0;6.0;CORNETTE (RUE);49,5764700;3,6336600;4;CORNETTE (RUE);0.0;;2.0;2;0.0;1.0;0;0;1.0;;;1.0;0.0;1.0;50.0;Aisne;32;Hauts-de-France
201900003534;138Â 299Â 871;A01;1.0;1;1.0;2.0;1957.0;9.0;8.0;0.0;;0.0;0;;;1.0;7.0;0.0;1.0;7.0;1.0;1.0;;26;7;2019;18:25;1.0;02;02408;2;9.0;9.0;6.0;CORNETTE (RUE);49,5764700;3,6336600;4;CORNETTE (RUE);0.0;;2.0;2;0.0;1.0;0;0;1.0;;;1.0;0.0;1.0;50.0;Aisne;32;Hauts-de-France
201900003535;138Â 299Â 869;A01;1.0;1;2.0;2.0;2002.0;2.0;1.0;8.0;;0.0;0;;;2.0;3.0;0.0;2.0;1.0;1.0;1.0;;5;11;2019;06:50;1.0;988;98818;2;3.0;1.0;2.0;RUE AUGUSTE BENEBIG/EDOUARD MERCIER; -22,2706500;166,4532900;4;587;0.0;;2.0;3;0.0;2.0;0;0;1.0;;;1.0;0.0;1.0;50.0;;;
201900003535;138Â 299Â 870;B01;1.0;1;1.0;1.0;1998.0;1.0;1.0;8.0;;0.0;0;;;2.0;7.0;0.0;2.0;4.0;23.0;1.0;;5;11;2019;06:50;1.0;988;98818;2;3.0;1.0;2.0;RUE AUGUSTE BENEBIG/EDOUARD MERCIER; -22,2706500;166,4532900;4;587;0.0;;2.0;3;0.0;2.0;0;0;1.0;;;1.0;0.0;1.0;50.0;;;
201900003536;138Â 299Â 866;A01;1.0;1;1.0;1.0;1956.0;0.0;1.0;0.0;;; -1;;;1.0;3.0;0.0;2.0;5.0;15.0;1.0;;3;11;2019;18:00;1.0;987;98735;2;9.0;1.0;5.0;CHESSE ( RUE); -17,5332100; -149,5589900;4;CHESSE ( RUE);0.0;;2.0;4;0.0;1.0;1;0;1.0;;;1.0;0.0;1.0;50.0;;;
201900003536;138Â 299Â 867;B01;1.0;1;3.0;1.0;1986.0;9.0;2.0;8.0;;; -1;;;1.0;31.0;0.0;2.0;5.0;26.0;1.0;;3;11;2019;18:00;1.0;987;98735;2;9.0;1.0;5.0;CHESSE ( RUE); -17,5332100; -149,5589900;4;CHESSE ( RUE);0.0;;2.0;4;0.0;1.0;1;0;1.0;;;1.0;0.0;1.0;50.0;;;
201900003536;138Â 299Â 868;C01;1.0;1;1.0;1.0;1995.0;0.0;1.0;8.0;;; -1;;;1.0;3.0;0.0;2.0;0.0;26.0;1.0;;3;11;2019;18:00;1.0;987;98735;2;9.0;1.0;5.0;CHESSE ( RUE); -17,5332100; -149,5589900;4;CHESSE ( RUE);0.0;;2.0;4;0.0;1.0;1;0;1.0;;;1.0;0.0;1.0;50.0;;;
201900003537;138Â 299Â 865;A01;2.0;2;2.0;1.0;1994.0;0.0;1.0;0.0;;;0;;;1.0;7.0;0.0;9.0;1.0;9.0;1.0;;4;11;2019;15:00;1.0;974;97409;2;1.0;1.0;6.0;Salazie (route de); -21,0015300;55,5979900;3;48;0.0;;2.0;2;0.0;1.0;5;0;1.0;;;1.0;0.0;1.0;70.0;La Réunion;04;La Réunion
201900003537;138Â 299Â 865;A01;1.0;1;2.0;1.0;1985.0;0.0;1.0;0.0;;;0;;;1.0;7.0;0.0;9.0;1.0;9.0;1.0;;4;11;2019;15:00;1.0;974;97409;2;1.0;1.0;6.0;Salazie (route de); -21,0015300;55,5979900;3;48;0.0;;2.0;2;0.0;1.0;5;0;1.0;;;1.0;0.0;1.0;70.0;La Réunion;04;La Réunion
201900003538;138Â 299Â 863;A01;1.0;1;1.0;1.0;1989.0;9.0;1.0;8.0;;;0;;;0.0;7.0;0.0;2.0;2.0;16.0;6.0;;31;10;2019;21:25;5.0;973;97302;2;9.0;1.0;3.0;TECLE (EUGENE) CITE THEMIRE;4,9342717; -52,3208749;9;TECLE (EUGENE) CITE THEMIRE;0.0;;2.0;2;0.0;1.0;1;0;1.0;;;1.0;0.0;1.0;50.0;Guyane;03;Guyane
201900003538;138Â 299Â 864;B01;1.0;1;2.0;2.0;1989.0;9.0;2.0;8.0;;;0;;;0.0;30.0;0.0;2.0;8.0;1.0;6.0;;31;10;2019;21:25;5.0;973;97302;2;9.0;1.0;3.0;TECLE (EUGENE) CITE THEMIRE;4,9342717; -52,3208749;9;TECLE (EUGENE) CITE THEMIRE;0.0;;2.0;2;0.0;1.0;1;0;1.0;;;1.0;0.0;1.0;50.0;Guyane;03;Guyane
201900003539;138Â 299Â 862;A01;10.0;3;2.0;1.0;1943.0;0.0;0.0;;;9.0;3;1.0;;0.0;10.0;0.0;1.0;4.0;26.0;1.0;;4;11;2019;13:30;1.0;69;69259;2;9.0;1.0;6.0;JULES GUESDE                        (AV);45,7157300;4,8879800;9;JULES GUESDE                        (AV);0.0;;;0;0.0;1.0;1;0;1.0;;;1.0;9.0;;30.0;Rhône;84;Auvergne-Rhône-Alpes
201900003539;138Â 299Â 862;A01;1.0;1;1.0;2.0;1991.0;0.0;1.0;0.0;;; -1;;;0.0;10.0;0.0;1.0;4.0;26.0;1.0;;4;11;2019;13:30;1.0;69;69259;2;9.0;1.0;6.0;JULES GUESDE                        (AV);45,7157300;4,8879800;9;JULES GUESDE                        (AV);0.0;;;0;0.0;1.0;1;0;1.0;;;1.0;9.0;;30.0;Rhône;84;Auvergne-Rhône-Alpes