Num_Acc;id_vehicule;num_veh;place;catu;grav;sexe;an_nais;trajet;secu1;secu2;secu3;locp;actp;etatp;id_usager;senc;catv;obs;obsm;choc;manv;motor;occutc;jour;mois;an;hrmn;lum;dep;com;agg;int;atm;col;adr;lat;long;catr;voie;v1;v2;circ;nbv;vosp;prof;pr;pr1;plan;lartpc;larrout;surf;infra;situ;vma;nom_departement;reg;nom_region
201900003540;138Â 299Â 861;A01;1.0;1;2.0;1.0;1966.0;9.0;2.0;0.0;;; -1;;;2.0;30.0;0.0;0.0;8.0;1.0;1.0;;4;11;2019;11:15;1.0;69;69386;2;1.0;2.0;6.0;WALDECK ROUSSEAU                    (R );45,7728000;4,8581900;4;VERGUIN                             (AV);0.0;;2.0;4;0.0;1.0;0;0;1.0;;;2.0;0.0;1.0;50.0;Rhône;84;Auvergne-Rhône-Alpes
201900003541;138Â 299Â 859;B01;1.0;1;1.0;1.0;1982.0;5.0;8.0;0.0;;; -1;;;1.0;7.0;0.0;2.0;8.0;15.0;1.0;;4;11;2019;00:15;5.0;69;69383;2;2.0;1.0;3.0;LACASSAGNE                          (AV);45,7484000;4,8797000;7;LACASSAGNE                          (AV);0.0;;1.0;3;0.0;1.0;1;0;1.0;;;2.0;0.0;1.0;50.0;Rhône;84;Auvergne-Rhône-Alpes
201900003541;138Â 299Â 860;A01;2.0;1;2.0;1.0;1994.0;0.0;2.0;0.0;;; -1;;;1.0;30.0;0.0;2.0;0.0;2.0;1.0;;4;11;2019;00:15;5.0;69;69383;2;2.0;1.0;3.0;LACASSAGNE                          (AV);45,7484000;4,8797000;7;LACASSAGNE                          (AV);0.0;;1.0;3;0.0;1.0;1;0;1.0;;;2.0;0.0;1.0;50.0;Rhône;84;Auvergne-Rhône-Alpes
201900003542;138Â 299Â 857;B01;1.0;1;2.0;1.0;1980.0;4.0;8.0;0.0;;; -1;;;1.0;7.0;0.0;2.0;5.0;26.0;1.0;;4;11;2019;14:10;1.0;69;69286;2;6.0;8.0;3.0;ROUTE DE STRASBOURG D 483           (RO);45,8228000;4,9020300;3; 483        ;0.0;;;2;0.0;1.0;5;700;2.0;;;2.0;5.0;1.0;50.0;Rhône;84;Auvergne-Rhône-Alpes
201900003542;138Â 299Â 857;B01;2.0;2;2.0;1.0;1975.0;4.0;8.0;0.0;;; -1;;;1.0;7.0;0.0;2.0;5.0;26.0;1.0;;4;11;2019;14:10;1.0;69;69286;2;6.0;8.0;3.0;ROUTE DE STRASBOURG D 483           (RO);45,8228000;4,9020300;3; 483        ;0.0;;;2;0.0;1.0;5;700;2.0;;;2.0;5.0;1.0;50.0;Rhône;84;Auvergne-Rhône-Alpes
201900003542;138Â 299Â 858;A01;1.0;1;1.0;1.0;1965.0;4.0;1.0;0.0;;; -1;;;3.0;13.0;0.0;2.0;5.0;9.0;1.0;;4;11;2019;14:10;1.0;69;69286;2;6.0;8.0;3.0;ROUTE DE STRASBOURG D 483           (RO);45,8228000;4,9020300;3; 483        ;0.0;;;2;0.0;1.0;5;700;2.0;;;2.0;5.0;1.0;50.0;Rhône;84;Auvergne-Rhône-Alpes
201900003543;138Â 299Â 855;B01;1.0;1;2.0;1.0;1987.0;1.0;1.0;0.0;;0.0;0;;;1.0;7.0;1.0;0.0;2.0;12.0;1.0;;4;11;2019;08:15;1.0;91;91692;1;1.0;1.0;2.0;OCEANIE (AVENUE DE L');48,6812800;2,2035500;3;118;0.0;;3.0;6;0.0;1.0;0;0;1.0;;;2.0;0.0;1.0;70.0;Essonne;11;Île-de-France
201900003543;138Â 299Â 856;A01;1.0;1;1.0;1.0;1975.0;1.0;8.0;0.0;;0.0;0;;;1.0;7.0;0.0;2.0;6.0;23.0;3.0;;4;11;2019;08:15;1.0;91;91692;1;1.0;1.0;2.0;OCEANIE (AVENUE DE L');48,6812800;2,2035500;3;118;0.0;;3.0;6;0.0;1.0;0;0;1.0;;;2.0;0.0;1.0;70.0;Essonne;11;Île-de-France
201900003544;138Â 299Â 852;A01;1.0;1;2.0;2.0;1986.0;0.0;1.0;0.0;;; -1;;;2.0;7.0;0.0;2.0;1.0;1.0;1.0;;3;11;2019;18:30;5.0;91;91479;1;6.0;2.0;2.0;AVERNAISES (VOIE DES);48,7437900;2,3633900;2;7;0.0;;1.0;1;0.0;2.0;(1);(1);3.0;;;2.0;0.0;1.0;50.0;Essonne;11;Île-de-France
201900003544;138Â 299Â 853;B01;1.0;1;1.0;2.0;1993.0;0.0;1.0;0.0;;; -1;;;2.0;7.0;0.0;2.0;6.0;1.0;1.0;;3;11;2019;18:30;5.0;91;91479;1;6.0;2.0;2.0;AVERNAISES (VOIE DES);48,7437900;2,3633900;2;7;0.0;;1.0;1;0.0;2.0;(1);(1);3.0;;;2.0;0.0;1.0;50.0;Essonne;11;Île-de-France
201900003544;138Â 299Â 853;B01;2.0;2;1.0;1.0;1989.0;0.0;1.0;0.0;;; -1;;;2.0;7.0;0.0;2.0;6.0;1.0;1.0;;3;11;2019;18:30;5.0;91;91479;1;6.0;2.0;2.0;AVERNAISES (VOIE DES);48,7437900;2,3633900;2;7;0.0;;1.0;1;0.0;2.0;(1);(1);3.0;;;2.0;0.0;1.0;50.0;Essonne;11;Île-de-France
201900003545;138Â 299Â 850;B01;4.0;2;2.0;2.0;2015.0;0.0;1.0;0.0;;0.0;0;;;3.0;7.0;0.0;2.0;4.0;2.0;0.0;;30;10;2019;21:30;5.0;91;91339;2;3.0;1.0;2.0;RN 20;48,6350000;2,2660000;2;20;0.0;;3.0;4;0.0;1.0;0;0;1.0;;;1.0;0.0;1.0;50.0;Essonne;11;Île-de-France
201900003545;138Â 299Â 850;B01;3.0;2;2.0;1.0;2012.0;0.0;1.0;0.0;;0.0;0;;;3.0;7.0;0.0;2.0;4.0;2.0;0.0;;30;10;2019;21:30;5.0;91;91339;2;3.0;1.0;2.0;RN 20;48,6350000;2,2660000;2;20;0.0;;3.0;4;0.0;1.0;0;0;1.0;;;1.0;0.0;1.0;50.0;Essonne;11;Île-de-France
201900003545;138Â 299Â 850;B01;2.0;2;2.0;2.0;1988.0;0.0;1.0;8.0;;0.0;0;;;3.0;7.0;0.0;2.0;4.0;2.0;0.0;;30;10;2019;21:30;5.0;91;91339;2;3.0;1.0;2.0;RN 20;48,6350000;2,2660000;2;20;0.0;;3.0;4;0.0;1.0;0;0;1.0;;;1.0;0.0;1.0;50.0;Essonne;11;Île-de-France
201900003545;138Â 299Â 850;B01;1.0;1;1.0;1.0;1986.0;0.0;1.0;8.0;;0.0;0;;;3.0;7.0;0.0;2.0;4.0;2.0;0.0;;30;10;2019;21:30;5.0;91;91339;2;3.0;1.0;2.0;RN 20;48,6350000;2,2660000;2;20;0.0;;3.0;4;0.0;1.0;0;0;1.0;;;1.0;0.0;1.0;50.0;Essonne;11;Île-de-France
201900003545;138Â 299Â 851;A01;1.0;1;1.0;1.0;1966.0;4.0;8.0;8.0;;0.0;0;;;3.0;37.0;0.0;2.0;1.0;2.0;0.0;1.0;30;10;2019;21:30;5.0;91;91339;2;3.0;1.0;2.0;RN 20;48,6350000;2,2660000;2;20;0.0;;3.0;4;0.0;1.0;0;0;1.0;;;1.0;0.0;1.0;50.0;Essonne;11;Île-de-France
201900003546;138Â 299Â 848;A01;1.0;1;1.0;2.0;1993.0;5.0;1.0;0.0;;; -1;;;0.0;7.0;0.0;2.0;2.0;15.0;1.0;;2;11;2019;13:15;1.0;80;80021;2;1.0;1.0;3.0;QUATORZE JUILLET 1789 (AVENUE DU);49,8756100;2,2817800;4;QUATORZE JUILLET 1789 (AVENUE DU);0.0;;2.0;2;0.0;1.0;0;0;1.0;;;1.0;0.0;1.0;50.0;Somme;32;Hauts-de-France
201900003546;138Â 299Â 849;B01;4.0;2;2.0;2.0;2011.0;5.0;3.0;0.0;;; -1;;;0.0;7.0;0.0;2.0;1.0;1.0;1.0;;2;11;2019;13:15;1.0;80;80021;2;1.0;1.0;3.0;QUATORZE JUILLET 1789 (AVENUE DU);49,8756100;2,2817800;4;QUATORZE JUILLET 1789 (AVENUE DU);0.0;;2.0;2;0.0;1.0;0;0;1.0;;;1.0;0.0;1.0;50.0;Somme;32;Hauts-de-France
201900003546;138Â 299Â 849;B01;3.0;2;2.0;2.0;2007.0;5.0;1.0;0.0;;; -1;;;0.0;7.0;0.0;2.0;1.0;1.0;1.0;;2;11;2019;13:15;1.0;80;80021;2;1.0;1.0;3.0;QUATORZE JUILLET 1789 (AVENUE DU);49,8756100;2,2817800;4;QUATORZE JUILLET 1789 (AVENUE DU);0.0;;2.0;2;0.0;1.0;0;0;1.0;;;1.0;0.0;1.0;50.0;Somme;32;Hauts-de-France
201900003546;138Â 299Â 849;B01;2.0;2;2.0;2.0;1987.0;5.0;1.0;0.0;;; -1;;;0.0;7.0;0.0;2.0;1.0;1.0;1.0;;2;11;2019;13:15;1.0;80;80021;2;1.0;1.0;3.0;QUATORZE JUILLET 1789 (AVENUE DU);49,8756100;2,2817800;4;QUATORZE JUILLET 1789 (AVENUE DU);0.0;;2.0;2;0.0;1.0;0;0;1.0;;;1.0;0.0;1.0;50.0;Somme;32;Hauts-de-France
201900003546;138Â 299Â 849;B01;1.0;1;1.0;1.0;1983.0;5.0;1.0;0.0;;; -1;;;0.0;7.0;0.0;2.0;1.0;1.0;1.0;;2;11;2019;13:15;1.0;80;80021;2;1.0;1.0;3.0;QUATORZE JUILLET 1789 (AVENUE DU);49,8756100;2,2817800;4;QUATORZE JUILLET 1789 (AVENUE DU);0.0;;2.0;2;0.0;1.0;0;0;1.0;;;1.0;0.0;1.0;50.0;Somme;32;Hauts-de-France
201900003547;138Â 299Â 846;B01;1.0;1;1.0;1.0;1995.0;5.0;1.0;0.0;;; -1;;;0.0;7.0;0.0;2.0;7.0;16.0;0.0;;31;10;2019;18:58;5.0;80;80021;2;1.0;1.0;3.0;CHATEAUDUN (BOULEVARD DE);49,8848600;2,2811900;4;CHATEAUDUN (BOULEVARD DE);0.0;;1.0;1;0.0;1.0;0;0;1.0;;;1.0;0.0;1.0;50.0;Somme;32;Hauts-de-France
201900003547;138Â 299Â 847;A01;1.0;1;2.0;1.0;1995.0;5.0;2.0;0.0;;; -1;;;0.0;2.0;0.0;2.0;1.0;18.0;1.0;;31;10;2019;18:58;5.0;80;80021;2;1.0;1.0;3.0;CHATEAUDUN (BOULEVARD DE);49,8848600;2,2811900;4;CHATEAUDUN (BOULEVARD DE);0.0;;1.0;1;0.0;1.0;0;0;1.0;;;1.0;0.0;1.0;50.0;Somme;32;Hauts-de-France
201900003548;138Â 299Â 845;A01;1.0;1;2.0;1.0;1964.0;0.0;2.0;8.0;;; -1;;;0.0;33.0;0.0;0.0;8.0;1.0;1.0;;3;11;2019;21:55;5.0;76;76351;2;1.0;2.0;7.0;COLBERT (QUAI);49,4919400;0,1282100;4;COLBERT (QUAI);0.0;;3.0;4;0.0;1.0;0;0;1.0;;;2.0;0.0;1.0;50.0;Seine-Maritime;28;Normandie
201900003549;138Â 299Â 843;B01;1.0;1;3.0;1.0;1969.0;0.0;2.0;6.0;;; -1;;;2.0;32.0;0.0;2.0;1.0;1.0;1.0;;4;11;2019;16:36;2.0;69;69256;2;5.0;8.0;3.0;POUDRETTE (DE LA)                   (CH);45,7646300;4,9191100;4;POUDRETTE (DE LA)                   (CH);0.0;;2.0;2;0.0;1.0;0;0;1.0;;;1.0;5.0;1.0;50.0;Rhône;84;Auvergne-Rhône-Alpes
201900003549;138Â 299Â 844;A01;1.0;1;2.0;2.0;1989.0;0.0;1.0;0.0;;; -1;;;1.0;3.0;0.0;2.0;3.0;15.0;1.0;;4;11;2019;16:36;2.0;69;69256;2;5.0;8.0;3.0;POUDRETTE (DE LA)                   (CH);45,7646300;4,9191100;4;POUDRETTE (DE LA)                   (CH);0.0;;2.0;2;0.0;1.0;0;0;1.0;;;1.0;5.0;1.0;50.0;Rhône;84;Auvergne-Rhône-Alpes
201900003550;138Â 299Â 841;A01;1.0;1;1.0;1.0;1977.0;0.0;1.0;0.0;;; -1;;;3.0;7.0;0.0;2.0;1.0;9.0;1.0;;14;9;2019;12:15;1.0;69;69290;2;6.0;1.0;3.0;PORTE DES ALPES (DE LA) - BD URBAIN (BD);45,7199800;4,9324400;4;PORTE DES ALPES (DE LA) - BD URBAIN (BD);0.0;;1.0;2;0.0;1.0;0;0;1.0;;;1.0;5.0;1.0;50.0;Rhône;84;Auvergne-Rhône-Alpes
201900003550;138Â 299Â 842;B01;1.0;1;2.0;2.0;1959.0;0.0;8.0;0.0;;; -1;;;3.0;1.0;0.0;2.0;7.0;1.0;5.0;;14;9;2019;12:15;1.0;69;69290;2;6.0;1.0;3.0;PORTE DES ALPES (DE LA) - BD URBAIN (BD);45,7199800;4,9324400;4;PORTE DES ALPES (DE LA) - BD URBAIN (BD);0.0;;1.0;2;0.0;1.0;0;0;1.0;;;1.0;5.0;1.0;50.0;Rhône;84;Auvergne-Rhône-Alpes
201900003551;138Â 299Â 840;A01;1.0;1;1.0;2.0;1997.0;0.0;1.0;8.0;;;0;;;1.0;7.0;1.0;2.0;2.0;14.0;1.0;;3;11;2019;18:16;5.0;67;67447;2;1.0;8.0;6.0;RONSARD (RUE);48,6113072;7,7358854;4;RONSARD (RUE);0.0;;2.0;2;0.0;1.0;0;0;1.0;;;1.0;0.0;1.0;30.0;Bas-Rhin;44;Grand Est
201900003551;138Â 299Â 840;A01;10.0;3;3.0;1.0;1980.0;5.0;0.0;;;1.0;3;1.0;;1.0;7.0;1.0;2.0;2.0;14.0;1.0;;3;11;2019;18:16;5.0;67;67447;2;1.0;8.0;6.0;RONSARD (RUE);48,6113072;7,7358854;4;RONSARD (RUE);0.0;;2.0;2;0.0;1.0;0;0;1.0;;;1.0;0.0;1.0;30.0;Bas-Rhin;44;Grand Est
201900003552;138Â 299Â 838;B01;1.0;1;1.0;1.0;1984.0;0.0;2.0;6.0;;;0;;;2.0;33.0;0.0;2.0;7.0;1.0;1.0;;31;10;2019;15:25;1.0;67;67482;2;1.0;8.0;3.0;ALPES (QUAI DES);48,5745500;7,7666700;4;ALPES (QUAI DES);0.0;;2.0;4;1.0;1.0;0;0;1.0;;;1.0;0.0;1.0;50.0;Bas-Rhin;44;Grand Est
201900003552;138Â 299Â 839;A01;1.0;1;2.0;1.0;1938.0;0.0;8.0;0.0;;;0;;;1.0;1.0;0.0;2.0;6.0;19.0;5.0;;31;10;2019;15:25;1.0;67;67482;2;1.0;8.0;3.0;ALPES (QUAI DES);48,5745500;7,7666700;4;ALPES (QUAI DES);0.0;;2.0;4;1.0;1.0;0;0;1.0;;;1.0;0.0;1.0;50.0;Bas-Rhin;44;Grand Est
201900003553;138Â 299Â 836;B01;1.0;1;1.0;1.0;1967.0;0.0;1.0;0.0;;;0;;;1.0;7.0;0.0;2.0;4.0;1.0;1.0;;1;11;2019;17:38;2.0;66;66136;2;1.0;1.0;2.0;DÃ©partementale 914;42,6643400;2,9066200;4;DÃ©partementale 914;0.0;;2.0;2;0.0;1.0;2;0;1.0;;;1.0;0.0;1.0;70.0;Pyrénées-Orientales;76;Occitanie
201900003553;138Â 299Â 837;A01;1.0;1;2.0;2.0;2000.0;0.0;1.0;0.0;;;0;;;1.0;7.0;0.0;2.0;1.0;1.0;1.0;;1;11;2019;17:38;2.0;66;66136;2;1.0;1.0;2.0;DÃ©partementale 914;42,6643400;2,9066200;4;DÃ©partementale 914;0.0;;2.0;2;0.0;1.0;2;0;1.0;;;1.0;0.0;1.0;70.0;Pyrénées-Orientales;76;Occitanie
201900003554;138Â 299Â 834;B01;1.0;1;3.0;2.0;1994.0;0.0;1.0;5.0;;0.0;0;;;2.0;7.0;0.0;2.0;8.0;1.0;1.0;;31;10;2019;17:30;2.0;61;61001;2;2.0;1.0;3.0;REPUBLIQUE (BOULEVARD DE LA);48,4247800;0,0910800;3;438;0.0;;2.0;2;0.0;2.0;1;600;1.0;;;1.0;0.0;1.0;50.0;Orne;28;Normandie
201900003554;138Â 299Â 835;A01;1.0;1;1.0;2.0;1957.0;9.0;1.0;0.0;;0.0;0;;;1.0;7.0;0.0;2.0;3.0;15.0;1.0;;31;10;2019;17:30;2.0;61;61001;2;2.0;1.0;3.0;REPUBLIQUE (BOULEVARD DE LA);48,4247800;0,0910800;3;438;0.0;;2.0;2;0.0;2.0;1;600;1.0;;;1.0;0.0;1.0;50.0;Orne;28;Normandie
201900003555;138Â 299Â 832;B01;1.0;1;2.0;2.0;1964.0;0.0;1.0;0.0;;0.0;0;;;3.0;7.0;1.0;2.0;1.0;1.0;1.0;;29;10;2019;09:10;1.0;61;61001;2;1.0;2.0;3.0;FILLES NOTRE DAME (RUE DES);48,4307400;0,0849000;4;FILLES NOTRE DAME (RUE DES);0.0;;1.0;1;0.0;1.0;0;0;1.0;;;2.0;0.0;1.0;30.0;Orne;28;Normandie
201900003555;138Â 299Â 833;A01;1.0;1;1.0;1.0;1989.0;4.0;1.0;0.0;;0.0;0;;;0.0;10.0;1.0;2.0;3.0;20.0;1.0;;29;10;2019;09:10;1.0;61;61001;2;1.0;2.0;3.0;FILLES NOTRE DAME (RUE DES);48,4307400;0,0849000;4;FILLES NOTRE DAME (RUE DES);0.0;;1.0;1;0.0;1.0;0;0;1.0;;;2.0;0.0;1.0;30.0;Orne;28;Normandie
201900003556;138Â 299Â 831;A01;1.0;1;1.0;1.0;1959.0;0.0;0.0;;;; -1;;;3.0;7.0;0.0;1.0;0.0;1.0;;;4;11;2019;18:00;2.0;60;60057;2;1.0;1.0;6.0;MADELEINE (RUE DE LA);49,4289000;2,0854200;4;;;;2.0;;;1.0;(1);(1);1.0;;;1.0;0.0;1.0;30.0;Oise;32;Hauts-de-France
201900003556;138Â 299Â 831;A01;10.0;3;2.0;2.0;1936.0;0.0;0.0;;;2.0;3;1.0;;3.0;7.0;0.0;1.0;0.0;1.0;;;4;11;2019;18:00;2.0;60;60057;2;1.0;1.0;6.0;MADELEINE (RUE DE LA);49,4289000;2,0854200;4;;;;2.0;;;1.0;(1);(1);1.0;;;1.0;0.0;1.0;30.0;Oise;32;Hauts-de-France
201900003557;138Â 299Â 830;Z01;10.0;3;3.0;1.0;1962.0;0.0;8.0;0.0;;3.0;3;1.0;;1.0;0.0;0.0;1.0;1.0;0.0;0.0;;2;11;2019;18:20;5.0;51;51454;2;1.0;1.0;7.0;AVENUE D'EPERNAY;49,2295000;4,0143000;4;AVENUE D'EPERNAY;0.0;;;2;0.0;1.0;(1);(1);1.0;;;1.0;0.0;1.0;50.0;Marne;44;Grand Est
201900003558;138Â 299Â 828;A01;1.0;1;3.0;1.0;2000.0;0.0;1.0;8.0;;;0;;;1.0;7.0;0.0;2.0;1.0;0.0;1.0;;3;11;2019;01:14;4.0;49;49007;2;1.0;2.0;2.0;VOLNEY;47,4632700; -0,5450500;4;VOLNEY;0.0;;2.0;2;0.0;1.0;0;0;1.0;;;2.0;0.0;1.0;60.0;Maine-et-Loire;52;Pays de la Loire
201900003558;138Â 299Â 829;B01;1.0;1;2.0;2.0;1989.0;0.0;1.0;8.0;;;0;;;1.0;7.0;0.0;2.0;4.0;0.0;1.0;;3;11;2019;01:14;4.0;49;49007;2;1.0;2.0;2.0;VOLNEY;47,4632700; -0,5450500;4;VOLNEY;0.0;;2.0;2;0.0;1.0;0;0;1.0;;;2.0;0.0;1.0;60.0;Maine-et-Loire;52;Pays de la Loire
201900003559;138Â 299Â 827;A01;2.0;2;2.0;2.0;2002.0;0.0;2.0;8.0;;;0;;;1.0;2.0;0.0;2.0;1.0;0.0;1.0;;2;11;2019;19:30;3.0;49;49246;2;1.0;2.0;6.0;BEL AIR ALLEE;47,4375700; -0,5127500;4;BEL AIR ALLEE;0.0;;2.0;2;0.0;1.0;0;0;1.0;;;2.0;0.0;1.0;60.0;Maine-et-Loire;52;Pays de la Loire
201900003559;138Â 299Â 827;A01;1.0;1;3.0;1.0;2002.0;0.0;2.0;8.0;;;0;;;1.0;2.0;0.0;2.0;1.0;0.0;1.0;;2;11;2019;19:30;3.0;49;49246;2;1.0;2.0;6.0;BEL AIR ALLEE;47,4375700; -0,5127500;4;BEL AIR ALLEE;0.0;;2.0;2;0.0;1.0;0;0;1.0;;;2.0;0.0;1.0;60.0;Maine-et-Loire;52;Pays de la Loire
201900003560;138Â 299Â 826;A01;10.0;3;2.0;2.0;1964.0;0.0;8.0;0.0;;9.0;B;1.0;;1.0;7.0;0.0;1.0;0.0;0.0;1.0;;31;10;2019;09:00;1.0;49;49007;2;1.0;9.0;6.0;PREFECTURE;47,4661900; -0,5549500;4;PREFECTURE;0.0;;2.0;2;0.0;1.0;0;0;1.0;;;2.0;0.0;1.0;60.0;Maine-et-Loire;52;Pays de la Loire
201900003560;138Â 299Â 826;A01;1.0;1;1.0;1.0;1966.0;0.0;1.0;8.0;;; -1;;;1.0;7.0;0.0;1.0;0.0;0.0;1.0;;31;10;2019;09:00;1.0;49;49007;2;1.0;9.0;6.0;PREFECTURE;47,4661900; -0,5549500;4;PREFECTURE;0.0;;2.0;2;0.0;1.0;0;0;1.0;;;2.0;0.0;1.0;60.0;Maine-et-Loire;52;Pays de la Loire
201900003561;138Â 299Â 825;A01;1.0;1;2.0;2.0;1995.0;1.0;1.0;0.0;;0.0;0;;;2.0;7.0;3.0;0.0;2.0;9.0;0.0;;3;11;2019;12:14;1.0;45;45302;1;1.0;2.0;6.0;TANGENTIELLE D520G PR0+780;47,9390300;1,8884200;3;520;0.0;;3.0;4;0.0;1.0;0;780;3.0;;;2.0;0.0;1.0;90.0;Loiret;24;Centre-Val de Loire
201900003562;138Â 299Â 824;A01;10.0;3;3.0;2.0;2005.0;5.0;0.0;;;2.0;4;1.0;;1.0;7.0;0.0;1.0;0.0;1.0;1.0;;4;11;2019;17:10;1.0;41;41018;2;1.0;1.0;6.0;LATHAM (RUE) NÂ° PAIRS DU 4 AU 48 INCLUS;47,5974000;1,3139200;4;LATHAM (RUE) NÂ° PAIRS DU 4 AU 48 INCLUS;0.0;;;2;0.0;1.0;0;0;1.0;;;1.0;0.0;1.0;50.0;Loir-et-Cher;24;Centre-Val de Loire
201900003562;138Â 299Â 824;A01;1.0;1;1.0;1.0;1996.0;5.0;1.0;0.0;;; -1;;;1.0;7.0;0.0;1.0;0.0;1.0;1.0;;4;11;2019;17:10;1.0;41;41018;2;1.0;1.0;6.0;LATHAM (RUE) NÂ° PAIRS DU 4 AU 48 INCLUS;47,5974000;1,3139200;4;LATHAM (RUE) NÂ° PAIRS DU 4 AU 48 INCLUS;0.0;;;2;0.0;1.0;0;0;1.0;;;1.0;0.0;1.0;50.0;Loir-et-Cher;24;Centre-Val de Loire
201900003563;138Â 299Â 823;A01;1.0;1;2.0;2.0;1998.0;5.0;1.0;8.0;;; -1;;;1.0;7.0;3.0;0.0;1.0;1.0;1.0;;4;11;2019;17:35;3.0;37;37122;2;1.0;2.0;6.0;RD 37;47,3673600;0,6540700;4;RD 37;0.0;;2.0;4;0.0;2.0;13;0;2.0;;;2.0;2.0;1.0;90.0;Indre-et-Loire;24;Centre-Val de Loire
201900003564;138Â 299Â 821;B01;1.0;1;4.0;2.0;1997.0;0.0;8.0;0.0;;; -1;;;3.0;1.0;0.0;0.0;0.0;0.0;5.0;;4;11;2019;10:30;1.0;35;35238;2;2.0;1.0;6.0;PATTON (AVENUE DU GENERAL SIR GEORGES);48,1286250; -1,6641360;4;PATTON (AVENUE DU GENERAL SIR GEORGES);0.0;;1.0;1;0.0;1.0;0;0;1.0;;;1.0;5.0;;30.0;Ille-et-Vilaine;53;Bretagne
201900003564;138Â 299Â 822;A01;1.0;1;1.0;1.0;1960.0;4.0;1.0;8.0;;; -1;;;3.0;17.0;0.0;2.0;7.0;10.0;1.0;;4;11;2019;10:30;1.0;35;35238;2;2.0;1.0;6.0;PATTON (AVENUE DU GENERAL SIR GEORGES);48,1286250; -1,6641360;4;PATTON (AVENUE DU GENERAL SIR GEORGES);0.0;;1.0;1;0.0;1.0;0;0;1.0;;;1.0;5.0;;30.0;Ille-et-Vilaine;53;Bretagne
201900003565;138Â 299Â 819;B01;1.0;1;2.0;2.0;1975.0;1.0;1.0;0.0;;;0;;;1.0;7.0;0.0;2.0;1.0;1.0;1.0;;4;11;2019;09:25;1.0;35;35238;1;1.0;1.0;1.0;VEZIN (ROUTE DE);48,1162300; -1,7210700;3;125;0.0;;2.0;2;1.0;3.0;40;180;1.0;;;1.0;0.0;1.0;50.0;Ille-et-Vilaine;53;Bretagne
201900003565;138Â 299Â 820;A01;1.0;1;2.0;1.0;1992.0;1.0;1.0;0.0;;;0;;;2.0;7.0;0.0;2.0;1.0;13.0;1.0;;4;11;2019;09:25;1.0;35;35238;1;1.0;1.0;1.0;VEZIN (ROUTE DE);48,1162300; -1,7210700;3;125;0.0;;2.0;2;1.0;3.0;40;180;1.0;;;1.0;0.0;1.0;50.0;Ille-et-Vilaine;53;Bretagne
201900003566;138Â 299Â 817;A01;1.0;1;2.0;1.0;1986.0;9.0;2.0;8.0;;; -1;;;1.0;33.0;0.0;2.0;7.0;17.0;1.0;;4;11;2019;08:50;1.0;31;31557;2;1.0;1.0;3.0;MARQUISAT (AV DU);43,5704900;1,3360000;3;50;0.0;;2.0;2;0.0;1.0;0;0;1.0;;;2.0;0.0;1.0;50.0;Haute-Garonne;76;Occitanie
201900003566;138Â 299Â 818;B01;1.0;1;1.0;2.0;1973.0;9.0;1.0;8.0;;; -1;;;1.0;7.0;0.0;2.0;3.0;15.0;1.0;;4;11;2019;08:50;1.0;31;31557;2;1.0;1.0;3.0;MARQUISAT (AV DU);43,5704900;1,3360000;3;50;0.0;;2.0;2;0.0;1.0;0;0;1.0;;;2.0;0.0;1.0;50.0;Haute-Garonne;76;Occitanie
201900003567;138Â 299Â 816;A01;1.0;1;1.0;2.0;1963.0;0.0;1.0;8.0;;; -1;;;0.0;7.0;0.0;1.0;1.0;26.0;1.0;;4;11;2019;09:35;1.0;30;30243;2;1.0;1.0;6.0;GAULLE (AVENUE DU GAL DE);44,0771500;4,0849100;4;GAULLE (AVENUE DU GAL DE);0.0;;2.0;2;0.0;1.0;0;0;1.0;;;1.0;0.0;1.0;50.0;Gard;76;Occitanie
201900003567;138Â 299Â 816;A01;10.0;3;3.0;1.0;1943.0;5.0;0.0;;;3.0;3;1.0;;0.0;7.0;0.0;1.0;1.0;26.0;1.0;;4;11;2019;09:35;1.0;30;30243;2;1.0;1.0;6.0;GAULLE (AVENUE DU GAL DE);44,0771500;4,0849100;4;GAULLE (AVENUE DU GAL DE);0.0;;2.0;2;0.0;1.0;0;0;1.0;;;1.0;0.0;1.0;50.0;Gard;76;Occitanie
201900003568;138Â 299Â 813;A01;1.0;1;3.0;1.0;1974.0;1.0;2.0;8.0;;0.0;0;;;0.0;30.0;0.0;2.0;1.0;9.0;1.0;;16;10;2019;13:30;1.0;22;22278;2;6.0;3.0;2.0;PARIS (DE);48,5038800; -2,7406400;4;PARIS (DE);0.0;;;2;0.0;1.0;0;0;1.0;;;2.0;0.0;1.0;50.0;Côtes-d'Armor;53;Bretagne
201900003568;138Â 299Â 814;B01;1.0;1;1.0;2.0;1996.0;1.0;1.0;8.0;;0.0;0;;;0.0;7.0;0.0;2.0;4.0;2.0;1.0;;16;10;2019;13:30;1.0;22;22278;2;6.0;3.0;2.0;PARIS (DE);48,5038800; -2,7406400;4;PARIS (DE);0.0;;;2;0.0;1.0;0;0;1.0;;;2.0;0.0;1.0;50.0;Côtes-d'Armor;53;Bretagne