Num_Acc;id_vehicule;num_veh;place;catu;grav;sexe;an_nais;trajet;secu1;secu2;secu3;locp;actp;etatp;id_usager;senc;catv;obs;obsm;choc;manv;motor;occutc;jour;mois;an;hrmn;lum;dep;com;agg;int;atm;col;adr;lat;long;catr;voie;v1;v2;circ;nbv;vosp;prof;pr;pr1;plan;lartpc;larrout;surf;infra;situ;vma;nom_departement;reg;nom_region
201900003569;138Â 299Â 811;B01;2.0;2;1.0;2.0;1994.0;3.0;1.0;0.0;;; -1;;;1.0;7.0;0.0;2.0;8.0;15.0;1.0;;1;11;2019;16:15;1.0;19;19031;2;1.0;2.0;3.0;TURGOT (AVENUE);45,1661000;1,5256100;4;TURGOT (AVENUE);0.0;;1.0;1;0.0;1.0;0;0;1.0;;;2.0;0.0;1.0;50.0;Corrèze;75;Nouvelle-Aquitaine
201900003569;138Â 299Â 811;B01;1.0;1;1.0;1.0;1994.0;4.0;1.0;0.0;;; -1;;;1.0;7.0;0.0;2.0;8.0;15.0;1.0;;1;11;2019;16:15;1.0;19;19031;2;1.0;2.0;3.0;TURGOT (AVENUE);45,1661000;1,5256100;4;TURGOT (AVENUE);0.0;;1.0;1;0.0;1.0;0;0;1.0;;;2.0;0.0;1.0;50.0;Corrèze;75;Nouvelle-Aquitaine
201900003569;138Â 299Â 812;A01;1.0;1;1.0;1.0;1991.0;3.0;1.0;0.0;;; -1;;;1.0;7.0;0.0;2.0;1.0;2.0;1.0;;1;11;2019;16:15;1.0;19;19031;2;1.0;2.0;3.0;TURGOT (AVENUE);45,1661000;1,5256100;4;TURGOT (AVENUE);0.0;;1.0;1;0.0;1.0;0;0;1.0;;;2.0;0.0;1.0;50.0;Corrèze;75;Nouvelle-Aquitaine
201900003569;138Â 299Â 812;A01;2.0;2;2.0;2.0;1996.0;0.0;1.0;0.0;;; -1;;;1.0;7.0;0.0;2.0;1.0;2.0;1.0;;1;11;2019;16:15;1.0;19;19031;2;1.0;2.0;3.0;TURGOT (AVENUE);45,1661000;1,5256100;4;TURGOT (AVENUE);0.0;;1.0;1;0.0;1.0;0;0;1.0;;;2.0;0.0;1.0;50.0;Corrèze;75;Nouvelle-Aquitaine
201900003570;138Â 299Â 810;A01;10.0;3;3.0;2.0;1951.0;5.0;0.0;;;2.0;3;1.0;;2.0;7.0;0.0;1.0;1.0;1.0;1.0;;31;10;2019;15:30;1.0;16;16015;2;1.0;1.0;6.0;Av des MARECHAUX;45,6475500;0,1543300;4;MARECHAUX (AVENUE DES);0.0;;;1;0.0;1.0;0;0;1.0;;;1.0;0.0;1.0;50.0;Charente;75;Nouvelle-Aquitaine
201900003570;138Â 299Â 810;A01;1.0;1;1.0;1.0;1957.0;3.0;1.0;0.0;;; -1;;;2.0;7.0;0.0;1.0;1.0;1.0;1.0;;31;10;2019;15:30;1.0;16;16015;2;1.0;1.0;6.0;Av des MARECHAUX;45,6475500;0,1543300;4;MARECHAUX (AVENUE DES);0.0;;;1;0.0;1.0;0;0;1.0;;;1.0;0.0;1.0;50.0;Charente;75;Nouvelle-Aquitaine
201900003571;138Â 299Â 807;A01;10.0;3;3.0;2.0;1940.0;5.0;0.0;;;5.0;9;1.0;;1.0;7.0;0.0;1.0;5.0;4.0;1.0;;4;11;2019;13:47;1.0;14;14715;2;7.0;7.0;6.0;FERNAND MOUREAUX (PLACE);49,3614200;0,0865900;4;FERNAND MOUREAUX (PLACE);0.0;;2.0;0;0.0;1.0;499;0;1.0;;;1.0;9.0;1.0;50.0;Calvados;28;Normandie
201900003571;138Â 299Â 807;A01;1.0;1;1.0;1.0;1980.0;4.0;8.0;0.0;;; -1;;;1.0;7.0;0.0;1.0;5.0;4.0;1.0;;4;11;2019;13:47;1.0;14;14715;2;7.0;7.0;6.0;FERNAND MOUREAUX (PLACE);49,3614200;0,0865900;4;FERNAND MOUREAUX (PLACE);0.0;;2.0;0;0.0;1.0;499;0;1.0;;;1.0;9.0;1.0;50.0;Calvados;28;Normandie
201900003572;138Â 299Â 806;A01;1.0;1;1.0;2.0;1900.0;1.0;1.0;0.0;;0.0;0;;;1.0;7.0;0.0;1.0;1.0;1.0;1.0;;4;11;2019;18:30;5.0;13;13213;2;1.0;1.0;6.0;SAINT JEROME (AVENUE DE);43,3287500;5,4189800;4;SAINT JEROME (AVENUE DE);0.0;;2.0;2;0.0;1.0;22;0;1.0;;;1.0;0.0;1.0;50.0;Bouches-du-Rhône;93;Provence-Alpes-Côte d'Azur
201900003572;138Â 299Â 806;A01;10.0;3;2.0;1.0;2010.0;5.0;8.0;0.0;;3.0;3;1.0;;1.0;7.0;0.0;1.0;1.0;1.0;1.0;;4;11;2019;18:30;5.0;13;13213;2;1.0;1.0;6.0;SAINT JEROME (AVENUE DE);43,3287500;5,4189800;4;SAINT JEROME (AVENUE DE);0.0;;2.0;2;0.0;1.0;22;0;1.0;;;1.0;0.0;1.0;50.0;Bouches-du-Rhône;93;Provence-Alpes-Côte d'Azur
201900003573;138Â 299Â 804;B01;1.0;1;1.0;2.0;1999.0;0.0;1.0;0.0;;; -1;;;1.0;7.0;0.0;2.0;3.0;1.0;1.0;;4;11;2019;14:50;1.0;13;13204;2;1.0;1.0;1.0;JEANNE JUGAN (RUE);43,3097500;5,3986600;4;JEANNE JUGAN (RUE);0.0;;2.0;2;0.0;2.0;0;0;1.0;;;1.0;0.0;1.0;50.0;Bouches-du-Rhône;93;Provence-Alpes-Côte d'Azur
201900003573;138Â 299Â 805;A01;1.0;1;2.0;1.0;1974.0;0.0;2.0;0.0;;; -1;;;2.0;34.0;0.0;2.0;1.0;13.0;1.0;;4;11;2019;14:50;1.0;13;13204;2;1.0;1.0;1.0;JEANNE JUGAN (RUE);43,3097500;5,3986600;4;JEANNE JUGAN (RUE);0.0;;2.0;2;0.0;2.0;0;0;1.0;;;1.0;0.0;1.0;50.0;Bouches-du-Rhône;93;Provence-Alpes-Côte d'Azur
201900003574;138Â 299Â 803;A01;7.0;2;2.0;1.0;1980.0;0.0;8.0;0.0;;;0;;;3.0;37.0;0.0;2.0;3.0;1.0;1.0;2.0;4;11;2019;12:30;1.0;13;13213;2;3.0;1.0;3.0;MARCEL DELPRAT (AVENUE);43,3348940;5,4533413;4;MARCEL DELPRAT (AVENUE);0.0;;2.0;2;0.0;2.0;0;0;1.0;;;1.0;0.0;1.0;50.0;Bouches-du-Rhône;93;Provence-Alpes-Côte d'Azur
201900003574;138Â 299Â 803;A01;1.0;1;1.0;2.0;1992.0;4.0;1.0;0.0;;;0;;;3.0;37.0;0.0;2.0;3.0;1.0;1.0;2.0;4;11;2019;12:30;1.0;13;13213;2;3.0;1.0;3.0;MARCEL DELPRAT (AVENUE);43,3348940;5,4533413;4;MARCEL DELPRAT (AVENUE);0.0;;2.0;2;0.0;2.0;0;0;1.0;;;1.0;0.0;1.0;50.0;Bouches-du-Rhône;93;Provence-Alpes-Côte d'Azur
201900003575;138Â 299Â 800;B01;1.0;1;1.0;2.0;1953.0;5.0;1.0;8.0;;0.0;0;;;1.0;7.0;0.0;2.0;1.0;15.0;1.0;;4;11;2019;08:30;1.0;06;06088;2;9.0;1.0;1.0;MONTREAL (BD DE);43,6848980;7,2233200;7;MONTREAL (BD DE);0.0;;2.0;2;0.0;2.0;0;0;1.0;;;1.0;0.0;1.0;50.0;Alpes-Maritimes;93;Provence-Alpes-Côte d'Azur
201900003575;138Â 299Â 801;A01;1.0;1;2.0;1.0;1995.0;0.0;2.0;6.0;;0.0;0;;;2.0;33.0;0.0;2.0;1.0;3.0;1.0;;4;11;2019;08:30;1.0;06;06088;2;9.0;1.0;1.0;MONTREAL (BD DE);43,6848980;7,2233200;7;MONTREAL (BD DE);0.0;;2.0;2;0.0;2.0;0;0;1.0;;;1.0;0.0;1.0;50.0;Alpes-Maritimes;93;Provence-Alpes-Côte d'Azur
201900003576;138Â 299Â 798;A01;1.0;1;1.0;2.0;1968.0;4.0;1.0;8.0;;0.0;0;;;2.0;37.0;0.0;2.0;3.0;15.0;1.0;1.0;4;11;2019;11:40;1.0;06;06069;2;1.0;1.0;1.0;MARIGARDE (ROUTE DE LA);43,6541060;6,9302590;3;4;0.0;;2.0;2;0.0;1.0;21;120;1.0;;;1.0;0.0;1.0;50.0;Alpes-Maritimes;93;Provence-Alpes-Côte d'Azur
201900003576;138Â 299Â 799;B01;1.0;1;3.0;1.0;1988.0;0.0;2.0;6.0;;0.0;0;;;1.0;33.0;0.0;2.0;1.0;0.0;1.0;;4;11;2019;11:40;1.0;06;06069;2;1.0;1.0;1.0;MARIGARDE (ROUTE DE LA);43,6541060;6,9302590;3;4;0.0;;2.0;2;0.0;1.0;21;120;1.0;;;1.0;0.0;1.0;50.0;Alpes-Maritimes;93;Provence-Alpes-Côte d'Azur
201900003577;138Â 299Â 797;A01;1.0;1;1.0;2.0;1980.0;5.0;1.0;0.0;;;0;;;1.0;7.0;0.0;1.0;3.0;1.0;1.0;;31;10;2019;18:05;5.0;05;05061;2;1.0;1.0;7.0;LADOUCETTE ( COURS );44,5614100;6,0825100;2;85;0.0;;2.0;3;0.0;1.0;37;310;1.0;;;2.0;0.0;1.0;50.0;Hautes-Alpes;93;Provence-Alpes-Côte d'Azur
201900003577;138Â 299Â 797;A01;10.0;3;2.0;2.0;2002.0;5.0;0.0;;;3.0;3;1.0;;1.0;7.0;0.0;1.0;3.0;1.0;1.0;;31;10;2019;18:05;5.0;05;05061;2;1.0;1.0;7.0;LADOUCETTE ( COURS );44,5614100;6,0825100;2;85;0.0;;2.0;3;0.0;1.0;37;310;1.0;;;2.0;0.0;1.0;50.0;Hautes-Alpes;93;Provence-Alpes-Côte d'Azur
201900003578;138Â 299Â 796;A01;1.0;1;2.0;2.0;1979.0;5.0;1.0;8.0;;;0;;;2.0;7.0;4.0;0.0;2.0;1.0;1.0;;15;8;2019;05:05;5.0;974;97416;1;1.0;1.0;6.0;RN3 (1); -21,3058700;55,4990200;2;3;0.0;;1.0;4;0.0;4.0;75;0;1.0;;;1.0;0.0;1.0;110.0;La Réunion;04;La Réunion
201900003578;138Â 299Â 796;A01;2.0;2;2.0;2.0;1962.0;5.0;1.0;8.0;;;0;;;2.0;7.0;4.0;0.0;2.0;1.0;1.0;;15;8;2019;05:05;5.0;974;97416;1;1.0;1.0;6.0;RN3 (1); -21,3058700;55,4990200;2;3;0.0;;1.0;4;0.0;4.0;75;0;1.0;;;1.0;0.0;1.0;110.0;La Réunion;04;La Réunion
201900003579;138Â 299Â 792;A01;1.0;1;1.0;1.0;1958.0;0.0;1.0;8.0;;; -1;;;2.0;7.0;0.0;2.0;1.0;2.0;1.0;;22;11;2019;18:00;5.0;63;63164;2;6.0;1.0;2.0;MITTERRAND ( Avenue FranÃ§ois);45,8209865;3,1553618;7;210;0.0;;2.0;2;0.0;1.0;5;0;1.0;;;1.0;0.0;1.0;50.0;Puy-de-Dôme;84;Auvergne-Rhône-Alpes
201900003579;138Â 299Â 793;B01;1.0;1;2.0;2.0;1983.0;0.0;1.0;8.0;;; -1;;;2.0;7.0;0.0;2.0;4.0;2.0;1.0;;22;11;2019;18:00;5.0;63;63164;2;6.0;1.0;2.0;MITTERRAND ( Avenue FranÃ§ois);45,8209865;3,1553618;7;210;0.0;;2.0;2;0.0;1.0;5;0;1.0;;;1.0;0.0;1.0;50.0;Puy-de-Dôme;84;Auvergne-Rhône-Alpes
201900003580;138Â 299Â 790;B01;2.0;2;2.0;2.0;1982.0;5.0;1.0;0.0;;0.0;0;;;3.0;7.0;0.0;2.0;2.0;15.0;1.0;;25;11;2019;11:20;1.0;45;45285;2;2.0;2.0;1.0;AV P M FRANCE - R DE LA CIRERIE;47,9042200;1,8652000;4;AVENUE PIERRE MENDES FRANCE;0.0;;2.0;6;2.0;1.0;(1);(1);1.0;;;2.0;5.0;1.0;50.0;Loiret;24;Centre-Val de Loire
201900003580;138Â 299Â 790;B01;3.0;2;1.0;1.0;2003.0;5.0;1.0;0.0;;0.0;0;;;3.0;7.0;0.0;2.0;2.0;15.0;1.0;;25;11;2019;11:20;1.0;45;45285;2;2.0;2.0;1.0;AV P M FRANCE - R DE LA CIRERIE;47,9042200;1,8652000;4;AVENUE PIERRE MENDES FRANCE;0.0;;2.0;6;2.0;1.0;(1);(1);1.0;;;2.0;5.0;1.0;50.0;Loiret;24;Centre-Val de Loire
201900003580;138Â 299Â 790;B01;1.0;1;2.0;2.0;1988.0;5.0;1.0;0.0;;0.0;0;;;3.0;7.0;0.0;2.0;2.0;15.0;1.0;;25;11;2019;11:20;1.0;45;45285;2;2.0;2.0;1.0;AV P M FRANCE - R DE LA CIRERIE;47,9042200;1,8652000;4;AVENUE PIERRE MENDES FRANCE;0.0;;2.0;6;2.0;1.0;(1);(1);1.0;;;2.0;5.0;1.0;50.0;Loiret;24;Centre-Val de Loire
201900003580;138Â 299Â 791;A01;1.0;1;1.0;1.0;1963.0;5.0;1.0;0.0;;0.0;0;;;3.0;7.0;0.0;2.0;1.0;1.0;1.0;;25;11;2019;11:20;1.0;45;45285;2;2.0;2.0;1.0;AV P M FRANCE - R DE LA CIRERIE;47,9042200;1,8652000;4;AVENUE PIERRE MENDES FRANCE;0.0;;2.0;6;2.0;1.0;(1);(1);1.0;;;2.0;5.0;1.0;50.0;Loiret;24;Centre-Val de Loire
201900003581;138Â 299Â 788;A01;1.0;1;1.0;1.0;1994.0;5.0;1.0;8.0;;0.0; -1;;;3.0;7.0;0.0;2.0;1.0;2.0;1.0;;23;11;2019;21:10;5.0;41;41018;2;1.0;1.0;2.0;BRANLY (RUE EDOUARD);47,5876300;1,3145180;4;BRANLY (RUE EDOUARD);0.0;;3.0;5;0.0;1.0;0;0;1.0;;;1.0;0.0;1.0;50.0;Loir-et-Cher;24;Centre-Val de Loire
201900003581;138Â 299Â 789;B01;1.0;1;2.0;2.0;1971.0;1.0;1.0;8.0;;0.0; -1;;;3.0;7.0;0.0;2.0;4.0;23.0;1.0;;23;11;2019;21:10;5.0;41;41018;2;1.0;1.0;2.0;BRANLY (RUE EDOUARD);47,5876300;1,3145180;4;BRANLY (RUE EDOUARD);0.0;;3.0;5;0.0;1.0;0;0;1.0;;;1.0;0.0;1.0;50.0;Loir-et-Cher;24;Centre-Val de Loire
201900003582;138Â 299Â 785;B01;1.0;1;2.0;1.0;2003.0;2.0;2.0;0.0;;; -1;;;3.0;30.0;0.0;2.0;1.0;1.0;1.0;;26;11;2019;08:00;1.0;28;28134;2;3.0;1.0;3.0;HAMEAU DE MONTDROUARD (RUE DU);48,7281800;1,3886500;2;154;0.0;;2.0;2;0.0;4.0;83;800;1.0;;;1.0;5.0;1.0;50.0;Eure-et-Loir;24;Centre-Val de Loire
201900003582;138Â 299Â 786;A01;1.0;1;1.0;1.0;1963.0;4.0;1.0;0.0;;; -1;;;3.0;37.0;0.0;2.0;1.0;9.0;1.0;1.0;26;11;2019;08:00;1.0;28;28134;2;3.0;1.0;3.0;HAMEAU DE MONTDROUARD (RUE DU);48,7281800;1,3886500;2;154;0.0;;2.0;2;0.0;4.0;83;800;1.0;;;1.0;5.0;1.0;50.0;Eure-et-Loir;24;Centre-Val de Loire
201900003583;138Â 299Â 783;B01;1.0;1;2.0;1.0;2002.0;5.0;2.0;0.0;;0.0;0;;;2.0;30.0;0.0;2.0;1.0;1.0;1.0;;23;11;2019;12:40;1.0;11;11069;2;1.0;1.0;3.0;VILLEMOUSTAUSSOU -ROUTE DE-;43,2284000;2,3595000;3;49;0.0;;2.0;2;0.0;2.0;0;0;1.0;;;1.0;0.0;1.0;50.0;Aude;76;Occitanie
201900003583;138Â 299Â 784;A01;1.0;1;1.0;1.0;1935.0;5.0;1.0;0.0;;0.0; -1;;;1.0;7.0;0.0;2.0;5.0;15.0;1.0;;23;11;2019;12:40;1.0;11;11069;2;1.0;1.0;3.0;VILLEMOUSTAUSSOU -ROUTE DE-;43,2284000;2,3595000;3;49;0.0;;2.0;2;0.0;2.0;0;0;1.0;;;1.0;0.0;1.0;50.0;Aude;76;Occitanie
201900003584;138Â 299Â 782;A01;1.0;1;1.0;2.0;1955.0;0.0;1.0;8.0;;0.0;0;;;2.0;7.0;0.0;1.0;1.0;1.0;1.0;;25;11;2019;18:00;5.0;02;02304;2;6.0;1.0;6.0;BOURGET (RUE DU);49,6636900;3,3626800;4;BOURGET (RUE DU);0.0;;2.0;2;0.0;1.0;0;0;1.0;;;1.0;0.0;1.0;50.0;Aisne;32;Hauts-de-France
201900003584;138Â 299Â 782;A01;10.0;3;3.0;2.0;2002.0;0.0;8.0;0.0;;3.0;3;1.0;;2.0;7.0;0.0;1.0;1.0;1.0;1.0;;25;11;2019;18:00;5.0;02;02304;2;6.0;1.0;6.0;BOURGET (RUE DU);49,6636900;3,3626800;4;BOURGET (RUE DU);0.0;;2.0;2;0.0;1.0;0;0;1.0;;;1.0;0.0;1.0;50.0;Aisne;32;Hauts-de-France
201900003585;138Â 299Â 781;A01;10.0;3;3.0;1.0;1978.0;0.0;8.0;0.0;;5.0;1;1.0;;3.0;30.0;12.0;1.0;4.0;26.0;6.0;;25;11;2019;00:37;3.0;93;93001;2;9.0;1.0;6.0;FRANCOIS MITTERRAND (QUAI);48,9110910;2,3738600;4;FRANCOIS MITTERRAND (QUAI);0.0;;2.0;0;1.0;1.0;0;0;1.0;;;1.0;6.0;1.0;15.0;Seine-Saint-Denis;11;Île-de-France
201900003585;138Â 299Â 781;A01;1.0;1;1.0;1.0;1987.0;0.0;2.0;0.0;;; -1;;;3.0;30.0;12.0;1.0;4.0;26.0;6.0;;25;11;2019;00:37;3.0;93;93001;2;9.0;1.0;6.0;FRANCOIS MITTERRAND (QUAI);48,9110910;2,3738600;4;FRANCOIS MITTERRAND (QUAI);0.0;;2.0;0;1.0;1.0;0;0;1.0;;;1.0;6.0;1.0;15.0;Seine-Saint-Denis;11;Île-de-France
201900003586;138Â 299Â 779;B01;1.0;1;1.0;1.0;1968.0;1.0;1.0;8.0;;; -1;;;1.0;13.0;0.0;2.0;5.0;16.0;1.0;;26;11;2019;07:28;1.0;987;98735;2;1.0;1.0;3.0;POMARE (BVD STADE BAMBRIDGE); -17,5446400; -149,5801700;4;POMARE (BVD STADE BAMBRIDGE);0.0;;1.0;3;0.0;1.0;1;0;1.0;;;1.0;8.0;1.0;50.0;;;
201900003586;138Â 299Â 780;A01;1.0;1;2.0;1.0;1976.0;0.0;2.0;8.0;;; -1;;;0.0;32.0;0.0;2.0;1.0;2.0;1.0;;26;11;2019;07:28;1.0;987;98735;2;1.0;1.0;3.0;POMARE (BVD STADE BAMBRIDGE); -17,5446400; -149,5801700;4;POMARE (BVD STADE BAMBRIDGE);0.0;;1.0;3;0.0;1.0;1;0;1.0;;;1.0;8.0;1.0;50.0;;;
201900003587;138Â 299Â 777;B01;1.0;1;2.0;1.0;1968.0;0.0;2.0;8.0;;; -1;;;2.0;33.0;0.0;2.0;8.0;15.0;1.0;;26;11;2019;14:40;1.0;976;97611;2;1.0;1.0;3.0;kaweni-Kaweni nord ( Z I ); -12,7650300;45,2269600;4;kaweni-Kaweni nord ( Z I );0.0;;2.0;0;0.0;1.0;0;0;1.0;;;1.0;6.0;1.0;50.0;Mayotte;06;Mayotte
201900003587;138Â 299Â 778;A01;1.0;1;2.0;2.0;1992.0;0.0;2.0;8.0;;; -1;;;1.0;34.0;0.0;2.0;1.0;1.0;1.0;;26;11;2019;14:40;1.0;976;97611;2;1.0;1.0;3.0;kaweni-Kaweni nord ( Z I ); -12,7650300;45,2269600;4;kaweni-Kaweni nord ( Z I );0.0;;2.0;0;0.0;1.0;0;0;1.0;;;1.0;6.0;1.0;50.0;Mayotte;06;Mayotte
201900003588;138Â 299Â 776;A01;1.0;1;2.0;2.0;2004.0;0.0;2.0;8.0;;; -1;;;1.0;2.0;0.0;0.0;0.0;1.0;1.0;;26;11;2019;07:40;1.0;976;97611;1;1.0;8.0;7.0;m'tsapere-Said CafÃ© (rue); -12,7890000;45,2190500;4;m'tsapere-Said CafÃ© (rue);0.0;;2.0;0;0.0;2.0;0;0;1.0;;;2.0;0.0;1.0;50.0;Mayotte;06;Mayotte
201900003589;138Â 299Â 772;D01;2.0;2;1.0;1.0;1989.0;0.0;1.0;0.0;;; -1;;;3.0;10.0;0.0;2.0;1.0;2.0;1.0;;26;11;2019;17:00;1.0;974;97416;1;1.0;1.0;4.0;RN03; -21,3193100;55,4894000;2;3;0.0;;3.0;4;0.0;1.0;59;0;1.0;;;1.0;0.0;1.0;110.0;La Réunion;04;La Réunion
201900003589;138Â 299Â 773;C01;1.0;1;2.0;2.0;1960.0;0.0;1.0;0.0;;; -1;;;3.0;7.0;0.0;2.0;4.0;2.0;1.0;;26;11;2019;17:00;1.0;974;97416;1;1.0;1.0;4.0;RN03; -21,3193100;55,4894000;2;3;0.0;;3.0;4;0.0;1.0;59;0;1.0;;;1.0;0.0;1.0;110.0;La Réunion;04;La Réunion
201900003589;138Â 299Â 773;C01;2.0;2;3.0;2.0;1991.0;0.0;1.0;0.0;;;0;;;3.0;7.0;0.0;2.0;4.0;2.0;1.0;;26;11;2019;17:00;1.0;974;97416;1;1.0;1.0;4.0;RN03; -21,3193100;55,4894000;2;3;0.0;;3.0;4;0.0;1.0;59;0;1.0;;;1.0;0.0;1.0;110.0;La Réunion;04;La Réunion
201900003589;138Â 299Â 774;B01;1.0;1;2.0;2.0;1972.0;0.0;1.0;0.0;;; -1;;;3.0;7.0;0.0;2.0;4.0;2.0;1.0;;26;11;2019;17:00;1.0;974;97416;1;1.0;1.0;4.0;RN03; -21,3193100;55,4894000;2;3;0.0;;3.0;4;0.0;1.0;59;0;1.0;;;1.0;0.0;1.0;110.0;La Réunion;04;La Réunion
201900003589;138Â 299Â 775;A01;1.0;1;1.0;2.0;1979.0;0.0;1.0;8.0;;; -1;;;3.0;7.0;0.0;9.0;4.0;1.0;1.0;;26;11;2019;17:00;1.0;974;97416;1;1.0;1.0;4.0;RN03; -21,3193100;55,4894000;2;3;0.0;;3.0;4;0.0;1.0;59;0;1.0;;;1.0;0.0;1.0;110.0;La Réunion;04;La Réunion
201900003590;138Â 299Â 770;A01;1.0;1;1.0;2.0;1971.0;5.0;1.0;0.0;;0.0;0;;;3.0;7.0;0.0;2.0;1.0;9.0;1.0;;25;11;2019;13:32;1.0;973;97302;2;1.0;1.0;3.0;SOURCE DE BADUEL (CHEMIN DE LA);4,9302290; -52,3089410;4;SOURCE DE BADUEL (CHEMIN DE LA);0.0;;2.0;2;0.0;1.0;1111;0;1.0;;;1.0;0.0;1.0;50.0;Guyane;03;Guyane
201900003590;138Â 299Â 771;B01;1.0;1;2.0;1.0;2002.0;2.0;8.0;0.0;;0.0;0;;;3.0;1.0;0.0;2.0;7.0;1.0;5.0;;25;11;2019;13:32;1.0;973;97302;2;1.0;1.0;3.0;SOURCE DE BADUEL (CHEMIN DE LA);4,9302290; -52,3089410;4;SOURCE DE BADUEL (CHEMIN DE LA);0.0;;2.0;2;0.0;1.0;1111;0;1.0;;;1.0;0.0;1.0;50.0;Guyane;03;Guyane
201900003591;138Â 299Â 768;A01;1.0;1;1.0;2.0;1977.0;4.0;1.0;0.0;;; -1;;;1.0;7.0;0.0;9.0;3.0;9.0;1.0;;25;11;2019;13:08;1.0;973;97302;2;1.0;2.0;3.0;ZEPHIR (ROCADE);4,9237660; -52,3250410;3;18;0.0;;2.0;1;2.0;1.0;0;850;1.0;;;2.0;0.0;1.0;50.0;Guyane;03;Guyane
201900003591;138Â 299Â 769;B01;1.0;1;2.0;1.0;2003.0;0.0;8.0;0.0;;; -1;;;1.0;1.0;0.0;2.0;0.0;5.0;5.0;;25;11;2019;13:08;1.0;973;97302;2;1.0;2.0;3.0;ZEPHIR (ROCADE);4,9237660; -52,3250410;3;18;0.0;;2.0;1;2.0;1.0;0;850;1.0;;;2.0;0.0;1.0;50.0;Guyane;03;Guyane
201900003592;138Â 299Â 767;A01;10.0;3;3.0;1.0;2003.0;;0.0;;;9.0;B;1.0;;3.0;7.0;0.0;1.0;0.0;0.0;;;26;11;2019;10:00;1.0;69;69259;2;1.0;1.0;6.0;AMBROISE CROIZAT                    (BD);45,6991200;4,8877700;7;AMBROISE CROIZAT (BD);0.0;;1.0;2;0.0;1.0;0;0;1.0;;;1.0;0.0;1.0;50.0;Rhône;84;Auvergne-Rhône-Alpes
201900003593;138Â 299Â 765;A01;1.0;1;1.0;2.0;1974.0;1.0;1.0;0.0;;; -1;;;1.0;7.0;0.0;2.0;5.0;16.0;0.0;;26;11;2019;07:10;2.0;69;69386;2;3.0;1.0;3.0;BUGEAUD                             (R );45,7671300;4,8568300;4;BROTTEAUX (DES)                     (BD);0.0;;1.0;4;1.0;1.0;1;0;1.0;;;1.0;0.0;1.0;50.0;Rhône;84;Auvergne-Rhône-Alpes
201900003593;138Â 299Â 766;B01;1.0;1;2.0;1.0;1987.0;0.0;2.0;8.0;;; -1;;;1.0;50.0;0.0;2.0;8.0;1.0;3.0;;26;11;2019;07:10;2.0;69;69386;2;3.0;1.0;3.0;BUGEAUD                             (R );45,7671300;4,8568300;4;BROTTEAUX (DES)                     (BD);0.0;;1.0;4;1.0;1.0;1;0;1.0;;;1.0;0.0;1.0;50.0;Rhône;84;Auvergne-Rhône-Alpes
201900003594;138Â 299Â 764;A01;1.0;1;1.0;1.0;1958.0;1.0;1.0;0.0;;;0;;;2.0;7.0;0.0;1.0;3.0;15.0;1.0;;26;11;2019;07:30;1.0;972;97213;2;3.0;1.0;6.0;SALVADOR ALLENDE (RUE);14,6184600; -60,9971200;4;SALVADOR ALLENDE (RUE);0.0;;1.0;2;0.0;1.0;0;0;1.0;;;1.0;0.0;1.0;50.0;Martinique;02;Martinique
201900003594;138Â 299Â 764;A01;10.0;3;2.0;1.0;2004.0;2.0;0.0;;;1.0;3;1.0;;2.0;7.0;0.0;1.0;3.0;15.0;1.0;;26;11;2019;07:30;1.0;972;97213;2;3.0;1.0;6.0;SALVADOR ALLENDE (RUE);14,6184600; -60,9971200;4;SALVADOR ALLENDE (RUE);0.0;;1.0;2;0.0;1.0;0;0;1.0;;;1.0;0.0;1.0;50.0;Martinique;02;Martinique
201900003595;138Â 299Â 763;A01;1.0;1;4.0;1.0;1975.0;5.0;0.0;0.0;0.0;;0;;;2.0;0.0;3.0;0.0;0.0;26.0;1.0;;24;11;2019;21:05;5.0;972;97213;1;1.0;1.0;6.0;ROUTE DEPARTEMENTALE 3;14,6338000; -60,9971600;3;3;0.0;;;2;0.0;1.0;4;679;1.0;;;1.0;0.0;1.0;70.0;Martinique;02;Martinique
201900003596;138Â 299Â 761;A01;1.0;1;1.0;2.0;1971.0;1.0;1.0;8.0;;; -1;;;3.0;7.0;0.0;1.0;2.0;16.0;0.0;;26;11;2019;08:15;1.0;69;69202;2;9.0;1.0;3.0;LIBERATION (DE LA)                  (RO);45,7281900;4,7788600;7;LIBERATION (DE LA)                  (RO);0.0;;2.0;2;0.0;2.0;0;0;1.0;;;1.0;0.0;1.0;50.0;Rhône;84;Auvergne-Rhône-Alpes
201900003596;138Â 299Â 762;Y01;10.0;3;2.0;1.0;1998.0;0.0;0.0;;;2.0;3;;;3.0;60.0;0.0;2.0;1.0;2.0;5.0;;26;11;2019;08:15;1.0;69;69202;2;9.0;1.0;3.0;LIBERATION (DE LA)                  (RO);45,7281900;4,7788600;7;LIBERATION (DE LA)                  (RO);0.0;;2.0;2;0.0;2.0;0;0;1.0;;;1.0;0.0;1.0;50.0;Rhône;84;Auvergne-Rhône-Alpes