Num_Acc;id_vehicule;num_veh;place;catu;grav;sexe;an_nais;trajet;secu1;secu2;secu3;locp;actp;etatp;id_usager;senc;catv;obs;obsm;choc;manv;motor;occutc;jour;mois;an;hrmn;lum;dep;com;agg;int;atm;col;adr;lat;long;catr;voie;v1;v2;circ;nbv;vosp;prof;pr;pr1;plan;lartpc;larrout;surf;infra;situ;vma;nom_departement;reg;nom_region
201900003597;138Â 299Â 759;A01;1.0;1;2.0;2.0;1995.0;0.0;1.0;8.0;;; -1;;;1.0;7.0;0.0;2.0;1.0;2.0;1.0;;26;11;2019;08:20;1.0;2B;2B033;1;1.0;1.0;2.0;SAMPIERO CORSO - AV;42,6762400;9,4442700;2;11;0.0;;1.0;1;0.0;2.0;1;0;1.0;;;1.0;1.0;1.0;50.0;Haute-Corse;94;Corse
201900003597;138Â 299Â 760;B01;1.0;1;1.0;2.0;1975.0;0.0;1.0;8.0;;; -1;;;1.0;7.0;0.0;2.0;4.0;2.0;1.0;;26;11;2019;08:20;1.0;2B;2B033;1;1.0;1.0;2.0;SAMPIERO CORSO - AV;42,6762400;9,4442700;2;11;0.0;;1.0;1;0.0;2.0;1;0;1.0;;;1.0;1.0;1.0;50.0;Haute-Corse;94;Corse
201900003598;138Â 299Â 758;A01;1.0;1;2.0;1.0;1947.0;5.0;1.0;0.0;;; -1;;;3.0;7.0;16.0;0.0;2.0;26.0;1.0;;26;11;2019;14:30;1.0;971;97113;2;1.0;1.0;6.0;SECTION MARE-GAILLARD;16,2117500; -61,4409700;2;4;0.0;;2.0;2;0.0;2.0;0;0;1.0;;;1.0;0.0;1.0;70.0;Guadeloupe;01;Guadeloupe
201900003599;138Â 299Â 756;B01;1.0;1;2.0;1.0;2002.0;2.0;2.0;6.0;;; -1;;;1.0;2.0;0.0;2.0;1.0;1.0;1.0;;26;11;2019;07:40;1.0;2A;2A004;2;1.0;1.0;3.0;AVENUE DU DOCTEUR NOEL FRANCHINI;41,9380300;8,7542400;2;22;0.0;;2.0;2;0.0;1.0;(1);(1);1.0;;;1.0;0.0;1.0;50.0;Corse-du-Sud;94;Corse
201900003599;138Â 299Â 757;A01;1.0;1;1.0;1.0;1973.0;1.0;8.0;0.0;;; -1;;;2.0;7.0;0.0;2.0;1.0;15.0;1.0;;26;11;2019;07:40;1.0;2A;2A004;2;1.0;1.0;3.0;AVENUE DU DOCTEUR NOEL FRANCHINI;41,9380300;8,7542400;2;22;0.0;;2.0;2;0.0;1.0;(1);(1);1.0;;;1.0;0.0;1.0;50.0;Corse-du-Sud;94;Corse
201900003600;138Â 299Â 755;A01;1.0;1;2.0;2.0;1957.0;5.0;1.0;0.0;;;0;;;1.0;7.0;0.0;0.0;1.0;13.0;0.0;;26;11;2019;22:00;3.0;95;95268;2;1.0;3.0;6.0;AV DU GENERAL DE GAULLE;48,9760700;2,3949000;3;125;0.0;;3.0;5;0.0;1.0;6;700;1.0;;;2.0;0.0;1.0;50.0;Val-d'Oise;11;Île-de-France
201900003601;138Â 299Â 751;B01;10.0;3;2.0;2.0;1967.0;0.0;8.0;0.0;;9.0;B;1.0;;3.0;0.0;0.0;2.0;2.0;19.0;0.0;;26;11;2019;11:16;1.0;91;91434;2;1.0;3.0;2.0;PERVENCHES (ALLEES DES);48,6497300;2,3487700;6;PERVENCHES (ALLEES DES);0.0;;2.0;1;0.0;1.0;1;0;1.0;;;2.0;0.0;1.0;50.0;Essonne;11;Île-de-France
201900003601;138Â 299Â 752;A01;1.0;1;1.0;2.0;1935.0;5.0;1.0;0.0;;0.0;0;;;3.0;10.0;0.0;1.0;4.0;4.0;1.0;;26;11;2019;11:16;1.0;91;91434;2;1.0;3.0;2.0;PERVENCHES (ALLEES DES);48,6497300;2,3487700;6;PERVENCHES (ALLEES DES);0.0;;2.0;1;0.0;1.0;1;0;1.0;;;2.0;0.0;1.0;50.0;Essonne;11;Île-de-France
201900003602;138Â 299Â 749;A01;10.0;3;2.0;2.0;1988.0;3.0;8.0;0.0;;4.0;3;1.0;;1.0;10.0;0.0;1.0;1.0;15.0;0.0;;26;11;2019;08:45;2.0;91;91201;2;2.0;1.0;6.0;RIS (RUE DE);48,6627500;2,4177600;3;31;0.0;;2.0;3;0.0;4.0;(1);(1);1.0;;;1.0;0.0;1.0;50.0;Essonne;11;Île-de-France
201900003603;138Â 299Â 747;A01;1.0;1;1.0;2.0;1965.0;0.0;1.0;0.0;;0.0;0;;;2.0;7.0;0.0;2.0;1.0;2.0;0.0;;26;11;2019;09:30;1.0;91;91339;1;1.0;2.0;2.0;RN 20;48,6348000;2,2661100;2;20;0.0;;3.0;2;0.0;2.0;0;0;1.0;;;2.0;0.0;1.0;50.0;Essonne;11;Île-de-France
201900003603;138Â 299Â 748;B01;1.0;1;2.0;1.0;2000.0;0.0;1.0;0.0;;0.0;0;;;2.0;7.0;0.0;2.0;4.0;2.0;1.0;;26;11;2019;09:30;1.0;91;91339;1;1.0;2.0;2.0;RN 20;48,6348000;2,2661100;2;20;0.0;;3.0;2;0.0;2.0;0;0;1.0;;;2.0;0.0;1.0;50.0;Essonne;11;Île-de-France
201900003604;138Â 299Â 745;B01;1.0;1;1.0;1.0;1986.0;4.0;8.0;0.0;;; -1;;;1.0;14.0;14.0;2.0;2.0;1.0;1.0;;25;11;2019;10:36;1.0;90;90010;2;2.0;1.0;3.0;DOLLFUS (RUE JEAN);47,6369700;6,8427500;4;DOLLFUS (RUE JEAN);0.0;;2.0;2;0.0;1.0;0;0;1.0;;;1.0;0.0;1.0;50.0;Territoire de Belfort;27;Bourgogne-Franche-Comté
201900003604;138Â 299Â 746;A01;2.0;2;2.0;1.0;1975.0;4.0;1.0;0.0;;; -1;;;1.0;7.0;0.0;2.0;2.0;9.0;1.0;;25;11;2019;10:36;1.0;90;90010;2;2.0;1.0;3.0;DOLLFUS (RUE JEAN);47,6369700;6,8427500;4;DOLLFUS (RUE JEAN);0.0;;2.0;2;0.0;1.0;0;0;1.0;;;1.0;0.0;1.0;50.0;Territoire de Belfort;27;Bourgogne-Franche-Comté
201900003604;138Â 299Â 746;A01;1.0;1;1.0;2.0;1984.0;4.0;8.0;0.0;;0.0;0;;;1.0;7.0;0.0;2.0;2.0;9.0;1.0;;25;11;2019;10:36;1.0;90;90010;2;2.0;1.0;3.0;DOLLFUS (RUE JEAN);47,6369700;6,8427500;4;DOLLFUS (RUE JEAN);0.0;;2.0;2;0.0;1.0;0;0;1.0;;;1.0;0.0;1.0;50.0;Territoire de Belfort;27;Bourgogne-Franche-Comté
201900003605;138Â 299Â 743;B01;1.0;1;1.0;1.0;2001.0;5.0;2.0;6.0;;; -1;;;1.0;2.0;0.0;2.0;8.0;1.0;1.0;;25;11;2019;21:05;5.0;88;88160;2;1.0;1.0;6.0;BALZAC (RUE HONORE-DE-);48,1850600;6,4664200;4;BALZAC (RUE HONORE-DE-);0.0;;2.0;2;0.0;1.0;0;0;1.0;;;1.0;0.0;1.0;50.0;Vosges;44;Grand Est
201900003605;138Â 299Â 743;B01;2.0;2;2.0;2.0;2004.0;5.0;2.0;6.0;;; -1;;;1.0;2.0;0.0;2.0;8.0;1.0;1.0;;25;11;2019;21:05;5.0;88;88160;2;1.0;1.0;6.0;BALZAC (RUE HONORE-DE-);48,1850600;6,4664200;4;BALZAC (RUE HONORE-DE-);0.0;;2.0;2;0.0;1.0;0;0;1.0;;;1.0;0.0;1.0;50.0;Vosges;44;Grand Est
201900003606;138Â 299Â 741;B01;2.0;2;2.0;2.0;1989.0;5.0;1.0;0.0;;0.0;0;;;1.0;7.0;0.0;2.0;4.0;23.0;1.0;;24;11;2019;12:45;1.0;87;87085;2;1.0;1.0;2.0;AUTOROUTE A20;45,8828900;1,2900600;1;20;0.0;;1.0;1;0.0;2.0;176;500;1.0;;;2.0;3.0;1.0;50.0;Haute-Vienne;75;Nouvelle-Aquitaine
201900003606;138Â 299Â 741;B01;1.0;1;1.0;2.0;1988.0;5.0;1.0;0.0;;0.0;0;;;1.0;7.0;0.0;2.0;4.0;23.0;1.0;;24;11;2019;12:45;1.0;87;87085;2;1.0;1.0;2.0;AUTOROUTE A20;45,8828900;1,2900600;1;20;0.0;;1.0;1;0.0;2.0;176;500;1.0;;;2.0;3.0;1.0;50.0;Haute-Vienne;75;Nouvelle-Aquitaine
201900003606;138Â 299Â 742;A01;1.0;1;1.0;1.0;1993.0;5.0;8.0;0.0;;0.0;0;;;1.0;7.0;0.0;2.0;1.0;2.0;1.0;;24;11;2019;12:45;1.0;87;87085;2;1.0;1.0;2.0;AUTOROUTE A20;45,8828900;1,2900600;1;20;0.0;;1.0;1;0.0;2.0;176;500;1.0;;;2.0;3.0;1.0;50.0;Haute-Vienne;75;Nouvelle-Aquitaine
201900003607;138Â 299Â 739;B01;1.0;1;2.0;1.0;1947.0;5.0;1.0;0.0;;; -1;;;2.0;7.0;0.0;2.0;4.0;2.0;1.0;;23;11;2019;10:51;1.0;87;87050;1;1.0;2.0;2.0;RN520 (COUZEIX);45,9018100;1,2286500;2;520;0.0;;1.0;1;0.0;1.0;5;599;1.0;;;2.0;0.0;1.0;70.0;Haute-Vienne;75;Nouvelle-Aquitaine
201900003607;138Â 299Â 740;A01;1.0;1;1.0;1.0;1981.0;5.0;1.0;8.0;;; -1;;;2.0;7.0;0.0;2.0;1.0;2.0;1.0;;23;11;2019;10:51;1.0;87;87050;1;1.0;2.0;2.0;RN520 (COUZEIX);45,9018100;1,2286500;2;520;0.0;;1.0;1;0.0;1.0;5;599;1.0;;;2.0;0.0;1.0;70.0;Haute-Vienne;75;Nouvelle-Aquitaine
201900003608;138Â 299Â 735;B01;1.0;1;1.0;1.0;1985.0;4.0;1.0;0.0;;; -1;;;0.0;37.0;0.0;2.0;3.0;1.0;1.0;1.0;26;11;2019;04:40;3.0;80;80021;1;1.0;1.0;1.0;MAIL CHAMP PILLARD;49,9225300;2,2582800;4;MAIL CHAMP PILLARD;0.0;;2.0;2;0.0;2.0;0;0;4.0;;;2.0;0.0;1.0;50.0;Somme;32;Hauts-de-France
201900003608;138Â 299Â 736;A01;1.0;1;2.0;1.0;1990.0;0.0;1.0;0.0;;; -1;;;0.0;7.0;0.0;2.0;7.0;1.0;1.0;;26;11;2019;04:40;3.0;80;80021;1;1.0;1.0;1.0;MAIL CHAMP PILLARD;49,9225300;2,2582800;4;MAIL CHAMP PILLARD;0.0;;2.0;2;0.0;2.0;0;0;4.0;;;2.0;0.0;1.0;50.0;Somme;32;Hauts-de-France
201900003609;138Â 299Â 734;A01;1.0;1;2.0;2.0;1994.0;0.0;1.0;0.0;;; -1;;;0.0;7.0;0.0;0.0;3.0;11.0;1.0;;25;11;2019;17:10;5.0;80;80489;1;1.0;1.0;7.0;RN 25;49,8717500;2,3712100;2;25;0.0;;2.0;4;0.0;1.0;0;0;1.0;;;1.0;0.0;1.0;110.0;Somme;32;Hauts-de-France
201900003610;138Â 299Â 732;B01;1.0;1;1.0;1.0;1997.0;0.0;1.0;0.0;;; -1;;;0.0;7.0;0.0;2.0;5.0;2.0;1.0;;25;11;2019;12:55;1.0;80;80021;2;1.0;1.0;2.0;CLOITRE DE LA BARGE (RUE DU);49,8936800;2,2996800;4;CLOITRE DE LA BARGE (RUE DU);0.0;;1.0;1;0.0;1.0;0;0;2.0;;;1.0;0.0;1.0;50.0;Somme;32;Hauts-de-France
201900003610;138Â 299Â 733;A01;1.0;1;2.0;1.0;1995.0;4.0;2.0;0.0;;0.0;0;;;0.0;32.0;0.0;2.0;1.0;2.0;1.0;;25;11;2019;12:55;1.0;80;80021;2;1.0;1.0;2.0;CLOITRE DE LA BARGE (RUE DU);49,8936800;2,2996800;4;CLOITRE DE LA BARGE (RUE DU);0.0;;1.0;1;0.0;1.0;0;0;2.0;;;1.0;0.0;1.0;50.0;Somme;32;Hauts-de-France
201900003611;138Â 299Â 730;B01;1.0;1;4.0;2.0;1958.0;5.0;1.0;0.0;;0.0;0;;;0.0;7.0;0.0;2.0;1.0;1.0;1.0;;23;11;2019;01:45;3.0;80;80164;1;1.0;2.0;1.0;CORBIE (ROUTE);49,9036500;2,3740100;3;1;0.0;;2.0;2;0.0;1.0;0;0;1.0;;;2.0;0.0;1.0;80.0;Somme;32;Hauts-de-France
201900003611;138Â 299Â 731;A01;1.0;1;4.0;1.0;1985.0;5.0;1.0;0.0;;0.0;0;;;0.0;7.0;0.0;2.0;7.0;1.0;1.0;;23;11;2019;01:45;3.0;80;80164;1;1.0;2.0;1.0;CORBIE (ROUTE);49,9036500;2,3740100;3;1;0.0;;2.0;2;0.0;1.0;0;0;1.0;;;2.0;0.0;1.0;80.0;Somme;32;Hauts-de-France
201900003612;138Â 299Â 729;A01;10.0;3;3.0;2.0;1964.0;5.0;8.0;0.0;;4.0;3;1.0;;3.0;7.0;0.0;1.0;1.0;9.0;1.0;;18;11;2019;22:00;5.0;78;78118;1;1.0;1.0;6.0;RUE DES PIQUETTES;48,9889640;1,6820310;4;RUE DES PIQUETTES;0.0;;;0;0.0;1.0;0;0;1.0;;;1.0;0.0;1.0;50.0;Yvelines;11;Île-de-France
201900003612;138Â 299Â 729;A01;1.0;1;1.0;1.0;1980.0;5.0;1.0;0.0;;0.0;0;;;3.0;7.0;0.0;1.0;1.0;9.0;1.0;;18;11;2019;22:00;5.0;78;78118;1;1.0;1.0;6.0;RUE DES PIQUETTES;48,9889640;1,6820310;4;RUE DES PIQUETTES;0.0;;;0;0.0;1.0;0;0;1.0;;;1.0;0.0;1.0;50.0;Yvelines;11;Île-de-France
201900003613;138Â 299Â 727;A01;10.0;3;2.0;1.0;1958.0;0.0;0.0;;;2.0;B;1.0;;1.0;7.0;0.0;1.0;2.0;11.0;1.0;;26;11;2019;22:20;5.0;77;77181;2;1.0;2.0;6.0;D406-MARIE CURIE  (AVENUE);48,8290100;2,6809900;3;406;0.0;;2.0;2;0.0;1.0;8;255;1.0;;;2.0;0.0;1.0;50.0;Seine-et-Marne;11;Île-de-France
201900003613;138Â 299Â 727;A01;1.0;1;1.0;1.0;1958.0;0.0;1.0;0.0;;;0;;;1.0;7.0;0.0;1.0;2.0;11.0;1.0;;26;11;2019;22:20;5.0;77;77181;2;1.0;2.0;6.0;D406-MARIE CURIE  (AVENUE);48,8290100;2,6809900;3;406;0.0;;2.0;2;0.0;1.0;8;255;1.0;;;2.0;0.0;1.0;50.0;Seine-et-Marne;11;Île-de-France
201900003614;138Â 299Â 725;A01;1.0;1;1.0;2.0;1967.0;1.0;1.0;0.0;;; -1;;;2.0;7.0;0.0;1.0;1.0;1.0;1.0;;22;11;2019;13:20;1.0;76;76351;2;1.0;1.0;6.0;EDOUARD VAILLANT;49,5160600;0,1758500;4;EDOUARD VAILLANT;0.0;;2.0;2;0.0;1.0;0;0;1.0;;;1.0;0.0;1.0;30.0;Seine-Maritime;28;Normandie
201900003614;138Â 299Â 725;A01;10.0;3;2.0;2.0;2010.0;2.0;8.0;8.0;;3.0;3;1.0;;2.0;7.0;0.0;1.0;1.0;1.0;1.0;;22;11;2019;13:20;1.0;76;76351;2;1.0;1.0;6.0;EDOUARD VAILLANT;49,5160600;0,1758500;4;EDOUARD VAILLANT;0.0;;2.0;2;0.0;1.0;0;0;1.0;;;1.0;0.0;1.0;30.0;Seine-Maritime;28;Normandie
201900003615;138Â 299Â 723;B01;1.0;1;2.0;1.0;1938.0;0.0;1.0;0.0;;;0;;;2.0;7.0;0.0;2.0;3.0;0.0;1.0;;23;11;2019;12:05;1.0;69;69275;2;3.0;8.0;1.0;EDOUARD HERRIOT                     (AV);45,7724200;4,9620000;4;EDOUARD HERRIOT                     (AV);0.0;;2.0;2;0.0;2.0;0;0;1.0;;;2.0;0.0;1.0;50.0;Rhône;84;Auvergne-Rhône-Alpes
201900003615;138Â 299Â 723;B01;2.0;2;2.0;1.0;2000.0;0.0;1.0;0.0;;;0;;;2.0;7.0;0.0;2.0;3.0;0.0;1.0;;23;11;2019;12:05;1.0;69;69275;2;3.0;8.0;1.0;EDOUARD HERRIOT                     (AV);45,7724200;4,9620000;4;EDOUARD HERRIOT                     (AV);0.0;;2.0;2;0.0;2.0;0;0;1.0;;;2.0;0.0;1.0;50.0;Rhône;84;Auvergne-Rhône-Alpes
201900003615;138Â 299Â 724;A01;1.0;1;1.0;1.0;1995.0;0.0;1.0;0.0;;;0;;;1.0;7.0;0.0;2.0;3.0;13.0;1.0;;23;11;2019;12:05;1.0;69;69275;2;3.0;8.0;1.0;EDOUARD HERRIOT                     (AV);45,7724200;4,9620000;4;EDOUARD HERRIOT                     (AV);0.0;;2.0;2;0.0;2.0;0;0;1.0;;;2.0;0.0;1.0;50.0;Rhône;84;Auvergne-Rhône-Alpes
201900003616;138Â 299Â 721;B01;1.0;1;1.0;1.0;1987.0;4.0;8.0;0.0;;; -1;;;1.0;17.0;0.0;2.0;3.0;23.0;1.0;;20;11;2019;18:15;5.0;69;69091;2;1.0;1.0;1.0;JOSEPH LIAUTHAUD ( R );45,5904800;4,7650000;3;488;0.0;;2.0;1;0.0;1.0;0;500;1.0;;;1.0;0.0;1.0;50.0;Rhône;84;Auvergne-Rhône-Alpes
201900003616;138Â 299Â 722;A01;1.0;1;3.0;1.0;1947.0;3.0;8.0;8.0;;; -1;;;2.0;20.0;0.0;2.0;1.0;13.0;1.0;;20;11;2019;18:15;5.0;69;69091;2;1.0;1.0;1.0;JOSEPH LIAUTHAUD ( R );45,5904800;4,7650000;3;488;0.0;;2.0;1;0.0;1.0;0;500;1.0;;;1.0;0.0;1.0;50.0;Rhône;84;Auvergne-Rhône-Alpes
201900003617;138Â 299Â 719;B01;1.0;1;1.0;1.0;1971.0;5.0;1.0;0.0;;; -1;;;2.0;7.0;0.0;2.0;6.0;1.0;1.0;;26;11;2019;20:40;5.0;68;68297;2;2.0;1.0;3.0;VERDUN ( RUE DE );47,5807000;7,5708000;4;;0.0;;2.0;2;0.0;1.0;0;0;1.0;;;1.0;0.0;1.0;50.0;Haut-Rhin;44;Grand Est
201900003617;138Â 299Â 720;A01;1.0;1;2.0;1.0;1987.0;5.0;2.0;0.0;;; -1;;;2.0;2.0;0.0;2.0;1.0;1.0;1.0;;26;11;2019;20:40;5.0;68;68297;2;2.0;1.0;3.0;VERDUN ( RUE DE );47,5807000;7,5708000;4;;0.0;;2.0;2;0.0;1.0;0;0;1.0;;;1.0;0.0;1.0;50.0;Haut-Rhin;44;Grand Est
201900003618;138Â 299Â 718;A01;1.0;1;3.0;1.0;1954.0;5.0;2.0;8.0;;; -1;;;2.0;30.0;9.0;0.0;1.0;1.0;1.0;;18;11;2019;20:30;5.0;68;68297;2;1.0;8.0;7.0;MULHOUSE ( RUE DE)JUSQUE CIMETIERE DU 1;47,5866200;7,5630700;3;66;0.0;;2.0;2;0.0;1.0;72;150;1.0;;;2.0;0.0;1.0;50.0;Haut-Rhin;44;Grand Est
201900003619;138Â 299Â 716;A01;1.0;1;1.0;2.0;1975.0;1.0;1.0;0.0;;; -1;;;0.0;7.0;0.0;1.0;2.0;1.0;1.0;;26;11;2019;13:52;1.0;68;68224;2;1.0;1.0;7.0;KOECHLIN (RUE);47,7543700;7,3334700;4;;0.0;;1.0;1;0.0;1.0;0;0;1.0;;;1.0;0.0;1.0;50.0;Haut-Rhin;44;Grand Est
201900003619;138Â 299Â 716;A01;10.0;3;3.0;1.0;2012.0;2.0;0.0;;;2.0;5;2.0;;0.0;7.0;0.0;1.0;2.0;1.0;1.0;;26;11;2019;13:52;1.0;68;68224;2;1.0;1.0;7.0;KOECHLIN (RUE);47,7543700;7,3334700;4;;0.0;;1.0;1;0.0;1.0;0;0;1.0;;;1.0;0.0;1.0;50.0;Haut-Rhin;44;Grand Est
201900003620;138Â 299Â 714;B01;1.0;1;1.0;2.0;1993.0;5.0;1.0;0.0;;;0;;;3.0;7.0;0.0;2.0;6.0;26.0;1.0;;16;11;2019;13:05;1.0;68;68066;2;1.0;1.0;3.0;CURIE (RUE);48,1085800;7,3643200;6;CURIE (RUE);0.0;;;0;0.0;1.0;1;0;1.0;;;1.0;0.0;8.0;30.0;Haut-Rhin;44;Grand Est
201900003620;138Â 299Â 715;A01;1.0;1;3.0;1.0;1957.0;5.0;2.0;6.0;;;0;;;3.0;33.0;0.0;2.0;1.0;26.0;1.0;;16;11;2019;13:05;1.0;68;68066;2;1.0;1.0;3.0;CURIE (RUE);48,1085800;7,3643200;6;CURIE (RUE);0.0;;;0;0.0;1.0;1;0;1.0;;;1.0;0.0;8.0;30.0;Haut-Rhin;44;Grand Est
201900003621;138Â 299Â 712;A01;1.0;1;1.0;2.0;1956.0;0.0;1.0;8.0;;;0;;;1.0;7.0;0.0;2.0;2.0;2.0;1.0;;25;11;2019;19:10;5.0;67;67204;2;3.0;2.0;3.0;MARECHAL LECLERC (RUE DU);48,6211400;7,7596390;4;MARECHAL LECLERC (RUE DU);0.0;;2.0;2;1.0;2.0;0;0;1.0;;;2.0;0.0;1.0;50.0;Bas-Rhin;44;Grand Est
201900003621;138Â 299Â 713;B01;1.0;1;3.0;1.0;1974.0;1.0;2.0;8.0;;;0;;;1.0;1.0;0.0;2.0;0.0;15.0;5.0;;25;11;2019;19:10;5.0;67;67204;2;3.0;2.0;3.0;MARECHAL LECLERC (RUE DU);48,6211400;7,7596390;4;MARECHAL LECLERC (RUE DU);0.0;;2.0;2;1.0;2.0;0;0;1.0;;;2.0;0.0;1.0;50.0;Bas-Rhin;44;Grand Est
201900003622;138Â 299Â 711;A01;10.0;3;2.0;2.0;1968.0;0.0;8.0;0.0;;1.0;A;1.0;;1.0;7.0;0.0;1.0;0.0;9.0;1.0;;25;11;2019;17:20;5.0;67;67482;2;1.0;2.0;6.0;DUNTZENHEIM (RUE DE);48,6002980;7,7045130;4;DUNTZENHEIM (RUE DE);0.0;;2.0;2;0.0;1.0;0;0;1.0;;;2.0;0.0;1.0;30.0;Bas-Rhin;44;Grand Est
201900003622;138Â 299Â 711;A01;1.0;1;1.0;2.0;1995.0;0.0;1.0;8.0;;;0;;;1.0;7.0;0.0;1.0;0.0;9.0;1.0;;25;11;2019;17:20;5.0;67;67482;2;1.0;2.0;6.0;DUNTZENHEIM (RUE DE);48,6002980;7,7045130;4;DUNTZENHEIM (RUE DE);0.0;;2.0;2;0.0;1.0;0;0;1.0;;;2.0;0.0;1.0;30.0;Bas-Rhin;44;Grand Est
201900003623;138Â 299Â 709;A01;2.0;2;2.0;2.0;2002.0;0.0;1.0;8.0;;;0;;;1.0;7.0;0.0;2.0;1.0;2.0;1.0;;22;11;2019;19:45;5.0;67;67267;2;6.0;1.0;2.0;SCHUMANN (AVENUE);48,5602720;7,6929300;4;SCHUMANN (AVENUE);0.0;;1.0;2;0.0;1.0;0;0;2.0;;;1.0;0.0;1.0;50.0;Bas-Rhin;44;Grand Est
201900003623;138Â 299Â 709;A01;5.0;2;2.0;1.0;2008.0;0.0;1.0;8.0;;;0;;;1.0;7.0;0.0;2.0;1.0;2.0;1.0;;22;11;2019;19:45;5.0;67;67267;2;6.0;1.0;2.0;SCHUMANN (AVENUE);48,5602720;7,6929300;4;SCHUMANN (AVENUE);0.0;;1.0;2;0.0;1.0;0;0;2.0;;;1.0;0.0;1.0;50.0;Bas-Rhin;44;Grand Est
201900003623;138Â 299Â 709;A01;4.0;2;2.0;2.0;2005.0;0.0;1.0;8.0;;;0;;;1.0;7.0;0.0;2.0;1.0;2.0;1.0;;22;11;2019;19:45;5.0;67;67267;2;6.0;1.0;2.0;SCHUMANN (AVENUE);48,5602720;7,6929300;4;SCHUMANN (AVENUE);0.0;;1.0;2;0.0;1.0;0;0;2.0;;;1.0;0.0;1.0;50.0;Bas-Rhin;44;Grand Est
201900003623;138Â 299Â 709;A01;1.0;1;1.0;1.0;1969.0;0.0;1.0;8.0;;;0;;;1.0;7.0;0.0;2.0;1.0;2.0;1.0;;22;11;2019;19:45;5.0;67;67267;2;6.0;1.0;2.0;SCHUMANN (AVENUE);48,5602720;7,6929300;4;SCHUMANN (AVENUE);0.0;;1.0;2;0.0;1.0;0;0;2.0;;;1.0;0.0;1.0;50.0;Bas-Rhin;44;Grand Est
201900003623;138Â 299Â 710;B01;2.0;2;2.0;1.0;2003.0;0.0;1.0;8.0;;;0;;;1.0;7.0;0.0;2.0;4.0;2.0;1.0;;22;11;2019;19:45;5.0;67;67267;2;6.0;1.0;2.0;SCHUMANN (AVENUE);48,5602720;7,6929300;4;SCHUMANN (AVENUE);0.0;;1.0;2;0.0;1.0;0;0;2.0;;;1.0;0.0;1.0;50.0;Bas-Rhin;44;Grand Est
201900003623;138Â 299Â 710;B01;1.0;1;1.0;1.0;1972.0;0.0;1.0;8.0;;;0;;;1.0;7.0;0.0;2.0;4.0;2.0;1.0;;22;11;2019;19:45;5.0;67;67267;2;6.0;1.0;2.0;SCHUMANN (AVENUE);48,5602720;7,6929300;4;SCHUMANN (AVENUE);0.0;;1.0;2;0.0;1.0;0;0;2.0;;;1.0;0.0;1.0;50.0;Bas-Rhin;44;Grand Est
201900003624;138Â 299Â 707;A01;1.0;1;1.0;1.0;1973.0;4.0;1.0;8.0;;0.0;0;;;3.0;10.0;0.0;2.0;1.0;15.0;1.0;;25;11;2019;07:15;3.0;67;67462;1;1.0;1.0;1.0;RD422;48,2878800;7,4575800;3;422;0.0;;2.0;3;0.0;2.0;0;0;1.0;;;1.0;2.0;1.0;80.0;Bas-Rhin;44;Grand Est
201900003624;138Â 299Â 708;B01;1.0;1;2.0;2.0;1986.0;1.0;1.0;8.0;;0.0;0;;;3.0;7.0;0.0;2.0;1.0;1.0;1.0;;25;11;2019;07:15;3.0;67;67462;1;1.0;1.0;1.0;RD422;48,2878800;7,4575800;3;422;0.0;;2.0;3;0.0;2.0;0;0;1.0;;;1.0;2.0;1.0;80.0;Bas-Rhin;44;Grand Est
201900003625;138Â 299Â 705;A01;1.0;1;1.0;1.0;1932.0;5.0;1.0;0.0;;; -1;;;2.0;7.0;0.0;2.0;3.0;15.0;1.0;;25;11;2019;17:30;2.0;65;65251;2;1.0;1.0;3.0;PYRENEES (RUE DES);43,2170750;0,0713910;3;935;0.0;;;2;0.0;1.0;43;800;1.0;;;1.0;0.0;1.0;50.0;Hautes-Pyrénées;76;Occitanie
201900003625;138Â 299Â 706;B01;1.0;1;3.0;1.0;1981.0;5.0;2.0;0.0;;;0;;;1.0;30.0;0.0;2.0;1.0;26.0;1.0;;25;11;2019;17:30;2.0;65;65251;2;1.0;1.0;3.0;PYRENEES (RUE DES);43,2170750;0,0713910;3;935;0.0;;;2;0.0;1.0;43;800;1.0;;;1.0;0.0;1.0;50.0;Hautes-Pyrénées;76;Occitanie
201900003626;138Â 299Â 703;B01;1.0;1;2.0;2.0;1977.0;1.0;1.0;8.0;;;0;;;1.0;7.0;0.0;2.0;4.0;1.0;1.0;;26;11;2019;07:45;1.0;64;64445;2;1.0;1.0;2.0;EMILE GARET;43,3014200; -0,3612300;4;EMILE GARET;0.0;;2.0;2;0.0;1.0;0;0;1.0;;;1.0;0.0;1.0;50.0;Pyrénées-Atlantiques;75;Nouvelle-Aquitaine
201900003626;138Â 299Â 704;A01;1.0;1;1.0;1.0;1999.0;4.0;1.0;8.0;;;0;;;1.0;10.0;0.0;2.0;1.0;1.0;1.0;;26;11;2019;07:45;1.0;64;64445;2;1.0;1.0;2.0;EMILE GARET;43,3014200; -0,3612300;4;EMILE GARET;0.0;;2.0;2;0.0;1.0;0;0;1.0;;;1.0;0.0;1.0;50.0;Pyrénées-Atlantiques;75;Nouvelle-Aquitaine
201900003627;138Â 299Â 701;A01;1.0;1;1.0;1.0;1995.0;5.0;1.0;8.0;;;0;;;3.0;7.0;0.0;2.0;1.0;2.0;1.0;;25;11;2019;21:20;3.0;60;60463;1;9.0;2.0;2.0;RD 200_CARREFOUR FAIDHERBE EXCLUS_PROLON;49,2769400;2,4613800;3;200;0.0;;2.0;3;0.0;2.0;17;950;1.0;;;2.0;9.0;1.0;90.0;Oise;32;Hauts-de-France