Num_Acc;id_vehicule;num_veh;place;catu;grav;sexe;an_nais;trajet;secu1;secu2;secu3;locp;actp;etatp;id_usager;senc;catv;obs;obsm;choc;manv;motor;occutc;jour;mois;an;hrmn;lum;dep;com;agg;int;atm;col;adr;lat;long;catr;voie;v1;v2;circ;nbv;vosp;prof;pr;pr1;plan;lartpc;larrout;surf;infra;situ;vma;nom_departement;reg;nom_region
201900003627;138Â 299Â 702;B01;1.0;1;4.0;1.0;1981.0;5.0;2.0;6.0;;;0;;;3.0;2.0;0.0;2.0;4.0;2.0;1.0;;25;11;2019;21:20;3.0;60;60463;1;9.0;2.0;2.0;RD 200_CARREFOUR FAIDHERBE EXCLUS_PROLON;49,2769400;2,4613800;3;200;0.0;;2.0;3;0.0;2.0;17;950;1.0;;;2.0;9.0;1.0;90.0;Oise;32;Hauts-de-France
201900003628;138Â 299Â 699;A01;1.0;1;1.0;2.0;1953.0;5.0;1.0;8.0;;0.0;0;;;0.0;7.0;0.0;2.0;2.0;15.0;1.0;;26;11;2019;18:27;5.0;59;59098;1;3.0;2.0;3.0;LINSELLES (RUE DE);50,7621490;3,0781111;7;64;0.0;;2.0;2;0.0;1.0;0;0;1.0;;;2.0;0.0;1.0;80.0;Nord;32;Hauts-de-France
201900003628;138Â 299Â 700;B01;2.0;1;2.0;1.0;1991.0;1.0;8.0;8.0;;; -1;;;0.0;1.0;0.0;2.0;1.0;1.0;5.0;;26;11;2019;18:27;5.0;59;59098;1;3.0;2.0;3.0;LINSELLES (RUE DE);50,7621490;3,0781111;7;64;0.0;;2.0;2;0.0;1.0;0;0;1.0;;;2.0;0.0;1.0;80.0;Nord;32;Hauts-de-France
201900003629;138Â 299Â 695;A01;1.0;1;1.0;1.0;1979.0;9.0;8.0;0.0;;0.0;0;;;3.0;7.0;0.0;1.0;0.0;1.0;1.0;;7;11;2019;07:50;5.0;59;59360;2;9.0;2.0;6.0;AVINEE EUGENE AVENUE;50,6052700;3,0297300;4;AVINEE EUGENE AVENUE;0.0;;2.0;2;0.0;1.0;0;0;1.0;;;2.0;0.0;1.0;50.0;Nord;32;Hauts-de-France
201900003629;138Â 299Â 695;A01;10.0;3;2.0;2.0;2001.0;2.0;8.0;0.0;;3.0;3;1.0;;3.0;7.0;0.0;1.0;0.0;1.0;1.0;;7;11;2019;07:50;5.0;59;59360;2;9.0;2.0;6.0;AVINEE EUGENE AVENUE;50,6052700;3,0297300;4;AVINEE EUGENE AVENUE;0.0;;2.0;2;0.0;1.0;0;0;1.0;;;2.0;0.0;1.0;50.0;Nord;32;Hauts-de-France
201900003630;138Â 299Â 688;A01;1.0;1;2.0;2.0;1990.0;5.0;1.0;8.0;;;0;;;2.0;7.0;1.0;0.0;1.0;14.0;1.0;;25;11;2019;10:16;1.0;56;56083;2;1.0;1.0;6.0;VAILLANT ( AV. EDOUARD );47,8169900; -3,2561100;4;VAILLANT ( AV. EDOUARD );0.0;;2.0;2;0.0;1.0;0;0;1.0;;;1.0;0.0;4.0;50.0;Morbihan;53;Bretagne
201900003631;138Â 299Â 686;A01;1.0;1;2.0;2.0;1962.0;0.0;1.0;8.0;;;0;;;1.0;7.0;0.0;2.0;1.0;2.0;1.0;;25;11;2019;09:40;1.0;56;56107;2;1.0;1.0;2.0;ROUTE DEPARTEMENTALE 29;47,7271700; -3,3840600;3;29;0.0;;2.0;4;0.0;3.0;1;600;1.0;;;1.0;1.0;1.0;50.0;Morbihan;53;Bretagne
201900003631;138Â 299Â 687;B01;1.0;1;1.0;1.0;1998.0;4.0;1.0;8.0;;;0;;;1.0;10.0;0.0;2.0;4.0;1.0;1.0;;25;11;2019;09:40;1.0;56;56107;2;1.0;1.0;2.0;ROUTE DEPARTEMENTALE 29;47,7271700; -3,3840600;3;29;0.0;;2.0;4;0.0;3.0;1;600;1.0;;;1.0;1.0;1.0;50.0;Morbihan;53;Bretagne
201900003632;138Â 299Â 685;A01;1.0;1;1.0;1.0;1961.0;9.0;8.0;0.0;;0.0;0;;;1.0;7.0;0.0;1.0;1.0;1.0;1.0;;25;11;2019;16:48;2.0;54;54304;2;1.0;1.0;7.0;AIGUILLETTES  (BD 16 A 22-21 SEUL);48,6781100;6,1446400;7;;0.0;;2.0;4;0.0;2.0;0;0;1.0;;;1.0;0.0;2.0;50.0;Meurthe-et-Moselle;44;Grand Est
201900003632;138Â 299Â 685;A01;10.0;3;2.0;2.0;2008.0;0.0;8.0;0.0;;3.0;3;3.0;;1.0;7.0;0.0;1.0;1.0;1.0;1.0;;25;11;2019;16:48;2.0;54;54304;2;1.0;1.0;7.0;AIGUILLETTES  (BD 16 A 22-21 SEUL);48,6781100;6,1446400;7;;0.0;;2.0;4;0.0;2.0;0;0;1.0;;;1.0;0.0;2.0;50.0;Meurthe-et-Moselle;44;Grand Est
201900003633;138Â 299Â 681;B01;2.0;2;2.0;2.0;1982.0;0.0;1.0;8.0;;;0;;;1.0;7.0;0.0;2.0;1.0;0.0;1.0;;25;11;2019;17:25;2.0;49;49267;2;1.0;1.0;3.0;PUITS DES BOIS LIEU DIT;47,4733800; -0,4657500;4;PUITS DES BOIS LIEU DIT;0.0;;2.0;2;0.0;1.0;0;0;1.0;;;2.0;0.0;1.0;60.0;Maine-et-Loire;52;Pays de la Loire
201900003633;138Â 299Â 681;B01;1.0;1;2.0;2.0;1961.0;0.0;1.0;8.0;;;0;;;1.0;7.0;0.0;2.0;1.0;0.0;1.0;;25;11;2019;17:25;2.0;49;49267;2;1.0;1.0;3.0;PUITS DES BOIS LIEU DIT;47,4733800; -0,4657500;4;PUITS DES BOIS LIEU DIT;0.0;;2.0;2;0.0;1.0;0;0;1.0;;;2.0;0.0;1.0;60.0;Maine-et-Loire;52;Pays de la Loire
201900003633;138Â 299Â 682;A01;1.0;1;1.0;1.0;1972.0;0.0;1.0;8.0;;; -1;;;1.0;7.0;0.0;2.0;8.0;0.0;1.0;;25;11;2019;17:25;2.0;49;49267;2;1.0;1.0;3.0;PUITS DES BOIS LIEU DIT;47,4733800; -0,4657500;4;PUITS DES BOIS LIEU DIT;0.0;;2.0;2;0.0;1.0;0;0;1.0;;;2.0;0.0;1.0;60.0;Maine-et-Loire;52;Pays de la Loire
201900003634;138Â 299Â 680;A01;1.0;1;1.0;2.0;1974.0;0.0;1.0;8.0;;; -1;;;1.0;7.0;0.0;1.0;0.0;0.0;1.0;;25;11;2019;12:41;1.0;49;49007;2;1.0;1.0;6.0;MONPLAISIR BOULEVARD;47,4879300; -0,5164200;4;MONPLAISIR BOULEVARD;0.0;;2.0;2;0.0;1.0;0;0;1.0;;;2.0;0.0;1.0;60.0;Maine-et-Loire;52;Pays de la Loire
201900003634;138Â 299Â 680;A01;10.0;3;2.0;2.0;2002.0;0.0;8.0;0.0;;9.0;B;1.0;;1.0;7.0;0.0;1.0;0.0;0.0;1.0;;25;11;2019;12:41;1.0;49;49007;2;1.0;1.0;6.0;MONPLAISIR BOULEVARD;47,4879300; -0,5164200;4;MONPLAISIR BOULEVARD;0.0;;2.0;2;0.0;1.0;0;0;1.0;;;2.0;0.0;1.0;60.0;Maine-et-Loire;52;Pays de la Loire
201900003635;138Â 299Â 679;A01;2.0;2;2.0;1.0;1960.0;4.0;1.0;8.0;;;0;;;1.0;7.0;0.0;0.0;8.0;0.0;3.0;;25;11;2019;09:22;1.0;49;49015;2;1.0;1.0;7.0;RN 162;47,5201000; -0,6095000;4;RN 162;0.0;;2.0;2;0.0;1.0;0;0;1.0;;;2.0;0.0;1.0;60.0;Maine-et-Loire;52;Pays de la Loire
201900003635;138Â 299Â 679;A01;1.0;1;2.0;1.0;1993.0;4.0;1.0;8.0;;; -1;;;1.0;7.0;0.0;0.0;8.0;0.0;3.0;;25;11;2019;09:22;1.0;49;49015;2;1.0;1.0;7.0;RN 162;47,5201000; -0,6095000;4;RN 162;0.0;;2.0;2;0.0;1.0;0;0;1.0;;;2.0;0.0;1.0;60.0;Maine-et-Loire;52;Pays de la Loire
201900003636;138Â 299Â 677;B01;1.0;1;1.0;1.0;1976.0;0.0;1.0;8.0;;;0;;;1.0;7.0;0.0;2.0;1.0;0.0;1.0;;22;11;2019;12:44;1.0;49;49007;2;1.0;1.0;1.0;LARREY;47,4793100; -0,5556300;4;LARREY;0.0;;2.0;2;0.0;1.0;0;0;1.0;;;2.0;0.0;1.0;60.0;Maine-et-Loire;52;Pays de la Loire
201900003636;138Â 299Â 678;A01;2.0;2;2.0;2.0;1937.0;0.0;1.0;8.0;;; -1;;;1.0;7.0;0.0;2.0;1.0;0.0;1.0;;22;11;2019;12:44;1.0;49;49007;2;1.0;1.0;1.0;LARREY;47,4793100; -0,5556300;4;LARREY;0.0;;2.0;2;0.0;1.0;0;0;1.0;;;2.0;0.0;1.0;60.0;Maine-et-Loire;52;Pays de la Loire
201900003636;138Â 299Â 678;A01;1.0;1;1.0;1.0;1959.0;0.0;1.0;8.0;;; -1;;;1.0;7.0;0.0;2.0;1.0;0.0;1.0;;22;11;2019;12:44;1.0;49;49007;2;1.0;1.0;1.0;LARREY;47,4793100; -0,5556300;4;LARREY;0.0;;2.0;2;0.0;1.0;0;0;1.0;;;2.0;0.0;1.0;60.0;Maine-et-Loire;52;Pays de la Loire
201900003637;138Â 299Â 675;B01;1.0;1;1.0;1.0;1942.0;5.0;1.0;0.0;;0.0;0;;;1.0;7.0;0.0;2.0;1.0;1.0;1.0;;26;11;2019;14:45;1.0;45;45234;2;1.0;1.0;1.0;PLACE SAINT CHARLES;47,8940100;1,9124200;4;PLACE SAINT CHARLES;0.0;;2.0;2;2.0;1.0;(1);(1);1.0;;;1.0;0.0;1.0;50.0;Loiret;24;Centre-Val de Loire
201900003637;138Â 299Â 676;A01;1.0;1;2.0;1.0;1984.0;5.0;8.0;0.0;;0.0;0;;;2.0;50.0;0.0;2.0;1.0;5.0;3.0;;26;11;2019;14:45;1.0;45;45234;2;1.0;1.0;1.0;PLACE SAINT CHARLES;47,8940100;1,9124200;4;PLACE SAINT CHARLES;0.0;;2.0;2;2.0;1.0;(1);(1);1.0;;;1.0;0.0;1.0;50.0;Loiret;24;Centre-Val de Loire
201900003638;138Â 299Â 672;B01;1.0;1;2.0;2.0;1995.0;1.0;1.0;0.0;;0.0; -1;;;0.0;7.0;0.0;1.0;4.0;1.0;1.0;;26;11;2019;12:40;1.0;41;41295;2;1.0;1.0;2.0;LAVOISIER (RUE);47,5743100;1,3715000;4;LAVOISIER (RUE);0.0;;2.0;2;0.0;1.0;0;0;2.0;;;2.0;0.0;1.0;50.0;Loir-et-Cher;24;Centre-Val de Loire
201900003638;138Â 299Â 673;A01;1.0;1;1.0;1.0;1996.0;0.0;1.0;0.0;;0.0; -1;;;0.0;7.0;0.0;2.0;1.0;2.0;1.0;;26;11;2019;12:40;1.0;41;41295;2;1.0;1.0;2.0;LAVOISIER (RUE);47,5743100;1,3715000;4;LAVOISIER (RUE);0.0;;2.0;2;0.0;1.0;0;0;2.0;;;2.0;0.0;1.0;50.0;Loir-et-Cher;24;Centre-Val de Loire
201900003639;138Â 299Â 670;B01;1.0;1;3.0;1.0;1978.0;0.0;2.0;0.0;;;0;;;1.0;33.0;0.0;2.0;1.0;1.0;1.0;;23;9;2019;18:50;2.0;39;39150;1;1.0;1.0;3.0;;47,0669480;5,4520400;3;905;0.0;;2.0;2;0.0;1.0;9;700;1.0;;;1.0;0.0;1.0;80.0;Jura;27;Bourgogne-Franche-Comté
201900003639;138Â 299Â 671;A01;1.0;1;1.0;1.0;1941.0;5.0;1.0;0.0;;; -1;;;2.0;7.0;0.0;2.0;6.0;10.0;1.0;;23;9;2019;18:50;2.0;39;39150;1;1.0;1.0;3.0;;47,0669480;5,4520400;3;905;0.0;;2.0;2;0.0;1.0;9;700;1.0;;;1.0;0.0;1.0;80.0;Jura;27;Bourgogne-Franche-Comté
201900003640;138Â 299Â 669;A01;1.0;1;2.0;1.0;1971.0;0.0;1.0;;;; -1;;;2.0;7.0;8.0;0.0;3.0;17.0;1.0;;6;9;2019;06:30;2.0;39;39198;1;1.0;1.0;6.0;;47,0998000;5,4663000;3;6;0.0;;2.0;2;0.0;1.0;0;490;3.0;;;1.0;0.0;3.0;80.0;Jura;27;Bourgogne-Franche-Comté
201900003641;138Â 299Â 667;A01;1.0;1;1.0;2.0;1979.0;1.0;1.0;0.0;;; -1;;;1.0;7.0;0.0;2.0;3.0;15.0;1.0;;26;11;2019;08:05;1.0;38;38563;2;5.0;8.0;3.0;BERANGER (RUE DE);45,3634540;5,5908550;4;BERANGER (RUE DE);0.0;;2.0;2;0.0;1.0;0;0;1.0;;;1.0;0.0;1.0;50.0;Isère;84;Auvergne-Rhône-Alpes
201900003641;138Â 299Â 668;B01;1.0;1;3.0;1.0;1974.0;1.0;2.0;8.0;;; -1;;;1.0;1.0;0.0;2.0;1.0;18.0;5.0;;26;11;2019;08:05;1.0;38;38563;2;5.0;8.0;3.0;BERANGER (RUE DE);45,3634540;5,5908550;4;BERANGER (RUE DE);0.0;;2.0;2;0.0;1.0;0;0;1.0;;;1.0;0.0;1.0;50.0;Isère;84;Auvergne-Rhône-Alpes
201900003642;138Â 299Â 666;A01;1.0;1;1.0;1.0;2000.0;5.0;1.0;0.0;;;0;;;1.0;7.0;0.0;1.0;4.0;4.0;1.0;;26;11;2019;18:20;5.0;37;37261;2;1.0;2.0;6.0;CROIX MONTOIRE (RUE DE LA);47,4050300;0,6806800;4;CROIX MONTOIRE (RUE DE LA);0.0;;2.0;2;0.0;4.0;0;0;1.0;;;2.0;0.0;1.0;50.0;Indre-et-Loire;24;Centre-Val de Loire
201900003642;138Â 299Â 666;A01;10.0;3;2.0;2.0;1936.0;0.0;0.0;0.0;;1.0;3;1.0;;1.0;7.0;0.0;1.0;4.0;4.0;1.0;;26;11;2019;18:20;5.0;37;37261;2;1.0;2.0;6.0;CROIX MONTOIRE (RUE DE LA);47,4050300;0,6806800;4;CROIX MONTOIRE (RUE DE LA);0.0;;2.0;2;0.0;4.0;0;0;1.0;;;2.0;0.0;1.0;50.0;Indre-et-Loire;24;Centre-Val de Loire
201900003643;138Â 299Â 665;A01;10.0;3;2.0;2.0;1979.0;3.0;0.0;;;3.0;3;1.0;;1.0;20.0;0.0;1.0;1.0;26.0;1.0;;25;11;2019;18:25;5.0;37;37122;2;1.0;9.0;6.0;ROTIERE (RUE DE LA);47,3460230;0,6623624;4;ROTIERE (RUE DE LA);0.0;;2.0;2;0.0;2.0;0;0;1.0;;;2.0;6.0;1.0;50.0;Indre-et-Loire;24;Centre-Val de Loire
201900003644;138Â 299Â 663;B01;1.0;1;1.0;1.0;1989.0;9.0;1.0;0.0;;; -1;;;2.0;7.0;8.0;2.0;1.0;1.0;1.0;;27;11;2019;00:50;5.0;33;33550;2;2.0;1.0;3.0;RTE DE TOULOUSE;44,7817100; -0,5659200;4;RTE DE TOULOUSE;0.0;;2.0;4;0.0;1.0;0;0;1.0;;;2.0;0.0;1.0;50.0;Gironde;75;Nouvelle-Aquitaine
201900003644;138Â 299Â 664;A01;1.0;1;1.0;1.0;1989.0;0.0;1.0;0.0;;; -1;;;1.0;7.0;0.0;2.0;2.0;15.0;1.0;;27;11;2019;00:50;5.0;33;33550;2;2.0;1.0;3.0;RTE DE TOULOUSE;44,7817100; -0,5659200;4;RTE DE TOULOUSE;0.0;;2.0;4;0.0;1.0;0;0;1.0;;;2.0;0.0;1.0;50.0;Gironde;75;Nouvelle-Aquitaine
201900003644;138Â 299Â 664;A01;2.0;2;2.0;1.0;1992.0;9.0;1.0;0.0;;;0;;;1.0;7.0;0.0;2.0;2.0;15.0;1.0;;27;11;2019;00:50;5.0;33;33550;2;2.0;1.0;3.0;RTE DE TOULOUSE;44,7817100; -0,5659200;4;RTE DE TOULOUSE;0.0;;2.0;4;0.0;1.0;0;0;1.0;;;2.0;0.0;1.0;50.0;Gironde;75;Nouvelle-Aquitaine
201900003645;138Â 299Â 661;B01;1.0;1;2.0;1.0;1965.0;4.0;1.0;0.0;;; -1;;;1.0;3.0;0.0;2.0;6.0;13.0;3.0;;26;11;2019;14:35;1.0;33;33529;2;1.0;1.0;2.0;72 RUE JEAN DE GRAILLY;44,6273900; -1,1412200;4;GRAILLY (RUE JEAN DE) DU 02 ET +;0.0;;1.0;3;2.0;1.0;0;0;1.0;;;1.0;9.0;1.0;50.0;Gironde;75;Nouvelle-Aquitaine
201900003645;138Â 299Â 662;A01;1.0;1;1.0;2.0;1965.0;4.0;1.0;0.0;;; -1;;;1.0;7.0;0.0;2.0;3.0;1.0;1.0;;26;11;2019;14:35;1.0;33;33529;2;1.0;1.0;2.0;72 RUE JEAN DE GRAILLY;44,6273900; -1,1412200;4;GRAILLY (RUE JEAN DE) DU 02 ET +;0.0;;1.0;3;2.0;1.0;0;0;1.0;;;1.0;9.0;1.0;50.0;Gironde;75;Nouvelle-Aquitaine
201900003646;138Â 299Â 658;A01;1.0;1;1.0;2.0;1963.0;9.0;1.0;0.0;;; -1;;;2.0;7.0;0.0;1.0;1.0;9.0;2.0;;25;11;2019;10:05;1.0;32;32013;2;1.0;1.0;7.0;PYRENEES (AVENUE DES);43,6360500;0,5834900;2;21;0.0;;2.0;3;0.0;1.0;0;0;1.0;;;3.0;0.0;1.0;50.0;Gers;76;Occitanie
201900003646;138Â 299Â 658;A01;10.0;3;2.0;2.0;1927.0;5.0;8.0;0.0;;3.0;3;1.0;;2.0;7.0;0.0;1.0;1.0;9.0;2.0;;25;11;2019;10:05;1.0;32;32013;2;1.0;1.0;7.0;PYRENEES (AVENUE DES);43,6360500;0,5834900;2;21;0.0;;2.0;3;0.0;1.0;0;0;1.0;;;3.0;0.0;1.0;50.0;Gers;76;Occitanie
201900003647;138Â 299Â 656;B01;1.0;1;2.0;1.0;1949.0;9.0;2.0;0.0;;; -1;;;3.0;1.0;0.0;2.0;4.0;10.0;5.0;;26;11;2019;10:10;1.0;31;31555;2;1.0;1.0;3.0;BD D ARCOLE;43,6112200;1,4405900;4;;0.0;;2.0;4;0.0;1.0;0;0;1.0;;;1.0;0.0;1.0;50.0;Haute-Garonne;76;Occitanie
201900003647;138Â 299Â 657;A01;1.0;1;1.0;1.0;1998.0;4.0;1.0;8.0;;; -1;;;3.0;10.0;0.0;2.0;2.0;7.0;1.0;;26;11;2019;10:10;1.0;31;31555;2;1.0;1.0;3.0;BD D ARCOLE;43,6112200;1,4405900;4;;0.0;;2.0;4;0.0;1.0;0;0;1.0;;;1.0;0.0;1.0;50.0;Haute-Garonne;76;Occitanie
201900003648;138Â 299Â 655;A01;1.0;1;1.0;2.0;1978.0;9.0;1.0;8.0;;; -1;;;0.0;7.0;0.0;1.0;1.0;1.0;1.0;;26;11;2019;10:00;1.0;31;31555;2;1.0;1.0;6.0;RTE DE SAINT SIMON;43,5872300;1,4083400;4;;0.0;;2.0;2;0.0;1.0;0;0;1.0;;;1.0;0.0;1.0;50.0;Haute-Garonne;76;Occitanie
201900003648;138Â 299Â 655;A01;10.0;3;3.0;2.0;2006.0;2.0;0.0;;;3.0;5;1.0;;0.0;7.0;0.0;1.0;1.0;1.0;1.0;;26;11;2019;10:00;1.0;31;31555;2;1.0;1.0;6.0;RTE DE SAINT SIMON;43,5872300;1,4083400;4;;0.0;;2.0;2;0.0;1.0;0;0;1.0;;;1.0;0.0;1.0;50.0;Haute-Garonne;76;Occitanie
201900003649;138Â 299Â 653;A01;1.0;1;1.0;2.0;1997.0;9.0;1.0;7.0;;; -1;;;2.0;7.0;0.0;2.0;1.0;1.0;1.0;;25;11;2019;19:20;5.0;31;31555;2;1.0;3.0;3.0;RUE ROGER CAMBOULIVES;43,5700200;1,3902000;4;;0.0;;2.0;2;0.0;1.0;0;0;1.0;;;2.0;0.0;1.0;50.0;Haute-Garonne;76;Occitanie
201900003649;138Â 299Â 654;B01;1.0;1;2.0;1.0;1991.0;9.0;8.0;0.0;;; -1;;;1.0;50.0;0.0;2.0;7.0;19.0;3.0;;25;11;2019;19:20;5.0;31;31555;2;1.0;3.0;3.0;RUE ROGER CAMBOULIVES;43,5700200;1,3902000;4;;0.0;;2.0;2;0.0;1.0;0;0;1.0;;;2.0;0.0;1.0;50.0;Haute-Garonne;76;Occitanie
201900003650;138Â 299Â 652;A01;10.0;3;3.0;1.0;1955.0;9.0;8.0;0.0;;1.0;3;1.0;;1.0;7.0;0.0;1.0;1.0;1.0;1.0;;25;11;2019;20:45;3.0;31;31555;2;1.0;2.0;6.0;BD DE L EMBOUCHURE;43,6125700;1,4166900;4;;0.0;;1.0;3;0.0;2.0;0;0;2.0;;;2.0;0.0;1.0;50.0;Haute-Garonne;76;Occitanie
201900003650;138Â 299Â 652;A01;1.0;1;1.0;2.0;1996.0;9.0;1.0;8.0;;; -1;;;1.0;7.0;0.0;1.0;1.0;1.0;1.0;;25;11;2019;20:45;3.0;31;31555;2;1.0;2.0;6.0;BD DE L EMBOUCHURE;43,6125700;1,4166900;4;;0.0;;1.0;3;0.0;2.0;0;0;2.0;;;2.0;0.0;1.0;50.0;Haute-Garonne;76;Occitanie
201900003651;138Â 299Â 651;A01;10.0;3;3.0;2.0;1940.0;0.0;0.0;0.0;0.0;4.0;3;1.0;;1.0;7.0;0.0;1.0;1.0;26.0;1.0;;26;11;2019;18:20;5.0;29;29232;2;1.0;2.0;6.0;TOUR D'AUVERGNE PLACE DE LA;47,9952480; -4,1104290;4;TOUR D'AUVERGNE PLACE DE LA;0.0;;1.0;2;0.0;1.0;0;0;2.0;;;2.0;9.0;1.0;50.0;Finistère;53;Bretagne
201900003651;138Â 299Â 651;A01;1.0;1;1.0;1.0;1991.0;5.0;1.0;0.0;;;0;;;1.0;7.0;0.0;1.0;1.0;26.0;1.0;;26;11;2019;18:20;5.0;29;29232;2;1.0;2.0;6.0;TOUR D'AUVERGNE PLACE DE LA;47,9952480; -4,1104290;4;TOUR D'AUVERGNE PLACE DE LA;0.0;;1.0;2;0.0;1.0;0;0;2.0;;;2.0;9.0;1.0;50.0;Finistère;53;Bretagne
201900003652;138Â 299Â 649;B01;1.0;1;1.0;1.0;1950.0;5.0;1.0;0.0;;;0;;;1.0;7.0;0.0;2.0;2.0;15.0;1.0;;25;11;2019;13:10;1.0;29;29232;2;1.0;3.0;2.0;STANG BIHAN RUE DE;48,0099900; -4,1049700;4;STANG BIHAN RUE DE;0.0;;2.0;2;0.0;2.0;0;0;1.0;;;2.0;9.0;1.0;50.0;Finistère;53;Bretagne
201900003652;138Â 299Â 650;A01;1.0;1;2.0;2.0;1963.0;5.0;1.0;0.0;;;0;;;2.0;7.0;0.0;2.0;6.0;1.0;1.0;;25;11;2019;13:10;1.0;29;29232;2;1.0;3.0;2.0;STANG BIHAN RUE DE;48,0099900; -4,1049700;4;STANG BIHAN RUE DE;0.0;;2.0;2;0.0;2.0;0;0;1.0;;;2.0;9.0;1.0;50.0;Finistère;53;Bretagne
201900003653;138Â 299Â 646;C01;1.0;1;1.0;2.0;2000.0;0.0;1.0;0.0;;;0;;;1.0;7.0;0.0;0.0;4.0;0.0;0.0;;25;11;2019;14:52;1.0;29;29019;2;6.0;2.0;4.0;PEN AR CH'LEUZ (ROND POINT);48,4154500; -4,4795000;3;112;0.0;;1.0;0;0.0;1.0;73;860;1.0;;;1.0;0.0;1.0;50.0;Finistère;53;Bretagne
201900003653;138Â 299Â 646;C01;2.0;2;2.0;2.0;1981.0;0.0;1.0;0.0;;;0;;;1.0;7.0;0.0;0.0;4.0;0.0;0.0;;25;11;2019;14:52;1.0;29;29019;2;6.0;2.0;4.0;PEN AR CH'LEUZ (ROND POINT);48,4154500; -4,4795000;3;112;0.0;;1.0;0;0.0;1.0;73;860;1.0;;;1.0;0.0;1.0;50.0;Finistère;53;Bretagne
201900003653;138Â 299Â 647;B01;2.0;2;2.0;1.0;1971.0;0.0;1.0;0.0;;;0;;;1.0;7.0;0.0;2.0;4.0;1.0;0.0;;25;11;2019;14:52;1.0;29;29019;2;6.0;2.0;4.0;PEN AR CH'LEUZ (ROND POINT);48,4154500; -4,4795000;3;112;0.0;;1.0;0;0.0;1.0;73;860;1.0;;;1.0;0.0;1.0;50.0;Finistère;53;Bretagne
201900003653;138Â 299Â 647;B01;1.0;1;2.0;2.0;1986.0;0.0;1.0;0.0;;;0;;;1.0;7.0;0.0;2.0;4.0;1.0;0.0;;25;11;2019;14:52;1.0;29;29019;2;6.0;2.0;4.0;PEN AR CH'LEUZ (ROND POINT);48,4154500; -4,4795000;3;112;0.0;;1.0;0;0.0;1.0;73;860;1.0;;;1.0;0.0;1.0;50.0;Finistère;53;Bretagne
201900003653;138Â 299Â 648;A01;1.0;1;1.0;2.0;1983.0;5.0;1.0;0.0;;;0;;;1.0;7.0;0.0;2.0;1.0;1.0;0.0;;25;11;2019;14:52;1.0;29;29019;2;6.0;2.0;4.0;PEN AR CH'LEUZ (ROND POINT);48,4154500; -4,4795000;3;112;0.0;;1.0;0;0.0;1.0;73;860;1.0;;;1.0;0.0;1.0;50.0;Finistère;53;Bretagne
201900003654;138Â 299Â 645;B01;10.0;3;2.0;2.0;1983.0;0.0;0.0;;;5.0;9;1.0;;2.0;7.0;0.0;1.0;2.0;1.0;1.0;;18;11;2019;16:20;1.0;28;28085;2;1.0;8.0;6.0;CHASLES (BOULEVARD);48,4433000;1,4850400;4;CHASLES (BOULEVARD);0.0;;2.0;4;3.0;1.0;(1);(1);1.0;;;1.0;6.0;6.0;30.0;Eure-et-Loir;24;Centre-Val de Loire
201900003654;138Â 299Â 645;B01;1.0;1;1.0;1.0;1972.0;4.0;1.0;8.0;;0.0;0;;;2.0;7.0;0.0;1.0;2.0;1.0;1.0;;18;11;2019;16:20;1.0;28;28085;2;1.0;8.0;6.0;CHASLES (BOULEVARD);48,4433000;1,4850400;4;CHASLES (BOULEVARD);0.0;;2.0;4;3.0;1.0;(1);(1);1.0;;;1.0;6.0;6.0;30.0;Eure-et-Loir;24;Centre-Val de Loire
201900003655;138Â 299Â 642;B01;1.0;1;1.0;1.0;1987.0;0.0;8.0;;;0.0;0;;;3.0;7.0;0.0;2.0;4.0;1.0;;;26;11;2019;19:00;5.0;26;26281;1;1.0;1.0;3.0;DORMOY MARX (BOULEVARD);45,0458630;5,0549650;4;;;;1.0;;;1.0;(1);(1);1.0;;;1.0;5.0;1.0;30.0;Drôme;84;Auvergne-Rhône-Alpes
201900003655;138Â 299Â 643;A01;1.0;1;3.0;1.0;1989.0;0.0;2.0;;;0.0;0;;;3.0;30.0;0.0;2.0;7.0;1.0;;;26;11;2019;19:00;5.0;26;26281;1;1.0;1.0;3.0;DORMOY MARX (BOULEVARD);45,0458630;5,0549650;4;;;;1.0;;;1.0;(1);(1);1.0;;;1.0;5.0;1.0;30.0;Drôme;84;Auvergne-Rhône-Alpes
201900003656;138Â 299Â 639;A01;1.0;1;1.0;2.0;1988.0;3.0;8.0;4.0;;; -1;;;3.0;7.0;0.0;2.0;3.0;1.0;1.0;;25;11;2019;17:40;5.0;25;25462;2;9.0;1.0;3.0;BOULEVARD PASTEUR (DE 0 A 54);46,9041990;6,3490920;4;BOULEVARD PASTEUR (DE 0 A 54);0.0;;1.0;1;0.0;1.0;0;0;1.0;;;1.0;0.0;1.0;50.0;Doubs;27;Bourgogne-Franche-Comté
201900003656;138Â 299Â 640;B01;1.0;1;3.0;1.0;1970.0;0.0;8.0;0.0;;; -1;;;1.0;50.0;0.0;2.0;7.0;19.0;3.0;;25;11;2019;17:40;5.0;25;25462;2;9.0;1.0;3.0;BOULEVARD PASTEUR (DE 0 A 54);46,9041990;6,3490920;4;BOULEVARD PASTEUR (DE 0 A 54);0.0;;1.0;1;0.0;1.0;0;0;1.0;;;1.0;0.0;1.0;50.0;Doubs;27;Bourgogne-Franche-Comté
201900003657;138Â 299Â 637;Z01;1.0;1;1.0;1.0;1981.0;0.0;8.0;0.0;;;0;;;3.0;7.0;0.0;2.0;1.0;1.0;0.0;;26;11;2019;20:44;5.0;25;25056;2;3.0;1.0;3.0;FRANCHE COMTE RUE DE;47,2210300;5,9770400;6;FRANCHE COMTE RUE DE;0.0;;;;0.0;2.0;0;0;3.0;;;1.0;0.0;1.0;50.0;Doubs;27;Bourgogne-Franche-Comté