Num_Acc;id_vehicule;num_veh;place;catu;grav;sexe;an_nais;trajet;secu1;secu2;secu3;locp;actp;etatp;id_usager;senc;catv;obs;obsm;choc;manv;motor;occutc;jour;mois;an;hrmn;lum;dep;com;agg;int;atm;col;adr;lat;long;catr;voie;v1;v2;circ;nbv;vosp;prof;pr;pr1;plan;lartpc;larrout;surf;infra;situ;vma;nom_departement;reg;nom_region
201900003657;138Â 299Â 638;B01;1.0;1;2.0;1.0;1989.0;0.0;1.0;0.0;;;0;;;2.0;7.0;0.0;2.0;0.0;0.0;0.0;;26;11;2019;20:44;5.0;25;25056;2;3.0;1.0;3.0;FRANCHE COMTE RUE DE;47,2210300;5,9770400;6;FRANCHE COMTE RUE DE;0.0;;;;0.0;2.0;0;0;3.0;;;1.0;0.0;1.0;50.0;Doubs;27;Bourgogne-Franche-Comté
201900003657;138Â 299Â 638;B01;2.0;2;2.0;2.0;1993.0;0.0;1.0;0.0;;;0;;;2.0;7.0;0.0;2.0;0.0;0.0;0.0;;26;11;2019;20:44;5.0;25;25056;2;3.0;1.0;3.0;FRANCHE COMTE RUE DE;47,2210300;5,9770400;6;FRANCHE COMTE RUE DE;0.0;;;;0.0;2.0;0;0;3.0;;;1.0;0.0;1.0;50.0;Doubs;27;Bourgogne-Franche-Comté
201900003657;138Â 299Â 638;B01;3.0;2;2.0;2.0;2018.0;0.0;3.0;8.0;;;0;;;2.0;7.0;0.0;2.0;0.0;0.0;0.0;;26;11;2019;20:44;5.0;25;25056;2;3.0;1.0;3.0;FRANCHE COMTE RUE DE;47,2210300;5,9770400;6;FRANCHE COMTE RUE DE;0.0;;;;0.0;2.0;0;0;3.0;;;1.0;0.0;1.0;50.0;Doubs;27;Bourgogne-Franche-Comté
201900003658;138Â 299Â 636;A01;1.0;1;1.0;1.0;1946.0;3.0;1.0;0.0;;;0;;;3.0;7.0;0.0;1.0;3.0;1.0;1.0;;25;11;2019;18:38;3.0;21;21231;2;1.0;1.0;6.0;AHUY (D') (ROUTE);47,3278820;5,0383860;4;AHUY (D') (ROUTE);0.0;;2.0;2;0.0;1.0;0;0;1.0;;;1.0;0.0;1.0;50.0;Côte-d'Or;27;Bourgogne-Franche-Comté
201900003658;138Â 299Â 636;A01;10.0;3;3.0;1.0;1945.0;0.0;8.0;0.0;;9.0;B;1.0;;3.0;7.0;0.0;1.0;3.0;1.0;1.0;;25;11;2019;18:38;3.0;21;21231;2;1.0;1.0;6.0;AHUY (D') (ROUTE);47,3278820;5,0383860;4;AHUY (D') (ROUTE);0.0;;2.0;2;0.0;1.0;0;0;1.0;;;1.0;0.0;1.0;50.0;Côte-d'Or;27;Bourgogne-Franche-Comté
201900003659;138Â 299Â 634;A01;1.0;1;1.0;1.0;1987.0;1.0;1.0;0.0;;; -1;;;3.0;7.0;0.0;2.0;1.0;1.0;1.0;;26;11;2019;12:20;1.0;17;17300;2;2.0;1.0;3.0;SCIERIE   RUE DE LA;46,1473800; -1,1530600;4;SCIERIE   RUE DE LA;0.0;;2.0;2;0.0;1.0;0;0;1.0;;;2.0;0.0;1.0;30.0;Charente-Maritime;75;Nouvelle-Aquitaine
201900003659;138Â 299Â 635;B01;2.0;2;1.0;2.0;1959.0;1.0;1.0;0.0;;; -1;;;3.0;7.0;0.0;2.0;6.0;1.0;1.0;;26;11;2019;12:20;1.0;17;17300;2;2.0;1.0;3.0;SCIERIE   RUE DE LA;46,1473800; -1,1530600;4;SCIERIE   RUE DE LA;0.0;;2.0;2;0.0;1.0;0;0;1.0;;;2.0;0.0;1.0;30.0;Charente-Maritime;75;Nouvelle-Aquitaine
201900003659;138Â 299Â 635;B01;4.0;2;2.0;1.0;1964.0;1.0;1.0;0.0;;; -1;;;3.0;7.0;0.0;2.0;6.0;1.0;1.0;;26;11;2019;12:20;1.0;17;17300;2;2.0;1.0;3.0;SCIERIE   RUE DE LA;46,1473800; -1,1530600;4;SCIERIE   RUE DE LA;0.0;;2.0;2;0.0;1.0;0;0;1.0;;;2.0;0.0;1.0;30.0;Charente-Maritime;75;Nouvelle-Aquitaine
201900003659;138Â 299Â 635;B01;1.0;1;2.0;2.0;1970.0;1.0;1.0;0.0;;; -1;;;3.0;7.0;0.0;2.0;6.0;1.0;1.0;;26;11;2019;12:20;1.0;17;17300;2;2.0;1.0;3.0;SCIERIE   RUE DE LA;46,1473800; -1,1530600;4;SCIERIE   RUE DE LA;0.0;;2.0;2;0.0;1.0;0;0;1.0;;;2.0;0.0;1.0;30.0;Charente-Maritime;75;Nouvelle-Aquitaine
201900003659;138Â 299Â 635;B01;3.0;2;2.0;1.0;1975.0;1.0;1.0;0.0;;; -1;;;3.0;7.0;0.0;2.0;6.0;1.0;1.0;;26;11;2019;12:20;1.0;17;17300;2;2.0;1.0;3.0;SCIERIE   RUE DE LA;46,1473800; -1,1530600;4;SCIERIE   RUE DE LA;0.0;;2.0;2;0.0;1.0;0;0;1.0;;;2.0;0.0;1.0;30.0;Charente-Maritime;75;Nouvelle-Aquitaine
201900003660;138Â 299Â 633;A01;10.0;3;2.0;2.0;1949.0;5.0;8.0;0.0;;3.0;3;1.0;;1.0;7.0;0.0;1.0;3.0;2.0;1.0;;4;11;2019;11:40;1.0;17;17300;2;1.0;2.0;6.0;NOUE   RUE DE LA;46,1612800; -1,1554000;4;NOUE   RUE DE LA;0.0;;2.0;2;0.0;1.0;0;0;1.0;;;2.0;0.0;1.0;30.0;Charente-Maritime;75;Nouvelle-Aquitaine
201900003660;138Â 299Â 633;A01;1.0;1;1.0;2.0;1996.0;5.0;1.0;0.0;;; -1;;;1.0;7.0;0.0;1.0;3.0;2.0;1.0;;4;11;2019;11:40;1.0;17;17300;2;1.0;2.0;6.0;NOUE   RUE DE LA;46,1612800; -1,1554000;4;NOUE   RUE DE LA;0.0;;2.0;2;0.0;1.0;0;0;1.0;;;2.0;0.0;1.0;30.0;Charente-Maritime;75;Nouvelle-Aquitaine
201900003661;138Â 299Â 631;B01;1.0;1;2.0;1.0;1988.0;;2.0;6.0;;; -1;;;1.0;30.0;0.0;0.0;4.0;1.0;1.0;;26;11;2019;21:35;5.0;14;14118;2;1.0;1.0;3.0;SAINT JEAN (RUE (DE 33 ET + ET 38 ET +);49,1794900; -0,3576700;4;;;;2.0;;;1.0;(1);(1);1.0;;;1.0;0.0;1.0;;Calvados;28;Normandie
201900003661;138Â 299Â 632;A01;1.0;1;1.0;1.0;2000.0;;1.0;;;0.0;0;;;1.0;7.0;0.0;2.0;1.0;2.0;1.0;;26;11;2019;21:35;5.0;14;14118;2;1.0;1.0;3.0;SAINT JEAN (RUE (DE 33 ET + ET 38 ET +);49,1794900; -0,3576700;4;;;;2.0;;;1.0;(1);(1);1.0;;;1.0;0.0;1.0;;Calvados;28;Normandie
201900003662;138Â 299Â 628;A01;10.0;3;2.0;1.0;1962.0;1.0;8.0;0.0;;3.0;3;1.0;;2.0;33.0;0.0;1.0;1.0;1.0;1.0;;26;11;2019;07:12;5.0;14;14118;2;1.0;1.0;6.0;POMPIDOU (BOULEVARD GEORGES);49,1816400; -0,4009500;4;POMPIDOU (BOULEVARD GEORGES);0.0;;2.0;;0.0;1.0;1;0;1.0;;;1.0;0.0;1.0;50.0;Calvados;28;Normandie
201900003662;138Â 299Â 628;A01;1.0;1;1.0;1.0;1966.0;1.0;2.0;0.0;;0.0;0;;;2.0;33.0;0.0;1.0;1.0;1.0;1.0;;26;11;2019;07:12;5.0;14;14118;2;1.0;1.0;6.0;POMPIDOU (BOULEVARD GEORGES);49,1816400; -0,4009500;4;POMPIDOU (BOULEVARD GEORGES);0.0;;2.0;;0.0;1.0;1;0;1.0;;;1.0;0.0;1.0;50.0;Calvados;28;Normandie
201900003663;138Â 299Â 626;B01;1.0;1;2.0;1.0;1998.0;0.0;1.0;8.0;;; -1;;;0.0;7.0;0.0;2.0;1.0;16.0;1.0;;26;11;2019;08:00;1.0;13;13117;2;3.0;1.0;1.0;SEYSSAUD ( RUE RENE );43,4440000;5,2553000;4;SEYSSAUD ( RUE RENE );0.0;;2.0;2;0.0;1.0;1;233;1.0;;;1.0;0.0;1.0;50.0;Bouches-du-Rhône;93;Provence-Alpes-Côte d'Azur
201900003663;138Â 299Â 627;A01;1.0;1;2.0;2.0;1963.0;4.0;1.0;8.0;;; -1;;;0.0;7.0;0.0;2.0;1.0;15.0;0.0;;26;11;2019;08:00;1.0;13;13117;2;3.0;1.0;1.0;SEYSSAUD ( RUE RENE );43,4440000;5,2553000;4;SEYSSAUD ( RUE RENE );0.0;;2.0;2;0.0;1.0;1;233;1.0;;;1.0;0.0;1.0;50.0;Bouches-du-Rhône;93;Provence-Alpes-Côte d'Azur
201900003664;138Â 299Â 624;B01;1.0;1;2.0;2.0;1962.0;5.0;1.0;0.0;;; -1;;;3.0;7.0;0.0;2.0;1.0;1.0;1.0;;26;11;2019;21:40;5.0;13;13075;2;1.0;1.0;1.0;GEORGES POMPIDOU (AVE);43,3446000;5,4715800;4;GEORGES POMPIDOU (AVE);0.0;;2.0;2;0.0;1.0;1;0;1.0;;;1.0;0.0;1.0;50.0;Bouches-du-Rhône;93;Provence-Alpes-Côte d'Azur
201900003664;138Â 299Â 625;A01;1.0;1;2.0;1.0;1996.0;5.0;1.0;0.0;;; -1;;;3.0;7.0;0.0;2.0;1.0;13.0;1.0;;26;11;2019;21:40;5.0;13;13075;2;1.0;1.0;1.0;GEORGES POMPIDOU (AVE);43,3446000;5,4715800;4;GEORGES POMPIDOU (AVE);0.0;;2.0;2;0.0;1.0;1;0;1.0;;;1.0;0.0;1.0;50.0;Bouches-du-Rhône;93;Provence-Alpes-Côte d'Azur
201900003665;138Â 299Â 621;A01;1.0;1;2.0;1.0;1993.0;4.0;8.0;0.0;;0.0;0;;;2.0;7.0;0.0;2.0;1.0;1.0;0.0;;26;11;2019;08:50;1.0;13;13209;2;1.0;1.0;5.0;MICHELET (BOULEVARD);43,2550000;5,4012500;4;MICHELET (BOULEVARD);0.0;;2.0;6;3.0;1.0;0;0;1.0;;;1.0;0.0;1.0;50.0;Bouches-du-Rhône;93;Provence-Alpes-Côte d'Azur
201900003665;138Â 299Â 622;B01;1.0;1;1.0;2.0;1979.0;2.0;1.0;0.0;;0.0;0;;;2.0;7.0;0.0;2.0;9.0;16.0;0.0;;26;11;2019;08:50;1.0;13;13209;2;1.0;1.0;5.0;MICHELET (BOULEVARD);43,2550000;5,4012500;4;MICHELET (BOULEVARD);0.0;;2.0;6;3.0;1.0;0;0;1.0;;;1.0;0.0;1.0;50.0;Bouches-du-Rhône;93;Provence-Alpes-Côte d'Azur
201900003665;138Â 299Â 623;C01;1.0;1;1.0;1.0;1985.0;4.0;8.0;0.0;;0.0;0;;;2.0;7.0;0.0;2.0;5.0;2.0;0.0;;26;11;2019;08:50;1.0;13;13209;2;1.0;1.0;5.0;MICHELET (BOULEVARD);43,2550000;5,4012500;4;MICHELET (BOULEVARD);0.0;;2.0;6;3.0;1.0;0;0;1.0;;;1.0;0.0;1.0;50.0;Bouches-du-Rhône;93;Provence-Alpes-Côte d'Azur
201900003666;138Â 299Â 619;B01;1.0;1;2.0;2.0;1987.0;1.0;8.0;0.0;;; -1;;;2.0;7.0;0.0;2.0;6.0;2.0;1.0;;26;11;2019;06:50;5.0;13;13204;2;3.0;1.0;2.0;FRANÃOISE DUPARC (BOULEVARD);43,3079700;5,4025800;7;FRANÃOISE DUPARC (BOULEVARD);0.0;;3.0;6;0.0;1.0;0;0;1.0;;;1.0;0.0;1.0;50.0;Bouches-du-Rhône;93;Provence-Alpes-Côte d'Azur
201900003666;138Â 299Â 620;A01;1.0;1;1.0;1.0;1995.0;1.0;8.0;0.0;;; -1;;;2.0;7.0;0.0;2.0;2.0;2.0;1.0;;26;11;2019;06:50;5.0;13;13204;2;3.0;1.0;2.0;FRANÃOISE DUPARC (BOULEVARD);43,3079700;5,4025800;7;FRANÃOISE DUPARC (BOULEVARD);0.0;;3.0;6;0.0;1.0;0;0;1.0;;;1.0;0.0;1.0;50.0;Bouches-du-Rhône;93;Provence-Alpes-Côte d'Azur
201900003667;138Â 299Â 617;B01;1.0;1;1.0;1.0;1953.0;5.0;1.0;8.0;;; -1;;;2.0;7.0;0.0;9.0;8.0;15.0;1.0;;25;11;2019;11:15;1.0;13;13211;2;1.0;1.0;3.0;SAINT MARCEL (BOULEVARD DE );43,2876800;5,4646800;4;SAINT MARCEL (BOULEVARD DE );0.0;;2.0;2;0.0;1.0;0;0;1.0;;;1.0;0.0;1.0;50.0;Bouches-du-Rhône;93;Provence-Alpes-Côte d'Azur
201900003667;138Â 299Â 618;A01;1.0;1;2.0;1.0;1987.0;5.0;2.0;8.0;;; -1;;;2.0;32.0;0.0;2.0;7.0;17.0;1.0;;25;11;2019;11:15;1.0;13;13211;2;1.0;1.0;3.0;SAINT MARCEL (BOULEVARD DE );43,2876800;5,4646800;4;SAINT MARCEL (BOULEVARD DE );0.0;;2.0;2;0.0;1.0;0;0;1.0;;;1.0;0.0;1.0;50.0;Bouches-du-Rhône;93;Provence-Alpes-Côte d'Azur
201900003668;138Â 299Â 615;A01;1.0;1;1.0;2.0;1990.0;1.0;1.0;0.0;;0.0;0;;;2.0;7.0;0.0;2.0;3.0;26.0;0.0;;25;11;2019;13:45;1.0;13;13209;2;1.0;1.0;3.0;MORGIOU (chemin de );43,2338950;5,4119680;4;MORGIOU (chemin de );0.0;;2.0;2;0.0;1.0;0;0;1.0;;;1.0;0.0;1.0;50.0;Bouches-du-Rhône;93;Provence-Alpes-Côte d'Azur
201900003668;138Â 299Â 616;B01;1.0;1;2.0;1.0;1997.0;0.0;2.0;0.0;;0.0;0;;;2.0;32.0;0.0;2.0;1.0;1.0;0.0;;25;11;2019;13:45;1.0;13;13209;2;1.0;1.0;3.0;MORGIOU (chemin de );43,2338950;5,4119680;4;MORGIOU (chemin de );0.0;;2.0;2;0.0;1.0;0;0;1.0;;;1.0;0.0;1.0;50.0;Bouches-du-Rhône;93;Provence-Alpes-Côte d'Azur
201900003669;138Â 299Â 613;B01;1.0;1;1.0;1.0;1973.0;2.0;1.0;0.0;;0.0;0;;;1.0;7.0;9.0;2.0;3.0;9.0;0.0;;25;11;2019;07:35;1.0;13;13001;2;3.0;1.0;3.0;ISAAC JULES (AV);43,5343890;5,4511530;4;ISAAC JULES (AV);0.0;;2.0;2;0.0;2.0;0;0;1.0;;;1.0;0.0;1.0;50.0;Bouches-du-Rhône;93;Provence-Alpes-Côte d'Azur
201900003669;138Â 299Â 614;A01;1.0;1;2.0;1.0;2002.0;2.0;2.0;6.0;;; -1;;;2.0;31.0;2.0;2.0;2.0;17.0;0.0;;25;11;2019;07:35;1.0;13;13001;2;3.0;1.0;3.0;ISAAC JULES (AV);43,5343890;5,4511530;4;ISAAC JULES (AV);0.0;;2.0;2;0.0;2.0;0;0;1.0;;;1.0;0.0;1.0;50.0;Bouches-du-Rhône;93;Provence-Alpes-Côte d'Azur
201900003670;138Â 299Â 611;B01;1.0;1;1.0;1.0;1977.0;0.0;1.0;8.0;;; -1;;;3.0;7.0;0.0;2.0;2.0;24.0;1.0;;25;11;2019;13:28;1.0;10;10387;2;1.0;1.0;3.0;REINE BLANCHE (RUE);48,2747140;4,0596040;4;REINE BLANCHE (RUE);0.0;;2.0;2;0.0;2.0;0;0;1.0;;;1.0;0.0;1.0;50.0;Aube;44;Grand Est
201900003670;138Â 299Â 612;A01;1.0;1;2.0;2.0;1965.0;0.0;1.0;8.0;;; -1;;;3.0;7.0;1.0;0.0;2.0;1.0;1.0;;25;11;2019;13:28;1.0;10;10387;2;1.0;1.0;3.0;REINE BLANCHE (RUE);48,2747140;4,0596040;4;REINE BLANCHE (RUE);0.0;;2.0;2;0.0;2.0;0;0;1.0;;;1.0;0.0;1.0;50.0;Aube;44;Grand Est
201900003671;138Â 299Â 609;A01;1.0;1;1.0;1.0;2000.0;5.0;1.0;8.0;;; -1;;;2.0;7.0;0.0;2.0;1.0;26.0;1.0;;25;11;2019;19:15;5.0;07;07019;1;1.0;1.0;2.0;;44,6218300;4,3938880;2;102;0.0;;2.0;2;0.0;1.0;39;300;1.0;;;1.0;0.0;1.0;70.0;Ardèche;84;Auvergne-Rhône-Alpes
201900003671;138Â 299Â 610;B01;2.0;2;2.0;1.0;2001.0;5.0;1.0;8.0;;; -1;;;2.0;7.0;0.0;0.0;4.0;2.0;1.0;;25;11;2019;19:15;5.0;07;07019;1;1.0;1.0;2.0;;44,6218300;4,3938880;2;102;0.0;;2.0;2;0.0;1.0;39;300;1.0;;;1.0;0.0;1.0;70.0;Ardèche;84;Auvergne-Rhône-Alpes
201900003671;138Â 299Â 610;B01;1.0;1;2.0;1.0;1999.0;5.0;1.0;8.0;;; -1;;;2.0;7.0;0.0;0.0;4.0;2.0;1.0;;25;11;2019;19:15;5.0;07;07019;1;1.0;1.0;2.0;;44,6218300;4,3938880;2;102;0.0;;2.0;2;0.0;1.0;39;300;1.0;;;1.0;0.0;1.0;70.0;Ardèche;84;Auvergne-Rhône-Alpes
201900003672;138Â 299Â 606;C01;1.0;1;3.0;1.0;1994.0;5.0;8.0;0.0;;;0;;;1.0;1.0;0.0;2.0;4.0;0.0;0.0;;26;11;2019;19:58;5.0;03;03185;2;3.0;1.0;6.0;avenue de la RÃ©publique;46,3478837;2,5954223;3;943;0.0;;2.0;2;0.0;1.0;0;657;1.0;;;1.0;0.0;1.0;50.0;Allier;84;Auvergne-Rhône-Alpes
201900003672;138Â 299Â 607;B01;1.0;1;2.0;1.0;1963.0;1.0;8.0;0.0;;;0;;;1.0;7.0;0.0;2.0;4.0;9.0;1.0;;26;11;2019;19:58;5.0;03;03185;2;3.0;1.0;6.0;avenue de la RÃ©publique;46,3478837;2,5954223;3;943;0.0;;2.0;2;0.0;1.0;0;657;1.0;;;1.0;0.0;1.0;50.0;Allier;84;Auvergne-Rhône-Alpes
201900003672;138Â 299Â 607;B01;2.0;2;2.0;1.0;1962.0;1.0;8.0;0.0;;;0;;;1.0;7.0;0.0;2.0;4.0;9.0;1.0;;26;11;2019;19:58;5.0;03;03185;2;3.0;1.0;6.0;avenue de la RÃ©publique;46,3478837;2,5954223;3;943;0.0;;2.0;2;0.0;1.0;0;657;1.0;;;1.0;0.0;1.0;50.0;Allier;84;Auvergne-Rhône-Alpes
201900003672;138Â 299Â 608;A01;1.0;1;1.0;1.0;1967.0;5.0;8.0;8.0;;;0;;;1.0;7.0;0.0;2.0;1.0;1.0;1.0;;26;11;2019;19:58;5.0;03;03185;2;3.0;1.0;6.0;avenue de la RÃ©publique;46,3478837;2,5954223;3;943;0.0;;2.0;2;0.0;1.0;0;657;1.0;;;1.0;0.0;1.0;50.0;Allier;84;Auvergne-Rhône-Alpes
201900003673;138Â 299Â 604;B01;1.0;1;2.0;1.0;1978.0;5.0;2.0;6.0;;0.0;0;;;2.0;32.0;0.0;2.0;1.0;3.0;1.0;;26;11;2019;09:25;1.0;75;75116;2;1.0;2.0;3.0;BD PERIPHERIQUE EXTERIEUR;48,8667636;2,2686858;4;BD PERIPHERIQUE EXTERIEUR;0.0;;1.0;4;0.0;1.0;14;700;1.0;;;2.0;0.0;1.0;70.0;Paris;11;Île-de-France
201900003673;138Â 299Â 605;A01;1.0;1;1.0;1.0;1975.0;1.0;1.0;0.0;;0.0;0;;;2.0;7.0;0.0;2.0;5.0;12.0;1.0;;26;11;2019;09:25;1.0;75;75116;2;1.0;2.0;3.0;BD PERIPHERIQUE EXTERIEUR;48,8667636;2,2686858;4;BD PERIPHERIQUE EXTERIEUR;0.0;;1.0;4;0.0;1.0;14;700;1.0;;;2.0;0.0;1.0;70.0;Paris;11;Île-de-France
201900003674;138Â 299Â 602;B01;1.0;1;3.0;1.0;1998.0;9.0;2.0;6.0;;0.0;0;;;1.0;33.0;0.0;2.0;1.0;2.0;1.0;;25;11;2019;11:43;1.0;75;75115;2;3.0;1.0;2.0;RUE LINOIS;48,8485700;2,2829000;4;RUE LINOIS;0.0;;2.0;6;0.0;1.0;0;0;1.0;;;1.0;5.0;1.0;50.0;Paris;11;Île-de-France
201900003674;138Â 299Â 603;A01;1.0;1;1.0;1.0;1976.0;9.0;1.0;0.0;;0.0;0;;;1.0;10.0;0.0;2.0;6.0;15.0;1.0;;25;11;2019;11:43;1.0;75;75115;2;3.0;1.0;2.0;RUE LINOIS;48,8485700;2,2829000;4;RUE LINOIS;0.0;;2.0;6;0.0;1.0;0;0;1.0;;;1.0;5.0;1.0;50.0;Paris;11;Île-de-France
201900003675;138Â 299Â 598;A01;10.0;3;2.0;1.0;1930.0;5.0;0.0;;;3.0;3;1.0;;1.0;10.0;0.0;1.0;2.0;15.0;1.0;;26;11;2019;13:40;1.0;75;75118;2;2.0;1.0;6.0;RUE EUGENE SUE;48,8912735;2,3473620;4;RUE EUGENE SUE;0.0;;1.0;1;0.0;1.0;0;0;1.0;;;2.0;0.0;1.0;50.0;Paris;11;Île-de-France
201900003675;138Â 299Â 598;A01;1.0;1;1.0;1.0;1958.0;0.0;1.0;0.0;;0.0;0;;;1.0;10.0;0.0;1.0;2.0;15.0;1.0;;26;11;2019;13:40;1.0;75;75118;2;2.0;1.0;6.0;RUE EUGENE SUE;48,8912735;2,3473620;4;RUE EUGENE SUE;0.0;;1.0;1;0.0;1.0;0;0;1.0;;;2.0;0.0;1.0;50.0;Paris;11;Île-de-France
201900003676;138Â 299Â 596;A01;1.0;1;2.0;2.0;1985.0;0.0;2.0;6.0;;0.0;0;;;2.0;30.0;0.0;2.0;1.0;15.0;1.0;;26;11;2019;09:00;1.0;75;75117;2;7.0;2.0;3.0;PLACE DU GENERAL KOENIG;48,8808667;2,2843297;4;PLACE DU GENERAL KOENIG;0.0;;3.0;2;0.0;1.0;0;0;1.0;;;2.0;0.0;1.0;50.0;Paris;11;Île-de-France
201900003676;138Â 299Â 597;B01;1.0;1;1.0;1.0;1960.0;0.0;2.0;6.0;;0.0;0;;;2.0;33.0;0.0;2.0;5.0;1.0;1.0;;26;11;2019;09:00;1.0;75;75117;2;7.0;2.0;3.0;PLACE DU GENERAL KOENIG;48,8808667;2,2843297;4;PLACE DU GENERAL KOENIG;0.0;;3.0;2;0.0;1.0;0;0;1.0;;;2.0;0.0;1.0;50.0;Paris;11;Île-de-France
201900003677;138Â 299Â 594;A01;1.0;1;1.0;2.0;1985.0;1.0;1.0;0.0;;0.0;0;;;1.0;7.0;0.0;2.0;1.0;2.0;1.0;;26;11;2019;18:00;5.0;75;75116;2;3.0;1.0;2.0;AVENUE FOCH;48,8733603;2,2861137;4;AVENUE FOCH;0.0;;2.0;6;0.0;1.0;0;0;1.0;;;1.0;0.0;1.0;50.0;Paris;11;Île-de-France
201900003677;138Â 299Â 595;B01;1.0;1;2.0;1.0;1989.0;1.0;2.0;6.0;;0.0;0;;;1.0;30.0;0.0;2.0;4.0;23.0;1.0;;26;11;2019;18:00;5.0;75;75116;2;3.0;1.0;2.0;AVENUE FOCH;48,8733603;2,2861137;4;AVENUE FOCH;0.0;;2.0;6;0.0;1.0;0;0;1.0;;;1.0;0.0;1.0;50.0;Paris;11;Île-de-France
201900003678;138Â 299Â 593;A01;10.0;3;2.0;1.0;1998.0;1.0;0.0;;;3.0;3;2.0;;2.0;7.0;0.0;1.0;1.0;1.0;1.0;;26;11;2019;13:15;1.0;75;75116;2;2.0;1.0;6.0;RUE JEAN DE LA FONTAINE;48,8483485;2,2649324;4;RUE JEAN DE LA FONTAINE;0.0;;1.0;2;0.0;1.0;0;0;1.0;;;1.0;0.0;1.0;50.0;Paris;11;Île-de-France
201900003678;138Â 299Â 593;A01;1.0;1;1.0;1.0;1966.0;4.0;1.0;0.0;;0.0;0;;;2.0;7.0;0.0;1.0;1.0;1.0;1.0;;26;11;2019;13:15;1.0;75;75116;2;2.0;1.0;6.0;RUE JEAN DE LA FONTAINE;48,8483485;2,2649324;4;RUE JEAN DE LA FONTAINE;0.0;;1.0;2;0.0;1.0;0;0;1.0;;;1.0;0.0;1.0;50.0;Paris;11;Île-de-France
201900003678;138Â 299Â 593;A01;10.0;3;2.0;1.0;1985.0;1.0;0.0;;;3.0;3;2.0;;2.0;7.0;0.0;1.0;1.0;1.0;1.0;;26;11;2019;13:15;1.0;75;75116;2;2.0;1.0;6.0;RUE JEAN DE LA FONTAINE;48,8483485;2,2649324;4;RUE JEAN DE LA FONTAINE;0.0;;1.0;2;0.0;1.0;0;0;1.0;;;1.0;0.0;1.0;50.0;Paris;11;Île-de-France
201900003679;138Â 299Â 592;A01;1.0;1;1.0;1.0;1974.0;4.0;1.0;0.0;;0.0;0;;;1.0;13.0;1.0;1.0;3.0;1.0;1.0;;25;11;2019;10:20;1.0;75;75114;2;1.0;1.0;6.0;RUE VERCINGETORIX;48,8308184;2,3084316;4;RUE VERCINGETORIX;0.0;;1.0;1;0.0;1.0;207;0;1.0;;;1.0;0.0;1.0;30.0;Paris;11;Île-de-France
201900003679;138Â 299Â 592;A01;10.0;3;2.0;1.0;1984.0;4.0;0.0;;;2.0;A;1.0;;1.0;13.0;1.0;1.0;3.0;1.0;1.0;;25;11;2019;10:20;1.0;75;75114;2;1.0;1.0;6.0;RUE VERCINGETORIX;48,8308184;2,3084316;4;RUE VERCINGETORIX;0.0;;1.0;1;0.0;1.0;207;0;1.0;;;1.0;0.0;1.0;30.0;Paris;11;Île-de-France
201900003680;138Â 299Â 591;A01;10.0;3;2.0;1.0;1991.0;0.0;0.0;;;4.0;3;1.0;;1.0;34.0;0.0;1.0;1.0;1.0;1.0;;24;11;2019;01:25;5.0;75;75114;2;2.0;1.0;6.0;AVENUE DU MAINE;48,8368363;2,3232268;4;AVENUE DU MAINE;0.0;;2.0;4;0.0;1.0;0;0;1.0;;;1.0;0.0;1.0;50.0;Paris;11;Île-de-France
201900003680;138Â 299Â 591;A01;1.0;1;1.0;1.0;1986.0;0.0;2.0;6.0;;0.0;0;;;1.0;34.0;0.0;1.0;1.0;1.0;1.0;;24;11;2019;01:25;5.0;75;75114;2;2.0;1.0;6.0;AVENUE DU MAINE;48,8368363;2,3232268;4;AVENUE DU MAINE;0.0;;2.0;4;0.0;1.0;0;0;1.0;;;1.0;0.0;1.0;50.0;Paris;11;Île-de-France
201900003681;138Â 299Â 589;B01;1.0;1;2.0;1.0;1970.0;1.0;8.0;2.0;;0.0;0;;;2.0;1.0;0.0;2.0;1.0;1.0;5.0;;26;11;2019;18:00;5.0;75;75113;2;3.0;1.0;3.0;BOULEVARD VINCENT AURIOL;48,8345773;2,3673620;4;BOULEVARD VINCENT AURIOL;0.0;;3.0;2;1.0;2.0;0;0;1.0;;;2.0;0.0;5.0;50.0;Paris;11;Île-de-France
201900003681;138Â 299Â 590;A01;1.0;1;1.0;1.0;1973.0;1.0;1.0;0.0;;0.0;0;;;2.0;10.0;0.0;2.0;2.0;16.0;1.0;;26;11;2019;18:00;5.0;75;75113;2;3.0;1.0;3.0;BOULEVARD VINCENT AURIOL;48,8345773;2,3673620;4;BOULEVARD VINCENT AURIOL;0.0;;3.0;2;1.0;2.0;0;0;1.0;;;2.0;0.0;5.0;50.0;Paris;11;Île-de-France
201900003682;138Â 299Â 587;A01;1.0;1;2.0;2.0;1980.0;0.0;8.0;2.0;;0.0;0;;;1.0;1.0;0.0;2.0;1.0;1.0;5.0;;26;11;2019;08:45;1.0;75;75113;2;3.0;8.0;3.0;RUE CHARCOT;48,8311376;2,3718955;4;RUE CHARCOT;0.0;;2.0;2;1.0;2.0;0;0;1.0;;;1.0;0.0;5.0;50.0;Paris;11;Île-de-France