Num_Acc;id_vehicule;num_veh;place;catu;grav;sexe;an_nais;trajet;secu1;secu2;secu3;locp;actp;etatp;id_usager;senc;catv;obs;obsm;choc;manv;motor;occutc;jour;mois;an;hrmn;lum;dep;com;agg;int;atm;col;adr;lat;long;catr;voie;v1;v2;circ;nbv;vosp;prof;pr;pr1;plan;lartpc;larrout;surf;infra;situ;vma;nom_departement;reg;nom_region
201900003682;138Â 299Â 588;B01;1.0;1;1.0;2.0;1975.0;1.0;1.0;0.0;;0.0;0;;;2.0;7.0;0.0;2.0;3.0;15.0;1.0;;26;11;2019;08:45;1.0;75;75113;2;3.0;8.0;3.0;RUE CHARCOT;48,8311376;2,3718955;4;RUE CHARCOT;0.0;;2.0;2;1.0;2.0;0;0;1.0;;;1.0;0.0;5.0;50.0;Paris;11;Île-de-France
201900003683;138Â 299Â 585;A01;1.0;1;3.0;1.0;2000.0;5.0;2.0;6.0;;0.0;0;;;1.0;31.0;0.0;2.0;6.0;2.0;1.0;;26;11;2019;20:50;5.0;75;75112;2;1.0;3.0;2.0;QUAI DE LA RAPEE;48,8414290;2,3730270;4;QUAI DE LA RAPEE;0.0;;1.0;3;0.0;2.0;0;0;1.0;;;2.0;0.0;1.0;50.0;Paris;11;Île-de-France
201900003683;138Â 299Â 586;B01;1.0;1;1.0;1.0;1985.0;5.0;1.0;0.0;;0.0;0;;;1.0;7.0;0.0;2.0;6.0;11.0;1.0;;26;11;2019;20:50;5.0;75;75112;2;1.0;3.0;2.0;QUAI DE LA RAPEE;48,8414290;2,3730270;4;QUAI DE LA RAPEE;0.0;;1.0;3;0.0;2.0;0;0;1.0;;;2.0;0.0;1.0;50.0;Paris;11;Île-de-France
201900003684;138Â 299Â 584;A01;1.0;1;1.0;1.0;1978.0;1.0;1.0;0.0;;0.0;0;;;1.0;7.0;0.0;1.0;3.0;1.0;1.0;;26;11;2019;10:20;1.0;75;75112;2;2.0;2.0;6.0;ROUTE DE LA PYRAMIDE;48,8207595;2,4602399;4;ROUTE DE LA PYRAMIDE;0.0;;2.0;2;0.0;2.0;0;0;1.0;;;2.0;0.0;1.0;50.0;Paris;11;Île-de-France
201900003684;138Â 299Â 584;A01;10.0;3;2.0;2.0;1971.0;5.0;0.0;;;2.0;3;1.0;;1.0;7.0;0.0;1.0;3.0;1.0;1.0;;26;11;2019;10:20;1.0;75;75112;2;2.0;2.0;6.0;ROUTE DE LA PYRAMIDE;48,8207595;2,4602399;4;ROUTE DE LA PYRAMIDE;0.0;;2.0;2;0.0;2.0;0;0;1.0;;;2.0;0.0;1.0;50.0;Paris;11;Île-de-France
201900003685;138Â 299Â 582;B01;1.0;1;1.0;1.0;1971.0;4.0;1.0;0.0;;0.0;0;;;1.0;37.0;0.0;2.0;3.0;1.0;1.0;1.0;25;11;2019;22:15;5.0;75;75112;2;3.0;2.0;3.0;RUE DE LYON;48,8514329;2,3699002;4;RUE DE LYON;0.0;;2.0;4;0.0;1.0;0;0;1.0;;;2.0;0.0;1.0;50.0;Paris;11;Île-de-France
201900003685;138Â 299Â 583;A01;1.0;1;2.0;2.0;1999.0;5.0;8.0;2.0;;0.0;0;;;2.0;1.0;0.0;2.0;8.0;16.0;5.0;;25;11;2019;22:15;5.0;75;75112;2;3.0;2.0;3.0;RUE DE LYON;48,8514329;2,3699002;4;RUE DE LYON;0.0;;2.0;4;0.0;1.0;0;0;1.0;;;2.0;0.0;1.0;50.0;Paris;11;Île-de-France
201900003686;138Â 299Â 580;A01;1.0;1;1.0;1.0;1982.0;0.0;1.0;0.0;;0.0;0;;;2.0;10.0;0.0;2.0;3.0;22.0;1.0;;26;11;2019;19:00;5.0;75;75111;2;3.0;8.0;3.0;RUE DU CHEMIN VERT;48,8618580;2,3834096;4;RUE DU CHEMIN VERT;0.0;;1.0;1;0.0;2.0;0;0;1.0;;;2.0;0.0;1.0;30.0;Paris;11;Île-de-France
201900003686;138Â 299Â 581;B01;1.0;1;2.0;1.0;1975.0;0.0;8.0;2.0;;0.0;0;;;2.0;1.0;0.0;2.0;2.0;1.0;5.0;;26;11;2019;19:00;5.0;75;75111;2;3.0;8.0;3.0;RUE DU CHEMIN VERT;48,8618580;2,3834096;4;RUE DU CHEMIN VERT;0.0;;1.0;1;0.0;2.0;0;0;1.0;;;2.0;0.0;1.0;30.0;Paris;11;Île-de-France
201900003687;138Â 299Â 578;B01;1.0;1;2.0;1.0;1995.0;4.0;2.0;6.0;;0.0;0;;;1.0;30.0;0.0;2.0;1.0;1.0;1.0;;26;11;2019;10:00;1.0;75;75108;2;3.0;2.0;3.0;RUE DE COURCELLES;48,8788851;2,3035828;4;RUE DE COURCELLES;0.0;;2.0;2;0.0;1.0;0;0;1.0;;;2.0;0.0;1.0;50.0;Paris;11;Île-de-France
201900003687;138Â 299Â 579;A01;1.0;1;1.0;1.0;1987.0;4.0;1.0;0.0;;0.0;0;;;2.0;10.0;0.0;2.0;1.0;15.0;1.0;;26;11;2019;10:00;1.0;75;75108;2;3.0;2.0;3.0;RUE DE COURCELLES;48,8788851;2,3035828;4;RUE DE COURCELLES;0.0;;2.0;2;0.0;1.0;0;0;1.0;;;2.0;0.0;1.0;50.0;Paris;11;Île-de-France
201900003688;138Â 299Â 576;A01;1.0;1;2.0;2.0;1977.0;1.0;8.0;2.0;;0.0;0;;;1.0;1.0;0.0;2.0;0.0;1.0;5.0;;26;11;2019;19:45;5.0;75;75104;2;2.0;2.0;6.0;BOULEVARD DE SEBASTOPOL;48,8595305;2,3487901;4;BOULEVARD DE SEBASTOPOL;0.0;;1.0;4;1.0;1.0;0;0;1.0;;;2.0;0.0;5.0;50.0;Paris;11;Île-de-France
201900003689;138Â 299Â 575;A01;1.0;1;1.0;1.0;1989.0;1.0;8.0;2.0;;0.0;0;;;2.0;1.0;0.0;1.0;1.0;1.0;5.0;;25;11;2019;09:15;1.0;75;75101;2;1.0;1.0;6.0;RUE DANIELLE CASANOVA;48,8680848;2,3311400;4;RUE DANIELLE CASANOVA;0.0;;2.0;2;1.0;1.0;29;0;1.0;;;1.0;0.0;5.0;30.0;Paris;11;Île-de-France
201900003689;138Â 299Â 575;A01;10.0;3;2.0;2.0;1965.0;1.0;0.0;;;2.0;3;1.0;;2.0;1.0;0.0;1.0;1.0;1.0;5.0;;25;11;2019;09:15;1.0;75;75101;2;1.0;1.0;6.0;RUE DANIELLE CASANOVA;48,8680848;2,3311400;4;RUE DANIELLE CASANOVA;0.0;;2.0;2;1.0;1.0;29;0;1.0;;;1.0;0.0;5.0;30.0;Paris;11;Île-de-France
201900003690;138Â 299Â 573;A01;1.0;1;1.0;1.0;1953.0;0.0;1.0;0.0;;; -1;;;3.0;7.0;0.0;2.0;1.0;1.0;1.0;;26;11;2019;12:40;1.0;94;94081;2;1.0;2.0;3.0;STALINGRAD (BD DE);48,8015500;2,3810500;9;STALINGRAD (BD DE);0.0;;;2;0.0;1.0;0;0;1.0;;;1.0;9.0;;30.0;Val-de-Marne;11;Île-de-France
201900003690;138Â 299Â 574;B01;1.0;1;2.0;1.0;1987.0;0.0;1.0;0.0;;; -1;;;1.0;7.0;0.0;2.0;8.0;1.0;1.0;;26;11;2019;12:40;1.0;94;94081;2;1.0;2.0;3.0;STALINGRAD (BD DE);48,8015500;2,3810500;9;STALINGRAD (BD DE);0.0;;;2;0.0;1.0;0;0;1.0;;;1.0;9.0;;30.0;Val-de-Marne;11;Île-de-France
201900003690;138Â 299Â 574;B01;2.0;2;2.0;1.0;1986.0;0.0;1.0;0.0;;; -1;;;1.0;7.0;0.0;2.0;8.0;1.0;1.0;;26;11;2019;12:40;1.0;94;94081;2;1.0;2.0;3.0;STALINGRAD (BD DE);48,8015500;2,3810500;9;STALINGRAD (BD DE);0.0;;;2;0.0;1.0;0;0;1.0;;;1.0;9.0;;30.0;Val-de-Marne;11;Île-de-France
201900003691;138Â 299Â 572;A01;10.0;3;2.0;1.0;2008.0;2.0;0.0;;;2.0;3;1.0;;1.0;7.0;0.0;1.0;0.0;1.0;1.0;;12;11;2019;08:50;1.0;94;94081;2;1.0;1.0;6.0;LAVOISIER (R);48,7988800;2,3913900;4;LAVOISIER (R);0.0;;2.0;2;0.0;1.0;0;0;1.0;;;1.0;0.0;1.0;50.0;Val-de-Marne;11;Île-de-France
201900003691;138Â 299Â 572;A01;1.0;1;1.0;2.0;1983.0;1.0;1.0;8.0;;; -1;;;1.0;7.0;0.0;1.0;0.0;1.0;1.0;;12;11;2019;08:50;1.0;94;94081;2;1.0;1.0;6.0;LAVOISIER (R);48,7988800;2,3913900;4;LAVOISIER (R);0.0;;2.0;2;0.0;1.0;0;0;1.0;;;1.0;0.0;1.0;50.0;Val-de-Marne;11;Île-de-France
201900003692;138Â 299Â 570;B01;1.0;1;2.0;1.0;1972.0;0.0;2.0;8.0;;; -1;;;2.0;33.0;0.0;2.0;7.0;17.0;1.0;;26;11;2019;13:30;1.0;94;94077;2;1.0;2.0;3.0;REPUBLIQUE (AV DE LA);48,7311898;2,4167298;3;136;0.0;;2.0;0;0.0;1.0;0;0;1.0;;;2.0;0.0;1.0;50.0;Val-de-Marne;11;Île-de-France
201900003692;138Â 299Â 571;A01;1.0;1;1.0;2.0;1986.0;0.0;1.0;0.0;;; -1;;;2.0;3.0;0.0;2.0;3.0;15.0;1.0;;26;11;2019;13:30;1.0;94;94077;2;1.0;2.0;3.0;REPUBLIQUE (AV DE LA);48,7311898;2,4167298;3;136;0.0;;2.0;0;0.0;1.0;0;0;1.0;;;2.0;0.0;1.0;50.0;Val-de-Marne;11;Île-de-France
201900003693;138Â 299Â 567;A01;1.0;1;1.0;2.0;1956.0;0.0;8.0;0.0;;; -1;;;3.0;7.0;0.0;2.0;4.0;9.0;1.0;;25;11;2019;17:55;3.0;93;93073;2;1.0;1.0;4.0;CHAPIT RE ( RUE DU);49,0029480;2,5368790;4;CHAPIT RE ( RUE DU);0.0;;1.0;1;0.0;1.0;0;0;2.0;;;2.0;9.0;1.0;70.0;Seine-Saint-Denis;11;Île-de-France
201900003693;138Â 299Â 568;B01;1.0;1;2.0;2.0;1989.0;0.0;8.0;0.0;;; -1;;;3.0;7.0;0.0;2.0;1.0;2.0;1.0;;25;11;2019;17:55;3.0;93;93073;2;1.0;1.0;4.0;CHAPIT RE ( RUE DU);49,0029480;2,5368790;4;CHAPIT RE ( RUE DU);0.0;;1.0;1;0.0;1.0;0;0;2.0;;;2.0;9.0;1.0;70.0;Seine-Saint-Denis;11;Île-de-France
201900003693;138Â 299Â 569;C01;1.0;1;1.0;2.0;1980.0;0.0;8.0;0.0;;; -1;;;3.0;7.0;0.0;2.0;0.0;0.0;1.0;;25;11;2019;17:55;3.0;93;93073;2;1.0;1.0;4.0;CHAPIT RE ( RUE DU);49,0029480;2,5368790;4;CHAPIT RE ( RUE DU);0.0;;1.0;1;0.0;1.0;0;0;2.0;;;2.0;9.0;1.0;70.0;Seine-Saint-Denis;11;Île-de-France
201900003694;138Â 299Â 565;B01;1.0;1;1.0;1.0;1986.0;1.0;1.0;0.0;;; -1;;;0.0;7.0;0.0;2.0;3.0;15.0;0.0;;25;11;2019;16:45;2.0;93;93070;2;1.0;8.0;3.0;SEINE (QUAI DE);48,9139000;2,3173000;4;SEINE (QUAI DE);0.0;;2.0;2;0.0;1.0;0;0;1.0;;;2.0;0.0;1.0;50.0;Seine-Saint-Denis;11;Île-de-France
201900003694;138Â 299Â 566;A01;2.0;2;2.0;2.0;1961.0;5.0;1.0;0.0;;; -1;;;0.0;7.0;0.0;2.0;1.0;2.0;0.0;;25;11;2019;16:45;2.0;93;93070;2;1.0;8.0;3.0;SEINE (QUAI DE);48,9139000;2,3173000;4;SEINE (QUAI DE);0.0;;2.0;2;0.0;1.0;0;0;1.0;;;2.0;0.0;1.0;50.0;Seine-Saint-Denis;11;Île-de-France
201900003694;138Â 299Â 566;A01;1.0;1;1.0;1.0;1995.0;5.0;1.0;0.0;;; -1;;;0.0;7.0;0.0;2.0;1.0;2.0;0.0;;25;11;2019;16:45;2.0;93;93070;2;1.0;8.0;3.0;SEINE (QUAI DE);48,9139000;2,3173000;4;SEINE (QUAI DE);0.0;;2.0;2;0.0;1.0;0;0;1.0;;;2.0;0.0;1.0;50.0;Seine-Saint-Denis;11;Île-de-France
201900003695;138Â 299Â 563;A01;1.0;1;1.0;2.0;1995.0;5.0;1.0;0.0;;; -1;;;1.0;7.0;0.0;6.0;3.0;26.0;1.0;;25;11;2019;00:20;5.0;93;93066;2;2.0;1.0;3.0;"""STALINGRAD (AVENUE), NR 88 A 114 BIS""";48,9454000;2,3639000;3;29;0.0;;;2;0.0;1.0;0;1;1.0;;;1.0;0.0;1.0;50.0;Seine-Saint-Denis;11;Île-de-France
201900003695;138Â 299Â 564;B01;1.0;1;3.0;1.0;1982.0;5.0;8.0;0.0;;; -1;;;3.0;1.0;0.0;2.0;0.0;0.0;5.0;;25;11;2019;00:20;5.0;93;93066;2;2.0;1.0;3.0;"""STALINGRAD (AVENUE), NR 88 A 114 BIS""";48,9454000;2,3639000;3;29;0.0;;;2;0.0;1.0;0;1;1.0;;;1.0;0.0;1.0;50.0;Seine-Saint-Denis;11;Île-de-France
201900003696;138Â 299Â 562;A01;1.0;1;1.0;1.0;1975.0;1.0;1.0;0.0;;; -1;;;1.0;7.0;0.0;1.0;2.0;16.0;1.0;;25;11;2019;17:35;5.0;93;93077;2;3.0;2.0;6.0;DUNANT (AVENUE HENRI);48,8827000;2,5177800;3;902;0.0;;2.0;2;0.0;1.0;0;0;1.0;;;2.0;0.0;1.0;50.0;Seine-Saint-Denis;11;Île-de-France
201900003696;138Â 299Â 562;A01;10.0;3;2.0;1.0;2007.0;9.0;8.0;0.0;;3.0;0;1.0;;1.0;7.0;0.0;1.0;2.0;16.0;1.0;;25;11;2019;17:35;5.0;93;93077;2;3.0;2.0;6.0;DUNANT (AVENUE HENRI);48,8827000;2,5177800;3;902;0.0;;2.0;2;0.0;1.0;0;0;1.0;;;2.0;0.0;1.0;50.0;Seine-Saint-Denis;11;Île-de-France
201900003697;138Â 299Â 561;A01;1.0;2;2.0;1.0;1988.0;1.0;8.0;0.0;;; -1;;;1.0;10.0;0.0;2.0;2.0;2.0;1.0;;25;11;2019;10:50;1.0;93;93010;2;6.0;1.0;6.0;GROSLAY (CHEM. DE);48,9113460;2,4747660;4;GROSLAY (CHEM. DE);0.0;;2.0;2;0.0;2.0;0;0;3.0;;;1.0;0.0;1.0;50.0;Seine-Saint-Denis;11;Île-de-France
201900003697;138Â 299Â 561;A01;1.0;1;1.0;1.0;1951.0;5.0;1.0;0.0;;; -1;;;1.0;10.0;0.0;2.0;2.0;2.0;1.0;;25;11;2019;10:50;1.0;93;93010;2;6.0;1.0;6.0;GROSLAY (CHEM. DE);48,9113460;2,4747660;4;GROSLAY (CHEM. DE);0.0;;2.0;2;0.0;2.0;0;0;3.0;;;1.0;0.0;1.0;50.0;Seine-Saint-Denis;11;Île-de-France
201900003698;138Â 299Â 560;A01;1.0;1;1.0;2.0;1943.0;1.0;1.0;0.0;;; -1;;;0.0;7.0;0.0;1.0;1.0;2.0;0.0;;26;11;2019;08:40;1.0;93;93005;2;1.0;1.0;6.0;ANATOLE FRANCE (AVENUE);48,9373720;2,4946060;4;ANATOLE FRANCE (AVENUE);0.0;;2.0;2;0.0;1.0;0;0;1.0;;;1.0;0.0;1.0;50.0;Seine-Saint-Denis;11;Île-de-France
201900003698;138Â 299Â 560;A01;10.0;3;2.0;1.0;1943.0;0.0;8.0;0.0;;9.0;B;1.0;;0.0;7.0;0.0;1.0;1.0;2.0;0.0;;26;11;2019;08:40;1.0;93;93005;2;1.0;1.0;6.0;ANATOLE FRANCE (AVENUE);48,9373720;2,4946060;4;ANATOLE FRANCE (AVENUE);0.0;;2.0;2;0.0;1.0;0;0;1.0;;;1.0;0.0;1.0;50.0;Seine-Saint-Denis;11;Île-de-France
201900003699;138Â 299Â 558;A01;1.0;1;2.0;1.0;1963.0;9.0;1.0;8.0;;; -1;;;3.0;7.0;0.0;2.0;1.0;2.0;6.0;;25;11;2019;19:00;5.0;92;92078;2;9.0;1.0;2.0;CHARLES DE GAULLE (BD) (71 AU 153);48,9435600;2,3153100;3;9;0.0;;2.0;4;0.0;1.0;0;0;1.0;;;1.0;0.0;1.0;5.0;Hauts-de-Seine;11;Île-de-France
201900003699;138Â 299Â 559;B01;1.0;1;1.0;1.0;1990.0;9.0;1.0;8.0;;; -1;;;3.0;7.0;0.0;2.0;4.0;2.0;0.0;;25;11;2019;19:00;5.0;92;92078;2;9.0;1.0;2.0;CHARLES DE GAULLE (BD) (71 AU 153);48,9435600;2,3153100;3;9;0.0;;2.0;4;0.0;1.0;0;0;1.0;;;1.0;0.0;1.0;5.0;Hauts-de-Seine;11;Île-de-France
201900003700;138Â 299Â 556;B01;1.0;1;2.0;1.0;1997.0;1.0;2.0;6.0;;; -1;;;2.0;33.0;0.0;2.0;2.0;17.0;1.0;;26;11;2019;08:17;1.0;92;92046;2;1.0;2.0;3.0;PIERRE BROSSOLETTE (AVENUE);48,8167300;2,3064500;3;906;0.0;;2.0;4;3.0;1.0;0;0;1.0;;;1.0;6.0;1.0;50.0;Hauts-de-Seine;11;Île-de-France
201900003700;138Â 299Â 557;A01;1.0;1;1.0;1.0;1982.0;4.0;8.0;0.0;;;0;;;2.0;7.0;0.0;2.0;8.0;15.0;1.0;;26;11;2019;08:17;1.0;92;92046;2;1.0;2.0;3.0;PIERRE BROSSOLETTE (AVENUE);48,8167300;2,3064500;3;906;0.0;;2.0;4;3.0;1.0;0;0;1.0;;;1.0;6.0;1.0;50.0;Hauts-de-Seine;11;Île-de-France
201900003701;138Â 299Â 555;Z01;10.0;3;2.0;2.0;2002.0;5.0;8.0;8.0;;3.0;3;1.0;;0.0;0.0;0.0;1.0;1.0;26.0;1.0;;25;11;2019;15:55;1.0;92;92036;2;3.0;1.0;6.0;LOUIS CALMEL (RUE) (18/58);48,9232250;2,2871750;3;11;0.0;;2.0;5;1.0;1.0;0;0;1.0;;;1.0;0.0;1.0;50.0;Hauts-de-Seine;11;Île-de-France
201900003702;138Â 299Â 553;A01;1.0;1;3.0;1.0;1998.0;9.0;1.0;8.0;;; -1;;;0.0;10.0;6.0;0.0;1.0;21.0;0.0;;19;8;2019;04:00;5.0;84;84031;1;1.0;1.0;6.0;PEYRIERE CHEMIN DE;44,0728137;5,0496850;4;PEYRIERE CHEMIN DE;0.0;;2.0;2;0.0;1.0;0;0;1.0;;;1.0;0.0;;70.0;Vaucluse;93;Provence-Alpes-Côte d'Azur
201900003703;138Â 299Â 552;A01;1.0;1;1.0;1.0;1984.0;0.0;8.0;0.0;;; -1;;;2.0;7.0;0.0;1.0;1.0;26.0;1.0;;22;7;2019;18:45;1.0;78;78498;2;1.0;1.0;6.0;CEP AVENUE DU;48,9303700;2,0395100;4;CEP AVENUE DU;0.0;;2.0;1;0.0;1.0;0;0;1.0;;;1.0;6.0;;50.0;Yvelines;11;Île-de-France
201900003703;138Â 299Â 552;A01;10.0;3;2.0;1.0;1994.0;1.0;0.0;;;4.0;3;1.0;;2.0;7.0;0.0;1.0;1.0;26.0;1.0;;22;7;2019;18:45;1.0;78;78498;2;1.0;1.0;6.0;CEP AVENUE DU;48,9303700;2,0395100;4;CEP AVENUE DU;0.0;;2.0;1;0.0;1.0;0;0;1.0;;;1.0;6.0;;50.0;Yvelines;11;Île-de-France
201900003704;138Â 299Â 551;Z01;10.0;3;3.0;1.0;1954.0;5.0;8.0;0.0;;3.0;3;1.0;;1.0;7.0;0.0;1.0;1.0;16.0;1.0;;8;4;2019;12:25;1.0;69;69266;2;2.0;1.0;6.0;GENERAL LECLERC    (Avenue du);45,7590000;4,8907000;7;GENERAL LECLERC    (Avenue du);0.0;;2.0;2;0.0;1.0;0;0;3.0;;;1.0;0.0;2.0;50.0;Rhône;84;Auvergne-Rhône-Alpes
201900003705;138Â 299Â 550;A01;10.0;3;3.0;2.0;1939.0;0.0;0.0;;;2.0;3;1.0;;3.0;7.0;0.0;1.0;4.0;4.0;1.0;;4;11;2019;19:20;2.0;62;62510;2;9.0;9.0;6.0;LEQUETTE (R MADAME);50,4213300;2,7810000;9;LEQUETTE (R MADAME);0.0;;;0;0.0;1.0;0;0;1.0;;;1.0;0.0;1.0;50.0;Pas-de-Calais;32;Hauts-de-France
201900003705;138Â 299Â 550;A01;1.0;1;1.0;2.0;1942.0;0.0;1.0;0.0;;; -1;;;3.0;7.0;0.0;1.0;4.0;4.0;1.0;;4;11;2019;19:20;2.0;62;62510;2;9.0;9.0;6.0;LEQUETTE (R MADAME);50,4213300;2,7810000;9;LEQUETTE (R MADAME);0.0;;;0;0.0;1.0;0;0;1.0;;;1.0;0.0;1.0;50.0;Pas-de-Calais;32;Hauts-de-France
201900003706;138Â 299Â 548;A01;1.0;1;1.0;1.0;1980.0;1.0;1.0;0.0;;; -1;;;2.0;7.0;0.0;2.0;3.0;1.0;1.0;;26;4;2019;02:02;5.0;93;93006;2;2.0;1.0;3.0;REPUBLIQUE AVENUE DE LA;48,8622500;2,4161700;3;37;0.0;;2.0;0;0.0;1.0;0;0;1.0;;;1.0;1.0;1.0;50.0;Seine-Saint-Denis;11;Île-de-France
201900003706;138Â 299Â 549;B01;1.0;1;3.0;1.0;1994.0;4.0;2.0;0.0;;; -1;;;1.0;30.0;0.0;2.0;1.0;1.0;1.0;;26;4;2019;02:02;5.0;93;93006;2;2.0;1.0;3.0;REPUBLIQUE AVENUE DE LA;48,8622500;2,4161700;3;37;0.0;;2.0;0;0.0;1.0;0;0;1.0;;;1.0;1.0;1.0;50.0;Seine-Saint-Denis;11;Île-de-France
201900003707;138Â 299Â 547;A01;1.0;1;1.0;1.0;1959.0;4.0;1.0;8.0;;; -1;;;1.0;7.0;0.0;1.0;1.0;26.0;1.0;;23;12;2019;12:45;1.0;971;97105;2;9.0;1.0;6.0;CHARLES DE GAULLE (BOULEVARD);15,9954100; -61,7316810;2;2;0.0;;2.0;2;0.0;1.0;0;0;2.0;;;1.0;2.0;8.0;50.0;Guadeloupe;01;Guadeloupe
201900003707;138Â 299Â 547;A01;10.0;3;2.0;2.0;1967.0;0.0;0.0;;;3.0;3;1.0;;1.0;7.0;0.0;1.0;1.0;26.0;1.0;;23;12;2019;12:45;1.0;971;97105;2;9.0;1.0;6.0;CHARLES DE GAULLE (BOULEVARD);15,9954100; -61,7316810;2;2;0.0;;2.0;2;0.0;1.0;0;0;2.0;;;1.0;2.0;8.0;50.0;Guadeloupe;01;Guadeloupe
201900003708;138Â 299Â 546;B01;10.0;3;3.0;1.0;1943.0;3.0;8.0;8.0;;9.0;9;2.0;;3.0;7.0;1.0;1.0;1.0;1.0;2.0;;29;12;2019;11:30;1.0;88;88383;2;1.0;1.0;6.0;Route de Bussang;48,0041200;6,6125200;5;Route de Bussang;0.0;;;0;0.0;1.0;0;0;1.0;;;1.0;9.0;;30.0;Vosges;44;Grand Est
201900003708;138Â 299Â 546;B01;10.0;3;1.0;2.0;1945.0;3.0;0.0;;;0.0;9;2.0;;3.0;7.0;1.0;1.0;1.0;1.0;2.0;;29;12;2019;11:30;1.0;88;88383;2;1.0;1.0;6.0;Route de Bussang;48,0041200;6,6125200;5;Route de Bussang;0.0;;;0;0.0;1.0;0;0;1.0;;;1.0;9.0;;30.0;Vosges;44;Grand Est
201900003708;138Â 299Â 546;B01;1.0;1;1.0;2.0;1972.0;3.0;8.0;0.0;;; -1;;;3.0;7.0;1.0;1.0;1.0;1.0;2.0;;29;12;2019;11:30;1.0;88;88383;2;1.0;1.0;6.0;Route de Bussang;48,0041200;6,6125200;5;Route de Bussang;0.0;;;0;0.0;1.0;0;0;1.0;;;1.0;9.0;;30.0;Vosges;44;Grand Est
201900003709;138Â 299Â 545;A01;1.0;1;1.0;1.0;1946.0;0.0;1.0;8.0;;; -1;;;3.0;10.0;0.0;1.0;1.0;26.0;0.0;;16;11;2019;16:00;1.0;84;84031;2;9.0;1.0;6.0;ZOLA BOULEVARD EMILE;44,0509700;5,0495600;4;ZOLA BOULEVARD EMILE;0.0;;2.0;2;0.0;1.0;0;0;1.0;;;1.0;9.0;;50.0;Vaucluse;93;Provence-Alpes-Côte d'Azur
201900003709;138Â 299Â 545;A01;10.0;3;2.0;1.0;1938.0;0.0;0.0;;;3.0;3;1.0;;3.0;10.0;0.0;1.0;1.0;26.0;0.0;;16;11;2019;16:00;1.0;84;84031;2;9.0;1.0;6.0;ZOLA BOULEVARD EMILE;44,0509700;5,0495600;4;ZOLA BOULEVARD EMILE;0.0;;2.0;2;0.0;1.0;0;0;1.0;;;1.0;9.0;;50.0;Vaucluse;93;Provence-Alpes-Côte d'Azur
201900003710;138Â 299Â 544;A01;1.0;1;1.0;2.0;1950.0;9.0;1.0;8.0;;0.0;0;;;0.0;7.0;0.0;1.0;2.0;26.0;6.0;;15;12;2019;11:40;1.0;83;83069;1;1.0;1.0;6.0;MARAIS (ROUTE DES);43,0810100;6,1286100;6;MARAIS (ROUTE DES);0.0;;;0;0.0;1.0;0;0;1.0;;;2.0;9.0;;10.0;Var;93;Provence-Alpes-Côte d'Azur
201900003710;138Â 299Â 544;A01;10.0;3;3.0;2.0;1954.0;9.0;0.0;;;0.0;3;2.0;;0.0;7.0;0.0;1.0;2.0;26.0;6.0;;15;12;2019;11:40;1.0;83;83069;1;1.0;1.0;6.0;MARAIS (ROUTE DES);43,0810100;6,1286100;6;MARAIS (ROUTE DES);0.0;;;0;0.0;1.0;0;0;1.0;;;2.0;9.0;;10.0;Var;93;Provence-Alpes-Côte d'Azur
201900003711;138Â 299Â 542;B01;1.0;1;1.0;1.0;1996.0;5.0;1.0;8.0;;0.0;0;;;3.0;7.0;0.0;4.0;2.0;26.0;1.0;;29;12;2019;03:07;5.0;71;71445;1;8.0;1.0;3.0;JEAN BAPTISTE PERRIN (RUE);46,7679000;4,8705000;4;JEAN BAPTISTE PERRIN (RUE);0.0;;2.0;2;0.0;1.0;0;0;1.0;;;1.0;4.0;;50.0;Saône-et-Loire;27;Bourgogne-Franche-Comté
201900003711;138Â 299Â 542;B01;2.0;2;1.0;1.0;1996.0;5.0;1.0;8.0;;0.0;0;;;3.0;7.0;0.0;4.0;2.0;26.0;1.0;;29;12;2019;03:07;5.0;71;71445;1;8.0;1.0;3.0;JEAN BAPTISTE PERRIN (RUE);46,7679000;4,8705000;4;JEAN BAPTISTE PERRIN (RUE);0.0;;2.0;2;0.0;1.0;0;0;1.0;;;1.0;4.0;;50.0;Saône-et-Loire;27;Bourgogne-Franche-Comté
201900003711;138Â 299Â 542;B01;3.0;2;1.0;1.0;1996.0;5.0;1.0;8.0;;0.0;0;;;3.0;7.0;0.0;4.0;2.0;26.0;1.0;;29;12;2019;03:07;5.0;71;71445;1;8.0;1.0;3.0;JEAN BAPTISTE PERRIN (RUE);46,7679000;4,8705000;4;JEAN BAPTISTE PERRIN (RUE);0.0;;2.0;2;0.0;1.0;0;0;1.0;;;1.0;4.0;;50.0;Saône-et-Loire;27;Bourgogne-Franche-Comté
201900003711;138Â 299Â 543;A01;3.0;2;3.0;1.0;1974.0;4.0;8.0;0.0;;0.0;0;;;3.0;39.0;14.0;2.0;4.0;1.0;3.0;;29;12;2019;03:07;5.0;71;71445;1;8.0;1.0;3.0;JEAN BAPTISTE PERRIN (RUE);46,7679000;4,8705000;4;JEAN BAPTISTE PERRIN (RUE);0.0;;2.0;2;0.0;1.0;0;0;1.0;;;1.0;4.0;;50.0;Saône-et-Loire;27;Bourgogne-Franche-Comté