Num_Acc;id_vehicule;num_veh;place;catu;grav;sexe;an_nais;trajet;secu1;secu2;secu3;locp;actp;etatp;id_usager;senc;catv;obs;obsm;choc;manv;motor;occutc;jour;mois;an;hrmn;lum;dep;com;agg;int;atm;col;adr;lat;long;catr;voie;v1;v2;circ;nbv;vosp;prof;pr;pr1;plan;lartpc;larrout;surf;infra;situ;vma;nom_departement;reg;nom_region
201900003711;138Â 299Â 543;A01;1.0;1;1.0;1.0;1975.0;4.0;8.0;0.0;;0.0;0;;;3.0;39.0;14.0;2.0;4.0;1.0;3.0;;29;12;2019;03:07;5.0;71;71445;1;8.0;1.0;3.0;JEAN BAPTISTE PERRIN (RUE);46,7679000;4,8705000;4;JEAN BAPTISTE PERRIN (RUE);0.0;;2.0;2;0.0;1.0;0;0;1.0;;;1.0;4.0;;50.0;Saône-et-Loire;27;Bourgogne-Franche-Comté
201900003712;138Â 299Â 540;B01;1.0;1;1.0;2.0;1989.0;0.0;1.0;0.0;;; -1;;;3.0;7.0;0.0;2.0;4.0;26.0;1.0;;31;12;2019;21:20;5.0;69;69264;2;6.0;5.0;2.0;BURDEAU BD;45,9966900;4,7285800;4;BURDEAU BD;0.0;;2.0;;0.0;1.0;0;0;1.0;;;2.0;0.0;1.0;50.0;Rhône;84;Auvergne-Rhône-Alpes
201900003712;138Â 299Â 541;A01;1.0;1;1.0;1.0;2000.0;0.0;1.0;0.0;;;0;;;3.0;7.0;0.0;2.0;1.0;26.0;1.0;;31;12;2019;21:20;5.0;69;69264;2;6.0;5.0;2.0;BURDEAU BD;45,9966900;4,7285800;4;BURDEAU BD;0.0;;2.0;;0.0;1.0;0;0;1.0;;;2.0;0.0;1.0;50.0;Rhône;84;Auvergne-Rhône-Alpes
201900003712;138Â 299Â 541;A01;4.0;2;2.0;1.0;2010.0;0.0;3.0;0.0;;; -1;;;3.0;7.0;0.0;2.0;1.0;26.0;1.0;;31;12;2019;21:20;5.0;69;69264;2;6.0;5.0;2.0;BURDEAU BD;45,9966900;4,7285800;4;BURDEAU BD;0.0;;2.0;;0.0;1.0;0;0;1.0;;;2.0;0.0;1.0;50.0;Rhône;84;Auvergne-Rhône-Alpes
201900003713;138Â 299Â 539;A01;1.0;1;1.0;2.0;1948.0;0.0;1.0;8.0;;0.0;0;;;3.0;7.0;0.0;1.0;1.0;1.0;1.0;;21;12;2019;17:35;5.0;61;61001;2;1.0;3.0;6.0;CERISE (RUE DE);48,4349300;0,1061400;4;CERISE (RUE DE);0.0;;2.0;2;0.0;1.0;0;0;1.0;;;2.0;0.0;1.0;50.0;Orne;28;Normandie
201900003713;138Â 299Â 539;A01;10.0;3;3.0;2.0;1933.0;0.0;0.0;;;3.0;3;1.0;;3.0;7.0;0.0;1.0;1.0;1.0;1.0;;21;12;2019;17:35;5.0;61;61001;2;1.0;3.0;6.0;CERISE (RUE DE);48,4349300;0,1061400;4;CERISE (RUE DE);0.0;;2.0;2;0.0;1.0;0;0;1.0;;;2.0;0.0;1.0;50.0;Orne;28;Normandie
201900003714;138Â 299Â 537;B01;1.0;1;3.0;1.0;1991.0;0.0;2.0;6.0;;;0;;;2.0;33.0;0.0;2.0;1.0;1.0;1.0;;18;12;2019;17:40;5.0;59;59328;2;2.0;1.0;3.0;DUNKERQUE AVENUE DE;50,6379800;3,0236200;7;933;0.0;;2.0;2;0.0;1.0;282;0;1.0;;;1.0;0.0;1.0;50.0;Nord;32;Hauts-de-France
201900003714;138Â 299Â 538;A01;1.0;1;1.0;1.0;1987.0;0.0;1.0;0.0;;;0;;;1.0;7.0;0.0;2.0;5.0;1.0;1.0;;18;12;2019;17:40;5.0;59;59328;2;2.0;1.0;3.0;DUNKERQUE AVENUE DE;50,6379800;3,0236200;7;933;0.0;;2.0;2;0.0;1.0;282;0;1.0;;;1.0;0.0;1.0;50.0;Nord;32;Hauts-de-France
201900003715;138Â 299Â 536;A01;10.0;3;3.0;1.0;1985.0;5.0;0.0;;;0.0;3;1.0;;1.0;7.0;0.0;1.0;1.0;17.0;1.0;;24;12;2019;13:52;1.0;54;54549;2;1.0;1.0;7.0;RD400;48,6332000;6,3239000;3;400;0.0;;3.0;2;0.0;1.0;0;0;1.0;;;1.0;9.0;8.0;50.0;Meurthe-et-Moselle;44;Grand Est
201900003715;138Â 299Â 536;A01;1.0;1;1.0;2.0;2001.0;3.0;1.0;0.0;;;0;;;1.0;7.0;0.0;1.0;1.0;17.0;1.0;;24;12;2019;13:52;1.0;54;54549;2;1.0;1.0;7.0;RD400;48,6332000;6,3239000;3;400;0.0;;3.0;2;0.0;1.0;0;0;1.0;;;1.0;9.0;8.0;50.0;Meurthe-et-Moselle;44;Grand Est
201900003716;138Â 299Â 535;A01;10.0;3;3.0;1.0;1940.0;3.0;0.0;;;8.0;3;1.0;;3.0;7.0;0.0;1.0;3.0;15.0;1.0;;14;12;2019;14:35;1.0;49;49328;2;9.0;9.0;6.0;DE LATTRE DE TASSIGNY (BLD);47,2618700; -0,0899900;6;DE LATTRE DE TASSIGNY (BLD);0.0;;;0;0.0;1.0;0;0;1.0;;;1.0;1.0;6.0;10.0;Maine-et-Loire;52;Pays de la Loire
201900003716;138Â 299Â 535;A01;1.0;1;1.0;1.0;1993.0;3.0;1.0;0.0;;; -1;;;3.0;7.0;0.0;1.0;3.0;15.0;1.0;;14;12;2019;14:35;1.0;49;49328;2;9.0;9.0;6.0;DE LATTRE DE TASSIGNY (BLD);47,2618700; -0,0899900;6;DE LATTRE DE TASSIGNY (BLD);0.0;;;0;0.0;1.0;0;0;1.0;;;1.0;1.0;6.0;10.0;Maine-et-Loire;52;Pays de la Loire
201900003717;138Â 299Â 533;A01;2.0;2;2.0;1.0;2002.0;5.0;1.0;0.0;;0.0;0;;;1.0;7.0;0.0;2.0;1.0;1.0;1.0;;22;12;2019;03:00;5.0;45;45286;2;2.0;2.0;3.0;AV GASTON GALLOUX - R DE LA COSSONNIERE;47,8842900;1,9243000;4;AVENUE GASTON GALLOUX;0.0;;3.0;5;1.0;1.0;0;0;1.0;;;2.0;5.0;1.0;50.0;Loiret;24;Centre-Val de Loire
201900003717;138Â 299Â 534;B01;1.0;1;1.0;1.0;1984.0;5.0;1.0;;;0.0;0;;;1.0;7.0;9.0;2.0;7.0;1.0;1.0;;22;12;2019;03:00;5.0;45;45286;2;2.0;2.0;3.0;AV GASTON GALLOUX - R DE LA COSSONNIERE;47,8842900;1,9243000;4;AVENUE GASTON GALLOUX;0.0;;3.0;5;1.0;1.0;0;0;1.0;;;2.0;5.0;1.0;50.0;Loiret;24;Centre-Val de Loire
201900003718;138Â 299Â 532;A01;1.0;1;3.0;1.0;1965.0;;0.0;;;0.0;0;;;3.0;33.0;0.0;0.0;0.0;14.0;1.0;;21;12;2019;16:15;1.0;39;39300;2;1.0;1.0;7.0;BERCAILLE (RUE);46,6965000;5,5569000;3;1083;0.0;E;2.0;2;0.0;1.0;3;350;1.0;;;1.0;0.0;;70.0;Jura;27;Bourgogne-Franche-Comté
201900003719;138Â 299Â 529;Z01;10.0;3;2.0;1.0;1948.0;0.0;0.0;;;3.0;3;1.0;;0.0;30.0;0.0;1.0;1.0;26.0;0.0;;23;12;2019;19:00;1.0;13;13215;2;1.0;1.0;6.0;SAINT LOUIS (AVENUE DE);43,3482530;5,3589800;4;SAINT LOUIS (AVENUE DE);0.0;;;0;0.0;1.0;0;0;1.0;;;1.0;0.0;;50.0;Bouches-du-Rhône;93;Provence-Alpes-Côte d'Azur
201900003719;138Â 299Â 529;Z01;1.0;1;1.0;1.0;1999.0;0.0;2.0;0.0;;0.0;0;;;0.0;30.0;0.0;1.0;1.0;26.0;0.0;;23;12;2019;19:00;1.0;13;13215;2;1.0;1.0;6.0;SAINT LOUIS (AVENUE DE);43,3482530;5,3589800;4;SAINT LOUIS (AVENUE DE);0.0;;;0;0.0;1.0;0;0;1.0;;;1.0;0.0;;50.0;Bouches-du-Rhône;93;Provence-Alpes-Côte d'Azur
201900003720;138Â 299Â 528;A01;1.0;1;1.0;1.0;1979.0;0.0;1.0;0.0;;0.0;0;;;3.0;7.0;0.0;1.0;1.0;17.0;1.0;;23;12;2019;13:15;1.0;13;13212;2;1.0;1.0;6.0;CAILLOLS (AVENUE DES);43,3038420;5,4362380;4;CAILLOLS (AVENUE DES);0.0;;1.0;1;0.0;1.0;0;0;1.0;;;1.0;9.0;8.0;20.0;Bouches-du-Rhône;93;Provence-Alpes-Côte d'Azur
201900003720;138Â 299Â 528;A01;10.0;3;2.0;1.0;1948.0;5.0;0.0;;;9.0;1;1.0;;3.0;7.0;0.0;1.0;1.0;17.0;1.0;;23;12;2019;13:15;1.0;13;13212;2;1.0;1.0;6.0;CAILLOLS (AVENUE DES);43,3038420;5,4362380;4;CAILLOLS (AVENUE DES);0.0;;1.0;1;0.0;1.0;0;0;1.0;;;1.0;9.0;8.0;20.0;Bouches-du-Rhône;93;Provence-Alpes-Côte d'Azur
201900003721;138Â 299Â 527;A01;1.0;1;3.0;2.0;1937.0;5.0;1.0;0.0;;0.0;0;;;0.0;7.0;5.0;0.0;1.0;26.0;2.0;;22;12;2019;14:45;1.0;13;13208;2;1.0;6.0;7.0;MENDES FRANCE (AVENUE);43,2583640;5,3760480;4;MENDES FRANCE (AVENUE);0.0;;;3;0.0;1.0;138;0;1.0;;;1.0;0.0;1.0;30.0;Bouches-du-Rhône;93;Provence-Alpes-Côte d'Azur
201900003722;138Â 299Â 526;A01;10.0;3;2.0;1.0;2006.0;5.0;0.0;;;1.0;3;1.0;;1.0;33.0;0.0;1.0;2.0;21.0;0.0;;21;12;2019;13:20;1.0;13;13216;2;1.0;1.0;6.0;LE PELLETIE (RUE);43,3625500;5,3189900;4;LE PELLETIE (RUE);0.0;;2.0;2;0.0;1.0;0;0;1.0;;;1.0;0.0;1.0;50.0;Bouches-du-Rhône;93;Provence-Alpes-Côte d'Azur
201900003722;138Â 299Â 526;A01;1.0;1;1.0;1.0;1982.0;5.0;2.0;0.0;;0.0;0;;;1.0;33.0;0.0;1.0;2.0;21.0;0.0;;21;12;2019;13:20;1.0;13;13216;2;1.0;1.0;6.0;LE PELLETIE (RUE);43,3625500;5,3189900;4;LE PELLETIE (RUE);0.0;;2.0;2;0.0;1.0;0;0;1.0;;;1.0;0.0;1.0;50.0;Bouches-du-Rhône;93;Provence-Alpes-Côte d'Azur
201900003723;138Â 299Â 524;B01;1.0;1;2.0;1.0;1982.0;1.0;2.0;6.0;;0.0;0;;;2.0;32.0;0.0;2.0;7.0;3.0;1.0;;21;12;2019;20:00;5.0;75;75113;2;4.0;2.0;3.0;BD PERIPHERIQUE EXTERIEUR;48,8248362;2,3846447;4;BD PERIPHERIQUE EXTERIEUR;0.0;;1.0;2;0.0;1.0;0;300;1.0;;;2.0;0.0;1.0;70.0;Paris;11;Île-de-France
201900003723;138Â 299Â 525;A01;1.0;1;1.0;2.0;1974.0;5.0;1.0;0.0;;0.0;0;;;2.0;7.0;0.0;2.0;8.0;11.0;1.0;;21;12;2019;20:00;5.0;75;75113;2;4.0;2.0;3.0;BD PERIPHERIQUE EXTERIEUR;48,8248362;2,3846447;4;BD PERIPHERIQUE EXTERIEUR;0.0;;1.0;2;0.0;1.0;0;300;1.0;;;2.0;0.0;1.0;70.0;Paris;11;Île-de-France
201900003724;138Â 299Â 522;A01;1.0;1;2.0;1.0;1995.0;0.0;2.0;6.0;;0.0;0;;;1.0;30.0;0.0;2.0;1.0;7.0;1.0;;22;12;2019;09:50;1.0;75;75119;2;3.0;2.0;2.0;AVENUE DE FLANDRE;48,8892890;2,3752730;4;AVENUE DE FLANDRE;2.0;;1.0;3;3.0;1.0;72;0;1.0;;;2.0;0.0;6.0;50.0;Paris;11;Île-de-France
201900003724;138Â 299Â 523;B01;1.0;1;2.0;1.0;1979.0;4.0;1.0;0.0;;0.0;0;;;1.0;7.0;0.0;2.0;6.0;23.0;1.0;;22;12;2019;09:50;1.0;75;75119;2;3.0;2.0;2.0;AVENUE DE FLANDRE;48,8892890;2,3752730;4;AVENUE DE FLANDRE;2.0;;1.0;3;3.0;1.0;72;0;1.0;;;2.0;0.0;6.0;50.0;Paris;11;Île-de-France
201900003725;138Â 299Â 521;A01;1.0;1;2.0;1.0;1958.0;5.0;1.0;0.0;;0.0;0;;;1.0;7.0;11.0;0.0;1.0;13.0;1.0;;22;12;2019;00:10;3.0;75;75113;2;2.0;2.0;6.0;PONT DE TOLBIAC;48,8322350;2,3797630;4;PONT DE TOLBIAC;0.0;;2.0;4;0.0;1.0;0;0;1.0;;;2.0;2.0;1.0;50.0;Paris;11;Île-de-France
201900003726;138Â 299Â 520;A01;1.0;1;2.0;1.0;1954.0;9.0;2.0;6.0;;0.0;0;;;1.0;30.0;0.0;0.0;1.0;1.0;1.0;;21;12;2019;21:00;5.0;75;75108;2;1.0;1.0;7.0;AVENUE FRANKLIN D ROOSEVELT;48,8676170;2,3100180;4;AVENUE FRANKLIN D ROOSEVELT;0.0;;2.0;2;;1.0;35;0;1.0;;;2.0;0.0;1.0;50.0;Paris;11;Île-de-France
201900003727;138Â 299Â 519;A01;10.0;3;2.0;1.0;2012.0;0.0;0.0;0.0;;2.0;3;2.0;;1.0;7.0;0.0;1.0;2.0;1.0;1.0;;22;12;2019;11:00;1.0;94;94076;2;1.0;1.0;6.0;EUGENE VARLIN (R);48,7940000;2,3630000;4;EUGENE VARLIN (R);0.0;;1.0;1;0.0;1.0;0;0;1.0;;;1.0;0.0;1.0;50.0;Val-de-Marne;11;Île-de-France
201900003727;138Â 299Â 519;A01;1.0;1;1.0;1.0;1985.0;5.0;1.0;8.0;;; -1;;;1.0;7.0;0.0;1.0;2.0;1.0;1.0;;22;12;2019;11:00;1.0;94;94076;2;1.0;1.0;6.0;EUGENE VARLIN (R);48,7940000;2,3630000;4;EUGENE VARLIN (R);0.0;;1.0;1;0.0;1.0;0;0;1.0;;;1.0;0.0;1.0;50.0;Val-de-Marne;11;Île-de-France
201900003728;138Â 299Â 514;A01;1.0;1;2.0;2.0;1955.0;0.0;1.0;5.0;;0.0;0;;;3.0;7.0;2.0;0.0;1.0;1.0;1.0;;3;12;2019;09:45;1.0;988;98818;2;1.0;1.0;6.0;AVENUE DU GOLF DE TINA; -22,2591900;166,4894000;4;AVENUE DU GOLF DE TINA;0.0;;1.0;1;0.0;1.0;0;0;2.0;;;1.0;5.0;1.0;30.0;;;
201900003729;138Â 299Â 513;A01;1.0;1;2.0;1.0;1985.0;4.0;2.0;0.0;;; -1;;;3.0;30.0;0.0;0.0;7.0;16.0;1.0;;21;11;2019;19:50;5.0;988;98818;2;3.0;1.0;7.0;RUE LE CARROUR/A. DALY; -22,2748700;166,4776300;4;362;0.0;;;2;0.0;3.0;1;0;3.0;;;1.0;0.0;1.0;50.0;;;
201900003730;138Â 299Â 511;A01;1.0;1;1.0;1.0;1992.0;1.0;8.0;0.0;;0.0;0;;;2.0;10.0;0.0;1.0;1.0;9.0;1.0;;23;10;2019;04:43;2.0;988;98818;2;1.0;1.0;6.0;HT NÂ° 101 ROUTE DE L'ANSE VATA; -22,2933200;166,4469200;9;ROUTE DE L'ANSE VATA;0.0;;1.0;1;0.0;4.0;0;0;1.0;;;1.0;9.0;1.0;5.0;;;
201900003730;138Â 299Â 511;A01;10.0;3;3.0;1.0;1976.0;9.0;8.0;0.0;;8.0;9;1.0;;2.0;10.0;0.0;1.0;1.0;9.0;1.0;;23;10;2019;04:43;2.0;988;98818;2;1.0;1.0;6.0;HT NÂ° 101 ROUTE DE L'ANSE VATA; -22,2933200;166,4469200;9;ROUTE DE L'ANSE VATA;0.0;;1.0;1;0.0;4.0;0;0;1.0;;;1.0;9.0;1.0;5.0;;;
201900003731;138Â 299Â 509;A01;1.0;1;2.0;1.0;2001.0;4.0;2.0;0.0;;;0;;;0.0;30.0;0.0;2.0;1.0;1.0;0.0;;13;10;2019;22:30;5.0;29;29019;2;6.0;2.0;7.0;ROND POINT Dun Laoghaire;48,4020500; -4,5024000;4;ROND POINT Dun Laoghaire;0.0;;2.0;2;0.0;1.0;0;0;3.0;;;1.0;0.0;1.0;50.0;Finistère;53;Bretagne
201900003732;138Â 299Â 508;A01;1.0;1;4.0;1.0;1948.0;5.0;1.0;;;0.0;0;;;3.0;7.0;6.0;0.0;8.0;1.0;1.0;;10;9;2019;16:20;1.0;29;29135;2;1.0;1.0;6.0;Rue du Dourdy;47,8394604; -4,1884995;4;;;;2.0;2;0.0;1.0;(1);(1);1.0;;;1.0;0.0;4.0;50.0;Finistère;53;Bretagne
201900003733;138Â 299Â 506;A01;1.0;1;2.0;1.0;1978.0;1.0;1.0;;;0.0;0;;;1.0;7.0;0.0;2.0;2.0;15.0;1.0;;11;7;2019;07:40;2.0;2A;2A139;1;2.0;1.0;3.0;T10;41,6663280;9,3080270;2;10;;;2.0;2;0.0;1.0;35;(1);1.0;;;1.0;5.0;1.0;80.0;Corse-du-Sud;94;Corse
201900003733;138Â 299Â 507;B01;1.0;1;2.0;1.0;1993.0;4.0;1.0;;;0.0;0;;;2.0;7.0;0.0;2.0;1.0;1.0;1.0;;11;7;2019;07:40;2.0;2A;2A139;1;2.0;1.0;3.0;T10;41,6663280;9,3080270;2;10;;;2.0;2;0.0;1.0;35;(1);1.0;;;1.0;5.0;1.0;80.0;Corse-du-Sud;94;Corse
201900003734;138Â 299Â 505;A01;2.0;2;1.0;1.0;1991.0;5.0;1.0;8.0;;;0;;;1.0;7.0;13.0;0.0;1.0;13.0;1.0;;30;12;2019;05:40;2.0;974;97416;1;1.0;2.0;7.0;RN02; -21,3430000;55,4963000;2;2;0.0;;2.0;2;0.0;1.0;10;0;1.0;;;2.0;0.0;;80.0;La Réunion;04;La Réunion
201900003734;138Â 299Â 505;A01;5.0;2;3.0;2.0;1992.0;5.0;8.0;8.0;;;0;;;1.0;7.0;13.0;0.0;1.0;13.0;1.0;;30;12;2019;05:40;2.0;974;97416;1;1.0;2.0;7.0;RN02; -21,3430000;55,4963000;2;2;0.0;;2.0;2;0.0;1.0;10;0;1.0;;;2.0;0.0;;80.0;La Réunion;04;La Réunion
201900003734;138Â 299Â 505;A01;5.0;2;1.0;1.0;1995.0;5.0;1.0;8.0;;;0;;;1.0;7.0;13.0;0.0;1.0;13.0;1.0;;30;12;2019;05:40;2.0;974;97416;1;1.0;2.0;7.0;RN02; -21,3430000;55,4963000;2;2;0.0;;2.0;2;0.0;1.0;10;0;1.0;;;2.0;0.0;;80.0;La Réunion;04;La Réunion
201900003734;138Â 299Â 505;A01;1.0;1;1.0;1.0;1982.0;5.0;1.0;8.0;;; -1;;;1.0;7.0;13.0;0.0;1.0;13.0;1.0;;30;12;2019;05:40;2.0;974;97416;1;1.0;2.0;7.0;RN02; -21,3430000;55,4963000;2;2;0.0;;2.0;2;0.0;1.0;10;0;1.0;;;2.0;0.0;;80.0;La Réunion;04;La Réunion
201900003735;138Â 299Â 503;A01;1.0;1;1.0;1.0;1966.0;0.0;1.0;8.0;;;0;;;1.0;7.0;0.0;9.0;2.0;26.0;1.0;;24;12;2019;08:20;1.0;974;97416;2;1.0;1.0;3.0;RECHERCHANT(RUE ADRIEN); -21,2831300;55,4759000;3;28;0.0;;2.0;2;0.0;1.0;0;0;1.0;;;1.0;0.0;;50.0;La Réunion;04;La Réunion
201900003735;138Â 299Â 504;B01;1.0;1;3.0;1.0;1998.0;1.0;8.0;0.0;;; -1;;;1.0;99.0;0.0;2.0;3.0;13.0;5.0;;24;12;2019;08:20;1.0;974;97416;2;1.0;1.0;3.0;RECHERCHANT(RUE ADRIEN); -21,2831300;55,4759000;3;28;0.0;;2.0;2;0.0;1.0;0;0;1.0;;;1.0;0.0;;50.0;La Réunion;04;La Réunion
201900003736;138Â 299Â 501;B01;1.0;1;2.0;1.0;1965.0;0.0;2.0;5.0;;;0;;;2.0;34.0;0.0;2.0;1.0;1.0;1.0;;31;12;2019;09:10;1.0;92;92033;2;1.0;1.0;3.0;BUZENVAL;48,8531000;2,2003500;3;180;0.0;;2.0;2;0.0;1.0;0;0;1.0;;;1.0;0.0;1.0;50.0;Hauts-de-Seine;11;Île-de-France
201900003736;138Â 299Â 502;A01;1.0;1;1.0;2.0;1991.0;1.0;1.0;0.0;;;0;;;1.0;7.0;0.0;0.0;2.0;15.0;1.0;;31;12;2019;09:10;1.0;92;92033;2;1.0;1.0;3.0;BUZENVAL;48,8531000;2,2003500;3;180;0.0;;2.0;2;0.0;1.0;0;0;1.0;;;1.0;0.0;1.0;50.0;Hauts-de-Seine;11;Île-de-France
201900003737;138Â 299Â 500;A01;1.0;1;1.0;2.0;1977.0;4.0;1.0;0.0;;;0;;;1.0;7.0;0.0;1.0;3.0;15.0;1.0;;30;12;2019;17:05;2.0;05;05061;2;3.0;1.0;7.0;PIC PONCON  ( CHEMIN DU );44,5528350;6,0548830;3;291;0.0;;2.0;2;0.0;1.0;0;518;1.0;;;1.0;0.0;1.0;50.0;Hautes-Alpes;93;Provence-Alpes-Côte d'Azur
201900003737;138Â 299Â 500;A01;10.0;3;2.0;2.0;2003.0;5.0;0.0;;;3.0;3;2.0;;1.0;7.0;0.0;1.0;3.0;15.0;1.0;;30;12;2019;17:05;2.0;05;05061;2;3.0;1.0;7.0;PIC PONCON  ( CHEMIN DU );44,5528350;6,0548830;3;291;0.0;;2.0;2;0.0;1.0;0;518;1.0;;;1.0;0.0;1.0;50.0;Hautes-Alpes;93;Provence-Alpes-Côte d'Azur
201900003737;138Â 299Â 500;A01;10.0;3;2.0;1.0;2002.0;5.0;0.0;;;3.0;3;2.0;;1.0;7.0;0.0;1.0;3.0;15.0;1.0;;30;12;2019;17:05;2.0;05;05061;2;3.0;1.0;7.0;PIC PONCON  ( CHEMIN DU );44,5528350;6,0548830;3;291;0.0;;2.0;2;0.0;1.0;0;518;1.0;;;1.0;0.0;1.0;50.0;Hautes-Alpes;93;Provence-Alpes-Côte d'Azur
201900003738;138Â 299Â 499;A01;1.0;1;2.0;1.0;1994.0;9.0;1.0;0.0;;0.0;0;;;1.0;7.0;4.0;2.0;1.0;13.0;1.0;;2;11;2019;00:40;5.0;75;75118;2;1.0;2.0;6.0;ECHANGEUR CHAPELLE;48,9003535;2,3591242;4;ECHANGEUR CHAPELLE;0.0;;1.0;2;0.0;3.0;0;0;2.0;;;2.0;0.0;1.0;50.0;Paris;11;Île-de-France
201900003738;138Â 299Â 499;A01;2.0;2;2.0;2.0;1994.0;0.0;1.0;0.0;;0.0;0;;;1.0;7.0;4.0;2.0;1.0;13.0;1.0;;2;11;2019;00:40;5.0;75;75118;2;1.0;2.0;6.0;ECHANGEUR CHAPELLE;48,9003535;2,3591242;4;ECHANGEUR CHAPELLE;0.0;;1.0;2;0.0;3.0;0;0;2.0;;;2.0;0.0;1.0;50.0;Paris;11;Île-de-France
201900003739;138Â 299Â 498;A01;10.0;3;2.0;2.0;2001.0;2.0;0.0;;;3.0;3;3.0;;1.0;7.0;0.0;1.0;7.0;1.0;1.0;;12;12;2019;17:45;5.0;61;61168;2;1.0;2.0;6.0;Faubourg d'Argentan;48,5935870; -0,3534620;3;916;;;2.0;2;0.0;2.0;52;580;1.0;;;2.0;0.0;1.0;50.0;Orne;28;Normandie
201900003739;138Â 299Â 498;A01;1.0;1;1.0;1.0;1962.0;5.0;1.0;;;0.0;0;;;1.0;7.0;0.0;1.0;7.0;1.0;1.0;;12;12;2019;17:45;5.0;61;61168;2;1.0;2.0;6.0;Faubourg d'Argentan;48,5935870; -0,3534620;3;916;;;2.0;2;0.0;2.0;52;580;1.0;;;2.0;0.0;1.0;50.0;Orne;28;Normandie
201900003740;138Â 299Â 497;A01;1.0;1;1.0;2.0;1995.0;0.0;1.0;0.0;;; -1;;;1.0;7.0;0.0;1.0;1.0;1.0;1.0;;1;6;2019;17:20;1.0;93;93072;2;1.0;1.0;6.0;SAINT-EXUPERY (ALLEE);48,9700000;2,3700000;4;SAINT-EXUPERY (ALLEE);0.0;;;2;0.0;1.0;0;0;1.0;;;1.0;0.0;1.0;50.0;Seine-Saint-Denis;11;Île-de-France
201900003740;138Â 299Â 497;A01;10.0;3;2.0;1.0;1968.0;0.0;0.0;;;1.0;1;1.0;;1.0;7.0;0.0;1.0;1.0;1.0;1.0;;1;6;2019;17:20;1.0;93;93072;2;1.0;1.0;6.0;SAINT-EXUPERY (ALLEE);48,9700000;2,3700000;4;SAINT-EXUPERY (ALLEE);0.0;;;2;0.0;1.0;0;0;1.0;;;1.0;0.0;1.0;50.0;Seine-Saint-Denis;11;Île-de-France
201900003741;138Â 299Â 495;B01;1.0;1;1.0;1.0;1994.0;0.0;1.0;0.0;;; -1;;;3.0;7.0;0.0;2.0;0.0;26.0;0.0;;21;11;2019;01:20;5.0;92;92036;2;9.0;1.0;6.0;BAS (RUE DES) (78   +);48,9190900;2,2902200;3;19;0.0;;2.0;0;0.0;1.0;0;0;1.0;;;1.0;9.0;1.0;50.0;Hauts-de-Seine;11;Île-de-France
201900003741;138Â 299Â 496;A01;1.0;1;1.0;2.0;1994.0;0.0;1.0;0.0;;; -1;;;3.0;7.0;0.0;2.0;0.0;26.0;6.0;;21;11;2019;01:20;5.0;92;92036;2;9.0;1.0;6.0;BAS (RUE DES) (78   +);48,9190900;2,2902200;3;19;0.0;;2.0;0;0.0;1.0;0;0;1.0;;;1.0;9.0;1.0;50.0;Hauts-de-Seine;11;Île-de-France
201900003741;138Â 299Â 496;A01;2.0;2;2.0;2.0;1988.0;0.0;1.0;0.0;;; -1;;;3.0;7.0;0.0;2.0;0.0;26.0;6.0;;21;11;2019;01:20;5.0;92;92036;2;9.0;1.0;6.0;BAS (RUE DES) (78   +);48,9190900;2,2902200;3;19;0.0;;2.0;0;0.0;1.0;0;0;1.0;;;1.0;9.0;1.0;50.0;Hauts-de-Seine;11;Île-de-France
201900003742;138Â 299Â 488;A01;1.0;1;3.0;1.0;1992.0;5.0;;;;0.0;0;;;2.0;7.0;13.0;0.0;1.0;13.0;1.0;;29;1;2019;03:00;3.0;73;73214;1;1.0;1.0;6.0;D35 Rochefort;45,5722552;5,7103534;3;35;;;2.0;2;0.0;2.0;4;50;3.0;;;1.0;0.0;8.0;80.0;Savoie;84;Auvergne-Rhône-Alpes
201900003743;138Â 299Â 486;A01;1.0;1;1.0;1.0;1960.0;1.0;;;;0.0;0;;;1.0;7.0;0.0;2.0;7.0;1.0;;;27;3;2019;18:00;2.0;69;69254;1;4.0;1.0;3.0;intersection D313, D54;45,9677900;4,4182900;3;313;;;2.0;;;1.0;17;900;1.0;;;;0.0;1.0;;Rhône;84;Auvergne-Rhône-Alpes
201900003743;138Â 299Â 487;B01;1.0;1;2.0;1.0;2003.0;5.0;;;;; -1;;;2.0;30.0;0.0;2.0;8.0;15.0;1.0;;27;3;2019;18:00;2.0;69;69254;1;4.0;1.0;3.0;intersection D313, D54;45,9677900;4,4182900;3;313;;;2.0;;;1.0;17;900;1.0;;;;0.0;1.0;;Rhône;84;Auvergne-Rhône-Alpes
201900003744;138Â 299Â 485;A01;1.0;1;1.0;1.0;1994.0;5.0;1.0;0.0;;; -1;;;1.0;7.0;0.0;1.0;0.0;26.0;1.0;;28;12;2019;00:05;5.0;84;84035;2;1.0;9.0;6.0;LIBERATION (AVENUE DE LA);43,8436800;5,0385000;4;LIBERATION (AVENUE DE LA);0.0;;2.0;0;0.0;1.0;0;0;1.0;;;1.0;0.0;1.0;50.0;Vaucluse;93;Provence-Alpes-Côte d'Azur
201900003744;138Â 299Â 485;A01;10.0;3;4.0;1.0;1975.0;5.0;0.0;;;3.0;3;1.0;;1.0;7.0;0.0;1.0;0.0;26.0;1.0;;28;12;2019;00:05;5.0;84;84035;2;1.0;9.0;6.0;LIBERATION (AVENUE DE LA);43,8436800;5,0385000;4;LIBERATION (AVENUE DE LA);0.0;;2.0;0;0.0;1.0;0;0;1.0;;;1.0;0.0;1.0;50.0;Vaucluse;93;Provence-Alpes-Côte d'Azur