Num_Acc;id_vehicule;num_veh;place;catu;grav;sexe;an_nais;trajet;secu1;secu2;secu3;locp;actp;etatp;id_usager;senc;catv;obs;obsm;choc;manv;motor;occutc;jour;mois;an;hrmn;lum;dep;com;agg;int;atm;col;adr;lat;long;catr;voie;v1;v2;circ;nbv;vosp;prof;pr;pr1;plan;lartpc;larrout;surf;infra;situ;vma;nom_departement;reg;nom_region
201900003745;138Â 299Â 482;A01;1.0;1;1.0;1.0;1982.0;0.0;1.0;0.0;;; -1;;;1.0;7.0;0.0;2.0;4.0;0.0;0.0;;27;12;2019;18:20;3.0;77;77186;1;6.0;1.0;4.0;D606 X D138;48,4746274;2,6788755;3;606;0.0;;2.0;2;0.0;2.0;22;10;3.0;;;1.0;5.0;1.0;70.0;Seine-et-Marne;11;Île-de-France
201900003745;138Â 299Â 483;B01;1.0;1;2.0;2.0;1960.0;9.0;1.0;0.0;;; -1;;;1.0;7.0;0.0;2.0;1.0;0.0;1.0;;27;12;2019;18:20;3.0;77;77186;1;6.0;1.0;4.0;D606 X D138;48,4746274;2,6788755;3;606;0.0;;2.0;2;0.0;2.0;22;10;3.0;;;1.0;5.0;1.0;70.0;Seine-et-Marne;11;Île-de-France
201900003745;138Â 299Â 484;C01;1.0;1;1.0;2.0;1981.0;9.0;1.0;0.0;;; -1;;;1.0;7.0;0.0;2.0;1.0;2.0;0.0;;27;12;2019;18:20;3.0;77;77186;1;6.0;1.0;4.0;D606 X D138;48,4746274;2,6788755;3;606;0.0;;2.0;2;0.0;2.0;22;10;3.0;;;1.0;5.0;1.0;70.0;Seine-et-Marne;11;Île-de-France
201900003746;138Â 299Â 481;A01;2.0;1;2.0;1.0;1991.0;5.0;1.0;5.0;;0.0;0;;;2.0;20.0;16.0;0.0;1.0;13.0;1.0;;29;12;2019;16:00;1.0;77;77278;1;3.0;1.0;7.0;D111;48,7869800;3,1341600;3;111;0.0;;2.0;2;0.0;1.0;0;30;3.0;;;1.0;5.0;1.0;80.0;Seine-et-Marne;11;Île-de-France
201900003747;138Â 299Â 479;A01;1.0;1;1.0;1.0;1963.0;9.0;1.0;8.0;;; -1;;;3.0;10.0;0.0;2.0;2.0;21.0;1.0;;20;12;2019;12:00;1.0;62;62160;2;6.0;1.0;2.0;COMTE (Bd Auguste);50,7182300;1,6124700;4;COMTE (Bd Auguste);0.0;;3.0;2;0.0;1.0;1;100;1.0;;;1.0;0.0;1.0;50.0;Pas-de-Calais;32;Hauts-de-France
201900003747;138Â 299Â 479;A01;10.0;3;3.0;1.0;1961.0;9.0;0.0;;;3.0;1;1.0;;3.0;10.0;0.0;2.0;2.0;21.0;1.0;;20;12;2019;12:00;1.0;62;62160;2;6.0;1.0;2.0;COMTE (Bd Auguste);50,7182300;1,6124700;4;COMTE (Bd Auguste);0.0;;3.0;2;0.0;1.0;1;100;1.0;;;1.0;0.0;1.0;50.0;Pas-de-Calais;32;Hauts-de-France
201900003747;138Â 299Â 480;B01;1.0;1;1.0;2.0;1976.0;0.0;1.0;0.0;;; -1;;;3.0;10.0;0.0;1.0;6.0;23.0;1.0;;20;12;2019;12:00;1.0;62;62160;2;6.0;1.0;2.0;COMTE (Bd Auguste);50,7182300;1,6124700;4;COMTE (Bd Auguste);0.0;;3.0;2;0.0;1.0;1;100;1.0;;;1.0;0.0;1.0;50.0;Pas-de-Calais;32;Hauts-de-France
201900003748;138Â 299Â 478;A01;2.0;2;4.0;2.0;1971.0;5.0;1.0;;;0.0;0;;;1.0;7.0;2.0;0.0;2.0;6.0;1.0;;5;12;2019;22:45;3.0;68;68375;1;1.0;9.0;7.0;Wittelsheim;47,7735170;7,2217260;2;66;;;2.0;4;0.0;1.0;32;250;2.0;;;7.0;0.0;3.0;110.0;Haut-Rhin;44;Grand Est
201900003748;138Â 299Â 478;A01;1.0;1;3.0;1.0;1979.0;5.0;1.0;;;0.0;0;;;1.0;7.0;2.0;0.0;2.0;6.0;1.0;;5;12;2019;22:45;3.0;68;68375;1;1.0;9.0;7.0;Wittelsheim;47,7735170;7,2217260;2;66;;;2.0;4;0.0;1.0;32;250;2.0;;;7.0;0.0;3.0;110.0;Haut-Rhin;44;Grand Est
201900003749;138Â 299Â 477;A01;10.0;3;2.0;2.0;1994.0;0.0;0.0;;;9.0;B;1.0;;3.0;7.0;0.0;1.0;1.0;16.0;1.0;;22;12;2019;19:00;5.0;69;69388;2;9.0;2.0;6.0;VIENNE (DE)                         (RO);45,7323800;4,8535100;4;VIENNE (DE)                         (RO);0.0;;2.0;0;0.0;1.0;0;0;3.0;;;2.0;6.0;;50.0;Rhône;84;Auvergne-Rhône-Alpes
201900003749;138Â 299Â 477;A01;1.0;1;1.0;1.0;1962.0;5.0;1.0;0.0;;; -1;;;3.0;7.0;0.0;1.0;1.0;16.0;1.0;;22;12;2019;19:00;5.0;69;69388;2;9.0;2.0;6.0;VIENNE (DE)                         (RO);45,7323800;4,8535100;4;VIENNE (DE)                         (RO);0.0;;2.0;0;0.0;1.0;0;0;3.0;;;2.0;6.0;;50.0;Rhône;84;Auvergne-Rhône-Alpes
201900003750;138Â 299Â 476;A01;10.0;3;2.0;2.0;1933.0;0.0;8.0;8.0;;1.0;2;1.0;;1.0;7.0;0.0;1.0;0.0;0.0;0.0;;22;12;2019;10:00;1.0;69;69259;2;1.0;1.0;6.0;JACQUES DUCLOS                      (AV);45,6972100;4,8899000;4;JACQUES DUCLOS                      (AV);0.0;;2.0;2;1.0;1.0;0;0;1.0;;;1.0;0.0;5.0;50.0;Rhône;84;Auvergne-Rhône-Alpes
201900003751;138Â 299Â 474;B01;1.0;1;2.0;1.0;1992.0;0.0;1.0;0.0;;; -1;;;1.0;7.0;0.0;2.0;2.0;9.0;1.0;;22;12;2019;03:40;5.0;69;69387;2;2.0;1.0;3.0;JULES CARTERET                      (BD);45,7258400;4,8405400;7;JULES CARTERET                      (BD);0.0;;2.0;2;0.0;1.0;0;0;1.0;;;1.0;0.0;1.0;50.0;Rhône;84;Auvergne-Rhône-Alpes
201900003751;138Â 299Â 475;A01;1.0;1;1.0;1.0;1900.0;0.0;8.0;0.0;;; -1;;;2.0;7.0;0.0;2.0;3.0;1.0;1.0;;22;12;2019;03:40;5.0;69;69387;2;2.0;1.0;3.0;JULES CARTERET                      (BD);45,7258400;4,8405400;7;JULES CARTERET                      (BD);0.0;;2.0;2;0.0;1.0;0;0;1.0;;;1.0;0.0;1.0;50.0;Rhône;84;Auvergne-Rhône-Alpes
201900003752;138Â 299Â 472;A01;1.0;1;1.0;1.0;1989.0;5.0;8.0;0.0;;0.0;0;;;2.0;7.0;0.0;2.0;1.0;15.0;1.0;;29;12;2019;12:55;1.0;91;91201;2;3.0;1.0;3.0;HENRI BARBUSSE(BOULEVARD);48,6755200;2,4073900;4;HENRI BARBUSSE(BOULEVARD);0.0;;2.0;2;0.0;1.0;0;1;1.0;;;1.0;0.0;1.0;50.0;Essonne;11;Île-de-France
201900003752;138Â 299Â 472;A01;2.0;2;1.0;1.0;1994.0;5.0;8.0;0.0;;0.0;0;;;2.0;7.0;0.0;2.0;1.0;15.0;1.0;;29;12;2019;12:55;1.0;91;91201;2;3.0;1.0;3.0;HENRI BARBUSSE(BOULEVARD);48,6755200;2,4073900;4;HENRI BARBUSSE(BOULEVARD);0.0;;2.0;2;0.0;1.0;0;1;1.0;;;1.0;0.0;1.0;50.0;Essonne;11;Île-de-France
201900003752;138Â 299Â 473;B01;2.0;2;1.0;2.0;1970.0;5.0;8.0;0.0;;0.0;0;;;1.0;7.0;0.0;2.0;3.0;1.0;1.0;;29;12;2019;12:55;1.0;91;91201;2;3.0;1.0;3.0;HENRI BARBUSSE(BOULEVARD);48,6755200;2,4073900;4;HENRI BARBUSSE(BOULEVARD);0.0;;2.0;2;0.0;1.0;0;1;1.0;;;1.0;0.0;1.0;50.0;Essonne;11;Île-de-France
201900003752;138Â 299Â 473;B01;1.0;1;2.0;2.0;2000.0;5.0;8.0;0.0;;0.0;0;;;1.0;7.0;0.0;2.0;3.0;1.0;1.0;;29;12;2019;12:55;1.0;91;91201;2;3.0;1.0;3.0;HENRI BARBUSSE(BOULEVARD);48,6755200;2,4073900;4;HENRI BARBUSSE(BOULEVARD);0.0;;2.0;2;0.0;1.0;0;1;1.0;;;1.0;0.0;1.0;50.0;Essonne;11;Île-de-France
201900003753;138Â 299Â 471;A01;10.0;3;2.0;1.0;1964.0;5.0;0.0;;;6.0;A;1.0;;2.0;7.0;1.0;1.0;4.0;4.0;1.0;;19;12;2019;19:23;2.0;87;87085;2;1.0;1.0;6.0;CLAIRETTES (IMPASSE ET RUE DES);45,8291100;1,2549600;4;CLAIRETTES (IMPASSE ET RUE DES);0.0;;1.0;1;0.0;2.0;0;0;1.0;;;1.0;0.0;1.0;50.0;Haute-Vienne;75;Nouvelle-Aquitaine
201900003754;138Â 299Â 470;A01;1.0;1;2.0;1.0;1998.0;5.0;1.0;0.0;;; -1;;;3.0;7.0;2.0;0.0;1.0;0.0;1.0;;22;12;2019;03:40;5.0;69;69029;2;1.0;1.0;6.0;GEORGES CLEMENCEAU                  (R );45,7515600;4,8997700;9;GEORGES CLEMENCEAU                  (R );0.0;;;0;0.0;1.0;0;0;1.0;;;2.0;9.0;;50.0;Rhône;84;Auvergne-Rhône-Alpes
201900003754;138Â 299Â 470;A01;2.0;2;2.0;2.0;2000.0;5.0;1.0;0.0;;; -1;;;3.0;7.0;2.0;0.0;1.0;0.0;1.0;;22;12;2019;03:40;5.0;69;69029;2;1.0;1.0;6.0;GEORGES CLEMENCEAU                  (R );45,7515600;4,8997700;9;GEORGES CLEMENCEAU                  (R );0.0;;;0;0.0;1.0;0;0;1.0;;;2.0;9.0;;50.0;Rhône;84;Auvergne-Rhône-Alpes
201900003755;138Â 299Â 468;A01;1.0;1;1.0;1.0;1965.0;5.0;1.0;0.0;;; -1;;;1.0;7.0;1.0;0.0;3.0;13.0;1.0;;20;12;2019;19:20;5.0;69;69275;2;1.0;8.0;1.0;CLAUDE MONET                        (R );45,7922600;4,9658000;4;CLAUDE MONET                        (R );0.0;;2.0;2;0.0;1.0;0;0;1.0;;;2.0;0.0;1.0;50.0;Rhône;84;Auvergne-Rhône-Alpes
201900003755;138Â 299Â 469;B01;1.0;1;1.0;1.0;1986.0;5.0;1.0;0.0;;; -1;;;2.0;7.0;0.0;2.0;3.0;24.0;1.0;;20;12;2019;19:20;5.0;69;69275;2;1.0;8.0;1.0;CLAUDE MONET                        (R );45,7922600;4,9658000;4;CLAUDE MONET                        (R );0.0;;2.0;2;0.0;1.0;0;0;1.0;;;2.0;0.0;1.0;50.0;Rhône;84;Auvergne-Rhône-Alpes
201900003755;138Â 299Â 469;B01;3.0;2;2.0;1.0;2015.0;5.0;1.0;0.0;;; -1;;;2.0;7.0;0.0;2.0;3.0;24.0;1.0;;20;12;2019;19:20;5.0;69;69275;2;1.0;8.0;1.0;CLAUDE MONET                        (R );45,7922600;4,9658000;4;CLAUDE MONET                        (R );0.0;;2.0;2;0.0;1.0;0;0;1.0;;;2.0;0.0;1.0;50.0;Rhône;84;Auvergne-Rhône-Alpes
201900003756;138Â 299Â 467;A01;1.0;1;4.0;1.0;2000.0;5.0;2.0;6.0;;0.0;0;;;2.0;31.0;3.0;0.0;0.0;3.0;1.0;;22;12;2019;05:50;5.0;68;68066;2;1.0;2.0;7.0;STRASBOURG (ROUTE DE);48,1006440;7,3620980;3;83;0.0;;1.0;2;0.0;1.0;1;0;1.0;;;2.0;0.0;1.0;50.0;Haut-Rhin;44;Grand Est
201900003757;138Â 299Â 466;A01;10.0;3;2.0;2.0;1948.0;3.0;8.0;8.0;;3.0;3;2.0;;3.0;7.0;0.0;1.0;1.0;15.0;1.0;;16;12;2019;16:25;5.0;35;35115;2;9.0;2.0;6.0;GROSLAY (BD DE DU NÂ°25 AU 43);48,3473580; -1,1811040;6;GROSLAY (BD DE DU NÂ°25 AU 43);0.0;;;;0.0;1.0;0;0;1.0;;;2.0;9.0;1.0;50.0;Ille-et-Vilaine;53;Bretagne
201900003757;138Â 299Â 466;A01;1.0;1;1.0;1.0;2000.0;3.0;1.0;0.0;;0.0;0;;;3.0;7.0;0.0;1.0;1.0;15.0;1.0;;16;12;2019;16:25;5.0;35;35115;2;9.0;2.0;6.0;GROSLAY (BD DE DU NÂ°25 AU 43);48,3473580; -1,1811040;6;GROSLAY (BD DE DU NÂ°25 AU 43);0.0;;;;0.0;1.0;0;0;1.0;;;2.0;9.0;1.0;50.0;Ille-et-Vilaine;53;Bretagne
201900003757;138Â 299Â 466;A01;10.0;3;3.0;1.0;1941.0;3.0;0.0;;;3.0;3;2.0;;3.0;7.0;0.0;1.0;1.0;15.0;1.0;;16;12;2019;16:25;5.0;35;35115;2;9.0;2.0;6.0;GROSLAY (BD DE DU NÂ°25 AU 43);48,3473580; -1,1811040;6;GROSLAY (BD DE DU NÂ°25 AU 43);0.0;;;;0.0;1.0;0;0;1.0;;;2.0;9.0;1.0;50.0;Ille-et-Vilaine;53;Bretagne
201900003758;138Â 299Â 464;A01;1.0;1;3.0;1.0;1978.0;1.0;2.0;6.0;;; -1;;;2.0;2.0;0.0;2.0;1.0;1.0;1.0;;20;11;2019;13:15;1.0;16;16102;2;1.0;1.0;3.0;JAURES (RUE JEAN);45,6907600; -0,3196900;4;JAURES (RUE JEAN);0.0;;2.0;2;0.0;1.0;0;0;1.0;;;1.0;0.0;1.0;50.0;Charente;75;Nouvelle-Aquitaine
201900003758;138Â 299Â 465;B01;1.0;1;1.0;1.0;1978.0;4.0;1.0;0.0;;; -1;;;1.0;10.0;0.0;2.0;7.0;13.0;1.0;;20;11;2019;13:15;1.0;16;16102;2;1.0;1.0;3.0;JAURES (RUE JEAN);45,6907600; -0,3196900;4;JAURES (RUE JEAN);0.0;;2.0;2;0.0;1.0;0;0;1.0;;;1.0;0.0;1.0;50.0;Charente;75;Nouvelle-Aquitaine
201900003759;138Â 299Â 461;A01;1.0;1;2.0;1.0;1998.0;5.0;;;;0.0;0;;;1.0;7.0;13.0;0.0;9.0;1.0;1.0;;1;12;2019;11:30;1.0;61;61082;1;1.0;1.0;6.0;D8;48,6015580;0,3175240;3;8;;;2.0;2;;1.0;7;580;4.0;;;1.0;0.0;3.0;80.0;Orne;28;Normandie
201900003760;138Â 299Â 460;A01;1.0;1;2.0;1.0;1943.0;3.0;1.0;8.0;;0.0;0;;;1.0;7.0;8.0;0.0;3.0;14.0;1.0;;24;12;2019;10:30;1.0;64;64024;2;1.0;1.0;7.0;BAB (Boulevard);43,4905212; -1,5338340;4;BAB (Boulevard);0.0;;;4;0.0;1.0;0;0;1.0;;;1.0;0.0;1.0;50.0;Pyrénées-Atlantiques;75;Nouvelle-Aquitaine
201900003761;138Â 299Â 459;A01;10.0;3;3.0;2.0;1933.0;5.0;0.0;;;2.0;3;1.0;;1.0;7.0;0.0;1.0;1.0;1.0;1.0;;24;12;2019;10:00;1.0;44;44190;2;1.0;1.0;6.0;RUE DE LA COMMUNE DE 1871;47,2037000; -1,5037100;4;;0.0;;2.0;0;0.0;1.0;0;0;1.0;;;2.0;0.0;1.0;50.0;Loire-Atlantique;52;Pays de la Loire
201900003761;138Â 299Â 459;A01;1.0;1;1.0;2.0;1934.0;5.0;1.0;0.0;;0.0;0;;;1.0;7.0;0.0;1.0;1.0;1.0;1.0;;24;12;2019;10:00;1.0;44;44190;2;1.0;1.0;6.0;RUE DE LA COMMUNE DE 1871;47,2037000; -1,5037100;4;;0.0;;2.0;0;0.0;1.0;0;0;1.0;;;2.0;0.0;1.0;50.0;Loire-Atlantique;52;Pays de la Loire
201900003762;138Â 299Â 458;A01;10.0;3;2.0;2.0;1962.0;5.0;0.0;;;2.0;3;1.0;;0.0;10.0;0.0;1.0;2.0;26.0;1.0;;21;12;2019;17:45;5.0;41;41269;2;9.0;2.0;6.0;THOMAS (RUE ALBERT);47,8004900;1,0473400;4;THOMAS (RUE ALBERT);0.0;;2.0;2;0.0;1.0;0;0;3.0;;;2.0;0.0;1.0;50.0;Loir-et-Cher;24;Centre-Val de Loire
201900003762;138Â 299Â 458;A01;1.0;1;1.0;1.0;1966.0;5.0;1.0;0.0;;; -1;;;0.0;10.0;0.0;1.0;2.0;26.0;1.0;;21;12;2019;17:45;5.0;41;41269;2;9.0;2.0;6.0;THOMAS (RUE ALBERT);47,8004900;1,0473400;4;THOMAS (RUE ALBERT);0.0;;2.0;2;0.0;1.0;0;0;3.0;;;2.0;0.0;1.0;50.0;Loir-et-Cher;24;Centre-Val de Loire
201900003763;138Â 299Â 457;A01;1.0;1;3.0;1.0;1999.0;9.0;2.0;6.0;;; -1;;;0.0;30.0;6.0;0.0;1.0;26.0;1.0;;27;12;2019;21:45;5.0;35;35238;2;1.0;1.0;6.0;COLOMBES (PLACE DES);48,1045000; -1,6825000;9;COLOMBES (PLACE DES);0.0;;;0;3.0;1.0;0;0;1.0;;;1.0;6.0;1.0;10.0;Ille-et-Vilaine;53;Bretagne
201900003764;138Â 299Â 456;A01;1.0;1;2.0;1.0;1958.0;0.0;1.0;8.0;;; -1;;;1.0;7.0;13.0;0.0;3.0;21.0;1.0;;21;12;2019;09:42;1.0;29;29232;1;9.0;1.0;7.0;LE GUENNEC LOUIS BOULEVARD;47,9839700; -4,1124300;3;34;0.0;;1.0;1;0.0;2.0;1;900;3.0;;;2.0;3.0;1.0;70.0;Finistère;53;Bretagne
201900003765;138Â 299Â 455;A01;10.0;3;1.0;2.0;1979.0;3.0;0.0;;;3.0;3;2.0;;1.0;7.0;0.0;1.0;3.0;1.0;1.0;;21;12;2019;18:42;5.0;29;29232;2;9.0;2.0;6.0;POHER RUE DU;47,9824155; -4,1067740;4;POHER RUE DU;0.0;;3.0;2;0.0;2.0;0;0;1.0;;;2.0;9.0;1.0;50.0;Finistère;53;Bretagne
201900003765;138Â 299Â 455;A01;10.0;3;2.0;1.0;2018.0;5.0;0.0;;;3.0;3;2.0;;1.0;7.0;0.0;1.0;3.0;1.0;1.0;;21;12;2019;18:42;5.0;29;29232;2;9.0;2.0;6.0;POHER RUE DU;47,9824155; -4,1067740;4;POHER RUE DU;0.0;;3.0;2;0.0;2.0;0;0;1.0;;;2.0;9.0;1.0;50.0;Finistère;53;Bretagne
201900003765;138Â 299Â 455;A01;1.0;1;1.0;1.0;1940.0;5.0;1.0;0.0;;0.0;0;;;1.0;7.0;0.0;1.0;3.0;1.0;1.0;;21;12;2019;18:42;5.0;29;29232;2;9.0;2.0;6.0;POHER RUE DU;47,9824155; -4,1067740;4;POHER RUE DU;0.0;;3.0;2;0.0;2.0;0;0;1.0;;;2.0;9.0;1.0;50.0;Finistère;53;Bretagne
201900003766;138Â 299Â 453;A01;1.0;1;2.0;1.0;1982.0;1.0;2.0;6.0;;0.0;0;;;1.0;34.0;0.0;2.0;4.0;2.0;1.0;;15;10;2019;17:40;1.0;75;75110;2;2.0;1.0;6.0;RUE DE LA FIDELITE;48,8743660;2,3553900;4;RUE DE LA FIDELITE;0.0;;2.0;2;0.0;1.0;0;0;1.0;;;1.0;0.0;1.0;30.0;Paris;11;Île-de-France
201900003767;138Â 299Â 448;B01;1.0;1;1.0;1.0;1993.0;5.0;1.0;0.0;;; -1;;;3.0;7.0;14.0;2.0;3.0;19.0;1.0;;22;12;2019;00:15;5.0;93;93078;2;2.0;2.0;3.0;GUYNEMER (AVENUE);48,9508600;2,5558100;7;ROUX (RUE DU DOCTEUR);0.0;;2.0;2;0.0;1.0;1;0;1.0;;;2.0;0.0;1.0;50.0;Seine-Saint-Denis;11;Île-de-France
201900003767;138Â 299Â 448;B01;2.0;2;2.0;2.0;1994.0;5.0;1.0;0.0;;; -1;;;3.0;7.0;14.0;2.0;3.0;19.0;1.0;;22;12;2019;00:15;5.0;93;93078;2;2.0;2.0;3.0;GUYNEMER (AVENUE);48,9508600;2,5558100;7;ROUX (RUE DU DOCTEUR);0.0;;2.0;2;0.0;1.0;1;0;1.0;;;2.0;0.0;1.0;50.0;Seine-Saint-Denis;11;Île-de-France
201900003767;138Â 299Â 449;A01;1.0;1;1.0;2.0;1993.0;5.0;1.0;0.0;;; -1;;;3.0;7.0;0.0;2.0;2.0;1.0;1.0;;22;12;2019;00:15;5.0;93;93078;2;2.0;2.0;3.0;GUYNEMER (AVENUE);48,9508600;2,5558100;7;ROUX (RUE DU DOCTEUR);0.0;;2.0;2;0.0;1.0;1;0;1.0;;;2.0;0.0;1.0;50.0;Seine-Saint-Denis;11;Île-de-France
201900003768;138Â 299Â 445;C01;1.0;1;1.0;1.0;1994.0;5.0;1.0;0.0;;; -1;;;1.0;7.0;0.0;2.0;2.0;16.0;1.0;;29;9;2019;12:00;1.0;93;93078;2;1.0;2.0;5.0;NATIONS (AVENUE DES);48,9692000;2,5022000;4;NATIONS (AVENUE DES);0.0;;1.0;1;0.0;1.0;0;0;1.0;;;2.0;9.0;1.0;50.0;Seine-Saint-Denis;11;Île-de-France
201900003768;138Â 299Â 446;B01;2.0;2;3.0;1.0;1976.0;5.0;1.0;0.0;;; -1;;;1.0;7.0;0.0;2.0;1.0;26.0;1.0;;29;9;2019;12:00;1.0;93;93078;2;1.0;2.0;5.0;NATIONS (AVENUE DES);48,9692000;2,5022000;4;NATIONS (AVENUE DES);0.0;;1.0;1;0.0;1.0;0;0;1.0;;;2.0;9.0;1.0;50.0;Seine-Saint-Denis;11;Île-de-France
201900003768;138Â 299Â 446;B01;1.0;1;2.0;1.0;1982.0;5.0;1.0;0.0;;; -1;;;1.0;7.0;0.0;2.0;1.0;26.0;1.0;;29;9;2019;12:00;1.0;93;93078;2;1.0;2.0;5.0;NATIONS (AVENUE DES);48,9692000;2,5022000;4;NATIONS (AVENUE DES);0.0;;1.0;1;0.0;1.0;0;0;1.0;;;2.0;9.0;1.0;50.0;Seine-Saint-Denis;11;Île-de-France
201900003768;138Â 299Â 447;A01;1.0;1;3.0;1.0;1996.0;9.0;1.0;0.0;;; -1;;;1.0;20.0;0.0;2.0;1.0;26.0;1.0;;29;9;2019;12:00;1.0;93;93078;2;1.0;2.0;5.0;NATIONS (AVENUE DES);48,9692000;2,5022000;4;NATIONS (AVENUE DES);0.0;;1.0;1;0.0;1.0;0;0;1.0;;;2.0;9.0;1.0;50.0;Seine-Saint-Denis;11;Île-de-France
201900003769;138Â 299Â 444;A01;3.0;2;1.0;2.0;1976.0;1.0;1.0;0.0;;; -1;;;1.0;7.0;0.0;1.0;2.0;9.0;1.0;;6;11;2019;11:20;1.0;93;93053;2;2.0;1.0;6.0;JEAN JAURES (RUE);48,8924456;2,4558198;3;117;0.0;;1.0;1;0.0;1.0;0;0;1.0;;;1.0;0.0;1.0;30.0;Seine-Saint-Denis;11;Île-de-France
201900003769;138Â 299Â 444;A01;10.0;3;2.0;2.0;1953.0;1.0;0.0;;;4.0;3;1.0;;1.0;7.0;0.0;1.0;2.0;9.0;1.0;;6;11;2019;11:20;1.0;93;93053;2;2.0;1.0;6.0;JEAN JAURES (RUE);48,8924456;2,4558198;3;117;0.0;;1.0;1;0.0;1.0;0;0;1.0;;;1.0;0.0;1.0;30.0;Seine-Saint-Denis;11;Île-de-France
201900003769;138Â 299Â 444;A01;1.0;1;1.0;1.0;1984.0;0.0;8.0;0.0;;; -1;;;1.0;7.0;0.0;1.0;2.0;9.0;1.0;;6;11;2019;11:20;1.0;93;93053;2;2.0;1.0;6.0;JEAN JAURES (RUE);48,8924456;2,4558198;3;117;0.0;;1.0;1;0.0;1.0;0;0;1.0;;;1.0;0.0;1.0;30.0;Seine-Saint-Denis;11;Île-de-France
201900003770;138Â 299Â 443;A01;10.0;3;2.0;2.0;1981.0;0.0;0.0;;;0.0;3;1.0;;0.0;99.0;0.0;0.0;0.0;0.0;0.0;;1;3;2019;15:05;1.0;93;93010;1;9.0;1.0;6.0;GALLIENI (AV.) DE 1 A 109;48,9068283;2,4866988;3;933;0.0;;1.0;2;0.0;1.0;0;0;1.0;;;1.0;2.0;1.0;50.0;Seine-Saint-Denis;11;Île-de-France
201900003771;138Â 299Â 441;B01;1.0;1;3.0;1.0;1995.0;0.0;1.0;8.0;;;0;;;1.0;10.0;0.0;2.0;1.0;1.0;1.0;;21;12;2019;01:30;3.0;91;91661;1;1.0;1.0;1.0;RD 188 CHEVREUSE;48,6966720;2,2155110;3;188;0.0;;2.0;2;0.0;1.0;6;300;1.0;;;1.0;0.0;1.0;70.0;Essonne;11;Île-de-France
201900003771;138Â 299Â 442;A01;2.0;2;2.0;1.0;1997.0;0.0;1.0;8.0;;0.0;0;;;2.0;10.0;0.0;2.0;1.0;17.0;1.0;;21;12;2019;01:30;3.0;91;91661;1;1.0;1.0;1.0;RD 188 CHEVREUSE;48,6966720;2,2155110;3;188;0.0;;2.0;2;0.0;1.0;6;300;1.0;;;1.0;0.0;1.0;70.0;Essonne;11;Île-de-France
201900003771;138Â 299Â 442;A01;1.0;1;2.0;1.0;2000.0;9.0;1.0;8.0;;0.0;0;;;2.0;10.0;0.0;2.0;1.0;17.0;1.0;;21;12;2019;01:30;3.0;91;91661;1;1.0;1.0;1.0;RD 188 CHEVREUSE;48,6966720;2,2155110;3;188;0.0;;2.0;2;0.0;1.0;6;300;1.0;;;1.0;0.0;1.0;70.0;Essonne;11;Île-de-France
201900003772;138Â 299Â 439;A01;1.0;1;1.0;1.0;1991.0;9.0;1.0;0.0;;0.0;0;;;2.0;7.0;0.0;2.0;1.0;2.0;1.0;;20;12;2019;19:30;3.0;91;91161;1;1.0;1.0;2.0;AUTOROUTE A6;48,6988000;2,3136000;1;6;0.0;;1.0;3;0.0;1.0;14;100;1.0;;;1.0;3.0;;110.0;Essonne;11;Île-de-France
201900003772;138Â 299Â 440;B01;1.0;1;2.0;1.0;1943.0;0.0;1.0;0.0;;0.0;0;;;2.0;7.0;0.0;2.0;4.0;23.0;1.0;;20;12;2019;19:30;3.0;91;91161;1;1.0;1.0;2.0;AUTOROUTE A6;48,6988000;2,3136000;1;6;0.0;;1.0;3;0.0;1.0;14;100;1.0;;;1.0;3.0;;110.0;Essonne;11;Île-de-France
201900003773;138Â 299Â 438;Z01;10.0;3;3.0;1.0;1946.0;5.0;8.0;8.0;;2.0;3;1.0;;1.0;0.0;0.0;1.0;0.0;19.0;0.0;;15;12;2019;18:49;5.0;91;91432;2;6.0;1.0;6.0;FONTAINE (PLACE GABRIEL);48,7070250;2,3281830;3;118;0.0;Z;2.0;0;0.0;1.0;(1);(1);1.0;;;1.0;5.0;1.0;50.0;Essonne;11;Île-de-France
201900003774;138Â 299Â 436;A01;1.0;1;1.0;1.0;1957.0;0.0;8.0;0.0;;; -1;;;0.0;7.0;0.0;2.0;0.0;0.0;1.0;;11;10;2019;07:10;2.0;13;13201;2;2.0;9.0;6.0;LIBERATION (BOULEVARD)  1 A 65;43,2990650;5,3852890;4;LIBERATION (BOULEVARD)  1 A 65;0.0;;2.0;2;0.0;2.0;0;0;1.0;;;9.0;0.0;1.0;50.0;Bouches-du-Rhône;93;Provence-Alpes-Côte d'Azur