Num_Acc;id_vehicule;num_veh;place;catu;grav;sexe;an_nais;trajet;secu1;secu2;secu3;locp;actp;etatp;id_usager;senc;catv;obs;obsm;choc;manv;motor;occutc;jour;mois;an;hrmn;lum;dep;com;agg;int;atm;col;adr;lat;long;catr;voie;v1;v2;circ;nbv;vosp;prof;pr;pr1;plan;lartpc;larrout;surf;infra;situ;vma;nom_departement;reg;nom_region
201900003774;138Â 299Â 437;B01;1.0;1;2.0;1.0;1963.0;0.0;8.0;8.0;;; -1;;;0.0;33.0;0.0;2.0;0.0;0.0;0.0;;11;10;2019;07:10;2.0;13;13201;2;2.0;9.0;6.0;LIBERATION (BOULEVARD)  1 A 65;43,2990650;5,3852890;4;LIBERATION (BOULEVARD)  1 A 65;0.0;;2.0;2;0.0;2.0;0;0;1.0;;;9.0;0.0;1.0;50.0;Bouches-du-Rhône;93;Provence-Alpes-Côte d'Azur
201900003775;138Â 299Â 434;B01;2.0;2;2.0;1.0;1992.0;0.0;1.0;0.0;;;0;;;3.0;10.0;0.0;2.0;0.0;24.0;1.0;;12;12;2019;07:00;2.0;13;13202;2;9.0;9.0;1.0;REPUBLIQUE (RUE DE LA);43,3009890;5,3703760;4;REPUBLIQUE (RUE DE LA);0.0;;;1;0.0;1.0;0;0;1.0;;;1.0;0.0;1.0;50.0;Bouches-du-Rhône;93;Provence-Alpes-Côte d'Azur
201900003775;138Â 299Â 434;B01;1.0;1;1.0;1.0;1982.0;0.0;1.0;0.0;;0.0;0;;;3.0;10.0;0.0;2.0;0.0;24.0;1.0;;12;12;2019;07:00;2.0;13;13202;2;9.0;9.0;1.0;REPUBLIQUE (RUE DE LA);43,3009890;5,3703760;4;REPUBLIQUE (RUE DE LA);0.0;;;1;0.0;1.0;0;0;1.0;;;1.0;0.0;1.0;50.0;Bouches-du-Rhône;93;Provence-Alpes-Côte d'Azur
201900003775;138Â 299Â 435;A01;1.0;1;1.0;1.0;1957.0;0.0;8.0;0.0;;;0;;;3.0;13.0;1.0;0.0;0.0;0.0;1.0;;12;12;2019;07:00;2.0;13;13202;2;9.0;9.0;1.0;REPUBLIQUE (RUE DE LA);43,3009890;5,3703760;4;REPUBLIQUE (RUE DE LA);0.0;;;1;0.0;1.0;0;0;1.0;;;1.0;0.0;1.0;50.0;Bouches-du-Rhône;93;Provence-Alpes-Côte d'Azur
201900003776;138Â 299Â 432;B01;1.0;1;1.0;2.0;1988.0;1.0;1.0;0.0;;0.0;0;;;2.0;7.0;0.0;2.0;3.0;1.0;1.0;;22;12;2019;00:55;5.0;75;75120;2;1.0;2.0;3.0;RUE DES PYRENEES;48,8713930;2,3926320;4;RUE DES PYRENEES;0.0;;3.0;2;0.0;2.0;337;0;1.0;;;2.0;0.0;1.0;30.0;Paris;11;Île-de-France
201900003776;138Â 299Â 433;A01;1.0;1;2.0;1.0;1959.0;0.0;2.0;6.0;;0.0;0;;;1.0;30.0;0.0;2.0;3.0;17.0;1.0;;22;12;2019;00:55;5.0;75;75120;2;1.0;2.0;3.0;RUE DES PYRENEES;48,8713930;2,3926320;4;RUE DES PYRENEES;0.0;;3.0;2;0.0;2.0;337;0;1.0;;;2.0;0.0;1.0;30.0;Paris;11;Île-de-France
201900003777;138Â 299Â 431;A01;1.0;1;4.0;1.0;1993.0;5.0;8.0;0.0;;; -1;;;2.0;10.0;4.0;0.0;2.0;0.0;1.0;;21;12;2019;23:25;3.0;94;94065;1;1.0;1.0;6.0;Route nationale 186;48,7534000;2,3734000;2;186;0.0;;1.0;3;0.0;1.0;47;500;1.0;;;1.0;0.0;2.0;90.0;Val-de-Marne;11;Île-de-France
201900003778;138Â 299Â 428;A01;1.0;1;1.0;1.0;1956.0;5.0;1.0;;;0.0;0;;;2.0;7.0;0.0;2.0;1.0;5.0;1.0;;19;12;2019;18:35;5.0;74;74268;2;6.0;1.0;6.0;7 Chemin de Chateau - Vieux;45,8756980;6,0837220;3;1201;0.0;D;2.0;2;0.0;1.0;14;500;1.0;;;1.0;0.0;1.0;50.0;Haute-Savoie;84;Auvergne-Rhône-Alpes
201900003778;138Â 299Â 429;B01;1.0;1;3.0;1.0;1982.0;0.0;2.0;6.0;;0.0;0;;;1.0;33.0;0.0;2.0;1.0;0.0;1.0;;19;12;2019;18:35;5.0;74;74268;2;6.0;1.0;6.0;7 Chemin de Chateau - Vieux;45,8756980;6,0837220;3;1201;0.0;D;2.0;2;0.0;1.0;14;500;1.0;;;1.0;0.0;1.0;50.0;Haute-Savoie;84;Auvergne-Rhône-Alpes
201900003778;138Â 299Â 430;C01;1.0;1;1.0;1.0;1996.0;0.0;1.0;;;0.0;0;;;1.0;7.0;0.0;2.0;1.0;0.0;1.0;;19;12;2019;18:35;5.0;74;74268;2;6.0;1.0;6.0;7 Chemin de Chateau - Vieux;45,8756980;6,0837220;3;1201;0.0;D;2.0;2;0.0;1.0;14;500;1.0;;;1.0;0.0;1.0;50.0;Haute-Savoie;84;Auvergne-Rhône-Alpes
201900003779;138Â 299Â 426;A01;1.0;1;1.0;2.0;1998.0;5.0;1.0;;;0.0;0;;;1.0;7.0;0.0;2.0;1.0;13.0;1.0;;23;1;2019;23:45;3.0;33;33047;1;1.0;1.0;1.0;RD 137;45,1222920; -0,5746810;3;137;0.0;;2.0;2;0.0;2.0;17;660;3.0;;;1.0;0.0;1.0;80.0;Gironde;75;Nouvelle-Aquitaine
201900003779;138Â 299Â 427;B01;1.0;1;2.0;2.0;1985.0;5.0;1.0;;;0.0;0;;;2.0;7.0;0.0;2.0;1.0;1.0;1.0;;23;1;2019;23:45;3.0;33;33047;1;1.0;1.0;1.0;RD 137;45,1222920; -0,5746810;3;137;0.0;;2.0;2;0.0;2.0;17;660;3.0;;;1.0;0.0;1.0;80.0;Gironde;75;Nouvelle-Aquitaine
201900003780;138Â 299Â 424;B01;1.0;1;2.0;2.0;1972.0;1.0;1.0;;;0.0;0;;;0.0;7.0;0.0;0.0;8.0;1.0;1.0;;8;7;2019;14:00;1.0;60;60282;1;1.0;1.0;3.0;D162;49,2049250;2,4396510;3;162;0.0;;2.0;2;0.0;1.0;7;150;2.0;;;1.0;0.0;1.0;90.0;Oise;32;Hauts-de-France
201900003780;138Â 299Â 425;A01;1.0;1;2.0;1.0;1956.0;0.0;1.0;;;0.0;0;;;0.0;7.0;0.0;2.0;1.0;17.0;1.0;;8;7;2019;14:00;1.0;60;60282;1;1.0;1.0;3.0;D162;49,2049250;2,4396510;3;162;0.0;;2.0;2;0.0;1.0;7;150;2.0;;;1.0;0.0;1.0;90.0;Oise;32;Hauts-de-France
201900003781;138Â 299Â 422;A01;10.0;3;3.0;2.0;1959.0;1.0;8.0;8.0;;2.0;3;1.0;;1.0;7.0;0.0;1.0;2.0;1.0;1.0;;25;9;2019;13:35;1.0;68;68224;2;1.0;1.0;6.0;KINGERSHEIM (RUE DE);47,7768300;7,3287300;3;20;;;2.0;2;3.0;1.0;11;400;1.0;;;1.0;4.0;1.0;50.0;Haut-Rhin;44;Grand Est
201900003781;138Â 299Â 422;A01;1.0;1;1.0;1.0;1991.0;3.0;1.0;;;;0;;;1.0;7.0;0.0;1.0;2.0;1.0;1.0;;25;9;2019;13:35;1.0;68;68224;2;1.0;1.0;6.0;KINGERSHEIM (RUE DE);47,7768300;7,3287300;3;20;;;2.0;2;3.0;1.0;11;400;1.0;;;1.0;4.0;1.0;50.0;Haut-Rhin;44;Grand Est
201900003782;138Â 299Â 421;A01;2.0;2;2.0;1.0;2007.0;5.0;1.0;5.0;;;0;;;2.0;7.0;12.0;0.0;1.0;1.0;1.0;;20;10;2019;07:10;5.0;76;76217;2;1.0;1.0;6.0;VAUBAN (AVENUE);49,9144800;1,0843700;4;VAUBAN (AVENUE);0.0;;2.0;2;0.0;1.0;0;0;1.0;;;1.0;9.0;1.0;30.0;Seine-Maritime;28;Normandie
201900003782;138Â 299Â 421;A01;1.0;1;2.0;1.0;1976.0;5.0;1.0;5.0;;;0;;;2.0;7.0;12.0;0.0;1.0;1.0;1.0;;20;10;2019;07:10;5.0;76;76217;2;1.0;1.0;6.0;VAUBAN (AVENUE);49,9144800;1,0843700;4;VAUBAN (AVENUE);0.0;;2.0;2;0.0;1.0;0;0;1.0;;;1.0;9.0;1.0;30.0;Seine-Maritime;28;Normandie
201900003783;138Â 299Â 420;A01;1.0;1;4.0;1.0;1965.0;5.0;1.0;8.0;;;0;;;1.0;7.0;6.0;0.0;2.0;14.0;1.0;;7;10;2019;18:20;2.0;67;67482;2;1.0;8.0;6.0;GANZAU (RUE DE LA);48,5262100;7,7599600;4;GANZAU (RUE DE LA);0.0;;2.0;2;0.0;1.0;0;0;2.0;;;2.0;0.0;4.0;30.0;Bas-Rhin;44;Grand Est
201900003784;138Â 299Â 419;A01;10.0;3;3.0;1.0;1928.0;;;;;9.0;B;1.0;;0.0;7.0;0.0;1.0;6.0;20.0;;;6;6;2019;17:50;1.0;49;49125;2;1.0;1.0;6.0;;47,1923000; -0,2765000;6;Champs de Foire;0.0;;;;;1.0;(1);(1);1.0;;;1.0;9.0;1.0;;Maine-et-Loire;52;Pays de la Loire
201900003784;138Â 299Â 419;A01;1.0;1;1.0;1.0;1934.0;;;;;; -1;;;0.0;7.0;0.0;1.0;6.0;20.0;;;6;6;2019;17:50;1.0;49;49125;2;1.0;1.0;6.0;;47,1923000; -0,2765000;6;Champs de Foire;0.0;;;;;1.0;(1);(1);1.0;;;1.0;9.0;1.0;;Maine-et-Loire;52;Pays de la Loire
201900003785;138Â 299Â 417;B01;1.0;1;2.0;2.0;1951.0;;;;;; -1;;;0.0;7.0;0.0;2.0;3.0;0.0;;;29;6;2019;09:00;1.0;49;49007;2;2.0;1.0;3.0;;47,4794240; -0,5214354;4;Boulevard G BirgÃ©;;;2.0;;;1.0;(1);(1);1.0;;;1.0;5.0;1.0;;Maine-et-Loire;52;Pays de la Loire
201900003785;138Â 299Â 418;A01;1.0;1;1.0;1.0;1947.0;;;;;; -1;;;0.0;7.0;0.0;2.0;2.0;0.0;;;29;6;2019;09:00;1.0;49;49007;2;2.0;1.0;3.0;;47,4794240; -0,5214354;4;Boulevard G BirgÃ©;;;2.0;;;1.0;(1);(1);1.0;;;1.0;5.0;1.0;;Maine-et-Loire;52;Pays de la Loire
201900003786;138Â 299Â 416;Z01;10.0;3;2.0;1.0;1997.0;9.0;0.0;;;9.0;9;1.0;;2.0;10.0;0.0;1.0;1.0;9.0;0.0;;23;12;2019;15:28;1.0;2B;2B033;2;9.0;1.0;6.0;11 - RT;42,6665260;9,4427050;2;11 - RT;0.0;;3.0;4;0.0;1.0;1;0;3.0;;;1.0;3.0;1.0;30.0;Haute-Corse;94;Corse
201900003787;138Â 299Â 414;A01;1.0;1;1.0;1.0;1994.0;5.0;1.0;0.0;;0.0;0;;;1.0;7.0;0.0;2.0;1.0;5.0;1.0;;16;12;2019;19:35;2.0;44;44184;2;4.0;2.0;1.0;RUES DES TROENES / AJONCS ;47,2684840; -2,2498410;4;;0.0;;2.0;2;0.0;1.0;0;1;3.0;;;2.0;0.0;1.0;50.0;Loire-Atlantique;52;Pays de la Loire
201900003787;138Â 299Â 414;A01;4.0;2;2.0;2.0;1992.0;0.0;1.0;0.0;;; -1;;;1.0;7.0;0.0;2.0;1.0;5.0;1.0;;16;12;2019;19:35;2.0;44;44184;2;4.0;2.0;1.0;RUES DES TROENES / AJONCS ;47,2684840; -2,2498410;4;;0.0;;2.0;2;0.0;1.0;0;1;3.0;;;2.0;0.0;1.0;50.0;Loire-Atlantique;52;Pays de la Loire
201900003787;138Â 299Â 415;B01;1.0;1;1.0;1.0;1987.0;1.0;1.0;0.0;;0.0;0;;;2.0;7.0;0.0;2.0;1.0;1.0;1.0;;16;12;2019;19:35;2.0;44;44184;2;4.0;2.0;1.0;RUES DES TROENES / AJONCS ;47,2684840; -2,2498410;4;;0.0;;2.0;2;0.0;1.0;0;1;3.0;;;2.0;0.0;1.0;50.0;Loire-Atlantique;52;Pays de la Loire
201900003788;138Â 299Â 413;A01;1.0;1;1.0;1.0;1997.0;0.0;1.0;8.0;;0.0;0;;;3.0;7.0;0.0;1.0;3.0;15.0;1.0;;19;12;2019;16:00;1.0;37;37261;2;2.0;1.0;6.0;HALLES (RUE DES);47,3935500;0,6850600;4;HALLES (RUE DES);0.0;;2.0;2;0.0;1.0;0;0;1.0;;;1.0;0.0;;50.0;Indre-et-Loire;24;Centre-Val de Loire
201900003788;138Â 299Â 413;A01;10.0;3;2.0;2.0;1997.0;5.0;8.0;8.0;;4.0;3;1.0;;3.0;7.0;0.0;1.0;3.0;15.0;1.0;;19;12;2019;16:00;1.0;37;37261;2;2.0;1.0;6.0;HALLES (RUE DES);47,3935500;0,6850600;4;HALLES (RUE DES);0.0;;2.0;2;0.0;1.0;0;0;1.0;;;1.0;0.0;;50.0;Indre-et-Loire;24;Centre-Val de Loire
201900003789;138Â 299Â 412;A01;10.0;3;3.0;2.0;1970.0;9.0;0.0;;;3.0;3;1.0;;0.0;7.0;0.0;1.0;0.0;0.0;0.0;;19;12;2019;18:10;5.0;35;35238;2;2.0;3.0;6.0;MOULIN DE JOUE (DU);48,1138500; -1,6479000;4;MOULIN DE JOUE (DU);0.0;;2.0;2;0.0;3.0;0;0;3.0;;;2.0;5.0;1.0;50.0;Ille-et-Vilaine;53;Bretagne
201900003790;138Â 299Â 411;A01;1.0;1;2.0;1.0;1949.0;5.0;8.0;0.0;;;0;;;1.0;1.0;0.0;2.0;8.0;26.0;5.0;;20;12;2019;15:40;1.0;92;92024;2;9.0;8.0;3.0;GENERAL LECLERC (BD DU) (9 A 59)   (4 A;48,9007000;2,3170100;3;110;0.0;;;0;0.0;1.0;0;0;1.0;;;1.0;6.0;4.0;50.0;Hauts-de-Seine;11;Île-de-France
201900003791;138Â 299Â 408;B01;1.0;1;1.0;2.0;1965.0;1.0;1.0;0.0;;;0;;;3.0;7.0;0.0;2.0;5.0;2.0;1.0;;13;12;2019;20:30;5.0;92;92024;2;1.0;2.0;3.0;GENERAL ROGUET (RUE DU) DE (1 A 57)   (2;48,9058600;2,3128900;4;GENERAL ROGUET (RUE DU) DE (1 A 57)   (2;0.0;;2.0;2;0.0;1.0;0;0;1.0;;;2.0;0.0;1.0;50.0;Hauts-de-Seine;11;Île-de-France
201900003791;138Â 299Â 409;A01;1.0;1;2.0;1.0;2001.0;4.0;2.0;0.0;;;0;;;3.0;30.0;0.0;2.0;3.0;18.0;1.0;;13;12;2019;20:30;5.0;92;92024;2;1.0;2.0;3.0;GENERAL ROGUET (RUE DU) DE (1 A 57)   (2;48,9058600;2,3128900;4;GENERAL ROGUET (RUE DU) DE (1 A 57)   (2;0.0;;2.0;2;0.0;1.0;0;0;1.0;;;2.0;0.0;1.0;50.0;Hauts-de-Seine;11;Île-de-France
201900003792;138Â 299Â 406;B01;1.0;1;2.0;1.0;1991.0;1.0;2.0;6.0;;;0;;;1.0;32.0;0.0;2.0;3.0;1.0;1.0;;20;12;2019;18:30;5.0;92;92024;2;2.0;1.0;3.0;HENRI BARBUSSE (RUE) DE (1 A 73)   (2 A;48,9000422;2,3062181;3;17;0.0;;2.0;2;0.0;1.0;0;0;1.0;;;1.0;0.0;1.0;50.0;Hauts-de-Seine;11;Île-de-France
201900003792;138Â 299Â 407;A01;1.0;1;1.0;1.0;1989.0;1.0;1.0;0.0;;;0;;;1.0;7.0;0.0;2.0;6.0;1.0;1.0;;20;12;2019;18:30;5.0;92;92024;2;2.0;1.0;3.0;HENRI BARBUSSE (RUE) DE (1 A 73)   (2 A;48,9000422;2,3062181;3;17;0.0;;2.0;2;0.0;1.0;0;0;1.0;;;1.0;0.0;1.0;50.0;Hauts-de-Seine;11;Île-de-France
201900003793;138Â 299Â 402;A01;1.0;1;4.0;1.0;1969.0;5.0;;;;0.0; -1;;;2.0;7.0;0.0;0.0;0.0;1.0;1.0;;6;10;2019;13:00;1.0;25;25586;1;1.0;1.0;7.0;rue de la Begelle;47,4643110;6,8949670;3;253;;;2.0;2;;1.0;2;980;3.0;;;6.0;0.0;3.0;;Doubs;27;Bourgogne-Franche-Comté
201900003794;138Â 299Â 401;A01;1.0;1;3.0;1.0;1982.0;5.0;1.0;5.0;;0.0;0;;;1.0;7.0;15.0;0.0;1.0;1.0;1.0;;25;12;2019;04:45;2.0;988;98818;2;3.0;1.0;6.0;RUE AUGUSTE BENEBIG; -22,2701500;166,4540000;4;587;0.0;;2.0;3;0.0;2.0;(1);(1);1.0;;;1.0;0.0;1.0;50.0;;;
201900003795;138Â 299Â 400;A01;10.0;3;3.0;2.0;2009.0;2.0;;;;2.0;3;1.0;;1.0;7.0;0.0;1.0;1.0;1.0;1.0;;26;9;2019;16:50;1.0;16;16015;2;1.0;1.0;6.0;29 rue Bel Air;45,6524890;0,1770850;4;;;;1.0;1;0.0;1.0;(1);(1);1.0;0.0;3.1;1.0;0.0;1.0;50.0;Charente;75;Nouvelle-Aquitaine
201900003795;138Â 299Â 400;A01;1.0;1;1.0;1.0;1978.0;5.0;;;;; -1;;;1.0;7.0;0.0;1.0;1.0;1.0;1.0;;26;9;2019;16:50;1.0;16;16015;2;1.0;1.0;6.0;29 rue Bel Air;45,6524890;0,1770850;4;;;;1.0;1;0.0;1.0;(1);(1);1.0;0.0;3.1;1.0;0.0;1.0;50.0;Charente;75;Nouvelle-Aquitaine
201900003796;138Â 299Â 397;A01;1.0;1;1.0;1.0;1990.0;4.0;1.0;;;0.0;0;;;1.0;7.0;0.0;2.0;1.0;2.0;1.0;;15;11;2019;08:20;2.0;29;29097;1;3.0;2.0;4.0;Lieu Dit Kerdeven;48,4954210; -4,0488370;3;11;0.0;A;2.0;2;0.0;1.0;2;800;1.0;;;2.0;5.0;1.0;70.0;Finistère;53;Bretagne
201900003796;138Â 299Â 398;B01;1.0;1;2.0;2.0;1973.0;1.0;1.0;;;0.0;0;;;1.0;7.0;0.0;2.0;4.0;15.0;0.0;;15;11;2019;08:20;2.0;29;29097;1;3.0;2.0;4.0;Lieu Dit Kerdeven;48,4954210; -4,0488370;3;11;0.0;A;2.0;2;0.0;1.0;2;800;1.0;;;2.0;5.0;1.0;70.0;Finistère;53;Bretagne
201900003796;138Â 299Â 399;C01;1.0;1;1.0;1.0;1990.0;4.0;1.0;;;0.0;0;;;1.0;13.0;0.0;2.0;6.0;1.0;1.0;;15;11;2019;08:20;2.0;29;29097;1;3.0;2.0;4.0;Lieu Dit Kerdeven;48,4954210; -4,0488370;3;11;0.0;A;2.0;2;0.0;1.0;2;800;1.0;;;2.0;5.0;1.0;70.0;Finistère;53;Bretagne
201900003797;138Â 299Â 396;A01;1.0;1;2.0;1.0;1962.0;5.0;2.0;8.0;;;0;;;1.0;33.0;0.0;2.0;1.0;9.0;1.0;;22;12;2019;15:30;1.0;13;13207;2;1.0;1.0;6.0;Corniche John FitzgÃ©rald Kennedy;43,2765560;5,3579280;4;Corniche John FitzgÃ©rald Kennedy;0.0;;3.0;3;0.0;1.0;0;0;1.0;;;1.0;0.0;1.0;50.0;Bouches-du-Rhône;93;Provence-Alpes-Côte d'Azur
201900003798;138Â 299Â 394;A01;1.0;1;2.0;2.0;1981.0;0.0;8.0;0.0;;; -1;;;2.0;30.0;0.0;2.0;3.0;9.0;0.0;;22;12;2019;13:15;1.0;13;13204;2;3.0;1.0;3.0;CHARTREUX (AVENUE DES);43,3086915;5,4002577;4;CHARTREUX (AVENUE DES);0.0;;2.0;2;0.0;1.0;0;0;1.0;;;1.0;0.0;1.0;50.0;Bouches-du-Rhône;93;Provence-Alpes-Côte d'Azur
201900003798;138Â 299Â 395;B01;2.0;2;2.0;2.0;1957.0;0.0;8.0;0.0;;; -1;;;1.0;32.0;0.0;2.0;3.0;1.0;1.0;;22;12;2019;13:15;1.0;13;13204;2;3.0;1.0;3.0;CHARTREUX (AVENUE DES);43,3086915;5,4002577;4;CHARTREUX (AVENUE DES);0.0;;2.0;2;0.0;1.0;0;0;1.0;;;1.0;0.0;1.0;50.0;Bouches-du-Rhône;93;Provence-Alpes-Côte d'Azur
201900003798;138Â 299Â 395;B01;1.0;1;1.0;1.0;1953.0;0.0;8.0;0.0;;; -1;;;1.0;32.0;0.0;2.0;3.0;1.0;1.0;;22;12;2019;13:15;1.0;13;13204;2;3.0;1.0;3.0;CHARTREUX (AVENUE DES);43,3086915;5,4002577;4;CHARTREUX (AVENUE DES);0.0;;2.0;2;0.0;1.0;0;0;1.0;;;1.0;0.0;1.0;50.0;Bouches-du-Rhône;93;Provence-Alpes-Côte d'Azur
201900003799;138Â 299Â 393;A01;1.0;1;1.0;1.0;1990.0;0.0;8.0;0.0;;; -1;;;2.0;7.0;0.0;2.0;0.0;16.0;1.0;;22;12;2019;07:05;2.0;13;13206;2;1.0;1.0;2.0;PRADO (AVENUE DU);43,2842720;5,3848080;7;PRADO (AVENUE DU);0.0;;1.0;2;0.0;1.0;0;0;1.0;;;1.0;0.0;1.0;50.0;Bouches-du-Rhône;93;Provence-Alpes-Côte d'Azur
201900003799;138Â 299Â 393;A01;2.0;2;2.0;1.0;1973.0;4.0;1.0;0.0;;;0;;;2.0;7.0;0.0;2.0;0.0;16.0;1.0;;22;12;2019;07:05;2.0;13;13206;2;1.0;1.0;2.0;PRADO (AVENUE DU);43,2842720;5,3848080;7;PRADO (AVENUE DU);0.0;;1.0;2;0.0;1.0;0;0;1.0;;;1.0;0.0;1.0;50.0;Bouches-du-Rhône;93;Provence-Alpes-Côte d'Azur
201900003799;138Â 299Â 393;A01;1.0;2;2.0;1.0;1990.0;4.0;1.0;8.0;;; -1;;;2.0;7.0;0.0;2.0;0.0;16.0;1.0;;22;12;2019;07:05;2.0;13;13206;2;1.0;1.0;2.0;PRADO (AVENUE DU);43,2842720;5,3848080;7;PRADO (AVENUE DU);0.0;;1.0;2;0.0;1.0;0;0;1.0;;;1.0;0.0;1.0;50.0;Bouches-du-Rhône;93;Provence-Alpes-Côte d'Azur
201900003800;138Â 299Â 389;C01;1.0;1;1.0;1.0;1968.0;3.0;1.0;0.0;;; -1;;;1.0;7.0;0.0;2.0;4.0;9.0;1.0;;18;12;2019;17:45;3.0;42;42183;1;9.0;1.0;4.0;RN88;45,4039300;4,3740100;2;88;0.0;;3.0;2;0.0;2.0;41;900;2.0;;;1.0;3.0;;70.0;Loire;84;Auvergne-Rhône-Alpes
201900003800;138Â 299Â 390;B01;1.0;1;2.0;1.0;1991.0;1.0;1.0;0.0;;; -1;;;1.0;7.0;0.0;2.0;1.0;9.0;1.0;;18;12;2019;17:45;3.0;42;42183;1;9.0;1.0;4.0;RN88;45,4039300;4,3740100;2;88;0.0;;3.0;2;0.0;2.0;41;900;2.0;;;1.0;3.0;;70.0;Loire;84;Auvergne-Rhône-Alpes
201900003800;138Â 299Â 391;A01;1.0;1;2.0;2.0;1992.0;0.0;1.0;0.0;;; -1;;;1.0;7.0;0.0;2.0;1.0;9.0;1.0;;18;12;2019;17:45;3.0;42;42183;1;9.0;1.0;4.0;RN88;45,4039300;4,3740100;2;88;0.0;;3.0;2;0.0;2.0;41;900;2.0;;;1.0;3.0;;70.0;Loire;84;Auvergne-Rhône-Alpes
201900003801;138Â 299Â 385;A01;1.0;1;2.0;2.0;1999.0;0.0;8.0;0.0;;; -1;;;0.0;7.0;0.0;2.0;1.0;13.0;1.0;;7;10;2019;13:45;1.0;13;13215;2;1.0;1.0;5.0;LITTORAL (CHEMIN DU);43,3432600;5,3476800;3;5;0.0;;1.0;2;0.0;1.0;0;0;1.0;;;1.0;0.0;1.0;50.0;Bouches-du-Rhône;93;Provence-Alpes-Côte d'Azur
201900003801;138Â 299Â 386;B01;1.0;1;1.0;1.0;1991.0;4.0;1.0;0.0;;; -1;;;1.0;10.0;0.0;2.0;4.0;0.0;1.0;;7;10;2019;13:45;1.0;13;13215;2;1.0;1.0;5.0;LITTORAL (CHEMIN DU);43,3432600;5,3476800;3;5;0.0;;1.0;2;0.0;1.0;0;0;1.0;;;1.0;0.0;1.0;50.0;Bouches-du-Rhône;93;Provence-Alpes-Côte d'Azur
201900003801;138Â 299Â 387;C01;1.0;1;1.0;1.0;1986.0;0.0;1.0;0.0;;; -1;;;1.0;7.0;0.0;2.0;4.0;1.0;1.0;;7;10;2019;13:45;1.0;13;13215;2;1.0;1.0;5.0;LITTORAL (CHEMIN DU);43,3432600;5,3476800;3;5;0.0;;1.0;2;0.0;1.0;0;0;1.0;;;1.0;0.0;1.0;50.0;Bouches-du-Rhône;93;Provence-Alpes-Côte d'Azur
201900003801;138Â 299Â 388;D01;1.0;1;1.0;1.0;1970.0;4.0;1.0;8.0;;; -1;;;3.0;15.0;0.0;2.0;6.0;0.0;1.0;;7;10;2019;13:45;1.0;13;13215;2;1.0;1.0;5.0;LITTORAL (CHEMIN DU);43,3432600;5,3476800;3;5;0.0;;1.0;2;0.0;1.0;0;0;1.0;;;1.0;0.0;1.0;50.0;Bouches-du-Rhône;93;Provence-Alpes-Côte d'Azur
201900003802;138Â 299Â 384;Z01;10.0;3;3.0;1.0;1935.0;0.0;0.0;;;5.0;1;1.0;;1.0;0.0;0.0;1.0;0.0;26.0;1.0;;7;10;2019;10:34;1.0;13;13215;2;2.0;1.0;6.0;LYON (RUE DE);43,3285700;5,3556500;4;LYON (RUE DE);0.0;;2.0;0;0.0;1.0;0;0;2.0;;;1.0;9.0;1.0;50.0;Bouches-du-Rhône;93;Provence-Alpes-Côte d'Azur
201900003803;138Â 299Â 383;A01;1.0;1;3.0;1.0;1996.0;0.0;2.0;0.0;;; -1;;;2.0;30.0;2.0;0.0;1.0;26.0;1.0;;23;12;2019;03:50;5.0;10;10362;2;1.0;1.0;6.0;GENERAL GALLIENI (RUE DU);48,2963700;4,0464200;4;GENERAL GALLIENI (RUE DU);0.0;;2.0;2;0.0;1.0;0;0;1.0;;;1.0;0.0;1.0;50.0;Aube;44;Grand Est
201900003804;138Â 299Â 382;A01;1.0;1;2.0;1.0;2000.0;0.0;1.0;0.0;;; -1;;;2.0;7.0;2.0;0.0;2.0;26.0;0.0;;22;12;2019;03:25;5.0;93;93077;2;1.0;2.0;6.0;AIME (AVENUE);48,8786000;2,5233100;4;AIME (AVENUE);0.0;;2.0;2;0.0;1.0;0;0;1.0;;;2.0;0.0;4.0;50.0;Seine-Saint-Denis;11;Île-de-France
201900003805;138Â 299Â 380;A01;1.0;1;1.0;1.0;1986.0;0.0;1.0;0.0;;; -1;;;1.0;7.0;0.0;2.0;8.0;15.0;1.0;;3;8;2019;20:25;2.0;62;62498;2;2.0;1.0;3.0;BETHUNE (RTE DE);50,4371690;2,8140560;9;BETHUNE (RTE DE);0.0;;2.0;3;0.0;1.0;0;0;1.0;;;1.0;0.0;1.0;50.0;Pas-de-Calais;32;Hauts-de-France
201900003805;138Â 299Â 381;B01;2.0;1;2.0;1.0;1986.0;0.0;2.0;0.0;;; -1;;;1.0;30.0;0.0;2.0;1.0;1.0;1.0;;3;8;2019;20:25;2.0;62;62498;2;2.0;1.0;3.0;BETHUNE (RTE DE);50,4371690;2,8140560;9;BETHUNE (RTE DE);0.0;;2.0;3;0.0;1.0;0;0;1.0;;;1.0;0.0;1.0;50.0;Pas-de-Calais;32;Hauts-de-France
201900003806;138Â 299Â 378;A01;2.0;2;1.0;2.0;1980.0;5.0;1.0;0.0;;;0;;;1.0;7.0;0.0;2.0;7.0;16.0;0.0;;19;1;2019;23:15;2.0;92;92044;2;3.0;1.0;6.0;GABRIEL PERI(RUE) 1A23 ET 2A36;48,8982800;2,2943625;3;909;0.0;;1.0;2;0.0;1.0;0;0;1.0;;;2.0;0.0;1.0;30.0;Hauts-de-Seine;11;Île-de-France