Num_Acc;id_vehicule;num_veh;place;catu;grav;sexe;an_nais;trajet;secu1;secu2;secu3;locp;actp;etatp;id_usager;senc;catv;obs;obsm;choc;manv;motor;occutc;jour;mois;an;hrmn;lum;dep;com;agg;int;atm;col;adr;lat;long;catr;voie;v1;v2;circ;nbv;vosp;prof;pr;pr1;plan;lartpc;larrout;surf;infra;situ;vma;nom_departement;reg;nom_region
201900003806;138Â 299Â 378;A01;1.0;1;1.0;1.0;1965.0;5.0;1.0;0.0;;;0;;;1.0;7.0;0.0;2.0;7.0;16.0;0.0;;19;1;2019;23:15;2.0;92;92044;2;3.0;1.0;6.0;GABRIEL PERI(RUE) 1A23 ET 2A36;48,8982800;2,2943625;3;909;0.0;;1.0;2;0.0;1.0;0;0;1.0;;;2.0;0.0;1.0;30.0;Hauts-de-Seine;11;Île-de-France
201900003806;138Â 299Â 379;B01;1.0;1;2.0;1.0;2000.0;0.0;2.0;0.0;;;0;;;1.0;2.0;0.0;2.0;8.0;16.0;0.0;;19;1;2019;23:15;2.0;92;92044;2;3.0;1.0;6.0;GABRIEL PERI(RUE) 1A23 ET 2A36;48,8982800;2,2943625;3;909;0.0;;1.0;2;0.0;1.0;0;0;1.0;;;2.0;0.0;1.0;30.0;Hauts-de-Seine;11;Île-de-France
201900003807;138Â 299Â 376;A01;1.0;1;3.0;1.0;1993.0;0.0;2.0;0.0;;;0;;;2.0;2.0;16.0;0.0;1.0;1.0;1.0;;21;12;2019;01:25;5.0;973;97302;2;2.0;2.0;3.0;MOLE;4,9378900; -52,3328440;4;MOLE;0.0;;1.0;2;0.0;1.0;(1);(1);1.0;;;2.0;9.0;1.0;50.0;Guyane;03;Guyane
201900003807;138Â 299Â 377;B01;1.0;1;1.0;1.0;1999.0;0.0;1.0;0.0;;;0;;;1.0;7.0;0.0;9.0;8.0;14.0;1.0;;21;12;2019;01:25;5.0;973;97302;2;2.0;2.0;3.0;MOLE;4,9378900; -52,3328440;4;MOLE;0.0;;1.0;2;0.0;1.0;(1);(1);1.0;;;2.0;9.0;1.0;50.0;Guyane;03;Guyane
201900003808;138Â 299Â 375;A01;10.0;3;2.0;2.0;2005.0;0.0;0.0;;;2.0;3;1.0;;1.0;7.0;0.0;1.0;2.0;1.0;1.0;;16;12;2019;17:00;5.0;91;91692;2;1.0;2.0;6.0;CEVENNES (RUE DES);48,6790200;2,1745300;4;CEVENNES (RUE DES);0.0;;2.0;2;0.0;1.0;0;0;1.0;;;2.0;0.0;1.0;45.0;Essonne;11;Île-de-France
201900003808;138Â 299Â 375;A01;1.0;1;1.0;2.0;1990.0;0.0;1.0;0.0;;; -1;;;1.0;7.0;0.0;1.0;2.0;1.0;1.0;;16;12;2019;17:00;5.0;91;91692;2;1.0;2.0;6.0;CEVENNES (RUE DES);48,6790200;2,1745300;4;CEVENNES (RUE DES);0.0;;2.0;2;0.0;1.0;0;0;1.0;;;2.0;0.0;1.0;45.0;Essonne;11;Île-de-France
201900003809;138Â 299Â 374;A01;10.0;3;3.0;1.0;1960.0;5.0;0.0;;;1.0;3;1.0;;2.0;0.0;0.0;1.0;0.0;1.0;1.0;;21;12;2019;00:20;5.0;82;82121;2;1.0;2.0;6.0;POULT (QUAI ADOLPHE);44,0116300;1,3465300;4;POULT (QUAI ADOLPHE);0.0;;1.0;2;0.0;1.0;0;0;1.0;;;2.0;0.0;1.0;50.0;Tarn-et-Garonne;76;Occitanie
201900003810;138Â 299Â 372;A01;1.0;1;3.0;2.0;2004.0;0.0;2.0;8.0;;; -1;;;3.0;30.0;0.0;2.0;4.0;2.0;0.0;;19;12;2019;15:50;1.0;69;69264;2;1.0;1.0;2.0;ACACIAS(rue des);45,9924300;4,7048000;4;ACACIAS(rue des);0.0;;;2;0.0;1.0;0;1;1.0;;;1.0;0.0;1.0;50.0;Rhône;84;Auvergne-Rhône-Alpes
201900003810;138Â 299Â 373;B01;1.0;1;1.0;2.0;1995.0;0.0;1.0;8.0;;; -1;;;3.0;7.0;0.0;2.0;4.0;2.0;0.0;;19;12;2019;15:50;1.0;69;69264;2;1.0;1.0;2.0;ACACIAS(rue des);45,9924300;4,7048000;4;ACACIAS(rue des);0.0;;;2;0.0;1.0;0;1;1.0;;;1.0;0.0;1.0;50.0;Rhône;84;Auvergne-Rhône-Alpes
201900003811;138Â 299Â 369;C01;1.0;1;2.0;1.0;1970.0;0.0;1.0;0.0;;; -1;;;2.0;7.0;0.0;2.0;4.0;26.0;1.0;;22;12;2019;06:45;3.0;35;35238;1;1.0;2.0;4.0;RN136;48,0811700; -1,6645100;2;136;0.0;;3.0;4;0.0;2.0;8;300;1.0;;;2.0;0.0;1.0;90.0;Ille-et-Vilaine;53;Bretagne
201900003811;138Â 299Â 370;B01;1.0;1;2.0;1.0;1997.0;0.0;1.0;0.0;;; -1;;;2.0;7.0;0.0;2.0;1.0;26.0;1.0;;22;12;2019;06:45;3.0;35;35238;1;1.0;2.0;4.0;RN136;48,0811700; -1,6645100;2;136;0.0;;3.0;4;0.0;2.0;8;300;1.0;;;2.0;0.0;1.0;90.0;Ille-et-Vilaine;53;Bretagne
201900003811;138Â 299Â 371;A01;2.0;2;3.0;2.0;1949.0;5.0;1.0;0.0;;;0;;;2.0;7.0;3.0;2.0;1.0;17.0;1.0;;22;12;2019;06:45;3.0;35;35238;1;1.0;2.0;4.0;RN136;48,0811700; -1,6645100;2;136;0.0;;3.0;4;0.0;2.0;8;300;1.0;;;2.0;0.0;1.0;90.0;Ille-et-Vilaine;53;Bretagne
201900003811;138Â 299Â 371;A01;1.0;1;1.0;2.0;1972.0;5.0;1.0;4.0;;; -1;;;2.0;7.0;3.0;2.0;1.0;17.0;1.0;;22;12;2019;06:45;3.0;35;35238;1;1.0;2.0;4.0;RN136;48,0811700; -1,6645100;2;136;0.0;;3.0;4;0.0;2.0;8;300;1.0;;;2.0;0.0;1.0;90.0;Ille-et-Vilaine;53;Bretagne
201900003812;138Â 299Â 366;A01;1.0;1;1.0;1.0;1967.0;1.0;8.0;0.0;;;0;;;2.0;7.0;0.0;2.0;3.0;19.0;1.0;;12;12;2019;14:55;1.0;29;29254;2;3.0;1.0;5.0;D 712 B;48,5675313; -3,8545545;2;12;0.0;;1.0;1;0.0;2.0;22;500;3.0;;;1.0;3.0;1.0;50.0;Finistère;53;Bretagne
201900003812;138Â 299Â 367;C01;1.0;1;1.0;2.0;1961.0;4.0;1.0;8.0;;;0;;;1.0;14.0;0.0;2.0;2.0;1.0;1.0;;12;12;2019;14:55;1.0;29;29254;2;3.0;1.0;5.0;D 712 B;48,5675313; -3,8545545;2;12;0.0;;1.0;1;0.0;2.0;22;500;3.0;;;1.0;3.0;1.0;50.0;Finistère;53;Bretagne
201900003812;138Â 299Â 368;B01;5.0;2;1.0;1.0;2011.0;9.0;8.0;8.0;;;0;;;1.0;10.0;0.0;2.0;8.0;1.0;1.0;;12;12;2019;14:55;1.0;29;29254;2;3.0;1.0;5.0;D 712 B;48,5675313; -3,8545545;2;12;0.0;;1.0;1;0.0;2.0;22;500;3.0;;;1.0;3.0;1.0;50.0;Finistère;53;Bretagne
201900003812;138Â 299Â 368;B01;5.0;2;2.0;2.0;1971.0;9.0;8.0;8.0;;;0;;;1.0;10.0;0.0;2.0;8.0;1.0;1.0;;12;12;2019;14:55;1.0;29;29254;2;3.0;1.0;5.0;D 712 B;48,5675313; -3,8545545;2;12;0.0;;1.0;1;0.0;2.0;22;500;3.0;;;1.0;3.0;1.0;50.0;Finistère;53;Bretagne
201900003812;138Â 299Â 368;B01;2.0;2;1.0;2.0;1986.0;4.0;8.0;8.0;;;0;;;1.0;10.0;0.0;2.0;8.0;1.0;1.0;;12;12;2019;14:55;1.0;29;29254;2;3.0;1.0;5.0;D 712 B;48,5675313; -3,8545545;2;12;0.0;;1.0;1;0.0;2.0;22;500;3.0;;;1.0;3.0;1.0;50.0;Finistère;53;Bretagne
201900003812;138Â 299Â 368;B01;1.0;1;1.0;2.0;1991.0;4.0;1.0;8.0;;;0;;;1.0;10.0;0.0;2.0;8.0;1.0;1.0;;12;12;2019;14:55;1.0;29;29254;2;3.0;1.0;5.0;D 712 B;48,5675313; -3,8545545;2;12;0.0;;1.0;1;0.0;2.0;22;500;3.0;;;1.0;3.0;1.0;50.0;Finistère;53;Bretagne
201900003813;138Â 299Â 364;A01;1.0;1;1.0;2.0;1956.0;5.0;1.0;0.0;;;0;;;3.0;7.0;0.0;2.0;3.0;15.0;1.0;;20;11;2019;07:40;5.0;29;29151;2;3.0;1.0;3.0;PARC AU DUC (RUE DU);48,5736588; -3,8216275;4;rue de la Tannerie;0.0;;1.0;1;0.0;4.0;1;0;1.0;;;1.0;0.0;1.0;30.0;Finistère;53;Bretagne
201900003813;138Â 299Â 365;B01;1.0;1;2.0;1.0;2003.0;2.0;2.0;0.0;;;0;;;3.0;2.0;0.0;2.0;2.0;1.0;1.0;;20;11;2019;07:40;5.0;29;29151;2;3.0;1.0;3.0;PARC AU DUC (RUE DU);48,5736588; -3,8216275;4;rue de la Tannerie;0.0;;1.0;1;0.0;4.0;1;0;1.0;;;1.0;0.0;1.0;30.0;Finistère;53;Bretagne
201900003814;138Â 299Â 363;A01;10.0;3;2.0;2.0;2001.0;0.0;0.0;;;3.0;3;1.0;;2.0;10.0;0.0;1.0;1.0;2.0;1.0;;31;1;2019;19:57;5.0;92;92044;2;2.0;2.0;6.0;RASPAIL(RUE) 41A65 ET 32A58;48,8977070;2,2919798;4;RASPAIL(RUE) 41A65 ET 32A58;0.0;;1.0;1;0.0;1.0;0;0;1.0;;;2.0;0.0;1.0;50.0;Hauts-de-Seine;11;Île-de-France
201900003814;138Â 299Â 363;A01;1.0;1;1.0;2.0;1991.0;1.0;1.0;0.0;;;0;;;2.0;10.0;0.0;1.0;1.0;2.0;1.0;;31;1;2019;19:57;5.0;92;92044;2;2.0;2.0;6.0;RASPAIL(RUE) 41A65 ET 32A58;48,8977070;2,2919798;4;RASPAIL(RUE) 41A65 ET 32A58;0.0;;1.0;1;0.0;1.0;0;0;1.0;;;2.0;0.0;1.0;50.0;Hauts-de-Seine;11;Île-de-France
201900003815;138Â 299Â 361;A01;1.0;1;3.0;1.0;1971.0;1.0;2.0;6.0;9.0;0.0;0;;;3.0;33.0;0.0;2.0;2.0;1.0;1.0;;10;10;2019;18:26;1.0;91;91340;2;9.0;1.0;2.0;D26;48,5974120;2,4370340;3;26;;;2.0;2;0.0;1.0;(1);(1);1.0;;;1.0;0.0;1.0;50.0;Essonne;11;Île-de-France
201900003815;138Â 299Â 362;B01;1.0;1;1.0;1.0;1970.0;5.0;1.0;;;0.0;0;;;0.0;7.0;0.0;2.0;7.0;10.0;1.0;;10;10;2019;18:26;1.0;91;91340;2;9.0;1.0;2.0;D26;48,5974120;2,4370340;3;26;;;2.0;2;0.0;1.0;(1);(1);1.0;;;1.0;0.0;1.0;50.0;Essonne;11;Île-de-France
201900003816;138Â 299Â 359;B01;1.0;1;3.0;1.0;1967.0;5.0;;;;0.0;0;;;3.0;33.0;11.0;2.0;3.0;1.0;1.0;;13;7;2019;11:30;1.0;73;73008;2;2.0;1.0;3.0;Place ClÃ©menceau;45,6940523;5,9107943;4;Place G.ClÃ©menceau;;;2.0;2;0.0;1.0;(1);(1);3.0;;;1.0;5.0;1.0;30.0;Savoie;84;Auvergne-Rhône-Alpes
201900003816;138Â 299Â 360;A01;1.0;1;1.0;1.0;1940.0;5.0;;;;0.0;0;;;2.0;7.0;0.0;2.0;3.0;19.0;1.0;;13;7;2019;11:30;1.0;73;73008;2;2.0;1.0;3.0;Place ClÃ©menceau;45,6940523;5,9107943;4;Place G.ClÃ©menceau;;;2.0;2;0.0;1.0;(1);(1);3.0;;;1.0;5.0;1.0;30.0;Savoie;84;Auvergne-Rhône-Alpes
201900003817;138Â 299Â 358;A01;10.0;3;2.0;2.0;2010.0;2.0;8.0;8.0;;3.0;3;1.0;;2.0;7.0;0.0;1.0;3.0;1.0;0.0;;20;12;2019;17:45;2.0;51;51454;2;1.0;8.0;7.0;RUE D'AVRANCHES;49,2366307;4,0163333;4;RUE D'AVRANCHES;0.0;;2.0;2;0.0;1.0;(1);(1);2.0;;;2.0;9.0;1.0;30.0;Marne;44;Grand Est
201900003818;138Â 299Â 357;A01;1.0;1;1.0;1.0;1983.0;0.0;8.0;0.0;;0.0;0;;;3.0;7.0;0.0;1.0;2.0;1.0;1.0;;19;12;2019;16:35;5.0;51;51454;2;3.0;1.0;7.0;BOULEVARD CHARLES ARNOULD;49,2669044;4,0161959;4;BOULEVARD CHARLES ARNOULD;0.0;;2.0;2;0.0;1.0;1;0;1.0;;;1.0;0.0;1.0;50.0;Marne;44;Grand Est
201900003818;138Â 299Â 357;A01;10.0;3;2.0;1.0;2008.0;0.0;0.0;;;3.0;5;1.0;;3.0;7.0;0.0;1.0;2.0;1.0;1.0;;19;12;2019;16:35;5.0;51;51454;2;3.0;1.0;7.0;BOULEVARD CHARLES ARNOULD;49,2669044;4,0161959;4;BOULEVARD CHARLES ARNOULD;0.0;;2.0;2;0.0;1.0;1;0;1.0;;;1.0;0.0;1.0;50.0;Marne;44;Grand Est
201900003819;138Â 299Â 356;A01;1.0;1;1.0;1.0;1995.0;0.0;1.0;0.0;;;0;;;1.0;7.0;0.0;1.0;1.0;15.0;1.0;;16;11;2019;11:45;1.0;43;43157;2;3.0;8.0;6.0;BELGES (AV. DES);45,0465600;3,8922000;2;88;0.0;;2.0;2;0.0;1.0;63;50;1.0;;;7.0;0.0;1.0;50.0;Haute-Loire;84;Auvergne-Rhône-Alpes
201900003819;138Â 299Â 356;A01;10.0;3;3.0;2.0;1937.0;3.0;0.0;;;4.0;3;1.0;;1.0;7.0;0.0;1.0;1.0;15.0;1.0;;16;11;2019;11:45;1.0;43;43157;2;3.0;8.0;6.0;BELGES (AV. DES);45,0465600;3,8922000;2;88;0.0;;2.0;2;0.0;1.0;63;50;1.0;;;7.0;0.0;1.0;50.0;Haute-Loire;84;Auvergne-Rhône-Alpes
201900003820;138Â 299Â 355;A01;1.0;1;1.0;1.0;1970.0;4.0;1.0;0.0;;0.0;0;;;1.0;7.0;0.0;1.0;3.0;1.0;1.0;;28;11;2019;14:50;1.0;29;29019;2;1.0;1.0;6.0;FOCH MARECHAL;48,3952045; -4,4883240;4;FOCH MARECHAL;0.0;;2.0;4;2.0;1.0;0;0;1.0;;;2.0;0.0;1.0;50.0;Finistère;53;Bretagne
201900003820;138Â 299Â 355;A01;10.0;3;3.0;2.0;1955.0;5.0;8.0;8.0;;3.0;3;1.0;;1.0;7.0;0.0;1.0;3.0;1.0;1.0;;28;11;2019;14:50;1.0;29;29019;2;1.0;1.0;6.0;FOCH MARECHAL;48,3952045; -4,4883240;4;FOCH MARECHAL;0.0;;2.0;4;2.0;1.0;0;0;1.0;;;2.0;0.0;1.0;50.0;Finistère;53;Bretagne
201900003821;138Â 299Â 353;B01;3.0;2;2.0;2.0;1995.0;5.0;8.0;0.0;;; -1;;;2.0;7.0;0.0;2.0;2.0;1.0;1.0;;22;12;2019;04:00;5.0;69;69387;2;2.0;2.0;3.0;GUILLOTIERE (DE LA)                 (GR);45,7521000;4,8466800;7;GUILLOTIERE (DE LA)                 (GR);0.0;;1.0;1;0.0;1.0;1;0;1.0;;;2.0;0.0;1.0;50.0;Rhône;84;Auvergne-Rhône-Alpes
201900003821;138Â 299Â 353;B01;4.0;2;2.0;2.0;1990.0;5.0;8.0;0.0;;; -1;;;2.0;7.0;0.0;2.0;2.0;1.0;1.0;;22;12;2019;04:00;5.0;69;69387;2;2.0;2.0;3.0;GUILLOTIERE (DE LA)                 (GR);45,7521000;4,8466800;7;GUILLOTIERE (DE LA)                 (GR);0.0;;1.0;1;0.0;1.0;1;0;1.0;;;2.0;0.0;1.0;50.0;Rhône;84;Auvergne-Rhône-Alpes
201900003821;138Â 299Â 353;B01;1.0;1;2.0;1.0;1990.0;4.0;8.0;0.0;;; -1;;;2.0;7.0;0.0;2.0;2.0;1.0;1.0;;22;12;2019;04:00;5.0;69;69387;2;2.0;2.0;3.0;GUILLOTIERE (DE LA)                 (GR);45,7521000;4,8466800;7;GUILLOTIERE (DE LA)                 (GR);0.0;;1.0;1;0.0;1.0;1;0;1.0;;;2.0;0.0;1.0;50.0;Rhône;84;Auvergne-Rhône-Alpes
201900003821;138Â 299Â 354;A01;2.0;2;2.0;2.0;1998.0;5.0;8.0;0.0;;; -1;;;1.0;7.0;0.0;2.0;3.0;19.0;1.0;;22;12;2019;04:00;5.0;69;69387;2;2.0;2.0;3.0;GUILLOTIERE (DE LA)                 (GR);45,7521000;4,8466800;7;GUILLOTIERE (DE LA)                 (GR);0.0;;1.0;1;0.0;1.0;1;0;1.0;;;2.0;0.0;1.0;50.0;Rhône;84;Auvergne-Rhône-Alpes
201900003821;138Â 299Â 354;A01;1.0;1;2.0;1.0;1985.0;5.0;8.0;0.0;;; -1;;;1.0;7.0;0.0;2.0;3.0;19.0;1.0;;22;12;2019;04:00;5.0;69;69387;2;2.0;2.0;3.0;GUILLOTIERE (DE LA)                 (GR);45,7521000;4,8466800;7;GUILLOTIERE (DE LA)                 (GR);0.0;;1.0;1;0.0;1.0;1;0;1.0;;;2.0;0.0;1.0;50.0;Rhône;84;Auvergne-Rhône-Alpes
201900003822;138Â 299Â 351;B01;1.0;1;2.0;1.0;1961.0;0.0;1.0;8.0;;; -1;;;3.0;10.0;0.0;2.0;4.0;1.0;1.0;;2;12;2019;06:40;5.0;69;69382;2;1.0;1.0;2.0;PASTEUR                             (PT);45,7339900;4,8188200;4;PASTEUR                             (PT);0.0;;1.0;3;0.0;1.0;0;1;1.0;;;1.0;2.0;1.0;70.0;Rhône;84;Auvergne-Rhône-Alpes
201900003822;138Â 299Â 352;A01;1.0;1;1.0;1.0;1993.0;4.0;1.0;0.0;;; -1;;;3.0;10.0;0.0;2.0;1.0;1.0;1.0;;2;12;2019;06:40;5.0;69;69382;2;1.0;1.0;2.0;PASTEUR                             (PT);45,7339900;4,8188200;4;PASTEUR                             (PT);0.0;;1.0;3;0.0;1.0;0;1;1.0;;;1.0;2.0;1.0;70.0;Rhône;84;Auvergne-Rhône-Alpes
201900003823;138Â 299Â 350;A01;1.0;1;1.0;1.0;1987.0;5.0;1.0;5.0;;; -1;;;3.0;7.0;13.0;0.0;1.0;16.0;1.0;;20;12;2019;21:50;5.0;988;98818;2;1.0;1.0;6.0;ROUTE DES DEUX VALLEES; -22,2651800;166,4469000;4;197;0.0;;2.0;2;0.0;1.0;0;0;2.0;;;1.0;9.0;1.0;50.0;;;
201900003823;138Â 299Â 350;A01;3.0;2;2.0;1.0;1988.0;5.0;1.0;1.0;;0.0;0;;;3.0;7.0;13.0;0.0;1.0;16.0;1.0;;20;12;2019;21:50;5.0;988;98818;2;1.0;1.0;6.0;ROUTE DES DEUX VALLEES; -22,2651800;166,4469000;4;197;0.0;;2.0;2;0.0;1.0;0;0;2.0;;;1.0;9.0;1.0;50.0;;;
201900003824;138Â 299Â 349;A01;2.0;2;2.0;1.0;2002.0;0.0;8.0;0.0;;; -1;;;3.0;7.0;15.0;0.0;1.0;1.0;0.0;;27;10;2019;04:40;5.0;69;69259;2;1.0;1.0;6.0;11 NOVEMBRE 1918 (DU)               (AV);45,6898800;4,8649200;7;11 NOVEMBRE 1918 (DU)               (AV);0.0;;2.0;3;0.0;1.0;0;0;2.0;;;1.0;0.0;4.0;50.0;Rhône;84;Auvergne-Rhône-Alpes
201900003824;138Â 299Â 349;A01;2.0;2;1.0;1.0;2000.0;0.0;8.0;0.0;;;0;;;3.0;7.0;15.0;0.0;1.0;1.0;0.0;;27;10;2019;04:40;5.0;69;69259;2;1.0;1.0;6.0;11 NOVEMBRE 1918 (DU)               (AV);45,6898800;4,8649200;7;11 NOVEMBRE 1918 (DU)               (AV);0.0;;2.0;3;0.0;1.0;0;0;2.0;;;1.0;0.0;4.0;50.0;Rhône;84;Auvergne-Rhône-Alpes
201900003824;138Â 299Â 349;A01;2.0;2;1.0;1.0;2001.0;0.0;8.0;8.0;;; -1;;;3.0;7.0;15.0;0.0;1.0;1.0;0.0;;27;10;2019;04:40;5.0;69;69259;2;1.0;1.0;6.0;11 NOVEMBRE 1918 (DU)               (AV);45,6898800;4,8649200;7;11 NOVEMBRE 1918 (DU)               (AV);0.0;;2.0;3;0.0;1.0;0;0;2.0;;;1.0;0.0;4.0;50.0;Rhône;84;Auvergne-Rhône-Alpes
201900003824;138Â 299Â 349;A01;2.0;2;1.0;1.0;2001.0;0.0;8.0;0.0;;; -1;;;3.0;7.0;15.0;0.0;1.0;1.0;0.0;;27;10;2019;04:40;5.0;69;69259;2;1.0;1.0;6.0;11 NOVEMBRE 1918 (DU)               (AV);45,6898800;4,8649200;7;11 NOVEMBRE 1918 (DU)               (AV);0.0;;2.0;3;0.0;1.0;0;0;2.0;;;1.0;0.0;4.0;50.0;Rhône;84;Auvergne-Rhône-Alpes
201900003825;138Â 299Â 348;A01;1.0;1;1.0;2.0;1977.0;5.0;1.0;0.0;;; -1;;;3.0;7.0;0.0;1.0;6.0;4.0;1.0;;19;12;2019;13:15;1.0;77;77122;2;9.0;1.0;6.0;PARKING INTERMARCHE AV. MALRAUX;48,6484500;2,5636900;6;ANDRE MALRAUX (AVENUE);0.0;;;;0.0;1.0;0;1;1.0;;;1.0;9.0;8.0;50.0;Seine-et-Marne;11;Île-de-France
201900003825;138Â 299Â 348;A01;10.0;3;3.0;2.0;1933.0;5.0;0.0;;;2.0;1;2.0;;3.0;7.0;0.0;1.0;6.0;4.0;1.0;;19;12;2019;13:15;1.0;77;77122;2;9.0;1.0;6.0;PARKING INTERMARCHE AV. MALRAUX;48,6484500;2,5636900;6;ANDRE MALRAUX (AVENUE);0.0;;;;0.0;1.0;0;1;1.0;;;1.0;9.0;8.0;50.0;Seine-et-Marne;11;Île-de-France
201900003826;138Â 299Â 347;A01;1.0;1;1.0;1.0;1951.0;0.0;1.0;0.0;;; -1;;;1.0;7.0;0.0;1.0;1.0;19.0;1.0;;17;12;2019;08:55;1.0;77;77243;2;3.0;1.0;6.0;D418 X AV DE LA REPUBLIQUE;48,8775200;2,7013700;3;418;0.0;;2.0;2;0.0;1.0;9;1366;1.0;;;1.0;0.0;1.0;50.0;Seine-et-Marne;11;Île-de-France
201900003826;138Â 299Â 347;A01;10.0;3;2.0;2.0;1973.0;0.0;0.0;;;3.0;3;1.0;;1.0;7.0;0.0;1.0;1.0;19.0;1.0;;17;12;2019;08:55;1.0;77;77243;2;3.0;1.0;6.0;D418 X AV DE LA REPUBLIQUE;48,8775200;2,7013700;3;418;0.0;;2.0;2;0.0;1.0;9;1366;1.0;;;1.0;0.0;1.0;50.0;Seine-et-Marne;11;Île-de-France
201900003827;138Â 299Â 345;B01;1.0;1;3.0;2.0;1963.0;0.0;1.0;0.0;;; -1;;;1.0;7.0;0.0;2.0;8.0;26.0;1.0;;3;12;2019;20:45;5.0;74;74010;2;2.0;1.0;3.0;Rue JEAN JAURES X Rue de la Paix;45,9036739;6,1273838;4;JEAN JAURES;0.0;;2.0;2;0.0;1.0;0;0;1.0;;;1.0;0.0;1.0;30.0;Haute-Savoie;84;Auvergne-Rhône-Alpes
201900003827;138Â 299Â 346;A01;1.0;1;3.0;1.0;1984.0;1.0;2.0;0.0;;; -1;;;1.0;30.0;0.0;2.0;2.0;9.0;1.0;;3;12;2019;20:45;5.0;74;74010;2;2.0;1.0;3.0;Rue JEAN JAURES X Rue de la Paix;45,9036739;6,1273838;4;JEAN JAURES;0.0;;2.0;2;0.0;1.0;0;0;1.0;;;1.0;0.0;1.0;30.0;Haute-Savoie;84;Auvergne-Rhône-Alpes
201900003828;138Â 299Â 342;A01;1.0;1;1.0;1.0;1989.0;0.0;1.0;0.0;;; -1;;;1.0;7.0;0.0;2.0;1.0;1.0;1.0;;27;11;2019;19:40;5.0;69;69115;2;1.0;1.0;4.0;ANSE (route d');45,9724300;4,7170600;3;306;0.0;;2.0;2;0.0;1.0;1;0;1.0;;;1.0;0.0;1.0;50.0;Rhône;84;Auvergne-Rhône-Alpes
201900003828;138Â 299Â 343;B01;1.0;1;1.0;2.0;1997.0;9.0;1.0;0.0;;; -1;;;1.0;7.0;0.0;2.0;4.0;2.0;1.0;;27;11;2019;19:40;5.0;69;69115;2;1.0;1.0;4.0;ANSE (route d');45,9724300;4,7170600;3;306;0.0;;2.0;2;0.0;1.0;1;0;1.0;;;1.0;0.0;1.0;50.0;Rhône;84;Auvergne-Rhône-Alpes
201900003828;138Â 299Â 344;C01;1.0;1;2.0;1.0;1959.0;9.0;1.0;0.0;;; -1;;;1.0;7.0;0.0;0.0;4.0;1.0;1.0;;27;11;2019;19:40;5.0;69;69115;2;1.0;1.0;4.0;ANSE (route d');45,9724300;4,7170600;3;306;0.0;;2.0;2;0.0;1.0;1;0;1.0;;;1.0;0.0;1.0;50.0;Rhône;84;Auvergne-Rhône-Alpes
201900003828;138Â 299Â 344;C01;4.0;2;2.0;2.0;2013.0;9.0;1.0;0.0;;; -1;;;1.0;7.0;0.0;0.0;4.0;1.0;1.0;;27;11;2019;19:40;5.0;69;69115;2;1.0;1.0;4.0;ANSE (route d');45,9724300;4,7170600;3;306;0.0;;2.0;2;0.0;1.0;1;0;1.0;;;1.0;0.0;1.0;50.0;Rhône;84;Auvergne-Rhône-Alpes
201900003829;138Â 299Â 341;A01;10.0;3;2.0;2.0;1988.0;0.0;0.0;;;3.0;3;2.0;;1.0;2.0;0.0;1.0;1.0;1.0;1.0;;19;12;2019;08:15;1.0;54;54395;2;1.0;1.0;7.0;NEUVIEME DIVISION DE L'INFANTERIE COLONI;48,6701900;6,1638010;4;NEUVIEME DIVISION DE L'INFANTERIE COLONI;0.0;;2.0;2;0.0;1.0;0;0;1.0;;;1.0;0.0;;30.0;Meurthe-et-Moselle;44;Grand Est
201900003829;138Â 299Â 341;A01;10.0;3;2.0;1.0;2003.0;0.0;0.0;;;3.0;3;2.0;;1.0;2.0;0.0;1.0;1.0;1.0;1.0;;19;12;2019;08:15;1.0;54;54395;2;1.0;1.0;7.0;NEUVIEME DIVISION DE L'INFANTERIE COLONI;48,6701900;6,1638010;4;NEUVIEME DIVISION DE L'INFANTERIE COLONI;0.0;;2.0;2;0.0;1.0;0;0;1.0;;;1.0;0.0;;30.0;Meurthe-et-Moselle;44;Grand Est
201900003829;138Â 299Â 341;A01;1.0;1;1.0;1.0;1987.0;0.0;2.0;0.0;;; -1;;;1.0;2.0;0.0;1.0;1.0;1.0;1.0;;19;12;2019;08:15;1.0;54;54395;2;1.0;1.0;7.0;NEUVIEME DIVISION DE L'INFANTERIE COLONI;48,6701900;6,1638010;4;NEUVIEME DIVISION DE L'INFANTERIE COLONI;0.0;;2.0;2;0.0;1.0;0;0;1.0;;;1.0;0.0;;30.0;Meurthe-et-Moselle;44;Grand Est
201900003830;138Â 299Â 340;A01;10.0;3;2.0;1.0;1997.0;0.0;0.0;;;1.0;3;1.0;;1.0;7.0;0.0;1.0;1.0;1.0;1.0;;19;12;2019;10:25;1.0;54;54395;2;1.0;1.0;7.0;QUATRE EGLISES (RUE;48,6878390;6,1832360;4;QUATRE EGLISES (RUE;0.0;;1.0;1;0.0;3.0;0;0;1.0;;;1.0;0.0;1.0;30.0;Meurthe-et-Moselle;44;Grand Est