Num_Acc;id_vehicule;num_veh;place;catu;grav;sexe;an_nais;trajet;secu1;secu2;secu3;locp;actp;etatp;id_usager;senc;catv;obs;obsm;choc;manv;motor;occutc;jour;mois;an;hrmn;lum;dep;com;agg;int;atm;col;adr;lat;long;catr;voie;v1;v2;circ;nbv;vosp;prof;pr;pr1;plan;lartpc;larrout;surf;infra;situ;vma;nom_departement;reg;nom_region
201900003830;138Â 299Â 340;A01;1.0;1;1.0;1.0;1977.0;0.0;1.0;0.0;;; -1;;;1.0;7.0;0.0;1.0;1.0;1.0;1.0;;19;12;2019;10:25;1.0;54;54395;2;1.0;1.0;7.0;QUATRE EGLISES (RUE;48,6878390;6,1832360;4;QUATRE EGLISES (RUE;0.0;;1.0;1;0.0;3.0;0;0;1.0;;;1.0;0.0;1.0;30.0;Meurthe-et-Moselle;44;Grand Est
201900003831;138Â 299Â 338;B01;1.0;1;3.0;1.0;2001.0;5.0;1.0;0.0;;; -1;;;3.0;7.0;0.0;2.0;8.0;11.0;1.0;;20;12;2019;23:50;5.0;54;54395;2;1.0;8.0;3.0;VINGT SIXIEME R.I. (BOULEVARD DU 2 A 44);48,6984730;6,1879500;7;VINGT SIXIEME R.I. (BOULEVARD DU 2 A 44);0.0;;1.0;2;0.0;1.0;0;0;1.0;;;1.0;9.0;;50.0;Meurthe-et-Moselle;44;Grand Est
201900003831;138Â 299Â 339;A01;1.0;1;1.0;1.0;1986.0;5.0;1.0;0.0;;; -1;;;3.0;7.0;0.0;2.0;1.0;26.0;1.0;;20;12;2019;23:50;5.0;54;54395;2;1.0;8.0;3.0;VINGT SIXIEME R.I. (BOULEVARD DU 2 A 44);48,6984730;6,1879500;7;VINGT SIXIEME R.I. (BOULEVARD DU 2 A 44);0.0;;1.0;2;0.0;1.0;0;0;1.0;;;1.0;9.0;;50.0;Meurthe-et-Moselle;44;Grand Est
201900003832;138Â 299Â 336;B01;1.0;1;2.0;1.0;1956.0;0.0;2.0;8.0;;; -1;;;1.0;33.0;0.0;2.0;1.0;17.0;1.0;;19;12;2019;11:10;1.0;13;13208;2;9.0;1.0;3.0;RABATAU (BOULEVARD);43,2700000;5,3900000;4;RABATAU (BOULEVARD);0.0;;2.0;2;0.0;1.0;73;0;1.0;;;1.0;0.0;;30.0;Bouches-du-Rhône;93;Provence-Alpes-Côte d'Azur
201900003832;138Â 299Â 337;A01;1.0;1;1.0;1.0;1990.0;0.0;1.0;8.0;;; -1;;;1.0;7.0;0.0;2.0;3.0;10.0;1.0;;19;12;2019;11:10;1.0;13;13208;2;9.0;1.0;3.0;RABATAU (BOULEVARD);43,2700000;5,3900000;4;RABATAU (BOULEVARD);0.0;;2.0;2;0.0;1.0;73;0;1.0;;;1.0;0.0;;30.0;Bouches-du-Rhône;93;Provence-Alpes-Côte d'Azur
201900003833;138Â 299Â 335;A01;1.0;1;3.0;1.0;1989.0;0.0;8.0;0.0;;; -1;;;0.0;33.0;0.0;5.0;1.0;26.0;1.0;;27;12;2019;04:20;5.0;972;97209;2;1.0;1.0;7.0;CHEVALIER SAINTE-MARTHE (BOULEVARD);14,6016400; -61,0673700;4;CHEVALIER SAINTE-MARTHE (BOULEVARD);0.0;;2.0;2;0.0;1.0;0;600;2.0;;;1.0;0.0;;30.0;Martinique;02;Martinique
201900003834;138Â 299Â 334;A01;10.0;3;3.0;2.0;1950.0;0.0;0.0;;;5.0;9;1.0;;3.0;7.0;0.0;1.0;3.0;20.0;1.0;;19;12;2019;11:55;1.0;76;76351;2;1.0;1.0;7.0;GRAVILLE (BD DE);49,5003400;0,1458700;4;GRAVILLE (BD DE);0.0;;2.0;2;0.0;1.0;0;0;1.0;;;1.0;0.0;1.0;50.0;Seine-Maritime;28;Normandie
201900003834;138Â 299Â 334;A01;1.0;1;1.0;1.0;1985.0;0.0;1.0;8.0;;; -1;;;3.0;7.0;0.0;1.0;3.0;20.0;1.0;;19;12;2019;11:55;1.0;76;76351;2;1.0;1.0;7.0;GRAVILLE (BD DE);49,5003400;0,1458700;4;GRAVILLE (BD DE);0.0;;2.0;2;0.0;1.0;0;0;1.0;;;1.0;0.0;1.0;50.0;Seine-Maritime;28;Normandie
201900003835;138Â 299Â 332;A01;1.0;1;3.0;1.0;1990.0;5.0;1.0;0.0;;; -1;;;2.0;7.0;0.0;2.0;1.0;13.0;1.0;;24;12;2019;20:35;5.0;54;54580;2;3.0;8.0;1.0;LIBERATION (AVENUE DE LA);49,4528000;5,9223300;4;LIBERATION (AVENUE DE LA);0.0;;2.0;2;0.0;1.0;0;0;1.0;;;2.0;0.0;1.0;50.0;Meurthe-et-Moselle;44;Grand Est
201900003835;138Â 299Â 333;B01;3.0;2;3.0;1.0;1983.0;5.0;1.0;0.0;;; -1;;;1.0;7.0;0.0;2.0;3.0;1.0;1.0;;24;12;2019;20:35;5.0;54;54580;2;3.0;8.0;1.0;LIBERATION (AVENUE DE LA);49,4528000;5,9223300;4;LIBERATION (AVENUE DE LA);0.0;;2.0;2;0.0;1.0;0;0;1.0;;;2.0;0.0;1.0;50.0;Meurthe-et-Moselle;44;Grand Est
201900003835;138Â 299Â 333;B01;2.0;2;2.0;1.0;1992.0;5.0;1.0;0.0;;; -1;;;1.0;7.0;0.0;2.0;3.0;1.0;1.0;;24;12;2019;20:35;5.0;54;54580;2;3.0;8.0;1.0;LIBERATION (AVENUE DE LA);49,4528000;5,9223300;4;LIBERATION (AVENUE DE LA);0.0;;2.0;2;0.0;1.0;0;0;1.0;;;2.0;0.0;1.0;50.0;Meurthe-et-Moselle;44;Grand Est
201900003835;138Â 299Â 333;B01;4.0;2;1.0;1.0;2018.0;5.0;1.0;8.0;;; -1;;;1.0;7.0;0.0;2.0;3.0;1.0;1.0;;24;12;2019;20:35;5.0;54;54580;2;3.0;8.0;1.0;LIBERATION (AVENUE DE LA);49,4528000;5,9223300;4;LIBERATION (AVENUE DE LA);0.0;;2.0;2;0.0;1.0;0;0;1.0;;;2.0;0.0;1.0;50.0;Meurthe-et-Moselle;44;Grand Est
201900003835;138Â 299Â 333;B01;1.0;1;2.0;1.0;1990.0;5.0;1.0;0.0;;; -1;;;1.0;7.0;0.0;2.0;3.0;1.0;1.0;;24;12;2019;20:35;5.0;54;54580;2;3.0;8.0;1.0;LIBERATION (AVENUE DE LA);49,4528000;5,9223300;4;LIBERATION (AVENUE DE LA);0.0;;2.0;2;0.0;1.0;0;0;1.0;;;2.0;0.0;1.0;50.0;Meurthe-et-Moselle;44;Grand Est
201900003836;138Â 299Â 331;A01;10.0;3;2.0;1.0;2011.0;9.0;0.0;;;3.0;B;1.0;;0.0;1.0;0.0;1.0;1.0;0.0;5.0;;17;12;2019;16:30;1.0;35;35281;2;1.0;1.0;6.0;CLAUDEL (COURS CAMILLE);48,0813700; -1,7137600;4;CLAUDEL (COURS CAMILLE);0.0;;1.0;1;0.0;1.0;0;0;1.0;;;1.0;6.0;1.0;30.0;Ille-et-Vilaine;53;Bretagne
201900003836;138Â 299Â 331;A01;1.0;1;1.0;1.0;1990.0;0.0;8.0;0.0;;; -1;;;0.0;1.0;0.0;1.0;1.0;0.0;5.0;;17;12;2019;16:30;1.0;35;35281;2;1.0;1.0;6.0;CLAUDEL (COURS CAMILLE);48,0813700; -1,7137600;4;CLAUDEL (COURS CAMILLE);0.0;;1.0;1;0.0;1.0;0;0;1.0;;;1.0;6.0;1.0;30.0;Ille-et-Vilaine;53;Bretagne
201900003837;138Â 299Â 329;B01;1.0;1;3.0;1.0;1996.0;0.0;2.0;6.0;;; -1;;;2.0;31.0;0.0;2.0;8.0;1.0;1.0;;3;9;2019;16:03;1.0;33;33013;2;4.0;1.0;3.0;ROUTE NATIONALE 89;44,8688500; -0,4995700;2;89;0.0;;3.0;5;0.0;1.0;49;715;1.0;;;1.0;0.0;8.0;50.0;Gironde;75;Nouvelle-Aquitaine
201900003837;138Â 299Â 330;A01;1.0;1;1.0;1.0;1966.0;0.0;1.0;0.0;;; -1;;;2.0;7.0;0.0;2.0;2.0;12.0;1.0;;3;9;2019;16:03;1.0;33;33013;2;4.0;1.0;3.0;ROUTE NATIONALE 89;44,8688500; -0,4995700;2;89;0.0;;3.0;5;0.0;1.0;49;715;1.0;;;1.0;0.0;8.0;50.0;Gironde;75;Nouvelle-Aquitaine
201900003838;138Â 299Â 328;A01;1.0;1;3.0;1.0;2000.0;1.0;2.0;6.0;9.0;0.0;0;;;2.0;33.0;12.0;0.0;1.0;1.0;1.0;;22;8;2019;06:45;1.0;33;33484;2;1.0;1.0;6.0;27 Avenue du 8 Mai;44,4319180; -0,4985960;3;3E16;0.0;;2.0;2;0.0;1.0;0;220;2.0;;;1.0;0.0;3.0;50.0;Gironde;75;Nouvelle-Aquitaine
201900003839;138Â 299Â 326;A01;1.0;1;1.0;1.0;1974.0;9.0;1.0;;;0.0;0;;;0.0;7.0;0.0;9.0;1.0;1.0;1.0;;28;11;2019;17:50;3.0;29;29212;2;1.0;2.0;3.0;Rue des Myosotis;48,3733450; -4,5883910;4;;;;2.0;2;1.0;1.0;(1);(1);1.0;;;1.0;0.0;1.0;50.0;Finistère;53;Bretagne
201900003839;138Â 299Â 327;B01;1.0;1;2.0;2.0;2005.0;5.0;2.0;4.0;9.0;0.0;0;;;0.0;1.0;0.0;2.0;7.0;19.0;5.0;;28;11;2019;17:50;3.0;29;29212;2;1.0;2.0;3.0;Rue des Myosotis;48,3733450; -4,5883910;4;;;;2.0;2;1.0;1.0;(1);(1);1.0;;;1.0;0.0;1.0;50.0;Finistère;53;Bretagne
201900003840;138Â 299Â 324;A01;1.0;1;1.0;2.0;1982.0;5.0;1.0;;;0.0;0;;;1.0;7.0;0.0;0.0;6.0;15.0;1.0;;23;11;2019;16:40;1.0;29;29042;1;9.0;2.0;2.0;D155;48,2635260; -4,4964770;3;155;;D;2.0;2;0.0;4.0;1;900;2.0;;;2.0;0.0;1.0;70.0;Finistère;53;Bretagne
201900003840;138Â 299Â 324;A01;7.0;2;1.0;1.0;2013.0;5.0;1.0;3.0;;0.0;0;;;1.0;7.0;0.0;0.0;6.0;15.0;1.0;;23;11;2019;16:40;1.0;29;29042;1;9.0;2.0;2.0;D155;48,2635260; -4,4964770;3;155;;D;2.0;2;0.0;4.0;1;900;2.0;;;2.0;0.0;1.0;70.0;Finistère;53;Bretagne
201900003840;138Â 299Â 324;A01;9.0;2;3.0;1.0;2015.0;5.0;1.0;3.0;;0.0;0;;;1.0;7.0;0.0;0.0;6.0;15.0;1.0;;23;11;2019;16:40;1.0;29;29042;1;9.0;2.0;2.0;D155;48,2635260; -4,4964770;3;155;;D;2.0;2;0.0;4.0;1;900;2.0;;;2.0;0.0;1.0;70.0;Finistère;53;Bretagne
201900003840;138Â 299Â 325;B01;1.0;1;1.0;1.0;1970.0;3.0;1.0;;;0.0;0;;;1.0;7.0;0.0;2.0;2.0;1.0;1.0;;23;11;2019;16:40;1.0;29;29042;1;9.0;2.0;2.0;D155;48,2635260; -4,4964770;3;155;;D;2.0;2;0.0;4.0;1;900;2.0;;;2.0;0.0;1.0;70.0;Finistère;53;Bretagne
201900003840;138Â 299Â 325;B01;2.0;2;1.0;2.0;2003.0;5.0;1.0;;;0.0;0;;;1.0;7.0;0.0;2.0;2.0;1.0;1.0;;23;11;2019;16:40;1.0;29;29042;1;9.0;2.0;2.0;D155;48,2635260; -4,4964770;3;155;;D;2.0;2;0.0;4.0;1;900;2.0;;;2.0;0.0;1.0;70.0;Finistère;53;Bretagne
201900003841;138Â 299Â 322;B01;2.0;2;2.0;1.0;2000.0;0.0;8.0;0.0;;; -1;;;1.0;7.0;0.0;2.0;4.0;1.0;1.0;;21;12;2019;16:10;1.0;13;13214;1;1.0;1.0;2.0;A507 sens Marseille - Aubagne;43,3326410;5,3855870;1;507 ;0.0;;;2;0.0;2.0;4;400;3.0;;;1.0;0.0;1.0;70.0;Bouches-du-Rhône;93;Provence-Alpes-Côte d'Azur
201900003841;138Â 299Â 322;B01;1.0;1;2.0;1.0;2000.0;0.0;8.0;0.0;;; -1;;;1.0;7.0;0.0;2.0;4.0;1.0;1.0;;21;12;2019;16:10;1.0;13;13214;1;1.0;1.0;2.0;A507 sens Marseille - Aubagne;43,3326410;5,3855870;1;507 ;0.0;;;2;0.0;2.0;4;400;3.0;;;1.0;0.0;1.0;70.0;Bouches-du-Rhône;93;Provence-Alpes-Côte d'Azur
201900003841;138Â 299Â 323;A01;1.0;1;1.0;2.0;1995.0;0.0;8.0;0.0;;; -1;;;1.0;7.0;0.0;2.0;1.0;2.0;1.0;;21;12;2019;16:10;1.0;13;13214;1;1.0;1.0;2.0;A507 sens Marseille - Aubagne;43,3326410;5,3855870;1;507 ;0.0;;;2;0.0;2.0;4;400;3.0;;;1.0;0.0;1.0;70.0;Bouches-du-Rhône;93;Provence-Alpes-Côte d'Azur
201900003842;138Â 299Â 318;A01;1.0;1;1.0;2.0;1972.0;9.0;1.0;0.0;;0.0;0;;;1.0;7.0;0.0;2.0;4.0;12.0;1.0;;17;12;2019;05:40;5.0;75;75119;2;1.0;1.0;3.0;BD PERIPHERIQUE INTERIEUR;48,8788790;2,4079060;4;BD PERIPHERIQUE INTERIEUR;0.0;;;4;0.0;1.0;28;200;1.0;;;1.0;0.0;1.0;70.0;Paris;11;Île-de-France
201900003842;138Â 299Â 319;B01;1.0;1;3.0;1.0;1994.0;0.0;2.0;6.0;;;0;;;1.0;33.0;0.0;2.0;1.0;3.0;1.0;;17;12;2019;05:40;5.0;75;75119;2;1.0;1.0;3.0;BD PERIPHERIQUE INTERIEUR;48,8788790;2,4079060;4;BD PERIPHERIQUE INTERIEUR;0.0;;;4;0.0;1.0;28;200;1.0;;;1.0;0.0;1.0;70.0;Paris;11;Île-de-France
201900003843;138Â 299Â 317;A01;10.0;3;3.0;1.0;1997.0;1.0;0.0;;;2.0;0;1.0;;1.0;7.0;0.0;1.0;1.0;19.0;1.0;;16;10;2019;23:25;5.0;29;29019;2;6.0;1.0;6.0;SALAUN PENQUER;48,3828682; -4,4880967;4;SALAUN PENQUER;0.0;;;2;0.0;1.0;0;0;1.0;;;1.0;0.0;1.0;30.0;Finistère;53;Bretagne
201900003843;138Â 299Â 317;A01;1.0;1;1.0;1.0;1997.0;5.0;1.0;8.0;;;0;;;1.0;7.0;0.0;1.0;1.0;19.0;1.0;;16;10;2019;23:25;5.0;29;29019;2;6.0;1.0;6.0;SALAUN PENQUER;48,3828682; -4,4880967;4;SALAUN PENQUER;0.0;;;2;0.0;1.0;0;0;1.0;;;1.0;0.0;1.0;30.0;Finistère;53;Bretagne
201900003844;138Â 299Â 316;A01;10.0;3;2.0;1.0;2004.0;0.0;8.0;8.0;;1.0;3;1.0;;1.0;7.0;0.0;1.0;1.0;1.0;1.0;;10;10;2019;18:15;1.0;29;29019;2;1.0;1.0;6.0;PRIGENT TANGUY (RP CARREFOUR A RUE MESNO;48,3986000; -4,5288000;4;PRIGENT TANGUY (RP CARREFOUR A RUE MESNO;0.0;;2.0;2;0.0;1.0;0;0;1.0;;;1.0;0.0;1.0;50.0;Finistère;53;Bretagne
201900003844;138Â 299Â 316;A01;1.0;1;1.0;1.0;1998.0;9.0;1.0;0.0;;;0;;;1.0;7.0;0.0;1.0;1.0;1.0;1.0;;10;10;2019;18:15;1.0;29;29019;2;1.0;1.0;6.0;PRIGENT TANGUY (RP CARREFOUR A RUE MESNO;48,3986000; -4,5288000;4;PRIGENT TANGUY (RP CARREFOUR A RUE MESNO;0.0;;2.0;2;0.0;1.0;0;0;1.0;;;1.0;0.0;1.0;50.0;Finistère;53;Bretagne
201900003845;138Â 299Â 315;A01;1.0;1;2.0;2.0;1987.0;1.0;1.0;8.0;;;0;;;1.0;7.0;4.0;0.0;1.0;1.0;1.0;;26;9;2019;09:00;1.0;29;29019;2;6.0;1.0;7.0;PEN AR CH'LEUZ;48,4145000; -4,4786000;4;PEN AR CH'LEUZ;0.0;;1.0;3;0.0;1.0;0;0;2.0;;;2.0;0.0;1.0;50.0;Finistère;53;Bretagne
201900003846;138Â 299Â 313;B01;1.0;1;2.0;2.0;1943.0;9.0;1.0;0.0;;;0;;;2.0;7.0;0.0;2.0;1.0;1.0;1.0;;17;9;2019;14:40;1.0;29;29019;2;1.0;1.0;1.0;PRIGENT TANGUY (DE MESNOS A PONT LA VILL;48,3993087; -4,5273486;4;PRIGENT TANGUY (DE MESNOS A PONT LA VILL;0.0;;2.0;2;0.0;2.0;0;0;2.0;;;1.0;0.0;1.0;50.0;Finistère;53;Bretagne
201900003846;138Â 299Â 314;A01;1.0;1;2.0;1.0;1994.0;9.0;1.0;8.0;;0.0;0;;;1.0;7.0;0.0;2.0;3.0;13.0;1.0;;17;9;2019;14:40;1.0;29;29019;2;1.0;1.0;1.0;PRIGENT TANGUY (DE MESNOS A PONT LA VILL;48,3993087; -4,5273486;4;PRIGENT TANGUY (DE MESNOS A PONT LA VILL;0.0;;2.0;2;0.0;2.0;0;0;2.0;;;1.0;0.0;1.0;50.0;Finistère;53;Bretagne
201900003846;138Â 299Â 314;A01;2.0;2;2.0;1.0;1997.0;9.0;1.0;8.0;;;0;;;1.0;7.0;0.0;2.0;3.0;13.0;1.0;;17;9;2019;14:40;1.0;29;29019;2;1.0;1.0;1.0;PRIGENT TANGUY (DE MESNOS A PONT LA VILL;48,3993087; -4,5273486;4;PRIGENT TANGUY (DE MESNOS A PONT LA VILL;0.0;;2.0;2;0.0;2.0;0;0;2.0;;;1.0;0.0;1.0;50.0;Finistère;53;Bretagne
201900003847;138Â 299Â 310;A01;1.0;1;4.0;1.0;1994.0;0.0;2.0;6.0;;; -1;;;2.0;33.0;1.0;0.0;1.0;0.0;1.0;;30;6;2019;22:30;5.0;93;93057;2;4.0;1.0;6.0;CASANOVA ( AL. DANIELLE) 91 A FIN;48,9053200;2,4987500;4;CASANOVA ( AL. DANIELLE) 91 A FIN;0.0;;2.0;0;0.0;1.0;0;0;2.0;;;1.0;0.0;1.0;30.0;Seine-Saint-Denis;11;Île-de-France
201900003848;138Â 299Â 309;A01;10.0;3;2.0;1.0;1943.0;5.0;0.0;;;3.0;3;1.0;;2.0;7.0;0.0;1.0;1.0;1.0;1.0;;24;12;2019;11:00;1.0;05;05061;2;6.0;1.0;7.0;COMMANDANT DUMONT ( AVENUE);44,5639576;6,0838602;2;85;0.0;;2.0;2;0.0;2.0;36;131;3.0;;;1.0;5.0;1.0;50.0;Hautes-Alpes;93;Provence-Alpes-Côte d'Azur
201900003848;138Â 299Â 309;A01;1.0;1;1.0;1.0;1956.0;5.0;1.0;0.0;;;0;;;2.0;7.0;0.0;1.0;1.0;1.0;1.0;;24;12;2019;11:00;1.0;05;05061;2;6.0;1.0;7.0;COMMANDANT DUMONT ( AVENUE);44,5639576;6,0838602;2;85;0.0;;2.0;2;0.0;2.0;36;131;3.0;;;1.0;5.0;1.0;50.0;Hautes-Alpes;93;Provence-Alpes-Côte d'Azur
201900003849;138Â 299Â 307;B01;1.0;1;3.0;2.0;1975.0;1.0;1.0;;;0.0;0;;;3.0;7.0;0.0;2.0;3.0;1.0;1.0;;8;11;2019;17:35;2.0;30;30279;1;1.0;1.0;1.0;DÃ©partementale 6;44,1296730;4,4353980;3;6;;;2.0;2;0.0;1.0;(1);(1);3.0;;;1.0;0.0;1.0;80.0;Gard;76;Occitanie
201900003849;138Â 299Â 308;A01;1.0;1;3.0;1.0;1945.0;5.0;1.0;;;0.0;0;;;3.0;7.0;0.0;2.0;3.0;13.0;1.0;;8;11;2019;17:35;2.0;30;30279;1;1.0;1.0;1.0;DÃ©partementale 6;44,1296730;4,4353980;3;6;;;2.0;2;0.0;1.0;(1);(1);3.0;;;1.0;0.0;1.0;80.0;Gard;76;Occitanie
201900003850;138Â 299Â 305;A01;1.0;1;1.0;1.0;1977.0;5.0;1.0;0.0;;0.0;0;;;1.0;10.0;0.0;2.0;3.0;1.0;1.0;;21;5;2019;19:05;1.0;22;22215;2;2.0;1.0;3.0;CROIX FICHET (RUE DE LA);48,4921302; -2,7951021;4;CROIX FICHET (RUE DE LA);0.0;;;2;0.0;1.0;1;0;1.0;;;1.0;0.0;1.0;50.0;Côtes-d'Armor;53;Bretagne
201900003850;138Â 299Â 306;B01;1.0;1;2.0;2.0;2000.0;0.0;2.0;0.0;;0.0;0;;;1.0;30.0;0.0;2.0;7.0;0.0;1.0;;21;5;2019;19:05;1.0;22;22215;2;2.0;1.0;3.0;CROIX FICHET (RUE DE LA);48,4921302; -2,7951021;4;CROIX FICHET (RUE DE LA);0.0;;;2;0.0;1.0;1;0;1.0;;;1.0;0.0;1.0;50.0;Côtes-d'Armor;53;Bretagne
201900003851;138Â 299Â 303;B01;1.0;1;1.0;1.0;1967.0;9.0;1.0;0.0;;; -1;;;1.0;7.0;0.0;2.0;4.0;23.0;1.0;;30;12;2019;01:45;3.0;31;31555;1;1.0;1.0;2.0;VA007331 A620;43,6143000;1,4179700;1;620;0.0;;3.0;4;0.0;1.0;5;0;1.0;;;1.0;0.0;1.0;90.0;Haute-Garonne;76;Occitanie
201900003851;138Â 299Â 304;A01;1.0;1;3.0;2.0;1986.0;9.0;1.0;8.0;;; -1;;;1.0;10.0;0.0;2.0;1.0;2.0;1.0;;30;12;2019;01:45;3.0;31;31555;1;1.0;1.0;2.0;VA007331 A620;43,6143000;1,4179700;1;620;0.0;;3.0;4;0.0;1.0;5;0;1.0;;;1.0;0.0;1.0;90.0;Haute-Garonne;76;Occitanie
201900003852;138Â 299Â 299;A01;1.0;1;2.0;2.0;1988.0;1.0;8.0;2.0;;0.0;0;;;2.0;1.0;0.0;2.0;1.0;1.0;5.0;;20;9;2019;08:05;1.0;75;75111;2;2.0;1.0;3.0;AVENUE DE LA REPUBLIQUE;48,8660025;2,3706578;4;AVENUE DE LA REPUBLIQUE;0.0;;2.0;2;0.0;2.0;0;0;1.0;;;1.0;0.0;1.0;30.0;Paris;11;Île-de-France
201900003852;138Â 299Â 300;B01;1.0;1;1.0;1.0;1960.0;4.0;1.0;0.0;;0.0;0;;;2.0;7.0;0.0;2.0;3.0;16.0;1.0;;20;9;2019;08:05;1.0;75;75111;2;2.0;1.0;3.0;AVENUE DE LA REPUBLIQUE;48,8660025;2,3706578;4;AVENUE DE LA REPUBLIQUE;0.0;;2.0;2;0.0;2.0;0;0;1.0;;;1.0;0.0;1.0;30.0;Paris;11;Île-de-France
201900003853;138Â 299Â 295;A01;2.0;2;1.0;1.0;1944.0;5.0;1.0;;;0.0;0;;;1.0;7.0;0.0;1.0;1.0;9.0;1.0;;9;11;2019;22:50;3.0;29;29189;1;9.0;8.0;6.0;Plougastel-Daoulas;48,3830260; -4,3513260;2;165;0.0;;3.0;2;0.0;1.0;109;200;1.0;;;2.0;3.0;1.0;110.0;Finistère;53;Bretagne
201900003853;138Â 299Â 295;A01;10.0;3;4.0;1.0;1983.0;0.0;0.0;;;1.0;3;1.0;;1.0;7.0;0.0;1.0;1.0;9.0;1.0;;9;11;2019;22:50;3.0;29;29189;1;9.0;8.0;6.0;Plougastel-Daoulas;48,3830260; -4,3513260;2;165;0.0;;3.0;2;0.0;1.0;109;200;1.0;;;2.0;3.0;1.0;110.0;Finistère;53;Bretagne
201900003853;138Â 299Â 295;A01;1.0;1;1.0;2.0;1947.0;5.0;1.0;;;0.0;0;;;1.0;7.0;0.0;1.0;1.0;9.0;1.0;;9;11;2019;22:50;3.0;29;29189;1;9.0;8.0;6.0;Plougastel-Daoulas;48,3830260; -4,3513260;2;165;0.0;;3.0;2;0.0;1.0;109;200;1.0;;;2.0;3.0;1.0;110.0;Finistère;53;Bretagne
201900003853;138Â 299Â 296;B01;1.0;1;1.0;1.0;1991.0;5.0;1.0;;;0.0;0;;;1.0;7.0;0.0;1.0;1.0;2.0;1.0;;9;11;2019;22:50;3.0;29;29189;1;9.0;8.0;6.0;Plougastel-Daoulas;48,3830260; -4,3513260;2;165;0.0;;3.0;2;0.0;1.0;109;200;1.0;;;2.0;3.0;1.0;110.0;Finistère;53;Bretagne
201900003853;138Â 299Â 296;B01;2.0;2;1.0;1.0;1992.0;5.0;1.0;;;0.0;0;;;1.0;7.0;0.0;1.0;1.0;2.0;1.0;;9;11;2019;22:50;3.0;29;29189;1;9.0;8.0;6.0;Plougastel-Daoulas;48,3830260; -4,3513260;2;165;0.0;;3.0;2;0.0;1.0;109;200;1.0;;;2.0;3.0;1.0;110.0;Finistère;53;Bretagne
201900003853;138Â 299Â 297;C01;1.0;1;1.0;2.0;1980.0;1.0;1.0;;;0.0;0;;;1.0;7.0;0.0;1.0;1.0;2.0;1.0;;9;11;2019;22:50;3.0;29;29189;1;9.0;8.0;6.0;Plougastel-Daoulas;48,3830260; -4,3513260;2;165;0.0;;3.0;2;0.0;1.0;109;200;1.0;;;2.0;3.0;1.0;110.0;Finistère;53;Bretagne
201900003853;138Â 299Â 298;D01;2.0;2;1.0;1.0;1998.0;5.0;1.0;;;0.0;0;;;1.0;7.0;0.0;1.0;1.0;2.0;1.0;;9;11;2019;22:50;3.0;29;29189;1;9.0;8.0;6.0;Plougastel-Daoulas;48,3830260; -4,3513260;2;165;0.0;;3.0;2;0.0;1.0;109;200;1.0;;;2.0;3.0;1.0;110.0;Finistère;53;Bretagne
201900003853;138Â 299Â 298;D01;1.0;1;1.0;2.0;1999.0;5.0;1.0;;;0.0;0;;;1.0;7.0;0.0;1.0;1.0;2.0;1.0;;9;11;2019;22:50;3.0;29;29189;1;9.0;8.0;6.0;Plougastel-Daoulas;48,3830260; -4,3513260;2;165;0.0;;3.0;2;0.0;1.0;109;200;1.0;;;2.0;3.0;1.0;110.0;Finistère;53;Bretagne
201900003854;138Â 299Â 293;A01;1.0;1;1.0;2.0;1985.0;5.0;1.0;;;0.0;0;;;3.0;7.0;0.0;2.0;2.0;15.0;1.0;;15;11;2019;15:45;1.0;29;29162;2;3.0;1.0;3.0;34 Rue Maurice de Tresiguidy;48,2216950; -3,9849250;4;Rue KÃ©ruzorÃ©;;;2.0;2;0.0;1.0;(1);(1);1.0;;;1.0;5.0;1.0;50.0;Finistère;53;Bretagne
201900003854;138Â 299Â 294;B01;1.0;1;3.0;1.0;2005.0;2.0;2.0;6.0;;0.0;0;;;3.0;2.0;0.0;2.0;1.0;1.0;1.0;;15;11;2019;15:45;1.0;29;29162;2;3.0;1.0;3.0;34 Rue Maurice de Tresiguidy;48,2216950; -3,9849250;4;Rue KÃ©ruzorÃ©;;;2.0;2;0.0;1.0;(1);(1);1.0;;;1.0;5.0;1.0;50.0;Finistère;53;Bretagne
201900003855;138Â 299Â 291;A01;1.0;1;1.0;2.0;1970.0;1.0;1.0;;;0.0;0;;;2.0;7.0;0.0;2.0;7.0;15.0;1.0;;29;11;2019;18:07;3.0;29;29160;1;3.0;1.0;2.0;Lieu-dit Streat Glaz;48,5152907; -4,4383863;3;59;0.0;D;2.0;2;0.0;1.0;12;950;1.0;;;1.0;5.0;1.0;80.0;Finistère;53;Bretagne
201900003855;138Â 299Â 292;B01;1.0;1;2.0;1.0;2003.0;5.0;2.0;6.0;;0.0;0;;;1.0;2.0;0.0;2.0;1.0;1.0;1.0;;29;11;2019;18:07;3.0;29;29160;1;3.0;1.0;2.0;Lieu-dit Streat Glaz;48,5152907; -4,4383863;3;59;0.0;D;2.0;2;0.0;1.0;12;950;1.0;;;1.0;5.0;1.0;80.0;Finistère;53;Bretagne
201900003855;138Â 299Â 292;B01;2.0;2;1.0;1.0;2002.0;5.0;2.0;;;0.0;0;;;1.0;2.0;0.0;2.0;1.0;1.0;1.0;;29;11;2019;18:07;3.0;29;29160;1;3.0;1.0;2.0;Lieu-dit Streat Glaz;48,5152907; -4,4383863;3;59;0.0;D;2.0;2;0.0;1.0;12;950;1.0;;;1.0;5.0;1.0;80.0;Finistère;53;Bretagne