Num_Acc;id_vehicule;num_veh;place;catu;grav;sexe;an_nais;trajet;secu1;secu2;secu3;locp;actp;etatp;id_usager;senc;catv;obs;obsm;choc;manv;motor;occutc;jour;mois;an;hrmn;lum;dep;com;agg;int;atm;col;adr;lat;long;catr;voie;v1;v2;circ;nbv;vosp;prof;pr;pr1;plan;lartpc;larrout;surf;infra;situ;vma;nom_departement;reg;nom_region
201900003856;138Â 299Â 287;A01;1.0;1;2.0;2.0;1997.0;0.0;1.0;8.0;;; -1;;;2.0;7.0;3.0;0.0;1.0;14.0;1.0;;20;12;2019;04:30;3.0;33;33143;1;1.0;3.0;6.0;AUTOROUTE A 10;44,9747700; -0,4335500;1;10;0.0;;3.0;6;0.0;2.0;531;0;2.0;;;3.0;0.0;1.0;130.0;Gironde;75;Nouvelle-Aquitaine
201900003857;138Â 299Â 286;A01;10.0;3;4.0;1.0;1965.0;5.0;;;;1.0;3;1.0;;2.0;0.0;0.0;1.0;0.0;0.0;;;18;10;2019;00:05;3.0;68;68256;1;1.0;1.0;6.0;;47,7555020;7,2979550;1;36;0.0;;1.0;1;0.0;2.0;102;50;3.0;1.0;35.0;1.0;0.0;1.0;70.0;Haut-Rhin;44;Grand Est
201900003858;138Â 299Â 284;A01;1.0;1;1.0;1.0;1963.0;0.0;1.0;;;0.0;0;;;2.0;7.0;0.0;2.0;1.0;15.0;1.0;;6;9;2019;08:55;1.0;07;07324;2;1.0;1.0;3.0;;45,0730360;4,8201120;3;86;0.0;;2.0;2;0.0;1.0;35;600;1.0;;;1.0;0.0;1.0;50.0;Ardèche;84;Auvergne-Rhône-Alpes
201900003858;138Â 299Â 285;B01;1.0;1;3.0;1.0;1957.0;0.0;2.0;;;0.0;0;;;1.0;2.0;0.0;2.0;7.0;17.0;1.0;;6;9;2019;08:55;1.0;07;07324;2;1.0;1.0;3.0;;45,0730360;4,8201120;3;86;0.0;;2.0;2;0.0;1.0;35;600;1.0;;;1.0;0.0;1.0;50.0;Ardèche;84;Auvergne-Rhône-Alpes
201900003859;138Â 299Â 282;A01;1.0;1;1.0;1.0;1998.0;9.0;1.0;0.0;;;0;;;1.0;7.0;0.0;2.0;2.0;1.0;1.0;;18;11;2019;07:41;1.0;29;29019;2;3.0;1.0;3.0;RICHELIEU;48,3941500; -4,4746800;4;RICHELIEU;0.0;;;2;0.0;1.0;0;0;1.0;;;1.0;0.0;1.0;50.0;Finistère;53;Bretagne
201900003859;138Â 299Â 283;B01;1.0;1;2.0;2.0;1984.0;9.0;1.0;0.0;;;0;;;1.0;7.0;0.0;2.0;1.0;1.0;1.0;;18;11;2019;07:41;1.0;29;29019;2;3.0;1.0;3.0;RICHELIEU;48,3941500; -4,4746800;4;RICHELIEU;0.0;;;2;0.0;1.0;0;0;1.0;;;1.0;0.0;1.0;50.0;Finistère;53;Bretagne
201900003859;138Â 299Â 283;B01;4.0;2;2.0;2.0;2015.0;9.0;3.0;8.0;;;0;;;1.0;7.0;0.0;2.0;1.0;1.0;1.0;;18;11;2019;07:41;1.0;29;29019;2;3.0;1.0;3.0;RICHELIEU;48,3941500; -4,4746800;4;RICHELIEU;0.0;;;2;0.0;1.0;0;0;1.0;;;1.0;0.0;1.0;50.0;Finistère;53;Bretagne
201900003860;138Â 299Â 280;A01;1.0;1;2.0;2.0;1979.0;5.0;1.0;0.0;;; -1;;;0.0;7.0;0.0;2.0;1.0;2.0;1.0;;21;12;2019;20:50;5.0;73;73008;2;1.0;3.0;2.0;D991 RUSSIE BOULEVARD DE;45,6823850;5,9105050;3;991;0.0;;3.0;2;2.0;1.0;(1);(1);1.0;;;2.0;0.0;1.0;50.0;Savoie;84;Auvergne-Rhône-Alpes
201900003860;138Â 299Â 281;B01;1.0;1;1.0;1.0;1990.0;5.0;1.0;0.0;;; -1;;;0.0;7.0;0.0;2.0;4.0;0.0;1.0;;21;12;2019;20:50;5.0;73;73008;2;1.0;3.0;2.0;D991 RUSSIE BOULEVARD DE;45,6823850;5,9105050;3;991;0.0;;3.0;2;2.0;1.0;(1);(1);1.0;;;2.0;0.0;1.0;50.0;Savoie;84;Auvergne-Rhône-Alpes
201900003861;138Â 299Â 278;B01;1.0;1;3.0;1.0;1970.0;0.0;2.0;6.0;;0.0;0;;;1.0;2.0;0.0;2.0;1.0;1.0;1.0;;22;12;2019;11:45;1.0;89;89074;2;3.0;1.0;3.0;Route Nationale;48,3251840;3,1241590;3;606;;;2.0;2;0.0;1.0;7;0;1.0;;;1.0;0.0;1.0;50.0;Yonne;27;Bourgogne-Franche-Comté
201900003861;138Â 299Â 279;A01;1.0;1;1.0;2.0;1954.0;0.0;1.0;;;0.0;0;;;3.0;7.0;0.0;2.0;8.0;15.0;1.0;;22;12;2019;11:45;1.0;89;89074;2;3.0;1.0;3.0;Route Nationale;48,3251840;3,1241590;3;606;;;2.0;2;0.0;1.0;7;0;1.0;;;1.0;0.0;1.0;50.0;Yonne;27;Bourgogne-Franche-Comté
201900003862;138Â 299Â 276;B01;1.0;1;2.0;1.0;1969.0;1.0;1.0;;;0.0;0;;;0.0;7.0;0.0;2.0;3.0;1.0;1.0;;14;3;2019;07:18;1.0;2A;2A130;2;9.0;1.0;3.0;Route Departementale 55;41,8962720;8,8085460;3;55;;;2.0;2;0.0;1.0;(1);(1);1.0;;;1.0;0.0;1.0;50.0;Corse-du-Sud;94;Corse
201900003862;138Â 299Â 277;A01;1.0;1;1.0;1.0;1967.0;4.0;1.0;;;0.0;0;;;3.0;7.0;0.0;2.0;2.0;19.0;1.0;;14;3;2019;07:18;1.0;2A;2A130;2;9.0;1.0;3.0;Route Departementale 55;41,8962720;8,8085460;3;55;;;2.0;2;0.0;1.0;(1);(1);1.0;;;1.0;0.0;1.0;50.0;Corse-du-Sud;94;Corse
201900003863;138Â 299Â 275;A01;1.0;1;3.0;1.0;1994.0;5.0;0.0;;;0.0;0;;;3.0;33.0;0.0;0.0;1.0;26.0;1.0;;16;12;2019;14:30;1.0;986;98612;1;1.0;1.0;7.0;Lieu dit Vilamalia villlage de Leava; -14,3006750; -178,1551820;2;8;0.0;;2.0;2;0.0;2.0;(1);(1);1.0;;;1.0;0.0;1.0;;;;
201900003864;138Â 299Â 274;A01;1.0;1;1.0;2.0;1949.0;0.0;1.0;8.0;;; -1;;;3.0;7.0;0.0;1.0;1.0;1.0;1.0;;16;12;2019;18:25;5.0;76;76351;2;1.0;1.0;7.0;PONTS (DES);49,5205400;0,1261200;4;PONTS (DES);0.0;;2.0;2;0.0;1.0;0;0;1.0;;;2.0;0.0;1.0;50.0;Seine-Maritime;28;Normandie
201900003864;138Â 299Â 274;A01;10.0;3;3.0;2.0;1985.0;1.0;0.0;;;3.0;3;1.0;;3.0;7.0;0.0;1.0;1.0;1.0;1.0;;16;12;2019;18:25;5.0;76;76351;2;1.0;1.0;7.0;PONTS (DES);49,5205400;0,1261200;4;PONTS (DES);0.0;;2.0;2;0.0;1.0;0;0;1.0;;;2.0;0.0;1.0;50.0;Seine-Maritime;28;Normandie
201900003865;138Â 299Â 271;C01;1.0;1;1.0;1.0;1950.0;5.0;1.0;0.0;;; -1;;;2.0;7.0;0.0;2.0;4.0;2.0;1.0;;19;12;2019;18:25;5.0;09;09122;2;1.0;1.0;4.0;ESPAGNE (ROUTE D');42,9506820;1,6248310;3;117;0.0;;2.0;2;0.0;1.0;38;0;1.0;;;1.0;0.0;1.0;70.0;Ariège;76;Occitanie
201900003865;138Â 299Â 272;B01;1.0;1;1.0;1.0;1986.0;9.0;1.0;4.0;;; -1;;;2.0;7.0;0.0;2.0;4.0;2.0;1.0;;19;12;2019;18:25;5.0;09;09122;2;1.0;1.0;4.0;ESPAGNE (ROUTE D');42,9506820;1,6248310;3;117;0.0;;2.0;2;0.0;1.0;38;0;1.0;;;1.0;0.0;1.0;70.0;Ariège;76;Occitanie
201900003865;138Â 299Â 273;A01;1.0;1;2.0;1.0;1939.0;5.0;1.0;0.0;;; -1;;;2.0;7.0;0.0;2.0;1.0;2.0;1.0;;19;12;2019;18:25;5.0;09;09122;2;1.0;1.0;4.0;ESPAGNE (ROUTE D');42,9506820;1,6248310;3;117;0.0;;2.0;2;0.0;1.0;38;0;1.0;;;1.0;0.0;1.0;70.0;Ariège;76;Occitanie
201900003866;138Â 299Â 269;A01;1.0;1;1.0;2.0;1959.0;5.0;1.0;;;0.0;0;;;2.0;7.0;2.0;2.0;2.0;1.0;0.0;;26;12;2019;14:05;1.0;07;07183;1;1.0;1.0;1.0;105 Chemin des Ranchins;44,4843130;4,3802190;3;579;;;2.0;2;0.0;1.0;16;400;1.0;;;1.0;0.0;1.0;70.0;Ardèche;84;Auvergne-Rhône-Alpes
201900003866;138Â 299Â 269;A01;2.0;2;2.0;1.0;1951.0;5.0;1.0;;;0.0;0;;;2.0;7.0;2.0;2.0;2.0;1.0;0.0;;26;12;2019;14:05;1.0;07;07183;1;1.0;1.0;1.0;105 Chemin des Ranchins;44,4843130;4,3802190;3;579;;;2.0;2;0.0;1.0;16;400;1.0;;;1.0;0.0;1.0;70.0;Ardèche;84;Auvergne-Rhône-Alpes
201900003866;138Â 299Â 270;B01;1.0;1;2.0;2.0;1947.0;5.0;1.0;;;0.0;0;;;1.0;7.0;0.0;2.0;2.0;13.0;0.0;;26;12;2019;14:05;1.0;07;07183;1;1.0;1.0;1.0;105 Chemin des Ranchins;44,4843130;4,3802190;3;579;;;2.0;2;0.0;1.0;16;400;1.0;;;1.0;0.0;1.0;70.0;Ardèche;84;Auvergne-Rhône-Alpes
201900003867;138Â 299Â 267;A01;1.0;1;2.0;2.0;1996.0;0.0;1.0;0.0;;;0;;;3.0;7.0;0.0;2.0;2.0;1.0;1.0;;7;12;2019;22:50;5.0;92;92024;2;6.0;1.0;3.0;TROIS PAVILLONS (RUE DES);48,9107676;2,3129822;3;17;0.0;;2.0;2;0.0;1.0;0;0;1.0;;;1.0;0.0;1.0;50.0;Hauts-de-Seine;11;Île-de-France
201900003868;138Â 299Â 266;B01;1.0;1;3.0;1.0;1994.0;9.0;2.0;6.0;;;0;;;1.0;33.0;0.0;2.0;8.0;1.0;1.0;;1;12;2019;20:00;5.0;92;92024;2;2.0;1.0;3.0;MARTRE (RUE) DE (59 A 109)   (58 A 120);48,9034784;2,3058128;3;19;0.0;;1.0;3;3.0;1.0;0;0;1.0;;;1.0;0.0;1.0;50.0;Hauts-de-Seine;11;Île-de-France
201900003869;138Â 299Â 264;A01;1.0;1;1.0;1.0;1971.0;1.0;2.0;6.0;;;0;;;1.0;32.0;0.0;1.0;1.0;1.0;1.0;;22;11;2019;20:30;5.0;92;92024;2;1.0;1.0;6.0;GENERAL ROGUET (RUE DU) DE (1 A 57)   (2;48,9123000;2,3129000;4;GENERAL ROGUET (RUE DU) DE (1 A 57)   (2;0.0;;2.0;2;0.0;1.0;0;0;1.0;;;1.0;0.0;1.0;50.0;Hauts-de-Seine;11;Île-de-France
201900003869;138Â 299Â 264;A01;10.0;3;2.0;1.0;1999.0;5.0;0.0;;;2.0;3;1.0;;1.0;32.0;0.0;1.0;1.0;1.0;1.0;;22;11;2019;20:30;5.0;92;92024;2;1.0;1.0;6.0;GENERAL ROGUET (RUE DU) DE (1 A 57)   (2;48,9123000;2,3129000;4;GENERAL ROGUET (RUE DU) DE (1 A 57)   (2;0.0;;2.0;2;0.0;1.0;0;0;1.0;;;1.0;0.0;1.0;50.0;Hauts-de-Seine;11;Île-de-France
201900003870;138Â 299Â 262;B01;1.0;1;1.0;1.0;1991.0;5.0;1.0;0.0;;;0;;;1.0;7.0;14.0;0.0;6.0;1.0;1.0;;17;11;2019;03:40;5.0;92;92024;2;4.0;1.0;3.0;GENERAL LECLERC (BD DU) (9 A 59)   (4 A;48,9000877;2,3178070;3;110;0.0;;2.0;2;0.0;1.0;0;0;1.0;;;1.0;0.0;1.0;50.0;Hauts-de-Seine;11;Île-de-France
201900003870;138Â 299Â 263;A01;1.0;1;2.0;1.0;1973.0;1.0;2.0;6.0;;;0;;;1.0;32.0;0.0;2.0;2.0;0.0;1.0;;17;11;2019;03:40;5.0;92;92024;2;4.0;1.0;3.0;GENERAL LECLERC (BD DU) (9 A 59)   (4 A;48,9000877;2,3178070;3;110;0.0;;2.0;2;0.0;1.0;0;0;1.0;;;1.0;0.0;1.0;50.0;Hauts-de-Seine;11;Île-de-France
201900003871;138Â 299Â 261;A01;1.0;1;2.0;1.0;1986.0;1.0;2.0;6.0;;;0;;;1.0;50.0;0.0;0.0;3.0;2.0;3.0;;12;11;2019;08:50;1.0;92;92024;2;1.0;9.0;7.0;PARIS (RUE DE) DE (1 A 57)   (2 A 52);48,8968000;2,3082800;4;PARIS (RUE DE) DE (1 A 57)   (2 A 52);0.0;;1.0;1;1.0;1.0;0;0;1.0;;;2.0;0.0;5.0;30.0;Hauts-de-Seine;11;Île-de-France
201900003872;138Â 299Â 259;A01;1.0;1;2.0;1.0;1982.0;5.0;2.0;6.0;;;0;;;1.0;32.0;0.0;2.0;1.0;9.0;1.0;;7;11;2019;13:38;1.0;92;92024;2;1.0;1.0;3.0;GENERAL LECLERC (BD DU) (9 A 59)   (4 A;48,9010900;2,3153300;3;110;0.0;;;2;0.0;1.0;0;0;1.0;;;1.0;0.0;1.0;50.0;Hauts-de-Seine;11;Île-de-France
201900003872;138Â 299Â 260;B01;1.0;1;2.0;1.0;1991.0;4.0;2.0;6.0;;;0;;;2.0;33.0;0.0;2.0;1.0;1.0;1.0;;7;11;2019;13:38;1.0;92;92024;2;1.0;1.0;3.0;GENERAL LECLERC (BD DU) (9 A 59)   (4 A;48,9010900;2,3153300;3;110;0.0;;;2;0.0;1.0;0;0;1.0;;;1.0;0.0;1.0;50.0;Hauts-de-Seine;11;Île-de-France
201900003873;138Â 299Â 258;A01;10.0;3;2.0;2.0;1989.0;0.0;8.0;0.0;;1.0;3;1.0;;1.0;32.0;0.0;1.0;2.0;1.0;1.0;;11;10;2019;09:00;1.0;92;92024;2;1.0;1.0;6.0;GENERAL ROGUET (RUE DU) DE (1 A 57)   (2;48,9037600;2,3129300;4;GENERAL ROGUET (RUE DU) DE (1 A 57)   (2;0.0;;2.0;2;0.0;1.0;0;0;1.0;;;1.0;0.0;1.0;50.0;Hauts-de-Seine;11;Île-de-France
201900003873;138Â 299Â 258;A01;1.0;1;1.0;1.0;1991.0;0.0;2.0;6.0;;;0;;;1.0;32.0;0.0;1.0;2.0;1.0;1.0;;11;10;2019;09:00;1.0;92;92024;2;1.0;1.0;6.0;GENERAL ROGUET (RUE DU) DE (1 A 57)   (2;48,9037600;2,3129300;4;GENERAL ROGUET (RUE DU) DE (1 A 57)   (2;0.0;;2.0;2;0.0;1.0;0;0;1.0;;;1.0;0.0;1.0;50.0;Hauts-de-Seine;11;Île-de-France
201900003874;138Â 299Â 256;A01;1.0;1;1.0;1.0;1957.0;5.0;1.0;0.0;;;0;;;1.0;10.0;0.0;2.0;3.0;10.0;0.0;;9;10;2019;10:20;1.0;92;92024;2;1.0;1.0;3.0;GENERAL LECLERC (RUE DU) DE (81 A 109)  ;48,9069300;2,3089100;4;GENERAL LECLERC (RUE DU) DE (81 A 109)  ;0.0;;2.0;2;0.0;1.0;0;0;1.0;;;2.0;0.0;1.0;50.0;Hauts-de-Seine;11;Île-de-France
201900003874;138Â 299Â 257;B01;1.0;1;2.0;1.0;1992.0;1.0;2.0;6.0;;;0;;;1.0;32.0;0.0;2.0;2.0;1.0;1.0;;9;10;2019;10:20;1.0;92;92024;2;1.0;1.0;3.0;GENERAL LECLERC (RUE DU) DE (81 A 109)  ;48,9069300;2,3089100;4;GENERAL LECLERC (RUE DU) DE (81 A 109)  ;0.0;;2.0;2;0.0;1.0;0;0;1.0;;;2.0;0.0;1.0;50.0;Hauts-de-Seine;11;Île-de-France
201900003875;138Â 299Â 255;A01;1.0;1;2.0;1.0;1974.0;5.0;2.0;6.0;;0.0;0;;;3.0;33.0;0.0;0.0;0.0;1.0;1.0;;14;7;2019;21:20;1.0;29;29158;1;1.0;1.0;7.0;"chemin communal ""alignemnt de mÃ©galithes""";47,8284030; -4,3192690;4;;;;;2;0.0;1.0;(1);(1);2.0;;;9.0;0.0;8.0;;Finistère;53;Bretagne
201900003875;138Â 299Â 255;A01;2.0;2;3.0;2.0;1996.0;5.0;0.0;;;0.0;0;;;3.0;33.0;0.0;0.0;0.0;1.0;1.0;;14;7;2019;21:20;1.0;29;29158;1;1.0;1.0;7.0;"chemin communal ""alignemnt de mÃ©galithes""";47,8284030; -4,3192690;4;;;;;2;0.0;1.0;(1);(1);2.0;;;9.0;0.0;8.0;;Finistère;53;Bretagne
201900003876;138Â 299Â 254;A01;10.0;3;2.0;1.0;1989.0;0.0;0.0;;;1.0;3;1.0;;1.0;0.0;0.0;1.0;1.0;1.0;0.0;;23;12;2019;23:40;3.0;976;97611;2;1.0;1.0;6.0;passamanty-Sada ( rue de ); -12,7984800;45,2156800;2;2;0.0;;2.0;0;0.0;1.0;0;0;1.0;;;1.0;0.0;1.0;50.0;Mayotte;06;Mayotte
201900003877;138Â 299Â 253;A01;10.0;3;2.0;1.0;2010.0;0.0;0.0;;;9.0;9;2.0;;1.0;10.0;0.0;1.0;8.0;26.0;1.0;;22;12;2019;19:00;5.0;976;97611;2;1.0;1.0;6.0;cavani-Cavani Massimoni rue de; -12,7918000;45,2192000;4;cavani-Cavani Massimoni rue de;0.0;;2.0;0;0.0;1.0;0;0;1.0;;;1.0;0.0;1.0;50.0;Mayotte;06;Mayotte
201900003877;138Â 299Â 253;A01;1.0;1;1.0;1.0;1964.0;0.0;1.0;8.0;;; -1;;;1.0;10.0;0.0;1.0;8.0;26.0;1.0;;22;12;2019;19:00;5.0;976;97611;2;1.0;1.0;6.0;cavani-Cavani Massimoni rue de; -12,7918000;45,2192000;4;cavani-Cavani Massimoni rue de;0.0;;2.0;0;0.0;1.0;0;0;1.0;;;1.0;0.0;1.0;50.0;Mayotte;06;Mayotte
201900003878;138Â 299Â 251;A01;2.0;2;2.0;1.0;1991.0;5.0;1.0;;;0.0;0;;;2.0;7.0;13.0;0.0;2.0;1.0;1.0;;11;12;2019;19:00;3.0;72;72268;1;1.0;3.0;6.0;la baliniÃ¨re;47,8188400;0,2361150;3;139;2.0;;2.0;2;0.0;4.0;(1);(1);2.0;;;2.0;0.0;3.0;80.0;Sarthe;52;Pays de la Loire
201900003878;138Â 299Â 251;A01;3.0;2;2.0;1.0;2001.0;5.0;0.0;;;0.0;0;;;2.0;7.0;13.0;0.0;2.0;1.0;1.0;;11;12;2019;19:00;3.0;72;72268;1;1.0;3.0;6.0;la baliniÃ¨re;47,8188400;0,2361150;3;139;2.0;;2.0;2;0.0;4.0;(1);(1);2.0;;;2.0;0.0;3.0;80.0;Sarthe;52;Pays de la Loire
201900003878;138Â 299Â 251;A01;1.0;1;2.0;2.0;1948.0;5.0;1.0;;;0.0;0;;;2.0;7.0;13.0;0.0;2.0;1.0;1.0;;11;12;2019;19:00;3.0;72;72268;1;1.0;3.0;6.0;la baliniÃ¨re;47,8188400;0,2361150;3;139;2.0;;2.0;2;0.0;4.0;(1);(1);2.0;;;2.0;0.0;3.0;80.0;Sarthe;52;Pays de la Loire
201900003879;138Â 299Â 250;A01;1.0;1;3.0;1.0;1993.0;9.0;1.0;;;0.0;0;;;3.0;7.0;2.0;0.0;1.0;1.0;1.0;;13;10;2019;07:55;1.0;29;29170;1;1.0;3.0;6.0;Route des Chateaux;47,9318170; -4,1466361;4;;0.0;;2.0;2;0.0;2.0;(1);(1);2.0;;;2.0;0.0;8.0;70.0;Finistère;53;Bretagne
201900003880;138Â 299Â 248;B01;1.0;1;3.0;2.0;1967.0;5.0;8.0;;;0.0;0;;;0.0;3.0;0.0;2.0;8.0;15.0;1.0;;19;9;2019;14:45;1.0;17;17110;1;3.0;1.0;3.0;RD 158;45,1944330; -0,2196360;3;158;0.0;;2.0;2;0.0;1.0;10;800;1.0;;;1.0;5.0;1.0;70.0;Charente-Maritime;75;Nouvelle-Aquitaine
201900003880;138Â 299Â 249;A01;1.0;1;1.0;1.0;1977.0;4.0;1.0;;;0.0;0;;;1.0;14.0;0.0;2.0;1.0;1.0;1.0;;19;9;2019;14:45;1.0;17;17110;1;3.0;1.0;3.0;RD 158;45,1944330; -0,2196360;3;158;0.0;;2.0;2;0.0;1.0;10;800;1.0;;;1.0;5.0;1.0;70.0;Charente-Maritime;75;Nouvelle-Aquitaine
201900003881;138Â 299Â 246;A01;1.0;1;1.0;1.0;1994.0;0.0;1.0;;;0.0;0;;;2.0;7.0;4.0;2.0;0.0;11.0;1.0;;20;9;2019;06:15;3.0;76;76705;1;1.0;1.0;3.0;A 13, PK 110.850;49,3332000;1,0804180;1;13;0.0;A;3.0;5;0.0;1.0;110;850;1.0;;;1.0;0.0;1.0;110.0;Seine-Maritime;28;Normandie
201900003881;138Â 299Â 247;B01;1.0;1;2.0;1.0;1968.0;1.0;1.0;5.0;;0.0;0;;;2.0;7.0;4.0;0.0;2.0;1.0;1.0;;20;9;2019;06:15;3.0;76;76705;1;1.0;1.0;3.0;A 13, PK 110.850;49,3332000;1,0804180;1;13;0.0;A;3.0;5;0.0;1.0;110;850;1.0;;;1.0;0.0;1.0;110.0;Seine-Maritime;28;Normandie
201900003881;138Â 299Â 247;B01;2.0;2;2.0;1.0;1952.0;0.0;1.0;5.0;;0.0;0;;;2.0;7.0;4.0;0.0;2.0;1.0;1.0;;20;9;2019;06:15;3.0;76;76705;1;1.0;1.0;3.0;A 13, PK 110.850;49,3332000;1,0804180;1;13;0.0;A;3.0;5;0.0;1.0;110;850;1.0;;;1.0;0.0;1.0;110.0;Seine-Maritime;28;Normandie
201900003882;138Â 299Â 243;A01;1.0;1;1.0;1.0;1962.0;5.0;1.0;;;0.0;0;;;1.0;7.0;0.0;0.0;4.0;2.0;1.0;;10;8;2019;16:45;1.0;13;13001;1;1.0;1.0;4.0;A8;43,5228140;5,4099650;1;8;0.0;;1.0;5;0.0;1.0;16;0;1.0;;;1.0;0.0;1.0;130.0;Bouches-du-Rhône;93;Provence-Alpes-Côte d'Azur
201900003882;138Â 299Â 244;B01;2.0;2;2.0;2.0;1998.0;5.0;1.0;;;0.0;0;;;1.0;7.0;1.0;0.0;1.0;2.0;1.0;;10;8;2019;16:45;1.0;13;13001;1;1.0;1.0;4.0;A8;43,5228140;5,4099650;1;8;0.0;;1.0;5;0.0;1.0;16;0;1.0;;;1.0;0.0;1.0;130.0;Bouches-du-Rhône;93;Provence-Alpes-Côte d'Azur
201900003882;138Â 299Â 244;B01;1.0;1;2.0;1.0;1999.0;5.0;1.0;;;0.0;0;;;1.0;7.0;1.0;0.0;1.0;2.0;1.0;;10;8;2019;16:45;1.0;13;13001;1;1.0;1.0;4.0;A8;43,5228140;5,4099650;1;8;0.0;;1.0;5;0.0;1.0;16;0;1.0;;;1.0;0.0;1.0;130.0;Bouches-du-Rhône;93;Provence-Alpes-Côte d'Azur
201900003882;138Â 299Â 245;C01;1.0;1;1.0;1.0;1977.0;5.0;1.0;;;0.0;0;;;1.0;7.0;0.0;2.0;1.0;2.0;1.0;;10;8;2019;16:45;1.0;13;13001;1;1.0;1.0;4.0;A8;43,5228140;5,4099650;1;8;0.0;;1.0;5;0.0;1.0;16;0;1.0;;;1.0;0.0;1.0;130.0;Bouches-du-Rhône;93;Provence-Alpes-Côte d'Azur
201900003883;138Â 299Â 241;B01;1.0;1;3.0;1.0;1972.0;0.0;2.0;;;0.0;0;;;2.0;31.0;0.0;2.0;7.0;15.0;1.0;;20;9;2019;07:00;2.0;33;33199;2;2.0;1.0;3.0;118 Avenue du MarÃ©chal de Lattre de Tassigny;44,6373200; -1,1013900;3;650;;;2.0;4;2.0;1.0;12;900;1.0;;;1.0;0.0;1.0;50.0;Gironde;75;Nouvelle-Aquitaine
201900003883;138Â 299Â 242;A01;1.0;1;1.0;1.0;1996.0;1.0;1.0;;;0.0;0;;;1.0;7.0;6.0;2.0;1.0;1.0;1.0;;20;9;2019;07:00;2.0;33;33199;2;2.0;1.0;3.0;118 Avenue du MarÃ©chal de Lattre de Tassigny;44,6373200; -1,1013900;3;650;;;2.0;4;2.0;1.0;12;900;1.0;;;1.0;0.0;1.0;50.0;Gironde;75;Nouvelle-Aquitaine
201900003884;138Â 299Â 240;A01;1.0;1;4.0;1.0;1949.0;5.0;1.0;;;0.0;0;;;1.0;7.0;14.0;0.0;1.0;0.0;1.0;;20;9;2019;11:20;1.0;78;78366;1;1.0;1.0;6.0;N12 PK 41.450;48,7986270;1,8592990;2;12;0.0;N;1.0;2;0.0;1.0;41;450;1.0;;;1.0;9.0;8.0;110.0;Yvelines;11;Île-de-France
201900003885;138Â 299Â 238;B01;1.0;1;3.0;1.0;2003.0;2.0;2.0;6.0;;0.0;0;;;1.0;2.0;0.0;2.0;1.0;1.0;6.0;;20;9;2019;18:34;2.0;83;83023;1;1.0;7.0;3.0;;43,4057530;6,0608880;3;7;;;2.0;2;0.0;1.0;28;700;1.0;;;1.0;0.0;1.0;80.0;Var;93;Provence-Alpes-Côte d'Azur
201900003885;138Â 299Â 239;A01;1.0;1;1.0;1.0;1972.0;1.0;1.0;;;0.0;0;;;2.0;7.0;0.0;2.0;2.0;19.0;6.0;;20;9;2019;18:34;2.0;83;83023;1;1.0;7.0;3.0;;43,4057530;6,0608880;3;7;;;2.0;2;0.0;1.0;28;700;1.0;;;1.0;0.0;1.0;80.0;Var;93;Provence-Alpes-Côte d'Azur
201900003886;138Â 299Â 236;A01;8.0;2;2.0;1.0;2001.0;1.0;0.0;;;0.0;0;;;2.0;7.0;3.0;2.0;1.0;17.0;1.0;;20;9;2019;13:00;1.0;83;83023;1;1.0;1.0;1.0;;43,4008790;6,1217820;3;7;;;1.0;2;0.0;2.0;38;400;1.0;;;1.0;0.0;3.0;110.0;Var;93;Provence-Alpes-Côte d'Azur
201900003886;138Â 299Â 236;A01;1.0;1;2.0;1.0;1999.0;1.0;1.0;;;0.0;0;;;2.0;7.0;3.0;2.0;1.0;17.0;1.0;;20;9;2019;13:00;1.0;83;83023;1;1.0;1.0;1.0;;43,4008790;6,1217820;3;7;;;1.0;2;0.0;2.0;38;400;1.0;;;1.0;0.0;3.0;110.0;Var;93;Provence-Alpes-Côte d'Azur
201900003886;138Â 299Â 236;A01;9.0;2;2.0;1.0;2000.0;1.0;0.0;;;0.0;0;;;2.0;7.0;3.0;2.0;1.0;17.0;1.0;;20;9;2019;13:00;1.0;83;83023;1;1.0;1.0;1.0;;43,4008790;6,1217820;3;7;;;1.0;2;0.0;2.0;38;400;1.0;;;1.0;0.0;3.0;110.0;Var;93;Provence-Alpes-Côte d'Azur
201900003886;138Â 299Â 236;A01;7.0;2;2.0;1.0;1999.0;1.0;0.0;;;0.0;0;;;2.0;7.0;3.0;2.0;1.0;17.0;1.0;;20;9;2019;13:00;1.0;83;83023;1;1.0;1.0;1.0;;43,4008790;6,1217820;3;7;;;1.0;2;0.0;2.0;38;400;1.0;;;1.0;0.0;3.0;110.0;Var;93;Provence-Alpes-Côte d'Azur
201900003886;138Â 299Â 236;A01;2.0;2;1.0;1.0;1999.0;1.0;1.0;;;0.0;0;;;2.0;7.0;3.0;2.0;1.0;17.0;1.0;;20;9;2019;13:00;1.0;83;83023;1;1.0;1.0;1.0;;43,4008790;6,1217820;3;7;;;1.0;2;0.0;2.0;38;400;1.0;;;1.0;0.0;3.0;110.0;Var;93;Provence-Alpes-Côte d'Azur