Num_Acc;id_vehicule;num_veh;place;catu;grav;sexe;an_nais;trajet;secu1;secu2;secu3;locp;actp;etatp;id_usager;senc;catv;obs;obsm;choc;manv;motor;occutc;jour;mois;an;hrmn;lum;dep;com;agg;int;atm;col;adr;lat;long;catr;voie;v1;v2;circ;nbv;vosp;prof;pr;pr1;plan;lartpc;larrout;surf;infra;situ;vma;nom_departement;reg;nom_region
201900003886;138Â 299Â 237;B01;1.0;1;1.0;1.0;1953.0;5.0;1.0;;;0.0;0;;;2.0;7.0;0.0;2.0;3.0;1.0;1.0;;20;9;2019;13:00;1.0;83;83023;1;1.0;1.0;1.0;;43,4008790;6,1217820;3;7;;;1.0;2;0.0;2.0;38;400;1.0;;;1.0;0.0;3.0;110.0;Var;93;Provence-Alpes-Côte d'Azur
201900003887;138Â 299Â 234;B01;1.0;1;1.0;2.0;1946.0;5.0;1.0;;;0.0;0;;;2.0;7.0;0.0;2.0;3.0;1.0;1.0;;20;9;2019;15:15;1.0;04;04148;1;1.0;1.0;1.0;RD 4085;43,8161215;6,5945566;3;4085;0.0;;2.0;2;0.0;2.0;109;935;3.0;;;1.0;0.0;1.0;80.0;Alpes-de-Haute-Provence;93;Provence-Alpes-Côte d'Azur
201900003887;138Â 299Â 235;A01;1.0;1;4.0;1.0;1983.0;5.0;2.0;6.0;;0.0;0;;;1.0;33.0;0.0;2.0;1.0;13.0;1.0;;20;9;2019;15:15;1.0;04;04148;1;1.0;1.0;1.0;RD 4085;43,8161215;6,5945566;3;4085;0.0;;2.0;2;0.0;2.0;109;935;3.0;;;1.0;0.0;1.0;80.0;Alpes-de-Haute-Provence;93;Provence-Alpes-Côte d'Azur
201900003888;138Â 299Â 233;A01;1.0;1;1.0;1.0;1960.0;5.0;2.0;6.0;9.0;0.0;0;;;3.0;33.0;0.0;0.0;7.0;10.0;1.0;;19;9;2019;15:30;1.0;04;04096;1;1.0;8.0;7.0;Rte des sagnes;44,4127279;6,7559962;4; Rte des sagnes;;;2.0;2;0.0;2.0;(1);(1);1.0;;;9.0;0.0;1.0;50.0;Alpes-de-Haute-Provence;93;Provence-Alpes-Côte d'Azur
201900003888;138Â 299Â 233;A01;2.0;2;2.0;2.0;1965.0;5.0;2.0;6.0;;0.0;0;;;3.0;33.0;0.0;0.0;7.0;10.0;1.0;;19;9;2019;15:30;1.0;04;04096;1;1.0;8.0;7.0;Rte des sagnes;44,4127279;6,7559962;4; Rte des sagnes;;;2.0;2;0.0;2.0;(1);(1);1.0;;;9.0;0.0;1.0;50.0;Alpes-de-Haute-Provence;93;Provence-Alpes-Côte d'Azur
201900003889;138Â 299Â 231;B01;1.0;1;3.0;1.0;1962.0;5.0;1.0;;;0.0;0;;;1.0;10.0;0.0;2.0;3.0;1.0;1.0;;20;9;2019;14:25;3.0;25;25050;1;1.0;1.0;3.0;La Vie Paul et Richard;47,1203630;6,6202460;3;460;;;2.0;2;0.0;1.0;2;55;3.0;;;1.0;0.0;1.0;80.0;Doubs;27;Bourgogne-Franche-Comté
201900003889;138Â 299Â 232;A01;1.0;1;2.0;1.0;1986.0;9.0;1.0;;;0.0;0;;;2.0;10.0;0.0;2.0;3.0;13.0;1.0;;20;9;2019;14:25;3.0;25;25050;1;1.0;1.0;3.0;La Vie Paul et Richard;47,1203630;6,6202460;3;460;;;2.0;2;0.0;1.0;2;55;3.0;;;1.0;0.0;1.0;80.0;Doubs;27;Bourgogne-Franche-Comté
201900003890;138Â 299Â 229;A01;1.0;1;3.0;1.0;2002.0;0.0;2.0;6.0;;0.0;0;;;1.0;31.0;0.0;2.0;1.0;5.0;1.0;;19;9;2019;17:30;1.0;73;73284;1;1.0;1.0;1.0;D90D;45,4635034;6,5487433;3;90;0.0;D;2.0;2;0.0;1.0;1;965;4.0;;;1.0;0.0;1.0;50.0;Savoie;84;Auvergne-Rhône-Alpes
201900003890;138Â 299Â 230;B01;1.0;1;1.0;1.0;1962.0;5.0;1.0;;;0.0;0;;;2.0;7.0;0.0;2.0;1.0;1.0;1.0;;19;9;2019;17:30;1.0;73;73284;1;1.0;1.0;1.0;D90D;45,4635034;6,5487433;3;90;0.0;D;2.0;2;0.0;1.0;1;965;4.0;;;1.0;0.0;1.0;50.0;Savoie;84;Auvergne-Rhône-Alpes
201900003890;138Â 299Â 230;B01;2.0;2;1.0;1.0;1959.0;5.0;1.0;;;0.0;0;;;2.0;7.0;0.0;2.0;1.0;1.0;1.0;;19;9;2019;17:30;1.0;73;73284;1;1.0;1.0;1.0;D90D;45,4635034;6,5487433;3;90;0.0;D;2.0;2;0.0;1.0;1;965;4.0;;;1.0;0.0;1.0;50.0;Savoie;84;Auvergne-Rhône-Alpes
201900003891;138Â 299Â 227;B01;1.0;1;2.0;1.0;1962.0;5.0;2.0;;;0.0;0;;;1.0;1.0;0.0;2.0;1.0;16.0;5.0;;15;9;2019;11:00;1.0;38;38200;2;6.0;1.0;3.0;Route de l'Ãlectrochimie;45,0883200;5,7310000;2;85;0.0;;1.0;2;0.0;1.0;53;100;2.0;;;1.0;0.0;1.0;50.0;Isère;84;Auvergne-Rhône-Alpes
201900003891;138Â 299Â 228;A01;1.0;1;1.0;1.0;1975.0;5.0;1.0;;;0.0;0;;;1.0;7.0;0.0;2.0;3.0;9.0;1.0;;15;9;2019;11:00;1.0;38;38200;2;6.0;1.0;3.0;Route de l'Ãlectrochimie;45,0883200;5,7310000;2;85;0.0;;1.0;2;0.0;1.0;53;100;2.0;;;1.0;0.0;1.0;50.0;Isère;84;Auvergne-Rhône-Alpes
201900003892;138Â 299Â 226;A01;1.0;1;3.0;1.0;1971.0;5.0;1.0;;;0.0;0;;;0.0;10.0;8.0;0.0;1.0;1.0;1.0;;17;9;2019;08:05;1.0;69;69160;2;1.0;1.0;6.0;Lafont;46,1344700;4,4899650;3;23;;;2.0;2;0.0;2.0;5;500;2.0;;;1.0;0.0;3.0;50.0;Rhône;84;Auvergne-Rhône-Alpes
201900003893;138Â 299Â 225;A01;1.0;1;3.0;1.0;1977.0;4.0;1.0;;;0.0;0;;;1.0;10.0;2.0;0.0;3.0;13.0;1.0;;19;9;2019;17:45;1.0;32;32331;1;1.0;1.0;6.0;nationale 21;43,7223340;0,6236070;2;21;0.0;;2.0;2;0.0;1.0;40;50;1.0;;;1.0;0.0;3.0;80.0;Gers;76;Occitanie
201900003894;138Â 299Â 223;B01;2.0;2;3.0;2.0;1984.0;3.0;1.0;;;0.0;0;;;1.0;7.0;0.0;2.0;3.0;1.0;1.0;;20;9;2019;17:45;1.0;79;79049;1;1.0;1.0;3.0;Boulevard de Nantes;46,8450320; -0,5277920;3;38;;;2.0;2;0.0;1.0;17;121;1.0;;64.0;1.0;0.0;1.0;80.0;Deux-Sèvres;75;Nouvelle-Aquitaine
201900003894;138Â 299Â 223;B01;1.0;1;3.0;1.0;1987.0;3.0;1.0;;;0.0;0;;;1.0;7.0;0.0;2.0;3.0;1.0;1.0;;20;9;2019;17:45;1.0;79;79049;1;1.0;1.0;3.0;Boulevard de Nantes;46,8450320; -0,5277920;3;38;;;2.0;2;0.0;1.0;17;121;1.0;;64.0;1.0;0.0;1.0;80.0;Deux-Sèvres;75;Nouvelle-Aquitaine
201900003894;138Â 299Â 224;A01;1.0;1;2.0;1.0;1979.0;1.0;1.0;;;0.0;0;;;2.0;7.0;0.0;2.0;1.0;13.0;3.0;;20;9;2019;17:45;1.0;79;79049;1;1.0;1.0;3.0;Boulevard de Nantes;46,8450320; -0,5277920;3;38;;;2.0;2;0.0;1.0;17;121;1.0;;64.0;1.0;0.0;1.0;80.0;Deux-Sèvres;75;Nouvelle-Aquitaine
201900003895;138Â 299Â 222;A01;1.0;1;3.0;2.0;1965.0;5.0;1.0;5.0;;0.0;0;;;2.0;7.0;6.0;0.0;3.0;13.0;1.0;;19;9;2019;19:50;1.0;47;47263;1;1.0;1.0;6.0;Laubarede;44,4777650;0,2125600;3;299;;;2.0;2;0.0;1.0;4;350;2.0;;;1.0;0.0;3.0;80.0;Lot-et-Garonne;75;Nouvelle-Aquitaine
201900003896;138Â 299Â 220;B01;1.0;1;3.0;1.0;2003.0;0.0;8.0;;;0.0;0;;;1.0;2.0;0.0;2.0;4.0;2.0;1.0;;20;9;2019;05:35;3.0;85;85003;1;1.0;1.0;2.0;L'Echasserie;46,7518800; -1,5545700;3;6;;;2.0;2;0.0;1.0;31;630;1.0;;;1.0;0.0;1.0;80.0;Vendée;52;Pays de la Loire
201900003896;138Â 299Â 221;A01;1.0;1;1.0;2.0;1991.0;1.0;1.0;;;0.0;0;;;1.0;7.0;0.0;2.0;2.0;2.0;1.0;;20;9;2019;05:35;3.0;85;85003;1;1.0;1.0;2.0;L'Echasserie;46,7518800; -1,5545700;3;6;;;2.0;2;0.0;1.0;31;630;1.0;;;1.0;0.0;1.0;80.0;Vendée;52;Pays de la Loire
201900003897;138Â 299Â 218;A01;2.0;2;1.0;1.0;1984.0;1.0;1.0;;;0.0;0;;;3.0;7.0;0.0;2.0;3.0;1.0;1.0;;20;9;2019;12:50;1.0;85;85151;1;9.0;1.0;3.0;Rue du Puynardon;46,9807640; -0,9304820;4;;;;;2;0.0;1.0;(1);(1);1.0;;;1.0;9.0;1.0;;Vendée;52;Pays de la Loire
201900003897;138Â 299Â 218;A01;1.0;1;1.0;1.0;2000.0;1.0;1.0;;;0.0;0;;;3.0;7.0;0.0;2.0;3.0;1.0;1.0;;20;9;2019;12:50;1.0;85;85151;1;9.0;1.0;3.0;Rue du Puynardon;46,9807640; -0,9304820;4;;;;;2;0.0;1.0;(1);(1);1.0;;;1.0;9.0;1.0;;Vendée;52;Pays de la Loire
201900003897;138Â 299Â 219;B01;1.0;1;3.0;1.0;1985.0;1.0;2.0;;;0.0;0;;;3.0;2.0;0.0;2.0;1.0;1.0;1.0;;20;9;2019;12:50;1.0;85;85151;1;9.0;1.0;3.0;Rue du Puynardon;46,9807640; -0,9304820;4;;;;;2;0.0;1.0;(1);(1);1.0;;;1.0;9.0;1.0;;Vendée;52;Pays de la Loire
201900003898;138Â 299Â 216;A01;1.0;1;1.0;2.0;1979.0;0.0;1.0;;;0.0;0;;;0.0;7.0;0.0;2.0;2.0;1.0;1.0;;20;9;2019;11:30;1.0;60;60095;1;2.0;1.0;3.0;RD22E;49,2424039;1,7128597;3;22;;;2.0;2;0.0;1.0;0;50;1.0;;;1.0;0.0;1.0;80.0;Oise;32;Hauts-de-France
201900003898;138Â 299Â 217;B01;1.0;1;2.0;1.0;1971.0;0.0;2.0;;;0.0;0;;;0.0;2.0;0.0;2.0;8.0;1.0;1.0;;20;9;2019;11:30;1.0;60;60095;1;2.0;1.0;3.0;RD22E;49,2424039;1,7128597;3;22;;;2.0;2;0.0;1.0;0;50;1.0;;;1.0;0.0;1.0;80.0;Oise;32;Hauts-de-France
201900003899;138Â 299Â 215;A01;10.0;3;2.0;2.0;1943.0;3.0;0.0;;;2.0;3;1.0;;1.0;7.0;0.0;1.0;1.0;26.0;1.0;;20;9;2019;10:00;1.0;60;60143;2;1.0;1.0;6.0;rue de l'hotel de ville;49,2640010;1,8825290;3;153;;;2.0;2;0.0;1.0;15;500;1.0;;;1.0;0.0;1.0;30.0;Oise;32;Hauts-de-France
201900003899;138Â 299Â 215;A01;1.0;1;1.0;1.0;1950.0;5.0;1.0;;;0.0;0;;;1.0;7.0;0.0;1.0;1.0;26.0;1.0;;20;9;2019;10:00;1.0;60;60143;2;1.0;1.0;6.0;rue de l'hotel de ville;49,2640010;1,8825290;3;153;;;2.0;2;0.0;1.0;15;500;1.0;;;1.0;0.0;1.0;30.0;Oise;32;Hauts-de-France
201900003900;138Â 299Â 214;A01;1.0;1;3.0;1.0;1967.0;0.0;2.0;6.0;;0.0;0;;;1.0;33.0;0.0;2.0;0.0;0.0;1.0;;19;9;2019;17:30;1.0;59;59578;2;1.0;1.0;7.0;dÃ©partementale 916;50,6735830;2,4845510;3;916;0.0;;2.0;2;0.0;1.0;6;778;1.0;;;1.0;0.0;1.0;50.0;Nord;32;Hauts-de-France
201900003901;138Â 299Â 212;A01;1.0;1;1.0;2.0;1983.0;1.0;1.0;0.0;;;0;;;2.0;7.0;0.0;2.0;7.0;12.0;1.0;;18;9;2019;07:44;1.0;13;13005;1;1.0;1.0;3.0;A50-Sens Aubagne vers Marseille;43,1932600;5,6699400;1;50;0.0;;3.0;3;0.0;1.0;11;0;1.0;;;1.0;0.0;1.0;90.0;Bouches-du-Rhône;93;Provence-Alpes-Côte d'Azur
201900003901;138Â 299Â 213;B01;1.0;1;2.0;1.0;1993.0;1.0;2.0;6.0;;;0;;;2.0;33.0;0.0;2.0;8.0;18.0;1.0;;18;9;2019;07:44;1.0;13;13005;1;1.0;1.0;3.0;A50-Sens Aubagne vers Marseille;43,1932600;5,6699400;1;50;0.0;;3.0;3;0.0;1.0;11;0;1.0;;;1.0;0.0;1.0;90.0;Bouches-du-Rhône;93;Provence-Alpes-Côte d'Azur
201900003902;138Â 299Â 210;A01;1.0;1;2.0;1.0;1969.0;1.0;2.0;6.0;;; -1;;;1.0;33.0;0.0;2.0;1.0;3.0;1.0;;19;9;2019;06:45;5.0;33;33249;1;1.0;1.0;2.0;ROCADE A 630;44,8846900; -0,5121800;1;630;0.0;;3.0;6;0.0;1.0;0;287;3.0;;;1.0;0.0;1.0;90.0;Gironde;75;Nouvelle-Aquitaine
201900003902;138Â 299Â 211;B01;1.0;1;1.0;1.0;1984.0;0.0;1.0;8.0;;; -1;;;1.0;7.0;0.0;2.0;5.0;23.0;1.0;;19;9;2019;06:45;5.0;33;33249;1;1.0;1.0;2.0;ROCADE A 630;44,8846900; -0,5121800;1;630;0.0;;3.0;6;0.0;1.0;0;287;3.0;;;1.0;0.0;1.0;90.0;Gironde;75;Nouvelle-Aquitaine
201900003903;138Â 299Â 208;A01;1.0;1;1.0;2.0;1966.0;0.0;1.0;8.0;;0.0;0;;;1.0;7.0;0.0;2.0;7.0;0.0;1.0;;19;9;2019;14:40;1.0;91;91659;1;1.0;1.0;3.0;AUTOROUTE A6;48,5887300;2,4479600;1;6;0.0;;2.0;6;0.0;1.0;30;280;1.0;;;1.0;0.0;1.0;110.0;Essonne;11;Île-de-France
201900003903;138Â 299Â 208;A01;4.0;2;2.0;2.0;1988.0;0.0;1.0;8.0;;0.0;0;;;1.0;7.0;0.0;2.0;7.0;0.0;1.0;;19;9;2019;14:40;1.0;91;91659;1;1.0;1.0;3.0;AUTOROUTE A6;48,5887300;2,4479600;1;6;0.0;;2.0;6;0.0;1.0;30;280;1.0;;;1.0;0.0;1.0;110.0;Essonne;11;Île-de-France
201900003903;138Â 299Â 209;B01;1.0;1;1.0;1.0;1985.0;0.0;1.0;8.0;;0.0;0;;;1.0;14.0;0.0;2.0;2.0;0.0;1.0;;19;9;2019;14:40;1.0;91;91659;1;1.0;1.0;3.0;AUTOROUTE A6;48,5887300;2,4479600;1;6;0.0;;2.0;6;0.0;1.0;30;280;1.0;;;1.0;0.0;1.0;110.0;Essonne;11;Île-de-France
201900003904;138Â 299Â 206;A01;1.0;1;2.0;1.0;1988.0;0.0;2.0;0.0;;; -1;;;2.0;33.0;0.0;2.0;1.0;12.0;1.0;;19;9;2019;13:35;1.0;94;94034;1;1.0;1.0;3.0;AUTOROUTE A86;48,7599400;2,3214800;1;86;0.0;INT;3.0;4;0.0;1.0;51;599;1.0;;;1.0;0.0;1.0;90.0;Val-de-Marne;11;Île-de-France
201900003904;138Â 299Â 207;B01;1.0;1;1.0;1.0;1974.0;0.0;1.0;0.0;;; -1;;;2.0;7.0;0.0;2.0;3.0;1.0;1.0;;19;9;2019;13:35;1.0;94;94034;1;1.0;1.0;3.0;AUTOROUTE A86;48,7599400;2,3214800;1;86;0.0;INT;3.0;4;0.0;1.0;51;599;1.0;;;1.0;0.0;1.0;90.0;Val-de-Marne;11;Île-de-France
201900003905;138Â 299Â 204;B01;1.0;1;1.0;1.0;1984.0;9.0;1.0;0.0;;; -1;;;1.0;10.0;0.0;2.0;1.0;2.0;1.0;;18;9;2019;21:30;3.0;93;93007;1;1.0;1.0;2.0;AUTOROUTE A3;48,9332000;2,4809200;1;3;0.0;;3.0;7;0.0;1.0;11;199;1.0;;;1.0;0.0;1.0;110.0;Seine-Saint-Denis;11;Île-de-France
201900003905;138Â 299Â 205;A01;1.0;1;2.0;2.0;1992.0;0.0;1.0;0.0;;; -1;;;1.0;7.0;0.0;2.0;4.0;2.0;1.0;;18;9;2019;21:30;3.0;93;93007;1;1.0;1.0;2.0;AUTOROUTE A3;48,9332000;2,4809200;1;3;0.0;;3.0;7;0.0;1.0;11;199;1.0;;;1.0;0.0;1.0;110.0;Seine-Saint-Denis;11;Île-de-France
201900003906;138Â 299Â 201;C01;1.0;1;1.0;1.0;1975.0;9.0;1.0;0.0;;; -1;;;2.0;7.0;0.0;2.0;1.0;1.0;1.0;;18;9;2019;18:00;1.0;93;93064;1;1.0;1.0;5.0;AUTOROUTE A86;48,8819600;2,4738100;1;86;0.0;;3.0;8;0.0;1.0;26;299;1.0;;;1.0;8.0;1.0;70.0;Seine-Saint-Denis;11;Île-de-France
201900003906;138Â 299Â 202;B01;1.0;1;2.0;1.0;1977.0;9.0;1.0;0.0;;; -1;;;2.0;10.0;0.0;2.0;1.0;1.0;1.0;;18;9;2019;18:00;1.0;93;93064;1;1.0;1.0;5.0;AUTOROUTE A86;48,8819600;2,4738100;1;86;0.0;;3.0;8;0.0;1.0;26;299;1.0;;;1.0;8.0;1.0;70.0;Seine-Saint-Denis;11;Île-de-France
201900003906;138Â 299Â 203;A01;1.0;1;1.0;1.0;1988.0;0.0;1.0;0.0;;; -1;;;2.0;10.0;0.0;2.0;4.0;9.0;1.0;;18;9;2019;18:00;1.0;93;93064;1;1.0;1.0;5.0;AUTOROUTE A86;48,8819600;2,4738100;1;86;0.0;;3.0;8;0.0;1.0;26;299;1.0;;;1.0;8.0;1.0;70.0;Seine-Saint-Denis;11;Île-de-France
201900003907;138Â 299Â 199;B01;1.0;1;1.0;1.0;1978.0;0.0;1.0;8.0;;; -1;;;1.0;7.0;0.0;2.0;4.0;2.0;1.0;;18;9;2019;17:00;1.0;93;93064;1;1.0;1.0;2.0;AUTOROUTE A86;48,8824700;2,4716400;1;86;0.0;;3.0;4;0.0;1.0;26;500;1.0;;;1.0;0.0;1.0;90.0;Seine-Saint-Denis;11;Île-de-France
201900003907;138Â 299Â 199;B01;3.0;2;2.0;1.0;2010.0;5.0;1.0;8.0;;; -1;;;1.0;7.0;0.0;2.0;4.0;2.0;1.0;;18;9;2019;17:00;1.0;93;93064;1;1.0;1.0;2.0;AUTOROUTE A86;48,8824700;2,4716400;1;86;0.0;;3.0;4;0.0;1.0;26;500;1.0;;;1.0;0.0;1.0;90.0;Seine-Saint-Denis;11;Île-de-France
201900003907;138Â 299Â 199;B01;2.0;2;2.0;1.0;2007.0;0.0;1.0;0.0;;; -1;;;1.0;7.0;0.0;2.0;4.0;2.0;1.0;;18;9;2019;17:00;1.0;93;93064;1;1.0;1.0;2.0;AUTOROUTE A86;48,8824700;2,4716400;1;86;0.0;;3.0;4;0.0;1.0;26;500;1.0;;;1.0;0.0;1.0;90.0;Seine-Saint-Denis;11;Île-de-France
201900003907;138Â 299Â 200;A01;1.0;1;1.0;1.0;1997.0;0.0;1.0;8.0;;; -1;;;1.0;7.0;0.0;2.0;1.0;2.0;1.0;;18;9;2019;17:00;1.0;93;93064;1;1.0;1.0;2.0;AUTOROUTE A86;48,8824700;2,4716400;1;86;0.0;;3.0;4;0.0;1.0;26;500;1.0;;;1.0;0.0;1.0;90.0;Seine-Saint-Denis;11;Île-de-France
201900003908;138Â 299Â 197;B01;1.0;1;1.0;1.0;1986.0;0.0;1.0;0.0;;; -1;;;1.0;10.0;0.0;2.0;4.0;1.0;1.0;;18;9;2019;13:15;1.0;93;93064;1;1.0;1.0;2.0;AUTOROUTE A86;48,8734400;2,4797200;1;86;0.0;;3.0;6;0.0;1.0;27;700;2.0;;;1.0;0.0;1.0;90.0;Seine-Saint-Denis;11;Île-de-France
201900003908;138Â 299Â 198;A01;1.0;1;2.0;1.0;1989.0;1.0;2.0;6.0;;; -1;;;1.0;33.0;0.0;2.0;1.0;3.0;1.0;;18;9;2019;13:15;1.0;93;93064;1;1.0;1.0;2.0;AUTOROUTE A86;48,8734400;2,4797200;1;86;0.0;;3.0;6;0.0;1.0;27;700;2.0;;;1.0;0.0;1.0;90.0;Seine-Saint-Denis;11;Île-de-France
201900003909;138Â 299Â 193;D01;1.0;1;2.0;2.0;1988.0;0.0;1.0;0.0;;; -1;;;2.0;7.0;0.0;2.0;4.0;2.0;1.0;;18;9;2019;10:15;1.0;93;93066;1;1.0;1.0;4.0;AUTOROUTE A86;48,9255500;2,3397200;1;86;0.0;;3.0;9;0.0;1.0;12;500;1.0;;;1.0;0.0;1.0;90.0;Seine-Saint-Denis;11;Île-de-France
201900003909;138Â 299Â 194;C01;1.0;1;1.0;2.0;1975.0;0.0;1.0;0.0;;; -1;;;2.0;7.0;0.0;2.0;4.0;2.0;1.0;;18;9;2019;10:15;1.0;93;93066;1;1.0;1.0;4.0;AUTOROUTE A86;48,9255500;2,3397200;1;86;0.0;;3.0;9;0.0;1.0;12;500;1.0;;;1.0;0.0;1.0;90.0;Seine-Saint-Denis;11;Île-de-France
201900003909;138Â 299Â 195;B01;1.0;1;1.0;2.0;1960.0;0.0;1.0;0.0;;; -1;;;2.0;7.0;0.0;2.0;4.0;2.0;1.0;;18;9;2019;10:15;1.0;93;93066;1;1.0;1.0;4.0;AUTOROUTE A86;48,9255500;2,3397200;1;86;0.0;;3.0;9;0.0;1.0;12;500;1.0;;;1.0;0.0;1.0;90.0;Seine-Saint-Denis;11;Île-de-France
201900003909;138Â 299Â 196;A01;1.0;1;1.0;1.0;1962.0;0.0;1.0;0.0;;; -1;;;2.0;10.0;0.0;2.0;1.0;2.0;1.0;;18;9;2019;10:15;1.0;93;93066;1;1.0;1.0;4.0;AUTOROUTE A86;48,9255500;2,3397200;1;86;0.0;;3.0;9;0.0;1.0;12;500;1.0;;;1.0;0.0;1.0;90.0;Seine-Saint-Denis;11;Île-de-France
201900003910;138Â 299Â 191;A01;1.0;1;2.0;1.0;1970.0;1.0;2.0;0.0;;;0;;;2.0;33.0;0.0;2.0;1.0;2.0;1.0;;19;9;2019;05:50;4.0;94;94081;1;1.0;1.0;2.0;A86 INT;48,7744000;2,4098000;1;86;0.0;INT;3.0;4;0.0;1.0;43;0;1.0;;;1.0;0.0;1.0;90.0;Val-de-Marne;11;Île-de-France
201900003910;138Â 299Â 192;B01;1.0;1;1.0;1.0;1994.0;1.0;1.0;0.0;;;0;;;2.0;7.0;0.0;2.0;4.0;2.0;1.0;;19;9;2019;05:50;4.0;94;94081;1;1.0;1.0;2.0;A86 INT;48,7744000;2,4098000;1;86;0.0;INT;3.0;4;0.0;1.0;43;0;1.0;;;1.0;0.0;1.0;90.0;Val-de-Marne;11;Île-de-France
201900003911;138Â 299Â 189;B01;4.0;2;2.0;1.0;2009.0;5.0;1.0;0.0;;;0;;;1.0;7.0;0.0;2.0;4.0;1.0;1.0;;8;9;2019;10:00;1.0;94;94046;1;1.0;1.0;2.0;A86 INT;48,8045500;2,4485800;1;86;0.0;INT;3.0;4;0.0;1.0;38;0;1.0;;;1.0;0.0;1.0;90.0;Val-de-Marne;11;Île-de-France
201900003911;138Â 299Â 189;B01;2.0;2;2.0;2.0;2000.0;5.0;1.0;0.0;;;0;;;1.0;7.0;0.0;2.0;4.0;1.0;1.0;;8;9;2019;10:00;1.0;94;94046;1;1.0;1.0;2.0;A86 INT;48,8045500;2,4485800;1;86;0.0;INT;3.0;4;0.0;1.0;38;0;1.0;;;1.0;0.0;1.0;90.0;Val-de-Marne;11;Île-de-France
201900003911;138Â 299Â 189;B01;1.0;1;2.0;2.0;1985.0;0.0;1.0;0.0;;;0;;;1.0;7.0;0.0;2.0;4.0;1.0;1.0;;8;9;2019;10:00;1.0;94;94046;1;1.0;1.0;2.0;A86 INT;48,8045500;2,4485800;1;86;0.0;INT;3.0;4;0.0;1.0;38;0;1.0;;;1.0;0.0;1.0;90.0;Val-de-Marne;11;Île-de-France
201900003911;138Â 299Â 190;A01;1.0;1;1.0;1.0;1995.0;0.0;8.0;0.0;;;0;;;1.0;7.0;0.0;2.0;1.0;1.0;1.0;;8;9;2019;10:00;1.0;94;94046;1;1.0;1.0;2.0;A86 INT;48,8045500;2,4485800;1;86;0.0;INT;3.0;4;0.0;1.0;38;0;1.0;;;1.0;0.0;1.0;90.0;Val-de-Marne;11;Île-de-France
201900003912;138Â 299Â 186;C01;1.0;1;1.0;2.0;1980.0;1.0;1.0;0.0;;0.0;0;;;2.0;7.0;0.0;2.0;4.0;2.0;1.0;;17;9;2019;18:55;1.0;45;45234;2;1.0;1.0;4.0;PONT JOFFRE;47,8973000;1,8954000;4; PONT JOFFRE;0.0;;2.0;4;0.0;1.0;(1);(1);1.0;;;1.0;2.0;1.0;50.0;Loiret;24;Centre-Val de Loire
201900003912;138Â 299Â 187;B01;2.0;2;1.0;1.0;1959.0;5.0;1.0;0.0;;0.0;0;;;2.0;7.0;0.0;2.0;4.0;2.0;1.0;;17;9;2019;18:55;1.0;45;45234;2;1.0;1.0;4.0;PONT JOFFRE;47,8973000;1,8954000;4; PONT JOFFRE;0.0;;2.0;4;0.0;1.0;(1);(1);1.0;;;1.0;2.0;1.0;50.0;Loiret;24;Centre-Val de Loire
201900003912;138Â 299Â 187;B01;1.0;1;2.0;2.0;1965.0;5.0;1.0;0.0;;0.0;0;;;2.0;7.0;0.0;2.0;4.0;2.0;1.0;;17;9;2019;18:55;1.0;45;45234;2;1.0;1.0;4.0;PONT JOFFRE;47,8973000;1,8954000;4; PONT JOFFRE;0.0;;2.0;4;0.0;1.0;(1);(1);1.0;;;1.0;2.0;1.0;50.0;Loiret;24;Centre-Val de Loire
201900003912;138Â 299Â 188;A01;1.0;1;1.0;1.0;1972.0;0.0;1.0;0.0;;; -1;;;2.0;37.0;0.0;2.0;1.0;2.0;1.0;1.0;17;9;2019;18:55;1.0;45;45234;2;1.0;1.0;4.0;PONT JOFFRE;47,8973000;1,8954000;4; PONT JOFFRE;0.0;;2.0;4;0.0;1.0;(1);(1);1.0;;;1.0;2.0;1.0;50.0;Loiret;24;Centre-Val de Loire
201900003913;138Â 299Â 179;B01;1.0;1;2.0;2.0;1982.0;0.0;1.0;0.0;;;0;;;1.0;7.0;0.0;2.0;4.0;0.0;1.0;;17;9;2019;19:25;2.0;94;94059;2;7.0;1.0;2.0;CHERET (AV);48,8054400;2,5849200;4;CHERET (AV);0.0;;1.0;1;0.0;1.0;0;0;1.0;;;1.0;0.0;1.0;50.0;Val-de-Marne;11;Île-de-France
201900003913;138Â 299Â 180;A01;1.0;1;1.0;1.0;1951.0;0.0;1.0;8.0;;;0;;;1.0;7.0;0.0;2.0;1.0;9.0;1.0;;17;9;2019;19:25;2.0;94;94059;2;7.0;1.0;2.0;CHERET (AV);48,8054400;2,5849200;4;CHERET (AV);0.0;;1.0;1;0.0;1.0;0;0;1.0;;;1.0;0.0;1.0;50.0;Val-de-Marne;11;Île-de-France
201900003914;138Â 299Â 177;B01;1.0;1;2.0;1.0;1978.0;9.0;2.0;0.0;;; -1;;;2.0;34.0;0.0;2.0;5.0;1.0;1.0;;17;9;2019;12:40;1.0;93;93055;2;1.0;1.0;3.0;JEAN LOLIVE (AVENUE)(55/73.62/86);48,8918200;2,4052200;3;933;0.0;;1.0;2;0.0;1.0;0;0;1.0;;;1.0;0.0;1.0;50.0;Seine-Saint-Denis;11;Île-de-France