Num_Acc;id_vehicule;num_veh;place;catu;grav;sexe;an_nais;trajet;secu1;secu2;secu3;locp;actp;etatp;id_usager;senc;catv;obs;obsm;choc;manv;motor;occutc;jour;mois;an;hrmn;lum;dep;com;agg;int;atm;col;adr;lat;long;catr;voie;v1;v2;circ;nbv;vosp;prof;pr;pr1;plan;lartpc;larrout;surf;infra;situ;vma;nom_departement;reg;nom_region
201900003914;138Â 299Â 178;A01;1.0;1;1.0;2.0;1972.0;4.0;1.0;0.0;;; -1;;;2.0;7.0;0.0;2.0;3.0;11.0;1.0;;17;9;2019;12:40;1.0;93;93055;2;1.0;1.0;3.0;JEAN LOLIVE (AVENUE)(55/73.62/86);48,8918200;2,4052200;3;933;0.0;;1.0;2;0.0;1.0;0;0;1.0;;;1.0;0.0;1.0;50.0;Seine-Saint-Denis;11;Île-de-France
201900003915;138Â 299Â 176;A01;1.0;1;2.0;1.0;1988.0;0.0;2.0;6.0;;; -1;;;2.0;34.0;4.0;0.0;1.0;21.0;1.0;;15;9;2019;21:54;3.0;93;93007;1;1.0;1.0;6.0;AUTOROUTE A3;48,9372920;2,4802110;1;3;0.0;;3.0;6;0.0;1.0;9;399;1.0;;;1.0;2.0;1.0;110.0;Seine-Saint-Denis;11;Île-de-France
201900003916;138Â 299Â 174;A01;1.0;1;2.0;1.0;1983.0;5.0;1.0;8.0;;;0;;;2.0;7.0;14.0;2.0;2.0;13.0;1.0;;13;9;2019;23:10;3.0;95;95028;1;1.0;1.0;2.0;RN 104;49,0625500;2,3370200;2;104;0.0;;3.0;5;0.0;1.0;9;0;3.0;;;1.0;3.0;1.0;90.0;Val-d'Oise;11;Île-de-France
201900003916;138Â 299Â 175;B01;2.0;2;1.0;2.0;2002.0;5.0;8.0;0.0;;;0;;;2.0;7.0;0.0;2.0;6.0;1.0;1.0;;13;9;2019;23:10;3.0;95;95028;1;1.0;1.0;2.0;RN 104;49,0625500;2,3370200;2;104;0.0;;3.0;5;0.0;1.0;9;0;3.0;;;1.0;3.0;1.0;90.0;Val-d'Oise;11;Île-de-France
201900003916;138Â 299Â 175;B01;1.0;1;1.0;2.0;1979.0;5.0;8.0;0.0;;;0;;;2.0;7.0;0.0;2.0;6.0;1.0;1.0;;13;9;2019;23:10;3.0;95;95028;1;1.0;1.0;2.0;RN 104;49,0625500;2,3370200;2;104;0.0;;3.0;5;0.0;1.0;9;0;3.0;;;1.0;3.0;1.0;90.0;Val-d'Oise;11;Île-de-France
201900003917;138Â 299Â 173;A01;1.0;1;1.0;1.0;1972.0;0.0;1.0;0.0;;0.0;0;;;0.0;7.0;0.0;1.0;1.0;15.0;1.0;;18;9;2019;18:25;5.0;988;98818;2;2.0;1.0;6.0;RUE DU DOCTEUR GUEGAN/Rue eugene Porcheron; -22,2754000;166,4447000;4;293;0.0;;1.0;1;0.0;1.0;0;0;1.0;;;1.0;0.0;1.0;50.0;;;
201900003917;138Â 299Â 173;A01;10.0;3;2.0;2.0;1940.0;9.0;8.0;0.0;;3.0;3;1.0;;0.0;7.0;0.0;1.0;1.0;15.0;1.0;;18;9;2019;18:25;5.0;988;98818;2;2.0;1.0;6.0;RUE DU DOCTEUR GUEGAN/Rue eugene Porcheron; -22,2754000;166,4447000;4;293;0.0;;1.0;1;0.0;1.0;0;0;1.0;;;1.0;0.0;1.0;50.0;;;
201900003918;138Â 299Â 172;A01;1.0;1;2.0;1.0;1998.0;0.0;1.0;5.0;;0.0;0;;;3.0;7.0;7.0;0.0;0.0;13.0;1.0;;18;9;2019;13:10;1.0;988;98818;2;3.0;1.0;6.0;ENTRECASTEAUX (RUE D')/Rue Marechal Juin; -22,2731300;166,4616200;4;231;0.0;;2.0;2;0.0;2.0;0;0;3.0;;;1.0;0.0;3.0;50.0;;;
201900003919;138Â 299Â 170;B01;1.0;1;1.0;2.0;1974.0;0.0;1.0;0.0;;; -1;;;3.0;7.0;0.0;2.0;4.0;26.0;1.0;;16;9;2019;10:15;1.0;974;97411;2;1.0;1.0;2.0;LORY LES HAUTS (RUE); -20,8974000;55,4808000;4;LORY LES HAUTS (RUE);0.0;;2.0;2;0.0;2.0;0;0;1.0;;;1.0;0.0;1.0;50.0;La Réunion;04;La Réunion
201900003919;138Â 299Â 171;A01;2.0;1;2.0;1.0;1999.0;0.0;8.0;0.0;;; -1;;;3.0;1.0;0.0;2.0;1.0;26.0;5.0;;16;9;2019;10:15;1.0;974;97411;2;1.0;1.0;2.0;LORY LES HAUTS (RUE); -20,8974000;55,4808000;4;LORY LES HAUTS (RUE);0.0;;2.0;2;0.0;2.0;0;0;1.0;;;1.0;0.0;1.0;50.0;La Réunion;04;La Réunion
201900003920;138Â 299Â 165;A01;1.0;1;2.0;1.0;2003.0;9.0;2.0;8.0;;0.0;0;;;0.0;30.0;0.0;2.0;1.0;1.0;6.0;;16;9;2019;12:15;1.0;973;97302;1;9.0;1.0;6.0;MADELEINE (ROUTE DE LA);4,9081580; -52,3220360;9;MADELEINE (ROUTE DE LA);0.0;;2.0;2;0.0;1.0;1;0;1.0;;;1.0;9.0;1.0;50.0;Guyane;03;Guyane
201900003920;138Â 299Â 165;A01;10.0;3;2.0;2.0;1981.0;9.0;8.0;0.0;;6.0;9;1.0;;0.0;30.0;0.0;2.0;1.0;1.0;6.0;;16;9;2019;12:15;1.0;973;97302;1;9.0;1.0;6.0;MADELEINE (ROUTE DE LA);4,9081580; -52,3220360;9;MADELEINE (ROUTE DE LA);0.0;;2.0;2;0.0;1.0;1;0;1.0;;;1.0;9.0;1.0;50.0;Guyane;03;Guyane
201900003920;138Â 299Â 165;A01;2.0;2;2.0;1.0;1999.0;9.0;2.0;8.0;;0.0;0;;;0.0;30.0;0.0;2.0;1.0;1.0;6.0;;16;9;2019;12:15;1.0;973;97302;1;9.0;1.0;6.0;MADELEINE (ROUTE DE LA);4,9081580; -52,3220360;9;MADELEINE (ROUTE DE LA);0.0;;2.0;2;0.0;1.0;1;0;1.0;;;1.0;9.0;1.0;50.0;Guyane;03;Guyane
201900003921;138Â 299Â 163;B01;1.0;1;2.0;1.0;1990.0;9.0;2.0;8.0;;;0;;;1.0;2.0;0.0;2.0;1.0;1.0;1.0;;18;9;2019;06:40;2.0;973;97309;2;6.0;1.0;3.0;SUZINI (CARREFOUR);4,9270400; -52,2898700;3;1;0.0;;1.0;2;0.0;1.0;4;615;2.0;;;1.0;0.0;1.0;50.0;Guyane;03;Guyane
201900003921;138Â 299Â 164;A01;1.0;1;1.0;1.0;1973.0;1.0;1.0;8.0;;;0;;;1.0;7.0;0.0;2.0;6.0;9.0;1.0;;18;9;2019;06:40;2.0;973;97309;2;6.0;1.0;3.0;SUZINI (CARREFOUR);4,9270400; -52,2898700;3;1;0.0;;1.0;2;0.0;1.0;4;615;2.0;;;1.0;0.0;1.0;50.0;Guyane;03;Guyane
201900003922;138Â 299Â 161;A01;1.0;1;1.0;1.0;1993.0;9.0;8.0;0.0;;; -1;;;1.0;1.0;0.0;2.0;3.0;15.0;5.0;;19;9;2019;00:05;5.0;69;69388;2;7.0;1.0;3.0;ALBERT THOMAS                       (CO);45,7455300;4,8712200;4;ALBERT THOMAS                       (CO);0.0;;2.0;4;3.0;1.0;0;0;1.0;;;1.0;0.0;1.0;50.0;Rhône;84;Auvergne-Rhône-Alpes
201900003922;138Â 299Â 162;B01;1.0;1;2.0;1.0;1994.0;9.0;2.0;0.0;;; -1;;;1.0;33.0;0.0;2.0;1.0;1.0;1.0;;19;9;2019;00:05;5.0;69;69388;2;7.0;1.0;3.0;ALBERT THOMAS                       (CO);45,7455300;4,8712200;4;ALBERT THOMAS                       (CO);0.0;;2.0;4;3.0;1.0;0;0;1.0;;;1.0;0.0;1.0;50.0;Rhône;84;Auvergne-Rhône-Alpes
201900003923;138Â 299Â 160;A01;10.0;3;2.0;1.0;2015.0;0.0;0.0;0.0;0.0;2.0;3;1.0;;1.0;7.0;0.0;1.0;1.0;1.0;1.0;;18;9;2019;17:40;1.0;69;69259;2;1.0;1.0;6.0;IRENE JOLIOT CURIE                  (BD);45,7111000;4,8819600;4;IRENE JOLIOT CURIE                  (BD);0.0;;1.0;4;0.0;1.0;0;0;1.0;;;1.0;0.0;1.0;50.0;Rhône;84;Auvergne-Rhône-Alpes
201900003923;138Â 299Â 160;A01;1.0;1;1.0;2.0;1997.0;0.0;8.0;0.0;;0.0;0;;;1.0;7.0;0.0;1.0;1.0;1.0;1.0;;18;9;2019;17:40;1.0;69;69259;2;1.0;1.0;6.0;IRENE JOLIOT CURIE                  (BD);45,7111000;4,8819600;4;IRENE JOLIOT CURIE                  (BD);0.0;;1.0;4;0.0;1.0;0;0;1.0;;;1.0;0.0;1.0;50.0;Rhône;84;Auvergne-Rhône-Alpes
201900003924;138Â 299Â 158;B01;1.0;1;2.0;1.0;1965.0;5.0;1.0;0.0;;;0;;;1.0;7.0;0.0;0.0;1.0;1.0;1.0;;17;9;2019;04:50;3.0;972;97213;2;1.0;1.0;1.0;ROUTE DEPARTEMENTALE 15;14,6535000; -61,0114000;3;15;0.0;;2.0;2;0.0;1.0;14;652;1.0;;;1.0;0.0;1.0;50.0;Martinique;02;Martinique
201900003924;138Â 299Â 159;A01;1.0;1;2.0;1.0;1965.0;1.0;1.0;0.0;;;0;;;2.0;7.0;0.0;2.0;1.0;13.0;1.0;;17;9;2019;04:50;3.0;972;97213;2;1.0;1.0;1.0;ROUTE DEPARTEMENTALE 15;14,6535000; -61,0114000;3;15;0.0;;2.0;2;0.0;1.0;14;652;1.0;;;1.0;0.0;1.0;50.0;Martinique;02;Martinique
201900003925;138Â 299Â 156;A01;1.0;1;2.0;2.0;1989.0;0.0;1.0;0.0;;;0;;;3.0;10.0;4.0;2.0;0.0;26.0;1.0;;18;9;2019;15:00;1.0;69;69034;1;1.0;1.0;2.0;TUNNEL BELLEVUE (QUAI BELLEVUE COUVE(XX);45,7882300;4,8641900;9;TUNNEL BELLEVUE (QUAI BELLEVUE COUVE(XX);0.0;;1.0;1;0.0;1.0;0;1;2.0;;;1.0;9.0;1.0;50.0;Rhône;84;Auvergne-Rhône-Alpes
201900003926;138Â 299Â 154;A01;1.0;1;1.0;1.0;1997.0;4.0;1.0;0.0;;0.0;0;;;2.0;10.0;0.0;2.0;5.0;15.0;1.0;;18;9;2019;15:50;1.0;2B;2B037;2;3.0;1.0;3.0;TOUTES RUES;42,5958000;9,4420600;4;TOUTES RUES;0.0;;2.0;2;0.0;1.0;0;0;1.0;;;1.0;0.0;1.0;50.0;Haute-Corse;94;Corse
201900003926;138Â 299Â 155;B01;1.0;1;2.0;1.0;1998.0;1.0;2.0;0.0;;0.0;0;;;1.0;33.0;0.0;2.0;1.0;1.0;1.0;;18;9;2019;15:50;1.0;2B;2B037;2;3.0;1.0;3.0;TOUTES RUES;42,5958000;9,4420600;4;TOUTES RUES;0.0;;2.0;2;0.0;1.0;0;0;1.0;;;1.0;0.0;1.0;50.0;Haute-Corse;94;Corse
201900003927;138Â 299Â 152;A01;1.0;1;3.0;1.0;2002.0;0.0;2.0;8.0;;0.0;0;;;2.0;41.0;0.0;0.0;8.0;15.0;1.0;;17;9;2019;17:30;1.0;91;91223;1;4.0;1.0;7.0;SACLAS (ROUTE DE);48,4177700;2,1483100;3;49;0.0;;2.0;2;0.0;1.0;0;0;2.0;;;1.0;5.0;1.0;50.0;Essonne;11;Île-de-France
201900003928;138Â 299Â 150;A01;1.0;1;1.0;1.0;1984.0;5.0;1.0;0.0;;0.0;0;;;2.0;7.0;0.0;2.0;7.0;15.0;1.0;;13;9;2019;21:17;4.0;89;89387;2;1.0;1.0;3.0;GEORGES POMPIDOU (AVENUE);48,2103896;3,2763398;3;606;0.0;B;4.0;3;0.0;1.0;2;765;1.0;;;1.0;0.0;1.0;50.0;Yonne;27;Bourgogne-Franche-Comté
201900003928;138Â 299Â 151;B01;1.0;1;4.0;1.0;2002.0;5.0;2.0;0.0;;0.0;0;;;1.0;30.0;0.0;2.0;1.0;1.0;1.0;;13;9;2019;21:17;4.0;89;89387;2;1.0;1.0;3.0;GEORGES POMPIDOU (AVENUE);48,2103896;3,2763398;3;606;0.0;B;4.0;3;0.0;1.0;2;765;1.0;;;1.0;0.0;1.0;50.0;Yonne;27;Bourgogne-Franche-Comté
201900003929;138Â 299Â 147;A01;1.0;1;3.0;1.0;1994.0;5.0;8.0;;;0.0;0;;;1.0;1.0;0.0;2.0;1.0;9.0;5.0;;17;9;2019;14:25;1.0;87;87085;2;2.0;1.0;3.0;PERRIN (RUE FRANCOIS);45,8293600;1,2447000;4;PERRIN (RUE FRANCOIS);0.0;;2.0;2;0.0;1.0;0;0;1.0;;;1.0;0.0;1.0;50.0;Haute-Vienne;75;Nouvelle-Aquitaine
201900003929;138Â 299Â 148;B01;1.0;1;2.0;2.0;1998.0;1.0;1.0;;;0.0;0;;;1.0;7.0;0.0;2.0;2.0;9.0;1.0;;17;9;2019;14:25;1.0;87;87085;2;2.0;1.0;3.0;PERRIN (RUE FRANCOIS);45,8293600;1,2447000;4;PERRIN (RUE FRANCOIS);0.0;;2.0;2;0.0;1.0;0;0;1.0;;;1.0;0.0;1.0;50.0;Haute-Vienne;75;Nouvelle-Aquitaine
201900003930;138Â 299Â 145;B01;1.0;1;1.0;1.0;1972.0;3.0;1.0;0.0;;0.0;0;;;1.0;7.0;0.0;2.0;3.0;15.0;1.0;;16;9;2019;18:48;1.0;87;87085;2;2.0;1.0;3.0;MONTJOVIS (AVENUE);45,8372800;1,2490600;4;MONTJOVIS (AVENUE);0.0;;2.0;2;0.0;1.0;0;0;1.0;;;1.0;0.0;1.0;50.0;Haute-Vienne;75;Nouvelle-Aquitaine
201900003930;138Â 299Â 146;A01;1.0;1;3.0;1.0;1982.0;5.0;2.0;6.0;;0.0;0;;;1.0;33.0;0.0;2.0;1.0;17.0;1.0;;16;9;2019;18:48;1.0;87;87085;2;2.0;1.0;3.0;MONTJOVIS (AVENUE);45,8372800;1,2490600;4;MONTJOVIS (AVENUE);0.0;;2.0;2;0.0;1.0;0;0;1.0;;;1.0;0.0;1.0;50.0;Haute-Vienne;75;Nouvelle-Aquitaine
201900003931;138Â 299Â 143;B01;1.0;1;1.0;2.0;1979.0;0.0;1.0;0.0;;;0;;;2.0;7.0;0.0;2.0;3.0;9.0;1.0;;18;9;2019;08:20;1.0;83;83129;2;9.0;1.0;3.0;MER (AVENUE DE LA) NÂ°IMPAIRS;43,1034000;5,8198000;3;559;0.0;;3.0;2;0.0;1.0;19;50;2.0;;;1.0;0.0;1.0;50.0;Var;93;Provence-Alpes-Côte d'Azur
201900003931;138Â 299Â 144;A01;1.0;1;2.0;1.0;2000.0;0.0;2.0;0.0;;;0;;;1.0;34.0;0.0;2.0;9.0;26.0;1.0;;18;9;2019;08:20;1.0;83;83129;2;9.0;1.0;3.0;MER (AVENUE DE LA) NÂ°IMPAIRS;43,1034000;5,8198000;3;559;0.0;;3.0;2;0.0;1.0;19;50;2.0;;;1.0;0.0;1.0;50.0;Var;93;Provence-Alpes-Côte d'Azur
201900003932;138Â 299Â 142;A01;10.0;3;2.0;1.0;2008.0;2.0;8.0;0.0;;3.0;3;1.0;;1.0;7.0;0.0;1.0;3.0;1.0;1.0;;16;9;2019;16:45;1.0;83;83129;2;1.0;1.0;6.0;FONT DE FILLOL (RC ET T);43,0941200;5,8319500;4;FONT DE FILLOL (RC ET T);0.0;;;2;0.0;1.0;0;0;1.0;;;1.0;0.0;1.0;30.0;Var;93;Provence-Alpes-Côte d'Azur
201900003932;138Â 299Â 142;A01;1.0;1;1.0;2.0;1965.0;0.0;8.0;8.0;;0.0;0;;;1.0;7.0;0.0;1.0;3.0;1.0;1.0;;16;9;2019;16:45;1.0;83;83129;2;1.0;1.0;6.0;FONT DE FILLOL (RC ET T);43,0941200;5,8319500;4;FONT DE FILLOL (RC ET T);0.0;;;2;0.0;1.0;0;0;1.0;;;1.0;0.0;1.0;30.0;Var;93;Provence-Alpes-Côte d'Azur
201900003933;138Â 299Â 140;A01;1.0;1;1.0;1.0;1977.0;5.0;1.0;8.0;;0.0;0;;;1.0;7.0;0.0;2.0;1.0;17.0;1.0;;15;9;2019;18:40;1.0;83;83061;1;1.0;1.0;1.0;N7;43,5029050;6,7861820;3;N7;0.0;;2.0;0;0.0;2.0;106;0;1.0;;;1.0;9.0;1.0;70.0;Var;93;Provence-Alpes-Côte d'Azur
201900003933;138Â 299Â 141;B01;2.0;2;2.0;1.0;2007.0;5.0;2.0;8.0;;;0;;;2.0;33.0;0.0;2.0;1.0;1.0;1.0;;15;9;2019;18:40;1.0;83;83061;1;1.0;1.0;1.0;N7;43,5029050;6,7861820;3;N7;0.0;;2.0;0;0.0;2.0;106;0;1.0;;;1.0;9.0;1.0;70.0;Var;93;Provence-Alpes-Côte d'Azur
201900003933;138Â 299Â 141;B01;1.0;1;3.0;2.0;1987.0;5.0;2.0;6.0;;;0;;;2.0;33.0;0.0;2.0;1.0;1.0;1.0;;15;9;2019;18:40;1.0;83;83061;1;1.0;1.0;1.0;N7;43,5029050;6,7861820;3;N7;0.0;;2.0;0;0.0;2.0;106;0;1.0;;;1.0;9.0;1.0;70.0;Var;93;Provence-Alpes-Côte d'Azur
201900003934;138Â 299Â 138;B01;1.0;1;2.0;2.0;1994.0;0.0;1.0;0.0;;; -1;;;0.0;7.0;0.0;2.0;4.0;1.0;1.0;;17;9;2019;17:35;1.0;80;80021;2;1.0;1.0;2.0;FRANKLIN ROOSEVELT (RUE);49,9153600;2,2955200;4;FRANKLIN ROOSEVELT (RUE);0.0;;2.0;2;0.0;1.0;0;0;1.0;;;1.0;0.0;1.0;50.0;Somme;32;Hauts-de-France
201900003934;138Â 299Â 139;A01;1.0;1;1.0;2.0;1966.0;0.0;1.0;0.0;;; -1;;;0.0;7.0;0.0;2.0;1.0;1.0;1.0;;17;9;2019;17:35;1.0;80;80021;2;1.0;1.0;2.0;FRANKLIN ROOSEVELT (RUE);49,9153600;2,2955200;4;FRANKLIN ROOSEVELT (RUE);0.0;;2.0;2;0.0;1.0;0;0;1.0;;;1.0;0.0;1.0;50.0;Somme;32;Hauts-de-France
201900003935;138Â 299Â 136;A01;2.0;2;2.0;1.0;1997.0;0.0;0.0;0.0;;; -1;;;2.0;34.0;0.0;2.0;1.0;17.0;0.0;;2;8;2019;16:20;1.0;78;78498;2;1.0;1.0;3.0;ROBESPIERRE BD;48,9330550;2,0452770;3;308;0.0;;2.0;2;0.0;1.0;12;1270;1.0;;;1.0;0.0;1.0;50.0;Yvelines;11;Île-de-France
201900003935;138Â 299Â 136;A01;1.0;1;2.0;1.0;1986.0;0.0;2.0;0.0;;; -1;;;2.0;34.0;0.0;2.0;1.0;17.0;0.0;;2;8;2019;16:20;1.0;78;78498;2;1.0;1.0;3.0;ROBESPIERRE BD;48,9330550;2,0452770;3;308;0.0;;2.0;2;0.0;1.0;12;1270;1.0;;;1.0;0.0;1.0;50.0;Yvelines;11;Île-de-France
201900003935;138Â 299Â 137;B01;1.0;1;1.0;1.0;1951.0;0.0;1.0;0.0;;; -1;;;2.0;7.0;0.0;2.0;3.0;15.0;0.0;;2;8;2019;16:20;1.0;78;78498;2;1.0;1.0;3.0;ROBESPIERRE BD;48,9330550;2,0452770;3;308;0.0;;2.0;2;0.0;1.0;12;1270;1.0;;;1.0;0.0;1.0;50.0;Yvelines;11;Île-de-France
201900003936;138Â 299Â 135;A01;1.0;1;4.0;1.0;1969.0;1.0;1.0;0.0;;;0;;;1.0;7.0;0.0;0.0;0.0;26.0;1.0;;16;9;2019;19:25;1.0;77;77335;1;1.0;1.0;7.0;RN3 (ROUTE NATIONALE);48,9586700;2,8369100;2;3;0.0;;3.0;3;0.0;2.0;17;748;1.0;;;1.0;0.0;3.0;90.0;Seine-et-Marne;11;Île-de-France
201900003937;138Â 299Â 126;A01;1.0;1;3.0;1.0;1989.0;0.0;8.0;0.0;;0.0;0;;;3.0;31.0;0.0;2.0;1.0;0.0;0.0;;14;9;2019;15:00;1.0;71;71270;2;1.0;1.0;1.0;BEAUJOLAIS (RUE DU);46,2886470;4,8036080;4;BEAUJOLAIS (RUE DU);0.0;;2.0;2;0.0;1.0;0;0;1.0;;;1.0;0.0;1.0;50.0;Saône-et-Loire;27;Bourgogne-Franche-Comté
201900003938;138Â 299Â 124;A01;1.0;1;1.0;2.0;1999.0;9.0;1.0;5.0;;0.0;0;;;1.0;7.0;0.0;2.0;6.0;0.0;1.0;;14;9;2019;22:50;5.0;71;71270;2;6.0;1.0;3.0;Rue du 28 Juin 1944-place Gardon;46,3094000;4,8374000;3;906;0.0;;;1;0.0;1.0;75;50;1.0;;;1.0;0.0;1.0;30.0;Saône-et-Loire;27;Bourgogne-Franche-Comté
201900003938;138Â 299Â 125;B01;2.0;1;2.0;1.0;1999.0;9.0;2.0;0.0;;0.0;0;;;1.0;32.0;0.0;2.0;1.0;9.0;1.0;;14;9;2019;22:50;5.0;71;71270;2;6.0;1.0;3.0;Rue du 28 Juin 1944-place Gardon;46,3094000;4,8374000;3;906;0.0;;;1;0.0;1.0;75;50;1.0;;;1.0;0.0;1.0;30.0;Saône-et-Loire;27;Bourgogne-Franche-Comté
201900003939;138Â 299Â 123;A01;1.0;1;1.0;2.0;2010.0;0.0;8.0;0.0;;;0;;;1.0;1.0;0.0;1.0;1.0;1.0;5.0;;17;9;2019;18:20;1.0;67;67482;2;1.0;1.0;6.0;MILAN (RUE DE);48,5768730;7,7673730;4;MILAN (RUE DE);0.0;;;1;0.0;1.0;0;0;4.0;;;1.0;9.0;1.0;30.0;Bas-Rhin;44;Grand Est
201900003939;138Â 299Â 123;A01;10.0;3;2.0;2.0;1941.0;5.0;8.0;0.0;;8.0;1;3.0;;1.0;1.0;0.0;1.0;1.0;1.0;5.0;;17;9;2019;18:20;1.0;67;67482;2;1.0;1.0;6.0;MILAN (RUE DE);48,5768730;7,7673730;4;MILAN (RUE DE);0.0;;;1;0.0;1.0;0;0;4.0;;;1.0;9.0;1.0;30.0;Bas-Rhin;44;Grand Est
201900003940;138Â 299Â 121;A01;1.0;1;1.0;1.0;1986.0;5.0;1.0;8.0;;;0;;;1.0;7.0;0.0;2.0;1.0;1.0;1.0;;17;9;2019;17:35;1.0;67;67482;2;3.0;8.0;3.0;AUBERGE DE JEUNESSE (RUE DE L );48,5737530;7,7185340;4;AUBERGE DE JEUNESSE (RUE DE L );0.0;;2.0;2;0.0;1.0;0;0;1.0;;;1.0;0.0;1.0;20.0;Bas-Rhin;44;Grand Est
201900003940;138Â 299Â 122;B01;1.0;1;2.0;1.0;1973.0;1.0;8.0;0.0;;;0;;;2.0;1.0;0.0;2.0;1.0;1.0;5.0;;17;9;2019;17:35;1.0;67;67482;2;3.0;8.0;3.0;AUBERGE DE JEUNESSE (RUE DE L );48,5737530;7,7185340;4;AUBERGE DE JEUNESSE (RUE DE L );0.0;;2.0;2;0.0;1.0;0;0;1.0;;;1.0;0.0;1.0;20.0;Bas-Rhin;44;Grand Est
201900003941;138Â 299Â 120;A01;10.0;3;2.0;2.0;2008.0;2.0;8.0;0.0;;2.0;3;1.0;;3.0;7.0;0.0;1.0;3.0;1.0;1.0;;12;9;2019;17:55;1.0;67;67180;2;1.0;1.0;6.0;MARCHE AUX GRAINS (RUE DU);48,8137500;7,7918700;4;MARCHE AUX GRAINS (RUE DU);0.0;;2.0;2;0.0;1.0;0;0;1.0;;;1.0;0.0;1.0;30.0;Bas-Rhin;44;Grand Est
201900003941;138Â 299Â 120;A01;1.0;1;1.0;2.0;1984.0;0.0;8.0;8.0;;0.0;0;;;3.0;7.0;0.0;1.0;3.0;1.0;1.0;;12;9;2019;17:55;1.0;67;67180;2;1.0;1.0;6.0;MARCHE AUX GRAINS (RUE DU);48,8137500;7,7918700;4;MARCHE AUX GRAINS (RUE DU);0.0;;2.0;2;0.0;1.0;0;0;1.0;;;1.0;0.0;1.0;30.0;Bas-Rhin;44;Grand Est
201900003942;138Â 299Â 117;A01;1.0;1;1.0;1.0;1959.0;4.0;1.0;8.0;;0.0;0;;;1.0;7.0;0.0;2.0;1.0;2.0;1.0;;18;9;2019;10:05;1.0;66;66136;1;1.0;1.0;4.0;DÃ©partementale 914;42,6653200;2,9178500;3;914;0.0;;3.0;1;0.0;1.0;0;0;1.0;;;1.0;0.0;1.0;50.0;Pyrénées-Orientales;76;Occitanie
201900003942;138Â 299Â 118;B01;1.0;1;2.0;1.0;1961.0;5.0;1.0;8.0;;0.0;0;;;1.0;7.0;0.0;2.0;4.0;2.0;1.0;;18;9;2019;10:05;1.0;66;66136;1;1.0;1.0;4.0;DÃ©partementale 914;42,6653200;2,9178500;3;914;0.0;;3.0;1;0.0;1.0;0;0;1.0;;;1.0;0.0;1.0;50.0;Pyrénées-Orientales;76;Occitanie
201900003942;138Â 299Â 119;C01;1.0;1;1.0;1.0;1959.0;5.0;1.0;8.0;;0.0;0;;;1.0;7.0;0.0;2.0;4.0;2.0;1.0;;18;9;2019;10:05;1.0;66;66136;1;1.0;1.0;4.0;DÃ©partementale 914;42,6653200;2,9178500;3;914;0.0;;3.0;1;0.0;1.0;0;0;1.0;;;1.0;0.0;1.0;50.0;Pyrénées-Orientales;76;Occitanie
201900003943;138Â 299Â 115;A01;1.0;1;2.0;2.0;1998.0;9.0;1.0;0.0;;; -1;;;1.0;7.0;0.0;2.0;8.0;15.0;1.0;;16;9;2019;18:40;1.0;66;66136;2;1.0;1.0;1.0;Georges Lavall;42,6779900;2,9053500;4;GORGES DE LAVALL (DES);0.0;;2.0;2;0.0;1.0;0;0;2.0;;;1.0;0.0;1.0;50.0;Pyrénées-Orientales;76;Occitanie
201900003943;138Â 299Â 116;B01;1.0;1;1.0;2.0;1973.0;9.0;1.0;8.0;;; -1;;;2.0;7.0;0.0;2.0;3.0;16.0;1.0;;16;9;2019;18:40;1.0;66;66136;2;1.0;1.0;1.0;Georges Lavall;42,6779900;2,9053500;4;GORGES DE LAVALL (DES);0.0;;2.0;2;0.0;1.0;0;0;2.0;;;1.0;0.0;1.0;50.0;Pyrénées-Orientales;76;Occitanie
201900003944;138Â 299Â 113;B01;1.0;1;3.0;1.0;1968.0;0.0;2.0;0.0;;0.0;0;;;1.0;2.0;0.0;2.0;1.0;1.0;1.0;;18;9;2019;05:35;5.0;64;64445;2;2.0;2.0;3.0;CHAMPETIER DE RIBES;43,3032340; -0,3785096;4;CHAMPETIER DE RIBES;0.0;;2.0;2;0.0;1.0;0;0;1.0;;;2.0;0.0;1.0;50.0;Pyrénées-Atlantiques;75;Nouvelle-Aquitaine
201900003944;138Â 299Â 114;A01;1.0;1;1.0;2.0;1996.0;1.0;1.0;0.0;;0.0;0;;;2.0;7.0;0.0;2.0;3.0;15.0;1.0;;18;9;2019;05:35;5.0;64;64445;2;2.0;2.0;3.0;CHAMPETIER DE RIBES;43,3032340; -0,3785096;4;CHAMPETIER DE RIBES;0.0;;2.0;2;0.0;1.0;0;0;1.0;;;2.0;0.0;1.0;50.0;Pyrénées-Atlantiques;75;Nouvelle-Aquitaine
201900003945;138Â 299Â 111;A01;1.0;1;3.0;1.0;1997.0;5.0;2.0;6.0;;0.0;0;;;1.0;33.0;0.0;2.0;1.0;17.0;1.0;;17;9;2019;17:20;1.0;64;64102;2;1.0;1.0;3.0;HENRI DE NAVARRE (AVENUE);43,5039636; -1,4465854;3;810;0.0;;2.0;2;0.0;1.0;0;0;1.0;;;1.0;0.0;3.0;50.0;Pyrénées-Atlantiques;75;Nouvelle-Aquitaine