Num_Acc;id_vehicule;num_veh;place;catu;grav;sexe;an_nais;trajet;secu1;secu2;secu3;locp;actp;etatp;id_usager;senc;catv;obs;obsm;choc;manv;motor;occutc;jour;mois;an;hrmn;lum;dep;com;agg;int;atm;col;adr;lat;long;catr;voie;v1;v2;circ;nbv;vosp;prof;pr;pr1;plan;lartpc;larrout;surf;infra;situ;vma;nom_departement;reg;nom_region
201900003945;138Â 299Â 111;A01;2.0;2;2.0;2.0;1995.0;5.0;2.0;6.0;;0.0;0;;;1.0;33.0;0.0;2.0;1.0;17.0;1.0;;17;9;2019;17:20;1.0;64;64102;2;1.0;1.0;3.0;HENRI DE NAVARRE (AVENUE);43,5039636; -1,4465854;3;810;0.0;;2.0;2;0.0;1.0;0;0;1.0;;;1.0;0.0;3.0;50.0;Pyrénées-Atlantiques;75;Nouvelle-Aquitaine
201900003945;138Â 299Â 112;B01;1.0;1;1.0;1.0;1992.0;1.0;1.0;8.0;;0.0;0;;;1.0;7.0;0.0;2.0;8.0;19.0;1.0;;17;9;2019;17:20;1.0;64;64102;2;1.0;1.0;3.0;HENRI DE NAVARRE (AVENUE);43,5039636; -1,4465854;3;810;0.0;;2.0;2;0.0;1.0;0;0;1.0;;;1.0;0.0;3.0;50.0;Pyrénées-Atlantiques;75;Nouvelle-Aquitaine
201900003946;138Â 299Â 110;Z01;10.0;3;2.0;1.0;1945.0;0.0;8.0;0.0;;3.0;3;1.0;;2.0;7.0;0.0;1.0;0.0;16.0;0.0;;16;9;2019;15:40;1.0;64;64024;2;3.0;1.0;6.0;CADRAN (ALLEE);43,4825842; -1,5051950;3;810;0.0;;1.0;1;0.0;1.0;0;0;1.0;;;1.0;0.0;1.0;30.0;Pyrénées-Atlantiques;75;Nouvelle-Aquitaine
201900003947;138Â 299Â 108;A01;1.0;1;1.0;1.0;1974.0;0.0;1.0;0.0;;0.0;0;;;3.0;3.0;0.0;2.0;3.0;1.0;1.0;;14;9;2019;23:00;5.0;62;62498;2;2.0;1.0;3.0;BETHUNE (RTE DE);50,4431200;2,8030200;4;BETHUNE (RTE DE);0.0;;2.0;4;0.0;1.0;0;0;1.0;;;1.0;0.0;1.0;50.0;Pas-de-Calais;32;Hauts-de-France
201900003947;138Â 299Â 109;B01;1.0;1;3.0;1.0;1974.0;1.0;2.0;6.0;;0.0;0;;;1.0;33.0;0.0;2.0;1.0;1.0;1.0;;14;9;2019;23:00;5.0;62;62498;2;2.0;1.0;3.0;BETHUNE (RTE DE);50,4431200;2,8030200;4;BETHUNE (RTE DE);0.0;;2.0;4;0.0;1.0;0;0;1.0;;;1.0;0.0;1.0;50.0;Pas-de-Calais;32;Hauts-de-France
201900003948;138Â 299Â 106;A01;1.0;1;1.0;2.0;1982.0;1.0;1.0;8.0;;; -1;;;2.0;7.0;0.0;2.0;3.0;1.0;1.0;;18;9;2019;12:20;1.0;62;62193;2;2.0;1.0;3.0;CURIE (BOULEVARD);50,9396200;1,8610600;4;CURIE (BOULEVARD);0.0;;2.0;2;0.0;1.0;0;0;1.0;;;1.0;0.0;1.0;50.0;Pas-de-Calais;32;Hauts-de-France
201900003948;138Â 299Â 107;B01;1.0;1;2.0;1.0;1971.0;1.0;2.0;8.0;;; -1;;;2.0;31.0;0.0;2.0;0.0;1.0;1.0;;18;9;2019;12:20;1.0;62;62193;2;2.0;1.0;3.0;CURIE (BOULEVARD);50,9396200;1,8610600;4;CURIE (BOULEVARD);0.0;;2.0;2;0.0;1.0;0;0;1.0;;;1.0;0.0;1.0;50.0;Pas-de-Calais;32;Hauts-de-France
201900003949;138Â 299Â 101;E01;1.0;1;1.0;1.0;1979.0;0.0;1.0;0.0;;; -1;;;3.0;7.0;0.0;6.0;2.0;5.0;1.0;;18;9;2019;20:55;3.0;59;59299;1;1.0;1.0;5.0;CD 700;50,6575600;3,2125400;7;700;0.0;;3.0;3;0.0;1.0;0;0;1.0;;;1.0;2.0;3.0;90.0;Nord;32;Hauts-de-France
201900003949;138Â 299Â 102;D01;1.0;1;1.0;1.0;1980.0;0.0;1.0;0.0;;; -1;;;3.0;7.0;14.0;0.0;1.0;1.0;1.0;;18;9;2019;20:55;3.0;59;59299;1;1.0;1.0;5.0;CD 700;50,6575600;3,2125400;7;700;0.0;;3.0;3;0.0;1.0;0;0;1.0;;;1.0;2.0;3.0;90.0;Nord;32;Hauts-de-France
201900003949;138Â 299Â 103;C01;1.0;1;1.0;2.0;1976.0;5.0;1.0;0.0;;; -1;;;3.0;7.0;0.0;6.0;1.0;1.0;1.0;;18;9;2019;20:55;3.0;59;59299;1;1.0;1.0;5.0;CD 700;50,6575600;3,2125400;7;700;0.0;;3.0;3;0.0;1.0;0;0;1.0;;;1.0;2.0;3.0;90.0;Nord;32;Hauts-de-France
201900003949;138Â 299Â 104;B01;1.0;1;2.0;1.0;1970.0;1.0;1.0;0.0;;; -1;;;3.0;20.0;0.0;2.0;3.0;1.0;1.0;;18;9;2019;20:55;3.0;59;59299;1;1.0;1.0;5.0;CD 700;50,6575600;3,2125400;7;700;0.0;;3.0;3;0.0;1.0;0;0;1.0;;;1.0;2.0;3.0;90.0;Nord;32;Hauts-de-France
201900003949;138Â 299Â 105;A01;1.0;1;4.0;1.0;1978.0;0.0;2.0;0.0;;; -1;;;3.0;30.0;0.0;2.0;1.0;26.0;1.0;;18;9;2019;20:55;3.0;59;59299;1;1.0;1.0;5.0;CD 700;50,6575600;3,2125400;7;700;0.0;;3.0;3;0.0;1.0;0;0;1.0;;;1.0;2.0;3.0;90.0;Nord;32;Hauts-de-France
201900003950;138Â 299Â 099;A01;1.0;1;1.0;1.0;1944.0;0.0;1.0;0.0;;;0;;;3.0;7.0;0.0;2.0;8.0;11.0;0.0;;7;9;2019;17:45;1.0;59;59350;2;9.0;1.0;3.0;LAMBRET OSCAR AVENUE;50,6164100;3,0344000;4;LAMBRET OSCAR AVENUE;0.0;;1.0;3;0.0;1.0;0;0;1.0;;;1.0;0.0;1.0;50.0;Nord;32;Hauts-de-France
201900003950;138Â 299Â 100;B01;1.0;1;2.0;1.0;1971.0;0.0;1.0;8.0;;;0;;;3.0;7.0;0.0;2.0;7.0;2.0;0.0;;7;9;2019;17:45;1.0;59;59350;2;9.0;1.0;3.0;LAMBRET OSCAR AVENUE;50,6164100;3,0344000;4;LAMBRET OSCAR AVENUE;0.0;;1.0;3;0.0;1.0;0;0;1.0;;;1.0;0.0;1.0;50.0;Nord;32;Hauts-de-France
201900003951;138Â 299Â 097;A01;1.0;1;1.0;2.0;1971.0;1.0;1.0;0.0;;; -1;;;1.0;7.0;0.0;2.0;3.0;15.0;1.0;;16;9;2019;07:37;1.0;57;57672;2;3.0;1.0;3.0;GENERAL DE CASTELNAU (RUE DU);49,3533900;6,1615800;4;GENERAL DE CASTELNAU (RUE DU);0.0;;2.0;2;0.0;1.0;0;0;1.0;;;1.0;0.0;1.0;50.0;Moselle;44;Grand Est
201900003951;138Â 299Â 098;B01;1.0;1;3.0;1.0;1993.0;1.0;2.0;6.0;;; -1;;;1.0;33.0;0.0;2.0;1.0;17.0;1.0;;16;9;2019;07:37;1.0;57;57672;2;3.0;1.0;3.0;GENERAL DE CASTELNAU (RUE DU);49,3533900;6,1615800;4;GENERAL DE CASTELNAU (RUE DU);0.0;;2.0;2;0.0;1.0;0;0;1.0;;;1.0;0.0;1.0;50.0;Moselle;44;Grand Est
201900003952;138Â 299Â 095;B01;1.0;1;2.0;1.0;1974.0;1.0;2.0;6.0;;;0;;;3.0;32.0;0.0;2.0;3.0;2.0;1.0;;18;9;2019;13:50;1.0;56;56260;2;3.0;1.0;2.0;PONTIVY(BOULEVARD DE);47,6706600; -2,7705200;4;PONTIVY (BD DE);0.0;;3.0;4;0.0;1.0;(1);(1);1.0;;;1.0;5.0;1.0;50.0;Morbihan;53;Bretagne
201900003952;138Â 299Â 096;A01;1.0;1;1.0;2.0;1991.0;5.0;1.0;0.0;;;0;;;3.0;10.0;0.0;2.0;5.0;26.0;1.0;;18;9;2019;13:50;1.0;56;56260;2;3.0;1.0;2.0;PONTIVY(BOULEVARD DE);47,6706600; -2,7705200;4;PONTIVY (BD DE);0.0;;3.0;4;0.0;1.0;(1);(1);1.0;;;1.0;5.0;1.0;50.0;Morbihan;53;Bretagne
201900003953;138Â 299Â 093;B01;1.0;1;2.0;1.0;1968.0;4.0;2.0;0.0;;0.0;0;;;2.0;1.0;0.0;2.0;8.0;1.0;5.0;;17;9;2019;17:10;1.0;56;56121;2;2.0;1.0;3.0;KERJULAUDE ( RUE DE );47,7438357; -3,3810682;4;KERJULAUDE ( RUE DE );0.0;;2.0;4;1.0;1.0;(1);(1);1.0;;;1.0;5.0;1.0;50.0;Morbihan;53;Bretagne
201900003953;138Â 299Â 094;A01;1.0;1;1.0;1.0;1998.0;4.0;1.0;8.0;;0.0;0;;;2.0;10.0;0.0;2.0;2.0;15.0;1.0;;17;9;2019;17:10;1.0;56;56121;2;2.0;1.0;3.0;KERJULAUDE ( RUE DE );47,7438357; -3,3810682;4;KERJULAUDE ( RUE DE );0.0;;2.0;4;1.0;1.0;(1);(1);1.0;;;1.0;5.0;1.0;50.0;Morbihan;53;Bretagne
201900003954;138Â 299Â 091;B01;1.0;1;1.0;1.0;1999.0;0.0;1.0;0.0;;;0;;;1.0;7.0;0.0;2.0;0.0;0.0;1.0;;18;9;2019;19:10;2.0;54;54304;2;4.0;7.0;3.0;RESISTANCE (AV. DE LA -IMPAIR-);48,6939350;6,1352770;4;RESISTANCE (AV. DE LA -IMPAIR-);0.0;;1.0;2;0.0;2.0;0;0;1.0;;;1.0;0.0;1.0;2.0;Meurthe-et-Moselle;44;Grand Est
201900003954;138Â 299Â 091;B01;2.0;2;2.0;1.0;1999.0;0.0;1.0;0.0;;;0;;;1.0;7.0;0.0;2.0;0.0;0.0;1.0;;18;9;2019;19:10;2.0;54;54304;2;4.0;7.0;3.0;RESISTANCE (AV. DE LA -IMPAIR-);48,6939350;6,1352770;4;RESISTANCE (AV. DE LA -IMPAIR-);0.0;;1.0;2;0.0;2.0;0;0;1.0;;;1.0;0.0;1.0;2.0;Meurthe-et-Moselle;44;Grand Est
201900003954;138Â 299Â 092;A01;1.0;1;2.0;1.0;1993.0;0.0;1.0;0.0;;;0;;;1.0;7.0;0.0;2.0;0.0;1.0;1.0;;18;9;2019;19:10;2.0;54;54304;2;4.0;7.0;3.0;RESISTANCE (AV. DE LA -IMPAIR-);48,6939350;6,1352770;4;RESISTANCE (AV. DE LA -IMPAIR-);0.0;;1.0;2;0.0;2.0;0;0;1.0;;;1.0;0.0;1.0;2.0;Meurthe-et-Moselle;44;Grand Est
201900003955;138Â 299Â 089;A01;1.0;1;2.0;1.0;1992.0;0.0;1.0;0.0;;;0;;;1.0;7.0;0.0;2.0;3.0;0.0;1.0;;18;9;2019;07:00;2.0;54;54578;2;1.0;1.0;3.0;LECLERC (AVENUE DU GENERAL);48,6760770;6,1533280;4;LECLERC (AVENUE DU GENERAL);0.0;;2.0;2;0.0;1.0;0;0;1.0;;;1.0;0.0;1.0;50.0;Meurthe-et-Moselle;44;Grand Est
201900003955;138Â 299Â 089;A01;2.0;2;1.0;2.0;1990.0;0.0;1.0;0.0;;;0;;;1.0;7.0;0.0;2.0;3.0;0.0;1.0;;18;9;2019;07:00;2.0;54;54578;2;1.0;1.0;3.0;LECLERC (AVENUE DU GENERAL);48,6760770;6,1533280;4;LECLERC (AVENUE DU GENERAL);0.0;;2.0;2;0.0;1.0;0;0;1.0;;;1.0;0.0;1.0;50.0;Meurthe-et-Moselle;44;Grand Est
201900003955;138Â 299Â 090;B01;2.0;2;1.0;1.0;1970.0;9.0;1.0;0.0;;;0;;;1.0;7.0;0.0;2.0;1.0;0.0;1.0;;18;9;2019;07:00;2.0;54;54578;2;1.0;1.0;3.0;LECLERC (AVENUE DU GENERAL);48,6760770;6,1533280;4;LECLERC (AVENUE DU GENERAL);0.0;;2.0;2;0.0;1.0;0;0;1.0;;;1.0;0.0;1.0;50.0;Meurthe-et-Moselle;44;Grand Est
201900003955;138Â 299Â 090;B01;1.0;1;1.0;1.0;1988.0;0.0;1.0;0.0;;;0;;;1.0;7.0;0.0;2.0;1.0;0.0;1.0;;18;9;2019;07:00;2.0;54;54578;2;1.0;1.0;3.0;LECLERC (AVENUE DU GENERAL);48,6760770;6,1533280;4;LECLERC (AVENUE DU GENERAL);0.0;;2.0;2;0.0;1.0;0;0;1.0;;;1.0;0.0;1.0;50.0;Meurthe-et-Moselle;44;Grand Est
201900003956;138Â 299Â 085;A01;1.0;1;2.0;2.0;1964.0;5.0;1.0;5.0;;;0;;;0.0;7.0;0.0;2.0;2.0;1.0;1.0;;18;9;2019;19:00;1.0;51;51454;2;1.0;1.0;3.0;AVENUE D'EPERNAY;49,2447137;4,0124819;4;AVENUE D'EPERNAY;0.0;;2.0;2;0.0;1.0;0;0;1.0;;;1.0;0.0;1.0;50.0;Marne;44;Grand Est
201900003956;138Â 299Â 086;B01;1.0;1;2.0;1.0;1997.0;5.0;1.0;5.0;;;0;;;1.0;7.0;0.0;2.0;3.0;9.0;1.0;;18;9;2019;19:00;1.0;51;51454;2;1.0;1.0;3.0;AVENUE D'EPERNAY;49,2447137;4,0124819;4;AVENUE D'EPERNAY;0.0;;2.0;2;0.0;1.0;0;0;1.0;;;1.0;0.0;1.0;50.0;Marne;44;Grand Est
201900003957;138Â 299Â 084;A01;2.0;1;2.0;1.0;1972.0;0.0;2.0;6.0;;;0;;;0.0;33.0;0.0;0.0;6.0;15.0;1.0;;18;9;2019;08:40;1.0;51;51055;2;6.0;1.0;7.0;ROUTE DE LA NEUVILLETTE;49,2868200;4,0281600;4;ROUTE DE LA NEUVILLETTE;0.0;;1.0;1;0.0;1.0;(1);(1);2.0;;;1.0;0.0;1.0;50.0;Marne;44;Grand Est
201900003958;138Â 299Â 082;B01;1.0;1;3.0;1.0;1961.0;0.0;2.0;0.0;;;0;;;0.0;31.0;0.0;2.0;7.0;1.0;0.0;;17;9;2019;11:35;1.0;51;51454;2;6.0;1.0;3.0;PLACE DU SOUVENIR FRANCAIS;49,2692435;4,0705321;4;PLACE DU SOUVENIR FRANCAIS;0.0;;1.0;2;0.0;1.0;(1);(1);2.0;;;1.0;0.0;1.0;50.0;Marne;44;Grand Est
201900003958;138Â 299Â 083;A01;1.0;1;1.0;1.0;1953.0;0.0;1.0;0.0;;;0;;;0.0;10.0;0.0;2.0;6.0;1.0;1.0;;17;9;2019;11:35;1.0;51;51454;2;6.0;1.0;3.0;PLACE DU SOUVENIR FRANCAIS;49,2692435;4,0705321;4;PLACE DU SOUVENIR FRANCAIS;0.0;;1.0;2;0.0;1.0;(1);(1);2.0;;;1.0;0.0;1.0;50.0;Marne;44;Grand Est
201900003959;138Â 299Â 080;A01;1.0;1;1.0;1.0;1958.0;4.0;1.0;0.0;;;0;;;1.0;20.0;0.0;6.0;8.0;13.0;1.0;;18;9;2019;07:15;5.0;49;49099;2;7.0;1.0;3.0;OLDENBURG (PLACE D');47,0736800; -0,8432700;7;OLDENBURG (PLACE D');0.0;;1.0;2;0.0;1.0;0;0;2.0;;;1.0;0.0;1.0;50.0;Maine-et-Loire;52;Pays de la Loire
201900003959;138Â 299Â 081;B01;1.0;1;4.0;1.0;1998.0;0.0;2.0;8.0;;;0;;;1.0;80.0;0.0;2.0;2.0;0.0;3.0;;18;9;2019;07:15;5.0;49;49099;2;7.0;1.0;3.0;OLDENBURG (PLACE D');47,0736800; -0,8432700;7;OLDENBURG (PLACE D');0.0;;1.0;2;0.0;1.0;0;0;2.0;;;1.0;0.0;1.0;50.0;Maine-et-Loire;52;Pays de la Loire
201900003960;138Â 299Â 078;A01;1.0;1;1.0;2.0;1974.0;9.0;1.0;8.0;;;0;;;1.0;7.0;0.0;2.0;3.0;13.0;1.0;;17;9;2019;13:25;1.0;49;49099;1;1.0;1.0;1.0;BENESTIERE (RUE DE LA);47,0363200; -0,8756100;4;BENESTIERE (RUE DE LA);0.0;;2.0;2;0.0;1.0;0;0;1.0;;;1.0;0.0;1.0;50.0;Maine-et-Loire;52;Pays de la Loire
201900003960;138Â 299Â 079;B01;1.0;1;2.0;1.0;1989.0;1.0;1.0;8.0;;;0;;;2.0;7.0;0.0;2.0;3.0;1.0;1.0;;17;9;2019;13:25;1.0;49;49099;1;1.0;1.0;1.0;BENESTIERE (RUE DE LA);47,0363200; -0,8756100;4;BENESTIERE (RUE DE LA);0.0;;2.0;2;0.0;1.0;0;0;1.0;;;1.0;0.0;1.0;50.0;Maine-et-Loire;52;Pays de la Loire
201900003961;138Â 299Â 076;B01;1.0;1;1.0;2.0;1998.0;0.0;1.0;8.0;;;0;;;1.0;7.0;0.0;2.0;2.0;0.0;1.0;;16;9;2019;13:46;1.0;49;49007;2;1.0;1.0;3.0;GIRAN  OLIVIER PLACE;47,4748800; -0,5424500;4;GIRAN  OLIVIER PLACE;0.0;;2.0;2;0.0;1.0;0;0;1.0;;;1.0;0.0;1.0;60.0;Maine-et-Loire;52;Pays de la Loire
201900003961;138Â 299Â 077;A01;1.0;1;3.0;2.0;1967.0;0.0;2.0;8.0;;;0;;;1.0;30.0;0.0;2.0;2.0;0.0;1.0;;16;9;2019;13:46;1.0;49;49007;2;1.0;1.0;3.0;GIRAN  OLIVIER PLACE;47,4748800; -0,5424500;4;GIRAN  OLIVIER PLACE;0.0;;2.0;2;0.0;1.0;0;0;1.0;;;1.0;0.0;1.0;60.0;Maine-et-Loire;52;Pays de la Loire
201900003962;138Â 299Â 074;B01;1.0;1;1.0;2.0;1984.0;2.0;1.0;0.0;;; -1;;;1.0;7.0;0.0;2.0;3.0;16.0;1.0;;13;9;2019;16:06;1.0;47;47001;2;2.0;1.0;3.0;CARNOT (BD DU PRESIDENT);44,2042607;0,6207031;4;119 CARNOT (BD DU PRESIDENT);0.0;;2.0;2;0.0;1.0;0;0;1.0;;;1.0;0.0;1.0;50.0;Lot-et-Garonne;75;Nouvelle-Aquitaine
201900003962;138Â 299Â 075;A01;2.0;2;1.0;1.0;2000.0;5.0;2.0;6.0;;; -1;;;2.0;30.0;0.0;2.0;2.0;1.0;1.0;;13;9;2019;16:06;1.0;47;47001;2;2.0;1.0;3.0;CARNOT (BD DU PRESIDENT);44,2042607;0,6207031;4;119 CARNOT (BD DU PRESIDENT);0.0;;2.0;2;0.0;1.0;0;0;1.0;;;1.0;0.0;1.0;50.0;Lot-et-Garonne;75;Nouvelle-Aquitaine
201900003962;138Â 299Â 075;A01;10.0;3;3.0;2.0;1956.0;0.0;8.0;0.0;;3.0;3;1.0;;2.0;30.0;0.0;2.0;2.0;1.0;1.0;;13;9;2019;16:06;1.0;47;47001;2;2.0;1.0;3.0;CARNOT (BD DU PRESIDENT);44,2042607;0,6207031;4;119 CARNOT (BD DU PRESIDENT);0.0;;2.0;2;0.0;1.0;0;0;1.0;;;1.0;0.0;1.0;50.0;Lot-et-Garonne;75;Nouvelle-Aquitaine
201900003962;138Â 299Â 075;A01;1.0;1;1.0;1.0;1997.0;5.0;2.0;6.0;;; -1;;;2.0;30.0;0.0;2.0;2.0;1.0;1.0;;13;9;2019;16:06;1.0;47;47001;2;2.0;1.0;3.0;CARNOT (BD DU PRESIDENT);44,2042607;0,6207031;4;119 CARNOT (BD DU PRESIDENT);0.0;;2.0;2;0.0;1.0;0;0;1.0;;;1.0;0.0;1.0;50.0;Lot-et-Garonne;75;Nouvelle-Aquitaine
201900003963;138Â 299Â 071;C01;1.0;1;1.0;1.0;1981.0;4.0;1.0;8.0;;; -1;;;1.0;10.0;0.0;6.0;3.0;1.0;1.0;;16;9;2019;10:15;1.0;46;46042;2;2.0;1.0;5.0;ORMEAUX (COTE DES);44,4639300;1,4286000;3;620;0.0;;2.0;2;1.0;2.0;1;150;3.0;;;1.0;9.0;1.0;50.0;Lot;76;Occitanie
201900003963;138Â 299Â 072;B01;1.0;1;1.0;1.0;1977.0;4.0;1.0;8.0;;; -1;;;3.0;10.0;0.0;2.0;6.0;23.0;1.0;;16;9;2019;10:15;1.0;46;46042;2;2.0;1.0;5.0;ORMEAUX (COTE DES);44,4639300;1,4286000;3;620;0.0;;2.0;2;1.0;2.0;1;150;3.0;;;1.0;9.0;1.0;50.0;Lot;76;Occitanie
201900003963;138Â 299Â 073;A01;1.0;1;4.0;1.0;1962.0;0.0;2.0;6.0;;; -1;;;3.0;30.0;0.0;2.0;1.0;17.0;1.0;;16;9;2019;10:15;1.0;46;46042;2;2.0;1.0;5.0;ORMEAUX (COTE DES);44,4639300;1,4286000;3;620;0.0;;2.0;2;1.0;2.0;1;150;3.0;;;1.0;9.0;1.0;50.0;Lot;76;Occitanie
201900003964;138Â 299Â 070;A01;1.0;1;1.0;2.0;1977.0;0.0;8.0;0.0;;0.0;0;;;1.0;7.0;0.0;1.0;3.0;1.0;1.0;;18;9;2019;13:09;1.0;45;45234;2;1.0;1.0;6.0;BD MARIE STUART;47,9114000;1,9282600;4;BD MARIE STUART;0.0;;3.0;2;0.0;1.0;(1);(1);1.0;;;1.0;0.0;1.0;50.0;Loiret;24;Centre-Val de Loire
201900003964;138Â 299Â 070;A01;10.0;3;3.0;1.0;2013.0;5.0;8.0;0.0;;3.0;3;1.0;;1.0;7.0;0.0;1.0;3.0;1.0;1.0;;18;9;2019;13:09;1.0;45;45234;2;1.0;1.0;6.0;BD MARIE STUART;47,9114000;1,9282600;4;BD MARIE STUART;0.0;;3.0;2;0.0;1.0;(1);(1);1.0;;;1.0;0.0;1.0;50.0;Loiret;24;Centre-Val de Loire
201900003964;138Â 299Â 070;A01;3.0;2;1.0;1.0;2013.0;0.0;3.0;0.0;;0.0;0;;;1.0;7.0;0.0;1.0;3.0;1.0;1.0;;18;9;2019;13:09;1.0;45;45234;2;1.0;1.0;6.0;BD MARIE STUART;47,9114000;1,9282600;4;BD MARIE STUART;0.0;;3.0;2;0.0;1.0;(1);(1);1.0;;;1.0;0.0;1.0;50.0;Loiret;24;Centre-Val de Loire
201900003965;138Â 299Â 069;A01;1.0;1;2.0;1.0;1971.0;9.0;1.0;5.0;;0.0;0;;;1.0;7.0;13.0;0.0;1.0;14.0;1.0;;13;9;2019;02:45;3.0;45;45004;1;1.0;1.0;7.0;RD 2060 - RIC Environnement;48,0041545;2,7960510;3;2060;0.0;;2.0;2;0.0;1.0;23;500;1.0;;;1.0;0.0;1.0;80.0;Loiret;24;Centre-Val de Loire
201900003966;138Â 299Â 068;A01;1.0;1;1.0;1.0;1969.0;9.0;1.0;0.0;;0.0;0;;;0.0;7.0;0.0;1.0;1.0;1.0;1.0;;18;9;2019;10:50;1.0;44;44109;2;1.0;1.0;6.0;BOULEVARD DE DOULON;47,2257500; -1,5225400;4;;0.0;;2.0;0;0.0;1.0;1;0;1.0;;;1.0;0.0;1.0;50.0;Loire-Atlantique;52;Pays de la Loire
201900003966;138Â 299Â 068;A01;10.0;3;2.0;1.0;1946.0;0.0;8.0;0.0;;3.0;3;2.0;;0.0;7.0;0.0;1.0;1.0;1.0;1.0;;18;9;2019;10:50;1.0;44;44109;2;1.0;1.0;6.0;BOULEVARD DE DOULON;47,2257500; -1,5225400;4;;0.0;;2.0;0;0.0;1.0;1;0;1.0;;;1.0;0.0;1.0;50.0;Loire-Atlantique;52;Pays de la Loire
201900003967;138Â 299Â 066;A01;2.0;2;1.0;2.0;2000.0;0.0;1.0;0.0;;;0;;;3.0;7.0;0.0;2.0;1.0;15.0;1.0;;18;9;2019;18:34;1.0;37;37261;2;3.0;1.0;3.0;COPPEE (RUE FRANCOIS);47,4269157;0,6902293;4;COPPEE (RUE FRANCOIS);0.0;;2.0;2;0.0;1.0;0;0;1.0;;;1.0;0.0;1.0;50.0;Indre-et-Loire;24;Centre-Val de Loire
201900003967;138Â 299Â 066;A01;1.0;1;1.0;1.0;2000.0;0.0;1.0;0.0;;;0;;;3.0;7.0;0.0;2.0;1.0;15.0;1.0;;18;9;2019;18:34;1.0;37;37261;2;3.0;1.0;3.0;COPPEE (RUE FRANCOIS);47,4269157;0,6902293;4;COPPEE (RUE FRANCOIS);0.0;;2.0;2;0.0;1.0;0;0;1.0;;;1.0;0.0;1.0;50.0;Indre-et-Loire;24;Centre-Val de Loire
201900003967;138Â 299Â 066;A01;2.0;2;1.0;1.0;1999.0;0.0;1.0;0.0;;;0;;;3.0;7.0;0.0;2.0;1.0;15.0;1.0;;18;9;2019;18:34;1.0;37;37261;2;3.0;1.0;3.0;COPPEE (RUE FRANCOIS);47,4269157;0,6902293;4;COPPEE (RUE FRANCOIS);0.0;;2.0;2;0.0;1.0;0;0;1.0;;;1.0;0.0;1.0;50.0;Indre-et-Loire;24;Centre-Val de Loire
201900003967;138Â 299Â 066;A01;3.0;2;1.0;2.0;2000.0;0.0;1.0;0.0;;;0;;;3.0;7.0;0.0;2.0;1.0;15.0;1.0;;18;9;2019;18:34;1.0;37;37261;2;3.0;1.0;3.0;COPPEE (RUE FRANCOIS);47,4269157;0,6902293;4;COPPEE (RUE FRANCOIS);0.0;;2.0;2;0.0;1.0;0;0;1.0;;;1.0;0.0;1.0;50.0;Indre-et-Loire;24;Centre-Val de Loire
201900003967;138Â 299Â 067;B01;1.0;1;3.0;1.0;1980.0;1.0;2.0;0.0;;;0;;;3.0;1.0;0.0;2.0;8.0;19.0;5.0;;18;9;2019;18:34;1.0;37;37261;2;3.0;1.0;3.0;COPPEE (RUE FRANCOIS);47,4269157;0,6902293;4;COPPEE (RUE FRANCOIS);0.0;;2.0;2;0.0;1.0;0;0;1.0;;;1.0;0.0;1.0;50.0;Indre-et-Loire;24;Centre-Val de Loire
201900003968;138Â 299Â 065;A01;4.0;2;1.0;2.0;2014.0;5.0;1.0;8.0;;;0;;;2.0;7.0;0.0;1.0;1.0;1.0;1.0;;18;9;2019;15:38;1.0;37;37261;2;1.0;1.0;6.0;TONNELLE (BOULEVARD);47,3809387;0,6681232;4;TONNELLE (BOULEVARD);0.0;;2.0;2;0.0;1.0;0;0;1.0;;;1.0;0.0;1.0;50.0;Indre-et-Loire;24;Centre-Val de Loire
201900003968;138Â 299Â 065;A01;10.0;3;2.0;1.0;2010.0;5.0;8.0;0.0;;3.0;3;1.0;;2.0;7.0;0.0;1.0;1.0;1.0;1.0;;18;9;2019;15:38;1.0;37;37261;2;1.0;1.0;6.0;TONNELLE (BOULEVARD);47,3809387;0,6681232;4;TONNELLE (BOULEVARD);0.0;;2.0;2;0.0;1.0;0;0;1.0;;;1.0;0.0;1.0;50.0;Indre-et-Loire;24;Centre-Val de Loire
201900003968;138Â 299Â 065;A01;1.0;1;1.0;2.0;1951.0;5.0;1.0;0.0;;;0;;;2.0;7.0;0.0;1.0;1.0;1.0;1.0;;18;9;2019;15:38;1.0;37;37261;2;1.0;1.0;6.0;TONNELLE (BOULEVARD);47,3809387;0,6681232;4;TONNELLE (BOULEVARD);0.0;;2.0;2;0.0;1.0;0;0;1.0;;;1.0;0.0;1.0;50.0;Indre-et-Loire;24;Centre-Val de Loire
201900003969;138Â 299Â 064;A01;1.0;1;2.0;1.0;1992.0;1.0;2.0;0.0;;;0;;;2.0;2.0;0.0;0.0;3.0;1.0;1.0;;18;9;2019;13:59;1.0;37;37261;2;1.0;1.0;7.0;FOUQUET (RUE JEHAN);47,3862001;0,6840291;4;FOUQUET (RUE JEHAN);0.0;;1.0;1;0.0;1.0;0;0;1.0;;;1.0;0.0;1.0;50.0;Indre-et-Loire;24;Centre-Val de Loire
201900003970;138Â 299Â 062;B01;1.0;1;2.0;2.0;1996.0;9.0;8.0;0.0;;; -1;;;2.0;1.0;0.0;2.0;1.0;1.0;0.0;;18;9;2019;17:30;1.0;35;35051;2;3.0;1.0;3.0;RENAUDIERE (AVENUE DE LA);48,1177600; -1,6320400;3;197;0.0;;2.0;2;2.0;2.0;1;800;1.0;;;1.0;0.0;5.0;50.0;Ille-et-Vilaine;53;Bretagne