Num_Acc;id_vehicule;num_veh;place;catu;grav;sexe;an_nais;trajet;secu1;secu2;secu3;locp;actp;etatp;id_usager;senc;catv;obs;obsm;choc;manv;motor;occutc;jour;mois;an;hrmn;lum;dep;com;agg;int;atm;col;adr;lat;long;catr;voie;v1;v2;circ;nbv;vosp;prof;pr;pr1;plan;lartpc;larrout;surf;infra;situ;vma;nom_departement;reg;nom_region
201900003970;138Â 299Â 063;A01;1.0;1;1.0;2.0;1994.0;1.0;1.0;0.0;;;0;;;3.0;7.0;0.0;2.0;2.0;15.0;1.0;;18;9;2019;17:30;1.0;35;35051;2;3.0;1.0;3.0;RENAUDIERE (AVENUE DE LA);48,1177600; -1,6320400;3;197;0.0;;2.0;2;2.0;2.0;1;800;1.0;;;1.0;0.0;5.0;50.0;Ille-et-Vilaine;53;Bretagne
201900003971;138Â 299Â 061;A01;1.0;1;3.0;1.0;1967.0;0.0;2.0;6.0;;;0;;;2.0;34.0;3.0;0.0;2.0;19.0;1.0;;18;9;2019;07:35;1.0;35;35238;1;1.0;1.0;6.0;RN136;48,0826360; -1,6445490;2;136;0.0;;3.0;4;0.0;1.0;6;800;1.0;;;1.0;0.0;1.0;90.0;Ille-et-Vilaine;53;Bretagne
201900003972;138Â 299Â 059;B01;1.0;1;1.0;1.0;1947.0;5.0;1.0;8.0;;0.0;0;;;3.0;7.0;0.0;2.0;5.0;19.0;1.0;;16;9;2019;20:30;5.0;34;34032;2;9.0;1.0;2.0;DEVEZE (AV DE LA);43,3311300;3,2445200;4;DEVEZE (AV DE LA);0.0;;2.0;3;0.0;2.0;0;0;1.0;;;1.0;5.0;1.0;50.0;Hérault;76;Occitanie
201900003972;138Â 299Â 060;A01;1.0;1;3.0;1.0;1970.0;5.0;2.0;6.0;;0.0;0;;;1.0;33.0;0.0;2.0;1.0;26.0;1.0;;16;9;2019;20:30;5.0;34;34032;2;9.0;1.0;2.0;DEVEZE (AV DE LA);43,3311300;3,2445200;4;DEVEZE (AV DE LA);0.0;;2.0;3;0.0;2.0;0;0;1.0;;;1.0;5.0;1.0;50.0;Hérault;76;Occitanie
201900003973;138Â 299Â 058;A01;10.0;3;2.0;2.0;1935.0;0.0;0.0;0.0;;9.0;9;1.0;;3.0;7.0;0.0;2.0;4.0;26.0;1.0;;17;9;2019;11:00;1.0;33;33032;2;1.0;1.0;6.0;Parking centre commercial rue camille Jullian;44,9021800; -0,5089000;6;Parking centre commercial rue camille Jullian;0.0;;;0;0.0;1.0;0;0;1.0;;;1.0;0.0;1.0;30.0;Gironde;75;Nouvelle-Aquitaine
201900003973;138Â 299Â 058;A01;1.0;1;1.0;1.0;1946.0;0.0;8.0;0.0;;; -1;;;3.0;7.0;0.0;2.0;4.0;26.0;1.0;;17;9;2019;11:00;1.0;33;33032;2;1.0;1.0;6.0;Parking centre commercial rue camille Jullian;44,9021800; -0,5089000;6;Parking centre commercial rue camille Jullian;0.0;;;0;0.0;1.0;0;0;1.0;;;1.0;0.0;1.0;30.0;Gironde;75;Nouvelle-Aquitaine
201900003974;138Â 299Â 056;A01;1.0;1;1.0;1.0;1987.0;0.0;8.0;0.0;;; -1;;;1.0;7.0;6.0;2.0;1.0;1.0;1.0;;16;9;2019;11:45;1.0;33;33192;2;3.0;1.0;1.0;ALL DE GASCOGNE;44,7728800; -0,6010100;4;RUE DU MOULINEAU;0.0;;2.0;4;0.0;1.0;0;0;1.0;;;1.0;0.0;1.0;50.0;Gironde;75;Nouvelle-Aquitaine
201900003974;138Â 299Â 057;B01;1.0;1;2.0;2.0;1932.0;0.0;8.0;0.0;;; -1;;;2.0;7.0;0.0;2.0;3.0;1.0;1.0;;16;9;2019;11:45;1.0;33;33192;2;3.0;1.0;1.0;ALL DE GASCOGNE;44,7728800; -0,6010100;4;RUE DU MOULINEAU;0.0;;2.0;4;0.0;1.0;0;0;1.0;;;1.0;0.0;1.0;50.0;Gironde;75;Nouvelle-Aquitaine
201900003975;138Â 299Â 055;A01;1.0;1;3.0;2.0;1959.0;9.0;1.0;0.0;;0.0;0;;;2.0;7.0;0.0;0.0;1.0;14.0;1.0;;17;9;2019;13:55;1.0;32;32013;1;1.0;1.0;7.0;AGEN (ROUTE D');43,6995300;0,6119200;2;21;0.0;;2.0;2;0.0;1.0;42;900;1.0;;;1.0;0.0;1.0;80.0;Gers;76;Occitanie
201900003976;138Â 299Â 053;A01;1.0;1;1.0;1.0;1973.0;9.0;1.0;8.0;;;0;;;1.0;7.0;0.0;2.0;1.0;15.0;1.0;;18;9;2019;06:40;3.0;31;31149;2;1.0;1.0;3.0;Bd VICTOR HUGO;43,6147500;1,3102600;4;;0.0;;2.0;2;0.0;1.0;0;0;1.0;;;1.0;0.0;1.0;50.0;Haute-Garonne;76;Occitanie
201900003976;138Â 299Â 054;B01;1.0;1;2.0;1.0;1987.0;1.0;2.0;7.0;;;0;;;2.0;2.0;0.0;2.0;1.0;1.0;1.0;;18;9;2019;06:40;3.0;31;31149;2;1.0;1.0;3.0;Bd VICTOR HUGO;43,6147500;1,3102600;4;;0.0;;2.0;2;0.0;1.0;0;0;1.0;;;1.0;0.0;1.0;50.0;Haute-Garonne;76;Occitanie
201900003977;138Â 299Â 051;B01;1.0;1;2.0;1.0;1967.0;9.0;1.0;8.0;;;0;;;2.0;7.0;0.0;2.0;1.0;1.0;1.0;;17;9;2019;21:45;4.0;31;31555;2;1.0;1.0;3.0;AV SALVADOR DALI;43,6248800;1,4059500;4;;0.0;;2.0;2;0.0;1.0;0;0;1.0;;;1.0;0.0;1.0;50.0;Haute-Garonne;76;Occitanie
201900003977;138Â 299Â 052;A01;1.0;1;1.0;1.0;1983.0;9.0;1.0;8.0;;;0;;;1.0;7.0;0.0;2.0;1.0;15.0;1.0;;17;9;2019;21:45;4.0;31;31555;2;1.0;1.0;3.0;AV SALVADOR DALI;43,6248800;1,4059500;4;;0.0;;2.0;2;0.0;1.0;0;0;1.0;;;1.0;0.0;1.0;50.0;Haute-Garonne;76;Occitanie
201900003978;138Â 299Â 049;A01;1.0;1;1.0;2.0;1979.0;0.0;1.0;0.0;;0.0;0;;;2.0;7.0;0.0;2.0;4.0;2.0;1.0;;18;9;2019;17:48;1.0;29;29232;1;1.0;1.0;2.0;CNO;48,0232100; -4,1039200;3;100;0.0;;3.0;4;0.0;1.0;1;900;3.0;;;1.0;8.0;1.0;70.0;Finistère;53;Bretagne
201900003978;138Â 299Â 050;B01;1.0;1;1.0;2.0;1981.0;0.0;1.0;0.0;;0.0;0;;;2.0;7.0;0.0;2.0;1.0;2.0;0.0;;18;9;2019;17:48;1.0;29;29232;1;1.0;1.0;2.0;CNO;48,0232100; -4,1039200;3;100;0.0;;3.0;4;0.0;1.0;1;900;3.0;;;1.0;8.0;1.0;70.0;Finistère;53;Bretagne
201900003978;138Â 299Â 050;B01;2.0;2;2.0;2.0;2009.0;0.0;1.0;0.0;;0.0;0;;;2.0;7.0;0.0;2.0;1.0;2.0;0.0;;18;9;2019;17:48;1.0;29;29232;1;1.0;1.0;2.0;CNO;48,0232100; -4,1039200;3;100;0.0;;3.0;4;0.0;1.0;1;900;3.0;;;1.0;8.0;1.0;70.0;Finistère;53;Bretagne
201900003979;138Â 299Â 048;A01;1.0;1;1.0;1.0;1996.0;0.0;1.0;0.0;;; -1;;;3.0;7.0;0.0;1.0;3.0;1.0;1.0;;18;9;2019;17:48;1.0;25;25056;2;2.0;1.0;6.0;DENFERT ROCHEREAU AVENUE;47,2440500;6,0270700;4;DENFERT ROCHEREAU AVENUE;0.0;;1.0;1;0.0;1.0;0;0;1.0;;;1.0;0.0;1.0;50.0;Doubs;27;Bourgogne-Franche-Comté
201900003979;138Â 299Â 048;A01;10.0;3;3.0;2.0;1997.0;9.0;8.0;0.0;;1.0;3;2.0;;3.0;7.0;0.0;1.0;3.0;1.0;1.0;;18;9;2019;17:48;1.0;25;25056;2;2.0;1.0;6.0;DENFERT ROCHEREAU AVENUE;47,2440500;6,0270700;4;DENFERT ROCHEREAU AVENUE;0.0;;1.0;1;0.0;1.0;0;0;1.0;;;1.0;0.0;1.0;50.0;Doubs;27;Bourgogne-Franche-Comté
201900003979;138Â 299Â 048;A01;3.0;2;1.0;1.0;2018.0;9.0;3.0;0.0;;;0;;;3.0;7.0;0.0;1.0;3.0;1.0;1.0;;18;9;2019;17:48;1.0;25;25056;2;2.0;1.0;6.0;DENFERT ROCHEREAU AVENUE;47,2440500;6,0270700;4;DENFERT ROCHEREAU AVENUE;0.0;;1.0;1;0.0;1.0;0;0;1.0;;;1.0;0.0;1.0;50.0;Doubs;27;Bourgogne-Franche-Comté
201900003980;138Â 299Â 042;B01;1.0;1;2.0;1.0;1993.0;;0.0;;;0.0;0;;;1.0;1.0;0.0;0.0;9.0;1.0;5.0;;18;9;2019;16:00;1.0;14;14327;2;9.0;1.0;3.0;COLOMBELLES CD226 (ROUTE DE);49,2068600; -0,3156400;3;226;0.0;A;2.0;0;0.0;1.0;0;0;1.0;;;1.0;9.0;1.0;30.0;Calvados;28;Normandie
201900003980;138Â 299Â 043;A01;1.0;1;1.0;1.0;1957.0;;1.0;;;0.0;0;;;1.0;7.0;0.0;2.0;1.0;1.0;1.0;;18;9;2019;16:00;1.0;14;14327;2;9.0;1.0;3.0;COLOMBELLES CD226 (ROUTE DE);49,2068600; -0,3156400;3;226;0.0;A;2.0;0;0.0;1.0;0;0;1.0;;;1.0;9.0;1.0;30.0;Calvados;28;Normandie
201900003981;138Â 299Â 040;A01;1.0;1;1.0;1.0;1989.0;5.0;1.0;0.0;;0.0;0;;;1.0;7.0;0.0;2.0;1.0;1.0;1.0;;18;9;2019;12:05;1.0;14;14341;2;1.0;1.0;3.0;NOBEL (RUE  ALFRED);49,1486700; -0,3401100;4;NOBEL (RUE  ALFRED);0.0;;2.0;2;0.0;1.0;1;0;1.0;;;1.0;0.0;1.0;50.0;Calvados;28;Normandie
201900003981;138Â 299Â 041;B01;1.0;1;2.0;2.0;1957.0;5.0;8.0;0.0;;0.0;0;;;3.0;1.0;0.0;2.0;3.0;19.0;5.0;;18;9;2019;12:05;1.0;14;14341;2;1.0;1.0;3.0;NOBEL (RUE  ALFRED);49,1486700; -0,3401100;4;NOBEL (RUE  ALFRED);0.0;;2.0;2;0.0;1.0;1;0;1.0;;;1.0;0.0;1.0;50.0;Calvados;28;Normandie
201900003982;138Â 299Â 038;B01;1.0;1;2.0;1.0;1949.0;0.0;2.0;8.0;;;0;;;3.0;32.0;0.0;6.0;8.0;15.0;1.0;;18;9;2019;15:00;1.0;13;13210;2;3.0;1.0;3.0;OCTROI (BOULEVARD DE L');43,2816119;5,4256460;4;OCTROI (BOULEVARD DE L');0.0;;1.0;1;0.0;1.0;1;0;1.0;;;1.0;8.0;1.0;50.0;Bouches-du-Rhône;93;Provence-Alpes-Côte d'Azur
201900003982;138Â 299Â 039;A01;1.0;1;1.0;1.0;1973.0;0.0;2.0;8.0;;; -1;;;1.0;34.0;0.0;6.0;1.0;7.0;0.0;;18;9;2019;15:00;1.0;13;13210;2;3.0;1.0;3.0;OCTROI (BOULEVARD DE L');43,2816119;5,4256460;4;OCTROI (BOULEVARD DE L');0.0;;1.0;1;0.0;1.0;1;0;1.0;;;1.0;8.0;1.0;50.0;Bouches-du-Rhône;93;Provence-Alpes-Côte d'Azur
201900003983;138Â 299Â 036;A01;1.0;1;1.0;1.0;1957.0;1.0;1.0;8.0;;;0;;;1.0;7.0;0.0;2.0;1.0;20.0;1.0;;18;9;2019;07:00;2.0;13;13209;2;1.0;1.0;2.0;SAINTE MARGUERITE (BOULEVARD);43,2632590;5,4112010;4;SAINTE MARGUERITE (BOULEVARD);0.0;;2.0;3;0.0;1.0;0;0;1.0;;;1.0;0.0;1.0;50.0;Bouches-du-Rhône;93;Provence-Alpes-Côte d'Azur
201900003983;138Â 299Â 037;B01;1.0;1;2.0;1.0;1979.0;1.0;2.0;6.0;;; -1;;;1.0;32.0;0.0;2.0;1.0;1.0;1.0;;18;9;2019;07:00;2.0;13;13209;2;1.0;1.0;2.0;SAINTE MARGUERITE (BOULEVARD);43,2632590;5,4112010;4;SAINTE MARGUERITE (BOULEVARD);0.0;;2.0;3;0.0;1.0;0;0;1.0;;;1.0;0.0;1.0;50.0;Bouches-du-Rhône;93;Provence-Alpes-Côte d'Azur
201900003984;138Â 299Â 032;A01;1.0;1;1.0;1.0;1974.0;1.0;1.0;0.0;;; -1;;;2.0;7.0;0.0;2.0;1.0;2.0;0.0;;17;9;2019;16:00;1.0;13;13210;2;1.0;1.0;4.0;MAURIAC (RUE);43,2682600;5,4260900;4;MAURIAC (RUE);0.0;;2.0;2;0.0;1.0;0;0;1.0;;;1.0;0.0;1.0;50.0;Bouches-du-Rhône;93;Provence-Alpes-Côte d'Azur
201900003984;138Â 299Â 033;B01;1.0;1;1.0;2.0;1968.0;1.0;1.0;0.0;;; -1;;;2.0;7.0;0.0;2.0;9.0;2.0;0.0;;17;9;2019;16:00;1.0;13;13210;2;1.0;1.0;4.0;MAURIAC (RUE);43,2682600;5,4260900;4;MAURIAC (RUE);0.0;;2.0;2;0.0;1.0;0;0;1.0;;;1.0;0.0;1.0;50.0;Bouches-du-Rhône;93;Provence-Alpes-Côte d'Azur
201900003984;138Â 299Â 034;D01;1.0;1;1.0;2.0;1968.0;1.0;1.0;0.0;;; -1;;;1.0;7.0;0.0;2.0;4.0;23.0;0.0;;17;9;2019;16:00;1.0;13;13210;2;1.0;1.0;4.0;MAURIAC (RUE);43,2682600;5,4260900;4;MAURIAC (RUE);0.0;;2.0;2;0.0;1.0;0;0;1.0;;;1.0;0.0;1.0;50.0;Bouches-du-Rhône;93;Provence-Alpes-Côte d'Azur
201900003984;138Â 299Â 035;C01;1.0;1;3.0;1.0;1971.0;0.0;2.0;0.0;;; -1;;;2.0;2.0;0.0;2.0;9.0;2.0;0.0;;17;9;2019;16:00;1.0;13;13210;2;1.0;1.0;4.0;MAURIAC (RUE);43,2682600;5,4260900;4;MAURIAC (RUE);0.0;;2.0;2;0.0;1.0;0;0;1.0;;;1.0;0.0;1.0;50.0;Bouches-du-Rhône;93;Provence-Alpes-Côte d'Azur
201900003985;138Â 299Â 030;B01;1.0;1;2.0;2.0;1994.0;9.0;1.0;8.0;;; -1;;;1.0;7.0;0.0;2.0;4.0;2.0;1.0;;17;9;2019;10:50;1.0;11;11262;2;1.0;1.0;2.0;POMPIDOR (AVENUE);43,1858100;2,9752900;4;POMPIDOR (AVENUE);0.0;;2.0;2;0.0;1.0;0;0;1.0;;;1.0;0.0;1.0;50.0;Aude;76;Occitanie
201900003985;138Â 299Â 031;A01;1.0;1;1.0;2.0;1994.0;9.0;1.0;8.0;;; -1;;;1.0;7.0;0.0;2.0;1.0;2.0;1.0;;17;9;2019;10:50;1.0;11;11262;2;1.0;1.0;2.0;POMPIDOR (AVENUE);43,1858100;2,9752900;4;POMPIDOR (AVENUE);0.0;;2.0;2;0.0;1.0;0;0;1.0;;;1.0;0.0;1.0;50.0;Aude;76;Occitanie
201900003986;138Â 299Â 029;A01;1.0;1;2.0;1.0;1977.0;0.0;8.0;0.0;;0.0;0;;;0.0;7.0;6.0;0.0;2.0;12.0;1.0;;18;9;2019;23:45;5.0;06;06069;1;9.0;1.0;7.0;MOULIN DE BRUN (CHEMIN ET TRAVERSE DU);43,6593180;6,9464650;4;MOULIN DE BRUN (CHEMIN ET TRAVERSE DU);0.0;;2.0;2;0.0;2.0;0;0;2.0;;;1.0;2.0;1.0;30.0;Alpes-Maritimes;93;Provence-Alpes-Côte d'Azur
201900003987;138Â 299Â 025;A01;1.0;1;1.0;1.0;1949.0;5.0;1.0;0.0;;0.0;0;;;2.0;7.0;0.0;2.0;1.0;2.0;1.0;;18;9;2019;21:05;5.0;75;75113;2;1.0;1.0;4.0;BD PERIPHERIQUE EXTERIEUR;48,8168838;2,3483035;4;BD PERIPHERIQUE EXTERIEUR;0.0;;1.0;3;0.0;1.0;3;500;1.0;;;1.0;0.0;1.0;70.0;Paris;11;Île-de-France
201900003987;138Â 299Â 026;B01;1.0;1;2.0;1.0;1976.0;1.0;2.0;6.0;;0.0;0;;;2.0;33.0;0.0;2.0;4.0;2.0;1.0;;18;9;2019;21:05;5.0;75;75113;2;1.0;1.0;4.0;BD PERIPHERIQUE EXTERIEUR;48,8168838;2,3483035;4;BD PERIPHERIQUE EXTERIEUR;0.0;;1.0;3;0.0;1.0;3;500;1.0;;;1.0;0.0;1.0;70.0;Paris;11;Île-de-France
201900003987;138Â 299Â 027;C01;1.0;1;1.0;1.0;1994.0;5.0;1.0;0.0;;0.0;0;;;2.0;7.0;0.0;2.0;4.0;1.0;1.0;;18;9;2019;21:05;5.0;75;75113;2;1.0;1.0;4.0;BD PERIPHERIQUE EXTERIEUR;48,8168838;2,3483035;4;BD PERIPHERIQUE EXTERIEUR;0.0;;1.0;3;0.0;1.0;3;500;1.0;;;1.0;0.0;1.0;70.0;Paris;11;Île-de-France
201900003987;138Â 299Â 028;D01;1.0;1;1.0;1.0;1989.0;5.0;2.0;6.0;;0.0;0;;;2.0;33.0;0.0;2.0;7.0;3.0;1.0;;18;9;2019;21:05;5.0;75;75113;2;1.0;1.0;4.0;BD PERIPHERIQUE EXTERIEUR;48,8168838;2,3483035;4;BD PERIPHERIQUE EXTERIEUR;0.0;;1.0;3;0.0;1.0;3;500;1.0;;;1.0;0.0;1.0;70.0;Paris;11;Île-de-France
201900003988;138Â 299Â 022;A01;1.0;1;2.0;1.0;1983.0;5.0;2.0;6.0;;0.0;0;;;2.0;33.0;0.0;2.0;1.0;3.0;1.0;;18;9;2019;18:30;2.0;75;75116;2;1.0;1.0;4.0;BD PERIPHERIQUE EXTERIEUR;48,8577694;2,2596109;4;BD PERIPHERIQUE EXTERIEUR;0.0;;1.0;4;0.0;1.0;13;500;1.0;;;1.0;0.0;1.0;70.0;Paris;11;Île-de-France
201900003988;138Â 299Â 023;B01;1.0;1;1.0;2.0;1980.0;5.0;1.0;0.0;;0.0;0;;;2.0;7.0;0.0;2.0;5.0;12.0;1.0;;18;9;2019;18:30;2.0;75;75116;2;1.0;1.0;4.0;BD PERIPHERIQUE EXTERIEUR;48,8577694;2,2596109;4;BD PERIPHERIQUE EXTERIEUR;0.0;;1.0;4;0.0;1.0;13;500;1.0;;;1.0;0.0;1.0;70.0;Paris;11;Île-de-France
201900003988;138Â 299Â 024;C01;1.0;1;1.0;1.0;1975.0;1.0;1.0;0.0;;0.0;0;;;2.0;7.0;0.0;2.0;6.0;1.0;1.0;;18;9;2019;18:30;2.0;75;75116;2;1.0;1.0;4.0;BD PERIPHERIQUE EXTERIEUR;48,8577694;2,2596109;4;BD PERIPHERIQUE EXTERIEUR;0.0;;1.0;4;0.0;1.0;13;500;1.0;;;1.0;0.0;1.0;70.0;Paris;11;Île-de-France
201900003989;138Â 299Â 020;B01;1.0;1;2.0;1.0;1987.0;1.0;2.0;6.0;;0.0;0;;;2.0;33.0;0.0;2.0;8.0;3.0;1.0;;18;9;2019;14:45;1.0;75;75112;2;1.0;1.0;3.0;BD PERIPHERIQUE EXTERIEUR;48,8422250;2,4138630;4;BD PERIPHERIQUE EXTERIEUR;0.0;;1.0;4;0.0;1.0;32;400;1.0;;;1.0;0.0;1.0;70.0;Paris;11;Île-de-France
201900003989;138Â 299Â 021;A01;1.0;1;1.0;1.0;1944.0;5.0;1.0;0.0;;0.0;0;;;2.0;7.0;0.0;2.0;5.0;12.0;1.0;;18;9;2019;14:45;1.0;75;75112;2;1.0;1.0;3.0;BD PERIPHERIQUE EXTERIEUR;48,8422250;2,4138630;4;BD PERIPHERIQUE EXTERIEUR;0.0;;1.0;4;0.0;1.0;32;400;1.0;;;1.0;0.0;1.0;70.0;Paris;11;Île-de-France
201900003990;138Â 299Â 019;A01;1.0;1;2.0;2.0;1976.0;1.0;2.0;6.0;;0.0;0;;;2.0;32.0;0.0;0.0;8.0;1.0;1.0;;18;9;2019;09:00;1.0;75;75117;2;4.0;1.0;7.0;BD PERIPHERIQUE EXTERIEUR;48,8845335;2,2858635;4;BD PERIPHERIQUE EXTERIEUR;0.0;;1.0;4;0.0;1.0;17;100;1.0;;;8.0;0.0;1.0;70.0;Paris;11;Île-de-France
201900003991;138Â 299Â 016;C01;1.0;1;1.0;1.0;1966.0;4.0;1.0;;;0.0;0;;;1.0;10.0;0.0;2.0;3.0;1.0;1.0;;17;9;2019;18:15;1.0;75;75115;2;1.0;1.0;4.0;BD PERIPHERIQUE INTERIEUR;48,8310530;2,2841260;4;BD PERIPHERIQUE INTERIEUR;0.0;;1.0;3;0.0;1.0;8;500;1.0;;;1.0;0.0;1.0;70.0;Paris;11;Île-de-France
201900003991;138Â 299Â 017;B01;1.0;1;1.0;1.0;1995.0;5.0;1.0;;;0.0;0;;;1.0;7.0;0.0;2.0;5.0;1.0;1.0;;17;9;2019;18:15;1.0;75;75115;2;1.0;1.0;4.0;BD PERIPHERIQUE INTERIEUR;48,8310530;2,2841260;4;BD PERIPHERIQUE INTERIEUR;0.0;;1.0;3;0.0;1.0;8;500;1.0;;;1.0;0.0;1.0;70.0;Paris;11;Île-de-France
201900003991;138Â 299Â 018;A01;2.0;2;2.0;1.0;2004.0;5.0;2.0;6.0;;0.0;0;;;1.0;33.0;0.0;2.0;3.0;3.0;1.0;;17;9;2019;18:15;1.0;75;75115;2;1.0;1.0;4.0;BD PERIPHERIQUE INTERIEUR;48,8310530;2,2841260;4;BD PERIPHERIQUE INTERIEUR;0.0;;1.0;3;0.0;1.0;8;500;1.0;;;1.0;0.0;1.0;70.0;Paris;11;Île-de-France
201900003991;138Â 299Â 018;A01;1.0;1;2.0;1.0;1971.0;5.0;2.0;6.0;;0.0;0;;;1.0;33.0;0.0;2.0;3.0;3.0;1.0;;17;9;2019;18:15;1.0;75;75115;2;1.0;1.0;4.0;BD PERIPHERIQUE INTERIEUR;48,8310530;2,2841260;4;BD PERIPHERIQUE INTERIEUR;0.0;;1.0;3;0.0;1.0;8;500;1.0;;;1.0;0.0;1.0;70.0;Paris;11;Île-de-France
201900003992;138Â 299Â 014;A01;1.0;1;1.0;1.0;1949.0;5.0;1.0;;;0.0;0;;;1.0;7.0;0.0;2.0;2.0;14.0;1.0;;17;9;2019;12:00;1.0;75;75116;2;1.0;1.0;3.0;BD PERIPHERIQUE INTERIEUR;48,8712005;2,2732097;4;BD PERIPERIQUE INTERIEUR;0.0;;1.0;4;0.0;1.0;15;300;1.0;;;1.0;1.0;1.0;70.0;Paris;11;Île-de-France
201900003992;138Â 299Â 015;B01;1.0;1;2.0;1.0;1961.0;5.0;2.0;6.0;;0.0;0;;;1.0;31.0;0.0;2.0;8.0;1.0;1.0;;17;9;2019;12:00;1.0;75;75116;2;1.0;1.0;3.0;BD PERIPHERIQUE INTERIEUR;48,8712005;2,2732097;4;BD PERIPERIQUE INTERIEUR;0.0;;1.0;4;0.0;1.0;15;300;1.0;;;1.0;1.0;1.0;70.0;Paris;11;Île-de-France
201900003993;138Â 299Â 013;A01;2.0;2;2.0;2.0;1996.0;5.0;2.0;6.0;;0.0;0;;;1.0;32.0;3.0;0.0;1.0;16.0;1.0;;17;9;2019;00:45;5.0;75;75120;2;4.0;1.0;6.0;BD PERIPHERIQUE INTERIEUR;48,8685188;2,4132369;4;BD PERIPHERIQUE INTERIEUR;0.0;;1.0;4;0.0;1.0;29;399;1.0;;;1.0;0.0;1.0;70.0;Paris;11;Île-de-France
201900003993;138Â 299Â 013;A01;1.0;1;2.0;1.0;1996.0;5.0;2.0;6.0;;0.0;0;;;1.0;32.0;3.0;0.0;1.0;16.0;1.0;;17;9;2019;00:45;5.0;75;75120;2;4.0;1.0;6.0;BD PERIPHERIQUE INTERIEUR;48,8685188;2,4132369;4;BD PERIPHERIQUE INTERIEUR;0.0;;1.0;4;0.0;1.0;29;399;1.0;;;1.0;0.0;1.0;70.0;Paris;11;Île-de-France
201900003994;138Â 299Â 011;A01;1.0;1;2.0;1.0;1959.0;1.0;1.0;0.0;;0.0;0;;;1.0;7.0;0.0;2.0;7.0;15.0;2.0;;18;9;2019;11:18;1.0;75;75119;2;2.0;1.0;6.0;AVENUE JEAN JAURES;48,8877950;2,3892880;4;AVENUE JEAN JAURES;0.0;;2.0;2;0.0;1.0;1;0;1.0;;;1.0;0.0;1.0;50.0;Paris;11;Île-de-France
201900003994;138Â 299Â 012;Z01;1.0;1;1.0;1.0;1972.0;5.0;1.0;0.0;;0.0;0;;;2.0;7.0;0.0;2.0;1.0;1.0;1.0;;18;9;2019;11:18;1.0;75;75119;2;2.0;1.0;6.0;AVENUE JEAN JAURES;48,8877950;2,3892880;4;AVENUE JEAN JAURES;0.0;;2.0;2;0.0;1.0;1;0;1.0;;;1.0;0.0;1.0;50.0;Paris;11;Île-de-France
201900003995;138Â 299Â 010;A01;1.0;1;1.0;1.0;1993.0;4.0;2.0;6.0;;0.0;0;;;1.0;33.0;0.0;1.0;1.0;17.0;1.0;;18;9;2019;09:20;1.0;75;75119;2;3.0;1.0;6.0;AVENUE JEAN JAURES;48,8842590;2,3759370;4;AVENUE JEAN JAURES;0.0;;2.0;2;0.0;1.0;0;0;1.0;;;1.0;0.0;1.0;50.0;Paris;11;Île-de-France
201900003995;138Â 299Â 010;A01;10.0;3;2.0;2.0;1947.0;5.0;0.0;0.0;0.0;4.0;3;2.0;;1.0;33.0;0.0;1.0;1.0;17.0;1.0;;18;9;2019;09:20;1.0;75;75119;2;3.0;1.0;6.0;AVENUE JEAN JAURES;48,8842590;2,3759370;4;AVENUE JEAN JAURES;0.0;;2.0;2;0.0;1.0;0;0;1.0;;;1.0;0.0;1.0;50.0;Paris;11;Île-de-France
201900003996;138Â 299Â 009;A01;1.0;1;1.0;1.0;1984.0;1.0;2.0;6.0;;0.0;0;;;1.0;34.0;0.0;1.0;1.0;1.0;1.0;;18;9;2019;18:46;1.0;75;75118;2;2.0;1.0;6.0;AVENUE DE LA PORTE DE LA CHAPELLE;48,8986947;2,3590063;4;AVENUE DE LA PORTE DE LA CHAPELLE;0.0;;3.0;2;0.0;1.0;0;0;1.0;;;1.0;0.0;1.0;50.0;Paris;11;Île-de-France
201900003996;138Â 299Â 009;A01;10.0;3;3.0;1.0;1979.0;0.0;0.0;0.0;0.0;4.0;3;1.0;;1.0;34.0;0.0;1.0;1.0;1.0;1.0;;18;9;2019;18:46;1.0;75;75118;2;2.0;1.0;6.0;AVENUE DE LA PORTE DE LA CHAPELLE;48,8986947;2,3590063;4;AVENUE DE LA PORTE DE LA CHAPELLE;0.0;;3.0;2;0.0;1.0;0;0;1.0;;;1.0;0.0;1.0;50.0;Paris;11;Île-de-France
201900003997;138Â 299Â 008;A01;1.0;1;2.0;1.0;1973.0;1.0;2.0;6.0;;0.0;0;;;3.0;32.0;15.0;0.0;1.0;5.0;1.0;;18;9;2019;07:00;2.0;75;75117;2;1.0;1.0;6.0;RUE ANDRE BRECHET;48,8989160;2,3256900;4;RUE ANDRE BRECHET;0.0;;1.0;1;0.0;1.0;0;0;1.0;;;1.0;0.0;4.0;1.0;Paris;11;Île-de-France
201900003998;138Â 299Â 006;A01;1.0;1;1.0;1.0;1971.0;1.0;1.0;0.0;;0.0;0;;;1.0;7.0;0.0;2.0;3.0;2.0;1.0;;18;9;2019;13:40;1.0;75;75116;2;7.0;1.0;2.0;PLACE DU TROCADERO;48,8633010;2,2866610;4;PLACE DU TROCADERO;0.0;;1.0;4;0.0;1.0;0;0;2.0;;;1.0;0.0;1.0;50.0;Paris;11;Île-de-France
201900003998;138Â 299Â 007;B01;1.0;1;2.0;1.0;1969.0;1.0;8.0;2.0;;0.0;0;;;1.0;1.0;0.0;2.0;4.0;2.0;5.0;;18;9;2019;13:40;1.0;75;75116;2;7.0;1.0;2.0;PLACE DU TROCADERO;48,8633010;2,2866610;4;PLACE DU TROCADERO;0.0;;1.0;4;0.0;1.0;0;0;2.0;;;1.0;0.0;1.0;50.0;Paris;11;Île-de-France