Num_Acc;id_vehicule;num_veh;place;catu;grav;sexe;an_nais;trajet;secu1;secu2;secu3;locp;actp;etatp;id_usager;senc;catv;obs;obsm;choc;manv;motor;occutc;jour;mois;an;hrmn;lum;dep;com;agg;int;atm;col;adr;lat;long;catr;voie;v1;v2;circ;nbv;vosp;prof;pr;pr1;plan;lartpc;larrout;surf;infra;situ;vma;nom_departement;reg;nom_region
201900003999;138Â 299Â 004;A01;1.0;1;1.0;1.0;1959.0;5.0;1.0;0.0;;0.0;0;;;2.0;7.0;0.0;2.0;4.0;2.0;1.0;;18;9;2019;19:45;2.0;75;75115;2;1.0;1.0;2.0;RUE LEBLANC;48,8398460;2,2725400;4;RUE LEBLANC;0.0;;2.0;3;;1.0;0;0;1.0;;;1.0;0.0;1.0;50.0;Paris;11;Île-de-France
201900003999;138Â 299Â 005;B01;1.0;1;2.0;1.0;1958.0;0.0;2.0;6.0;;0.0;0;;;2.0;33.0;0.0;2.0;4.0;23.0;1.0;;18;9;2019;19:45;2.0;75;75115;2;1.0;1.0;2.0;RUE LEBLANC;48,8398460;2,2725400;4;RUE LEBLANC;0.0;;2.0;3;;1.0;0;0;1.0;;;1.0;0.0;1.0;50.0;Paris;11;Île-de-France
201900004000;138Â 299Â 003;A01;1.0;1;2.0;1.0;1979.0;5.0;2.0;6.0;;0.0;0;;;1.0;33.0;0.0;2.0;4.0;2.0;1.0;;18;9;2019;19:45;2.0;75;75106;2;2.0;1.0;6.0;BOULEVARD DU MONTPARNASSE;48,8431195;2,3264303;4;BOULEVARD DU MONTPARNASSE;0.0;;2.0;5;0.0;1.0;0;0;1.0;;;1.0;0.0;1.0;50.0;Paris;11;Île-de-France
201900004001;138Â 299Â 000;B01;1.0;1;2.0;2.0;1957.0;0.0;2.0;8.0;;0.0;0;;;2.0;1.0;0.0;2.0;8.0;1.0;5.0;;18;9;2019;16:25;1.0;75;75115;2;2.0;1.0;3.0;RUE MARMONTEL;48,8367520;2,2995440;4;RUE MARMONTEL;0.0;;2.0;2;1.0;1.0;0;0;1.0;;;1.0;0.0;5.0;50.0;Paris;11;Île-de-France
201900004001;138Â 299Â 001;A01;1.0;1;1.0;1.0;1992.0;9.0;1.0;0.0;;0.0;0;;;1.0;10.0;0.0;2.0;2.0;1.0;1.0;;18;9;2019;16:25;1.0;75;75115;2;2.0;1.0;3.0;RUE MARMONTEL;48,8367520;2,2995440;4;RUE MARMONTEL;0.0;;2.0;2;1.0;1.0;0;0;1.0;;;1.0;0.0;5.0;50.0;Paris;11;Île-de-France
201900004002;138Â 298Â 999;A01;10.0;3;2.0;1.0;2009.0;9.0;0.0;0.0;0.0;2.0;5;2.0;;1.0;7.0;0.0;1.0;3.0;1.0;1.0;;18;9;2019;17:00;1.0;75;75111;2;3.0;1.0;6.0;RUE ALPHONSE BAUDIN;48,8609850;2,3703110;4;RUE ALPHONSE BAUDIN;0.0;;2.0;2;;1.0;0;0;1.0;;;1.0;0.0;1.0;30.0;Paris;11;Île-de-France
201900004002;138Â 298Â 999;A01;1.0;1;1.0;2.0;1990.0;9.0;1.0;0.0;;0.0;0;;;1.0;7.0;0.0;1.0;3.0;1.0;1.0;;18;9;2019;17:00;1.0;75;75111;2;3.0;1.0;6.0;RUE ALPHONSE BAUDIN;48,8609850;2,3703110;4;RUE ALPHONSE BAUDIN;0.0;;2.0;2;;1.0;0;0;1.0;;;1.0;0.0;1.0;30.0;Paris;11;Île-de-France
201900004003;138Â 298Â 997;B01;1.0;1;1.0;1.0;1973.0;0.0;1.0;0.0;;0.0;0;;;1.0;7.0;0.0;2.0;3.0;15.0;1.0;;18;9;2019;20:00;2.0;75;75108;2;2.0;1.0;3.0;RUE PIERRE CHARRON;48,8692386;2,3027730;4;RUE PIERRE CHARRON;0.0;;2.0;2;0.0;1.0;0;0;1.0;;;1.0;0.0;1.0;50.0;Paris;11;Île-de-France
201900004003;138Â 298Â 998;A01;1.0;1;2.0;1.0;1967.0;0.0;2.0;6.0;;0.0;0;;;1.0;33.0;0.0;2.0;2.0;1.0;1.0;;18;9;2019;20:00;2.0;75;75108;2;2.0;1.0;3.0;RUE PIERRE CHARRON;48,8692386;2,3027730;4;RUE PIERRE CHARRON;0.0;;2.0;2;0.0;1.0;0;0;1.0;;;1.0;0.0;1.0;50.0;Paris;11;Île-de-France
201900004004;138Â 298Â 994;A01;10.0;3;2.0;2.0;1933.0;0.0;8.0;0.0;;3.0;3;1.0;;1.0;33.0;0.0;1.0;1.0;1.0;1.0;;18;9;2019;11:30;1.0;94;94067;2;1.0;1.0;6.0;GENERAL DE GAULLE (AV DU);48,8456700;2,4177400;3;158;0.0;;2.0;2;0.0;1.0;0;0;1.0;;;1.0;0.0;1.0;50.0;Val-de-Marne;11;Île-de-France
201900004004;138Â 298Â 994;A01;1.0;1;1.0;1.0;1991.0;1.0;2.0;6.0;;; -1;;;1.0;33.0;0.0;1.0;1.0;1.0;1.0;;18;9;2019;11:30;1.0;94;94067;2;1.0;1.0;6.0;GENERAL DE GAULLE (AV DU);48,8456700;2,4177400;3;158;0.0;;2.0;2;0.0;1.0;0;0;1.0;;;1.0;0.0;1.0;50.0;Val-de-Marne;11;Île-de-France
201900004005;138Â 298Â 992;B01;1.0;1;1.0;1.0;1981.0;9.0;1.0;0.0;;; -1;;;1.0;7.0;0.0;2.0;3.0;1.0;6.0;;18;9;2019;17:45;1.0;94;94078;2;9.0;1.0;3.0;WINSTON CHURCHILL (AV);48,7539970;2,4495300;3;110;0.0;;3.0;4;0.0;1.0;0;0;1.0;;;1.0;0.0;1.0;50.0;Val-de-Marne;11;Île-de-France
201900004005;138Â 298Â 993;A01;1.0;1;2.0;1.0;1995.0;9.0;1.0;0.0;;; -1;;;1.0;7.0;0.0;2.0;1.0;15.0;6.0;;18;9;2019;17:45;1.0;94;94078;2;9.0;1.0;3.0;WINSTON CHURCHILL (AV);48,7539970;2,4495300;3;110;0.0;;3.0;4;0.0;1.0;0;0;1.0;;;1.0;0.0;1.0;50.0;Val-de-Marne;11;Île-de-France
201900004006;138Â 298Â 991;A01;10.0;3;3.0;2.0;1981.0;1.0;0.0;0.0;0.0;1.0;1;1.0;;3.0;7.0;0.0;1.0;0.0;9.0;1.0;;18;9;2019;19:50;2.0;94;94076;2;1.0;1.0;6.0;EDOUARD VAILLANT (R);48,7900000;2,3400000;9;EDOUARD VAILLANT (R);0.0;;1.0;1;0.0;1.0;0;0;1.0;;;1.0;0.0;1.0;50.0;Val-de-Marne;11;Île-de-France
201900004006;138Â 298Â 991;A01;1.0;1;1.0;2.0;1981.0;1.0;1.0;8.0;;0.0;0;;;3.0;7.0;0.0;1.0;0.0;9.0;1.0;;18;9;2019;19:50;2.0;94;94076;2;1.0;1.0;6.0;EDOUARD VAILLANT (R);48,7900000;2,3400000;9;EDOUARD VAILLANT (R);0.0;;1.0;1;0.0;1.0;0;0;1.0;;;1.0;0.0;1.0;50.0;Val-de-Marne;11;Île-de-France
201900004007;138Â 298Â 990;A01;10.0;3;2.0;2.0;1997.0;2.0;8.0;0.0;;4.0;3;1.0;;3.0;7.0;0.0;1.0;2.0;16.0;0.0;;18;9;2019;09:30;1.0;94;94033;2;5.0;1.0;6.0;25 AOUT 1944 (BD DU);48,8473400;2,4786700;3;241;0.0;;2.0;2;1.0;1.0;1;0;1.0;;;1.0;5.0;1.0;50.0;Val-de-Marne;11;Île-de-France
201900004007;138Â 298Â 990;A01;1.0;1;1.0;1.0;1997.0;1.0;1.0;0.0;;0.0;0;;;3.0;7.0;0.0;1.0;2.0;16.0;0.0;;18;9;2019;09:30;1.0;94;94033;2;5.0;1.0;6.0;25 AOUT 1944 (BD DU);48,8473400;2,4786700;3;241;0.0;;2.0;2;1.0;1.0;1;0;1.0;;;1.0;5.0;1.0;50.0;Val-de-Marne;11;Île-de-France
201900004008;138Â 298Â 988;B01;1.0;1;2.0;1.0;1998.0;9.0;1.0;0.0;;; -1;;;0.0;7.0;1.0;0.0;1.0;1.0;0.0;;17;9;2019;22:40;5.0;94;94028;2;1.0;1.0;1.0;CODOS.(RUE PAUL);48,7747000;2,4696000;4;CODOS.(RUE PAUL);0.0;;;2;0.0;1.0;0;0;1.0;;;1.0;0.0;1.0;50.0;Val-de-Marne;11;Île-de-France
201900004008;138Â 298Â 989;A01;1.0;1;2.0;1.0;1978.0;9.0;1.0;0.0;;;0;;;0.0;7.0;1.0;0.0;1.0;15.0;0.0;;17;9;2019;22:40;5.0;94;94028;2;1.0;1.0;1.0;CODOS.(RUE PAUL);48,7747000;2,4696000;4;CODOS.(RUE PAUL);0.0;;;2;0.0;1.0;0;0;1.0;;;1.0;0.0;1.0;50.0;Val-de-Marne;11;Île-de-France
201900004009;138Â 298Â 986;A01;1.0;1;2.0;1.0;1990.0;9.0;1.0;0.0;;; -1;;;0.0;7.0;0.0;2.0;4.0;23.0;1.0;;17;9;2019;11:30;1.0;94;94028;2;9.0;1.0;2.0;ARCOS.(RUE RENE);48,7774600;2,4585400;4;ARCOS.(RUE RENE);0.0;;1.0;1;0.0;1.0;0;0;3.0;;;1.0;5.0;1.0;50.0;Val-de-Marne;11;Île-de-France
201900004009;138Â 298Â 987;B01;1.0;1;1.0;1.0;1974.0;9.0;1.0;0.0;;;0;;;3.0;7.0;0.0;2.0;1.0;2.0;1.0;;17;9;2019;11:30;1.0;94;94028;2;9.0;1.0;2.0;ARCOS.(RUE RENE);48,7774600;2,4585400;4;ARCOS.(RUE RENE);0.0;;1.0;1;0.0;1.0;0;0;3.0;;;1.0;5.0;1.0;50.0;Val-de-Marne;11;Île-de-France
201900004010;138Â 298Â 984;B01;1.0;1;2.0;1.0;1961.0;1.0;1.0;5.0;;; -1;;;3.0;7.0;0.0;2.0;1.0;1.0;1.0;;18;9;2019;12:20;1.0;94;94071;2;4.0;1.0;3.0;BOISSY (R DE);48,7649300;2,5250000;3;206;0.0;;;2;0.0;1.0;0;0;1.0;;;1.0;0.0;1.0;50.0;Val-de-Marne;11;Île-de-France
201900004010;138Â 298Â 985;A01;1.0;1;2.0;2.0;1995.0;5.0;1.0;5.0;;; -1;;;3.0;7.0;0.0;2.0;7.0;15.0;1.0;;18;9;2019;12:20;1.0;94;94071;2;4.0;1.0;3.0;BOISSY (R DE);48,7649300;2,5250000;3;206;0.0;;;2;0.0;1.0;0;0;1.0;;;1.0;0.0;1.0;50.0;Val-de-Marne;11;Île-de-France
201900004011;138Â 298Â 981;A01;1.0;1;2.0;1.0;1991.0;1.0;2.0;8.0;;;0;;;1.0;33.0;0.0;2.0;1.0;26.0;1.0;;16;9;2019;19:15;1.0;94;94002;2;1.0;1.0;4.0;EMILE ZOLA (R);48,7981400;2,4202500;3;148;0.0;;;2;0.0;1.0;0;0;1.0;;;1.0;0.0;1.0;50.0;Val-de-Marne;11;Île-de-France
201900004011;138Â 298Â 982;B01;1.0;1;1.0;1.0;1983.0;5.0;1.0;8.0;;; -1;;;1.0;7.0;0.0;2.0;4.0;1.0;1.0;;16;9;2019;19:15;1.0;94;94002;2;1.0;1.0;4.0;EMILE ZOLA (R);48,7981400;2,4202500;3;148;0.0;;;2;0.0;1.0;0;0;1.0;;;1.0;0.0;1.0;50.0;Val-de-Marne;11;Île-de-France
201900004011;138Â 298Â 983;C01;1.0;1;1.0;2.0;1988.0;5.0;1.0;0.0;;; -1;;;1.0;7.0;0.0;2.0;0.0;9.0;1.0;;16;9;2019;19:15;1.0;94;94002;2;1.0;1.0;4.0;EMILE ZOLA (R);48,7981400;2,4202500;3;148;0.0;;;2;0.0;1.0;0;0;1.0;;;1.0;0.0;1.0;50.0;Val-de-Marne;11;Île-de-France
201900004012;138Â 298Â 979;B01;1.0;1;2.0;1.0;1974.0;0.0;8.0;0.0;;; -1;;;3.0;7.0;0.0;2.0;1.0;2.0;1.0;;18;9;2019;10:30;1.0;93;93073;2;1.0;7.0;2.0;CHAPIT RE ( RUE DU);49,0035920;2,5367900;4;CHAPIT RE ( RUE DU);0.0;;1.0;1;0.0;2.0;0;0;1.0;;;1.0;2.0;1.0;50.0;Seine-Saint-Denis;11;Île-de-France
201900004012;138Â 298Â 980;A01;1.0;1;1.0;1.0;1984.0;4.0;8.0;0.0;;; -1;;;3.0;7.0;0.0;2.0;4.0;0.0;1.0;;18;9;2019;10:30;1.0;93;93073;2;1.0;7.0;2.0;CHAPIT RE ( RUE DU);49,0035920;2,5367900;4;CHAPIT RE ( RUE DU);0.0;;1.0;1;0.0;2.0;0;0;1.0;;;1.0;2.0;1.0;50.0;Seine-Saint-Denis;11;Île-de-France
201900004013;138Â 298Â 977;B01;1.0;1;1.0;1.0;1951.0;0.0;1.0;0.0;;; -1;;;3.0;7.0;12.0;0.0;1.0;2.0;0.0;;18;9;2019;19:30;2.0;93;93005;1;9.0;1.0;2.0;ANDRE CITROEN (BOULEVARD);48,9584270;2,4853750;3;40;0.0;;1.0;2;0.0;1.0;0;1;3.0;;;1.0;5.0;3.0;50.0;Seine-Saint-Denis;11;Île-de-France
201900004013;138Â 298Â 978;A01;1.0;1;2.0;2.0;1983.0;0.0;1.0;0.0;;; -1;;;3.0;7.0;12.0;0.0;4.0;0.0;0.0;;18;9;2019;19:30;2.0;93;93005;1;9.0;1.0;2.0;ANDRE CITROEN (BOULEVARD);48,9584270;2,4853750;3;40;0.0;;1.0;2;0.0;1.0;0;1;3.0;;;1.0;5.0;3.0;50.0;Seine-Saint-Denis;11;Île-de-France
201900004014;138Â 298Â 976;A01;1.0;1;1.0;1.0;1998.0;9.0;1.0;0.0;;; -1;;;3.0;7.0;0.0;1.0;8.0;19.0;1.0;;17;9;2019;11:30;1.0;93;93066;2;1.0;1.0;6.0;LENINE (AVENUE) NR 28 A 62 ET 13 A 41;48,9380380;2,3684320;3;901;0.0;;;2;0.0;1.0;0;1;1.0;;;1.0;0.0;1.0;50.0;Seine-Saint-Denis;11;Île-de-France
201900004014;138Â 298Â 976;A01;10.0;3;2.0;1.0;2009.0;2.0;8.0;0.0;;4.0;3;1.0;;3.0;7.0;0.0;1.0;8.0;19.0;1.0;;17;9;2019;11:30;1.0;93;93066;2;1.0;1.0;6.0;LENINE (AVENUE) NR 28 A 62 ET 13 A 41;48,9380380;2,3684320;3;901;0.0;;;2;0.0;1.0;0;1;1.0;;;1.0;0.0;1.0;50.0;Seine-Saint-Denis;11;Île-de-France
201900004015;138Â 298Â 974;B01;1.0;1;2.0;1.0;2000.0;1.0;8.0;0.0;;; -1;;;3.0;1.0;0.0;2.0;1.0;5.0;5.0;;18;9;2019;08:49;1.0;93;93055;2;9.0;1.0;3.0;COURTILLIERES(PARC);48,9143500;2,4102300;6;COURTILLIERES(PARC);0.0;;2.0;1;0.0;1.0;0;0;4.0;;;1.0;0.0;1.0;30.0;Seine-Saint-Denis;11;Île-de-France
201900004015;138Â 298Â 975;A01;1.0;1;1.0;2.0;1995.0;0.0;1.0;0.0;;; -1;;;3.0;7.0;1.0;2.0;2.0;20.0;1.0;;18;9;2019;08:49;1.0;93;93055;2;9.0;1.0;3.0;COURTILLIERES(PARC);48,9143500;2,4102300;6;COURTILLIERES(PARC);0.0;;2.0;1;0.0;1.0;0;0;4.0;;;1.0;0.0;1.0;30.0;Seine-Saint-Denis;11;Île-de-France
201900004016;138Â 298Â 972;B01;1.0;1;2.0;1.0;1970.0;1.0;2.0;8.0;;; -1;;;0.0;34.0;0.0;2.0;6.0;23.0;0.0;;18;9;2019;12:00;1.0;93;93048;2;6.0;1.0;2.0;JACQUES DUCLOS (RUE);48,8581000;2,4366000;3;37BIS;0.0;;1.0;6;0.0;1.0;0;0;1.0;;;1.0;0.0;1.0;50.0;Seine-Saint-Denis;11;Île-de-France
201900004016;138Â 298Â 973;A01;1.0;1;2.0;1.0;1972.0;1.0;2.0;8.0;;; -1;;;0.0;34.0;0.0;2.0;3.0;1.0;0.0;;18;9;2019;12:00;1.0;93;93048;2;6.0;1.0;2.0;JACQUES DUCLOS (RUE);48,8581000;2,4366000;3;37BIS;0.0;;1.0;6;0.0;1.0;0;0;1.0;;;1.0;0.0;1.0;50.0;Seine-Saint-Denis;11;Île-de-France
201900004017;138Â 298Â 971;A01;1.0;1;1.0;1.0;1972.0;5.0;1.0;0.0;;; -1;;;1.0;7.0;0.0;2.0;2.0;1.0;1.0;;1;6;2019;18:10;1.0;93;93046;2;1.0;7.0;6.0;MONTESQUIEU AVENUE;48,9239320;2,5296050;4;MONTESQUIEU AVENUE;0.0;;2.0;2;0.0;1.0;1;0;1.0;;;1.0;0.0;1.0;50.0;Seine-Saint-Denis;11;Île-de-France
201900004017;138Â 298Â 971;A01;2.0;2;2.0;1.0;2010.0;5.0;1.0;0.0;;; -1;;;1.0;7.0;0.0;2.0;2.0;1.0;1.0;;1;6;2019;18:10;1.0;93;93046;2;1.0;7.0;6.0;MONTESQUIEU AVENUE;48,9239320;2,5296050;4;MONTESQUIEU AVENUE;0.0;;2.0;2;0.0;1.0;1;0;1.0;;;1.0;0.0;1.0;50.0;Seine-Saint-Denis;11;Île-de-France
201900004018;138Â 298Â 969;B01;1.0;1;1.0;1.0;1980.0;0.0;1.0;0.0;;; -1;;;1.0;7.0;0.0;2.0;6.0;1.0;0.0;;18;9;2019;18:20;1.0;93;93063;2;1.0;1.0;2.0;PARAT RUE DU DOCTEUR;48,8919170;2,4375200;4;PARAT RUE DU DOCTEUR;0.0;;;0;0.0;2.0;1;0;1.0;;;1.0;0.0;1.0;50.0;Seine-Saint-Denis;11;Île-de-France
201900004018;138Â 298Â 970;A01;1.0;1;3.0;1.0;1985.0;0.0;2.0;0.0;;;0;;;3.0;30.0;0.0;2.0;0.0;17.0;1.0;;18;9;2019;18:20;1.0;93;93063;2;1.0;1.0;2.0;PARAT RUE DU DOCTEUR;48,8919170;2,4375200;4;PARAT RUE DU DOCTEUR;0.0;;;0;0.0;2.0;1;0;1.0;;;1.0;0.0;1.0;50.0;Seine-Saint-Denis;11;Île-de-France
201900004019;138Â 298Â 967;A01;1.0;1;1.0;1.0;1984.0;4.0;1.0;0.0;;; -1;;;3.0;20.0;0.0;2.0;2.0;2.0;1.0;;18;9;2019;13:50;1.0;93;93063;2;9.0;1.0;3.0;ETHIS RUE MARCEL;48,8775300;2,4436400;4;ETHIS RUE MARCEL;0.0;;2.0;3;0.0;1.0;48;876;1.0;;;1.0;6.0;1.0;50.0;Seine-Saint-Denis;11;Île-de-France
201900004019;138Â 298Â 968;B01;1.0;1;2.0;2.0;1997.0;0.0;8.0;8.0;;; -1;;;3.0;7.0;0.0;2.0;8.0;2.0;1.0;;18;9;2019;13:50;1.0;93;93063;2;9.0;1.0;3.0;ETHIS RUE MARCEL;48,8775300;2,4436400;4;ETHIS RUE MARCEL;0.0;;2.0;3;0.0;1.0;48;876;1.0;;;1.0;6.0;1.0;50.0;Seine-Saint-Denis;11;Île-de-France
201900004020;138Â 298Â 965;B01;1.0;1;1.0;2.0;1974.0;1.0;1.0;8.0;;;0;;;3.0;7.0;0.0;2.0;3.0;9.0;1.0;;18;9;2019;19:40;5.0;92;92075;2;2.0;1.0;3.0;SADI CARNOT (RUE);48,8219710;2,2892180;4;SADI CARNOT (RUE);0.0;;1.0;2;2.0;1.0;11;0;1.0;;;1.0;0.0;1.0;30.0;Hauts-de-Seine;11;Île-de-France
201900004020;138Â 298Â 966;A01;1.0;1;2.0;2.0;1983.0;1.0;2.0;4.0;;;0;;;3.0;1.0;0.0;2.0;2.0;1.0;5.0;;18;9;2019;19:40;5.0;92;92075;2;2.0;1.0;3.0;SADI CARNOT (RUE);48,8219710;2,2892180;4;SADI CARNOT (RUE);0.0;;1.0;2;2.0;1.0;11;0;1.0;;;1.0;0.0;1.0;30.0;Hauts-de-Seine;11;Île-de-France
201900004021;138Â 298Â 964;A01;10.0;3;2.0;1.0;2011.0;0.0;0.0;0.0;;2.0;3;2.0;;1.0;1.0;0.0;1.0;1.0;1.0;5.0;;17;9;2019;19:30;2.0;92;92073;2;1.0;1.0;6.0;JAURES (AVENUE JEAN);48,8645810;2,2074000;3;39;0.0;;2.0;2;0.0;2.0;0;0;1.0;;;1.0;0.0;1.0;50.0;Hauts-de-Seine;11;Île-de-France
201900004021;138Â 298Â 964;A01;1.0;1;3.0;1.0;1962.0;0.0;8.0;0.0;;;0;;;1.0;1.0;0.0;1.0;1.0;1.0;5.0;;17;9;2019;19:30;2.0;92;92073;2;1.0;1.0;6.0;JAURES (AVENUE JEAN);48,8645810;2,2074000;3;39;0.0;;2.0;2;0.0;2.0;0;0;1.0;;;1.0;0.0;1.0;50.0;Hauts-de-Seine;11;Île-de-France
201900004022;138Â 298Â 962;B01;1.0;1;2.0;1.0;1933.0;5.0;2.0;6.0;;;0;;;1.0;32.0;0.0;2.0;5.0;13.0;1.0;;18;9;2019;19:00;1.0;92;92064;2;1.0;1.0;2.0;PARC SAINT CLOUD;48,8409930;2,2148180;4;PARC SAINT CLOUD;0.0;;2.0;2;0.0;2.0;0;0;1.0;;;1.0;0.0;1.0;30.0;Hauts-de-Seine;11;Île-de-France
201900004022;138Â 298Â 963;A01;1.0;1;1.0;2.0;1980.0;5.0;1.0;0.0;;;0;;;1.0;7.0;0.0;2.0;6.0;23.0;1.0;;18;9;2019;19:00;1.0;92;92064;2;1.0;1.0;2.0;PARC SAINT CLOUD;48,8409930;2,2148180;4;PARC SAINT CLOUD;0.0;;2.0;2;0.0;2.0;0;0;1.0;;;1.0;0.0;1.0;30.0;Hauts-de-Seine;11;Île-de-France
201900004023;138Â 298Â 960;A01;1.0;1;1.0;1.0;1969.0;4.0;1.0;5.0;;;0;;;2.0;10.0;0.0;2.0;1.0;1.0;0.0;;18;9;2019;15:45;1.0;92;92051;2;1.0;1.0;2.0;GENERAL LECLERC (BOULEVARD DU NÂ° 29 A 65;48,8912300;2,2629500;3;1;0.0;;2.0;2;0.0;1.0;0;0;1.0;;;1.0;9.0;1.0;50.0;Hauts-de-Seine;11;Île-de-France
201900004023;138Â 298Â 961;B01;1.0;1;2.0;1.0;1959.0;0.0;1.0;0.0;;;0;;;2.0;7.0;0.0;0.0;4.0;23.0;2.0;;18;9;2019;15:45;1.0;92;92051;2;1.0;1.0;2.0;GENERAL LECLERC (BOULEVARD DU NÂ° 29 A 65;48,8912300;2,2629500;3;1;0.0;;2.0;2;0.0;1.0;0;0;1.0;;;1.0;9.0;1.0;50.0;Hauts-de-Seine;11;Île-de-France
201900004024;138Â 298Â 956;A01;1.0;1;2.0;1.0;1996.0;1.0;2.0;6.0;;;0;;;2.0;33.0;0.0;2.0;1.0;2.0;0.0;;18;9;2019;08:45;1.0;92;92020;2;1.0;1.0;3.0;FONTENAY RUE DE AUTRES NÂ°;48,7969400;2,2857200;4;FONTENAY RUE DE AUTRES NÂ°;0.0;;2.0;2;0.0;1.0;0;0;1.0;;;1.0;0.0;1.0;50.0;Hauts-de-Seine;11;Île-de-France
201900004024;138Â 298Â 957;B01;1.0;1;1.0;1.0;1992.0;1.0;1.0;0.0;;;0;;;2.0;7.0;0.0;2.0;8.0;15.0;0.0;;18;9;2019;08:45;1.0;92;92020;2;1.0;1.0;3.0;FONTENAY RUE DE AUTRES NÂ°;48,7969400;2,2857200;4;FONTENAY RUE DE AUTRES NÂ°;0.0;;2.0;2;0.0;1.0;0;0;1.0;;;1.0;0.0;1.0;50.0;Hauts-de-Seine;11;Île-de-France
201900004025;138Â 298Â 954;B01;1.0;1;2.0;1.0;1964.0;4.0;2.0;8.0;;;0;;;1.0;33.0;0.0;2.0;2.0;9.0;1.0;;17;9;2019;14:20;1.0;92;92036;2;6.0;1.0;3.0;PRINCIPALE DU PORT (ROUTE) (1/17);48,9417600;2,2951300;4;PRINCIPALE DU PORT (ROUTE) (1/17);0.0;;3.0;4;0.0;1.0;0;0;1.0;;;1.0;0.0;1.0;50.0;Hauts-de-Seine;11;Île-de-France
201900004025;138Â 298Â 955;A01;1.0;1;1.0;2.0;1982.0;1.0;1.0;8.0;;0.0;0;;;1.0;7.0;0.0;2.0;3.0;9.0;1.0;;17;9;2019;14:20;1.0;92;92036;2;6.0;1.0;3.0;PRINCIPALE DU PORT (ROUTE) (1/17);48,9417600;2,2951300;4;PRINCIPALE DU PORT (ROUTE) (1/17);0.0;;3.0;4;0.0;1.0;0;0;1.0;;;1.0;0.0;1.0;50.0;Hauts-de-Seine;11;Île-de-France
201900004026;138Â 298Â 951;A01;1.0;1;1.0;1.0;1964.0;0.0;1.0;0.0;;;0;;;3.0;10.0;0.0;2.0;6.0;26.0;0.0;;17;9;2019;09:50;1.0;92;92004;2;1.0;1.0;5.0;BAS ( RUE DES );48,9160718;2,2946310;3;19;0.0;;;2;0.0;1.0;0;0;1.0;;;1.0;1.0;1.0;50.0;Hauts-de-Seine;11;Île-de-France
201900004026;138Â 298Â 952;B01;1.0;1;2.0;1.0;1984.0;1.0;2.0;6.0;;;0;;;3.0;31.0;0.0;2.0;9.0;14.0;0.0;;17;9;2019;09:50;1.0;92;92004;2;1.0;1.0;5.0;BAS ( RUE DES );48,9160718;2,2946310;3;19;0.0;;;2;0.0;1.0;0;0;1.0;;;1.0;1.0;1.0;50.0;Hauts-de-Seine;11;Île-de-France
201900004026;138Â 298Â 953;C01;1.0;1;1.0;1.0;1975.0;0.0;1.0;0.0;;;0;;;3.0;10.0;0.0;2.0;4.0;26.0;0.0;;17;9;2019;09:50;1.0;92;92004;2;1.0;1.0;5.0;BAS ( RUE DES );48,9160718;2,2946310;3;19;0.0;;;2;0.0;1.0;0;0;1.0;;;1.0;1.0;1.0;50.0;Hauts-de-Seine;11;Île-de-France
201900004027;138Â 298Â 949;A01;1.0;1;1.0;1.0;1956.0;0.0;1.0;8.0;;;0;;;3.0;10.0;0.0;2.0;5.0;16.0;1.0;;18;9;2019;12:20;1.0;92;92004;2;3.0;1.0;3.0;BAS ( RUE DES );48,9149305;2,2959561;3;911;0.0;;1.0;2;0.0;1.0;0;0;1.0;;;1.0;0.0;1.0;50.0;Hauts-de-Seine;11;Île-de-France
201900004027;138Â 298Â 950;B01;1.0;1;2.0;1.0;1977.0;0.0;2.0;8.0;;;0;;;3.0;50.0;0.0;2.0;1.0;1.0;3.0;;18;9;2019;12:20;1.0;92;92004;2;3.0;1.0;3.0;BAS ( RUE DES );48,9149305;2,2959561;3;911;0.0;;1.0;2;0.0;1.0;0;0;1.0;;;1.0;0.0;1.0;50.0;Hauts-de-Seine;11;Île-de-France
201900004028;138Â 298Â 947;A01;10.0;3;3.0;2.0;1961.0;5.0;8.0;0.0;;3.0;3;1.0;;1.0;7.0;0.0;1.0;2.0;1.0;1.0;;18;9;2019;16:25;1.0;92;92002;2;1.0;7.0;6.0;RENE BARTHELEMY (RUE);48,7539986;2,3074982;4;RENE BARTHELEMY (RUE);0.0;;2.0;1;0.0;1.0;0;0;1.0;;;1.0;0.0;1.0;50.0;Hauts-de-Seine;11;Île-de-France
201900004028;138Â 298Â 947;A01;1.0;1;1.0;2.0;1955.0;3.0;1.0;0.0;;;0;;;1.0;7.0;0.0;1.0;2.0;1.0;1.0;;18;9;2019;16:25;1.0;92;92002;2;1.0;7.0;6.0;RENE BARTHELEMY (RUE);48,7539986;2,3074982;4;RENE BARTHELEMY (RUE);0.0;;2.0;1;0.0;1.0;0;0;1.0;;;1.0;0.0;1.0;50.0;Hauts-de-Seine;11;Île-de-France
201900004029;138Â 298Â 944;A01;1.0;1;2.0;2.0;1978.0;1.0;1.0;;;0.0;0;;;2.0;7.0;0.0;2.0;1.0;2.0;1.0;;19;9;2019;08:00;1.0;50;50541;1;1.0;7.0;4.0;Le Haut Theil;48,8373730; -1,5231020;3;924;0.0;;2.0;2;2.0;2.0;28;30;1.0;;;1.0;0.0;1.0;80.0;Manche;28;Normandie