Num_Acc;id_vehicule;num_veh;place;catu;grav;sexe;an_nais;trajet;secu1;secu2;secu3;locp;actp;etatp;id_usager;senc;catv;obs;obsm;choc;manv;motor;occutc;jour;mois;an;hrmn;lum;dep;com;agg;int;atm;col;adr;lat;long;catr;voie;v1;v2;circ;nbv;vosp;prof;pr;pr1;plan;lartpc;larrout;surf;infra;situ;vma;nom_departement;reg;nom_region
201900004029;138Â 298Â 945;B01;1.0;1;3.0;2.0;1966.0;1.0;1.0;;;0.0;0;;;2.0;7.0;0.0;2.0;9.0;23.0;1.0;;19;9;2019;08:00;1.0;50;50541;1;1.0;7.0;4.0;Le Haut Theil;48,8373730; -1,5231020;3;924;0.0;;2.0;2;2.0;2.0;28;30;1.0;;;1.0;0.0;1.0;80.0;Manche;28;Normandie
201900004029;138Â 298Â 946;C01;1.0;1;2.0;2.0;1977.0;1.0;1.0;;;0.0;0;;;1.0;7.0;9.0;2.0;3.0;1.0;1.0;;19;9;2019;08:00;1.0;50;50541;1;1.0;7.0;4.0;Le Haut Theil;48,8373730; -1,5231020;3;924;0.0;;2.0;2;2.0;2.0;28;30;1.0;;;1.0;0.0;1.0;80.0;Manche;28;Normandie
201900004030;138Â 298Â 942;A01;1.0;1;2.0;1.0;1991.0;0.0;2.0;6.0;;0.0;0;;;2.0;33.0;1.0;0.0;1.0;2.0;1.0;;18;9;2019;18:15;1.0;74;74118;1;1.0;1.0;2.0;130 Chemin de sous Rossy;46,1783622;6,2240052;1;40;;;1.0;1;0.0;2.0;56;0;3.0;;;1.0;3.0;1.0;70.0;Haute-Savoie;84;Auvergne-Rhône-Alpes
201900004030;138Â 298Â 943;B01;1.0;1;1.0;2.0;1980.0;0.0;1.0;;;0.0;0;;;2.0;7.0;0.0;2.0;5.0;23.0;1.0;;18;9;2019;18:15;1.0;74;74118;1;1.0;1.0;2.0;130 Chemin de sous Rossy;46,1783622;6,2240052;1;40;;;1.0;1;0.0;2.0;56;0;3.0;;;1.0;3.0;1.0;70.0;Haute-Savoie;84;Auvergne-Rhône-Alpes
201900004031;138Â 298Â 940;A01;1.0;1;2.0;2.0;1940.0;5.0;1.0;5.0;;0.0;0;;;2.0;7.0;0.0;2.0;3.0;1.0;1.0;;13;9;2019;14:55;1.0;60;60007;2;9.0;1.0;1.0;Avenue Philippe Courtial;49,3921880;2,3743850;3;931;;;2.0;2;0.0;1.0;23;0;1.0;;;1.0;0.0;1.0;50.0;Oise;32;Hauts-de-France
201900004031;138Â 298Â 941;B01;1.0;1;2.0;1.0;1992.0;5.0;1.0;;;0.0;0;;;1.0;7.0;0.0;2.0;3.0;1.0;1.0;;13;9;2019;14:55;1.0;60;60007;2;9.0;1.0;1.0;Avenue Philippe Courtial;49,3921880;2,3743850;3;931;;;2.0;2;0.0;1.0;23;0;1.0;;;1.0;0.0;1.0;50.0;Oise;32;Hauts-de-France
201900004032;138Â 298Â 939;A01;1.0;1;2.0;1.0;1969.0;4.0;0.0;;;0.0;0;;;2.0;15.0;3.0;0.0;7.0;1.0;1.0;;9;8;2019;00:50;3.0;28;28018;1;1.0;1.0;6.0;Autoroute A11, pk 114.000 sens province-Pris;48,2029810;0,8931990;1;11;;;1.0;5;0.0;1.0;114;0;1.0;;;1.0;0.0;1.0;90.0;Eure-et-Loir;24;Centre-Val de Loire
201900004033;138Â 298Â 938;A01;10.0;3;2.0;2.0;2008.0;2.0;0.0;;;5.0;3;1.0;;1.0;7.0;0.0;1.0;2.0;1.0;1.0;;19;9;2019;16:25;1.0;68;68289;2;1.0;7.0;7.0;Rue de la Chapelle;47,8261090;7,3504650;3;20.4;;;2.0;2;0.0;1.0;(1);(1);1.0;;;1.0;0.0;1.0;50.0;Haut-Rhin;44;Grand Est
201900004033;138Â 298Â 938;A01;1.0;1;1.0;1.0;1959.0;5.0;1.0;;;0.0;0;;;1.0;7.0;0.0;1.0;2.0;1.0;1.0;;19;9;2019;16:25;1.0;68;68289;2;1.0;7.0;7.0;Rue de la Chapelle;47,8261090;7,3504650;3;20.4;;;2.0;2;0.0;1.0;(1);(1);1.0;;;1.0;0.0;1.0;50.0;Haut-Rhin;44;Grand Est
201900004034;138Â 298Â 937;A01;1.0;1;3.0;2.0;1951.0;5.0;2.0;;;0.0;0;;;1.0;1.0;0.0;0.0;1.0;1.0;5.0;;17;9;2019;09:40;1.0;59;59309;2;1.0;1.0;7.0;Rue de Furnes;50,9840600;2,5901680;3;55;;;2.0;2;0.0;1.0;0;250;1.0;;;9.0;0.0;1.0;50.0;Nord;32;Hauts-de-France
201900004035;138Â 298Â 935;B01;1.0;1;2.0;1.0;1967.0;1.0;1.0;;;0.0;0;;;1.0;7.0;0.0;2.0;3.0;15.0;1.0;;19;9;2019;18:45;1.0;72;72200;1;1.0;1.0;1.0;carrefour de la rue du belinos et de la roue de TELOCHE;47,8943440;0,1972590;3;139;0.0;;2.0;2;0.0;2.0;10;0;1.0;;;1.0;5.0;5.0;80.0;Sarthe;52;Pays de la Loire
201900004035;138Â 298Â 936;A01;1.0;1;2.0;1.0;1998.0;0.0;1.0;;;0.0;0;;;2.0;7.0;0.0;2.0;1.0;1.0;0.0;;19;9;2019;18:45;1.0;72;72200;1;1.0;1.0;1.0;carrefour de la rue du belinos et de la roue de TELOCHE;47,8943440;0,1972590;3;139;0.0;;2.0;2;0.0;2.0;10;0;1.0;;;1.0;5.0;5.0;80.0;Sarthe;52;Pays de la Loire
201900004036;138Â 298Â 933;B01;1.0;1;3.0;2.0;1966.0;1.0;2.0;;;0.0;0;;;0.0;80.0;0.0;2.0;1.0;1.0;3.0;;18;9;2019;12:35;1.0;85;85109;2;6.0;1.0;3.0;Rue du Baron Pierre de Coubertin;46,8620600; -1,0160680;4;;;;1.0;1;0.0;1.0;(1);(1);2.0;;;1.0;5.0;1.0;50.0;Vendée;52;Pays de la Loire
201900004036;138Â 298Â 934;A01;1.0;1;1.0;2.0;1967.0;3.0;1.0;;;0.0;0;;;0.0;7.0;0.0;0.0;3.0;26.0;1.0;;18;9;2019;12:35;1.0;85;85109;2;6.0;1.0;3.0;Rue du Baron Pierre de Coubertin;46,8620600; -1,0160680;4;;;;1.0;1;0.0;1.0;(1);(1);2.0;;;1.0;5.0;1.0;50.0;Vendée;52;Pays de la Loire
201900004037;138Â 298Â 931;B01;1.0;1;3.0;1.0;2000.0;2.0;1.0;;;0.0;0;;;2.0;7.0;15.0;0.0;0.0;0.0;1.0;;19;9;2019;07:00;2.0;57;57108;1;1.0;1.0;1.0;Route dÃ©partementale 162 D PK 001+400;49,1437430;7,4310680;3;162;0.0;D;2.0;2;0.0;1.0;1;400;1.0;;;2.0;0.0;1.0;80.0;Moselle;44;Grand Est
201900004037;138Â 298Â 932;A01;1.0;1;2.0;1.0;1997.0;1.0;1.0;;;0.0;0;;;1.0;7.0;0.0;0.0;0.0;0.0;1.0;;19;9;2019;07:00;2.0;57;57108;1;1.0;1.0;1.0;Route dÃ©partementale 162 D PK 001+400;49,1437430;7,4310680;3;162;0.0;D;2.0;2;0.0;1.0;1;400;1.0;;;2.0;0.0;1.0;80.0;Moselle;44;Grand Est
201900004038;138Â 298Â 929;B01;1.0;1;1.0;1.0;1976.0;4.0;1.0;;;0.0;0;;;2.0;10.0;0.0;2.0;3.0;1.0;1.0;;19;9;2019;10:30;1.0;74;74309;2;1.0;1.0;1.0;Route de la Cote;46,1140490;6,0423020;3;18;0.0;D;2.0;2;0.0;2.0;(1);(1);1.0;;;1.0;0.0;1.0;50.0;Haute-Savoie;84;Auvergne-Rhône-Alpes
201900004038;138Â 298Â 930;A01;1.0;1;4.0;1.0;1985.0;9.0;2.0;6.0;;0.0;0;;;1.0;33.0;0.0;2.0;1.0;1.0;1.0;;19;9;2019;10:30;1.0;74;74309;2;1.0;1.0;1.0;Route de la Cote;46,1140490;6,0423020;3;18;0.0;D;2.0;2;0.0;2.0;(1);(1);1.0;;;1.0;0.0;1.0;50.0;Haute-Savoie;84;Auvergne-Rhône-Alpes
201900004039;138Â 298Â 928;A01;1.0;1;3.0;1.0;1972.0;1.0;2.0;6.0;;0.0;0;;;2.0;33.0;0.0;6.0;1.0;1.0;1.0;;19;9;2019;05:40;3.0;79;79268;1;1.0;1.0;6.0;;46,7841960; -0,1851160;3;46;;;2.0;2;0.0;1.0;18;230;1.0;;64.0;1.0;0.0;1.0;80.0;Deux-Sèvres;75;Nouvelle-Aquitaine
201900004040;138Â 298Â 925;A01;1.0;1;3.0;1.0;1974.0;0.0;8.0;;;0.0;0;;;1.0;2.0;0.0;2.0;9.0;2.0;0.0;;18;9;2019;17:30;1.0;31;31150;2;1.0;1.0;5.0;41 route de Toulouse;43,6510790;1,3373730;3;1;;;2.0;2;0.0;1.0;36;500;1.0;;;1.0;0.0;1.0;50.0;Haute-Garonne;76;Occitanie
201900004040;138Â 298Â 926;B01;1.0;1;1.0;1.0;1994.0;0.0;1.0;;;0.0;0;;;1.0;7.0;0.0;2.0;6.0;2.0;6.0;;18;9;2019;17:30;1.0;31;31150;2;1.0;1.0;5.0;41 route de Toulouse;43,6510790;1,3373730;3;1;;;2.0;2;0.0;1.0;36;500;1.0;;;1.0;0.0;1.0;50.0;Haute-Garonne;76;Occitanie
201900004040;138Â 298Â 927;C01;1.0;1;1.0;1.0;1988.0;9.0;1.0;;;0.0;0;;;2.0;7.0;0.0;2.0;1.0;1.0;0.0;;18;9;2019;17:30;1.0;31;31150;2;1.0;1.0;5.0;41 route de Toulouse;43,6510790;1,3373730;3;1;;;2.0;2;0.0;1.0;36;500;1.0;;;1.0;0.0;1.0;50.0;Haute-Garonne;76;Occitanie
201900004041;138Â 298Â 924;A01;1.0;1;3.0;2.0;1952.0;5.0;2.0;6.0;9.0;0.0;0;;;1.0;33.0;0.0;0.0;0.0;0.0;1.0;;18;9;2019;16:45;1.0;2B;2B341;1;1.0;2.0;7.0;route territoriale 20;42,2320320;9,1722690;2;20;0.0;;2.0;2;0.0;1.0;67;600;1.0;;;2.0;0.0;1.0;80.0;Haute-Corse;94;Corse
201900004042;138Â 298Â 922;B01;1.0;1;1.0;1.0;1986.0;5.0;1.0;;;0.0;0;;;2.0;7.0;0.0;2.0;3.0;1.0;1.0;;15;9;2019;10:40;1.0;2B;2B207;1;1.0;1.0;3.0;RT10 FOLELLI;42,4402200;9,5104930;2;10;;;2.0;2;0.0;2.0;136;(1);3.0;;;1.0;0.0;1.0;80.0;Haute-Corse;94;Corse
201900004042;138Â 298Â 923;A01;1.0;1;3.0;1.0;1955.0;5.0;2.0;;;0.0;0;;;1.0;33.0;0.0;2.0;7.0;1.0;1.0;;15;9;2019;10:40;1.0;2B;2B207;1;1.0;1.0;3.0;RT10 FOLELLI;42,4402200;9,5104930;2;10;;;2.0;2;0.0;2.0;136;(1);3.0;;;1.0;0.0;1.0;80.0;Haute-Corse;94;Corse
201900004043;138Â 298Â 921;A01;1.0;1;3.0;2.0;1957.0;0.0;1.0;;;0.0;0;;;2.0;7.0;13.0;0.0;1.0;19.0;1.0;;19;9;2019;09:13;1.0;81;81013;1;2.0;1.0;6.0;Carrefour RD903 et RD94;44,0097260;2,2934474;3;903;0.0;;2.0;2;0.0;1.0;12;332;1.0;;;1.0;0.0;3.0;80.0;Tarn;76;Occitanie
201900004044;138Â 298Â 919;B01;1.0;1;3.0;1.0;1944.0;5.0;8.0;;;0.0;0;;;2.0;7.0;0.0;2.0;1.0;1.0;1.0;;19;9;2019;14:20;1.0;32;32256;1;1.0;1.0;1.0;RN 21 PK 69+570;43,5335640;0,4320510;2;21;;;2.0;3;0.0;3.0;69;570;1.0;;;1.0;0.0;1.0;90.0;Gers;76;Occitanie
201900004044;138Â 298Â 919;B01;2.0;2;3.0;2.0;1946.0;5.0;8.0;;;0.0;0;;;2.0;7.0;0.0;2.0;1.0;1.0;1.0;;19;9;2019;14:20;1.0;32;32256;1;1.0;1.0;1.0;RN 21 PK 69+570;43,5335640;0,4320510;2;21;;;2.0;3;0.0;3.0;69;570;1.0;;;1.0;0.0;1.0;90.0;Gers;76;Occitanie
201900004044;138Â 298Â 920;A01;1.0;1;4.0;2.0;1957.0;0.0;8.0;;;0.0;0;;;1.0;7.0;0.0;2.0;1.0;13.0;0.0;;19;9;2019;14:20;1.0;32;32256;1;1.0;1.0;1.0;RN 21 PK 69+570;43,5335640;0,4320510;2;21;;;2.0;3;0.0;3.0;69;570;1.0;;;1.0;0.0;1.0;90.0;Gers;76;Occitanie
201900004045;138Â 298Â 917;A01;1.0;1;4.0;1.0;1932.0;5.0;1.0;;;0.0;0;;;3.0;7.0;0.0;2.0;3.0;15.0;1.0;;17;9;2019;19:34;1.0;71;71109;1;3.0;1.0;3.0;RD 974B - PR 4 - Les Garruches;46,9039979;4,7058541;3;974;2.0;;2.0;2;0.0;1.0;4;0;1.0;;;1.0;0.0;1.0;70.0;Saône-et-Loire;27;Bourgogne-Franche-Comté
201900004045;138Â 298Â 917;A01;2.0;2;4.0;2.0;1938.0;5.0;1.0;;;0.0;0;;;3.0;7.0;0.0;2.0;3.0;15.0;1.0;;17;9;2019;19:34;1.0;71;71109;1;3.0;1.0;3.0;RD 974B - PR 4 - Les Garruches;46,9039979;4,7058541;3;974;2.0;;2.0;2;0.0;1.0;4;0;1.0;;;1.0;0.0;1.0;70.0;Saône-et-Loire;27;Bourgogne-Franche-Comté
201900004045;138Â 298Â 918;B01;2.0;2;2.0;2.0;1999.0;5.0;1.0;;;0.0;0;;;2.0;7.0;0.0;2.0;1.0;1.0;1.0;;17;9;2019;19:34;1.0;71;71109;1;3.0;1.0;3.0;RD 974B - PR 4 - Les Garruches;46,9039979;4,7058541;3;974;2.0;;2.0;2;0.0;1.0;4;0;1.0;;;1.0;0.0;1.0;70.0;Saône-et-Loire;27;Bourgogne-Franche-Comté
201900004045;138Â 298Â 918;B01;1.0;1;2.0;1.0;1997.0;5.0;1.0;;;0.0;0;;;2.0;7.0;0.0;2.0;1.0;1.0;1.0;;17;9;2019;19:34;1.0;71;71109;1;3.0;1.0;3.0;RD 974B - PR 4 - Les Garruches;46,9039979;4,7058541;3;974;2.0;;2.0;2;0.0;1.0;4;0;1.0;;;1.0;0.0;1.0;70.0;Saône-et-Loire;27;Bourgogne-Franche-Comté
201900004046;138Â 298Â 916;A01;1.0;1;1.0;1.0;1948.0;9.0;1.0;;;0.0;0;;;3.0;7.0;0.0;1.0;1.0;1.0;1.0;;19;9;2019;17:00;1.0;89;89368;2;1.0;7.0;6.0;Route de Toucy;47,6209830;3,1925080;3;955;0.0;D;2.0;2;0.0;1.0;(1);(1);1.0;;;1.0;0.0;1.0;50.0;Yonne;27;Bourgogne-Franche-Comté
201900004046;138Â 298Â 916;A01;10.0;3;4.0;1.0;1935.0;0.0;0.0;;;1.0;3;1.0;;3.0;7.0;0.0;1.0;1.0;1.0;1.0;;19;9;2019;17:00;1.0;89;89368;2;1.0;7.0;6.0;Route de Toucy;47,6209830;3,1925080;3;955;0.0;D;2.0;2;0.0;1.0;(1);(1);1.0;;;1.0;0.0;1.0;50.0;Yonne;27;Bourgogne-Franche-Comté
201900004047;138Â 298Â 914;B01;1.0;1;3.0;1.0;1967.0;1.0;2.0;;;0.0;0;;;3.0;33.0;0.0;2.0;8.0;16.0;1.0;;18;9;2019;12:20;1.0;61;61096;1;3.0;1.0;3.0;D849;48,5181180; -0,4208720;3;849;;;2.0;2;0.0;1.0;4;235;3.0;;;1.0;0.0;1.0;70.0;Orne;28;Normandie
201900004047;138Â 298Â 915;A01;1.0;1;1.0;2.0;2000.0;1.0;1.0;;;0.0;0;;;1.0;7.0;0.0;2.0;1.0;1.0;1.0;;18;9;2019;12:20;1.0;61;61096;1;3.0;1.0;3.0;D849;48,5181180; -0,4208720;3;849;;;2.0;2;0.0;1.0;4;235;3.0;;;1.0;0.0;1.0;70.0;Orne;28;Normandie
201900004048;138Â 298Â 912;A01;1.0;1;2.0;1.0;1990.0;1.0;2.0;6.0;;0.0;0;;;1.0;2.0;14.0;0.0;1.0;1.0;1.0;;19;9;2019;07:35;2.0;49;49290;2;1.0;1.0;6.0;D751;47,4022310; -0,4633150;3;751;;;2.0;2;0.0;1.0;(1);(1);1.0;;;1.0;0.0;1.0;50.0;Maine-et-Loire;52;Pays de la Loire
201900004049;138Â 298Â 910;A01;1.0;1;2.0;1.0;1980.0;9.0;1.0;;;0.0;0;;;1.0;7.0;0.0;2.0;3.0;5.0;1.0;;18;9;2019;12:10;1.0;42;42015;1;1.0;1.0;1.0;D50;46,1711690;4,3752730;3;50;;;2.0;2;0.0;2.0;5;250;2.0;;;1.0;0.0;1.0;80.0;Loire;84;Auvergne-Rhône-Alpes
201900004049;138Â 298Â 911;B01;1.0;1;2.0;2.0;1956.0;3.0;1.0;;;0.0;0;;;2.0;7.0;0.0;2.0;3.0;1.0;1.0;;18;9;2019;12:10;1.0;42;42015;1;1.0;1.0;1.0;D50;46,1711690;4,3752730;3;50;;;2.0;2;0.0;2.0;5;250;2.0;;;1.0;0.0;1.0;80.0;Loire;84;Auvergne-Rhône-Alpes
201900004050;138Â 298Â 909;A01;1.0;1;2.0;1.0;1959.0;5.0;8.0;;;0.0;0;;;3.0;7.0;2.0;0.0;1.0;13.0;1.0;;15;9;2019;21:10;3.0;22;22222;1;1.0;1.0;6.0;route du palus;48,6749020; -2,8979520;4;;;;2.0;2;0.0;2.0;(1);(1);1.0;;;1.0;0.0;3.0;70.0;Côtes-d'Armor;53;Bretagne
201900004051;138Â 298Â 907;A01;1.0;1;3.0;2.0;1948.0;5.0;1.0;;;0.0;0;;;2.0;7.0;0.0;2.0;7.0;19.0;1.0;;18;9;2019;08:40;1.0;39;39458;1;2.0;7.0;3.0;;46,6162860;5,6094790;3;52;;A;2.0;2;0.0;2.0;1;690;1.0;;;1.0;5.0;1.0;70.0;Jura;27;Bourgogne-Franche-Comté
201900004051;138Â 298Â 908;B01;1.0;1;1.0;2.0;1984.0;5.0;1.0;;;0.0;0;;;2.0;7.0;0.0;2.0;1.0;1.0;1.0;;18;9;2019;08:40;1.0;39;39458;1;2.0;7.0;3.0;;46,6162860;5,6094790;3;52;;A;2.0;2;0.0;2.0;1;690;1.0;;;1.0;5.0;1.0;70.0;Jura;27;Bourgogne-Franche-Comté
201900004052;138Â 298Â 905;A01;1.0;1;4.0;1.0;1969.0;1.0;2.0;6.0;;0.0;0;;;1.0;33.0;13.0;2.0;0.0;17.0;1.0;;16;9;2019;06:15;2.0;25;25413;1;1.0;1.0;3.0;D389;46,6816950;6,1862360;3;389;0.0;;2.0;2;0.0;2.0;3;810;3.0;;;1.0;0.0;1.0;80.0;Doubs;27;Bourgogne-Franche-Comté
201900004052;138Â 298Â 906;B01;1.0;1;1.0;1.0;1992.0;1.0;1.0;;;0.0;0;;;1.0;7.0;0.0;2.0;3.0;17.0;1.0;;16;9;2019;06:15;2.0;25;25413;1;1.0;1.0;3.0;D389;46,6816950;6,1862360;3;389;0.0;;2.0;2;0.0;2.0;3;810;3.0;;;1.0;0.0;1.0;80.0;Doubs;27;Bourgogne-Franche-Comté
201900004053;138Â 298Â 903;B01;1.0;1;3.0;2.0;1997.0;1.0;2.0;;;0.0;0;;;3.0;35.0;0.0;2.0;3.0;1.0;1.0;;18;9;2019;17:20;1.0;44;44098;1;1.0;1.0;3.0;Rue du Plessis la Croix d'Haut;47,5011020; -2,1330230;4;;;;2.0;2;0.0;1.0;(1);(1);3.0;;;1.0;0.0;1.0;70.0;Loire-Atlantique;52;Pays de la Loire
201900004053;138Â 298Â 904;A01;2.0;2;1.0;2.0;1984.0;1.0;1.0;;;0.0;0;;;3.0;10.0;0.0;2.0;3.0;3.0;1.0;;18;9;2019;17:20;1.0;44;44098;1;1.0;1.0;3.0;Rue du Plessis la Croix d'Haut;47,5011020; -2,1330230;4;;;;2.0;2;0.0;1.0;(1);(1);3.0;;;1.0;0.0;1.0;70.0;Loire-Atlantique;52;Pays de la Loire
201900004053;138Â 298Â 904;A01;1.0;1;1.0;1.0;1973.0;1.0;1.0;;;0.0;0;;;3.0;10.0;0.0;2.0;3.0;3.0;1.0;;18;9;2019;17:20;1.0;44;44098;1;1.0;1.0;3.0;Rue du Plessis la Croix d'Haut;47,5011020; -2,1330230;4;;;;2.0;2;0.0;1.0;(1);(1);3.0;;;1.0;0.0;1.0;70.0;Loire-Atlantique;52;Pays de la Loire
201900004054;138Â 298Â 901;B01;1.0;1;3.0;1.0;1948.0;5.0;2.0;6.0;;0.0;0;;;2.0;1.0;0.0;0.0;4.0;1.0;5.0;;19;9;2019;09:45;1.0;02;02656;1;1.0;7.0;2.0;CD 22;49,3811420;3,8288310;3;22;;;2.0;2;0.0;1.0;2;400;1.0;;;1.0;0.0;1.0;80.0;Aisne;32;Hauts-de-France
201900004054;138Â 298Â 902;A01;1.0;1;1.0;2.0;1997.0;1.0;8.0;;;0.0;0;;;2.0;7.0;0.0;2.0;1.0;2.0;1.0;;19;9;2019;09:45;1.0;02;02656;1;1.0;7.0;2.0;CD 22;49,3811420;3,8288310;3;22;;;2.0;2;0.0;1.0;2;400;1.0;;;1.0;0.0;1.0;80.0;Aisne;32;Hauts-de-France
201900004055;138Â 298Â 900;A01;1.0;1;1.0;1.0;1929.0;5.0;1.0;;;0.0;0;;;0.0;7.0;0.0;1.0;1.0;1.0;1.0;;18;9;2019;18:45;2.0;01;01246;2;1.0;1.0;6.0;Impasse de la Brasserie;46,2341494;5,0468948;4;;;;2.0;2;0.0;1.0;(1);(1);1.0;;;1.0;0.0;1.0;50.0;Ain;84;Auvergne-Rhône-Alpes
201900004055;138Â 298Â 900;A01;10.0;3;2.0;2.0;1979.0;5.0;0.0;;;3.0;3;1.0;;0.0;7.0;0.0;1.0;1.0;1.0;1.0;;18;9;2019;18:45;2.0;01;01246;2;1.0;1.0;6.0;Impasse de la Brasserie;46,2341494;5,0468948;4;;;;2.0;2;0.0;1.0;(1);(1);1.0;;;1.0;0.0;1.0;50.0;Ain;84;Auvergne-Rhône-Alpes
201900004055;138Â 298Â 900;A01;2.0;2;1.0;2.0;1932.0;5.0;1.0;;;0.0;0;;;0.0;7.0;0.0;1.0;1.0;1.0;1.0;;18;9;2019;18:45;2.0;01;01246;2;1.0;1.0;6.0;Impasse de la Brasserie;46,2341494;5,0468948;4;;;;2.0;2;0.0;1.0;(1);(1);1.0;;;1.0;0.0;1.0;50.0;Ain;84;Auvergne-Rhône-Alpes
201900004056;138Â 298Â 897;B01;1.0;1;3.0;1.0;1991.0;4.0;2.0;6.0;;0.0;0;;;1.0;33.0;0.0;2.0;1.0;3.0;1.0;;18;9;2019;21:20;3.0;72;72022;1;1.0;1.0;3.0;Le Jardin;47,7637340; -0,1934740;3;306;0.0;;2.0;3;0.0;1.0;(1);(1);1.0;;;1.0;5.0;1.0;80.0;Sarthe;52;Pays de la Loire
201900004056;138Â 298Â 898;A01;1.0;1;1.0;1.0;1995.0;4.0;1.0;;;0.0;0;;;1.0;7.0;0.0;2.0;5.0;15.0;1.0;;18;9;2019;21:20;3.0;72;72022;1;1.0;1.0;3.0;Le Jardin;47,7637340; -0,1934740;3;306;0.0;;2.0;3;0.0;1.0;(1);(1);1.0;;;1.0;5.0;1.0;80.0;Sarthe;52;Pays de la Loire
201900004056;138Â 298Â 898;A01;2.0;2;1.0;1.0;1991.0;4.0;1.0;;;0.0;0;;;1.0;7.0;0.0;2.0;5.0;15.0;1.0;;18;9;2019;21:20;3.0;72;72022;1;1.0;1.0;3.0;Le Jardin;47,7637340; -0,1934740;3;306;0.0;;2.0;3;0.0;1.0;(1);(1);1.0;;;1.0;5.0;1.0;80.0;Sarthe;52;Pays de la Loire
201900004056;138Â 298Â 898;A01;9.0;2;2.0;2.0;1991.0;4.0;1.0;;;0.0;0;;;1.0;7.0;0.0;2.0;5.0;15.0;1.0;;18;9;2019;21:20;3.0;72;72022;1;1.0;1.0;3.0;Le Jardin;47,7637340; -0,1934740;3;306;0.0;;2.0;3;0.0;1.0;(1);(1);1.0;;;1.0;5.0;1.0;80.0;Sarthe;52;Pays de la Loire
201900004057;138Â 298Â 895;A01;1.0;1;3.0;1.0;2010.0;0.0;0.0;;;0.0;0;;;0.0;1.0;0.0;2.0;0.0;0.0;5.0;;18;9;2019;19:05;1.0;60;60509;2;3.0;1.0;1.0;rue louis boilet;49,3003579;2,6038163;3;120;;;2.0;2;0.0;1.0;11;150;1.0;;;1.0;0.0;1.0;50.0;Oise;32;Hauts-de-France
201900004057;138Â 298Â 896;B01;2.0;2;1.0;1.0;2002.0;0.0;1.0;;;0.0;0;;;0.0;7.0;0.0;1.0;1.0;1.0;1.0;;18;9;2019;19:05;1.0;60;60509;2;3.0;1.0;1.0;rue louis boilet;49,3003579;2,6038163;3;120;;;2.0;2;0.0;1.0;11;150;1.0;;;1.0;0.0;1.0;50.0;Oise;32;Hauts-de-France
201900004057;138Â 298Â 896;B01;1.0;1;1.0;1.0;1969.0;4.0;1.0;;;0.0;0;;;0.0;7.0;0.0;1.0;1.0;1.0;1.0;;18;9;2019;19:05;1.0;60;60509;2;3.0;1.0;1.0;rue louis boilet;49,3003579;2,6038163;3;120;;;2.0;2;0.0;1.0;11;150;1.0;;;1.0;0.0;1.0;50.0;Oise;32;Hauts-de-France
201900004058;138Â 298Â 894;A01;1.0;1;3.0;1.0;1981.0;5.0;2.0;;;0.0;0;;;0.0;36.0;0.0;0.0;0.0;0.0;1.0;;18;9;2019;18:35;1.0;60;60632;1;1.0;7.0;7.0;D82;49,5661992;2,8997021;3;82;;;2.0;2;0.0;3.0;19;900;2.0;;;1.0;0.0;1.0;80.0;Oise;32;Hauts-de-France
201900004059;138Â 298Â 892;A01;1.0;1;4.0;1.0;1971.0;5.0;2.0;6.0;;0.0;0;;;1.0;33.0;0.0;2.0;8.0;5.0;1.0;;19;9;2019;15:50;1.0;64;64320;1;1.0;1.0;1.0;RD 934 - Entre EAUX CHAUDES et GABAS PR 38+100;42,9868858; -0,4274073;3;934;;;2.0;2;0.0;2.0;38;100;3.0;;;1.0;0.0;1.0;80.0;Pyrénées-Atlantiques;75;Nouvelle-Aquitaine
201900004059;138Â 298Â 893;B01;1.0;1;1.0;1.0;1974.0;5.0;1.0;;;0.0;0;;;2.0;7.0;0.0;2.0;1.0;1.0;1.0;;19;9;2019;15:50;1.0;64;64320;1;1.0;1.0;1.0;RD 934 - Entre EAUX CHAUDES et GABAS PR 38+100;42,9868858; -0,4274073;3;934;;;2.0;2;0.0;2.0;38;100;3.0;;;1.0;0.0;1.0;80.0;Pyrénées-Atlantiques;75;Nouvelle-Aquitaine
201900004060;138Â 298Â 890;A01;1.0;1;1.0;1.0;2000.0;1.0;8.0;;;0.0;0;;;1.0;7.0;0.0;2.0;3.0;18.0;1.0;;19;9;2019;07:20;2.0;64;64371;2;1.0;8.0;2.0;34 Rue de la Navarre;43,2152791; -0,8962425;3;918;;D;2.0;2;0.0;1.0;87;300;1.0;;;1.0;0.0;1.0;50.0;Pyrénées-Atlantiques;75;Nouvelle-Aquitaine
201900004060;138Â 298Â 891;B01;2.0;2;2.0;1.0;2017.0;2.0;2.0;3.0;4.0;0.0;0;;;1.0;1.0;0.0;0.0;6.0;15.0;5.0;;19;9;2019;07:20;2.0;64;64371;2;1.0;8.0;2.0;34 Rue de la Navarre;43,2152791; -0,8962425;3;918;;D;2.0;2;0.0;1.0;87;300;1.0;;;1.0;0.0;1.0;50.0;Pyrénées-Atlantiques;75;Nouvelle-Aquitaine