Num_Acc;id_vehicule;num_veh;place;catu;grav;sexe;an_nais;trajet;secu1;secu2;secu3;locp;actp;etatp;id_usager;senc;catv;obs;obsm;choc;manv;motor;occutc;jour;mois;an;hrmn;lum;dep;com;agg;int;atm;col;adr;lat;long;catr;voie;v1;v2;circ;nbv;vosp;prof;pr;pr1;plan;lartpc;larrout;surf;infra;situ;vma;nom_departement;reg;nom_region
201900004060;138Â 298Â 891;B01;1.0;1;1.0;1.0;1986.0;2.0;2.0;;;0.0;0;;;1.0;1.0;0.0;0.0;6.0;15.0;5.0;;19;9;2019;07:20;2.0;64;64371;2;1.0;8.0;2.0;34 Rue de la Navarre;43,2152791; -0,8962425;3;918;;D;2.0;2;0.0;1.0;87;300;1.0;;;1.0;0.0;1.0;50.0;Pyrénées-Atlantiques;75;Nouvelle-Aquitaine
201900004061;138Â 298Â 888;A01;1.0;1;2.0;1.0;1900.0;4.0;1.0;0.0;;0.0;0;;;2.0;14.0;1.0;0.0;6.0;24.0;1.0;;9;7;2019;08:55;1.0;17;17306;2;1.0;1.0;3.0;PERCHE (DE LA) (BD);45,6311000; -1,0407500;4;PERCHE (DE LA) (BD);0.0;;;2;0.0;1.0;0;0;1.0;;;1.0;0.0;1.0;30.0;Charente-Maritime;75;Nouvelle-Aquitaine
201900004061;138Â 298Â 889;B01;1.0;1;1.0;1.0;1989.0;4.0;1.0;0.0;;0.0;0;;;1.0;13.0;1.0;0.0;0.0;0.0;1.0;;9;7;2019;08:55;1.0;17;17306;2;1.0;1.0;3.0;PERCHE (DE LA) (BD);45,6311000; -1,0407500;4;PERCHE (DE LA) (BD);0.0;;;2;0.0;1.0;0;0;1.0;;;1.0;0.0;1.0;30.0;Charente-Maritime;75;Nouvelle-Aquitaine
201900004062;138Â 298Â 886;B01;1.0;1;2.0;1.0;1978.0;0.0;2.0;0.0;;0.0;0;;;1.0;2.0;0.0;2.0;2.0;15.0;1.0;;9;7;2019;15:20;1.0;17;17300;2;3.0;1.0;3.0;RONDEAU   BOULEVARD ARISTIDE;46,1581900; -1,1869200;4;RONDEAU   BOULEVARD ARISTIDE;0.0;;2.0;0;2.0;1.0;0;0;1.0;;;1.0;5.0;1.0;30.0;Charente-Maritime;75;Nouvelle-Aquitaine
201900004062;138Â 298Â 887;A01;1.0;1;1.0;2.0;1948.0;5.0;1.0;0.0;;; -1;;;2.0;7.0;0.0;2.0;3.0;1.0;1.0;;9;7;2019;15:20;1.0;17;17300;2;3.0;1.0;3.0;RONDEAU   BOULEVARD ARISTIDE;46,1581900; -1,1869200;4;RONDEAU   BOULEVARD ARISTIDE;0.0;;2.0;0;2.0;1.0;0;0;1.0;;;1.0;5.0;1.0;30.0;Charente-Maritime;75;Nouvelle-Aquitaine
201900004063;138Â 298Â 883;A01;1.0;1;3.0;2.0;1977.0;1.0;2.0;0.0;;0.0;0;;;3.0;1.0;12.0;0.0;1.0;26.0;5.0;;9;7;2019;20:10;1.0;14;14118;2;1.0;1.0;6.0;DELIVRANDE (RUE DE LA);49,1949600; -0,3598700;4;DELIVRANDE (RUE DE LA);0.0;;2.0;2;0.0;1.0;1;0;1.0;;;1.0;0.0;1.0;50.0;Calvados;28;Normandie
201900004064;138Â 298Â 881;B01;1.0;1;2.0;1.0;2000.0;0.0;2.0;0.0;;;0;;;3.0;33.0;0.0;2.0;3.0;1.0;1.0;;9;7;2019;08:00;1.0;10;10081;2;2.0;1.0;6.0;JULES FERRY (RUE);48,3290500;4,0533100;7;JULES FERRY (RUE);0.0;;;2;0.0;1.0;0;0;1.0;;;1.0;0.0;1.0;50.0;Aube;44;Grand Est
201900004064;138Â 298Â 882;A01;1.0;1;1.0;1.0;1976.0;0.0;1.0;0.0;;;0;;;3.0;7.0;0.0;2.0;2.0;16.0;1.0;;9;7;2019;08:00;1.0;10;10081;2;2.0;1.0;6.0;JULES FERRY (RUE);48,3290500;4,0533100;7;JULES FERRY (RUE);0.0;;;2;0.0;1.0;0;0;1.0;;;1.0;0.0;1.0;50.0;Aube;44;Grand Est
201900004065;138Â 298Â 880;A01;1.0;1;2.0;2.0;1957.0;5.0;8.0;0.0;;0.0;0;;;1.0;80.0;4.0;0.0;2.0;1.0;3.0;;9;7;2019;11:30;1.0;06;06104;2;1.0;2.0;7.0;SERRET (AVENUE DU);43,7575000;7,4477000;4;SERRET (AVENUE DU);0.0;;2.0;2;0.0;2.0;0;0;3.0;;;2.0;0.0;1.0;50.0;Alpes-Maritimes;93;Provence-Alpes-Côte d'Azur
201900004066;138Â 298Â 878;A01;1.0;1;1.0;1.0;1991.0;1.0;2.0;6.0;;0.0;0;;;1.0;34.0;0.0;2.0;1.0;1.0;1.0;;9;7;2019;06:50;1.0;06;06104;2;1.0;1.0;2.0;VERDUN (AVENUE DE, NÂ° 131 ET +);43,7618116;7,4707979;3;6007;0.0;;2.0;2;0.0;2.0;0;0;1.0;;;1.0;8.0;1.0;50.0;Alpes-Maritimes;93;Provence-Alpes-Côte d'Azur
201900004066;138Â 298Â 879;B01;2.0;2;2.0;2.0;1973.0;1.0;2.0;6.0;;0.0;0;;;1.0;33.0;0.0;2.0;4.0;1.0;1.0;;9;7;2019;06:50;1.0;06;06104;2;1.0;1.0;2.0;VERDUN (AVENUE DE, NÂ° 131 ET +);43,7618116;7,4707979;3;6007;0.0;;2.0;2;0.0;2.0;0;0;1.0;;;1.0;8.0;1.0;50.0;Alpes-Maritimes;93;Provence-Alpes-Côte d'Azur
201900004066;138Â 298Â 879;B01;1.0;1;3.0;1.0;1971.0;1.0;2.0;6.0;;0.0;0;;;1.0;33.0;0.0;2.0;4.0;1.0;1.0;;9;7;2019;06:50;1.0;06;06104;2;1.0;1.0;2.0;VERDUN (AVENUE DE, NÂ° 131 ET +);43,7618116;7,4707979;3;6007;0.0;;2.0;2;0.0;2.0;0;0;1.0;;;1.0;8.0;1.0;50.0;Alpes-Maritimes;93;Provence-Alpes-Côte d'Azur
201900004067;138Â 298Â 876;A01;1.0;1;1.0;2.0;1993.0;0.0;1.0;0.0;;0.0;0;;;1.0;7.0;0.0;2.0;0.0;0.0;0.0;;9;7;2019;18:18;1.0;06;06029;2;1.0;1.0;3.0;FERRAGE (BOULEVARD DE LA);43,5533591;7,0144045;4;FERRAGE (BOULEVARD DE LA);0.0;;1.0;1;0.0;1.0;0;0;1.0;;;1.0;0.0;1.0;50.0;Alpes-Maritimes;93;Provence-Alpes-Côte d'Azur
201900004067;138Â 298Â 877;B01;1.0;1;2.0;1.0;1997.0;0.0;2.0;0.0;;; -1;;;2.0;33.0;0.0;2.0;0.0;0.0;1.0;;9;7;2019;18:18;1.0;06;06029;2;1.0;1.0;3.0;FERRAGE (BOULEVARD DE LA);43,5533591;7,0144045;4;FERRAGE (BOULEVARD DE LA);0.0;;1.0;1;0.0;1.0;0;0;1.0;;;1.0;0.0;1.0;50.0;Alpes-Maritimes;93;Provence-Alpes-Côte d'Azur
201900004068;138Â 298Â 875;A01;1.0;1;2.0;1.0;1978.0;4.0;1.0;0.0;;0.0;0;;;2.0;20.0;6.0;0.0;1.0;15.0;1.0;;9;7;2019;11:00;1.0;06;06029;2;1.0;1.0;6.0;ESTEREL (BOULEVARD DE L');43,5594000;6,9729000;4;ESTEREL (BOULEVARD DE L');0.0;;1.0;2;0.0;2.0;0;0;2.0;;;2.0;0.0;1.0;30.0;Alpes-Maritimes;93;Provence-Alpes-Côte d'Azur
201900004068;138Â 298Â 875;A01;4.0;2;4.0;1.0;1962.0;4.0;1.0;0.0;;0.0;0;;;2.0;20.0;6.0;0.0;1.0;15.0;1.0;;9;7;2019;11:00;1.0;06;06029;2;1.0;1.0;6.0;ESTEREL (BOULEVARD DE L');43,5594000;6,9729000;4;ESTEREL (BOULEVARD DE L');0.0;;1.0;2;0.0;2.0;0;0;2.0;;;2.0;0.0;1.0;30.0;Alpes-Maritimes;93;Provence-Alpes-Côte d'Azur
201900004069;138Â 298Â 874;A01;10.0;3;3.0;2.0;1950.0;3.0;0.0;;;9.0;2;1.0;;3.0;10.0;10.0;1.0;4.0;23.0;1.0;;9;7;2019;08:55;1.0;05;05023;2;1.0;1.0;6.0;CASTRES (RUE DE);44,8995900;6,6439400;4;CASTRES (RUE DE);0.0;;1.0;1;0.0;2.0;0;0;2.0;;;1.0;0.0;1.0;50.0;Hautes-Alpes;93;Provence-Alpes-Côte d'Azur
201900004069;138Â 298Â 874;A01;1.0;1;1.0;1.0;1981.0;4.0;9.0;;;0.0;0;;;3.0;10.0;10.0;1.0;4.0;23.0;1.0;;9;7;2019;08:55;1.0;05;05023;2;1.0;1.0;6.0;CASTRES (RUE DE);44,8995900;6,6439400;4;CASTRES (RUE DE);0.0;;1.0;1;0.0;2.0;0;0;2.0;;;1.0;0.0;1.0;50.0;Hautes-Alpes;93;Provence-Alpes-Côte d'Azur
201900004070;138Â 298Â 872;A01;1.0;1;2.0;2.0;1999.0;1.0;1.0;0.0;;;0;;;2.0;7.0;0.0;2.0;6.0;16.0;1.0;;8;7;2019;11:30;1.0;02;02738;2;3.0;1.0;3.0;RAYMOND POINCARE;49,6560600;3,3196700;4;RAYMOND POINCARE;0.0;;1.0;2;0.0;1.0;0;0;1.0;;;1.0;0.0;1.0;50.0;Aisne;32;Hauts-de-France
201900004070;138Â 298Â 873;B01;1.0;1;2.0;2.0;1982.0;1.0;1.0;0.0;;;0;;;1.0;7.0;0.0;2.0;2.0;2.0;1.0;;8;7;2019;11:30;1.0;02;02738;2;3.0;1.0;3.0;RAYMOND POINCARE;49,6560600;3,3196700;4;RAYMOND POINCARE;0.0;;1.0;2;0.0;1.0;0;0;1.0;;;1.0;0.0;1.0;50.0;Aisne;32;Hauts-de-France
201900004071;138Â 298Â 870;B01;1.0;1;2.0;1.0;1972.0;4.0;1.0;0.0;;0.0;0;;;1.0;7.0;0.0;2.0;4.0;23.0;1.0;;9;7;2019;17:30;1.0;75;75114;2;4.0;1.0;2.0;PORTE D ORLEANS;48,8208100;2,3217210;4;BD PERIPHERIQUE EXTERIEUR;0.0;;1.0;3;0.0;1.0;5;600;1.0;;;1.0;0.0;1.0;70.0;Paris;11;Île-de-France
201900004071;138Â 298Â 871;A01;1.0;1;1.0;1.0;1993.0;4.0;1.0;0.0;;0.0;0;;;1.0;7.0;0.0;2.0;1.0;2.0;1.0;;9;7;2019;17:30;1.0;75;75114;2;4.0;1.0;2.0;PORTE D ORLEANS;48,8208100;2,3217210;4;BD PERIPHERIQUE EXTERIEUR;0.0;;1.0;3;0.0;1.0;5;600;1.0;;;1.0;0.0;1.0;70.0;Paris;11;Île-de-France
201900004072;138Â 298Â 868;B01;1.0;1;2.0;1.0;1994.0;1.0;2.0;6.0;;0.0;0;;;1.0;31.0;0.0;2.0;2.0;3.0;1.0;;9;7;2019;17:45;1.0;75;75117;2;1.0;1.0;3.0;BD PERIPHERIQUE INTERIEUR;48,8784540;2,2809900;4;BD PERIPHERIQUE INTERIEUR;0.0;;1.0;4;0.0;1.0;16;299;1.0;;;1.0;1.0;1.0;70.0;Paris;11;Île-de-France
201900004072;138Â 298Â 869;A01;1.0;1;1.0;1.0;1986.0;4.0;1.0;0.0;;0.0;0;;;1.0;10.0;0.0;2.0;8.0;11.0;1.0;;9;7;2019;17:45;1.0;75;75117;2;1.0;1.0;3.0;BD PERIPHERIQUE INTERIEUR;48,8784540;2,2809900;4;BD PERIPHERIQUE INTERIEUR;0.0;;1.0;4;0.0;1.0;16;299;1.0;;;1.0;1.0;1.0;70.0;Paris;11;Île-de-France
201900004073;138Â 298Â 866;A01;2.0;2;1.0;1.0;1980.0;4.0;1.0;0.0;;0.0;0;;;2.0;7.0;0.0;2.0;3.0;1.0;1.0;;8;7;2019;08:20;1.0;75;75118;2;4.0;1.0;2.0;PORTE DE LA CHAPELLE;48,9009120;2,3598440;4;ECHANGEUR CHAPELLE;0.0;;1.0;4;0.0;1.0;23;100;1.0;;;1.0;0.0;1.0;70.0;Paris;11;Île-de-France
201900004073;138Â 298Â 866;A01;3.0;2;2.0;2.0;1947.0;9.0;1.0;0.0;;0.0;0;;;2.0;7.0;0.0;2.0;3.0;1.0;1.0;;8;7;2019;08:20;1.0;75;75118;2;4.0;1.0;2.0;PORTE DE LA CHAPELLE;48,9009120;2,3598440;4;ECHANGEUR CHAPELLE;0.0;;1.0;4;0.0;1.0;23;100;1.0;;;1.0;0.0;1.0;70.0;Paris;11;Île-de-France
201900004073;138Â 298Â 866;A01;1.0;1;1.0;1.0;1988.0;4.0;1.0;0.0;;0.0;0;;;2.0;7.0;0.0;2.0;3.0;1.0;1.0;;8;7;2019;08:20;1.0;75;75118;2;4.0;1.0;2.0;PORTE DE LA CHAPELLE;48,9009120;2,3598440;4;ECHANGEUR CHAPELLE;0.0;;1.0;4;0.0;1.0;23;100;1.0;;;1.0;0.0;1.0;70.0;Paris;11;Île-de-France
201900004073;138Â 298Â 866;A01;5.0;2;3.0;2.0;1929.0;9.0;1.0;8.0;;0.0;0;;;2.0;7.0;0.0;2.0;3.0;1.0;1.0;;8;7;2019;08:20;1.0;75;75118;2;4.0;1.0;2.0;PORTE DE LA CHAPELLE;48,9009120;2,3598440;4;ECHANGEUR CHAPELLE;0.0;;1.0;4;0.0;1.0;23;100;1.0;;;1.0;0.0;1.0;70.0;Paris;11;Île-de-France
201900004073;138Â 298Â 867;B01;1.0;1;1.0;1.0;1957.0;4.0;1.0;0.0;;0.0;0;;;2.0;14.0;0.0;2.0;5.0;1.0;1.0;;8;7;2019;08:20;1.0;75;75118;2;4.0;1.0;2.0;PORTE DE LA CHAPELLE;48,9009120;2,3598440;4;ECHANGEUR CHAPELLE;0.0;;1.0;4;0.0;1.0;23;100;1.0;;;1.0;0.0;1.0;70.0;Paris;11;Île-de-France
201900004074;138Â 298Â 864;B01;1.0;1;1.0;1.0;1977.0;9.0;2.0;6.0;;0.0;0;;;1.0;43.0;1.0;2.0;1.0;18.0;1.0;;9;7;2019;01:03;5.0;75;75109;2;1.0;1.0;6.0;RUE DU FAUBOURG MONTMARTRE;48,8719000;2,3431500;4;RUE DU FAUBOURG MONTMARTRE;0.0;;1.0;2;0.0;1.0;0;0;1.0;;;1.0;0.0;1.0;50.0;Paris;11;Île-de-France
201900004074;138Â 298Â 864;B01;2.0;2;3.0;2.0;1979.0;9.0;2.0;6.0;;0.0;0;;;1.0;43.0;1.0;2.0;1.0;18.0;1.0;;9;7;2019;01:03;5.0;75;75109;2;1.0;1.0;6.0;RUE DU FAUBOURG MONTMARTRE;48,8719000;2,3431500;4;RUE DU FAUBOURG MONTMARTRE;0.0;;1.0;2;0.0;1.0;0;0;1.0;;;1.0;0.0;1.0;50.0;Paris;11;Île-de-France
201900004074;138Â 298Â 865;A01;3.0;2;1.0;1.0;1981.0;9.0;1.0;0.0;;0.0;0;;;1.0;7.0;0.0;2.0;5.0;22.0;1.0;;9;7;2019;01:03;5.0;75;75109;2;1.0;1.0;6.0;RUE DU FAUBOURG MONTMARTRE;48,8719000;2,3431500;4;RUE DU FAUBOURG MONTMARTRE;0.0;;1.0;2;0.0;1.0;0;0;1.0;;;1.0;0.0;1.0;50.0;Paris;11;Île-de-France
201900004074;138Â 298Â 865;A01;1.0;1;1.0;1.0;1957.0;4.0;1.0;0.0;;0.0;0;;;1.0;7.0;0.0;2.0;5.0;22.0;1.0;;9;7;2019;01:03;5.0;75;75109;2;1.0;1.0;6.0;RUE DU FAUBOURG MONTMARTRE;48,8719000;2,3431500;4;RUE DU FAUBOURG MONTMARTRE;0.0;;1.0;2;0.0;1.0;0;0;1.0;;;1.0;0.0;1.0;50.0;Paris;11;Île-de-France
201900004075;138Â 298Â 861;A01;2.0;2;2.0;1.0;1976.0;4.0;1.0;0.0;;0.0;0;;;1.0;7.0;0.0;2.0;3.0;1.0;1.0;;8;7;2019;00:38;5.0;75;75108;2;2.0;1.0;5.0;AVENUE HOCHE;48,8765490;2,3016770;4;RUE DU FAUBOURG SAINT HONORE;0.0;;2.0;2;0.0;1.0;0;0;1.0;;;1.0;0.0;1.0;50.0;Paris;11;Île-de-France
201900004075;138Â 298Â 861;A01;3.0;2;2.0;1.0;1969.0;4.0;1.0;0.0;;0.0;0;;;1.0;7.0;0.0;2.0;3.0;1.0;1.0;;8;7;2019;00:38;5.0;75;75108;2;2.0;1.0;5.0;AVENUE HOCHE;48,8765490;2,3016770;4;RUE DU FAUBOURG SAINT HONORE;0.0;;2.0;2;0.0;1.0;0;0;1.0;;;1.0;0.0;1.0;50.0;Paris;11;Île-de-France
201900004075;138Â 298Â 861;A01;1.0;1;2.0;1.0;1986.0;4.0;1.0;0.0;;0.0;0;;;1.0;7.0;0.0;2.0;3.0;1.0;1.0;;8;7;2019;00:38;5.0;75;75108;2;2.0;1.0;5.0;AVENUE HOCHE;48,8765490;2,3016770;4;RUE DU FAUBOURG SAINT HONORE;0.0;;2.0;2;0.0;1.0;0;0;1.0;;;1.0;0.0;1.0;50.0;Paris;11;Île-de-France
201900004075;138Â 298Â 862;B01;1.0;1;2.0;1.0;1980.0;4.0;1.0;0.0;;0.0;0;;;1.0;7.0;0.0;2.0;1.0;1.0;4.0;;8;7;2019;00:38;5.0;75;75108;2;2.0;1.0;5.0;AVENUE HOCHE;48,8765490;2,3016770;4;RUE DU FAUBOURG SAINT HONORE;0.0;;2.0;2;0.0;1.0;0;0;1.0;;;1.0;0.0;1.0;50.0;Paris;11;Île-de-France
201900004075;138Â 298Â 863;C01;1.0;1;2.0;1.0;1987.0;9.0;2.0;6.0;;0.0;0;;;2.0;2.0;0.0;2.0;1.0;23.0;4.0;;8;7;2019;00:38;5.0;75;75108;2;2.0;1.0;5.0;AVENUE HOCHE;48,8765490;2,3016770;4;RUE DU FAUBOURG SAINT HONORE;0.0;;2.0;2;0.0;1.0;0;0;1.0;;;1.0;0.0;1.0;50.0;Paris;11;Île-de-France
201900004076;138Â 298Â 859;B01;1.0;1;1.0;2.0;1984.0;9.0;1.0;0.0;;0.0;0;;;2.0;7.0;0.0;2.0;7.0;16.0;1.0;;9;7;2019;17:00;1.0;75;75106;2;4.0;1.0;3.0;BOULEVARD RASPAIL;48,8450530;2,3287870;4;BOULEVARD RASPAIL;0.0;;2.0;2;3.0;1.0;0;0;1.0;;;1.0;0.0;1.0;50.0;Paris;11;Île-de-France
201900004076;138Â 298Â 860;A01;1.0;1;2.0;1.0;1988.0;9.0;2.0;6.0;;0.0;0;;;2.0;30.0;0.0;2.0;1.0;18.0;1.0;;9;7;2019;17:00;1.0;75;75106;2;4.0;1.0;3.0;BOULEVARD RASPAIL;48,8450530;2,3287870;4;BOULEVARD RASPAIL;0.0;;2.0;2;3.0;1.0;0;0;1.0;;;1.0;0.0;1.0;50.0;Paris;11;Île-de-France
201900004076;138Â 298Â 860;A01;2.0;2;2.0;2.0;1994.0;9.0;2.0;6.0;;0.0;0;;;2.0;30.0;0.0;2.0;1.0;18.0;1.0;;9;7;2019;17:00;1.0;75;75106;2;4.0;1.0;3.0;BOULEVARD RASPAIL;48,8450530;2,3287870;4;BOULEVARD RASPAIL;0.0;;2.0;2;3.0;1.0;0;0;1.0;;;1.0;0.0;1.0;50.0;Paris;11;Île-de-France
201900004077;138Â 298Â 858;A01;1.0;1;1.0;1.0;1997.0;4.0;8.0;0.0;;0.0;0;;;2.0;10.0;0.0;1.0;3.0;1.0;1.0;;9;7;2019;12:30;1.0;75;75105;2;1.0;1.0;6.0;RUE DE PONTOISE;48,8489430;2,3513170;4;RUE DE PONTOISE;0.0;;1.0;1;0.0;1.0;0;0;1.0;;;1.0;0.0;1.0;50.0;Paris;11;Île-de-France
201900004077;138Â 298Â 858;A01;10.0;3;2.0;1.0;1961.0;9.0;8.0;0.0;;2.0;2;1.0;;2.0;10.0;0.0;1.0;3.0;1.0;1.0;;9;7;2019;12:30;1.0;75;75105;2;1.0;1.0;6.0;RUE DE PONTOISE;48,8489430;2,3513170;4;RUE DE PONTOISE;0.0;;1.0;1;0.0;1.0;0;0;1.0;;;1.0;0.0;1.0;50.0;Paris;11;Île-de-France
201900004078;138Â 298Â 857;A01;1.0;1;1.0;1.0;1957.0;4.0;1.0;0.0;;0.0;0;;;2.0;7.0;0.0;1.0;2.0;17.0;1.0;;9;7;2019;09:50;1.0;75;75106;2;1.0;1.0;6.0;RUE DE VAUGIRARD;48,8482720;2,3312110;4;RUE DE VAUGIRARD;0.0;;2.0;2;0.0;1.0;0;0;1.0;;;1.0;0.0;1.0;50.0;Paris;11;Île-de-France
201900004078;138Â 298Â 857;A01;10.0;3;2.0;2.0;1962.0;5.0;8.0;0.0;;2.0;4;1.0;;2.0;7.0;0.0;1.0;2.0;17.0;1.0;;9;7;2019;09:50;1.0;75;75106;2;1.0;1.0;6.0;RUE DE VAUGIRARD;48,8482720;2,3312110;4;RUE DE VAUGIRARD;0.0;;2.0;2;0.0;1.0;0;0;1.0;;;1.0;0.0;1.0;50.0;Paris;11;Île-de-France
201900004079;138Â 298Â 855;B01;1.0;1;2.0;1.0;1990.0;1.0;2.0;0.0;;0.0;0;;;2.0;80.0;0.0;2.0;2.0;17.0;3.0;;9;7;2019;09:40;1.0;75;75106;2;1.0;1.0;3.0;BOULEVARD SAINT MICHEL;48,8415800;2,3376470;4;BOULEVARD SAINT MICHEL;0.0;;2.0;4;3.0;2.0;0;0;1.0;;;1.0;0.0;6.0;50.0;Paris;11;Île-de-France
201900004079;138Â 298Â 856;A01;1.0;1;1.0;1.0;1977.0;4.0;1.0;0.0;;0.0;0;;;2.0;14.0;0.0;2.0;8.0;22.0;6.0;;9;7;2019;09:40;1.0;75;75106;2;1.0;1.0;3.0;BOULEVARD SAINT MICHEL;48,8415800;2,3376470;4;BOULEVARD SAINT MICHEL;0.0;;2.0;4;3.0;2.0;0;0;1.0;;;1.0;0.0;6.0;50.0;Paris;11;Île-de-France
201900004080;138Â 298Â 854;A01;10.0;3;2.0;2.0;1960.0;5.0;8.0;0.0;;3.0;3;1.0;;1.0;10.0;0.0;1.0;3.0;16.0;1.0;;9;7;2019;19:12;1.0;75;75119;2;3.0;1.0;6.0;RUE DE KABYLIE;48,8842990;2,3675490;4;RUE DE KABYLIE;0.0;;1.0;1;0.0;1.0;0;0;1.0;;;1.0;0.0;1.0;30.0;Paris;11;Île-de-France
201900004080;138Â 298Â 854;A01;1.0;1;1.0;1.0;1960.0;1.0;1.0;0.0;;0.0;0;;;1.0;10.0;0.0;1.0;3.0;16.0;1.0;;9;7;2019;19:12;1.0;75;75119;2;3.0;1.0;6.0;RUE DE KABYLIE;48,8842990;2,3675490;4;RUE DE KABYLIE;0.0;;1.0;1;0.0;1.0;0;0;1.0;;;1.0;0.0;1.0;30.0;Paris;11;Île-de-France
201900004081;138Â 298Â 852;A01;1.0;1;1.0;1.0;1987.0;5.0;2.0;6.0;;0.0;0;;;2.0;2.0;0.0;2.0;1.0;15.0;1.0;;9;7;2019;19:32;1.0;75;75118;2;3.0;1.0;3.0;RUE MARX DORMOY;48,8890640;2,3599020;4;RUE MARX DORMOY;0.0;;2.0;4;0.0;1.0;0;0;1.0;;;1.0;0.0;1.0;50.0;Paris;11;Île-de-France
201900004081;138Â 298Â 853;B01;1.0;1;2.0;1.0;1982.0;9.0;2.0;6.0;;0.0;0;;;1.0;43.0;0.0;2.0;3.0;1.0;1.0;;9;7;2019;19:32;1.0;75;75118;2;3.0;1.0;3.0;RUE MARX DORMOY;48,8890640;2,3599020;4;RUE MARX DORMOY;0.0;;2.0;4;0.0;1.0;0;0;1.0;;;1.0;0.0;1.0;50.0;Paris;11;Île-de-France
201900004081;138Â 298Â 853;B01;2.0;2;2.0;1.0;1973.0;9.0;2.0;6.0;;0.0;0;;;1.0;43.0;0.0;2.0;3.0;1.0;1.0;;9;7;2019;19:32;1.0;75;75118;2;3.0;1.0;3.0;RUE MARX DORMOY;48,8890640;2,3599020;4;RUE MARX DORMOY;0.0;;2.0;4;0.0;1.0;0;0;1.0;;;1.0;0.0;1.0;50.0;Paris;11;Île-de-France
201900004082;138Â 298Â 850;B01;1.0;1;2.0;1.0;1966.0;9.0;2.0;6.0;;0.0;0;;;1.0;2.0;0.0;2.0;2.0;1.0;1.0;;9;7;2019;16:40;1.0;75;75118;2;1.0;1.0;3.0;RUE DU POTEAU;48,8934780;2,3426060;4;RUE DU POTEAU;0.0;;1.0;1;0.0;1.0;0;0;1.0;;;1.0;0.0;1.0;30.0;Paris;11;Île-de-France
201900004082;138Â 298Â 851;A01;1.0;1;1.0;1.0;1965.0;9.0;1.0;0.0;;0.0;0;;;1.0;7.0;0.0;2.0;8.0;22.0;1.0;;9;7;2019;16:40;1.0;75;75118;2;1.0;1.0;3.0;RUE DU POTEAU;48,8934780;2,3426060;4;RUE DU POTEAU;0.0;;1.0;1;0.0;1.0;0;0;1.0;;;1.0;0.0;1.0;30.0;Paris;11;Île-de-France
201900004083;138Â 298Â 848;A01;1.0;1;2.0;1.0;1992.0;1.0;2.0;6.0;;0.0;0;;;1.0;2.0;0.0;2.0;3.0;1.0;1.0;;9;7;2019;14:45;1.0;75;75117;2;2.0;1.0;3.0;AVENUE DE LA PORTE DE CLICHY;48,8944610;2,3134770;4;AVENUE DE LA PORTE DE CLICHY;0.0;;3.0;2;0.0;1.0;0;0;1.0;;;1.0;8.0;1.0;30.0;Paris;11;Île-de-France
201900004083;138Â 298Â 849;B01;1.0;1;1.0;1.0;1948.0;5.0;1.0;0.0;;0.0;0;;;2.0;7.0;0.0;2.0;2.0;15.0;1.0;;9;7;2019;14:45;1.0;75;75117;2;2.0;1.0;3.0;AVENUE DE LA PORTE DE CLICHY;48,8944610;2,3134770;4;AVENUE DE LA PORTE DE CLICHY;0.0;;3.0;2;0.0;1.0;0;0;1.0;;;1.0;8.0;1.0;30.0;Paris;11;Île-de-France
201900004084;138Â 298Â 846;A01;1.0;1;2.0;1.0;1994.0;0.0;2.0;6.0;;0.0;0;;;1.0;33.0;1.0;2.0;3.0;18.0;1.0;;9;7;2019;13:50;1.0;75;75117;2;1.0;1.0;6.0;BOULEVARD PEREIRE;48,8879470;2,3080330;4;BOULEVARD PEREIRE;0.0;;3.0;1;0.0;1.0;0;0;1.0;;;1.0;0.0;1.0;50.0;Paris;11;Île-de-France
201900004084;138Â 298Â 847;B01;1.0;1;1.0;1.0;1962.0;5.0;1.0;0.0;;0.0;0;;;1.0;7.0;0.0;2.0;5.0;14.0;1.0;;9;7;2019;13:50;1.0;75;75117;2;1.0;1.0;6.0;BOULEVARD PEREIRE;48,8879470;2,3080330;4;BOULEVARD PEREIRE;0.0;;3.0;1;0.0;1.0;0;0;1.0;;;1.0;0.0;1.0;50.0;Paris;11;Île-de-France
201900004085;138Â 298Â 844;B01;1.0;1;2.0;2.0;1980.0;4.0;2.0;6.0;;0.0;0;;;2.0;30.0;0.0;2.0;1.0;17.0;1.0;;9;7;2019;09:45;1.0;75;75117;2;1.0;1.0;3.0;BOULEVARD GOUVION SAINT CYR;48,8838790;2,2889720;4;BOULEVARD GOUVION SAINT CYR;0.0;;2.0;6;3.0;1.0;0;0;1.0;;;1.0;8.0;6.0;50.0;Paris;11;Île-de-France
201900004085;138Â 298Â 845;A01;1.0;1;1.0;1.0;1962.0;9.0;1.0;0.0;;0.0;0;;;2.0;7.0;0.0;2.0;8.0;22.0;1.0;;9;7;2019;09:45;1.0;75;75117;2;1.0;1.0;3.0;BOULEVARD GOUVION SAINT CYR;48,8838790;2,2889720;4;BOULEVARD GOUVION SAINT CYR;0.0;;2.0;6;3.0;1.0;0;0;1.0;;;1.0;8.0;6.0;50.0;Paris;11;Île-de-France
201900004086;138Â 298Â 842;B01;1.0;1;1.0;1.0;1981.0;1.0;1.0;0.0;;0.0;0;;;2.0;7.0;0.0;2.0;6.0;15.0;1.0;;9;7;2019;10:00;1.0;75;75115;2;1.0;1.0;2.0;RUE PAUL BARRUEL;48,8397650;2,3046320;4;RUE PAUL BARRUEL;0.0;;2.0;2;0.0;2.0;0;0;1.0;;;1.0;0.0;1.0;50.0;Paris;11;Île-de-France