Num_Acc;id_vehicule;num_veh;place;catu;grav;sexe;an_nais;trajet;secu1;secu2;secu3;locp;actp;etatp;id_usager;senc;catv;obs;obsm;choc;manv;motor;occutc;jour;mois;an;hrmn;lum;dep;com;agg;int;atm;col;adr;lat;long;catr;voie;v1;v2;circ;nbv;vosp;prof;pr;pr1;plan;lartpc;larrout;surf;infra;situ;vma;nom_departement;reg;nom_region
201900004086;138Â 298Â 843;A01;1.0;1;2.0;1.0;1960.0;1.0;2.0;6.0;;0.0;0;;;2.0;31.0;0.0;2.0;2.0;1.0;1.0;;9;7;2019;10:00;1.0;75;75115;2;1.0;1.0;2.0;RUE PAUL BARRUEL;48,8397650;2,3046320;4;RUE PAUL BARRUEL;0.0;;2.0;2;0.0;2.0;0;0;1.0;;;1.0;0.0;1.0;50.0;Paris;11;Île-de-France
201900004087;138Â 298Â 840;B01;1.0;1;1.0;1.0;1989.0;4.0;2.0;6.0;;0.0;0;;;2.0;33.0;0.0;2.0;8.0;1.0;1.0;;8;7;2019;19:00;1.0;75;75115;2;2.0;1.0;3.0;QUAI ANDRE CITROEN;48,8491060;2,2818970;4;QUAI ANDRE CITROEN;0.0;;2.0;0;0.0;1.0;0;0;1.0;;;1.0;0.0;1.0;50.0;Paris;11;Île-de-France
201900004087;138Â 298Â 841;A01;1.0;1;2.0;1.0;1982.0;5.0;2.0;6.0;;0.0;0;;;1.0;30.0;0.0;2.0;5.0;15.0;1.0;;8;7;2019;19:00;1.0;75;75115;2;2.0;1.0;3.0;QUAI ANDRE CITROEN;48,8491060;2,2818970;4;QUAI ANDRE CITROEN;0.0;;2.0;0;0.0;1.0;0;0;1.0;;;1.0;0.0;1.0;50.0;Paris;11;Île-de-France
201900004088;138Â 298Â 838;A01;2.0;1;1.0;1.0;1986.0;5.0;2.0;0.0;;0.0;0;;;2.0;1.0;0.0;2.0;8.0;13.0;5.0;;8;7;2019;09:00;1.0;75;75115;2;1.0;1.0;3.0;BOULEVARD LEFEBVRE;48,8313870;2,2915770;4;BOULEVARD LEFEBVRE;0.0;;1.0;1;1.0;2.0;0;0;1.0;;;1.0;0.0;5.0;30.0;Paris;11;Île-de-France
201900004088;138Â 298Â 839;B01;2.0;1;2.0;1.0;1980.0;1.0;2.0;0.0;;0.0;0;;;2.0;1.0;0.0;2.0;7.0;17.0;5.0;;8;7;2019;09:00;1.0;75;75115;2;1.0;1.0;3.0;BOULEVARD LEFEBVRE;48,8313870;2,2915770;4;BOULEVARD LEFEBVRE;0.0;;1.0;1;1.0;2.0;0;0;1.0;;;1.0;0.0;5.0;30.0;Paris;11;Île-de-France
201900004089;138Â 298Â 837;A01;10.0;3;2.0;2.0;1988.0;1.0;8.0;0.0;;4.0;3;1.0;;2.0;10.0;0.0;1.0;2.0;1.0;1.0;;8;7;2019;08:10;1.0;75;75115;2;3.0;1.0;6.0;RUE DE LA CROIX NIVERT;48,8437400;2,2958780;4;RUE DE LA CROIX NIVERT;0.0;;2.0;2;0.0;1.0;0;0;1.0;;;1.0;0.0;1.0;50.0;Paris;11;Île-de-France
201900004089;138Â 298Â 837;A01;1.0;1;1.0;1.0;1998.0;4.0;1.0;0.0;;0.0;0;;;2.0;10.0;0.0;1.0;2.0;1.0;1.0;;8;7;2019;08:10;1.0;75;75115;2;3.0;1.0;6.0;RUE DE LA CROIX NIVERT;48,8437400;2,2958780;4;RUE DE LA CROIX NIVERT;0.0;;2.0;2;0.0;1.0;0;0;1.0;;;1.0;0.0;1.0;50.0;Paris;11;Île-de-France
201900004090;138Â 298Â 835;A01;1.0;1;2.0;1.0;1995.0;9.0;8.0;8.0;;0.0;0;;;1.0;33.0;0.0;2.0;7.0;23.0;1.0;;9;7;2019;19:10;1.0;75;75114;2;5.0;1.0;3.0;BOULEVARD DU MONTPARNASSE;48,8419260;2,3295890;4;BOULEVARD DU MONTPARNASSE;0.0;;2.0;6;0.0;1.0;0;0;1.0;;;1.0;0.0;1.0;50.0;Paris;11;Île-de-France
201900004090;138Â 298Â 836;B01;1.0;1;1.0;2.0;1997.0;4.0;1.0;0.0;;0.0;0;;;1.0;7.0;0.0;2.0;8.0;1.0;1.0;;9;7;2019;19:10;1.0;75;75114;2;5.0;1.0;3.0;BOULEVARD DU MONTPARNASSE;48,8419260;2,3295890;4;BOULEVARD DU MONTPARNASSE;0.0;;2.0;6;0.0;1.0;0;0;1.0;;;1.0;0.0;1.0;50.0;Paris;11;Île-de-France
201900004091;138Â 298Â 834;A01;1.0;1;1.0;1.0;1964.0;1.0;1.0;0.0;;0.0;0;;;2.0;7.0;0.0;1.0;5.0;15.0;1.0;;9;7;2019;10:56;1.0;75;75106;2;7.0;1.0;6.0;PLACE DU DIX HUIT JUIN 1940;48,8438010;2,3243130;4;PLACE DU DIX HUIT JUIN 1940;0.0;;2.0;4;0.0;1.0;5;0;1.0;;;1.0;0.0;1.0;50.0;Paris;11;Île-de-France
201900004091;138Â 298Â 834;A01;10.0;3;2.0;2.0;1937.0;5.0;8.0;0.0;;2.0;3;1.0;;2.0;7.0;0.0;1.0;5.0;15.0;1.0;;9;7;2019;10:56;1.0;75;75106;2;7.0;1.0;6.0;PLACE DU DIX HUIT JUIN 1940;48,8438010;2,3243130;4;PLACE DU DIX HUIT JUIN 1940;0.0;;2.0;4;0.0;1.0;5;0;1.0;;;1.0;0.0;1.0;50.0;Paris;11;Île-de-France
201900004092;138Â 298Â 833;A01;1.0;1;1.0;1.0;1966.0;4.0;1.0;0.0;;0.0;0;;;2.0;10.0;0.0;1.0;1.0;16.0;1.0;;8;7;2019;12:15;1.0;75;75114;2;3.0;1.0;6.0;RUE FURTADO HEINE;48,8303830;2,3196830;4;RUE FURTADO HEINE;0.0;;1.0;1;0.0;1.0;0;0;1.0;;;1.0;0.0;1.0;50.0;Paris;11;Île-de-France
201900004092;138Â 298Â 833;A01;10.0;3;2.0;1.0;1931.0;5.0;8.0;0.0;;3.0;3;1.0;;2.0;10.0;0.0;1.0;1.0;16.0;1.0;;8;7;2019;12:15;1.0;75;75114;2;3.0;1.0;6.0;RUE FURTADO HEINE;48,8303830;2,3196830;4;RUE FURTADO HEINE;0.0;;1.0;1;0.0;1.0;0;0;1.0;;;1.0;0.0;1.0;50.0;Paris;11;Île-de-France
201900004093;138Â 298Â 831;A01;1.0;1;1.0;1.0;2000.0;9.0;1.0;0.0;;0.0;0;;;2.0;7.0;0.0;2.0;1.0;16.0;1.0;;9;7;2019;13:20;1.0;75;75113;2;3.0;1.0;3.0;BOULEVARD MASSENA;48,8234340;2,3750580;4;BOULEVARD MASSENA;0.0;;1.0;3;1.0;2.0;0;0;1.0;;;1.0;0.0;5.0;50.0;Paris;11;Île-de-France
201900004093;138Â 298Â 832;B01;1.0;1;2.0;1.0;2000.0;5.0;2.0;0.0;;0.0;0;;;2.0;1.0;0.0;2.0;4.0;1.0;5.0;;9;7;2019;13:20;1.0;75;75113;2;3.0;1.0;3.0;BOULEVARD MASSENA;48,8234340;2,3750580;4;BOULEVARD MASSENA;0.0;;1.0;3;1.0;2.0;0;0;1.0;;;1.0;0.0;5.0;50.0;Paris;11;Île-de-France
201900004094;138Â 298Â 830;A01;1.0;1;1.0;1.0;1999.0;9.0;2.0;0.0;;0.0;0;;;1.0;1.0;0.0;1.0;1.0;1.0;5.0;;9;7;2019;11:05;1.0;75;75109;2;2.0;1.0;6.0;RUE DU FAUBOURG MONTMARTRE;48,8751010;2,3410220;4;RUE DU FAUBOURG MONTMARTRE;0.0;;1.0;1;0.0;1.0;0;0;1.0;;;1.0;0.0;1.0;50.0;Paris;11;Île-de-France
201900004094;138Â 298Â 830;A01;10.0;3;2.0;2.0;1946.0;9.0;8.0;0.0;;2.0;3;1.0;;1.0;1.0;0.0;1.0;1.0;1.0;5.0;;9;7;2019;11:05;1.0;75;75109;2;2.0;1.0;6.0;RUE DU FAUBOURG MONTMARTRE;48,8751010;2,3410220;4;RUE DU FAUBOURG MONTMARTRE;0.0;;1.0;1;0.0;1.0;0;0;1.0;;;1.0;0.0;1.0;50.0;Paris;11;Île-de-France
201900004095;138Â 298Â 829;A01;10.0;3;2.0;2.0;1958.0;9.0;8.0;0.0;;4.0;3;1.0;;2.0;14.0;0.0;1.0;7.0;16.0;1.0;;8;7;2019;12:00;1.0;75;75109;2;7.0;7.0;6.0;PLACE PIGALLE;48,8823280;2,3369710;4;PLACE PIGALLE;0.0;;1.0;1;0.0;1.0;0;0;3.0;;;1.0;0.0;1.0;50.0;Paris;11;Île-de-France
201900004095;138Â 298Â 829;A01;1.0;1;1.0;1.0;1972.0;4.0;1.0;0.0;;0.0;0;;;2.0;14.0;0.0;1.0;7.0;16.0;1.0;;8;7;2019;12:00;1.0;75;75109;2;7.0;7.0;6.0;PLACE PIGALLE;48,8823280;2,3369710;4;PLACE PIGALLE;0.0;;1.0;1;0.0;1.0;0;0;3.0;;;1.0;0.0;1.0;50.0;Paris;11;Île-de-France
201900004096;138Â 298Â 827;B01;3.0;2;1.0;1.0;2014.0;5.0;1.0;8.0;;0.0;0;;;2.0;7.0;0.0;2.0;4.0;23.0;1.0;;9;7;2019;10:25;1.0;75;75108;2;4.0;1.0;2.0;AVENUE DES CHAMPS ELYSEES;48,8714060;2,3022920;4;AVENUE DES CHAMPS ELYSEES;0.0;;2.0;8;0.0;1.0;0;0;1.0;;;1.0;0.0;1.0;50.0;Paris;11;Île-de-France
201900004096;138Â 298Â 827;B01;2.0;2;1.0;1.0;1987.0;5.0;1.0;0.0;;0.0;0;;;2.0;7.0;0.0;2.0;4.0;23.0;1.0;;9;7;2019;10:25;1.0;75;75108;2;4.0;1.0;2.0;AVENUE DES CHAMPS ELYSEES;48,8714060;2,3022920;4;AVENUE DES CHAMPS ELYSEES;0.0;;2.0;8;0.0;1.0;0;0;1.0;;;1.0;0.0;1.0;50.0;Paris;11;Île-de-France
201900004096;138Â 298Â 827;B01;1.0;1;1.0;1.0;1963.0;5.0;1.0;0.0;;; -1;;;2.0;7.0;0.0;2.0;4.0;23.0;1.0;;9;7;2019;10:25;1.0;75;75108;2;4.0;1.0;2.0;AVENUE DES CHAMPS ELYSEES;48,8714060;2,3022920;4;AVENUE DES CHAMPS ELYSEES;0.0;;2.0;8;0.0;1.0;0;0;1.0;;;1.0;0.0;1.0;50.0;Paris;11;Île-de-France
201900004096;138Â 298Â 828;A01;1.0;1;2.0;1.0;1984.0;1.0;2.0;6.0;;0.0;0;;;2.0;33.0;0.0;2.0;1.0;1.0;1.0;;9;7;2019;10:25;1.0;75;75108;2;4.0;1.0;2.0;AVENUE DES CHAMPS ELYSEES;48,8714060;2,3022920;4;AVENUE DES CHAMPS ELYSEES;0.0;;2.0;8;0.0;1.0;0;0;1.0;;;1.0;0.0;1.0;50.0;Paris;11;Île-de-France
201900004097;138Â 298Â 825;A01;1.0;1;1.0;1.0;1989.0;1.0;1.0;0.0;;0.0;0;;;2.0;7.0;0.0;2.0;5.0;12.0;1.0;;9;7;2019;10:00;1.0;75;75103;2;2.0;1.0;3.0;BOULEVARD DES FILLES DU CALVAIRE;48,8624750;2,3668910;4;BOULEVARD DES FILLES DU CALVAIRE;0.0;;2.0;4;0.0;1.0;0;0;1.0;;;1.0;0.0;1.0;50.0;Paris;11;Île-de-France
201900004097;138Â 298Â 826;B01;1.0;1;2.0;1.0;1989.0;9.0;1.0;0.0;;0.0;0;;;2.0;7.0;7.0;2.0;3.0;1.0;1.0;;9;7;2019;10:00;1.0;75;75103;2;2.0;1.0;3.0;BOULEVARD DES FILLES DU CALVAIRE;48,8624750;2,3668910;4;BOULEVARD DES FILLES DU CALVAIRE;0.0;;2.0;4;0.0;1.0;0;0;1.0;;;1.0;0.0;1.0;50.0;Paris;11;Île-de-France
201900004098;138Â 298Â 824;A01;1.0;1;1.0;1.0;1973.0;4.0;1.0;0.0;;0.0;0;;;1.0;10.0;0.0;1.0;3.0;1.0;1.0;;9;7;2019;13:15;1.0;75;75101;2;1.0;1.0;6.0;PLACE DU MARCHE SAINT HONORE;48,8664910;2,3319310;4;PLACE DU MARCHE SAINT HONORE;0.0;;1.0;1;0.0;1.0;0;0;3.0;;;1.0;6.0;1.0;30.0;Paris;11;Île-de-France
201900004098;138Â 298Â 824;A01;10.0;3;2.0;1.0;2016.0;5.0;8.0;0.0;;8.0;5;1.0;;1.0;10.0;0.0;1.0;3.0;1.0;1.0;;9;7;2019;13:15;1.0;75;75101;2;1.0;1.0;6.0;PLACE DU MARCHE SAINT HONORE;48,8664910;2,3319310;4;PLACE DU MARCHE SAINT HONORE;0.0;;1.0;1;0.0;1.0;0;0;3.0;;;1.0;6.0;1.0;30.0;Paris;11;Île-de-France
201900004099;138Â 298Â 822;A01;1.0;1;1.0;2.0;1994.0;5.0;1.0;0.0;;;0;;;2.0;7.0;0.0;1.0;2.0;14.0;1.0;;9;7;2019;09:50;1.0;94;94042;2;1.0;1.0;6.0;VERDUN (PL DE);48,8201400;2,4737700;3;4;0.0;;2.0;4;0.0;1.0;1;0;1.0;;;1.0;0.0;1.0;50.0;Val-de-Marne;11;Île-de-France
201900004099;138Â 298Â 822;A01;10.0;3;2.0;1.0;1935.0;5.0;8.0;0.0;;2.0;3;1.0;;2.0;7.0;0.0;1.0;2.0;14.0;1.0;;9;7;2019;09:50;1.0;94;94042;2;1.0;1.0;6.0;VERDUN (PL DE);48,8201400;2,4737700;3;4;0.0;;2.0;4;0.0;1.0;1;0;1.0;;;1.0;0.0;1.0;50.0;Val-de-Marne;11;Île-de-France
201900004099;138Â 298Â 823;B01;1.0;1;1.0;1.0;1986.0;1.0;1.0;0.0;;; -1;;;2.0;10.0;0.0;1.0;4.0;13.0;1.0;;9;7;2019;09:50;1.0;94;94042;2;1.0;1.0;6.0;VERDUN (PL DE);48,8201400;2,4737700;3;4;0.0;;2.0;4;0.0;1.0;1;0;1.0;;;1.0;0.0;1.0;50.0;Val-de-Marne;11;Île-de-France
201900004100;138Â 298Â 820;B01;1.0;1;2.0;1.0;1974.0;1.0;8.0;8.0;;; -1;;;1.0;33.0;0.0;2.0;1.0;1.0;1.0;;9;7;2019;18:50;1.0;94;94016;2;2.0;1.0;3.0;SAUSSAIES (R DES);48,7879600;2,3337700;4;SAUSSAIES (R DES);0.0;;2.0;2;0.0;2.0;0;0;1.0;;;1.0;5.0;1.0;50.0;Val-de-Marne;11;Île-de-France
201900004100;138Â 298Â 821;A01;1.0;1;1.0;1.0;1974.0;0.0;8.0;0.0;;; -1;;;2.0;7.0;0.0;2.0;2.0;15.0;1.0;;9;7;2019;18:50;1.0;94;94016;2;2.0;1.0;3.0;SAUSSAIES (R DES);48,7879600;2,3337700;4;SAUSSAIES (R DES);0.0;;2.0;2;0.0;2.0;0;0;1.0;;;1.0;5.0;1.0;50.0;Val-de-Marne;11;Île-de-France
201900004101;138Â 298Â 818;B01;1.0;1;1.0;1.0;1969.0;4.0;1.0;0.0;;; -1;;;2.0;10.0;0.0;2.0;2.0;14.0;1.0;;9;7;2019;15:45;1.0;94;94003;2;7.0;1.0;3.0;ARISTIDE BRIAND (AV);48,8102400;2,3269000;3;920;0.0;;1.0;8;0.0;1.0;0;0;4.0;;;1.0;5.0;1.0;50.0;Val-de-Marne;11;Île-de-France
201900004101;138Â 298Â 819;A01;2.0;2;2.0;2.0;1968.0;5.0;1.0;0.0;;; -1;;;2.0;7.0;12.0;2.0;6.0;18.0;1.0;;9;7;2019;15:45;1.0;94;94003;2;7.0;1.0;3.0;ARISTIDE BRIAND (AV);48,8102400;2,3269000;3;920;0.0;;1.0;8;0.0;1.0;0;0;4.0;;;1.0;5.0;1.0;50.0;Val-de-Marne;11;Île-de-France
201900004101;138Â 298Â 819;A01;1.0;1;1.0;1.0;1953.0;5.0;1.0;0.0;;; -1;;;2.0;7.0;12.0;2.0;6.0;18.0;1.0;;9;7;2019;15:45;1.0;94;94003;2;7.0;1.0;3.0;ARISTIDE BRIAND (AV);48,8102400;2,3269000;3;920;0.0;;1.0;8;0.0;1.0;0;0;4.0;;;1.0;5.0;1.0;50.0;Val-de-Marne;11;Île-de-France
201900004102;138Â 298Â 817;A01;1.0;1;2.0;1.0;1983.0;1.0;2.0;6.0;;;0;;;1.0;31.0;0.0;2.0;8.0;21.0;0.0;;9;7;2019;09:00;1.0;94;94073;1;1.0;1.0;7.0;RD 86;48,7607654;2,3996018;3;86;0.0;;1.0;2;0.0;1.0;0;0;1.0;;;1.0;0.0;1.0;90.0;Val-de-Marne;11;Île-de-France
201900004103;138Â 298Â 816;A01;7.0;2;2.0;2.0;1959.0;1.0;8.0;0.0;;;0;;;3.0;37.0;0.0;2.0;0.0;9.0;1.0;2.0;9;7;2019;08:15;1.0;94;94028;2;6.0;7.0;7.0;POMPADOUR(ROUTE DE LA);48,7692100;2,4616900;2;406;0.0;;2.0;2;3.0;2.0;0;0;1.0;;;1.0;5.0;1.0;50.0;Val-de-Marne;11;Île-de-France
201900004103;138Â 298Â 816;A01;1.0;1;1.0;1.0;1989.0;4.0;1.0;8.0;;;0;;;3.0;37.0;0.0;2.0;0.0;9.0;1.0;2.0;9;7;2019;08:15;1.0;94;94028;2;6.0;7.0;7.0;POMPADOUR(ROUTE DE LA);48,7692100;2,4616900;2;406;0.0;;2.0;2;3.0;2.0;0;0;1.0;;;1.0;5.0;1.0;50.0;Val-de-Marne;11;Île-de-France
201900004104;138Â 298Â 814;B01;1.0;1;1.0;2.0;1987.0;1.0;1.0;0.0;;; -1;;;1.0;7.0;0.0;2.0;6.0;23.0;1.0;;9;7;2019;16:10;1.0;94;94022;2;1.0;1.0;2.0;VICTOR HUGO (AV);48,7688174;2,4211282;3;86;0.0;;;2;0.0;1.0;0;1;1.0;;;1.0;0.0;1.0;50.0;Val-de-Marne;11;Île-de-France
201900004104;138Â 298Â 815;A01;1.0;1;2.0;1.0;1970.0;1.0;2.0;6.0;;; -1;;;2.0;34.0;0.0;2.0;1.0;1.0;1.0;;9;7;2019;16:10;1.0;94;94022;2;1.0;1.0;2.0;VICTOR HUGO (AV);48,7688174;2,4211282;3;86;0.0;;;2;0.0;1.0;0;1;1.0;;;1.0;0.0;1.0;50.0;Val-de-Marne;11;Île-de-France
201900004105;138Â 298Â 812;A01;1.0;1;2.0;1.0;1999.0;1.0;2.0;6.0;;; -1;;;1.0;30.0;0.0;2.0;2.0;17.0;1.0;;9;7;2019;06:55;1.0;94;94018;2;1.0;1.0;3.0;CARRIERES (QU DES);48,8178300;2,4191900;3;103;0.0;;2.0;2;0.0;1.0;0;0;1.0;;;1.0;0.0;1.0;50.0;Val-de-Marne;11;Île-de-France
201900004105;138Â 298Â 813;B01;1.0;1;1.0;1.0;1991.0;1.0;1.0;0.0;;; -1;;;1.0;10.0;0.0;2.0;8.0;2.0;1.0;;9;7;2019;06:55;1.0;94;94018;2;1.0;1.0;3.0;CARRIERES (QU DES);48,8178300;2,4191900;3;103;0.0;;2.0;2;0.0;1.0;0;0;1.0;;;1.0;0.0;1.0;50.0;Val-de-Marne;11;Île-de-France
201900004106;138Â 298Â 811;A01;1.0;1;2.0;1.0;1993.0;5.0;2.0;8.0;;; -1;;;1.0;33.0;12.0;0.0;7.0;15.0;1.0;;9;7;2019;20:20;1.0;94;94002;2;1.0;1.0;6.0;RAYMOND JACLARD (R);48,8049100;2,4218000;4;RAYMOND JACLARD (R);0.0;;1.0;1;0.0;1.0;0;0;2.0;;;1.0;0.0;1.0;50.0;Val-de-Marne;11;Île-de-France
201900004107;138Â 298Â 807;Y01;10.0;3;2.0;1.0;1989.0;0.0;0.0;0.0;;9.0;1;1.0;;1.0;1.0;0.0;2.0;1.0;11.0;5.0;;9;7;2019;18:30;1.0;93;93048;2;1.0;1.0;5.0;PARIS (RUE DE);48,8572700;2,4305100;3;902;0.0;;2.0;2;0.0;1.0;0;1;1.0;;;1.0;0.0;1.0;30.0;Seine-Saint-Denis;11;Île-de-France
201900004107;138Â 298Â 808;C01;1.0;1;1.0;2.0;1992.0;0.0;1.0;0.0;;; -1;;;2.0;7.0;0.0;1.0;3.0;1.0;0.0;;9;7;2019;18:30;1.0;93;93048;2;1.0;1.0;5.0;PARIS (RUE DE);48,8572700;2,4305100;3;902;0.0;;2.0;2;0.0;1.0;0;1;1.0;;;1.0;0.0;1.0;30.0;Seine-Saint-Denis;11;Île-de-France
201900004107;138Â 298Â 809;B01;1.0;1;1.0;1.0;1989.0;0.0;1.0;0.0;;; -1;;;1.0;7.0;0.0;9.0;6.0;1.0;0.0;;9;7;2019;18:30;1.0;93;93048;2;1.0;1.0;5.0;PARIS (RUE DE);48,8572700;2,4305100;3;902;0.0;;2.0;2;0.0;1.0;0;1;1.0;;;1.0;0.0;1.0;30.0;Seine-Saint-Denis;11;Île-de-France
201900004107;138Â 298Â 810;A01;1.0;1;1.0;1.0;2000.0;0.0;1.0;0.0;;; -1;;;1.0;7.0;0.0;0.0;0.0;24.0;0.0;;9;7;2019;18:30;1.0;93;93048;2;1.0;1.0;5.0;PARIS (RUE DE);48,8572700;2,4305100;3;902;0.0;;2.0;2;0.0;1.0;0;1;1.0;;;1.0;0.0;1.0;30.0;Seine-Saint-Denis;11;Île-de-France
201900004108;138Â 298Â 805;B01;1.0;1;2.0;1.0;1972.0;5.0;2.0;0.0;;; -1;;;2.0;32.0;0.0;2.0;2.0;11.0;0.0;;8;7;2019;22:00;5.0;93;93063;2;2.0;1.0;3.0;PARAT RUE DU DOCTEUR;48,8933100;2,4374200;4;PARAT RUE DU DOCTEUR;0.0;;1.0;1;0.0;1.0;99;0;1.0;;;1.0;0.0;1.0;50.0;Seine-Saint-Denis;11;Île-de-France
201900004108;138Â 298Â 806;A01;1.0;1;1.0;2.0;1996.0;5.0;1.0;0.0;;; -1;;;2.0;7.0;0.0;2.0;6.0;15.0;1.0;;8;7;2019;22:00;5.0;93;93063;2;2.0;1.0;3.0;PARAT RUE DU DOCTEUR;48,8933100;2,4374200;4;PARAT RUE DU DOCTEUR;0.0;;1.0;1;0.0;1.0;99;0;1.0;;;1.0;0.0;1.0;50.0;Seine-Saint-Denis;11;Île-de-France
201900004109;138Â 298Â 802;C01;1.0;1;1.0;2.0;1959.0;0.0;1.0;0.0;;; -1;;;1.0;7.0;0.0;2.0;8.0;1.0;1.0;;8;7;2019;07:20;1.0;93;93079;2;1.0;1.0;5.0;JEAN BAPTISTE CLEMENT;48,9540000;2,3382100;4;JEAN BAPTISTE CLEMENT;0.0;;2.0;0;0.0;1.0;1;0;1.0;;;1.0;0.0;1.0;50.0;Seine-Saint-Denis;11;Île-de-France
201900004109;138Â 298Â 803;B01;1.0;1;1.0;1.0;1987.0;4.0;1.0;0.0;;; -1;;;2.0;37.0;0.0;2.0;1.0;1.0;1.0;1.0;8;7;2019;07:20;1.0;93;93079;2;1.0;1.0;5.0;JEAN BAPTISTE CLEMENT;48,9540000;2,3382100;4;JEAN BAPTISTE CLEMENT;0.0;;2.0;0;0.0;1.0;1;0;1.0;;;1.0;0.0;1.0;50.0;Seine-Saint-Denis;11;Île-de-France
201900004109;138Â 298Â 804;A01;1.0;1;2.0;2.0;1985.0;0.0;1.0;0.0;;; -1;;;1.0;3.0;0.0;2.0;1.0;17.0;1.0;;8;7;2019;07:20;1.0;93;93079;2;1.0;1.0;5.0;JEAN BAPTISTE CLEMENT;48,9540000;2,3382100;4;JEAN BAPTISTE CLEMENT;0.0;;2.0;0;0.0;1.0;1;0;1.0;;;1.0;0.0;1.0;50.0;Seine-Saint-Denis;11;Île-de-France
201900004110;138Â 298Â 800;D01;2.0;2;1.0;1.0;2001.0;0.0;1.0;0.0;;; -1;;;0.0;10.0;0.0;2.0;1.0;0.0;0.0;;8;7;2019;16:00;1.0;93;93027;2;1.0;1.0;1.0;ROCHET (RUE WALDECK);48,9417200;2,4102000;3;114;0.0;;2.0;1;1.0;2.0;0;0;1.0;;;1.0;2.0;3.0;50.0;Seine-Saint-Denis;11;Île-de-France
201900004110;138Â 298Â 800;D01;1.0;1;2.0;1.0;1997.0;0.0;1.0;;;0.0;0;;;0.0;10.0;0.0;2.0;1.0;0.0;0.0;;8;7;2019;16:00;1.0;93;93027;2;1.0;1.0;1.0;ROCHET (RUE WALDECK);48,9417200;2,4102000;3;114;0.0;;2.0;1;1.0;2.0;0;0;1.0;;;1.0;2.0;3.0;50.0;Seine-Saint-Denis;11;Île-de-France
201900004110;138Â 298Â 801;A01;3.0;2;2.0;2.0;2006.0;0.0;1.0;0.0;;; -1;;;3.0;10.0;0.0;2.0;1.0;13.0;0.0;;8;7;2019;16:00;1.0;93;93027;2;1.0;1.0;1.0;ROCHET (RUE WALDECK);48,9417200;2,4102000;3;114;0.0;;2.0;1;1.0;2.0;0;0;1.0;;;1.0;2.0;3.0;50.0;Seine-Saint-Denis;11;Île-de-France
201900004110;138Â 298Â 801;A01;1.0;1;2.0;2.0;1973.0;0.0;8.0;0.0;;; -1;;;3.0;10.0;0.0;2.0;1.0;13.0;0.0;;8;7;2019;16:00;1.0;93;93027;2;1.0;1.0;1.0;ROCHET (RUE WALDECK);48,9417200;2,4102000;3;114;0.0;;2.0;1;1.0;2.0;0;0;1.0;;;1.0;2.0;3.0;50.0;Seine-Saint-Denis;11;Île-de-France
201900004110;138Â 298Â 801;A01;2.0;2;2.0;2.0;2004.0;0.0;1.0;0.0;;; -1;;;3.0;10.0;0.0;2.0;1.0;13.0;0.0;;8;7;2019;16:00;1.0;93;93027;2;1.0;1.0;1.0;ROCHET (RUE WALDECK);48,9417200;2,4102000;3;114;0.0;;2.0;1;1.0;2.0;0;0;1.0;;;1.0;2.0;3.0;50.0;Seine-Saint-Denis;11;Île-de-France
201900004111;138Â 298Â 799;A01;1.0;1;1.0;1.0;1955.0;1.0;1.0;0.0;;; -1;;;0.0;3.0;0.0;1.0;1.0;9.0;0.0;;9;7;2019;07:45;1.0;93;93008;2;1.0;7.0;6.0;VAILLANT COUTURIER (AVENUE PAUL);48,9077280;2,4550775;3;986;0.0;;3.0;1;0.0;1.0;1;0;1.0;;;1.0;0.0;1.0;50.0;Seine-Saint-Denis;11;Île-de-France
201900004111;138Â 298Â 799;A01;10.0;3;2.0;1.0;1984.0;0.0;8.0;0.0;;3.0;4;1.0;;0.0;3.0;0.0;1.0;1.0;9.0;0.0;;9;7;2019;07:45;1.0;93;93008;2;1.0;7.0;6.0;VAILLANT COUTURIER (AVENUE PAUL);48,9077280;2,4550775;3;986;0.0;;3.0;1;0.0;1.0;1;0;1.0;;;1.0;0.0;1.0;50.0;Seine-Saint-Denis;11;Île-de-France
201900004112;138Â 298Â 797;B01;1.0;1;2.0;1.0;1954.0;0.0;2.0;0.0;;; -1;;;3.0;1.0;0.0;2.0;9.0;16.0;5.0;;9;7;2019;00:30;5.0;93;93007;2;3.0;1.0;1.0;BRUXELLES (AVENUE DE);48,9307000;2,4784000;3;41;0.0;;1.0;1;0.0;2.0;0;0;1.0;;;1.0;2.0;3.0;50.0;Seine-Saint-Denis;11;Île-de-France
201900004112;138Â 298Â 798;A01;1.0;1;1.0;1.0;1995.0;5.0;1.0;0.0;;; -1;;;1.0;7.0;0.0;2.0;3.0;15.0;0.0;;9;7;2019;00:30;5.0;93;93007;2;3.0;1.0;1.0;BRUXELLES (AVENUE DE);48,9307000;2,4784000;3;41;0.0;;1.0;1;0.0;2.0;0;0;1.0;;;1.0;2.0;3.0;50.0;Seine-Saint-Denis;11;Île-de-France
201900004113;138Â 298Â 795;B01;1.0;1;2.0;1.0;1979.0;1.0;1.0;0.0;;; -1;;;2.0;7.0;0.0;2.0;3.0;18.0;1.0;;9;7;2019;05:50;1.0;93;93005;2;6.0;1.0;6.0;DROITS DE LHOMME (CARREFOUR DES);48,9455280;2,5096280;3;115;0.0;;1.0;2;0.0;1.0;0;0;2.0;;;1.0;5.0;1.0;50.0;Seine-Saint-Denis;11;Île-de-France