Num_Acc;id_vehicule;num_veh;place;catu;grav;sexe;an_nais;trajet;secu1;secu2;secu3;locp;actp;etatp;id_usager;senc;catv;obs;obsm;choc;manv;motor;occutc;jour;mois;an;hrmn;lum;dep;com;agg;int;atm;col;adr;lat;long;catr;voie;v1;v2;circ;nbv;vosp;prof;pr;pr1;plan;lartpc;larrout;surf;infra;situ;vma;nom_departement;reg;nom_region
201900004113;138Â 298Â 796;A01;1.0;1;1.0;1.0;1962.0;4.0;1.0;8.0;;; -1;;;2.0;15.0;0.0;2.0;2.0;9.0;1.0;;9;7;2019;05:50;1.0;93;93005;2;6.0;1.0;6.0;DROITS DE LHOMME (CARREFOUR DES);48,9455280;2,5096280;3;115;0.0;;1.0;2;0.0;1.0;0;0;2.0;;;1.0;5.0;1.0;50.0;Seine-Saint-Denis;11;Île-de-France
201900004114;138Â 298Â 793;B01;1.0;1;2.0;1.0;1980.0;5.0;8.0;0.0;;;0;;;3.0;1.0;0.0;2.0;8.0;17.0;5.0;;7;7;2019;20:00;1.0;92;92072;2;1.0;1.0;3.0;GRANDE RUE;48,8215264;2,2034948;3;910;0.0;;2.0;2;0.0;1.0;0;0;1.0;;;1.0;0.0;1.0;50.0;Hauts-de-Seine;11;Île-de-France
201900004114;138Â 298Â 794;A01;1.0;1;1.0;1.0;1971.0;4.0;8.0;0.0;;;0;;;2.0;37.0;0.0;2.0;7.0;17.0;1.0;1.0;7;7;2019;20:00;1.0;92;92072;2;1.0;1.0;3.0;GRANDE RUE;48,8215264;2,2034948;3;910;0.0;;2.0;2;0.0;1.0;0;0;1.0;;;1.0;0.0;1.0;50.0;Hauts-de-Seine;11;Île-de-France
201900004115;138Â 298Â 791;B01;1.0;1;1.0;1.0;1982.0;5.0;1.0;8.0;;;0;;;2.0;7.0;0.0;2.0;5.0;2.0;1.0;;7;7;2019;19:05;1.0;92;92063;2;3.0;1.0;2.0;RICHELIEU (BOULEVARD);48,8705540;2,1842100;3;39;0.0;;2.0;2;0.0;1.0;0;0;1.0;;;1.0;0.0;1.0;50.0;Hauts-de-Seine;11;Île-de-France
201900004115;138Â 298Â 792;A01;1.0;1;2.0;1.0;1994.0;5.0;2.0;8.0;;;0;;;2.0;33.0;0.0;2.0;1.0;18.0;1.0;;7;7;2019;19:05;1.0;92;92063;2;3.0;1.0;2.0;RICHELIEU (BOULEVARD);48,8705540;2,1842100;3;39;0.0;;2.0;2;0.0;1.0;0;0;1.0;;;1.0;0.0;1.0;50.0;Hauts-de-Seine;11;Île-de-France
201900004116;138Â 298Â 790;B01;1.0;1;2.0;1.0;1984.0;4.0;2.0;8.0;;; -1;;;1.0;2.0;0.0;2.0;6.0;1.0;1.0;;7;7;2019;01:40;5.0;92;92063;2;2.0;1.0;3.0;SOLFERINO (BOULEVARD);48,8763200;2,1857800;3;39;0.0;;3.0;4;0.0;1.0;0;0;2.0;;;1.0;5.0;1.0;50.0;Hauts-de-Seine;11;Île-de-France
201900004117;138Â 298Â 787;A01;1.0;1;2.0;1.0;1979.0;4.0;2.0;8.0;;;0;;;2.0;30.0;0.0;2.0;1.0;1.0;1.0;;6;7;2019;15:10;1.0;92;92063;2;2.0;1.0;3.0;HOUTRAITS (RUE DES);48,8697100;2,2053900;4;HOUTRAITS (RUE DES);0.0;;2.0;1;0.0;1.0;0;0;1.0;;;1.0;0.0;1.0;50.0;Hauts-de-Seine;11;Île-de-France
201900004117;138Â 298Â 788;B01;1.0;1;1.0;1.0;1978.0;5.0;1.0;8.0;;;0;;;1.0;7.0;0.0;2.0;5.0;1.0;1.0;;6;7;2019;15:10;1.0;92;92063;2;2.0;1.0;3.0;HOUTRAITS (RUE DES);48,8697100;2,2053900;4;HOUTRAITS (RUE DES);0.0;;2.0;1;0.0;1.0;0;0;1.0;;;1.0;0.0;1.0;50.0;Hauts-de-Seine;11;Île-de-France
201900004118;138Â 298Â 786;A01;10.0;3;2.0;2.0;1979.0;0.0;8.0;0.0;;3.0;3;1.0;;1.0;7.0;0.0;1.0;3.0;15.0;1.0;;7;7;2019;20:05;1.0;92;92044;2;4.0;1.0;6.0;TREZEL(RUE) 1A13 ET 2A10;48,8943606;2,2956479;4;TREZEL(RUE) 1A13 ET 2A10;0.0;;2.0;2;0.0;1.0;0;0;1.0;;;1.0;0.0;1.0;50.0;Hauts-de-Seine;11;Île-de-France
201900004118;138Â 298Â 786;A01;1.0;1;1.0;1.0;1995.0;4.0;8.0;0.0;;0.0;0;;;1.0;7.0;0.0;1.0;3.0;15.0;1.0;;7;7;2019;20:05;1.0;92;92044;2;4.0;1.0;6.0;TREZEL(RUE) 1A13 ET 2A10;48,8943606;2,2956479;4;TREZEL(RUE) 1A13 ET 2A10;0.0;;2.0;2;0.0;1.0;0;0;1.0;;;1.0;0.0;1.0;50.0;Hauts-de-Seine;11;Île-de-France
201900004119;138Â 298Â 784;B01;1.0;1;2.0;2.0;1966.0;0.0;2.0;0.0;;;0;;;3.0;1.0;0.0;0.0;7.0;0.0;5.0;;9;7;2019;08:45;1.0;92;92040;2;1.0;1.0;3.0;STALINGRAD (QUAI DE);48,8200180;2,2433608;3;7;0.0;;3.0;4;0.0;1.0;0;0;1.0;;;1.0;0.0;1.0;50.0;Hauts-de-Seine;11;Île-de-France
201900004119;138Â 298Â 785;A01;1.0;1;1.0;2.0;1980.0;1.0;1.0;0.0;;;0;;;3.0;7.0;0.0;2.0;1.0;16.0;0.0;;9;7;2019;08:45;1.0;92;92040;2;1.0;1.0;3.0;STALINGRAD (QUAI DE);48,8200180;2,2433608;3;7;0.0;;3.0;4;0.0;1.0;0;0;1.0;;;1.0;0.0;1.0;50.0;Hauts-de-Seine;11;Île-de-France
201900004120;138Â 298Â 782;A01;1.0;1;1.0;1.0;1980.0;4.0;1.0;0.0;;;0;;;3.0;7.0;0.0;2.0;2.0;15.0;1.0;;8;7;2019;17:00;1.0;92;92025;2;2.0;1.0;3.0;CHARLES DE GAULLE (BD);48,9104167;2,2347146;3;992;0.0;;2.0;4;0.0;1.0;0;0;1.0;;;1.0;0.0;1.0;50.0;Hauts-de-Seine;11;Île-de-France
201900004120;138Â 298Â 783;B01;1.0;1;2.0;1.0;1971.0;0.0;2.0;6.0;;;0;;;3.0;34.0;0.0;2.0;3.0;1.0;0.0;;8;7;2019;17:00;1.0;92;92025;2;2.0;1.0;3.0;CHARLES DE GAULLE (BD);48,9104167;2,2347146;3;992;0.0;;2.0;4;0.0;1.0;0;0;1.0;;;1.0;0.0;1.0;50.0;Hauts-de-Seine;11;Île-de-France
201900004121;138Â 298Â 780;B01;1.0;1;2.0;1.0;1964.0;0.0;2.0;8.0;;;0;;;3.0;33.0;0.0;2.0;1.0;1.0;1.0;;3;7;2019;17:00;1.0;92;92004;2;1.0;1.0;2.0;LAURENT-CELY  ( AVENUE );48,9136400;2,3106004;3;17;0.0;;1.0;2;0.0;1.0;0;0;1.0;;;1.0;0.0;1.0;50.0;Hauts-de-Seine;11;Île-de-France
201900004121;138Â 298Â 781;A01;1.0;1;1.0;1.0;1972.0;4.0;1.0;8.0;;;0;;;3.0;10.0;0.0;2.0;6.0;23.0;1.0;;3;7;2019;17:00;1.0;92;92004;2;1.0;1.0;2.0;LAURENT-CELY  ( AVENUE );48,9136400;2,3106004;3;17;0.0;;1.0;2;0.0;1.0;0;0;1.0;;;1.0;0.0;1.0;50.0;Hauts-de-Seine;11;Île-de-France
201900004122;138Â 298Â 778;B01;1.0;1;3.0;1.0;1982.0;1.0;2.0;8.0;;;0;;;3.0;32.0;0.0;2.0;2.0;5.0;1.0;;1;7;2019;09:20;1.0;92;92004;2;2.0;1.0;3.0;GABRIEL PERI;48,9048378;2,2876346;3;7;0.0;;2.0;2;0.0;1.0;0;0;1.0;;;1.0;0.0;1.0;50.0;Hauts-de-Seine;11;Île-de-France
201900004122;138Â 298Â 779;A01;1.0;1;1.0;1.0;1961.0;4.0;1.0;8.0;;;0;;;3.0;10.0;0.0;2.0;3.0;15.0;1.0;;1;7;2019;09:20;1.0;92;92004;2;2.0;1.0;3.0;GABRIEL PERI;48,9048378;2,2876346;3;7;0.0;;2.0;2;0.0;1.0;0;0;1.0;;;1.0;0.0;1.0;50.0;Hauts-de-Seine;11;Île-de-France
201900004123;138Â 298Â 777;A01;10.0;3;2.0;2.0;1967.0;5.0;8.0;0.0;;1.0;3;2.0;;3.0;31.0;0.0;1.0;1.0;1.0;3.0;;29;6;2019;19:40;1.0;92;92004;2;1.0;1.0;6.0;DOCTEUR DERVAUX  ( QUAI DU );48,9067823;2,2909952;3;7;0.0;;2.0;2;0.0;1.0;0;0;1.0;;;1.0;0.0;1.0;50.0;Hauts-de-Seine;11;Île-de-France
201900004123;138Â 298Â 777;A01;1.0;1;1.0;1.0;1970.0;5.0;2.0;8.0;;;0;;;3.0;31.0;0.0;1.0;1.0;1.0;3.0;;29;6;2019;19:40;1.0;92;92004;2;1.0;1.0;6.0;DOCTEUR DERVAUX  ( QUAI DU );48,9067823;2,2909952;3;7;0.0;;2.0;2;0.0;1.0;0;0;1.0;;;1.0;0.0;1.0;50.0;Hauts-de-Seine;11;Île-de-France
201900004124;138Â 298Â 773;A01;1.0;1;2.0;2.0;1974.0;1.0;2.0;0.0;;;0;;;1.0;1.0;0.0;0.0;0.0;21.0;5.0;;5;7;2019;10:30;1.0;92;92009;2;1.0;1.0;6.0;VICTOR HUGO ( RUE );48,9195100;2,2672300;4;VICTOR HUGO ( RUE );0.0;;1.0;1;0.0;1.0;0;0;1.0;;;2.0;0.0;3.0;50.0;Hauts-de-Seine;11;Île-de-France
201900004124;138Â 298Â 774;B01;1.0;1;1.0;2.0;1954.0;1.0;1.0;8.0;;;0;;;0.0;7.0;0.0;2.0;0.0;0.0;;;5;7;2019;10:30;1.0;92;92009;2;1.0;1.0;6.0;VICTOR HUGO ( RUE );48,9195100;2,2672300;4;VICTOR HUGO ( RUE );0.0;;1.0;1;0.0;1.0;0;0;1.0;;;2.0;0.0;3.0;50.0;Hauts-de-Seine;11;Île-de-France
201900004125;138Â 298Â 771;A01;1.0;1;1.0;1.0;1997.0;4.0;1.0;8.0;;;0;;;1.0;10.0;0.0;6.0;1.0;15.0;1.0;;3;7;2019;15:10;1.0;92;92004;2;3.0;1.0;3.0;GRESILLONS ( AVENUE DES  );48,9132840;2,2979310;3;9;0.0;;2.0;2;0.0;1.0;0;0;1.0;;;1.0;0.0;1.0;50.0;Hauts-de-Seine;11;Île-de-France
201900004125;138Â 298Â 772;B01;1.0;1;2.0;1.0;1972.0;1.0;8.0;0.0;;;0;;;2.0;50.0;0.0;2.0;8.0;19.0;3.0;;3;7;2019;15:10;1.0;92;92004;2;3.0;1.0;3.0;GRESILLONS ( AVENUE DES  );48,9132840;2,2979310;3;9;0.0;;2.0;2;0.0;1.0;0;0;1.0;;;1.0;0.0;1.0;50.0;Hauts-de-Seine;11;Île-de-France
201900004126;138Â 298Â 769;A01;1.0;1;2.0;1.0;1990.0;9.0;1.0;;;0.0;0;;;2.0;7.0;0.0;2.0;1.0;19.0;6.0;;9;7;2019;18:00;1.0;62;62812;1;2.0;1.0;3.0;lieu dit la croix;50,6199120;2,0562390;3;132;;;2.0;2;0.0;1.0;12;700;1.0;;;1.0;0.0;1.0;80.0;Pas-de-Calais;32;Hauts-de-France
201900004126;138Â 298Â 770;B01;9.0;2;1.0;1.0;2008.0;0.0;1.0;;;0.0;0;;;1.0;7.0;0.0;0.0;3.0;1.0;6.0;;9;7;2019;18:00;1.0;62;62812;1;2.0;1.0;3.0;lieu dit la croix;50,6199120;2,0562390;3;132;;;2.0;2;0.0;1.0;12;700;1.0;;;1.0;0.0;1.0;80.0;Pas-de-Calais;32;Hauts-de-France
201900004126;138Â 298Â 770;B01;1.0;1;3.0;2.0;1982.0;0.0;1.0;;;0.0;0;;;1.0;7.0;0.0;0.0;3.0;1.0;6.0;;9;7;2019;18:00;1.0;62;62812;1;2.0;1.0;3.0;lieu dit la croix;50,6199120;2,0562390;3;132;;;2.0;2;0.0;1.0;12;700;1.0;;;1.0;0.0;1.0;80.0;Pas-de-Calais;32;Hauts-de-France
201900004127;138Â 298Â 767;B01;1.0;1;2.0;1.0;1981.0;5.0;2.0;6.0;;0.0;0;;;3.0;33.0;1.0;0.0;3.0;1.0;1.0;;10;7;2019;14:00;1.0;95;95094;1;9.0;1.0;2.0;route de bouqueval;49,0225270;2,4156250;4;;0.0;;2.0;2;0.0;1.0;(1);(1);4.0;;;8.0;0.0;1.0;50.0;Val-d'Oise;11;Île-de-France
201900004127;138Â 298Â 768;A01;1.0;1;1.0;1.0;1977.0;4.0;8.0;;;0.0;0;;;3.0;10.0;0.0;0.0;4.0;24.0;1.0;;10;7;2019;14:00;1.0;95;95094;1;9.0;1.0;2.0;route de bouqueval;49,0225270;2,4156250;4;;0.0;;2.0;2;0.0;1.0;(1);(1);4.0;;;8.0;0.0;1.0;50.0;Val-d'Oise;11;Île-de-France
201900004128;138Â 298Â 762;A01;1.0;1;1.0;1.0;1986.0;5.0;1.0;;;0.0;0;;;2.0;7.0;4.0;0.0;6.0;26.0;1.0;;9;7;2019;22:35;3.0;66;66164;1;1.0;1.0;4.0;autoroute A9 PK 241+400;42,7785910;2,8945400;1;9;;;;5;0.0;1.0;241;400;1.0;;;1.0;0.0;1.0;130.0;Pyrénées-Orientales;76;Occitanie
201900004128;138Â 298Â 763;E01;1.0;1;1.0;1.0;1976.0;4.0;1.0;;;0.0;0;;;2.0;15.0;0.0;2.0;4.0;2.0;1.0;;9;7;2019;22:35;3.0;66;66164;1;1.0;1.0;4.0;autoroute A9 PK 241+400;42,7785910;2,8945400;1;9;;;;5;0.0;1.0;241;400;1.0;;;1.0;0.0;1.0;130.0;Pyrénées-Orientales;76;Occitanie
201900004128;138Â 298Â 764;D01;1.0;1;1.0;1.0;1981.0;4.0;1.0;;;0.0;0;;;2.0;15.0;0.0;2.0;1.0;2.0;1.0;;9;7;2019;22:35;3.0;66;66164;1;1.0;1.0;4.0;autoroute A9 PK 241+400;42,7785910;2,8945400;1;9;;;;5;0.0;1.0;241;400;1.0;;;1.0;0.0;1.0;130.0;Pyrénées-Orientales;76;Occitanie
201900004128;138Â 298Â 765;C01;2.0;2;3.0;1.0;1982.0;1.0;1.0;;;0.0;0;;;2.0;7.0;0.0;2.0;1.0;2.0;1.0;;9;7;2019;22:35;3.0;66;66164;1;1.0;1.0;4.0;autoroute A9 PK 241+400;42,7785910;2,8945400;1;9;;;;5;0.0;1.0;241;400;1.0;;;1.0;0.0;1.0;130.0;Pyrénées-Orientales;76;Occitanie
201900004128;138Â 298Â 765;C01;1.0;1;3.0;2.0;1967.0;1.0;1.0;;;0.0;0;;;2.0;7.0;0.0;2.0;1.0;2.0;1.0;;9;7;2019;22:35;3.0;66;66164;1;1.0;1.0;4.0;autoroute A9 PK 241+400;42,7785910;2,8945400;1;9;;;;5;0.0;1.0;241;400;1.0;;;1.0;0.0;1.0;130.0;Pyrénées-Orientales;76;Occitanie
201900004128;138Â 298Â 766;B01;2.0;2;2.0;2.0;1957.0;5.0;1.0;;;0.0;0;;;2.0;7.0;0.0;2.0;1.0;2.0;1.0;;9;7;2019;22:35;3.0;66;66164;1;1.0;1.0;4.0;autoroute A9 PK 241+400;42,7785910;2,8945400;1;9;;;;5;0.0;1.0;241;400;1.0;;;1.0;0.0;1.0;130.0;Pyrénées-Orientales;76;Occitanie
201900004128;138Â 298Â 766;B01;1.0;1;1.0;1.0;1952.0;5.0;1.0;;;0.0;0;;;2.0;7.0;0.0;2.0;1.0;2.0;1.0;;9;7;2019;22:35;3.0;66;66164;1;1.0;1.0;4.0;autoroute A9 PK 241+400;42,7785910;2,8945400;1;9;;;;5;0.0;1.0;241;400;1.0;;;1.0;0.0;1.0;130.0;Pyrénées-Orientales;76;Occitanie
201900004128;138Â 298Â 766;B01;9.0;2;2.0;1.0;1949.0;5.0;1.0;;;0.0;0;;;2.0;7.0;0.0;2.0;1.0;2.0;1.0;;9;7;2019;22:35;3.0;66;66164;1;1.0;1.0;4.0;autoroute A9 PK 241+400;42,7785910;2,8945400;1;9;;;;5;0.0;1.0;241;400;1.0;;;1.0;0.0;1.0;130.0;Pyrénées-Orientales;76;Occitanie
201900004129;138Â 298Â 761;A01;1.0;1;2.0;1.0;1976.0;5.0;1.0;;;0.0;0;;;2.0;7.0;13.0;0.0;2.0;1.0;1.0;;8;7;2019;19:25;1.0;09;09090;1;1.0;1.0;6.0;dÃ©partementale d919;43,0442760;1,5280440;3;919;;D;2.0;2;0.0;1.0;36;400;1.0;;;1.0;0.0;3.0;80.0;Ariège;76;Occitanie
201900004130;138Â 298Â 760;A01;1.0;1;3.0;1.0;1942.0;5.0;0.0;;;0.0;0;;;2.0;80.0;12.0;0.0;1.0;14.0;3.0;;10;7;2019;10:45;1.0;22;22177;2;1.0;1.0;6.0;2 Le Grand Chemin;48,6339940; -2,9419190;3;9;;;2.0;2;0.0;2.0;7;2275;1.0;;;1.0;0.0;4.0;50.0;Côtes-d'Armor;53;Bretagne
201900004131;138Â 298Â 758;B01;2.0;2;1.0;1.0;1961.0;5.0;1.0;;;0.0;0;;;2.0;7.0;0.0;0.0;6.0;21.0;0.0;;6;7;2019;14:10;1.0;84;84069;1;1.0;1.0;3.0;D974;44,1559430;5,1474940;3;974;;;2.0;2;2.0;2.0;54;200;2.0;;;1.0;0.0;1.0;80.0;Vaucluse;93;Provence-Alpes-Côte d'Azur
201900004131;138Â 298Â 758;B01;9.0;2;1.0;2.0;1970.0;5.0;1.0;;;0.0;0;;;2.0;7.0;0.0;0.0;6.0;21.0;0.0;;6;7;2019;14:10;1.0;84;84069;1;1.0;1.0;3.0;D974;44,1559430;5,1474940;3;974;;;2.0;2;2.0;2.0;54;200;2.0;;;1.0;0.0;1.0;80.0;Vaucluse;93;Provence-Alpes-Côte d'Azur
201900004131;138Â 298Â 758;B01;7.0;2;1.0;2.0;1965.0;5.0;1.0;;;0.0;0;;;2.0;7.0;0.0;0.0;6.0;21.0;0.0;;6;7;2019;14:10;1.0;84;84069;1;1.0;1.0;3.0;D974;44,1559430;5,1474940;3;974;;;2.0;2;2.0;2.0;54;200;2.0;;;1.0;0.0;1.0;80.0;Vaucluse;93;Provence-Alpes-Côte d'Azur
201900004131;138Â 298Â 758;B01;1.0;1;1.0;1.0;1967.0;5.0;1.0;;;0.0;0;;;2.0;7.0;0.0;0.0;6.0;21.0;0.0;;6;7;2019;14:10;1.0;84;84069;1;1.0;1.0;3.0;D974;44,1559430;5,1474940;3;974;;;2.0;2;2.0;2.0;54;200;2.0;;;1.0;0.0;1.0;80.0;Vaucluse;93;Provence-Alpes-Côte d'Azur
201900004131;138Â 298Â 759;A01;1.0;1;3.0;1.0;1967.0;5.0;2.0;;;0.0;0;;;1.0;1.0;0.0;2.0;1.0;26.0;5.0;;6;7;2019;14:10;1.0;84;84069;1;1.0;1.0;3.0;D974;44,1559430;5,1474940;3;974;;;2.0;2;2.0;2.0;54;200;2.0;;;1.0;0.0;1.0;80.0;Vaucluse;93;Provence-Alpes-Côte d'Azur
201900004132;138Â 298Â 756;B01;1.0;1;1.0;1.0;1975.0;4.0;1.0;;;0.0;0;;;1.0;17.0;0.0;2.0;4.0;1.0;1.0;;10;7;2019;02:25;3.0;71;71090;1;1.0;1.0;6.0;autoroute A6 PK399.200;46,2085580;4,7829700;1;6;;;3.0;5;0.0;1.0;399;200;1.0;;;1.0;0.0;1.0;130.0;Saône-et-Loire;27;Bourgogne-Franche-Comté
201900004132;138Â 298Â 757;A01;1.0;1;2.0;1.0;1963.0;4.0;1.0;;;0.0;0;;;1.0;17.0;4.0;2.0;1.0;1.0;1.0;;10;7;2019;02:25;3.0;71;71090;1;1.0;1.0;6.0;autoroute A6 PK399.200;46,2085580;4,7829700;1;6;;;3.0;5;0.0;1.0;399;200;1.0;;;1.0;0.0;1.0;130.0;Saône-et-Loire;27;Bourgogne-Franche-Comté
201900004133;138Â 298Â 754;A01;1.0;1;2.0;1.0;1981.0;5.0;2.0;6.0;;0.0;0;;;1.0;1.0;0.0;2.0;8.0;1.0;5.0;;10;7;2019;08:30;1.0;35;35226;1;2.0;1.0;3.0;Intersection D794 / D78;48,4268440; -1,8905970;3;794;;;2.0;2;0.0;1.0;65;800;1.0;;;1.0;5.0;1.0;70.0;Ille-et-Vilaine;53;Bretagne
201900004133;138Â 298Â 755;B01;1.0;1;1.0;2.0;1973.0;1.0;1.0;;;0.0;0;;;2.0;7.0;0.0;2.0;1.0;19.0;1.0;;10;7;2019;08:30;1.0;35;35226;1;2.0;1.0;3.0;Intersection D794 / D78;48,4268440; -1,8905970;3;794;;;2.0;2;0.0;1.0;65;800;1.0;;;1.0;5.0;1.0;70.0;Ille-et-Vilaine;53;Bretagne
201900004134;138Â 298Â 753;A01;1.0;1;3.0;2.0;1978.0;5.0;2.0;;;0.0;0;;;2.0;2.0;0.0;0.0;3.0;1.0;1.0;;8;7;2019;08:10;1.0;46;46201;1;1.0;1.0;7.0;le Cayrel (Montcuq);44,3514540;1,2018690;3;28;;;2.0;2;0.0;2.0;15;500;1.0;;;1.0;0.0;1.0;80.0;Lot;76;Occitanie
201900004135;138Â 298Â 751;A01;1.0;1;2.0;1.0;1978.0;4.0;1.0;;;0.0;0;;;2.0;10.0;0.0;2.0;1.0;12.0;6.0;;9;7;2019;13:00;1.0;41;41231;1;1.0;1.0;2.0;Autoroute A71 - PK 152+300;47,4562460;2,0044480;1;71;0.0;A;3.0;4;0.0;1.0;152;300;1.0;;;1.0;0.0;1.0;130.0;Loir-et-Cher;24;Centre-Val de Loire
201900004135;138Â 298Â 751;A01;2.0;2;2.0;1.0;1991.0;4.0;1.0;;;0.0;0;;;2.0;10.0;0.0;2.0;1.0;12.0;6.0;;9;7;2019;13:00;1.0;41;41231;1;1.0;1.0;2.0;Autoroute A71 - PK 152+300;47,4562460;2,0044480;1;71;0.0;A;3.0;4;0.0;1.0;152;300;1.0;;;1.0;0.0;1.0;130.0;Loir-et-Cher;24;Centre-Val de Loire
201900004135;138Â 298Â 752;B01;1.0;1;1.0;1.0;1982.0;4.0;1.0;;;0.0;0;;;2.0;15.0;0.0;0.0;6.0;1.0;1.0;;9;7;2019;13:00;1.0;41;41231;1;1.0;1.0;2.0;Autoroute A71 - PK 152+300;47,4562460;2,0044480;1;71;0.0;A;3.0;4;0.0;1.0;152;300;1.0;;;1.0;0.0;1.0;130.0;Loir-et-Cher;24;Centre-Val de Loire
201900004136;138Â 298Â 746;A01;1.0;1;1.0;1.0;1962.0;4.0;1.0;;;0.0;0;;;1.0;7.0;0.0;9.0;1.0;19.0;1.0;;10;7;2019;10:15;1.0;65;65340;2;3.0;1.0;3.0;Route de Rabastens;43,2786164;0,1092397;2;21;0.0;;2.0;2;0.0;1.0;15;55;1.0;;;1.0;0.0;1.0;70.0;Hautes-Pyrénées;76;Occitanie
201900004136;138Â 298Â 747;B01;1.0;1;2.0;1.0;1994.0;5.0;2.0;;;0.0;0;;;2.0;1.0;0.0;2.0;6.0;1.0;5.0;;10;7;2019;10:15;1.0;65;65340;2;3.0;1.0;3.0;Route de Rabastens;43,2786164;0,1092397;2;21;0.0;;2.0;2;0.0;1.0;15;55;1.0;;;1.0;0.0;1.0;70.0;Hautes-Pyrénées;76;Occitanie
201900004137;138Â 298Â 744;B01;1.0;1;1.0;1.0;1961.0;5.0;1.0;;;0.0;0;;;2.0;7.0;0.0;2.0;7.0;17.0;1.0;;10;7;2019;17:05;1.0;72;72200;1;1.0;1.0;3.0;D323;47,9035030;0,1612550;3;323;;;2.0;1;0.0;1.0;(1);(1);1.0;;;1.0;0.0;1.0;50.0;Sarthe;52;Pays de la Loire
201900004137;138Â 298Â 745;A01;1.0;1;3.0;2.0;1979.0;3.0;1.0;;;0.0;0;;;1.0;7.0;0.0;2.0;8.0;2.0;1.0;;10;7;2019;17:05;1.0;72;72200;1;1.0;1.0;3.0;D323;47,9035030;0,1612550;3;323;;;2.0;1;0.0;1.0;(1);(1);1.0;;;1.0;0.0;1.0;50.0;Sarthe;52;Pays de la Loire
201900004138;138Â 298Â 742;B01;1.0;1;3.0;1.0;1992.0;0.0;1.0;;;0.0;0;;;3.0;7.0;0.0;2.0;3.0;1.0;1.0;;9;7;2019;07:00;1.0;67;67405;1;1.0;1.0;1.0;D468;48,8276820;8,0337530;3;468;;D;2.0;2;1.0;1.0;(1);(1);2.0;;;1.0;0.0;1.0;80.0;Bas-Rhin;44;Grand Est
201900004138;138Â 298Â 743;A01;1.0;1;1.0;1.0;1997.0;1.0;1.0;;;0.0;0;;;3.0;7.0;0.0;2.0;3.0;13.0;1.0;;9;7;2019;07:00;1.0;67;67405;1;1.0;1.0;1.0;D468;48,8276820;8,0337530;3;468;;D;2.0;2;1.0;1.0;(1);(1);2.0;;;1.0;0.0;1.0;80.0;Bas-Rhin;44;Grand Est
201900004139;138Â 298Â 741;A01;1.0;1;1.0;1.0;1998.0;1.0;1.0;;;0.0;0;;;3.0;7.0;0.0;1.0;1.0;0.0;0.0;;10;7;2019;09:45;1.0;30;30191;2;1.0;7.0;6.0;Avenue des Tavans;44,1312020;4,6687080;4;;;;1.0;1;0.0;1.0;(1);(1);1.0;;;1.0;0.0;1.0;30.0;Gard;76;Occitanie
201900004139;138Â 298Â 741;A01;10.0;3;3.0;2.0;1972.0;0.0;0.0;;;2.0;0;1.0;;3.0;7.0;0.0;1.0;1.0;0.0;0.0;;10;7;2019;09:45;1.0;30;30191;2;1.0;7.0;6.0;Avenue des Tavans;44,1312020;4,6687080;4;;;;1.0;1;0.0;1.0;(1);(1);1.0;;;1.0;0.0;1.0;30.0;Gard;76;Occitanie
201900004140;138Â 298Â 738;A01;1.0;1;3.0;1.0;2000.0;9.0;9.0;2.0;6.0;0.0;0;;;2.0;33.0;1.0;0.0;0.0;2.0;1.0;;9;7;2019;16:00;1.0;34;34095;1;1.0;2.0;6.0;D185;43,5465210;3,8172440;3;185;;;2.0;2;0.0;2.0;8;350;1.0;;;2.0;0.0;1.0;90.0;Hérault;76;Occitanie
201900004141;138Â 298Â 736;A01;1.0;1;3.0;2.0;1950.0;5.0;1.0;;;0.0;0;;;3.0;7.0;0.0;2.0;3.0;1.0;0.0;;10;7;2019;13:30;1.0;59;59413;2;4.0;1.0;3.0;rue Voltaire;50,0913340;3,4090260;4;;;;2.0;2;0.0;2.0;(1);(1);3.0;;;1.0;0.0;1.0;50.0;Nord;32;Hauts-de-France
201900004141;138Â 298Â 737;B01;1.0;1;1.0;1.0;1982.0;4.0;1.0;;;0.0;0;;;3.0;37.0;0.0;2.0;8.0;1.0;0.0;1.0;10;7;2019;13:30;1.0;59;59413;2;4.0;1.0;3.0;rue Voltaire;50,0913340;3,4090260;4;;;;2.0;2;0.0;2.0;(1);(1);3.0;;;1.0;0.0;1.0;50.0;Nord;32;Hauts-de-France
201900004142;138Â 298Â 734;B01;1.0;1;1.0;1.0;1972.0;1.0;1.0;;;0.0;0;;;1.0;7.0;14.0;0.0;1.0;1.0;1.0;;9;7;2019;04:15;3.0;19;19057;1;1.0;1.0;6.0;La Peyrague;45,0570450;1,6671790;3;38;;;2.0;2;0.0;1.0;14;600;1.0;;;1.0;9.0;8.0;80.0;Corrèze;75;Nouvelle-Aquitaine
201900004142;138Â 298Â 735;A01;1.0;1;3.0;1.0;1985.0;5.0;0.0;;;0.0;0;;;1.0;2.0;9.0;0.0;1.0;1.0;1.0;;9;7;2019;04:15;3.0;19;19057;1;1.0;1.0;6.0;La Peyrague;45,0570450;1,6671790;3;38;;;2.0;2;0.0;1.0;14;600;1.0;;;1.0;9.0;8.0;80.0;Corrèze;75;Nouvelle-Aquitaine