Num_Acc;id_vehicule;num_veh;place;catu;grav;sexe;an_nais;trajet;secu1;secu2;secu3;locp;actp;etatp;id_usager;senc;catv;obs;obsm;choc;manv;motor;occutc;jour;mois;an;hrmn;lum;dep;com;agg;int;atm;col;adr;lat;long;catr;voie;v1;v2;circ;nbv;vosp;prof;pr;pr1;plan;lartpc;larrout;surf;infra;situ;vma;nom_departement;reg;nom_region
201900004143;138Â 298Â 733;A01;1.0;1;3.0;1.0;1929.0;5.0;1.0;;;0.0;0;;;1.0;7.0;0.0;0.0;9.0;14.0;3.0;;6;7;2019;11:20;1.0;19;19262;1;1.0;1.0;7.0;La chassgne;45,5685550;1,7396640;3;16;;;2.0;2;0.0;2.0;10;500;2.0;;;1.0;0.0;3.0;80.0;Corrèze;75;Nouvelle-Aquitaine
201900004144;138Â 298Â 731;A01;1.0;1;1.0;1.0;1960.0;0.0;1.0;;;0.0;0;;;1.0;7.0;0.0;2.0;2.0;15.0;0.0;;9;7;2019;17:15;1.0;74;74282;2;3.0;1.0;3.0;Rue Saint-FranÃ§ois de Sales (Thorens-GliÃ¨res);45,9967240;6,2467730;3;2;;;2.0;2;0.0;1.0;24;537;1.0;;;1.0;0.0;1.0;50.0;Haute-Savoie;84;Auvergne-Rhône-Alpes
201900004144;138Â 298Â 732;B01;1.0;1;3.0;1.0;1944.0;0.0;2.0;;;0.0;0;;;2.0;32.0;0.0;2.0;1.0;1.0;0.0;;9;7;2019;17:15;1.0;74;74282;2;3.0;1.0;3.0;Rue Saint-FranÃ§ois de Sales (Thorens-GliÃ¨res);45,9967240;6,2467730;3;2;;;2.0;2;0.0;1.0;24;537;1.0;;;1.0;0.0;1.0;50.0;Haute-Savoie;84;Auvergne-Rhône-Alpes
201900004145;138Â 298Â 729;B01;1.0;1;3.0;1.0;1999.0;5.0;2.0;6.0;;0.0;0;;;3.0;31.0;0.0;2.0;8.0;17.0;1.0;;10;7;2019;09:00;1.0;80;80717;1;1.0;1.0;3.0;RD 162;49,7720730;2,2631460;3;162;0.0;;2.0;2;0.0;1.0;(1);(1);3.0;;;1.0;0.0;1.0;80.0;Somme;32;Hauts-de-France
201900004145;138Â 298Â 730;A01;1.0;1;1.0;1.0;1985.0;4.0;1.0;;;0.0;0;;;3.0;7.0;0.0;2.0;6.0;1.0;1.0;;10;7;2019;09:00;1.0;80;80717;1;1.0;1.0;3.0;RD 162;49,7720730;2,2631460;3;162;0.0;;2.0;2;0.0;1.0;(1);(1);3.0;;;1.0;0.0;1.0;80.0;Somme;32;Hauts-de-France
201900004146;138Â 298Â 728;A01;1.0;1;1.0;1.0;1948.0;3.0;1.0;;;0.0;0;;;3.0;7.0;6.0;1.0;1.0;20.0;1.0;;10;7;2019;10:10;1.0;32;32107;2;7.0;1.0;6.0;Place Souvenir;43,9566830;0,3757000;6;;;;;;0.0;1.0;(1);(1);1.0;;;1.0;9.0;4.0;;Gers;76;Occitanie
201900004146;138Â 298Â 728;A01;10.0;3;3.0;2.0;1984.0;3.0;0.0;;;5.0;3;1.0;;3.0;7.0;6.0;1.0;1.0;20.0;1.0;;10;7;2019;10:10;1.0;32;32107;2;7.0;1.0;6.0;Place Souvenir;43,9566830;0,3757000;6;;;;;;0.0;1.0;(1);(1);1.0;;;1.0;9.0;4.0;;Gers;76;Occitanie
201900004147;138Â 298Â 727;A01;1.0;1;3.0;2.0;2000.0;5.0;1.0;;;0.0;0;;;0.0;7.0;13.0;0.0;3.0;13.0;1.0;;10;7;2019;13:58;1.0;63;63271;1;1.0;1.0;6.0;D44;45,9471214;3,4613800;3;44;;;2.0;2;0.0;1.0;22;450;1.0;;;1.0;0.0;3.0;70.0;Puy-de-Dôme;84;Auvergne-Rhône-Alpes
201900004148;138Â 298Â 726;A01;2.0;2;4.0;2.0;1937.0;5.0;8.0;;;0.0;0;;;1.0;7.0;2.0;0.0;1.0;14.0;1.0;;9;7;2019;14:30;1.0;12;12288;1;1.0;1.0;7.0;Malecourse;44,4515860;2,4327750;3;840;;;2.0;2;0.0;2.0;18;560;2.0;;;1.0;0.0;3.0;50.0;Aveyron;76;Occitanie
201900004148;138Â 298Â 726;A01;1.0;1;4.0;1.0;1934.0;5.0;8.0;;;0.0;0;;;1.0;7.0;2.0;0.0;1.0;14.0;1.0;;9;7;2019;14:30;1.0;12;12288;1;1.0;1.0;7.0;Malecourse;44,4515860;2,4327750;3;840;;;2.0;2;0.0;2.0;18;560;2.0;;;1.0;0.0;3.0;50.0;Aveyron;76;Occitanie
201900004149;138Â 298Â 724;A01;1.0;1;3.0;1.0;1975.0;0.0;2.0;6.0;;0.0;0;;;3.0;33.0;0.0;2.0;1.0;1.0;0.0;;9;7;2019;16:45;1.0;68;68377;1;1.0;1.0;1.0;route des grenouilles;47,6118390;7,2618950;4;;;;2.0;2;0.0;2.0;(1);(1);1.0;;;1.0;0.0;1.0;50.0;Haut-Rhin;44;Grand Est
201900004149;138Â 298Â 725;B01;1.0;1;1.0;2.0;1992.0;0.0;1.0;;;0.0;0;;;3.0;7.0;0.0;2.0;1.0;1.0;1.0;;9;7;2019;16:45;1.0;68;68377;1;1.0;1.0;1.0;route des grenouilles;47,6118390;7,2618950;4;;;;2.0;2;0.0;2.0;(1);(1);1.0;;;1.0;0.0;1.0;50.0;Haut-Rhin;44;Grand Est
201900004150;138Â 298Â 722;A01;1.0;1;1.0;1.0;1962.0;3.0;1.0;;;0.0;0;;;1.0;7.0;0.0;2.0;7.0;15.0;1.0;;9;7;2019;17:33;1.0;68;68138;2;3.0;1.0;6.0;11 rue du GÃ©nÃ©ral de Gaulle;47,5858520;7,2544870;3;432;0.0;A;2.0;2;0.0;1.0;23;100;1.0;;;1.0;0.0;1.0;50.0;Haut-Rhin;44;Grand Est
201900004150;138Â 298Â 723;B01;1.0;1;3.0;1.0;1988.0;1.0;2.0;6.0;9.0;0.0;0;;;2.0;33.0;0.0;2.0;1.0;1.0;1.0;;9;7;2019;17:33;1.0;68;68138;2;3.0;1.0;6.0;11 rue du GÃ©nÃ©ral de Gaulle;47,5858520;7,2544870;3;432;0.0;A;2.0;2;0.0;1.0;23;100;1.0;;;1.0;0.0;1.0;50.0;Haut-Rhin;44;Grand Est
201900004151;138Â 298Â 719;C01;1.0;1;1.0;2.0;1993.0;1.0;1.0;;;0.0;0;;;3.0;7.0;0.0;2.0;3.0;1.0;1.0;;4;7;2019;18:50;1.0;44;44131;2;1.0;1.0;5.0;rue de Nantes;47,1129990; -2,0893820;4;;0.0;;2.0;2;0.0;1.0;(1);(1);1.0;;;1.0;0.0;1.0;50.0;Loire-Atlantique;52;Pays de la Loire
201900004151;138Â 298Â 720;B01;1.0;1;1.0;1.0;1982.0;5.0;1.0;;;0.0;0;;;3.0;7.0;0.0;0.0;6.0;2.0;1.0;;4;7;2019;18:50;1.0;44;44131;2;1.0;1.0;5.0;rue de Nantes;47,1129990; -2,0893820;4;;0.0;;2.0;2;0.0;1.0;(1);(1);1.0;;;1.0;0.0;1.0;50.0;Loire-Atlantique;52;Pays de la Loire
201900004151;138Â 298Â 721;A01;1.0;1;3.0;1.0;1980.0;5.0;2.0;;;0.0;0;;;3.0;34.0;0.0;2.0;1.0;17.0;0.0;;4;7;2019;18:50;1.0;44;44131;2;1.0;1.0;5.0;rue de Nantes;47,1129990; -2,0893820;4;;0.0;;2.0;2;0.0;1.0;(1);(1);1.0;;;1.0;0.0;1.0;50.0;Loire-Atlantique;52;Pays de la Loire
201900004152;138Â 298Â 717;A01;1.0;1;1.0;1.0;1981.0;5.0;1.0;;;0.0;0;;;2.0;7.0;0.0;2.0;2.0;15.0;1.0;;10;7;2019;14:30;1.0;35;35078;1;2.0;7.0;3.0;L'Aumone;48,6019070; -1,7107820;3;797;;;2.0;2;0.0;1.0;15;540;1.0;;;8.0;0.0;1.0;70.0;Ille-et-Vilaine;53;Bretagne
201900004152;138Â 298Â 718;B01;2.0;1;1.0;1.0;1966.0;5.0;1.0;;;0.0;0;;;1.0;7.0;0.0;2.0;3.0;1.0;1.0;;10;7;2019;14:30;1.0;35;35078;1;2.0;7.0;3.0;L'Aumone;48,6019070; -1,7107820;3;797;;;2.0;2;0.0;1.0;15;540;1.0;;;8.0;0.0;1.0;70.0;Ille-et-Vilaine;53;Bretagne
201900004152;138Â 298Â 718;B01;1.0;2;3.0;2.0;1966.0;5.0;1.0;;;0.0;0;;;1.0;7.0;0.0;2.0;3.0;1.0;1.0;;10;7;2019;14:30;1.0;35;35078;1;2.0;7.0;3.0;L'Aumone;48,6019070; -1,7107820;3;797;;;2.0;2;0.0;1.0;15;540;1.0;;;8.0;0.0;1.0;70.0;Ille-et-Vilaine;53;Bretagne
201900004153;138Â 298Â 715;A01;1.0;1;1.0;2.0;1988.0;5.0;1.0;;;0.0;0;;;1.0;7.0;0.0;2.0;6.0;16.0;1.0;;7;7;2019;19:30;1.0;35;35023;1;2.0;1.0;2.0;Tournebride;48,2083890; -1,9414420;3;72;;;2.0;2;0.0;1.0;4;570;1.0;;;1.0;0.0;1.0;70.0;Ille-et-Vilaine;53;Bretagne
201900004153;138Â 298Â 716;B01;1.0;1;2.0;1.0;1986.0;5.0;2.0;6.0;;0.0;0;;;1.0;33.0;0.0;2.0;1.0;1.0;1.0;;7;7;2019;19:30;1.0;35;35023;1;2.0;1.0;2.0;Tournebride;48,2083890; -1,9414420;3;72;;;2.0;2;0.0;1.0;4;570;1.0;;;1.0;0.0;1.0;70.0;Ille-et-Vilaine;53;Bretagne
201900004154;138Â 298Â 713;B01;1.0;1;1.0;2.0;1965.0;5.0;1.0;;;0.0;0;;;2.0;7.0;0.0;2.0;3.0;1.0;1.0;;10;7;2019;18:40;1.0;38;38144;2;1.0;1.0;1.0;avenue du 8 mai 1945;45,5911200;5,0918900;3;518;;;2.0;2;0.0;2.0;7;600;3.0;;;1.0;0.0;1.0;50.0;Isère;84;Auvergne-Rhône-Alpes
201900004154;138Â 298Â 714;A01;1.0;1;3.0;1.0;1993.0;9.0;2.0;;;0.0;0;;;1.0;32.0;0.0;2.0;1.0;17.0;1.0;;10;7;2019;18:40;1.0;38;38144;2;1.0;1.0;1.0;avenue du 8 mai 1945;45,5911200;5,0918900;3;518;;;2.0;2;0.0;2.0;7;600;3.0;;;1.0;0.0;1.0;50.0;Isère;84;Auvergne-Rhône-Alpes
201900004155;138Â 298Â 712;A01;2.0;2;4.0;2.0;1953.0;5.0;0.0;;;0.0;0;;;3.0;36.0;2.0;0.0;9.0;4.0;1.0;;10;7;2019;11:00;1.0;38;38504;1;1.0;1.0;7.0;Route des Ramiettes;45,3030300;6,0179300;4;Route des Ramiettes;;;2.0;2;0.0;2.0;(1);(1);1.0;;;1.0;0.0;8.0;50.0;Isère;84;Auvergne-Rhône-Alpes
201900004155;138Â 298Â 712;A01;1.0;1;3.0;1.0;1954.0;5.0;0.0;;;0.0;0;;;3.0;36.0;2.0;0.0;9.0;4.0;1.0;;10;7;2019;11:00;1.0;38;38504;1;1.0;1.0;7.0;Route des Ramiettes;45,3030300;6,0179300;4;Route des Ramiettes;;;2.0;2;0.0;2.0;(1);(1);1.0;;;1.0;0.0;8.0;50.0;Isère;84;Auvergne-Rhône-Alpes
201900004156;138Â 298Â 710;B01;1.0;1;1.0;1.0;1993.0;1.0;1.0;;;0.0;0;;;1.0;10.0;0.0;1.0;2.0;1.0;1.0;;9;7;2019;21:00;2.0;02;02678;2;3.0;1.0;1.0;Grand-Rue;49,7197200;4,0747590;3;58;;D;2.0;2;0.0;1.0;1;300;1.0;;;1.0;0.0;1.0;50.0;Aisne;32;Hauts-de-France
201900004156;138Â 298Â 711;A01;1.0;1;3.0;1.0;2006.0;5.0;0.0;;;0.0;0;;;2.0;1.0;0.0;2.0;1.0;5.0;5.0;;9;7;2019;21:00;2.0;02;02678;2;3.0;1.0;1.0;Grand-Rue;49,7197200;4,0747590;3;58;;D;2.0;2;0.0;1.0;1;300;1.0;;;1.0;0.0;1.0;50.0;Aisne;32;Hauts-de-France
201900004157;138Â 298Â 708;B01;1.0;1;2.0;1.0;1974.0;0.0;1.0;9.0;;0.0;0;;;1.0;7.0;0.0;2.0;2.0;1.0;1.0;;9;7;2019;17:05;1.0;02;02608;1;2.0;1.0;3.0;Hameau l'Ãpinette;49,8377532;4,0616007;3;29;0.0;D;2.0;2;0.0;1.0;31;400;1.0;;;1.0;0.0;1.0;50.0;Aisne;32;Hauts-de-France
201900004157;138Â 298Â 709;A01;1.0;1;3.0;2.0;1938.0;5.0;1.0;;;0.0;0;;;1.0;7.0;0.0;2.0;3.0;1.0;1.0;;9;7;2019;17:05;1.0;02;02608;1;2.0;1.0;3.0;Hameau l'Ãpinette;49,8377532;4,0616007;3;29;0.0;D;2.0;2;0.0;1.0;31;400;1.0;;;1.0;0.0;1.0;50.0;Aisne;32;Hauts-de-France
201900004158;138Â 298Â 706;A01;1.0;1;3.0;1.0;2004.0;5.0;2.0;;;0.0;0;;;1.0;2.0;0.0;2.0;3.0;1.0;1.0;;10;7;2019;04:05;3.0;01;01328;1;1.0;1.0;3.0;Route de ChÃ¢tillon;46,1186150;5,0065170;3;17;0.0;;2.0;2;0.0;1.0;27;808;1.0;;;1.0;0.0;1.0;80.0;Ain;84;Auvergne-Rhône-Alpes
201900004158;138Â 298Â 707;B01;1.0;1;1.0;1.0;1996.0;5.0;1.0;;;0.0;0;;;2.0;7.0;0.0;2.0;7.0;0.0;0.0;;10;7;2019;04:05;3.0;01;01328;1;1.0;1.0;3.0;Route de ChÃ¢tillon;46,1186150;5,0065170;3;17;0.0;;2.0;2;0.0;1.0;27;808;1.0;;;1.0;0.0;1.0;80.0;Ain;84;Auvergne-Rhône-Alpes
201900004159;138Â 298Â 704;A01;1.0;1;2.0;1.0;1993.0;1.0;1.0;;;0.0;0;;;0.0;10.0;0.0;2.0;2.0;26.0;1.0;;10;7;2019;06:50;1.0;72;72177;1;1.0;1.0;3.0;La CornuÃ¨re;47,9244330; -0,0742890;4;8;;;2.0;2;0.0;1.0;(1);(1);1.0;;;1.0;5.0;1.0;80.0;Sarthe;52;Pays de la Loire
201900004159;138Â 298Â 705;B01;1.0;1;2.0;1.0;1985.0;1.0;1.0;;;0.0;0;;;0.0;7.0;0.0;2.0;1.0;19.0;1.0;;10;7;2019;06:50;1.0;72;72177;1;1.0;1.0;3.0;La CornuÃ¨re;47,9244330; -0,0742890;4;8;;;2.0;2;0.0;1.0;(1);(1);1.0;;;1.0;5.0;1.0;80.0;Sarthe;52;Pays de la Loire
201900004160;138Â 298Â 703;A01;1.0;1;4.0;1.0;1968.0;1.0;8.0;;;0.0;0;;;2.0;7.0;0.0;0.0;3.0;1.0;1.0;;10;7;2019;13:14;1.0;72;72262;1;1.0;1.0;6.0;le guÃ©;47,7461680;0,6050010;3;305;;;2.0;2;0.0;1.0;(1);(1);1.0;;;1.0;0.0;3.0;80.0;Sarthe;52;Pays de la Loire
201900004161;138Â 298Â 701;A01;1.0;1;1.0;1.0;1968.0;1.0;1.0;;;0.0;0;;;1.0;7.0;0.0;0.0;8.0;15.0;1.0;;10;7;2019;21:10;1.0;14;14024;1;9.0;1.0;3.0;d163 route de la corniche;49,3073590; -0,0346860;3;163;0.0;;2.0;2;0.0;1.0;4;500;1.0;;;1.0;0.0;1.0;70.0;Calvados;28;Normandie
201900004161;138Â 298Â 702;B01;1.0;1;3.0;1.0;2000.0;5.0;2.0;6.0;;0.0;0;;;1.0;33.0;8.0;2.0;2.0;17.0;1.0;;10;7;2019;21:10;1.0;14;14024;1;9.0;1.0;3.0;d163 route de la corniche;49,3073590; -0,0346860;3;163;0.0;;2.0;2;0.0;1.0;4;500;1.0;;;1.0;0.0;1.0;70.0;Calvados;28;Normandie
201900004162;138Â 298Â 698;A01;2.0;2;1.0;1.0;1938.0;1.0;1.0;;;0.0;0;;;0.0;7.0;0.0;2.0;3.0;5.0;1.0;;10;7;2019;17:02;1.0;50;50304;1;1.0;1.0;6.0;Rue de la Perrelle;48,9442580; -1,3880790;3;7;;;2.0;2;0.0;4.0;(1);(1);2.0;;;1.0;0.0;1.0;80.0;Manche;28;Normandie
201900004162;138Â 298Â 698;A01;1.0;1;1.0;2.0;1943.0;5.0;1.0;;;0.0;0;;;0.0;7.0;0.0;2.0;3.0;5.0;1.0;;10;7;2019;17:02;1.0;50;50304;1;1.0;1.0;6.0;Rue de la Perrelle;48,9442580; -1,3880790;3;7;;;2.0;2;0.0;4.0;(1);(1);2.0;;;1.0;0.0;1.0;80.0;Manche;28;Normandie
201900004162;138Â 298Â 699;B01;1.0;1;2.0;1.0;1995.0;1.0;1.0;;;0.0;0;;;0.0;7.0;0.0;2.0;8.0;1.0;1.0;;10;7;2019;17:02;1.0;50;50304;1;1.0;1.0;6.0;Rue de la Perrelle;48,9442580; -1,3880790;3;7;;;2.0;2;0.0;4.0;(1);(1);2.0;;;1.0;0.0;1.0;80.0;Manche;28;Normandie
201900004162;138Â 298Â 700;C01;2.0;2;1.0;2.0;2001.0;0.0;1.0;;;0.0;0;;;0.0;7.0;0.0;2.0;1.0;1.0;1.0;;10;7;2019;17:02;1.0;50;50304;1;1.0;1.0;6.0;Rue de la Perrelle;48,9442580; -1,3880790;3;7;;;2.0;2;0.0;4.0;(1);(1);2.0;;;1.0;0.0;1.0;80.0;Manche;28;Normandie
201900004162;138Â 298Â 700;C01;1.0;1;3.0;2.0;1991.0;0.0;1.0;;;0.0;0;;;0.0;7.0;0.0;2.0;1.0;1.0;1.0;;10;7;2019;17:02;1.0;50;50304;1;1.0;1.0;6.0;Rue de la Perrelle;48,9442580; -1,3880790;3;7;;;2.0;2;0.0;4.0;(1);(1);2.0;;;1.0;0.0;1.0;80.0;Manche;28;Normandie
201900004163;138Â 298Â 697;A01;2.0;2;1.0;2.0;1951.0;5.0;1.0;;;0.0;0;;;2.0;7.0;0.0;0.0;0.0;1.0;1.0;;2;7;2019;14:55;1.0;64;64273;1;1.0;1.0;7.0;dÃ©partemetale 08;43,2656850; -1,2195710;3;08;;;2.0;2;0.0;1.0;21;950;1.0;;;1.0;0.0;8.0;80.0;Pyrénées-Atlantiques;75;Nouvelle-Aquitaine
201900004163;138Â 298Â 697;A01;1.0;1;4.0;1.0;1940.0;1.0;1.0;;;0.0;0;;;2.0;7.0;0.0;0.0;0.0;1.0;1.0;;2;7;2019;14:55;1.0;64;64273;1;1.0;1.0;7.0;dÃ©partemetale 08;43,2656850; -1,2195710;3;08;;;2.0;2;0.0;1.0;21;950;1.0;;;1.0;0.0;8.0;80.0;Pyrénées-Atlantiques;75;Nouvelle-Aquitaine
201900004164;138Â 298Â 696;A01;1.0;1;3.0;1.0;1949.0;5.0;1.0;;;0.0;0;;;2.0;7.0;2.0;0.0;0.0;14.0;1.0;;10;7;2019;08:50;1.0;53;53013;1;1.0;1.0;7.0;CD 121 PK 003.800;48,3590300; -0,2322320;3;121;;;2.0;2;0.0;2.0;3;800;2.0;;;1.0;0.0;3.0;80.0;Mayenne;52;Pays de la Loire
201900004165;138Â 298Â 695;A01;1.0;1;1.0;1.0;1963.0;9.0;1.0;;;0.0;0;;;2.0;7.0;0.0;1.0;1.0;1.0;1.0;;10;7;2019;08:55;1.0;85;85246;2;1.0;7.0;6.0;89 Rue Docteur Gauducheau;46,7206200; -1,1780100;3;7;;;2.0;2;0.0;1.0;28;234;1.0;;;1.0;0.0;1.0;50.0;Vendée;52;Pays de la Loire
201900004165;138Â 298Â 695;A01;10.0;3;2.0;1.0;1932.0;5.0;0.0;;;2.0;3;1.0;;2.0;7.0;0.0;1.0;1.0;1.0;1.0;;10;7;2019;08:55;1.0;85;85246;2;1.0;7.0;6.0;89 Rue Docteur Gauducheau;46,7206200; -1,1780100;3;7;;;2.0;2;0.0;1.0;28;234;1.0;;;1.0;0.0;1.0;50.0;Vendée;52;Pays de la Loire
201900004166;138Â 298Â 694;A01;1.0;1;3.0;2.0;1999.0;9.0;1.0;;;0.0;0;;;1.0;7.0;2.0;0.0;3.0;1.0;0.0;;5;7;2019;16:35;1.0;37;37053;1;1.0;1.0;6.0;D21;47,1371048;0,9744315;3;21;;;2.0;2;0.0;1.0;63;(1);1.0;;;1.0;0.0;3.0;80.0;Indre-et-Loire;24;Centre-Val de Loire
201900004167;138Â 298Â 693;A01;2.0;2;4.0;2.0;1959.0;5.0;0.0;;;0.0;0;;;1.0;7.0;7.0;0.0;9.0;1.0;1.0;;10;7;2019;12:40;1.0;30;30276;1;1.0;1.0;7.0;Route des Saintes-MariÃ©s de la Mer;43,5830900;4,2450030;3;58;;;2.0;2;0.0;1.0;1;500;1.0;;;1.0;0.0;3.0;80.0;Gard;76;Occitanie
201900004167;138Â 298Â 693;A01;1.0;1;2.0;1.0;1947.0;5.0;1.0;;;0.0;0;;;1.0;7.0;7.0;0.0;9.0;1.0;1.0;;10;7;2019;12:40;1.0;30;30276;1;1.0;1.0;7.0;Route des Saintes-MariÃ©s de la Mer;43,5830900;4,2450030;3;58;;;2.0;2;0.0;1.0;1;500;1.0;;;1.0;0.0;3.0;80.0;Gard;76;Occitanie
201900004168;138Â 298Â 690;A01;1.0;1;4.0;1.0;1970.0;3.0;1.0;;;0.0;0;;;1.0;3.0;0.0;2.0;1.0;1.0;1.0;;10;7;2019;15:05;1.0;08;08037;1;1.0;1.0;5.0;RD8043;49,8626070;4,3578340;3;8043;0.0;;2.0;2;0.0;1.0;75;30;1.0;;;1.0;0.0;1.0;80.0;Ardennes;44;Grand Est
201900004168;138Â 298Â 690;A01;2.0;2;4.0;2.0;1942.0;3.0;1.0;;;0.0;0;;;1.0;3.0;0.0;2.0;1.0;1.0;1.0;;10;7;2019;15:05;1.0;08;08037;1;1.0;1.0;5.0;RD8043;49,8626070;4,3578340;3;8043;0.0;;2.0;2;0.0;1.0;75;30;1.0;;;1.0;0.0;1.0;80.0;Ardennes;44;Grand Est
201900004168;138Â 298Â 691;B01;1.0;1;2.0;2.0;1974.0;0.0;1.0;;;0.0;0;;;2.0;7.0;0.0;2.0;1.0;0.0;1.0;;10;7;2019;15:05;1.0;08;08037;1;1.0;1.0;5.0;RD8043;49,8626070;4,3578340;3;8043;0.0;;2.0;2;0.0;1.0;75;30;1.0;;;1.0;0.0;1.0;80.0;Ardennes;44;Grand Est
201900004168;138Â 298Â 692;C01;1.0;1;1.0;1.0;1968.0;0.0;1.0;;;0.0;0;;;1.0;7.0;0.0;2.0;1.0;0.0;1.0;;10;7;2019;15:05;1.0;08;08037;1;1.0;1.0;5.0;RD8043;49,8626070;4,3578340;3;8043;0.0;;2.0;2;0.0;1.0;75;30;1.0;;;1.0;0.0;1.0;80.0;Ardennes;44;Grand Est
201900004169;138Â 298Â 689;A01;1.0;1;3.0;1.0;1998.0;5.0;2.0;;;0.0;0;;;1.0;30.0;0.0;0.0;0.0;26.0;0.0;;9;7;2019;19:30;3.0;973;97309;2;1.0;1.0;7.0;Route des Plages;4,8607820; -52,2567610;3;1;;;;2;0.0;1.0;15;0;2.0;;;1.0;0.0;8.0;50.0;Guyane;03;Guyane
201900004170;138Â 298Â 687;B01;1.0;1;1.0;2.0;1964.0;4.0;1.0;;;0.0;0;;;0.0;7.0;0.0;2.0;3.0;26.0;1.0;;9;7;2019;11:45;1.0;971;97134;1;1.0;1.0;3.0;Boulevard Commandant Mortenol;16,0577930; -61,7620920;4;13;0.0;;2.0;2;0.0;2.0;6;260;1.0;;;1.0;0.0;1.0;70.0;Guadeloupe;01;Guadeloupe
201900004170;138Â 298Â 688;A01;1.0;1;3.0;1.0;2013.0;0.0;0.0;;;0.0;0;;;0.0;1.0;0.0;2.0;1.0;0.0;5.0;;9;7;2019;11:45;1.0;971;97134;1;1.0;1.0;3.0;Boulevard Commandant Mortenol;16,0577930; -61,7620920;4;13;0.0;;2.0;2;0.0;2.0;6;260;1.0;;;1.0;0.0;1.0;70.0;Guadeloupe;01;Guadeloupe
201900004171;138Â 298Â 686;A01;1.0;1;2.0;1.0;1997.0;5.0;8.0;;;0.0;0;;;3.0;33.0;0.0;0.0;3.0;1.0;1.0;;9;7;2019;14:00;1.0;2B;2B332;1;1.0;1.0;7.0;D81;42,6470210;9,1014230;3;81;0.0;;2.0;2;0.0;2.0;0;600;2.0;;;8.0;0.0;1.0;80.0;Haute-Corse;94;Corse
201900004171;138Â 298Â 686;A01;2.0;2;2.0;2.0;1998.0;5.0;8.0;;;0.0;0;;;3.0;33.0;0.0;0.0;3.0;1.0;1.0;;9;7;2019;14:00;1.0;2B;2B332;1;1.0;1.0;7.0;D81;42,6470210;9,1014230;3;81;0.0;;2.0;2;0.0;2.0;0;600;2.0;;;8.0;0.0;1.0;80.0;Haute-Corse;94;Corse
201900004172;138Â 298Â 684;B01;1.0;1;1.0;1.0;1947.0;5.0;1.0;;;0.0;0;;;3.0;7.0;0.0;2.0;3.0;1.0;1.0;;9;7;2019;18:50;1.0;83;83071;2;1.0;1.0;1.0;Avenue des Collines Bleues;43,1751170;6,2834820;4;;;;2.0;2;0.0;2.0;(1);(1);2.0;;;1.0;0.0;1.0;50.0;Var;93;Provence-Alpes-Côte d'Azur
201900004172;138Â 298Â 685;A01;1.0;1;2.0;1.0;1990.0;9.0;2.0;6.0;;0.0;0;;;3.0;34.0;0.0;2.0;0.0;1.0;1.0;;9;7;2019;18:50;1.0;83;83071;2;1.0;1.0;1.0;Avenue des Collines Bleues;43,1751170;6,2834820;4;;;;2.0;2;0.0;2.0;(1);(1);2.0;;;1.0;0.0;1.0;50.0;Var;93;Provence-Alpes-Côte d'Azur
201900004173;138Â 298Â 683;A01;2.0;2;2.0;2.0;1998.0;5.0;1.0;;;0.0;0;;;3.0;7.0;0.0;0.0;9.0;1.0;1.0;;10;7;2019;07:00;1.0;04;04152;1;1.0;1.0;7.0;Ch des plaines;43,8068790;5,7693280;4;Ch des plaines;;;2.0;2;0.0;1.0;(1);(1);2.0;;;6.0;0.0;3.0;70.0;Alpes-de-Haute-Provence;93;Provence-Alpes-Côte d'Azur
201900004173;138Â 298Â 683;A01;1.0;1;1.0;2.0;1999.0;5.0;1.0;;;0.0;0;;;3.0;7.0;0.0;0.0;9.0;1.0;1.0;;10;7;2019;07:00;1.0;04;04152;1;1.0;1.0;7.0;Ch des plaines;43,8068790;5,7693280;4;Ch des plaines;;;2.0;2;0.0;1.0;(1);(1);2.0;;;6.0;0.0;3.0;70.0;Alpes-de-Haute-Provence;93;Provence-Alpes-Côte d'Azur
201900004173;138Â 298Â 683;A01;2.0;2;2.0;2.0;1999.0;5.0;1.0;;;0.0;0;;;3.0;7.0;0.0;0.0;9.0;1.0;1.0;;10;7;2019;07:00;1.0;04;04152;1;1.0;1.0;7.0;Ch des plaines;43,8068790;5,7693280;4;Ch des plaines;;;2.0;2;0.0;1.0;(1);(1);2.0;;;6.0;0.0;3.0;70.0;Alpes-de-Haute-Provence;93;Provence-Alpes-Côte d'Azur
201900004174;138Â 298Â 680;C01;1.0;1;3.0;1.0;1959.0;5.0;1.0;;;0.0;0;;;2.0;7.0;0.0;2.0;1.0;1.0;1.0;;9;7;2019;17:20;1.0;04;04242;1;1.0;1.0;5.0;RD 4096;43,8813720;5,8505780;3;4096;0.0;;2.0;2;0.0;2.0;19;150;1.0;;;1.0;8.0;1.0;70.0;Alpes-de-Haute-Provence;93;Provence-Alpes-Côte d'Azur
201900004174;138Â 298Â 681;B01;2.0;2;2.0;2.0;1938.0;5.0;1.0;;;0.0;0;;;1.0;7.0;0.0;2.0;8.0;1.0;1.0;;9;7;2019;17:20;1.0;04;04242;1;1.0;1.0;5.0;RD 4096;43,8813720;5,8505780;3;4096;0.0;;2.0;2;0.0;2.0;19;150;1.0;;;1.0;8.0;1.0;70.0;Alpes-de-Haute-Provence;93;Provence-Alpes-Côte d'Azur