Num_Acc;id_vehicule;num_veh;place;catu;grav;sexe;an_nais;trajet;secu1;secu2;secu3;locp;actp;etatp;id_usager;senc;catv;obs;obsm;choc;manv;motor;occutc;jour;mois;an;hrmn;lum;dep;com;agg;int;atm;col;adr;lat;long;catr;voie;v1;v2;circ;nbv;vosp;prof;pr;pr1;plan;lartpc;larrout;surf;infra;situ;vma;nom_departement;reg;nom_region
201900004174;138Â 298Â 681;B01;1.0;1;2.0;1.0;1936.0;9.0;1.0;;;0.0;0;;;1.0;7.0;0.0;2.0;8.0;1.0;1.0;;9;7;2019;17:20;1.0;04;04242;1;1.0;1.0;5.0;RD 4096;43,8813720;5,8505780;3;4096;0.0;;2.0;2;0.0;2.0;19;150;1.0;;;1.0;8.0;1.0;70.0;Alpes-de-Haute-Provence;93;Provence-Alpes-Côte d'Azur
201900004174;138Â 298Â 682;A01;2.0;2;3.0;1.0;1998.0;5.0;1.0;;;0.0;0;;;1.0;7.0;0.0;2.0;1.0;17.0;1.0;;9;7;2019;17:20;1.0;04;04242;1;1.0;1.0;5.0;RD 4096;43,8813720;5,8505780;3;4096;0.0;;2.0;2;0.0;2.0;19;150;1.0;;;1.0;8.0;1.0;70.0;Alpes-de-Haute-Provence;93;Provence-Alpes-Côte d'Azur
201900004174;138Â 298Â 682;A01;1.0;1;3.0;1.0;1954.0;5.0;1.0;;;0.0;0;;;1.0;7.0;0.0;2.0;1.0;17.0;1.0;;9;7;2019;17:20;1.0;04;04242;1;1.0;1.0;5.0;RD 4096;43,8813720;5,8505780;3;4096;0.0;;2.0;2;0.0;2.0;19;150;1.0;;;1.0;8.0;1.0;70.0;Alpes-de-Haute-Provence;93;Provence-Alpes-Côte d'Azur
201900004175;138Â 298Â 679;A01;1.0;1;2.0;1.0;1993.0;5.0;0.0;;;0.0;0;;;0.0;33.0;0.0;0.0;0.0;1.0;1.0;;7;7;2019;01:50;5.0;70;70446;2;1.0;1.0;7.0;17 Rue des Ãpoux Blanchot;47,4696740;5,6229330;3;2;;;2.0;2;0.0;1.0;15;70;1.0;;;1.0;0.0;1.0;50.0;Haute-Saône;27;Bourgogne-Franche-Comté
201900004176;138Â 298Â 678;A01;1.0;1;3.0;1.0;2002.0;5.0;2.0;;;0.0;0;;;2.0;2.0;12.0;0.0;3.0;13.0;1.0;;9;7;2019;01:00;3.0;58;58051;2;1.0;1.0;6.0;Rue du 19 Mars 1962;46,9516800;3,1541790;3;265;0.0;D;2.0;2;0.0;3.0;201;0;1.0;;;1.0;0.0;4.0;50.0;Nièvre;27;Bourgogne-Franche-Comté
201900004177;138Â 298Â 677;A01;1.0;1;3.0;1.0;2003.0;5.0;2.0;6.0;;0.0;0;;;3.0;2.0;6.0;0.0;1.0;1.0;1.0;;9;7;2019;19:20;1.0;55;55427;2;3.0;1.0;6.0;2 rue des chanoines rev;48,8281010;4,9832670;4;/;0.0;;2.0;2;0.0;1.0;0;0;3.0;;;1.0;5.0;1.0;50.0;Meuse;44;Grand Est
201900004178;138Â 298Â 676;A01;1.0;1;3.0;1.0;1974.0;9.0;2.0;;;0.0;0;;;1.0;1.0;12.0;0.0;2.0;0.0;0.0;;8;7;2019;14:45;1.0;54;54397;2;1.0;1.0;7.0;94 Rue Pierre et Marie Curie;48,6134900;6,1186690;3;94;;;2.0;2;0.0;1.0;(1);(1);1.0;;;1.0;0.0;1.0;50.0;Meurthe-et-Moselle;44;Grand Est
201900004179;138Â 298Â 675;A01;1.0;1;3.0;1.0;1973.0;5.0;2.0;6.0;9.0;0.0;0;;;2.0;33.0;8.0;0.0;7.0;17.0;1.0;;5;7;2019;01:40;5.0;74;74094;2;6.0;1.0;6.0;Route des Chasseurs;46,2040575;6,2851270;3;1206;0.0;;2.0;2;0.0;1.0;(1);(1);1.0;;;1.0;0.0;1.0;50.0;Haute-Savoie;84;Auvergne-Rhône-Alpes
201900004180;138Â 298Â 673;B01;1.0;1;2.0;1.0;2002.0;1.0;2.0;6.0;;0.0;0;;;2.0;2.0;0.0;2.0;1.0;1.0;1.0;;9;7;2019;18:15;1.0;73;73150;1;3.0;1.0;3.0;RD220 / RD86B;45,5665981;6,7152430;3;220;;;2.0;2;0.0;1.0;6;47;1.0;;;1.0;0.0;1.0;80.0;Savoie;84;Auvergne-Rhône-Alpes
201900004180;138Â 298Â 674;A01;1.0;1;1.0;1.0;1974.0;1.0;1.0;;;0.0;0;;;1.0;7.0;0.0;2.0;7.0;15.0;1.0;;9;7;2019;18:15;1.0;73;73150;1;3.0;1.0;3.0;RD220 / RD86B;45,5665981;6,7152430;3;220;;;2.0;2;0.0;1.0;6;47;1.0;;;1.0;0.0;1.0;80.0;Savoie;84;Auvergne-Rhône-Alpes
201900004181;138Â 298Â 672;A01;1.0;1;2.0;1.0;1949.0;5.0;2.0;;;0.0;0;;;2.0;1.0;0.0;9.0;0.0;1.0;5.0;;10;7;2019;10:50;1.0;26;26182;1;1.0;1.0;7.0;Route dÃ©partementale 538;44,3323010;5,1075100;3;538;;;2.0;;;1.0;142;800;1.0;;;1.0;0.0;1.0;80.0;Drôme;84;Auvergne-Rhône-Alpes
201900004182;138Â 298Â 670;B01;1.0;1;2.0;1.0;1997.0;0.0;8.0;;;0.0;0;;;1.0;33.0;0.0;2.0;1.0;1.0;1.0;;9;7;2019;17:50;1.0;01;01262;2;1.0;1.0;3.0;368 Faubourg de Lyon;45,8485910;5,0484310;3;1084;;;2.0;2;0.0;1.0;11;260;1.0;;;1.0;9.0;1.0;50.0;Ain;84;Auvergne-Rhône-Alpes
201900004182;138Â 298Â 671;A01;1.0;1;1.0;1.0;1978.0;0.0;8.0;;;0.0;0;;;1.0;7.0;0.0;2.0;3.0;10.0;1.0;;9;7;2019;17:50;1.0;01;01262;2;1.0;1.0;3.0;368 Faubourg de Lyon;45,8485910;5,0484310;3;1084;;;2.0;2;0.0;1.0;11;260;1.0;;;1.0;9.0;1.0;50.0;Ain;84;Auvergne-Rhône-Alpes
201900004183;138Â 298Â 669;A01;1.0;1;2.0;1.0;1997.0;5.0;1.0;;;0.0;0;;;1.0;7.0;0.0;0.0;9.0;1.0;1.0;;10;7;2019;14:20;1.0;33;33077;1;1.0;1.0;6.0;RD651;44,5782700; -0,6008700;3;651;;;2.0;2;0.0;1.0;24;700;2.0;;;1.0;0.0;1.0;80.0;Gironde;75;Nouvelle-Aquitaine
201900004183;138Â 298Â 669;A01;2.0;2;2.0;1.0;1999.0;5.0;8.0;;;0.0;0;;;1.0;7.0;0.0;0.0;9.0;1.0;1.0;;10;7;2019;14:20;1.0;33;33077;1;1.0;1.0;6.0;RD651;44,5782700; -0,6008700;3;651;;;2.0;2;0.0;1.0;24;700;2.0;;;1.0;0.0;1.0;80.0;Gironde;75;Nouvelle-Aquitaine
201900004183;138Â 298Â 669;A01;7.0;2;3.0;2.0;1996.0;5.0;0.0;;;0.0;0;;;1.0;7.0;0.0;0.0;9.0;1.0;1.0;;10;7;2019;14:20;1.0;33;33077;1;1.0;1.0;6.0;RD651;44,5782700; -0,6008700;3;651;;;2.0;2;0.0;1.0;24;700;2.0;;;1.0;0.0;1.0;80.0;Gironde;75;Nouvelle-Aquitaine
201900004183;138Â 298Â 669;A01;8.0;2;2.0;1.0;2002.0;5.0;8.0;;;0.0;0;;;1.0;7.0;0.0;0.0;9.0;1.0;1.0;;10;7;2019;14:20;1.0;33;33077;1;1.0;1.0;6.0;RD651;44,5782700; -0,6008700;3;651;;;2.0;2;0.0;1.0;24;700;2.0;;;1.0;0.0;1.0;80.0;Gironde;75;Nouvelle-Aquitaine
201900004183;138Â 298Â 669;A01;9.0;2;2.0;1.0;2002.0;5.0;8.0;;;0.0;0;;;1.0;7.0;0.0;0.0;9.0;1.0;1.0;;10;7;2019;14:20;1.0;33;33077;1;1.0;1.0;6.0;RD651;44,5782700; -0,6008700;3;651;;;2.0;2;0.0;1.0;24;700;2.0;;;1.0;0.0;1.0;80.0;Gironde;75;Nouvelle-Aquitaine
201900004184;138Â 298Â 667;B01;1.0;1;2.0;1.0;1970.0;1.0;2.0;6.0;;0.0;0;;;3.0;33.0;0.0;0.0;1.0;1.0;1.0;;9;7;2019;15:00;1.0;33;33487;2;1.0;1.0;3.0;121 Avenue Gustave Eiffel;44,9418850; -0,4707440;4;ex D1010;;;2.0;2;0.0;1.0;(1);(1);1.0;;;1.0;0.0;1.0;70.0;Gironde;75;Nouvelle-Aquitaine
201900004184;138Â 298Â 668;A01;2.0;2;1.0;2.0;2001.0;5.0;2.0;6.0;;0.0;0;;;3.0;2.0;0.0;2.0;8.0;15.0;1.0;;9;7;2019;15:00;1.0;33;33487;2;1.0;1.0;3.0;121 Avenue Gustave Eiffel;44,9418850; -0,4707440;4;ex D1010;;;2.0;2;0.0;1.0;(1);(1);1.0;;;1.0;0.0;1.0;70.0;Gironde;75;Nouvelle-Aquitaine
201900004184;138Â 298Â 668;A01;1.0;1;1.0;1.0;2002.0;5.0;2.0;6.0;;0.0;0;;;3.0;2.0;0.0;2.0;8.0;15.0;1.0;;9;7;2019;15:00;1.0;33;33487;2;1.0;1.0;3.0;121 Avenue Gustave Eiffel;44,9418850; -0,4707440;4;ex D1010;;;2.0;2;0.0;1.0;(1);(1);1.0;;;1.0;0.0;1.0;70.0;Gironde;75;Nouvelle-Aquitaine
201900004185;138Â 298Â 666;A01;1.0;1;4.0;1.0;1967.0;5.0;8.0;;;0.0;0;;;1.0;7.0;2.0;0.0;1.0;1.0;1.0;;10;7;2019;01:00;3.0;33;33376;1;1.0;1.0;6.0;Route de Cujac;44,9341350; -0,7153360;4;Route de Louens;;;2.0;2;0.0;1.0;13;945;1.0;;;1.0;0.0;3.0;80.0;Gironde;75;Nouvelle-Aquitaine
201900004186;138Â 298Â 664;B01;1.0;1;3.0;2.0;1940.0;5.0;0.0;;;0.0;0;;;1.0;1.0;0.0;0.0;4.0;9.0;5.0;;10;7;2019;10:20;1.0;44;44110;2;6.0;1.0;2.0;rond point des combattants;47,4378460; -1,4998950;3;26;;;;1;0.0;1.0;(1);(1);3.0;;;1.0;5.0;1.0;50.0;Loire-Atlantique;52;Pays de la Loire
201900004186;138Â 298Â 665;A01;1.0;1;1.0;1.0;1944.0;5.0;1.0;;;0.0;0;;;1.0;7.0;0.0;2.0;2.0;9.0;1.0;;10;7;2019;10:20;1.0;44;44110;2;6.0;1.0;2.0;rond point des combattants;47,4378460; -1,4998950;3;26;;;;1;0.0;1.0;(1);(1);3.0;;;1.0;5.0;1.0;50.0;Loire-Atlantique;52;Pays de la Loire
201900004187;138Â 298Â 661;B01;2.0;1;2.0;1.0;1983.0;0.0;2.0;6.0;;; -1;;;2.0;34.0;0.0;2.0;1.0;1.0;1.0;;9;7;2019;19:10;1.0;13;13071;1;1.0;1.0;2.0;A55-Sens Martigues vers Marseille;43,3725300;5,3202030;1;55;0.0;;3.0;3;0.0;2.0;10;199;1.0;;;1.0;0.0;1.0;90.0;Bouches-du-Rhône;93;Provence-Alpes-Côte d'Azur
201900004187;138Â 298Â 661;B01;2.0;2;2.0;2.0;1963.0;5.0;2.0;6.0;;; -1;;;2.0;34.0;0.0;2.0;1.0;1.0;1.0;;9;7;2019;19:10;1.0;13;13071;1;1.0;1.0;2.0;A55-Sens Martigues vers Marseille;43,3725300;5,3202030;1;55;0.0;;3.0;3;0.0;2.0;10;199;1.0;;;1.0;0.0;1.0;90.0;Bouches-du-Rhône;93;Provence-Alpes-Côte d'Azur
201900004187;138Â 298Â 662;A01;1.0;1;2.0;2.0;1994.0;0.0;1.0;0.0;;; -1;;;2.0;7.0;0.0;2.0;5.0;1.0;1.0;;9;7;2019;19:10;1.0;13;13071;1;1.0;1.0;2.0;A55-Sens Martigues vers Marseille;43,3725300;5,3202030;1;55;0.0;;3.0;3;0.0;2.0;10;199;1.0;;;1.0;0.0;1.0;90.0;Bouches-du-Rhône;93;Provence-Alpes-Côte d'Azur
201900004188;138Â 298Â 659;A01;1.0;1;2.0;2.0;2000.0;0.0;1.0;0.0;;;0;;;2.0;10.0;0.0;2.0;1.0;1.0;1.0;;9;7;2019;11:45;1.0;13;13056;1;1.0;2.0;2.0;A55-Sens Martigues vers Marseille;43,3994540;5,0449070;1;55;0.0;;3.0;2;0.0;1.0;268;0;1.0;;;1.0;0.0;1.0;90.0;Bouches-du-Rhône;93;Provence-Alpes-Côte d'Azur
201900004188;138Â 298Â 660;B01;1.0;1;1.0;1.0;1963.0;5.0;1.0;0.0;;;0;;;2.0;7.0;0.0;2.0;4.0;1.0;1.0;;9;7;2019;11:45;1.0;13;13056;1;1.0;2.0;2.0;A55-Sens Martigues vers Marseille;43,3994540;5,0449070;1;55;0.0;;3.0;2;0.0;1.0;268;0;1.0;;;1.0;0.0;1.0;90.0;Bouches-du-Rhône;93;Provence-Alpes-Côte d'Azur
201900004188;138Â 298Â 660;B01;4.0;2;1.0;2.0;1985.0;5.0;1.0;0.0;;; -1;;;2.0;7.0;0.0;2.0;4.0;1.0;1.0;;9;7;2019;11:45;1.0;13;13056;1;1.0;2.0;2.0;A55-Sens Martigues vers Marseille;43,3994540;5,0449070;1;55;0.0;;3.0;2;0.0;1.0;268;0;1.0;;;1.0;0.0;1.0;90.0;Bouches-du-Rhône;93;Provence-Alpes-Côte d'Azur
201900004188;138Â 298Â 660;B01;4.0;2;1.0;2.0;1995.0;5.0;1.0;0.0;;;0;;;2.0;7.0;0.0;2.0;4.0;1.0;1.0;;9;7;2019;11:45;1.0;13;13056;1;1.0;2.0;2.0;A55-Sens Martigues vers Marseille;43,3994540;5,0449070;1;55;0.0;;3.0;2;0.0;1.0;268;0;1.0;;;1.0;0.0;1.0;90.0;Bouches-du-Rhône;93;Provence-Alpes-Côte d'Azur
201900004188;138Â 298Â 660;B01;2.0;2;1.0;2.0;1969.0;5.0;1.0;0.0;;; -1;;;2.0;7.0;0.0;2.0;4.0;1.0;1.0;;9;7;2019;11:45;1.0;13;13056;1;1.0;2.0;2.0;A55-Sens Martigues vers Marseille;43,3994540;5,0449070;1;55;0.0;;3.0;2;0.0;1.0;268;0;1.0;;;1.0;0.0;1.0;90.0;Bouches-du-Rhône;93;Provence-Alpes-Côte d'Azur
201900004189;138Â 298Â 658;A01;1.0;1;2.0;1.0;1986.0;0.0;1.0;0.0;;; -1;;;1.0;7.0;0.0;0.0;9.0;0.0;1.0;;9;7;2019;09:25;1.0;13;13216;1;1.0;2.0;6.0;A55-Sens Marseille vers Martigues;43,3636130;5,3410180;1;55;0.0;;1.0;3;0.0;2.0;8;0;1.0;;;2.0;0.0;1.0;90.0;Bouches-du-Rhône;93;Provence-Alpes-Côte d'Azur
201900004190;138Â 298Â 655;C01;1.0;1;2.0;2.0;1972.0;4.0;1.0;0.0;;;0;;;2.0;7.0;0.0;2.0;1.0;1.0;1.0;;9;7;2019;09:35;1.0;13;13071;1;1.0;2.0;4.0;A7-Sens Marseille vers Lyon;43,4036660;5,3089060;1;7;0.0;;3.0;3;0.0;1.0;268;0;1.0;;;2.0;0.0;1.0;110.0;Bouches-du-Rhône;93;Provence-Alpes-Côte d'Azur
201900004190;138Â 298Â 656;B01;1.0;1;1.0;1.0;1993.0;4.0;1.0;0.0;;;0;;;2.0;10.0;0.0;2.0;9.0;23.0;1.0;;9;7;2019;09:35;1.0;13;13071;1;1.0;2.0;4.0;A7-Sens Marseille vers Lyon;43,4036660;5,3089060;1;7;0.0;;3.0;3;0.0;1.0;268;0;1.0;;;2.0;0.0;1.0;110.0;Bouches-du-Rhône;93;Provence-Alpes-Côte d'Azur
201900004190;138Â 298Â 657;A01;1.0;1;1.0;2.0;1985.0;1.0;1.0;0.0;;;0;;;2.0;7.0;0.0;2.0;4.0;23.0;1.0;;9;7;2019;09:35;1.0;13;13071;1;1.0;2.0;4.0;A7-Sens Marseille vers Lyon;43,4036660;5,3089060;1;7;0.0;;3.0;3;0.0;1.0;268;0;1.0;;;2.0;0.0;1.0;110.0;Bouches-du-Rhône;93;Provence-Alpes-Côte d'Azur
201900004191;138Â 298Â 653;B01;2.0;2;2.0;1.0;1977.0;5.0;1.0;0.0;;0.0;0;;;2.0;7.0;0.0;2.0;4.0;23.0;1.0;;8;7;2019;17:15;1.0;69;69091;1;1.0;1.0;2.0;A47   1.809 A 5.620;45,5791300;4,7298100;1;47;0.0;;3.0;4;0.0;1.0;5;699;1.0;;;1.0;0.0;1.0;90.0;Rhône;84;Auvergne-Rhône-Alpes
201900004191;138Â 298Â 653;B01;1.0;1;2.0;2.0;1977.0;0.0;1.0;0.0;;0.0;0;;;2.0;7.0;0.0;2.0;4.0;23.0;1.0;;8;7;2019;17:15;1.0;69;69091;1;1.0;1.0;2.0;A47   1.809 A 5.620;45,5791300;4,7298100;1;47;0.0;;3.0;4;0.0;1.0;5;699;1.0;;;1.0;0.0;1.0;90.0;Rhône;84;Auvergne-Rhône-Alpes
201900004191;138Â 298Â 654;A01;2.0;2;2.0;1.0;2001.0;5.0;1.0;0.0;;0.0;0;;;2.0;7.0;0.0;2.0;1.0;2.0;1.0;;8;7;2019;17:15;1.0;69;69091;1;1.0;1.0;2.0;A47   1.809 A 5.620;45,5791300;4,7298100;1;47;0.0;;3.0;4;0.0;1.0;5;699;1.0;;;1.0;0.0;1.0;90.0;Rhône;84;Auvergne-Rhône-Alpes
201900004191;138Â 298Â 654;A01;1.0;1;1.0;1.0;2001.0;5.0;1.0;0.0;;0.0;0;;;2.0;7.0;0.0;2.0;1.0;2.0;1.0;;8;7;2019;17:15;1.0;69;69091;1;1.0;1.0;2.0;A47   1.809 A 5.620;45,5791300;4,7298100;1;47;0.0;;3.0;4;0.0;1.0;5;699;1.0;;;1.0;0.0;1.0;90.0;Rhône;84;Auvergne-Rhône-Alpes
201900004192;138Â 298Â 652;A01;1.0;1;4.0;1.0;1960.0;5.0;2.0;4.0;;; -1;;;2.0;33.0;15.0;0.0;1.0;14.0;1.0;;8;7;2019;12:10;1.0;57;57137;1;1.0;1.0;7.0;Autoroute A31;48,9734300;6,1043200;1;31;0.0;;1.0;4;0.0;1.0;284;700;1.0;;;1.0;0.0;1.0;110.0;Moselle;44;Grand Est
201900004192;138Â 298Â 652;A01;2.0;2;4.0;2.0;1960.0;5.0;2.0;4.0;;; -1;;;2.0;33.0;15.0;0.0;1.0;14.0;1.0;;8;7;2019;12:10;1.0;57;57137;1;1.0;1.0;7.0;Autoroute A31;48,9734300;6,1043200;1;31;0.0;;1.0;4;0.0;1.0;284;700;1.0;;;1.0;0.0;1.0;110.0;Moselle;44;Grand Est
201900004193;138Â 298Â 649;B01;1.0;1;2.0;1.0;1988.0;5.0;1.0;8.0;;0.0;0;;;2.0;10.0;0.0;2.0;4.0;23.0;0.0;;8;7;2019;21:52;2.0;91;91553;1;1.0;1.0;2.0;RN 104;48,6299370;2,4841340;2;104;0.0;;3.0;7;0.0;1.0;33;200;1.0;;;1.0;0.0;3.0;110.0;Essonne;11;Île-de-France
201900004193;138Â 298Â 650;A01;1.0;1;1.0;1.0;1993.0;5.0;1.0;8.0;;0.0;0;;;2.0;10.0;0.0;2.0;1.0;2.0;0.0;;8;7;2019;21:52;2.0;91;91553;1;1.0;1.0;2.0;RN 104;48,6299370;2,4841340;2;104;0.0;;3.0;7;0.0;1.0;33;200;1.0;;;1.0;0.0;3.0;110.0;Essonne;11;Île-de-France
201900004194;138Â 298Â 646;B01;1.0;1;2.0;2.0;1948.0;0.0;1.0;0.0;;;0;;;1.0;7.0;4.0;2.0;4.0;1.0;1.0;;9;7;2019;10:00;1.0;78;78498;1;1.0;1.0;2.0;A13;48,9186120;2,0051570;1;13;0.0;;1.0;3;0.0;3.0;24;500;1.0;;;1.0;0.0;3.0;110.0;Yvelines;11;Île-de-France
201900004194;138Â 298Â 647;A01;1.0;1;2.0;2.0;1996.0;9.0;8.0;0.0;;;0;;;1.0;7.0;0.0;2.0;1.0;2.0;1.0;;9;7;2019;10:00;1.0;78;78498;1;1.0;1.0;2.0;A13;48,9186120;2,0051570;1;13;0.0;;1.0;3;0.0;3.0;24;500;1.0;;;1.0;0.0;3.0;110.0;Yvelines;11;Île-de-France
201900004195;138Â 298Â 645;A01;2.0;2;2.0;1.0;1990.0;1.0;1.0;8.0;;;0;;;2.0;7.0;0.0;0.0;9.0;14.0;1.0;;8;7;2019;17:00;1.0;95;95061;1;1.0;1.0;7.0;RN 104;49,0679500;2,2546100;2;104;0.0;;3.0;4;0.0;1.0;1;200;2.0;;;1.0;0.0;1.0;110.0;Val-d'Oise;11;Île-de-France
201900004195;138Â 298Â 645;A01;1.0;1;2.0;1.0;1985.0;1.0;1.0;8.0;;;0;;;2.0;7.0;0.0;0.0;9.0;14.0;1.0;;8;7;2019;17:00;1.0;95;95061;1;1.0;1.0;7.0;RN 104;49,0679500;2,2546100;2;104;0.0;;3.0;4;0.0;1.0;1;200;2.0;;;1.0;0.0;1.0;110.0;Val-d'Oise;11;Île-de-France
201900004196;138Â 298Â 643;A01;1.0;1;2.0;1.0;1994.0;1.0;1.0;0.0;;;0;;;2.0;7.0;4.0;2.0;1.0;13.0;1.0;;8;7;2019;17:45;1.0;95;95365;1;1.0;1.0;3.0;RN 104;49,0647700;2,4103600;2;104;0.0;;3.0;4;0.0;1.0;14;300;2.0;;;1.0;0.0;1.0;110.0;Val-d'Oise;11;Île-de-France
201900004196;138Â 298Â 644;B01;1.0;1;1.0;2.0;1976.0;1.0;1.0;0.0;;;0;;;2.0;7.0;0.0;2.0;3.0;1.0;1.0;;8;7;2019;17:45;1.0;95;95365;1;1.0;1.0;3.0;RN 104;49,0647700;2,4103600;2;104;0.0;;3.0;4;0.0;1.0;14;300;2.0;;;1.0;0.0;1.0;110.0;Val-d'Oise;11;Île-de-France
201900004197;138Â 298Â 642;A01;1.0;1;2.0;1.0;1990.0;0.0;2.0;0.0;;; -1;;;1.0;33.0;4.0;0.0;0.0;3.0;1.0;;8;7;2019;13:00;1.0;93;93053;1;1.0;1.0;6.0;AUTOROUTE A3;48,8829200;2,4574200;1;3;0.0;;3.0;7;0.0;2.0;3;900;1.0;;;1.0;0.0;1.0;90.0;Seine-Saint-Denis;11;Île-de-France
201900004198;138Â 298Â 638;B01;1.0;1;1.0;1.0;1998.0;2.0;1.0;4.0;;;0;;;1.0;7.0;0.0;2.0;2.0;1.0;1.0;;8;7;2019;19:40;1.0;94;94073;1;1.0;1.0;4.0;A86 INT;48,7629300;2,3811500;1;86;0.0;INT;;3;0.0;1.0;46;0;1.0;;;1.0;1.0;1.0;70.0;Val-de-Marne;11;Île-de-France
201900004198;138Â 298Â 639;A01;1.0;1;3.0;1.0;1992.0;0.0;2.0;6.0;;;0;;;1.0;33.0;0.0;2.0;1.0;3.0;1.0;;8;7;2019;19:40;1.0;94;94073;1;1.0;1.0;4.0;A86 INT;48,7629300;2,3811500;1;86;0.0;INT;;3;0.0;1.0;46;0;1.0;;;1.0;1.0;1.0;70.0;Val-de-Marne;11;Île-de-France
201900004198;138Â 298Â 640;D01;1.0;1;1.0;1.0;1978.0;4.0;1.0;4.0;;;0;;;1.0;13.0;0.0;2.0;6.0;1.0;1.0;;8;7;2019;19:40;1.0;94;94073;1;1.0;1.0;4.0;A86 INT;48,7629300;2,3811500;1;86;0.0;INT;;3;0.0;1.0;46;0;1.0;;;1.0;1.0;1.0;70.0;Val-de-Marne;11;Île-de-France
201900004198;138Â 298Â 641;C01;1.0;1;1.0;1.0;1963.0;1.0;1.0;4.0;;;0;;;1.0;7.0;0.0;2.0;3.0;1.0;1.0;;8;7;2019;19:40;1.0;94;94073;1;1.0;1.0;4.0;A86 INT;48,7629300;2,3811500;1;86;0.0;INT;;3;0.0;1.0;46;0;1.0;;;1.0;1.0;1.0;70.0;Val-de-Marne;11;Île-de-France
201900004199;138Â 298Â 635;B01;1.0;1;1.0;1.0;1964.0;9.0;1.0;0.0;;;0;;;2.0;7.0;0.0;2.0;3.0;1.0;0.0;;25;5;2019;07:15;1.0;972;97213;1;1.0;1.0;5.0;ROUTE DEPARTEMENTALE 3;14,6383290; -60,9917200;3;3;0.0;;2.0;2;0.0;4.0;5;10;2.0;;;1.0;0.0;1.0;50.0;Martinique;02;Martinique
201900004199;138Â 298Â 636;A01;1.0;1;1.0;1.0;1973.0;0.0;1.0;0.0;;;0;;;1.0;7.0;0.0;2.0;7.0;17.0;1.0;;25;5;2019;07:15;1.0;972;97213;1;1.0;1.0;5.0;ROUTE DEPARTEMENTALE 3;14,6383290; -60,9917200;3;3;0.0;;2.0;2;0.0;4.0;5;10;2.0;;;1.0;0.0;1.0;50.0;Martinique;02;Martinique
201900004199;138Â 298Â 637;C01;8.0;2;2.0;1.0;1970.0;0.0;1.0;0.0;;;0;;;1.0;37.0;0.0;2.0;8.0;14.0;1.0;5.0;25;5;2019;07:15;1.0;972;97213;1;1.0;1.0;5.0;ROUTE DEPARTEMENTALE 3;14,6383290; -60,9917200;3;3;0.0;;2.0;2;0.0;4.0;5;10;2.0;;;1.0;0.0;1.0;50.0;Martinique;02;Martinique
201900004199;138Â 298Â 637;C01;7.0;2;1.0;2.0;1956.0;5.0;8.0;0.0;;;0;;;1.0;37.0;0.0;2.0;8.0;14.0;1.0;5.0;25;5;2019;07:15;1.0;972;97213;1;1.0;1.0;5.0;ROUTE DEPARTEMENTALE 3;14,6383290; -60,9917200;3;3;0.0;;2.0;2;0.0;4.0;5;10;2.0;;;1.0;0.0;1.0;50.0;Martinique;02;Martinique
201900004199;138Â 298Â 637;C01;1.0;1;2.0;1.0;1982.0;4.0;1.0;8.0;;;0;;;1.0;37.0;0.0;2.0;8.0;14.0;1.0;5.0;25;5;2019;07:15;1.0;972;97213;1;1.0;1.0;5.0;ROUTE DEPARTEMENTALE 3;14,6383290; -60,9917200;3;3;0.0;;2.0;2;0.0;4.0;5;10;2.0;;;1.0;0.0;1.0;50.0;Martinique;02;Martinique
201900004199;138Â 298Â 637;C01;5.0;2;2.0;2.0;1963.0;5.0;8.0;0.0;;;0;;;1.0;37.0;0.0;2.0;8.0;14.0;1.0;5.0;25;5;2019;07:15;1.0;972;97213;1;1.0;1.0;5.0;ROUTE DEPARTEMENTALE 3;14,6383290; -60,9917200;3;3;0.0;;2.0;2;0.0;4.0;5;10;2.0;;;1.0;0.0;1.0;50.0;Martinique;02;Martinique
201900004199;138Â 298Â 637;C01;6.0;2;2.0;2.0;1968.0;9.0;8.0;8.0;;;0;;;1.0;37.0;0.0;2.0;8.0;14.0;1.0;5.0;25;5;2019;07:15;1.0;972;97213;1;1.0;1.0;5.0;ROUTE DEPARTEMENTALE 3;14,6383290; -60,9917200;3;3;0.0;;2.0;2;0.0;4.0;5;10;2.0;;;1.0;0.0;1.0;50.0;Martinique;02;Martinique
201900004200;138Â 298Â 627;A01;1.0;1;3.0;1.0;1983.0;0.0;2.0;6.0;;; -1;;;2.0;33.0;0.0;2.0;8.0;17.0;1.0;;3;7;2019;17:05;1.0;69;69264;2;1.0;1.0;3.0;EUROPE L'  AV DE;45,9937400;4,7417860;3;306;0.0;;;1;0.0;1.0;0;0;1.0;;;1.0;0.0;1.0;70.0;Rhône;84;Auvergne-Rhône-Alpes
201900004200;138Â 298Â 628;B01;1.0;1;1.0;1.0;1987.0;9.0;1.0;0.0;;; -1;;;2.0;10.0;0.0;2.0;8.0;1.0;1.0;;3;7;2019;17:05;1.0;69;69264;2;1.0;1.0;3.0;EUROPE L'  AV DE;45,9937400;4,7417860;3;306;0.0;;;1;0.0;1.0;0;0;1.0;;;1.0;0.0;1.0;70.0;Rhône;84;Auvergne-Rhône-Alpes