Num_Acc;id_vehicule;num_veh;place;catu;grav;sexe;an_nais;trajet;secu1;secu2;secu3;locp;actp;etatp;id_usager;senc;catv;obs;obsm;choc;manv;motor;occutc;jour;mois;an;hrmn;lum;dep;com;agg;int;atm;col;adr;lat;long;catr;voie;v1;v2;circ;nbv;vosp;prof;pr;pr1;plan;lartpc;larrout;surf;infra;situ;vma;nom_departement;reg;nom_region
201900004201;138Â 298Â 625;B01;1.0;1;2.0;1.0;2002.0;5.0;8.0;0.0;;0.0;0;;;3.0;1.0;0.0;2.0;8.0;19.0;5.0;;5;7;2019;18:15;1.0;63;63113;2;2.0;1.0;3.0;DE GAULLE (BD CHARLES);45,7715838;3,0832312;4;DE GAULLE (BD CHARLES);0.0;;2.0;1;0.0;1.0;0;0;1.0;;;1.0;9.0;1.0;50.0;Puy-de-Dôme;84;Auvergne-Rhône-Alpes
201900004201;138Â 298Â 626;A01;1.0;1;1.0;1.0;1995.0;1.0;1.0;0.0;;0.0;0;;;2.0;7.0;0.0;6.0;1.0;16.0;1.0;;5;7;2019;18:15;1.0;63;63113;2;2.0;1.0;3.0;DE GAULLE (BD CHARLES);45,7715838;3,0832312;4;DE GAULLE (BD CHARLES);0.0;;2.0;1;0.0;1.0;0;0;1.0;;;1.0;9.0;1.0;50.0;Puy-de-Dôme;84;Auvergne-Rhône-Alpes
201900004202;138Â 298Â 624;A01;10.0;3;2.0;2.0;1985.0;5.0;8.0;0.0;;0.0;1;1.0;;1.0;30.0;0.0;1.0;8.0;13.0;1.0;;7;7;2019;02:08;5.0;63;63113;2;1.0;1.0;6.0;ETATS-UNIS (AVENUE DES);45,7792840;3,0815276;4;ETATS-UNIS (AVENUE DES);0.0;;;0;3.0;1.0;(1);(1);1.0;;;1.0;9.0;1.0;20.0;Puy-de-Dôme;84;Auvergne-Rhône-Alpes
201900004202;138Â 298Â 624;A01;1.0;1;2.0;1.0;1985.0;5.0;8.0;0.0;;0.0;0;;;1.0;30.0;0.0;1.0;8.0;13.0;1.0;;7;7;2019;02:08;5.0;63;63113;2;1.0;1.0;6.0;ETATS-UNIS (AVENUE DES);45,7792840;3,0815276;4;ETATS-UNIS (AVENUE DES);0.0;;;0;3.0;1.0;(1);(1);1.0;;;1.0;9.0;1.0;20.0;Puy-de-Dôme;84;Auvergne-Rhône-Alpes
201900004203;138Â 298Â 623;A01;10.0;3;2.0;1.0;2014.0;0.0;8.0;0.0;;3.0;5;2.0;;0.0;7.0;0.0;1.0;0.0;1.0;1.0;;7;7;2019;13:25;1.0;27;27229;2;1.0;1.0;6.0;ALLENDE (BOULEVARD DU PRESIDENT);49,0036403;1,1485560;4;ALLENDE (BOULEVARD DU PRESIDENT);0.0;;3.0;3;0.0;1.0;0;0;3.0;;;1.0;0.0;1.0;70.0;Eure;28;Normandie
201900004203;138Â 298Â 623;A01;1.0;1;1.0;2.0;2000.0;0.0;1.0;8.0;;0.0;0;;;0.0;7.0;0.0;1.0;0.0;1.0;1.0;;7;7;2019;13:25;1.0;27;27229;2;1.0;1.0;6.0;ALLENDE (BOULEVARD DU PRESIDENT);49,0036403;1,1485560;4;ALLENDE (BOULEVARD DU PRESIDENT);0.0;;3.0;3;0.0;1.0;0;0;3.0;;;1.0;0.0;1.0;70.0;Eure;28;Normandie
201900004204;138Â 298Â 619;A01;1.0;1;1.0;1.0;1963.0;0.0;1.0;8.0;;;0;;;2.0;10.0;0.0;2.0;3.0;1.0;1.0;;7;7;2019;11:40;1.0;25;25056;2;2.0;1.0;3.0;DOLE RUE DE (entre 82 et 185);47,2294400;5,9904300;4;CONCORDE RUE DE LA;0.0;;;2;0.0;1.0;0;0;1.0;;;1.0;0.0;1.0;50.0;Doubs;27;Bourgogne-Franche-Comté
201900004204;138Â 298Â 620;B01;1.0;1;2.0;2.0;1965.0;0.0;1.0;8.0;;;0;;;2.0;7.0;0.0;2.0;8.0;1.0;1.0;;7;7;2019;11:40;1.0;25;25056;2;2.0;1.0;3.0;DOLE RUE DE (entre 82 et 185);47,2294400;5,9904300;4;CONCORDE RUE DE LA;0.0;;;2;0.0;1.0;0;0;1.0;;;1.0;0.0;1.0;50.0;Doubs;27;Bourgogne-Franche-Comté
201900004205;138Â 298Â 617;B01;1.0;1;3.0;1.0;1948.0;0.0;2.0;6.0;;;0;;;3.0;34.0;0.0;2.0;1.0;1.0;1.0;;3;7;2019;19:40;1.0;21;21231;2;1.0;1.0;6.0;DOCTEUR JEAN VEILLET (BOULEVARD);47,3536400;5,0531700;4;DOCTEUR JEAN VEILLET (BOULEVARD);0.0;;2.0;2;0.0;2.0;0;0;1.0;;;1.0;0.0;1.0;50.0;Côte-d'Or;27;Bourgogne-Franche-Comté
201900004205;138Â 298Â 618;A01;1.0;1;1.0;1.0;1976.0;5.0;1.0;0.0;;0.0;0;;;3.0;7.0;0.0;2.0;0.0;10.0;1.0;;3;7;2019;19:40;1.0;21;21231;2;1.0;1.0;6.0;DOCTEUR JEAN VEILLET (BOULEVARD);47,3536400;5,0531700;4;DOCTEUR JEAN VEILLET (BOULEVARD);0.0;;2.0;2;0.0;2.0;0;0;1.0;;;1.0;0.0;1.0;50.0;Côte-d'Or;27;Bourgogne-Franche-Comté
201900004206;138Â 298Â 615;B01;1.0;1;2.0;1.0;2011.0;5.0;8.0;0.0;;; -1;;;3.0;1.0;0.0;2.0;8.0;25.0;5.0;;6;7;2019;21:20;1.0;94;94002;2;1.0;1.0;3.0;MICOLON (R);48,8050700;2,4146500;9;MICOLON (R);0.0;;;0;3.0;1.0;0;0;1.0;;;1.0;6.0;2.0;1.0;Val-de-Marne;11;Île-de-France
201900004206;138Â 298Â 616;A01;1.0;1;1.0;1.0;1978.0;1.0;1.0;0.0;;; -1;;;3.0;7.0;0.0;2.0;1.0;25.0;1.0;;6;7;2019;21:20;1.0;94;94002;2;1.0;1.0;3.0;MICOLON (R);48,8050700;2,4146500;9;MICOLON (R);0.0;;;0;3.0;1.0;0;0;1.0;;;1.0;6.0;2.0;1.0;Val-de-Marne;11;Île-de-France
201900004207;138Â 298Â 614;A01;1.0;1;2.0;1.0;1973.0;5.0;8.0;0.0;;;0;;;2.0;1.0;0.0;0.0;0.0;1.0;5.0;;7;7;2019;21:15;2.0;92;92020;2;1.0;1.0;7.0;DIVISION LECLERC AVENUE DE LA;48,7972900;2,2807300;4;DIVISION LECLERC AVENUE DE LA;0.0;;2.0;2;0.0;2.0;0;0;3.0;;;1.0;0.0;1.0;50.0;Hauts-de-Seine;11;Île-de-France
201900004208;138Â 298Â 609;A01;1.0;1;1.0;2.0;1994.0;0.0;1.0;0.0;;; -1;;;1.0;7.0;0.0;2.0;1.0;1.0;1.0;;7;7;2019;12:30;1.0;94;94034;1;1.0;1.0;4.0;AUTOROUTE A86;48,7580390;2,3269550;1;86;0.0;EXT;3.0;6;0.0;2.0;50;349;1.0;;;1.0;0.0;1.0;70.0;Val-de-Marne;11;Île-de-France
201900004208;138Â 298Â 610;C01;1.0;1;1.0;1.0;1981.0;0.0;1.0;0.0;;0.0;0;;;1.0;7.0;0.0;2.0;4.0;0.0;1.0;;7;7;2019;12:30;1.0;94;94034;1;1.0;1.0;4.0;AUTOROUTE A86;48,7580390;2,3269550;1;86;0.0;EXT;3.0;6;0.0;2.0;50;349;1.0;;;1.0;0.0;1.0;70.0;Val-de-Marne;11;Île-de-France
201900004208;138Â 298Â 611;E01;1.0;1;1.0;2.0;1997.0;0.0;1.0;0.0;;0.0;0;;;1.0;7.0;0.0;2.0;4.0;0.0;1.0;;7;7;2019;12:30;1.0;94;94034;1;1.0;1.0;4.0;AUTOROUTE A86;48,7580390;2,3269550;1;86;0.0;EXT;3.0;6;0.0;2.0;50;349;1.0;;;1.0;0.0;1.0;70.0;Val-de-Marne;11;Île-de-France
201900004208;138Â 298Â 612;B01;1.0;1;2.0;1.0;1995.0;0.0;1.0;0.0;;0.0;0;;;1.0;7.0;0.0;2.0;4.0;0.0;1.0;;7;7;2019;12:30;1.0;94;94034;1;1.0;1.0;4.0;AUTOROUTE A86;48,7580390;2,3269550;1;86;0.0;EXT;3.0;6;0.0;2.0;50;349;1.0;;;1.0;0.0;1.0;70.0;Val-de-Marne;11;Île-de-France
201900004208;138Â 298Â 613;D01;1.0;1;1.0;1.0;1959.0;0.0;1.0;0.0;;0.0;0;;;1.0;7.0;0.0;2.0;4.0;0.0;1.0;;7;7;2019;12:30;1.0;94;94034;1;1.0;1.0;4.0;AUTOROUTE A86;48,7580390;2,3269550;1;86;0.0;EXT;3.0;6;0.0;2.0;50;349;1.0;;;1.0;0.0;1.0;70.0;Val-de-Marne;11;Île-de-France
201900004209;138Â 298Â 608;A01;1.0;1;2.0;1.0;1988.0;0.0;2.0;8.0;;; -1;;;2.0;33.0;0.0;0.0;9.0;26.0;1.0;;7;7;2019;00:10;3.0;93;93029;1;1.0;1.0;7.0;AUTOROUTE A86;48,9226000;2,4273000;1;86;0.0;;;6;0.0;1.0;19;600;1.0;;;1.0;1.0;1.0;70.0;Seine-Saint-Denis;11;Île-de-France
201900004209;138Â 298Â 608;A01;2.0;2;2.0;1.0;1990.0;0.0;2.0;0.0;;; -1;;;2.0;33.0;0.0;0.0;9.0;26.0;1.0;;7;7;2019;00:10;3.0;93;93029;1;1.0;1.0;7.0;AUTOROUTE A86;48,9226000;2,4273000;1;86;0.0;;;6;0.0;1.0;19;600;1.0;;;1.0;1.0;1.0;70.0;Seine-Saint-Denis;11;Île-de-France
201900004210;138Â 298Â 607;A01;1.0;1;2.0;1.0;1990.0;0.0;1.0;0.0;;; -1;;;2.0;7.0;0.0;2.0;6.0;26.0;1.0;;6;7;2019;21:50;2.0;93;93005;1;1.0;1.0;2.0;AUTOROUTE A3;48,9284800;2,4810300;9;AUTOROUTE A3;0.0;;1.0;1;0.0;3.0;10;581;1.0;;;1.0;3.0;1.0;50.0;Seine-Saint-Denis;11;Île-de-France
201900004211;138Â 298Â 598;B01;1.0;1;1.0;1.0;1981.0;4.0;1.0;0.0;;0.0;0;;;1.0;7.0;0.0;2.0;2.0;2.0;1.0;;9;7;2019;01:25;5.0;69;69386;2;3.0;1.0;3.0;VIABERT (DE LA)                     (R );45,7663772;4,8680022;4;VIABERT (DE LA)                     (R );0.0;;1.0;1;0.0;1.0;1;0;1.0;;;1.0;0.0;1.0;50.0;Rhône;84;Auvergne-Rhône-Alpes
201900004211;138Â 298Â 599;A01;1.0;1;2.0;1.0;1989.0;0.0;8.0;8.0;;0.0;0;;;1.0;32.0;0.0;2.0;1.0;9.0;1.0;;9;7;2019;01:25;5.0;69;69386;2;3.0;1.0;3.0;VIABERT (DE LA)                     (R );45,7663772;4,8680022;4;VIABERT (DE LA)                     (R );0.0;;1.0;1;0.0;1.0;1;0;1.0;;;1.0;0.0;1.0;50.0;Rhône;84;Auvergne-Rhône-Alpes
201900004212;138Â 298Â 597;A01;10.0;3;3.0;2.0;1952.0;3.0;8.0;0.0;;3.0;3;1.0;;1.0;7.0;0.0;1.0;1.0;15.0;1.0;;8;7;2019;14:25;1.0;69;69383;2;1.0;1.0;6.0;BONNAND                             (R );45,7503309;4,8843636;4;BONNAND                             (R );0.0;;2.0;3;2.0;1.0;0;0;1.0;;;1.0;0.0;1.0;50.0;Rhône;84;Auvergne-Rhône-Alpes
201900004212;138Â 298Â 597;A01;1.0;1;1.0;1.0;1939.0;9.0;1.0;0.0;;0.0;0;;;1.0;7.0;0.0;1.0;1.0;15.0;1.0;;8;7;2019;14:25;1.0;69;69383;2;1.0;1.0;6.0;BONNAND                             (R );45,7503309;4,8843636;4;BONNAND                             (R );0.0;;2.0;3;2.0;1.0;0;0;1.0;;;1.0;0.0;1.0;50.0;Rhône;84;Auvergne-Rhône-Alpes
201900004213;138Â 298Â 596;A01;10.0;3;1.0;1.0;2011.0;5.0;8.0;0.0;;2.0;3;2.0;;1.0;10.0;0.0;1.0;3.0;1.0;1.0;;8;7;2019;11:20;1.0;69;69387;2;1.0;1.0;6.0;JEAN JAURES                         (AV);45,7262991;4,8306110;4;JEAN JAURES                         (AV);0.0;;2.0;2;2.0;1.0;38;0;1.0;;;1.0;0.0;1.0;50.0;Rhône;84;Auvergne-Rhône-Alpes
201900004213;138Â 298Â 596;A01;10.0;3;4.0;2.0;1972.0;5.0;8.0;0.0;;2.0;3;2.0;;1.0;10.0;0.0;1.0;3.0;1.0;1.0;;8;7;2019;11:20;1.0;69;69387;2;1.0;1.0;6.0;JEAN JAURES                         (AV);45,7262991;4,8306110;4;JEAN JAURES                         (AV);0.0;;2.0;2;2.0;1.0;38;0;1.0;;;1.0;0.0;1.0;50.0;Rhône;84;Auvergne-Rhône-Alpes
201900004213;138Â 298Â 596;A01;1.0;1;1.0;2.0;1941.0;5.0;1.0;0.0;;0.0;0;;;1.0;10.0;0.0;1.0;3.0;1.0;1.0;;8;7;2019;11:20;1.0;69;69387;2;1.0;1.0;6.0;JEAN JAURES                         (AV);45,7262991;4,8306110;4;JEAN JAURES                         (AV);0.0;;2.0;2;2.0;1.0;38;0;1.0;;;1.0;0.0;1.0;50.0;Rhône;84;Auvergne-Rhône-Alpes
201900004214;138Â 298Â 595;A01;1.0;1;2.0;1.0;1996.0;0.0;8.0;0.0;;0.0;0;;;2.0;30.0;15.0;0.0;1.0;1.0;1.0;;8;7;2019;06:10;2.0;69;69383;2;2.0;1.0;7.0;MARECHAL DE SAXE                    (AV);45,7549974;4,8467571;4;MARECHAL DE SAXE                    (AV);0.0;;2.0;3;3.0;1.0;0;0;1.0;;;1.0;0.0;1.0;50.0;Rhône;84;Auvergne-Rhône-Alpes
201900004214;138Â 298Â 595;A01;2.0;2;1.0;1.0;1998.0;0.0;8.0;0.0;;0.0;0;;;2.0;30.0;15.0;0.0;1.0;1.0;1.0;;8;7;2019;06:10;2.0;69;69383;2;2.0;1.0;7.0;MARECHAL DE SAXE                    (AV);45,7549974;4,8467571;4;MARECHAL DE SAXE                    (AV);0.0;;2.0;3;3.0;1.0;0;0;1.0;;;1.0;0.0;1.0;50.0;Rhône;84;Auvergne-Rhône-Alpes
201900004215;138Â 298Â 594;A01;1.0;1;2.0;1.0;1972.0;0.0;1.0;0.0;;0.0;0;;;2.0;3.0;1.0;0.0;1.0;1.0;1.0;;8;7;2019;08:45;1.0;69;69387;2;1.0;1.0;6.0;FELIX FAURE                         (AV);45,7521901;4,8471574;4;FELIX FAURE                         (AV);0.0;;1.0;2;1.0;1.0;0;0;1.0;;;1.0;0.0;1.0;50.0;Rhône;84;Auvergne-Rhône-Alpes
201900004216;138Â 298Â 593;A01;2.0;2;2.0;2.0;2002.0;0.0;2.0;8.0;;;0;;;1.0;30.0;0.0;0.0;0.0;26.0;1.0;;7;7;2019;11:10;1.0;972;97213;1;1.0;1.0;7.0;ROUTE DEPARTEMENTALE 3;14,6349100; -60,9914830;3;3;0.0;;2.0;2;0.0;1.0;5;401;4.0;;;1.0;9.0;1.0;50.0;Martinique;02;Martinique
201900004216;138Â 298Â 593;A01;1.0;1;2.0;1.0;1997.0;0.0;2.0;8.0;;;0;;;1.0;30.0;0.0;0.0;0.0;26.0;1.0;;7;7;2019;11:10;1.0;972;97213;1;1.0;1.0;7.0;ROUTE DEPARTEMENTALE 3;14,6349100; -60,9914830;3;3;0.0;;2.0;2;0.0;1.0;5;401;4.0;;;1.0;9.0;1.0;50.0;Martinique;02;Martinique
201900004217;138Â 298Â 592;A01;1.0;1;2.0;2.0;1968.0;0.0;8.0;0.0;;;0;;;2.0;7.0;12.0;0.0;1.0;14.0;1.0;;5;7;2019;23:55;5.0;972;97213;1;1.0;1.0;6.0;ROUTE DEPARTEMENTALE 3;14,6313500; -60,9715400;3;3;0.0;;2.0;2;0.0;1.0;0;0;1.0;;;1.0;0.0;1.0;50.0;Martinique;02;Martinique
201900004218;138Â 298Â 590;A01;1.0;1;2.0;1.0;1987.0;0.0;2.0;0.0;;;0;;;2.0;33.0;0.0;2.0;1.0;2.0;1.0;;7;7;2019;23:05;5.0;972;97209;2;1.0;2.0;2.0;GENERAL DE GAULLE (BLD DU);14,6051200; -61,0643800;2;1;0.0;;3.0;6;0.0;1.0;1;1;1.0;;;2.0;0.0;1.0;50.0;Martinique;02;Martinique
201900004218;138Â 298Â 591;B01;1.0;1;1.0;1.0;1970.0;0.0;1.0;8.0;;;0;;;2.0;7.0;7.0;0.0;4.0;23.0;1.0;;7;7;2019;23:05;5.0;972;97209;2;1.0;2.0;2.0;GENERAL DE GAULLE (BLD DU);14,6051200; -61,0643800;2;1;0.0;;3.0;6;0.0;1.0;1;1;1.0;;;2.0;0.0;1.0;50.0;Martinique;02;Martinique
201900004219;138Â 298Â 588;A01;1.0;1;1.0;1.0;1977.0;0.0;2.0;0.0;;0.0;0;;;3.0;31.0;0.0;2.0;8.0;18.0;0.0;;8;7;2019;19:00;1.0;69;69389;2;9.0;1.0;3.0;PAUL SEDAILLIAN                     (QU);45,7927100;4,8209100;4;PAUL SEDAILLIAN                     (QU);0.0;;2.0;4;2.0;1.0;0;1;1.0;;;1.0;0.0;1.0;50.0;Rhône;84;Auvergne-Rhône-Alpes
201900004219;138Â 298Â 588;A01;2.0;2;2.0;1.0;1982.0;0.0;2.0;0.0;;; -1;;;3.0;31.0;0.0;2.0;8.0;18.0;0.0;;8;7;2019;19:00;1.0;69;69389;2;9.0;1.0;3.0;PAUL SEDAILLIAN                     (QU);45,7927100;4,8209100;4;PAUL SEDAILLIAN                     (QU);0.0;;2.0;4;2.0;1.0;0;1;1.0;;;1.0;0.0;1.0;50.0;Rhône;84;Auvergne-Rhône-Alpes
201900004219;138Â 298Â 589;B01;1.0;1;1.0;2.0;1996.0;0.0;1.0;0.0;;; -1;;;0.0;7.0;0.0;2.0;7.0;23.0;0.0;;8;7;2019;19:00;1.0;69;69389;2;9.0;1.0;3.0;PAUL SEDAILLIAN                     (QU);45,7927100;4,8209100;4;PAUL SEDAILLIAN                     (QU);0.0;;2.0;4;2.0;1.0;0;1;1.0;;;1.0;0.0;1.0;50.0;Rhône;84;Auvergne-Rhône-Alpes
201900004219;138Â 298Â 589;B01;2.0;2;1.0;2.0;1987.0;0.0;1.0;0.0;;0.0;0;;;0.0;7.0;0.0;2.0;7.0;23.0;0.0;;8;7;2019;19:00;1.0;69;69389;2;9.0;1.0;3.0;PAUL SEDAILLIAN                     (QU);45,7927100;4,8209100;4;PAUL SEDAILLIAN                     (QU);0.0;;2.0;4;2.0;1.0;0;1;1.0;;;1.0;0.0;1.0;50.0;Rhône;84;Auvergne-Rhône-Alpes
201900004220;138Â 298Â 586;B01;1.0;1;3.0;1.0;1991.0;5.0;8.0;8.0;;0.0;0;;;2.0;7.0;0.0;2.0;8.0;1.0;0.0;;8;7;2019;12:10;1.0;69;69152;2;1.0;1.0;3.0;EUROPE (DE L')                      (BD);45,6979800;4,8246800;3;315;0.0;;2.0;2;0.0;1.0;0;1;1.0;;;1.0;0.0;1.0;50.0;Rhône;84;Auvergne-Rhône-Alpes
201900004221;138Â 298Â 584;B01;1.0;1;2.0;1.0;1965.0;1.0;8.0;0.0;;;0;;;2.0;1.0;0.0;2.0;5.0;1.0;0.0;;8;7;2019;09:15;1.0;69;69389;2;1.0;1.0;3.0;ST CYR (DE)                         (R );45,7910100;4,8084600;4;ST CYR (DE)                         (R );0.0;;2.0;2;0.0;2.0;0;0;1.0;;;1.0;0.0;1.0;50.0;Rhône;84;Auvergne-Rhône-Alpes
201900004221;138Â 298Â 585;A01;1.0;1;1.0;1.0;1998.0;0.0;1.0;0.0;;; -1;;;1.0;7.0;0.0;2.0;3.0;9.0;0.0;;8;7;2019;09:15;1.0;69;69389;2;1.0;1.0;3.0;ST CYR (DE)                         (R );45,7910100;4,8084600;4;ST CYR (DE)                         (R );0.0;;2.0;2;0.0;2.0;0;0;1.0;;;1.0;0.0;1.0;50.0;Rhône;84;Auvergne-Rhône-Alpes
201900004222;138Â 298Â 583;A01;10.0;3;2.0;2.0;1962.0;1.0;8.0;0.0;;3.0;3;1.0;;2.0;1.0;0.0;1.0;0.0;1.0;0.0;;8;7;2019;06:55;1.0;69;69385;2;1.0;1.0;6.0;TRION (DE)                          (R );45,7568400;4,8160300;4;TRION (DE)                          (R );0.0;;2.0;2;3.0;1.0;0;0;1.0;;;1.0;6.0;1.0;50.0;Rhône;84;Auvergne-Rhône-Alpes
201900004222;138Â 298Â 583;A01;1.0;1;1.0;1.0;1959.0;1.0;8.0;8.0;;0.0;0;;;2.0;1.0;0.0;1.0;0.0;1.0;0.0;;8;7;2019;06:55;1.0;69;69385;2;1.0;1.0;6.0;TRION (DE)                          (R );45,7568400;4,8160300;4;TRION (DE)                          (R );0.0;;2.0;2;3.0;1.0;0;0;1.0;;;1.0;6.0;1.0;50.0;Rhône;84;Auvergne-Rhône-Alpes
201900004223;138Â 298Â 582;A01;10.0;3;3.0;1.0;1971.0;5.0;8.0;0.0;;6.0;9;1.0;;1.0;7.0;1.0;1.0;1.0;14.0;6.0;;6;7;2019;11:10;1.0;971;97113;2;1.0;1.0;6.0;BAS DU FORT;16,2173800; -61,5268500;9;BAS DU FORT;0.0;;2.0;2;0.0;2.0;0;0;2.0;;;1.0;0.0;1.0;50.0;Guadeloupe;01;Guadeloupe
201900004223;138Â 298Â 582;A01;1.0;1;1.0;2.0;2000.0;5.0;1.0;8.0;;0.0;0;;;1.0;7.0;1.0;1.0;1.0;14.0;6.0;;6;7;2019;11:10;1.0;971;97113;2;1.0;1.0;6.0;BAS DU FORT;16,2173800; -61,5268500;9;BAS DU FORT;0.0;;2.0;2;0.0;2.0;0;0;2.0;;;1.0;0.0;1.0;50.0;Guadeloupe;01;Guadeloupe
201900004223;138Â 298Â 582;A01;2.0;2;1.0;2.0;1999.0;5.0;1.0;0.0;;0.0;0;;;1.0;7.0;1.0;1.0;1.0;14.0;6.0;;6;7;2019;11:10;1.0;971;97113;2;1.0;1.0;6.0;BAS DU FORT;16,2173800; -61,5268500;9;BAS DU FORT;0.0;;2.0;2;0.0;2.0;0;0;2.0;;;1.0;0.0;1.0;50.0;Guadeloupe;01;Guadeloupe
201900004224;138Â 298Â 580;A01;1.0;1;3.0;1.0;1988.0;5.0;2.0;8.0;;;0;;;1.0;31.0;12.0;1.0;1.0;17.0;6.0;;28;5;2019;14:43;1.0;971;97107;2;6.0;2.0;3.0;DUMANOIR ( ALLEE );16,0387300; -61,5668050;4;DUMANOIR ( ALLEE );0.0;;2.0;2;0.0;1.0;1;0;1.0;;;2.0;9.0;1.0;50.0;Guadeloupe;01;Guadeloupe
201900004224;138Â 298Â 581;B01;1.0;1;1.0;1.0;1965.0;9.0;1.0;8.0;;;0;;;1.0;7.0;2.0;1.0;8.0;15.0;0.0;;28;5;2019;14:43;1.0;971;97107;2;6.0;2.0;3.0;DUMANOIR ( ALLEE );16,0387300; -61,5668050;4;DUMANOIR ( ALLEE );0.0;;2.0;2;0.0;1.0;1;0;1.0;;;2.0;9.0;1.0;50.0;Guadeloupe;01;Guadeloupe
201900004225;138Â 298Â 576;A01;1.0;1;2.0;2.0;1993.0;0.0;1.0;8.0;;0.0;0;;;3.0;7.0;0.0;2.0;1.0;2.0;0.0;;5;7;2019;08:53;1.0;91;91339;2;1.0;1.0;4.0;RN 20;48,6350000;2,2660000;4;20;0.0;;;4;0.0;1.0;0;0;1.0;;;1.0;0.0;3.0;50.0;Essonne;11;Île-de-France
201900004225;138Â 298Â 578;C01;1.0;1;1.0;2.0;1971.0;0.0;1.0;0.0;;0.0;0;;;3.0;7.0;0.0;2.0;1.0;2.0;0.0;;5;7;2019;08:53;1.0;91;91339;2;1.0;1.0;4.0;RN 20;48,6350000;2,2660000;4;20;0.0;;;4;0.0;1.0;0;0;1.0;;;1.0;0.0;3.0;50.0;Essonne;11;Île-de-France
201900004225;138Â 298Â 579;D01;1.0;1;1.0;2.0;1987.0;0.0;1.0;0.0;;0.0;0;;;3.0;7.0;0.0;2.0;1.0;2.0;0.0;;5;7;2019;08:53;1.0;91;91339;2;1.0;1.0;4.0;RN 20;48,6350000;2,2660000;4;20;0.0;;;4;0.0;1.0;0;0;1.0;;;1.0;0.0;3.0;50.0;Essonne;11;Île-de-France
201900004226;138Â 298Â 575;A01;1.0;1;2.0;2.0;1996.0;5.0;2.0;6.0;;0.0;0;;;1.0;31.0;0.0;0.0;8.0;17.0;1.0;;6;7;2019;12:14;1.0;87;87085;1;1.0;1.0;7.0;RN520;45,8907400;1,2762900;2;520;0.0;;2.0;2;0.0;1.0;1;261;1.0;;;1.0;0.0;1.0;80.0;Haute-Vienne;75;Nouvelle-Aquitaine
201900004227;138Â 298Â 573;B01;1.0;1;4.0;1.0;1983.0;5.0;2.0;0.0;;; -1;;;1.0;31.0;0.0;2.0;1.0;1.0;1.0;;7;7;2019;21:00;2.0;84;84087;2;2.0;1.0;1.0;TERRIER (RUE DU);44,1415100;4,8136300;4;TERRIER (RUE DU);0.0;;2.0;2;0.0;1.0;0;0;1.0;;;1.0;5.0;1.0;50.0;Vaucluse;93;Provence-Alpes-Côte d'Azur
201900004227;138Â 298Â 574;A01;2.0;2;1.0;2.0;1954.0;5.0;1.0;0.0;;; -1;;;2.0;7.0;0.0;2.0;1.0;15.0;1.0;;7;7;2019;21:00;2.0;84;84087;2;2.0;1.0;1.0;TERRIER (RUE DU);44,1415100;4,8136300;4;TERRIER (RUE DU);0.0;;2.0;2;0.0;1.0;0;0;1.0;;;1.0;5.0;1.0;50.0;Vaucluse;93;Provence-Alpes-Côte d'Azur
201900004227;138Â 298Â 574;A01;1.0;1;1.0;1.0;1957.0;5.0;1.0;0.0;;; -1;;;2.0;7.0;0.0;2.0;1.0;15.0;1.0;;7;7;2019;21:00;2.0;84;84087;2;2.0;1.0;1.0;TERRIER (RUE DU);44,1415100;4,8136300;4;TERRIER (RUE DU);0.0;;2.0;2;0.0;1.0;0;0;1.0;;;1.0;5.0;1.0;50.0;Vaucluse;93;Provence-Alpes-Côte d'Azur
201900004228;138Â 298Â 572;A01;5.0;2;2.0;1.0;2003.0;0.0;1.0;0.0;;0.0;0;;;2.0;3.0;8.0;0.0;9.0;13.0;1.0;;8;7;2019;00:45;5.0;81;81033;2;1.0;1.0;6.0;BRUGAYRAC ( RUE DE );44,0326991;2,1547057;4;BRUGAYRAC ( RUE DE );0.0;;2.0;2;0.0;2.0;0;0;3.0;;;1.0;0.0;2.0;30.0;Tarn;76;Occitanie
201900004228;138Â 298Â 572;A01;5.0;2;2.0;1.0;2001.0;0.0;1.0;0.0;;0.0;0;;;2.0;3.0;8.0;0.0;9.0;13.0;1.0;;8;7;2019;00:45;5.0;81;81033;2;1.0;1.0;6.0;BRUGAYRAC ( RUE DE );44,0326991;2,1547057;4;BRUGAYRAC ( RUE DE );0.0;;2.0;2;0.0;2.0;0;0;3.0;;;1.0;0.0;2.0;30.0;Tarn;76;Occitanie