Num_Acc;id_vehicule;num_veh;place;catu;grav;sexe;an_nais;trajet;secu1;secu2;secu3;locp;actp;etatp;id_usager;senc;catv;obs;obsm;choc;manv;motor;occutc;jour;mois;an;hrmn;lum;dep;com;agg;int;atm;col;adr;lat;long;catr;voie;v1;v2;circ;nbv;vosp;prof;pr;pr1;plan;lartpc;larrout;surf;infra;situ;vma;nom_departement;reg;nom_region
201900004228;138Â 298Â 572;A01;1.0;1;1.0;1.0;2000.0;5.0;1.0;0.0;;0.0;0;;;2.0;3.0;8.0;0.0;9.0;13.0;1.0;;8;7;2019;00:45;5.0;81;81033;2;1.0;1.0;6.0;BRUGAYRAC ( RUE DE );44,0326991;2,1547057;4;BRUGAYRAC ( RUE DE );0.0;;2.0;2;0.0;2.0;0;0;3.0;;;1.0;0.0;2.0;30.0;Tarn;76;Occitanie
201900004229;138Â 298Â 570;B01;1.0;1;2.0;1.0;1975.0;0.0;2.0;0.0;;0.0;0;;;0.0;1.0;0.0;2.0;0.0;15.0;5.0;;6;7;2019;15:35;1.0;80;80702;2;1.0;1.0;3.0;6, ROUTE DE SAINS;49,8418100;2,3117800;4;SAINS (ROUTE DE);0.0;;2.0;2;0.0;2.0;0;0;1.0;;;1.0;0.0;1.0;50.0;Somme;32;Hauts-de-France
201900004229;138Â 298Â 571;A01;1.0;1;1.0;2.0;1971.0;0.0;1.0;0.0;;0.0;0;;;0.0;7.0;0.0;2.0;2.0;1.0;1.0;;6;7;2019;15:35;1.0;80;80702;2;1.0;1.0;3.0;6, ROUTE DE SAINS;49,8418100;2,3117800;4;SAINS (ROUTE DE);0.0;;2.0;2;0.0;2.0;0;0;1.0;;;1.0;0.0;1.0;50.0;Somme;32;Hauts-de-France
201900004230;138Â 298Â 568;A01;1.0;1;1.0;1.0;1998.0;5.0;1.0;0.0;;;0;;;3.0;7.0;0.0;6.0;7.0;1.0;1.0;;7;7;2019;22:05;1.0;77;77305;2;1.0;1.0;3.0;COLLINE SAINT MARTIN (AVENUE DE LA);48,3949700;2,9663000;4;COLLINE SAINT MARTIN (AVENUE DE LA);0.0;;2.0;3;3.0;2.0;0;0;1.0;;;1.0;0.0;1.0;50.0;Seine-et-Marne;11;Île-de-France
201900004230;138Â 298Â 569;B01;1.0;1;2.0;1.0;2003.0;5.0;2.0;0.0;;;0;;;3.0;1.0;0.0;0.0;0.0;0.0;5.0;;7;7;2019;22:05;1.0;77;77305;2;1.0;1.0;3.0;COLLINE SAINT MARTIN (AVENUE DE LA);48,3949700;2,9663000;4;COLLINE SAINT MARTIN (AVENUE DE LA);0.0;;2.0;3;3.0;2.0;0;0;1.0;;;1.0;0.0;1.0;50.0;Seine-et-Marne;11;Île-de-France
201900004231;138Â 298Â 563;A01;1.0;1;3.0;1.0;1999.0;5.0;8.0;0.0;;0.0;0;;;0.0;1.0;0.0;2.0;1.0;0.0;5.0;;7;7;2019;12:40;1.0;76;76540;2;3.0;1.0;3.0;VERTE. RUE;49,4528600;1,0935000;4;VERTE. RUE;0.0;;2.0;2;0.0;1.0;0;0;1.0;;;1.0;0.0;1.0;50.0;Seine-Maritime;28;Normandie
201900004231;138Â 298Â 564;B01;1.0;1;1.0;1.0;1970.0;5.0;1.0;0.0;;0.0;0;;;0.0;7.0;0.0;2.0;8.0;1.0;1.0;;7;7;2019;12:40;1.0;76;76540;2;3.0;1.0;3.0;VERTE. RUE;49,4528600;1,0935000;4;VERTE. RUE;0.0;;2.0;2;0.0;1.0;0;0;1.0;;;1.0;0.0;1.0;50.0;Seine-Maritime;28;Normandie
201900004232;138Â 298Â 561;A01;1.0;1;2.0;1.0;1995.0;5.0;2.0;0.0;;0.0;0;;;1.0;2.0;0.0;2.0;1.0;2.0;1.0;;6;7;2019;17:00;1.0;76;76540;2;1.0;1.0;2.0;YSER. BOULEVARD DE L';49,4480700;1,1016300;3;928;0.0;;2.0;5;0.0;1.0;1;900;1.0;;;1.0;0.0;1.0;50.0;Seine-Maritime;28;Normandie
201900004232;138Â 298Â 562;B01;1.0;1;1.0;1.0;1965.0;5.0;1.0;0.0;;0.0;0;;;1.0;7.0;0.0;2.0;4.0;2.0;1.0;;6;7;2019;17:00;1.0;76;76540;2;1.0;1.0;2.0;YSER. BOULEVARD DE L';49,4480700;1,1016300;3;928;0.0;;2.0;5;0.0;1.0;1;900;1.0;;;1.0;0.0;1.0;50.0;Seine-Maritime;28;Normandie
201900004233;138Â 298Â 560;A01;1.0;1;3.0;1.0;1965.0;0.0;2.0;8.0;;0.0;0;;;2.0;33.0;4.0;0.0;1.0;13.0;1.0;;6;7;2019;17:00;1.0;76;76341;1;1.0;1.0;6.0;RD 6015;49,5161000;0,2091000;3; 6015;0.0;;3.0;4;0.0;2.0;89;600;3.0;;;1.0;0.0;1.0;90.0;Seine-Maritime;28;Normandie
201900004234;138Â 298Â 558;A01;1.0;1;1.0;2.0;1996.0;0.0;1.0;8.0;;0.0;0;;;0.0;7.0;0.0;2.0;3.0;15.0;1.0;;6;7;2019;21:15;2.0;76;76351;2;3.0;1.0;3.0;JEAN JAURES (AVENUE);49,5008400;0,1782100;4;JEAN JAURES (AVENUE);0.0;;2.0;2;0.0;1.0;0;0;1.0;;;1.0;0.0;1.0;50.0;Seine-Maritime;28;Normandie
201900004234;138Â 298Â 559;B01;1.0;1;2.0;2.0;1982.0;0.0;2.0;8.0;;0.0;0;;;0.0;32.0;0.0;2.0;1.0;1.0;1.0;;6;7;2019;21:15;2.0;76;76351;2;3.0;1.0;3.0;JEAN JAURES (AVENUE);49,5008400;0,1782100;4;JEAN JAURES (AVENUE);0.0;;2.0;2;0.0;1.0;0;0;1.0;;;1.0;0.0;1.0;50.0;Seine-Maritime;28;Normandie
201900004235;138Â 298Â 557;A01;2.0;2;2.0;1.0;2001.0;5.0;2.0;0.0;;0.0;0;;;0.0;1.0;6.0;0.0;1.0;13.0;5.0;;6;7;2019;13:30;1.0;76;76305;2;3.0;1.0;6.0;ORCHER;49,5034900;0,2140200;4;ORCHER;0.0;;2.0;2;0.0;2.0;0;0;1.0;;;1.0;0.0;1.0;50.0;Seine-Maritime;28;Normandie
201900004235;138Â 298Â 557;A01;1.0;1;2.0;1.0;2002.0;5.0;2.0;0.0;;0.0;0;;;0.0;1.0;6.0;0.0;1.0;13.0;5.0;;6;7;2019;13:30;1.0;76;76305;2;3.0;1.0;6.0;ORCHER;49,5034900;0,2140200;4;ORCHER;0.0;;2.0;2;0.0;2.0;0;0;1.0;;;1.0;0.0;1.0;50.0;Seine-Maritime;28;Normandie
201900004236;138Â 298Â 555;A01;1.0;1;1.0;1.0;1995.0;0.0;1.0;8.0;;;0;;;1.0;7.0;0.0;2.0;2.0;16.0;1.0;;5;7;2019;11:50;1.0;67;67482;2;3.0;1.0;3.0;JEAN JAURES (AVENUE);48,5694610;7,7630970;4;JEAN JAURES (AVENUE);0.0;;1.0;2;1.0;1.0;0;0;1.0;;;1.0;0.0;1.0;50.0;Bas-Rhin;44;Grand Est
201900004236;138Â 298Â 556;B01;1.0;1;2.0;2.0;1968.0;0.0;8.0;0.0;;0.0;0;;;2.0;1.0;0.0;2.0;7.0;1.0;5.0;;5;7;2019;11:50;1.0;67;67482;2;3.0;1.0;3.0;JEAN JAURES (AVENUE);48,5694610;7,7630970;4;JEAN JAURES (AVENUE);0.0;;1.0;2;1.0;1.0;0;0;1.0;;;1.0;0.0;1.0;50.0;Bas-Rhin;44;Grand Est
201900004237;138Â 298Â 554;B01;1.0;1;2.0;2.0;1999.0;5.0;1.0;8.0;;; -1;;;1.0;7.0;0.0;2.0;3.0;15.0;1.0;;4;7;2019;17:15;1.0;66;66136;2;1.0;1.0;6.0;LANGUEDOC (AVENUE DU CD 88);42,7327900;2,8896800;4;LANGUEDOC (AVENUE DU CD 88);0.0;;2.0;1;0.0;1.0;0;0;1.0;;;1.0;0.0;1.0;50.0;Pyrénées-Orientales;76;Occitanie
201900004238;138Â 298Â 550;B01;2.0;2;2.0;1.0;1994.0;9.0;1.0;0.0;;0.0;0;;;1.0;7.0;1.0;0.0;3.0;24.0;1.0;;4;7;2019;16:30;1.0;66;66136;2;1.0;1.0;5.0;BELFORT AVENUE DE;42,6884000;2,8812800;4;BELFORT AVENUE DE;0.0;;2.0;2;0.0;1.0;0;0;1.0;;;1.0;0.0;1.0;50.0;Pyrénées-Orientales;76;Occitanie
201900004238;138Â 298Â 550;B01;1.0;1;1.0;1.0;1987.0;9.0;1.0;8.0;;0.0;0;;;1.0;7.0;1.0;0.0;3.0;24.0;1.0;;4;7;2019;16:30;1.0;66;66136;2;1.0;1.0;5.0;BELFORT AVENUE DE;42,6884000;2,8812800;4;BELFORT AVENUE DE;0.0;;2.0;2;0.0;1.0;0;0;1.0;;;1.0;0.0;1.0;50.0;Pyrénées-Orientales;76;Occitanie
201900004238;138Â 298Â 551;C01;1.0;1;2.0;2.0;1986.0;9.0;1.0;8.0;;; -1;;;1.0;7.0;0.0;2.0;3.0;1.0;0.0;;4;7;2019;16:30;1.0;66;66136;2;1.0;1.0;5.0;BELFORT AVENUE DE;42,6884000;2,8812800;4;BELFORT AVENUE DE;0.0;;2.0;2;0.0;1.0;0;0;1.0;;;1.0;0.0;1.0;50.0;Pyrénées-Orientales;76;Occitanie
201900004239;138Â 298Â 549;A01;2.0;2;2.0;1.0;1988.0;5.0;2.0;8.0;;;0;;;2.0;30.0;14.0;0.0;1.0;7.0;1.0;;6;7;2019;03:40;5.0;64;64102;2;1.0;1.0;7.0;PAULMY (AVENUE DES ALLEES);43,4933016; -1,4800516;4;PAULMY (AVENUE DES ALLEES);0.0;;3.0;6;3.0;2.0;0;0;1.0;;;1.0;8.0;1.0;50.0;Pyrénées-Atlantiques;75;Nouvelle-Aquitaine
201900004239;138Â 298Â 549;A01;1.0;1;3.0;1.0;1982.0;5.0;2.0;8.0;;;0;;;2.0;30.0;14.0;0.0;1.0;7.0;1.0;;6;7;2019;03:40;5.0;64;64102;2;1.0;1.0;7.0;PAULMY (AVENUE DES ALLEES);43,4933016; -1,4800516;4;PAULMY (AVENUE DES ALLEES);0.0;;3.0;6;3.0;2.0;0;0;1.0;;;1.0;8.0;1.0;50.0;Pyrénées-Atlantiques;75;Nouvelle-Aquitaine
201900004240;138Â 298Â 547;C01;1.0;1;1.0;1.0;1999.0;5.0;2.0;6.0;;0.0;0;;;3.0;32.0;0.0;0.0;0.0;1.0;1.0;;6;7;2019;00:05;5.0;64;64024;2;6.0;1.0;6.0;BUTTE AUX CAILLES (ROND POINT DE LA);43,4968000; -1,5093800;4;BUTTE AUX CAILLES (ROND POINT DE LA);0.0;;1.0;2;0.0;1.0;0;0;2.0;;;8.0;0.0;1.0;50.0;Pyrénées-Atlantiques;75;Nouvelle-Aquitaine
201900004240;138Â 298Â 548;B01;1.0;1;2.0;2.0;1971.0;5.0;2.0;6.0;;0.0;0;;;3.0;32.0;0.0;0.0;8.0;1.0;1.0;;6;7;2019;00:05;5.0;64;64024;2;6.0;1.0;6.0;BUTTE AUX CAILLES (ROND POINT DE LA);43,4968000; -1,5093800;4;BUTTE AUX CAILLES (ROND POINT DE LA);0.0;;1.0;2;0.0;1.0;0;0;2.0;;;8.0;0.0;1.0;50.0;Pyrénées-Atlantiques;75;Nouvelle-Aquitaine
201900004241;138Â 298Â 546;A01;1.0;1;2.0;1.0;1971.0;5.0;1.0;0.0;;0.0;0;;;2.0;7.0;2.0;0.0;2.0;14.0;1.0;;7;7;2019;11:50;1.0;62;62048;1;1.0;1.0;6.0;PARC DES LOISIRS;50,5194742;2,4463034;4;PARC DES LOISIRS;0.0;;2.0;2;0.0;1.0;1;0;1.0;;;1.0;0.0;1.0;50.0;Pas-de-Calais;32;Hauts-de-France
201900004242;138Â 298Â 544;A01;1.0;1;1.0;1.0;1970.0;0.0;1.0;0.0;;;0;;;3.0;7.0;0.0;2.0;1.0;26.0;1.0;;8;7;2019;15:00;1.0;59;59421;2;2.0;1.0;3.0;CONGO (RUE DU);50,6959450;3,1439640;7;9;0.0;;2.0;2;0.0;1.0;0;0;1.0;;;1.0;0.0;1.0;50.0;Nord;32;Hauts-de-France
201900004242;138Â 298Â 545;B01;1.0;1;3.0;1.0;1988.0;5.0;2.0;6.0;;;0;;;3.0;31.0;0.0;2.0;1.0;1.0;1.0;;8;7;2019;15:00;1.0;59;59421;2;2.0;1.0;3.0;CONGO (RUE DU);50,6959450;3,1439640;7;9;0.0;;2.0;2;0.0;1.0;0;0;1.0;;;1.0;0.0;1.0;50.0;Nord;32;Hauts-de-France
201900004243;138Â 298Â 539;A01;1.0;1;2.0;1.0;1997.0;5.0;2.0;6.0;;0.0;0;;;1.0;30.0;1.0;0.0;1.0;25.0;0.0;;8;7;2019;05:05;5.0;56;56260;2;1.0;1.0;6.0;ESPALIERS DE LIMOGES(RUE DES);47,6510000; -2,7512600;4;ESPALIERS DE LIMOGES(RUE DES);0.0;;2.0;1;0.0;1.0;0;0;1.0;;;1.0;0.0;4.0;50.0;Morbihan;53;Bretagne
201900004244;138Â 298Â 537;B01;1.0;1;3.0;1.0;2001.0;9.0;2.0;8.0;;;0;;;1.0;1.0;0.0;2.0;1.0;0.0;5.0;;9;2;2019;15:50;1.0;972;97213;1;1.0;1.0;1.0;PELLETIER (ROUTE DE);14,6569000; -60,9773500;3;3;0.0;A;2.0;2;0.0;2.0;0;750;3.0;;;1.0;0.0;1.0;50.0;Martinique;02;Martinique
201900004244;138Â 298Â 538;A01;1.0;1;2.0;1.0;1990.0;0.0;1.0;0.0;0.0;;0;;;2.0;7.0;0.0;2.0;0.0;0.0;1.0;;9;2;2019;15:50;1.0;972;97213;1;1.0;1.0;1.0;PELLETIER (ROUTE DE);14,6569000; -60,9773500;3;3;0.0;A;2.0;2;0.0;2.0;0;750;3.0;;;1.0;0.0;1.0;50.0;Martinique;02;Martinique
201900004245;138Â 298Â 536;A01;1.0;1;2.0;1.0;1987.0;4.0;1.0;0.0;;;0;;;1.0;10.0;3.0;0.0;5.0;15.0;1.0;;12;2;2019;04:50;3.0;972;97209;2;1.0;2.0;6.0;RD 41 (ROCADE);14,6112700; -61,0651800;3;41;0.0;;3.0;4;0.0;2.0;1;750;2.0;;;2.0;0.0;1.0;60.0;Martinique;02;Martinique
201900004246;138Â 298Â 535;A01;2.0;1;2.0;1.0;1988.0;0.0;2.0;8.0;;;0;;;1.0;33.0;7.0;0.0;1.0;13.0;1.0;;10;2;2019;02:33;5.0;972;97209;2;3.0;1.0;6.0;SOLEIL LEVANT (BOULEVARD DU);14,6271200; -61,0399000;3;40;0.0;;2.0;2;0.0;1.0;0;977;1.0;;;1.0;0.0;1.0;50.0;Martinique;02;Martinique
201900004247;138Â 298Â 533;A01;1.0;1;2.0;1.0;1982.0;1.0;2.0;0.0;;;0;;;1.0;32.0;0.0;2.0;1.0;1.0;1.0;;7;2;2019;07:20;1.0;972;97209;2;1.0;1.0;2.0;MARNE (BOULEVARD DE LA);14,6040500; -61,0802000;2;2;0.0;;2.0;2;0.0;1.0;1;0;1.0;;;1.0;0.0;1.0;50.0;Martinique;02;Martinique
201900004247;138Â 298Â 534;B01;1.0;1;1.0;1.0;1976.0;1.0;1.0;0.0;;;0;;;1.0;7.0;0.0;2.0;4.0;1.0;1.0;;7;2;2019;07:20;1.0;972;97209;2;1.0;1.0;2.0;MARNE (BOULEVARD DE LA);14,6040500; -61,0802000;2;2;0.0;;2.0;2;0.0;1.0;1;0;1.0;;;1.0;0.0;1.0;50.0;Martinique;02;Martinique
201900004247;138Â 298Â 534;B01;2.0;2;1.0;1.0;1975.0;1.0;1.0;0.0;;;0;;;1.0;7.0;0.0;2.0;4.0;1.0;1.0;;7;2;2019;07:20;1.0;972;97209;2;1.0;1.0;2.0;MARNE (BOULEVARD DE LA);14,6040500; -61,0802000;2;2;0.0;;2.0;2;0.0;1.0;1;0;1.0;;;1.0;0.0;1.0;50.0;Martinique;02;Martinique
201900004248;138Â 298Â 532;Z01;10.0;3;2.0;1.0;1982.0;5.0;8.0;0.0;;2.0;3;1.0;;2.0;0.0;0.0;1.0;2.0;1.0;0.0;;11;2;2019;20:05;3.0;69;69286;2;1.0;1.0;6.0;GENERAL LECLERC                     (AV);45,8174700;4,9035900;4;GENERAL LECLERC                     (AV);0.0;;2.0;2;0.0;1.0;0;0;1.0;;;1.0;0.0;1.0;50.0;Rhône;84;Auvergne-Rhône-Alpes
201900004249;138Â 298Â 530;B01;4.0;2;2.0;2.0;1998.0;0.0;1.0;0.0;;0.0;0;;;2.0;7.0;8.0;2.0;3.0;1.0;1.0;;9;2;2019;19:45;5.0;69;69382;2;2.0;1.0;6.0;CHARLEMAGNE                         (CO);45,7397100;4,8184500;4;CHARLEMAGNE                         (CO);0.0;;2.0;4;0.0;1.0;0;1;1.0;;;1.0;5.0;1.0;50.0;Rhône;84;Auvergne-Rhône-Alpes
201900004249;138Â 298Â 530;B01;1.0;1;1.0;2.0;1997.0;0.0;1.0;0.0;;0.0;0;;;2.0;7.0;8.0;2.0;3.0;1.0;1.0;;9;2;2019;19:45;5.0;69;69382;2;2.0;1.0;6.0;CHARLEMAGNE                         (CO);45,7397100;4,8184500;4;CHARLEMAGNE                         (CO);0.0;;2.0;4;0.0;1.0;0;1;1.0;;;1.0;5.0;1.0;50.0;Rhône;84;Auvergne-Rhône-Alpes
201900004249;138Â 298Â 531;A01;1.0;1;2.0;1.0;1973.0;4.0;1.0;0.0;;0.0;0;;;1.0;7.0;9.0;2.0;1.0;15.0;1.0;;9;2;2019;19:45;5.0;69;69382;2;2.0;1.0;6.0;CHARLEMAGNE                         (CO);45,7397100;4,8184500;4;CHARLEMAGNE                         (CO);0.0;;2.0;4;0.0;1.0;0;1;1.0;;;1.0;5.0;1.0;50.0;Rhône;84;Auvergne-Rhône-Alpes
201900004250;138Â 298Â 528;A01;1.0;1;1.0;1.0;1985.0;0.0;1.0;0.0;;0.0;0;;;1.0;7.0;0.0;2.0;3.0;9.0;1.0;;8;2;2019;19:35;5.0;69;69142;2;9.0;1.0;3.0;STEPHANE DECHANT                    (R );45,7226600;4,8118200;4;STEPHANE DECHANT                    (R );0.0;;2.0;2;0.0;1.0;0;1;1.0;;;1.0;0.0;1.0;50.0;Rhône;84;Auvergne-Rhône-Alpes
201900004250;138Â 298Â 529;B01;1.0;1;2.0;1.0;1997.0;0.0;2.0;6.0;;0.0;0;;;1.0;34.0;0.0;2.0;1.0;0.0;1.0;;8;2;2019;19:35;5.0;69;69142;2;9.0;1.0;3.0;STEPHANE DECHANT                    (R );45,7226600;4,8118200;4;STEPHANE DECHANT                    (R );0.0;;2.0;2;0.0;1.0;0;1;1.0;;;1.0;0.0;1.0;50.0;Rhône;84;Auvergne-Rhône-Alpes
201900004251;138Â 298Â 527;A01;10.0;3;2.0;2.0;2010.0;9.0;8.0;0.0;;3.0;3;1.0;;2.0;7.0;0.0;1.0;2.0;1.0;1.0;;7;2;2019;17:20;1.0;69;69149;2;1.0;2.0;6.0;FRANCISQUE JOMARD                   (R );45,7170400;4,7945800;4;FRANCISQUE JOMARD                   (R );0.0;;2.0;2;0.0;1.0;0;0;1.0;;;2.0;0.0;1.0;50.0;Rhône;84;Auvergne-Rhône-Alpes
201900004251;138Â 298Â 527;A01;1.0;1;1.0;1.0;1956.0;5.0;1.0;8.0;;0.0;0;;;2.0;7.0;0.0;1.0;2.0;1.0;1.0;;7;2;2019;17:20;1.0;69;69149;2;1.0;2.0;6.0;FRANCISQUE JOMARD                   (R );45,7170400;4,7945800;4;FRANCISQUE JOMARD                   (R );0.0;;2.0;2;0.0;1.0;0;0;1.0;;;2.0;0.0;1.0;50.0;Rhône;84;Auvergne-Rhône-Alpes
201900004252;138Â 298Â 526;A01;1.0;1;1.0;1.0;1987.0;1.0;2.0;6.0;;0.0;0;;;2.0;34.0;0.0;1.0;2.0;1.0;1.0;;7;2;2019;08:45;1.0;69;69286;2;1.0;2.0;6.0;ROUTE DE GENEVE                     (RO);45,8032800;4,8814900;4;ROUTE DE GENEVE                     (RO);0.0;;2.0;3;0.0;1.0;0;0;1.0;;;2.0;0.0;2.0;50.0;Rhône;84;Auvergne-Rhône-Alpes
201900004252;138Â 298Â 526;A01;10.0;3;3.0;1.0;2002.0;2.0;8.0;0.0;;2.0;3;1.0;;2.0;34.0;0.0;1.0;2.0;1.0;1.0;;7;2;2019;08:45;1.0;69;69286;2;1.0;2.0;6.0;ROUTE DE GENEVE                     (RO);45,8032800;4,8814900;4;ROUTE DE GENEVE                     (RO);0.0;;2.0;3;0.0;1.0;0;0;1.0;;;2.0;0.0;2.0;50.0;Rhône;84;Auvergne-Rhône-Alpes
201900004253;138Â 298Â 524;D01;5.0;2;2.0;1.0;1974.0;9.0;8.0;0.0;;0.0;0;;;0.0;7.0;0.0;2.0;4.0;24.0;1.0;;7;2;2019;05:35;5.0;69;69389;2;1.0;1.0;2.0;CHAUVEAU                            (QU);45,7683800;4,8128700;4;CHAUVEAU                            (QU);0.0;;1.0;2;3.0;1.0;0;0;1.0;;;1.0;0.0;1.0;50.0;Rhône;84;Auvergne-Rhône-Alpes
201900004253;138Â 298Â 525;A01;1.0;1;2.0;1.0;1981.0;5.0;1.0;5.0;;0.0;0;;;2.0;7.0;1.0;0.0;3.0;1.0;1.0;;7;2;2019;05:35;5.0;69;69389;2;1.0;1.0;2.0;CHAUVEAU                            (QU);45,7683800;4,8128700;4;CHAUVEAU                            (QU);0.0;;1.0;2;3.0;1.0;0;0;1.0;;;1.0;0.0;1.0;50.0;Rhône;84;Auvergne-Rhône-Alpes
201900004254;138Â 298Â 523;B01;10.0;3;2.0;2.0;1960.0;9.0;8.0;0.0;;1.0;1;1.0;;0.0;7.0;1.0;0.0;8.0;1.0;1.0;;10;2;2019;19:00;5.0;971;97101;2;1.0;1.0;7.0;JEAN  IGNACE (RUE) ;16,2396900; -61,5204700;4;JEAN  IGNACE (RUE) ;0.0;;2.0;2;0.0;2.0;0;0;1.0;;;1.0;0.0;1.0;30.0;Guadeloupe;01;Guadeloupe
201900004255;138Â 298Â 521;A01;1.0;1;3.0;2.0;1973.0;5.0;1.0;8.0;;; -1;;;0.0;7.0;0.0;2.0;1.0;5.0;1.0;;10;2;2019;09:58;1.0;971;97101;2;1.0;1.0;1.0;RN05;16,2736800; -61,5099800;2;05;0.0;;3.0;2;0.0;1.0;0;0;1.0;;;1.0;0.0;1.0;70.0;Guadeloupe;01;Guadeloupe
201900004255;138Â 298Â 522;B01;1.0;1;2.0;1.0;1945.0;5.0;1.0;8.0;;; -1;;;0.0;7.0;0.0;2.0;1.0;0.0;1.0;;10;2;2019;09:58;1.0;971;97101;2;1.0;1.0;1.0;RN05;16,2736800; -61,5099800;2;05;0.0;;3.0;2;0.0;1.0;0;0;1.0;;;1.0;0.0;1.0;70.0;Guadeloupe;01;Guadeloupe
201900004256;138Â 298Â 520;A01;2.0;2;3.0;1.0;2004.0;0.0;2.0;6.0;;;0;;;1.0;30.0;2.0;0.0;3.0;26.0;1.0;;10;2;2019;03:40;5.0;2A;2A004;2;1.0;1.0;7.0;MARECHAL JUIN AVENUE;41,9415363;8,7499857;4;;0.0;;3.0;4;0.0;3.0;0;0;3.0;;;1.0;0.0;1.0;50.0;Corse-du-Sud;94;Corse
201900004256;138Â 298Â 520;A01;1.0;1;3.0;1.0;2002.0;0.0;2.0;6.0;;;0;;;1.0;30.0;2.0;0.0;3.0;26.0;1.0;;10;2;2019;03:40;5.0;2A;2A004;2;1.0;1.0;7.0;MARECHAL JUIN AVENUE;41,9415363;8,7499857;4;;0.0;;3.0;4;0.0;3.0;0;0;3.0;;;1.0;0.0;1.0;50.0;Corse-du-Sud;94;Corse
201900004257;138Â 298Â 518;B01;1.0;1;2.0;1.0;1962.0;1.0;2.0;0.0;;;0;;;2.0;33.0;0.0;2.0;8.0;7.0;1.0;;9;2;2019;08:22;1.0;2A;2A004;2;3.0;1.0;3.0;NICOLI JEAN COURS;41,9336470;8,7440749;2;21;0.0;;2.0;4;0.0;1.0;2;130;1.0;;;1.0;0.0;2.0;50.0;Corse-du-Sud;94;Corse
201900004257;138Â 298Â 519;A01;1.0;1;2.0;1.0;1985.0;1.0;2.0;0.0;;;0;;;2.0;33.0;0.0;2.0;7.0;16.0;1.0;;9;2;2019;08:22;1.0;2A;2A004;2;3.0;1.0;3.0;NICOLI JEAN COURS;41,9336470;8,7440749;2;21;0.0;;2.0;4;0.0;1.0;2;130;1.0;;;1.0;0.0;2.0;50.0;Corse-du-Sud;94;Corse
201900004258;138Â 298Â 517;A01;10.0;3;2.0;2.0;2006.0;2.0;8.0;0.0;;4.0;3;1.0;;3.0;33.0;0.0;1.0;2.0;17.0;1.0;;8;2;2019;16:35;1.0;95;95424;2;1.0;1.0;6.0;FORTUNÃ CHARLOT(RUE);48,9895600;2,1867200;4;FORTUNÃ CHARLOT(RUE);0.0;;2.0;2;0.0;2.0;10;0;1.0;;;1.0;0.0;2.0;50.0;Val-d'Oise;11;Île-de-France
201900004258;138Â 298Â 517;A01;1.0;1;1.0;1.0;1989.0;1.0;2.0;6.0;;;0;;;3.0;33.0;0.0;1.0;2.0;17.0;1.0;;8;2;2019;16:35;1.0;95;95424;2;1.0;1.0;6.0;FORTUNÃ CHARLOT(RUE);48,9895600;2,1867200;4;FORTUNÃ CHARLOT(RUE);0.0;;2.0;2;0.0;2.0;10;0;1.0;;;1.0;0.0;2.0;50.0;Val-d'Oise;11;Île-de-France
201900004259;138Â 298Â 516;A01;1.0;1;1.0;1.0;1996.0;0.0;1.0;0.0;;0.0;0;;;0.0;7.0;0.0;1.0;1.0;21.0;1.0;;8;2;2019;18:30;5.0;91;91421;2;1.0;1.0;6.0;SAINT HUBERT (RUE);48,6965300;2,4716400;4;SAINT HUBERT (RUE);0.0;;2.0;2;0.0;1.0;0;0;1.0;;;1.0;6.0;1.0;50.0;Essonne;11;Île-de-France
201900004259;138Â 298Â 516;A01;10.0;3;2.0;1.0;2015.0;0.0;8.0;0.0;;4.0;3;2.0;;0.0;7.0;0.0;1.0;1.0;21.0;1.0;;8;2;2019;18:30;5.0;91;91421;2;1.0;1.0;6.0;SAINT HUBERT (RUE);48,6965300;2,4716400;4;SAINT HUBERT (RUE);0.0;;2.0;2;0.0;1.0;0;0;1.0;;;1.0;6.0;1.0;50.0;Essonne;11;Île-de-France
201900004260;138Â 298Â 511;A01;1.0;1;1.0;2.0;1985.0;9.0;1.0;8.0;;0.0;0;;;3.0;7.0;0.0;0.0;2.0;19.0;1.0;;8;2;2019;21:45;5.0;91;91326;2;2.0;8.0;3.0;ESTIENNE D'ORVES (AVENUE D');48,6907640;2,3802340;3;29;0.0;;2.0;2;0.0;1.0;1;0;1.0;;;1.0;5.0;1.0;50.0;Essonne;11;Île-de-France
201900004260;138Â 298Â 512;B01;1.0;1;2.0;1.0;1970.0;9.0;8.0;0.0;;0.0;0;;;3.0;1.0;0.0;2.0;3.0;19.0;5.0;;8;2;2019;21:45;5.0;91;91326;2;2.0;8.0;3.0;ESTIENNE D'ORVES (AVENUE D');48,6907640;2,3802340;3;29;0.0;;2.0;2;0.0;1.0;1;0;1.0;;;1.0;5.0;1.0;50.0;Essonne;11;Île-de-France