Num_Acc;id_vehicule;num_veh;place;catu;grav;sexe;an_nais;trajet;secu1;secu2;secu3;locp;actp;etatp;id_usager;senc;catv;obs;obsm;choc;manv;motor;occutc;jour;mois;an;hrmn;lum;dep;com;agg;int;atm;col;adr;lat;long;catr;voie;v1;v2;circ;nbv;vosp;prof;pr;pr1;plan;lartpc;larrout;surf;infra;situ;vma;nom_departement;reg;nom_region
201900004261;138Â 298Â 509;B01;1.0;1;1.0;1.0;1978.0;0.0;1.0;0.0;;0.0;0;;;3.0;7.0;0.0;2.0;8.0;20.0;1.0;;7;2;2019;08:30;1.0;91;91027;2;1.0;1.0;2.0;P VAILLANT COUTURIER (RUE);48,7073800;2,3877000;4;P VAILLANT COUTURIER (RUE);0.0;;1.0;1;0.0;1.0;0;0;1.0;;;2.0;0.0;2.0;30.0;Essonne;11;Île-de-France
201900004261;138Â 298Â 510;A01;1.0;1;1.0;1.0;1975.0;0.0;2.0;6.0;;0.0;0;;;3.0;33.0;0.0;2.0;7.0;17.0;1.0;;7;2;2019;08:30;1.0;91;91027;2;1.0;1.0;2.0;P VAILLANT COUTURIER (RUE);48,7073800;2,3877000;4;P VAILLANT COUTURIER (RUE);0.0;;1.0;1;0.0;1.0;0;0;1.0;;;2.0;0.0;2.0;30.0;Essonne;11;Île-de-France
201900004261;138Â 298Â 510;A01;2.0;2;2.0;1.0;2006.0;0.0;2.0;6.0;;0.0;0;;;3.0;33.0;0.0;2.0;7.0;17.0;1.0;;7;2;2019;08:30;1.0;91;91027;2;1.0;1.0;2.0;P VAILLANT COUTURIER (RUE);48,7073800;2,3877000;4;P VAILLANT COUTURIER (RUE);0.0;;1.0;1;0.0;1.0;0;0;1.0;;;2.0;0.0;2.0;30.0;Essonne;11;Île-de-France
201900004262;138Â 298Â 508;A01;1.0;1;2.0;1.0;1997.0;0.0;2.0;8.0;;0.0;0;;;1.0;34.0;0.0;0.0;8.0;0.0;1.0;;7;2;2019;16:45;1.0;91;91103;2;1.0;1.0;7.0;BABIN (RUE DU DOCTEUR);48,5994000;2,2927600;4;BABIN (RUE DU DOCTEUR);0.0;;2.0;2;0.0;1.0;0;0;2.0;;;1.0;0.0;1.0;50.0;Essonne;11;Île-de-France
201900004263;138Â 298Â 503;A01;2.0;2;2.0;2.0;1940.0;5.0;1.0;0.0;;;0;;;1.0;7.0;0.0;2.0;3.0;12.0;1.0;;7;2;2019;16:33;1.0;87;87085;2;1.0;1.0;2.0;GAMBETTA (BOULEVARD);45,8276900;1,2584800;4;GAMBETTA (BOULEVARD);0.0;;2.0;4;0.0;2.0;0;0;1.0;;;1.0;0.0;1.0;50.0;Haute-Vienne;75;Nouvelle-Aquitaine
201900004263;138Â 298Â 503;A01;1.0;1;1.0;1.0;1922.0;5.0;1.0;0.0;;;0;;;1.0;7.0;0.0;2.0;3.0;12.0;1.0;;7;2;2019;16:33;1.0;87;87085;2;1.0;1.0;2.0;GAMBETTA (BOULEVARD);45,8276900;1,2584800;4;GAMBETTA (BOULEVARD);0.0;;2.0;4;0.0;2.0;0;0;1.0;;;1.0;0.0;1.0;50.0;Haute-Vienne;75;Nouvelle-Aquitaine
201900004263;138Â 298Â 504;B01;2.0;2;2.0;1.0;1978.0;5.0;1.0;0.0;;;0;;;1.0;7.0;0.0;2.0;5.0;23.0;1.0;;7;2;2019;16:33;1.0;87;87085;2;1.0;1.0;2.0;GAMBETTA (BOULEVARD);45,8276900;1,2584800;4;GAMBETTA (BOULEVARD);0.0;;2.0;4;0.0;2.0;0;0;1.0;;;1.0;0.0;1.0;50.0;Haute-Vienne;75;Nouvelle-Aquitaine
201900004263;138Â 298Â 504;B01;1.0;1;1.0;2.0;1973.0;5.0;1.0;0.0;;;0;;;1.0;7.0;0.0;2.0;5.0;23.0;1.0;;7;2;2019;16:33;1.0;87;87085;2;1.0;1.0;2.0;GAMBETTA (BOULEVARD);45,8276900;1,2584800;4;GAMBETTA (BOULEVARD);0.0;;2.0;4;0.0;2.0;0;0;1.0;;;1.0;0.0;1.0;50.0;Haute-Vienne;75;Nouvelle-Aquitaine
201900004264;138Â 298Â 502;A01;1.0;1;3.0;1.0;1985.0;5.0;1.0;0.0;;0.0;0;;;2.0;7.0;8.0;0.0;1.0;16.0;1.0;;6;2;2019;22:32;5.0;87;87085;2;6.0;1.0;6.0;CARNOT (PLACE SADI);45,8399500;1,2580300;4;CARNOT (PLACE SADI);0.0;;1.0;2;0.0;1.0;0;0;2.0;;;1.0;0.0;4.0;50.0;Haute-Vienne;75;Nouvelle-Aquitaine
201900004265;138Â 298Â 501;A01;1.0;1;3.0;1.0;1997.0;4.0;2.0;0.0;;0.0;0;;;1.0;30.0;0.0;0.0;0.0;10.0;1.0;;6;2;2019;20:54;5.0;87;87085;2;1.0;1.0;7.0;REVOLUTION (AVENUE DE LA);45,8238800;1,2599500;4;REVOLUTION (AVENUE DE LA);0.0;;2.0;3;0.0;2.0;0;0;1.0;;;6.0;0.0;1.0;50.0;Haute-Vienne;75;Nouvelle-Aquitaine
201900004266;138Â 298Â 499;B01;1.0;1;1.0;2.0;1997.0;1.0;1.0;0.0;;;0;;;2.0;7.0;0.0;2.0;7.0;1.0;0.0;;10;2;2019;13:35;1.0;86;86194;2;1.0;1.0;3.0;PARIS (AVENUE DE);46,5920200;0,3378700;4;PARIS (AVENUE DE);0.0;;2.0;2;0.0;1.0;0;0;1.0;;;1.0;0.0;1.0;50.0;Vienne;75;Nouvelle-Aquitaine
201900004266;138Â 298Â 500;A01;1.0;1;2.0;1.0;2003.0;5.0;8.0;0.0;;;0;;;1.0;1.0;0.0;2.0;1.0;19.0;0.0;;10;2;2019;13:35;1.0;86;86194;2;1.0;1.0;3.0;PARIS (AVENUE DE);46,5920200;0,3378700;4;PARIS (AVENUE DE);0.0;;2.0;2;0.0;1.0;0;0;1.0;;;1.0;0.0;1.0;50.0;Vienne;75;Nouvelle-Aquitaine
201900004267;138Â 298Â 497;B01;1.0;1;2.0;1.0;1957.0;5.0;1.0;0.0;;;0;;;1.0;7.0;2.0;2.0;6.0;23.0;1.0;;7;2;2019;09:30;1.0;86;86194;2;3.0;1.0;6.0;EUROPE (AVENUE DE L');46,5908000;0,3528300;3;162;0.0;;3.0;4;0.0;1.0;1;0;1.0;;;1.0;0.0;1.0;50.0;Vienne;75;Nouvelle-Aquitaine
201900004267;138Â 298Â 497;B01;2.0;2;2.0;2.0;1954.0;5.0;1.0;8.0;;;0;;;1.0;7.0;2.0;2.0;6.0;23.0;1.0;;7;2;2019;09:30;1.0;86;86194;2;3.0;1.0;6.0;EUROPE (AVENUE DE L');46,5908000;0,3528300;3;162;0.0;;3.0;4;0.0;1.0;1;0;1.0;;;1.0;0.0;1.0;50.0;Vienne;75;Nouvelle-Aquitaine
201900004267;138Â 298Â 498;A01;1.0;1;1.0;2.0;1981.0;3.0;1.0;0.0;;;0;;;1.0;7.0;0.0;2.0;1.0;2.0;1.0;;7;2;2019;09:30;1.0;86;86194;2;3.0;1.0;6.0;EUROPE (AVENUE DE L');46,5908000;0,3528300;3;162;0.0;;3.0;4;0.0;1.0;1;0;1.0;;;1.0;0.0;1.0;50.0;Vienne;75;Nouvelle-Aquitaine
201900004267;138Â 298Â 498;A01;10.0;3;2.0;2.0;1982.0;0.0;8.0;0.0;;3.0;3;1.0;;1.0;7.0;0.0;2.0;1.0;2.0;1.0;;7;2;2019;09:30;1.0;86;86194;2;3.0;1.0;6.0;EUROPE (AVENUE DE L');46,5908000;0,3528300;3;162;0.0;;3.0;4;0.0;1.0;1;0;1.0;;;1.0;0.0;1.0;50.0;Vienne;75;Nouvelle-Aquitaine
201900004268;138Â 298Â 495;A01;1.0;1;3.0;1.0;1997.0;5.0;1.0;8.0;;;0;;;1.0;7.0;0.0;2.0;1.0;6.0;0.0;;7;2;2019;10:20;1.0;86;86194;2;1.0;1.0;3.0;ROCADE OUEST ;46,5647672;0,3038160;3;910;0.0;;3.0;6;0.0;1.0;57;700;1.0;;;2.0;0.0;1.0;70.0;Vienne;75;Nouvelle-Aquitaine
201900004268;138Â 298Â 495;A01;2.0;2;3.0;2.0;2002.0;5.0;1.0;8.0;;;0;;;1.0;7.0;0.0;2.0;1.0;6.0;0.0;;7;2;2019;10:20;1.0;86;86194;2;1.0;1.0;3.0;ROCADE OUEST ;46,5647672;0,3038160;3;910;0.0;;3.0;6;0.0;1.0;57;700;1.0;;;2.0;0.0;1.0;70.0;Vienne;75;Nouvelle-Aquitaine
201900004268;138Â 298Â 496;B01;1.0;1;1.0;1.0;1997.0;4.0;1.0;8.0;;;0;;;2.0;10.0;0.0;2.0;1.0;1.0;0.0;;7;2;2019;10:20;1.0;86;86194;2;1.0;1.0;3.0;ROCADE OUEST ;46,5647672;0,3038160;3;910;0.0;;3.0;6;0.0;1.0;57;700;1.0;;;2.0;0.0;1.0;70.0;Vienne;75;Nouvelle-Aquitaine
201900004269;138Â 298Â 494;A01;1.0;1;3.0;1.0;2000.0;5.0;8.0;0.0;;;0;;;1.0;7.0;2.0;0.0;1.0;1.0;1.0;;10;2;2019;05:15;3.0;30;30011;1;1.0;1.0;7.0;R.N. 100;43,9483928;4,7788760;3;6100;0.0;;1.0;2;0.0;1.0;18;700;4.0;;;1.0;0.0;1.0;90.0;Gard;76;Occitanie
201900004269;138Â 298Â 494;A01;2.0;2;3.0;2.0;1996.0;5.0;1.0;0.0;;;0;;;1.0;7.0;2.0;0.0;1.0;1.0;1.0;;10;2;2019;05:15;3.0;30;30011;1;1.0;1.0;7.0;R.N. 100;43,9483928;4,7788760;3;6100;0.0;;1.0;2;0.0;1.0;18;700;4.0;;;1.0;0.0;1.0;90.0;Gard;76;Occitanie
201900004270;138Â 298Â 492;A01;1.0;1;1.0;2.0;1987.0;5.0;1.0;0.0;;; -1;;;1.0;7.0;0.0;1.0;1.0;1.0;1.0;;8;2;2019;17:05;2.0;84;84007;1;1.0;1.0;3.0;RD225  (route touristique);43,9548800;4,8236500;3;225;0.0;;2.0;2;0.0;1.0;0;1;1.0;;;1.0;0.0;1.0;70.0;Vaucluse;93;Provence-Alpes-Côte d'Azur
201900004270;138Â 298Â 493;B01;1.0;1;3.0;1.0;1951.0;0.0;2.0;0.0;;;0;;;3.0;1.0;0.0;2.0;7.0;19.0;5.0;;8;2;2019;17:05;2.0;84;84007;1;1.0;1.0;3.0;RD225  (route touristique);43,9548800;4,8236500;3;225;0.0;;2.0;2;0.0;1.0;0;1;1.0;;;1.0;0.0;1.0;70.0;Vaucluse;93;Provence-Alpes-Côte d'Azur
201900004271;138Â 298Â 489;A01;10.0;3;2.0;2.0;1949.0;5.0;8.0;0.0;;6.0;2;2.0;;1.0;33.0;0.0;1.0;2.0;1.0;1.0;;11;2;2019;14:45;1.0;83;83098;1;1.0;1.0;6.0;CIBONNE(CHEMIN DES);43,1004100;6,0348200;4;;0.0;;;1;0.0;2.0;0;0;2.0;;;1.0;0.0;1.0;50.0;Var;93;Provence-Alpes-Côte d'Azur
201900004271;138Â 298Â 489;A01;1.0;1;1.0;1.0;1961.0;0.0;2.0;6.0;;; -1;;;1.0;33.0;0.0;1.0;2.0;1.0;1.0;;11;2;2019;14:45;1.0;83;83098;1;1.0;1.0;6.0;CIBONNE(CHEMIN DES);43,1004100;6,0348200;4;;0.0;;;1;0.0;2.0;0;0;2.0;;;1.0;0.0;1.0;50.0;Var;93;Provence-Alpes-Côte d'Azur
201900004272;138Â 298Â 487;B01;1.0;1;1.0;2.0;1967.0;1.0;1.0;0.0;;0.0;0;;;1.0;7.0;0.0;2.0;8.0;16.0;1.0;;8;2;2019;12:10;1.0;83;83129;2;6.0;1.0;3.0;JUIN MARECHAL (AV DU);43,0954600;5,8482000;4;JUIN MARECHAL (AV DU);0.0;;2.0;4;0.0;1.0;0;0;3.0;;;1.0;9.0;1.0;50.0;Var;93;Provence-Alpes-Côte d'Azur
201900004272;138Â 298Â 488;A01;1.0;1;2.0;1.0;1966.0;1.0;2.0;6.0;;0.0;0;;;2.0;2.0;0.0;2.0;1.0;15.0;1.0;;8;2;2019;12:10;1.0;83;83129;2;6.0;1.0;3.0;JUIN MARECHAL (AV DU);43,0954600;5,8482000;4;JUIN MARECHAL (AV DU);0.0;;2.0;4;0.0;1.0;0;0;3.0;;;1.0;9.0;1.0;50.0;Var;93;Provence-Alpes-Côte d'Azur
201900004273;138Â 298Â 486;A01;1.0;1;1.0;2.0;1940.0;5.0;1.0;0.0;;0.0;0;;;3.0;7.0;1.0;1.0;4.0;26.0;2.0;;6;2;2019;16:30;1.0;83;83129;2;1.0;1.0;6.0;LILAS (IMPASSE DES);43,0900000;5,8400000;6;;0.0;;;0;0.0;1.0;0;0;1.0;;;1.0;9.0;2.0;30.0;Var;93;Provence-Alpes-Côte d'Azur
201900004273;138Â 298Â 486;A01;10.0;3;2.0;2.0;1951.0;5.0;8.0;0.0;;9.0;9;1.0;;3.0;7.0;1.0;1.0;4.0;26.0;2.0;;6;2;2019;16:30;1.0;83;83129;2;1.0;1.0;6.0;LILAS (IMPASSE DES);43,0900000;5,8400000;6;;0.0;;;0;0.0;1.0;0;0;1.0;;;1.0;9.0;2.0;30.0;Var;93;Provence-Alpes-Côte d'Azur
201900004274;138Â 298Â 485;A01;10.0;3;3.0;2.0;1960.0;0.0;8.0;0.0;;3.0;3;1.0;;1.0;7.0;0.0;1.0;3.0;1.0;1.0;;5;2;2019;09:15;1.0;83;83123;2;2.0;1.0;6.0;BUGE (CHEMIN DE LA);43,1207530;5,8078730;3;211;0.0;;1.0;1;0.0;1.0;1;200;1.0;;;1.0;0.0;1.0;50.0;Var;93;Provence-Alpes-Côte d'Azur
201900004274;138Â 298Â 485;A01;1.0;1;1.0;1.0;1965.0;0.0;1.0;8.0;;0.0;0;;;1.0;7.0;0.0;1.0;3.0;1.0;1.0;;5;2;2019;09:15;1.0;83;83123;2;2.0;1.0;6.0;BUGE (CHEMIN DE LA);43,1207530;5,8078730;3;211;0.0;;1.0;1;0.0;1.0;1;200;1.0;;;1.0;0.0;1.0;50.0;Var;93;Provence-Alpes-Côte d'Azur
201900004275;138Â 298Â 483;A01;1.0;1;1.0;2.0;1962.0;4.0;8.0;0.0;;0.0;0;;;2.0;7.0;0.0;2.0;3.0;15.0;1.0;;8;2;2019;12:34;1.0;83;83069;2;9.0;1.0;6.0;VILETTE (CHEMIN DE LA);43,1084200;6,1235800;4;VILETTE (CHEMIN DE LA);0.0;;2.0;3;0.0;1.0;0;0;1.0;;;1.0;0.0;1.0;50.0;Var;93;Provence-Alpes-Côte d'Azur
201900004275;138Â 298Â 484;B01;1.0;1;3.0;1.0;1985.0;1.0;2.0;6.0;;0.0;0;;;1.0;32.0;0.0;2.0;1.0;1.0;1.0;;8;2;2019;12:34;1.0;83;83069;2;9.0;1.0;6.0;VILETTE (CHEMIN DE LA);43,1084200;6,1235800;4;VILETTE (CHEMIN DE LA);0.0;;2.0;3;0.0;1.0;0;0;1.0;;;1.0;0.0;1.0;50.0;Var;93;Provence-Alpes-Côte d'Azur
201900004276;138Â 298Â 472;B01;1.0;1;1.0;1.0;1989.0;5.0;1.0;0.0;;; -1;;;2.0;7.0;0.0;2.0;8.0;1.0;1.0;;6;2;2019;11:50;1.0;79;79191;2;1.0;8.0;6.0;10 boulevard de l'Atlantique;46,3164500; -0,4782100;4;10 boulevard de l'Atlantique;0.0;;2.0;4;2.0;1.0;0;0;1.0;;;1.0;9.0;1.0;30.0;Deux-Sèvres;75;Nouvelle-Aquitaine
201900004276;138Â 298Â 473;A01;10.0;3;3.0;2.0;1985.0;2.0;8.0;0.0;;3.0;3;1.0;;1.0;30.0;0.0;1.0;1.0;7.0;1.0;;6;2;2019;11:50;1.0;79;79191;2;1.0;8.0;6.0;10 boulevard de l'Atlantique;46,3164500; -0,4782100;4;10 boulevard de l'Atlantique;0.0;;2.0;4;2.0;1.0;0;0;1.0;;;1.0;9.0;1.0;30.0;Deux-Sèvres;75;Nouvelle-Aquitaine
201900004276;138Â 298Â 473;A01;1.0;1;1.0;1.0;1987.0;5.0;2.0;8.0;;;0;;;1.0;30.0;0.0;1.0;1.0;7.0;1.0;;6;2;2019;11:50;1.0;79;79191;2;1.0;8.0;6.0;10 boulevard de l'Atlantique;46,3164500; -0,4782100;4;10 boulevard de l'Atlantique;0.0;;2.0;4;2.0;1.0;0;0;1.0;;;1.0;9.0;1.0;30.0;Deux-Sèvres;75;Nouvelle-Aquitaine
201900004277;138Â 298Â 465;A01;10.0;3;2.0;2.0;2006.0;2.0;8.0;0.0;;3.0;3;2.0;;3.0;7.0;0.0;1.0;2.0;1.0;0.0;;7;2;2019;17:15;1.0;77;77350;2;9.0;2.0;6.0;ARISTIDE BRIAND (PLACE);48,7679700;2,6730600;4;ARISTIDE BRIAND (PLACE);0.0;;2.0;2;0.0;1.0;1;0;1.0;;;1.0;0.0;1.0;50.0;Seine-et-Marne;11;Île-de-France
201900004278;138Â 298Â 464;A01;1.0;1;1.0;1.0;1964.0;1.0;1.0;0.0;;0.0;0;;;1.0;10.0;0.0;1.0;1.0;26.0;1.0;;7;2;2019;08:10;1.0;77;77390;2;1.0;1.0;6.0;D361-MALIBRAN (AVENUE DE LA);48,7979000;2,6400000;3;361;0.0;;2.0;2;0.0;1.0;1;905;1.0;;;2.0;0.0;2.0;50.0;Seine-et-Marne;11;Île-de-France
201900004278;138Â 298Â 464;A01;10.0;3;2.0;1.0;2007.0;2.0;8.0;0.0;;3.0;3;1.0;;1.0;10.0;0.0;1.0;1.0;26.0;1.0;;7;2;2019;08:10;1.0;77;77390;2;1.0;1.0;6.0;D361-MALIBRAN (AVENUE DE LA);48,7979000;2,6400000;3;361;0.0;;2.0;2;0.0;1.0;1;905;1.0;;;2.0;0.0;2.0;50.0;Seine-et-Marne;11;Île-de-France
201900004279;138Â 298Â 460;A01;1.0;1;2.0;1.0;1957.0;5.0;1.0;0.0;;0.0;0;;;1.0;7.0;1.0;0.0;1.0;14.0;1.0;;10;2;2019;13:30;1.0;77;77464;2;1.0;2.0;6.0;D418 - CLAYE  (RUE DE  );48,8901300;2,7057700;3;418;0.0;;2.0;2;0.0;2.0;8;264;1.0;;;2.0;0.0;1.0;50.0;Seine-et-Marne;11;Île-de-France
201900004280;138Â 298Â 459;A01;10.0;3;2.0;2.0;1968.0;9.0;8.0;0.0;;3.0;3;1.0;;2.0;10.0;0.0;1.0;3.0;9.0;1.0;;8;2;2019;09:00;1.0;77;77243;2;3.0;8.0;6.0;SAINT DENIS  (RUE   );48,8786700;2,7068000;4;SAINT DENIS  (RUE   );0.0;;2.0;2;0.0;1.0;0;0;1.0;;;2.0;0.0;1.0;50.0;Seine-et-Marne;11;Île-de-France
201900004280;138Â 298Â 459;A01;1.0;1;1.0;1.0;1966.0;2.0;1.0;0.0;;0.0;0;;;2.0;10.0;0.0;1.0;3.0;9.0;1.0;;8;2;2019;09:00;1.0;77;77243;2;3.0;8.0;6.0;SAINT DENIS  (RUE   );48,8786700;2,7068000;4;SAINT DENIS  (RUE   );0.0;;2.0;2;0.0;1.0;0;0;1.0;;;2.0;0.0;1.0;50.0;Seine-et-Marne;11;Île-de-France
201900004281;138Â 298Â 458;A01;1.0;1;3.0;1.0;1975.0;4.0;2.0;8.0;;0.0;0;;;2.0;30.0;7.0;0.0;0.0;26.0;1.0;;8;2;2019;19:55;5.0;77;77111;2;2.0;1.0;7.0;D934 X RUE DE LAGNY;48,8782300;2,7557800;3;934;0.0;;2.0;2;0.0;1.0;15;135;1.0;;;1.0;5.0;1.0;50.0;Seine-et-Marne;11;Île-de-France
201900004282;138Â 298Â 453;A01;2.0;2;1.0;2.0;1992.0;5.0;1.0;0.0;;0.0;0;;;1.0;7.0;0.0;2.0;1.0;1.0;1.0;;10;2;2019;14:45;1.0;76;76540;2;2.0;1.0;3.0;MONT RIBOUDET. AVENUE DU;49,4463300;1,0709600;3;6015;0.0;;2.0;5;0.0;1.0;15;40;1.0;;;2.0;0.0;1.0;50.0;Seine-Maritime;28;Normandie
201900004282;138Â 298Â 453;A01;3.0;2;1.0;2.0;2017.0;5.0;3.0;0.0;;0.0;0;;;1.0;7.0;0.0;2.0;1.0;1.0;1.0;;10;2;2019;14:45;1.0;76;76540;2;2.0;1.0;3.0;MONT RIBOUDET. AVENUE DU;49,4463300;1,0709600;3;6015;0.0;;2.0;5;0.0;1.0;15;40;1.0;;;2.0;0.0;1.0;50.0;Seine-Maritime;28;Normandie
201900004282;138Â 298Â 453;A01;1.0;1;1.0;1.0;1987.0;5.0;1.0;0.0;;0.0;0;;;1.0;7.0;0.0;2.0;1.0;1.0;1.0;;10;2;2019;14:45;1.0;76;76540;2;2.0;1.0;3.0;MONT RIBOUDET. AVENUE DU;49,4463300;1,0709600;3;6015;0.0;;2.0;5;0.0;1.0;15;40;1.0;;;2.0;0.0;1.0;50.0;Seine-Maritime;28;Normandie
201900004282;138Â 298Â 454;B01;2.0;2;2.0;1.0;1989.0;5.0;1.0;0.0;;0.0;0;;;0.0;7.0;0.0;2.0;8.0;1.0;1.0;;10;2;2019;14:45;1.0;76;76540;2;2.0;1.0;3.0;MONT RIBOUDET. AVENUE DU;49,4463300;1,0709600;3;6015;0.0;;2.0;5;0.0;1.0;15;40;1.0;;;2.0;0.0;1.0;50.0;Seine-Maritime;28;Normandie
201900004282;138Â 298Â 454;B01;3.0;2;2.0;1.0;2010.0;5.0;3.0;0.0;;0.0;0;;;0.0;7.0;0.0;2.0;8.0;1.0;1.0;;10;2;2019;14:45;1.0;76;76540;2;2.0;1.0;3.0;MONT RIBOUDET. AVENUE DU;49,4463300;1,0709600;3;6015;0.0;;2.0;5;0.0;1.0;15;40;1.0;;;2.0;0.0;1.0;50.0;Seine-Maritime;28;Normandie
201900004282;138Â 298Â 454;B01;1.0;1;2.0;2.0;1993.0;5.0;1.0;0.0;;0.0;0;;;0.0;7.0;0.0;2.0;8.0;1.0;1.0;;10;2;2019;14:45;1.0;76;76540;2;2.0;1.0;3.0;MONT RIBOUDET. AVENUE DU;49,4463300;1,0709600;3;6015;0.0;;2.0;5;0.0;1.0;15;40;1.0;;;2.0;0.0;1.0;50.0;Seine-Maritime;28;Normandie
201900004283;138Â 298Â 451;A01;10.0;3;2.0;1.0;1936.0;5.0;8.0;0.0;;1.0;A;1.0;;0.0;30.0;1.0;1.0;2.0;1.0;1.0;;10;2;2019;12:15;1.0;76;76351;2;1.0;2.0;6.0;JEAN JAURES (AVENUE);49,4991300;0,1532100;3;6015;0.0;;2.0;2;1.0;1.0;95;800;1.0;;;2.0;0.0;1.0;50.0;Seine-Maritime;28;Normandie
201900004283;138Â 298Â 451;A01;1.0;1;1.0;1.0;1955.0;0.0;2.0;0.0;;;0;;;0.0;30.0;1.0;1.0;2.0;1.0;1.0;;10;2;2019;12:15;1.0;76;76351;2;1.0;2.0;6.0;JEAN JAURES (AVENUE);49,4991300;0,1532100;3;6015;0.0;;2.0;2;1.0;1.0;95;800;1.0;;;2.0;0.0;1.0;50.0;Seine-Maritime;28;Normandie
201900004284;138Â 298Â 449;A01;10.0;3;3.0;1.0;1934.0;5.0;8.0;0.0;;5.0;9;1.0;;3.0;10.0;0.0;1.0;4.0;4.0;1.0;;7;2;2019;10:10;1.0;76;76351;2;1.0;1.0;6.0;MULHOUSE (DE);49,4877600;0,1415300;6;MULHOUSE (DE);0.0;;;;0.0;1.0;0;0;1.0;;;2.0;0.0;1.0;50.0;Seine-Maritime;28;Normandie
201900004284;138Â 298Â 449;A01;1.0;1;1.0;2.0;1971.0;4.0;1.0;8.0;;0.0;0;;;3.0;10.0;0.0;1.0;4.0;4.0;1.0;;7;2;2019;10:10;1.0;76;76351;2;1.0;1.0;6.0;MULHOUSE (DE);49,4877600;0,1415300;6;MULHOUSE (DE);0.0;;;;0.0;1.0;0;0;1.0;;;2.0;0.0;1.0;50.0;Seine-Maritime;28;Normandie
201900004285;138Â 298Â 447;B01;1.0;1;1.0;2.0;1978.0;0.0;1.0;0.0;;;0;;;1.0;7.0;0.0;2.0;3.0;1.0;1.0;;6;2;2019;19:45;5.0;76;76351;2;1.0;1.0;1.0;IRENE JOLIOT CURIE (RUE);49,5182715;0,1058078;3;147;0.0;;2.0;2;0.0;1.0;3;660;1.0;;;3.0;0.0;1.0;50.0;Seine-Maritime;28;Normandie
201900004285;138Â 298Â 448;A01;1.0;1;2.0;2.0;1991.0;0.0;1.0;0.0;;;0;;;2.0;7.0;15.0;2.0;3.0;1.0;1.0;;6;2;2019;19:45;5.0;76;76351;2;1.0;1.0;1.0;IRENE JOLIOT CURIE (RUE);49,5182715;0,1058078;3;147;0.0;;2.0;2;0.0;1.0;3;660;1.0;;;3.0;0.0;1.0;50.0;Seine-Maritime;28;Normandie
201900004286;138Â 298Â 442;A01;1.0;1;2.0;1.0;1987.0;5.0;8.0;0.0;;0.0;0;;;1.0;7.0;0.0;0.0;1.0;1.0;1.0;;10;2;2019;05:45;3.0;74;74013;1;9.0;9.0;7.0;CONTOURNEMENT;46,3476660;6,4375080;3;1005;0.0;;2.0;4;0.0;1.0;17;1014;1.0;;;1.0;3.0;1.0;90.0;Haute-Savoie;84;Auvergne-Rhône-Alpes
201900004287;138Â 298Â 441;A01;10.0;3;2.0;1.0;1985.0;0.0;8.0;0.0;;4.0;3;1.0;;1.0;32.0;0.0;1.0;1.0;1.0;1.0;;8;2;2019;06:50;5.0;74;74008;2;3.0;1.0;6.0;FRATERNITE (RUE DE LA);46,1963800;6,2276600;4;FRATERNITE (RUE DE LA);0.0;;2.0;2;0.0;1.0;0;1;1.0;;;7.0;9.0;2.0;50.0;Haute-Savoie;84;Auvergne-Rhône-Alpes
201900004287;138Â 298Â 441;A01;1.0;1;1.0;1.0;1979.0;1.0;2.0;6.0;;0.0;0;;;1.0;32.0;0.0;1.0;1.0;1.0;1.0;;8;2;2019;06:50;5.0;74;74008;2;3.0;1.0;6.0;FRATERNITE (RUE DE LA);46,1963800;6,2276600;4;FRATERNITE (RUE DE LA);0.0;;2.0;2;0.0;1.0;0;1;1.0;;;7.0;9.0;2.0;50.0;Haute-Savoie;84;Auvergne-Rhône-Alpes
201900004288;138Â 298Â 438;B01;1.0;1;2.0;1.0;1958.0;4.0;1.0;8.0;;0.0;0;;;1.0;7.0;0.0;2.0;6.0;1.0;1.0;;6;2;2019;01:07;3.0;74;74093;1;1.0;1.0;5.0;OUEST (BOULEVARD);45,8998000;6,0896000;3;3508;0.0;;3.0;2;0.0;2.0;11;600;3.0;;;2.0;0.0;1.0;70.0;Haute-Savoie;84;Auvergne-Rhône-Alpes
201900004288;138Â 298Â 438;B01;4.0;2;2.0;1.0;1995.0;4.0;1.0;8.0;;0.0;0;;;1.0;7.0;0.0;2.0;6.0;1.0;1.0;;6;2;2019;01:07;3.0;74;74093;1;1.0;1.0;5.0;OUEST (BOULEVARD);45,8998000;6,0896000;3;3508;0.0;;3.0;2;0.0;2.0;11;600;3.0;;;2.0;0.0;1.0;70.0;Haute-Savoie;84;Auvergne-Rhône-Alpes
201900004288;138Â 298Â 438;B01;2.0;2;2.0;1.0;1967.0;4.0;1.0;0.0;;0.0;0;;;1.0;7.0;0.0;2.0;6.0;1.0;1.0;;6;2;2019;01:07;3.0;74;74093;1;1.0;1.0;5.0;OUEST (BOULEVARD);45,8998000;6,0896000;3;3508;0.0;;3.0;2;0.0;2.0;11;600;3.0;;;2.0;0.0;1.0;70.0;Haute-Savoie;84;Auvergne-Rhône-Alpes
201900004288;138Â 298Â 439;C01;2.0;2;1.0;1.0;1997.0;5.0;1.0;8.0;;0.0;0;;;1.0;7.0;0.0;2.0;6.0;1.0;1.0;;6;2;2019;01:07;3.0;74;74093;1;1.0;1.0;5.0;OUEST (BOULEVARD);45,8998000;6,0896000;3;3508;0.0;;3.0;2;0.0;2.0;11;600;3.0;;;2.0;0.0;1.0;70.0;Haute-Savoie;84;Auvergne-Rhône-Alpes