Num_Acc;id_vehicule;num_veh;place;catu;grav;sexe;an_nais;trajet;secu1;secu2;secu3;locp;actp;etatp;id_usager;senc;catv;obs;obsm;choc;manv;motor;occutc;jour;mois;an;hrmn;lum;dep;com;agg;int;atm;col;adr;lat;long;catr;voie;v1;v2;circ;nbv;vosp;prof;pr;pr1;plan;lartpc;larrout;surf;infra;situ;vma;nom_departement;reg;nom_region
201900004288;138Â 298Â 439;C01;3.0;2;1.0;1.0;1997.0;5.0;1.0;8.0;;0.0;0;;;1.0;7.0;0.0;2.0;6.0;1.0;1.0;;6;2;2019;01:07;3.0;74;74093;1;1.0;1.0;5.0;OUEST (BOULEVARD);45,8998000;6,0896000;3;3508;0.0;;3.0;2;0.0;2.0;11;600;3.0;;;2.0;0.0;1.0;70.0;Haute-Savoie;84;Auvergne-Rhône-Alpes
201900004288;138Â 298Â 439;C01;1.0;1;1.0;1.0;1999.0;5.0;1.0;8.0;;0.0;0;;;1.0;7.0;0.0;2.0;6.0;1.0;1.0;;6;2;2019;01:07;3.0;74;74093;1;1.0;1.0;5.0;OUEST (BOULEVARD);45,8998000;6,0896000;3;3508;0.0;;3.0;2;0.0;2.0;11;600;3.0;;;2.0;0.0;1.0;70.0;Haute-Savoie;84;Auvergne-Rhône-Alpes
201900004288;138Â 298Â 440;A01;4.0;2;2.0;1.0;1997.0;5.0;1.0;0.0;;0.0;0;;;1.0;7.0;0.0;2.0;1.0;2.0;1.0;;6;2;2019;01:07;3.0;74;74093;1;1.0;1.0;5.0;OUEST (BOULEVARD);45,8998000;6,0896000;3;3508;0.0;;3.0;2;0.0;2.0;11;600;3.0;;;2.0;0.0;1.0;70.0;Haute-Savoie;84;Auvergne-Rhône-Alpes
201900004288;138Â 298Â 440;A01;2.0;2;1.0;1.0;2000.0;5.0;1.0;0.0;;0.0;0;;;1.0;7.0;0.0;2.0;1.0;2.0;1.0;;6;2;2019;01:07;3.0;74;74093;1;1.0;1.0;5.0;OUEST (BOULEVARD);45,8998000;6,0896000;3;3508;0.0;;3.0;2;0.0;2.0;11;600;3.0;;;2.0;0.0;1.0;70.0;Haute-Savoie;84;Auvergne-Rhône-Alpes
201900004288;138Â 298Â 440;A01;1.0;1;1.0;1.0;2000.0;5.0;1.0;8.0;;0.0;0;;;1.0;7.0;0.0;2.0;1.0;2.0;1.0;;6;2;2019;01:07;3.0;74;74093;1;1.0;1.0;5.0;OUEST (BOULEVARD);45,8998000;6,0896000;3;3508;0.0;;3.0;2;0.0;2.0;11;600;3.0;;;2.0;0.0;1.0;70.0;Haute-Savoie;84;Auvergne-Rhône-Alpes
201900004288;138Â 298Â 440;A01;3.0;2;1.0;2.0;1999.0;5.0;1.0;0.0;;0.0;0;;;1.0;7.0;0.0;2.0;1.0;2.0;1.0;;6;2;2019;01:07;3.0;74;74093;1;1.0;1.0;5.0;OUEST (BOULEVARD);45,8998000;6,0896000;3;3508;0.0;;3.0;2;0.0;2.0;11;600;3.0;;;2.0;0.0;1.0;70.0;Haute-Savoie;84;Auvergne-Rhône-Alpes
201900004288;138Â 298Â 440;A01;5.0;2;2.0;2.0;1999.0;5.0;1.0;0.0;;0.0;0;;;1.0;7.0;0.0;2.0;1.0;2.0;1.0;;6;2;2019;01:07;3.0;74;74093;1;1.0;1.0;5.0;OUEST (BOULEVARD);45,8998000;6,0896000;3;3508;0.0;;3.0;2;0.0;2.0;11;600;3.0;;;2.0;0.0;1.0;70.0;Haute-Savoie;84;Auvergne-Rhône-Alpes
201900004289;138Â 298Â 437;A01;1.0;1;1.0;1.0;1968.0;4.0;1.0;0.0;;0.0;0;;;3.0;7.0;0.0;1.0;8.0;1.0;1.0;;11;2;2019;07:50;5.0;72;72181;2;1.0;1.0;6.0;MOLIERE - ENTRE ROCADE ET MONTHEARD;47,9945600;0,2209200;4;MOLIERE - ENTRE ROCADE ET MONTHEARD;0.0;;2.0;2;0.0;1.0;0;0;1.0;;;2.0;0.0;1.0;50.0;Sarthe;52;Pays de la Loire
201900004289;138Â 298Â 437;A01;10.0;3;2.0;1.0;1953.0;0.0;8.0;0.0;;3.0;3;1.0;;3.0;7.0;0.0;1.0;8.0;1.0;1.0;;11;2;2019;07:50;5.0;72;72181;2;1.0;1.0;6.0;MOLIERE - ENTRE ROCADE ET MONTHEARD;47,9945600;0,2209200;4;MOLIERE - ENTRE ROCADE ET MONTHEARD;0.0;;2.0;2;0.0;1.0;0;0;1.0;;;2.0;0.0;1.0;50.0;Sarthe;52;Pays de la Loire
201900004290;138Â 298Â 435;B01;1.0;1;2.0;1.0;1976.0;0.0;1.0;0.0;;; -1;;;3.0;7.0;0.0;2.0;3.0;1.0;1.0;;7;2;2019;09:40;1.0;72;72181;2;3.0;2.0;1.0;19 MARS 1962 (PL);47,9815800;0,2085000;4;19 MARS 1962 (PL);0.0;;2.0;2;0.0;1.0;0;0;1.0;;;2.0;0.0;1.0;50.0;Sarthe;52;Pays de la Loire
201900004290;138Â 298Â 436;A01;1.0;1;1.0;2.0;1988.0;0.0;1.0;0.0;;0.0;0;;;3.0;7.0;0.0;2.0;2.0;15.0;1.0;;7;2;2019;09:40;1.0;72;72181;2;3.0;2.0;1.0;19 MARS 1962 (PL);47,9815800;0,2085000;4;19 MARS 1962 (PL);0.0;;2.0;2;0.0;1.0;0;0;1.0;;;2.0;0.0;1.0;50.0;Sarthe;52;Pays de la Loire
201900004291;138Â 298Â 434;A01;10.0;3;2.0;2.0;2002.0;2.0;8.0;0.0;;3.0;3;1.0;;3.0;2.0;0.0;1.0;1.0;1.0;1.0;;7;2;2019;08:00;2.0;72;72181;2;1.0;2.0;6.0;LOUIS BLANC (QUAI);48,0124800;0,1985400;4;LOUIS BLANC (QUAI);0.0;;2.0;2;2.0;1.0;0;0;1.0;;;2.0;0.0;1.0;50.0;Sarthe;52;Pays de la Loire
201900004291;138Â 298Â 434;A01;1.0;1;2.0;1.0;1988.0;1.0;2.0;0.0;;0.0;0;;;3.0;2.0;0.0;1.0;1.0;1.0;1.0;;7;2;2019;08:00;2.0;72;72181;2;1.0;2.0;6.0;LOUIS BLANC (QUAI);48,0124800;0,1985400;4;LOUIS BLANC (QUAI);0.0;;2.0;2;2.0;1.0;0;0;1.0;;;2.0;0.0;1.0;50.0;Sarthe;52;Pays de la Loire
201900004292;138Â 298Â 431;C01;1.0;1;1.0;2.0;1967.0;0.0;1.0;0.0;;0.0;0;;;0.0;7.0;0.0;2.0;8.0;1.0;1.0;;6;2;2019;16:45;1.0;72;72181;2;6.0;2.0;6.0;DURAND GEORGES (AV) NÂ° IMP 1 A 141;47,9829400;0,2108400;4;DURAND GEORGES (AV) NÂ° IMP 1 A 141;0.0;;3.0;2;3.0;1.0;0;0;1.0;;;2.0;4.0;1.0;30.0;Sarthe;52;Pays de la Loire
201900004292;138Â 298Â 432;B01;1.0;1;1.0;1.0;1974.0;4.0;1.0;0.0;;0.0;0;;;3.0;40.0;0.0;2.0;1.0;1.0;3.0;;6;2;2019;16:45;1.0;72;72181;2;6.0;2.0;6.0;DURAND GEORGES (AV) NÂ° IMP 1 A 141;47,9829400;0,2108400;4;DURAND GEORGES (AV) NÂ° IMP 1 A 141;0.0;;3.0;2;3.0;1.0;0;0;1.0;;;2.0;4.0;1.0;30.0;Sarthe;52;Pays de la Loire
201900004292;138Â 298Â 433;A01;1.0;1;2.0;1.0;1974.0;0.0;1.0;0.0;;0.0;0;;;3.0;7.0;0.0;2.0;8.0;15.0;1.0;;6;2;2019;16:45;1.0;72;72181;2;6.0;2.0;6.0;DURAND GEORGES (AV) NÂ° IMP 1 A 141;47,9829400;0,2108400;4;DURAND GEORGES (AV) NÂ° IMP 1 A 141;0.0;;3.0;2;3.0;1.0;0;0;1.0;;;2.0;4.0;1.0;30.0;Sarthe;52;Pays de la Loire
201900004293;138Â 298Â 429;B01;1.0;1;2.0;2.0;1941.0;1.0;1.0;0.0;;0.0;0;;;1.0;7.0;0.0;2.0;1.0;1.0;1.0;;6;2;2019;08:30;1.0;72;72181;1;1.0;2.0;3.0;TOURS (RTE) LIGNE DROITE DES HUNAUDIERES;47,9510000;0,2303100;3;338;0.0;;2.0;2;0.0;1.0;0;0;1.0;;;2.0;0.0;1.0;90.0;Sarthe;52;Pays de la Loire
201900004293;138Â 298Â 430;A01;1.0;1;1.0;2.0;1941.0;5.0;1.0;0.0;;0.0;0;;;1.0;7.0;0.0;2.0;8.0;10.0;1.0;;6;2;2019;08:30;1.0;72;72181;1;1.0;2.0;3.0;TOURS (RTE) LIGNE DROITE DES HUNAUDIERES;47,9510000;0,2303100;3;338;0.0;;2.0;2;0.0;1.0;0;0;1.0;;;2.0;0.0;1.0;90.0;Sarthe;52;Pays de la Loire
201900004294;138Â 298Â 426;A01;1.0;1;1.0;1.0;1986.0;0.0;1.0;0.0;;0.0;0;;;2.0;7.0;0.0;2.0;1.0;2.0;1.0;;8;2;2019;14:00;1.0;71;71306;1;1.0;1.0;4.0;RN 70 (ROUTE EXPRESS);46,6718300;4,3441000;2;70;0.0;;3.0;4;0.0;1.0;32;950;3.0;;;1.0;0.0;1.0;110.0;Saône-et-Loire;27;Bourgogne-Franche-Comté
201900004294;138Â 298Â 426;A01;3.0;2;2.0;2.0;2016.0;0.0;3.0;0.0;;0.0;0;;;2.0;7.0;0.0;2.0;1.0;2.0;1.0;;8;2;2019;14:00;1.0;71;71306;1;1.0;1.0;4.0;RN 70 (ROUTE EXPRESS);46,6718300;4,3441000;2;70;0.0;;3.0;4;0.0;1.0;32;950;3.0;;;1.0;0.0;1.0;110.0;Saône-et-Loire;27;Bourgogne-Franche-Comté
201900004294;138Â 298Â 426;A01;2.0;2;2.0;2.0;1990.0;0.0;1.0;0.0;;0.0;0;;;2.0;7.0;0.0;2.0;1.0;2.0;1.0;;8;2;2019;14:00;1.0;71;71306;1;1.0;1.0;4.0;RN 70 (ROUTE EXPRESS);46,6718300;4,3441000;2;70;0.0;;3.0;4;0.0;1.0;32;950;3.0;;;1.0;0.0;1.0;110.0;Saône-et-Loire;27;Bourgogne-Franche-Comté
201900004294;138Â 298Â 427;B01;1.0;1;1.0;1.0;1943.0;0.0;1.0;0.0;;0.0;0;;;2.0;7.0;0.0;2.0;4.0;2.0;1.0;;8;2;2019;14:00;1.0;71;71306;1;1.0;1.0;4.0;RN 70 (ROUTE EXPRESS);46,6718300;4,3441000;2;70;0.0;;3.0;4;0.0;1.0;32;950;3.0;;;1.0;0.0;1.0;110.0;Saône-et-Loire;27;Bourgogne-Franche-Comté
201900004294;138Â 298Â 428;C01;1.0;1;1.0;2.0;1989.0;0.0;1.0;0.0;;0.0;0;;;2.0;7.0;0.0;2.0;4.0;2.0;1.0;;8;2;2019;14:00;1.0;71;71306;1;1.0;1.0;4.0;RN 70 (ROUTE EXPRESS);46,6718300;4,3441000;2;70;0.0;;3.0;4;0.0;1.0;32;950;3.0;;;1.0;0.0;1.0;110.0;Saône-et-Loire;27;Bourgogne-Franche-Comté
201900004295;138Â 298Â 423;A01;1.0;1;1.0;1.0;1973.0;4.0;1.0;0.0;;0.0;0;;;2.0;17.0;0.0;2.0;7.0;2.0;1.0;;11;2;2019;09:56;1.0;71;71270;2;1.0;1.0;6.0;HERRIOT (AVENUE EDOUARD);46,3018561;4,8315016;3;906;0.0;;3.0;5;0.0;1.0;76;29;1.0;;;1.0;0.0;1.0;50.0;Saône-et-Loire;27;Bourgogne-Franche-Comté
201900004295;138Â 298Â 424;B01;1.0;1;1.0;1.0;1962.0;4.0;1.0;8.0;;0.0;0;;;2.0;16.0;0.0;2.0;0.0;2.0;1.0;;11;2;2019;09:56;1.0;71;71270;2;1.0;1.0;6.0;HERRIOT (AVENUE EDOUARD);46,3018561;4,8315016;3;906;0.0;;3.0;5;0.0;1.0;76;29;1.0;;;1.0;0.0;1.0;50.0;Saône-et-Loire;27;Bourgogne-Franche-Comté
201900004295;138Â 298Â 425;C01;1.0;1;3.0;2.0;1941.0;9.0;8.0;0.0;;0.0;0;;;2.0;1.0;0.0;2.0;0.0;2.0;5.0;;11;2;2019;09:56;1.0;71;71270;2;1.0;1.0;6.0;HERRIOT (AVENUE EDOUARD);46,3018561;4,8315016;3;906;0.0;;3.0;5;0.0;1.0;76;29;1.0;;;1.0;0.0;1.0;50.0;Saône-et-Loire;27;Bourgogne-Franche-Comté
201900004296;138Â 298Â 421;B01;1.0;1;1.0;1.0;1987.0;0.0;1.0;0.0;;0.0;0;;;3.0;7.0;0.0;2.0;3.0;16.0;1.0;;9;2;2019;10:00;1.0;71;71497;2;1.0;1.0;3.0;DIX-NEUF MARS 1962 (RUE DU);46,3340900;4,8454000;4;DIX-NEUF MARS 1962 (RUE DU);0.0;;2.0;2;0.0;1.0;0;0;1.0;;;1.0;0.0;1.0;50.0;Saône-et-Loire;27;Bourgogne-Franche-Comté
201900004296;138Â 298Â 422;A01;1.0;1;2.0;2.0;1997.0;0.0;1.0;8.0;;0.0;0;;;3.0;7.0;0.0;2.0;3.0;15.0;1.0;;9;2;2019;10:00;1.0;71;71497;2;1.0;1.0;3.0;DIX-NEUF MARS 1962 (RUE DU);46,3340900;4,8454000;4;DIX-NEUF MARS 1962 (RUE DU);0.0;;2.0;2;0.0;1.0;0;0;1.0;;;1.0;0.0;1.0;50.0;Saône-et-Loire;27;Bourgogne-Franche-Comté
201900004297;138Â 298Â 416;B01;1.0;1;2.0;1.0;1977.0;9.0;2.0;8.0;;0.0;0;;;2.0;2.0;0.0;2.0;1.0;9.0;1.0;;6;2;2019;19:00;5.0;71;71076;2;1.0;1.0;3.0;CHAUVEAU (RUE DES LIEUTENANTS);46,7802800;4,8386500;4;CHAUVEAU (RUE DES LIEUTENANTS);0.0;;2.0;2;0.0;1.0;0;0;1.0;;;1.0;0.0;1.0;50.0;Saône-et-Loire;27;Bourgogne-Franche-Comté
201900004297;138Â 298Â 417;A01;1.0;1;1.0;1.0;1949.0;9.0;1.0;8.0;;0.0;0;;;1.0;7.0;0.0;2.0;1.0;9.0;1.0;;6;2;2019;19:00;5.0;71;71076;2;1.0;1.0;3.0;CHAUVEAU (RUE DES LIEUTENANTS);46,7802800;4,8386500;4;CHAUVEAU (RUE DES LIEUTENANTS);0.0;;2.0;2;0.0;1.0;0;0;1.0;;;1.0;0.0;1.0;50.0;Saône-et-Loire;27;Bourgogne-Franche-Comté
201900004298;138Â 298Â 415;A01;10.0;3;3.0;2.0;1946.0;5.0;8.0;0.0;;1.0;3;1.0;;2.0;7.0;0.0;1.0;6.0;20.0;1.0;;8;2;2019;16:50;1.0;69;69266;2;1.0;1.0;6.0;HENRI BARBUSSE   (Avenue));45,7669500;4,8795700;4;HENRI BARBUSSE   (Avenue));0.0;;2.0;2;0.0;1.0;0;0;1.0;;;1.0;0.0;1.0;30.0;Rhône;84;Auvergne-Rhône-Alpes
201900004298;138Â 298Â 415;A01;1.0;1;1.0;2.0;1967.0;0.0;1.0;;;0.0;0;;;2.0;7.0;0.0;1.0;6.0;20.0;1.0;;8;2;2019;16:50;1.0;69;69266;2;1.0;1.0;6.0;HENRI BARBUSSE   (Avenue));45,7669500;4,8795700;4;HENRI BARBUSSE   (Avenue));0.0;;2.0;2;0.0;1.0;0;0;1.0;;;1.0;0.0;1.0;30.0;Rhône;84;Auvergne-Rhône-Alpes
201900004299;138Â 298Â 413;A01;1.0;1;1.0;1.0;1998.0;5.0;8.0;0.0;;0.0;0;;;2.0;7.0;0.0;2.0;2.0;1.0;1.0;;8;2;2019;12:15;1.0;69;69266;2;2.0;1.0;3.0;TOLSTOI    (Cours);45,7609200;4,8847400;4;ANTONIN PERRIN     (Rue);0.0;;2.0;1;0.0;2.0;0;0;1.0;;;1.0;0.0;1.0;50.0;Rhône;84;Auvergne-Rhône-Alpes
201900004299;138Â 298Â 414;B01;1.0;1;2.0;1.0;2004.0;5.0;8.0;0.0;;0.0;0;;;2.0;99.0;0.0;2.0;1.0;17.0;1.0;;8;2;2019;12:15;1.0;69;69266;2;2.0;1.0;3.0;TOLSTOI    (Cours);45,7609200;4,8847400;4;ANTONIN PERRIN     (Rue);0.0;;2.0;1;0.0;2.0;0;0;1.0;;;1.0;0.0;1.0;50.0;Rhône;84;Auvergne-Rhône-Alpes
201900004300;138Â 298Â 411;B01;1.0;1;2.0;2.0;1975.0;0.0;1.0;0.0;;0.0;0;;;2.0;7.0;0.0;2.0;2.0;19.0;1.0;;6;2;2019;10:30;1.0;69;69256;2;2.0;7.0;3.0;SALVADOR ALLENDE                    (AV);45,7807000;4,9233600;4;SALVADOR ALLENDE                    (AV);0.0;;2.0;2;0.0;1.0;0;0;1.0;;;1.0;5.0;1.0;50.0;Rhône;84;Auvergne-Rhône-Alpes
201900004300;138Â 298Â 412;A01;1.0;1;2.0;1.0;1970.0;0.0;1.0;0.0;;0.0;0;;;2.0;7.0;0.0;2.0;3.0;26.0;1.0;;6;2;2019;10:30;1.0;69;69256;2;2.0;7.0;3.0;SALVADOR ALLENDE                    (AV);45,7807000;4,9233600;4;SALVADOR ALLENDE                    (AV);0.0;;2.0;2;0.0;1.0;0;0;1.0;;;1.0;5.0;1.0;50.0;Rhône;84;Auvergne-Rhône-Alpes
201900004301;138Â 298Â 410;Z01;10.0;3;3.0;2.0;1997.0;5.0;8.0;0.0;;5.0;3;1.0;;2.0;7.0;0.0;1.0;3.0;9.0;0.0;;7;2;2019;17:05;2.0;69;69266;2;3.0;2.0;6.0;MOZART      (Rue);45,7749000;4,8663000;4;MOZART      (Rue);0.0;;;0;3.0;2.0;0;0;1.0;;;2.0;6.0;1.0;30.0;Rhône;84;Auvergne-Rhône-Alpes
201900004302;138Â 298Â 409;A01;10.0;3;2.0;1.0;1948.0;5.0;8.0;0.0;;3.0;8;1.0;;3.0;40.0;0.0;1.0;3.0;26.0;0.0;;6;2;2019;06:50;5.0;69;69275;2;1.0;1.0;6.0;EMILE BERTRAND                      (R );45,7720000;4,9562100;9;EMILE BERTRAND                      (R );0.0;;;2;3.0;1.0;0;0;1.0;;;1.0;4.0;1.0;1.0;Rhône;84;Auvergne-Rhône-Alpes
201900004302;138Â 298Â 409;A01;1.0;1;1.0;1.0;1960.0;4.0;8.0;0.0;;0.0;0;;;3.0;40.0;0.0;1.0;3.0;26.0;0.0;;6;2;2019;06:50;5.0;69;69275;2;1.0;1.0;6.0;EMILE BERTRAND                      (R );45,7720000;4,9562100;9;EMILE BERTRAND                      (R );0.0;;;2;3.0;1.0;0;0;1.0;;;1.0;4.0;1.0;1.0;Rhône;84;Auvergne-Rhône-Alpes
201900004303;138Â 298Â 403;C01;1.0;1;1.0;1.0;1960.0;2.0;1.0;8.0;;;0;;;1.0;7.0;0.0;2.0;4.0;2.0;1.0;;7;2;2019;16:00;1.0;67;67482;2;1.0;2.0;4.0;HERRENSCHMIDT (AVENUE);48,5958700;7,7214600;4;HERRENSCHMIDT (AVENUE);0.0;;3.0;6;1.0;1.0;0;0;1.0;;;2.0;0.0;1.0;50.0;Bas-Rhin;44;Grand Est
201900004303;138Â 298Â 404;B01;1.0;1;2.0;1.0;1978.0;0.0;1.0;8.0;;;0;;;1.0;7.0;0.0;2.0;4.0;2.0;1.0;;7;2;2019;16:00;1.0;67;67482;2;1.0;2.0;4.0;HERRENSCHMIDT (AVENUE);48,5958700;7,7214600;4;HERRENSCHMIDT (AVENUE);0.0;;3.0;6;1.0;1.0;0;0;1.0;;;2.0;0.0;1.0;50.0;Bas-Rhin;44;Grand Est
201900004303;138Â 298Â 405;A01;1.0;1;1.0;2.0;1965.0;1.0;1.0;8.0;;;0;;;1.0;7.0;0.0;2.0;1.0;2.0;1.0;;7;2;2019;16:00;1.0;67;67482;2;1.0;2.0;4.0;HERRENSCHMIDT (AVENUE);48,5958700;7,7214600;4;HERRENSCHMIDT (AVENUE);0.0;;3.0;6;1.0;1.0;0;0;1.0;;;2.0;0.0;1.0;50.0;Bas-Rhin;44;Grand Est
201900004304;138Â 298Â 400;C01;1.0;1;1.0;1.0;1984.0;0.0;1.0;8.0;;;0;;;1.0;10.0;0.0;2.0;4.0;2.0;1.0;;7;2;2019;14:00;1.0;67;67218;2;1.0;2.0;4.0;ALFRED KASTLER (ROUTE);48,5430200;7,7360500;4;ALFRED KASTLER (ROUTE);0.0;;2.0;3;0.0;1.0;0;0;1.0;;;1.0;0.0;1.0;70.0;Bas-Rhin;44;Grand Est
201900004304;138Â 298Â 401;B01;1.0;1;2.0;2.0;1980.0;3.0;1.0;8.0;;;0;;;1.0;7.0;0.0;2.0;4.0;2.0;1.0;;7;2;2019;14:00;1.0;67;67218;2;1.0;2.0;4.0;ALFRED KASTLER (ROUTE);48,5430200;7,7360500;4;ALFRED KASTLER (ROUTE);0.0;;2.0;3;0.0;1.0;0;0;1.0;;;1.0;0.0;1.0;70.0;Bas-Rhin;44;Grand Est
201900004304;138Â 298Â 402;A01;1.0;1;1.0;1.0;1969.0;4.0;1.0;8.0;;;0;;;1.0;7.0;0.0;2.0;1.0;2.0;1.0;;7;2;2019;14:00;1.0;67;67218;2;1.0;2.0;4.0;ALFRED KASTLER (ROUTE);48,5430200;7,7360500;4;ALFRED KASTLER (ROUTE);0.0;;2.0;3;0.0;1.0;0;0;1.0;;;1.0;0.0;1.0;70.0;Bas-Rhin;44;Grand Est
201900004305;138Â 298Â 398;B01;1.0;1;2.0;1.0;1991.0;4.0;8.0;0.0;;;0;;;3.0;14.0;0.0;2.0;1.0;1.0;1.0;;8;2;2019;06:25;2.0;67;67180;1;1.0;1.0;1.0;RD 99;48,7956610;7,8698470;3;99;0.0;;2.0;2;0.0;1.0;3;0;1.0;;;7.0;0.0;1.0;80.0;Bas-Rhin;44;Grand Est
201900004305;138Â 298Â 399;A01;1.0;1;4.0;1.0;1991.0;1.0;8.0;0.0;;;0;;;3.0;7.0;0.0;2.0;1.0;1.0;1.0;;8;2;2019;06:25;2.0;67;67180;1;1.0;1.0;1.0;RD 99;48,7956610;7,8698470;3;99;0.0;;2.0;2;0.0;1.0;3;0;1.0;;;7.0;0.0;1.0;80.0;Bas-Rhin;44;Grand Est
201900004306;138Â 298Â 396;B01;1.0;1;2.0;1.0;1964.0;1.0;8.0;0.0;;;0;;;1.0;7.0;0.0;2.0;4.0;1.0;1.0;;2;2;2019;03:50;5.0;67;67180;1;9.0;1.0;2.0;RD 1062;48,8327500;7,7446000;3;1062;0.0;;3.0;4;0.0;1.0;0;1;1.0;;;2.0;5.0;1.0;70.0;Bas-Rhin;44;Grand Est
201900004306;138Â 298Â 397;A01;2.0;2;2.0;2.0;1989.0;5.0;8.0;0.0;;;0;;;1.0;7.0;0.0;2.0;1.0;1.0;1.0;;2;2;2019;03:50;5.0;67;67180;1;9.0;1.0;2.0;RD 1062;48,8327500;7,7446000;3;1062;0.0;;3.0;4;0.0;1.0;0;1;1.0;;;2.0;5.0;1.0;70.0;Bas-Rhin;44;Grand Est
201900004306;138Â 298Â 397;A01;1.0;1;2.0;1.0;1989.0;5.0;8.0;8.0;;;0;;;1.0;7.0;0.0;2.0;1.0;1.0;1.0;;2;2;2019;03:50;5.0;67;67180;1;9.0;1.0;2.0;RD 1062;48,8327500;7,7446000;3;1062;0.0;;3.0;4;0.0;1.0;0;1;1.0;;;2.0;5.0;1.0;70.0;Bas-Rhin;44;Grand Est
201900004307;138Â 298Â 395;A01;1.0;1;2.0;1.0;1996.0;5.0;1.0;8.0;;0.0;0;;;1.0;7.0;9.0;0.0;1.0;1.0;1.0;;10;2;2019;00:50;1.0;66;66136;1;1.0;1.0;6.0;PANCHOT (AVENUE JULIEN);42,6864000;2,8691000;3;900;0.0;;3.0;2;0.0;1.0;0;0;1.0;;;1.0;0.0;1.0;50.0;Pyrénées-Orientales;76;Occitanie
201900004308;138Â 298Â 394;A01;10.0;3;2.0;1.0;2003.0;2.0;8.0;0.0;;3.0;3;1.0;;1.0;31.0;0.0;1.0;1.0;1.0;1.0;;8;2;2019;16:30;1.0;66;66136;2;1.0;1.0;6.0;WILSON (BOULEVARD THOMAS);42,7016000;2,8947000;4;WILSON (BOULEVARD THOMAS);0.0;;2.0;1;0.0;1.0;0;0;1.0;;;1.0;0.0;1.0;50.0;Pyrénées-Orientales;76;Occitanie
201900004308;138Â 298Â 394;A01;1.0;1;1.0;1.0;1978.0;0.0;2.0;8.0;;0.0;0;;;1.0;31.0;0.0;1.0;1.0;1.0;1.0;;8;2;2019;16:30;1.0;66;66136;2;1.0;1.0;6.0;WILSON (BOULEVARD THOMAS);42,7016000;2,8947000;4;WILSON (BOULEVARD THOMAS);0.0;;2.0;1;0.0;1.0;0;0;1.0;;;1.0;0.0;1.0;50.0;Pyrénées-Orientales;76;Occitanie
201900004309;138Â 298Â 390;D01;1.0;1;2.0;2.0;2000.0;5.0;1.0;0.0;;0.0;0;;;2.0;7.0;14.0;1.0;9.0;1.0;1.0;;7;2;2019;16:52;1.0;66;66136;1;1.0;1.0;6.0;R D 900;42,7260176;2,8782081;3;900;0.0;;3.0;0;0.0;1.0;19;277;1.0;;;1.0;3.0;1.0;110.0;Pyrénées-Orientales;76;Occitanie
201900004309;138Â 298Â 391;B01;1.0;1;2.0;1.0;1987.0;5.0;1.0;0.0;;0.0;0;;;2.0;7.0;0.0;2.0;1.0;1.0;1.0;;7;2;2019;16:52;1.0;66;66136;1;1.0;1.0;6.0;R D 900;42,7260176;2,8782081;3;900;0.0;;3.0;0;0.0;1.0;19;277;1.0;;;1.0;3.0;1.0;110.0;Pyrénées-Orientales;76;Occitanie
201900004309;138Â 298Â 392;C01;1.0;1;1.0;1.0;1945.0;5.0;1.0;0.0;;0.0;0;;;2.0;7.0;0.0;2.0;4.0;1.0;1.0;;7;2;2019;16:52;1.0;66;66136;1;1.0;1.0;6.0;R D 900;42,7260176;2,8782081;3;900;0.0;;3.0;0;0.0;1.0;19;277;1.0;;;1.0;3.0;1.0;110.0;Pyrénées-Orientales;76;Occitanie
201900004309;138Â 298Â 393;A01;1.0;1;1.0;1.0;1958.0;5.0;2.0;8.0;;0.0;0;;;2.0;33.0;14.0;0.0;9.0;2.0;1.0;;7;2;2019;16:52;1.0;66;66136;1;1.0;1.0;6.0;R D 900;42,7260176;2,8782081;3;900;0.0;;3.0;0;0.0;1.0;19;277;1.0;;;1.0;3.0;1.0;110.0;Pyrénées-Orientales;76;Occitanie
201900004310;138Â 298Â 388;A01;1.0;1;1.0;1.0;1993.0;0.0;1.0;0.0;;0.0;0;;;1.0;7.0;0.0;2.0;0.0;15.0;0.0;;9;2;2019;19:00;1.0;64;64024;2;1.0;1.0;3.0;JOUANETOTE (RUE DE);43,4917600; -1,5068700;4;CHARLES DE GAULLE;0.0;;2.0;2;0.0;1.0;0;0;1.0;;;1.0;0.0;1.0;50.0;Pyrénées-Atlantiques;75;Nouvelle-Aquitaine
201900004310;138Â 298Â 389;B01;2.0;2;3.0;2.0;2001.0;5.0;2.0;6.0;;0.0;0;;;2.0;2.0;0.0;2.0;1.0;1.0;0.0;;9;2;2019;19:00;1.0;64;64024;2;1.0;1.0;3.0;JOUANETOTE (RUE DE);43,4917600; -1,5068700;4;CHARLES DE GAULLE;0.0;;2.0;2;0.0;1.0;0;0;1.0;;;1.0;0.0;1.0;50.0;Pyrénées-Atlantiques;75;Nouvelle-Aquitaine
201900004310;138Â 298Â 389;B01;1.0;1;3.0;1.0;2001.0;5.0;2.0;6.0;;0.0;0;;;2.0;2.0;0.0;2.0;1.0;1.0;0.0;;9;2;2019;19:00;1.0;64;64024;2;1.0;1.0;3.0;JOUANETOTE (RUE DE);43,4917600; -1,5068700;4;CHARLES DE GAULLE;0.0;;2.0;2;0.0;1.0;0;0;1.0;;;1.0;0.0;1.0;50.0;Pyrénées-Atlantiques;75;Nouvelle-Aquitaine
201900004311;138Â 298Â 386;A01;1.0;1;1.0;1.0;1969.0;5.0;1.0;0.0;;0.0;0;;;2.0;7.0;0.0;2.0;6.0;26.0;1.0;;9;2;2019;17:55;1.0;64;64445;2;1.0;1.0;2.0;JULES VERNE;43,3068200; -0,3590700;4;JULES VERNE;0.0;;2.0;2;0.0;1.0;0;0;1.0;;;1.0;0.0;1.0;50.0;Pyrénées-Atlantiques;75;Nouvelle-Aquitaine