Num_Acc;id_vehicule;num_veh;place;catu;grav;sexe;an_nais;trajet;secu1;secu2;secu3;locp;actp;etatp;id_usager;senc;catv;obs;obsm;choc;manv;motor;occutc;jour;mois;an;hrmn;lum;dep;com;agg;int;atm;col;adr;lat;long;catr;voie;v1;v2;circ;nbv;vosp;prof;pr;pr1;plan;lartpc;larrout;surf;infra;situ;vma;nom_departement;reg;nom_region
201900004311;138Â 298Â 387;B01;1.0;1;2.0;2.0;1967.0;5.0;8.0;0.0;;0.0;0;;;3.0;7.0;0.0;2.0;6.0;23.0;1.0;;9;2;2019;17:55;1.0;64;64445;2;1.0;1.0;2.0;JULES VERNE;43,3068200; -0,3590700;4;JULES VERNE;0.0;;2.0;2;0.0;1.0;0;0;1.0;;;1.0;0.0;1.0;50.0;Pyrénées-Atlantiques;75;Nouvelle-Aquitaine
201900004312;138Â 298Â 384;B01;1.0;1;2.0;1.0;2002.0;2.0;8.0;0.0;;0.0;0;;;2.0;1.0;0.0;2.0;7.0;1.0;5.0;;8;2;2019;08:05;1.0;64;64445;2;3.0;1.0;3.0;PHILIPPON;43,3233900; -0,3602700;4;PHILIPPON;0.0;;2.0;2;1.0;1.0;0;0;1.0;;;1.0;0.0;1.0;50.0;Pyrénées-Atlantiques;75;Nouvelle-Aquitaine
201900004312;138Â 298Â 385;A01;1.0;1;1.0;1.0;1969.0;9.0;1.0;0.0;;0.0;0;;;2.0;7.0;0.0;2.0;1.0;16.0;1.0;;8;2;2019;08:05;1.0;64;64445;2;3.0;1.0;3.0;PHILIPPON;43,3233900; -0,3602700;4;PHILIPPON;0.0;;2.0;2;1.0;1.0;0;0;1.0;;;1.0;0.0;1.0;50.0;Pyrénées-Atlantiques;75;Nouvelle-Aquitaine
201900004313;138Â 298Â 383;A01;1.0;1;1.0;2.0;1989.0;1.0;1.0;0.0;;0.0;0;;;1.0;7.0;0.0;1.0;1.0;1.0;1.0;;8;2;2019;09:05;1.0;64;64140;2;1.0;1.0;6.0;SEMARD (PLACE PIERRE);43,5238100; -1,4906900;4;SEMARD (PLACE PIERRE);0.0;;2.0;2;0.0;1.0;0;0;4.0;;;1.0;0.0;1.0;50.0;Pyrénées-Atlantiques;75;Nouvelle-Aquitaine
201900004313;138Â 298Â 383;A01;10.0;3;3.0;2.0;1946.0;3.0;8.0;0.0;;3.0;3;1.0;;1.0;7.0;0.0;1.0;1.0;1.0;1.0;;8;2;2019;09:05;1.0;64;64140;2;1.0;1.0;6.0;SEMARD (PLACE PIERRE);43,5238100; -1,4906900;4;SEMARD (PLACE PIERRE);0.0;;2.0;2;0.0;1.0;0;0;4.0;;;1.0;0.0;1.0;50.0;Pyrénées-Atlantiques;75;Nouvelle-Aquitaine
201900004314;138Â 298Â 380;A01;1.0;1;1.0;2.0;1950.0;5.0;1.0;8.0;;0.0;0;;;3.0;7.0;6.0;2.0;1.0;19.0;1.0;;16;1;2019;16:15;1.0;62;62587;2;1.0;1.0;3.0;CD 46;50,4320500;2,9220300;3;46;0.0;;2.0;2;0.0;1.0;0;0;1.0;;;1.0;2.0;1.0;70.0;Pas-de-Calais;32;Hauts-de-France
201900004314;138Â 298Â 381;B01;1.0;1;2.0;1.0;1988.0;5.0;2.0;6.0;;0.0;0;;;1.0;33.0;6.0;2.0;0.0;1.0;1.0;;16;1;2019;16:15;1.0;62;62587;2;1.0;1.0;3.0;CD 46;50,4320500;2,9220300;3;46;0.0;;2.0;2;0.0;1.0;0;0;1.0;;;1.0;2.0;1.0;70.0;Pas-de-Calais;32;Hauts-de-France
201900004315;138Â 298Â 379;A01;1.0;1;1.0;1.0;1941.0;5.0;1.0;8.0;;0.0;0;;;2.0;7.0;0.0;1.0;3.0;2.0;1.0;;11;1;2019;17:55;5.0;62;62427;2;1.0;2.0;6.0;ABBAYE (R DE L');50,4241090;2,9445530;3;39;0.0;;2.0;2;0.0;1.0;0;0;1.0;;;2.0;0.0;1.0;50.0;Pas-de-Calais;32;Hauts-de-France
201900004315;138Â 298Â 379;A01;10.0;3;2.0;2.0;2003.0;2.0;8.0;0.0;;4.0;3;2.0;;2.0;7.0;0.0;1.0;3.0;2.0;1.0;;11;1;2019;17:55;5.0;62;62427;2;1.0;2.0;6.0;ABBAYE (R DE L');50,4241090;2,9445530;3;39;0.0;;2.0;2;0.0;1.0;0;0;1.0;;;2.0;0.0;1.0;50.0;Pas-de-Calais;32;Hauts-de-France
201900004315;138Â 298Â 379;A01;10.0;3;3.0;2.0;2003.0;2.0;8.0;0.0;;4.0;3;2.0;;2.0;7.0;0.0;1.0;3.0;2.0;1.0;;11;1;2019;17:55;5.0;62;62427;2;1.0;2.0;6.0;ABBAYE (R DE L');50,4241090;2,9445530;3;39;0.0;;2.0;2;0.0;1.0;0;0;1.0;;;2.0;0.0;1.0;50.0;Pas-de-Calais;32;Hauts-de-France
201900004316;138Â 298Â 378;A01;10.0;3;3.0;2.0;1935.0;5.0;8.0;0.0;;4.0;3;1.0;;1.0;7.0;9.0;1.0;1.0;1.0;1.0;;3;1;2019;19:25;5.0;62;62215;2;1.0;1.0;6.0;EVRARD (R FLORENT );50,4857300;2,9466800;4;EVRARD (R FLORENT );0.0;;2.0;2;0.0;1.0;0;0;1.0;;;1.0;0.0;1.0;50.0;Pas-de-Calais;32;Hauts-de-France
201900004316;138Â 298Â 378;A01;1.0;1;1.0;1.0;1997.0;5.0;1.0;8.0;;; -1;;;1.0;7.0;9.0;1.0;1.0;1.0;1.0;;3;1;2019;19:25;5.0;62;62215;2;1.0;1.0;6.0;EVRARD (R FLORENT );50,4857300;2,9466800;4;EVRARD (R FLORENT );0.0;;2.0;2;0.0;1.0;0;0;1.0;;;1.0;0.0;1.0;50.0;Pas-de-Calais;32;Hauts-de-France
201900004317;138Â 298Â 375;B01;1.0;1;2.0;1.0;1964.0;0.0;1.0;0.0;;;0;;;2.0;10.0;0.0;2.0;1.0;0.0;0.0;;6;2;2019;18:30;3.0;62;62893;1;1.0;2.0;1.0;MITTERRAND ( Ave. FranÃ§ois );50,7869700;1,6057000;3;940;0.0;;2.0;2;0.0;1.0;0;0;3.0;;;2.0;0.0;1.0;70.0;Pas-de-Calais;32;Hauts-de-France
201900004317;138Â 298Â 376;A01;1.0;1;2.0;1.0;1950.0;0.0;1.0;0.0;;;0;;;1.0;7.0;0.0;2.0;1.0;13.0;0.0;;6;2;2019;18:30;3.0;62;62893;1;1.0;2.0;1.0;MITTERRAND ( Ave. FranÃ§ois );50,7869700;1,6057000;3;940;0.0;;2.0;2;0.0;1.0;0;0;3.0;;;2.0;0.0;1.0;70.0;Pas-de-Calais;32;Hauts-de-France
201900004318;138Â 298Â 374;A01;1.0;1;3.0;1.0;1978.0;5.0;8.0;0.0;;0.0;0;;;1.0;7.0;6.0;0.0;2.0;14.0;1.0;;10;2;2019;04:20;3.0;61;61006;2;1.0;2.0;6.0;PETITS FOSSES (RUE DES) NÂ° 11 A NÂ° 29;48,7495850; -0,0226710;3;926;0.0;;3.0;4;0.0;1.0;63;752;2.0;2.0;13.85;2.0;0.0;4.0;70.0;Orne;28;Normandie
201900004319;138Â 298Â 373;A01;1.0;1;1.0;1.0;1937.0;5.0;1.0;8.0;;;0;;;1.0;7.0;0.0;1.0;8.0;1.0;1.0;;11;2;2019;17:40;2.0;60;60159;2;3.0;1.0;6.0;WEYGAND (AV. DU GENERAL);49,4067000;2,8073300;4;WEYGAND (AV. DU GENERAL);0.0;;2.0;2;0.0;1.0;(1);(1);1.0;;;1.0;0.0;1.0;50.0;Oise;32;Hauts-de-France
201900004319;138Â 298Â 373;A01;10.0;3;3.0;1.0;1941.0;5.0;8.0;0.0;;3.0;3;1.0;;1.0;7.0;0.0;1.0;8.0;1.0;1.0;;11;2;2019;17:40;2.0;60;60159;2;3.0;1.0;6.0;WEYGAND (AV. DU GENERAL);49,4067000;2,8073300;4;WEYGAND (AV. DU GENERAL);0.0;;2.0;2;0.0;1.0;(1);(1);1.0;;;1.0;0.0;1.0;50.0;Oise;32;Hauts-de-France
201900004320;138Â 298Â 372;A01;10.0;3;2.0;2.0;2010.0;3.0;8.0;0.0;;3.0;3;2.0;;1.0;7.0;0.0;1.0;1.0;1.0;1.0;;7;2;2019;18:10;5.0;60;60159;2;1.0;2.0;6.0;rue de Paris;49,4046200;2,8107000;4;rue de Paris;0.0;;2.0;2;0.0;1.0;(1);(1);1.0;;;2.0;0.0;1.0;50.0;Oise;32;Hauts-de-France
201900004320;138Â 298Â 372;A01;1.0;1;1.0;2.0;1974.0;5.0;1.0;0.0;;; -1;;;1.0;7.0;0.0;1.0;1.0;1.0;1.0;;7;2;2019;18:10;5.0;60;60159;2;1.0;2.0;6.0;rue de Paris;49,4046200;2,8107000;4;rue de Paris;0.0;;2.0;2;0.0;1.0;(1);(1);1.0;;;2.0;0.0;1.0;50.0;Oise;32;Hauts-de-France
201900004321;138Â 298Â 366;B01;1.0;1;1.0;2.0;1999.0;5.0;1.0;0.0;;;0;;;3.0;7.0;0.0;2.0;2.0;1.0;1.0;;10;2;2019;17:20;1.0;59;59599;2;1.0;2.0;3.0;PIATS (RUE DES);50,7237932;3,1723398;7;PIATS (RUE DES);0.0;;2.0;2;0.0;1.0;0;0;1.0;;;2.0;0.0;1.0;50.0;Nord;32;Hauts-de-France
201900004321;138Â 298Â 367;A01;1.0;1;3.0;1.0;1980.0;5.0;2.0;6.0;;;0;;;3.0;32.0;0.0;2.0;3.0;15.0;1.0;;10;2;2019;17:20;1.0;59;59599;2;1.0;2.0;3.0;PIATS (RUE DES);50,7237932;3,1723398;7;PIATS (RUE DES);0.0;;2.0;2;0.0;1.0;0;0;1.0;;;2.0;0.0;1.0;50.0;Nord;32;Hauts-de-France
201900004322;138Â 298Â 364;A01;1.0;1;1.0;1.0;1980.0;3.0;1.0;0.0;;0.0;0;;;0.0;10.0;0.0;6.0;1.0;9.0;0.0;;9;2;2019;16:50;1.0;59;59599;2;3.0;2.0;1.0;YSER (RUE DE L');50,7423770;3,1695050;7;670;0.0;;2.0;2;1.0;1.0;1;0;1.0;;;2.0;0.0;1.0;50.0;Nord;32;Hauts-de-France
201900004322;138Â 298Â 365;B01;1.0;1;3.0;1.0;1988.0;3.0;2.0;6.0;;; -1;;;0.0;33.0;0.0;2.0;1.0;1.0;1.0;;9;2;2019;16:50;1.0;59;59599;2;3.0;2.0;1.0;YSER (RUE DE L');50,7423770;3,1695050;7;670;0.0;;2.0;2;1.0;1.0;1;0;1.0;;;2.0;0.0;1.0;50.0;Nord;32;Hauts-de-France
201900004323;138Â 298Â 361;A01;2.0;2;1.0;1.0;1991.0;5.0;1.0;8.0;;;0;;;2.0;7.0;0.0;2.0;3.0;2.0;1.0;;8;2;2019;22:45;5.0;59;59090;2;3.0;2.0;4.0;GAULLE (AVENUE DU GENERAL DE);50,6900655;3,0868980;3;617;0.0;;2.0;4;1.0;1.0;0;0;1.0;;;2.0;0.0;1.0;50.0;Nord;32;Hauts-de-France
201900004323;138Â 298Â 361;A01;1.0;1;1.0;2.0;1991.0;5.0;1.0;8.0;;;0;;;2.0;7.0;0.0;2.0;3.0;2.0;1.0;;8;2;2019;22:45;5.0;59;59090;2;3.0;2.0;4.0;GAULLE (AVENUE DU GENERAL DE);50,6900655;3,0868980;3;617;0.0;;2.0;4;1.0;1.0;0;0;1.0;;;2.0;0.0;1.0;50.0;Nord;32;Hauts-de-France
201900004323;138Â 298Â 362;C01;4.0;2;1.0;1.0;2004.0;5.0;1.0;0.0;;;0;;;1.0;7.0;0.0;2.0;3.0;2.0;1.0;;8;2;2019;22:45;5.0;59;59090;2;3.0;2.0;4.0;GAULLE (AVENUE DU GENERAL DE);50,6900655;3,0868980;3;617;0.0;;2.0;4;1.0;1.0;0;0;1.0;;;2.0;0.0;1.0;50.0;Nord;32;Hauts-de-France
201900004323;138Â 298Â 362;C01;3.0;2;1.0;1.0;2007.0;5.0;1.0;0.0;;;0;;;1.0;7.0;0.0;2.0;3.0;2.0;1.0;;8;2;2019;22:45;5.0;59;59090;2;3.0;2.0;4.0;GAULLE (AVENUE DU GENERAL DE);50,6900655;3,0868980;3;617;0.0;;2.0;4;1.0;1.0;0;0;1.0;;;2.0;0.0;1.0;50.0;Nord;32;Hauts-de-France
201900004323;138Â 298Â 362;C01;2.0;2;3.0;1.0;1975.0;5.0;1.0;8.0;;;0;;;1.0;7.0;0.0;2.0;3.0;2.0;1.0;;8;2;2019;22:45;5.0;59;59090;2;3.0;2.0;4.0;GAULLE (AVENUE DU GENERAL DE);50,6900655;3,0868980;3;617;0.0;;2.0;4;1.0;1.0;0;0;1.0;;;2.0;0.0;1.0;50.0;Nord;32;Hauts-de-France
201900004323;138Â 298Â 362;C01;1.0;1;1.0;1.0;1971.0;5.0;1.0;0.0;;;0;;;1.0;7.0;0.0;2.0;3.0;2.0;1.0;;8;2;2019;22:45;5.0;59;59090;2;3.0;2.0;4.0;GAULLE (AVENUE DU GENERAL DE);50,6900655;3,0868980;3;617;0.0;;2.0;4;1.0;1.0;0;0;1.0;;;2.0;0.0;1.0;50.0;Nord;32;Hauts-de-France
201900004323;138Â 298Â 363;B01;1.0;1;2.0;1.0;1961.0;5.0;1.0;8.0;;;0;;;2.0;7.0;0.0;2.0;9.0;2.0;1.0;;8;2;2019;22:45;5.0;59;59090;2;3.0;2.0;4.0;GAULLE (AVENUE DU GENERAL DE);50,6900655;3,0868980;3;617;0.0;;2.0;4;1.0;1.0;0;0;1.0;;;2.0;0.0;1.0;50.0;Nord;32;Hauts-de-France
201900004323;138Â 298Â 363;B01;2.0;2;3.0;2.0;1963.0;5.0;1.0;8.0;;;0;;;2.0;7.0;0.0;2.0;9.0;2.0;1.0;;8;2;2019;22:45;5.0;59;59090;2;3.0;2.0;4.0;GAULLE (AVENUE DU GENERAL DE);50,6900655;3,0868980;3;617;0.0;;2.0;4;1.0;1.0;0;0;1.0;;;2.0;0.0;1.0;50.0;Nord;32;Hauts-de-France
201900004324;138Â 298Â 359;B01;1.0;1;2.0;1.0;1969.0;5.0;2.0;8.0;;;0;;;2.0;2.0;0.0;2.0;7.0;1.0;1.0;;7;2;2019;15:30;1.0;59;59599;2;1.0;8.0;2.0;DOUMER (RUE PAUL);50,7236500;3,1619500;4;DOUMER (RUE PAUL);0.0;;1.0;1;1.0;1.0;0;0;1.0;;;1.0;0.0;1.0;50.0;Nord;32;Hauts-de-France
201900004324;138Â 298Â 360;A01;1.0;1;1.0;1.0;1969.0;5.0;1.0;8.0;;;0;;;3.0;7.0;1.0;0.0;4.0;20.0;1.0;;7;2;2019;15:30;1.0;59;59599;2;1.0;8.0;2.0;DOUMER (RUE PAUL);50,7236500;3,1619500;4;DOUMER (RUE PAUL);0.0;;1.0;1;1.0;1.0;0;0;1.0;;;1.0;0.0;1.0;50.0;Nord;32;Hauts-de-France
201900004325;138Â 298Â 358;A01;10.0;3;3.0;1.0;1963.0;0.0;0.0;0.0;0.0;3.0;3;1.0;;2.0;7.0;0.0;1.0;7.0;16.0;1.0;;6;2;2019;12:25;1.0;59;59392;2;1.0;1.0;6.0;CROIX (RUE DE LA);50,2767580;3,9747700;4;CROIX (RUE DE LA);0.0;;2.0;2;0.0;4.0;0;0;3.0;;;1.0;6.0;1.0;50.0;Nord;32;Hauts-de-France
201900004325;138Â 298Â 358;A01;1.0;1;1.0;1.0;1966.0;3.0;8.0;0.0;;; -1;;;2.0;7.0;0.0;1.0;7.0;16.0;1.0;;6;2;2019;12:25;1.0;59;59392;2;1.0;1.0;6.0;CROIX (RUE DE LA);50,2767580;3,9747700;4;CROIX (RUE DE LA);0.0;;2.0;2;0.0;4.0;0;0;3.0;;;1.0;6.0;1.0;50.0;Nord;32;Hauts-de-France
201900004326;138Â 298Â 357;A01;10.0;3;3.0;2.0;1997.0;9.0;8.0;0.0;;3.0;3;;;2.0;7.0;0.0;1.0;2.0;1.0;1.0;;10;2;2019;12:45;1.0;59;59350;2;1.0;2.0;6.0;MONTEBELLO BOULEVARD NÂ°2/74B;50,6254800;3,0413700;4;MONTEBELLO BOULEVARD NÂ°2/74B;0.0;;3.0;4;1.0;1.0;0;0;1.0;;;2.0;6.0;1.0;50.0;Nord;32;Hauts-de-France
201900004326;138Â 298Â 357;A01;1.0;1;1.0;1.0;1984.0;0.0;1.0;0.0;;;0;;;2.0;7.0;0.0;1.0;2.0;1.0;1.0;;10;2;2019;12:45;1.0;59;59350;2;1.0;2.0;6.0;MONTEBELLO BOULEVARD NÂ°2/74B;50,6254800;3,0413700;4;MONTEBELLO BOULEVARD NÂ°2/74B;0.0;;3.0;4;1.0;1.0;0;0;1.0;;;2.0;6.0;1.0;50.0;Nord;32;Hauts-de-France
201900004327;138Â 298Â 355;A01;3.0;2;2.0;1.0;2003.0;0.0;1.0;0.0;;;0;;;3.0;7.0;6.0;0.0;3.0;1.0;1.0;;10;2;2019;00:55;5.0;59;59350;2;1.0;2.0;6.0;LAMBRET OSCAR AVENUE;50,6143900;3,0359200;4;LAMBRET OSCAR AVENUE;0.0;;2.0;4;0.0;1.0;0;0;1.0;;;2.0;0.0;1.0;50.0;Nord;32;Hauts-de-France
201900004327;138Â 298Â 355;A01;5.0;2;2.0;2.0;2000.0;0.0;1.0;0.0;;;0;;;3.0;7.0;6.0;0.0;3.0;1.0;1.0;;10;2;2019;00:55;5.0;59;59350;2;1.0;2.0;6.0;LAMBRET OSCAR AVENUE;50,6143900;3,0359200;4;LAMBRET OSCAR AVENUE;0.0;;2.0;4;0.0;1.0;0;0;1.0;;;2.0;0.0;1.0;50.0;Nord;32;Hauts-de-France
201900004327;138Â 298Â 355;A01;2.0;2;3.0;2.0;2000.0;0.0;1.0;0.0;;;0;;;3.0;7.0;6.0;0.0;3.0;1.0;1.0;;10;2;2019;00:55;5.0;59;59350;2;1.0;2.0;6.0;LAMBRET OSCAR AVENUE;50,6143900;3,0359200;4;LAMBRET OSCAR AVENUE;0.0;;2.0;4;0.0;1.0;0;0;1.0;;;2.0;0.0;1.0;50.0;Nord;32;Hauts-de-France
201900004327;138Â 298Â 355;A01;1.0;1;2.0;2.0;2000.0;5.0;1.0;0.0;;;0;;;3.0;7.0;6.0;0.0;3.0;1.0;1.0;;10;2;2019;00:55;5.0;59;59350;2;1.0;2.0;6.0;LAMBRET OSCAR AVENUE;50,6143900;3,0359200;4;LAMBRET OSCAR AVENUE;0.0;;2.0;4;0.0;1.0;0;0;1.0;;;2.0;0.0;1.0;50.0;Nord;32;Hauts-de-France
201900004328;138Â 298Â 351;A01;2.0;2;3.0;2.0;1997.0;0.0;1.0;8.0;;;0;;;1.0;7.0;0.0;2.0;1.0;2.0;1.0;;6;2;2019;18:30;3.0;59;59569;1;1.0;1.0;4.0;D25;50,3446300;3,1096400;3;25;0.0;;2.0;2;0.0;1.0;3;115;1.0;;;2.0;0.0;1.0;80.0;Nord;32;Hauts-de-France
201900004328;138Â 298Â 351;A01;1.0;1;1.0;2.0;1989.0;0.0;1.0;8.0;;;0;;;1.0;7.0;0.0;2.0;1.0;2.0;1.0;;6;2;2019;18:30;3.0;59;59569;1;1.0;1.0;4.0;D25;50,3446300;3,1096400;3;25;0.0;;2.0;2;0.0;1.0;3;115;1.0;;;2.0;0.0;1.0;80.0;Nord;32;Hauts-de-France
201900004328;138Â 298Â 352;C01;1.0;1;1.0;1.0;1973.0;0.0;1.0;8.0;;;0;;;1.0;7.0;0.0;2.0;1.0;2.0;1.0;;6;2;2019;18:30;3.0;59;59569;1;1.0;1.0;4.0;D25;50,3446300;3,1096400;3;25;0.0;;2.0;2;0.0;1.0;3;115;1.0;;;2.0;0.0;1.0;80.0;Nord;32;Hauts-de-France
201900004328;138Â 298Â 352;C01;2.0;2;1.0;2.0;2000.0;0.0;1.0;8.0;;;0;;;1.0;7.0;0.0;2.0;1.0;2.0;1.0;;6;2;2019;18:30;3.0;59;59569;1;1.0;1.0;4.0;D25;50,3446300;3,1096400;3;25;0.0;;2.0;2;0.0;1.0;3;115;1.0;;;2.0;0.0;1.0;80.0;Nord;32;Hauts-de-France
201900004328;138Â 298Â 353;D01;4.0;2;1.0;2.0;2001.0;0.0;1.0;8.0;;;0;;;1.0;7.0;0.0;2.0;4.0;2.0;1.0;;6;2;2019;18:30;3.0;59;59569;1;1.0;1.0;4.0;D25;50,3446300;3,1096400;3;25;0.0;;2.0;2;0.0;1.0;3;115;1.0;;;2.0;0.0;1.0;80.0;Nord;32;Hauts-de-France
201900004328;138Â 298Â 353;D01;1.0;1;1.0;2.0;1980.0;0.0;1.0;8.0;;;0;;;1.0;7.0;0.0;2.0;4.0;2.0;1.0;;6;2;2019;18:30;3.0;59;59569;1;1.0;1.0;4.0;D25;50,3446300;3,1096400;3;25;0.0;;2.0;2;0.0;1.0;3;115;1.0;;;2.0;0.0;1.0;80.0;Nord;32;Hauts-de-France
201900004328;138Â 298Â 353;D01;3.0;2;1.0;1.0;2006.0;0.0;1.0;8.0;;;0;;;1.0;7.0;0.0;2.0;4.0;2.0;1.0;;6;2;2019;18:30;3.0;59;59569;1;1.0;1.0;4.0;D25;50,3446300;3,1096400;3;25;0.0;;2.0;2;0.0;1.0;3;115;1.0;;;2.0;0.0;1.0;80.0;Nord;32;Hauts-de-France
201900004328;138Â 298Â 354;B01;1.0;1;1.0;1.0;1996.0;0.0;1.0;8.0;;;0;;;1.0;7.0;0.0;2.0;1.0;2.0;1.0;;6;2;2019;18:30;3.0;59;59569;1;1.0;1.0;4.0;D25;50,3446300;3,1096400;3;25;0.0;;2.0;2;0.0;1.0;3;115;1.0;;;2.0;0.0;1.0;80.0;Nord;32;Hauts-de-France
201900004329;138Â 298Â 350;A01;10.0;3;2.0;1.0;1931.0;3.0;8.0;0.0;;3.0;3;1.0;;3.0;10.0;0.0;1.0;2.0;1.0;1.0;;5;2;2019;10:50;1.0;59;59569;2;1.0;1.0;6.0;FAIDHERBE (RUE);50,3636700;3,1135300;4;FAIDHERBE (RUE);0.0;;1.0;1;0.0;1.0;0;0;1.0;;;2.0;0.0;1.0;50.0;Nord;32;Hauts-de-France
201900004329;138Â 298Â 350;A01;1.0;1;1.0;1.0;1964.0;4.0;1.0;0.0;;0.0;0;;;3.0;10.0;0.0;1.0;2.0;1.0;1.0;;5;2;2019;10:50;1.0;59;59569;2;1.0;1.0;6.0;FAIDHERBE (RUE);50,3636700;3,1135300;4;FAIDHERBE (RUE);0.0;;1.0;1;0.0;1.0;0;0;1.0;;;2.0;0.0;1.0;50.0;Nord;32;Hauts-de-France
201900004330;138Â 298Â 349;A01;10.0;3;3.0;2.0;1990.0;2.0;8.0;0.0;;2.0;3;3.0;;2.0;7.0;0.0;1.0;8.0;15.0;1.0;;5;2;2019;08:15;2.0;59;59569;2;1.0;1.0;6.0;8 MAI  1945 (RUE DU);50,3668300;3,1048900;6;8 MAI  1945 (RUE DU);0.0;;;;0.0;1.0;0;0;1.0;;;2.0;0.0;2.0;50.0;Nord;32;Hauts-de-France
201900004330;138Â 298Â 349;A01;10.0;3;1.0;1.0;2014.0;2.0;8.0;0.0;;2.0;3;3.0;;2.0;7.0;0.0;1.0;8.0;15.0;1.0;;5;2;2019;08:15;2.0;59;59569;2;1.0;1.0;6.0;8 MAI  1945 (RUE DU);50,3668300;3,1048900;6;8 MAI  1945 (RUE DU);0.0;;;;0.0;1.0;0;0;1.0;;;2.0;0.0;2.0;50.0;Nord;32;Hauts-de-France
201900004330;138Â 298Â 349;A01;10.0;3;1.0;1.0;2017.0;2.0;8.0;0.0;;2.0;3;3.0;;2.0;7.0;0.0;1.0;8.0;15.0;1.0;;5;2;2019;08:15;2.0;59;59569;2;1.0;1.0;6.0;8 MAI  1945 (RUE DU);50,3668300;3,1048900;6;8 MAI  1945 (RUE DU);0.0;;;;0.0;1.0;0;0;1.0;;;2.0;0.0;2.0;50.0;Nord;32;Hauts-de-France
201900004330;138Â 298Â 349;A01;1.0;1;1.0;1.0;1973.0;2.0;1.0;8.0;;;0;;;2.0;7.0;0.0;1.0;8.0;15.0;1.0;;5;2;2019;08:15;2.0;59;59569;2;1.0;1.0;6.0;8 MAI  1945 (RUE DU);50,3668300;3,1048900;6;8 MAI  1945 (RUE DU);0.0;;;;0.0;1.0;0;0;1.0;;;2.0;0.0;2.0;50.0;Nord;32;Hauts-de-France
201900004331;138Â 298Â 347;B01;1.0;1;2.0;2.0;1974.0;1.0;1.0;8.0;;0.0;0;;;3.0;7.0;0.0;2.0;7.0;0.0;6.0;;4;2;2019;18:00;5.0;57;57463;2;6.0;1.0;2.0;SOLIDARITE (BOULEVARD DE LA );49,1081030;6,2436837;4;SOLIDARITE (BOULEVARD DE LA );0.0;;1.0;2;0.0;1.0;0;0;2.0;;;1.0;0.0;1.0;50.0;Moselle;44;Grand Est
201900004332;138Â 298Â 345;B01;1.0;1;2.0;1.0;1954.0;5.0;1.0;0.0;;0.0;0;;;2.0;7.0;0.0;2.0;3.0;15.0;0.0;;9;2;2019;09:50;1.0;56;56260;2;3.0;1.0;3.0;LECLERC(RUE DU MARECHAL);47,6583650; -2,7497240;4;LECLERC(RUE DU MARECHAL);0.0;;2.0;2;0.0;1.0;0;0;1.0;;;1.0;6.0;1.0;50.0;Morbihan;53;Bretagne
201900004332;138Â 298Â 346;A01;1.0;1;1.0;1.0;1970.0;3.0;1.0;0.0;;0.0;0;;;2.0;7.0;0.0;2.0;3.0;15.0;0.0;;9;2;2019;09:50;1.0;56;56260;2;3.0;1.0;3.0;LECLERC(RUE DU MARECHAL);47,6583650; -2,7497240;4;LECLERC(RUE DU MARECHAL);0.0;;2.0;2;0.0;1.0;0;0;1.0;;;1.0;6.0;1.0;50.0;Morbihan;53;Bretagne
201900004333;138Â 298Â 344;A01;10.0;3;4.0;1.0;1966.0;9.0;8.0;0.0;;1.0;3;1.0;;1.0;7.0;0.0;1.0;1.0;26.0;1.0;;6;2;2019;19:10;3.0;56;56260;1;1.0;3.0;6.0;RN 166 -SENS VANNES / RENNES-;47,6699400; -2,7230600;2;166;0.0;;3.0;4;0.0;1.0;0;488;1.0;;;2.0;0.0;1.0;70.0;Morbihan;53;Bretagne
201900004333;138Â 298Â 344;A01;1.0;1;2.0;1.0;1981.0;0.0;8.0;0.0;;0.0;0;;;1.0;7.0;0.0;1.0;1.0;26.0;1.0;;6;2;2019;19:10;3.0;56;56260;1;1.0;3.0;6.0;RN 166 -SENS VANNES / RENNES-;47,6699400; -2,7230600;2;166;0.0;;3.0;4;0.0;1.0;0;488;1.0;;;2.0;0.0;1.0;70.0;Morbihan;53;Bretagne
201900004334;138Â 298Â 342;A01;1.0;1;1.0;1.0;1944.0;5.0;1.0;8.0;;0.0;0;;;2.0;7.0;0.0;0.0;0.0;9.0;1.0;;7;2;2019;14:10;1.0;56;56260;2;6.0;1.0;6.0;Avenue Edouard Herriot;47,6550800; -2,7395000;3;779;2.0;B;2.0;2;0.0;1.0;2;780;2.0;;;1.0;5.0;1.0;50.0;Morbihan;53;Bretagne
201900004334;138Â 298Â 343;B01;1.0;1;2.0;1.0;1964.0;5.0;2.0;8.0;;0.0;0;;;2.0;31.0;0.0;0.0;3.0;21.0;1.0;;7;2;2019;14:10;1.0;56;56260;2;6.0;1.0;6.0;Avenue Edouard Herriot;47,6550800; -2,7395000;3;779;2.0;B;2.0;2;0.0;1.0;2;780;2.0;;;1.0;5.0;1.0;50.0;Morbihan;53;Bretagne
201900004335;138Â 298Â 341;A01;1.0;1;2.0;1.0;1988.0;5.0;1.0;8.0;;0.0;0;;;1.0;7.0;13.0;0.0;9.0;14.0;1.0;;8;2;2019;21:45;5.0;56;56098;1;1.0;8.0;6.0;RN 165;47,7894200; -3,3237300;2;165;0.0;;3.0;4;0.0;1.0;93;690;1.0;;;2.0;0.0;1.0;90.0;Morbihan;53;Bretagne