Num_Acc;id_vehicule;num_veh;place;catu;grav;sexe;an_nais;trajet;secu1;secu2;secu3;locp;actp;etatp;id_usager;senc;catv;obs;obsm;choc;manv;motor;occutc;jour;mois;an;hrmn;lum;dep;com;agg;int;atm;col;adr;lat;long;catr;voie;v1;v2;circ;nbv;vosp;prof;pr;pr1;plan;lartpc;larrout;surf;infra;situ;vma;nom_departement;reg;nom_region
201900004336;138Â 298Â 340;A01;1.0;1;2.0;1.0;1998.0;4.0;2.0;8.0;;0.0;0;;;2.0;30.0;0.0;0.0;0.0;26.0;1.0;;6;2;2019;13:15;1.0;56;56107;2;6.0;3.0;7.0;PHARE (RUE DU PETIT);47,7156300; -3,3786400;4;PHARE (RUE DU PETIT);0.0;;2.0;2;0.0;1.0;0;0;3.0;;;2.0;5.0;1.0;50.0;Morbihan;53;Bretagne
201900004337;138Â 298Â 332;A01;2.0;2;2.0;2.0;1997.0;0.0;1.0;0.0;;;0;;;2.0;7.0;1.0;0.0;2.0;0.0;1.0;;8;2;2019;19:50;5.0;51;51454;2;1.0;1.0;7.0;RUE LEDRU ROLLIN;49,2278400;4,0437500;4;RUE LEDRU ROLLIN;0.0;;2.0;0;0.0;1.0;(1);(1);1.0;;;1.0;0.0;1.0;50.0;Marne;44;Grand Est
201900004337;138Â 298Â 332;A01;1.0;1;1.0;1.0;1989.0;0.0;1.0;0.0;;;0;;;2.0;7.0;1.0;0.0;2.0;0.0;1.0;;8;2;2019;19:50;5.0;51;51454;2;1.0;1.0;7.0;RUE LEDRU ROLLIN;49,2278400;4,0437500;4;RUE LEDRU ROLLIN;0.0;;2.0;0;0.0;1.0;(1);(1);1.0;;;1.0;0.0;1.0;50.0;Marne;44;Grand Est
201900004338;138Â 298Â 329;A01;1.0;1;3.0;1.0;1981.0;0.0;8.0;0.0;;;0;;;2.0;7.0;0.0;2.0;1.0;26.0;1.0;;4;2;2019;19:19;5.0;51;51454;2;2.0;1.0;5.0;BOULEVARD DES BOUCHES DU RHONE;49,2324400;4,0182400;4;BOULEVARD DES BOUCHES DU RHONE;0.0;;2.0;2;0.0;1.0;0;0;1.0;;;1.0;0.0;1.0;50.0;Marne;44;Grand Est
201900004338;138Â 298Â 329;A01;2.0;2;2.0;1.0;1955.0;0.0;1.0;0.0;;;0;;;2.0;7.0;0.0;2.0;1.0;26.0;1.0;;4;2;2019;19:19;5.0;51;51454;2;2.0;1.0;5.0;BOULEVARD DES BOUCHES DU RHONE;49,2324400;4,0182400;4;BOULEVARD DES BOUCHES DU RHONE;0.0;;2.0;2;0.0;1.0;0;0;1.0;;;1.0;0.0;1.0;50.0;Marne;44;Grand Est
201900004338;138Â 298Â 330;C01;1.0;1;1.0;1.0;1984.0;;1.0;0.0;0.0;; -1;;;2.0;7.0;0.0;0.0;0.0;26.0;1.0;;4;2;2019;19:19;5.0;51;51454;2;2.0;1.0;5.0;BOULEVARD DES BOUCHES DU RHONE;49,2324400;4,0182400;4;BOULEVARD DES BOUCHES DU RHONE;0.0;;2.0;2;0.0;1.0;0;0;1.0;;;1.0;0.0;1.0;50.0;Marne;44;Grand Est
201900004338;138Â 298Â 331;B01;1.0;1;1.0;2.0;1970.0;4.0;1.0;0.0;;;0;;;1.0;37.0;0.0;2.0;8.0;1.0;1.0;2.0;4;2;2019;19:19;5.0;51;51454;2;2.0;1.0;5.0;BOULEVARD DES BOUCHES DU RHONE;49,2324400;4,0182400;4;BOULEVARD DES BOUCHES DU RHONE;0.0;;2.0;2;0.0;1.0;0;0;1.0;;;1.0;0.0;1.0;50.0;Marne;44;Grand Est
201900004338;138Â 298Â 331;B01;7.0;2;2.0;1.0;1989.0;0.0;8.0;0.0;;;0;;;1.0;37.0;0.0;2.0;8.0;1.0;1.0;2.0;4;2;2019;19:19;5.0;51;51454;2;2.0;1.0;5.0;BOULEVARD DES BOUCHES DU RHONE;49,2324400;4,0182400;4;BOULEVARD DES BOUCHES DU RHONE;0.0;;2.0;2;0.0;1.0;0;0;1.0;;;1.0;0.0;1.0;50.0;Marne;44;Grand Est
201900004339;138Â 298Â 327;B01;2.0;2;2.0;2.0;1970.0;4.0;1.0;0.0;;; -1;;;3.0;7.0;0.0;2.0;3.0;1.0;1.0;;7;2;2019;14:20;1.0;50;50502;2;2.0;1.0;3.0;KOENIG (rue GÃ©nÃ©ral);49,1121700; -1,0623900;4;KOENIG (rue GÃ©nÃ©ral);0.0;;2.0;2;0.0;1.0;0;0;1.0;;;1.0;5.0;1.0;50.0;Manche;28;Normandie
201900004339;138Â 298Â 327;B01;3.0;2;2.0;2.0;1983.0;4.0;1.0;0.0;;; -1;;;3.0;7.0;0.0;2.0;3.0;1.0;1.0;;7;2;2019;14:20;1.0;50;50502;2;2.0;1.0;3.0;KOENIG (rue GÃ©nÃ©ral);49,1121700; -1,0623900;4;KOENIG (rue GÃ©nÃ©ral);0.0;;2.0;2;0.0;1.0;0;0;1.0;;;1.0;5.0;1.0;50.0;Manche;28;Normandie
201900004339;138Â 298Â 327;B01;1.0;1;2.0;2.0;1965.0;4.0;1.0;8.0;;;0;;;3.0;7.0;0.0;2.0;3.0;1.0;1.0;;7;2;2019;14:20;1.0;50;50502;2;2.0;1.0;3.0;KOENIG (rue GÃ©nÃ©ral);49,1121700; -1,0623900;4;KOENIG (rue GÃ©nÃ©ral);0.0;;2.0;2;0.0;1.0;0;0;1.0;;;1.0;5.0;1.0;50.0;Manche;28;Normandie
201900004339;138Â 298Â 328;A01;1.0;1;2.0;2.0;1980.0;1.0;1.0;8.0;;; -1;;;3.0;7.0;0.0;2.0;1.0;19.0;1.0;;7;2;2019;14:20;1.0;50;50502;2;2.0;1.0;3.0;KOENIG (rue GÃ©nÃ©ral);49,1121700; -1,0623900;4;KOENIG (rue GÃ©nÃ©ral);0.0;;2.0;2;0.0;1.0;0;0;1.0;;;1.0;5.0;1.0;50.0;Manche;28;Normandie
201900004340;138Â 298Â 325;B01;1.0;1;2.0;2.0;1949.0;1.0;1.0;0.0;;;0;;;0.0;7.0;0.0;2.0;1.0;1.0;1.0;;8;2;2019;14:55;1.0;50;50129;2;3.0;2.0;3.0;VOLTAIRE (RUE);49,6319700; -1,6367900;4;VOLTAIRE (RUE);0.0;;2.0;2;0.0;1.0;0;0;1.0;;;2.0;0.0;1.0;50.0;Manche;28;Normandie
201900004340;138Â 298Â 326;A01;1.0;1;2.0;2.0;1972.0;1.0;1.0;0.0;;;0;;;0.0;7.0;0.0;2.0;1.0;1.0;1.0;;8;2;2019;14:55;1.0;50;50129;2;3.0;2.0;3.0;VOLTAIRE (RUE);49,6319700; -1,6367900;4;VOLTAIRE (RUE);0.0;;2.0;2;0.0;1.0;0;0;1.0;;;2.0;0.0;1.0;50.0;Manche;28;Normandie
201900004341;138Â 298Â 324;A01;1.0;1;2.0;2.0;1956.0;5.0;1.0;8.0;;;0;;;0.0;7.0;6.0;0.0;2.0;14.0;1.0;;7;2;2019;13:00;1.0;50;50602;2;1.0;2.0;6.0;BREQUECAL (RUE DE);49,6317600; -1,5616400;4;BREQUECAL (RUE DE);0.0;;2.0;2;0.0;4.0;0;0;2.0;;;2.0;0.0;1.0;50.0;Manche;28;Normandie
201900004342;138Â 298Â 322;A01;1.0;1;2.0;2.0;1998.0;5.0;1.0;0.0;;;0;;;2.0;7.0;0.0;2.0;1.0;2.0;1.0;;5;2;2019;17:20;1.0;49;49328;1;1.0;1.0;2.0;ROCADE N 347;47,2453900; -0,1074600;3;347;0.0;;2.0;2;0.0;1.0;0;0;1.0;;;2.0;0.0;1.0;80.0;Maine-et-Loire;52;Pays de la Loire
201900004342;138Â 298Â 323;B01;1.0;1;1.0;1.0;1991.0;5.0;1.0;0.0;;;0;;;1.0;7.0;0.0;2.0;4.0;1.0;1.0;;5;2;2019;17:20;1.0;49;49328;1;1.0;1.0;2.0;ROCADE N 347;47,2453900; -0,1074600;3;347;0.0;;2.0;2;0.0;1.0;0;0;1.0;;;2.0;0.0;1.0;80.0;Maine-et-Loire;52;Pays de la Loire
201900004343;138Â 298Â 320;A01;1.0;1;1.0;1.0;2000.0;0.0;1.0;0.0;;;0;;;1.0;7.0;4.0;2.0;1.0;1.0;1.0;;8;2;2019;19:55;5.0;49;49007;2;2.0;2.0;3.0;PATTON AVENUE;47,4734900; -0,5918100;4;PATTON AVENUE;0.0;;2.0;2;0.0;2.0;0;0;1.0;;;2.0;8.0;1.0;30.0;Maine-et-Loire;52;Pays de la Loire
201900004343;138Â 298Â 321;B01;1.0;1;2.0;2.0;1994.0;9.0;1.0;0.0;;;0;;;2.0;7.0;0.0;2.0;7.0;1.0;1.0;;8;2;2019;19:55;5.0;49;49007;2;2.0;2.0;3.0;PATTON AVENUE;47,4734900; -0,5918100;4;PATTON AVENUE;0.0;;2.0;2;0.0;2.0;0;0;1.0;;;2.0;8.0;1.0;30.0;Maine-et-Loire;52;Pays de la Loire
201900004344;138Â 298Â 317;A01;1.0;1;2.0;2.0;1993.0;9.0;1.0;0.0;;;0;;;1.0;7.0;0.0;2.0;1.0;1.0;1.0;;9;2;2019;13:06;1.0;49;49015;1;1.0;2.0;5.0;MEIGNANNE ROUTE DE LA;47,4969400; -0,6105000;3;122;0.0;;2.0;2;0.0;1.0;4;220;1.0;;;2.0;0.0;1.0;90.0;Maine-et-Loire;52;Pays de la Loire
201900004344;138Â 298Â 318;B01;2.0;2;2.0;1.0;1984.0;9.0;1.0;0.0;;;0;;;1.0;7.0;0.0;2.0;4.0;1.0;1.0;;9;2;2019;13:06;1.0;49;49015;1;1.0;2.0;5.0;MEIGNANNE ROUTE DE LA;47,4969400; -0,6105000;3;122;0.0;;2.0;2;0.0;1.0;4;220;1.0;;;2.0;0.0;1.0;90.0;Maine-et-Loire;52;Pays de la Loire
201900004344;138Â 298Â 318;B01;1.0;1;2.0;2.0;1986.0;9.0;1.0;0.0;;;0;;;1.0;7.0;0.0;2.0;4.0;1.0;1.0;;9;2;2019;13:06;1.0;49;49015;1;1.0;2.0;5.0;MEIGNANNE ROUTE DE LA;47,4969400; -0,6105000;3;122;0.0;;2.0;2;0.0;1.0;4;220;1.0;;;2.0;0.0;1.0;90.0;Maine-et-Loire;52;Pays de la Loire
201900004344;138Â 298Â 319;C01;3.0;2;2.0;1.0;1999.0;4.0;1.0;0.0;;;0;;;2.0;7.0;0.0;2.0;1.0;1.0;1.0;;9;2;2019;13:06;1.0;49;49015;1;1.0;2.0;5.0;MEIGNANNE ROUTE DE LA;47,4969400; -0,6105000;3;122;0.0;;2.0;2;0.0;1.0;4;220;1.0;;;2.0;0.0;1.0;90.0;Maine-et-Loire;52;Pays de la Loire
201900004344;138Â 298Â 319;C01;2.0;2;2.0;2.0;1991.0;4.0;1.0;0.0;;;0;;;2.0;7.0;0.0;2.0;1.0;1.0;1.0;;9;2;2019;13:06;1.0;49;49015;1;1.0;2.0;5.0;MEIGNANNE ROUTE DE LA;47,4969400; -0,6105000;3;122;0.0;;2.0;2;0.0;1.0;4;220;1.0;;;2.0;0.0;1.0;90.0;Maine-et-Loire;52;Pays de la Loire
201900004344;138Â 298Â 319;C01;1.0;1;1.0;1.0;1963.0;4.0;1.0;0.0;;;0;;;2.0;7.0;0.0;2.0;1.0;1.0;1.0;;9;2;2019;13:06;1.0;49;49015;1;1.0;2.0;5.0;MEIGNANNE ROUTE DE LA;47,4969400; -0,6105000;3;122;0.0;;2.0;2;0.0;1.0;4;220;1.0;;;2.0;0.0;1.0;90.0;Maine-et-Loire;52;Pays de la Loire
201900004345;138Â 298Â 316;A01;1.0;1;2.0;1.0;1998.0;0.0;8.0;0.0;;;0;;;1.0;1.0;0.0;2.0;1.0;1.0;5.0;;9;2;2019;01:00;5.0;49;49007;2;1.0;8.0;6.0;MENDES FRANCE PLACE;47,4734900; -0,5453300;4;MENDES FRANCE PLACE;0.0;;2.0;2;2.0;1.0;0;0;1.0;;;2.0;0.0;1.0;30.0;Maine-et-Loire;52;Pays de la Loire
201900004346;138Â 298Â 314;B01;1.0;1;2.0;2.0;1980.0;9.0;1.0;8.0;;;0;;;3.0;7.0;0.0;2.0;4.0;26.0;1.0;;7;2;2019;10:48;1.0;49;49007;2;1.0;1.0;2.0;MADELEINE;47,4650400; -0,5446100;4;MADELEINE;0.0;;;1;0.0;1.0;0;0;1.0;;;1.0;0.0;1.0;30.0;Maine-et-Loire;52;Pays de la Loire
201900004346;138Â 298Â 315;A01;1.0;1;1.0;2.0;1996.0;0.0;1.0;8.0;;;0;;;3.0;7.0;0.0;2.0;1.0;26.0;1.0;;7;2;2019;10:48;1.0;49;49007;2;1.0;1.0;2.0;MADELEINE;47,4650400; -0,5446100;4;MADELEINE;0.0;;;1;0.0;1.0;0;0;1.0;;;1.0;0.0;1.0;30.0;Maine-et-Loire;52;Pays de la Loire
201900004347;138Â 298Â 313;A01;1.0;1;1.0;2.0;1996.0;1.0;1.0;8.0;;;0;;;1.0;7.0;0.0;1.0;2.0;1.0;1.0;;7;2;2019;08:52;1.0;49;49007;2;3.0;1.0;7.0;DE LATTRE DE TASSIGNY;47,4576900; -0,5444600;4;DE LATTRE DE TASSIGNY;0.0;;3.0;4;3.0;1.0;0;0;1.0;;;1.0;5.0;1.0;50.0;Maine-et-Loire;52;Pays de la Loire
201900004347;138Â 298Â 313;A01;10.0;3;2.0;2.0;1996.0;5.0;8.0;0.0;;3.0;3;1.0;;1.0;7.0;0.0;1.0;2.0;1.0;1.0;;7;2;2019;08:52;1.0;49;49007;2;3.0;1.0;7.0;DE LATTRE DE TASSIGNY;47,4576900; -0,5444600;4;DE LATTRE DE TASSIGNY;0.0;;3.0;4;3.0;1.0;0;0;1.0;;;1.0;5.0;1.0;50.0;Maine-et-Loire;52;Pays de la Loire
201900004348;138Â 298Â 311;B01;1.0;1;2.0;2.0;1997.0;0.0;1.0;8.0;;;0;;;1.0;7.0;0.0;2.0;1.0;1.0;0.0;;6;2;2019;18:02;2.0;49;49007;2;1.0;8.0;2.0;BEAUSSIER BOULEVARD;47,4751700; -0,5994200;4;BEAUSSIER BOULEVARD;0.0;;2.0;2;0.0;1.0;0;0;3.0;;;1.0;0.0;1.0;50.0;Maine-et-Loire;52;Pays de la Loire
201900004348;138Â 298Â 312;A01;1.0;1;1.0;2.0;1998.0;0.0;1.0;8.0;;;0;;;1.0;7.0;0.0;2.0;4.0;15.0;0.0;;6;2;2019;18:02;2.0;49;49007;2;1.0;8.0;2.0;BEAUSSIER BOULEVARD;47,4751700; -0,5994200;4;BEAUSSIER BOULEVARD;0.0;;2.0;2;0.0;1.0;0;0;3.0;;;1.0;0.0;1.0;50.0;Maine-et-Loire;52;Pays de la Loire
201900004349;138Â 298Â 308;A01;1.0;1;2.0;1.0;1996.0;0.0;1.0;;;; -1;;;2.0;7.0;0.0;2.0;3.0;16.0;1.0;;11;2;2019;13:20;1.0;45;45169;2;3.0;1.0;5.0;ROUTE NATIONALE-R DE LA FOLIE;47,9215000;1,8533100;4;ROUTE NATIONALE;0.0;;2.0;2;0.0;2.0;1;0;1.0;;;1.0;0.0;1.0;50.0;Loiret;24;Centre-Val de Loire
201900004349;138Â 298Â 308;A01;2.0;2;2.0;1.0;1975.0;0.0;1.0;;;; -1;;;2.0;7.0;0.0;2.0;3.0;16.0;1.0;;11;2;2019;13:20;1.0;45;45169;2;3.0;1.0;5.0;ROUTE NATIONALE-R DE LA FOLIE;47,9215000;1,8533100;4;ROUTE NATIONALE;0.0;;2.0;2;0.0;2.0;1;0;1.0;;;1.0;0.0;1.0;50.0;Loiret;24;Centre-Val de Loire
201900004349;138Â 298Â 308;A01;4.0;2;2.0;2.0;1997.0;0.0;1.0;;;; -1;;;2.0;7.0;0.0;2.0;3.0;16.0;1.0;;11;2;2019;13:20;1.0;45;45169;2;3.0;1.0;5.0;ROUTE NATIONALE-R DE LA FOLIE;47,9215000;1,8533100;4;ROUTE NATIONALE;0.0;;2.0;2;0.0;2.0;1;0;1.0;;;1.0;0.0;1.0;50.0;Loiret;24;Centre-Val de Loire
201900004349;138Â 298Â 309;C01;1.0;1;2.0;1.0;1954.0;0.0;1.0;0.0;;; -1;;;1.0;7.0;0.0;2.0;3.0;1.0;0.0;;11;2;2019;13:20;1.0;45;45169;2;3.0;1.0;5.0;ROUTE NATIONALE-R DE LA FOLIE;47,9215000;1,8533100;4;ROUTE NATIONALE;0.0;;2.0;2;0.0;2.0;1;0;1.0;;;1.0;0.0;1.0;50.0;Loiret;24;Centre-Val de Loire
201900004349;138Â 298Â 309;C01;2.0;2;2.0;1.0;1956.0;0.0;1.0;0.0;;; -1;;;1.0;7.0;0.0;2.0;3.0;1.0;0.0;;11;2;2019;13:20;1.0;45;45169;2;3.0;1.0;5.0;ROUTE NATIONALE-R DE LA FOLIE;47,9215000;1,8533100;4;ROUTE NATIONALE;0.0;;2.0;2;0.0;2.0;1;0;1.0;;;1.0;0.0;1.0;50.0;Loiret;24;Centre-Val de Loire
201900004349;138Â 298Â 310;B01;1.0;1;1.0;1.0;1999.0;0.0;1.0;0.0;;; -1;;;2.0;7.0;0.0;2.0;2.0;1.0;0.0;;11;2;2019;13:20;1.0;45;45169;2;3.0;1.0;5.0;ROUTE NATIONALE-R DE LA FOLIE;47,9215000;1,8533100;4;ROUTE NATIONALE;0.0;;2.0;2;0.0;2.0;1;0;1.0;;;1.0;0.0;1.0;50.0;Loiret;24;Centre-Val de Loire
201900004350;138Â 298Â 306;A01;1.0;1;1.0;1.0;1986.0;1.0;1.0;0.0;;; -1;;;2.0;7.0;0.0;2.0;8.0;15.0;1.0;;11;2;2019;07:50;1.0;45;45147;2;3.0;1.0;3.0;R DE CUREMBOURG-R DE COULVREUX;47,9382720;1,9389670;4;RUE DE CUREMBOURG;0.0;;2.0;2;0.0;1.0;(1);(1);1.0;;;1.0;0.0;1.0;50.0;Loiret;24;Centre-Val de Loire
201900004350;138Â 298Â 307;B01;1.0;1;2.0;1.0;1963.0;1.0;2.0;0.0;;; -1;;;1.0;33.0;0.0;2.0;1.0;1.0;1.0;;11;2;2019;07:50;1.0;45;45147;2;3.0;1.0;3.0;R DE CUREMBOURG-R DE COULVREUX;47,9382720;1,9389670;4;RUE DE CUREMBOURG;0.0;;2.0;2;0.0;1.0;(1);(1);1.0;;;1.0;0.0;1.0;50.0;Loiret;24;Centre-Val de Loire
201900004351;138Â 298Â 305;A01;1.0;1;4.0;1.0;1959.0;5.0;8.0;0.0;;0.0;0;;;3.0;7.0;1.0;0.0;1.0;0.0;1.0;;10;2;2019;12:35;1.0;45;45234;2;1.0;1.0;6.0;PLACE DE LA BASCULE;47,8944283;1,9070924;4;PLACE DE LA BASCULE;0.0;;1.0;1;0.0;1.0;(1);(1);1.0;;;1.0;0.0;1.0;30.0;Loiret;24;Centre-Val de Loire
201900004352;138Â 298Â 302;A01;9.0;2;1.0;1.0;2003.0;0.0;8.0;0.0;;; -1;;;2.0;37.0;0.0;2.0;1.0;2.0;1.0;8.0;9;2;2019;12:49;1.0;45;45302;2;1.0;1.0;4.0;347 RUE NATIONALE 20;47,9411230;1,8931480;4;347 RUE NATIONALE 20;0.0;;3.0;5;1.0;1.0;(1);(1);1.0;;;1.0;5.0;1.0;50.0;Loiret;24;Centre-Val de Loire
201900004352;138Â 298Â 302;A01;9.0;2;2.0;2.0;1944.0;0.0;8.0;0.0;;; -1;;;2.0;37.0;0.0;2.0;1.0;2.0;1.0;8.0;9;2;2019;12:49;1.0;45;45302;2;1.0;1.0;4.0;347 RUE NATIONALE 20;47,9411230;1,8931480;4;347 RUE NATIONALE 20;0.0;;3.0;5;1.0;1.0;(1);(1);1.0;;;1.0;5.0;1.0;50.0;Loiret;24;Centre-Val de Loire
201900004352;138Â 298Â 302;A01;9.0;2;2.0;2.0;1996.0;0.0;8.0;0.0;;; -1;;;2.0;37.0;0.0;2.0;1.0;2.0;1.0;8.0;9;2;2019;12:49;1.0;45;45302;2;1.0;1.0;4.0;347 RUE NATIONALE 20;47,9411230;1,8931480;4;347 RUE NATIONALE 20;0.0;;3.0;5;1.0;1.0;(1);(1);1.0;;;1.0;5.0;1.0;50.0;Loiret;24;Centre-Val de Loire
201900004352;138Â 298Â 302;A01;7.0;2;1.0;2.0;2004.0;0.0;8.0;0.0;;; -1;;;2.0;37.0;0.0;2.0;1.0;2.0;1.0;8.0;9;2;2019;12:49;1.0;45;45302;2;1.0;1.0;4.0;347 RUE NATIONALE 20;47,9411230;1,8931480;4;347 RUE NATIONALE 20;0.0;;3.0;5;1.0;1.0;(1);(1);1.0;;;1.0;5.0;1.0;50.0;Loiret;24;Centre-Val de Loire
201900004352;138Â 298Â 302;A01;7.0;2;1.0;1.0;2000.0;0.0;8.0;0.0;;; -1;;;2.0;37.0;0.0;2.0;1.0;2.0;1.0;8.0;9;2;2019;12:49;1.0;45;45302;2;1.0;1.0;4.0;347 RUE NATIONALE 20;47,9411230;1,8931480;4;347 RUE NATIONALE 20;0.0;;3.0;5;1.0;1.0;(1);(1);1.0;;;1.0;5.0;1.0;50.0;Loiret;24;Centre-Val de Loire
201900004352;138Â 298Â 302;A01;9.0;2;1.0;1.0;2004.0;0.0;8.0;0.0;;; -1;;;2.0;37.0;0.0;2.0;1.0;2.0;1.0;8.0;9;2;2019;12:49;1.0;45;45302;2;1.0;1.0;4.0;347 RUE NATIONALE 20;47,9411230;1,8931480;4;347 RUE NATIONALE 20;0.0;;3.0;5;1.0;1.0;(1);(1);1.0;;;1.0;5.0;1.0;50.0;Loiret;24;Centre-Val de Loire
201900004352;138Â 298Â 302;A01;7.0;2;1.0;1.0;2002.0;0.0;8.0;0.0;;; -1;;;2.0;37.0;0.0;2.0;1.0;2.0;1.0;8.0;9;2;2019;12:49;1.0;45;45302;2;1.0;1.0;4.0;347 RUE NATIONALE 20;47,9411230;1,8931480;4;347 RUE NATIONALE 20;0.0;;3.0;5;1.0;1.0;(1);(1);1.0;;;1.0;5.0;1.0;50.0;Loiret;24;Centre-Val de Loire
201900004352;138Â 298Â 302;A01;1.0;1;1.0;1.0;1967.0;4.0;8.0;0.0;;; -1;;;2.0;37.0;0.0;2.0;1.0;2.0;1.0;8.0;9;2;2019;12:49;1.0;45;45302;2;1.0;1.0;4.0;347 RUE NATIONALE 20;47,9411230;1,8931480;4;347 RUE NATIONALE 20;0.0;;3.0;5;1.0;1.0;(1);(1);1.0;;;1.0;5.0;1.0;50.0;Loiret;24;Centre-Val de Loire
201900004352;138Â 298Â 303;B01;2.0;2;2.0;2.0;2000.0;5.0;1.0;0.0;;; -1;;;2.0;7.0;0.0;2.0;4.0;2.0;1.0;;9;2;2019;12:49;1.0;45;45302;2;1.0;1.0;4.0;347 RUE NATIONALE 20;47,9411230;1,8931480;4;347 RUE NATIONALE 20;0.0;;3.0;5;1.0;1.0;(1);(1);1.0;;;1.0;5.0;1.0;50.0;Loiret;24;Centre-Val de Loire
201900004352;138Â 298Â 303;B01;5.0;2;1.0;2.0;1977.0;5.0;1.0;0.0;;; -1;;;2.0;7.0;0.0;2.0;4.0;2.0;1.0;;9;2;2019;12:49;1.0;45;45302;2;1.0;1.0;4.0;347 RUE NATIONALE 20;47,9411230;1,8931480;4;347 RUE NATIONALE 20;0.0;;3.0;5;1.0;1.0;(1);(1);1.0;;;1.0;5.0;1.0;50.0;Loiret;24;Centre-Val de Loire
201900004352;138Â 298Â 303;B01;3.0;2;1.0;1.0;2012.0;0.0;1.0;0.0;;; -1;;;2.0;7.0;0.0;2.0;4.0;2.0;1.0;;9;2;2019;12:49;1.0;45;45302;2;1.0;1.0;4.0;347 RUE NATIONALE 20;47,9411230;1,8931480;4;347 RUE NATIONALE 20;0.0;;3.0;5;1.0;1.0;(1);(1);1.0;;;1.0;5.0;1.0;50.0;Loiret;24;Centre-Val de Loire
201900004352;138Â 298Â 303;B01;4.0;2;1.0;2.0;2012.0;0.0;1.0;0.0;;; -1;;;2.0;7.0;0.0;2.0;4.0;2.0;1.0;;9;2;2019;12:49;1.0;45;45302;2;1.0;1.0;4.0;347 RUE NATIONALE 20;47,9411230;1,8931480;4;347 RUE NATIONALE 20;0.0;;3.0;5;1.0;1.0;(1);(1);1.0;;;1.0;5.0;1.0;50.0;Loiret;24;Centre-Val de Loire
201900004352;138Â 298Â 303;B01;1.0;1;1.0;2.0;1958.0;5.0;1.0;0.0;;; -1;;;2.0;7.0;0.0;2.0;4.0;2.0;1.0;;9;2;2019;12:49;1.0;45;45302;2;1.0;1.0;4.0;347 RUE NATIONALE 20;47,9411230;1,8931480;4;347 RUE NATIONALE 20;0.0;;3.0;5;1.0;1.0;(1);(1);1.0;;;1.0;5.0;1.0;50.0;Loiret;24;Centre-Val de Loire
201900004352;138Â 298Â 304;C01;1.0;1;1.0;1.0;1991.0;5.0;1.0;0.0;;; -1;;;2.0;7.0;0.0;2.0;4.0;2.0;1.0;;9;2;2019;12:49;1.0;45;45302;2;1.0;1.0;4.0;347 RUE NATIONALE 20;47,9411230;1,8931480;4;347 RUE NATIONALE 20;0.0;;3.0;5;1.0;1.0;(1);(1);1.0;;;1.0;5.0;1.0;50.0;Loiret;24;Centre-Val de Loire
201900004352;138Â 298Â 304;C01;2.0;2;1.0;1.0;1991.0;5.0;1.0;0.0;;; -1;;;2.0;7.0;0.0;2.0;4.0;2.0;1.0;;9;2;2019;12:49;1.0;45;45302;2;1.0;1.0;4.0;347 RUE NATIONALE 20;47,9411230;1,8931480;4;347 RUE NATIONALE 20;0.0;;3.0;5;1.0;1.0;(1);(1);1.0;;;1.0;5.0;1.0;50.0;Loiret;24;Centre-Val de Loire
201900004353;138Â 298Â 300;B01;1.0;1;2.0;2.0;1979.0;1.0;1.0;0.0;;; -1;;;1.0;7.0;0.0;2.0;3.0;9.0;1.0;;8;2;2019;07:23;5.0;45;45147;1;1.0;1.0;3.0;ROCADE D2060;47,9387000;1,9148000;3;2060;0.0;;3.0;4;0.0;1.0;93;135;3.0;;;1.0;0.0;1.0;90.0;Loiret;24;Centre-Val de Loire
201900004353;138Â 298Â 301;A01;1.0;1;1.0;2.0;1980.0;0.0;1.0;4.0;;; -1;;;1.0;7.0;0.0;2.0;2.0;1.0;1.0;;8;2;2019;07:23;5.0;45;45147;1;1.0;1.0;3.0;ROCADE D2060;47,9387000;1,9148000;3;2060;0.0;;3.0;4;0.0;1.0;93;135;3.0;;;1.0;0.0;1.0;90.0;Loiret;24;Centre-Val de Loire
201900004354;138Â 298Â 298;B01;1.0;1;2.0;1.0;1994.0;1.0;8.0;0.0;;; -1;;;1.0;1.0;0.0;2.0;3.0;5.0;5.0;;7;2;2019;13:40;1.0;45;45234;2;1.0;1.0;6.0;PLACE DU JARDIN DES PLANTES;47,8929010;1,8992250;3;951;0.0;;2.0;2;0.0;1.0;92;500;1.0;;;1.0;0.0;1.0;50.0;Loiret;24;Centre-Val de Loire
201900004354;138Â 298Â 299;A01;2.0;2;1.0;2.0;1958.0;1.0;1.0;0.0;;; -1;;;1.0;7.0;0.0;0.0;3.0;9.0;1.0;;7;2;2019;13:40;1.0;45;45234;2;1.0;1.0;6.0;PLACE DU JARDIN DES PLANTES;47,8929010;1,8992250;3;951;0.0;;2.0;2;0.0;1.0;92;500;1.0;;;1.0;0.0;1.0;50.0;Loiret;24;Centre-Val de Loire
201900004354;138Â 298Â 299;A01;1.0;1;1.0;1.0;1952.0;1.0;8.0;0.0;;; -1;;;1.0;7.0;0.0;0.0;3.0;9.0;1.0;;7;2;2019;13:40;1.0;45;45234;2;1.0;1.0;6.0;PLACE DU JARDIN DES PLANTES;47,8929010;1,8992250;3;951;0.0;;2.0;2;0.0;1.0;92;500;1.0;;;1.0;0.0;1.0;50.0;Loiret;24;Centre-Val de Loire
201900004355;138Â 298Â 297;A01;1.0;1;2.0;2.0;1989.0;2.0;8.0;8.0;;; -1;;;3.0;7.0;2.0;0.0;7.0;14.0;1.0;;8;2;2019;15:40;1.0;45;45004;1;1.0;1.0;6.0;RUE DE BROSSERONDE;47,9829230;2,7748280;4;RUE DE BROSSERONDE;0.0;;2.0;0;0.0;1.0;(1);(1);2.0;;;1.0;0.0;1.0;50.0;Loiret;24;Centre-Val de Loire