Num_Acc;id_vehicule;num_veh;place;catu;grav;sexe;an_nais;trajet;secu1;secu2;secu3;locp;actp;etatp;id_usager;senc;catv;obs;obsm;choc;manv;motor;occutc;jour;mois;an;hrmn;lum;dep;com;agg;int;atm;col;adr;lat;long;catr;voie;v1;v2;circ;nbv;vosp;prof;pr;pr1;plan;lartpc;larrout;surf;infra;situ;vma;nom_departement;reg;nom_region
201900004356;138Â 298Â 295;A01;1.0;1;2.0;1.0;1982.0;5.0;2.0;6.0;;0.0;0;;;1.0;31.0;0.0;2.0;1.0;1.0;1.0;;10;2;2019;10:30;1.0;44;44184;2;1.0;2.0;2.0;BROODCOORENS (RUE) DU 78 AU 122 - DU 79;47,2656000; -2,2518000;4;;0.0;;;2;0.0;1.0;0;0;1.0;;;3.0;0.0;1.0;50.0;Loire-Atlantique;52;Pays de la Loire
201900004356;138Â 298Â 296;B01;1.0;1;1.0;1.0;1958.0;9.0;1.0;0.0;;0.0;0;;;1.0;7.0;0.0;1.0;4.0;1.0;1.0;;10;2;2019;10:30;1.0;44;44184;2;1.0;2.0;2.0;BROODCOORENS (RUE) DU 78 AU 122 - DU 79;47,2656000; -2,2518000;4;;0.0;;;2;0.0;1.0;0;0;1.0;;;3.0;0.0;1.0;50.0;Loire-Atlantique;52;Pays de la Loire
201900004357;138Â 298Â 293;B01;1.0;1;2.0;1.0;1998.0;3.0;2.0;6.0;;0.0;0;;;2.0;33.0;0.0;2.0;1.0;0.0;1.0;;7;2;2019;19:45;5.0;44;44184;2;2.0;1.0;3.0;BD RENAISSANCE /V. HUGO;47,2834200; -2,2156600;4;;0.0;;2.0;2;0.0;1.0;0;0;1.0;;;1.0;0.0;1.0;50.0;Loire-Atlantique;52;Pays de la Loire
201900004357;138Â 298Â 294;A01;1.0;1;1.0;2.0;1989.0;5.0;1.0;0.0;;0.0;0;;;1.0;7.0;0.0;2.0;3.0;15.0;1.0;;7;2;2019;19:45;5.0;44;44184;2;2.0;1.0;3.0;BD RENAISSANCE /V. HUGO;47,2834200; -2,2156600;4;;0.0;;2.0;2;0.0;1.0;0;0;1.0;;;1.0;0.0;1.0;50.0;Loire-Atlantique;52;Pays de la Loire
201900004358;138Â 298Â 291;A01;1.0;1;1.0;1.0;1999.0;0.0;1.0;0.0;;0.0;0;;;2.0;7.0;0.0;2.0;3.0;15.0;1.0;;7;2;2019;08:00;1.0;44;44184;2;3.0;1.0;3.0;RUE DU 28 FÃVRIER 1943/PASSAGE GAUTIER;47,2743000; -2,2076000;4;;0.0;;2.0;2;0.0;1.0;0;1;1.0;;;1.0;0.0;1.0;50.0;Loire-Atlantique;52;Pays de la Loire
201900004358;138Â 298Â 292;B01;1.0;1;2.0;1.0;1989.0;1.0;2.0;6.0;;0.0;0;;;1.0;2.0;0.0;2.0;1.0;1.0;1.0;;7;2;2019;08:00;1.0;44;44184;2;3.0;1.0;3.0;RUE DU 28 FÃVRIER 1943/PASSAGE GAUTIER;47,2743000; -2,2076000;4;;0.0;;2.0;2;0.0;1.0;0;1;1.0;;;1.0;0.0;1.0;50.0;Loire-Atlantique;52;Pays de la Loire
201900004359;138Â 298Â 288;A01;1.0;1;1.0;1.0;1999.0;1.0;1.0;0.0;;0.0;0;;;1.0;7.0;0.0;1.0;1.0;1.0;1.0;;7;2;2019;20:15;5.0;44;44109;2;1.0;1.0;6.0;JOSEPH ( RTE DE ST );47,2488600; -1,5301900;4;;0.0;;2.0;0;0.0;1.0;1;0;1.0;;;1.0;0.0;1.0;50.0;Loire-Atlantique;52;Pays de la Loire
201900004359;138Â 298Â 288;A01;10.0;3;3.0;1.0;1999.0;5.0;8.0;0.0;;2.0;5;1.0;;1.0;7.0;0.0;1.0;1.0;1.0;1.0;;7;2;2019;20:15;5.0;44;44109;2;1.0;1.0;6.0;JOSEPH ( RTE DE ST );47,2488600; -1,5301900;4;;0.0;;2.0;0;0.0;1.0;1;0;1.0;;;1.0;0.0;1.0;50.0;Loire-Atlantique;52;Pays de la Loire
201900004360;138Â 298Â 286;B01;1.0;1;3.0;1.0;1985.0;5.0;2.0;0.0;;0.0;0;;;1.0;33.0;0.0;2.0;1.0;1.0;1.0;;7;2;2019;19:25;5.0;44;44109;2;3.0;1.0;3.0;RUE CHEVREUL;47,1979500; -1,5916100;4;;0.0;;2.0;0;0.0;1.0;1;0;1.0;;;1.0;0.0;1.0;50.0;Loire-Atlantique;52;Pays de la Loire
201900004360;138Â 298Â 287;A01;1.0;1;1.0;2.0;1984.0;1.0;1.0;0.0;;0.0;0;;;1.0;7.0;0.0;2.0;3.0;16.0;1.0;;7;2;2019;19:25;5.0;44;44109;2;3.0;1.0;3.0;RUE CHEVREUL;47,1979500; -1,5916100;4;;0.0;;2.0;0;0.0;1.0;1;0;1.0;;;1.0;0.0;1.0;50.0;Loire-Atlantique;52;Pays de la Loire
201900004361;138Â 298Â 285;A01;1.0;1;1.0;1.0;1984.0;3.0;1.0;0.0;;0.0;0;;;1.0;7.0;0.0;1.0;7.0;1.0;1.0;;8;2;2019;10:20;1.0;44;44114;2;1.0;2.0;6.0;BOULEVARD MENDES FRANCE;47,2608000; -1,5882400;4;;0.0;;2.0;0;0.0;2.0;1;0;1.0;;;2.0;0.0;1.0;50.0;Loire-Atlantique;52;Pays de la Loire
201900004361;138Â 298Â 285;A01;10.0;3;2.0;2.0;1998.0;1.0;8.0;0.0;;3.0;3;1.0;;1.0;7.0;0.0;1.0;7.0;1.0;1.0;;8;2;2019;10:20;1.0;44;44114;2;1.0;2.0;6.0;BOULEVARD MENDES FRANCE;47,2608000; -1,5882400;4;;0.0;;2.0;0;0.0;2.0;1;0;1.0;;;2.0;0.0;1.0;50.0;Loire-Atlantique;52;Pays de la Loire
201900004362;138Â 298Â 284;A01;1.0;1;1.0;2.0;1973.0;1.0;1.0;0.0;;0.0;0;;;1.0;7.0;0.0;1.0;8.0;1.0;1.0;;8;2;2019;07:30;5.0;44;44109;2;1.0;8.0;6.0;STALINGRAD ( BD DE );47,2186400; -1,5385000;4;;0.0;;1.0;0;0.0;1.0;0;0;1.0;;;2.0;0.0;1.0;50.0;Loire-Atlantique;52;Pays de la Loire
201900004362;138Â 298Â 284;A01;10.0;3;3.0;2.0;1970.0;1.0;8.0;0.0;;4.0;3;1.0;;1.0;7.0;0.0;1.0;8.0;1.0;1.0;;8;2;2019;07:30;5.0;44;44109;2;1.0;8.0;6.0;STALINGRAD ( BD DE );47,2186400; -1,5385000;4;;0.0;;1.0;0;0.0;1.0;0;0;1.0;;;2.0;0.0;1.0;50.0;Loire-Atlantique;52;Pays de la Loire
201900004363;138Â 298Â 283;A01;1.0;1;3.0;2.0;1998.0;3.0;8.0;0.0;;0.0;0;;;1.0;7.0;6.0;0.0;3.0;19.0;1.0;;11;2;2019;16:15;1.0;42;42187;2;1.0;1.0;6.0;SEMARD (RUE PIERRE );46,0423500;4,0603500;4;SEMARD (RUE PIERRE );0.0;;2.0;2;0.0;1.0;0;0;3.0;;;2.0;0.0;1.0;50.0;Loire;84;Auvergne-Rhône-Alpes
201900004363;138Â 298Â 283;A01;2.0;2;2.0;2.0;2000.0;3.0;8.0;0.0;;0.0;0;;;1.0;7.0;6.0;0.0;3.0;19.0;1.0;;11;2;2019;16:15;1.0;42;42187;2;1.0;1.0;6.0;SEMARD (RUE PIERRE );46,0423500;4,0603500;4;SEMARD (RUE PIERRE );0.0;;2.0;2;0.0;1.0;0;0;3.0;;;2.0;0.0;1.0;50.0;Loire;84;Auvergne-Rhône-Alpes
201900004364;138Â 298Â 282;A01;1.0;1;2.0;1.0;1979.0;9.0;8.0;0.0;;;0;;;2.0;7.0;2.0;0.0;0.0;26.0;1.0;;7;2;2019;19:45;3.0;42;42187;2;9.0;1.0;7.0;EST (ROCADE);46,0488200;4,0859100;2;7;0.0;;1.0;1;0.0;3.0;31;500;1.0;;;1.0;0.0;1.0;70.0;Loire;84;Auvergne-Rhône-Alpes
201900004364;138Â 298Â 282;A01;2.0;2;2.0;1.0;1979.0;9.0;8.0;0.0;;;0;;;2.0;7.0;2.0;0.0;0.0;26.0;1.0;;7;2;2019;19:45;3.0;42;42187;2;9.0;1.0;7.0;EST (ROCADE);46,0488200;4,0859100;2;7;0.0;;1.0;1;0.0;3.0;31;500;1.0;;;1.0;0.0;1.0;70.0;Loire;84;Auvergne-Rhône-Alpes
201900004365;138Â 298Â 280;A01;1.0;1;1.0;1.0;1972.0;1.0;1.0;0.0;;0.0;0;;;3.0;10.0;0.0;2.0;1.0;1.0;1.0;;8;2;2019;08:18;1.0;42;42183;2;1.0;4.0;1.0;BERAUDIERE (RUE DE LA);45,4108740;4,3770810;4;;0.0;;3.0;2;0.0;1.0;0;0;1.0;;;7.0;0.0;1.0;30.0;Loire;84;Auvergne-Rhône-Alpes
201900004365;138Â 298Â 281;B01;1.0;1;2.0;1.0;1986.0;1.0;1.0;0.0;;0.0;0;;;3.0;7.0;0.0;2.0;1.0;1.0;1.0;;8;2;2019;08:18;1.0;42;42183;2;1.0;4.0;1.0;BERAUDIERE (RUE DE LA);45,4108740;4,3770810;4;;0.0;;3.0;2;0.0;1.0;0;0;1.0;;;7.0;0.0;1.0;30.0;Loire;84;Auvergne-Rhône-Alpes
201900004366;138Â 298Â 279;A01;1.0;1;3.0;2.0;1965.0;5.0;1.0;8.0;;0.0; -1;;;2.0;3.0;13.0;0.0;1.0;1.0;1.0;;7;2;2019;15:00;1.0;41;41018;2;1.0;1.0;7.0;BASSES DES GROUETS (RUE);47,5564200;1,2951800;4;BASSES DES GROUETS (RUE);0.0;;2.0;2;0.0;1.0;0;0;1.0;;;1.0;0.0;1.0;50.0;Loir-et-Cher;24;Centre-Val de Loire
201900004367;138Â 298Â 278;A01;10.0;3;3.0;2.0;1949.0;0.0;8.0;0.0;;3.0;3;1.0;;1.0;7.0;0.0;1.0;1.0;11.0;1.0;;6;2;2019;19:10;5.0;39;39198;2;1.0;1.0;6.0;103 Avenue Jacques Duhamel;47,0841760;5,4802140;4;;0.0;;2.0;2;0.0;1.0;0;0;1.0;;;1.0;0.0;1.0;50.0;Jura;27;Bourgogne-Franche-Comté
201900004367;138Â 298Â 278;A01;1.0;1;1.0;1.0;1974.0;0.0;1.0;0.0;;; -1;;;1.0;7.0;0.0;1.0;1.0;11.0;1.0;;6;2;2019;19:10;5.0;39;39198;2;1.0;1.0;6.0;103 Avenue Jacques Duhamel;47,0841760;5,4802140;4;;0.0;;2.0;2;0.0;1.0;0;0;1.0;;;1.0;0.0;1.0;50.0;Jura;27;Bourgogne-Franche-Comté
201900004368;138Â 298Â 277;A01;10.0;3;2.0;1.0;1932.0;0.0;8.0;0.0;;9.0;B;1.0;;3.0;10.0;0.0;1.0;4.0;4.0;1.0;;8;2;2019;11:19;1.0;38;38544;2;9.0;1.0;6.0;CAMILLE JOUFFRAY(PLACE);45,5212510;4,8711190;3;1007;0.0;;;1;0.0;1.0;2;299;1.0;;;1.0;9.0;1.0;30.0;Isère;84;Auvergne-Rhône-Alpes
201900004368;138Â 298Â 277;A01;1.0;1;1.0;2.0;1949.0;0.0;1.0;0.0;;; -1;;;3.0;10.0;0.0;1.0;4.0;4.0;1.0;;8;2;2019;11:19;1.0;38;38544;2;9.0;1.0;6.0;CAMILLE JOUFFRAY(PLACE);45,5212510;4,8711190;3;1007;0.0;;;1;0.0;1.0;2;299;1.0;;;1.0;9.0;1.0;30.0;Isère;84;Auvergne-Rhône-Alpes
201900004369;138Â 298Â 275;B01;1.0;1;3.0;2.0;1988.0;5.0;1.0;0.0;;;0;;;1.0;7.0;0.0;2.0;3.0;1.0;1.0;;10;2;2019;06:50;2.0;37;37208;2;2.0;3.0;3.0;GRANDMONT (RUE DE);47,3655745;0,7153736;4;GRANDMONT (RUE DE);0.0;;2.0;4;2.0;1.0;0;0;2.0;;;2.0;9.0;1.0;50.0;Indre-et-Loire;24;Centre-Val de Loire
201900004369;138Â 298Â 276;A01;1.0;1;1.0;1.0;1981.0;5.0;1.0;0.0;;;0;;;1.0;7.0;0.0;2.0;1.0;1.0;1.0;;10;2;2019;06:50;2.0;37;37208;2;2.0;3.0;3.0;GRANDMONT (RUE DE);47,3655745;0,7153736;4;GRANDMONT (RUE DE);0.0;;2.0;4;2.0;1.0;0;0;2.0;;;2.0;9.0;1.0;50.0;Indre-et-Loire;24;Centre-Val de Loire
201900004370;138Â 298Â 273;B01;1.0;1;2.0;1.0;1973.0;5.0;2.0;4.0;;;0;;;2.0;1.0;0.0;2.0;1.0;2.0;5.0;;9;2;2019;12:40;1.0;37;37261;2;2.0;1.0;3.0;ROYER (BD JEAN);47,3802100;0,6893300;4;ROYER (BD JEAN);0.0;;2.0;2;2.0;1.0;0;0;1.0;;;1.0;5.0;1.0;50.0;Indre-et-Loire;24;Centre-Val de Loire
201900004370;138Â 298Â 274;A01;1.0;1;1.0;1.0;1967.0;5.0;1.0;8.0;;;0;;;2.0;7.0;0.0;2.0;7.0;16.0;1.0;;9;2;2019;12:40;1.0;37;37261;2;2.0;1.0;3.0;ROYER (BD JEAN);47,3802100;0,6893300;4;ROYER (BD JEAN);0.0;;2.0;2;2.0;1.0;0;0;1.0;;;1.0;5.0;1.0;50.0;Indre-et-Loire;24;Centre-Val de Loire
201900004371;138Â 298Â 272;A01;10.0;3;2.0;2.0;1946.0;3.0;8.0;0.0;;3.0;3;1.0;;2.0;7.0;0.0;1.0;4.0;4.0;1.0;;9;2;2019;10:50;1.0;37;37233;2;1.0;1.0;6.0;RABATERIE (RUE DE LA);47,3918600;0,7224000;4;RABATERIE (RUE DE LA);0.0;;2.0;2;0.0;1.0;0;0;1.0;;;1.0;0.0;1.0;50.0;Indre-et-Loire;24;Centre-Val de Loire
201900004371;138Â 298Â 272;A01;1.0;1;1.0;1.0;1965.0;4.0;1.0;8.0;;;0;;;2.0;7.0;0.0;1.0;4.0;4.0;1.0;;9;2;2019;10:50;1.0;37;37233;2;1.0;1.0;6.0;RABATERIE (RUE DE LA);47,3918600;0,7224000;4;RABATERIE (RUE DE LA);0.0;;2.0;2;0.0;1.0;0;0;1.0;;;1.0;0.0;1.0;50.0;Indre-et-Loire;24;Centre-Val de Loire
201900004372;138Â 298Â 270;B01;1.0;1;2.0;2.0;1994.0;0.0;8.0;0.0;;;0;;;2.0;1.0;0.0;2.0;4.0;9.0;5.0;;7;2;2019;11:45;1.0;37;37261;2;2.0;1.0;3.0;ROTONDE (ROND-POINT DE LA);47,3813751;0,7064478;4;ROTONDE (ROND-POINT DE LA);0.0;;1.0;4;0.0;1.0;0;0;1.0;;;1.0;0.0;1.0;50.0;Indre-et-Loire;24;Centre-Val de Loire
201900004372;138Â 298Â 271;A01;1.0;1;1.0;2.0;1955.0;5.0;1.0;8.0;;;0;;;1.0;7.0;0.0;9.0;2.0;9.0;0.0;;7;2;2019;11:45;1.0;37;37261;2;2.0;1.0;3.0;ROTONDE (ROND-POINT DE LA);47,3813751;0,7064478;4;ROTONDE (ROND-POINT DE LA);0.0;;1.0;4;0.0;1.0;0;0;1.0;;;1.0;0.0;1.0;50.0;Indre-et-Loire;24;Centre-Val de Loire
201900004373;138Â 298Â 268;A01;1.0;1;1.0;2.0;1982.0;0.0;1.0;8.0;;;0;;;2.0;7.0;0.0;2.0;1.0;1.0;1.0;;8;2;2019;16:02;1.0;37;37233;2;1.0;1.0;2.0;POMPIDOU (AVENUE GEORGES);47,3900819;0,7072608;4;POMPIDOU (AVENUE GEORGES);0.0;;2.0;4;0.0;1.0;0;0;1.0;;;1.0;0.0;1.0;50.0;Indre-et-Loire;24;Centre-Val de Loire
201900004373;138Â 298Â 269;B01;4.0;2;1.0;1.0;2009.0;5.0;1.0;0.0;;;0;;;2.0;7.0;0.0;2.0;4.0;23.0;1.0;;8;2;2019;16:02;1.0;37;37233;2;1.0;1.0;2.0;POMPIDOU (AVENUE GEORGES);47,3900819;0,7072608;4;POMPIDOU (AVENUE GEORGES);0.0;;2.0;4;0.0;1.0;0;0;1.0;;;1.0;0.0;1.0;50.0;Indre-et-Loire;24;Centre-Val de Loire
201900004373;138Â 298Â 269;B01;1.0;1;1.0;1.0;1975.0;5.0;1.0;0.0;;;0;;;2.0;7.0;0.0;2.0;4.0;23.0;1.0;;8;2;2019;16:02;1.0;37;37233;2;1.0;1.0;2.0;POMPIDOU (AVENUE GEORGES);47,3900819;0,7072608;4;POMPIDOU (AVENUE GEORGES);0.0;;2.0;4;0.0;1.0;0;0;1.0;;;1.0;0.0;1.0;50.0;Indre-et-Loire;24;Centre-Val de Loire
201900004373;138Â 298Â 269;B01;2.0;2;1.0;2.0;1980.0;5.0;1.0;0.0;;;0;;;2.0;7.0;0.0;2.0;4.0;23.0;1.0;;8;2;2019;16:02;1.0;37;37233;2;1.0;1.0;2.0;POMPIDOU (AVENUE GEORGES);47,3900819;0,7072608;4;POMPIDOU (AVENUE GEORGES);0.0;;2.0;4;0.0;1.0;0;0;1.0;;;1.0;0.0;1.0;50.0;Indre-et-Loire;24;Centre-Val de Loire
201900004373;138Â 298Â 269;B01;3.0;2;2.0;1.0;2012.0;5.0;1.0;0.0;;;0;;;2.0;7.0;0.0;2.0;4.0;23.0;1.0;;8;2;2019;16:02;1.0;37;37233;2;1.0;1.0;2.0;POMPIDOU (AVENUE GEORGES);47,3900819;0,7072608;4;POMPIDOU (AVENUE GEORGES);0.0;;2.0;4;0.0;1.0;0;0;1.0;;;1.0;0.0;1.0;50.0;Indre-et-Loire;24;Centre-Val de Loire
201900004374;138Â 298Â 266;B01;1.0;1;2.0;2.0;1946.0;5.0;1.0;0.0;;;0;;;3.0;7.0;0.0;2.0;3.0;1.0;0.0;;7;2;2019;15:17;1.0;37;37195;1;2.0;1.0;3.0;DE GAULLE (RUE CHARLES);47,3907745;0,6575075;4;DE GAULLE (RUE CHARLES);0.0;;2.0;2;0.0;1.0;0;0;1.0;;;1.0;5.0;1.0;30.0;Indre-et-Loire;24;Centre-Val de Loire
201900004374;138Â 298Â 267;A01;1.0;1;1.0;1.0;1975.0;4.0;1.0;8.0;;;0;;;3.0;10.0;0.0;2.0;1.0;1.0;1.0;;7;2;2019;15:17;1.0;37;37195;1;2.0;1.0;3.0;DE GAULLE (RUE CHARLES);47,3907745;0,6575075;4;DE GAULLE (RUE CHARLES);0.0;;2.0;2;0.0;1.0;0;0;1.0;;;1.0;5.0;1.0;30.0;Indre-et-Loire;24;Centre-Val de Loire
201900004375;138Â 298Â 265;A01;10.0;3;2.0;2.0;1969.0;0.0;8.0;0.0;;4.0;3;1.0;;2.0;7.0;0.0;1.0;1.0;16.0;1.0;;7;2;2019;10:17;1.0;37;37261;2;1.0;1.0;6.0;ROYER (BD JEAN);47,3817126;0,6816711;4;ROYER (BD JEAN);0.0;;2.0;2;0.0;1.0;0;0;1.0;;;1.0;5.0;1.0;50.0;Indre-et-Loire;24;Centre-Val de Loire
201900004375;138Â 298Â 265;A01;1.0;1;1.0;2.0;1956.0;5.0;1.0;8.0;;;0;;;2.0;7.0;0.0;1.0;1.0;16.0;1.0;;7;2;2019;10:17;1.0;37;37261;2;1.0;1.0;6.0;ROYER (BD JEAN);47,3817126;0,6816711;4;ROYER (BD JEAN);0.0;;2.0;2;0.0;1.0;0;0;1.0;;;1.0;5.0;1.0;50.0;Indre-et-Loire;24;Centre-Val de Loire
201900004376;138Â 298Â 262;A01;1.0;1;2.0;2.0;1995.0;9.0;1.0;8.0;;;0;;;3.0;7.0;0.0;2.0;1.0;1.0;1.0;;7;2;2019;09:11;1.0;37;37261;1;1.0;1.0;4.0;SAVONNIERES (ROUTE DE);47,3676399;0,6484330;4;SAVONNIERES (ROUTE DE);0.0;;2.0;2;0.0;1.0;0;0;1.0;;;1.0;0.0;1.0;50.0;Indre-et-Loire;24;Centre-Val de Loire
201900004376;138Â 298Â 263;C01;1.0;1;1.0;2.0;1986.0;0.0;1.0;8.0;;;0;;;3.0;7.0;0.0;2.0;4.0;1.0;1.0;;7;2;2019;09:11;1.0;37;37261;1;1.0;1.0;4.0;SAVONNIERES (ROUTE DE);47,3676399;0,6484330;4;SAVONNIERES (ROUTE DE);0.0;;2.0;2;0.0;1.0;0;0;1.0;;;1.0;0.0;1.0;50.0;Indre-et-Loire;24;Centre-Val de Loire
201900004376;138Â 298Â 264;B01;1.0;1;1.0;1.0;1988.0;4.0;1.0;8.0;;;0;;;3.0;7.0;0.0;2.0;1.0;1.0;0.0;;7;2;2019;09:11;1.0;37;37261;1;1.0;1.0;4.0;SAVONNIERES (ROUTE DE);47,3676399;0,6484330;4;SAVONNIERES (ROUTE DE);0.0;;2.0;2;0.0;1.0;0;0;1.0;;;1.0;0.0;1.0;50.0;Indre-et-Loire;24;Centre-Val de Loire
201900004377;138Â 298Â 260;A01;1.0;1;1.0;1.0;1971.0;0.0;1.0;8.0;;;0;;;2.0;7.0;0.0;2.0;5.0;1.0;1.0;;7;2;2019;17:00;1.0;37;37233;2;2.0;1.0;3.0;BEAUFILS (RUE MAURICE);47,3921516;0,7298634;4;BEAUFILS (RUE MAURICE);0.0;;1.0;1;0.0;1.0;0;0;1.0;;;1.0;0.0;1.0;50.0;Indre-et-Loire;24;Centre-Val de Loire
201900004377;138Â 298Â 260;A01;3.0;2;2.0;1.0;2010.0;0.0;1.0;8.0;;;0;;;2.0;7.0;0.0;2.0;5.0;1.0;1.0;;7;2;2019;17:00;1.0;37;37233;2;2.0;1.0;3.0;BEAUFILS (RUE MAURICE);47,3921516;0,7298634;4;BEAUFILS (RUE MAURICE);0.0;;1.0;1;0.0;1.0;0;0;1.0;;;1.0;0.0;1.0;50.0;Indre-et-Loire;24;Centre-Val de Loire
201900004377;138Â 298Â 261;B01;1.0;1;1.0;1.0;2000.0;0.0;1.0;8.0;;;0;;;1.0;7.0;0.0;2.0;1.0;1.0;1.0;;7;2;2019;17:00;1.0;37;37233;2;2.0;1.0;3.0;BEAUFILS (RUE MAURICE);47,3921516;0,7298634;4;BEAUFILS (RUE MAURICE);0.0;;1.0;1;0.0;1.0;0;0;1.0;;;1.0;0.0;1.0;50.0;Indre-et-Loire;24;Centre-Val de Loire
201900004378;138Â 298Â 258;B01;1.0;1;2.0;1.0;1987.0;1.0;1.0;8.0;;;0;;;3.0;7.0;0.0;2.0;1.0;1.0;1.0;;7;2;2019;07:53;1.0;37;37122;2;2.0;1.0;3.0;CHINON (BOULEVARD DE);47,3545561;0,6954066;4;CHINON (BOULEVARD DE);0.0;;2.0;4;0.0;1.0;0;0;1.0;;;1.0;0.0;1.0;50.0;Indre-et-Loire;24;Centre-Val de Loire
201900004378;138Â 298Â 259;A01;1.0;1;1.0;1.0;1999.0;1.0;1.0;8.0;;;0;;;3.0;7.0;0.0;2.0;2.0;15.0;1.0;;7;2;2019;07:53;1.0;37;37122;2;2.0;1.0;3.0;CHINON (BOULEVARD DE);47,3545561;0,6954066;4;CHINON (BOULEVARD DE);0.0;;2.0;4;0.0;1.0;0;0;1.0;;;1.0;0.0;1.0;50.0;Indre-et-Loire;24;Centre-Val de Loire
201900004379;138Â 298Â 256;B01;1.0;1;2.0;2.0;1996.0;2.0;1.0;8.0;;;0;;;3.0;7.0;0.0;2.0;1.0;0.0;1.0;;7;2;2019;07:55;2.0;37;37261;2;2.0;8.0;1.0;MONTJOYEUX (AVENUE);47,3608645;0,7033455;4;;0.0;;2.0;2;0.0;2.0;(1);(1);1.0;;;2.0;5.0;2.0;50.0;Indre-et-Loire;24;Centre-Val de Loire
201900004379;138Â 298Â 257;A01;1.0;1;2.0;2.0;1999.0;2.0;8.0;8.0;;;0;;;3.0;7.0;0.0;2.0;1.0;15.0;1.0;;7;2;2019;07:55;2.0;37;37261;2;2.0;8.0;1.0;MONTJOYEUX (AVENUE);47,3608645;0,7033455;4;;0.0;;2.0;2;0.0;2.0;(1);(1);1.0;;;2.0;5.0;2.0;50.0;Indre-et-Loire;24;Centre-Val de Loire
201900004380;138Â 298Â 255;Z01;10.0;3;2.0;2.0;2002.0;5.0;8.0;0.0;;3.0;3;1.0;;3.0;7.0;0.0;1.0;1.0;26.0;1.0;;9;2;2019;18:40;3.0;35;35278;2;6.0;2.0;6.0;CHESNAIS BEAUREGARD (RUE DU);48,1370830; -1,6900060;4;CHESNAIS BEAUREGARD (RUE DU);0.0;;3.0;4;0.0;1.0;0;0;1.0;;;2.0;6.0;1.0;50.0;Ille-et-Vilaine;53;Bretagne
201900004380;138Â 298Â 255;Z01;1.0;1;1.0;1.0;1992.0;5.0;1.0;0.0;;0.0;0;;;3.0;7.0;0.0;1.0;1.0;26.0;1.0;;9;2;2019;18:40;3.0;35;35278;2;6.0;2.0;6.0;CHESNAIS BEAUREGARD (RUE DU);48,1370830; -1,6900060;4;CHESNAIS BEAUREGARD (RUE DU);0.0;;3.0;4;0.0;1.0;0;0;1.0;;;2.0;6.0;1.0;50.0;Ille-et-Vilaine;53;Bretagne
201900004381;138Â 298Â 253;A01;10.0;3;2.0;2.0;1989.0;5.0;8.0;0.0;;3.0;3;1.0;;0.0;7.0;0.0;1.0;1.0;9.0;1.0;;8;2;2019;19:30;4.0;35;35278;2;6.0;3.0;6.0;ROBIQUETTE (ROND POINT DE LA);48,1350100; -1,6936100;4;ROBIQUETTE (ROND POINT DE LA);0.0;;1.0;2;0.0;1.0;0;0;1.0;;;2.0;0.0;1.0;50.0;Ille-et-Vilaine;53;Bretagne
201900004381;138Â 298Â 253;A01;1.0;1;1.0;2.0;1982.0;1.0;1.0;0.0;;;0;;;0.0;7.0;0.0;1.0;1.0;9.0;1.0;;8;2;2019;19:30;4.0;35;35278;2;6.0;3.0;6.0;ROBIQUETTE (ROND POINT DE LA);48,1350100; -1,6936100;4;ROBIQUETTE (ROND POINT DE LA);0.0;;1.0;2;0.0;1.0;0;0;1.0;;;2.0;0.0;1.0;50.0;Ille-et-Vilaine;53;Bretagne
201900004381;138Â 298Â 254;B01;1.0;1;1.0;1.0;1978.0;3.0;1.0;0.0;;;0;;;0.0;7.0;0.0;2.0;1.0;2.0;1.0;;8;2;2019;19:30;4.0;35;35278;2;6.0;3.0;6.0;ROBIQUETTE (ROND POINT DE LA);48,1350100; -1,6936100;4;ROBIQUETTE (ROND POINT DE LA);0.0;;1.0;2;0.0;1.0;0;0;1.0;;;2.0;0.0;1.0;50.0;Ille-et-Vilaine;53;Bretagne
201900004382;138Â 298Â 251;B01;2.0;1;2.0;2.0;1999.0;9.0;8.0;0.0;;;0;;;1.0;1.0;0.0;2.0;7.0;19.0;5.0;;8;2;2019;18:10;2.0;35;35051;2;6.0;3.0;3.0;BRAY (ROND-POINT DE);48,1080300; -1,6162800;4;BRAY (ROND-POINT DE);0.0;;1.0;2;0.0;1.0;0;0;1.0;;;2.0;0.0;1.0;50.0;Ille-et-Vilaine;53;Bretagne
201900004382;138Â 298Â 252;A01;1.0;1;1.0;2.0;1972.0;5.0;1.0;0.0;;;0;;;3.0;7.0;0.0;2.0;1.0;23.0;1.0;;8;2;2019;18:10;2.0;35;35051;2;6.0;3.0;3.0;BRAY (ROND-POINT DE);48,1080300; -1,6162800;4;BRAY (ROND-POINT DE);0.0;;1.0;2;0.0;1.0;0;0;1.0;;;2.0;0.0;1.0;50.0;Ille-et-Vilaine;53;Bretagne
201900004383;138Â 298Â 249;A01;1.0;1;1.0;2.0;1990.0;1.0;1.0;0.0;;;0;;;3.0;7.0;0.0;2.0;2.0;15.0;1.0;;8;2;2019;13:00;1.0;35;35238;2;2.0;9.0;3.0;CHURCHILL (AVENUE SIR WINSTON);48,1230000; -1,7089000;4;CHURCHILL (AVENUE SIR WINSTON);0.0;;2.0;2;2.0;1.0;0;0;1.0;;;2.0;0.0;1.0;50.0;Ille-et-Vilaine;53;Bretagne