Num_Acc;id_vehicule;num_veh;place;catu;grav;sexe;an_nais;trajet;secu1;secu2;secu3;locp;actp;etatp;id_usager;senc;catv;obs;obsm;choc;manv;motor;occutc;jour;mois;an;hrmn;lum;dep;com;agg;int;atm;col;adr;lat;long;catr;voie;v1;v2;circ;nbv;vosp;prof;pr;pr1;plan;lartpc;larrout;surf;infra;situ;vma;nom_departement;reg;nom_region
201900004383;138Â 298Â 250;B01;1.0;1;2.0;1.0;1996.0;2.0;2.0;6.0;;;0;;;3.0;34.0;0.0;2.0;8.0;1.0;1.0;;8;2;2019;13:00;1.0;35;35238;2;2.0;9.0;3.0;CHURCHILL (AVENUE SIR WINSTON);48,1230000; -1,7089000;4;CHURCHILL (AVENUE SIR WINSTON);0.0;;2.0;2;2.0;1.0;0;0;1.0;;;2.0;0.0;1.0;50.0;Ille-et-Vilaine;53;Bretagne
201900004384;138Â 298Â 247;B01;1.0;1;1.0;1.0;1965.0;4.0;1.0;0.0;;;0;;;1.0;15.0;0.0;2.0;4.0;2.0;1.0;;6;2;2019;14:25;1.0;35;35238;2;1.0;1.0;2.0;ROCADE 6-7;48,0860580; -1,6380470;2;136;0.0;;3.0;4;0.0;1.0;6;200;1.0;;;1.0;0.0;1.0;90.0;Ille-et-Vilaine;53;Bretagne
201900004384;138Â 298Â 248;A01;1.0;1;2.0;2.0;1984.0;0.0;1.0;0.0;;;0;;;1.0;7.0;0.0;2.0;1.0;2.0;1.0;;6;2;2019;14:25;1.0;35;35238;2;1.0;1.0;2.0;ROCADE 6-7;48,0860580; -1,6380470;2;136;0.0;;3.0;4;0.0;1.0;6;200;1.0;;;1.0;0.0;1.0;90.0;Ille-et-Vilaine;53;Bretagne
201900004385;138Â 298Â 245;B01;2.0;2;2.0;1.0;1955.0;9.0;8.0;0.0;;;0;;;2.0;7.0;0.0;0.0;0.0;0.0;1.0;;8;2;2019;08:35;1.0;35;35353;2;1.0;1.0;3.0;LORIENT (DE);48,1049770; -1,7415190;2;24;0.0;;3.0;4;0.0;1.0;3;350;1.0;;;1.0;0.0;1.0;50.0;Ille-et-Vilaine;53;Bretagne
201900004385;138Â 298Â 245;B01;4.0;2;2.0;2.0;1947.0;9.0;1.0;0.0;;;0;;;2.0;7.0;0.0;0.0;0.0;0.0;1.0;;8;2;2019;08:35;1.0;35;35353;2;1.0;1.0;3.0;LORIENT (DE);48,1049770; -1,7415190;2;24;0.0;;3.0;4;0.0;1.0;3;350;1.0;;;1.0;0.0;1.0;50.0;Ille-et-Vilaine;53;Bretagne
201900004385;138Â 298Â 245;B01;1.0;1;1.0;2.0;1975.0;4.0;8.0;0.0;;;0;;;2.0;7.0;0.0;0.0;0.0;0.0;1.0;;8;2;2019;08:35;1.0;35;35353;2;1.0;1.0;3.0;LORIENT (DE);48,1049770; -1,7415190;2;24;0.0;;3.0;4;0.0;1.0;3;350;1.0;;;1.0;0.0;1.0;50.0;Ille-et-Vilaine;53;Bretagne
201900004385;138Â 298Â 245;B01;3.0;2;2.0;1.0;1939.0;0.0;1.0;0.0;;;0;;;2.0;7.0;0.0;0.0;0.0;0.0;1.0;;8;2;2019;08:35;1.0;35;35353;2;1.0;1.0;3.0;LORIENT (DE);48,1049770; -1,7415190;2;24;0.0;;3.0;4;0.0;1.0;3;350;1.0;;;1.0;0.0;1.0;50.0;Ille-et-Vilaine;53;Bretagne
201900004385;138Â 298Â 246;A01;1.0;1;1.0;1.0;1990.0;4.0;8.0;0.0;;;0;;;1.0;10.0;0.0;2.0;1.0;15.0;1.0;;8;2;2019;08:35;1.0;35;35353;2;1.0;1.0;3.0;LORIENT (DE);48,1049770; -1,7415190;2;24;0.0;;3.0;4;0.0;1.0;3;350;1.0;;;1.0;0.0;1.0;50.0;Ille-et-Vilaine;53;Bretagne
201900004386;138Â 298Â 243;A01;1.0;1;2.0;1.0;1997.0;2.0;2.0;8.0;;; -1;;;1.0;1.0;0.0;2.0;6.0;1.0;5.0;;7;2;2019;17:10;1.0;35;35051;2;1.0;1.0;2.0;TOURAUDAIS (AVENUE DE LA);48,1155300; -1,6332000;3;197;0.0;;2.0;3;0.0;1.0;2;105;1.0;;;1.0;0.0;1.0;50.0;Ille-et-Vilaine;53;Bretagne
201900004386;138Â 298Â 244;B01;1.0;1;1.0;1.0;1967.0;1.0;1.0;0.0;;; -1;;;1.0;7.0;0.0;2.0;1.0;2.0;1.0;;7;2;2019;17:10;1.0;35;35051;2;1.0;1.0;2.0;TOURAUDAIS (AVENUE DE LA);48,1155300; -1,6332000;3;197;0.0;;2.0;3;0.0;1.0;2;105;1.0;;;1.0;0.0;1.0;50.0;Ille-et-Vilaine;53;Bretagne
201900004387;138Â 298Â 241;B01;1.0;1;1.0;1.0;1976.0;4.0;1.0;8.0;;;0;;;1.0;10.0;0.0;2.0;4.0;1.0;1.0;;7;2;2019;09:30;1.0;35;35238;1;1.0;1.0;2.0;PORTE DE CLEUNAY;48,1003360; -1,7146090;2;136;0.0;;3.0;4;0.0;1.0;13;400;3.0;;;2.0;3.0;1.0;90.0;Ille-et-Vilaine;53;Bretagne
201900004387;138Â 298Â 242;A01;1.0;1;2.0;1.0;1989.0;1.0;2.0;6.0;;;0;;;1.0;31.0;0.0;2.0;1.0;1.0;1.0;;7;2;2019;09:30;1.0;35;35238;1;1.0;1.0;2.0;PORTE DE CLEUNAY;48,1003360; -1,7146090;2;136;0.0;;3.0;4;0.0;1.0;13;400;3.0;;;2.0;3.0;1.0;90.0;Ille-et-Vilaine;53;Bretagne
201900004388;138Â 298Â 239;B01;1.0;1;3.0;2.0;1983.0;1.0;2.0;0.0;;;0;;;1.0;1.0;0.0;2.0;1.0;26.0;5.0;;6;2;2019;09:35;1.0;35;35238;2;5.0;8.0;1.0;ROOSEVELT (BD FRANKLIN);48,0973200; -1,6578600;4;ROOSEVELT (BD FRANKLIN);0.0;;2.0;0;2.0;1.0;0;0;1.0;;;2.0;0.0;1.0;50.0;Ille-et-Vilaine;53;Bretagne
201900004388;138Â 298Â 240;A01;1.0;1;1.0;2.0;1933.0;9.0;1.0;0.0;;;0;;;3.0;7.0;0.0;2.0;2.0;15.0;1.0;;6;2;2019;09:35;1.0;35;35238;2;5.0;8.0;1.0;ROOSEVELT (BD FRANKLIN);48,0973200; -1,6578600;4;ROOSEVELT (BD FRANKLIN);0.0;;2.0;0;2.0;1.0;0;0;1.0;;;2.0;0.0;1.0;50.0;Ille-et-Vilaine;53;Bretagne
201900004389;138Â 298Â 238;A01;1.0;1;2.0;1.0;1971.0;5.0;2.0;8.0;;;0;;;3.0;34.0;16.0;0.0;1.0;13.0;1.0;;10;2;2019;20:50;5.0;34;34172;2;9.0;1.0;7.0;ALIZES (CARREFOUR DES);43,5953300;3,8777400;4;ALIZES (CARREFOUR DES);0.0;;1.0;2;0.0;2.0;(1);(1);3.0;;;1.0;0.0;1.0;50.0;Hérault;76;Occitanie
201900004389;138Â 298Â 238;A01;2.0;2;2.0;1.0;1968.0;5.0;2.0;8.0;;;0;;;3.0;34.0;16.0;0.0;1.0;13.0;1.0;;10;2;2019;20:50;5.0;34;34172;2;9.0;1.0;7.0;ALIZES (CARREFOUR DES);43,5953300;3,8777400;4;ALIZES (CARREFOUR DES);0.0;;1.0;2;0.0;2.0;(1);(1);3.0;;;1.0;0.0;1.0;50.0;Hérault;76;Occitanie
201900004390;138Â 298Â 236;B01;1.0;1;2.0;1.0;1978.0;5.0;2.0;0.0;;;0;;;3.0;2.0;0.0;2.0;1.0;1.0;1.0;;9;2;2019;23:10;5.0;34;34172;2;7.0;1.0;3.0;8 MAI 1945 (PLACE DU);43,6011100;3,8678300;4;8 MAI 1945 (PLACE DU);0.0;;1.0;3;0.0;1.0;(1);(1);1.0;;;1.0;0.0;1.0;50.0;Hérault;76;Occitanie
201900004390;138Â 298Â 237;A01;1.0;1;1.0;2.0;1997.0;5.0;1.0;0.0;;;0;;;3.0;7.0;0.0;2.0;8.0;1.0;1.0;;9;2;2019;23:10;5.0;34;34172;2;7.0;1.0;3.0;8 MAI 1945 (PLACE DU);43,6011100;3,8678300;4;8 MAI 1945 (PLACE DU);0.0;;1.0;3;0.0;1.0;(1);(1);1.0;;;1.0;0.0;1.0;50.0;Hérault;76;Occitanie
201900004391;138Â 298Â 234;B01;1.0;1;2.0;1.0;2000.0;5.0;2.0;8.0;;;0;;;2.0;2.0;0.0;2.0;5.0;1.0;1.0;;8;2;2019;20:20;3.0;34;34129;1;1.0;1.0;3.0;PALAVAS D986 (ROUTE DE);43,5757400;3,8973100;3;986;0.0;;1.0;3;0.0;1.0;(1);(1);1.0;;;1.0;0.0;1.0;90.0;Hérault;76;Occitanie
201900004391;138Â 298Â 235;A01;1.0;1;1.0;1.0;1960.0;1.0;1.0;8.0;;;0;;;2.0;7.0;0.0;2.0;2.0;13.0;1.0;;8;2;2019;20:20;3.0;34;34129;1;1.0;1.0;3.0;PALAVAS D986 (ROUTE DE);43,5757400;3,8973100;3;986;0.0;;1.0;3;0.0;1.0;(1);(1);1.0;;;1.0;0.0;1.0;90.0;Hérault;76;Occitanie
201900004392;138Â 298Â 231;A01;1.0;1;1.0;1.0;1996.0;1.0;1.0;0.0;;;0;;;2.0;7.0;0.0;2.0;1.0;2.0;1.0;;8;2;2019;19:20;5.0;34;34172;2;1.0;1.0;6.0;BRINGUIER (AVENUE PAUL);43,6143600;3,8394700;4;BRINGUIER (AVENUE PAUL);0.0;;2.0;2;0.0;3.0;(1);(1);1.0;;;1.0;0.0;1.0;50.0;Hérault;76;Occitanie
201900004392;138Â 298Â 232;B01;2.0;2;2.0;2.0;1959.0;5.0;1.0;0.0;;;0;;;2.0;7.0;0.0;2.0;4.0;1.0;1.0;;8;2;2019;19:20;5.0;34;34172;2;1.0;1.0;6.0;BRINGUIER (AVENUE PAUL);43,6143600;3,8394700;4;BRINGUIER (AVENUE PAUL);0.0;;2.0;2;0.0;3.0;(1);(1);1.0;;;1.0;0.0;1.0;50.0;Hérault;76;Occitanie
201900004392;138Â 298Â 232;B01;1.0;1;2.0;1.0;1954.0;5.0;1.0;0.0;;;0;;;2.0;7.0;0.0;2.0;4.0;1.0;1.0;;8;2;2019;19:20;5.0;34;34172;2;1.0;1.0;6.0;BRINGUIER (AVENUE PAUL);43,6143600;3,8394700;4;BRINGUIER (AVENUE PAUL);0.0;;2.0;2;0.0;3.0;(1);(1);1.0;;;1.0;0.0;1.0;50.0;Hérault;76;Occitanie
201900004392;138Â 298Â 233;C01;1.0;1;1.0;1.0;1995.0;5.0;1.0;0.0;;;0;;;2.0;7.0;0.0;2.0;4.0;1.0;1.0;;8;2;2019;19:20;5.0;34;34172;2;1.0;1.0;6.0;BRINGUIER (AVENUE PAUL);43,6143600;3,8394700;4;BRINGUIER (AVENUE PAUL);0.0;;2.0;2;0.0;3.0;(1);(1);1.0;;;1.0;0.0;1.0;50.0;Hérault;76;Occitanie
201900004393;138Â 298Â 229;B01;1.0;1;2.0;1.0;1985.0;1.0;2.0;8.0;;;0;;;2.0;1.0;0.0;2.0;0.0;1.0;5.0;;7;2;2019;18:35;5.0;34;34172;2;3.0;1.0;3.0;GALERA (RUE DE LA);43,6395400;3,8394600;4;GALERA (RUE DE LA);0.0;;2.0;2;0.0;2.0;(1);(1);1.0;;;1.0;5.0;1.0;50.0;Hérault;76;Occitanie
201900004393;138Â 298Â 230;A01;1.0;1;1.0;1.0;1962.0;5.0;1.0;8.0;;;0;;;1.0;10.0;0.0;2.0;3.0;15.0;1.0;;7;2;2019;18:35;5.0;34;34172;2;3.0;1.0;3.0;GALERA (RUE DE LA);43,6395400;3,8394600;4;GALERA (RUE DE LA);0.0;;2.0;2;0.0;2.0;(1);(1);1.0;;;1.0;5.0;1.0;50.0;Hérault;76;Occitanie
201900004394;138Â 298Â 228;Z01;10.0;3;3.0;2.0;1935.0;3.0;8.0;0.0;;3.0;3;1.0;;1.0;7.0;0.0;1.0;8.0;1.0;1.0;;8;2;2019;15:25;1.0;34;34032;2;1.0;1.0;6.0;MENDES FRANCE PIERRE (AV);43,3417300;3,2436900;4;MENDES FRANCE PIERRE (AV);0.0;;2.0;2;0.0;4.0;(1);(1);1.0;;;1.0;0.0;1.0;50.0;Hérault;76;Occitanie
201900004394;138Â 298Â 228;Z01;1.0;1;1.0;1.0;1942.0;3.0;8.0;8.0;;0.0;0;;;1.0;7.0;0.0;1.0;8.0;1.0;1.0;;8;2;2019;15:25;1.0;34;34032;2;1.0;1.0;6.0;MENDES FRANCE PIERRE (AV);43,3417300;3,2436900;4;MENDES FRANCE PIERRE (AV);0.0;;2.0;2;0.0;4.0;(1);(1);1.0;;;1.0;0.0;1.0;50.0;Hérault;76;Occitanie
201900004395;138Â 298Â 227;A01;1.0;1;3.0;1.0;1983.0;0.0;2.0;6.0;;; -1;;;1.0;31.0;4.0;0.0;1.0;1.0;1.0;;8;2;2019;02:30;3.0;33;33039;2;1.0;1.0;6.0;ex A631 vers Bordeaux;44,8199700; -0,5388600;4;ex A 631;0.0;;3.0;4;0.0;1.0;(1);(1);4.0;;;1.0;8.0;1.0;50.0;Gironde;75;Nouvelle-Aquitaine
201900004396;138Â 298Â 225;B01;1.0;1;2.0;1.0;1971.0;5.0;2.0;6.0;;; -1;;;1.0;33.0;0.0;0.0;4.0;23.0;1.0;;8;2;2019;01:10;5.0;33;33063;2;3.0;1.0;2.0;BD DES FRERES MOGA -2 vÃ©hicules direction BÃ¨gles;44,8267400; -0,5477180;4;BD DES FRERES MOGA;0.0;;3.0;4;0.0;1.0;0;0;1.0;;;1.0;0.0;1.0;50.0;Gironde;75;Nouvelle-Aquitaine
201900004396;138Â 298Â 226;A01;1.0;1;1.0;1.0;1984.0;5.0;8.0;0.0;;; -1;;;1.0;7.0;0.0;2.0;1.0;1.0;1.0;;8;2;2019;01:10;5.0;33;33063;2;3.0;1.0;2.0;BD DES FRERES MOGA -2 vÃ©hicules direction BÃ¨gles;44,8267400; -0,5477180;4;BD DES FRERES MOGA;0.0;;3.0;4;0.0;1.0;0;0;1.0;;;1.0;0.0;1.0;50.0;Gironde;75;Nouvelle-Aquitaine
201900004397;138Â 298Â 224;A01;10.0;3;3.0;2.0;1937.0;0.0;8.0;0.0;;1.0;3;1.0;;0.0;7.0;0.0;1.0;2.0;1.0;1.0;;3;2;2019;20:00;5.0;33;33063;2;1.0;1.0;6.0;BD GODARD;44,8614000; -0,5870500;4;BD GODARD;0.0;;3.0;6;2.0;1.0;0;0;3.0;;;1.0;0.0;1.0;50.0;Gironde;75;Nouvelle-Aquitaine
201900004397;138Â 298Â 224;A01;1.0;1;1.0;1.0;1986.0;5.0;8.0;0.0;;; -1;;;0.0;7.0;0.0;1.0;2.0;1.0;1.0;;3;2;2019;20:00;5.0;33;33063;2;1.0;1.0;6.0;BD GODARD;44,8614000; -0,5870500;4;BD GODARD;0.0;;3.0;6;2.0;1.0;0;0;3.0;;;1.0;0.0;1.0;50.0;Gironde;75;Nouvelle-Aquitaine
201900004398;138Â 298Â 223;A01;10.0;3;2.0;2.0;1957.0;1.0;8.0;0.0;;3.0;3;1.0;;2.0;10.0;0.0;1.0;1.0;9.0;1.0;;7;2;2019;16:10;1.0;32;32013;2;1.0;8.0;7.0;JEANNE D'ALBRET;43,6323100;0,5926000;4;JEANNE D'ALBRET;0.0;;2.0;2;0.0;2.0;0;0;3.0;;;2.0;0.0;1.0;50.0;Gers;76;Occitanie
201900004398;138Â 298Â 223;A01;1.0;1;1.0;2.0;1968.0;4.0;1.0;0.0;;;0;;;2.0;10.0;0.0;1.0;1.0;9.0;1.0;;7;2;2019;16:10;1.0;32;32013;2;1.0;8.0;7.0;JEANNE D'ALBRET;43,6323100;0,5926000;4;JEANNE D'ALBRET;0.0;;2.0;2;0.0;2.0;0;0;3.0;;;2.0;0.0;1.0;50.0;Gers;76;Occitanie
201900004399;138Â 298Â 220;A01;1.0;1;1.0;1.0;1999.0;5.0;2.0;8.0;;;0;;;2.0;1.0;0.0;2.0;1.0;9.0;5.0;;9;2;2019;19:05;3.0;31;31555;2;1.0;1.0;3.0;ALL CHARLES DE FITTE;43,6007200;1,4286100;4;ALL CHARLES DE FITTE;0.0;;2.0;4;0.0;1.0;0;0;1.0;;;1.0;0.0;1.0;50.0;Haute-Garonne;76;Occitanie
201900004399;138Â 298Â 221;B01;1.0;1;2.0;1.0;1988.0;1.0;2.0;6.0;;;0;;;2.0;32.0;0.0;2.0;1.0;1.0;1.0;;9;2;2019;19:05;3.0;31;31555;2;1.0;1.0;3.0;ALL CHARLES DE FITTE;43,6007200;1,4286100;4;ALL CHARLES DE FITTE;0.0;;2.0;4;0.0;1.0;0;0;1.0;;;1.0;0.0;1.0;50.0;Haute-Garonne;76;Occitanie
201900004400;138Â 298Â 218;B01;1.0;1;1.0;2.0;1991.0;9.0;1.0;8.0;;;0;;;2.0;7.0;0.0;2.0;1.0;1.0;1.0;;10;2;2019;17:20;1.0;31;31555;2;2.0;2.0;3.0;AV DE LA GLOIRE;43,6053100;1,4579200;4;AV DE LA GLOIRE;0.0;;2.0;2;0.0;2.0;0;0;1.0;;;2.0;0.0;1.0;50.0;Haute-Garonne;76;Occitanie
201900004400;138Â 298Â 219;A01;1.0;1;2.0;2.0;1976.0;5.0;8.0;8.0;;;0;;;2.0;1.0;0.0;2.0;1.0;1.0;5.0;;10;2;2019;17:20;1.0;31;31555;2;2.0;2.0;3.0;AV DE LA GLOIRE;43,6053100;1,4579200;4;AV DE LA GLOIRE;0.0;;2.0;2;0.0;2.0;0;0;1.0;;;2.0;0.0;1.0;50.0;Haute-Garonne;76;Occitanie
201900004401;138Â 298Â 215;A01;1.0;1;1.0;2.0;1996.0;5.0;1.0;0.0;;;0;;;0.0;7.0;0.0;2.0;7.0;16.0;1.0;;10;2;2019;05:55;5.0;31;31555;2;1.0;1.0;5.0;RTE D AGDE;43,6291200;1,4816100;3;112;0.0;;3.0;3;0.0;1.0;0;0;1.0;;;1.0;0.0;1.0;50.0;Haute-Garonne;76;Occitanie
201900004401;138Â 298Â 215;A01;2.0;2;1.0;1.0;1997.0;5.0;1.0;0.0;;;0;;;0.0;7.0;0.0;2.0;7.0;16.0;1.0;;10;2;2019;05:55;5.0;31;31555;2;1.0;1.0;5.0;RTE D AGDE;43,6291200;1,4816100;3;112;0.0;;3.0;3;0.0;1.0;0;0;1.0;;;1.0;0.0;1.0;50.0;Haute-Garonne;76;Occitanie
201900004401;138Â 298Â 216;C01;3.0;2;1.0;1.0;2000.0;0.0;1.0;0.0;;;0;;;0.0;7.0;0.0;2.0;3.0;1.0;0.0;;10;2;2019;05:55;5.0;31;31555;2;1.0;1.0;5.0;RTE D AGDE;43,6291200;1,4816100;3;112;0.0;;3.0;3;0.0;1.0;0;0;1.0;;;1.0;0.0;1.0;50.0;Haute-Garonne;76;Occitanie
201900004401;138Â 298Â 216;C01;1.0;1;1.0;2.0;1999.0;0.0;1.0;0.0;;;0;;;0.0;7.0;0.0;2.0;3.0;1.0;0.0;;10;2;2019;05:55;5.0;31;31555;2;1.0;1.0;5.0;RTE D AGDE;43,6291200;1,4816100;3;112;0.0;;3.0;3;0.0;1.0;0;0;1.0;;;1.0;0.0;1.0;50.0;Haute-Garonne;76;Occitanie
201900004401;138Â 298Â 216;C01;2.0;2;1.0;2.0;1999.0;0.0;1.0;0.0;;;0;;;0.0;7.0;0.0;2.0;3.0;1.0;0.0;;10;2;2019;05:55;5.0;31;31555;2;1.0;1.0;5.0;RTE D AGDE;43,6291200;1,4816100;3;112;0.0;;3.0;3;0.0;1.0;0;0;1.0;;;1.0;0.0;1.0;50.0;Haute-Garonne;76;Occitanie
201900004401;138Â 298Â 216;C01;4.0;2;2.0;2.0;1999.0;0.0;1.0;0.0;;;0;;;0.0;7.0;0.0;2.0;3.0;1.0;0.0;;10;2;2019;05:55;5.0;31;31555;2;1.0;1.0;5.0;RTE D AGDE;43,6291200;1,4816100;3;112;0.0;;3.0;3;0.0;1.0;0;0;1.0;;;1.0;0.0;1.0;50.0;Haute-Garonne;76;Occitanie
201900004401;138Â 298Â 217;B01;1.0;1;1.0;1.0;1997.0;9.0;1.0;0.0;;;0;;;0.0;7.0;0.0;2.0;1.0;1.0;1.0;;10;2;2019;05:55;5.0;31;31555;2;1.0;1.0;5.0;RTE D AGDE;43,6291200;1,4816100;3;112;0.0;;3.0;3;0.0;1.0;0;0;1.0;;;1.0;0.0;1.0;50.0;Haute-Garonne;76;Occitanie
201900004401;138Â 298Â 217;B01;2.0;2;1.0;1.0;1996.0;5.0;1.0;0.0;;;0;;;0.0;7.0;0.0;2.0;1.0;1.0;1.0;;10;2;2019;05:55;5.0;31;31555;2;1.0;1.0;5.0;RTE D AGDE;43,6291200;1,4816100;3;112;0.0;;3.0;3;0.0;1.0;0;0;1.0;;;1.0;0.0;1.0;50.0;Haute-Garonne;76;Occitanie
201900004401;138Â 298Â 217;B01;3.0;2;2.0;1.0;1997.0;5.0;1.0;0.0;;;0;;;0.0;7.0;0.0;2.0;1.0;1.0;1.0;;10;2;2019;05:55;5.0;31;31555;2;1.0;1.0;5.0;RTE D AGDE;43,6291200;1,4816100;3;112;0.0;;3.0;3;0.0;1.0;0;0;1.0;;;1.0;0.0;1.0;50.0;Haute-Garonne;76;Occitanie
201900004402;138Â 298Â 213;A01;1.0;1;1.0;1.0;1977.0;5.0;1.0;8.0;;;0;;;2.0;7.0;0.0;2.0;3.0;9.0;1.0;;8;2;2019;17:25;1.0;31;31149;2;3.0;1.0;3.0;HERBAUDIERE (ALLEE DE L');43,6185900;1,3036100;4;HERBAUDIERE (ALLEE DE L');0.0;;2.0;2;0.0;1.0;0;0;1.0;;;1.0;0.0;1.0;50.0;Haute-Garonne;76;Occitanie
201900004402;138Â 298Â 214;B01;1.0;1;2.0;1.0;1958.0;5.0;2.0;8.0;;;0;;;2.0;1.0;0.0;2.0;1.0;1.0;5.0;;8;2;2019;17:25;1.0;31;31149;2;3.0;1.0;3.0;HERBAUDIERE (ALLEE DE L');43,6185900;1,3036100;4;HERBAUDIERE (ALLEE DE L');0.0;;2.0;2;0.0;1.0;0;0;1.0;;;1.0;0.0;1.0;50.0;Haute-Garonne;76;Occitanie
201900004403;138Â 298Â 212;Z01;1.0;1;1.0;1.0;1989.0;5.0;1.0;0.0;;0.0;0;;;1.0;7.0;0.0;1.0;0.0;17.0;1.0;;8;2;2019;15:00;1.0;31;31555;2;1.0;1.0;6.0;RUE HENRI DESBALS;43,5793200;1,4113100;4;RUE HENRI DESBALS;0.0;;2.0;2;0.0;1.0;0;0;1.0;;;1.0;0.0;1.0;50.0;Haute-Garonne;76;Occitanie
201900004403;138Â 298Â 212;Z01;10.0;3;3.0;2.0;1944.0;5.0;8.0;0.0;;4.0;3;1.0;;1.0;7.0;0.0;1.0;0.0;17.0;1.0;;8;2;2019;15:00;1.0;31;31555;2;1.0;1.0;6.0;RUE HENRI DESBALS;43,5793200;1,4113100;4;RUE HENRI DESBALS;0.0;;2.0;2;0.0;1.0;0;0;1.0;;;1.0;0.0;1.0;50.0;Haute-Garonne;76;Occitanie
201900004404;138Â 298Â 210;B01;1.0;1;1.0;1.0;1981.0;9.0;1.0;8.0;;;0;;;1.0;7.0;0.0;2.0;3.0;23.0;1.0;;8;2;2019;08:01;1.0;31;31069;2;1.0;1.0;2.0;GRENADE (ROUTE DE);43,6560900;1,3775600;4;GRENADE (ROUTE DE);0.0;;2.0;2;0.0;1.0;0;0;1.0;;;1.0;0.0;1.0;50.0;Haute-Garonne;76;Occitanie
201900004404;138Â 298Â 211;A01;1.0;1;2.0;2.0;2001.0;9.0;2.0;7.0;;;0;;;1.0;2.0;0.0;2.0;1.0;2.0;1.0;;8;2;2019;08:01;1.0;31;31069;2;1.0;1.0;2.0;GRENADE (ROUTE DE);43,6560900;1,3775600;4;GRENADE (ROUTE DE);0.0;;2.0;2;0.0;1.0;0;0;1.0;;;1.0;0.0;1.0;50.0;Haute-Garonne;76;Occitanie
201900004405;138Â 298Â 208;A01;1.0;1;2.0;1.0;1991.0;1.0;2.0;8.0;;;0;;;2.0;33.0;0.0;2.0;1.0;1.0;1.0;;8;2;2019;07:55;2.0;31;31555;1;1.0;1.0;3.0;VA007331 A620;43,5690800;1,4221500;1;620;0.0;;3.0;4;0.0;1.0;11;300;1.0;;;1.0;0.0;1.0;90.0;Haute-Garonne;76;Occitanie
201900004406;138Â 298Â 206;A01;1.0;1;2.0;2.0;1988.0;4.0;1.0;0.0;;; -1;;;2.0;7.0;0.0;2.0;4.0;23.0;1.0;;17;5;2019;13:30;1.0;94;94017;1;1.0;1.0;2.0;A4;48,8280945;2,5033698;1;4;0.0;;3.0;5;0.0;1.0;9;199;1.0;;;1.0;1.0;1.0;90.0;Val-de-Marne;11;Île-de-France
201900004406;138Â 298Â 207;B01;1.0;1;1.0;1.0;1968.0;4.0;1.0;4.0;;;0;;;2.0;17.0;0.0;2.0;1.0;1.0;1.0;;17;5;2019;13:30;1.0;94;94017;1;1.0;1.0;2.0;A4;48,8280945;2,5033698;1;4;0.0;;3.0;5;0.0;1.0;9;199;1.0;;;1.0;1.0;1.0;90.0;Val-de-Marne;11;Île-de-France
201900004407;138Â 298Â 204;A01;1.0;1;3.0;1.0;1973.0;5.0;1.0;0.0;;;0;;;2.0;7.0;0.0;2.0;1.0;1.0;1.0;;16;5;2019;23:30;3.0;77;77058;1;1.0;1.0;6.0;A4;48,8304900;2,6982200;1;4;0.0;;3.0;4;0.0;1.0;23;799;1.0;;;1.0;0.0;1.0;110.0;Seine-et-Marne;11;Île-de-France
201900004407;138Â 298Â 205;B01;1.0;1;1.0;1.0;1968.0;4.0;1.0;0.0;;;0;;;2.0;17.0;0.0;2.0;6.0;1.0;1.0;;16;5;2019;23:30;3.0;77;77058;1;1.0;1.0;6.0;A4;48,8304900;2,6982200;1;4;0.0;;3.0;4;0.0;1.0;23;799;1.0;;;1.0;0.0;1.0;110.0;Seine-et-Marne;11;Île-de-France
201900004408;138Â 298Â 203;A01;1.0;1;2.0;1.0;1984.0;5.0;2.0;6.0;;;0;;;1.0;33.0;0.0;0.0;8.0;1.0;1.0;;16;5;2019;12:40;1.0;94;94028;1;1.0;1.0;7.0;RN406.Y;48,7575517;2,4719657;2;406;0.0;Y;1.0;2;0.0;1.0;0;500;1.0;;;1.0;2.0;1.0;70.0;Val-de-Marne;11;Île-de-France
201900004409;138Â 298Â 201;A01;1.0;1;2.0;1.0;1964.0;0.0;1.0;0.0;;;0;;;1.0;7.0;0.0;2.0;6.0;9.0;1.0;;15;5;2019;18:00;1.0;77;77122;1;1.0;1.0;2.0;RN104;48,6470200;2,5743800;2;104;0.0;;3.0;2;0.0;1.0;24;399;1.0;;;1.0;0.0;1.0;90.0;Seine-et-Marne;11;Île-de-France
201900004409;138Â 298Â 202;B01;1.0;1;1.0;1.0;1976.0;0.0;1.0;0.0;;;0;;;1.0;15.0;0.0;2.0;2.0;1.0;1.0;;15;5;2019;18:00;1.0;77;77122;1;1.0;1.0;2.0;RN104;48,6470200;2,5743800;2;104;0.0;;3.0;2;0.0;1.0;24;399;1.0;;;1.0;0.0;1.0;90.0;Seine-et-Marne;11;Île-de-France
201900004410;138Â 298Â 199;B01;1.0;1;2.0;1.0;1975.0;4.0;2.0;6.0;;;0;;;2.0;32.0;0.0;2.0;1.0;1.0;1.0;;15;5;2019;08:15;1.0;94;94074;1;1.0;1.0;6.0;RN406.W;48,7639600;2,4641400;2;406;0.0;W;3.0;2;0.0;1.0;3;0;1.0;;;1.0;0.0;1.0;90.0;Val-de-Marne;11;Île-de-France
201900004410;138Â 298Â 200;A01;1.0;1;1.0;1.0;1975.0;1.0;1.0;0.0;;; -1;;;2.0;7.0;0.0;0.0;1.0;1.0;1.0;;15;5;2019;08:15;1.0;94;94074;1;1.0;1.0;6.0;RN406.W;48,7639600;2,4641400;2;406;0.0;W;3.0;2;0.0;1.0;3;0;1.0;;;1.0;0.0;1.0;90.0;Val-de-Marne;11;Île-de-France