Num_Acc;id_vehicule;num_veh;place;catu;grav;sexe;an_nais;trajet;secu1;secu2;secu3;locp;actp;etatp;id_usager;senc;catv;obs;obsm;choc;manv;motor;occutc;jour;mois;an;hrmn;lum;dep;com;agg;int;atm;col;adr;lat;long;catr;voie;v1;v2;circ;nbv;vosp;prof;pr;pr1;plan;lartpc;larrout;surf;infra;situ;vma;nom_departement;reg;nom_region
201900004411;138Â 298Â 196;C01;1.0;1;1.0;1.0;1971.0;1.0;1.0;0.0;;; -1;;;2.0;7.0;0.0;2.0;4.0;1.0;1.0;;14;5;2019;18:40;1.0;93;93051;1;1.0;1.0;5.0;A4;48,8352000;2,5741000;1;4;0.0;;1.0;3;0.0;1.0;15;399;1.0;;;1.0;0.0;1.0;110.0;Seine-Saint-Denis;11;Île-de-France
201900004411;138Â 298Â 197;B01;1.0;1;1.0;1.0;1987.0;1.0;1.0;0.0;;; -1;;;2.0;7.0;0.0;2.0;7.0;12.0;1.0;;14;5;2019;18:40;1.0;93;93051;1;1.0;1.0;5.0;A4;48,8352000;2,5741000;1;4;0.0;;1.0;3;0.0;1.0;15;399;1.0;;;1.0;0.0;1.0;110.0;Seine-Saint-Denis;11;Île-de-France
201900004411;138Â 298Â 198;A01;1.0;1;2.0;1.0;1980.0;9.0;2.0;0.0;;; -1;;;2.0;33.0;0.0;2.0;1.0;3.0;1.0;;14;5;2019;18:40;1.0;93;93051;1;1.0;1.0;5.0;A4;48,8352000;2,5741000;1;4;0.0;;1.0;3;0.0;1.0;15;399;1.0;;;1.0;0.0;1.0;110.0;Seine-Saint-Denis;11;Île-de-France
201900004412;138Â 298Â 194;B01;1.0;1;1.0;1.0;1976.0;4.0;1.0;4.0;;;0;;;1.0;14.0;0.0;2.0;2.0;2.0;1.0;;14;5;2019;13:15;1.0;77;77438;1;1.0;1.0;2.0;A104;48,8644480;2,6688255;1;104;0.0;;3.0;4;0.0;1.0;24;900;1.0;;;1.0;0.0;1.0;90.0;Seine-et-Marne;11;Île-de-France
201900004412;138Â 298Â 195;A01;1.0;1;2.0;1.0;1988.0;1.0;2.0;6.0;;;0;;;1.0;33.0;0.0;2.0;3.0;9.0;1.0;;14;5;2019;13:15;1.0;77;77438;1;1.0;1.0;2.0;A104;48,8644480;2,6688255;1;104;0.0;;3.0;4;0.0;1.0;24;900;1.0;;;1.0;0.0;1.0;90.0;Seine-et-Marne;11;Île-de-France
201900004413;138Â 298Â 192;A01;1.0;1;2.0;2.0;1939.0;5.0;1.0;0.0;;;0;;;1.0;7.0;0.0;2.0;1.0;1.0;1.0;;13;5;2019;23:40;4.0;94;94033;1;1.0;1.0;2.0;A86.EXT;48,8488000;2,4917000;1;86;0.0;EXT;;3;0.0;1.0;30;700;3.0;;;1.0;1.0;1.0;90.0;Val-de-Marne;11;Île-de-France
201900004413;138Â 298Â 193;B01;1.0;1;1.0;1.0;1987.0;5.0;1.0;0.0;;;0;;;1.0;7.0;0.0;2.0;4.0;1.0;1.0;;13;5;2019;23:40;4.0;94;94033;1;1.0;1.0;2.0;A86.EXT;48,8488000;2,4917000;1;86;0.0;EXT;;3;0.0;1.0;30;700;3.0;;;1.0;1.0;1.0;90.0;Val-de-Marne;11;Île-de-France
201900004414;138Â 298Â 190;A01;1.0;1;1.0;1.0;1959.0;4.0;1.0;0.0;;;0;;;1.0;13.0;0.0;2.0;8.0;13.0;1.0;;13;5;2019;16:30;1.0;77;77372;1;1.0;1.0;2.0;A104;48,8851567;2,6676435;1;104;0.0;;3.0;6;0.0;1.0;22;299;1.0;;;1.0;0.0;1.0;90.0;Seine-et-Marne;11;Île-de-France
201900004414;138Â 298Â 191;B01;1.0;1;2.0;1.0;1972.0;0.0;1.0;4.0;;;0;;;1.0;7.0;4.0;2.0;7.0;1.0;1.0;;13;5;2019;16:30;1.0;77;77372;1;1.0;1.0;2.0;A104;48,8851567;2,6676435;1;104;0.0;;3.0;6;0.0;1.0;22;299;1.0;;;1.0;0.0;1.0;90.0;Seine-et-Marne;11;Île-de-France
201900004415;138Â 298Â 188;B01;1.0;1;2.0;1.0;1994.0;1.0;2.0;6.0;;;0;;;2.0;33.0;0.0;2.0;1.0;2.0;1.0;;13;5;2019;09:00;1.0;94;94069;1;1.0;1.0;2.0;A4;48,8175121;2,4327593;1;4;0.0;;3.0;6;0.0;2.0;3;900;1.0;;;1.0;0.0;1.0;90.0;Val-de-Marne;11;Île-de-France
201900004415;138Â 298Â 189;A01;1.0;1;1.0;1.0;1981.0;1.0;1.0;4.0;;;0;;;1.0;7.0;0.0;2.0;6.0;9.0;1.0;;13;5;2019;09:00;1.0;94;94069;1;1.0;1.0;2.0;A4;48,8175121;2,4327593;1;4;0.0;;3.0;6;0.0;2.0;3;900;1.0;;;1.0;0.0;1.0;90.0;Val-de-Marne;11;Île-de-France
201900004416;138Â 298Â 186;B01;1.0;1;2.0;1.0;1979.0;4.0;1.0;8.0;;; -1;;;1.0;7.0;0.0;2.0;6.0;1.0;1.0;;12;5;2019;02:55;5.0;94;94069;1;9.0;1.0;2.0;A4;48,8172000;2,4294000;1;4;0.0;;1.0;4;0.0;1.0;2;900;1.0;;;1.0;0.0;1.0;90.0;Val-de-Marne;11;Île-de-France
201900004416;138Â 298Â 187;A01;1.0;1;1.0;1.0;1985.0;0.0;1.0;8.0;;; -1;;;1.0;7.0;0.0;2.0;1.0;12.0;1.0;;12;5;2019;02:55;5.0;94;94069;1;9.0;1.0;2.0;A4;48,8172000;2,4294000;1;4;0.0;;1.0;4;0.0;1.0;2;900;1.0;;;1.0;0.0;1.0;90.0;Val-de-Marne;11;Île-de-France
201900004417;138Â 298Â 185;A01;10.0;3;4.0;1.0;1983.0;9.0;9.0;9.0;9.0;0.0;3;1.0;;1.0;7.0;0.0;1.0;3.0;1.0;1.0;;12;5;2019;00:30;3.0;77;77363;1;1.0;8.0;6.0;A104;48,9236000;2,6296000;1;104;0.0;;3.0;2;0.0;2.0;16;899;1.0;;;1.0;0.0;1.0;90.0;Seine-et-Marne;11;Île-de-France
201900004417;138Â 298Â 185;A01;1.0;1;1.0;1.0;1991.0;1.0;1.0;8.0;;;0;;;1.0;7.0;0.0;1.0;3.0;1.0;1.0;;12;5;2019;00:30;3.0;77;77363;1;1.0;8.0;6.0;A104;48,9236000;2,6296000;1;104;0.0;;3.0;2;0.0;2.0;16;899;1.0;;;1.0;0.0;1.0;90.0;Seine-et-Marne;11;Île-de-France
201900004418;138Â 298Â 184;A01;1.0;1;2.0;2.0;1984.0;1.0;1.0;0.0;;;0;;;2.0;7.0;3.0;0.0;2.0;2.0;1.0;;11;5;2019;07:00;1.0;77;77495;1;1.0;1.0;6.0;A5b;48,5859500;2,6369700;1;5;0.0;b;;2;0.0;1.0;7;800;1.0;;;2.0;0.0;1.0;110.0;Seine-et-Marne;11;Île-de-France
201900004419;138Â 298Â 181;A01;1.0;1;2.0;2.0;1997.0;5.0;1.0;0.0;;;0;;;1.0;7.0;0.0;2.0;4.0;2.0;1.0;;10;5;2019;16:30;1.0;77;77294;1;1.0;2.0;4.0;A104;48,9681200;2,6019200;1;104;0.0;;3.0;4;0.0;1.0;11;0;1.0;;;2.0;0.0;1.0;80.0;Seine-et-Marne;11;Île-de-France
201900004419;138Â 298Â 182;B01;1.0;1;2.0;2.0;1975.0;1.0;1.0;0.0;;;0;;;1.0;7.0;0.0;2.0;4.0;2.0;1.0;;10;5;2019;16:30;1.0;77;77294;1;1.0;2.0;4.0;A104;48,9681200;2,6019200;1;104;0.0;;3.0;4;0.0;1.0;11;0;1.0;;;2.0;0.0;1.0;80.0;Seine-et-Marne;11;Île-de-France
201900004419;138Â 298Â 183;C01;1.0;1;1.0;1.0;1995.0;4.0;1.0;0.0;;;0;;;2.0;7.0;0.0;2.0;1.0;2.0;1.0;;10;5;2019;16:30;1.0;77;77294;1;1.0;2.0;4.0;A104;48,9681200;2,6019200;1;104;0.0;;3.0;4;0.0;1.0;11;0;1.0;;;2.0;0.0;1.0;80.0;Seine-et-Marne;11;Île-de-France
201900004420;138Â 298Â 180;A01;1.0;1;2.0;1.0;1996.0;9.0;2.0;6.0;;;0;;;2.0;33.0;4.0;0.0;7.0;9.0;1.0;;10;5;2019;16:45;1.0;94;94042;1;1.0;1.0;7.0;A4;48,8302815;2,4925988;1;4;0.0;;3.0;2;0.0;1.0;4;0;3.0;;;1.0;0.0;1.0;50.0;Val-de-Marne;11;Île-de-France
201900004421;138Â 298Â 178;B01;1.0;1;2.0;1.0;1967.0;0.0;2.0;4.0;;;0;;;1.0;31.0;0.0;2.0;8.0;1.0;1.0;;10;5;2019;06:47;2.0;94;94017;1;1.0;1.0;3.0;A4;48,8292000;2,5000000;1;4;0.0;;;5;0.0;1.0;8;500;1.0;;;1.0;0.0;1.0;90.0;Val-de-Marne;11;Île-de-France
201900004421;138Â 298Â 179;A01;1.0;1;1.0;1.0;1982.0;1.0;1.0;4.0;;; -1;;;1.0;7.0;0.0;2.0;7.0;12.0;1.0;;10;5;2019;06:47;2.0;94;94017;1;1.0;1.0;3.0;A4;48,8292000;2,5000000;1;4;0.0;;;5;0.0;1.0;8;500;1.0;;;1.0;0.0;1.0;90.0;Val-de-Marne;11;Île-de-France
201900004422;138Â 298Â 175;C01;1.0;1;1.0;1.0;1978.0;1.0;1.0;0.0;;;0;;;1.0;7.0;0.0;2.0;5.0;1.0;1.0;;9;5;2019;16:50;1.0;77;77294;1;1.0;1.0;4.0;A104;48,9704850;2,5964860;1;104;0.0;;;2;0.0;1.0;10;500;1.0;;;1.0;0.0;1.0;90.0;Seine-et-Marne;11;Île-de-France
201900004422;138Â 298Â 176;B01;1.0;1;1.0;2.0;1994.0;5.0;1.0;0.0;;;0;;;1.0;7.0;0.0;2.0;7.0;12.0;1.0;;9;5;2019;16:50;1.0;77;77294;1;1.0;1.0;4.0;A104;48,9704850;2,5964860;1;104;0.0;;;2;0.0;1.0;10;500;1.0;;;1.0;0.0;1.0;90.0;Seine-et-Marne;11;Île-de-France
201900004422;138Â 298Â 177;A01;1.0;1;2.0;1.0;1977.0;0.0;2.0;0.0;;;0;;;1.0;33.0;0.0;2.0;1.0;3.0;1.0;;9;5;2019;16:50;1.0;77;77294;1;1.0;1.0;4.0;A104;48,9704850;2,5964860;1;104;0.0;;;2;0.0;1.0;10;500;1.0;;;1.0;0.0;1.0;90.0;Seine-et-Marne;11;Île-de-France
201900004423;138Â 298Â 173;B01;2.0;2;2.0;2.0;1995.0;5.0;1.0;0.0;;;0;;;1.0;7.0;0.0;2.0;6.0;2.0;1.0;;8;5;2019;14:45;1.0;77;77169;1;1.0;2.0;6.0;A4.Y;48,8314900;2,6025800;1;4;0.0;Y;3.0;2;0.0;1.0;16;799;1.0;;;2.0;0.0;1.0;90.0;Seine-et-Marne;11;Île-de-France
201900004423;138Â 298Â 173;B01;2.0;2;1.0;1.0;1996.0;5.0;1.0;0.0;;;0;;;1.0;7.0;0.0;2.0;6.0;2.0;1.0;;8;5;2019;14:45;1.0;77;77169;1;1.0;2.0;6.0;A4.Y;48,8314900;2,6025800;1;4;0.0;Y;3.0;2;0.0;1.0;16;799;1.0;;;2.0;0.0;1.0;90.0;Seine-et-Marne;11;Île-de-France
201900004423;138Â 298Â 173;B01;1.0;1;1.0;1.0;1972.0;5.0;1.0;0.0;;;0;;;1.0;7.0;0.0;2.0;6.0;2.0;1.0;;8;5;2019;14:45;1.0;77;77169;1;1.0;2.0;6.0;A4.Y;48,8314900;2,6025800;1;4;0.0;Y;3.0;2;0.0;1.0;16;799;1.0;;;2.0;0.0;1.0;90.0;Seine-et-Marne;11;Île-de-France
201900004423;138Â 298Â 174;A01;1.0;1;1.0;2.0;1992.0;5.0;1.0;0.0;;;0;;;1.0;7.0;0.0;2.0;2.0;2.0;1.0;;8;5;2019;14:45;1.0;77;77169;1;1.0;2.0;6.0;A4.Y;48,8314900;2,6025800;1;4;0.0;Y;3.0;2;0.0;1.0;16;799;1.0;;;2.0;0.0;1.0;90.0;Seine-et-Marne;11;Île-de-France
201900004424;138Â 298Â 170;C01;1.0;1;2.0;1.0;1977.0;4.0;1.0;0.0;;;0;;;2.0;7.0;0.0;2.0;8.0;1.0;1.0;;6;5;2019;18:50;1.0;77;77294;1;1.0;1.0;5.0;A104;48,9571270;2,6253085;1;104;0.0;;3.0;2;0.0;1.0;13;100;1.0;;;1.0;0.0;1.0;90.0;Seine-et-Marne;11;Île-de-France
201900004424;138Â 298Â 170;C01;2.0;2;2.0;1.0;2005.0;0.0;1.0;0.0;;;0;;;2.0;7.0;0.0;2.0;8.0;1.0;1.0;;6;5;2019;18:50;1.0;77;77294;1;1.0;1.0;5.0;A104;48,9571270;2,6253085;1;104;0.0;;3.0;2;0.0;1.0;13;100;1.0;;;1.0;0.0;1.0;90.0;Seine-et-Marne;11;Île-de-France
201900004424;138Â 298Â 171;B01;1.0;1;1.0;1.0;1990.0;4.0;1.0;0.0;;;0;;;2.0;10.0;0.0;2.0;5.0;23.0;1.0;;6;5;2019;18:50;1.0;77;77294;1;1.0;1.0;5.0;A104;48,9571270;2,6253085;1;104;0.0;;3.0;2;0.0;1.0;13;100;1.0;;;1.0;0.0;1.0;90.0;Seine-et-Marne;11;Île-de-France
201900004424;138Â 298Â 171;B01;2.0;2;1.0;1.0;1989.0;4.0;1.0;0.0;;;0;;;2.0;10.0;0.0;2.0;5.0;23.0;1.0;;6;5;2019;18:50;1.0;77;77294;1;1.0;1.0;5.0;A104;48,9571270;2,6253085;1;104;0.0;;3.0;2;0.0;1.0;13;100;1.0;;;1.0;0.0;1.0;90.0;Seine-et-Marne;11;Île-de-France
201900004424;138Â 298Â 172;A01;1.0;1;3.0;1.0;1991.0;0.0;8.0;0.0;;;0;;;2.0;10.0;0.0;2.0;3.0;21.0;1.0;;6;5;2019;18:50;1.0;77;77294;1;1.0;1.0;5.0;A104;48,9571270;2,6253085;1;104;0.0;;3.0;2;0.0;1.0;13;100;1.0;;;1.0;0.0;1.0;90.0;Seine-et-Marne;11;Île-de-France
201900004424;138Â 298Â 172;A01;2.0;2;2.0;1.0;1991.0;5.0;1.0;0.0;;;0;;;2.0;10.0;0.0;2.0;3.0;21.0;1.0;;6;5;2019;18:50;1.0;77;77294;1;1.0;1.0;5.0;A104;48,9571270;2,6253085;1;104;0.0;;3.0;2;0.0;1.0;13;100;1.0;;;1.0;0.0;1.0;90.0;Seine-et-Marne;11;Île-de-France
201900004425;138Â 298Â 168;B01;1.0;1;1.0;1.0;1975.0;4.0;1.0;0.0;;0.0;0;;;1.0;7.0;0.0;2.0;7.0;12.0;1.0;;6;5;2019;18:15;1.0;77;77294;1;1.0;1.0;3.0;A104;48,9745997;2,5871688;1;104;0.0;;3.0;3;0.0;1.0;9;800;1.0;;;1.0;0.0;1.0;90.0;Seine-et-Marne;11;Île-de-France
201900004425;138Â 298Â 169;A01;1.0;1;2.0;1.0;1989.0;5.0;2.0;6.0;;0.0;0;;;1.0;33.0;0.0;2.0;8.0;3.0;1.0;;6;5;2019;18:15;1.0;77;77294;1;1.0;1.0;3.0;A104;48,9745997;2,5871688;1;104;0.0;;3.0;3;0.0;1.0;9;800;1.0;;;1.0;0.0;1.0;90.0;Seine-et-Marne;11;Île-de-France
201900004426;138Â 298Â 167;A01;1.0;1;2.0;1.0;1982.0;1.0;1.0;4.0;;;0;;;2.0;7.0;6.0;0.0;8.0;1.0;1.0;;6;5;2019;05:30;5.0;94;94052;1;1.0;1.0;7.0;A86.EXT;48,8316896;2,4920167;1;86;0.0;EXT;1.0;2;0.0;1.0;32;299;2.0;;;3.0;1.0;1.0;90.0;Val-de-Marne;11;Île-de-France
201900004427;138Â 298Â 165;B01;1.0;1;1.0;1.0;1999.0;5.0;1.0;4.0;;;0;;;1.0;7.0;3.0;2.0;7.0;1.0;1.0;;5;5;2019;15:00;1.0;77;77258;1;1.0;1.0;6.0;A4.Y;48,8299400;2,6252200;1;4;0.0;Y;3.0;10;0.0;1.0;18;399;1.0;;;2.0;0.0;1.0;110.0;Seine-et-Marne;11;Île-de-France
201900004427;138Â 298Â 165;B01;3.0;2;2.0;1.0;1998.0;5.0;1.0;4.0;;;0;;;1.0;7.0;3.0;2.0;7.0;1.0;1.0;;5;5;2019;15:00;1.0;77;77258;1;1.0;1.0;6.0;A4.Y;48,8299400;2,6252200;1;4;0.0;Y;3.0;10;0.0;1.0;18;399;1.0;;;2.0;0.0;1.0;110.0;Seine-et-Marne;11;Île-de-France
201900004427;138Â 298Â 166;A01;1.0;1;1.0;2.0;1994.0;5.0;1.0;4.0;;;0;;;1.0;7.0;4.0;2.0;9.0;9.0;1.0;;5;5;2019;15:00;1.0;77;77258;1;1.0;1.0;6.0;A4.Y;48,8299400;2,6252200;1;4;0.0;Y;3.0;10;0.0;1.0;18;399;1.0;;;2.0;0.0;1.0;110.0;Seine-et-Marne;11;Île-de-France
201900004428;138Â 298Â 164;A01;1.0;1;2.0;1.0;1997.0;5.0;1.0;4.0;;;0;;;2.0;7.0;3.0;0.0;4.0;16.0;1.0;;4;5;2019;15:45;1.0;77;77258;1;1.0;1.0;6.0;A4.Y;48,8302444;2,6263648;1;4;0.0;Y;1.0;2;0.0;1.0;18;500;3.0;;;2.0;0.0;1.0;70.0;Seine-et-Marne;11;Île-de-France
201900004429;138Â 298Â 162;B01;1.0;1;2.0;2.0;1995.0;0.0;1.0;4.0;;; -1;;;2.0;7.0;0.0;0.0;4.0;26.0;1.0;;4;5;2019;12:45;1.0;93;93051;1;1.0;3.0;2.0;A4;48,8358495;2,5627505;1;4;0.0;;3.0;3;0.0;1.0;13;800;1.0;;;2.0;0.0;1.0;110.0;Seine-Saint-Denis;11;Île-de-France
201900004429;138Â 298Â 163;A01;1.0;1;1.0;2.0;1993.0;0.0;1.0;4.0;;; -1;;;2.0;7.0;0.0;2.0;1.0;26.0;1.0;;4;5;2019;12:45;1.0;93;93051;1;1.0;3.0;2.0;A4;48,8358495;2,5627505;1;4;0.0;;3.0;3;0.0;1.0;13;800;1.0;;;2.0;0.0;1.0;110.0;Seine-Saint-Denis;11;Île-de-France
201900004430;138Â 298Â 159;B01;1.0;1;1.0;1.0;1975.0;1.0;1.0;0.0;;;0;;;1.0;10.0;0.0;2.0;6.0;23.0;1.0;;3;5;2019;17:50;1.0;77;77146;1;1.0;1.0;2.0;A4.Y;48,8323674;2,6606484;1;4;0.0;Y;3.0;5;0.0;1.0;21;100;1.0;;;2.0;3.0;1.0;90.0;Seine-et-Marne;11;Île-de-France
201900004430;138Â 298Â 160;A01;1.0;1;3.0;1.0;2000.0;0.0;2.0;8.0;;;0;;;1.0;33.0;0.0;2.0;1.0;2.0;1.0;;3;5;2019;17:50;1.0;77;77146;1;1.0;1.0;2.0;A4.Y;48,8323674;2,6606484;1;4;0.0;Y;3.0;5;0.0;1.0;21;100;1.0;;;2.0;3.0;1.0;90.0;Seine-et-Marne;11;Île-de-France
201900004431;138Â 298Â 157;B01;1.0;1;1.0;1.0;1983.0;4.0;1.0;4.0;;0.0;0;;;2.0;10.0;0.0;2.0;5.0;14.0;1.0;;3;5;2019;07:50;1.0;75;75112;1;1.0;1.0;6.0;A86 EXT;48,8166930;2,4522820;1;86;0.0;;1.0;2;0.0;2.0;35;400;2.0;;;1.0;0.0;1.0;90.0;Paris;11;Île-de-France
201900004431;138Â 298Â 158;A01;1.0;1;2.0;1.0;1989.0;1.0;2.0;6.0;;0.0;0;;;2.0;31.0;0.0;2.0;3.0;3.0;1.0;;3;5;2019;07:50;1.0;75;75112;1;1.0;1.0;6.0;A86 EXT;48,8166930;2,4522820;1;86;0.0;;1.0;2;0.0;2.0;35;400;2.0;;;1.0;0.0;1.0;90.0;Paris;11;Île-de-France
201900004432;138Â 298Â 155;A01;1.0;1;3.0;1.0;1984.0;5.0;2.0;6.0;;0.0;0;;;2.0;33.0;0.0;2.0;8.0;3.0;1.0;;1;5;2019;17:30;1.0;75;75112;1;1.0;1.0;2.0;A4;48,8239985;2,4629812;1;4;0.0;;3.0;4;0.0;1.0;6;100;2.0;;;1.0;0.0;1.0;90.0;Paris;11;Île-de-France
201900004432;138Â 298Â 156;B01;1.0;1;1.0;1.0;1983.0;5.0;1.0;0.0;;0.0;0;;;2.0;7.0;0.0;2.0;6.0;1.0;1.0;;1;5;2019;17:30;1.0;75;75112;1;1.0;1.0;2.0;A4;48,8239985;2,4629812;1;4;0.0;;3.0;4;0.0;1.0;6;100;2.0;;;1.0;0.0;1.0;90.0;Paris;11;Île-de-France
201900004433;138Â 298Â 153;A01;1.0;1;2.0;1.0;1978.0;1.0;1.0;8.0;;;0;;;1.0;10.0;0.0;2.0;0.0;0.0;1.0;;29;4;2019;18:10;1.0;94;94069;1;1.0;1.0;6.0;A4;48,8175520;2,4345650;1;4;0.0;;;4;0.0;1.0;4;0;1.0;;;1.0;0.0;1.0;90.0;Val-de-Marne;11;Île-de-France
201900004433;138Â 298Â 154;B01;1.0;1;1.0;1.0;1987.0;1.0;1.0;8.0;;;0;;;1.0;10.0;0.0;2.0;0.0;0.0;1.0;;29;4;2019;18:10;1.0;94;94069;1;1.0;1.0;6.0;A4;48,8175520;2,4345650;1;4;0.0;;;4;0.0;1.0;4;0;1.0;;;1.0;0.0;1.0;90.0;Val-de-Marne;11;Île-de-France
201900004434;138Â 298Â 151;B01;1.0;1;2.0;2.0;1997.0;4.0;1.0;0.0;;;0;;;1.0;7.0;0.0;2.0;4.0;12.0;1.0;;29;4;2019;09:00;1.0;94;94042;1;1.0;1.0;6.0;A4;48,8207500;2,4751000;1;4;0.0;;3.0;2;0.0;1.0;7;300;1.0;;;1.0;0.0;1.0;90.0;Val-de-Marne;11;Île-de-France
201900004434;138Â 298Â 152;A01;1.0;1;1.0;2.0;1975.0;1.0;1.0;0.0;;; -1;;;1.0;7.0;0.0;2.0;1.0;12.0;1.0;;29;4;2019;09:00;1.0;94;94042;1;1.0;1.0;6.0;A4;48,8207500;2,4751000;1;4;0.0;;3.0;2;0.0;1.0;7;300;1.0;;;1.0;0.0;1.0;90.0;Val-de-Marne;11;Île-de-France
201900004435;138Â 298Â 146;A01;10.0;3;1.0;2.0;2010.0;0.0;8.0;0.0;;3.0;3;2.0;;3.0;7.0;0.0;1.0;1.0;1.0;1.0;;18;4;2019;17:06;1.0;91;91191;2;9.0;1.0;6.0;Jean Jaures (Avenue);48,7126000;2,4649000;4;Jean Jaures (Avenue);0.0;;;2;0.0;1.0;0;0;1.0;;;1.0;9.0;1.0;50.0;Essonne;11;Île-de-France
201900004435;138Â 298Â 146;A01;10.0;3;2.0;2.0;1976.0;0.0;8.0;0.0;;3.0;3;2.0;;3.0;7.0;0.0;1.0;1.0;1.0;1.0;;18;4;2019;17:06;1.0;91;91191;2;9.0;1.0;6.0;Jean Jaures (Avenue);48,7126000;2,4649000;4;Jean Jaures (Avenue);0.0;;;2;0.0;1.0;0;0;1.0;;;1.0;9.0;1.0;50.0;Essonne;11;Île-de-France
201900004435;138Â 298Â 146;A01;1.0;1;1.0;2.0;1992.0;9.0;1.0;0.0;;0.0;0;;;3.0;7.0;0.0;1.0;1.0;1.0;1.0;;18;4;2019;17:06;1.0;91;91191;2;9.0;1.0;6.0;Jean Jaures (Avenue);48,7126000;2,4649000;4;Jean Jaures (Avenue);0.0;;;2;0.0;1.0;0;0;1.0;;;1.0;9.0;1.0;50.0;Essonne;11;Île-de-France
201900004436;138Â 298Â 133;A01;1.0;1;3.0;1.0;1970.0;0.0;2.0;8.0;;; -1;;;1.0;33.0;0.0;0.0;0.0;0.0;1.0;;18;4;2019;10:15;1.0;71;71076;2;1.0;1.0;7.0;POTERNE (QUAI DE LA);46,7802800;4,8569660;4;POTERNE (QUAI DE LA);0.0;;2.0;2;0.0;1.0;0;0;1.0;;;1.0;0.0;1.0;50.0;Saône-et-Loire;27;Bourgogne-Franche-Comté
201900004437;138Â 298Â 131;A01;1.0;1;2.0;1.0;1963.0;0.0;2.0;6.0;;; -1;;;1.0;33.0;16.0;0.0;0.0;1.0;1.0;;19;4;2019;06:17;2.0;63;63113;2;1.0;1.0;7.0;LIBERATION (AVENUE DE LA);45,7575700;3,0809000;4;;0.0;;2.0;2;0.0;1.0;(1);(1);3.0;;;9.0;0.0;1.0;50.0;Puy-de-Dôme;84;Auvergne-Rhône-Alpes
201900004438;138Â 298Â 129;B01;1.0;1;2.0;1.0;1973.0;0.0;1.0;0.0;;;0;;;1.0;7.0;0.0;2.0;5.0;26.0;1.0;;18;4;2019;07:09;1.0;63;63113;2;6.0;1.0;3.0;av BrÃ©zet/ Elys Reclus;45,7790997;3,1469983;7;766;0.0;;2.0;2;0.0;1.0;3;350;2.0;;;1.0;0.0;1.0;50.0;Puy-de-Dôme;84;Auvergne-Rhône-Alpes
201900004438;138Â 298Â 130;A01;1.0;1;1.0;1.0;1941.0;0.0;1.0;0.0;;;0;;;1.0;7.0;0.0;2.0;1.0;26.0;1.0;;18;4;2019;07:09;1.0;63;63113;2;6.0;1.0;3.0;av BrÃ©zet/ Elys Reclus;45,7790997;3,1469983;7;766;0.0;;2.0;2;0.0;1.0;3;350;2.0;;;1.0;0.0;1.0;50.0;Puy-de-Dôme;84;Auvergne-Rhône-Alpes
201900004439;138Â 298Â 127;B01;1.0;1;3.0;1.0;1992.0;0.0;2.0;8.0;;0.0;0;;;1.0;33.0;0.0;2.0;1.0;17.0;1.0;;20;4;2019;14:20;1.0;62;62274;1;2.0;1.0;2.0;D 160;50,4330500;2,9991600;3;160;0.0;;4.0;3;0.0;1.0;0;0;1.0;;;1.0;0.0;1.0;80.0;Pas-de-Calais;32;Hauts-de-France
201900004439;138Â 298Â 128;A01;1.0;1;1.0;2.0;1993.0;5.0;1.0;0.0;;0.0;0;;;1.0;7.0;0.0;2.0;3.0;15.0;1.0;;20;4;2019;14:20;1.0;62;62274;1;2.0;1.0;2.0;D 160;50,4330500;2,9991600;3;160;0.0;;4.0;3;0.0;1.0;0;0;1.0;;;1.0;0.0;1.0;80.0;Pas-de-Calais;32;Hauts-de-France
201900004440;138Â 298Â 125;B01;1.0;1;3.0;1.0;1994.0;1.0;8.0;0.0;;0.0;0;;;1.0;1.0;0.0;2.0;8.0;15.0;5.0;;9;4;2019;21:35;5.0;62;62498;2;3.0;2.0;3.0;BERNANOS (R GEORGES);50,4303700;2,8135100;4;BERNANOS (R GEORGES);0.0;;2.0;;0.0;1.0;0;0;1.0;;;2.0;0.0;1.0;50.0;Pas-de-Calais;32;Hauts-de-France
201900004440;138Â 298Â 126;A01;1.0;1;1.0;1.0;1956.0;5.0;1.0;8.0;;0.0;0;;;1.0;7.0;0.0;2.0;1.0;1.0;1.0;;9;4;2019;21:35;5.0;62;62498;2;3.0;2.0;3.0;BERNANOS (R GEORGES);50,4303700;2,8135100;4;BERNANOS (R GEORGES);0.0;;2.0;;0.0;1.0;0;0;1.0;;;2.0;0.0;1.0;50.0;Pas-de-Calais;32;Hauts-de-France
201900004441;138Â 298Â 121;A01;1.0;1;1.0;2.0;1973.0;0.0;1.0;0.0;;;0;;;3.0;7.0;0.0;2.0;3.0;15.0;0.0;;25;4;2019;08:05;1.0;49;49007;2;2.0;1.0;6.0;VILLESICARD RUE ET SQUARE;47,4519100; -0,5369800;4;VILLESICARD RUE ET SQUARE;0.0;;2.0;2;0.0;1.0;0;0;1.0;;;1.0;0.0;1.0;30.0;Maine-et-Loire;52;Pays de la Loire
201900004441;138Â 298Â 122;B01;1.0;1;2.0;1.0;1997.0;0.0;1.0;0.0;;;0;;;1.0;7.0;0.0;2.0;1.0;1.0;0.0;;25;4;2019;08:05;1.0;49;49007;2;2.0;1.0;6.0;VILLESICARD RUE ET SQUARE;47,4519100; -0,5369800;4;VILLESICARD RUE ET SQUARE;0.0;;2.0;2;0.0;1.0;0;0;1.0;;;1.0;0.0;1.0;30.0;Maine-et-Loire;52;Pays de la Loire